year,month,day,flow_cfs,Source
1979,10,1,142.979061273412,Data_Ranger
1979,10,2,141.114568006261,Data_Ranger
1979,10,3,139.798331712567,Data_Ranger
1979,10,4,133.460268340066,Data_Ranger
1979,10,5,133.598740089368,Data_Ranger
1979,10,6,133.795457787168,Data_Ranger
1979,10,7,133.551446842068,Data_Ranger
1979,10,8,129.697442791749,Data_Ranger
1979,10,9,130.980101505695,Data_Ranger
1979,10,10,130.923620654684,Data_Ranger
1979,10,11,129.240579599708,Data_Ranger
1979,10,12,128.663174718563,Data_Ranger
1979,10,13,130.413590370889,Data_Ranger
1979,10,14,140.741710081886,Data_Ranger
1979,10,15,154.553472372135,Data_Ranger
1979,10,16,150.028790503683,Data_Ranger
1979,10,17,173.458931443855,Data_Ranger
1979,10,18,186.295827610451,Data_Ranger
1979,10,19,305.287811654408,Data_Ranger
1979,10,20,306.335338455597,Data_Ranger
1979,10,21,269.180811782862,Data_Ranger
1979,10,22,259.383633256232,Data_Ranger
1979,10,23,329.916742166201,Data_Ranger
1979,10,24,332.550738123486,Data_Ranger
1979,10,25,486.070882207888,Data_Ranger
1979,10,26,460.572498087315,Data_Ranger
1979,10,27,641.56059904129,Data_Ranger
1979,10,28,749.789807900561,Data_Ranger
1979,10,29,641.30367499656,Data_Ranger
1979,10,30,530.140980622566,Data_Ranger
1979,10,31,472.745046760628,Data_Ranger
1979,11,1,408.69251632363,Data_Ranger
1979,11,2,380.052797666464,Data_Ranger
1979,11,3,374.991119721337,Data_Ranger
1979,11,4,369.175349450044,Data_Ranger
1979,11,5,391.760378501408,Data_Ranger
1979,11,6,361.674002814826,Data_Ranger
1979,11,7,352.03996490066,Data_Ranger
1979,11,8,329.037832208089,Data_Ranger
1979,11,9,322.077148782026,Data_Ranger
1979,11,10,299.886099025186,Data_Ranger
1979,11,11,290.061546227327,Data_Ranger
1979,11,12,289.302947150483,Data_Ranger
1979,11,13,276.160678455937,Data_Ranger
1979,11,14,269.285336169215,Data_Ranger
1979,11,15,265.857671710083,Data_Ranger
1979,11,16,279.153723722898,Data_Ranger
1979,11,17,310.799793659292,Data_Ranger
1979,11,18,357.544552468528,Data_Ranger
1979,11,19,347.58834142347,Data_Ranger
1979,11,20,327.628838511181,Data_Ranger
1979,11,21,323.96892494092,Data_Ranger
1979,11,22,334.671344936227,Data_Ranger
1979,11,23,418.374526244133,Data_Ranger
1979,11,24,404.102940108779,Data_Ranger
1979,11,25,412.344293093632,Data_Ranger
1979,11,26,395.564197242363,Data_Ranger
1979,11,27,377.19879329158,Data_Ranger
1979,11,28,363.885574315343,Data_Ranger
1979,11,29,340.541743649503,Data_Ranger
1979,11,30,339.148005092685,Data_Ranger
1979,12,1,356.244376210273,Data_Ranger
1979,12,2,802.10746154438,Data_Ranger
1979,12,3,717.884348880845,Data_Ranger
1979,12,4,2143.49454842739,Data_Ranger
1979,12,5,2029.9054898152,Data_Ranger
1979,12,6,1739.87502427634,Data_Ranger
1979,12,7,1720.17392789121,Data_Ranger
1979,12,8,1429.24287856696,Data_Ranger
1979,12,9,1459.17819013115,Data_Ranger
1979,12,10,1758.09113831327,Data_Ranger
1979,12,11,1428.94426556971,Data_Ranger
1979,12,12,1206.90072791786,Data_Ranger
1979,12,13,1223.37388389816,Data_Ranger
1979,12,14,2629.82976464298,Data_Ranger
1979,12,15,5241.52981136316,Data_Ranger
1979,12,16,5044.65190706027,Data_Ranger
1979,12,17,4780.25989960678,Data_Ranger
1979,12,18,7466.0574162074,Data_Ranger
1979,12,19,5136.36800552074,Data_Ranger
1979,12,20,4354.12239240313,Data_Ranger
1979,12,21,3155.91049602871,Data_Ranger
1979,12,22,2400.23533857785,Data_Ranger
1979,12,23,1717.29095319352,Data_Ranger
1979,12,24,1436.15513556011,Data_Ranger
1979,12,25,1306.2401610409,Data_Ranger
1979,12,26,1117.42502192041,Data_Ranger
1979,12,27,1005.10885530367,Data_Ranger
1979,12,28,963.76357645245,Data_Ranger
1979,12,29,884.199538872645,Data_Ranger
1979,12,30,779.366870140707,Data_Ranger
1979,12,31,731.747306494729,Data_Ranger
1980,1,1,817.352428007984,Data_Ranger
1980,1,2,830.570405227958,Data_Ranger
1980,1,3,827.676830416904,Data_Ranger
1980,1,4,753.453631443664,Data_Ranger
1980,1,5,724.318307505092,Data_Ranger
1980,1,6,687.723021204728,Data_Ranger
1980,1,7,649.003661332025,Data_Ranger
1980,1,8,642.824097101879,Data_Ranger
1980,1,9,584.305431214637,Data_Ranger
1980,1,10,572.116792918882,Data_Ranger
1980,1,11,578.361720282748,Data_Ranger
1980,1,12,1613.07305461798,Data_Ranger
1980,1,13,1557.15496691688,Data_Ranger
1980,1,14,1353.03504258331,Data_Ranger
1980,1,15,1170.73400591153,Data_Ranger
1980,1,16,1196.38981683581,Data_Ranger
1980,1,17,1342.78996180419,Data_Ranger
1980,1,18,1092.17494445915,Data_Ranger
1980,1,19,957.982603439264,Data_Ranger
1980,1,20,842.536212595422,Data_Ranger
1980,1,21,771.8412719097,Data_Ranger
1980,1,22,716.021338684374,Data_Ranger
1980,1,23,691.173887679594,Data_Ranger
1980,1,24,691.681526100073,Data_Ranger
1980,1,25,676.717927195419,Data_Ranger
1980,1,26,615.918983345495,Data_Ranger
1980,1,27,546.578016616074,Data_Ranger
1980,1,28,548.115894939092,Data_Ranger
1980,1,29,511.798967405944,Data_Ranger
1980,1,30,518.133227316682,Data_Ranger
1980,1,31,507.009321353885,Data_Ranger
1980,2,1,576.043538932389,Data_Ranger
1980,2,2,873.125334884093,Data_Ranger
1980,2,3,1317.45896767002,Data_Ranger
1980,2,4,1184.18651108625,Data_Ranger
1980,2,5,1227.60560053133,Data_Ranger
1980,2,6,1367.82689139628,Data_Ranger
1980,2,7,1649.65297426547,Data_Ranger
1980,2,8,1362.09811854043,Data_Ranger
1980,2,9,1189.42963403823,Data_Ranger
1980,2,10,1027.67373725911,Data_Ranger
1980,2,11,941.34810482631,Data_Ranger
1980,2,12,875.669329518844,Data_Ranger
1980,2,13,771.024678681387,Data_Ranger
1980,2,14,694.395531163304,Data_Ranger
1980,2,15,649.508866707956,Data_Ranger
1980,2,16,639.645118748373,Data_Ranger
1980,2,17,628.445407519454,Data_Ranger
1980,2,18,791.218361451927,Data_Ranger
1980,2,19,969.316603084112,Data_Ranger
1980,2,20,992.288395338454,Data_Ranger
1980,2,21,916.971346612018,Data_Ranger
1980,2,22,817.885010575571,Data_Ranger
1980,2,23,737.727905373149,Data_Ranger
1980,2,24,713.294163147795,Data_Ranger
1980,2,25,717.590174597793,Data_Ranger
1980,2,26,1464.91685848409,Data_Ranger
1980,2,27,3227.44007479574,Data_Ranger
1980,2,28,3987.84013761275,Data_Ranger
1980,2,29,3124.89693367579,Data_Ranger
1980,3,1,2116.41973001162,Data_Ranger
1980,3,2,1661.20916133214,Data_Ranger
1980,3,3,1494.49882920557,Data_Ranger
1980,3,4,1632.33531515853,Data_Ranger
1980,3,5,1494.596047034,Data_Ranger
1980,3,6,1332.54454533745,Data_Ranger
1980,3,7,1179.64681095654,Data_Ranger
1980,3,8,1104.44751558409,Data_Ranger
1980,3,9,1055.43137923692,Data_Ranger
1980,3,10,1103.72254592207,Data_Ranger
1980,3,11,1312.20414551744,Data_Ranger
1980,3,12,1186.78148244714,Data_Ranger
1980,3,13,1103.38612964903,Data_Ranger
1980,3,14,1059.21369204184,Data_Ranger
1980,3,15,979.424510954109,Data_Ranger
1980,3,16,886.461759209192,Data_Ranger
1980,3,17,956.519542727175,Data_Ranger
1980,3,18,1067.90710941615,Data_Ranger
1980,3,19,1135.03725010278,Data_Ranger
1980,3,20,1221.7229698203,Data_Ranger
1980,3,21,1155.90205098261,Data_Ranger
1980,3,22,1064.95511753372,Data_Ranger
1980,3,23,1092.5855147401,Data_Ranger
1980,3,24,976.508170367065,Data_Ranger
1980,3,25,870.418304452972,Data_Ranger
1980,3,26,896.720939780851,Data_Ranger
1980,3,27,876.88368260023,Data_Ranger
1980,3,28,792.884607927491,Data_Ranger
1980,3,29,979.700731180844,Data_Ranger
1980,3,30,929.994090679586,Data_Ranger
1980,3,31,907.730845315032,Data_Ranger
1980,4,1,856.912428187523,Data_Ranger
1980,4,2,826.695466849451,Data_Ranger
1980,4,3,793.600696621609,Data_Ranger
1980,4,4,800.149004670649,Data_Ranger
1980,4,5,973.467182343174,Data_Ranger
1980,4,6,1087.07694081789,Data_Ranger
1980,4,7,1061.17444975923,Data_Ranger
1980,4,8,1022.36159768664,Data_Ranger
1980,4,9,1125.14374523574,Data_Ranger
1980,4,10,1286.27718732904,Data_Ranger
1980,4,11,1271.39053834596,Data_Ranger
1980,4,12,1356.40427250205,Data_Ranger
1980,4,13,1623.699988547,Data_Ranger
1980,4,14,2137.39087718983,Data_Ranger
1980,4,15,2597.33241109096,Data_Ranger
1980,4,16,2098.8018744372,Data_Ranger
1980,4,17,1964.27942369219,Data_Ranger
1980,4,18,1863.23768394474,Data_Ranger
1980,4,19,2343.23155968139,Data_Ranger
1980,4,20,2924.65621524592,Data_Ranger
1980,4,21,2681.84034291242,Data_Ranger
1980,4,22,2108.10865937375,Data_Ranger
1980,4,23,1905.67345517329,Data_Ranger
1980,4,24,1989.38898618485,Data_Ranger
1980,4,25,1785.27241644039,Data_Ranger
1980,4,26,1665.14422944295,Data_Ranger
1980,4,27,1894.41455179135,Data_Ranger
1980,4,28,2132.4833068347,Data_Ranger
1980,4,29,2021.81080407481,Data_Ranger
1980,4,30,1504.21232934746,Data_Ranger
1980,5,1,1399.15478738398,Data_Ranger
1980,5,2,1520.97801286397,Data_Ranger
1980,5,3,1377.12535078015,Data_Ranger
1980,5,4,1395.30859774123,Data_Ranger
1980,5,5,1460.68898256274,Data_Ranger
1980,5,6,1418.91275499433,Data_Ranger
1980,5,7,1162.01376122694,Data_Ranger
1980,5,8,1076.40544869269,Data_Ranger
1980,5,9,972.432400694492,Data_Ranger
1980,5,10,905.125163924358,Data_Ranger
1980,5,11,894.128790589913,Data_Ranger
1980,5,12,843.09789939427,Data_Ranger
1980,5,13,782.415940273621,Data_Ranger
1980,5,14,733.008564795195,Data_Ranger
1980,5,15,723.510707267209,Data_Ranger
1980,5,16,693.108837651208,Data_Ranger
1980,5,17,650.415266942659,Data_Ranger
1980,5,18,628.529038688298,Data_Ranger
1980,5,19,620.550099515355,Data_Ranger
1980,5,20,601.477909921189,Data_Ranger
1980,5,21,706.967816997651,Data_Ranger
1980,5,22,651.658323513912,Data_Ranger
1980,5,23,566.250782488411,Data_Ranger
1980,5,24,544.559588499718,Data_Ranger
1980,5,25,587.321992769403,Data_Ranger
1980,5,26,1104.3745265645,Data_Ranger
1980,5,27,1109.19453120193,Data_Ranger
1980,5,28,931.093773533095,Data_Ranger
1980,5,29,835.34960192539,Data_Ranger
1980,5,30,722.186670335407,Data_Ranger
1980,5,31,671.63907456427,Data_Ranger
1980,6,1,809.372168098159,Data_Ranger
1980,6,2,884.371267232377,Data_Ranger
1980,6,3,771.110291471009,Data_Ranger
1980,6,4,671.995477091603,Data_Ranger
1980,6,5,634.185901909231,Data_Ranger
1980,6,6,605.652932810585,Data_Ranger
1980,6,7,591.463820549692,Data_Ranger
1980,6,8,593.209808770913,Data_Ranger
1980,6,9,572.947267398995,Data_Ranger
1980,6,10,524.77638681364,Data_Ranger
1980,6,11,503.30849794995,Data_Ranger
1980,6,12,488.169280973657,Data_Ranger
1980,6,13,561.047875693837,Data_Ranger
1980,6,14,557.830516935722,Data_Ranger
1980,6,15,584.295581989537,Data_Ranger
1980,6,16,580.973110597601,Data_Ranger
1980,6,17,666.389763983443,Data_Ranger
1980,6,18,548.885047570698,Data_Ranger
1980,6,19,492.801918745646,Data_Ranger
1980,6,20,475.915069072115,Data_Ranger
1980,6,21,450.99667851202,Data_Ranger
1980,6,22,441.87269545642,Data_Ranger
1980,6,23,425.862527663157,Data_Ranger
1980,6,24,420.632926131269,Data_Ranger
1980,6,25,573.794525133326,Data_Ranger
1980,6,26,543.281459371175,Data_Ranger
1980,6,27,547.795022810305,Data_Ranger
1980,6,28,535.133518626871,Data_Ranger
1980,6,29,460.521507366458,Data_Ranger
1980,6,30,416.484380319029,Data_Ranger
1980,7,1,388.804203228277,Data_Ranger
1980,7,2,369.215695567373,Data_Ranger
1980,7,3,366.278774392179,Data_Ranger
1980,7,4,400.982115836545,Data_Ranger
1980,7,5,368.719067913777,Data_Ranger
1980,7,6,348.128755576968,Data_Ranger
1980,7,7,320.940200829802,Data_Ranger
1980,7,8,304.061139506095,Data_Ranger
1980,7,9,295.732600932139,Data_Ranger
1980,7,10,287.738537169882,Data_Ranger
1980,7,11,316.990685561706,Data_Ranger
1980,7,12,325.67118302389,Data_Ranger
1980,7,13,287.149597208085,Data_Ranger
1980,7,14,279.753659658329,Data_Ranger
1980,7,15,284.255021765273,Data_Ranger
1980,7,16,278.639986485873,Data_Ranger
1980,7,17,263.169969986008,Data_Ranger
1980,7,18,255.120977876355,Data_Ranger
1980,7,19,248.011976602914,Data_Ranger
1980,7,20,242.09061842225,Data_Ranger
1980,7,21,234.933163936401,Data_Ranger
1980,7,22,225.335900400943,Data_Ranger
1980,7,23,224.846179504915,Data_Ranger
1980,7,24,210.938709559979,Data_Ranger
1980,7,25,201.659632277799,Data_Ranger
1980,7,26,195.341724491615,Data_Ranger
1980,7,27,194.629652654996,Data_Ranger
1980,7,28,193.151528399081,Data_Ranger
1980,7,29,188.486052103916,Data_Ranger
1980,7,30,188.186610041276,Data_Ranger
1980,7,31,182.946199098901,Data_Ranger
1980,8,1,182.401546947718,Data_Ranger
1980,8,2,187.227985373004,Data_Ranger
1980,8,3,189.839533162982,Data_Ranger
1980,8,4,177.181285553355,Data_Ranger
1980,8,5,172.744074903029,Data_Ranger
1980,8,6,167.477985645452,Data_Ranger
1980,8,7,160.677644667057,Data_Ranger
1980,8,8,160.290159578984,Data_Ranger
1980,8,9,157.438649111134,Data_Ranger
1980,8,10,159.429536219134,Data_Ranger
1980,8,11,153.656603788075,Data_Ranger
1980,8,12,151.07293088709,Data_Ranger
1980,8,13,151.354991913367,Data_Ranger
1980,8,14,151.554717648922,Data_Ranger
1980,8,15,146.42065159125,Data_Ranger
1980,8,16,146.317389354574,Data_Ranger
1980,8,17,158.784998250011,Data_Ranger
1980,8,18,239.683481515211,Data_Ranger
1980,8,19,199.518146890019,Data_Ranger
1980,8,20,175.444325136781,Data_Ranger
1980,8,21,162.260642256376,Data_Ranger
1980,8,22,155.138925806873,Data_Ranger
1980,8,23,150.516558789904,Data_Ranger
1980,8,24,147.629285476183,Data_Ranger
1980,8,25,152.515360250293,Data_Ranger
1980,8,26,143.916829874096,Data_Ranger
1980,8,27,189.543488915227,Data_Ranger
1980,8,28,223.014046596074,Data_Ranger
1980,8,29,179.925247386038,Data_Ranger
1980,8,30,175.785919569087,Data_Ranger
1980,8,31,194.179143068793,Data_Ranger
1980,9,1,310.005937308257,Data_Ranger
1980,9,2,733.842639857037,Data_Ranger
1980,9,3,455.212131972132,Data_Ranger
1980,9,4,321.50732462765,Data_Ranger
1980,9,5,297.185180945524,Data_Ranger
1980,9,6,266.348841406207,Data_Ranger
1980,9,7,281.19909529953,Data_Ranger
1980,9,8,239.239468544389,Data_Ranger
1980,9,9,218.163268183399,Data_Ranger
1980,9,10,202.071263986325,Data_Ranger
1980,9,11,204.484641879471,Data_Ranger
1980,9,12,205.41088577774,Data_Ranger
1980,9,13,226.989050390442,Data_Ranger
1980,9,14,238.080772125144,Data_Ranger
1980,9,15,207.224504360308,Data_Ranger
1980,9,16,191.494353739386,Data_Ranger
1980,9,17,187.775069924291,Data_Ranger
1980,9,18,181.509456891029,Data_Ranger
1980,9,19,234.773176538732,Data_Ranger
1980,9,20,472.725254794128,Data_Ranger
1980,9,21,565.964889415919,Data_Ranger
1980,9,22,413.240286404267,Data_Ranger
1980,9,23,354.543457974074,Data_Ranger
1980,9,24,325.13137287988,Data_Ranger
1980,9,25,296.042158029898,Data_Ranger
1980,9,26,286.472208527024,Data_Ranger
1980,9,27,266.275851763394,Data_Ranger
1980,9,28,256.753816684384,Data_Ranger
1980,9,29,249.752903214785,Data_Ranger
1980,9,30,295.439456978116,Data_Ranger
1980,10,1,281.23363050334,Data_Ranger
1980,10,2,249.484999037541,Data_Ranger
1980,10,3,234.177420720881,Data_Ranger
1980,10,4,220.798292847145,Data_Ranger
1980,10,5,222.181640641148,Data_Ranger
1980,10,6,208.373068674888,Data_Ranger
1980,10,7,209.758348361789,Data_Ranger
1980,10,8,203.292295148616,Data_Ranger
1980,10,9,200.789548053812,Data_Ranger
1980,10,10,182.569526579493,Data_Ranger
1980,10,11,179.060439649599,Data_Ranger
1980,10,12,210.872126126616,Data_Ranger
1980,10,13,241.592246782597,Data_Ranger
1980,10,14,233.803179471083,Data_Ranger
1980,10,15,216.66099941287,Data_Ranger
1980,10,16,207.072002779659,Data_Ranger
1980,10,17,199.626482187344,Data_Ranger
1980,10,18,193.508185982964,Data_Ranger
1980,10,19,182.547522069489,Data_Ranger
1980,10,20,184.578838823702,Data_Ranger
1980,10,21,204.20745195115,Data_Ranger
1980,10,22,190.853835644934,Data_Ranger
1980,10,23,186.704509335057,Data_Ranger
1980,10,24,183.759844898277,Data_Ranger
1980,10,25,213.189507796319,Data_Ranger
1980,10,26,212.236303790627,Data_Ranger
1980,10,27,200.305258856618,Data_Ranger
1980,10,28,188.033295106574,Data_Ranger
1980,10,29,182.658279806039,Data_Ranger
1980,10,30,179.919488436305,Data_Ranger
1980,10,31,192.446215481702,Data_Ranger
1980,11,1,309.878722188629,Data_Ranger
1980,11,2,474.487667531948,Data_Ranger
1980,11,3,435.199082354771,Data_Ranger
1980,11,4,561.405084196358,Data_Ranger
1980,11,5,553.128679861235,Data_Ranger
1980,11,6,711.354668397032,Data_Ranger
1980,11,7,2303.58586105355,Data_Ranger
1980,11,8,3447.31224986543,Data_Ranger
1980,11,9,3432.24591179916,Data_Ranger
1980,11,10,2149.40617978105,Data_Ranger
1980,11,11,1609.58414486644,Data_Ranger
1980,11,12,1115.61676589166,Data_Ranger
1980,11,13,918.953084580932,Data_Ranger
1980,11,14,750.048650873586,Data_Ranger
1980,11,15,692.383609723727,Data_Ranger
1980,11,16,604.446374695939,Data_Ranger
1980,11,17,580.831196496201,Data_Ranger
1980,11,18,659.670671500064,Data_Ranger
1980,11,19,979.39721333585,Data_Ranger
1980,11,20,991.608548722248,Data_Ranger
1980,11,21,2351.94569362366,Data_Ranger
1980,11,22,2865.77956456033,Data_Ranger
1980,11,23,1582.60184011196,Data_Ranger
1980,11,24,1297.08898715555,Data_Ranger
1980,11,25,1072.01150187085,Data_Ranger
1980,11,26,972.100789488317,Data_Ranger
1980,11,27,1086.03062155695,Data_Ranger
1980,11,28,1372.89857423727,Data_Ranger
1980,11,29,1303.03028163906,Data_Ranger
1980,11,30,1263.62162570309,Data_Ranger
1980,12,1,1254.52601138939,Data_Ranger
1980,12,2,1355.70863374737,Data_Ranger
1980,12,3,1647.7468007931,Data_Ranger
1980,12,4,1368.90698720832,Data_Ranger
1980,12,5,1014.83850329321,Data_Ranger
1980,12,6,892.813311646602,Data_Ranger
1980,12,7,890.883649881232,Data_Ranger
1980,12,8,816.508919217442,Data_Ranger
1980,12,9,741.908491679381,Data_Ranger
1980,12,10,1120.56577051947,Data_Ranger
1980,12,11,1655.09004169176,Data_Ranger
1980,12,12,1802.1371385513,Data_Ranger
1980,12,13,1767.37182643409,Data_Ranger
1980,12,14,1865.93038371775,Data_Ranger
1980,12,15,3358.59577110918,Data_Ranger
1980,12,16,2946.2344119505,Data_Ranger
1980,12,17,2119.08713701468,Data_Ranger
1980,12,18,1697.65378566503,Data_Ranger
1980,12,19,1292.12941370992,Data_Ranger
1980,12,20,1245.29214430697,Data_Ranger
1980,12,21,1466.15668215702,Data_Ranger
1980,12,22,3915.27969195102,Data_Ranger
1980,12,23,4828.35247002331,Data_Ranger
1980,12,24,3402.46304463141,Data_Ranger
1980,12,25,7371.85904312699,Data_Ranger
1980,12,26,13679.4129090589,Data_Ranger
1980,12,27,11211.3150504153,Data_Ranger
1980,12,28,6191.66987555878,Data_Ranger
1980,12,29,3667.4330928553,Data_Ranger
1980,12,30,3209.59134956331,Data_Ranger
1980,12,31,2781.82533144935,Data_Ranger
1981,1,1,1992.36116990678,Data_Ranger
1981,1,2,1779.96686511078,Data_Ranger
1981,1,3,1465.71562871154,Data_Ranger
1981,1,4,1255.52479510095,Data_Ranger
1981,1,5,1148.21420274811,Data_Ranger
1981,1,6,1053.804766115,Data_Ranger
1981,1,7,942.00048266599,Data_Ranger
1981,1,8,863.401895761959,Data_Ranger
1981,1,9,800.549256971797,Data_Ranger
1981,1,10,763.910154566464,Data_Ranger
1981,1,11,742.774422972943,Data_Ranger
1981,1,12,716.206192906028,Data_Ranger
1981,1,13,707.487391735837,Data_Ranger
1981,1,14,666.148483375116,Data_Ranger
1981,1,15,629.326978999867,Data_Ranger
1981,1,16,628.200549483578,Data_Ranger
1981,1,17,614.818470242348,Data_Ranger
1981,1,18,613.073878488567,Data_Ranger
1981,1,19,616.676625118856,Data_Ranger
1981,1,20,603.530722515524,Data_Ranger
1981,1,21,613.966548028104,Data_Ranger
1981,1,22,636.419193318933,Data_Ranger
1981,1,23,652.00935466207,Data_Ranger
1981,1,24,701.112246999616,Data_Ranger
1981,1,25,657.465565486588,Data_Ranger
1981,1,26,671.652741173364,Data_Ranger
1981,1,27,666.956459682938,Data_Ranger
1981,1,28,634.871871089887,Data_Ranger
1981,1,29,666.28126591887,Data_Ranger
1981,1,30,637.689336742133,Data_Ranger
1981,1,31,593.704108210045,Data_Ranger
1981,2,1,589.910706295557,Data_Ranger
1981,2,2,567.784593446355,Data_Ranger
1981,2,3,527.099357276922,Data_Ranger
1981,2,4,538.211150061842,Data_Ranger
1981,2,5,500.516622272573,Data_Ranger
1981,2,6,479.222859456963,Data_Ranger
1981,2,7,447.10270169895,Data_Ranger
1981,2,8,432.097550416014,Data_Ranger
1981,2,9,430.824782687698,Data_Ranger
1981,2,10,408.692222929163,Data_Ranger
1981,2,11,499.918322661869,Data_Ranger
1981,2,12,2568.62903271342,Data_Ranger
1981,2,13,3229.33675781263,Data_Ranger
1981,2,14,3555.14993777232,Data_Ranger
1981,2,15,4058.95055539523,Data_Ranger
1981,2,16,6772.10783845215,Data_Ranger
1981,2,17,7653.41076021129,Data_Ranger
1981,2,18,6303.87088294537,Data_Ranger
1981,2,19,7337.20224098762,Data_Ranger
1981,2,20,5263.63274130523,Data_Ranger
1981,2,21,3144.2678918482,Data_Ranger
1981,2,22,2141.74037034633,Data_Ranger
1981,2,23,1763.42945553688,Data_Ranger
1981,2,24,1612.13270644915,Data_Ranger
1981,2,25,1559.19509129852,Data_Ranger
1981,2,26,1343.03809286526,Data_Ranger
1981,2,27,1206.77312446976,Data_Ranger
1981,2,28,1097.42881632558,Data_Ranger
1981,3,1,1013.66841646128,Data_Ranger
1981,3,2,920.38402709455,Data_Ranger
1981,3,3,969.344854983962,Data_Ranger
1981,3,4,893.983808299838,Data_Ranger
1981,3,5,806.08851685389,Data_Ranger
1981,3,6,751.371496328975,Data_Ranger
1981,3,7,768.839690090521,Data_Ranger
1981,3,8,733.8756485941,Data_Ranger
1981,3,9,685.841882418859,Data_Ranger
1981,3,10,681.527085681087,Data_Ranger
1981,3,11,662.702414681074,Data_Ranger
1981,3,12,671.914746218926,Data_Ranger
1981,3,13,655.80711609965,Data_Ranger
1981,3,14,648.568050871812,Data_Ranger
1981,3,15,648.884462760784,Data_Ranger
1981,3,16,685.220702839241,Data_Ranger
1981,3,17,666.020575738068,Data_Ranger
1981,3,18,681.149296432578,Data_Ranger
1981,3,19,700.426381103636,Data_Ranger
1981,3,20,637.611663427226,Data_Ranger
1981,3,21,593.681280702115,Data_Ranger
1981,3,22,619.465405651018,Data_Ranger
1981,3,23,631.556922066377,Data_Ranger
1981,3,24,636.978302954442,Data_Ranger
1981,3,25,675.863187638171,Data_Ranger
1981,3,26,693.322215289383,Data_Ranger
1981,3,27,675.124023723777,Data_Ranger
1981,3,28,673.355516362387,Data_Ranger
1981,3,29,729.371520585289,Data_Ranger
1981,3,30,761.587041647232,Data_Ranger
1981,3,31,981.804302198196,Data_Ranger
1981,4,1,954.420484329976,Data_Ranger
1981,4,2,868.079308998357,Data_Ranger
1981,4,3,892.203503784945,Data_Ranger
1981,4,4,846.175522523711,Data_Ranger
1981,4,5,932.964238019874,Data_Ranger
1981,4,6,949.406197255501,Data_Ranger
1981,4,7,878.240695191092,Data_Ranger
1981,4,8,1004.79848380683,Data_Ranger
1981,4,9,1144.46110465296,Data_Ranger
1981,4,10,1072.4179644385,Data_Ranger
1981,4,11,1005.43512077453,Data_Ranger
1981,4,12,965.716806290358,Data_Ranger
1981,4,13,868.936895489785,Data_Ranger
1981,4,14,847.978839321376,Data_Ranger
1981,4,15,925.235914451221,Data_Ranger
1981,4,16,1166.06821918064,Data_Ranger
1981,4,17,1234.30652959269,Data_Ranger
1981,4,18,1337.63066413242,Data_Ranger
1981,4,19,1458.58040043252,Data_Ranger
1981,4,20,1650.33202530212,Data_Ranger
1981,4,21,1738.56572972239,Data_Ranger
1981,4,22,2653.16017587841,Data_Ranger
1981,4,23,3120.67979817875,Data_Ranger
1981,4,24,3296.32517743366,Data_Ranger
1981,4,25,2414.1656554884,Data_Ranger
1981,4,26,1929.61922074234,Data_Ranger
1981,4,27,1653.40542276743,Data_Ranger
1981,4,28,2321.18776683258,Data_Ranger
1981,4,29,2272.68885642307,Data_Ranger
1981,4,30,2198.17642498796,Data_Ranger
1981,5,1,2068.43104937242,Data_Ranger
1981,5,2,1715.47817828033,Data_Ranger
1981,5,3,1475.69468315874,Data_Ranger
1981,5,4,1359.48738238877,Data_Ranger
1981,5,5,1139.88953995751,Data_Ranger
1981,5,6,1013.8908083063,Data_Ranger
1981,5,7,1031.9095005382,Data_Ranger
1981,5,8,1021.45770923758,Data_Ranger
1981,5,9,982.859454062627,Data_Ranger
1981,5,10,953.262232208064,Data_Ranger
1981,5,11,991.146172369556,Data_Ranger
1981,5,12,983.129305412763,Data_Ranger
1981,5,13,926.915810649231,Data_Ranger
1981,5,14,986.224025009177,Data_Ranger
1981,5,15,1077.38970483687,Data_Ranger
1981,5,16,942.890835606901,Data_Ranger
1981,5,17,865.067071341502,Data_Ranger
1981,5,18,958.522630038414,Data_Ranger
1981,5,19,1117.38726973298,Data_Ranger
1981,5,20,1093.89381790696,Data_Ranger
1981,5,21,1088.5871904925,Data_Ranger
1981,5,22,1051.91768794608,Data_Ranger
1981,5,23,968.477793494653,Data_Ranger
1981,5,24,1017.22981657716,Data_Ranger
1981,5,25,1211.65227139556,Data_Ranger
1981,5,26,1102.56742736559,Data_Ranger
1981,5,27,1003.43542263698,Data_Ranger
1981,5,28,892.840117766419,Data_Ranger
1981,5,29,840.254856838672,Data_Ranger
1981,5,30,786.132443450045,Data_Ranger
1981,5,31,730.203302973573,Data_Ranger
1981,6,1,674.770946286981,Data_Ranger
1981,6,2,633.931811187309,Data_Ranger
1981,6,3,660.429402622264,Data_Ranger
1981,6,4,789.972661316884,Data_Ranger
1981,6,5,814.043295906734,Data_Ranger
1981,6,6,1052.99537016559,Data_Ranger
1981,6,7,922.698065208608,Data_Ranger
1981,6,8,1551.39240222753,Data_Ranger
1981,6,9,2338.86014396281,Data_Ranger
1981,6,10,2072.38374712615,Data_Ranger
1981,6,11,1719.01254034871,Data_Ranger
1981,6,12,1407.31105359569,Data_Ranger
1981,6,13,1276.77944489698,Data_Ranger
1981,6,14,1172.29193545648,Data_Ranger
1981,6,15,1039.99629314782,Data_Ranger
1981,6,16,1032.36434351479,Data_Ranger
1981,6,17,1077.02468169405,Data_Ranger
1981,6,18,1109.60159897614,Data_Ranger
1981,6,19,1741.79602782783,Data_Ranger
1981,6,20,1735.9505727711,Data_Ranger
1981,6,21,1559.9769568857,Data_Ranger
1981,6,22,1657.03316691698,Data_Ranger
1981,6,23,1624.40082990599,Data_Ranger
1981,6,24,1328.89817550146,Data_Ranger
1981,6,25,1138.40462803383,Data_Ranger
1981,6,26,987.168931255484,Data_Ranger
1981,6,27,871.186858839632,Data_Ranger
1981,6,28,828.10139324316,Data_Ranger
1981,6,29,729.111901224656,Data_Ranger
1981,6,30,658.808991355674,Data_Ranger
1981,7,1,673.241155784663,Data_Ranger
1981,7,2,639.472516064209,Data_Ranger
1981,7,3,573.14790055443,Data_Ranger
1981,7,4,544.912233757212,Data_Ranger
1981,7,5,517.105090721719,Data_Ranger
1981,7,6,507.166910036823,Data_Ranger
1981,7,7,549.545274805567,Data_Ranger
1981,7,8,475.970148304719,Data_Ranger
1981,7,9,440.835391256795,Data_Ranger
1981,7,10,419.526662445858,Data_Ranger
1981,7,11,426.309331406832,Data_Ranger
1981,7,12,397.387922868305,Data_Ranger
1981,7,13,566.053058451017,Data_Ranger
1981,7,14,509.330773394761,Data_Ranger
1981,7,15,443.881622357417,Data_Ranger
1981,7,16,402.661421485451,Data_Ranger
1981,7,17,390.734856014546,Data_Ranger
1981,7,18,374.226533053761,Data_Ranger
1981,7,19,359.341790164331,Data_Ranger
1981,7,20,344.122666409768,Data_Ranger
1981,7,21,335.851415476111,Data_Ranger
1981,7,22,315.886315531488,Data_Ranger
1981,7,23,314.047415021971,Data_Ranger
1981,7,24,303.286498466922,Data_Ranger
1981,7,25,299.457634313888,Data_Ranger
1981,7,26,287.01975655573,Data_Ranger
1981,7,27,267.199961668522,Data_Ranger
1981,7,28,266.154897584074,Data_Ranger
1981,7,29,270.097178620148,Data_Ranger
1981,7,30,272.703436022838,Data_Ranger
1981,7,31,263.524233983613,Data_Ranger
1981,8,1,252.370174895762,Data_Ranger
1981,8,2,245.137545625075,Data_Ranger
1981,8,3,247.436214715625,Data_Ranger
1981,8,4,235.498867290979,Data_Ranger
1981,8,5,227.140874980326,Data_Ranger
1981,8,6,225.546018574142,Data_Ranger
1981,8,7,212.921439444678,Data_Ranger
1981,8,8,214.592880873403,Data_Ranger
1981,8,9,208.413391841326,Data_Ranger
1981,8,10,200.302142853402,Data_Ranger
1981,8,11,189.785868258509,Data_Ranger
1981,8,12,188.308426091289,Data_Ranger
1981,8,13,185.845680779369,Data_Ranger
1981,8,14,184.679398639434,Data_Ranger
1981,8,15,184.114385619085,Data_Ranger
1981,8,16,179.222226134298,Data_Ranger
1981,8,17,180.300015314877,Data_Ranger
1981,8,18,173.891736773359,Data_Ranger
1981,8,19,177.689106063151,Data_Ranger
1981,8,20,177.090620302837,Data_Ranger
1981,8,21,182.477821619071,Data_Ranger
1981,8,22,178.319235255438,Data_Ranger
1981,8,23,173.054079639317,Data_Ranger
1981,8,24,172.820034132005,Data_Ranger
1981,8,25,172.390066996759,Data_Ranger
1981,8,26,165.522375687128,Data_Ranger
1981,8,27,156.791564159505,Data_Ranger
1981,8,28,153.934411757914,Data_Ranger
1981,8,29,159.528926689851,Data_Ranger
1981,8,30,208.901130202599,Data_Ranger
1981,8,31,189.418830103448,Data_Ranger
1981,9,1,323.437854030625,Data_Ranger
1981,9,2,267.816632223087,Data_Ranger
1981,9,3,217.046127810315,Data_Ranger
1981,9,4,193.421420845245,Data_Ranger
1981,9,5,187.038412569283,Data_Ranger
1981,9,6,174.627882866274,Data_Ranger
1981,9,7,168.868978930589,Data_Ranger
1981,9,8,155.253092226541,Data_Ranger
1981,9,9,157.944607283207,Data_Ranger
1981,9,10,157.994475416352,Data_Ranger
1981,9,11,156.386511135934,Data_Ranger
1981,9,12,151.535358937092,Data_Ranger
1981,9,13,143.848154839104,Data_Ranger
1981,9,14,142.506989584218,Data_Ranger
1981,9,15,146.758057628676,Data_Ranger
1981,9,16,146.335476801735,Data_Ranger
1981,9,17,149.705634681311,Data_Ranger
1981,9,18,149.565829036469,Data_Ranger
1981,9,19,188.37442312746,Data_Ranger
1981,9,20,191.813567079212,Data_Ranger
1981,9,21,232.808194787375,Data_Ranger
1981,9,22,263.670608416968,Data_Ranger
1981,9,23,229.284644155563,Data_Ranger
1981,9,24,218.018360435046,Data_Ranger
1981,9,25,214.425425461671,Data_Ranger
1981,9,26,216.372612702048,Data_Ranger
1981,9,27,271.146195447559,Data_Ranger
1981,9,28,372.241357443713,Data_Ranger
1981,9,29,403.476253568708,Data_Ranger
1981,9,30,321.701438142039,Data_Ranger
1981,10,1,299.173476788246,Data_Ranger
1981,10,2,578.832681429276,Data_Ranger
1981,10,3,542.824712088046,Data_Ranger
1981,10,4,399.742970095695,Data_Ranger
1981,10,5,395.364275736305,Data_Ranger
1981,10,6,1325.23206484482,Data_Ranger
1981,10,7,1266.29417751919,Data_Ranger
1981,10,8,1003.25155912364,Data_Ranger
1981,10,9,1009.76678984374,Data_Ranger
1981,10,10,854.878115920037,Data_Ranger
1981,10,11,744.234666955698,Data_Ranger
1981,10,12,669.722328156136,Data_Ranger
1981,10,13,622.697671565322,Data_Ranger
1981,10,14,513.80233160545,Data_Ranger
1981,10,15,459.343140435745,Data_Ranger
1981,10,16,426.410734254251,Data_Ranger
1981,10,17,411.606053952858,Data_Ranger
1981,10,18,386.235225049091,Data_Ranger
1981,10,19,372.871798860808,Data_Ranger
1981,10,20,362.730484897165,Data_Ranger
1981,10,21,329.141034520423,Data_Ranger
1981,10,22,319.748320172181,Data_Ranger
1981,10,23,321.042954100212,Data_Ranger
1981,10,24,312.34091513007,Data_Ranger
1981,10,25,313.214494731764,Data_Ranger
1981,10,26,311.027066026068,Data_Ranger
1981,10,27,358.843803836252,Data_Ranger
1981,10,28,500.533880752028,Data_Ranger
1981,10,29,554.140847209836,Data_Ranger
1981,10,30,524.063713171379,Data_Ranger
1981,10,31,630.016214585462,Data_Ranger
1981,11,1,546.94270108904,Data_Ranger
1981,11,2,559.482541181879,Data_Ranger
1981,11,3,468.048274707305,Data_Ranger
1981,11,4,450.403318284727,Data_Ranger
1981,11,5,430.016359560532,Data_Ranger
1981,11,6,410.147255059556,Data_Ranger
1981,11,7,380.659816553107,Data_Ranger
1981,11,8,368.403999255477,Data_Ranger
1981,11,9,354.451702475357,Data_Ranger
1981,11,10,318.893759211989,Data_Ranger
1981,11,11,393.108763748207,Data_Ranger
1981,11,12,582.0411883306,Data_Ranger
1981,11,13,553.332679810346,Data_Ranger
1981,11,14,590.408750281758,Data_Ranger
1981,11,15,664.037354298582,Data_Ranger
1981,11,16,692.13252662398,Data_Ranger
1981,11,17,715.782888299032,Data_Ranger
1981,11,18,789.085268579465,Data_Ranger
1981,11,19,756.518383695635,Data_Ranger
1981,11,20,672.73143947356,Data_Ranger
1981,11,21,796.935691750223,Data_Ranger
1981,11,22,945.77963551205,Data_Ranger
1981,11,23,943.274478329405,Data_Ranger
1981,11,24,917.926185945677,Data_Ranger
1981,11,25,769.669867057504,Data_Ranger
1981,11,26,692.554080836163,Data_Ranger
1981,11,27,613.714364708443,Data_Ranger
1981,11,28,564.723724972405,Data_Ranger
1981,11,29,551.460596484942,Data_Ranger
1981,11,30,547.38873299285,Data_Ranger
1981,12,1,791.573403455905,Data_Ranger
1981,12,2,3168.60316216008,Data_Ranger
1981,12,3,2300.13787095332,Data_Ranger
1981,12,4,1488.37954138051,Data_Ranger
1981,12,5,2125.70089634922,Data_Ranger
1981,12,6,3104.46904878198,Data_Ranger
1981,12,7,2423.88162618012,Data_Ranger
1981,12,8,1774.93650459875,Data_Ranger
1981,12,9,1378.13243954711,Data_Ranger
1981,12,10,1301.10418183734,Data_Ranger
1981,12,11,1164.98989447457,Data_Ranger
1981,12,12,986.277649500739,Data_Ranger
1981,12,13,898.947516413096,Data_Ranger
1981,12,14,934.858177312645,Data_Ranger
1981,12,15,1042.25826821365,Data_Ranger
1981,12,16,1043.89238626624,Data_Ranger
1981,12,17,898.806337738227,Data_Ranger
1981,12,18,841.381220808277,Data_Ranger
1981,12,19,1255.68808691389,Data_Ranger
1981,12,20,1438.54775179046,Data_Ranger
1981,12,21,1180.03217016568,Data_Ranger
1981,12,22,992.141875029069,Data_Ranger
1981,12,23,916.838901813321,Data_Ranger
1981,12,24,866.432552269462,Data_Ranger
1981,12,25,882.832138267337,Data_Ranger
1981,12,26,856.022511458686,Data_Ranger
1981,12,27,827.927350096153,Data_Ranger
1981,12,28,767.12970120007,Data_Ranger
1981,12,29,685.886871931862,Data_Ranger
1981,12,30,650.181647033981,Data_Ranger
1981,12,31,594.700323541538,Data_Ranger
1982,1,1,576.287067017599,Data_Ranger
1982,1,2,552.273311544723,Data_Ranger
1982,1,3,545.924910380113,Data_Ranger
1982,1,4,548.129428676231,Data_Ranger
1982,1,5,520.913653296488,Data_Ranger
1982,1,6,492.204787068799,Data_Ranger
1982,1,7,491.650089077288,Data_Ranger
1982,1,8,492.581757279478,Data_Ranger
1982,1,9,516.477043588504,Data_Ranger
1982,1,10,493.505631173129,Data_Ranger
1982,1,11,665.429023200257,Data_Ranger
1982,1,12,714.601248933763,Data_Ranger
1982,1,13,743.193997458058,Data_Ranger
1982,1,14,1344.556457456,Data_Ranger
1982,1,15,1873.71288070194,Data_Ranger
1982,1,16,2305.38810185189,Data_Ranger
1982,1,17,2586.08523916945,Data_Ranger
1982,1,18,1779.46496224383,Data_Ranger
1982,1,19,1370.16996328029,Data_Ranger
1982,1,20,1119.21507734972,Data_Ranger
1982,1,21,965.952205948172,Data_Ranger
1982,1,22,887.305443761347,Data_Ranger
1982,1,23,4141.31460817648,Data_Ranger
1982,1,24,9151.6851071044,Data_Ranger
1982,1,25,5272.3044761773,Data_Ranger
1982,1,26,3746.30558623757,Data_Ranger
1982,1,27,2467.75784328911,Data_Ranger
1982,1,28,1797.41090163844,Data_Ranger
1982,1,29,1737.80035524419,Data_Ranger
1982,1,30,1912.48944050328,Data_Ranger
1982,1,31,1879.79429856301,Data_Ranger
1982,2,1,1749.19268371214,Data_Ranger
1982,2,2,1788.51203570635,Data_Ranger
1982,2,3,1782.18239510213,Data_Ranger
1982,2,4,1405.36669724834,Data_Ranger
1982,2,5,1252.34629781816,Data_Ranger
1982,2,6,1101.15588191634,Data_Ranger
1982,2,7,990.873077081282,Data_Ranger
1982,2,8,924.417588563254,Data_Ranger
1982,2,9,872.335937833047,Data_Ranger
1982,2,10,799.099995358335,Data_Ranger
1982,2,11,745.954613499501,Data_Ranger
1982,2,12,784.334134493076,Data_Ranger
1982,2,13,1791.09670908917,Data_Ranger
1982,2,14,8916.59143996396,Data_Ranger
1982,2,15,9358.31658326246,Data_Ranger
1982,2,16,9701.73894777178,Data_Ranger
1982,2,17,9208.77915902797,Data_Ranger
1982,2,18,7249.74741911818,Data_Ranger
1982,2,19,7350.77670506174,Data_Ranger
1982,2,20,10694.1747941282,Data_Ranger
1982,2,21,10726.7470198512,Data_Ranger
1982,2,22,5500.90155632485,Data_Ranger
1982,2,23,3162.68333548996,Data_Ranger
1982,2,24,1994.85393739431,Data_Ranger
1982,2,25,1731.61662708588,Data_Ranger
1982,2,26,1590.2832614919,Data_Ranger
1982,2,27,1456.25577270558,Data_Ranger
1982,2,28,1296.3821313936,Data_Ranger
1982,3,1,1399.99980173222,Data_Ranger
1982,3,2,1359.04200004644,Data_Ranger
1982,3,3,1340.87617488109,Data_Ranger
1982,3,4,1341.51640595799,Data_Ranger
1982,3,5,1221.99601095541,Data_Ranger
1982,3,6,1111.82145573754,Data_Ranger
1982,3,7,1102.1174973038,Data_Ranger
1982,3,8,1037.54656767138,Data_Ranger
1982,3,9,2323.66677723589,Data_Ranger
1982,3,10,3488.1408101356,Data_Ranger
1982,3,11,3503.31547556379,Data_Ranger
1982,3,12,2646.90589100919,Data_Ranger
1982,3,13,2074.09680093728,Data_Ranger
1982,3,14,1848.83882966878,Data_Ranger
1982,3,15,1623.07314145698,Data_Ranger
1982,3,16,1383.15985618379,Data_Ranger
1982,3,17,1194.55556363481,Data_Ranger
1982,3,18,1114.65123503995,Data_Ranger
1982,3,19,1046.82305041381,Data_Ranger
1982,3,20,970.221148449922,Data_Ranger
1982,3,21,904.355362652357,Data_Ranger
1982,3,22,859.865540395301,Data_Ranger
1982,3,23,850.109203380108,Data_Ranger
1982,3,24,837.620127484472,Data_Ranger
1982,3,25,877.194055898401,Data_Ranger
1982,3,26,943.133377225612,Data_Ranger
1982,3,27,950.168641581417,Data_Ranger
1982,3,28,920.012823674299,Data_Ranger
1982,3,29,859.920695256504,Data_Ranger
1982,3,30,786.725901734467,Data_Ranger
1982,3,31,770.494289273872,Data_Ranger
1982,4,1,744.867156226323,Data_Ranger
1982,4,2,712.651757230542,Data_Ranger
1982,4,3,691.923902558583,Data_Ranger
1982,4,4,696.808050377166,Data_Ranger
1982,4,5,657.491526376873,Data_Ranger
1982,4,6,643.660976348764,Data_Ranger
1982,4,7,626.921173423391,Data_Ranger
1982,4,8,620.66418561987,Data_Ranger
1982,4,9,616.550581486851,Data_Ranger
1982,4,10,635.679718170524,Data_Ranger
1982,4,11,921.893578294863,Data_Ranger
1982,4,12,1442.21681701393,Data_Ranger
1982,4,13,1463.55446217414,Data_Ranger
1982,4,14,1387.98441733064,Data_Ranger
1982,4,15,1164.31375847544,Data_Ranger
1982,4,16,1043.69451864492,Data_Ranger
1982,4,17,1011.9865442089,Data_Ranger
1982,4,18,934.380404365469,Data_Ranger
1982,4,19,886.885556285811,Data_Ranger
1982,4,20,851.810896271351,Data_Ranger
1982,4,21,854.307061007637,Data_Ranger
1982,4,22,999.855115071653,Data_Ranger
1982,4,23,1273.70291553524,Data_Ranger
1982,4,24,1262.64943764432,Data_Ranger
1982,4,25,1210.74529265864,Data_Ranger
1982,4,26,1208.61637725065,Data_Ranger
1982,4,27,1286.51624159115,Data_Ranger
1982,4,28,1611.85669242558,Data_Ranger
1982,4,29,1512.71761502832,Data_Ranger
1982,4,30,1253.26677377488,Data_Ranger
1982,5,1,1247.44710194345,Data_Ranger
1982,5,2,1383.69856590957,Data_Ranger
1982,5,3,1510.81958796471,Data_Ranger
1982,5,4,1357.14015881265,Data_Ranger
1982,5,5,1208.03712082167,Data_Ranger
1982,5,6,1202.27578934417,Data_Ranger
1982,5,7,1474.04887994595,Data_Ranger
1982,5,8,1537.55100225696,Data_Ranger
1982,5,9,1349.98018744391,Data_Ranger
1982,5,10,1238.50526086067,Data_Ranger
1982,5,11,1302.20499509702,Data_Ranger
1982,5,12,1375.17983027625,Data_Ranger
1982,5,13,1377.14945016506,Data_Ranger
1982,5,14,1482.56482072653,Data_Ranger
1982,5,15,1569.2125317274,Data_Ranger
1982,5,16,1801.02080506044,Data_Ranger
1982,5,17,1999.06394096148,Data_Ranger
1982,5,18,1856.02675343038,Data_Ranger
1982,5,19,1533.80264350603,Data_Ranger
1982,5,20,1482.87836515459,Data_Ranger
1982,5,21,1712.0418800198,Data_Ranger
1982,5,22,1837.84745878989,Data_Ranger
1982,5,23,1609.71612396949,Data_Ranger
1982,5,24,1680.71852571387,Data_Ranger
1982,5,25,1988.65136468446,Data_Ranger
1982,5,26,1945.18993871006,Data_Ranger
1982,5,27,1476.2907747575,Data_Ranger
1982,5,28,1197.54490999835,Data_Ranger
1982,5,29,1152.0583275066,Data_Ranger
1982,5,30,1165.65635620728,Data_Ranger
1982,5,31,1212.6789890572,Data_Ranger
1982,6,1,1177.27581152824,Data_Ranger
1982,6,2,1054.733572344,Data_Ranger
1982,6,3,991.540776545162,Data_Ranger
1982,6,4,825.175362757752,Data_Ranger
1982,6,5,846.460480854882,Data_Ranger
1982,6,6,834.418989089662,Data_Ranger
1982,6,7,788.398876651018,Data_Ranger
1982,6,8,764.124061337494,Data_Ranger
1982,6,9,822.413950253995,Data_Ranger
1982,6,10,944.80661946526,Data_Ranger
1982,6,11,1046.46920568799,Data_Ranger
1982,6,12,1132.21888395978,Data_Ranger
1982,6,13,1013.84540695291,Data_Ranger
1982,6,14,921.051275251803,Data_Ranger
1982,6,15,924.290861664279,Data_Ranger
1982,6,16,999.260333412515,Data_Ranger
1982,6,17,1080.90044415823,Data_Ranger
1982,6,18,1076.78354231221,Data_Ranger
1982,6,19,1046.34296662255,Data_Ranger
1982,6,20,1008.80156815622,Data_Ranger
1982,6,21,954.171023119562,Data_Ranger
1982,6,22,771.006369925325,Data_Ranger
1982,6,23,751.007930062676,Data_Ranger
1982,6,24,738.849251812067,Data_Ranger
1982,6,25,719.173391172158,Data_Ranger
1982,6,26,690.637350940845,Data_Ranger
1982,6,27,696.253093140016,Data_Ranger
1982,6,28,572.324626314506,Data_Ranger
1982,6,29,501.591013240243,Data_Ranger
1982,6,30,560.283126563307,Data_Ranger
1982,7,1,505.821826734946,Data_Ranger
1982,7,2,434.544158647345,Data_Ranger
1982,7,3,635.130106785234,Data_Ranger
1982,7,4,543.77984702519,Data_Ranger
1982,7,5,459.623112031466,Data_Ranger
1982,7,6,429.012149992597,Data_Ranger
1982,7,7,406.611211484079,Data_Ranger
1982,7,8,366.313536101764,Data_Ranger
1982,7,9,364.850474716776,Data_Ranger
1982,7,10,378.67112704638,Data_Ranger
1982,7,11,357.498748162148,Data_Ranger
1982,7,12,353.82268333976,Data_Ranger
1982,7,13,325.36820521493,Data_Ranger
1982,7,14,406.732056641688,Data_Ranger
1982,7,15,486.436436924801,Data_Ranger
1982,7,16,424.199804662523,Data_Ranger
1982,7,17,359.834509995869,Data_Ranger
1982,7,18,343.942801334509,Data_Ranger
1982,7,19,312.728218711379,Data_Ranger
1982,7,20,293.440010755868,Data_Ranger
1982,7,21,295.391689561043,Data_Ranger
1982,7,22,287.479880662326,Data_Ranger
1982,7,23,255.306659627342,Data_Ranger
1982,7,24,236.407950199595,Data_Ranger
1982,7,25,229.859338363033,Data_Ranger
1982,7,26,225.066021499616,Data_Ranger
1982,7,27,221.145565077623,Data_Ranger
1982,7,28,219.718935046396,Data_Ranger
1982,7,29,221.308935992278,Data_Ranger
1982,7,30,219.83051921387,Data_Ranger
1982,7,31,217.328029910253,Data_Ranger
1982,8,1,207.416496046145,Data_Ranger
1982,8,2,208.109024173883,Data_Ranger
1982,8,3,209.572761896836,Data_Ranger
1982,8,4,201.521239368036,Data_Ranger
1982,8,5,192.463141066657,Data_Ranger
1982,8,6,184.441556682977,Data_Ranger
1982,8,7,189.204033909669,Data_Ranger
1982,8,8,189.989106996297,Data_Ranger
1982,8,9,184.761908732891,Data_Ranger
1982,8,10,188.707074492646,Data_Ranger
1982,8,11,192.333467027589,Data_Ranger
1982,8,12,191.359023965798,Data_Ranger
1982,8,13,248.155880198965,Data_Ranger
1982,8,14,229.887216903893,Data_Ranger
1982,8,15,190.810947980002,Data_Ranger
1982,8,16,182.875330759268,Data_Ranger
1982,8,17,176.973210559189,Data_Ranger
1982,8,18,171.896485185827,Data_Ranger
1982,8,19,167.969492023902,Data_Ranger
1982,8,20,158.013734443064,Data_Ranger
1982,8,21,155.021388534232,Data_Ranger
1982,8,22,153.505242222719,Data_Ranger
1982,8,23,149.976865267378,Data_Ranger
1982,8,24,148.063417986818,Data_Ranger
1982,8,25,139.822703399302,Data_Ranger
1982,8,26,140.510386657996,Data_Ranger
1982,8,27,140.335541066915,Data_Ranger
1982,8,28,141.89976708545,Data_Ranger
1982,8,29,145.244479542942,Data_Ranger
1982,8,30,172.906099122757,Data_Ranger
1982,8,31,153.196007777689,Data_Ranger
1982,9,1,145.818801520354,Data_Ranger
1982,9,2,145.350760638857,Data_Ranger
1982,9,3,143.537958487843,Data_Ranger
1982,9,4,163.983638779205,Data_Ranger
1982,9,5,159.904792284868,Data_Ranger
1982,9,6,146.001140661427,Data_Ranger
1982,9,7,142.02014329828,Data_Ranger
1982,9,8,140.899819066334,Data_Ranger
1982,9,9,202.646287704118,Data_Ranger
1982,9,10,265.866798243819,Data_Ranger
1982,9,11,358.287374608192,Data_Ranger
1982,9,12,721.699790554969,Data_Ranger
1982,9,13,401.580128199596,Data_Ranger
1982,9,14,322.681386994088,Data_Ranger
1982,9,15,269.82144720608,Data_Ranger
1982,9,16,244.528131908823,Data_Ranger
1982,9,17,229.561279101139,Data_Ranger
1982,9,18,220.514066437188,Data_Ranger
1982,9,19,206.455130586728,Data_Ranger
1982,9,20,229.538027035611,Data_Ranger
1982,9,21,218.870780009752,Data_Ranger
1982,9,22,200.90174926807,Data_Ranger
1982,9,23,195.580687254976,Data_Ranger
1982,9,24,194.832605437672,Data_Ranger
1982,9,25,198.433570730849,Data_Ranger
1982,9,26,213.171804862716,Data_Ranger
1982,9,27,207.486703105367,Data_Ranger
1982,9,28,284.532724060112,Data_Ranger
1982,9,29,303.259189927223,Data_Ranger
1982,9,30,256.905114805355,Data_Ranger
1982,10,1,232.706891384594,Data_Ranger
1982,10,2,247.396795878221,Data_Ranger
1982,10,3,290.485697718696,Data_Ranger
1982,10,4,256.883684791067,Data_Ranger
1982,10,5,240.123754046295,Data_Ranger
1982,10,6,282.861665737513,Data_Ranger
1982,10,7,503.811088145857,Data_Ranger
1982,10,8,492.89718931421,Data_Ranger
1982,10,9,529.095309856026,Data_Ranger
1982,10,10,404.088083390637,Data_Ranger
1982,10,11,369.003220412432,Data_Ranger
1982,10,12,339.915428150536,Data_Ranger
1982,10,13,308.313342811505,Data_Ranger
1982,10,14,271.575796747005,Data_Ranger
1982,10,15,267.702402568326,Data_Ranger
1982,10,16,275.623323957009,Data_Ranger
1982,10,17,374.063497031637,Data_Ranger
1982,10,18,337.923475591541,Data_Ranger
1982,10,19,311.805553055303,Data_Ranger
1982,10,20,278.082532981522,Data_Ranger
1982,10,21,281.494799790856,Data_Ranger
1982,10,22,467.548009614173,Data_Ranger
1982,10,23,547.77191246465,Data_Ranger
1982,10,24,475.679226419228,Data_Ranger
1982,10,25,386.125089817496,Data_Ranger
1982,10,26,500.288894558717,Data_Ranger
1982,10,27,586.541104701415,Data_Ranger
1982,10,28,656.682477012843,Data_Ranger
1982,10,29,1157.13128853795,Data_Ranger
1982,10,30,927.796282368448,Data_Ranger
1982,10,31,832.539855223786,Data_Ranger
1982,11,1,968.542373494995,Data_Ranger
1982,11,2,831.918588348666,Data_Ranger
1982,11,3,697.33319968544,Data_Ranger
1982,11,4,717.209064907639,Data_Ranger
1982,11,5,965.458765314624,Data_Ranger
1982,11,6,1234.62543778818,Data_Ranger
1982,11,7,1022.37608629841,Data_Ranger
1982,11,8,948.830600281845,Data_Ranger
1982,11,9,817.738712010387,Data_Ranger
1982,11,10,758.397036019654,Data_Ranger
1982,11,11,612.993762313943,Data_Ranger
1982,11,12,651.917364042279,Data_Ranger
1982,11,13,628.801842872934,Data_Ranger
1982,11,14,569.692856579776,Data_Ranger
1982,11,15,481.483935879534,Data_Ranger
1982,11,16,534.51087483048,Data_Ranger
1982,11,17,1053.51284580655,Data_Ranger
1982,11,18,1364.23411529086,Data_Ranger
1982,11,19,1295.09616142038,Data_Ranger
1982,11,20,1138.47542790243,Data_Ranger
1982,11,21,994.132614338082,Data_Ranger
1982,11,22,873.458162541217,Data_Ranger
1982,11,23,725.45249336944,Data_Ranger
1982,11,24,661.606032467252,Data_Ranger
1982,11,25,604.250712787345,Data_Ranger
1982,11,26,574.649202016101,Data_Ranger
1982,11,27,581.632819542763,Data_Ranger
1982,11,28,678.897111798525,Data_Ranger
1982,11,29,705.560436128796,Data_Ranger
1982,11,30,725.816575661554,Data_Ranger
1982,12,1,727.239231986502,Data_Ranger
1982,12,2,741.141583355511,Data_Ranger
1982,12,3,4140.73581117649,Data_Ranger
1982,12,4,6720.31843686354,Data_Ranger
1982,12,5,3370.45852392888,Data_Ranger
1982,12,6,1918.24250833602,Data_Ranger
1982,12,7,1560.11460211158,Data_Ranger
1982,12,8,1304.44890302177,Data_Ranger
1982,12,9,1066.52548035374,Data_Ranger
1982,12,10,991.940569197157,Data_Ranger
1982,12,11,850.646703364382,Data_Ranger
1982,12,12,868.68687562235,Data_Ranger
1982,12,13,947.450174265211,Data_Ranger
1982,12,14,972.365707574663,Data_Ranger
1982,12,15,1036.37331256806,Data_Ranger
1982,12,16,1558.0943417115,Data_Ranger
1982,12,17,1359.09307102619,Data_Ranger
1982,12,18,1287.82170984093,Data_Ranger
1982,12,19,1141.32030564813,Data_Ranger
1982,12,20,1045.65145080751,Data_Ranger
1982,12,21,1004.0117945835,Data_Ranger
1982,12,22,941.393443024757,Data_Ranger
1982,12,23,836.991112757498,Data_Ranger
1982,12,24,755.658563876234,Data_Ranger
1982,12,25,677.061554211014,Data_Ranger
1982,12,26,671.055890096799,Data_Ranger
1982,12,27,619.890633233077,Data_Ranger
1982,12,28,584.754431537635,Data_Ranger
1982,12,29,559.5570778504,Data_Ranger
1982,12,30,521.437685102853,Data_Ranger
1982,12,31,494.96257200962,Data_Ranger
1983,1,1,480.984215196553,Data_Ranger
1983,1,2,487.034557744615,Data_Ranger
1983,1,3,564.200552169742,Data_Ranger
1983,1,4,1018.66458216819,Data_Ranger
1983,1,5,4592.57448876438,Data_Ranger
1983,1,6,6143.70111711801,Data_Ranger
1983,1,7,7484.79376072725,Data_Ranger
1983,1,8,8709.44282056953,Data_Ranger
1983,1,9,5969.95613226871,Data_Ranger
1983,1,10,6317.86341204751,Data_Ranger
1983,1,11,4955.7342383003,Data_Ranger
1983,1,12,3272.32659273624,Data_Ranger
1983,1,13,2163.49944521693,Data_Ranger
1983,1,14,1740.70799129893,Data_Ranger
1983,1,15,1474.07060094694,Data_Ranger
1983,1,16,1360.13320537911,Data_Ranger
1983,1,17,1265.86113230509,Data_Ranger
1983,1,18,1177.87522101327,Data_Ranger
1983,1,19,1126.6707966426,Data_Ranger
1983,1,20,1074.18881255096,Data_Ranger
1983,1,21,990.515082055889,Data_Ranger
1983,1,22,893.420580270662,Data_Ranger
1983,1,23,921.63369155434,Data_Ranger
1983,1,24,907.967913709855,Data_Ranger
1983,1,25,896.280166507989,Data_Ranger
1983,1,26,943.711103649611,Data_Ranger
1983,1,27,1163.80382734432,Data_Ranger
1983,1,28,1103.39644182802,Data_Ranger
1983,1,29,969.873230036036,Data_Ranger
1983,1,30,902.114829895574,Data_Ranger
1983,1,31,838.409334282372,Data_Ranger
1983,2,1,792.237166206287,Data_Ranger
1983,2,2,719.7521592516,Data_Ranger
1983,2,3,671.300931515466,Data_Ranger
1983,2,4,611.643622045325,Data_Ranger
1983,2,5,576.617945332878,Data_Ranger
1983,2,6,578.708838744396,Data_Ranger
1983,2,7,597.243790320244,Data_Ranger
1983,2,8,574.925818636243,Data_Ranger
1983,2,9,593.231325269484,Data_Ranger
1983,2,10,627.358270756966,Data_Ranger
1983,2,11,748.028832477387,Data_Ranger
1983,2,12,834.818687459802,Data_Ranger
1983,2,13,950.26297624862,Data_Ranger
1983,2,14,947.446019282496,Data_Ranger
1983,2,15,952.814612712083,Data_Ranger
1983,2,16,1048.67402395317,Data_Ranger
1983,2,17,1184.18026438031,Data_Ranger
1983,2,18,1606.89525094306,Data_Ranger
1983,2,19,1419.95294958179,Data_Ranger
1983,2,20,1376.21352490898,Data_Ranger
1983,2,21,1297.87739808266,Data_Ranger
1983,2,22,1335.59284573745,Data_Ranger
1983,2,23,1630.68967392594,Data_Ranger
1983,2,24,1990.40964690258,Data_Ranger
1983,2,25,1796.80901898416,Data_Ranger
1983,2,26,1534.81575867026,Data_Ranger
1983,2,27,1379.52169185327,Data_Ranger
1983,2,28,1156.97004938282,Data_Ranger
1983,3,1,1034.1998770933,Data_Ranger
1983,3,2,1007.61295499869,Data_Ranger
1983,3,3,967.031309203604,Data_Ranger
1983,3,4,974.185938762595,Data_Ranger
1983,3,5,981.585900031268,Data_Ranger
1983,3,6,1021.28699236716,Data_Ranger
1983,3,7,1137.11448583933,Data_Ranger
1983,3,8,1487.57472253599,Data_Ranger
1983,3,9,2885.1138557958,Data_Ranger
1983,3,10,3087.62749872763,Data_Ranger
1983,3,11,2524.46778401658,Data_Ranger
1983,3,12,1915.88128659079,Data_Ranger
1983,3,13,1741.00667691237,Data_Ranger
1983,3,14,1504.35282892141,Data_Ranger
1983,3,15,1356.40470742395,Data_Ranger
1983,3,16,1206.20790528899,Data_Ranger
1983,3,17,1118.97438570847,Data_Ranger
1983,3,18,993.111825792626,Data_Ranger
1983,3,19,923.022560792204,Data_Ranger
1983,3,20,851.062055111719,Data_Ranger
1983,3,21,844.924511781174,Data_Ranger
1983,3,22,849.69395776093,Data_Ranger
1983,3,23,840.997118718165,Data_Ranger
1983,3,24,785.185750753734,Data_Ranger
1983,3,25,770.800605349946,Data_Ranger
1983,3,26,748.587684611764,Data_Ranger
1983,3,27,740.955952598924,Data_Ranger
1983,3,28,754.473982751561,Data_Ranger
1983,3,29,1366.09032737954,Data_Ranger
1983,3,30,2030.66560093681,Data_Ranger
1983,3,31,1845.70384950466,Data_Ranger
1983,4,1,1593.15104904667,Data_Ranger
1983,4,2,1485.80892285782,Data_Ranger
1983,4,3,1270.07026216467,Data_Ranger
1983,4,4,1153.23972709931,Data_Ranger
1983,4,5,1111.45793069874,Data_Ranger
1983,4,6,1054.86932351888,Data_Ranger
1983,4,7,997.823158827507,Data_Ranger
1983,4,8,914.179964151069,Data_Ranger
1983,4,9,864.88616982115,Data_Ranger
1983,4,10,823.445007906118,Data_Ranger
1983,4,11,809.548341956583,Data_Ranger
1983,4,12,745.838644411978,Data_Ranger
1983,4,13,709.032449938488,Data_Ranger
1983,4,14,684.906719343896,Data_Ranger
1983,4,15,663.564450794873,Data_Ranger
1983,4,16,659.366254210274,Data_Ranger
1983,4,17,663.432730020274,Data_Ranger
1983,4,18,724.466245939279,Data_Ranger
1983,4,19,878.614283498362,Data_Ranger
1983,4,20,1036.10740727489,Data_Ranger
1983,4,21,1143.86471193282,Data_Ranger
1983,4,22,1071.44824996922,Data_Ranger
1983,4,23,1045.82134855173,Data_Ranger
1983,4,24,1234.44567956909,Data_Ranger
1983,4,25,1073.80935682495,Data_Ranger
1983,4,26,959.358639869674,Data_Ranger
1983,4,27,879.713484999058,Data_Ranger
1983,4,28,809.831312035301,Data_Ranger
1983,4,29,845.039903588033,Data_Ranger
1983,4,30,863.515988169866,Data_Ranger
1983,5,1,948.924753869005,Data_Ranger
1983,5,2,946.955727014828,Data_Ranger
1983,5,3,927.306966994799,Data_Ranger
1983,5,4,900.297886755461,Data_Ranger
1983,5,5,952.911051301702,Data_Ranger
1983,5,6,1116.35725383487,Data_Ranger
1983,5,7,1158.02319930779,Data_Ranger
1983,5,8,1123.91653903057,Data_Ranger
1983,5,9,1064.66439034149,Data_Ranger
1983,5,10,967.967882448591,Data_Ranger
1983,5,11,875.729515379009,Data_Ranger
1983,5,12,845.966161413842,Data_Ranger
1983,5,13,847.57352640795,Data_Ranger
1983,5,14,865.511010239704,Data_Ranger
1983,5,15,971.269938457768,Data_Ranger
1983,5,16,938.861367389237,Data_Ranger
1983,5,17,865.635181392267,Data_Ranger
1983,5,18,918.741571755239,Data_Ranger
1983,5,19,907.932345078432,Data_Ranger
1983,5,20,922.146077548263,Data_Ranger
1983,5,21,1005.57905563833,Data_Ranger
1983,5,22,1035.79387369617,Data_Ranger
1983,5,23,1061.92756972271,Data_Ranger
1983,5,24,1108.25144273754,Data_Ranger
1983,5,25,1142.2884401312,Data_Ranger
1983,5,26,1084.34868648145,Data_Ranger
1983,5,27,1027.20723753055,Data_Ranger
1983,5,28,1134.77320309573,Data_Ranger
1983,5,29,1309.9651669665,Data_Ranger
1983,5,30,1258.82075436919,Data_Ranger
1983,5,31,1070.7378642875,Data_Ranger
1983,6,1,832.454458402821,Data_Ranger
1983,6,2,755.587820970967,Data_Ranger
1983,6,3,680.140862849002,Data_Ranger
1983,6,4,617.961040839444,Data_Ranger
1983,6,5,600.851492212747,Data_Ranger
1983,6,6,551.378388391725,Data_Ranger
1983,6,7,537.653383593883,Data_Ranger
1983,6,8,539.590403678133,Data_Ranger
1983,6,9,532.476265873906,Data_Ranger
1983,6,10,788.856536378769,Data_Ranger
1983,6,11,697.970546105679,Data_Ranger
1983,6,12,602.203546905806,Data_Ranger
1983,6,13,520.540484202613,Data_Ranger
1983,6,14,477.862164067849,Data_Ranger
1983,6,15,525.940478373285,Data_Ranger
1983,6,16,483.5646975509,Data_Ranger
1983,6,17,552.010128315883,Data_Ranger
1983,6,18,688.863882811122,Data_Ranger
1983,6,19,771.510529698579,Data_Ranger
1983,6,20,778.990190697855,Data_Ranger
1983,6,21,692.562669807612,Data_Ranger
1983,6,22,634.578755337162,Data_Ranger
1983,6,23,622.769284561801,Data_Ranger
1983,6,24,608.739699589622,Data_Ranger
1983,6,25,551.640225239174,Data_Ranger
1983,6,26,516.864789018996,Data_Ranger
1983,6,27,470.342460830278,Data_Ranger
1983,6,28,443.582414632781,Data_Ranger
1983,6,29,435.672698214107,Data_Ranger
1983,6,30,451.499987639169,Data_Ranger
1983,7,1,556.440451329291,Data_Ranger
1983,7,2,792.86798369817,Data_Ranger
1983,7,3,668.306396653526,Data_Ranger
1983,7,4,564.110386068923,Data_Ranger
1983,7,5,533.462728659579,Data_Ranger
1983,7,6,487.647789833897,Data_Ranger
1983,7,7,454.307962296361,Data_Ranger
1983,7,8,433.324267952749,Data_Ranger
1983,7,9,410.441255825279,Data_Ranger
1983,7,10,389.198628904279,Data_Ranger
1983,7,11,403.466145334191,Data_Ranger
1983,7,12,591.066022214823,Data_Ranger
1983,7,13,1360.85420869037,Data_Ranger
1983,7,14,1729.26529250049,Data_Ranger
1983,7,15,1808.81582315666,Data_Ranger
1983,7,16,1392.1215226436,Data_Ranger
1983,7,17,1081.84875889244,Data_Ranger
1983,7,18,907.464210995784,Data_Ranger
1983,7,19,706.501551496197,Data_Ranger
1983,7,20,723.263258458742,Data_Ranger
1983,7,21,633.018864885756,Data_Ranger
1983,7,22,557.112923675464,Data_Ranger
1983,7,23,534.068054101157,Data_Ranger
1983,7,24,480.491057616054,Data_Ranger
1983,7,25,500.950349315547,Data_Ranger
1983,7,26,521.14230503175,Data_Ranger
1983,7,27,487.771607377525,Data_Ranger
1983,7,28,511.184516953809,Data_Ranger
1983,7,29,451.72962180569,Data_Ranger
1983,7,30,398.91767440747,Data_Ranger
1983,7,31,382.595133937726,Data_Ranger
1983,8,1,369.351146015645,Data_Ranger
1983,8,2,356.664134920633,Data_Ranger
1983,8,3,319.75963107258,Data_Ranger
1983,8,4,305.968414599177,Data_Ranger
1983,8,5,295.175453739198,Data_Ranger
1983,8,6,279.389249603285,Data_Ranger
1983,8,7,275.187242183604,Data_Ranger
1983,8,8,264.939295015966,Data_Ranger
1983,8,9,255.134306363553,Data_Ranger
1983,8,10,252.344614020724,Data_Ranger
1983,8,11,303.472895997172,Data_Ranger
1983,8,12,303.259332967949,Data_Ranger
1983,8,13,252.183218264685,Data_Ranger
1983,8,14,233.945899333545,Data_Ranger
1983,8,15,230.186960052109,Data_Ranger
1983,8,16,219.608280572507,Data_Ranger
1983,8,17,211.816265593484,Data_Ranger
1983,8,18,205.747244928487,Data_Ranger
1983,8,19,205.85970873907,Data_Ranger
1983,8,20,200.111344271374,Data_Ranger
1983,8,21,197.096821367491,Data_Ranger
1983,8,22,194.973887537994,Data_Ranger
1983,8,23,193.600454707261,Data_Ranger
1983,8,24,196.421453817813,Data_Ranger
1983,8,25,189.113243095011,Data_Ranger
1983,8,26,184.295528604348,Data_Ranger
1983,8,27,183.070654537358,Data_Ranger
1983,8,28,191.441785544546,Data_Ranger
1983,8,29,230.143849105831,Data_Ranger
1983,8,30,301.217622982145,Data_Ranger
1983,8,31,241.316630113637,Data_Ranger
1983,9,1,320.702660771825,Data_Ranger
1983,9,2,409.283250260163,Data_Ranger
1983,9,3,341.631053323525,Data_Ranger
1983,9,4,276.598651937838,Data_Ranger
1983,9,5,251.031972538104,Data_Ranger
1983,9,6,243.537070893701,Data_Ranger
1983,9,7,238.266508166756,Data_Ranger
1983,9,8,233.303396048417,Data_Ranger
1983,9,9,275.525207159348,Data_Ranger
1983,9,10,485.739097923181,Data_Ranger
1983,9,11,748.349564247767,Data_Ranger
1983,9,12,575.119274852731,Data_Ranger
1983,9,13,446.195293765308,Data_Ranger
1983,9,14,389.478696757694,Data_Ranger
1983,9,15,353.340001290346,Data_Ranger
1983,9,16,343.443336797963,Data_Ranger
1983,9,17,342.196878077806,Data_Ranger
1983,9,18,443.365338979677,Data_Ranger
1983,9,19,423.839150949839,Data_Ranger
1983,9,20,334.567852099258,Data_Ranger
1983,9,21,298.436956991967,Data_Ranger
1983,9,22,284.086709584281,Data_Ranger
1983,9,23,269.084611031204,Data_Ranger
1983,9,24,262.967069001792,Data_Ranger
1983,9,25,246.332510605741,Data_Ranger
1983,9,26,242.959777516556,Data_Ranger
1983,9,27,252.146938790443,Data_Ranger
1983,9,28,245.468813593842,Data_Ranger
1983,9,29,226.277042241929,Data_Ranger
1983,9,30,220.14743817933,Data_Ranger
1983,10,1,213.538059205204,Data_Ranger
1983,10,2,210.882615137119,Data_Ranger
1983,10,3,214.199349736268,Data_Ranger
1983,10,4,260.28953772716,Data_Ranger
1983,10,5,247.95878088069,Data_Ranger
1983,10,6,229.919642079862,Data_Ranger
1983,10,7,219.002228886133,Data_Ranger
1983,10,8,206.203309161759,Data_Ranger
1983,10,9,199.578422060108,Data_Ranger
1983,10,10,200.034420394234,Data_Ranger
1983,10,11,193.339621510082,Data_Ranger
1983,10,12,193.465828048234,Data_Ranger
1983,10,13,181.920197005907,Data_Ranger
1983,10,14,194.633560120215,Data_Ranger
1983,10,15,180.83658136503,Data_Ranger
1983,10,16,175.679282212119,Data_Ranger
1983,10,17,206.758287593412,Data_Ranger
1983,10,18,206.589196588693,Data_Ranger
1983,10,19,195.391551441786,Data_Ranger
1983,10,20,220.220764285244,Data_Ranger
1983,10,21,222.376556396327,Data_Ranger
1983,10,22,378.156273970993,Data_Ranger
1983,10,23,340.878181740734,Data_Ranger
1983,10,24,297.217774383644,Data_Ranger
1983,10,25,283.072644950661,Data_Ranger
1983,10,26,272.762986397682,Data_Ranger
1983,10,27,252.598213365689,Data_Ranger
1983,10,28,256.807324667846,Data_Ranger
1983,10,29,242.71669455553,Data_Ranger
1983,10,30,274.712403777106,Data_Ranger
1983,10,31,364.202989302557,Data_Ranger
1983,11,1,320.421548962408,Data_Ranger
1983,11,2,415.81858536787,Data_Ranger
1983,11,3,1662.26505805963,Data_Ranger
1983,11,4,2977.2961959809,Data_Ranger
1983,11,5,2182.91227490502,Data_Ranger
1983,11,6,2432.10112886056,Data_Ranger
1983,11,7,2230.83950993261,Data_Ranger
1983,11,8,1848.73917781954,Data_Ranger
1983,11,9,1312.99346301075,Data_Ranger
1983,11,10,1255.89128075687,Data_Ranger
1983,11,11,1171.05937443912,Data_Ranger
1983,11,12,1072.19405816415,Data_Ranger
1983,11,13,1074.86658888566,Data_Ranger
1983,11,14,1482.34099514303,Data_Ranger
1983,11,15,2709.42353219937,Data_Ranger
1983,11,16,3620.44941070539,Data_Ranger
1983,11,17,3617.98224925403,Data_Ranger
1983,11,18,3551.73271835798,Data_Ranger
1983,11,19,2595.1462984306,Data_Ranger
1983,11,20,2312.88473222586,Data_Ranger
1983,11,21,1825.32980296939,Data_Ranger
1983,11,22,1493.48522113165,Data_Ranger
1983,11,23,1205.02496129057,Data_Ranger
1983,11,24,1305.77334912103,Data_Ranger
1983,11,25,1292.75214613715,Data_Ranger
1983,11,26,1158.97448046696,Data_Ranger
1983,11,27,1376.4621277127,Data_Ranger
1983,11,28,1616.25185383681,Data_Ranger
1983,11,29,1377.86602331553,Data_Ranger
1983,11,30,1195.46672736276,Data_Ranger
1983,12,1,1033.53030082338,Data_Ranger
1983,12,2,891.747317305362,Data_Ranger
1983,12,3,781.174488080225,Data_Ranger
1983,12,4,744.248936728692,Data_Ranger
1983,12,5,724.343597651337,Data_Ranger
1983,12,6,725.393061416839,Data_Ranger
1983,12,7,696.867324029014,Data_Ranger
1983,12,8,687.688165933134,Data_Ranger
1983,12,9,762.92443928751,Data_Ranger
1983,12,10,1019.54897645231,Data_Ranger
1983,12,11,988.607692361128,Data_Ranger
1983,12,12,924.672553929247,Data_Ranger
1983,12,13,1275.29381429924,Data_Ranger
1983,12,14,1836.5917781208,Data_Ranger
1983,12,15,1607.12790641564,Data_Ranger
1983,12,16,1235.57597389026,Data_Ranger
1983,12,17,1012.62886490809,Data_Ranger
1983,12,18,930.928791030168,Data_Ranger
1983,12,19,799.842352763344,Data_Ranger
1983,12,20,701.806566747895,Data_Ranger
1983,12,21,588.398066099738,Data_Ranger
1983,12,22,557.579001990223,Data_Ranger
1983,12,23,532.314121137558,Data_Ranger
1983,12,24,501.320005387967,Data_Ranger
1983,12,25,526.339796194604,Data_Ranger
1983,12,26,548.971823586255,Data_Ranger
1983,12,27,547.828619439877,Data_Ranger
1983,12,28,535.128771835439,Data_Ranger
1983,12,29,584.839714922489,Data_Ranger
1983,12,30,924.028694562592,Data_Ranger
1983,12,31,826.318681346362,Data_Ranger
1984,1,1,829.35540331259,Data_Ranger
1984,1,2,1303.44049888641,Data_Ranger
1984,1,3,4435.64085058093,Data_Ranger
1984,1,4,7357.45597516241,Data_Ranger
1984,1,5,7284.12586647208,Data_Ranger
1984,1,6,4829.71658488607,Data_Ranger
1984,1,7,3575.33218065112,Data_Ranger
1984,1,8,2636.80302834074,Data_Ranger
1984,1,9,2068.02013379636,Data_Ranger
1984,1,10,1871.10421912684,Data_Ranger
1984,1,11,1978.58415405096,Data_Ranger
1984,1,12,1697.40686843013,Data_Ranger
1984,1,13,1376.86303640004,Data_Ranger
1984,1,14,1213.9233893298,Data_Ranger
1984,1,15,1098.23485130324,Data_Ranger
1984,1,16,929.484857206899,Data_Ranger
1984,1,17,845.839791752293,Data_Ranger
1984,1,18,739.005335115295,Data_Ranger
1984,1,19,721.267247239335,Data_Ranger
1984,1,20,683.236129101349,Data_Ranger
1984,1,21,686.13458522998,Data_Ranger
1984,1,22,893.018963816951,Data_Ranger
1984,1,23,1339.13791921363,Data_Ranger
1984,1,24,6817.66081271348,Data_Ranger
1984,1,25,10956.6409961146,Data_Ranger
1984,1,26,6868.56490474476,Data_Ranger
1984,1,27,4765.8363640478,Data_Ranger
1984,1,28,3678.75036703244,Data_Ranger
1984,1,29,2673.53353594061,Data_Ranger
1984,1,30,2000.34849781197,Data_Ranger
1984,1,31,1758.43680980444,Data_Ranger
1984,2,1,1512.17695367625,Data_Ranger
1984,2,2,1306.43196819481,Data_Ranger
1984,2,3,1138.97210092206,Data_Ranger
1984,2,4,1039.7601436535,Data_Ranger
1984,2,5,1010.11344797652,Data_Ranger
1984,2,6,997.681106072492,Data_Ranger
1984,2,7,935.782354531205,Data_Ranger
1984,2,8,920.632035350572,Data_Ranger
1984,2,9,904.968052756098,Data_Ranger
1984,2,10,912.327437692188,Data_Ranger
1984,2,11,955.895777426951,Data_Ranger
1984,2,12,1650.42816838705,Data_Ranger
1984,2,13,2180.78249147249,Data_Ranger
1984,2,14,1757.3209235201,Data_Ranger
1984,2,15,1408.53611628597,Data_Ranger
1984,2,16,1179.04201253593,Data_Ranger
1984,2,17,1117.88028678784,Data_Ranger
1984,2,18,1002.94831167812,Data_Ranger
1984,2,19,935.817950721639,Data_Ranger
1984,2,20,1013.79742722107,Data_Ranger
1984,2,21,1071.18331176857,Data_Ranger
1984,2,22,1019.39509893228,Data_Ranger
1984,2,23,984.503993230233,Data_Ranger
1984,2,24,951.345026475902,Data_Ranger
1984,2,25,899.905263952296,Data_Ranger
1984,2,26,856.633305805127,Data_Ranger
1984,2,27,844.787126461913,Data_Ranger
1984,2,28,768.830384234238,Data_Ranger
1984,2,29,756.362668777407,Data_Ranger
1984,3,1,769.597219247508,Data_Ranger
1984,3,2,817.851203438445,Data_Ranger
1984,3,3,762.747248337966,Data_Ranger
1984,3,4,688.51421972052,Data_Ranger
1984,3,5,695.288926886444,Data_Ranger
1984,3,6,742.210310157636,Data_Ranger
1984,3,7,793.781572652894,Data_Ranger
1984,3,8,861.249854000813,Data_Ranger
1984,3,9,974.947020605385,Data_Ranger
1984,3,10,1072.98903257618,Data_Ranger
1984,3,11,1198.29395822476,Data_Ranger
1984,3,12,1432.06085807506,Data_Ranger
1984,3,13,1419.09354903752,Data_Ranger
1984,3,14,1327.54988522453,Data_Ranger
1984,3,15,1342.5512353636,Data_Ranger
1984,3,16,1177.89423430759,Data_Ranger
1984,3,17,1142.46836504956,Data_Ranger
1984,3,18,1130.3928009816,Data_Ranger
1984,3,19,1194.46648360341,Data_Ranger
1984,3,20,1836.36491729191,Data_Ranger
1984,3,21,3166.08938480206,Data_Ranger
1984,3,22,2973.67706254892,Data_Ranger
1984,3,23,2592.91812876069,Data_Ranger
1984,3,24,2188.79892326203,Data_Ranger
1984,3,25,1900.78619079978,Data_Ranger
1984,3,26,1942.06687276469,Data_Ranger
1984,3,27,1709.63953287728,Data_Ranger
1984,3,28,1520.84590621892,Data_Ranger
1984,3,29,1375.9904426865,Data_Ranger
1984,3,30,1316.90335132921,Data_Ranger
1984,3,31,1201.27336426271,Data_Ranger
1984,4,1,1130.23857559198,Data_Ranger
1984,4,2,1074.98120503645,Data_Ranger
1984,4,3,1010.94836966334,Data_Ranger
1984,4,4,956.909959598438,Data_Ranger
1984,4,5,979.547315499535,Data_Ranger
1984,4,6,991.856249061039,Data_Ranger
1984,4,7,1089.06185405286,Data_Ranger
1984,4,8,1138.53355168335,Data_Ranger
1984,4,9,1124.32528122058,Data_Ranger
1984,4,10,1222.58204087383,Data_Ranger
1984,4,11,1135.75616936209,Data_Ranger
1984,4,12,1235.49210127081,Data_Ranger
1984,4,13,1216.74609930717,Data_Ranger
1984,4,14,1219.1682248638,Data_Ranger
1984,4,15,1851.91234401606,Data_Ranger
1984,4,16,1906.53107579568,Data_Ranger
1984,4,17,1627.66275173851,Data_Ranger
1984,4,18,1411.0047752359,Data_Ranger
1984,4,19,1307.94372876673,Data_Ranger
1984,4,20,1252.7695147114,Data_Ranger
1984,4,21,1208.23880879847,Data_Ranger
1984,4,22,1223.3466146863,Data_Ranger
1984,4,23,1181.23270481134,Data_Ranger
1984,4,24,1059.7551233965,Data_Ranger
1984,4,25,924.620049514428,Data_Ranger
1984,4,26,842.176481788384,Data_Ranger
1984,4,27,781.056264687793,Data_Ranger
1984,4,28,723.122773506132,Data_Ranger
1984,4,29,740.73262841249,Data_Ranger
1984,4,30,774.787976069683,Data_Ranger
1984,5,1,914.734362990714,Data_Ranger
1984,5,2,1580.57565131081,Data_Ranger
1984,5,3,1619.988150446,Data_Ranger
1984,5,4,1413.17300653921,Data_Ranger
1984,5,5,1364.69039097979,Data_Ranger
1984,5,6,1306.12563637368,Data_Ranger
1984,5,7,1232.34220790861,Data_Ranger
1984,5,8,1319.77114111115,Data_Ranger
1984,5,9,1436.00709253266,Data_Ranger
1984,5,10,1433.16758378309,Data_Ranger
1984,5,11,1665.9683009615,Data_Ranger
1984,5,12,2175.25058548572,Data_Ranger
1984,5,13,2284.20351118514,Data_Ranger
1984,5,14,2407.6555716315,Data_Ranger
1984,5,15,2059.49048813843,Data_Ranger
1984,5,16,1710.5842046497,Data_Ranger
1984,5,17,1502.00622268031,Data_Ranger
1984,5,18,1378.26471937671,Data_Ranger
1984,5,19,1566.43295309208,Data_Ranger
1984,5,20,2092.36377372032,Data_Ranger
1984,5,21,1808.2573187036,Data_Ranger
1984,5,22,1637.75394322465,Data_Ranger
1984,5,23,2221.0676264943,Data_Ranger
1984,5,24,2107.70033282402,Data_Ranger
1984,5,25,1743.74760024304,Data_Ranger
1984,5,26,2301.23560239845,Data_Ranger
1984,5,27,2285.47038904337,Data_Ranger
1984,5,28,2035.27503131368,Data_Ranger
1984,5,29,2235.11867735766,Data_Ranger
1984,5,30,2371.85044509208,Data_Ranger
1984,5,31,1823.9658409605,Data_Ranger
1984,6,1,1398.17134103847,Data_Ranger
1984,6,2,1245.08895828059,Data_Ranger
1984,6,3,1122.50244550519,Data_Ranger
1984,6,4,1145.71577879515,Data_Ranger
1984,6,5,1423.99422280873,Data_Ranger
1984,6,6,1353.46913027594,Data_Ranger
1984,6,7,1439.86278062831,Data_Ranger
1984,6,8,1688.24863038665,Data_Ranger
1984,6,9,1588.77428416953,Data_Ranger
1984,6,10,1302.80472992014,Data_Ranger
1984,6,11,1177.35072411532,Data_Ranger
1984,6,12,1134.96322771543,Data_Ranger
1984,6,13,1185.31582240253,Data_Ranger
1984,6,14,1279.47067890435,Data_Ranger
1984,6,15,1325.36203551797,Data_Ranger
1984,6,16,1117.30079979488,Data_Ranger
1984,6,17,1009.84890717687,Data_Ranger
1984,6,18,885.374583845802,Data_Ranger
1984,6,19,835.829209586404,Data_Ranger
1984,6,20,945.309249159437,Data_Ranger
1984,6,21,1492.00926630657,Data_Ranger
1984,6,22,1316.24289151413,Data_Ranger
1984,6,23,1229.2599023483,Data_Ranger
1984,6,24,1191.69615325181,Data_Ranger
1984,6,25,1106.77078127702,Data_Ranger
1984,6,26,1066.95906936896,Data_Ranger
1984,6,27,1056.11130927327,Data_Ranger
1984,6,28,941.948735368416,Data_Ranger
1984,6,29,1031.90326919408,Data_Ranger
1984,6,30,948.314070400658,Data_Ranger
1984,7,1,809.098884323886,Data_Ranger
1984,7,2,783.274121888394,Data_Ranger
1984,7,3,677.735231500708,Data_Ranger
1984,7,4,694.064271195935,Data_Ranger
1984,7,5,660.003239432978,Data_Ranger
1984,7,6,596.284456276463,Data_Ranger
1984,7,7,524.64553336136,Data_Ranger
1984,7,8,477.116652988798,Data_Ranger
1984,7,9,461.890340672481,Data_Ranger
1984,7,10,439.977728165939,Data_Ranger
1984,7,11,419.509806936785,Data_Ranger
1984,7,12,403.828499379649,Data_Ranger
1984,7,13,375.828655056052,Data_Ranger
1984,7,14,371.862134851152,Data_Ranger
1984,7,15,360.644169822677,Data_Ranger
1984,7,16,361.644361279236,Data_Ranger
1984,7,17,348.432222095803,Data_Ranger
1984,7,18,322.518326411955,Data_Ranger
1984,7,19,306.392762856614,Data_Ranger
1984,7,20,293.470547089653,Data_Ranger
1984,7,21,283.619872982359,Data_Ranger
1984,7,22,277.771473241387,Data_Ranger
1984,7,23,276.730871108659,Data_Ranger
1984,7,24,276.052371154596,Data_Ranger
1984,7,25,269.264363339195,Data_Ranger
1984,7,26,265.226885372366,Data_Ranger
1984,7,27,255.7922126518,Data_Ranger
1984,7,28,255.06650996371,Data_Ranger
1984,7,29,249.53237457369,Data_Ranger
1984,7,30,238.571400761598,Data_Ranger
1984,7,31,242.45439683323,Data_Ranger
1984,8,1,235.941612363148,Data_Ranger
1984,8,2,227.803053532124,Data_Ranger
1984,8,3,216.525866639173,Data_Ranger
1984,8,4,214.829282552231,Data_Ranger
1984,8,5,211.209361666005,Data_Ranger
1984,8,6,210.374083634149,Data_Ranger
1984,8,7,204.691878448257,Data_Ranger
1984,8,8,197.50514969753,Data_Ranger
1984,8,9,191.833968302976,Data_Ranger
1984,8,10,189.309826205437,Data_Ranger
1984,8,11,189.190236621118,Data_Ranger
1984,8,12,185.282802267595,Data_Ranger
1984,8,13,187.524377363047,Data_Ranger
1984,8,14,184.674173907382,Data_Ranger
1984,8,15,177.089950674976,Data_Ranger
1984,8,16,177.05542953717,Data_Ranger
1984,8,17,175.460866182836,Data_Ranger
1984,8,18,173.63606723888,Data_Ranger
1984,8,19,169.994082905829,Data_Ranger
1984,8,20,168.395937696138,Data_Ranger
1984,8,21,168.45455112492,Data_Ranger
1984,8,22,171.06528297155,Data_Ranger
1984,8,23,165.64769671647,Data_Ranger
1984,8,24,169.651773955025,Data_Ranger
1984,8,25,166.745795368558,Data_Ranger
1984,8,26,164.9050857625,Data_Ranger
1984,8,27,176.444179793691,Data_Ranger
1984,8,28,178.887160110273,Data_Ranger
1984,8,29,161.481822008343,Data_Ranger
1984,8,30,158.393704903291,Data_Ranger
1984,8,31,174.513677010151,Data_Ranger
1984,9,1,176.284117314958,Data_Ranger
1984,9,2,170.27895188002,Data_Ranger
1984,9,3,166.275741933531,Data_Ranger
1984,9,4,168.546520560223,Data_Ranger
1984,9,5,187.455547443084,Data_Ranger
1984,9,6,245.001432375694,Data_Ranger
1984,9,7,242.557578848041,Data_Ranger
1984,9,8,259.834014721184,Data_Ranger
1984,9,9,227.108238324665,Data_Ranger
1984,9,10,204.818008670412,Data_Ranger
1984,9,11,200.628980599692,Data_Ranger
1984,9,12,215.087435142544,Data_Ranger
1984,9,13,195.235443485675,Data_Ranger
1984,9,14,176.577231777032,Data_Ranger
1984,9,15,173.597506292991,Data_Ranger
1984,9,16,175.484295703575,Data_Ranger
1984,9,17,172.53634797532,Data_Ranger
1984,9,18,163.737521939056,Data_Ranger
1984,9,19,158.726269308988,Data_Ranger
1984,9,20,166.259300571361,Data_Ranger
1984,9,21,175.823258629946,Data_Ranger
1984,9,22,200.073931322011,Data_Ranger
1984,9,23,209.122959788692,Data_Ranger
1984,9,24,199.894706969368,Data_Ranger
1984,9,25,189.448539064473,Data_Ranger
1984,9,26,184.476468791556,Data_Ranger
1984,9,27,179.035696219468,Data_Ranger
1984,9,28,178.883430511995,Data_Ranger
1984,9,29,172.94380968372,Data_Ranger
1984,9,30,169.671165565969,Data_Ranger
1984,10,1,170.819825015203,Data_Ranger
1984,10,2,166.903952720155,Data_Ranger
1984,10,3,165.021095052665,Data_Ranger
1984,10,4,167.086969524933,Data_Ranger
1984,10,5,171.379048932246,Data_Ranger
1984,10,6,162.553265916735,Data_Ranger
1984,10,7,170.492881490146,Data_Ranger
1984,10,8,193.08108744355,Data_Ranger
1984,10,9,205.498715437819,Data_Ranger
1984,10,10,249.665749365209,Data_Ranger
1984,10,11,269.956243927613,Data_Ranger
1984,10,12,313.340483547058,Data_Ranger
1984,10,13,463.590200825452,Data_Ranger
1984,10,14,456.109005567628,Data_Ranger
1984,10,15,373.458707466112,Data_Ranger
1984,10,16,338.250131500758,Data_Ranger
1984,10,17,304.165104809346,Data_Ranger
1984,10,18,269.75736511343,Data_Ranger
1984,10,19,276.614539132046,Data_Ranger
1984,10,20,303.744607783165,Data_Ranger
1984,10,21,273.837650395559,Data_Ranger
1984,10,22,257.019008535542,Data_Ranger
1984,10,23,249.415610923473,Data_Ranger
1984,10,24,259.097127722545,Data_Ranger
1984,10,25,716.163358790868,Data_Ranger
1984,10,26,905.649012818678,Data_Ranger
1984,10,27,775.014132130753,Data_Ranger
1984,10,28,734.907389382245,Data_Ranger
1984,10,29,607.926346522893,Data_Ranger
1984,10,30,594.599474536692,Data_Ranger
1984,10,31,593.764531864763,Data_Ranger
1984,11,1,601.445174453386,Data_Ranger
1984,11,2,1081.54957197209,Data_Ranger
1984,11,3,1485.19265992714,Data_Ranger
1984,11,4,1871.44541377375,Data_Ranger
1984,11,5,1564.1130651194,Data_Ranger
1984,11,6,1389.57680793845,Data_Ranger
1984,11,7,1315.4988621158,Data_Ranger
1984,11,8,1163.4040198602,Data_Ranger
1984,11,9,1093.18863978494,Data_Ranger
1984,11,10,1050.79250580468,Data_Ranger
1984,11,11,1329.64187142761,Data_Ranger
1984,11,12,1233.08940530636,Data_Ranger
1984,11,13,1333.56464429546,Data_Ranger
1984,11,14,1412.98740518112,Data_Ranger
1984,11,15,1214.29552710788,Data_Ranger
1984,11,16,954.485899289627,Data_Ranger
1984,11,17,816.748617831974,Data_Ranger
1984,11,18,842.651871833648,Data_Ranger
1984,11,19,898.95611247834,Data_Ranger
1984,11,20,974.534342225182,Data_Ranger
1984,11,21,935.662979832012,Data_Ranger
1984,11,22,781.441184991962,Data_Ranger
1984,11,23,836.785103439078,Data_Ranger
1984,11,24,847.880962474526,Data_Ranger
1984,11,25,787.814931069195,Data_Ranger
1984,11,26,762.399523469454,Data_Ranger
1984,11,27,731.449711943846,Data_Ranger
1984,11,28,889.973987604574,Data_Ranger
1984,11,29,961.990273366092,Data_Ranger
1984,11,30,900.045298573933,Data_Ranger
1984,12,1,828.17018546157,Data_Ranger
1984,12,2,750.559337124793,Data_Ranger
1984,12,3,645.086965124731,Data_Ranger
1984,12,4,554.586014750338,Data_Ranger
1984,12,5,553.481514566215,Data_Ranger
1984,12,6,546.810020715274,Data_Ranger
1984,12,7,575.705164292457,Data_Ranger
1984,12,8,859.73493245708,Data_Ranger
1984,12,9,977.779555331998,Data_Ranger
1984,12,10,899.278110011091,Data_Ranger
1984,12,11,807.842679175572,Data_Ranger
1984,12,12,798.772102627882,Data_Ranger
1984,12,13,684.311267737496,Data_Ranger
1984,12,14,871.095116618753,Data_Ranger
1984,12,15,1077.89000861358,Data_Ranger
1984,12,16,1003.01672916101,Data_Ranger
1984,12,17,844.695850058646,Data_Ranger
1984,12,18,703.390421159799,Data_Ranger
1984,12,19,625.815688011378,Data_Ranger
1984,12,20,574.714675653234,Data_Ranger
1984,12,21,592.397785918822,Data_Ranger
1984,12,22,1152.32020741921,Data_Ranger
1984,12,23,1837.44803759094,Data_Ranger
1984,12,24,1582.07582513613,Data_Ranger
1984,12,25,1267.4666398995,Data_Ranger
1984,12,26,1072.00680107369,Data_Ranger
1984,12,27,971.400985625806,Data_Ranger
1984,12,28,815.126710855519,Data_Ranger
1984,12,29,730.409921718435,Data_Ranger
1984,12,30,803.55519448565,Data_Ranger
1984,12,31,715.813903303433,Data_Ranger
1985,1,1,637.784096250784,Data_Ranger
1985,1,2,584.657865656548,Data_Ranger
1985,1,3,560.687757138269,Data_Ranger
1985,1,4,546.209359038527,Data_Ranger
1985,1,5,538.881200738665,Data_Ranger
1985,1,6,509.861745081234,Data_Ranger
1985,1,7,512.587720468442,Data_Ranger
1985,1,8,518.558558849818,Data_Ranger
1985,1,9,490.298875649545,Data_Ranger
1985,1,10,461.841433318392,Data_Ranger
1985,1,11,443.191173126241,Data_Ranger
1985,1,12,420.876827183895,Data_Ranger
1985,1,13,413.485857172461,Data_Ranger
1985,1,14,452.251972037738,Data_Ranger
1985,1,15,521.403056651451,Data_Ranger
1985,1,16,506.048099626493,Data_Ranger
1985,1,17,544.274137634237,Data_Ranger
1985,1,18,592.701118208147,Data_Ranger
1985,1,19,593.486917316726,Data_Ranger
1985,1,20,691.015973940499,Data_Ranger
1985,1,21,757.565668002531,Data_Ranger
1985,1,22,747.342157347219,Data_Ranger
1985,1,23,669.296323824378,Data_Ranger
1985,1,24,610.438591412248,Data_Ranger
1985,1,25,577.882044107385,Data_Ranger
1985,1,26,528.826941537234,Data_Ranger
1985,1,27,486.181076118307,Data_Ranger
1985,1,28,470.307677254146,Data_Ranger
1985,1,29,432.079034446315,Data_Ranger
1985,1,30,403.295656535173,Data_Ranger
1985,1,31,386.443992592919,Data_Ranger
1985,2,1,385.816625162396,Data_Ranger
1985,2,2,376.316427874743,Data_Ranger
1985,2,3,346.986680158155,Data_Ranger
1985,2,4,341.824795890103,Data_Ranger
1985,2,5,356.886752250805,Data_Ranger
1985,2,6,357.140620043949,Data_Ranger
1985,2,7,367.101908516551,Data_Ranger
1985,2,8,350.177842464986,Data_Ranger
1985,2,9,342.298436374608,Data_Ranger
1985,2,10,347.948017488073,Data_Ranger
1985,2,11,452.773092553173,Data_Ranger
1985,2,12,546.228935155447,Data_Ranger
1985,2,13,480.718291171235,Data_Ranger
1985,2,14,458.34324829123,Data_Ranger
1985,2,15,580.072418346761,Data_Ranger
1985,2,16,519.358492831693,Data_Ranger
1985,2,17,477.170355437788,Data_Ranger
1985,2,18,442.834423500177,Data_Ranger
1985,2,19,463.725944071186,Data_Ranger
1985,2,20,493.469755645408,Data_Ranger
1985,2,21,555.036624444523,Data_Ranger
1985,2,22,1020.04777098546,Data_Ranger
1985,2,23,1120.40496944563,Data_Ranger
1985,2,24,1538.54070798862,Data_Ranger
1985,2,25,1586.95362304441,Data_Ranger
1985,2,26,1221.87422834002,Data_Ranger
1985,2,27,1042.73725637343,Data_Ranger
1985,2,28,940.465271481745,Data_Ranger
1985,3,1,880.583858761191,Data_Ranger
1985,3,2,770.259449331824,Data_Ranger
1985,3,3,695.114158585393,Data_Ranger
1985,3,4,674.416191165154,Data_Ranger
1985,3,5,642.4839808933,Data_Ranger
1985,3,6,600.490394327234,Data_Ranger
1985,3,7,554.284046892493,Data_Ranger
1985,3,8,518.083819056729,Data_Ranger
1985,3,9,495.308861127374,Data_Ranger
1985,3,10,532.813616665789,Data_Ranger
1985,3,11,514.154373193258,Data_Ranger
1985,3,12,532.984578889098,Data_Ranger
1985,3,13,521.754328382726,Data_Ranger
1985,3,14,539.143473542284,Data_Ranger
1985,3,15,574.445972575148,Data_Ranger
1985,3,16,658.774533171532,Data_Ranger
1985,3,17,776.157545353253,Data_Ranger
1985,3,18,798.029785393557,Data_Ranger
1985,3,19,811.703436374596,Data_Ranger
1985,3,20,798.65708380465,Data_Ranger
1985,3,21,808.028314349004,Data_Ranger
1985,3,22,803.306803924578,Data_Ranger
1985,3,23,857.86040947175,Data_Ranger
1985,3,24,842.278345955096,Data_Ranger
1985,3,25,761.44835819993,Data_Ranger
1985,3,26,699.106509595286,Data_Ranger
1985,3,27,677.755976828274,Data_Ranger
1985,3,28,622.904122620554,Data_Ranger
1985,3,29,579.379578895881,Data_Ranger
1985,3,30,1013.53123558085,Data_Ranger
1985,3,31,1926.77030167302,Data_Ranger
1985,4,1,2307.07964936763,Data_Ranger
1985,4,2,2485.09567000471,Data_Ranger
1985,4,3,3159.95136446797,Data_Ranger
1985,4,4,2253.38971491945,Data_Ranger
1985,4,5,1879.29099341537,Data_Ranger
1985,4,6,1723.68406602224,Data_Ranger
1985,4,7,1830.6246560181,Data_Ranger
1985,4,8,1943.89952303622,Data_Ranger
1985,4,9,2253.78209146973,Data_Ranger
1985,4,10,3013.2709016885,Data_Ranger
1985,4,11,3136.18817869868,Data_Ranger
1985,4,12,3106.71399318975,Data_Ranger
1985,4,13,2729.3441205355,Data_Ranger
1985,4,14,2712.28587896262,Data_Ranger
1985,4,15,2617.49132927845,Data_Ranger
1985,4,16,2837.91138667139,Data_Ranger
1985,4,17,2260.2387005433,Data_Ranger
1985,4,18,1966.85015018533,Data_Ranger
1985,4,19,1628.6537748045,Data_Ranger
1985,4,20,1318.68435214739,Data_Ranger
1985,4,21,1187.11665120067,Data_Ranger
1985,4,22,1120.35046541141,Data_Ranger
1985,4,23,1243.98568395093,Data_Ranger
1985,4,24,1158.44482413539,Data_Ranger
1985,4,25,1105.08280227477,Data_Ranger
1985,4,26,1084.24311180746,Data_Ranger
1985,4,27,1836.04464206606,Data_Ranger
1985,4,28,2367.63393116067,Data_Ranger
1985,4,29,2078.30980246805,Data_Ranger
1985,4,30,1888.46070941131,Data_Ranger
1985,5,1,1949.22306736688,Data_Ranger
1985,5,2,2140.61964731952,Data_Ranger
1985,5,3,2367.66065193307,Data_Ranger
1985,5,4,1949.03998559885,Data_Ranger
1985,5,5,1625.50374688807,Data_Ranger
1985,5,6,1431.87194650737,Data_Ranger
1985,5,7,1285.10999637374,Data_Ranger
1985,5,8,1235.70857585408,Data_Ranger
1985,5,9,1173.89015639472,Data_Ranger
1985,5,10,1136.59283349941,Data_Ranger
1985,5,11,1144.39740658916,Data_Ranger
1985,5,12,1056.92365480234,Data_Ranger
1985,5,13,1013.81667436406,Data_Ranger
1985,5,14,1161.60453914305,Data_Ranger
1985,5,15,1143.25718587453,Data_Ranger
1985,5,16,1532.92956758104,Data_Ranger
1985,5,17,1947.41916984871,Data_Ranger
1985,5,18,2203.28917483937,Data_Ranger
1985,5,19,1994.34411178898,Data_Ranger
1985,5,20,1801.48625008229,Data_Ranger
1985,5,21,1597.25336771028,Data_Ranger
1985,5,22,1708.52485691259,Data_Ranger
1985,5,23,1839.61580017047,Data_Ranger
1985,5,24,1847.77791716783,Data_Ranger
1985,5,25,1743.59061724477,Data_Ranger
1985,5,26,1439.91085144599,Data_Ranger
1985,5,27,1299.57201973899,Data_Ranger
1985,5,28,1151.20357140919,Data_Ranger
1985,5,29,1208.68428757289,Data_Ranger
1985,5,30,1401.757544509,Data_Ranger
1985,5,31,1225.26588815997,Data_Ranger
1985,6,1,1156.63552678486,Data_Ranger
1985,6,2,1090.60943338428,Data_Ranger
1985,6,3,1003.66789150813,Data_Ranger
1985,6,4,1090.2660393762,Data_Ranger
1985,6,5,1029.31734468784,Data_Ranger
1985,6,6,1182.76390777172,Data_Ranger
1985,6,7,3887.93487192262,Data_Ranger
1985,6,8,3611.81540853177,Data_Ranger
1985,6,9,1957.01447884955,Data_Ranger
1985,6,10,1403.33471242515,Data_Ranger
1985,6,11,1242.91320266333,Data_Ranger
1985,6,12,1167.408962496,Data_Ranger
1985,6,13,1069.82182474656,Data_Ranger
1985,6,14,1044.02836256427,Data_Ranger
1985,6,15,1064.70144632626,Data_Ranger
1985,6,16,875.846171500039,Data_Ranger
1985,6,17,794.363964676974,Data_Ranger
1985,6,18,789.522700841558,Data_Ranger
1985,6,19,773.104797288023,Data_Ranger
1985,6,20,730.263616612606,Data_Ranger
1985,6,21,662.336624242985,Data_Ranger
1985,6,22,583.590513228128,Data_Ranger
1985,6,23,546.667496773584,Data_Ranger
1985,6,24,478.219171824332,Data_Ranger
1985,6,25,442.634219636441,Data_Ranger
1985,6,26,423.260979587607,Data_Ranger
1985,6,27,417.176611771881,Data_Ranger
1985,6,28,387.256360563141,Data_Ranger
1985,6,29,377.587084612605,Data_Ranger
1985,6,30,373.58025974181,Data_Ranger
1985,7,1,354.931218834773,Data_Ranger
1985,7,2,351.62026705677,Data_Ranger
1985,7,3,341.971111131901,Data_Ranger
1985,7,4,346.680108596814,Data_Ranger
1985,7,5,327.455639788526,Data_Ranger
1985,7,6,315.096553026963,Data_Ranger
1985,7,7,308.957901911191,Data_Ranger
1985,7,8,296.661357004233,Data_Ranger
1985,7,9,286.496620662046,Data_Ranger
1985,7,10,272.810667667623,Data_Ranger
1985,7,11,245.489171167627,Data_Ranger
1985,7,12,238.457316994426,Data_Ranger
1985,7,13,228.027521649623,Data_Ranger
1985,7,14,222.304931368949,Data_Ranger
1985,7,15,221.573861496003,Data_Ranger
1985,7,16,216.13923389643,Data_Ranger
1985,7,17,211.823065814414,Data_Ranger
1985,7,18,208.144568202906,Data_Ranger
1985,7,19,204.421608928115,Data_Ranger
1985,7,20,196.350018188035,Data_Ranger
1985,7,21,197.345418837119,Data_Ranger
1985,7,22,192.644840154017,Data_Ranger
1985,7,23,190.879394571512,Data_Ranger
1985,7,24,189.05284186176,Data_Ranger
1985,7,25,181.828765793676,Data_Ranger
1985,7,26,175.234901914356,Data_Ranger
1985,7,27,175.439987534183,Data_Ranger
1985,7,28,169.470610567113,Data_Ranger
1985,7,29,165.610382840251,Data_Ranger
1985,7,30,173.484069223073,Data_Ranger
1985,7,31,185.239048729731,Data_Ranger
1985,8,1,201.730011095303,Data_Ranger
1985,8,2,186.796115185516,Data_Ranger
1985,8,3,170.519273616179,Data_Ranger
1985,8,4,167.593419867134,Data_Ranger
1985,8,5,164.110831892052,Data_Ranger
1985,8,6,157.075333258226,Data_Ranger
1985,8,7,172.486087544901,Data_Ranger
1985,8,8,241.430744342767,Data_Ranger
1985,8,9,180.714990929177,Data_Ranger
1985,8,10,222.864264466305,Data_Ranger
1985,8,11,183.574780413525,Data_Ranger
1985,8,12,162.893683491208,Data_Ranger
1985,8,13,158.782148437488,Data_Ranger
1985,8,14,148.126899550519,Data_Ranger
1985,8,15,146.748252561785,Data_Ranger
1985,8,16,146.184892362076,Data_Ranger
1985,8,17,144.316168974858,Data_Ranger
1985,8,18,140.895006536817,Data_Ranger
1985,8,19,139.849784049923,Data_Ranger
1985,8,20,138.383824281757,Data_Ranger
1985,8,21,143.427396183967,Data_Ranger
1985,8,22,141.103316151315,Data_Ranger
1985,8,23,135.534160622101,Data_Ranger
1985,8,24,133.524757513659,Data_Ranger
1985,8,25,135.220687141034,Data_Ranger
1985,8,26,132.398922480119,Data_Ranger
1985,8,27,131.472984896631,Data_Ranger
1985,8,28,130.063291697551,Data_Ranger
1985,8,29,129.533446438704,Data_Ranger
1985,8,30,134.643007123786,Data_Ranger
1985,8,31,139.631911810763,Data_Ranger
1985,9,1,134.779766234084,Data_Ranger
1985,9,2,134.75401838432,Data_Ranger
1985,9,3,130.351438025486,Data_Ranger
1985,9,4,127.944686253192,Data_Ranger
1985,9,5,182.495995270969,Data_Ranger
1985,9,6,387.108933585281,Data_Ranger
1985,9,7,272.417755563878,Data_Ranger
1985,9,8,242.192049791792,Data_Ranger
1985,9,9,228.632272194368,Data_Ranger
1985,9,10,235.533934263362,Data_Ranger
1985,9,11,214.250263983808,Data_Ranger
1985,9,12,197.755368949747,Data_Ranger
1985,9,13,204.054183127753,Data_Ranger
1985,9,14,207.49521547559,Data_Ranger
1985,9,15,220.341532259877,Data_Ranger
1985,9,16,238.398419755859,Data_Ranger
1985,9,17,570.775584825053,Data_Ranger
1985,9,18,427.119475163813,Data_Ranger
1985,9,19,311.809161773,Data_Ranger
1985,9,20,265.485512619104,Data_Ranger
1985,9,21,247.267973900129,Data_Ranger
1985,9,22,220.368821404962,Data_Ranger
1985,9,23,215.644987832774,Data_Ranger
1985,9,24,201.920852210725,Data_Ranger
1985,9,25,191.727635398068,Data_Ranger
1985,9,26,185.005732266903,Data_Ranger
1985,9,27,177.18888610529,Data_Ranger
1985,9,28,168.057021784352,Data_Ranger
1985,9,29,159.354824825933,Data_Ranger
1985,9,30,154.539219047594,Data_Ranger
1985,10,1,156.181434981453,Data_Ranger
1985,10,2,161.404433950652,Data_Ranger
1985,10,3,181.147051820595,Data_Ranger
1985,10,4,162.403427338717,Data_Ranger
1985,10,5,152.647037302017,Data_Ranger
1985,10,6,160.936518179146,Data_Ranger
1985,10,7,174.178048507317,Data_Ranger
1985,10,8,170.758198057809,Data_Ranger
1985,10,9,158.813571846598,Data_Ranger
1985,10,10,152.818033549869,Data_Ranger
1985,10,11,217.884169316866,Data_Ranger
1985,10,12,282.508897273528,Data_Ranger
1985,10,13,247.703954581876,Data_Ranger
1985,10,14,287.363300140295,Data_Ranger
1985,10,15,428.05058878612,Data_Ranger
1985,10,16,535.538608033264,Data_Ranger
1985,10,17,506.600516737712,Data_Ranger
1985,10,18,403.716811739571,Data_Ranger
1985,10,19,483.771908296714,Data_Ranger
1985,10,20,558.697067675142,Data_Ranger
1985,10,21,540.321842714095,Data_Ranger
1985,10,22,793.072336024325,Data_Ranger
1985,10,23,1288.20642421048,Data_Ranger
1985,10,24,2263.5955238036,Data_Ranger
1985,10,25,4573.89582555239,Data_Ranger
1985,10,26,3732.59575821293,Data_Ranger
1985,10,27,3677.21532747196,Data_Ranger
1985,10,28,2788.92315480712,Data_Ranger
1985,10,29,1674.90002361709,Data_Ranger
1985,10,30,1449.7535395159,Data_Ranger
1985,10,31,1328.82206322236,Data_Ranger
1985,11,1,1863.19286025777,Data_Ranger
1985,11,2,3386.20883510797,Data_Ranger
1985,11,3,3665.1745529325,Data_Ranger
1985,11,4,3985.4644434057,Data_Ranger
1985,11,5,3276.58764927981,Data_Ranger
1985,11,6,3950.26104556214,Data_Ranger
1985,11,7,4157.78263951509,Data_Ranger
1985,11,8,2771.1356341598,Data_Ranger
1985,11,9,1917.83256504243,Data_Ranger
1985,11,10,1557.84594703155,Data_Ranger
1985,11,11,1306.62331751132,Data_Ranger
1985,11,12,1092.81493428648,Data_Ranger
1985,11,13,979.63369857781,Data_Ranger
1985,11,14,840.415544592269,Data_Ranger
1985,11,15,901.470009102242,Data_Ranger
1985,11,16,1016.60954195875,Data_Ranger
1985,11,17,956.217239047104,Data_Ranger
1985,11,18,888.01029380178,Data_Ranger
1985,11,19,828.380850661328,Data_Ranger
1985,11,20,747.65952066584,Data_Ranger
1985,11,21,664.339575554653,Data_Ranger
1985,11,22,632.880359391663,Data_Ranger
1985,11,23,583.457110321949,Data_Ranger
1985,11,24,565.783097751743,Data_Ranger
1985,11,25,551.429475123339,Data_Ranger
1985,11,26,557.721021616456,Data_Ranger
1985,11,27,544.835391313493,Data_Ranger
1985,11,28,493.683456628993,Data_Ranger
1985,11,29,454.845946916937,Data_Ranger
1985,11,30,428.043799900915,Data_Ranger
1985,12,1,388.774273107031,Data_Ranger
1985,12,2,405.643448261125,Data_Ranger
1985,12,3,513.109035249779,Data_Ranger
1985,12,4,518.071959614008,Data_Ranger
1985,12,5,555.562436816851,Data_Ranger
1985,12,6,627.773138490113,Data_Ranger
1985,12,7,673.282175540596,Data_Ranger
1985,12,8,634.863090491599,Data_Ranger
1985,12,9,555.344280398228,Data_Ranger
1985,12,10,544.414482393301,Data_Ranger
1985,12,11,506.142843978518,Data_Ranger
1985,12,12,484.951077150719,Data_Ranger
1985,12,13,452.954782851655,Data_Ranger
1985,12,14,422.466769945587,Data_Ranger
1985,12,15,408.206170988467,Data_Ranger
1985,12,16,408.597985379599,Data_Ranger
1985,12,17,407.632523721385,Data_Ranger
1985,12,18,399.628353595752,Data_Ranger
1985,12,19,422.18265592018,Data_Ranger
1985,12,20,450.112267798135,Data_Ranger
1985,12,21,432.358075351195,Data_Ranger
1985,12,22,420.795495886149,Data_Ranger
1985,12,23,452.766595786329,Data_Ranger
1985,12,24,478.528137143856,Data_Ranger
1985,12,25,466.206305137651,Data_Ranger
1985,12,26,494.047075689122,Data_Ranger
1985,12,27,484.242498687476,Data_Ranger
1985,12,28,432.413813239884,Data_Ranger
1985,12,29,420.207392139806,Data_Ranger
1985,12,30,413.018824550087,Data_Ranger
1985,12,31,397.514929473557,Data_Ranger
1986,1,1,489.109269103136,Data_Ranger
1986,1,2,450.848012616784,Data_Ranger
1986,1,3,469.748745374531,Data_Ranger
1986,1,4,437.967095027142,Data_Ranger
1986,1,5,470.283955458237,Data_Ranger
1986,1,6,641.41112885838,Data_Ranger
1986,1,7,620.11694415945,Data_Ranger
1986,1,8,583.474738263647,Data_Ranger
1986,1,9,621.388009073115,Data_Ranger
1986,1,10,726.935277274738,Data_Ranger
1986,1,11,773.19596202645,Data_Ranger
1986,1,12,741.14441718831,Data_Ranger
1986,1,13,713.598540366771,Data_Ranger
1986,1,14,702.91489755992,Data_Ranger
1986,1,15,634.749446191177,Data_Ranger
1986,1,16,680.242780378298,Data_Ranger
1986,1,17,906.387381749751,Data_Ranger
1986,1,18,2143.62115558368,Data_Ranger
1986,1,19,3992.52479801473,Data_Ranger
1986,1,20,2643.41830080167,Data_Ranger
1986,1,21,1712.05714365825,Data_Ranger
1986,1,22,1325.95839608971,Data_Ranger
1986,1,23,1346.55924993644,Data_Ranger
1986,1,24,1201.06311082227,Data_Ranger
1986,1,25,1108.20832911388,Data_Ranger
1986,1,26,973.294797071803,Data_Ranger
1986,1,27,969.794785462474,Data_Ranger
1986,1,28,913.460655832508,Data_Ranger
1986,1,29,866.291476793439,Data_Ranger
1986,1,30,1027.95435385855,Data_Ranger
1986,1,31,1175.16889701922,Data_Ranger
1986,2,1,1171.43148607319,Data_Ranger
1986,2,2,1107.3936248638,Data_Ranger
1986,2,3,1037.12031666154,Data_Ranger
1986,2,4,1004.10647397691,Data_Ranger
1986,2,5,980.168012152492,Data_Ranger
1986,2,6,886.283174275633,Data_Ranger
1986,2,7,817.266105469767,Data_Ranger
1986,2,8,697.071288402335,Data_Ranger
1986,2,9,672.499000595164,Data_Ranger
1986,2,10,671.264847112855,Data_Ranger
1986,2,11,640.078940400329,Data_Ranger
1986,2,12,582.002666986498,Data_Ranger
1986,2,13,557.721777082757,Data_Ranger
1986,2,14,550.714068411071,Data_Ranger
1986,2,15,660.407190935637,Data_Ranger
1986,2,16,951.505254994928,Data_Ranger
1986,2,17,887.393749032894,Data_Ranger
1986,2,18,829.949423687323,Data_Ranger
1986,2,19,769.655518446503,Data_Ranger
1986,2,20,702.67517980121,Data_Ranger
1986,2,21,702.481418746139,Data_Ranger
1986,2,22,855.426506983846,Data_Ranger
1986,2,23,3950.1739812066,Data_Ranger
1986,2,24,10338.3425236688,Data_Ranger
1986,2,25,8840.28245782639,Data_Ranger
1986,2,26,6237.14904302514,Data_Ranger
1986,2,27,3681.8688583289,Data_Ranger
1986,2,28,2610.6700216263,Data_Ranger
1986,3,1,2184.88717438568,Data_Ranger
1986,3,2,1950.99369812678,Data_Ranger
1986,3,3,1741.74350554392,Data_Ranger
1986,3,4,1750.92299505216,Data_Ranger
1986,3,5,1631.18914197503,Data_Ranger
1986,3,6,1445.61309080212,Data_Ranger
1986,3,7,1889.69281829248,Data_Ranger
1986,3,8,2344.64366202911,Data_Ranger
1986,3,9,2094.93195399502,Data_Ranger
1986,3,10,1775.94405697523,Data_Ranger
1986,3,11,1726.49219013423,Data_Ranger
1986,3,12,1516.8089358701,Data_Ranger
1986,3,13,1327.92312877084,Data_Ranger
1986,3,14,1222.98516765184,Data_Ranger
1986,3,15,1039.56230329014,Data_Ranger
1986,3,16,970.20985069665,Data_Ranger
1986,3,17,981.088041045356,Data_Ranger
1986,3,18,1117.12556833456,Data_Ranger
1986,3,19,1387.82687915982,Data_Ranger
1986,3,20,1248.82377329067,Data_Ranger
1986,3,21,1340.91995217376,Data_Ranger
1986,3,22,1178.72114452988,Data_Ranger
1986,3,23,1210.50070217175,Data_Ranger
1986,3,24,1606.16494347789,Data_Ranger
1986,3,25,1431.31392911393,Data_Ranger
1986,3,26,1442.16825290391,Data_Ranger
1986,3,27,1360.55801374595,Data_Ranger
1986,3,28,1441.54046375843,Data_Ranger
1986,3,29,1505.86380821919,Data_Ranger
1986,3,30,1801.34880338876,Data_Ranger
1986,3,31,1676.00703251636,Data_Ranger
1986,4,1,1429.09469309071,Data_Ranger
1986,4,2,1241.7779354279,Data_Ranger
1986,4,3,1101.52352356068,Data_Ranger
1986,4,4,1011.08082908326,Data_Ranger
1986,4,5,905.272754547418,Data_Ranger
1986,4,6,875.638654960131,Data_Ranger
1986,4,7,863.824912972865,Data_Ranger
1986,4,8,908.768644641188,Data_Ranger
1986,4,9,954.950648529931,Data_Ranger
1986,4,10,941.899111048736,Data_Ranger
1986,4,11,883.540624589836,Data_Ranger
1986,4,12,847.073943455032,Data_Ranger
1986,4,13,821.701926534293,Data_Ranger
1986,4,14,705.442466568328,Data_Ranger
1986,4,15,710.911925370206,Data_Ranger
1986,4,16,736.032486920066,Data_Ranger
1986,4,17,788.933143102702,Data_Ranger
1986,4,18,790.795558143227,Data_Ranger
1986,4,19,729.340173973275,Data_Ranger
1986,4,20,727.362498076852,Data_Ranger
1986,4,21,830.5653175464,Data_Ranger
1986,4,22,1000.15230685369,Data_Ranger
1986,4,23,957.358782706841,Data_Ranger
1986,4,24,811.896023809928,Data_Ranger
1986,4,25,806.401519838652,Data_Ranger
1986,4,26,808.887878725208,Data_Ranger
1986,4,27,1108.33581082594,Data_Ranger
1986,4,28,1454.54296793915,Data_Ranger
1986,4,29,1313.29486981238,Data_Ranger
1986,4,30,1111.3782637944,Data_Ranger
1986,5,1,936.618506183174,Data_Ranger
1986,5,2,913.803485346018,Data_Ranger
1986,5,3,1047.89878446227,Data_Ranger
1986,5,4,1037.44955886827,Data_Ranger
1986,5,5,1021.48116755605,Data_Ranger
1986,5,6,972.747535516306,Data_Ranger
1986,5,7,970.38736731726,Data_Ranger
1986,5,8,914.289173508094,Data_Ranger
1986,5,9,902.515610934644,Data_Ranger
1986,5,10,970.360799899853,Data_Ranger
1986,5,11,999.384968936855,Data_Ranger
1986,5,12,1168.56027247714,Data_Ranger
1986,5,13,2101.65910062781,Data_Ranger
1986,5,14,1747.35209525768,Data_Ranger
1986,5,15,1497.01518263695,Data_Ranger
1986,5,16,1287.8617698849,Data_Ranger
1986,5,17,1203.73039550758,Data_Ranger
1986,5,18,1249.22728954904,Data_Ranger
1986,5,19,1323.90180264779,Data_Ranger
1986,5,20,1521.63144414203,Data_Ranger
1986,5,21,1352.69485952047,Data_Ranger
1986,5,22,1195.23416779702,Data_Ranger
1986,5,23,1086.4720295165,Data_Ranger
1986,5,24,1076.66391165688,Data_Ranger
1986,5,25,1190.82464900615,Data_Ranger
1986,5,26,1348.36596442331,Data_Ranger
1986,5,27,1129.84047450662,Data_Ranger
1986,5,28,995.705642965566,Data_Ranger
1986,5,29,1003.84856446155,Data_Ranger
1986,5,30,1015.86246879129,Data_Ranger
1986,5,31,1004.48727691756,Data_Ranger
1986,6,1,895.051771116683,Data_Ranger
1986,6,2,795.005915087914,Data_Ranger
1986,6,3,679.68151317982,Data_Ranger
1986,6,4,594.359821190499,Data_Ranger
1986,6,5,552.291695077384,Data_Ranger
1986,6,6,514.63594229098,Data_Ranger
1986,6,7,489.774398134958,Data_Ranger
1986,6,8,461.671682912698,Data_Ranger
1986,6,9,443.159750862678,Data_Ranger
1986,6,10,441.177138593569,Data_Ranger
1986,6,11,419.210210457925,Data_Ranger
1986,6,12,403.785994655186,Data_Ranger
1986,6,13,369.710051325313,Data_Ranger
1986,6,14,374.524484756133,Data_Ranger
1986,6,15,364.247083487116,Data_Ranger
1986,6,16,343.820453742821,Data_Ranger
1986,6,17,336.509061500487,Data_Ranger
1986,6,18,387.665214907011,Data_Ranger
1986,6,19,403.715871267491,Data_Ranger
1986,6,20,361.562879841597,Data_Ranger
1986,6,21,340.917291909907,Data_Ranger
1986,6,22,311.571804302528,Data_Ranger
1986,6,23,304.47293540865,Data_Ranger
1986,6,24,285.169103031509,Data_Ranger
1986,6,25,273.944552760985,Data_Ranger
1986,6,26,276.57548076567,Data_Ranger
1986,6,27,248.596340742146,Data_Ranger
1986,6,28,244.163933403053,Data_Ranger
1986,6,29,244.736027201894,Data_Ranger
1986,6,30,230.977252618516,Data_Ranger
1986,7,1,235.600622991236,Data_Ranger
1986,7,2,242.557859131314,Data_Ranger
1986,7,3,233.274902113863,Data_Ranger
1986,7,4,255.375803700164,Data_Ranger
1986,7,5,246.474485077546,Data_Ranger
1986,7,6,224.084997451761,Data_Ranger
1986,7,7,213.134343924647,Data_Ranger
1986,7,8,206.410743969116,Data_Ranger
1986,7,9,204.875975402161,Data_Ranger
1986,7,10,252.203950329817,Data_Ranger
1986,7,11,331.812409397072,Data_Ranger
1986,7,12,274.514972798584,Data_Ranger
1986,7,13,248.215270049945,Data_Ranger
1986,7,14,222.282041998059,Data_Ranger
1986,7,15,216.299268650599,Data_Ranger
1986,7,16,305.897451841329,Data_Ranger
1986,7,17,517.841523177475,Data_Ranger
1986,7,18,372.471173955394,Data_Ranger
1986,7,19,291.386714709632,Data_Ranger
1986,7,20,268.605026869433,Data_Ranger
1986,7,21,250.186975547507,Data_Ranger
1986,7,22,230.663135532834,Data_Ranger
1986,7,23,226.027498683143,Data_Ranger
1986,7,24,222.304403154916,Data_Ranger
1986,7,25,209.695108609702,Data_Ranger
1986,7,26,205.154167455567,Data_Ranger
1986,7,27,204.993024937398,Data_Ranger
1986,7,28,195.318063902948,Data_Ranger
1986,7,29,184.348744460355,Data_Ranger
1986,7,30,180.845316401392,Data_Ranger
1986,7,31,176.671882030352,Data_Ranger
1986,8,1,175.788977722788,Data_Ranger
1986,8,2,168.655436936495,Data_Ranger
1986,8,3,174.76383400706,Data_Ranger
1986,8,4,166.304703802265,Data_Ranger
1986,8,5,159.791521156606,Data_Ranger
1986,8,6,153.153578064056,Data_Ranger
1986,8,7,154.662524617282,Data_Ranger
1986,8,8,148.713682606745,Data_Ranger
1986,8,9,147.511897974951,Data_Ranger
1986,8,10,144.802233720372,Data_Ranger
1986,8,11,146.237417240991,Data_Ranger
1986,8,12,143.81944862189,Data_Ranger
1986,8,13,142.23025368963,Data_Ranger
1986,8,14,140.572311523012,Data_Ranger
1986,8,15,138.913325917415,Data_Ranger
1986,8,16,137.599384977089,Data_Ranger
1986,8,17,138.405023409091,Data_Ranger
1986,8,18,137.270389892914,Data_Ranger
1986,8,19,134.643919505539,Data_Ranger
1986,8,20,132.474434921495,Data_Ranger
1986,8,21,133.229674517012,Data_Ranger
1986,8,22,129.142425477254,Data_Ranger
1986,8,23,127.22540790961,Data_Ranger
1986,8,24,125.972013651817,Data_Ranger
1986,8,25,125.837294366672,Data_Ranger
1986,8,26,124.218999858001,Data_Ranger
1986,8,27,121.330890320276,Data_Ranger
1986,8,28,124.620955957173,Data_Ranger
1986,8,29,126.366063602353,Data_Ranger
1986,8,30,134.467883865036,Data_Ranger
1986,8,31,136.256123710754,Data_Ranger
1986,9,1,130.280823270236,Data_Ranger
1986,9,2,129.338727724486,Data_Ranger
1986,9,3,127.223064355298,Data_Ranger
1986,9,4,124.935953703129,Data_Ranger
1986,9,5,120.122293783336,Data_Ranger
1986,9,6,117.84761301365,Data_Ranger
1986,9,7,116.727921674436,Data_Ranger
1986,9,8,118.359418685874,Data_Ranger
1986,9,9,162.737969742401,Data_Ranger
1986,9,10,165.211747019498,Data_Ranger
1986,9,11,159.680875884013,Data_Ranger
1986,9,12,137.40408212181,Data_Ranger
1986,9,13,119.701804212933,Data_Ranger
1986,9,14,123.85265217304,Data_Ranger
1986,9,15,126.218997389008,Data_Ranger
1986,9,16,138.120584685613,Data_Ranger
1986,9,17,147.76213562887,Data_Ranger
1986,9,18,178.972042477907,Data_Ranger
1986,9,19,153.566585189029,Data_Ranger
1986,9,20,159.738504698111,Data_Ranger
1986,9,21,149.166378008602,Data_Ranger
1986,9,22,142.887685494551,Data_Ranger
1986,9,23,243.561834309576,Data_Ranger
1986,9,24,422.938672293605,Data_Ranger
1986,9,25,293.218942628042,Data_Ranger
1986,9,26,297.318876317202,Data_Ranger
1986,9,27,300.239883361667,Data_Ranger
1986,9,28,462.770534250563,Data_Ranger
1986,9,29,603.954780273544,Data_Ranger
1986,9,30,653.711578671941,Data_Ranger
1986,10,1,475.411288900251,Data_Ranger
1986,10,2,374.929332022637,Data_Ranger
1986,10,3,324.211263687674,Data_Ranger
1986,10,4,300.642726123905,Data_Ranger
1986,10,5,261.784395000024,Data_Ranger
1986,10,6,243.729618139243,Data_Ranger
1986,10,7,228.338447834941,Data_Ranger
1986,10,8,216.397710307371,Data_Ranger
1986,10,9,206.177865987644,Data_Ranger
1986,10,10,203.743520245996,Data_Ranger
1986,10,11,198.161656219155,Data_Ranger
1986,10,12,193.28060128501,Data_Ranger
1986,10,13,182.735053661665,Data_Ranger
1986,10,14,178.581227749787,Data_Ranger
1986,10,15,176.166963437558,Data_Ranger
1986,10,16,184.027631635354,Data_Ranger
1986,10,17,179.632918563197,Data_Ranger
1986,10,18,174.854490808298,Data_Ranger
1986,10,19,175.483265757215,Data_Ranger
1986,10,20,178.492216261524,Data_Ranger
1986,10,21,171.4461833052,Data_Ranger
1986,10,22,169.452086736151,Data_Ranger
1986,10,23,168.539152256283,Data_Ranger
1986,10,24,167.547210932968,Data_Ranger
1986,10,25,196.68298017995,Data_Ranger
1986,10,26,380.658827764524,Data_Ranger
1986,10,27,553.550640181228,Data_Ranger
1986,10,28,468.015222954471,Data_Ranger
1986,10,29,371.183375073279,Data_Ranger
1986,10,30,433.091084841257,Data_Ranger
1986,10,31,643.372970216448,Data_Ranger
1986,11,1,593.731516631868,Data_Ranger
1986,11,2,451.95384623864,Data_Ranger
1986,11,3,398.432938389509,Data_Ranger
1986,11,4,369.717192774106,Data_Ranger
1986,11,5,545.112140258029,Data_Ranger
1986,11,6,814.719932886602,Data_Ranger
1986,11,7,1052.45557757035,Data_Ranger
1986,11,8,860.255567708931,Data_Ranger
1986,11,9,705.745165497501,Data_Ranger
1986,11,10,605.903806462216,Data_Ranger
1986,11,11,604.193073958993,Data_Ranger
1986,11,12,672.245868830395,Data_Ranger
1986,11,13,604.771608463465,Data_Ranger
1986,11,14,682.846415390428,Data_Ranger
1986,11,15,612.640516761292,Data_Ranger
1986,11,16,940.622063511268,Data_Ranger
1986,11,17,1422.94075064889,Data_Ranger
1986,11,18,1877.09514364323,Data_Ranger
1986,11,19,2558.94563591747,Data_Ranger
1986,11,20,3652.96645571681,Data_Ranger
1986,11,21,4232.81006196262,Data_Ranger
1986,11,22,3608.10856679248,Data_Ranger
1986,11,23,5844.01191410103,Data_Ranger
1986,11,24,11491.1917964406,Data_Ranger
1986,11,25,6853.96731755648,Data_Ranger
1986,11,26,4411.96515529308,Data_Ranger
1986,11,27,3934.80630110809,Data_Ranger
1986,11,28,3028.71092199878,Data_Ranger
1986,11,29,2004.08266383243,Data_Ranger
1986,11,30,1678.0591626197,Data_Ranger
1986,12,1,1468.9229801002,Data_Ranger
1986,12,2,1290.91516815299,Data_Ranger
1986,12,3,1129.55037299841,Data_Ranger
1986,12,4,1018.6378541977,Data_Ranger
1986,12,5,960.377772191039,Data_Ranger
1986,12,6,828.414802965624,Data_Ranger
1986,12,7,741.304931638302,Data_Ranger
1986,12,8,697.3129210028,Data_Ranger
1986,12,9,676.300026852544,Data_Ranger
1986,12,10,655.626235325599,Data_Ranger
1986,12,11,621.583386665166,Data_Ranger
1986,12,12,603.06171104005,Data_Ranger
1986,12,13,605.037625233098,Data_Ranger
1986,12,14,630.014786038342,Data_Ranger
1986,12,15,626.860568114168,Data_Ranger
1986,12,16,581.776777264053,Data_Ranger
1986,12,17,565.856128668551,Data_Ranger
1986,12,18,542.509818906576,Data_Ranger
1986,12,19,504.243291635006,Data_Ranger
1986,12,20,481.854082748376,Data_Ranger
1986,12,21,529.202579306794,Data_Ranger
1986,12,22,585.971672322485,Data_Ranger
1986,12,23,844.323031649807,Data_Ranger
1986,12,24,838.261983237142,Data_Ranger
1986,12,25,742.037671181657,Data_Ranger
1986,12,26,837.017384689671,Data_Ranger
1986,12,27,791.476978892082,Data_Ranger
1986,12,28,725.71472389,Data_Ranger
1986,12,29,1075.34281289668,Data_Ranger
1986,12,30,1266.16825179128,Data_Ranger
1986,12,31,1110.49415128206,Data_Ranger
1987,1,1,927.291153371846,Data_Ranger
1987,1,2,899.436067863646,Data_Ranger
1987,1,3,950.603105017455,Data_Ranger
1987,1,4,950.275835703212,Data_Ranger
1987,1,5,831.952821847382,Data_Ranger
1987,1,6,734.721271257161,Data_Ranger
1987,1,7,655.955246740186,Data_Ranger
1987,1,8,609.206473063492,Data_Ranger
1987,1,9,567.288408655911,Data_Ranger
1987,1,10,556.140122731602,Data_Ranger
1987,1,11,542.549649061616,Data_Ranger
1987,1,12,643.824770522663,Data_Ranger
1987,1,13,677.463062347714,Data_Ranger
1987,1,14,613.220819331368,Data_Ranger
1987,1,15,578.629322123738,Data_Ranger
1987,1,16,556.513504476813,Data_Ranger
1987,1,17,534.356158861708,Data_Ranger
1987,1,18,517.608762858882,Data_Ranger
1987,1,19,508.331039855372,Data_Ranger
1987,1,20,501.013100890908,Data_Ranger
1987,1,21,481.833493093156,Data_Ranger
1987,1,22,475.677133866064,Data_Ranger
1987,1,23,472.47559015192,Data_Ranger
1987,1,24,482.024257919521,Data_Ranger
1987,1,25,510.304564475597,Data_Ranger
1987,1,26,582.272964217602,Data_Ranger
1987,1,27,799.767226652718,Data_Ranger
1987,1,28,927.607743903451,Data_Ranger
1987,1,29,818.30867042053,Data_Ranger
1987,1,30,740.412371579678,Data_Ranger
1987,1,31,871.034300820456,Data_Ranger
1987,2,1,4709.10653300595,Data_Ranger
1987,2,2,2578.70052154376,Data_Ranger
1987,2,3,1531.36099397048,Data_Ranger
1987,2,4,1239.00614930286,Data_Ranger
1987,2,5,1146.45837830466,Data_Ranger
1987,2,6,1103.00253621738,Data_Ranger
1987,2,7,1018.62003917947,Data_Ranger
1987,2,8,988.724665270681,Data_Ranger
1987,2,9,1011.52712410102,Data_Ranger
1987,2,10,1052.12458779034,Data_Ranger
1987,2,11,1137.80002991636,Data_Ranger
1987,2,12,1153.45352622247,Data_Ranger
1987,2,13,1164.25211617913,Data_Ranger
1987,2,14,1211.71119429195,Data_Ranger
1987,2,15,1144.02490346738,Data_Ranger
1987,2,16,1161.49866599973,Data_Ranger
1987,2,17,1222.34962037982,Data_Ranger
1987,2,18,1102.20113130887,Data_Ranger
1987,2,19,989.546070589544,Data_Ranger
1987,2,20,896.984649224477,Data_Ranger
1987,2,21,818.974061134284,Data_Ranger
1987,2,22,777.002537502337,Data_Ranger
1987,2,23,736.133113130352,Data_Ranger
1987,2,24,691.934050474534,Data_Ranger
1987,2,25,672.327455127526,Data_Ranger
1987,2,26,613.462650121592,Data_Ranger
1987,2,27,570.577297850598,Data_Ranger
1987,2,28,558.448268595249,Data_Ranger
1987,3,1,631.356652466342,Data_Ranger
1987,3,2,1058.40794145037,Data_Ranger
1987,3,3,2588.78539718606,Data_Ranger
1987,3,4,4830.13770560866,Data_Ranger
1987,3,5,3846.88805287037,Data_Ranger
1987,3,6,2881.08322085738,Data_Ranger
1987,3,7,2122.09043867379,Data_Ranger
1987,3,8,1731.99795632396,Data_Ranger
1987,3,9,1464.10692339737,Data_Ranger
1987,3,10,1431.75280317168,Data_Ranger
1987,3,11,1426.29266257468,Data_Ranger
1987,3,12,1560.87274901929,Data_Ranger
1987,3,13,1694.07222198819,Data_Ranger
1987,3,14,1790.99131544522,Data_Ranger
1987,3,15,1767.41222044193,Data_Ranger
1987,3,16,1530.44967439798,Data_Ranger
1987,3,17,1655.35781172245,Data_Ranger
1987,3,18,1503.85270126977,Data_Ranger
1987,3,19,1312.01420090675,Data_Ranger
1987,3,20,1138.05475492349,Data_Ranger
1987,3,21,1130.01117288657,Data_Ranger
1987,3,22,1084.6938297175,Data_Ranger
1987,3,23,1031.43648230887,Data_Ranger
1987,3,24,935.083164365132,Data_Ranger
1987,3,25,852.22891227787,Data_Ranger
1987,3,26,860.246935416418,Data_Ranger
1987,3,27,785.909766066068,Data_Ranger
1987,3,28,757.325105671781,Data_Ranger
1987,3,29,724.811896831653,Data_Ranger
1987,3,30,695.970467316758,Data_Ranger
1987,3,31,708.307607662105,Data_Ranger
1987,4,1,722.785553099993,Data_Ranger
1987,4,2,871.399626134844,Data_Ranger
1987,4,3,1085.92539327214,Data_Ranger
1987,4,4,1204.99534785864,Data_Ranger
1987,4,5,1117.15166451153,Data_Ranger
1987,4,6,1148.15472919401,Data_Ranger
1987,4,7,1115.1413026681,Data_Ranger
1987,4,8,1358.12247708482,Data_Ranger
1987,4,9,1199.77964032961,Data_Ranger
1987,4,10,1230.60456391495,Data_Ranger
1987,4,11,1351.51218758311,Data_Ranger
1987,4,12,1281.16766983777,Data_Ranger
1987,4,13,1190.74505945798,Data_Ranger
1987,4,14,1351.10592472192,Data_Ranger
1987,4,15,2182.6340407028,Data_Ranger
1987,4,16,2172.88274401687,Data_Ranger
1987,4,17,2058.24430327791,Data_Ranger
1987,4,18,1626.50203556085,Data_Ranger
1987,4,19,1456.64402135205,Data_Ranger
1987,4,20,1254.43943683092,Data_Ranger
1987,4,21,1186.68813313086,Data_Ranger
1987,4,22,1146.89564405602,Data_Ranger
1987,4,23,1208.57629221163,Data_Ranger
1987,4,24,1248.85657589643,Data_Ranger
1987,4,25,1191.13548576503,Data_Ranger
1987,4,26,1178.76526268912,Data_Ranger
1987,4,27,1330.80949035371,Data_Ranger
1987,4,28,1520.17975417294,Data_Ranger
1987,4,29,1552.3577883063,Data_Ranger
1987,4,30,1793.56348421716,Data_Ranger
1987,5,1,1876.00822072255,Data_Ranger
1987,5,2,1461.49303213775,Data_Ranger
1987,5,3,1399.47091060219,Data_Ranger
1987,5,4,1203.100400841,Data_Ranger
1987,5,5,1190.4734626878,Data_Ranger
1987,5,6,1278.68602152916,Data_Ranger
1987,5,7,1439.47747867895,Data_Ranger
1987,5,8,1375.82454554143,Data_Ranger
1987,5,9,1225.03672964733,Data_Ranger
1987,5,10,1163.30176364208,Data_Ranger
1987,5,11,1000.0659836847,Data_Ranger
1987,5,12,1319.49472728841,Data_Ranger
1987,5,13,1138.80603640607,Data_Ranger
1987,5,14,1164.34574035541,Data_Ranger
1987,5,15,1073.73959319309,Data_Ranger
1987,5,16,894.210837073208,Data_Ranger
1987,5,17,769.029585659912,Data_Ranger
1987,5,18,643.866639775064,Data_Ranger
1987,5,19,559.149826077488,Data_Ranger
1987,5,20,525.469686273898,Data_Ranger
1987,5,21,488.089115364874,Data_Ranger
1987,5,22,451.955083384034,Data_Ranger
1987,5,23,436.281650987505,Data_Ranger
1987,5,24,409.409962427537,Data_Ranger
1987,5,25,415.126168710501,Data_Ranger
1987,5,26,407.492225422632,Data_Ranger
1987,5,27,404.258594329824,Data_Ranger
1987,5,28,409.610809548984,Data_Ranger
1987,5,29,387.234681055987,Data_Ranger
1987,5,30,559.502894237521,Data_Ranger
1987,5,31,860.345994550893,Data_Ranger
1987,6,1,807.278245404705,Data_Ranger
1987,6,2,678.788004882651,Data_Ranger
1987,6,3,629.706518256227,Data_Ranger
1987,6,4,557.674666089748,Data_Ranger
1987,6,5,524.157814570071,Data_Ranger
1987,6,6,499.262481480691,Data_Ranger
1987,6,7,467.218009594445,Data_Ranger
1987,6,8,457.218779434961,Data_Ranger
1987,6,9,414.637076781817,Data_Ranger
1987,6,10,398.929923623607,Data_Ranger
1987,6,11,383.983473688652,Data_Ranger
1987,6,12,377.790305886985,Data_Ranger
1987,6,13,353.607204726206,Data_Ranger
1987,6,14,340.683023899718,Data_Ranger
1987,6,15,325.272482715705,Data_Ranger
1987,6,16,311.286633853476,Data_Ranger
1987,6,17,302.061048717188,Data_Ranger
1987,6,18,283.795370165103,Data_Ranger
1987,6,19,281.017693045777,Data_Ranger
1987,6,20,279.80255881331,Data_Ranger
1987,6,21,346.464127691708,Data_Ranger
1987,6,22,352.825760104944,Data_Ranger
1987,6,23,291.448890300585,Data_Ranger
1987,6,24,263.314016348852,Data_Ranger
1987,6,25,250.394625876619,Data_Ranger
1987,6,26,245.637579594379,Data_Ranger
1987,6,27,236.788025147733,Data_Ranger
1987,6,28,232.657569910863,Data_Ranger
1987,6,29,225.477536606052,Data_Ranger
1987,6,30,225.668144294608,Data_Ranger
1987,7,1,218.36004326742,Data_Ranger
1987,7,2,214.65651247434,Data_Ranger
1987,7,3,204.536544836297,Data_Ranger
1987,7,4,210.725274568486,Data_Ranger
1987,7,5,246.112350422781,Data_Ranger
1987,7,6,238.909838555141,Data_Ranger
1987,7,7,222.454693245005,Data_Ranger
1987,7,8,216.368561213091,Data_Ranger
1987,7,9,207.993753485917,Data_Ranger
1987,7,10,201.70942131524,Data_Ranger
1987,7,11,199.167142322547,Data_Ranger
1987,7,12,194.685825822444,Data_Ranger
1987,7,13,186.014740382788,Data_Ranger
1987,7,14,182.274450758683,Data_Ranger
1987,7,15,180.25101173198,Data_Ranger
1987,7,16,174.213968555783,Data_Ranger
1987,7,17,174.809174914171,Data_Ranger
1987,7,18,205.43367496836,Data_Ranger
1987,7,19,216.267122797488,Data_Ranger
1987,7,20,193.870301367097,Data_Ranger
1987,7,21,182.505824970684,Data_Ranger
1987,7,22,195.083143227832,Data_Ranger
1987,7,23,191.420760574322,Data_Ranger
1987,7,24,183.129858340697,Data_Ranger
1987,7,25,173.690159807111,Data_Ranger
1987,7,26,172.004616669122,Data_Ranger
1987,7,27,168.164869008299,Data_Ranger
1987,7,28,161.155922601758,Data_Ranger
1987,7,29,156.154727284606,Data_Ranger
1987,7,30,153.920317282385,Data_Ranger
1987,7,31,153.927497371354,Data_Ranger
1987,8,1,155.735944270458,Data_Ranger
1987,8,2,149.602392739084,Data_Ranger
1987,8,3,150.549836935167,Data_Ranger
1987,8,4,148.494736068553,Data_Ranger
1987,8,5,146.931995519939,Data_Ranger
1987,8,6,147.714008092303,Data_Ranger
1987,8,7,147.522687730952,Data_Ranger
1987,8,8,141.944806225218,Data_Ranger
1987,8,9,141.815381545189,Data_Ranger
1987,8,10,141.207834240751,Data_Ranger
1987,8,11,142.87831381457,Data_Ranger
1987,8,12,140.305045386619,Data_Ranger
1987,8,13,150.465331173679,Data_Ranger
1987,8,14,164.027600808312,Data_Ranger
1987,8,15,156.325405318371,Data_Ranger
1987,8,16,153.218603515371,Data_Ranger
1987,8,17,141.996199482412,Data_Ranger
1987,8,18,137.979341158766,Data_Ranger
1987,8,19,134.886025028124,Data_Ranger
1987,8,20,138.082498715191,Data_Ranger
1987,8,21,136.047629612226,Data_Ranger
1987,8,22,134.325694147966,Data_Ranger
1987,8,23,130.549820917279,Data_Ranger
1987,8,24,130.674370928451,Data_Ranger
1987,8,25,130.081914219302,Data_Ranger
1987,8,26,126.396096068598,Data_Ranger
1987,8,27,124.232476977519,Data_Ranger
1987,8,28,121.383976930964,Data_Ranger
1987,8,29,123.93469097389,Data_Ranger
1987,8,30,121.34022619631,Data_Ranger
1987,8,31,122.386200783012,Data_Ranger
1987,9,1,122.110155785418,Data_Ranger
1987,9,2,123.193466097554,Data_Ranger
1987,9,3,121.519908047548,Data_Ranger
1987,9,4,121.715337086998,Data_Ranger
1987,9,5,121.072983299745,Data_Ranger
1987,9,6,119.973036290426,Data_Ranger
1987,9,7,116.402708323638,Data_Ranger
1987,9,8,114.936632916193,Data_Ranger
1987,9,9,115.279990105082,Data_Ranger
1987,9,10,115.209273393069,Data_Ranger
1987,9,11,118.328479392889,Data_Ranger
1987,9,12,119.342335813262,Data_Ranger
1987,9,13,120.722550126142,Data_Ranger
1987,9,14,125.507073823108,Data_Ranger
1987,9,15,177.041344863307,Data_Ranger
1987,9,16,154.771208954442,Data_Ranger
1987,9,17,130.756694713561,Data_Ranger
1987,9,18,125.771041209443,Data_Ranger
1987,9,19,120.891911433037,Data_Ranger
1987,9,20,119.073959891655,Data_Ranger
1987,9,21,115.414706066584,Data_Ranger
1987,9,22,117.181580938763,Data_Ranger
1987,9,23,114.77701661904,Data_Ranger
1987,9,24,116.829947420229,Data_Ranger
1987,9,25,115.51203283811,Data_Ranger
1987,9,26,135.26066190101,Data_Ranger
1987,9,27,123.960702535097,Data_Ranger
1987,9,28,117.90526548935,Data_Ranger
1987,9,29,115.7072669454,Data_Ranger
1987,9,30,112.848963016243,Data_Ranger
1987,10,1,113.225076092349,Data_Ranger
1987,10,2,111.103610018807,Data_Ranger
1987,10,3,111.530349235233,Data_Ranger
1987,10,4,112.87725535558,Data_Ranger
1987,10,5,111.51494984754,Data_Ranger
1987,10,6,110.596343471354,Data_Ranger
1987,10,7,110.554201331711,Data_Ranger
1987,10,8,111.481363658683,Data_Ranger
1987,10,9,111.928828077807,Data_Ranger
1987,10,10,110.462443688277,Data_Ranger
1987,10,11,112.263291236125,Data_Ranger
1987,10,12,112.36247325307,Data_Ranger
1987,10,13,112.788252730703,Data_Ranger
1987,10,14,113.611326033856,Data_Ranger
1987,10,15,112.652301434407,Data_Ranger
1987,10,16,112.549976846955,Data_Ranger
1987,10,17,114.694631613607,Data_Ranger
1987,10,18,115.844787291467,Data_Ranger
1987,10,19,116.119597750836,Data_Ranger
1987,10,20,115.698247495943,Data_Ranger
1987,10,21,117.613764519119,Data_Ranger
1987,10,22,116.805487189752,Data_Ranger
1987,10,23,119.549515905424,Data_Ranger
1987,10,24,117.662421491638,Data_Ranger
1987,10,25,119.025847446092,Data_Ranger
1987,10,26,120.101928794894,Data_Ranger
1987,10,27,119.053261153047,Data_Ranger
1987,10,28,118.464719555278,Data_Ranger
1987,10,29,119.747052843771,Data_Ranger
1987,10,30,119.647866454829,Data_Ranger
1987,10,31,128.121843430361,Data_Ranger
1987,11,1,157.974169956328,Data_Ranger
1987,11,2,161.503118009404,Data_Ranger
1987,11,3,155.845461805719,Data_Ranger
1987,11,4,142.554934460032,Data_Ranger
1987,11,5,133.541140779641,Data_Ranger
1987,11,6,132.335648251148,Data_Ranger
1987,11,7,133.77951219549,Data_Ranger
1987,11,8,135.31645810663,Data_Ranger
1987,11,9,175.405784465373,Data_Ranger
1987,11,10,162.242137851545,Data_Ranger
1987,11,11,257.166426758444,Data_Ranger
1987,11,12,255.70159901072,Data_Ranger
1987,11,13,319.253920165117,Data_Ranger
1987,11,14,305.69091493422,Data_Ranger
1987,11,15,275.789931274553,Data_Ranger
1987,11,16,289.724196464642,Data_Ranger
1987,11,17,254.357694219335,Data_Ranger
1987,11,18,221.834937762903,Data_Ranger
1987,11,19,219.333365452206,Data_Ranger
1987,11,20,225.337393049774,Data_Ranger
1987,11,21,262.578010072956,Data_Ranger
1987,11,22,348.916811603645,Data_Ranger
1987,11,23,378.469010122881,Data_Ranger
1987,11,24,431.571152006732,Data_Ranger
1987,11,25,414.978652566959,Data_Ranger
1987,11,26,382.57201396842,Data_Ranger
1987,11,27,305.464851652861,Data_Ranger
1987,11,28,279.380998946665,Data_Ranger
1987,11,29,289.199846363527,Data_Ranger
1987,11,30,303.539334434469,Data_Ranger
1987,12,1,438.244145075261,Data_Ranger
1987,12,2,498.7571953809,Data_Ranger
1987,12,3,1302.0435350985,Data_Ranger
1987,12,4,1098.12550468665,Data_Ranger
1987,12,5,721.671269492621,Data_Ranger
1987,12,6,886.134129045791,Data_Ranger
1987,12,7,850.368593494929,Data_Ranger
1987,12,8,677.29258752671,Data_Ranger
1987,12,9,1739.17447510576,Data_Ranger
1987,12,10,4327.14568723284,Data_Ranger
1987,12,11,2162.1912934412,Data_Ranger
1987,12,12,1514.71429259549,Data_Ranger
1987,12,13,1164.54234292247,Data_Ranger
1987,12,14,1013.35336816252,Data_Ranger
1987,12,15,803.391435445815,Data_Ranger
1987,12,16,704.4573199072,Data_Ranger
1987,12,17,572.423351394998,Data_Ranger
1987,12,18,544.11129426194,Data_Ranger
1987,12,19,470.078476194719,Data_Ranger
1987,12,20,454.261609811427,Data_Ranger
1987,12,21,469.230629914531,Data_Ranger
1987,12,22,450.357378913639,Data_Ranger
1987,12,23,410.789204780365,Data_Ranger
1987,12,24,394.630433674175,Data_Ranger
1987,12,25,376.766566660381,Data_Ranger
1987,12,26,369.669830173492,Data_Ranger
1987,12,27,364.924982028324,Data_Ranger
1987,12,28,354.418463732751,Data_Ranger
1987,12,29,350.643554551402,Data_Ranger
1987,12,30,351.136930270896,Data_Ranger
1987,12,31,354.295975403483,Data_Ranger
1988,1,1,346.119504393965,Data_Ranger
1988,1,2,335.082217404592,Data_Ranger
1988,1,3,331.851626777352,Data_Ranger
1988,1,4,323.866927106075,Data_Ranger
1988,1,5,325.703320828556,Data_Ranger
1988,1,6,326.44125414988,Data_Ranger
1988,1,7,321.535147334237,Data_Ranger
1988,1,8,337.734760226087,Data_Ranger
1988,1,9,363.205820299014,Data_Ranger
1988,1,10,453.492703473676,Data_Ranger
1988,1,11,422.436842579284,Data_Ranger
1988,1,12,395.179656249732,Data_Ranger
1988,1,13,391.238677356424,Data_Ranger
1988,1,14,1153.21366619472,Data_Ranger
1988,1,15,1753.85811866165,Data_Ranger
1988,1,16,1128.16420400226,Data_Ranger
1988,1,17,881.894555197956,Data_Ranger
1988,1,18,746.346227312011,Data_Ranger
1988,1,19,600.357819917358,Data_Ranger
1988,1,20,565.302974990926,Data_Ranger
1988,1,21,545.56619268973,Data_Ranger
1988,1,22,555.952738699426,Data_Ranger
1988,1,23,585.24324389012,Data_Ranger
1988,1,24,531.425422585174,Data_Ranger
1988,1,25,540.35216753204,Data_Ranger
1988,1,26,543.497886137573,Data_Ranger
1988,1,27,548.442925283646,Data_Ranger
1988,1,28,605.282163905705,Data_Ranger
1988,1,29,1007.9932670345,Data_Ranger
1988,1,30,1149.07132543203,Data_Ranger
1988,1,31,907.935886556306,Data_Ranger
1988,2,1,772.198659415253,Data_Ranger
1988,2,2,652.831858981914,Data_Ranger
1988,2,3,627.409892941523,Data_Ranger
1988,2,4,586.97459332934,Data_Ranger
1988,2,5,542.536825362128,Data_Ranger
1988,2,6,550.330322334894,Data_Ranger
1988,2,7,864.350505377355,Data_Ranger
1988,2,8,1688.02735705701,Data_Ranger
1988,2,9,2713.2345494153,Data_Ranger
1988,2,10,3146.40177102128,Data_Ranger
1988,2,11,2934.20768705677,Data_Ranger
1988,2,12,2335.06298558849,Data_Ranger
1988,2,13,2053.59497136598,Data_Ranger
1988,2,14,1702.32907402959,Data_Ranger
1988,2,15,1546.04058419727,Data_Ranger
1988,2,16,1422.32040591102,Data_Ranger
1988,2,17,1287.35441519749,Data_Ranger
1988,2,18,1237.38686958372,Data_Ranger
1988,2,19,1105.17314667738,Data_Ranger
1988,2,20,973.731813340313,Data_Ranger
1988,2,21,928.505760798762,Data_Ranger
1988,2,22,940.525819765492,Data_Ranger
1988,2,23,865.716789587622,Data_Ranger
1988,2,24,831.600688484702,Data_Ranger
1988,2,25,773.797375993171,Data_Ranger
1988,2,26,722.303562270466,Data_Ranger
1988,2,27,733.743529174244,Data_Ranger
1988,2,28,882.989851393884,Data_Ranger
1988,2,29,1187.00308104355,Data_Ranger
1988,3,1,1323.58319791034,Data_Ranger
1988,3,2,1318.8790042527,Data_Ranger
1988,3,3,1491.64192743365,Data_Ranger
1988,3,4,1414.48404237337,Data_Ranger
1988,3,5,1315.13010571777,Data_Ranger
1988,3,6,1252.91102521168,Data_Ranger
1988,3,7,1148.72081124825,Data_Ranger
1988,3,8,1244.38766459473,Data_Ranger
1988,3,9,1799.14884135826,Data_Ranger
1988,3,10,1759.593377656,Data_Ranger
1988,3,11,1391.63465160973,Data_Ranger
1988,3,12,1157.73365891971,Data_Ranger
1988,3,13,1073.13409389297,Data_Ranger
1988,3,14,1006.3512974594,Data_Ranger
1988,3,15,904.792888560705,Data_Ranger
1988,3,16,847.477373603485,Data_Ranger
1988,3,17,770.29555519341,Data_Ranger
1988,3,18,749.397053941531,Data_Ranger
1988,3,19,772.534894116419,Data_Ranger
1988,3,20,827.186887511184,Data_Ranger
1988,3,21,1051.94888440305,Data_Ranger
1988,3,22,1082.06135551659,Data_Ranger
1988,3,23,1467.94833348726,Data_Ranger
1988,3,24,1479.2358016909,Data_Ranger
1988,3,25,1491.09637043087,Data_Ranger
1988,3,26,3036.06357279461,Data_Ranger
1988,3,27,3067.14281813517,Data_Ranger
1988,3,28,1977.21775912926,Data_Ranger
1988,3,29,1785.53806359529,Data_Ranger
1988,3,30,1598.41557238735,Data_Ranger
1988,3,31,1467.16113680575,Data_Ranger
1988,4,1,1501.8789733061,Data_Ranger
1988,4,2,2202.35323429561,Data_Ranger
1988,4,3,3152.35034934151,Data_Ranger
1988,4,4,2550.13697245158,Data_Ranger
1988,4,5,2235.8873532387,Data_Ranger
1988,4,6,3850.55196032671,Data_Ranger
1988,4,7,4307.75160370422,Data_Ranger
1988,4,8,2777.91015903889,Data_Ranger
1988,4,9,1995.22392345927,Data_Ranger
1988,4,10,1713.70205680314,Data_Ranger
1988,4,11,1744.87567072271,Data_Ranger
1988,4,12,1965.58806511298,Data_Ranger
1988,4,13,2484.78247302783,Data_Ranger
1988,4,14,2545.19398501782,Data_Ranger
1988,4,15,2205.64210350715,Data_Ranger
1988,4,16,2089.58046575415,Data_Ranger
1988,4,17,2095.43440152013,Data_Ranger
1988,4,18,2062.67668684741,Data_Ranger
1988,4,19,1862.68375953903,Data_Ranger
1988,4,20,1761.45470875165,Data_Ranger
1988,4,21,1910.37475176147,Data_Ranger
1988,4,22,1773.65749569691,Data_Ranger
1988,4,23,1583.21174826776,Data_Ranger
1988,4,24,1482.91949964751,Data_Ranger
1988,4,25,1331.51180534504,Data_Ranger
1988,4,26,1252.2679208672,Data_Ranger
1988,4,27,1191.87900314431,Data_Ranger
1988,4,28,1331.03264842047,Data_Ranger
1988,4,29,1636.08801031708,Data_Ranger
1988,4,30,1594.62880314608,Data_Ranger
1988,5,1,1472.40986607665,Data_Ranger
1988,5,2,1401.39222694052,Data_Ranger
1988,5,3,1391.25406134051,Data_Ranger
1988,5,4,1256.77955314786,Data_Ranger
1988,5,5,1230.3959022289,Data_Ranger
1988,5,6,1182.72638746806,Data_Ranger
1988,5,7,1098.67008972354,Data_Ranger
1988,5,8,1138.61991883094,Data_Ranger
1988,5,9,1258.21856594195,Data_Ranger
1988,5,10,1269.41164834211,Data_Ranger
1988,5,11,1470.68522843894,Data_Ranger
1988,5,12,1688.17215492865,Data_Ranger
1988,5,13,2273.81505338935,Data_Ranger
1988,5,14,1817.43964281935,Data_Ranger
1988,5,15,1550.44405532989,Data_Ranger
1988,5,16,1651.17535729518,Data_Ranger
1988,5,17,1651.00528987681,Data_Ranger
1988,5,18,1500.73530449659,Data_Ranger
1988,5,19,1424.54404364306,Data_Ranger
1988,5,20,1383.57738264167,Data_Ranger
1988,5,21,1378.43106531838,Data_Ranger
1988,5,22,1509.48440569139,Data_Ranger
1988,5,23,1339.36049580265,Data_Ranger
1988,5,24,1125.8666138211,Data_Ranger
1988,5,25,1008.84258010066,Data_Ranger
1988,5,26,970.334526779959,Data_Ranger
1988,5,27,976.326596639388,Data_Ranger
1988,5,28,1232.69953150938,Data_Ranger
1988,5,29,1219.33181560442,Data_Ranger
1988,5,30,1031.06957320626,Data_Ranger
1988,5,31,1001.33332683114,Data_Ranger
1988,6,1,1064.40025491913,Data_Ranger
1988,6,2,1130.78979923351,Data_Ranger
1988,6,3,1251.76880276803,Data_Ranger
1988,6,4,1107.99550411868,Data_Ranger
1988,6,5,1083.68057402239,Data_Ranger
1988,6,6,947.244622653549,Data_Ranger
1988,6,7,867.929309635008,Data_Ranger
1988,6,8,827.619808336016,Data_Ranger
1988,6,9,780.358877255884,Data_Ranger
1988,6,10,841.606000871868,Data_Ranger
1988,6,11,868.103066249767,Data_Ranger
1988,6,12,816.285555083012,Data_Ranger
1988,6,13,743.881563694656,Data_Ranger
1988,6,14,678.964473987579,Data_Ranger
1988,6,15,731.475317669671,Data_Ranger
1988,6,16,728.763552947525,Data_Ranger
1988,6,17,684.756234088892,Data_Ranger
1988,6,18,636.769285772972,Data_Ranger
1988,6,19,610.570468999941,Data_Ranger
1988,6,20,577.84906516432,Data_Ranger
1988,6,21,547.096230617317,Data_Ranger
1988,6,22,539.94260040592,Data_Ranger
1988,6,23,509.479619092949,Data_Ranger
1988,6,24,467.492376548647,Data_Ranger
1988,6,25,451.410079811692,Data_Ranger
1988,6,26,428.440221069087,Data_Ranger
1988,6,27,402.276571586201,Data_Ranger
1988,6,28,388.428659558167,Data_Ranger
1988,6,29,422.482028611812,Data_Ranger
1988,6,30,381.183483165526,Data_Ranger
1988,7,1,353.942173315108,Data_Ranger
1988,7,2,529.719931903778,Data_Ranger
1988,7,3,484.337043728953,Data_Ranger
1988,7,4,383.852368354959,Data_Ranger
1988,7,5,392.364958274152,Data_Ranger
1988,7,6,426.288830891156,Data_Ranger
1988,7,7,375.905801194001,Data_Ranger
1988,7,8,340.909462859353,Data_Ranger
1988,7,9,325.724142096285,Data_Ranger
1988,7,10,313.708970816307,Data_Ranger
1988,7,11,301.18930549737,Data_Ranger
1988,7,12,345.698178398314,Data_Ranger
1988,7,13,466.380805723416,Data_Ranger
1988,7,14,437.178202951194,Data_Ranger
1988,7,15,371.963260334821,Data_Ranger
1988,7,16,346.535949075225,Data_Ranger
1988,7,17,319.98672799832,Data_Ranger
1988,7,18,292.716444343516,Data_Ranger
1988,7,19,273.62005070275,Data_Ranger
1988,7,20,268.174981834187,Data_Ranger
1988,7,21,261.325200536401,Data_Ranger
1988,7,22,253.127549907427,Data_Ranger
1988,7,23,241.737699381892,Data_Ranger
1988,7,24,235.736753076591,Data_Ranger
1988,7,25,227.806091336397,Data_Ranger
1988,7,26,223.349112114441,Data_Ranger
1988,7,27,219.527389393872,Data_Ranger
1988,7,28,211.606182647185,Data_Ranger
1988,7,29,211.213494351895,Data_Ranger
1988,7,30,207.84966576295,Data_Ranger
1988,7,31,203.201878751328,Data_Ranger
1988,8,1,197.46291000648,Data_Ranger
1988,8,2,195.738982958084,Data_Ranger
1988,8,3,189.453925292335,Data_Ranger
1988,8,4,188.378668680004,Data_Ranger
1988,8,5,186.007871823852,Data_Ranger
1988,8,6,182.111076055016,Data_Ranger
1988,8,7,176.400692532468,Data_Ranger
1988,8,8,176.604795972015,Data_Ranger
1988,8,9,176.025208999891,Data_Ranger
1988,8,10,171.897194210662,Data_Ranger
1988,8,11,167.297161492875,Data_Ranger
1988,8,12,165.632303135377,Data_Ranger
1988,8,13,166.278790661969,Data_Ranger
1988,8,14,159.622228221054,Data_Ranger
1988,8,15,158.558311957877,Data_Ranger
1988,8,16,183.292048369123,Data_Ranger
1988,8,17,193.661466986702,Data_Ranger
1988,8,18,179.732985765834,Data_Ranger
1988,8,19,168.07675330045,Data_Ranger
1988,8,20,162.236777372459,Data_Ranger
1988,8,21,155.150191182923,Data_Ranger
1988,8,22,153.202286038718,Data_Ranger
1988,8,23,151.740444536896,Data_Ranger
1988,8,24,151.020878194455,Data_Ranger
1988,8,25,146.31489771701,Data_Ranger
1988,8,26,146.496641803582,Data_Ranger
1988,8,27,145.676938349462,Data_Ranger
1988,8,28,143.463861647866,Data_Ranger
1988,8,29,141.633553571592,Data_Ranger
1988,8,30,141.672234580762,Data_Ranger
1988,8,31,139.252114024226,Data_Ranger
1988,9,1,137.986349829163,Data_Ranger
1988,9,2,135.397013503928,Data_Ranger
1988,9,3,135.499433321624,Data_Ranger
1988,9,4,132.897311533338,Data_Ranger
1988,9,5,134.713111118845,Data_Ranger
1988,9,6,134.884311016984,Data_Ranger
1988,9,7,136.72244324603,Data_Ranger
1988,9,8,135.627885443783,Data_Ranger
1988,9,9,131.968693542495,Data_Ranger
1988,9,10,131.36140353187,Data_Ranger
1988,9,11,128.347599077636,Data_Ranger
1988,9,12,125.131742888629,Data_Ranger
1988,9,13,122.992777862624,Data_Ranger
1988,9,14,123.976859762637,Data_Ranger
1988,9,15,125.632856138095,Data_Ranger
1988,9,16,131.56017525652,Data_Ranger
1988,9,17,146.849646709852,Data_Ranger
1988,9,18,138.690373377407,Data_Ranger
1988,9,19,261.245735992212,Data_Ranger
1988,9,20,279.376770476675,Data_Ranger
1988,9,21,207.828659849523,Data_Ranger
1988,9,22,162.899525596518,Data_Ranger
1988,9,23,161.968185821756,Data_Ranger
1988,9,24,178.534752994008,Data_Ranger
1988,9,25,300.715123501981,Data_Ranger
1988,9,26,407.968571430448,Data_Ranger
1988,9,27,391.965126522444,Data_Ranger
1988,9,28,352.451692689511,Data_Ranger
1988,9,29,297.036562436433,Data_Ranger
1988,9,30,253.375724936365,Data_Ranger
1988,10,1,230.513116724053,Data_Ranger
1988,10,2,212.199793710922,Data_Ranger
1988,10,3,205.08133658011,Data_Ranger
1988,10,4,180.816663724085,Data_Ranger
1988,10,5,179.927449073255,Data_Ranger
1988,10,6,179.148470775571,Data_Ranger
1988,10,7,173.596941240052,Data_Ranger
1988,10,8,172.941618381406,Data_Ranger
1988,10,9,159.592732187294,Data_Ranger
1988,10,10,156.730737339722,Data_Ranger
1988,10,11,151.869508894396,Data_Ranger
1988,10,12,151.319081024869,Data_Ranger
1988,10,13,169.034547099948,Data_Ranger
1988,10,14,266.339214999621,Data_Ranger
1988,10,15,579.468759072368,Data_Ranger
1988,10,16,2398.94797823525,Data_Ranger
1988,10,17,2454.27279819603,Data_Ranger
1988,10,18,1317.85579259373,Data_Ranger
1988,10,19,985.334919063878,Data_Ranger
1988,10,20,763.631784201949,Data_Ranger
1988,10,21,627.098795150524,Data_Ranger
1988,10,22,602.965502242796,Data_Ranger
1988,10,23,570.010032384801,Data_Ranger
1988,10,24,466.973519409621,Data_Ranger
1988,10,25,425.52191040016,Data_Ranger
1988,10,26,407.340529596793,Data_Ranger
1988,10,27,366.105437187045,Data_Ranger
1988,10,28,364.944410132469,Data_Ranger
1988,10,29,341.706103666416,Data_Ranger
1988,10,30,379.750492797083,Data_Ranger
1988,10,31,397.298827086772,Data_Ranger
1988,11,1,422.262004342228,Data_Ranger
1988,11,2,594.186653108019,Data_Ranger
1988,11,3,1198.76295583097,Data_Ranger
1988,11,4,1853.5805476483,Data_Ranger
1988,11,5,2573.27002416684,Data_Ranger
1988,11,6,3921.14320134196,Data_Ranger
1988,11,7,2165.03969263317,Data_Ranger
1988,11,8,1594.71441302641,Data_Ranger
1988,11,9,1349.97051308618,Data_Ranger
1988,11,10,1307.59101389505,Data_Ranger
1988,11,11,1261.9220352409,Data_Ranger
1988,11,12,1483.11217036775,Data_Ranger
1988,11,13,1542.46917855911,Data_Ranger
1988,11,14,1378.05539051973,Data_Ranger
1988,11,15,1178.83596775848,Data_Ranger
1988,11,16,1130.74942912961,Data_Ranger
1988,11,17,1103.59305175619,Data_Ranger
1988,11,18,1035.01768711869,Data_Ranger
1988,11,19,923.944308256046,Data_Ranger
1988,11,20,1253.48802395309,Data_Ranger
1988,11,21,1825.30790641607,Data_Ranger
1988,11,22,2334.67274579458,Data_Ranger
1988,11,23,2923.34800127637,Data_Ranger
1988,11,24,1897.08238194554,Data_Ranger
1988,11,25,1562.72715834552,Data_Ranger
1988,11,26,1368.12087755056,Data_Ranger
1988,11,27,1412.49729528878,Data_Ranger
1988,11,28,1894.83775962878,Data_Ranger
1988,11,29,1668.15584685414,Data_Ranger
1988,11,30,1435.5160352366,Data_Ranger
1988,12,1,1216.92335455676,Data_Ranger
1988,12,2,1107.07967490338,Data_Ranger
1988,12,3,1027.31416080437,Data_Ranger
1988,12,4,937.456058572973,Data_Ranger
1988,12,5,922.557030221646,Data_Ranger
1988,12,6,1561.50907124992,Data_Ranger
1988,12,7,2723.44342907953,Data_Ranger
1988,12,8,2281.83120440422,Data_Ranger
1988,12,9,2181.62471285867,Data_Ranger
1988,12,10,1856.382645927,Data_Ranger
1988,12,11,1588.45605959939,Data_Ranger
1988,12,12,1947.00373176166,Data_Ranger
1988,12,13,2644.83036956474,Data_Ranger
1988,12,14,2088.11588484284,Data_Ranger
1988,12,15,1602.31449265172,Data_Ranger
1988,12,16,1320.64805278875,Data_Ranger
1988,12,17,1134.35381122477,Data_Ranger
1988,12,18,1070.77266170631,Data_Ranger
1988,12,19,1090.17478915367,Data_Ranger
1988,12,20,992.827235642084,Data_Ranger
1988,12,21,947.585710775929,Data_Ranger
1988,12,22,829.394097738194,Data_Ranger
1988,12,23,797.079863923873,Data_Ranger
1988,12,24,743.733515624116,Data_Ranger
1988,12,25,709.039642360374,Data_Ranger
1988,12,26,631.098923922792,Data_Ranger
1988,12,27,608.812497722522,Data_Ranger
1988,12,28,587.36825155076,Data_Ranger
1988,12,29,842.216283959899,Data_Ranger
1988,12,30,2040.24508212133,Data_Ranger
1988,12,31,1681.93987394237,Data_Ranger
1989,1,1,1388.84296433816,Data_Ranger
1989,1,2,1327.13994478233,Data_Ranger
1989,1,3,1936.64277572537,Data_Ranger
1989,1,4,2557.79473531737,Data_Ranger
1989,1,5,2074.52840761738,Data_Ranger
1989,1,6,1727.00416054154,Data_Ranger
1989,1,7,1390.48920361247,Data_Ranger
1989,1,8,1303.25314889188,Data_Ranger
1989,1,9,1794.22543704572,Data_Ranger
1989,1,10,1790.72387938518,Data_Ranger
1989,1,11,1511.28997972066,Data_Ranger
1989,1,12,1330.38076230939,Data_Ranger
1989,1,13,1438.74130696259,Data_Ranger
1989,1,14,1235.4470690906,Data_Ranger
1989,1,15,1285.99923219339,Data_Ranger
1989,1,16,1967.66753092169,Data_Ranger
1989,1,17,2851.17957237303,Data_Ranger
1989,1,18,3208.4541149074,Data_Ranger
1989,1,19,2810.33695267742,Data_Ranger
1989,1,20,2105.76738699837,Data_Ranger
1989,1,21,1926.30273216947,Data_Ranger
1989,1,22,1541.31830280554,Data_Ranger
1989,1,23,1391.64997569918,Data_Ranger
1989,1,24,1246.00578314756,Data_Ranger
1989,1,25,1136.45152488481,Data_Ranger
1989,1,26,1026.09047203524,Data_Ranger
1989,1,27,990.951783407058,Data_Ranger
1989,1,28,881.912917250413,Data_Ranger
1989,1,29,866.464568930133,Data_Ranger
1989,1,30,1607.9916090886,Data_Ranger
1989,1,31,3023.39978964942,Data_Ranger
1989,2,1,1947.61934064308,Data_Ranger
1989,2,2,1489.5941875742,Data_Ranger
1989,2,3,1158.1118286284,Data_Ranger
1989,2,4,1040.04696860142,Data_Ranger
1989,2,5,966.723077496349,Data_Ranger
1989,2,6,944.620151476525,Data_Ranger
1989,2,7,874.834119071089,Data_Ranger
1989,2,8,830.955116735783,Data_Ranger
1989,2,9,788.387945439157,Data_Ranger
1989,2,10,685.093761618038,Data_Ranger
1989,2,11,636.021993184704,Data_Ranger
1989,2,12,614.007444028274,Data_Ranger
1989,2,13,569.910260151627,Data_Ranger
1989,2,14,548.088562522888,Data_Ranger
1989,2,15,521.872089910745,Data_Ranger
1989,2,16,520.488840435453,Data_Ranger
1989,2,17,584.968082175038,Data_Ranger
1989,2,18,632.244470630073,Data_Ranger
1989,2,19,588.901985215501,Data_Ranger
1989,2,20,590.434278567722,Data_Ranger
1989,2,21,591.730652836785,Data_Ranger
1989,2,22,669.560812138531,Data_Ranger
1989,2,23,729.558721637405,Data_Ranger
1989,2,24,658.091235766368,Data_Ranger
1989,2,25,660.112553181432,Data_Ranger
1989,2,26,630.770531011597,Data_Ranger
1989,2,27,594.639210268868,Data_Ranger
1989,2,28,596.110062337827,Data_Ranger
1989,3,1,594.454919327145,Data_Ranger
1989,3,2,578.91606575521,Data_Ranger
1989,3,3,548.420334932607,Data_Ranger
1989,3,4,537.729215696105,Data_Ranger
1989,3,5,551.637974406045,Data_Ranger
1989,3,6,886.257273804537,Data_Ranger
1989,3,7,929.065787802982,Data_Ranger
1989,3,8,823.435523788156,Data_Ranger
1989,3,9,837.071676821821,Data_Ranger
1989,3,10,1069.56399496811,Data_Ranger
1989,3,11,1504.18984773186,Data_Ranger
1989,3,12,1664.53883532947,Data_Ranger
1989,3,13,1747.62171236132,Data_Ranger
1989,3,14,1565.33262402345,Data_Ranger
1989,3,15,1323.15258816576,Data_Ranger
1989,3,16,1188.54365791368,Data_Ranger
1989,3,17,1034.4790579446,Data_Ranger
1989,3,18,943.037928185571,Data_Ranger
1989,3,19,1007.11785949347,Data_Ranger
1989,3,20,1036.90461782739,Data_Ranger
1989,3,21,1228.45698132755,Data_Ranger
1989,3,22,1393.73836737665,Data_Ranger
1989,3,23,1208.87433377855,Data_Ranger
1989,3,24,1106.79117356571,Data_Ranger
1989,3,25,1142.58991925799,Data_Ranger
1989,3,26,1259.91262632338,Data_Ranger
1989,3,27,1499.07901840829,Data_Ranger
1989,3,28,1667.72803331481,Data_Ranger
1989,3,29,1466.23062625809,Data_Ranger
1989,3,30,1281.77739263001,Data_Ranger
1989,3,31,1219.91168491319,Data_Ranger
1989,4,1,1184.44982994125,Data_Ranger
1989,4,2,1237.0215606952,Data_Ranger
1989,4,3,1190.2372733739,Data_Ranger
1989,4,4,1289.03788490963,Data_Ranger
1989,4,5,2863.35788561264,Data_Ranger
1989,4,6,4886.47246329572,Data_Ranger
1989,4,7,4630.45541995665,Data_Ranger
1989,4,8,3495.9107860207,Data_Ranger
1989,4,9,2488.20847934017,Data_Ranger
1989,4,10,2080.53157255857,Data_Ranger
1989,4,11,2026.95012178046,Data_Ranger
1989,4,12,2013.59669897327,Data_Ranger
1989,4,13,2317.16833282123,Data_Ranger
1989,4,14,2813.8057195311,Data_Ranger
1989,4,15,3035.84515783091,Data_Ranger
1989,4,16,2624.02497680393,Data_Ranger
1989,4,17,2182.94032290352,Data_Ranger
1989,4,18,1988.74300181795,Data_Ranger
1989,4,19,2283.45403108227,Data_Ranger
1989,4,20,2617.86006155404,Data_Ranger
1989,4,21,2542.14809068231,Data_Ranger
1989,4,22,2185.62773966298,Data_Ranger
1989,4,23,1846.56758696441,Data_Ranger
1989,4,24,1732.14725558048,Data_Ranger
1989,4,25,1735.15310645799,Data_Ranger
1989,4,26,1671.81823543307,Data_Ranger
1989,4,27,1616.00579887541,Data_Ranger
1989,4,28,1608.8101778649,Data_Ranger
1989,4,29,1609.1251537515,Data_Ranger
1989,4,30,1736.93860269329,Data_Ranger
1989,5,1,1778.440113191,Data_Ranger
1989,5,2,1591.02529460287,Data_Ranger
1989,5,3,1530.06029554003,Data_Ranger
1989,5,4,1597.14951813455,Data_Ranger
1989,5,5,1731.31009456227,Data_Ranger
1989,5,6,1886.85603477458,Data_Ranger
1989,5,7,1950.60593931144,Data_Ranger
1989,5,8,1920.86738445918,Data_Ranger
1989,5,9,1729.01673845943,Data_Ranger
1989,5,10,1529.51257992138,Data_Ranger
1989,5,11,1313.49899615367,Data_Ranger
1989,5,12,1136.26031983974,Data_Ranger
1989,5,13,998.157170715305,Data_Ranger
1989,5,14,958.974003115157,Data_Ranger
1989,5,15,957.21295629045,Data_Ranger
1989,5,16,979.06889710016,Data_Ranger
1989,5,17,1129.14531605602,Data_Ranger
1989,5,18,1217.41413990567,Data_Ranger
1989,5,19,1065.62866708543,Data_Ranger
1989,5,20,934.557561588065,Data_Ranger
1989,5,21,833.970424829638,Data_Ranger
1989,5,22,793.669060410595,Data_Ranger
1989,5,23,867.693587037816,Data_Ranger
1989,5,24,921.189417204912,Data_Ranger
1989,5,25,942.840576383144,Data_Ranger
1989,5,26,922.166520166121,Data_Ranger
1989,5,27,1096.27164550674,Data_Ranger
1989,5,28,1153.50448330989,Data_Ranger
1989,5,29,1123.0669717793,Data_Ranger
1989,5,30,1004.13490937644,Data_Ranger
1989,5,31,946.373438387742,Data_Ranger
1989,6,1,978.491315208442,Data_Ranger
1989,6,2,1098.3012098819,Data_Ranger
1989,6,3,1126.53905395858,Data_Ranger
1989,6,4,1096.73738185606,Data_Ranger
1989,6,5,1069.05810390369,Data_Ranger
1989,6,6,1047.15166165794,Data_Ranger
1989,6,7,903.951380115737,Data_Ranger
1989,6,8,826.884701732418,Data_Ranger
1989,6,9,749.125841400722,Data_Ranger
1989,6,10,652.460272167379,Data_Ranger
1989,6,11,619.063543400126,Data_Ranger
1989,6,12,669.228893489474,Data_Ranger
1989,6,13,655.424857600037,Data_Ranger
1989,6,14,670.726788190174,Data_Ranger
1989,6,15,646.65201548357,Data_Ranger
1989,6,16,570.620565484017,Data_Ranger
1989,6,17,475.468720889023,Data_Ranger
1989,6,18,449.087334058151,Data_Ranger
1989,6,19,508.489422569692,Data_Ranger
1989,6,20,604.628932627321,Data_Ranger
1989,6,21,487.748274031693,Data_Ranger
1989,6,22,430.986117653071,Data_Ranger
1989,6,23,394.818911651684,Data_Ranger
1989,6,24,375.817223482638,Data_Ranger
1989,6,25,360.329913423754,Data_Ranger
1989,6,26,353.290255962543,Data_Ranger
1989,6,27,327.35938366481,Data_Ranger
1989,6,28,317.245503026507,Data_Ranger
1989,6,29,332.999461995149,Data_Ranger
1989,6,30,357.288992037529,Data_Ranger
1989,7,1,401.188110414436,Data_Ranger
1989,7,2,386.91492493776,Data_Ranger
1989,7,3,354.594767368723,Data_Ranger
1989,7,4,328.636993575832,Data_Ranger
1989,7,5,310.145329028799,Data_Ranger
1989,7,6,297.105431468912,Data_Ranger
1989,7,7,280.78137320286,Data_Ranger
1989,7,8,291.769061649035,Data_Ranger
1989,7,9,276.992780720659,Data_Ranger
1989,7,10,261.619059457791,Data_Ranger
1989,7,11,261.043939524726,Data_Ranger
1989,7,12,252.669299489276,Data_Ranger
1989,7,13,250.585261669523,Data_Ranger
1989,7,14,240.35397291637,Data_Ranger
1989,7,15,230.27524347956,Data_Ranger
1989,7,16,258.845315014551,Data_Ranger
1989,7,17,289.232362927012,Data_Ranger
1989,7,18,261.697935026364,Data_Ranger
1989,7,19,239.459151695992,Data_Ranger
1989,7,20,231.997795547813,Data_Ranger
1989,7,21,218.390955364484,Data_Ranger
1989,7,22,202.324053971678,Data_Ranger
1989,7,23,202.306724824776,Data_Ranger
1989,7,24,196.213916321291,Data_Ranger
1989,7,25,199.894768830904,Data_Ranger
1989,7,26,193.094409389043,Data_Ranger
1989,7,27,190.805000889863,Data_Ranger
1989,7,28,180.437557749502,Data_Ranger
1989,7,29,173.439315376988,Data_Ranger
1989,7,30,177.899268247479,Data_Ranger
1989,7,31,185.018104499092,Data_Ranger
1989,8,1,189.788320639379,Data_Ranger
1989,8,2,202.289165832035,Data_Ranger
1989,8,3,198.728238573958,Data_Ranger
1989,8,4,188.243980269378,Data_Ranger
1989,8,5,179.591660429028,Data_Ranger
1989,8,6,171.925709891678,Data_Ranger
1989,8,7,168.543978103393,Data_Ranger
1989,8,8,171.711875463173,Data_Ranger
1989,8,9,163.79019207383,Data_Ranger
1989,8,10,159.898991480339,Data_Ranger
1989,8,11,156.357381434095,Data_Ranger
1989,8,12,152.18889277635,Data_Ranger
1989,8,13,151.572620780026,Data_Ranger
1989,8,14,156.237553547311,Data_Ranger
1989,8,15,157.391259807817,Data_Ranger
1989,8,16,164.769168589437,Data_Ranger
1989,8,17,153.898150163258,Data_Ranger
1989,8,18,153.170461930715,Data_Ranger
1989,8,19,145.820574774641,Data_Ranger
1989,8,20,146.188037120699,Data_Ranger
1989,8,21,213.676281138346,Data_Ranger
1989,8,22,273.985008641564,Data_Ranger
1989,8,23,240.600171210856,Data_Ranger
1989,8,24,211.017453659601,Data_Ranger
1989,8,25,192.100933349408,Data_Ranger
1989,8,26,183.464826012747,Data_Ranger
1989,8,27,174.277226060377,Data_Ranger
1989,8,28,164.694808561389,Data_Ranger
1989,8,29,160.436605740366,Data_Ranger
1989,8,30,163.056742503046,Data_Ranger
1989,8,31,160.632447319773,Data_Ranger
1989,9,1,163.510634129395,Data_Ranger
1989,9,2,197.864786633796,Data_Ranger
1989,9,3,184.897279780529,Data_Ranger
1989,9,4,168.702221934488,Data_Ranger
1989,9,5,159.311470995052,Data_Ranger
1989,9,6,152.247277923422,Data_Ranger
1989,9,7,146.441072347731,Data_Ranger
1989,9,8,144.722845936787,Data_Ranger
1989,9,9,143.424390318174,Data_Ranger
1989,9,10,143.254271961178,Data_Ranger
1989,9,11,139.542434685838,Data_Ranger
1989,9,12,137.165497314129,Data_Ranger
1989,9,13,135.790814180357,Data_Ranger
1989,9,14,134.935724234122,Data_Ranger
1989,9,15,134.051787549686,Data_Ranger
1989,9,16,135.335949343547,Data_Ranger
1989,9,17,141.358220542841,Data_Ranger
1989,9,18,142.779033169666,Data_Ranger
1989,9,19,137.354813076125,Data_Ranger
1989,9,20,132.507503277519,Data_Ranger
1989,9,21,132.56269156053,Data_Ranger
1989,9,22,129.695498320244,Data_Ranger
1989,9,23,126.05321504969,Data_Ranger
1989,9,24,126.628977154012,Data_Ranger
1989,9,25,124.275987643551,Data_Ranger
1989,9,26,127.858188822811,Data_Ranger
1989,9,27,138.018730823278,Data_Ranger
1989,9,28,132.483439465255,Data_Ranger
1989,9,29,134.626362765445,Data_Ranger
1989,9,30,146.39934719181,Data_Ranger
1989,10,1,151.18692850875,Data_Ranger
1989,10,2,142.860605319153,Data_Ranger
1989,10,3,136.830266355882,Data_Ranger
1989,10,4,130.03997095573,Data_Ranger
1989,10,5,129.850091995693,Data_Ranger
1989,10,6,128.879348513232,Data_Ranger
1989,10,7,126.042355969796,Data_Ranger
1989,10,8,125.612615438548,Data_Ranger
1989,10,9,124.756070446971,Data_Ranger
1989,10,10,133.485703036668,Data_Ranger
1989,10,11,150.040376005232,Data_Ranger
1989,10,12,202.577192153776,Data_Ranger
1989,10,13,224.168521811699,Data_Ranger
1989,10,14,224.46367729293,Data_Ranger
1989,10,15,184.000224329598,Data_Ranger
1989,10,16,171.016034599942,Data_Ranger
1989,10,17,152.967860463682,Data_Ranger
1989,10,18,151.295371570015,Data_Ranger
1989,10,19,154.545510330042,Data_Ranger
1989,10,20,158.669664932985,Data_Ranger
1989,10,21,240.279926676351,Data_Ranger
1989,10,22,289.651811191561,Data_Ranger
1989,10,23,279.898090032191,Data_Ranger
1989,10,24,332.30178685615,Data_Ranger
1989,10,25,292.791192794598,Data_Ranger
1989,10,26,355.082073693057,Data_Ranger
1989,10,27,391.357237836629,Data_Ranger
1989,10,28,367.10047418286,Data_Ranger
1989,10,29,303.46365409656,Data_Ranger
1989,10,30,268.891177758948,Data_Ranger
1989,10,31,255.123850333176,Data_Ranger
1989,11,1,259.184890602328,Data_Ranger
1989,11,2,219.658028011214,Data_Ranger
1989,11,3,295.250107100247,Data_Ranger
1989,11,4,687.241814184887,Data_Ranger
1989,11,5,632.669337272337,Data_Ranger
1989,11,6,921.263246381257,Data_Ranger
1989,11,7,1497.03057381038,Data_Ranger
1989,11,8,1265.88094184557,Data_Ranger
1989,11,9,3429.24579074609,Data_Ranger
1989,11,10,3652.1017188754,Data_Ranger
1989,11,11,3525.03819032465,Data_Ranger
1989,11,12,3807.70485333303,Data_Ranger
1989,11,13,2720.02297134332,Data_Ranger
1989,11,14,1923.18300060396,Data_Ranger
1989,11,15,1494.75419811974,Data_Ranger
1989,11,16,1275.15179285423,Data_Ranger
1989,11,17,1509.27609566853,Data_Ranger
1989,11,18,1357.61116970435,Data_Ranger
1989,11,19,1305.15165883289,Data_Ranger
1989,11,20,1288.80909023003,Data_Ranger
1989,11,21,1267.0253221417,Data_Ranger
1989,11,22,1203.25324970309,Data_Ranger
1989,11,23,1169.96153225962,Data_Ranger
1989,11,24,1262.26234629483,Data_Ranger
1989,11,25,1271.67836244302,Data_Ranger
1989,11,26,1205.47633599692,Data_Ranger
1989,11,27,1147.28655294013,Data_Ranger
1989,11,28,969.705975001071,Data_Ranger
1989,11,29,814.316820609954,Data_Ranger
1989,11,30,716.399280643189,Data_Ranger
1989,12,1,657.139352562904,Data_Ranger
1989,12,2,617.094551768493,Data_Ranger
1989,12,3,1024.09946503154,Data_Ranger
1989,12,4,5183.0246036108,Data_Ranger
1989,12,5,7873.50075140336,Data_Ranger
1989,12,6,4056.48649350484,Data_Ranger
1989,12,7,2508.35438472795,Data_Ranger
1989,12,8,3084.93437673176,Data_Ranger
1989,12,9,2761.67319627576,Data_Ranger
1989,12,10,2201.43397617013,Data_Ranger
1989,12,11,1769.66909314121,Data_Ranger
1989,12,12,1413.13241469124,Data_Ranger
1989,12,13,1233.49161344909,Data_Ranger
1989,12,14,1126.51448700352,Data_Ranger
1989,12,15,983.249239498735,Data_Ranger
1989,12,16,888.798924270551,Data_Ranger
1989,12,17,835.911325172296,Data_Ranger
1989,12,18,760.975021649922,Data_Ranger
1989,12,19,739.503967007523,Data_Ranger
1989,12,20,738.693960624899,Data_Ranger
1989,12,21,679.386946313583,Data_Ranger
1989,12,22,634.600402226065,Data_Ranger
1989,12,23,657.165958321174,Data_Ranger
1989,12,24,650.708884463782,Data_Ranger
1989,12,25,642.676246443292,Data_Ranger
1989,12,26,638.375220846532,Data_Ranger
1989,12,27,624.072037845178,Data_Ranger
1989,12,28,605.286399485186,Data_Ranger
1989,12,29,550.911787079993,Data_Ranger
1989,12,30,533.915722967362,Data_Ranger
1989,12,31,562.614630744414,Data_Ranger
1990,1,1,620.131617092296,Data_Ranger
1990,1,2,604.488548052715,Data_Ranger
1990,1,3,577.626648739703,Data_Ranger
1990,1,4,1112.57381568663,Data_Ranger
1990,1,5,1511.85419202717,Data_Ranger
1990,1,6,2249.72644639781,Data_Ranger
1990,1,7,3174.9544434832,Data_Ranger
1990,1,8,3905.65208493563,Data_Ranger
1990,1,9,10486.6191904902,Data_Ranger
1990,1,10,10404.0126414088,Data_Ranger
1990,1,11,5909.23976396467,Data_Ranger
1990,1,12,3261.84650934268,Data_Ranger
1990,1,13,1945.38044340228,Data_Ranger
1990,1,14,1630.3834737305,Data_Ranger
1990,1,15,1484.78742492341,Data_Ranger
1990,1,16,1296.30237772354,Data_Ranger
1990,1,17,1181.29723969734,Data_Ranger
1990,1,18,1046.91898018793,Data_Ranger
1990,1,19,995.07220783256,Data_Ranger
1990,1,20,847.772717211065,Data_Ranger
1990,1,21,814.057778719326,Data_Ranger
1990,1,22,1021.02175014943,Data_Ranger
1990,1,23,1089.06627152957,Data_Ranger
1990,1,24,920.654638406535,Data_Ranger
1990,1,25,901.829631546348,Data_Ranger
1990,1,26,898.463058981399,Data_Ranger
1990,1,27,873.083577601785,Data_Ranger
1990,1,28,1170.17339194917,Data_Ranger
1990,1,29,1422.94107650104,Data_Ranger
1990,1,30,1352.47212949745,Data_Ranger
1990,1,31,1210.29402125701,Data_Ranger
1990,2,1,1018.89481004463,Data_Ranger
1990,2,2,1026.33260024202,Data_Ranger
1990,2,3,1056.1016854485,Data_Ranger
1990,2,4,1032.09921761773,Data_Ranger
1990,2,5,1036.97011711997,Data_Ranger
1990,2,6,967.267410914984,Data_Ranger
1990,2,7,897.953189460541,Data_Ranger
1990,2,8,840.241937946019,Data_Ranger
1990,2,9,1216.9554362243,Data_Ranger
1990,2,10,4841.38499614131,Data_Ranger
1990,2,11,6949.55447636748,Data_Ranger
1990,2,12,4867.39677900919,Data_Ranger
1990,2,13,2596.24181979532,Data_Ranger
1990,2,14,1762.34442085637,Data_Ranger
1990,2,15,1561.62428370796,Data_Ranger
1990,2,16,1305.06375057126,Data_Ranger
1990,2,17,1177.50992614061,Data_Ranger
1990,2,18,1046.08003197105,Data_Ranger
1990,2,19,920.562277537707,Data_Ranger
1990,2,20,1135.98914695267,Data_Ranger
1990,2,21,1416.13291414496,Data_Ranger
1990,2,22,1311.61399090648,Data_Ranger
1990,2,23,1371.33395278466,Data_Ranger
1990,2,24,1563.21257654371,Data_Ranger
1990,2,25,1747.65701415705,Data_Ranger
1990,2,26,1584.83657530889,Data_Ranger
1990,2,27,1480.22133441253,Data_Ranger
1990,2,28,1359.23532332138,Data_Ranger
1990,3,1,1238.06225302683,Data_Ranger
1990,3,2,1196.8918825179,Data_Ranger
1990,3,3,1191.5778308727,Data_Ranger
1990,3,4,1210.84853054213,Data_Ranger
1990,3,5,1275.82036827062,Data_Ranger
1990,3,6,1397.90382037946,Data_Ranger
1990,3,7,1670.50173970606,Data_Ranger
1990,3,8,1714.25083667986,Data_Ranger
1990,3,9,1583.91015164597,Data_Ranger
1990,3,10,1763.93608870963,Data_Ranger
1990,3,11,1491.39606087026,Data_Ranger
1990,3,12,1309.86875455529,Data_Ranger
1990,3,13,1213.17967110103,Data_Ranger
1990,3,14,1272.86732600558,Data_Ranger
1990,3,15,1289.91741920454,Data_Ranger
1990,3,16,1243.8331173602,Data_Ranger
1990,3,17,1347.96733004738,Data_Ranger
1990,3,18,1546.67584636054,Data_Ranger
1990,3,19,1795.57999537607,Data_Ranger
1990,3,20,2048.17287326501,Data_Ranger
1990,3,21,2050.3817784079,Data_Ranger
1990,3,22,1890.37813527529,Data_Ranger
1990,3,23,1959.27292605135,Data_Ranger
1990,3,24,1743.75278483266,Data_Ranger
1990,3,25,1512.85917496418,Data_Ranger
1990,3,26,1309.24831524534,Data_Ranger
1990,3,27,1194.55544625262,Data_Ranger
1990,3,28,1192.44810125706,Data_Ranger
1990,3,29,1223.2863963045,Data_Ranger
1990,3,30,1254.0214908303,Data_Ranger
1990,3,31,1343.74098293274,Data_Ranger
1990,4,1,1494.5319482654,Data_Ranger
1990,4,2,1824.64365849585,Data_Ranger
1990,4,3,1838.01490012389,Data_Ranger
1990,4,4,1763.94994751462,Data_Ranger
1990,4,5,1756.10298765785,Data_Ranger
1990,4,6,1768.86393840631,Data_Ranger
1990,4,7,1802.52962214157,Data_Ranger
1990,4,8,1769.47724153745,Data_Ranger
1990,4,9,1593.5519107111,Data_Ranger
1990,4,10,1431.46689444722,Data_Ranger
1990,4,11,1566.84597622583,Data_Ranger
1990,4,12,1732.16331029109,Data_Ranger
1990,4,13,1702.49723045593,Data_Ranger
1990,4,14,2015.72556827851,Data_Ranger
1990,4,15,2197.37429496587,Data_Ranger
1990,4,16,2384.76497038591,Data_Ranger
1990,4,17,2460.31042271908,Data_Ranger
1990,4,18,2055.91732897709,Data_Ranger
1990,4,19,1668.4583087282,Data_Ranger
1990,4,20,1636.88728229582,Data_Ranger
1990,4,21,1579.44707882309,Data_Ranger
1990,4,22,1524.0481807854,Data_Ranger
1990,4,23,1843.28004876077,Data_Ranger
1990,4,24,1876.15906463024,Data_Ranger
1990,4,25,1841.06694057427,Data_Ranger
1990,4,26,1765.65817430656,Data_Ranger
1990,4,27,1722.18238048726,Data_Ranger
1990,4,28,1831.05437817727,Data_Ranger
1990,4,29,1586.50118776398,Data_Ranger
1990,4,30,1527.72407769421,Data_Ranger
1990,5,1,1429.30791867424,Data_Ranger
1990,5,2,1494.51878481649,Data_Ranger
1990,5,3,1527.39692868023,Data_Ranger
1990,5,4,1649.59336234061,Data_Ranger
1990,5,5,1882.34139036855,Data_Ranger
1990,5,6,1893.10453953699,Data_Ranger
1990,5,7,1595.52598069719,Data_Ranger
1990,5,8,1398.03125504233,Data_Ranger
1990,5,9,1242.22965762741,Data_Ranger
1990,5,10,1197.43873971297,Data_Ranger
1990,5,11,1136.91122670086,Data_Ranger
1990,5,12,1108.61855325333,Data_Ranger
1990,5,13,1170.70748785159,Data_Ranger
1990,5,14,1186.95508036761,Data_Ranger
1990,5,15,1088.94718449361,Data_Ranger
1990,5,16,1034.42270125956,Data_Ranger
1990,5,17,942.387691942909,Data_Ranger
1990,5,18,971.185932546421,Data_Ranger
1990,5,19,949.513421316497,Data_Ranger
1990,5,20,1045.01572428119,Data_Ranger
1990,5,21,1061.62137471374,Data_Ranger
1990,5,22,1128.91991432945,Data_Ranger
1990,5,23,1102.4193508004,Data_Ranger
1990,5,24,1112.09414829413,Data_Ranger
1990,5,25,1117.13395689671,Data_Ranger
1990,5,26,1017.46455310547,Data_Ranger
1990,5,27,1068.58810691911,Data_Ranger
1990,5,28,1131.73547996068,Data_Ranger
1990,5,29,1188.66338951709,Data_Ranger
1990,5,30,1101.20647806878,Data_Ranger
1990,5,31,1418.35320662338,Data_Ranger
1990,6,1,1457.54296444817,Data_Ranger
1990,6,2,1412.33330622001,Data_Ranger
1990,6,3,1605.63133797851,Data_Ranger
1990,6,4,2238.03486637148,Data_Ranger
1990,6,5,1785.53458648387,Data_Ranger
1990,6,6,1724.14883245938,Data_Ranger
1990,6,7,2185.54152954908,Data_Ranger
1990,6,8,1899.52687340402,Data_Ranger
1990,6,9,1701.12997211331,Data_Ranger
1990,6,10,1685.20993142941,Data_Ranger
1990,6,11,1751.29262032013,Data_Ranger
1990,6,12,1908.99159391627,Data_Ranger
1990,6,13,2813.31083339569,Data_Ranger
1990,6,14,2167.63242165785,Data_Ranger
1990,6,15,1759.02213683933,Data_Ranger
1990,6,16,1557.77584176708,Data_Ranger
1990,6,17,1302.41996537258,Data_Ranger
1990,6,18,1156.73775757398,Data_Ranger
1990,6,19,1063.85290531253,Data_Ranger
1990,6,20,912.91783766273,Data_Ranger
1990,6,21,859.548449203451,Data_Ranger
1990,6,22,820.467739358053,Data_Ranger
1990,6,23,789.498481754427,Data_Ranger
1990,6,24,734.960097038156,Data_Ranger
1990,6,25,674.552519692229,Data_Ranger
1990,6,26,642.504509862455,Data_Ranger
1990,6,27,615.695530026964,Data_Ranger
1990,6,28,602.509158108984,Data_Ranger
1990,6,29,569.644808292973,Data_Ranger
1990,6,30,545.600945462378,Data_Ranger
1990,7,1,508.271796756643,Data_Ranger
1990,7,2,538.897085696198,Data_Ranger
1990,7,3,549.520923267637,Data_Ranger
1990,7,4,526.395853719972,Data_Ranger
1990,7,5,507.769823283838,Data_Ranger
1990,7,6,548.312938484084,Data_Ranger
1990,7,7,510.722219245088,Data_Ranger
1990,7,8,480.408942123758,Data_Ranger
1990,7,9,437.488621795922,Data_Ranger
1990,7,10,400.510719811562,Data_Ranger
1990,7,11,410.053303395921,Data_Ranger
1990,7,12,396.763530689726,Data_Ranger
1990,7,13,359.613145729373,Data_Ranger
1990,7,14,337.284980184498,Data_Ranger
1990,7,15,321.311318419178,Data_Ranger
1990,7,16,301.798284702283,Data_Ranger
1990,7,17,295.436818923633,Data_Ranger
1990,7,18,283.707095546132,Data_Ranger
1990,7,19,265.478420955117,Data_Ranger
1990,7,20,263.069352365295,Data_Ranger
1990,7,21,252.134127940618,Data_Ranger
1990,7,22,251.286953569331,Data_Ranger
1990,7,23,236.639121683,Data_Ranger
1990,7,24,234.425553059771,Data_Ranger
1990,7,25,245.623532135945,Data_Ranger
1990,7,26,256.601565582154,Data_Ranger
1990,7,27,246.256729402707,Data_Ranger
1990,7,28,234.800156704991,Data_Ranger
1990,7,29,227.664430622288,Data_Ranger
1990,7,30,217.966907422277,Data_Ranger
1990,7,31,214.64053070116,Data_Ranger
1990,8,1,211.881737100395,Data_Ranger
1990,8,2,210.769683314467,Data_Ranger
1990,8,3,209.242522126815,Data_Ranger
1990,8,4,203.181486836611,Data_Ranger
1990,8,5,194.383346897535,Data_Ranger
1990,8,6,195.533390423208,Data_Ranger
1990,8,7,193.09760502603,Data_Ranger
1990,8,8,187.83862896722,Data_Ranger
1990,8,9,187.316909625896,Data_Ranger
1990,8,10,183.775118733198,Data_Ranger
1990,8,11,186.231477119916,Data_Ranger
1990,8,12,181.446513580235,Data_Ranger
1990,8,13,181.964126522188,Data_Ranger
1990,8,14,173.741878863785,Data_Ranger
1990,8,15,171.855900499863,Data_Ranger
1990,8,16,172.88225696316,Data_Ranger
1990,8,17,177.921894549897,Data_Ranger
1990,8,18,204.29314298582,Data_Ranger
1990,8,19,197.134980486193,Data_Ranger
1990,8,20,191.130080015282,Data_Ranger
1990,8,21,264.645474538483,Data_Ranger
1990,8,22,304.661915582215,Data_Ranger
1990,8,23,258.218494070542,Data_Ranger
1990,8,24,209.582917356442,Data_Ranger
1990,8,25,209.16928597266,Data_Ranger
1990,8,26,204.745296699652,Data_Ranger
1990,8,27,199.679882055284,Data_Ranger
1990,8,28,180.454537473703,Data_Ranger
1990,8,29,186.758684308831,Data_Ranger
1990,8,30,266.083710907818,Data_Ranger
1990,8,31,278.658630176779,Data_Ranger
1990,9,1,258.920254167747,Data_Ranger
1990,9,2,217.069239709276,Data_Ranger
1990,9,3,204.420151665725,Data_Ranger
1990,9,4,198.59121384234,Data_Ranger
1990,9,5,181.914556767758,Data_Ranger
1990,9,6,182.822404880267,Data_Ranger
1990,9,7,176.892562208921,Data_Ranger
1990,9,8,170.042180803262,Data_Ranger
1990,9,9,171.796562527985,Data_Ranger
1990,9,10,165.021170864059,Data_Ranger
1990,9,11,167.18848152108,Data_Ranger
1990,9,12,168.203575493936,Data_Ranger
1990,9,13,163.220046408397,Data_Ranger
1990,9,14,159.924457019382,Data_Ranger
1990,9,15,163.963688007031,Data_Ranger
1990,9,16,198.328539611626,Data_Ranger
1990,9,17,192.654875819524,Data_Ranger
1990,9,18,168.090279003686,Data_Ranger
1990,9,19,154.796781059491,Data_Ranger
1990,9,20,151.443082231939,Data_Ranger
1990,9,21,149.458819319295,Data_Ranger
1990,9,22,144.022987948801,Data_Ranger
1990,9,23,147.91845936951,Data_Ranger
1990,9,24,147.131868566095,Data_Ranger
1990,9,25,146.474586420334,Data_Ranger
1990,9,26,150.20540187154,Data_Ranger
1990,9,27,151.312887701574,Data_Ranger
1990,9,28,142.72709539959,Data_Ranger
1990,9,29,140.237029791416,Data_Ranger
1990,9,30,141.295150821094,Data_Ranger
1990,10,1,142.894415492511,Data_Ranger
1990,10,2,160.229542017836,Data_Ranger
1990,10,3,318.173495272162,Data_Ranger
1990,10,4,451.897997790914,Data_Ranger
1990,10,5,474.937885643327,Data_Ranger
1990,10,6,360.390113575786,Data_Ranger
1990,10,7,305.415716417091,Data_Ranger
1990,10,8,266.172408951534,Data_Ranger
1990,10,9,248.415875979972,Data_Ranger
1990,10,10,316.976754080182,Data_Ranger
1990,10,11,274.945825149837,Data_Ranger
1990,10,12,411.103212445886,Data_Ranger
1990,10,13,641.275022241353,Data_Ranger
1990,10,14,595.770452380245,Data_Ranger
1990,10,15,1215.67975678538,Data_Ranger
1990,10,16,1355.27095540364,Data_Ranger
1990,10,17,1289.46566416748,Data_Ranger
1990,10,18,1385.09531584941,Data_Ranger
1990,10,19,1362.21953460423,Data_Ranger
1990,10,20,1225.89268751543,Data_Ranger
1990,10,21,2046.0210977661,Data_Ranger
1990,10,22,2745.60845843566,Data_Ranger
1990,10,23,1544.07429464991,Data_Ranger
1990,10,24,1240.57140263239,Data_Ranger
1990,10,25,1185.13942251466,Data_Ranger
1990,10,26,1093.48476344204,Data_Ranger
1990,10,27,945.555054243911,Data_Ranger
1990,10,28,981.426433458489,Data_Ranger
1990,10,29,1016.97640044006,Data_Ranger
1990,10,30,1056.7414701624,Data_Ranger
1990,10,31,1288.16544850517,Data_Ranger
1990,11,1,1281.97799960978,Data_Ranger
1990,11,2,1156.95237230744,Data_Ranger
1990,11,3,1273.6572817054,Data_Ranger
1990,11,4,1948.84228691272,Data_Ranger
1990,11,5,2258.98609396602,Data_Ranger
1990,11,6,1825.6419023639,Data_Ranger
1990,11,7,1747.34740904073,Data_Ranger
1990,11,8,1822.6799746299,Data_Ranger
1990,11,9,4135.07811952873,Data_Ranger
1990,11,10,6408.99313573807,Data_Ranger
1990,11,11,4454.89852322137,Data_Ranger
1990,11,12,2454.24851522242,Data_Ranger
1990,11,13,3423.27461702512,Data_Ranger
1990,11,14,3578.93670917514,Data_Ranger
1990,11,15,2573.64511628158,Data_Ranger
1990,11,16,1964.02286328855,Data_Ranger
1990,11,17,1829.57653485051,Data_Ranger
1990,11,18,1635.99504273694,Data_Ranger
1990,11,19,1416.46179760569,Data_Ranger
1990,11,20,1350.87256080638,Data_Ranger
1990,11,21,1410.66607414548,Data_Ranger
1990,11,22,4409.12566196825,Data_Ranger
1990,11,23,5449.72369673291,Data_Ranger
1990,11,24,12315.9961903124,Data_Ranger
1990,11,25,13991.5503880481,Data_Ranger
1990,11,26,9474.93551960544,Data_Ranger
1990,11,27,4954.3752772469,Data_Ranger
1990,11,28,2931.95955175437,Data_Ranger
1990,11,29,2781.96239002284,Data_Ranger
1990,11,30,2328.49353011176,Data_Ranger
1990,12,1,2001.8560664738,Data_Ranger
1990,12,2,1734.51090480133,Data_Ranger
1990,12,3,1865.1413885669,Data_Ranger
1990,12,4,2705.99488944553,Data_Ranger
1990,12,5,2600.26780710946,Data_Ranger
1990,12,6,1849.34184705903,Data_Ranger
1990,12,7,1512.24162017425,Data_Ranger
1990,12,8,1438.96046196474,Data_Ranger
1990,12,9,1671.94745866906,Data_Ranger
1990,12,10,2282.95220648545,Data_Ranger
1990,12,11,2274.70096359624,Data_Ranger
1990,12,12,1869.51286342117,Data_Ranger
1990,12,13,1592.25460709668,Data_Ranger
1990,12,14,1414.71985061706,Data_Ranger
1990,12,15,1282.34090686293,Data_Ranger
1990,12,16,1252.23092651829,Data_Ranger
1990,12,17,1416.51730386057,Data_Ranger
1990,12,18,1820.275526551,Data_Ranger
1990,12,19,1609.66079725959,Data_Ranger
1990,12,20,1402.73536604292,Data_Ranger
1990,12,21,1175.57524611139,Data_Ranger
1990,12,22,1017.34315213809,Data_Ranger
1990,12,23,950.159119063476,Data_Ranger
1990,12,24,887.669364925999,Data_Ranger
1990,12,25,847.018059921554,Data_Ranger
1990,12,26,853.392114694544,Data_Ranger
1990,12,27,884.674032803706,Data_Ranger
1990,12,28,901.096157397384,Data_Ranger
1990,12,29,898.892824208011,Data_Ranger
1990,12,30,872.868590361581,Data_Ranger
1990,12,31,934.843100622268,Data_Ranger
1991,1,1,936.217948958191,Data_Ranger
1991,1,2,833.977761753778,Data_Ranger
1991,1,3,744.186619311488,Data_Ranger
1991,1,4,701.742734778655,Data_Ranger
1991,1,5,660.276772097041,Data_Ranger
1991,1,6,645.379810974943,Data_Ranger
1991,1,7,694.256728173918,Data_Ranger
1991,1,8,751.760479175149,Data_Ranger
1991,1,9,774.734870672062,Data_Ranger
1991,1,10,869.556711437064,Data_Ranger
1991,1,11,1218.76372057839,Data_Ranger
1991,1,12,3101.01079696554,Data_Ranger
1991,1,13,4338.55477071166,Data_Ranger
1991,1,14,5184.17754415638,Data_Ranger
1991,1,15,6345.43123509418,Data_Ranger
1991,1,16,4025.28825468687,Data_Ranger
1991,1,17,2967.04035251696,Data_Ranger
1991,1,18,2329.80395932858,Data_Ranger
1991,1,19,1862.0206423084,Data_Ranger
1991,1,20,1619.89434131433,Data_Ranger
1991,1,21,1538.82193023233,Data_Ranger
1991,1,22,1353.92403547417,Data_Ranger
1991,1,23,1187.97076070732,Data_Ranger
1991,1,24,1054.97724921915,Data_Ranger
1991,1,25,965.132334940268,Data_Ranger
1991,1,26,860.721887040829,Data_Ranger
1991,1,27,806.288838110536,Data_Ranger
1991,1,28,831.624467844916,Data_Ranger
1991,1,29,827.75119661768,Data_Ranger
1991,1,30,750.647788482641,Data_Ranger
1991,1,31,750.582794241054,Data_Ranger
1991,2,1,869.516859474491,Data_Ranger
1991,2,2,1265.31801071756,Data_Ranger
1991,2,3,2064.92019387817,Data_Ranger
1991,2,4,2836.31689427164,Data_Ranger
1991,2,5,4194.62820041691,Data_Ranger
1991,2,6,3427.18024375546,Data_Ranger
1991,2,7,2103.5600670202,Data_Ranger
1991,2,8,1771.11919060267,Data_Ranger
1991,2,9,1543.95327975155,Data_Ranger
1991,2,10,1461.58835203736,Data_Ranger
1991,2,11,1436.27481185705,Data_Ranger
1991,2,12,1813.96333542578,Data_Ranger
1991,2,13,2485.22700896965,Data_Ranger
1991,2,14,3758.29770557645,Data_Ranger
1991,2,15,3344.63915064336,Data_Ranger
1991,2,16,3057.99099518455,Data_Ranger
1991,2,17,2431.93701128394,Data_Ranger
1991,2,18,2169.09305783024,Data_Ranger
1991,2,19,6024.4535658455,Data_Ranger
1991,2,20,9325.70764293247,Data_Ranger
1991,2,21,6121.16927358945,Data_Ranger
1991,2,22,3587.06660224053,Data_Ranger
1991,2,23,2453.23820953192,Data_Ranger
1991,2,24,1861.01266157807,Data_Ranger
1991,2,25,1679.39078987964,Data_Ranger
1991,2,26,1467.85917459853,Data_Ranger
1991,2,27,1297.36754878537,Data_Ranger
1991,2,28,1240.24190710534,Data_Ranger
1991,3,1,1216.15379486587,Data_Ranger
1991,3,2,1315.39716109391,Data_Ranger
1991,3,3,1539.49740589954,Data_Ranger
1991,3,4,1783.73511708278,Data_Ranger
1991,3,5,1577.49517724414,Data_Ranger
1991,3,6,1391.91288091177,Data_Ranger
1991,3,7,1332.0031030785,Data_Ranger
1991,3,8,1244.40194530573,Data_Ranger
1991,3,9,1144.54712231198,Data_Ranger
1991,3,10,1146.42211221432,Data_Ranger
1991,3,11,1077.37715680655,Data_Ranger
1991,3,12,1141.73526592612,Data_Ranger
1991,3,13,947.335116947928,Data_Ranger
1991,3,14,748.575682842054,Delta_Storage+USGS_12105900
1991,3,15,698.558098685063,Delta_Storage+USGS_12105900
1991,3,16,706.652939349522,Delta_Storage+USGS_12105900
1991,3,17,756.077682332318,Delta_Storage+USGS_12105900
1991,3,18,886.240130698052,Delta_Storage+USGS_12105900
1991,3,19,929.98343125362,Delta_Storage+USGS_12105900
1991,3,20,877.92566890535,Delta_Storage+USGS_12105900
1991,3,21,781.361027552943,Delta_Storage+USGS_12105900
1991,3,22,781.84075321981,Delta_Storage+USGS_12105900
1991,3,23,760.240607330793,Delta_Storage+USGS_12105900
1991,3,24,756.995299902328,Delta_Storage+USGS_12105900
1991,3,25,827.449232117505,Delta_Storage+USGS_12105900
1991,3,26,760.090541946869,Delta_Storage+USGS_12105900
1991,3,27,680.068658143696,Delta_Storage+USGS_12105900
1991,3,28,673.899200722231,Delta_Storage+USGS_12105900
1991,3,29,659.997781560194,Delta_Storage+USGS_12105900
1991,3,30,637.531163523194,Delta_Storage+USGS_12105900
1991,3,31,653.716392449612,Delta_Storage+USGS_12105900
1991,4,1,1075.9797835439,Delta_Storage+USGS_12105900
1991,4,2,1265.63714730498,Delta_Storage+USGS_12105900
1991,4,3,991.145396695517,Delta_Storage+USGS_12105900
1991,4,4,1737.20097197538,Delta_Storage+USGS_12105900
1991,4,5,5745.81729972437,Delta_Storage+USGS_12105900
1991,4,6,6188.32933633196,Delta_Storage+USGS_12105900
1991,4,7,3197.5456751819,Delta_Storage+USGS_12105900
1991,4,8,1622.42917508105,Delta_Storage+USGS_12105900
1991,4,9,1760.17827326423,Delta_Storage+USGS_12105900
1991,4,10,1779.08833514079,Delta_Storage+USGS_12105900
1991,4,11,1459.12982041749,Delta_Storage+USGS_12105900
1991,4,12,1246.18513049409,Delta_Storage+USGS_12105900
1991,4,13,1269.34790560459,Delta_Storage+USGS_12105900
1991,4,14,1347.74967927941,Delta_Storage+USGS_12105900
1991,4,15,1381.26011408982,Delta_Storage+USGS_12105900
1991,4,16,1360.27795497113,Delta_Storage+USGS_12105900
1991,4,17,1343.37794836181,Delta_Storage+USGS_12105900
1991,4,18,1401.78997418435,Delta_Storage+USGS_12105900
1991,4,19,1601.58011930052,Delta_Storage+USGS_12105900
1991,4,20,1413.8916130711,Delta_Storage+USGS_12105900
1991,4,21,1468.63311063946,Delta_Storage+USGS_12105900
1991,4,22,1744.4898117357,Delta_Storage+USGS_12105900
1991,4,23,1701.75923261265,Delta_Storage+USGS_12105900
1991,4,24,1556.82547053717,Delta_Storage+USGS_12105900
1991,4,25,1374.35681973308,Delta_Storage+USGS_12105900
1991,4,26,1166.47528965156,Delta_Storage+USGS_12105900
1991,4,27,1112.11752343757,Delta_Storage+USGS_12105900
1991,4,28,1088.98030170524,Delta_Storage+USGS_12105900
1991,4,29,1254.02102063005,Delta_Storage+USGS_12105900
1991,4,30,1149.5968076626,Delta_Storage+USGS_12105900
1991,5,1,1141.18498535593,Delta_Storage+USGS_12105900
1991,5,2,1205.48648140087,Delta_Storage+USGS_12105900
1991,5,3,1220.37662302751,Delta_Storage+USGS_12105900
1991,5,4,1237.11512151986,Delta_Storage+USGS_12105900
1991,5,5,1257.19233225615,Delta_Storage+USGS_12105900
1991,5,6,1266.93936712168,Delta_Storage+USGS_12105900
1991,5,7,1132.67099762597,Delta_Storage+USGS_12105900
1991,5,8,1367.93462147512,Delta_Storage+USGS_12105900
1991,5,9,1425.46782313421,Delta_Storage+USGS_12105900
1991,5,10,1270.30960919013,Delta_Storage+USGS_12105900
1991,5,11,1213.33905842974,Delta_Storage+USGS_12105900
1991,5,12,1153.31832776438,Delta_Storage+USGS_12105900
1991,5,13,2029.1695876286,Delta_Storage+USGS_12105900
1991,5,14,1023.8982489911,Delta_Storage+USGS_12105900
1991,5,15,1086.1415114187,Delta_Storage+USGS_12105900
1991,5,16,945.64830699193,Delta_Storage+USGS_12105900
1991,5,17,1099.70205414897,Delta_Storage+USGS_12105900
1991,5,18,1333.13369787517,Delta_Storage+USGS_12105900
1991,5,19,1424.26221439586,Delta_Storage+USGS_12105900
1991,5,20,1215.39139747132,Delta_Storage+USGS_12105900
1991,5,21,890.21701115514,Delta_Storage+USGS_12105900
1991,5,22,1059.22755562416,Delta_Storage+USGS_12105900
1991,5,23,1143.08989568616,Delta_Storage+USGS_12105900
1991,5,24,1066.39582394015,Delta_Storage+USGS_12105900
1991,5,25,1095.09243269468,Delta_Storage+USGS_12105900
1991,5,26,1173.05438052824,Delta_Storage+USGS_12105900
1991,5,27,1087.25437408929,Delta_Storage+USGS_12105900
1991,5,28,1004.26026224297,Delta_Storage+USGS_12105900
1991,5,29,975.742700828789,Delta_Storage+USGS_12105900
1991,5,30,947.891718233478,Delta_Storage+USGS_12105900
1991,5,31,910.584245644026,Delta_Storage+USGS_12105900
1991,6,1,843.312916812515,Delta_Storage+USGS_12105900
1991,6,2,848.445958790197,Delta_Storage+USGS_12105900
1991,6,3,824.571249477473,Delta_Storage+USGS_12105900
1991,6,4,725.819325566242,Delta_Storage+USGS_12105900
1991,6,5,697.984114041742,Delta_Storage+USGS_12105900
1991,6,6,646.885830859643,Delta_Storage+USGS_12105900
1991,6,7,557.669734907434,Delta_Storage+USGS_12105900
1991,6,8,673.236061712987,Delta_Storage+USGS_12105900
1991,6,9,635.372062901944,Delta_Storage+USGS_12105900
1991,6,10,593.686965213551,Delta_Storage+USGS_12105900
1991,6,11,623.089410899898,Delta_Storage+USGS_12105900
1991,6,12,656.294223597346,Delta_Storage+USGS_12105900
1991,6,13,709.548834199542,Delta_Storage+USGS_12105900
1991,6,14,819.549737974463,Delta_Storage+USGS_12105900
1991,6,15,729.596048450599,Delta_Storage+USGS_12105900
1991,6,16,685.866739971735,Delta_Storage+USGS_12105900
1991,6,17,713.2536447841,Delta_Storage+USGS_12105900
1991,6,18,703.87504092132,Delta_Storage+USGS_12105900
1991,6,19,671.254333031567,Delta_Storage+USGS_12105900
1991,6,20,767.904901688201,Delta_Storage+USGS_12105900
1991,6,21,940.737968594139,Delta_Storage+USGS_12105900
1991,6,22,845.282866694468,Delta_Storage+USGS_12105900
1991,6,23,792.002604411004,Delta_Storage+USGS_12105900
1991,6,24,749.183443326993,Delta_Storage+USGS_12105900
1991,6,25,708.236895963698,Delta_Storage+USGS_12105900
1991,6,26,624.215201324959,Delta_Storage+USGS_12105900
1991,6,27,572.464942202207,Delta_Storage+USGS_12105900
1991,6,28,559.482818794929,Delta_Storage+USGS_12105900
1991,6,29,553.490454886375,Delta_Storage+USGS_12105900
1991,6,30,545.250954511579,Delta_Storage+USGS_12105900
1991,7,1,503.427975381258,Delta_Storage+USGS_12105900
1991,7,2,484.610273946372,Delta_Storage+USGS_12105900
1991,7,3,474.192047037097,Delta_Storage+USGS_12105900
1991,7,4,443.194720321038,Delta_Storage+USGS_12105900
1991,7,5,436.748032323345,Delta_Storage+USGS_12105900
1991,7,6,414.812762810875,Delta_Storage+USGS_12105900
1991,7,7,396.233559667878,Delta_Storage+USGS_12105900
1991,7,8,382.317257409491,Delta_Storage+USGS_12105900
1991,7,9,340.590257081727,Delta_Storage+USGS_12105900
1991,7,10,307.092366465642,Delta_Storage+USGS_12105900
1991,7,11,289.743679289184,Delta_Storage+USGS_12105900
1991,7,12,301.747286872698,Delta_Storage+USGS_12105900
1991,7,13,302.820860866034,Delta_Storage+USGS_12105900
1991,7,14,294.911712834934,Delta_Storage+USGS_12105900
1991,7,15,288.846662619697,Delta_Storage+USGS_12105900
1991,7,16,290.585518890113,Delta_Storage+USGS_12105900
1991,7,17,296.069049037758,Delta_Storage+USGS_12105900
1991,7,18,283.673384835641,Delta_Storage+USGS_12105900
1991,7,19,268.204057682728,Delta_Storage+USGS_12105900
1991,7,20,257.362564101996,Delta_Storage+USGS_12105900
1991,7,21,250.600551079201,Delta_Storage+USGS_12105900
1991,7,22,222.457758893028,Delta_Storage+USGS_12105900
1991,7,23,199.252337121876,Delta_Storage+USGS_12105900
1991,7,24,220.205876467017,Delta_Storage+USGS_12105900
1991,7,25,239.253928558273,Delta_Storage+USGS_12105900
1991,7,26,236.079253209801,Delta_Storage+USGS_12105900
1991,7,27,217.348668653024,Delta_Storage+USGS_12105900
1991,7,28,208.570714049166,Delta_Storage+USGS_12105900
1991,7,29,203.808701026041,Delta_Storage+USGS_12105900
1991,7,30,198.729220468517,Delta_Storage+USGS_12105900
1991,7,31,194.125941213212,Delta_Storage+USGS_12105900
1991,8,1,180.36392819017,Delta_Storage+USGS_12105900
1991,8,2,175.380097119293,Delta_Storage+USGS_12105900
1991,8,3,182.078798513603,Delta_Storage+USGS_12105900
1991,8,4,181.913785315786,Delta_Storage+USGS_12105900
1991,8,5,181.567526340228,Delta_Storage+USGS_12105900
1991,8,6,179.918468418971,Delta_Storage+USGS_12105900
1991,8,7,185.329571154043,Delta_Storage+USGS_12105900
1991,8,8,191.449260128091,Delta_Storage+USGS_12105900
1991,8,9,180.521244102433,Delta_Storage+USGS_12105900
1991,8,10,176.898520256413,Delta_Storage+USGS_12105900
1991,8,11,169.904590000127,Delta_Storage+USGS_12105900
1991,8,12,173.036418461531,Delta_Storage+USGS_12105900
1991,8,13,165.028609786331,Delta_Storage+USGS_12105900
1991,8,14,160.657403376142,Delta_Storage+USGS_12105900
1991,8,15,156.470247762005,Delta_Storage+USGS_12105900
1991,8,16,155.373611767991,Delta_Storage+USGS_12105900
1991,8,17,153.22635247874,Delta_Storage+USGS_12105900
1991,8,18,149.292266709364,Delta_Storage+USGS_12105900
1991,8,19,145.795301581186,Delta_Storage+USGS_12105900
1991,8,20,143.60969837613,Delta_Storage+USGS_12105900
1991,8,21,139.092785085469,Delta_Storage+USGS_12105900
1991,8,22,155.245433534912,Delta_Storage+USGS_12105900
1991,8,23,105.309604114803,Delta_Storage+USGS_12105900
1991,8,24,130.787492905983,Delta_Storage+USGS_12105900
1991,8,25,133.439548130606,Delta_Storage+USGS_12105900
1991,8,26,132.495906517,Delta_Storage+USGS_12105900
1991,8,27,139.618387454026,Delta_Storage+USGS_12105900
1991,8,28,170.701178963672,Delta_Storage+USGS_12105900
1991,8,29,225.15475785045,Delta_Storage+USGS_12105900
1991,8,30,184.931298786715,Delta_Storage+USGS_12105900
1991,8,31,164.54501406332,Delta_Storage+USGS_12105900
1991,9,1,168.409081102369,Delta_Storage+USGS_12105900
1991,9,2,153.484443075168,Delta_Storage+USGS_12105900
1991,9,3,124.282415760426,Delta_Storage+USGS_12105900
1991,9,4,127.86414944938,Delta_Storage+USGS_12105900
1991,9,5,134.274509798833,Delta_Storage+USGS_12105900
1991,9,6,133.236142677159,Delta_Storage+USGS_12105900
1991,9,7,133.235227787899,Delta_Storage+USGS_12105900
1991,9,8,133.112975539514,Delta_Storage+USGS_12105900
1991,9,9,129.323155836856,Delta_Storage+USGS_12105900
1991,9,10,127.733876606942,Delta_Storage+USGS_12105900
1991,9,11,129.621264183605,Delta_Storage+USGS_12105900
1991,9,12,120.195498864446,Delta_Storage+USGS_12105900
1991,9,13,132.564957971905,Delta_Storage+USGS_12105900
1991,9,14,136.210543413584,Delta_Storage+USGS_12105900
1991,9,15,121.762796082283,Delta_Storage+USGS_12105900
1991,9,16,118.714417774976,Delta_Storage+USGS_12105900
1991,9,17,123.089291098294,Delta_Storage+USGS_12105900
1991,9,18,122.05847099459,Delta_Storage+USGS_12105900
1991,9,19,116.945296658435,Delta_Storage+USGS_12105900
1991,9,20,111.609788574593,Delta_Storage+USGS_12105900
1991,9,21,108.385949230063,Delta_Storage+USGS_12105900
1991,9,22,105.384443633571,Delta_Storage+USGS_12105900
1991,9,23,104.940278003227,Delta_Storage+USGS_12105900
1991,9,24,102.748145182469,Delta_Storage+USGS_12105900
1991,9,25,110.925793102029,Delta_Storage+USGS_12105900
1991,9,26,112.314220688322,Delta_Storage+USGS_12105900
1991,9,27,106.720689161054,Delta_Storage+USGS_12105900
1991,9,28,106.378839900033,Delta_Storage+USGS_12105900
1991,9,29,103.867949752178,Delta_Storage+USGS_12105900
1991,9,30,99.991921180745,Delta_Storage+USGS_12105900
1991,10,1,103.350985047801,Delta_Storage+USGS_12105900
1991,10,2,109.639441084085,Delta_Storage+USGS_12105900
1991,10,3,107.332869917117,Delta_Storage+USGS_12105900
1991,10,4,101.969585037627,Delta_Storage+USGS_12105900
1991,10,5,96.0981574721033,Delta_Storage+USGS_12105900
1991,10,6,96.8078716772989,Delta_Storage+USGS_12105900
1991,10,7,102.70673434341,Delta_Storage+USGS_12105900
1991,10,8,100.413952202484,Delta_Storage+USGS_12105900
1991,10,9,104.061780307569,Delta_Storage+USGS_12105900
1991,10,10,99.757870888718,Delta_Storage+USGS_12105900
1991,10,11,96.6922969270321,Delta_Storage+USGS_12105900
1991,10,12,95.2622841844039,Delta_Storage+USGS_12105900
1991,10,13,103.291689844593,Delta_Storage+USGS_12105900
1991,10,14,100.974936905835,Delta_Storage+USGS_12105900
1991,10,15,99.9723036049825,Delta_Storage+USGS_12105900
1991,10,16,107.751685429268,Delta_Storage+USGS_12105900
1991,10,17,107.172733141206,Delta_Storage+USGS_12105900
1991,10,18,106.925671105614,Delta_Storage+USGS_12105900
1991,10,19,104.934748198297,Delta_Storage+USGS_12105900
1991,10,20,101.014809635682,Delta_Storage+USGS_12105900
1991,10,21,112.291760478252,Delta_Storage+USGS_12105900
1991,10,22,127.757128156153,Delta_Storage+USGS_12105900
1991,10,23,124.826825893566,Delta_Storage+USGS_12105900
1991,10,24,144.565933455885,Delta_Storage+USGS_12105900
1991,10,25,177.156125005305,Delta_Storage+USGS_12105900
1991,10,26,160.2675226,Delta_Storage+USGS_12105900
1991,10,27,143.126641294282,Delta_Storage+USGS_12105900
1991,10,28,134.991586287237,Delta_Storage+USGS_12105900
1991,10,29,124.380907200957,Delta_Storage+USGS_12105900
1991,10,30,121.122689273044,Delta_Storage+USGS_12105900
1991,10,31,119.43004577789,Delta_Storage+USGS_12105900
1991,11,1,134.620977180459,Delta_Storage+USGS_12105900
1991,11,2,143.932005854083,Delta_Storage+USGS_12105900
1991,11,3,130.046478833691,Delta_Storage+USGS_12105900
1991,11,4,139.75588530553,Delta_Storage+USGS_12105900
1991,11,5,417.66434993741,Delta_Storage+USGS_12105900
1991,11,6,848.729777193584,Delta_Storage+USGS_12105900
1991,11,7,383.743310344789,Delta_Storage+USGS_12105900
1991,11,8,265.840641769364,Delta_Storage+USGS_12105900
1991,11,9,319.239991761123,Delta_Storage+USGS_12105900
1991,11,10,303.290935660578,Delta_Storage+USGS_12105900
1991,11,11,309.282482519455,Delta_Storage+USGS_12105900
1991,11,12,1003.38642267856,Delta_Storage+USGS_12105900
1991,11,13,1067.5762529774,Delta_Storage+USGS_12105900
1991,11,14,416.316584226858,Delta_Storage+USGS_12105900
1991,11,15,384.779174401812,Delta_Storage+USGS_12105900
1991,11,16,442.260507226596,Delta_Storage+USGS_12105900
1991,11,17,551.492815859421,Delta_Storage+USGS_12105900
1991,11,18,745.114831989186,Delta_Storage+USGS_12105900
1991,11,19,865.650685701709,Delta_Storage+USGS_12105900
1991,11,20,1970.42123599679,Delta_Storage+USGS_12105900
1991,11,21,2100.94201138807,Delta_Storage+USGS_12105900
1991,11,22,1040.09228607214,Delta_Storage+USGS_12105900
1991,11,23,837.666176729167,Delta_Storage+USGS_12105900
1991,11,24,836.191984963881,Delta_Storage+USGS_12105900
1991,11,25,2940.92003686136,Delta_Storage+USGS_12105900
1991,11,26,4064.32183592368,Delta_Storage+USGS_12105900
1991,11,27,1682.11911101965,Delta_Storage+USGS_12105900
1991,11,28,1675.65723620307,Delta_Storage+USGS_12105900
1991,11,29,1706.85751987383,Delta_Storage+USGS_12105900
1991,11,30,1539.76024031924,Delta_Storage+USGS_12105900
1991,12,1,1353.91312441635,Delta_Storage+USGS_12105900
1991,12,2,2443.4746461538,Delta_Storage+USGS_12105900
1991,12,3,1717.99571907722,Delta_Storage+USGS_12105900
1991,12,4,2111.34240561662,Delta_Storage+USGS_12105900
1991,12,5,3502.46779896903,Delta_Storage+USGS_12105900
1991,12,6,5167.38200082804,Delta_Storage+USGS_12105900
1991,12,7,3950.71848778315,Delta_Storage+USGS_12105900
1991,12,8,4091.18379194813,Delta_Storage+USGS_12105900
1991,12,9,4341.85550800459,Delta_Storage+USGS_12105900
1991,12,10,3639.66254797722,Delta_Storage+USGS_12105900
1991,12,11,2892.41430407427,Delta_Storage+USGS_12105900
1991,12,12,3289.6297471506,Delta_Storage+USGS_12105900
1991,12,13,2991.33270075063,Delta_Storage+USGS_12105900
1991,12,14,2437.90531436304,Delta_Storage+USGS_12105900
1991,12,15,2010.81039508182,Delta_Storage+USGS_12105900
1991,12,16,1409.99318934855,Delta_Storage+USGS_12105900
1991,12,17,1169.87523198858,Delta_Storage+USGS_12105900
1991,12,18,1247.12530052061,Delta_Storage+USGS_12105900
1991,12,19,1120.18370375408,Delta_Storage+USGS_12105900
1991,12,20,981.537585729105,Delta_Storage+USGS_12105900
1991,12,21,976.304812689681,Delta_Storage+USGS_12105900
1991,12,22,973.255513978157,Delta_Storage+USGS_12105900
1991,12,23,817.744211973028,Delta_Storage+USGS_12105900
1991,12,24,660.811181483616,Delta_Storage+USGS_12105900
1991,12,25,656.340601966922,Delta_Storage+USGS_12105900
1991,12,26,690.665455263486,Delta_Storage+USGS_12105900
1991,12,27,681.791129957488,Delta_Storage+USGS_12105900
1991,12,28,686.567294642434,Delta_Storage+USGS_12105900
1991,12,29,676.494905250163,Delta_Storage+USGS_12105900
1991,12,30,773.609266864208,Delta_Storage+USGS_12105900
1991,12,31,637.773472485346,Delta_Storage+USGS_12105900
1992,1,1,561.97191119925,Delta_Storage+USGS_12105900
1992,1,2,795.414354696733,Delta_Storage+USGS_12105900
1992,1,3,694.999711557877,Delta_Storage+USGS_12105900
1992,1,4,665.724548304533,Data_Ranger
1992,1,5,652.442907107709,Data_Ranger
1992,1,6,625.115809154115,Data_Ranger
1992,1,7,840.208447694961,Delta_Storage+USGS_12105900
1992,1,8,671.631575607837,Delta_Storage+USGS_12105900
1992,1,9,473.185138544521,Delta_Storage+USGS_12105900
1992,1,10,532.657514095617,Delta_Storage+USGS_12105900
1992,1,11,499.645756773624,Delta_Storage+USGS_12105900
1992,1,12,503.848811081728,Delta_Storage+USGS_12105900
1992,1,13,612.511370469369,Delta_Storage+USGS_12105900
1992,1,14,557.813914611125,Delta_Storage+USGS_12105900
1992,1,15,503.368915776216,Delta_Storage+USGS_12105900
1992,1,16,795.110936908016,Delta_Storage+USGS_12105900
1992,1,17,911.161118150116,Delta_Storage+USGS_12105900
1992,1,18,908.061600149222,Delta_Storage+USGS_12105900
1992,1,19,850.083443360199,Delta_Storage+USGS_12105900
1992,1,20,779.976432612694,Delta_Storage+USGS_12105900
1992,1,21,926.367508091192,Delta_Storage+USGS_12105900
1992,1,22,775.412653648251,Delta_Storage+USGS_12105900
1992,1,23,1526.69564399439,Delta_Storage+USGS_12105900
1992,1,24,2667.52398176766,Delta_Storage+USGS_12105900
1992,1,25,2017.63209249103,Delta_Storage+USGS_12105900
1992,1,26,1947.5730214445,Delta_Storage+USGS_12105900
1992,1,27,2436.06786764285,Delta_Storage+USGS_12105900
1992,1,28,3702.76250652651,Delta_Storage+USGS_12105900
1992,1,29,5322.75259043318,Delta_Storage+USGS_12105900
1992,1,30,4748.08417908096,Delta_Storage+USGS_12105900
1992,1,31,3320.10577400669,Delta_Storage+USGS_12105900
1992,2,1,2941.8722317124,Data_Ranger
1992,2,2,2114.49552269874,Data_Ranger
1992,2,3,1902.12390107777,Data_Ranger
1992,2,4,1665.21669405684,Data_Ranger
1992,2,5,1354.74696118709,Delta_Storage+USGS_12105900
1992,2,6,1319.28083263044,Delta_Storage+USGS_12105900
1992,2,7,1133.68173955313,Delta_Storage+USGS_12105900
1992,2,8,953.445862424555,Delta_Storage+USGS_12105900
1992,2,9,976.478854762583,Delta_Storage+USGS_12105900
1992,2,10,1085.09641606106,Delta_Storage+USGS_12105900
1992,2,11,923.701922621927,Delta_Storage+USGS_12105900
1992,2,12,731.822232947728,Delta_Storage+USGS_12105900
1992,2,13,746.603458090053,Delta_Storage+USGS_12105900
1992,2,14,721.620512183679,Delta_Storage+USGS_12105900
1992,2,15,680.602161319846,Delta_Storage+USGS_12105900
1992,2,16,702.581375850818,Delta_Storage+USGS_12105900
1992,2,17,697.909778162451,Delta_Storage+USGS_12105900
1992,2,18,793.283248678278,Delta_Storage+USGS_12105900
1992,2,19,830.208522750217,Delta_Storage+USGS_12105900
1992,2,20,786.085305983323,Delta_Storage+USGS_12105900
1992,2,21,954.249852694413,Delta_Storage+USGS_12105900
1992,2,22,1279.15040104893,Delta_Storage+USGS_12105900
1992,2,23,1693.76352977225,Delta_Storage+USGS_12105900
1992,2,24,2025.13321063274,Delta_Storage+USGS_12105900
1992,2,25,1451.86235428171,Delta_Storage+USGS_12105900
1992,2,26,1424.43132825346,Delta_Storage+USGS_12105900
1992,2,27,1562.42276278128,Delta_Storage+USGS_12105900
1992,2,28,1440.7804957121,Delta_Storage+USGS_12105900
1992,2,29,1358.94560519232,Delta_Storage+USGS_12105900
1992,3,1,1314.83590075043,Delta_Storage+USGS_12105900
1992,3,2,1029.98242538597,Delta_Storage+USGS_12105900
1992,3,3,1067.81207732513,Delta_Storage+USGS_12105900
1992,3,4,1013.45821958641,Delta_Storage+USGS_12105900
1992,3,5,901.247399366158,Delta_Storage+USGS_12105900
1992,3,6,882.457218178216,Delta_Storage+USGS_12105900
1992,3,7,854.422228003603,Delta_Storage+USGS_12105900
1992,3,8,854.147599122186,Delta_Storage+USGS_12105900
1992,3,9,775.636307103179,Delta_Storage+USGS_12105900
1992,3,10,695.410198394277,Delta_Storage+USGS_12105900
1992,3,11,774.561884023499,Delta_Storage+USGS_12105900
1992,3,12,786.22242807131,Delta_Storage+USGS_12105900
1992,3,13,805.862549066797,Delta_Storage+USGS_12105900
1992,3,14,785.797708451474,Delta_Storage+USGS_12105900
1992,3,15,981.870738256727,Delta_Storage+USGS_12105900
1992,3,16,1070.90133754537,Delta_Storage+USGS_12105900
1992,3,17,1060.16806383843,Delta_Storage+USGS_12105900
1992,3,18,1018.15412794252,Delta_Storage+USGS_12105900
1992,3,19,854.786588276674,Delta_Storage+USGS_12105900
1992,3,20,843.838872449523,Delta_Storage+USGS_12105900
1992,3,21,841.845231235127,Delta_Storage+USGS_12105900
1992,3,22,818.665053690765,Delta_Storage+USGS_12105900
1992,3,23,686.0303889213,Delta_Storage+USGS_12105900
1992,3,24,631.557875114513,Delta_Storage+USGS_12105900
1992,3,25,633.023004156785,Delta_Storage+USGS_12105900
1992,3,26,632.779148461284,Delta_Storage+USGS_12105900
1992,3,27,622.496577993018,Delta_Storage+USGS_12105900
1992,3,28,609.221077495015,Delta_Storage+USGS_12105900
1992,3,29,603.159246780188,Delta_Storage+USGS_12105900
1992,3,30,563.308597033468,Delta_Storage+USGS_12105900
1992,3,31,486.283141323354,Delta_Storage+USGS_12105900
1992,4,1,438.857080619777,Delta_Storage+USGS_12105900
1992,4,2,440.456959394381,Delta_Storage+USGS_12105900
1992,4,3,496.473334806076,Delta_Storage+USGS_12105900
1992,4,4,612.621968373204,Delta_Storage+USGS_12105900
1992,4,5,624.682308167983,Delta_Storage+USGS_12105900
1992,4,6,588.189061872753,Delta_Storage+USGS_12105900
1992,4,7,550.783855540201,Delta_Storage+USGS_12105900
1992,4,8,512.854397704379,Delta_Storage+USGS_12105900
1992,4,9,483.433920125082,Delta_Storage+USGS_12105900
1992,4,10,596.378830566674,Delta_Storage+USGS_12105900
1992,4,11,567.930400585838,Delta_Storage+USGS_12105900
1992,4,12,539.329726272125,Delta_Storage+USGS_12105900
1992,4,13,515.963396606692,Delta_Storage+USGS_12105900
1992,4,14,525.866560256735,Delta_Storage+USGS_12105900
1992,4,15,511.700327843325,Delta_Storage+USGS_12105900
1992,4,16,529.725183083763,Delta_Storage+USGS_12105900
1992,4,17,803.808776984661,Delta_Storage+USGS_12105900
1992,4,18,2019.41709706957,Delta_Storage+USGS_12105900
1992,4,19,2258.5177881171,Delta_Storage+USGS_12105900
1992,4,20,1553.95286058705,Delta_Storage+USGS_12105900
1992,4,21,1226.20120021042,Delta_Storage+USGS_12105900
1992,4,22,1032.84947035607,Delta_Storage+USGS_12105900
1992,4,23,959.246432777545,Delta_Storage+USGS_12105900
1992,4,24,831.817627470818,Delta_Storage+USGS_12105900
1992,4,25,766.342730384801,Delta_Storage+USGS_12105900
1992,4,26,713.055781924109,Delta_Storage+USGS_12105900
1992,4,27,695.470898357123,Delta_Storage+USGS_12105900
1992,4,28,702.742857809706,Delta_Storage+USGS_12105900
1992,4,29,805.646785803651,Delta_Storage+USGS_12105900
1992,4,30,1021.79482639721,Delta_Storage+USGS_12105900
1992,5,1,1138.65225866107,Delta_Storage+USGS_12105900
1992,5,2,963.090773742242,Delta_Storage+USGS_12105900
1992,5,3,848.921211820982,Delta_Storage+USGS_12105900
1992,5,4,793.695668769682,Delta_Storage+USGS_12105900
1992,5,5,809.66375893481,Delta_Storage+USGS_12105900
1992,5,6,773.466155836438,Delta_Storage+USGS_12105900
1992,5,7,658.393435829752,Delta_Storage+USGS_12105900
1992,5,8,653.938734129602,Delta_Storage+USGS_12105900
1992,5,9,749.913398587778,Delta_Storage+USGS_12105900
1992,5,10,716.768135716061,Delta_Storage+USGS_12105900
1992,5,11,736.430579792456,Delta_Storage+USGS_12105900
1992,5,12,648.877645401451,Delta_Storage+USGS_12105900
1992,5,13,557.843282992093,Delta_Storage+USGS_12105900
1992,5,14,569.508331479,Delta_Storage+USGS_12105900
1992,5,15,546.16053505363,Delta_Storage+USGS_12105900
1992,5,16,516.61227154021,Delta_Storage+USGS_12105900
1992,5,17,487.995329122515,Delta_Storage+USGS_12105900
1992,5,18,439.802498125911,Delta_Storage+USGS_12105900
1992,5,19,392.756074762215,Delta_Storage+USGS_12105900
1992,5,20,432.743406991792,Delta_Storage+USGS_12105900
1992,5,21,404.85734153958,Delta_Storage+USGS_12105900
1992,5,22,373.629295300975,Delta_Storage+USGS_12105900
1992,5,23,356.996181954668,Delta_Storage+USGS_12105900
1992,5,24,357.307011559186,Delta_Storage+USGS_12105900
1992,5,25,347.258590602732,Delta_Storage+USGS_12105900
1992,5,26,332.202533554046,Delta_Storage+USGS_12105900
1992,5,27,322.943942951998,Delta_Storage+USGS_12105900
1992,5,28,318.715896713296,Delta_Storage+USGS_12105900
1992,5,29,320.955397088289,Delta_Storage+USGS_12105900
1992,5,30,315.640749437655,Delta_Storage+USGS_12105900
1992,5,31,291.85855517401,Delta_Storage+USGS_12105900
1992,6,1,293.259804236767,Delta_Storage+USGS_12105900
1992,6,2,273.616450388011,Delta_Storage+USGS_12105900
1992,6,3,255.868887506128,Delta_Storage+USGS_12105900
1992,6,4,231.784352560293,Delta_Storage+USGS_12105900
1992,6,5,236.170598413442,Delta_Storage+USGS_12105900
1992,6,6,235.979518995885,Delta_Storage+USGS_12105900
1992,6,7,228.799893714514,Delta_Storage+USGS_12105900
1992,6,8,226.122177456303,Delta_Storage+USGS_12105900
1992,6,9,232.748732794747,Delta_Storage+USGS_12105900
1992,6,10,232.338582435204,Delta_Storage+USGS_12105900
1992,6,11,226.797780816148,Delta_Storage+USGS_12105900
1992,6,12,240.312884515359,Delta_Storage+USGS_12105900
1992,6,13,290.975097151964,Delta_Storage+USGS_12105900
1992,6,14,358.681810933981,Delta_Storage+USGS_12105900
1992,6,15,300.76619692297,Delta_Storage+USGS_12105900
1992,6,16,256.819687265167,Delta_Storage+USGS_12105900
1992,6,17,244.903385006511,Delta_Storage+USGS_12105900
1992,6,18,224.577583238642,Delta_Storage+USGS_12105900
1992,6,19,227.304583566136,Delta_Storage+USGS_12105900
1992,6,20,212.098679735799,Delta_Storage+USGS_12105900
1992,6,21,209.508179244829,Delta_Storage+USGS_12105900
1992,6,22,185.917678753771,Delta_Storage+USGS_12105900
1992,6,23,185.240484122531,Delta_Storage+USGS_12105900
1992,6,24,179.365686610542,Delta_Storage+USGS_12105900
1992,6,25,181.418488705812,Delta_Storage+USGS_12105900
1992,6,26,177.446387952868,Delta_Storage+USGS_12105900
1992,6,27,173.99238729806,Delta_Storage+USGS_12105900
1992,6,28,173.510487396381,Delta_Storage+USGS_12105900
1992,6,29,213.302788131275,Delta_Storage+USGS_12105900
1992,6,30,227.904577861076,Delta_Storage+USGS_12105900
1992,7,1,195.665908839867,Delta_Storage+USGS_12105900
1992,7,2,192.634025677566,Delta_Storage+USGS_12105900
1992,7,3,186.221136003996,Delta_Storage+USGS_12105900
1992,7,4,193.840356840531,Delta_Storage+USGS_12105900
1992,7,5,278.921656182345,Delta_Storage+USGS_12105900
1992,7,6,286.556818600031,Delta_Storage+USGS_12105900
1992,7,7,331.832833925692,Delta_Storage+USGS_12105900
1992,7,8,329.664520787792,Delta_Storage+USGS_12105900
1992,7,9,288.734613029343,Delta_Storage+USGS_12105900
1992,7,10,263.347708216978,Delta_Storage+USGS_12105900
1992,7,11,259.053757403095,Delta_Storage+USGS_12105900
1992,7,12,246.399555004243,Delta_Storage+USGS_12105900
1992,7,13,229.498501800672,Delta_Storage+USGS_12105900
1992,7,14,223.11756964284,Delta_Storage+USGS_12105900
1992,7,15,204.804725413581,Delta_Storage+USGS_12105900
1992,7,16,195.150793583604,Delta_Storage+USGS_12105900
1992,7,17,188.760892372404,Delta_Storage+USGS_12105900
1992,7,18,184.097991488422,Delta_Storage+USGS_12105900
1992,7,19,177.189990178902,Delta_Storage+USGS_12105900
1992,7,20,173.045189393242,Delta_Storage+USGS_12105900
1992,7,21,172.872489360437,Delta_Storage+USGS_12105900
1992,7,22,178.657868141572,Delta_Storage+USGS_12105900
1992,7,23,200.088922488026,Delta_Storage+USGS_12105900
1992,7,24,218.682532465103,Delta_Storage+USGS_12105900
1992,7,25,206.110681676151,Delta_Storage+USGS_12105900
1992,7,26,186.268960747279,Delta_Storage+USGS_12105900
1992,7,27,172.234168781947,Delta_Storage+USGS_12105900
1992,7,28,178.382778574517,Delta_Storage+USGS_12105900
1992,7,29,165.093830702692,Delta_Storage+USGS_12105900
1992,7,30,162.998635911907,Delta_Storage+USGS_12105900
1992,7,31,157.681168377094,Delta_Storage+USGS_12105900
1992,8,1,155.24976934093,Delta_Storage+USGS_12105900
1992,8,2,148.842697273586,Delta_Storage+USGS_12105900
1992,8,3,150.300161865573,Delta_Storage+USGS_12105900
1992,8,4,149.34775926113,Delta_Storage+USGS_12105900
1992,8,5,145.60168781932,Delta_Storage+USGS_12105900
1992,8,6,157.236850237173,Delta_Storage+USGS_12105900
1992,8,7,229.825779347308,Delta_Storage+USGS_12105900
1992,8,8,248.619902880789,Delta_Storage+USGS_12105900
1992,8,9,209.412662325514,Delta_Storage+USGS_12105900
1992,8,10,186.999317955995,Delta_Storage+USGS_12105900
1992,8,11,176.538376190671,Delta_Storage+USGS_12105900
1992,8,12,162.441215465328,Delta_Storage+USGS_12105900
1992,8,13,160.825017105933,Delta_Storage+USGS_12105900
1992,8,14,146.426557774651,Delta_Storage+USGS_12105900
1992,8,15,145.490096751191,Delta_Storage+USGS_12105900
1992,8,16,139.140746054077,Delta_Storage+USGS_12105900
1992,8,17,141.07963907011,Delta_Storage+USGS_12105900
1992,8,18,135.052888760659,Delta_Storage+USGS_12105900
1992,8,19,138.106663504387,Delta_Storage+USGS_12105900
1992,8,20,138.735457094122,Delta_Storage+USGS_12105900
1992,8,21,133.430164914561,Delta_Storage+USGS_12105900
1992,8,22,134.178647478653,Delta_Storage+USGS_12105900
1992,8,23,140.311582532999,Delta_Storage+USGS_12105900
1992,8,24,136.496711484111,Delta_Storage+USGS_12105900
1992,8,25,129.2246135471,Delta_Storage+USGS_12105900
1992,8,26,128.78749290606,Delta_Storage+USGS_12105900
1992,8,27,128.270579615397,Delta_Storage+USGS_12105900
1992,8,28,123.985235598394,Delta_Storage+USGS_12105900
1992,8,29,117.885494786292,Delta_Storage+USGS_12105900
1992,8,30,122.086403735244,Delta_Storage+USGS_12105900
1992,8,31,121.199130803772,Delta_Storage+USGS_12105900
1992,9,1,121.461584280754,Delta_Storage+USGS_12105900
1992,9,2,128.734800511836,Delta_Storage+USGS_12105900
1992,9,3,118.998587275594,Delta_Storage+USGS_12105900
1992,9,4,125.195096898785,Delta_Storage+USGS_12105900
1992,9,5,131.656743595188,Delta_Storage+USGS_12105900
1992,9,6,126.460239645806,Delta_Storage+USGS_12105900
1992,9,7,121.130492005716,Delta_Storage+USGS_12105900
1992,9,8,280.686450394811,Delta_Storage+USGS_12105900
1992,9,9,440.977266036394,Delta_Storage+USGS_12105900
1992,9,10,267.562619148191,Delta_Storage+USGS_12105900
1992,9,11,225.597579657147,Delta_Storage+USGS_12105900
1992,9,12,196.224741283107,Delta_Storage+USGS_12105900
1992,9,13,177.678969790629,Delta_Storage+USGS_12105900
1992,9,14,170.665506418738,Delta_Storage+USGS_12105900
1992,9,15,161.913818532306,Delta_Storage+USGS_12105900
1992,9,16,157.250289347209,Delta_Storage+USGS_12105900
1992,9,17,152.453516471201,Delta_Storage+USGS_12105900
1992,9,18,147.923230977088,Delta_Storage+USGS_12105900
1992,9,19,147.257012521955,Delta_Storage+USGS_12105900
1992,9,20,142.725382393035,Delta_Storage+USGS_12105900
1992,9,21,150.969434463374,Delta_Storage+USGS_12105900
1992,9,22,231.029282591454,Delta_Storage+USGS_12105900
1992,9,23,198.433792130439,Delta_Storage+USGS_12105900
1992,9,24,446.339615678326,Delta_Storage+USGS_12105900
1992,9,25,1825.7343941084,Delta_Storage+USGS_12105900
1992,9,26,1364.88736054269,Delta_Storage+USGS_12105900
1992,9,27,884.563765341799,Delta_Storage+USGS_12105900
1992,9,28,643.54637602579,Delta_Storage+USGS_12105900
1992,9,29,536.721406969282,Delta_Storage+USGS_12105900
1992,9,30,477.075174726691,Delta_Storage+USGS_12105900
1992,10,1,432.058976692072,Delta_Storage+USGS_12105900
1992,10,2,376.582468456768,Delta_Storage+USGS_12105900
1992,10,3,377.434518362664,Delta_Storage+USGS_12105900
1992,10,4,379.414501704688,Delta_Storage+USGS_12105900
1992,10,5,256.298971266251,Delta_Storage+USGS_12105900
1992,10,6,276.638649503428,Delta_Storage+USGS_12105900
1992,10,7,310.498900420258,Delta_Storage+USGS_12105900
1992,10,8,299.859983247356,Delta_Storage+USGS_12105900
1992,10,9,273.141008862712,Delta_Storage+USGS_12105900
1992,10,10,260.970597767133,Delta_Storage+USGS_12105900
1992,10,11,247.208038865806,Delta_Storage+USGS_12105900
1992,10,12,249.642895364022,Delta_Storage+USGS_12105900
1992,10,13,251.424944818485,Delta_Storage+USGS_12105900
1992,10,14,290.707424894314,Delta_Storage+USGS_12105900
1992,10,15,336.21796913648,Delta_Storage+USGS_12105900
1992,10,16,196.095324195561,Delta_Storage+USGS_12105900
1992,10,17,279.82432470177,Delta_Storage+USGS_12105900
1992,10,18,281.899150256336,Delta_Storage+USGS_12105900
1992,10,19,317.999323213041,Delta_Storage+USGS_12105900
1992,10,20,381.62654101046,Delta_Storage+USGS_12105900
1992,10,21,383.936474367107,Delta_Storage+USGS_12105900
1992,10,22,403.095374636886,Delta_Storage+USGS_12105900
1992,10,23,374.701720660715,Delta_Storage+USGS_12105900
1992,10,24,350.710087312787,Delta_Storage+USGS_12105900
1992,10,25,327.844716857759,Delta_Storage+USGS_12105900
1992,10,26,286.237023663551,Delta_Storage+USGS_12105900
1992,10,27,286.382135477382,Delta_Storage+USGS_12105900
1992,10,28,282.465681199289,Delta_Storage+USGS_12105900
1992,10,29,275.125475922601,Delta_Storage+USGS_12105900
1992,10,30,281.713772300777,Delta_Storage+USGS_12105900
1992,10,31,293.419497208595,Delta_Storage+USGS_12105900
1992,11,1,380.489255786272,Delta_Storage+USGS_12105900
1992,11,2,621.644171573919,Delta_Storage+USGS_12105900
1992,11,3,725.924553311578,Delta_Storage+USGS_12105900
1992,11,4,803.9032115412,Delta_Storage+USGS_12105900
1992,11,5,782.608595585211,Delta_Storage+USGS_12105900
1992,11,6,721.132827296886,Delta_Storage+USGS_12105900
1992,11,7,888.964086555012,Delta_Storage+USGS_12105900
1992,11,8,1225.96430713341,Delta_Storage+USGS_12105900
1992,11,9,1680.81546360072,Delta_Storage+USGS_12105900
1992,11,10,1369.88716021201,Delta_Storage+USGS_12105900
1992,11,11,1179.58539665732,Delta_Storage+USGS_12105900
1992,11,12,1730.56123130433,Delta_Storage+USGS_12105900
1992,11,13,1543.55325862216,Delta_Storage+USGS_12105900
1992,11,14,1383.85018936025,Delta_Storage+USGS_12105900
1992,11,15,1249.73446142917,Delta_Storage+USGS_12105900
1992,11,16,1097.22104928352,Delta_Storage+USGS_12105900
1992,11,17,919.732116538521,Delta_Storage+USGS_12105900
1992,11,18,1106.45639472884,Delta_Storage+USGS_12105900
1992,11,19,1169.30497777793,Delta_Storage+USGS_12105900
1992,11,20,1145.653109519,Delta_Storage+USGS_12105900
1992,11,21,1224.51365998326,Delta_Storage+USGS_12105900
1992,11,22,2077.35447657846,Delta_Storage+USGS_12105900
1992,11,23,2476.20480826787,Delta_Storage+USGS_12105900
1992,11,24,1243.85863019269,Delta_Storage+USGS_12105900
1992,11,25,1165.32557138962,Delta_Storage+USGS_12105900
1992,11,26,933.166165317672,Delta_Storage+USGS_12105900
1992,11,27,887.07260754148,Delta_Storage+USGS_12105900
1992,11,28,860.313176381023,Delta_Storage+USGS_12105900
1992,11,29,850.497037062833,Delta_Storage+USGS_12105900
1992,11,30,1152.11525389745,Delta_Storage+USGS_12105900
1992,12,1,1448.24206146774,Delta_Storage+USGS_12105900
1992,12,2,1211.32839484053,Delta_Storage+USGS_12105900
1992,12,3,1010.54497049362,Delta_Storage+USGS_12105900
1992,12,4,783.298737352412,Delta_Storage+USGS_12105900
1992,12,5,658.09691299247,Delta_Storage+USGS_12105900
1992,12,6,669.247292754756,Delta_Storage+USGS_12105900
1992,12,7,701.64378910148,Delta_Storage+USGS_12105900
1992,12,8,694.922269661858,Delta_Storage+USGS_12105900
1992,12,9,663.905050715857,Delta_Storage+USGS_12105900
1992,12,10,564.07566859022,Delta_Storage+USGS_12105900
1992,12,11,469.818713937359,Delta_Storage+USGS_12105900
1992,12,12,458.384004135515,Delta_Storage+USGS_12105900
1992,12,13,465.570982744382,Delta_Storage+USGS_12105900
1992,12,14,1226.58896736823,Delta_Storage+USGS_12105900
1992,12,15,1689.85500918136,Delta_Storage+USGS_12105900
1992,12,16,1354.1025130433,Delta_Storage+USGS_12105900
1992,12,17,1054.73199324825,Delta_Storage+USGS_12105900
1992,12,18,753.321999762986,Delta_Storage+USGS_12105900
1992,12,19,686.996948513523,Delta_Storage+USGS_12105900
1992,12,20,724.302196300536,Delta_Storage+USGS_12105900
1992,12,21,944.999278534314,Delta_Storage+USGS_12105900
1992,12,22,1069.49204429473,Delta_Storage+USGS_12105900
1992,12,23,1375.33381963006,Delta_Storage+USGS_12105900
1992,12,24,1320.54648959288,Delta_Storage+USGS_12105900
1992,12,25,1305.89828511387,Delta_Storage+USGS_12105900
1992,12,26,1314.98944682586,Delta_Storage+USGS_12105900
1992,12,27,1289.14496393753,Delta_Storage+USGS_12105900
1992,12,28,1221.00715344846,Delta_Storage+USGS_12105900
1992,12,29,1120.38143545912,Delta_Storage+USGS_12105900
1992,12,30,921.260131049458,Delta_Storage+USGS_12105900
1992,12,31,706.257853052485,Delta_Storage+USGS_12105900
1993,1,1,665.575312685538,Delta_Storage+USGS_12105900
1993,1,2,675.088045974559,Delta_Storage+USGS_12105900
1993,1,3,666.046241427094,Delta_Storage+USGS_12105900
1993,1,4,699.2744705731,Delta_Storage+USGS_12105900
1993,1,5,653.303620117224,Delta_Storage+USGS_12105900
1993,1,6,567.876272085033,Delta_Storage+USGS_12105900
1993,1,7,487.293215933105,Delta_Storage+USGS_12105900
1993,1,8,429.080758629216,Delta_Storage+USGS_12105900
1993,1,9,410.772099285997,Delta_Storage+USGS_12105900
1993,1,10,419.879025825131,Delta_Storage+USGS_12105900
1993,1,11,401.128098309262,Delta_Storage+USGS_12105900
1993,1,12,387.76806341946,Delta_Storage+USGS_12105900
1993,1,13,400.383535378159,Delta_Storage+USGS_12105900
1993,1,14,400.353612683893,Delta_Storage+USGS_12105900
1993,1,15,379.445102874928,Delta_Storage+USGS_12105900
1993,1,16,369.849160752011,Delta_Storage+USGS_12105900
1993,1,17,368.609049752785,Delta_Storage+USGS_12105900
1993,1,18,367.154546682518,Delta_Storage+USGS_12105900
1993,1,19,364.387359369445,Delta_Storage+USGS_12105900
1993,1,20,356.16604876091,Delta_Storage+USGS_12105900
1993,1,21,342.885272538666,Delta_Storage+USGS_12105900
1993,1,22,341.972062632025,Delta_Storage+USGS_12105900
1993,1,23,338.697328840869,Delta_Storage+USGS_12105900
1993,1,24,358.585812482485,Delta_Storage+USGS_12105900
1993,1,25,3281.17196814521,Delta_Storage+USGS_12105900
1993,1,26,6068.54953317828,Delta_Storage+USGS_12105900
1993,1,27,3199.76228802762,Delta_Storage+USGS_12105900
1993,1,28,2337.71540304095,Delta_Storage+USGS_12105900
1993,1,29,1781.75749420581,Delta_Storage+USGS_12105900
1993,1,30,1582.45614942024,Delta_Storage+USGS_12105900
1993,1,31,1494.34938080766,Delta_Storage+USGS_12105900
1993,2,1,1290.55032075574,Delta_Storage+USGS_12105900
1993,2,2,1140.27668901291,Delta_Storage+USGS_12105900
1993,2,3,968.632570625234,Delta_Storage+USGS_12105900
1993,2,4,847.342206778173,Delta_Storage+USGS_12105900
1993,2,5,826.150109802902,Delta_Storage+USGS_12105900
1993,2,6,786.356590673329,Delta_Storage+USGS_12105900
1993,2,7,792.158517335099,Delta_Storage+USGS_12105900
1993,2,8,839.769056082606,Delta_Storage+USGS_12105900
1993,2,9,936.45440365144,Delta_Storage+USGS_12105900
1993,2,10,985.141042139906,Delta_Storage+USGS_12105900
1993,2,11,976.748503479148,Delta_Storage+USGS_12105900
1993,2,12,887.966106653154,Delta_Storage+USGS_12105900
1993,2,13,802.712421797026,Delta_Storage+USGS_12105900
1993,2,14,797.491344302017,Delta_Storage+USGS_12105900
1993,2,15,783.252459079465,Delta_Storage+USGS_12105900
1993,2,16,689.748211443682,Delta_Storage+USGS_12105900
1993,2,17,568.814545303044,Data_Ranger
1993,2,18,526.977903127739,Data_Ranger
1993,2,19,513.586657229092,Data_Ranger
1993,2,20,482.697299401603,Data_Ranger
1993,2,21,475.253825925012,Data_Ranger
1993,2,22,466.72514709431,Data_Ranger
1993,2,23,463.23655758855,Data_Ranger
1993,2,24,493.788174813146,Delta_Storage+USGS_12105900
1993,2,25,483.550617675601,Delta_Storage+USGS_12105900
1993,2,26,418.47294430363,Delta_Storage+USGS_12105900
1993,2,27,387.778328646667,Delta_Storage+USGS_12105900
1993,2,28,389.824930818561,Delta_Storage+USGS_12105900
1993,3,1,389.236107412455,Delta_Storage+USGS_12105900
1993,3,2,394.03763902812,Delta_Storage+USGS_12105900
1993,3,3,395.833598641982,Delta_Storage+USGS_12105900
1993,3,4,410.814302460813,Delta_Storage+USGS_12105900
1993,3,5,748.792894725992,Delta_Storage+USGS_12105900
1993,3,6,1087.59536214337,Delta_Storage+USGS_12105900
1993,3,7,1222.1625694472,Delta_Storage+USGS_12105900
1993,3,8,1489.74117469879,Delta_Storage+USGS_12105900
1993,3,9,1598.11045138664,Delta_Storage+USGS_12105900
1993,3,10,1168.55204115653,Delta_Storage+USGS_12105900
1993,3,11,931.402061929168,Delta_Storage+USGS_12105900
1993,3,12,936.615770312886,Delta_Storage+USGS_12105900
1993,3,13,900.94716486054,Delta_Storage+USGS_12105900
1993,3,14,897.776405738742,Delta_Storage+USGS_12105900
1993,3,15,2577.93290329448,Delta_Storage+USGS_12105900
1993,3,16,3044.9249555324,Delta_Storage+USGS_12105900
1993,3,17,1555.543814937,Delta_Storage+USGS_12105900
1993,3,18,1628.16533940903,Delta_Storage+USGS_12105900
1993,3,19,1324.36030721914,Delta_Storage+USGS_12105900
1993,3,20,1182.50774935569,Delta_Storage+USGS_12105900
1993,3,21,1238.53243933173,Delta_Storage+USGS_12105900
1993,3,22,2120.88025546634,Delta_Storage+USGS_12105900
1993,3,23,4026.13659706869,Delta_Storage+USGS_12105900
1993,3,24,3470.9233634794,Delta_Storage+USGS_12105900
1993,3,25,2342.25074829122,Delta_Storage+USGS_12105900
1993,3,26,1741.17405800838,Delta_Storage+USGS_12105900
1993,3,27,1620.379571386,Delta_Storage+USGS_12105900
1993,3,28,1469.86496751079,Delta_Storage+USGS_12105900
1993,3,29,1320.29072687296,Delta_Storage+USGS_12105900
1993,3,30,1263.68803142427,Delta_Storage+USGS_12105900
1993,3,31,1085.49058939937,Delta_Storage+USGS_12105900
1993,4,1,1012.35165746214,Delta_Storage+USGS_12105900
1993,4,2,1128.02115109692,Delta_Storage+USGS_12105900
1993,4,3,1404.65687298001,Delta_Storage+USGS_12105900
1993,4,4,1645.84259276302,Delta_Storage+USGS_12105900
1993,4,5,1565.67985486409,Delta_Storage+USGS_12105900
1993,4,6,1390.44808494957,Delta_Storage+USGS_12105900
1993,4,7,1326.63025622306,Delta_Storage+USGS_12105900
1993,4,8,1388.94055659095,Delta_Storage+USGS_12105900
1993,4,9,1746.62450641935,Delta_Storage+USGS_12105900
1993,4,10,1895.45196330594,Delta_Storage+USGS_12105900
1993,4,11,1787.52739576355,Delta_Storage+USGS_12105900
1993,4,12,1632.68019275875,Delta_Storage+USGS_12105900
1993,4,13,1412.87332416074,Delta_Storage+USGS_12105900
1993,4,14,1225.54688613442,Delta_Storage+USGS_12105900
1993,4,15,1119.99610998988,Delta_Storage+USGS_12105900
1993,4,16,1185.04080740754,Delta_Storage+USGS_12105900
1993,4,17,1198.81105448449,Delta_Storage+USGS_12105900
1993,4,18,1274.89869311163,Delta_Storage+USGS_12105900
1993,4,19,1280.93349978538,Delta_Storage+USGS_12105900
1993,4,20,1181.86317213934,Delta_Storage+USGS_12105900
1993,4,21,1113.49132691384,Delta_Storage+USGS_12105900
1993,4,22,1161.59691996545,Delta_Storage+USGS_12105900
1993,4,23,1238.28911081371,Delta_Storage+USGS_12105900
1993,4,24,1344.18065528465,Delta_Storage+USGS_12105900
1993,4,25,1247.40157148377,Delta_Storage+USGS_12105900
1993,4,26,1407.95562651768,Delta_Storage+USGS_12105900
1993,4,27,1558.89960490544,Delta_Storage+USGS_12105900
1993,4,28,1590.5441149758,Delta_Storage+USGS_12105900
1993,4,29,1351.5071955786,Delta_Storage+USGS_12105900
1993,4,30,2461.70917420285,Delta_Storage+USGS_12105900
1993,5,1,2593.86316837882,Delta_Storage+USGS_12105900
1993,5,2,3188.08479697208,Delta_Storage+USGS_12105900
1993,5,3,2269.03020739879,Delta_Storage+USGS_12105900
1993,5,4,2134.88540661268,Delta_Storage+USGS_12105900
1993,5,5,1909.72768857505,Delta_Storage+USGS_12105900
1993,5,6,1841.71039842832,Delta_Storage+USGS_12105900
1993,5,7,1840.33664816826,Delta_Storage+USGS_12105900
1993,5,8,1833.5699468855,Delta_Storage+USGS_12105900
1993,5,9,1898.19900913669,Delta_Storage+USGS_12105900
1993,5,10,1862.99794983225,Delta_Storage+USGS_12105900
1993,5,11,2100.16045645303,Delta_Storage+USGS_12105900
1993,5,12,2003.94557800092,Delta_Storage+USGS_12105900
1993,5,13,1776.25364478419,Delta_Storage+USGS_12105900
1993,5,14,1930.32859673754,Delta_Storage+USGS_12105900
1993,5,15,1792.18537387589,Delta_Storage+USGS_12105900
1993,5,16,1352.68039245933,Delta_Storage+USGS_12105900
1993,5,17,1077.66884700687,Delta_Storage+USGS_12105900
1993,5,18,916.025517417788,Delta_Storage+USGS_12105900
1993,5,19,999.080356473176,Delta_Storage+USGS_12105900
1993,5,20,1057.23808041905,Delta_Storage+USGS_12105900
1993,5,21,1035.68194386294,Delta_Storage+USGS_12105900
1993,5,22,1029.26443832062,Delta_Storage+USGS_12105900
1993,5,23,931.970724258194,Delta_Storage+USGS_12105900
1993,5,24,834.222505728786,Delta_Storage+USGS_12105900
1993,5,25,777.576894991357,Delta_Storage+USGS_12105900
1993,5,26,710.100987887441,Delta_Storage+USGS_12105900
1993,5,27,643.206592077532,Delta_Storage+USGS_12105900
1993,5,28,622.367306514626,Delta_Storage+USGS_12105900
1993,5,29,702.909383913988,Delta_Storage+USGS_12105900
1993,5,30,646.452173212026,Delta_Storage+USGS_12105900
1993,5,31,640.154721638967,Delta_Storage+USGS_12105900
1993,6,1,894.143424290817,Delta_Storage+USGS_12105900
1993,6,2,748.027655837994,Delta_Storage+USGS_12105900
1993,6,3,586.189901046319,Delta_Storage+USGS_12105900
1993,6,4,568.906227129048,Delta_Storage+USGS_12105900
1993,6,5,597.557296693346,Delta_Storage+USGS_12105900
1993,6,6,591.858195613269,Delta_Storage+USGS_12105900
1993,6,7,627.885406612856,Delta_Storage+USGS_12105900
1993,6,8,847.31843247517,Delta_Storage+USGS_12105900
1993,6,9,954.785955456635,Delta_Storage+USGS_12105900
1993,6,10,1052.78494673669,Delta_Storage+USGS_12105900
1993,6,11,1198.31612432344,Delta_Storage+USGS_12105900
1993,6,12,1416.78166573582,Delta_Storage+USGS_12105900
1993,6,13,1425.05466540824,Delta_Storage+USGS_12105900
1993,6,14,1275.56952569866,Delta_Storage+USGS_12105900
1993,6,15,1148.39589400915,Delta_Storage+USGS_12105900
1993,6,16,1094.51348379513,Delta_Storage+USGS_12105900
1993,6,17,981.584264284054,Delta_Storage+USGS_12105900
1993,6,18,739.815759209712,Delta_Storage+USGS_12105900
1993,6,19,754.353701014651,Delta_Storage+USGS_12105900
1993,6,20,745.067149254747,Delta_Storage+USGS_12105900
1993,6,21,745.999483758162,Delta_Storage+USGS_12105900
1993,6,22,681.549321989024,Delta_Storage+USGS_12105900
1993,6,23,761.747868295733,Delta_Storage+USGS_12105900
1993,6,24,633.689868474507,Delta_Storage+USGS_12105900
1993,6,25,602.637998035671,Delta_Storage+USGS_12105900
1993,6,26,610.935212309021,Delta_Storage+USGS_12105900
1993,6,27,605.372611065104,Delta_Storage+USGS_12105900
1993,6,28,694.617711490648,Delta_Storage+USGS_12105900
1993,6,29,791.04518939315,Delta_Storage+USGS_12105900
1993,6,30,595.696092687127,Delta_Storage+USGS_12105900
1993,7,1,537.540463379949,Delta_Storage+USGS_12105900
1993,7,2,666.964464399711,Delta_Storage+USGS_12105900
1993,7,3,661.961758712797,Delta_Storage+USGS_12105900
1993,7,4,614.100299639613,Delta_Storage+USGS_12105900
1993,7,5,578.35139286328,Delta_Storage+USGS_12105900
1993,7,6,517.153789982621,Delta_Storage+USGS_12105900
1993,7,7,510.25459398239,Delta_Storage+USGS_12105900
1993,7,8,466.427935413456,Delta_Storage+USGS_12105900
1993,7,9,453.340794941277,Delta_Storage+USGS_12105900
1993,7,10,441.967207445722,Delta_Storage+USGS_12105900
1993,7,11,424.896112275704,Delta_Storage+USGS_12105900
1993,7,12,397.56187396505,Delta_Storage+USGS_12105900
1993,7,13,366.93646102379,Delta_Storage+USGS_12105900
1993,7,14,408.271006879292,Delta_Storage+USGS_12105900
1993,7,15,411.286948460691,Delta_Storage+USGS_12105900
1993,7,16,401.445454880206,Delta_Storage+USGS_12105900
1993,7,17,462.3137082117,Delta_Storage+USGS_12105900
1993,7,18,470.427721311746,Delta_Storage+USGS_12105900
1993,7,19,429.706713782198,Delta_Storage+USGS_12105900
1993,7,20,645.745222130299,Delta_Storage+USGS_12105900
1993,7,21,668.119897937351,Delta_Storage+USGS_12105900
1993,7,22,721.2105971965,Delta_Storage+USGS_12105900
1993,7,23,791.09329812217,Delta_Storage+USGS_12105900
1993,7,24,781.389901211292,Delta_Storage+USGS_12105900
1993,7,25,799.051357892444,Delta_Storage+USGS_12105900
1993,7,26,797.795540372491,Delta_Storage+USGS_12105900
1993,7,27,619.647675479829,Delta_Storage+USGS_12105900
1993,7,28,630.721695777286,Delta_Storage+USGS_12105900
1993,7,29,650.718699377908,Delta_Storage+USGS_12105900
1993,7,30,652.141804386641,Delta_Storage+USGS_12105900
1993,7,31,607.916302259109,Delta_Storage+USGS_12105900
1993,8,1,576.13949623509,Delta_Storage+USGS_12105900
1993,8,2,467.616975678248,Delta_Storage+USGS_12105900
1993,8,3,492.010048990179,Delta_Storage+USGS_12105900
1993,8,4,461.363986134701,Delta_Storage+USGS_12105900
1993,8,5,463.442703306563,Delta_Storage+USGS_12105900
1993,8,6,409.448696104417,Delta_Storage+USGS_12105900
1993,8,7,399.091998690388,Delta_Storage+USGS_12105900
1993,8,8,389.729996726332,Delta_Storage+USGS_12105900
1993,8,9,380.309543992835,Delta_Storage+USGS_12105900
1993,8,10,358.220541701104,Delta_Storage+USGS_12105900
1993,8,11,342.788791619185,Delta_Storage+USGS_12105900
1993,8,12,320.063992619534,Delta_Storage+USGS_12105900
1993,8,13,322.607897461138,Delta_Storage+USGS_12105900
1993,8,14,321.493197250192,Delta_Storage+USGS_12105900
1993,8,15,316.484896300879,Delta_Storage+USGS_12105900
1993,8,16,316.54899574412,Delta_Storage+USGS_12105900
1993,8,17,306.289209994882,Delta_Storage+USGS_12105900
1993,8,18,291.682305117213,Delta_Storage+USGS_12105900
1993,8,19,286.126623257134,Delta_Storage+USGS_12105900
1993,8,20,268.269188095336,Delta_Storage+USGS_12105900
1993,8,21,266.443863443973,Delta_Storage+USGS_12105900
1993,8,22,256.82464260744,Delta_Storage+USGS_12105900
1993,8,23,245.901328035712,Delta_Storage+USGS_12105900
1993,8,24,290.987762940162,Delta_Storage+USGS_12105900
1993,8,25,300.540649671073,Delta_Storage+USGS_12105900
1993,8,26,265.77795460386,Delta_Storage+USGS_12105900
1993,8,27,256.095194791031,Delta_Storage+USGS_12105900
1993,8,28,245.920292094003,Delta_Storage+USGS_12105900
1993,8,29,236.078798513686,Delta_Storage+USGS_12105900
1993,8,30,228.411980281677,Delta_Storage+USGS_12105900
1993,8,31,225.078571165629,Delta_Storage+USGS_12105900
1993,9,1,218.205421770987,Delta_Storage+USGS_12105900
1993,9,2,213.21543207105,Delta_Storage+USGS_12105900
1993,9,3,214.337976308625,Delta_Storage+USGS_12105900
1993,9,4,208.157369679315,Delta_Storage+USGS_12105900
1993,9,5,203.823960563352,Delta_Storage+USGS_12105900
1993,9,6,199.331817679898,Delta_Storage+USGS_12105900
1993,9,7,146.790940660685,Delta_Storage+USGS_12105900
1993,9,8,211.268506051496,Delta_Storage+USGS_12105900
1993,9,9,233.967207445724,Delta_Storage+USGS_12105900
1993,9,10,204.235713496805,Delta_Storage+USGS_12105900
1993,9,11,183.726946988362,Delta_Storage+USGS_12105900
1993,9,12,198.48918735913,Delta_Storage+USGS_12105900
1993,9,13,185.392367655706,Delta_Storage+USGS_12105900
1993,9,14,183.935738728989,Delta_Storage+USGS_12105900
1993,9,15,201.454681015978,Delta_Storage+USGS_12105900
1993,9,16,187.586035223284,Delta_Storage+USGS_12105900
1993,9,17,183.115325128387,Delta_Storage+USGS_12105900
1993,9,18,171.670395811989,Delta_Storage+USGS_12105900
1993,9,19,170.233275171027,Delta_Storage+USGS_12105900
1993,9,20,180.869877436039,Delta_Storage+USGS_12105900
1993,9,21,173.730240299207,Delta_Storage+USGS_12105900
1993,9,22,170.813501063137,Delta_Storage+USGS_12105900
1993,9,23,180.698427278543,Delta_Storage+USGS_12105900
1993,9,24,215.975083579464,Delta_Storage+USGS_12105900
1993,9,25,187.451290531411,Delta_Storage+USGS_12105900
1993,9,26,165.651240224583,Delta_Storage+USGS_12105900
1993,9,27,157.720550833033,Delta_Storage+USGS_12105900
1993,9,28,173.972169872997,Delta_Storage+USGS_12105900
1993,9,29,150.950187860534,Delta_Storage+USGS_12105900
1993,9,30,151.667124063306,Delta_Storage+USGS_12105900
1993,10,1,156.119411000193,Delta_Storage+USGS_12105900
1993,10,2,166.779426442882,Delta_Storage+USGS_12105900
1993,10,3,159.442914628102,Delta_Storage+USGS_12105900
1993,10,4,154.796125543242,Delta_Storage+USGS_12105900
1993,10,5,140.991131998633,Delta_Storage+USGS_12105900
1993,10,6,170.099472903949,Delta_Storage+USGS_12105900
1993,10,7,262.644748767471,Delta_Storage+USGS_12105900
1993,10,8,241.496016747589,Delta_Storage+USGS_12105900
1993,10,9,190.537421672926,Delta_Storage+USGS_12105900
1993,10,10,172.173810835346,Delta_Storage+USGS_12105900
1993,10,11,168.309798460411,Delta_Storage+USGS_12105900
1993,10,12,170.701161485416,Delta_Storage+USGS_12105900
1993,10,13,173.959446716868,Delta_Storage+USGS_12105900
1993,10,14,213.856727794204,Delta_Storage+USGS_12105900
1993,10,15,237.858075495493,Delta_Storage+USGS_12105900
1993,10,16,250.3506584948,Delta_Storage+USGS_12105900
1993,10,17,236.332145766579,Delta_Storage+USGS_12105900
1993,10,18,211.374516317545,Delta_Storage+USGS_12105900
1993,10,19,204.36442711869,Delta_Storage+USGS_12105900
1993,10,20,182.863795814823,Delta_Storage+USGS_12105900
1993,10,21,171.046646509203,Delta_Storage+USGS_12105900
1993,10,22,176.629180696088,Delta_Storage+USGS_12105900
1993,10,23,255.467961506676,Delta_Storage+USGS_12105900
1993,10,24,314.376767218087,Delta_Storage+USGS_12105900
1993,10,25,269.55174151293,Delta_Storage+USGS_12105900
1993,10,26,235.880231549294,Delta_Storage+USGS_12105900
1993,10,27,222.319843082659,Delta_Storage+USGS_12105900
1993,10,28,218.454206690622,Delta_Storage+USGS_12105900
1993,10,29,200.721206396387,Delta_Storage+USGS_12105900
1993,10,30,188.005574677958,Delta_Storage+USGS_12105900
1993,10,31,210.361630046853,Delta_Storage+USGS_12105900
1993,11,1,257.425243785288,Delta_Storage+USGS_12105900
1993,11,2,236.183322900223,Delta_Storage+USGS_12105900
1993,11,3,269.142763565635,Delta_Storage+USGS_12105900
1993,11,4,438.446866610167,Delta_Storage+USGS_12105900
1993,11,5,343.578045031524,Delta_Storage+USGS_12105900
1993,11,6,299.958602608197,Delta_Storage+USGS_12105900
1993,11,7,278.73544065285,Delta_Storage+USGS_12105900
1993,11,8,270.006417912978,Delta_Storage+USGS_12105900
1993,11,9,250.492892893689,Delta_Storage+USGS_12105900
1993,11,10,232.757496176041,Delta_Storage+USGS_12105900
1993,11,11,222.588962546489,Delta_Storage+USGS_12105900
1993,11,12,236.323659981724,Delta_Storage+USGS_12105900
1993,11,13,214.453213225698,Delta_Storage+USGS_12105900
1993,11,14,210.547779777054,Delta_Storage+USGS_12105900
1993,11,15,206.778731674959,Delta_Storage+USGS_12105900
1993,11,16,224.063798479746,Delta_Storage+USGS_12105900
1993,11,17,198.511586379156,Delta_Storage+USGS_12105900
1993,11,18,224.247056531706,Delta_Storage+USGS_12105900
1993,11,19,228.709833502604,Delta_Storage+USGS_12105900
1993,11,20,229.052205902672,Delta_Storage+USGS_12105900
1993,11,21,274.127595957642,Delta_Storage+USGS_12105900
1993,11,22,478.237318395391,Delta_Storage+USGS_12105900
1993,11,23,445.387062866131,Delta_Storage+USGS_12105900
1993,11,24,279.660818727177,Delta_Storage+USGS_12105900
1993,11,25,271.622562272096,Delta_Storage+USGS_12105900
1993,11,26,241.243018510182,Delta_Storage+USGS_12105900
1993,11,27,245.419306228016,Delta_Storage+USGS_12105900
1993,11,28,267.953771859221,Delta_Storage+USGS_12105900
1993,11,29,311.803659875059,Delta_Storage+USGS_12105900
1993,11,30,452.403285272734,Delta_Storage+USGS_12105900
1993,12,1,1386.44656241153,Data_Ranger
1993,12,2,2054.90761437988,Data_Ranger
1993,12,3,1613.64656193289,Data_Ranger
1993,12,4,1578.58422810138,Data_Ranger
1993,12,5,1375.86247405334,Data_Ranger
1993,12,6,979.900924460234,Data_Ranger
1993,12,7,848.218596817743,Data_Ranger
1993,12,8,766.345069242444,Data_Ranger
1993,12,9,1106.28842237743,Data_Ranger
1993,12,10,1443.43110262117,Data_Ranger
1993,12,11,1507.86376158009,Data_Ranger
1993,12,12,1289.4505158672,Data_Ranger
1993,12,13,1093.05118385479,Data_Ranger
1993,12,14,855.473674849159,Data_Ranger
1993,12,15,810.864357347573,Data_Ranger
1993,12,16,675.000355244526,Data_Ranger
1993,12,17,607.65157710164,Data_Ranger
1993,12,18,596.436725530855,Data_Ranger
1993,12,19,547.176016847553,Data_Ranger
1993,12,20,520.217150693289,Data_Ranger
1993,12,21,490.317540772034,Data_Ranger
1993,12,22,445.66182004397,Data_Ranger
1993,12,23,440.872254894573,Data_Ranger
1993,12,24,426.78629830452,Data_Ranger
1993,12,25,418.128082555439,Data_Ranger
1993,12,26,409.163343319419,Data_Ranger
1993,12,27,405.798714407155,Data_Ranger
1993,12,28,396.403845654058,Data_Ranger
1993,12,29,395.419289024179,Data_Ranger
1993,12,30,378.669003128426,Data_Ranger
1993,12,31,450.340245326073,Data_Ranger
1994,1,1,831.014341068137,Data_Ranger
1994,1,2,996.804829004905,Delta_Storage+USGS_12105900
1994,1,3,1632.32006806983,Delta_Storage+USGS_12105900
1994,1,4,2197.54965815597,Delta_Storage+USGS_12105900
1994,1,5,2689.03998518035,Delta_Storage+USGS_12105900
1994,1,6,2166.74296881665,Delta_Storage+USGS_12105900
1994,1,7,1436.59582524438,Delta_Storage+USGS_12105900
1994,1,8,1266.31373266205,Delta_Storage+USGS_12105900
1994,1,9,1275.27000553386,Delta_Storage+USGS_12105900
1994,1,10,1626.17730667652,Delta_Storage+USGS_12105900
1994,1,11,2289.13409100915,Delta_Storage+USGS_12105900
1994,1,12,2507.74786646178,Delta_Storage+USGS_12105900
1994,1,13,2840.17725880384,Delta_Storage+USGS_12105900
1994,1,14,2523.17956466122,Delta_Storage+USGS_12105900
1994,1,15,2263.74964312537,Delta_Storage+USGS_12105900
1994,1,16,1966.4212560276,Delta_Storage+USGS_12105900
1994,1,17,1252.00857841247,Delta_Storage+USGS_12105900
1994,1,18,1329.32539390078,Delta_Storage+USGS_12105900
1994,1,19,1200.02438718928,Delta_Storage+USGS_12105900
1994,1,20,1028.43434244811,Delta_Storage+USGS_12105900
1994,1,21,920.460225610249,Delta_Storage+USGS_12105900
1994,1,22,914.356741258995,Delta_Storage+USGS_12105900
1994,1,23,943.608125365574,Delta_Storage+USGS_12105900
1994,1,24,1010.1645708977,Delta_Storage+USGS_12105900
1994,1,25,956.562494080523,Delta_Storage+USGS_12105900
1994,1,26,918.109596318424,Delta_Storage+USGS_12105900
1994,1,27,831.231994847025,Delta_Storage+USGS_12105900
1994,1,28,754.965732695556,Delta_Storage+USGS_12105900
1994,1,29,721.203850474425,Delta_Storage+USGS_12105900
1994,1,30,709.385818548428,Delta_Storage+USGS_12105900
1994,1,31,721.241749722729,Delta_Storage+USGS_12105900
1994,2,1,708.608117450698,Delta_Storage+USGS_12105900
1994,2,2,608.170689614857,Delta_Storage+USGS_12105900
1994,2,3,553.69204253449,Delta_Storage+USGS_12105900
1994,2,4,490.034354241768,Delta_Storage+USGS_12105900
1994,2,5,410.980245485953,Delta_Storage+USGS_12105900
1994,2,6,418.892863208198,Delta_Storage+USGS_12105900
1994,2,7,435.410079044545,Delta_Storage+USGS_12105900
1994,2,8,425.66182867514,Delta_Storage+USGS_12105900
1994,2,9,476.107053153955,Delta_Storage+USGS_12105900
1994,2,10,480.529769035141,Delta_Storage+USGS_12105900
1994,2,11,426.350385391097,Delta_Storage+USGS_12105900
1994,2,12,377.610538747507,Delta_Storage+USGS_12105900
1994,2,13,392.922518310623,Delta_Storage+USGS_12105900
1994,2,14,457.261628292025,Delta_Storage+USGS_12105900
1994,2,15,450.641824866396,Delta_Storage+USGS_12105900
1994,2,16,555.418708218986,Delta_Storage+USGS_12105900
1994,2,17,596.950724663661,Delta_Storage+USGS_12105900
1994,2,18,676.580783922781,Delta_Storage+USGS_12105900
1994,2,19,681.539517010383,Delta_Storage+USGS_12105900
1994,2,20,651.577040540391,Delta_Storage+USGS_12105900
1994,2,21,629.105557181078,Delta_Storage+USGS_12105900
1994,2,22,570.671590451322,Delta_Storage+USGS_12105900
1994,2,23,883.633058105305,Delta_Storage+USGS_12105900
1994,2,24,1049.54402563039,Delta_Storage+USGS_12105900
1994,2,25,817.942804397173,Delta_Storage+USGS_12105900
1994,2,26,633.67047187539,Delta_Storage+USGS_12105900
1994,2,27,643.056313432707,Delta_Storage+USGS_12105900
1994,2,28,978.735237636811,Delta_Storage+USGS_12105900
1994,3,1,1769.91220539147,Delta_Storage+USGS_12105900
1994,3,2,2387.74049460518,Delta_Storage+USGS_12105900
1994,3,3,2898.73186809146,Delta_Storage+USGS_12105900
1994,3,4,2790.40370515343,Delta_Storage+USGS_12105900
1994,3,5,2508.01600304699,Delta_Storage+USGS_12105900
1994,3,6,1795.90199742826,Delta_Storage+USGS_12105900
1994,3,7,1524.42242085814,Delta_Storage+USGS_12105900
1994,3,8,1335.01760246608,Delta_Storage+USGS_12105900
1994,3,9,1167.26457436797,Delta_Storage+USGS_12105900
1994,3,10,1111.53186350731,Delta_Storage+USGS_12105900
1994,3,11,1029.89023553261,Delta_Storage+USGS_12105900
1994,3,12,939.404027075419,Delta_Storage+USGS_12105900
1994,3,13,979.379681815671,Delta_Storage+USGS_12105900
1994,3,14,1225.94337438372,Delta_Storage+USGS_12105900
1994,3,15,1361.98859196517,Delta_Storage+USGS_12105900
1994,3,16,1384.46724782906,Delta_Storage+USGS_12105900
1994,3,17,1310.01710645629,Delta_Storage+USGS_12105900
1994,3,18,1138.73475469985,Delta_Storage+USGS_12105900
1994,3,19,1566.69883768077,Delta_Storage+USGS_12105900
1994,3,20,1541.64353355007,Delta_Storage+USGS_12105900
1994,3,21,1364.87069042567,Delta_Storage+USGS_12105900
1994,3,22,1254.1792606002,Delta_Storage+USGS_12105900
1994,3,23,1138.01733415344,Delta_Storage+USGS_12105900
1994,3,24,1035.84049673829,Delta_Storage+USGS_12105900
1994,3,25,881.644869021305,Delta_Storage+USGS_12105900
1994,3,26,840.452409973524,Delta_Storage+USGS_12105900
1994,3,27,882.546015660555,Delta_Storage+USGS_12105900
1994,3,28,1168.54208358057,Delta_Storage+USGS_12105900
1994,3,29,1353.91364031017,Delta_Storage+USGS_12105900
1994,3,30,1417.96371578427,Delta_Storage+USGS_12105900
1994,3,31,1391.85845594383,Delta_Storage+USGS_12105900
1994,4,1,1283.8158407484,Delta_Storage+USGS_12105900
1994,4,2,1215.18540474558,Delta_Storage+USGS_12105900
1994,4,3,1272.07170073417,Delta_Storage+USGS_12105900
1994,4,4,1449.55398783221,Delta_Storage+USGS_12105900
1994,4,5,1217.13223997309,Delta_Storage+USGS_12105900
1994,4,6,1178.17675998186,Delta_Storage+USGS_12105900
1994,4,7,1241.23916861616,Delta_Storage+USGS_12105900
1994,4,8,1548.11138839828,Delta_Storage+USGS_12105900
1994,4,9,1733.07730657808,Delta_Storage+USGS_12105900
1994,4,10,1634.34856081926,Delta_Storage+USGS_12105900
1994,4,11,1536.35591880243,Delta_Storage+USGS_12105900
1994,4,12,1568.83191970335,Delta_Storage+USGS_12105900
1994,4,13,1585.26163519249,Delta_Storage+USGS_12105900
1994,4,14,1494.07289655999,Delta_Storage+USGS_12105900
1994,4,15,1288.61555969805,Delta_Storage+USGS_12105900
1994,4,16,1142.63869399574,Delta_Storage+USGS_12105900
1994,4,17,1391.42373690052,Delta_Storage+USGS_12105900
1994,4,18,1568.29856746805,Delta_Storage+USGS_12105900
1994,4,19,1799.43889158375,Delta_Storage+USGS_12105900
1994,4,20,1888.25196491909,Delta_Storage+USGS_12105900
1994,4,21,1721.59398850905,Delta_Storage+USGS_12105900
1994,4,22,1628.31872051226,Delta_Storage+USGS_12105900
1994,4,23,1432.49527851345,Delta_Storage+USGS_12105900
1994,4,24,1278.67886823445,Delta_Storage+USGS_12105900
1994,4,25,1208.94838029997,Delta_Storage+USGS_12105900
1994,4,26,1029.06325669314,Delta_Storage+USGS_12105900
1994,4,27,954.29727840922,Delta_Storage+USGS_12105900
1994,4,28,922.512954730674,Delta_Storage+USGS_12105900
1994,4,29,892.449809786674,Delta_Storage+USGS_12105900
1994,4,30,951.008894148445,Delta_Storage+USGS_12105900
1994,5,1,946.633821112239,Delta_Storage+USGS_12105900
1994,5,2,883.76845202998,Delta_Storage+USGS_12105900
1994,5,3,815.750615198211,Delta_Storage+USGS_12105900
1994,5,4,843.321775849493,Delta_Storage+USGS_12105900
1994,5,5,876.63204305857,Delta_Storage+USGS_12105900
1994,5,6,856.659997231644,Delta_Storage+USGS_12105900
1994,5,7,894.381677248609,Delta_Storage+USGS_12105900
1994,5,8,947.357625141587,Delta_Storage+USGS_12105900
1994,5,9,944.222932381717,Delta_Storage+USGS_12105900
1994,5,10,878.101423038942,Delta_Storage+USGS_12105900
1994,5,11,745.594821132062,Delta_Storage+USGS_12105900
1994,5,12,717.6893795407,Delta_Storage+USGS_12105900
1994,5,13,708.583739656309,Delta_Storage+USGS_12105900
1994,5,14,653.427614326811,Delta_Storage+USGS_12105900
1994,5,15,610.302714063227,Delta_Storage+USGS_12105900
1994,5,16,545.173481611619,Delta_Storage+USGS_12105900
1994,5,17,517.206449738001,Delta_Storage+USGS_12105900
1994,5,18,497.64877340978,Delta_Storage+USGS_12105900
1994,5,19,493.427614326811,Delta_Storage+USGS_12105900
1994,5,20,567.800449935226,Delta_Storage+USGS_12105900
1994,5,21,590.982851231763,Delta_Storage+USGS_12105900
1994,5,22,551.454129328357,Delta_Storage+USGS_12105900
1994,5,23,515.858081982236,Delta_Storage+USGS_12105900
1994,5,24,489.845585845009,Delta_Storage+USGS_12105900
1994,5,25,475.951771866963,Delta_Storage+USGS_12105900
1994,5,26,460.891004929934,Delta_Storage+USGS_12105900
1994,5,27,444.779531042235,Delta_Storage+USGS_12105900
1994,5,28,426.358194217146,Delta_Storage+USGS_12105900
1994,5,29,488.709659823857,Delta_Storage+USGS_12105900
1994,5,30,554.198951404848,Delta_Storage+USGS_12105900
1994,5,31,503.413890394198,Delta_Storage+USGS_12105900
1994,6,1,463.351861690097,Delta_Storage+USGS_12105900
1994,6,2,431.712804502253,Delta_Storage+USGS_12105900
1994,6,3,408.0310914902,Delta_Storage+USGS_12105900
1994,6,4,407.922932947072,Delta_Storage+USGS_12105900
1994,6,5,416.103670633977,Delta_Storage+USGS_12105900
1994,6,6,487.432351872986,Delta_Storage+USGS_12105900
1994,6,7,425.65097127301,Delta_Storage+USGS_12105900
1994,6,8,411.49877318075,Delta_Storage+USGS_12105900
1994,6,9,386.270176731726,Delta_Storage+USGS_12105900
1994,6,10,339.980796183308,Delta_Storage+USGS_12105900
1994,6,11,336.697481176264,Delta_Storage+USGS_12105900
1994,6,12,351.427354801806,Delta_Storage+USGS_12105900
1994,6,13,382.383614646929,Delta_Storage+USGS_12105900
1994,6,14,713.03877693566,Delta_Storage+USGS_12105900
1994,6,15,1062.57465679099,Delta_Storage+USGS_12105900
1994,6,16,800.921976111683,Delta_Storage+USGS_12105900
1994,6,17,650.934526853799,Delta_Storage+USGS_12105900
1994,6,18,832.534676818542,Delta_Storage+USGS_12105900
1994,6,19,964.707768539514,Delta_Storage+USGS_12105900
1994,6,20,968.285376956927,Delta_Storage+USGS_12105900
1994,6,21,757.044699782603,Delta_Storage+USGS_12105900
1994,6,22,666.56535423369,Delta_Storage+USGS_12105900
1994,6,23,620.217646016893,Delta_Storage+USGS_12105900
1994,6,24,453.335431647276,Delta_Storage+USGS_12105900
1994,6,25,487.289749850606,Delta_Storage+USGS_12105900
1994,6,26,483.310674286098,Delta_Storage+USGS_12105900
1994,6,27,392.483153295734,Delta_Storage+USGS_12105900
1994,6,28,376.820988224423,Delta_Storage+USGS_12105900
1994,6,29,364.270985287737,Delta_Storage+USGS_12105900
1994,6,30,392.882729159027,Delta_Storage+USGS_12105900
1994,7,1,411.546637235301,Delta_Storage+USGS_12105900
1994,7,2,447.602435729591,Delta_Storage+USGS_12105900
1994,7,3,401.426764476267,Delta_Storage+USGS_12105900
1994,7,4,375.608109582348,Delta_Storage+USGS_12105900
1994,7,5,394.641092356979,Delta_Storage+USGS_12105900
1994,7,6,431.217520123679,Delta_Storage+USGS_12105900
1994,7,7,389.615783070988,Delta_Storage+USGS_12105900
1994,7,8,346.738041044632,Delta_Storage+USGS_12105900
1994,7,9,337.41924969671,Delta_Storage+USGS_12105900
1994,7,10,321.351171840562,Delta_Storage+USGS_12105900
1994,7,11,283.465421103658,Delta_Storage+USGS_12105900
1994,7,12,281.724790097962,Delta_Storage+USGS_12105900
1994,7,13,284.972100753217,Delta_Storage+USGS_12105900
1994,7,14,274.331008396056,Delta_Storage+USGS_12105900
1994,7,15,273.627142732956,Delta_Storage+USGS_12105900
1994,7,16,269.640650311092,Delta_Storage+USGS_12105900
1994,7,17,258.156098134082,Delta_Storage+USGS_12105900
1994,7,18,239.349722602291,Delta_Storage+USGS_12105900
1994,7,19,235.352374877166,Delta_Storage+USGS_12105900
1994,7,20,240.515501235027,Delta_Storage+USGS_12105900
1994,7,21,232.931745630486,Delta_Storage+USGS_12105900
1994,7,22,224.731764910063,Delta_Storage+USGS_12105900
1994,7,23,216.456555007937,Delta_Storage+USGS_12105900
1994,7,24,213.146471046831,Delta_Storage+USGS_12105900
1994,7,25,213.642983641051,Delta_Storage+USGS_12105900
1994,7,26,206.857311521673,Delta_Storage+USGS_12105900
1994,7,27,200.237143599825,Delta_Storage+USGS_12105900
1994,7,28,194.27899247045,Delta_Storage+USGS_12105900
1994,7,29,193.012976420498,Delta_Storage+USGS_12105900
1994,7,30,193.860198561302,Delta_Storage+USGS_12105900
1994,7,31,188.039960422378,Delta_Storage+USGS_12105900
1994,8,1,185.62588437599,Delta_Storage+USGS_12105900
1994,8,2,180.758048841594,Delta_Storage+USGS_12105900
1994,8,3,181.822887864811,Delta_Storage+USGS_12105900
1994,8,4,180.096658143939,Delta_Storage+USGS_12105900
1994,8,5,177.16008344637,Delta_Storage+USGS_12105900
1994,8,6,173.521134563009,Delta_Storage+USGS_12105900
1994,8,7,170.630857214482,Delta_Storage+USGS_12105900
1994,8,8,173.825374283726,Delta_Storage+USGS_12105900
1994,8,9,182.713165213587,Delta_Storage+USGS_12105900
1994,8,10,174.363700842113,Delta_Storage+USGS_12105900
1994,8,11,168.878058191639,Delta_Storage+USGS_12105900
1994,8,12,162.309148517878,Delta_Storage+USGS_12105900
1994,8,13,156.418871169106,Delta_Storage+USGS_12105900
1994,8,14,152.311634936793,Delta_Storage+USGS_12105900
1994,8,15,151.094676053339,Delta_Storage+USGS_12105900
1994,8,16,147.356518565214,Delta_Storage+USGS_12105900
1994,8,17,147.269237727784,Delta_Storage+USGS_12105900
1994,8,18,146.797333111899,Delta_Storage+USGS_12105900
1994,8,19,161.889835233338,Delta_Storage+USGS_12105900
1994,8,20,148.790958381486,Delta_Storage+USGS_12105900
1994,8,21,143.395467491056,Delta_Storage+USGS_12105900
1994,8,22,149.642649985907,Delta_Storage+USGS_12105900
1994,8,23,142.872484456983,Delta_Storage+USGS_12105900
1994,8,24,138.336491093294,Delta_Storage+USGS_12105900
1994,8,25,135.868146762892,Delta_Storage+USGS_12105900
1994,8,26,134.633974597654,Delta_Storage+USGS_12105900
1994,8,27,126.652186581225,Delta_Storage+USGS_12105900
1994,8,28,126.607087225904,Delta_Storage+USGS_12105900
1994,8,29,134.060037451336,Delta_Storage+USGS_12105900
1994,8,30,134.782156108586,Delta_Storage+USGS_12105900
1994,8,31,126.674791204998,Delta_Storage+USGS_12105900
1994,9,1,124.576633789832,Delta_Storage+USGS_12105900
1994,9,2,124.391233481554,Delta_Storage+USGS_12105900
1994,9,3,165.506497881378,Delta_Storage+USGS_12105900
1994,9,4,233.3108811406,Delta_Storage+USGS_12105900
1994,9,5,196.940232999636,Delta_Storage+USGS_12105900
1994,9,6,137.272649104662,Delta_Storage+USGS_12105900
1994,9,7,139.638743498789,Delta_Storage+USGS_12105900
1994,9,8,133.920975731161,Delta_Storage+USGS_12105900
1994,9,9,143.474364510066,Delta_Storage+USGS_12105900
1994,9,10,142.35720610526,Delta_Storage+USGS_12105900
1994,9,11,136.512960759747,Delta_Storage+USGS_12105900
1994,9,12,131.556650853135,Delta_Storage+USGS_12105900
1994,9,13,126.360930293336,Delta_Storage+USGS_12105900
1994,9,14,177.973361158583,Delta_Storage+USGS_12105900
1994,9,15,288.156687295429,Delta_Storage+USGS_12105900
1994,9,16,228.422515094937,Delta_Storage+USGS_12105900
1994,9,17,181.513034658198,Delta_Storage+USGS_12105900
1994,9,18,159.135779345178,Delta_Storage+USGS_12105900
1994,9,19,162.030652247025,Delta_Storage+USGS_12105900
1994,9,20,149.272417432783,Delta_Storage+USGS_12105900
1994,9,21,142.078565773375,Delta_Storage+USGS_12105900
1994,9,22,142.493038447578,Delta_Storage+USGS_12105900
1994,9,23,149.754843504685,Delta_Storage+USGS_12105900
1994,9,24,145.637654244549,Delta_Storage+USGS_12105900
1994,9,25,137.444732975184,Delta_Storage+USGS_12105900
1994,9,26,123.125128212523,Delta_Storage+USGS_12105900
1994,9,27,121.146759326496,Delta_Storage+USGS_12105900
1994,9,28,132.677909521919,Delta_Storage+USGS_12105900
1994,9,29,134.541550778071,Delta_Storage+USGS_12105900
1994,9,30,130.888668594123,Delta_Storage+USGS_12105900
1994,10,1,119.942392198325,Delta_Storage+USGS_12105900
1994,10,2,120.037433372401,Delta_Storage+USGS_12105900
1994,10,3,120.555204887926,Delta_Storage+USGS_12105900
1994,10,4,120.07711095045,Delta_Storage+USGS_12105900
1994,10,5,121.041157233995,Delta_Storage+USGS_12105900
1994,10,6,107.393555397826,Delta_Storage+USGS_12105900
1994,10,7,112.069199401747,Delta_Storage+USGS_12105900
1994,10,8,118.573440477038,Delta_Storage+USGS_12105900
1994,10,9,112.842828530212,Delta_Storage+USGS_12105900
1994,10,10,110.178105711057,Delta_Storage+USGS_12105900
1994,10,11,113.038117275397,Delta_Storage+USGS_12105900
1994,10,12,116.419917732925,Delta_Storage+USGS_12105900
1994,10,13,98.9370061646466,Delta_Storage+USGS_12105900
1994,10,14,126.040816071261,Delta_Storage+USGS_12105900
1994,10,15,150.775361658257,Delta_Storage+USGS_12105900
1994,10,16,145.779105787828,Delta_Storage+USGS_12105900
1994,10,17,165.015889598228,Delta_Storage+USGS_12105900
1994,10,18,142.463234582629,Delta_Storage+USGS_12105900
1994,10,19,107.81452804775,Delta_Storage+USGS_12105900
1994,10,20,118.347194102035,Delta_Storage+USGS_12105900
1994,10,21,265.024110398876,Delta_Storage+USGS_12105900
1994,10,22,291.221909849378,Delta_Storage+USGS_12105900
1994,10,23,245.763054919344,Delta_Storage+USGS_12105900
1994,10,24,207.788047196146,Delta_Storage+USGS_12105900
1994,10,25,184.023202907824,Delta_Storage+USGS_12105900
1994,10,26,238.448274549826,Delta_Storage+USGS_12105900
1994,10,27,1299.03687078739,Delta_Storage+USGS_12105900
1994,10,28,1598.65239543885,Delta_Storage+USGS_12105900
1994,10,29,1141.03611978549,Delta_Storage+USGS_12105900
1994,10,30,857.501661527074,Delta_Storage+USGS_12105900
1994,10,31,2596.9357411444,Delta_Storage+USGS_12105900
1994,11,1,5619.53288431604,Delta_Storage+USGS_12105900
1994,11,2,2596.22896011276,Delta_Storage+USGS_12105900
1994,11,3,779.786873833827,Delta_Storage+USGS_12105900
1994,11,4,935.640767476749,Delta_Storage+USGS_12105900
1994,11,5,1004.67078323183,Delta_Storage+USGS_12105900
1994,11,6,833.186242204156,Delta_Storage+USGS_12105900
1994,11,7,682.965266741415,Delta_Storage+USGS_12105900
1994,11,8,684.428939938915,Delta_Storage+USGS_12105900
1994,11,9,647.541921346905,Delta_Storage+USGS_12105900
1994,11,10,627.622851688344,Delta_Storage+USGS_12105900
1994,11,11,665.509718983045,Delta_Storage+USGS_12105900
1994,11,12,664.155260926537,Delta_Storage+USGS_12105900
1994,11,13,648.463511651038,Delta_Storage+USGS_12105900
1994,11,14,814.69219929523,Delta_Storage+USGS_12105900
1994,11,15,683.21475953942,Delta_Storage+USGS_12105900
1994,11,16,642.608559477515,Delta_Storage+USGS_12105900
1994,11,17,640.152077249661,Delta_Storage+USGS_12105900
1994,11,18,543.68384321544,Delta_Storage+USGS_12105900
1994,11,19,502.59554147579,Delta_Storage+USGS_12105900
1994,11,20,1766.9849643129,Delta_Storage+USGS_12105900
1994,11,21,1857.86877015904,Delta_Storage+USGS_12105900
1994,11,22,939.276824851754,Delta_Storage+USGS_12105900
1994,11,23,782.464349550241,Delta_Storage+USGS_12105900
1994,11,24,790.649440879094,Delta_Storage+USGS_12105900
1994,11,25,694.240603273578,Delta_Storage+USGS_12105900
1994,11,26,685.967917305014,Delta_Storage+USGS_12105900
1994,11,27,665.852708770894,Delta_Storage+USGS_12105900
1994,11,28,747.341079719903,Delta_Storage+USGS_12105900
1994,11,29,1315.13385913521,Delta_Storage+USGS_12105900
1994,11,30,5607.2373661233,Delta_Storage+USGS_12105900
1994,12,1,5990.56476852385,Delta_Storage+USGS_12105900
1994,12,2,2897.0603736938,Delta_Storage+USGS_12105900
1994,12,3,2324.90930676304,Delta_Storage+USGS_12105900
1994,12,4,1846.10828656884,Delta_Storage+USGS_12105900
1994,12,5,1557.36461348677,Delta_Storage+USGS_12105900
1994,12,6,1227.02845266125,Delta_Storage+USGS_12105900
1994,12,7,933.513724806689,Delta_Storage+USGS_12105900
1994,12,8,868.763712348503,Delta_Storage+USGS_12105900
1994,12,9,836.43377659702,Delta_Storage+USGS_12105900
1994,12,10,794.893942323569,Delta_Storage+USGS_12105900
1994,12,11,776.203327402283,Delta_Storage+USGS_12105900
1994,12,12,664.68229102846,Delta_Storage+USGS_12105900
1994,12,13,572.725094508335,Delta_Storage+USGS_12105900
1994,12,14,531.580528635675,Delta_Storage+USGS_12105900
1994,12,15,462.743804668603,Delta_Storage+USGS_12105900
1994,12,16,656.069537174366,Delta_Storage+USGS_12105900
1994,12,17,1017.60921029017,Delta_Storage+USGS_12105900
1994,12,18,1885.25181114375,Delta_Storage+USGS_12105900
1994,12,19,1903.82899774419,Delta_Storage+USGS_12105900
1994,12,20,2968.26675312956,Delta_Storage+USGS_12105900
1994,12,21,3549.68095807344,Delta_Storage+USGS_12105900
1994,12,22,2073.80440152797,Delta_Storage+USGS_12105900
1994,12,23,1985.43151823105,Delta_Storage+USGS_12105900
1994,12,24,1792.2282553115,Delta_Storage+USGS_12105900
1994,12,25,1519.21193008383,Delta_Storage+USGS_12105900
1994,12,26,2239.28867122258,Delta_Storage+USGS_12105900
1994,12,27,6518.21043720929,Delta_Storage+USGS_12105900
1994,12,28,5228.76976594016,Delta_Storage+USGS_12105900
1994,12,29,2503.63614442389,Delta_Storage+USGS_12105900
1994,12,30,1754.54333276105,Delta_Storage+USGS_12105900
1994,12,31,1717.88004500822,Delta_Storage+USGS_12105900
1995,1,1,1482.34298421251,Delta_Storage+USGS_12105900
1995,1,2,1328.4229282529,Delta_Storage+USGS_12105900
1995,1,3,1041.92363061718,Delta_Storage+USGS_12105900
1995,1,4,904.644286398407,Delta_Storage+USGS_12105900
1995,1,5,831.491520102498,Delta_Storage+USGS_12105900
1995,1,6,729.99588101369,Delta_Storage+USGS_12105900
1995,1,7,707.206185830607,Delta_Storage+USGS_12105900
1995,1,8,712.290893494261,Delta_Storage+USGS_12105900
1995,1,9,706.518791805715,Delta_Storage+USGS_12105900
1995,1,10,889.457402460327,Delta_Storage+USGS_12105900
1995,1,11,754.418486860428,Delta_Storage+USGS_12105900
1995,1,12,709.534457574895,Delta_Storage+USGS_12105900
1995,1,13,715.085505716538,Delta_Storage+USGS_12105900
1995,1,14,719.087724478132,Delta_Storage+USGS_12105900
1995,1,15,692.258161720046,Delta_Storage+USGS_12105900
1995,1,16,716.507246636603,Delta_Storage+USGS_12105900
1995,1,17,873.3141329728,Delta_Storage+USGS_12105900
1995,1,18,924.955253264292,Delta_Storage+USGS_12105900
1995,1,19,974.73071257437,Delta_Storage+USGS_12105900
1995,1,20,871.771394610228,Delta_Storage+USGS_12105900
1995,1,21,827.913652139824,Delta_Storage+USGS_12105900
1995,1,22,798.540719453205,Delta_Storage+USGS_12105900
1995,1,23,808.415215315477,Delta_Storage+USGS_12105900
1995,1,24,725.568462586351,Delta_Storage+USGS_12105900
1995,1,25,631.56777167327,Delta_Storage+USGS_12105900
1995,1,26,533.593197215154,Delta_Storage+USGS_12105900
1995,1,27,548.055145290863,Delta_Storage+USGS_12105900
1995,1,28,536.56750842337,Delta_Storage+USGS_12105900
1995,1,29,600.555619210051,Delta_Storage+USGS_12105900
1995,1,30,1407.20489733658,Delta_Storage+USGS_12105900
1995,1,31,3430.55744889962,Delta_Storage+USGS_12105900
1995,2,1,5374.38507481259,Delta_Storage+USGS_12105900
1995,2,2,3657.4743872663,Delta_Storage+USGS_12105900
1995,2,3,2352.22214928326,Delta_Storage+USGS_12105900
1995,2,4,2230.30555919438,Delta_Storage+USGS_12105900
1995,2,5,2106.28746899604,Delta_Storage+USGS_12105900
1995,2,6,2058.66986436833,Delta_Storage+USGS_12105900
1995,2,7,1831.5937856374,Delta_Storage+USGS_12105900
1995,2,8,1643.22828860388,Delta_Storage+USGS_12105900
1995,2,9,1354.03625716082,Delta_Storage+USGS_12105900
1995,2,10,1162.30695304521,Delta_Storage+USGS_12105900
1995,2,11,1130.98025155033,Delta_Storage+USGS_12105900
1995,2,12,1165.8117357973,Delta_Storage+USGS_12105900
1995,2,13,1006.99415736727,Delta_Storage+USGS_12105900
1995,2,14,991.888688161033,Delta_Storage+USGS_12105900
1995,2,15,963.816375027723,Delta_Storage+USGS_12105900
1995,2,16,842.17632204782,Delta_Storage+USGS_12105900
1995,2,17,1222.11452553648,Delta_Storage+USGS_12105900
1995,2,18,1759.70502460456,Delta_Storage+USGS_12105900
1995,2,19,7315.6285223096,Delta_Storage+USGS_12105900
1995,2,20,9879.5672093472,Delta_Storage+USGS_12105900
1995,2,21,4954.19157425204,Delta_Storage+USGS_12105900
1995,2,22,3298.20029642711,Delta_Storage+USGS_12105900
1995,2,23,2617.23518511035,Delta_Storage+USGS_12105900
1995,2,24,1645.40791350672,Delta_Storage+USGS_12105900
1995,2,25,1924.70687341373,Delta_Storage+USGS_12105900
1995,2,26,1753.20630862611,Delta_Storage+USGS_12105900
1995,2,27,1482.0665195474,Delta_Storage+USGS_12105900
1995,2,28,1340.84400625405,Delta_Storage+USGS_12105900
1995,3,1,1153.97897054437,Delta_Storage+USGS_12105900
1995,3,2,991.2571822585,Delta_Storage+USGS_12105900
1995,3,3,915.688588513398,Delta_Storage+USGS_12105900
1995,3,4,872.95216778056,Delta_Storage+USGS_12105900
1995,3,5,881.711974840162,Delta_Storage+USGS_12105900
1995,3,6,923.306861870132,Delta_Storage+USGS_12105900
1995,3,7,810.114897221915,Delta_Storage+USGS_12105900
1995,3,8,768.858116228611,Delta_Storage+USGS_12105900
1995,3,9,836.178119308654,Delta_Storage+USGS_12105900
1995,3,10,984.003854117947,Delta_Storage+USGS_12105900
1995,3,11,1015.2313230093,Delta_Storage+USGS_12105900
1995,3,12,1119.10077576923,Delta_Storage+USGS_12105900
1995,3,13,1297.96165012981,Delta_Storage+USGS_12105900
1995,3,14,1203.35945942045,Delta_Storage+USGS_12105900
1995,3,15,1248.29281683686,Delta_Storage+USGS_12105900
1995,3,16,1287.98550390463,Delta_Storage+USGS_12105900
1995,3,17,1235.23362295979,Delta_Storage+USGS_12105900
1995,3,18,1174.58055970155,Delta_Storage+USGS_12105900
1995,3,19,1263.57195166346,Delta_Storage+USGS_12105900
1995,3,20,1422.57534713012,Delta_Storage+USGS_12105900
1995,3,21,1352.84493080462,Delta_Storage+USGS_12105900
1995,3,22,1160.9929632623,Delta_Storage+USGS_12105900
1995,3,23,1024.21554915873,Delta_Storage+USGS_12105900
1995,3,24,852.812370426897,Delta_Storage+USGS_12105900
1995,3,25,800.956404031074,Delta_Storage+USGS_12105900
1995,3,26,786.286239532206,Delta_Storage+USGS_12105900
1995,3,27,806.006604362101,Delta_Storage+USGS_12105900
1995,3,28,775.598679362352,Delta_Storage+USGS_12105900
1995,3,29,732.212579532529,Delta_Storage+USGS_12105900
1995,3,30,689.328466115965,Delta_Storage+USGS_12105900
1995,3,31,649.510021456433,Delta_Storage+USGS_12105900
1995,4,1,676.940799231673,Delta_Storage+USGS_12105900
1995,4,2,707.882247528274,Delta_Storage+USGS_12105900
1995,4,3,749.837526074944,Delta_Storage+USGS_12105900
1995,4,4,795.737084044705,Delta_Storage+USGS_12105900
1995,4,5,885.106321740227,Delta_Storage+USGS_12105900
1995,4,6,852.98061510579,Delta_Storage+USGS_12105900
1995,4,7,974.174448710905,Delta_Storage+USGS_12105900
1995,4,8,872.043138058525,Delta_Storage+USGS_12105900
1995,4,9,785.66527852747,Delta_Storage+USGS_12105900
1995,4,10,854.322962765706,Delta_Storage+USGS_12105900
1995,4,11,883.451472650097,Delta_Storage+USGS_12105900
1995,4,12,907.999623806097,Delta_Storage+USGS_12105900
1995,4,13,891.678663413655,Delta_Storage+USGS_12105900
1995,4,14,814.162920974108,Delta_Storage+USGS_12105900
1995,4,15,788.291433840291,Delta_Storage+USGS_12105900
1995,4,16,755.611332183807,Delta_Storage+USGS_12105900
1995,4,17,633.620540807064,Delta_Storage+USGS_12105900
1995,4,18,663.581136185023,Delta_Storage+USGS_12105900
1995,4,19,655.898026568936,Delta_Storage+USGS_12105900
1995,4,20,635.095662634525,Delta_Storage+USGS_12105900
1995,4,21,621.84376172654,Delta_Storage+USGS_12105900
1995,4,22,604.866377436414,Delta_Storage+USGS_12105900
1995,4,23,604.025353437175,Delta_Storage+USGS_12105900
1995,4,24,653.250041402771,Delta_Storage+USGS_12105900
1995,4,25,724.973058027678,Delta_Storage+USGS_12105900
1995,4,26,803.198553818967,Delta_Storage+USGS_12105900
1995,4,27,867.425337884352,Delta_Storage+USGS_12105900
1995,4,28,907.116359960707,Delta_Storage+USGS_12105900
1995,4,29,926.514807490195,Delta_Storage+USGS_12105900
1995,4,30,894.520935944755,Delta_Storage+USGS_12105900
1995,5,1,867.347815836148,Delta_Storage+USGS_12105900
1995,5,2,940.331765089791,Delta_Storage+USGS_12105900
1995,5,3,1205.92141642942,Delta_Storage+USGS_12105900
1995,5,4,1245.5111907662,Delta_Storage+USGS_12105900
1995,5,5,1228.4316391094,Delta_Storage+USGS_12105900
1995,5,6,1173.66524491603,Delta_Storage+USGS_12105900
1995,5,7,1098.53322850725,Delta_Storage+USGS_12105900
1995,5,8,1092.45398941341,Delta_Storage+USGS_12105900
1995,5,9,1116.53781329976,Delta_Storage+USGS_12105900
1995,5,10,1230.1287248441,Delta_Storage+USGS_12105900
1995,5,11,1260.55555776334,Delta_Storage+USGS_12105900
1995,5,12,1171.93822143049,Delta_Storage+USGS_12105900
1995,5,13,1047.95129633756,Delta_Storage+USGS_12105900
1995,5,14,978.03687150735,Delta_Storage+USGS_12105900
1995,5,15,978.51446879104,Delta_Storage+USGS_12105900
1995,5,16,1028.34342284568,Delta_Storage+USGS_12105900
1995,5,17,1009.13166609385,Delta_Storage+USGS_12105900
1995,5,18,943.599368018088,Delta_Storage+USGS_12105900
1995,5,19,835.565527672433,Delta_Storage+USGS_12105900
1995,5,20,756.531687327314,Delta_Storage+USGS_12105900
1995,5,21,722.880335801122,Delta_Storage+USGS_12105900
1995,5,22,691.40158265674,Delta_Storage+USGS_12105900
1995,5,23,675.826912697923,Delta_Storage+USGS_12105900
1995,5,24,650.549298517524,Delta_Storage+USGS_12105900
1995,5,25,616.252024918301,Delta_Storage+USGS_12105900
1995,5,26,600.967740592214,Delta_Storage+USGS_12105900
1995,5,27,585.755754547001,Delta_Storage+USGS_12105900
1995,5,28,564.611093943926,Delta_Storage+USGS_12105900
1995,5,29,544.531272364315,Delta_Storage+USGS_12105900
1995,5,30,514.730762272132,Delta_Storage+USGS_12105900
1995,5,31,503.164680039456,Delta_Storage+USGS_12105900
1995,6,1,474.173560107896,Delta_Storage+USGS_12105900
1995,6,2,421.330297603884,Delta_Storage+USGS_12105900
1995,6,3,408.755690505422,Delta_Storage+USGS_12105900
1995,6,4,400.541218040967,Delta_Storage+USGS_12105900
1995,6,5,429.683392224797,Delta_Storage+USGS_12105900
1995,6,6,480.900980106213,Delta_Storage+USGS_12105900
1995,6,7,491.788716083418,Delta_Storage+USGS_12105900
1995,6,8,425.615943307456,Delta_Storage+USGS_12105900
1995,6,9,364.85542023715,Delta_Storage+USGS_12105900
1995,6,10,357.310083960743,Delta_Storage+USGS_12105900
1995,6,11,398.024116678549,Delta_Storage+USGS_12105900
1995,6,12,372.903457749851,Delta_Storage+USGS_12105900
1995,6,13,361.080701341964,Delta_Storage+USGS_12105900
1995,6,14,354,Delta_Storage+USGS_12105900
1995,6,15,357.144579763303,Delta_Storage+USGS_12105900
1995,6,16,350.358907642839,Delta_Storage+USGS_12105900
1995,6,17,316.973992037197,Delta_Storage+USGS_12105900
1995,6,18,332.128738855026,Delta_Storage+USGS_12105900
1995,6,19,361.257477710054,Delta_Storage+USGS_12105900
1995,6,20,409.41919933935,Delta_Storage+USGS_12105900
1995,6,21,437.920795460969,Delta_Storage+USGS_12105900
1995,6,22,414.568985730662,Delta_Storage+USGS_12105900
1995,6,23,409.87941381464,Delta_Storage+USGS_12105900
1995,6,24,384.764747684607,Delta_Storage+USGS_12105900
1995,6,25,354.808487839034,Delta_Storage+USGS_12105900
1995,6,26,329.817353935298,Delta_Storage+USGS_12105900
1995,6,27,314.283602776272,Delta_Storage+USGS_12105900
1995,6,28,296.196358276315,Delta_Storage+USGS_12105900
1995,6,29,281.547694785225,Delta_Storage+USGS_12105900
1995,6,30,266.949998459527,Delta_Storage+USGS_12105900
1995,7,1,259.310674286008,Delta_Storage+USGS_12105900
1995,7,2,260.469203672343,Delta_Storage+USGS_12105900
1995,7,3,245.357262560526,Delta_Storage+USGS_12105900
1995,7,4,290.33962829047,Delta_Storage+USGS_12105900
1995,7,5,285.543090476509,Delta_Storage+USGS_12105900
1995,7,6,271.322496815981,Delta_Storage+USGS_12105900
1995,7,7,270.407731325207,Delta_Storage+USGS_12105900
1995,7,8,251.540252749008,Delta_Storage+USGS_12105900
1995,7,9,265.111596988127,Delta_Storage+USGS_12105900
1995,7,10,299.529495368944,Delta_Storage+USGS_12105900
1995,7,11,250.759664156485,Delta_Storage+USGS_12105900
1995,7,12,234.636008829581,Delta_Storage+USGS_12105900
1995,7,13,221.712731758823,Delta_Storage+USGS_12105900
1995,7,14,218.08669414009,Delta_Storage+USGS_12105900
1995,7,15,213.208139238095,Delta_Storage+USGS_12105900
1995,7,16,203.47937072732,Delta_Storage+USGS_12105900
1995,7,17,197.334790964741,Delta_Storage+USGS_12105900
1995,7,18,194.329036303364,Delta_Storage+USGS_12105900
1995,7,19,190.301689260225,Delta_Storage+USGS_12105900
1995,7,20,183.760535260757,Delta_Storage+USGS_12105900
1995,7,21,179.957538749494,Delta_Storage+USGS_12105900
1995,7,22,180.261778470213,Delta_Storage+USGS_12105900
1995,7,23,173.568504610508,Delta_Storage+USGS_12105900
1995,7,24,182.880885632886,Delta_Storage+USGS_12105900
1995,7,25,179.236622889031,Delta_Storage+USGS_12105900
1995,7,26,188.302084717914,Delta_Storage+USGS_12105900
1995,7,27,200.013109336748,Delta_Storage+USGS_12105900
1995,7,28,175.215367447472,Delta_Storage+USGS_12105900
1995,7,29,166.114631448304,Delta_Storage+USGS_12105900
1995,7,30,160.334076751003,Delta_Storage+USGS_12105900
1995,7,31,155.0271232629,Delta_Storage+USGS_12105900
1995,8,1,193.281606010497,Delta_Storage+USGS_12105900
1995,8,2,172.611257022255,Delta_Storage+USGS_12105900
1995,8,3,136.604288494842,Delta_Storage+USGS_12105900
1995,8,4,143.035313614594,Delta_Storage+USGS_12105900
1995,8,5,141.636237966283,Delta_Storage+USGS_12105900
1995,8,6,153.169106753975,Delta_Storage+USGS_12105900
1995,8,7,193.244569967999,Delta_Storage+USGS_12105900
1995,8,8,238.7432781571,Delta_Storage+USGS_12105900
1995,8,9,200.483079827326,Delta_Storage+USGS_12105900
1995,8,10,173.276656241049,Delta_Storage+USGS_12105900
1995,8,11,179.816987298826,Delta_Storage+USGS_12105900
1995,8,12,173.091921125451,Delta_Storage+USGS_12105900
1995,8,13,164.294868224697,Delta_Storage+USGS_12105900
1995,8,14,157.754537167072,Delta_Storage+USGS_12105900
1995,8,15,158.872489962592,Delta_Storage+USGS_12105900
1995,8,16,162.798769809646,Delta_Storage+USGS_12105900
1995,8,17,216.531651146904,Delta_Storage+USGS_12105900
1995,8,18,286.549010968346,Delta_Storage+USGS_12105900
1995,8,19,247.770165528774,Delta_Storage+USGS_12105900
1995,8,20,212.442318166018,Delta_Storage+USGS_12105900
1995,8,21,192.055497158232,Delta_Storage+USGS_12105900
1995,8,22,179.76755024934,Delta_Storage+USGS_12105900
1995,8,23,168.344305274183,Delta_Storage+USGS_12105900
1995,8,24,168.137020480846,Delta_Storage+USGS_12105900
1995,8,25,158.92106029918,Delta_Storage+USGS_12105900
1995,8,26,150.124007398501,Delta_Storage+USGS_12105900
1995,8,27,181.032963137622,Delta_Storage+USGS_12105900
1995,8,28,107.569877296238,Delta_Storage+USGS_12105900
1995,8,29,175.391429210374,Delta_Storage+USGS_12105900
1995,8,30,157.852575226573,Delta_Storage+USGS_12105900
1995,8,31,147.764917453722,Delta_Storage+USGS_12105900
1995,9,1,147.21730418065,Delta_Storage+USGS_12105900
1995,9,2,137.924901368175,Delta_Storage+USGS_12105900
1995,9,3,132.826743953005,Delta_Storage+USGS_12105900
1995,9,4,134.140146049905,Delta_Storage+USGS_12105900
1995,9,5,140.262722492043,Delta_Storage+USGS_12105900
1995,9,6,133.266419292653,Delta_Storage+USGS_12105900
1995,9,7,140.700626305804,Delta_Storage+USGS_12105900
1995,9,8,156.051849415192,Delta_Storage+USGS_12105900
1995,9,9,145.326529995734,Delta_Storage+USGS_12105900
1995,9,10,137.657979864635,Delta_Storage+USGS_12105900
1995,9,11,131.302743512985,Delta_Storage+USGS_12105900
1995,9,12,126.360108500005,Delta_Storage+USGS_12105900
1995,9,13,124.778862457451,Delta_Storage+USGS_12105900
1995,9,14,117.085495330102,Delta_Storage+USGS_12105900
1995,9,15,125.048070903204,Delta_Storage+USGS_12105900
1995,9,16,111.094620889023,Delta_Storage+USGS_12105900
1995,9,17,126.462183104907,Delta_Storage+USGS_12105900
1995,9,18,122.460677508356,Delta_Storage+USGS_12105900
1995,9,19,117.33945820108,Delta_Storage+USGS_12105900
1995,9,20,115.780684095878,Delta_Storage+USGS_12105900
1995,9,21,105.013113982804,Delta_Storage+USGS_12105900
1995,9,22,103.771248691595,Delta_Storage+USGS_12105900
1995,9,23,111.001052361274,Delta_Storage+USGS_12105900
1995,9,24,114.199311820868,Delta_Storage+USGS_12105900
1995,9,25,107.817650737145,Delta_Storage+USGS_12105900
1995,9,26,115.504338914599,Delta_Storage+USGS_12105900
1995,9,27,125.223332018083,Delta_Storage+USGS_12105900
1995,9,28,158.148900491453,Delta_Storage+USGS_12105900
1995,9,29,169.446401969467,Delta_Storage+USGS_12105900
1995,9,30,197.079054736356,Delta_Storage+USGS_12105900
1995,10,1,236.818072469607,Delta_Storage+USGS_12105900
1995,10,2,260.112962685581,Delta_Storage+USGS_12105900
1995,10,3,788.947868735082,Delta_Storage+USGS_12105900
1995,10,4,1094.78762120098,Delta_Storage+USGS_12105900
1995,10,5,682.286317940037,Delta_Storage+USGS_12105900
1995,10,6,545.750624209347,Delta_Storage+USGS_12105900
1995,10,7,472.234864672042,Delta_Storage+USGS_12105900
1995,10,8,440.449280070284,Delta_Storage+USGS_12105900
1995,10,9,399.481164912313,Delta_Storage+USGS_12105900
1995,10,10,944.710018039173,Delta_Storage+USGS_12105900
1995,10,11,2844.23258985845,Delta_Storage+USGS_12105900
1995,10,12,2203.24919437367,Delta_Storage+USGS_12105900
1995,10,13,1824.6152956074,Delta_Storage+USGS_12105900
1995,10,14,1318.13697379446,Delta_Storage+USGS_12105900
1995,10,15,993.219518375529,Delta_Storage+USGS_12105900
1995,10,16,706.930775314994,Delta_Storage+USGS_12105900
1995,10,17,841.042107019553,Delta_Storage+USGS_12105900
1995,10,18,1631.59000358587,Delta_Storage+USGS_12105900
1995,10,19,1640.08068621932,Delta_Storage+USGS_12105900
1995,10,20,1478.61215055795,Delta_Storage+USGS_12105900
1995,10,21,1110.01602635552,Delta_Storage+USGS_12105900
1995,10,22,938.718359397269,Delta_Storage+USGS_12105900
1995,10,23,1229.83640552738,Delta_Storage+USGS_12105900
1995,10,24,859.218245602382,Data_Ranger
1995,10,25,910.467191681087,Data_Ranger
1995,10,26,548.077518744307,Delta_Storage+USGS_12105900
1995,10,27,877.32613677147,Delta_Storage+USGS_12105900
1995,10,28,892.908125262673,Delta_Storage+USGS_12105900
1995,10,29,877.30255937385,Delta_Storage+USGS_12105900
1995,10,30,676.793255911519,Delta_Storage+USGS_12105900
1995,10,31,563.645687975552,Delta_Storage+USGS_12105900
1995,11,1,570.300173831506,Delta_Storage+USGS_12105900
1995,11,2,529.199912170553,Delta_Storage+USGS_12105900
1995,11,3,512.331685754887,Delta_Storage+USGS_12105900
1995,11,4,501.480870962067,Delta_Storage+USGS_12105900
1995,11,5,498.942135640213,Delta_Storage+USGS_12105900
1995,11,6,503.488155297732,Delta_Storage+USGS_12105900
1995,11,7,1325.19268498002,Delta_Storage+USGS_12105900
1995,11,8,2969.02623032861,Delta_Storage+USGS_12105900
1995,11,9,4588.91538698633,Delta_Storage+USGS_12105900
1995,11,10,2934.01665363782,Delta_Storage+USGS_12105900
1995,11,11,6128.51584929558,Delta_Storage+USGS_12105900
1995,11,12,7104.83324799717,Delta_Storage+USGS_12105900
1995,11,13,3329.35464686706,Delta_Storage+USGS_12105900
1995,11,14,4062.00040471321,Delta_Storage+USGS_12105900
1995,11,15,2871.97713364823,Delta_Storage+USGS_12105900
1995,11,16,2255.89484294145,Delta_Storage+USGS_12105900
1995,11,17,1852.05411208939,Delta_Storage+USGS_12105900
1995,11,18,1592.73180625864,Delta_Storage+USGS_12105900
1995,11,19,1573.12940359173,Delta_Storage+USGS_12105900
1995,11,20,1355.00412426029,Delta_Storage+USGS_12105900
1995,11,21,1150.76384413971,Delta_Storage+USGS_12105900
1995,11,22,1113.41392288632,Delta_Storage+USGS_12105900
1995,11,23,1134.8036196934,Delta_Storage+USGS_12105900
1995,11,24,1771.93443887762,Delta_Storage+USGS_12105900
1995,11,25,3794.90394847034,Delta_Storage+USGS_12105900
1995,11,26,4710.46369245367,Delta_Storage+USGS_12105900
1995,11,27,3910.64310793975,Delta_Storage+USGS_12105900
1995,11,28,11169.0862274383,Delta_Storage+USGS_12105900
1995,11,29,15439.7868781972,Delta_Storage+USGS_12105900
1995,11,30,14468.4363820635,Delta_Storage+USGS_12105900
1995,12,1,10446.5161476545,Delta_Storage+USGS_12105900
1995,12,2,7251.27300984816,Delta_Storage+USGS_12105900
1995,12,3,4480.68871642437,Delta_Storage+USGS_12105900
1995,12,4,3363.44123973195,Delta_Storage+USGS_12105900
1995,12,5,3013.61281958439,Delta_Storage+USGS_12105900
1995,12,6,1198.47127887355,Delta_Storage+USGS_12105900
1995,12,7,1262.69802710916,Delta_Storage+USGS_12105900
1995,12,8,554.211664052472,Delta_Storage+USGS_12105900
1995,12,9,963.537918045639,Delta_Storage+USGS_12105900
1995,12,10,1231.94757082246,Delta_Storage+USGS_12105900
1995,12,11,1246.50289863114,Delta_Storage+USGS_12105900
1995,12,12,1310.35338086179,Delta_Storage+USGS_12105900
1995,12,13,1417.94035919819,Delta_Storage+USGS_12105900
1995,12,14,2014.30210073017,Delta_Storage+USGS_12105900
1995,12,15,1967.33096173584,Delta_Storage+USGS_12105900
1995,12,16,1675.8816638453,Delta_Storage+USGS_12105900
1995,12,17,1517.94145805374,Delta_Storage+USGS_12105900
1995,12,18,1317.22580012821,Delta_Storage+USGS_12105900
1995,12,19,1163.65729082062,Delta_Storage+USGS_12105900
1995,12,20,881.421690125917,Delta_Storage+USGS_12105900
1995,12,21,777.291655180192,Delta_Storage+USGS_12105900
1995,12,22,782.995412031325,Delta_Storage+USGS_12105900
1995,12,23,798.767961355913,Delta_Storage+USGS_12105900
1995,12,24,749.193421755648,Delta_Storage+USGS_12105900
1995,12,25,699.310130631303,Delta_Storage+USGS_12105900
1995,12,26,644.904603165945,Delta_Storage+USGS_12105900
1995,12,27,648.007134708712,Delta_Storage+USGS_12105900
1995,12,28,617.836051768595,Delta_Storage+USGS_12105900
1995,12,29,759.883335213141,Delta_Storage+USGS_12105900
1995,12,30,1069.79676246571,Delta_Storage+USGS_12105900
1995,12,31,3113.84692644757,Delta_Storage+USGS_12105900
1996,1,1,5365.90582631085,Delta_Storage+USGS_12105900
1996,1,2,3925.61315026896,Delta_Storage+USGS_12105900
1996,1,3,4523.46554953306,Delta_Storage+USGS_12105900
1996,1,4,4414.9019685984,Delta_Storage+USGS_12105900
1996,1,5,2258.81047080803,Delta_Storage+USGS_12105900
1996,1,6,1765.47180828719,Delta_Storage+USGS_12105900
1996,1,7,3238.91358342798,Delta_Storage+USGS_12105900
1996,1,8,6784.39440465812,Delta_Storage+USGS_12105900
1996,1,9,4284.61510633973,Delta_Storage+USGS_12105900
1996,1,10,2627.1730636062,Delta_Storage+USGS_12105900
1996,1,11,1692.45200770411,Delta_Storage+USGS_12105900
1996,1,12,1838.98802173267,Delta_Storage+USGS_12105900
1996,1,13,1915.72291268845,Delta_Storage+USGS_12105900
1996,1,14,2574.15381491586,Delta_Storage+USGS_12105900
1996,1,15,3282.12555195637,Delta_Storage+USGS_12105900
1996,1,16,4164.08270203367,Delta_Storage+USGS_12105900
1996,1,17,3470.89999947801,Delta_Storage+USGS_12105900
1996,1,18,2052.63852610817,Delta_Storage+USGS_12105900
1996,1,19,1823.3479478181,Delta_Storage+USGS_12105900
1996,1,20,1723.30041582544,Delta_Storage+USGS_12105900
1996,1,21,1415.02359350281,Delta_Storage+USGS_12105900
1996,1,22,1184.02248211395,Delta_Storage+USGS_12105900
1996,1,23,1293.13224162026,Delta_Storage+USGS_12105900
1996,1,24,880.593018043134,Delta_Storage+USGS_12105900
1996,1,25,807.267736754238,Delta_Storage+USGS_12105900
1996,1,26,938.751829137104,Delta_Storage+USGS_12105900
1996,1,27,875.122210100536,Delta_Storage+USGS_12105900
1996,1,28,802.948832443658,Delta_Storage+USGS_12105900
1996,1,29,761.509188384215,Delta_Storage+USGS_12105900
1996,1,30,676.542581338033,Delta_Storage+USGS_12105900
1996,1,31,604.603711196449,Delta_Storage+USGS_12105900
1996,2,1,659.798690749757,Delta_Storage+USGS_12105900
1996,2,2,601.889842040072,Delta_Storage+USGS_12105900
1996,2,3,561.659516785457,Delta_Storage+USGS_12105900
1996,2,4,560.292932463495,Delta_Storage+USGS_12105900
1996,2,5,717.10430978158,Delta_Storage+USGS_12105900
1996,2,6,3140.57133761583,Delta_Storage+USGS_12105900
1996,2,7,10759.850981614,Delta_Storage+USGS_12105900
1996,2,8,14681.6120968732,Delta_Storage+USGS_12105900
1996,2,9,21317.9743001462,Delta_Storage+USGS_12105900
1996,2,10,10803.725204237,Delta_Storage+USGS_12105900
1996,2,11,4120.69431469356,Delta_Storage+USGS_12105900
1996,2,12,3296.16725560871,Delta_Storage+USGS_12105900
1996,2,13,1780.95721194643,Delta_Storage+USGS_12105900
1996,2,14,1283.21400632677,Delta_Storage+USGS_12105900
1996,2,15,1519.31378628302,Delta_Storage+USGS_12105900
1996,2,16,1519.76117895999,Delta_Storage+USGS_12105900
1996,2,17,1541.42549630619,Delta_Storage+USGS_12105900
1996,2,18,2457.18102353999,Delta_Storage+USGS_12105900
1996,2,19,3217.15692152461,Delta_Storage+USGS_12105900
1996,2,20,2840.86812918185,Delta_Storage+USGS_12105900
1996,2,21,2202.37322220083,Delta_Storage+USGS_12105900
1996,2,22,1648.08998308447,Delta_Storage+USGS_12105900
1996,2,23,1739.59702655594,Delta_Storage+USGS_12105900
1996,2,24,1479.90739831307,Delta_Storage+USGS_12105900
1996,2,25,1179.62330496565,Delta_Storage+USGS_12105900
1996,2,26,1067.9788378054,Delta_Storage+USGS_12105900
1996,2,27,1019.02556691954,Delta_Storage+USGS_12105900
1996,2,28,921.142787505258,Delta_Storage+USGS_12105900
1996,2,29,791.214113151701,Delta_Storage+USGS_12105900
1996,3,1,727.678327253783,Delta_Storage+USGS_12105900
1996,3,2,706.420836590391,Delta_Storage+USGS_12105900
1996,3,3,716.917127796069,Delta_Storage+USGS_12105900
1996,3,4,933.466301793609,Delta_Storage+USGS_12105900
1996,3,5,884.142072690365,Delta_Storage+USGS_12105900
1996,3,6,842.173697449781,Delta_Storage+USGS_12105900
1996,3,7,920.453434019562,Delta_Storage+USGS_12105900
1996,3,8,933.841074394458,Delta_Storage+USGS_12105900
1996,3,9,949.80432090207,Delta_Storage+USGS_12105900
1996,3,10,1008.92694231242,Delta_Storage+USGS_12105900
1996,3,11,1428.46097014645,Delta_Storage+USGS_12105900
1996,3,12,1466.55921961202,Delta_Storage+USGS_12105900
1996,3,13,1234.25999595654,Delta_Storage+USGS_12105900
1996,3,14,1079.70820637688,Delta_Storage+USGS_12105900
1996,3,15,1041.26303360408,Delta_Storage+USGS_12105900
1996,3,16,1051.80872833607,Delta_Storage+USGS_12105900
1996,3,17,1038.2919709989,Delta_Storage+USGS_12105900
1996,3,18,913.860618977742,Delta_Storage+USGS_12105900
1996,3,19,903.356626146524,Delta_Storage+USGS_12105900
1996,3,20,830.006336171637,Delta_Storage+USGS_12105900
1996,3,21,711.544201424296,Delta_Storage+USGS_12105900
1996,3,22,685.909565967696,Delta_Storage+USGS_12105900
1996,3,23,722.244908295085,Delta_Storage+USGS_12105900
1996,3,24,724.99599233779,Delta_Storage+USGS_12105900
1996,3,25,669.144820262366,Delta_Storage+USGS_12105900
1996,3,26,659.173953251076,Delta_Storage+USGS_12105900
1996,3,27,639.921657566417,Delta_Storage+USGS_12105900
1996,3,28,603.939490632095,Delta_Storage+USGS_12105900
1996,3,29,598.713376158127,Delta_Storage+USGS_12105900
1996,3,30,594.951911015039,Delta_Storage+USGS_12105900
1996,3,31,569.194106835459,Delta_Storage+USGS_12105900
1996,4,1,595.856688079077,Delta_Storage+USGS_12105900
1996,4,2,680.675881604031,Delta_Storage+USGS_12105900
1996,4,3,677.800249696365,Delta_Storage+USGS_12105900
1996,4,4,683.164502813535,Delta_Storage+USGS_12105900
1996,4,5,647.792969255189,Delta_Storage+USGS_12105900
1996,4,6,667.878893207829,Delta_Storage+USGS_12105900
1996,4,7,815.141213254878,Delta_Storage+USGS_12105900
1996,4,8,1042.91998172531,Delta_Storage+USGS_12105900
1996,4,9,1215.29018102787,Delta_Storage+USGS_12105900
1996,4,10,1318.55652042551,Delta_Storage+USGS_12105900
1996,4,11,1285.44721277427,Delta_Storage+USGS_12105900
1996,4,12,1217.74834611051,Delta_Storage+USGS_12105900
1996,4,13,1330.06431575758,Delta_Storage+USGS_12105900
1996,4,14,994.707302426013,Delta_Storage+USGS_12105900
1996,4,15,1053.30250975209,Delta_Storage+USGS_12105900
1996,4,16,1131.75573332738,Delta_Storage+USGS_12105900
1996,4,17,1222.60979924968,Delta_Storage+USGS_12105900
1996,4,18,1162.48596712492,Delta_Storage+USGS_12105900
1996,4,19,1089.87133789464,Delta_Storage+USGS_12105900
1996,4,20,1013.74038776481,Delta_Storage+USGS_12105900
1996,4,21,930.106625816752,Delta_Storage+USGS_12105900
1996,4,22,858.18293364317,Delta_Storage+USGS_12105900
1996,4,23,1294.99978108126,Delta_Storage+USGS_12105900
1996,4,24,1864.54166238178,Delta_Storage+USGS_12105900
1996,4,25,2190.67722915857,Delta_Storage+USGS_12105900
1996,4,26,2520.55951114219,Delta_Storage+USGS_12105900
1996,4,27,2256.55072383651,Delta_Storage+USGS_12105900
1996,4,28,1723.81506677097,Delta_Storage+USGS_12105900
1996,4,29,1464.04769025498,Delta_Storage+USGS_12105900
1996,4,30,1339.571020076,Delta_Storage+USGS_12105900
1996,5,1,1321.06948690964,Data_Ranger
1996,5,2,1198.37185030293,Data_Ranger
1996,5,3,905.258778668857,Delta_Storage+USGS_12105900
1996,5,4,1003.21953171638,Delta_Storage+USGS_12105900
1996,5,5,934.866297925848,Delta_Storage+USGS_12105900
1996,5,6,832.608820215974,Delta_Storage+USGS_12105900
1996,5,7,828.945575159148,Delta_Storage+USGS_12105900
1996,5,8,825.262811303812,Delta_Storage+USGS_12105900
1996,5,9,761.313052712545,Delta_Storage+USGS_12105900
1996,5,10,712.320796222307,Delta_Storage+USGS_12105900
1996,5,11,696.528420503949,Delta_Storage+USGS_12105900
1996,5,12,763.646017307207,Delta_Storage+USGS_12105900
1996,5,13,1041.5559898294,Delta_Storage+USGS_12105900
1996,5,14,1393.54735494114,Delta_Storage+USGS_12105900
1996,5,15,1363.88771943726,Delta_Storage+USGS_12105900
1996,5,16,1314.51684827267,Delta_Storage+USGS_12105900
1996,5,17,1224.44783889241,Delta_Storage+USGS_12105900
1996,5,18,1174.49260827008,Delta_Storage+USGS_12105900
1996,5,19,1138.34010128736,Delta_Storage+USGS_12105900
1996,5,20,1149.38155201815,Delta_Storage+USGS_12105900
1996,5,21,1037.93436831426,Delta_Storage+USGS_12105900
1996,5,22,1104.54767719755,Delta_Storage+USGS_12105900
1996,5,23,1277.52620807251,Delta_Storage+USGS_12105900
1996,5,24,1145.0856026154,Delta_Storage+USGS_12105900
1996,5,25,1114.02816546653,Delta_Storage+USGS_12105900
1996,5,26,1083.69962573446,Delta_Storage+USGS_12105900
1996,5,27,1022.23108032443,Delta_Storage+USGS_12105900
1996,5,28,932.738627844118,Delta_Storage+USGS_12105900
1996,5,29,1016.10933254305,Delta_Storage+USGS_12105900
1996,5,30,968.175726836013,Delta_Storage+USGS_12105900
1996,5,31,758.055138317366,Delta_Storage+USGS_12105900
1996,6,1,771.195174421106,Delta_Storage+USGS_12105900
1996,6,2,744.714502734622,Delta_Storage+USGS_12105900
1996,6,3,620.892065271834,Delta_Storage+USGS_12105900
1996,6,4,669.399455554843,Delta_Storage+USGS_12105900
1996,6,5,642.25065117778,Delta_Storage+USGS_12105900
1996,6,6,610.928899038501,Delta_Storage+USGS_12105900
1996,6,7,676.378649572299,Data_Ranger
1996,6,8,672.558989394262,Data_Ranger
1996,6,9,642.257595593801,Data_Ranger
1996,6,10,582.808038149987,Data_Ranger
1996,6,11,476.201976327064,Delta_Storage+USGS_12105900
1996,6,12,462.940133815022,Delta_Storage+USGS_12105900
1996,6,13,428.578741676548,Delta_Storage+USGS_12105900
1996,6,14,419.957375443183,Delta_Storage+USGS_12105900
1996,6,15,407.723174931403,Delta_Storage+USGS_12105900
1996,6,16,397.403952654211,Delta_Storage+USGS_12105900
1996,6,17,361.301689259893,Delta_Storage+USGS_12105900
1996,6,18,375.134650884849,Delta_Storage+USGS_12105900
1996,6,19,381.371565163514,Delta_Storage+USGS_12105900
1996,6,20,331.44386344381,Delta_Storage+USGS_12105900
1996,6,21,350.683264141639,Delta_Storage+USGS_12105900
1996,6,22,327.74306628512,Delta_Storage+USGS_12105900
1996,6,23,340.15205581907,Delta_Storage+USGS_12105900
1996,6,24,364.965062048313,Delta_Storage+USGS_12105900
1996,6,25,346.356582606629,Delta_Storage+USGS_12105900
1996,6,26,344.262233166326,Delta_Storage+USGS_12105900
1996,6,27,344.70773767898,Delta_Storage+USGS_12105900
1996,6,28,332.91514154032,Delta_Storage+USGS_12105900
1996,6,29,320.150301076445,Delta_Storage+USGS_12105900
1996,6,30,296.188116101413,Delta_Storage+USGS_12105900
1996,7,1,287.46177270676,Delta_Storage+USGS_12105900
1996,7,2,251.017340892641,Delta_Storage+USGS_12105900
1996,7,3,262.635830052809,Delta_Storage+USGS_12105900
1996,7,4,265.069747820049,Delta_Storage+USGS_12105900
1996,7,5,240.850302517266,Delta_Storage+USGS_12105900
1996,7,6,243.072780027999,Delta_Storage+USGS_12105900
1996,7,7,244.235033372604,Delta_Storage+USGS_12105900
1996,7,8,221.789238719711,Delta_Storage+USGS_12105900
1996,7,9,221.87423852905,Delta_Storage+USGS_12105900
1996,7,10,226.013874289557,Delta_Storage+USGS_12105900
1996,7,11,218.333907471577,Delta_Storage+USGS_12105900
1996,7,12,219.009536595469,Delta_Storage+USGS_12105900
1996,7,13,213.446655860184,Delta_Storage+USGS_12105900
1996,7,14,209.397218810546,Delta_Storage+USGS_12105900
1996,7,15,195.712914298475,Delta_Storage+USGS_12105900
1996,7,16,181.888974026049,Delta_Storage+USGS_12105900
1996,7,17,189.708576604311,Delta_Storage+USGS_12105900
1996,7,18,201.437980471852,Delta_Storage+USGS_12105900
1996,7,19,225.455331248059,Delta_Storage+USGS_12105900
1996,7,20,228.10841069467,Delta_Storage+USGS_12105900
1996,7,21,204.431042638834,Delta_Storage+USGS_12105900
1996,7,22,195.512567338004,Delta_Storage+USGS_12105900
1996,7,23,192.222020290337,Delta_Storage+USGS_12105900
1996,7,24,184.432773311905,Delta_Storage+USGS_12105900
1996,7,25,175.156101930275,Delta_Storage+USGS_12105900
1996,7,26,185.852481376844,Delta_Storage+USGS_12105900
1996,7,27,180.695353221983,Data_Ranger
1996,7,28,176.160759827417,Data_Ranger
1996,7,29,173.07223890235,Data_Ranger
1996,7,30,159.641788778391,Delta_Storage+USGS_12105900
1996,7,31,144.398941225278,Delta_Storage+USGS_12105900
1996,8,1,146.569853972577,Delta_Storage+USGS_12105900
1996,8,2,166.265097354118,Delta_Storage+USGS_12105900
1996,8,3,187.569956007986,Delta_Storage+USGS_12105900
1996,8,4,181.986338759552,Delta_Storage+USGS_12105900
1996,8,5,194.244758331896,Delta_Storage+USGS_12105900
1996,8,6,204.715491716598,Delta_Storage+USGS_12105900
1996,8,7,184.135565594547,Delta_Storage+USGS_12105900
1996,8,8,165.832558177856,Delta_Storage+USGS_12105900
1996,8,9,156.638743498718,Delta_Storage+USGS_12105900
1996,8,10,148.977231266012,Delta_Storage+USGS_12105900
1996,8,11,147.861315353777,Delta_Storage+USGS_12105900
1996,8,12,141.537791851823,Delta_Storage+USGS_12105900
1996,8,13,137.868038528664,Delta_Storage+USGS_12105900
1996,8,14,135.569584858811,Delta_Storage+USGS_12105900
1996,8,15,130.555463187082,Delta_Storage+USGS_12105900
1996,8,16,135.783445388144,Delta_Storage+USGS_12105900
1996,8,17,137.126613483726,Delta_Storage+USGS_12105900
1996,8,18,132.5491285786,Delta_Storage+USGS_12105900
1996,8,19,130.323118887695,Delta_Storage+USGS_12105900
1996,8,20,131.729019745159,Delta_Storage+USGS_12105900
1996,8,21,130.197653364249,Delta_Storage+USGS_12105900
1996,8,22,128.144560427544,Delta_Storage+USGS_12105900
1996,8,23,124.254470488901,Delta_Storage+USGS_12105900
1996,8,24,118.62854300142,Delta_Storage+USGS_12105900
1996,8,25,127.867055321601,Delta_Storage+USGS_12105900
1996,8,26,126.45793785397,Delta_Storage+USGS_12105900
1996,8,27,123.303075940069,Delta_Storage+USGS_12105900
1996,8,28,123.303075940185,Delta_Storage+USGS_12105900
1996,8,29,118.21356323504,Delta_Storage+USGS_12105900
1996,8,30,118.804445767292,Delta_Storage+USGS_12105900
1996,8,31,118.501863220663,Delta_Storage+USGS_12105900
1996,9,1,119.86891105791,Delta_Storage+USGS_12105900
1996,9,2,118.351430991879,Delta_Storage+USGS_12105900
1996,9,3,121.434069251355,Delta_Storage+USGS_12105900
1996,9,4,123.120015474792,Delta_Storage+USGS_12105900
1996,9,5,132.768760753807,Delta_Storage+USGS_12105900
1996,9,6,162.553838258508,Delta_Storage+USGS_12105900
1996,9,7,149.967085713141,Delta_Storage+USGS_12105900
1996,9,8,137.983636451879,Delta_Storage+USGS_12105900
1996,9,9,138.367754453114,Delta_Storage+USGS_12105900
1996,9,10,129.01128066788,Delta_Storage+USGS_12105900
1996,9,11,117.469067577386,Delta_Storage+USGS_12105900
1996,9,12,111.846567988162,Delta_Storage+USGS_12105900
1996,9,13,110.589782416336,Delta_Storage+USGS_12105900
1996,9,14,118.869781477523,Delta_Storage+USGS_12105900
1996,9,15,163.406439300166,Delta_Storage+USGS_12105900
1996,9,16,182.995423290236,Delta_Storage+USGS_12105900
1996,9,17,227.458226901311,Delta_Storage+USGS_12105900
1996,9,18,224.174178770394,Delta_Storage+USGS_12105900
1996,9,19,194.024743445222,Delta_Storage+USGS_12105900
1996,9,20,209.327865920967,Delta_Storage+USGS_12105900
1996,9,21,197.099302552961,Delta_Storage+USGS_12105900
1996,9,22,199.284044243292,Delta_Storage+USGS_12105900
1996,9,23,229.40699785101,Delta_Storage+USGS_12105900
1996,9,24,205.606554286222,Delta_Storage+USGS_12105900
1996,9,25,180.117901233454,Delta_Storage+USGS_12105900
1996,9,26,165.986594755279,Delta_Storage+USGS_12105900
1996,9,27,158.130036095691,Delta_Storage+USGS_12105900
1996,9,28,151.017487742958,Delta_Storage+USGS_12105900
1996,9,29,150.438248146529,Delta_Storage+USGS_12105900
1996,9,30,142.258987708957,Delta_Storage+USGS_12105900
1996,10,1,136.573863047074,Delta_Storage+USGS_12105900
1996,10,2,130.585591495805,Delta_Storage+USGS_12105900
1996,10,3,127.735754908618,Delta_Storage+USGS_12105900
1996,10,4,152.368398446331,Delta_Storage+USGS_12105900
1996,10,5,265.940876225302,Data_Ranger
1996,10,6,203.55062806901,Data_Ranger
1996,10,7,177.108647222539,Data_Ranger
1996,10,8,161.018750708492,Data_Ranger
1996,10,9,154.250902746615,Delta_Storage+USGS_12105900
1996,10,10,138.136952393918,Delta_Storage+USGS_12105900
1996,10,11,149.534046730278,Delta_Storage+USGS_12105900
1996,10,12,197.943077426099,Data_Ranger
1996,10,13,253.226262939447,Data_Ranger
1996,10,14,312.24008047785,Delta_Storage+USGS_12105900
1996,10,15,627.54158202078,Delta_Storage+USGS_12105900
1996,10,16,533.504802632673,Delta_Storage+USGS_12105900
1996,10,17,552.097236148061,Delta_Storage+USGS_12105900
1996,10,18,918.976092303982,Delta_Storage+USGS_12105900
1996,10,19,1039.84026765912,Delta_Storage+USGS_12105900
1996,10,20,795.569183495184,Delta_Storage+USGS_12105900
1996,10,21,619.257269811862,Delta_Storage+USGS_12105900
1996,10,22,855.706780624082,Delta_Storage+USGS_12105900
1996,10,23,1354.54113385362,Delta_Storage+USGS_12105900
1996,10,24,2010.18271952325,Delta_Storage+USGS_12105900
1996,10,25,2966.86307421753,Delta_Storage+USGS_12105900
1996,10,26,1926.38420848116,Delta_Storage+USGS_12105900
1996,10,27,1306.7816305872,Delta_Storage+USGS_12105900
1996,10,28,1019.03110244918,Delta_Storage+USGS_12105900
1996,10,29,2020.33746632403,Delta_Storage+USGS_12105900
1996,10,30,1885.71271409059,Delta_Storage+USGS_12105900
1996,10,31,1436.41125256118,Delta_Storage+USGS_12105900
1996,11,1,1545.83036420991,Delta_Storage+USGS_12105900
1996,11,2,1062.84652335034,Delta_Storage+USGS_12105900
1996,11,3,845.804659206026,Delta_Storage+USGS_12105900
1996,11,4,388.884227803582,Delta_Storage+USGS_12105900
1996,11,5,811.673344206085,Delta_Storage+USGS_12105900
1996,11,6,1046.6732594351,Delta_Storage+USGS_12105900
1996,11,7,1918.64736544325,Delta_Storage+USGS_12105900
1996,11,8,1936.78847697607,Delta_Storage+USGS_12105900
1996,11,9,1855.5428654892,Delta_Storage+USGS_12105900
1996,11,10,1662.26058628261,Delta_Storage+USGS_12105900
1996,11,11,1426.8406738469,Delta_Storage+USGS_12105900
1996,11,12,1341.41890749236,Delta_Storage+USGS_12105900
1996,11,13,1435.63825075137,Delta_Storage+USGS_12105900
1996,11,14,1628.02402672573,Delta_Storage+USGS_12105900
1996,11,15,1793.14405075705,Delta_Storage+USGS_12105900
1996,11,16,1483.39806738631,Delta_Storage+USGS_12105900
1996,11,17,1325.0989338102,Delta_Storage+USGS_12105900
1996,11,18,1097.57360372063,Delta_Storage+USGS_12105900
1996,11,19,942.506455732961,Delta_Storage+USGS_12105900
1996,11,20,849.405280662197,Delta_Storage+USGS_12105900
1996,11,21,854.096432716237,Delta_Storage+USGS_12105900
1996,11,22,828.463923272772,Delta_Storage+USGS_12105900
1996,11,23,791.832145268767,Delta_Storage+USGS_12105900
1996,11,24,763.495981646454,Delta_Storage+USGS_12105900
1996,11,25,821.416005807177,Delta_Storage+USGS_12105900
1996,11,26,895.698343389107,Delta_Storage+USGS_12105900
1996,11,27,2068.68694523589,Delta_Storage+USGS_12105900
1996,11,28,4611.06201571742,Delta_Storage+USGS_12105900
1996,11,29,3991.44569327856,Delta_Storage+USGS_12105900
1996,11,30,2512.1547964025,Delta_Storage+USGS_12105900
1996,12,1,2324.74742569631,Delta_Storage+USGS_12105900
1996,12,2,2263.31033056083,Delta_Storage+USGS_12105900
1996,12,3,1719.07989133928,Delta_Storage+USGS_12105900
1996,12,4,1559.85130769761,Delta_Storage+USGS_12105900
1996,12,5,1634.2276893608,Delta_Storage+USGS_12105900
1996,12,6,1542.0342886234,Delta_Storage+USGS_12105900
1996,12,7,1331.00751824265,Delta_Storage+USGS_12105900
1996,12,8,1269.02931588845,Delta_Storage+USGS_12105900
1996,12,9,1261.31370469265,Delta_Storage+USGS_12105900
1996,12,10,1238.72814780141,Delta_Storage+USGS_12105900
1996,12,11,1272.0610197835,Delta_Storage+USGS_12105900
1996,12,12,1233.16811492988,Delta_Storage+USGS_12105900
1996,12,13,1070.89534325715,Delta_Storage+USGS_12105900
1996,12,14,933.704336404831,Delta_Storage+USGS_12105900
1996,12,15,954.241995022788,Delta_Storage+USGS_12105900
1996,12,16,1106.89804942661,Delta_Storage+USGS_12105900
1996,12,17,1132.94173121492,Delta_Storage+USGS_12105900
1996,12,18,1073.36524058645,Delta_Storage+USGS_12105900
1996,12,19,977.801998290441,Delta_Storage+USGS_12105900
1996,12,20,1035.43245084643,Delta_Storage+USGS_12105900
1996,12,21,1160.43748473341,Delta_Storage+USGS_12105900
1996,12,22,1113.42165880179,Delta_Storage+USGS_12105900
1996,12,23,1191.16253614567,Delta_Storage+USGS_12105900
1996,12,24,909.254690871288,Delta_Storage+USGS_12105900
1996,12,25,850.284910519655,Delta_Storage+USGS_12105900
1996,12,26,881.876679519245,Delta_Storage+USGS_12105900
1996,12,27,861.147452060742,Delta_Storage+USGS_12105900
1996,12,28,831.045892101285,Delta_Storage+USGS_12105900
1996,12,29,813.950934187671,Delta_Storage+USGS_12105900
1996,12,30,2163.21872955262,Delta_Storage+USGS_12105900
1996,12,31,2250.55661545358,Delta_Storage+USGS_12105900
1997,1,1,4027.90917475415,Delta_Storage+USGS_12105900
1997,1,2,4752.5649036229,Delta_Storage+USGS_12105900
1997,1,3,4519.78139141352,Delta_Storage+USGS_12105900
1997,1,4,3122.25376029831,Delta_Storage+USGS_12105900
1997,1,5,2150.73773777946,Delta_Storage+USGS_12105900
1997,1,6,1531.02567373316,Delta_Storage+USGS_12105900
1997,1,7,4143.78074448389,Delta_Storage+USGS_12105900
1997,1,8,5690.12610436521,Delta_Storage+USGS_12105900
1997,1,9,3433.30268400491,Delta_Storage+USGS_12105900
1997,1,10,1972.48826617128,Delta_Storage+USGS_12105900
1997,1,11,2096.03448450282,Delta_Storage+USGS_12105900
1997,1,12,1946.38835939185,Delta_Storage+USGS_12105900
1997,1,13,1718.41311913964,Delta_Storage+USGS_12105900
1997,1,14,1303.61602483832,Delta_Storage+USGS_12105900
1997,1,15,1153.68439777647,Delta_Storage+USGS_12105900
1997,1,16,1151.27374112801,Delta_Storage+USGS_12105900
1997,1,17,1413.77498195694,Delta_Storage+USGS_12105900
1997,1,18,1601.08892067613,Delta_Storage+USGS_12105900
1997,1,19,2096.17715260072,Delta_Storage+USGS_12105900
1997,1,20,2186.25982271877,Delta_Storage+USGS_12105900
1997,1,21,2675.45310392828,Delta_Storage+USGS_12105900
1997,1,22,2062.88456199377,Delta_Storage+USGS_12105900
1997,1,23,1581.3435198767,Delta_Storage+USGS_12105900
1997,1,24,1234.58073786541,Delta_Storage+USGS_12105900
1997,1,25,1286.03967503756,Delta_Storage+USGS_12105900
1997,1,26,1200.74272487757,Delta_Storage+USGS_12105900
1997,1,27,1079.41599871305,Delta_Storage+USGS_12105900
1997,1,28,1107.94210879927,Delta_Storage+USGS_12105900
1997,1,29,1113.08384712323,Delta_Storage+USGS_12105900
1997,1,30,2182.63152521804,Delta_Storage+USGS_12105900
1997,1,31,3568.5422938274,Delta_Storage+USGS_12105900
1997,2,1,3654.30949617022,Delta_Storage+USGS_12105900
1997,2,2,3641.4593906845,Delta_Storage+USGS_12105900
1997,2,3,2594.02978042636,Delta_Storage+USGS_12105900
1997,2,4,1618.44700508762,Delta_Storage+USGS_12105900
1997,2,5,1563.171676496,Delta_Storage+USGS_12105900
1997,2,6,1382.07085486824,Delta_Storage+USGS_12105900
1997,2,7,1216.11409020995,Delta_Storage+USGS_12105900
1997,2,8,1151.89100330453,Delta_Storage+USGS_12105900
1997,2,9,1062.89163587592,Delta_Storage+USGS_12105900
1997,2,10,1039.35290588894,Delta_Storage+USGS_12105900
1997,2,11,918.475175519188,Delta_Storage+USGS_12105900
1997,2,12,859.615385184691,Delta_Storage+USGS_12105900
1997,2,13,980.596531836651,Delta_Storage+USGS_12105900
1997,2,14,2288.19563677892,Delta_Storage+USGS_12105900
1997,2,15,8973.31715414318,Delta_Storage+USGS_12105900
1997,2,16,7025.32336159327,Delta_Storage+USGS_12105900
1997,2,17,3771.03887515739,Delta_Storage+USGS_12105900
1997,2,18,2471.4853870088,Delta_Storage+USGS_12105900
1997,2,19,2870.48870847013,Delta_Storage+USGS_12105900
1997,2,20,3018.4206658598,Delta_Storage+USGS_12105900
1997,2,21,1749.97873455408,Delta_Storage+USGS_12105900
1997,2,22,1879.56450429694,Delta_Storage+USGS_12105900
1997,2,23,1522.64795608487,Delta_Storage+USGS_12105900
1997,2,24,1432.17658967838,Delta_Storage+USGS_12105900
1997,2,25,1322.87046289752,Delta_Storage+USGS_12105900
1997,2,26,1344.08025544747,Delta_Storage+USGS_12105900
1997,2,27,1446.09052255031,Delta_Storage+USGS_12105900
1997,2,28,1247.05304212068,Delta_Storage+USGS_12105900
1997,3,1,1191.06355282306,Delta_Storage+USGS_12105900
1997,3,2,1250.02218761591,Delta_Storage+USGS_12105900
1997,3,3,1233.70155936042,Delta_Storage+USGS_12105900
1997,3,4,1196.22634217836,Delta_Storage+USGS_12105900
1997,3,5,946.12205866033,Delta_Storage+USGS_12105900
1997,3,6,993.796630833906,Delta_Storage+USGS_12105900
1997,3,7,1428.07401993844,Delta_Storage+USGS_12105900
1997,3,8,1566.60551286328,Delta_Storage+USGS_12105900
1997,3,9,1573.21702045856,Delta_Storage+USGS_12105900
1997,3,10,2324.73176941317,Delta_Storage+USGS_12105900
1997,3,11,1859.39983490956,Delta_Storage+USGS_12105900
1997,3,12,1583.07206163666,Delta_Storage+USGS_12105900
1997,3,13,1202.07590478276,Delta_Storage+USGS_12105900
1997,3,14,1068.36650975245,Delta_Storage+USGS_12105900
1997,3,15,1068.34141842217,Delta_Storage+USGS_12105900
1997,3,16,1144.02754785518,Delta_Storage+USGS_12105900
1997,3,17,1612.80940420528,Delta_Storage+USGS_12105900
1997,3,18,2519.26591791538,Delta_Storage+USGS_12105900
1997,3,19,6722.4328204831,Delta_Storage+USGS_12105900
1997,3,20,9362.07540208607,Delta_Storage+USGS_12105900
1997,3,21,4785.23742140709,Delta_Storage+USGS_12105900
1997,3,22,2837.31534301375,Delta_Storage+USGS_12105900
1997,3,23,2502.99490993031,Delta_Storage+USGS_12105900
1997,3,24,2125.7721812615,Delta_Storage+USGS_12105900
1997,3,25,1904.76511938698,Delta_Storage+USGS_12105900
1997,3,26,2259.72246729882,Delta_Storage+USGS_12105900
1997,3,27,2741.03379155017,Delta_Storage+USGS_12105900
1997,3,28,2218.87912740555,Delta_Storage+USGS_12105900
1997,3,29,2035.57419652598,Delta_Storage+USGS_12105900
1997,3,30,1661.70940698272,Delta_Storage+USGS_12105900
1997,3,31,1453.10016126307,Delta_Storage+USGS_12105900
1997,4,1,1439.5597078815,Delta_Storage+USGS_12105900
1997,4,2,1242.0400214184,Delta_Storage+USGS_12105900
1997,4,3,1082.58893911176,Delta_Storage+USGS_12105900
1997,4,4,1095.4938671324,Delta_Storage+USGS_12105900
1997,4,5,1087.37889389716,Delta_Storage+USGS_12105900
1997,4,6,1068.43248932238,Delta_Storage+USGS_12105900
1997,4,7,1037.04702713085,Delta_Storage+USGS_12105900
1997,4,8,1069.94037023692,Delta_Storage+USGS_12105900
1997,4,9,1193.75687713788,Delta_Storage+USGS_12105900
1997,4,10,1256.18775413495,Delta_Storage+USGS_12105900
1997,4,11,1263.14100260674,Delta_Storage+USGS_12105900
1997,4,12,1179.8677420306,Delta_Storage+USGS_12105900
1997,4,13,1193.65038016044,Delta_Storage+USGS_12105900
1997,4,14,1477.06863091679,Delta_Storage+USGS_12105900
1997,4,15,1791.67290375665,Delta_Storage+USGS_12105900
1997,4,16,2093.61867614593,Delta_Storage+USGS_12105900
1997,4,17,2747.5640594268,Delta_Storage+USGS_12105900
1997,4,18,2299.33222884905,Delta_Storage+USGS_12105900
1997,4,19,2103.14765495958,Delta_Storage+USGS_12105900
1997,4,20,3956.76834077544,Delta_Storage+USGS_12105900
1997,4,21,4939.02491962876,Delta_Storage+USGS_12105900
1997,4,22,3181.5968480349,Delta_Storage+USGS_12105900
1997,4,23,2683.30852251308,Delta_Storage+USGS_12105900
1997,4,24,2832.56424573897,Delta_Storage+USGS_12105900
1997,4,25,2532.83065355092,Delta_Storage+USGS_12105900
1997,4,26,2522.06703020684,Delta_Storage+USGS_12105900
1997,4,27,3362.81503114294,Delta_Storage+USGS_12105900
1997,4,28,3606.95683961246,Delta_Storage+USGS_12105900
1997,4,29,3032.90402563932,Delta_Storage+USGS_12105900
1997,4,30,2778.21633065749,Delta_Storage+USGS_12105900
1997,5,1,2716.99073387933,Delta_Storage+USGS_12105900
1997,5,2,2259.20711453298,Delta_Storage+USGS_12105900
1997,5,3,2035.57554032738,Delta_Storage+USGS_12105900
1997,5,4,1798.80267836899,Delta_Storage+USGS_12105900
1997,5,5,1975.39169234168,Delta_Storage+USGS_12105900
1997,5,6,2879.4640311311,Delta_Storage+USGS_12105900
1997,5,7,3216.39152764153,Delta_Storage+USGS_12105900
1997,5,8,2867.64637299552,Delta_Storage+USGS_12105900
1997,5,9,2882.32298484343,Delta_Storage+USGS_12105900
1997,5,10,3092.10674571659,Delta_Storage+USGS_12105900
1997,5,11,3309.24879352259,Delta_Storage+USGS_12105900
1997,5,12,3814.19805936423,Delta_Storage+USGS_12105900
1997,5,13,3887.30077194749,Delta_Storage+USGS_12105900
1997,5,14,3755.9260876915,Delta_Storage+USGS_12105900
1997,5,15,3614.18210376842,Delta_Storage+USGS_12105900
1997,5,16,3293.76160322149,Delta_Storage+USGS_12105900
1997,5,17,3160.04104146378,Delta_Storage+USGS_12105900
1997,5,18,2839.50133054019,Delta_Storage+USGS_12105900
1997,5,19,2069.11942667719,Delta_Storage+USGS_12105900
1997,5,20,2023.82648710968,Delta_Storage+USGS_12105900
1997,5,21,1831.06196621523,Delta_Storage+USGS_12105900
1997,5,22,1310.4875401483,Delta_Storage+USGS_12105900
1997,5,23,1374.51167053141,Delta_Storage+USGS_12105900
1997,5,24,1436.32649019524,Delta_Storage+USGS_12105900
1997,5,25,1326.7834255495,Delta_Storage+USGS_12105900
1997,5,26,1278.73637640213,Delta_Storage+USGS_12105900
1997,5,27,1399.23085088449,Delta_Storage+USGS_12105900
1997,5,28,1585.12243931733,Delta_Storage+USGS_12105900
1997,5,29,1818.67405123364,Delta_Storage+USGS_12105900
1997,5,30,1923.66825430828,Delta_Storage+USGS_12105900
1997,5,31,1945.62940602794,Delta_Storage+USGS_12105900
1997,6,1,2695.92561354753,Delta_Storage+USGS_12105900
1997,6,2,2157.46542110384,Delta_Storage+USGS_12105900
1997,6,3,1789.25995931948,Delta_Storage+USGS_12105900
1997,6,4,1777.66078857656,Delta_Storage+USGS_12105900
1997,6,5,1488.31649209851,Delta_Storage+USGS_12105900
1997,6,6,1416.96412027611,Delta_Storage+USGS_12105900
1997,6,7,1354.90586382378,Delta_Storage+USGS_12105900
1997,6,8,1284.42985879749,Delta_Storage+USGS_12105900
1997,6,9,1187.67189008076,Delta_Storage+USGS_12105900
1997,6,10,1133.04655131335,Delta_Storage+USGS_12105900
1997,6,11,1203.25365935893,Delta_Storage+USGS_12105900
1997,6,12,1137.05967898463,Delta_Storage+USGS_12105900
1997,6,13,904.993615513525,Delta_Storage+USGS_12105900
1997,6,14,887.776806023747,Delta_Storage+USGS_12105900
1997,6,15,887.114789231274,Delta_Storage+USGS_12105900
1997,6,16,920.559604845078,Delta_Storage+USGS_12105900
1997,6,17,926.485436268966,Delta_Storage+USGS_12105900
1997,6,18,1002.02730892179,Delta_Storage+USGS_12105900
1997,6,19,922.509516575216,Delta_Storage+USGS_12105900
1997,6,20,874.720652212779,Delta_Storage+USGS_12105900
1997,6,21,788.638609145123,Delta_Storage+USGS_12105900
1997,6,22,783.69807310387,Delta_Storage+USGS_12105900
1997,6,23,797.111006662769,Delta_Storage+USGS_12105900
1997,6,24,778.078023888317,Delta_Storage+USGS_12105900
1997,6,25,755.423228173914,Data_Ranger
1997,6,26,717.535022184315,Data_Ranger
1997,6,27,686.795177004302,Data_Ranger
1997,6,28,666.222232031473,Data_Ranger
1997,6,29,761.898584196731,Data_Ranger
1997,6,30,713.231408568274,Data_Ranger
1997,7,1,752.738050842166,Data_Ranger
1997,7,2,695.232211621189,Data_Ranger
1997,7,3,644.085884865914,Data_Ranger
1997,7,4,624.230703970281,Data_Ranger
1997,7,5,632.225611446482,Data_Ranger
1997,7,6,659.31212973241,Data_Ranger
1997,7,7,589.022856319923,Data_Ranger
1997,7,8,704.5723859674,Data_Ranger
1997,7,9,1398.11623858977,Data_Ranger
1997,7,10,1292.3713136093,Data_Ranger
1997,7,11,1139.12946431228,Data_Ranger
1997,7,12,949.554270906316,Data_Ranger
1997,7,13,859.189768756612,Data_Ranger
1997,7,14,753.60577295398,Data_Ranger
1997,7,15,715.541841291625,Data_Ranger
1997,7,16,654.60978026801,Data_Ranger
1997,7,17,574.398842032076,Data_Ranger
1997,7,18,525.949995358674,Data_Ranger
1997,7,19,465.454765105392,Data_Ranger
1997,7,20,439.81260900897,Data_Ranger
1997,7,21,423.506399422692,Data_Ranger
1997,7,22,405.88238865468,Data_Ranger
1997,7,23,388.575623364599,Data_Ranger
1997,7,24,376.509069807245,Data_Ranger
1997,7,25,355.254943934788,Data_Ranger
1997,7,26,336.40175470902,Data_Ranger
1997,7,27,323.5570115942,Data_Ranger
1997,7,28,309.449796179599,Data_Ranger
1997,7,29,295.652192936012,Data_Ranger
1997,7,30,291.354394432911,Data_Ranger
1997,7,31,286.492581012472,Data_Ranger
1997,8,1,280.511623869163,Data_Ranger
1997,8,2,294.095756080393,Delta_Storage+USGS_12105900
1997,8,3,295.419789664799,Delta_Storage+USGS_12105900
1997,8,4,285.158529386333,Delta_Storage+USGS_12105900
1997,8,5,281.682941227155,Delta_Storage+USGS_12105900
1997,8,6,272.580210335653,Delta_Storage+USGS_12105900
1997,8,7,260.953067601433,Delta_Storage+USGS_12105900
1997,8,8,246.097647365186,Delta_Storage+USGS_12105900
1997,8,9,235.629034017297,Delta_Storage+USGS_12105900
1997,8,10,222.216219164694,Delta_Storage+USGS_12105900
1997,8,11,231.594159958592,Delta_Storage+USGS_12105900
1997,8,12,232.012402463371,Delta_Storage+USGS_12105900
1997,8,13,225.69379652978,Delta_Storage+USGS_12105900
1997,8,14,213.950194303565,Delta_Storage+USGS_12105900
1997,8,15,237.210729962985,Delta_Storage+USGS_12105900
1997,8,16,276.521574914988,Delta_Storage+USGS_12105900
1997,8,17,215.06996481616,Data_Ranger
1997,8,18,205.801799852352,Data_Ranger
1997,8,19,191.969106262301,Data_Ranger
1997,8,20,205.507179069475,Data_Ranger
1997,8,21,209.003186091626,Data_Ranger
1997,8,22,189.046106562859,Data_Ranger
1997,8,23,181.285287370621,Data_Ranger
1997,8,24,216.35833092336,Data_Ranger
1997,8,25,217.253246514352,Delta_Storage+USGS_12105900
1997,8,26,222.599542422077,Delta_Storage+USGS_12105900
1997,8,27,230.523864486019,Delta_Storage+USGS_12105900
1997,8,28,222.463088327063,Delta_Storage+USGS_12105900
1997,8,29,217.662227053343,Delta_Storage+USGS_12105900
1997,8,30,207.552236223209,Data_Ranger
1997,8,31,185.513763529461,Data_Ranger
1997,9,1,184.683513053116,Data_Ranger
1997,9,2,222.494386380934,Delta_Storage+USGS_12105900
1997,9,3,110.236722154012,Delta_Storage+USGS_12105900
1997,9,4,196.288852100831,Delta_Storage+USGS_12105900
1997,9,5,169.251687351083,Delta_Storage+USGS_12105900
1997,9,6,172.01062116559,Delta_Storage+USGS_12105900
1997,9,7,170.030332200834,Delta_Storage+USGS_12105900
1997,9,8,209.585334853853,Delta_Storage+USGS_12105900
1997,9,9,95.0233792272343,Delta_Storage+USGS_12105900
1997,9,10,176.528165615173,Delta_Storage+USGS_12105900
1997,9,11,156.411943099315,Delta_Storage+USGS_12105900
1997,9,12,178.467801729371,Delta_Storage+USGS_12105900
1997,9,13,171.309257586931,Delta_Storage+USGS_12105900
1997,9,14,161.83802691352,Delta_Storage+USGS_12105900
1997,9,15,176.072044854318,Delta_Storage+USGS_12105900
1997,9,16,198.142610742797,Delta_Storage+USGS_12105900
1997,9,17,357.738269907445,Delta_Storage+USGS_12105900
1997,9,18,485.867952762614,Delta_Storage+USGS_12105900
1997,9,19,486.181542554337,Delta_Storage+USGS_12105900
1997,9,20,307.458807735011,Delta_Storage+USGS_12105900
1997,9,21,245.420791909529,Delta_Storage+USGS_12105900
1997,9,22,241.523203644175,Delta_Storage+USGS_12105900
1997,9,23,180.449622305809,Delta_Storage+USGS_12105900
1997,9,24,176.417696573489,Delta_Storage+USGS_12105900
1997,9,25,189.486437331073,Delta_Storage+USGS_12105900
1997,9,26,208.583353181805,Delta_Storage+USGS_12105900
1997,9,27,303.269685378818,Delta_Storage+USGS_12105900
1997,9,28,326.009941976556,Delta_Storage+USGS_12105900
1997,9,29,304.482344327292,Delta_Storage+USGS_12105900
1997,9,30,362.55267289641,Delta_Storage+USGS_12105900
1997,10,1,297.551861102388,Delta_Storage+USGS_12105900
1997,10,2,265.6525948265,Delta_Storage+USGS_12105900
1997,10,3,318.349642593534,Delta_Storage+USGS_12105900
1997,10,4,705.782308203515,Delta_Storage+USGS_12105900
1997,10,5,1105.45726728696,Delta_Storage+USGS_12105900
1997,10,6,1198.085291819,Delta_Storage+USGS_12105900
1997,10,7,876.548940159826,Delta_Storage+USGS_12105900
1997,10,8,661.509759035362,Delta_Storage+USGS_12105900
1997,10,9,584.227626235624,Delta_Storage+USGS_12105900
1997,10,10,542.75459134855,Delta_Storage+USGS_12105900
1997,10,11,514.902621594725,Delta_Storage+USGS_12105900
1997,10,12,535.266751635997,Delta_Storage+USGS_12105900
1997,10,13,615.59206415049,Delta_Storage+USGS_12105900
1997,10,14,636.408536750175,Delta_Storage+USGS_12105900
1997,10,15,590.260025782275,Delta_Storage+USGS_12105900
1997,10,16,538.534830350428,Delta_Storage+USGS_12105900
1997,10,17,515.395070715398,Delta_Storage+USGS_12105900
1997,10,18,501.67325849352,Delta_Storage+USGS_12105900
1997,10,19,464.050451138102,Delta_Storage+USGS_12105900
1997,10,20,392.962594427554,Delta_Storage+USGS_12105900
1997,10,21,377.2364841568,Delta_Storage+USGS_12105900
1997,10,22,379.083484366001,Delta_Storage+USGS_12105900
1997,10,23,396.8350340238,Delta_Storage+USGS_12105900
1997,10,24,468.316037051393,Delta_Storage+USGS_12105900
1997,10,25,422.723748014093,Delta_Storage+USGS_12105900
1997,10,26,402.304382575344,Delta_Storage+USGS_12105900
1997,10,27,461.50778875266,Delta_Storage+USGS_12105900
1997,10,28,497.834696283916,Delta_Storage+USGS_12105900
1997,10,29,822.264507733262,Delta_Storage+USGS_12105900
1997,10,30,3040.09077323666,Delta_Storage+USGS_12105900
1997,10,31,5522.33710771273,Delta_Storage+USGS_12105900
1997,11,1,4388.6573782645,Delta_Storage+USGS_12105900
1997,11,2,3214.39091442886,Delta_Storage+USGS_12105900
1997,11,3,2156.31620452694,Delta_Storage+USGS_12105900
1997,11,4,1711.02819543822,Delta_Storage+USGS_12105900
1997,11,5,1362.54403519316,Delta_Storage+USGS_12105900
1997,11,6,1027.07553605546,Delta_Storage+USGS_12105900
1997,11,7,989.654573295084,Delta_Storage+USGS_12105900
1997,11,8,933.059475508394,Delta_Storage+USGS_12105900
1997,11,9,694.599244209235,Delta_Storage+USGS_12105900
1997,11,10,430.942140667899,Delta_Storage+USGS_12105900
1997,11,11,516.005002949341,Delta_Storage+USGS_12105900
1997,11,12,660.365705442131,Delta_Storage+USGS_12105900
1997,11,13,779.666722848424,Delta_Storage+USGS_12105900
1997,11,14,614.230547352097,Delta_Storage+USGS_12105900
1997,11,15,529.395370563286,Delta_Storage+USGS_12105900
1997,11,16,521.923854044647,Delta_Storage+USGS_12105900
1997,11,17,751.718005185603,Delta_Storage+USGS_12105900
1997,11,18,701.212407872804,Delta_Storage+USGS_12105900
1997,11,19,575.433185657072,Delta_Storage+USGS_12105900
1997,11,20,1019.7918451849,Delta_Storage+USGS_12105900
1997,11,21,1482.86467650613,Delta_Storage+USGS_12105900
1997,11,22,1473.16072449788,Delta_Storage+USGS_12105900
1997,11,23,1193.85420578271,Delta_Storage+USGS_12105900
1997,11,24,1195.15259113898,Delta_Storage+USGS_12105900
1997,11,25,1191.16426805251,Delta_Storage+USGS_12105900
1997,11,26,1033.89665709495,Delta_Storage+USGS_12105900
1997,11,27,935.98531045052,Delta_Storage+USGS_12105900
1997,11,28,878.531014529117,Delta_Storage+USGS_12105900
1997,11,29,859.891193493831,Delta_Storage+USGS_12105900
1997,11,30,959.030767500473,Delta_Storage+USGS_12105900
1997,12,1,919.461172988179,Delta_Storage+USGS_12105900
1997,12,2,882.961364230861,Delta_Storage+USGS_12105900
1997,12,3,681.018923230033,Delta_Storage+USGS_12105900
1997,12,4,609.429122403714,Delta_Storage+USGS_12105900
1997,12,5,469.129453519017,Delta_Storage+USGS_12105900
1997,12,6,449.868522153167,Delta_Storage+USGS_12105900
1997,12,7,466.794862750127,Delta_Storage+USGS_12105900
1997,12,8,506.709853043377,Delta_Storage+USGS_12105900
1997,12,9,529.642485150081,Delta_Storage+USGS_12105900
1997,12,10,573.344669975032,Delta_Storage+USGS_12105900
1997,12,11,543.323413771856,Delta_Storage+USGS_12105900
1997,12,12,496.02643334042,Delta_Storage+USGS_12105900
1997,12,13,483.834827023691,Delta_Storage+USGS_12105900
1997,12,14,478.394394785463,Delta_Storage+USGS_12105900
1997,12,15,479.710845062963,Delta_Storage+USGS_12105900
1997,12,16,1286.60650779359,Delta_Storage+USGS_12105900
1997,12,17,3163.53777629507,Delta_Storage+USGS_12105900
1997,12,18,1688.2439858454,Delta_Storage+USGS_12105900
1997,12,19,1096.81051610747,Delta_Storage+USGS_12105900
1997,12,20,1107.07309798253,Delta_Storage+USGS_12105900
1997,12,21,1063.46639952425,Delta_Storage+USGS_12105900
1997,12,22,880.776900773714,Delta_Storage+USGS_12105900
1997,12,23,893.30088896501,Delta_Storage+USGS_12105900
1997,12,24,798.146087965508,Delta_Storage+USGS_12105900
1997,12,25,742.880485360833,Delta_Storage+USGS_12105900
1997,12,26,666.965238638241,Delta_Storage+USGS_12105900
1997,12,27,725.642569402601,Delta_Storage+USGS_12105900
1997,12,28,1610.95472542541,Delta_Storage+USGS_12105900
1997,12,29,3029.3111066837,Delta_Storage+USGS_12105900
1997,12,30,2398.8198699054,Delta_Storage+USGS_12105900
1997,12,31,1542.20527294829,Delta_Storage+USGS_12105900
1998,1,1,1262.69713264555,Delta_Storage+USGS_12105900
1998,1,2,1492.89064041317,Delta_Storage+USGS_12105900
1998,1,3,1362.82297116819,Delta_Storage+USGS_12105900
1998,1,4,1203.55794493886,Delta_Storage+USGS_12105900
1998,1,5,1217.91773704487,Delta_Storage+USGS_12105900
1998,1,6,1578.25747636379,Delta_Storage+USGS_12105900
1998,1,7,1002.64765628753,Delta_Storage+USGS_12105900
1998,1,8,1389.74339261369,Delta_Storage+USGS_12105900
1998,1,9,1277.35173457665,Delta_Storage+USGS_12105900
1998,1,10,889.258465255814,Delta_Storage+USGS_12105900
1998,1,11,921.447184629386,Delta_Storage+USGS_12105900
1998,1,12,740.550817275962,Delta_Storage+USGS_12105900
1998,1,13,1012.02735008182,Delta_Storage+USGS_12105900
1998,1,14,1081.92931567372,Delta_Storage+USGS_12105900
1998,1,15,1106.11688013426,Delta_Storage+USGS_12105900
1998,1,16,850.066099300618,Delta_Storage+USGS_12105900
1998,1,17,885.866698913714,Delta_Storage+USGS_12105900
1998,1,18,1461.98231124038,Delta_Storage+USGS_12105900
1998,1,19,1565.12346231251,Delta_Storage+USGS_12105900
1998,1,20,1885.30316092278,Delta_Storage+USGS_12105900
1998,1,21,1172.25864141298,Delta_Storage+USGS_12105900
1998,1,22,1349.10186967359,Delta_Storage+USGS_12105900
1998,1,23,1324.29436616227,Delta_Storage+USGS_12105900
1998,1,24,1422.652436659,Delta_Storage+USGS_12105900
1998,1,25,1620.98503023108,Delta_Storage+USGS_12105900
1998,1,26,1798.34248618622,Delta_Storage+USGS_12105900
1998,1,27,1658.88194647635,Delta_Storage+USGS_12105900
1998,1,28,1517.4819748772,Delta_Storage+USGS_12105900
1998,1,29,1353.1805566808,Delta_Storage+USGS_12105900
1998,1,30,1328.69677519626,Delta_Storage+USGS_12105900
1998,1,31,1337.06512955713,Delta_Storage+USGS_12105900
1998,2,1,1298.04816750965,Delta_Storage+USGS_12105900
1998,2,2,1091.02081701089,Delta_Storage+USGS_12105900
1998,2,3,819.686495452685,Delta_Storage+USGS_12105900
1998,2,4,770.335832833248,Delta_Storage+USGS_12105900
1998,2,5,1032.68320465195,Delta_Storage+USGS_12105900
1998,2,6,1065.50708316855,Delta_Storage+USGS_12105900
1998,2,7,1033.93277528091,Delta_Storage+USGS_12105900
1998,2,8,1061.06954342489,Delta_Storage+USGS_12105900
1998,2,9,1065.14112759205,Delta_Storage+USGS_12105900
1998,2,10,978.106727877797,Delta_Storage+USGS_12105900
1998,2,11,830.321952127098,Delta_Storage+USGS_12105900
1998,2,12,801.601330106939,Delta_Storage+USGS_12105900
1998,2,13,1000.36862288494,Delta_Storage+USGS_12105900
1998,2,14,1116.66612376288,Delta_Storage+USGS_12105900
1998,2,15,1076.94651293085,Delta_Storage+USGS_12105900
1998,2,16,1001.01176414281,Delta_Storage+USGS_12105900
1998,2,17,910.014892918136,Delta_Storage+USGS_12105900
1998,2,18,848.265566106461,Delta_Storage+USGS_12105900
1998,2,19,780.940131728122,Delta_Storage+USGS_12105900
1998,2,20,783.676769021929,Delta_Storage+USGS_12105900
1998,2,21,829.699213666242,Delta_Storage+USGS_12105900
1998,2,22,857.236946427939,Delta_Storage+USGS_12105900
1998,2,23,810.559236401102,Delta_Storage+USGS_12105900
1998,2,24,737.321017418086,Delta_Storage+USGS_12105900
1998,2,25,706.194983518617,Delta_Storage+USGS_12105900
1998,2,26,689.737341064442,Delta_Storage+USGS_12105900
1998,2,27,630.380891743901,Delta_Storage+USGS_12105900
1998,2,28,611.017916357907,Delta_Storage+USGS_12105900
1998,3,1,680.532410510777,Delta_Storage+USGS_12105900
1998,3,2,823.72598604557,Delta_Storage+USGS_12105900
1998,3,3,890.064027885898,Delta_Storage+USGS_12105900
1998,3,4,828.705671891806,Delta_Storage+USGS_12105900
1998,3,5,724.421740462127,Delta_Storage+USGS_12105900
1998,3,6,674.268136756869,Delta_Storage+USGS_12105900
1998,3,7,650.282801805572,Delta_Storage+USGS_12105900
1998,3,8,621.6381947477,Delta_Storage+USGS_12105900
1998,3,9,701.834418357917,Delta_Storage+USGS_12105900
1998,3,10,1040.43972565619,Delta_Storage+USGS_12105900
1998,3,11,1056.17481332492,Delta_Storage+USGS_12105900
1998,3,12,1141.65874191353,Delta_Storage+USGS_12105900
1998,3,13,1374.44432876122,Delta_Storage+USGS_12105900
1998,3,14,1479.89544773013,Delta_Storage+USGS_12105900
1998,3,15,1481.57193485776,Delta_Storage+USGS_12105900
1998,3,16,1526.18336852712,Delta_Storage+USGS_12105900
1998,3,17,1473.89719315169,Delta_Storage+USGS_12105900
1998,3,18,1186.51785725397,Delta_Storage+USGS_12105900
1998,3,19,1030.98270786685,Delta_Storage+USGS_12105900
1998,3,20,985.36736400173,Delta_Storage+USGS_12105900
1998,3,21,999.797045200867,Delta_Storage+USGS_12105900
1998,3,22,1245.09023385446,Delta_Storage+USGS_12105900
1998,3,23,2128.76189796525,Delta_Storage+USGS_12105900
1998,3,24,2192.6682562522,Delta_Storage+USGS_12105900
1998,3,25,1789.29813620471,Delta_Storage+USGS_12105900
1998,3,26,1761.39835195327,Delta_Storage+USGS_12105900
1998,3,27,1696.03644143459,Delta_Storage+USGS_12105900
1998,3,28,1472.94542736442,Delta_Storage+USGS_12105900
1998,3,29,1275.91936954231,Delta_Storage+USGS_12105900
1998,3,30,1061.22463556985,Delta_Storage+USGS_12105900
1998,3,31,969.368621411915,Delta_Storage+USGS_12105900
1998,4,1,926.359952905978,Delta_Storage+USGS_12105900
1998,4,2,856.287085701677,Delta_Storage+USGS_12105900
1998,4,3,796.860364239643,Delta_Storage+USGS_12105900
1998,4,4,764.765827834685,Delta_Storage+USGS_12105900
1998,4,5,745.915000190509,Delta_Storage+USGS_12105900
1998,4,6,706.971804988343,Delta_Storage+USGS_12105900
1998,4,7,686.808758343266,Delta_Storage+USGS_12105900
1998,4,8,688.57155612331,Delta_Storage+USGS_12105900
1998,4,9,668.60364239705,Delta_Storage+USGS_12105900
1998,4,10,660.225496776985,Delta_Storage+USGS_12105900
1998,4,11,695.274072619257,Delta_Storage+USGS_12105900
1998,4,12,700.300959991158,Delta_Storage+USGS_12105900
1998,4,13,676.004337694014,Delta_Storage+USGS_12105900
1998,4,14,652.266258438368,Delta_Storage+USGS_12105900
1998,4,15,623.920199091964,Delta_Storage+USGS_12105900
1998,4,16,628.109271901731,Delta_Storage+USGS_12105900
1998,4,17,944.553312482177,Delta_Storage+USGS_12105900
1998,4,18,726.096466084913,Delta_Storage+USGS_12105900
1998,4,19,304.43970959505,Delta_Storage+USGS_12105900
1998,4,20,721.144388942153,Delta_Storage+USGS_12105900
1998,4,21,771.688834713394,Delta_Storage+USGS_12105900
1998,4,22,928.926267367521,Delta_Storage+USGS_12105900
1998,4,23,1278.48052727685,Delta_Storage+USGS_12105900
1998,4,24,1544.34846873694,Delta_Storage+USGS_12105900
1998,4,25,1210.8609738045,Data_Ranger
1998,4,26,1044.0245673634,Data_Ranger
1998,4,27,974.496632902402,Delta_Storage+USGS_12105900
1998,4,28,1077.09717734783,Delta_Storage+USGS_12105900
1998,4,29,1348.78484547878,Delta_Storage+USGS_12105900
1998,4,30,1803.56907507116,Delta_Storage+USGS_12105900
1998,5,1,2417.42839394318,Delta_Storage+USGS_12105900
1998,5,2,2198.41528917027,Delta_Storage+USGS_12105900
1998,5,3,1894.82324643143,Delta_Storage+USGS_12105900
1998,5,4,1563.5953113615,Delta_Storage+USGS_12105900
1998,5,5,1477.59970104942,Delta_Storage+USGS_12105900
1998,5,6,1371.39581718618,Delta_Storage+USGS_12105900
1998,5,7,1294.01991188212,Delta_Storage+USGS_12105900
1998,5,8,1119.99174641579,Delta_Storage+USGS_12105900
1998,5,9,1020.03037789777,Delta_Storage+USGS_12105900
1998,5,10,917.559394542798,Delta_Storage+USGS_12105900
1998,5,11,720.723962479467,Delta_Storage+USGS_12105900
1998,5,12,725.717835260075,Delta_Storage+USGS_12105900
1998,5,13,806.239618469596,Delta_Storage+USGS_12105900
1998,5,14,794.13912497594,Delta_Storage+USGS_12105900
1998,5,15,908.799523087241,Delta_Storage+USGS_12105900
1998,5,16,818.030377897971,Delta_Storage+USGS_12105900
1998,5,17,777.728897416612,Delta_Storage+USGS_12105900
1998,5,18,793.521273135164,Delta_Storage+USGS_12105900
1998,5,19,708.193839618916,Delta_Storage+USGS_12105900
1998,5,20,720.746000726213,Delta_Storage+USGS_12105900
1998,5,21,753.151293348687,Delta_Storage+USGS_12105900
1998,5,22,732.590282515223,Delta_Storage+USGS_12105900
1998,5,23,698.749319373575,Delta_Storage+USGS_12105900
1998,5,24,672.471579496148,Delta_Storage+USGS_12105900
1998,5,25,842.983406764854,Delta_Storage+USGS_12105900
1998,5,26,965.751012756066,Delta_Storage+USGS_12105900
1998,5,27,1527.55752902717,Delta_Storage+USGS_12105900
1998,5,28,1768.45388004528,Delta_Storage+USGS_12105900
1998,5,29,1282.74438443633,Delta_Storage+USGS_12105900
1998,5,30,1190.8972940749,Delta_Storage+USGS_12105900
1998,5,31,1120.66647695933,Delta_Storage+USGS_12105900
1998,6,1,945.498687118308,Delta_Storage+USGS_12105900
1998,6,2,856.653250742513,Delta_Storage+USGS_12105900
1998,6,3,809.361130061288,Delta_Storage+USGS_12105900
1998,6,4,806.532845366642,Delta_Storage+USGS_12105900
1998,6,5,737.250680626328,Delta_Storage+USGS_12105900
1998,6,6,693.401973974918,Delta_Storage+USGS_12105900
1998,6,7,657.330752163707,Delta_Storage+USGS_12105900
1998,6,8,631.48536415868,Delta_Storage+USGS_12105900
1998,6,9,580.329645947885,Delta_Storage+USGS_12105900
1998,6,10,576.249574410607,Delta_Storage+USGS_12105900
1998,6,11,558.020421956864,Delta_Storage+USGS_12105900
1998,6,12,490.997787568555,Delta_Storage+USGS_12105900
1998,6,13,475.839856926222,Delta_Storage+USGS_12105900
1998,6,14,458.252893057674,Delta_Storage+USGS_12105900
1998,6,15,522.504679900312,Delta_Storage+USGS_12105900
1998,6,16,723.220302728355,Delta_Storage+USGS_12105900
1998,6,17,443.532335291993,Delta_Storage+USGS_12105900
1998,6,18,463.277739877524,Delta_Storage+USGS_12105900
1998,6,19,498.067903164339,Delta_Storage+USGS_12105900
1998,6,20,474.713410397188,Delta_Storage+USGS_12105900
1998,6,21,451.383764449497,Delta_Storage+USGS_12105900
1998,6,22,454.462729770665,Delta_Storage+USGS_12105900
1998,6,23,425.673672699182,Delta_Storage+USGS_12105900
1998,6,24,436.543907523667,Delta_Storage+USGS_12105900
1998,6,25,539.581432789839,Delta_Storage+USGS_12105900
1998,6,26,549.68413871494,Delta_Storage+USGS_12105900
1998,6,27,535.32743351654,Delta_Storage+USGS_12105900
1998,6,28,513.074540458573,Delta_Storage+USGS_12105900
1998,6,29,549.328965404319,Delta_Storage+USGS_12105900
1998,6,30,380.94499412255,Delta_Storage+USGS_12105900
1998,7,1,418.17668793757,Delta_Storage+USGS_12105900
1998,7,2,421.138614901585,Delta_Storage+USGS_12105900
1998,7,3,410.836028204501,Delta_Storage+USGS_12105900
1998,7,4,393.480429221534,Delta_Storage+USGS_12105900
1998,7,5,379.303182838056,Delta_Storage+USGS_12105900
1998,7,6,345.972430674348,Delta_Storage+USGS_12105900
1998,7,7,336.56160697434,Delta_Storage+USGS_12105900
1998,7,8,331.178948740273,Delta_Storage+USGS_12105900
1998,7,9,315.301287750373,Delta_Storage+USGS_12105900
1998,7,10,288.315870604678,Delta_Storage+USGS_12105900
1998,7,11,299.355004766244,Delta_Storage+USGS_12105900
1998,7,12,304.802693678006,Delta_Storage+USGS_12105900
1998,7,13,292.382904013209,Delta_Storage+USGS_12105900
1998,7,14,272.018912842788,Delta_Storage+USGS_12105900
1998,7,15,269.191391852333,Delta_Storage+USGS_12105900
1998,7,16,258.801269923872,Delta_Storage+USGS_12105900
1998,7,17,244.518456019273,Delta_Storage+USGS_12105900
1998,7,18,237.885048344131,Delta_Storage+USGS_12105900
1998,7,19,229.877589086726,Delta_Storage+USGS_12105900
1998,7,20,203.230352333267,Delta_Storage+USGS_12105900
1998,7,21,208.022010406282,Delta_Storage+USGS_12105900
1998,7,22,199.234131666798,Delta_Storage+USGS_12105900
1998,7,23,195.011750051727,Delta_Storage+USGS_12105900
1998,7,24,198.800446050769,Delta_Storage+USGS_12105900
1998,7,25,196.113298507463,Delta_Storage+USGS_12105900
1998,7,26,201.178198006539,Delta_Storage+USGS_12105900
1998,7,27,194.240232273909,Delta_Storage+USGS_12105900
1998,7,28,189.771887943354,Delta_Storage+USGS_12105900
1998,7,29,175.668676150444,Delta_Storage+USGS_12105900
1998,7,30,182.790099927002,Delta_Storage+USGS_12105900
1998,7,31,190.640058105394,Delta_Storage+USGS_12105900
1998,8,1,184.908920811976,Delta_Storage+USGS_12105900
1998,8,2,185.491748333416,Delta_Storage+USGS_12105900
1998,8,3,174.263645911663,Delta_Storage+USGS_12105900
1998,8,4,158.150894770404,Delta_Storage+USGS_12105900
1998,8,5,157.898510621443,Delta_Storage+USGS_12105900
1998,8,6,167.047688482877,Delta_Storage+USGS_12105900
1998,8,7,155.020247814692,Delta_Storage+USGS_12105900
1998,8,8,152.744681649529,Delta_Storage+USGS_12105900
1998,8,9,149.447511561557,Delta_Storage+USGS_12105900
1998,8,10,156.023812667628,Delta_Storage+USGS_12105900
1998,8,11,125.792180460364,Delta_Storage+USGS_12105900
1998,8,12,164.858607743329,Delta_Storage+USGS_12105900
1998,8,13,148.574138605649,Delta_Storage+USGS_12105900
1998,8,14,145.25414997144,Delta_Storage+USGS_12105900
1998,8,15,141.572620690014,Delta_Storage+USGS_12105900
1998,8,16,145.424911770791,Delta_Storage+USGS_12105900
1998,8,17,159.215633789567,Delta_Storage+USGS_12105900
1998,8,18,152.447964650715,Delta_Storage+USGS_12105900
1998,8,19,146.318754864509,Delta_Storage+USGS_12105900
1998,8,20,140.955696301656,Delta_Storage+USGS_12105900
1998,8,21,141.338771913368,Delta_Storage+USGS_12105900
1998,8,22,137.508015796944,Delta_Storage+USGS_12105900
1998,8,23,135.848021479874,Delta_Storage+USGS_12105900
1998,8,24,141.373485756122,Delta_Storage+USGS_12105900
1998,8,25,138.788028318838,Delta_Storage+USGS_12105900
1998,8,26,134.687484151444,Delta_Storage+USGS_12105900
1998,8,27,131.348469615214,Delta_Storage+USGS_12105900
1998,8,28,128.017823536444,Delta_Storage+USGS_12105900
1998,8,29,126.185131347438,Delta_Storage+USGS_12105900
1998,8,30,124.260386126005,Delta_Storage+USGS_12105900
1998,8,31,120.498795156083,Delta_Storage+USGS_12105900
1998,9,1,119.423842884871,Delta_Storage+USGS_12105900
1998,9,2,116.622854830911,Delta_Storage+USGS_12105900
1998,9,3,119.932404530241,Delta_Storage+USGS_12105900
1998,9,4,120.038939451127,Delta_Storage+USGS_12105900
1998,9,5,117.908241033791,Delta_Storage+USGS_12105900
1998,9,6,112.007634674031,Delta_Storage+USGS_12105900
1998,9,7,114.629821983437,Delta_Storage+USGS_12105900
1998,9,8,109.516145781843,Delta_Storage+USGS_12105900
1998,9,9,108.007634674088,Delta_Storage+USGS_12105900
1998,9,10,104.835750544447,Delta_Storage+USGS_12105900
1998,9,11,114.784059445678,Delta_Storage+USGS_12105900
1998,9,12,113.124130540484,Delta_Storage+USGS_12105900
1998,9,13,111.934049752352,Delta_Storage+USGS_12105900
1998,9,14,111.726687190773,Delta_Storage+USGS_12105900
1998,9,15,103.488530129827,Delta_Storage+USGS_12105900
1998,9,16,103.376208742428,Delta_Storage+USGS_12105900
1998,9,17,100.810097042935,Delta_Storage+USGS_12105900
1998,9,18,112.197128188912,Delta_Storage+USGS_12105900
1998,9,19,127.454803757111,Delta_Storage+USGS_12105900
1998,9,20,125.241367206306,Delta_Storage+USGS_12105900
1998,9,21,116.504743083534,Delta_Storage+USGS_12105900
1998,9,22,111.958368825822,Delta_Storage+USGS_12105900
1998,9,23,106.411994567925,Delta_Storage+USGS_12105900
1998,9,24,103.26633421035,Delta_Storage+USGS_12105900
1998,9,25,113.011371117641,Delta_Storage+USGS_12105900
1998,9,26,117.069978510473,Delta_Storage+USGS_12105900
1998,9,27,111.932525323861,Delta_Storage+USGS_12105900
1998,9,28,109.492897102875,Delta_Storage+USGS_12105900
1998,9,29,103.573602919385,Delta_Storage+USGS_12105900
1998,9,30,100.659983667042,Delta_Storage+USGS_12105900
1998,10,1,103.926222053403,Delta_Storage+USGS_12105900
1998,10,2,123.509580676344,Delta_Storage+USGS_12105900
1998,10,3,137.760173643694,Delta_Storage+USGS_12105900
1998,10,4,149.736716746343,Delta_Storage+USGS_12105900
1998,10,5,145.146381511626,Delta_Storage+USGS_12105900
1998,10,6,132.114464423367,Delta_Storage+USGS_12105900
1998,10,7,116.547586086,Delta_Storage+USGS_12105900
1998,10,8,115.305806903043,Delta_Storage+USGS_12105900
1998,10,9,145.524879478986,Delta_Storage+USGS_12105900
1998,10,10,149.986620050279,Delta_Storage+USGS_12105900
1998,10,11,140.211576811035,Delta_Storage+USGS_12105900
1998,10,12,131.345111308915,Delta_Storage+USGS_12105900
1998,10,13,154.236754365997,Delta_Storage+USGS_12105900
1998,10,14,190.874678932874,Delta_Storage+USGS_12105900
1998,10,15,248.457140759498,Delta_Storage+USGS_12105900
1998,10,16,313.420702862438,Delta_Storage+USGS_12105900
1998,10,17,240.408338549923,Delta_Storage+USGS_12105900
1998,10,18,266.911175718708,Delta_Storage+USGS_12105900
1998,10,19,271.727793929745,Delta_Storage+USGS_12105900
1998,10,20,203.66149033275,Delta_Storage+USGS_12105900
1998,10,21,148.202318298808,Delta_Storage+USGS_12105900
1998,10,22,164.184875800366,Delta_Storage+USGS_12105900
1998,10,23,154.08111866921,Delta_Storage+USGS_12105900
1998,10,24,145.49662556814,Delta_Storage+USGS_12105900
1998,10,25,141.802222624077,Delta_Storage+USGS_12105900
1998,10,26,126.047490392434,Delta_Storage+USGS_12105900
1998,10,27,134.298026052116,Delta_Storage+USGS_12105900
1998,10,28,168.568549150291,Delta_Storage+USGS_12105900
1998,10,29,185.502736251215,Delta_Storage+USGS_12105900
1998,10,30,165.891243267748,Delta_Storage+USGS_12105900
1998,10,31,151.794626541863,Delta_Storage+USGS_12105900
1998,11,1,150.09599730566,Delta_Storage+USGS_12105900
1998,11,2,138.458269031061,Delta_Storage+USGS_12105900
1998,11,3,146.885017136713,Delta_Storage+USGS_12105900
1998,11,4,154.016699241627,Delta_Storage+USGS_12105900
1998,11,5,192.078225266543,Delta_Storage+USGS_12105900
1998,11,6,236.376779080064,Delta_Storage+USGS_12105900
1998,11,7,227.301804410591,Delta_Storage+USGS_12105900
1998,11,8,208.125518650598,Delta_Storage+USGS_12105900
1998,11,9,213.696066728616,Delta_Storage+USGS_12105900
1998,11,10,202.922896469705,Delta_Storage+USGS_12105900
1998,11,11,202.220666286891,Delta_Storage+USGS_12105900
1998,11,12,258.155889664992,Delta_Storage+USGS_12105900
1998,11,13,1691.60462883159,Delta_Storage+USGS_12105900
1998,11,14,4100.47777740509,Delta_Storage+USGS_12105900
1998,11,15,2314.08726764928,Delta_Storage+USGS_12105900
1998,11,16,1037.84130815786,Delta_Storage+USGS_12105900
1998,11,17,879.257008471708,Delta_Storage+USGS_12105900
1998,11,18,816.016429847826,Delta_Storage+USGS_12105900
1998,11,19,767.306278198859,Delta_Storage+USGS_12105900
1998,11,20,1040.83272573161,Delta_Storage+USGS_12105900
1998,11,21,4094.73100589498,Delta_Storage+USGS_12105900
1998,11,22,4115.72965767712,Delta_Storage+USGS_12105900
1998,11,23,2439.89176588539,Delta_Storage+USGS_12105900
1998,11,24,1723.94832456399,Delta_Storage+USGS_12105900
1998,11,25,1798.08514287692,Delta_Storage+USGS_12105900
1998,11,26,4763.28763723244,Delta_Storage+USGS_12105900
1998,11,27,4772.26641693728,Delta_Storage+USGS_12105900
1998,11,28,2600.31659068079,Delta_Storage+USGS_12105900
1998,11,29,1677.29439084276,Delta_Storage+USGS_12105900
1998,11,30,769.521502537602,Delta_Storage+USGS_12105900
1998,12,1,1134.70185009354,Delta_Storage+USGS_12105900
1998,12,2,1572.39259248656,Delta_Storage+USGS_12105900
1998,12,3,2120.41769683916,Delta_Storage+USGS_12105900
1998,12,4,1404.74760359355,Delta_Storage+USGS_12105900
1998,12,5,1179.55217548024,Delta_Storage+USGS_12105900
1998,12,6,1075.8854816493,Delta_Storage+USGS_12105900
1998,12,7,968.817777864208,Delta_Storage+USGS_12105900
1998,12,8,903.285184261234,Delta_Storage+USGS_12105900
1998,12,9,737.325232602272,Delta_Storage+USGS_12105900
1998,12,10,819.445782880453,Delta_Storage+USGS_12105900
1998,12,11,994.20899891913,Delta_Storage+USGS_12105900
1998,12,12,2223.96039174625,Delta_Storage+USGS_12105900
1998,12,13,3026.297717961,Delta_Storage+USGS_12105900
1998,12,14,2808.82800086011,Delta_Storage+USGS_12105900
1998,12,15,2187.87733905148,Delta_Storage+USGS_12105900
1998,12,16,1759.22916339436,Delta_Storage+USGS_12105900
1998,12,17,2042.15918114561,Delta_Storage+USGS_12105900
1998,12,18,1938.92110526962,Delta_Storage+USGS_12105900
1998,12,19,1779.31422398014,Delta_Storage+USGS_12105900
1998,12,20,1533.27436574305,Delta_Storage+USGS_12105900
1998,12,21,1179.57902150489,Delta_Storage+USGS_12105900
1998,12,22,994.790834140948,Delta_Storage+USGS_12105900
1998,12,23,989.623354270242,Delta_Storage+USGS_12105900
1998,12,24,967.590295220067,Delta_Storage+USGS_12105900
1998,12,25,1042.37518009614,Delta_Storage+USGS_12105900
1998,12,26,2114.55065310902,Delta_Storage+USGS_12105900
1998,12,27,2963.90706173333,Delta_Storage+USGS_12105900
1998,12,28,8713.39357183387,Delta_Storage+USGS_12105900
1998,12,29,9073.09666134358,Delta_Storage+USGS_12105900
1998,12,30,14188.13672297,Delta_Storage+USGS_12105900
1998,12,31,7042.9321939673,Delta_Storage+USGS_12105900
1999,1,1,3980.80349564648,Delta_Storage+USGS_12105900
1999,1,2,2827.31793600584,Delta_Storage+USGS_12105900
1999,1,3,1707.90173989111,Delta_Storage+USGS_12105900
1999,1,4,1134.37891781099,Delta_Storage+USGS_12105900
1999,1,5,1246.32324068229,Delta_Storage+USGS_12105900
1999,1,6,847.901408010041,Delta_Storage+USGS_12105900
1999,1,7,1292.45441500913,Delta_Storage+USGS_12105900
1999,1,8,1155.56873655307,Delta_Storage+USGS_12105900
1999,1,9,1093.5097039647,Delta_Storage+USGS_12105900
1999,1,10,1177.08718049281,Delta_Storage+USGS_12105900
1999,1,11,2467.1446624406,Delta_Storage+USGS_12105900
1999,1,12,2121.60520235865,Delta_Storage+USGS_12105900
1999,1,13,1919.84934567263,Delta_Storage+USGS_12105900
1999,1,14,3709.16794738032,Delta_Storage+USGS_12105900
1999,1,15,5170.0232506396,Delta_Storage+USGS_12105900
1999,1,16,3203.9748259081,Delta_Storage+USGS_12105900
1999,1,17,2681.44204626002,Delta_Storage+USGS_12105900
1999,1,18,2338.43096645368,Delta_Storage+USGS_12105900
1999,1,19,2177.1141169098,Delta_Storage+USGS_12105900
1999,1,20,1812.64371439361,Delta_Storage+USGS_12105900
1999,1,21,1736.71103156443,Delta_Storage+USGS_12105900
1999,1,22,1812.41704280433,Delta_Storage+USGS_12105900
1999,1,23,1625.66258124362,Delta_Storage+USGS_12105900
1999,1,24,1447.92260436464,Delta_Storage+USGS_12105900
1999,1,25,1093.69080499286,Delta_Storage+USGS_12105900
1999,1,26,982.801315976982,Delta_Storage+USGS_12105900
1999,1,27,1046.53590247067,Delta_Storage+USGS_12105900
1999,1,28,1310.1926898219,Delta_Storage+USGS_12105900
1999,1,29,949.783743726113,Delta_Storage+USGS_12105900
1999,1,30,1038.73320242057,Delta_Storage+USGS_12105900
1999,1,31,1091.37293642186,Delta_Storage+USGS_12105900
1999,2,1,1123.13248490841,Delta_Storage+USGS_12105900
1999,2,2,1367.94641009861,Delta_Storage+USGS_12105900
1999,2,3,2044.68626477738,Delta_Storage+USGS_12105900
1999,2,4,1579.08299980973,Delta_Storage+USGS_12105900
1999,2,5,1263.41389585258,Delta_Storage+USGS_12105900
1999,2,6,1126.08453765586,Delta_Storage+USGS_12105900
1999,2,7,1187.35920960459,Delta_Storage+USGS_12105900
1999,2,8,1204.51036969538,Delta_Storage+USGS_12105900
1999,2,9,1102.84401038495,Delta_Storage+USGS_12105900
1999,2,10,1027.27374453983,Delta_Storage+USGS_12105900
1999,2,11,827.287991549916,Delta_Storage+USGS_12105900
1999,2,12,769.860122230781,Delta_Storage+USGS_12105900
1999,2,13,761.575161948724,Delta_Storage+USGS_12105900
1999,2,14,695.605553730842,Delta_Storage+USGS_12105900
1999,2,15,648.856675710506,Delta_Storage+USGS_12105900
1999,2,16,644.423460417396,Delta_Storage+USGS_12105900
1999,2,17,667.343417580584,Delta_Storage+USGS_12105900
1999,2,18,669.324408786936,Delta_Storage+USGS_12105900
1999,2,19,722.757505495438,Delta_Storage+USGS_12105900
1999,2,20,707.25947548899,Delta_Storage+USGS_12105900
1999,2,21,667.670062342991,Delta_Storage+USGS_12105900
1999,2,22,676.763852728001,Delta_Storage+USGS_12105900
1999,2,23,1049.03184505292,Delta_Storage+USGS_12105900
1999,2,24,877.426308287298,Delta_Storage+USGS_12105900
1999,2,25,830.864795460264,Delta_Storage+USGS_12105900
1999,2,26,1109.76018232035,Delta_Storage+USGS_12105900
1999,2,27,1189.81566268474,Delta_Storage+USGS_12105900
1999,2,28,1885.66856329268,Delta_Storage+USGS_12105900
1999,3,1,2395.1344291789,Delta_Storage+USGS_12105900
1999,3,2,1910.0445871212,Delta_Storage+USGS_12105900
1999,3,3,1501.4127160584,Delta_Storage+USGS_12105900
1999,3,4,1087.66424171427,Delta_Storage+USGS_12105900
1999,3,5,928.235531099501,Delta_Storage+USGS_12105900
1999,3,6,941.973240161742,Delta_Storage+USGS_12105900
1999,3,7,905.833879394289,Delta_Storage+USGS_12105900
1999,3,8,855.645247669885,Delta_Storage+USGS_12105900
1999,3,9,742.819940843812,Delta_Storage+USGS_12105900
1999,3,10,672.947816341618,Delta_Storage+USGS_12105900
1999,3,11,631.410493637993,Delta_Storage+USGS_12105900
1999,3,12,610.054094671119,Delta_Storage+USGS_12105900
1999,3,13,636.673508464985,Delta_Storage+USGS_12105900
1999,3,14,698.657037325336,Delta_Storage+USGS_12105900
1999,3,15,919.201201825344,Delta_Storage+USGS_12105900
1999,3,16,880.791001080844,Delta_Storage+USGS_12105900
1999,3,17,815.611096514674,Delta_Storage+USGS_12105900
1999,3,18,736.118818761237,Delta_Storage+USGS_12105900
1999,3,19,691.584040148318,Delta_Storage+USGS_12105900
1999,3,20,856.779039099178,Delta_Storage+USGS_12105900
1999,3,21,1582.32706454567,Delta_Storage+USGS_12105900
1999,3,22,2201.18360057899,Delta_Storage+USGS_12105900
1999,3,23,1774.44039219836,Delta_Storage+USGS_12105900
1999,3,24,1593.76484635139,Delta_Storage+USGS_12105900
1999,3,25,1588.32221928922,Delta_Storage+USGS_12105900
1999,3,26,1441.26595597241,Delta_Storage+USGS_12105900
1999,3,27,1262.05099943143,Delta_Storage+USGS_12105900
1999,3,28,1120.49721953507,Delta_Storage+USGS_12105900
1999,3,29,937.32115106247,Delta_Storage+USGS_12105900
1999,3,30,901.936250710781,Delta_Storage+USGS_12105900
1999,3,31,830.956308307988,Delta_Storage+USGS_12105900
1999,4,1,773.15681241424,Delta_Storage+USGS_12105900
1999,4,2,781.256320380459,Delta_Storage+USGS_12105900
1999,4,3,794.948094277805,Delta_Storage+USGS_12105900
1999,4,4,755.699055305515,Delta_Storage+USGS_12105900
1999,4,5,702.297696668267,Delta_Storage+USGS_12105900
1999,4,6,664.161526722256,Delta_Storage+USGS_12105900
1999,4,7,650.766808733963,Delta_Storage+USGS_12105900
1999,4,8,673.479578296894,Delta_Storage+USGS_12105900
1999,4,9,671.393998897815,Delta_Storage+USGS_12105900
1999,4,10,638.298918369537,Delta_Storage+USGS_12105900
1999,4,11,610.18911836234,Delta_Storage+USGS_12105900
1999,4,12,623.920056028345,Delta_Storage+USGS_12105900
1999,4,13,662.686779229163,Delta_Storage+USGS_12105900
1999,4,14,658.012276076379,Delta_Storage+USGS_12105900
1999,4,15,727.255478706962,Delta_Storage+USGS_12105900
1999,4,16,847.000783996335,Delta_Storage+USGS_12105900
1999,4,17,1058.44226329071,Delta_Storage+USGS_12105900
1999,4,18,1632.24449238618,Delta_Storage+USGS_12105900
1999,4,19,1691.46805753411,Delta_Storage+USGS_12105900
1999,4,20,1662.23122725041,Delta_Storage+USGS_12105900
1999,4,21,1554.94820976768,Delta_Storage+USGS_12105900
1999,4,22,1309.71542187118,Delta_Storage+USGS_12105900
1999,4,23,1260.87009067598,Delta_Storage+USGS_12105900
1999,4,24,1424.86766041313,Delta_Storage+USGS_12105900
1999,4,25,1965.01638273569,Delta_Storage+USGS_12105900
1999,4,26,2141.22894112988,Delta_Storage+USGS_12105900
1999,4,27,1784.35085850066,Delta_Storage+USGS_12105900
1999,4,28,1259.66953119777,Delta_Storage+USGS_12105900
1999,4,29,1036.11151079681,Delta_Storage+USGS_12105900
1999,4,30,1154.59881851693,Delta_Storage+USGS_12105900
1999,5,1,1277.92518629261,Delta_Storage+USGS_12105900
1999,5,2,1530.32982292936,Delta_Storage+USGS_12105900
1999,5,3,1530.84033396255,Delta_Storage+USGS_12105900
1999,5,4,1505.44217511258,Delta_Storage+USGS_12105900
1999,5,5,1270.57945422649,Delta_Storage+USGS_12105900
1999,5,6,1186.96562356484,Delta_Storage+USGS_12105900
1999,5,7,1352.0641610292,Delta_Storage+USGS_12105900
1999,5,8,1338.25436601743,Delta_Storage+USGS_12105900
1999,5,9,1161.60096908349,Delta_Storage+USGS_12105900
1999,5,10,1225.04210511861,Delta_Storage+USGS_12105900
1999,5,11,1134.47120984701,Delta_Storage+USGS_12105900
1999,5,12,1193.13072015712,Delta_Storage+USGS_12105900
1999,5,13,1207.55658909605,Delta_Storage+USGS_12105900
1999,5,14,1134.52442872259,Delta_Storage+USGS_12105900
1999,5,15,1098.05217742225,Delta_Storage+USGS_12105900
1999,5,16,1061.45223425169,Delta_Storage+USGS_12105900
1999,5,17,1110.88416730803,Delta_Storage+USGS_12105900
1999,5,18,1614.28764130029,Delta_Storage+USGS_12105900
1999,5,19,2191.74444860728,Delta_Storage+USGS_12105900
1999,5,20,1917.30532934274,Delta_Storage+USGS_12105900
1999,5,21,1842.44927113962,Delta_Storage+USGS_12105900
1999,5,22,1741.22284983983,Delta_Storage+USGS_12105900
1999,5,23,1875.27317975433,Delta_Storage+USGS_12105900
1999,5,24,2592.94721309435,Delta_Storage+USGS_12105900
1999,5,25,3234.66421263126,Delta_Storage+USGS_12105900
1999,5,26,2812.07014590105,Delta_Storage+USGS_12105900
1999,5,27,2100.53079632748,Delta_Storage+USGS_12105900
1999,5,28,1837.30819267658,Delta_Storage+USGS_12105900
1999,5,29,1759.27651086102,Delta_Storage+USGS_12105900
1999,5,30,1607.01264866459,Delta_Storage+USGS_12105900
1999,5,31,1563.91679466199,Delta_Storage+USGS_12105900
1999,6,1,1861.12635516753,Delta_Storage+USGS_12105900
1999,6,2,1752.35961827683,Delta_Storage+USGS_12105900
1999,6,3,1262.81357136652,Delta_Storage+USGS_12105900
1999,6,4,1286.64499523385,Delta_Storage+USGS_12105900
1999,6,5,1464.30074784794,Delta_Storage+USGS_12105900
1999,6,6,1624.5653241394,Delta_Storage+USGS_12105900
1999,6,7,1575.66805555444,Delta_Storage+USGS_12105900
1999,6,8,1337.13972111701,Delta_Storage+USGS_12105900
1999,6,9,1148.17784252484,Delta_Storage+USGS_12105900
1999,6,10,1078.57539163668,Delta_Storage+USGS_12105900
1999,6,11,1172.02374060403,Delta_Storage+USGS_12105900
1999,6,12,1217.38818931219,Delta_Storage+USGS_12105900
1999,6,13,1386.07947539572,Delta_Storage+USGS_12105900
1999,6,14,1523.8541516635,Delta_Storage+USGS_12105900
1999,6,15,1745.40852520243,Delta_Storage+USGS_12105900
1999,6,16,1674.4450303198,Delta_Storage+USGS_12105900
1999,6,17,1340.70958167557,Delta_Storage+USGS_12105900
1999,6,18,1083.35177026145,Delta_Storage+USGS_12105900
1999,6,19,1050.24846819498,Delta_Storage+USGS_12105900
1999,6,20,948.747106942229,Delta_Storage+USGS_12105900
1999,6,21,868.66703540534,Delta_Storage+USGS_12105900
1999,6,22,874.196562124617,Delta_Storage+USGS_12105900
1999,6,23,924.216984081582,Delta_Storage+USGS_12105900
1999,6,24,1124.55547975476,Delta_Storage+USGS_12105900
1999,6,25,958.804544090908,Delta_Storage+USGS_12105900
1999,6,26,1031.6018547467,Delta_Storage+USGS_12105900
1999,6,27,986.737151001219,Delta_Storage+USGS_12105900
1999,6,28,895.837359933533,Delta_Storage+USGS_12105900
1999,6,29,781.211823630638,Delta_Storage+USGS_12105900
1999,6,30,715.419673425882,Delta_Storage+USGS_12105900
1999,7,1,767.990044058795,Delta_Storage+USGS_12105900
1999,7,2,769.78463220879,Delta_Storage+USGS_12105900
1999,7,3,897.262252857905,Delta_Storage+USGS_12105900
1999,7,4,935.787024653638,Delta_Storage+USGS_12105900
1999,7,5,909.295741102948,Delta_Storage+USGS_12105900
1999,7,6,799.945399709843,Delta_Storage+USGS_12105900
1999,7,7,770.653250742515,Delta_Storage+USGS_12105900
1999,7,8,655.987321552994,Delta_Storage+USGS_12105900
1999,7,9,631.665929189715,Delta_Storage+USGS_12105900
1999,7,10,626.768635114519,Delta_Storage+USGS_12105900
1999,7,11,592.748213157853,Delta_Storage+USGS_12105900
1999,7,12,560.652144526692,Delta_Storage+USGS_12105900
1999,7,13,525.760048598197,Delta_Storage+USGS_12105900
1999,7,14,481.900435579624,Delta_Storage+USGS_12105900
1999,7,15,458.209326638341,Delta_Storage+USGS_12105900
1999,7,16,453.341304245691,Delta_Storage+USGS_12105900
1999,7,17,505.642784726658,Delta_Storage+USGS_12105900
1999,7,18,456.239704536215,Delta_Storage+USGS_12105900
1999,7,19,440.879112308497,Delta_Storage+USGS_12105900
1999,7,20,444.981596999559,Delta_Storage+USGS_12105900
1999,7,21,365.79409896209,Delta_Storage+USGS_12105900
1999,7,22,307.415176154214,Delta_Storage+USGS_12105900
1999,7,23,338.425343209191,Delta_Storage+USGS_12105900
1999,7,24,203.91136995097,Delta_Storage+USGS_12105900
1999,7,25,431.767930476748,Delta_Storage+USGS_12105900
1999,7,26,235.761119641704,Delta_Storage+USGS_12105900
1999,7,27,296.804706424905,Delta_Storage+USGS_12105900
1999,7,28,278.513675305436,Delta_Storage+USGS_12105900
1999,7,29,273.857825816333,Delta_Storage+USGS_12105900
1999,7,30,268.750589583939,Delta_Storage+USGS_12105900
1999,7,31,261.60095614295,Delta_Storage+USGS_12105900
1999,8,1,252.62588437599,Delta_Storage+USGS_12105900
1999,8,2,237.932610516039,Delta_Storage+USGS_12105900
1999,8,3,237.713165213505,Delta_Storage+USGS_12105900
1999,8,4,250.21440842296,Delta_Storage+USGS_12105900
1999,8,5,259.787949913127,Delta_Storage+USGS_12105900
1999,8,6,250.29665238032,Delta_Storage+USGS_12105900
1999,8,7,272.14719391229,Delta_Storage+USGS_12105900
1999,8,8,285.046821769977,Delta_Storage+USGS_12105900
1999,8,9,244.286192836595,Delta_Storage+USGS_12105900
1999,8,10,216.434503984977,Delta_Storage+USGS_12105900
1999,8,11,214.934073381446,Delta_Storage+USGS_12105900
1999,8,12,210.303543612952,Delta_Storage+USGS_12105900
1999,8,13,210.592530302164,Delta_Storage+USGS_12105900
1999,8,14,220.01109400449,Delta_Storage+USGS_12105900
1999,8,15,218.518986165845,Delta_Storage+USGS_12105900
1999,8,16,263.60691557742,Delta_Storage+USGS_12105900
1999,8,17,230.145542029009,Delta_Storage+USGS_12105900
1999,8,18,203.754537167072,Delta_Storage+USGS_12105900
1999,8,19,194.660000762114,Delta_Storage+USGS_12105900
1999,8,20,180.173444448064,Delta_Storage+USGS_12105900
1999,8,21,184.438841679068,Delta_Storage+USGS_12105900
1999,8,22,182.483941034692,Delta_Storage+USGS_12105900
1999,8,23,179.411954307317,Delta_Storage+USGS_12105900
1999,8,24,174.385066935566,Delta_Storage+USGS_12105900
1999,8,25,174.975048954284,Delta_Storage+USGS_12105900
1999,8,26,176.023337025927,Delta_Storage+USGS_12105900
1999,8,27,164.787298016137,Delta_Storage+USGS_12105900
1999,8,28,164.151701214007,Delta_Storage+USGS_12105900
1999,8,29,162.086424003359,Delta_Storage+USGS_12105900
1999,8,30,162.724883356144,Delta_Storage+USGS_12105900
1999,8,31,196.544987354664,Delta_Storage+USGS_12105900
1999,9,1,166.573881168232,Delta_Storage+USGS_12105900
1999,9,2,176.281756598343,Delta_Storage+USGS_12105900
1999,9,3,160.724883356072,Delta_Storage+USGS_12105900
1999,9,4,154.467981699366,Delta_Storage+USGS_12105900
1999,9,5,152.807987382505,Delta_Storage+USGS_12105900
1999,9,6,155.617208534222,Delta_Storage+USGS_12105900
1999,9,7,164.427947601857,Delta_Storage+USGS_12105900
1999,9,8,156.332915412187,Delta_Storage+USGS_12105900
1999,9,9,151.880265367401,Delta_Storage+USGS_12105900
1999,9,10,141.327701818453,Delta_Storage+USGS_12105900
1999,9,11,139.921800960925,Delta_Storage+USGS_12105900
1999,9,12,135.118306365085,Delta_Storage+USGS_12105900
1999,9,13,136.063880721972,Delta_Storage+USGS_12105900
1999,9,14,137.230370926116,Delta_Storage+USGS_12105900
1999,9,15,101.667006616465,Delta_Storage+USGS_12105900
1999,9,16,154.172523287962,Delta_Storage+USGS_12105900
1999,9,17,114.908481540312,Delta_Storage+USGS_12105900
1999,9,18,145.252454441301,Delta_Storage+USGS_12105900
1999,9,19,132.389848990886,Delta_Storage+USGS_12105900
1999,9,20,150.595777551894,Delta_Storage+USGS_12105900
1999,9,21,167.766962228726,Delta_Storage+USGS_12105900
1999,9,22,121.441524194884,Delta_Storage+USGS_12105900
1999,9,23,115.22554052574,Delta_Storage+USGS_12105900
1999,9,24,136.206946631031,Delta_Storage+USGS_12105900
1999,9,25,141.661475777361,Delta_Storage+USGS_12105900
1999,9,26,134.578840637716,Delta_Storage+USGS_12105900
1999,9,27,140.222091967348,Delta_Storage+USGS_12105900
1999,9,28,139.892129944536,Delta_Storage+USGS_12105900
1999,9,29,111.633379973945,Delta_Storage+USGS_12105900
1999,9,30,105.502948582721,Delta_Storage+USGS_12105900
1999,10,1,141.916150968267,Delta_Storage+USGS_12105900
1999,10,2,133.820919635105,Delta_Storage+USGS_12105900
1999,10,3,132.820919635105,Delta_Storage+USGS_12105900
1999,10,4,111.548534589467,Delta_Storage+USGS_12105900
1999,10,5,103.378586331237,Delta_Storage+USGS_12105900
1999,10,6,106.45606491662,Delta_Storage+USGS_12105900
1999,10,7,97.8990568020989,Delta_Storage+USGS_12105900
1999,10,8,244,Delta_Storage+USGS_12105900
1999,10,9,835.44537231494,Delta_Storage+USGS_12105900
1999,10,10,459.451465410533,Delta_Storage+USGS_12105900
1999,10,11,298.727614954403,Delta_Storage+USGS_12105900
1999,10,12,321.455229908766,Delta_Storage+USGS_12105900
1999,10,13,235.0933046807,Delta_Storage+USGS_12105900
1999,10,14,278.910459817532,Delta_Storage+USGS_12105900
1999,10,15,243.638074771935,Delta_Storage+USGS_12105900
1999,10,16,232.638074771935,Delta_Storage+USGS_12105900
1999,10,17,221.513314108846,Delta_Storage+USGS_12105900
1999,10,18,222.342048687502,Delta_Storage+USGS_12105900
1999,10,19,162.45606491662,Delta_Storage+USGS_12105900
1999,10,20,188.785040572906,Delta_Storage+USGS_12105900
1999,10,21,151.342048687503,Delta_Storage+USGS_12105900
1999,10,22,170.22803245831,Delta_Storage+USGS_12105900
1999,10,23,174.441915496167,Delta_Storage+USGS_12105900
1999,10,24,175.845887758953,Delta_Storage+USGS_12105900
1999,10,25,160.807359698708,Delta_Storage+USGS_12105900
1999,10,26,243.922943879476,Delta_Storage+USGS_12105900
1999,10,27,207.768831638463,Delta_Storage+USGS_12105900
1999,10,28,191.730303578184,Delta_Storage+USGS_12105900
1999,10,29,269.884415819232,Delta_Storage+USGS_12105900
1999,10,30,270.807732778876,Delta_Storage+USGS_12105900
1999,10,31,290.10966110494,Delta_Storage+USGS_12105900
1999,11,1,364.027415276251,Delta_Storage+USGS_12105900
1999,11,2,299.191906933661,Delta_Storage+USGS_12105900
1999,11,3,269.246737486163,Delta_Storage+USGS_12105900
1999,11,4,296.191906933661,Delta_Storage+USGS_12105900
1999,11,5,281.22801032312,Delta_Storage+USGS_12105900
1999,11,6,326.178752360641,Delta_Storage+USGS_12105900
1999,11,7,429.89274858361,Delta_Storage+USGS_12105900
1999,11,8,352.10725141639,Delta_Storage+USGS_12105900
1999,11,9,383.07150094425,Delta_Storage+USGS_12105900
1999,11,10,497.821247639359,Delta_Storage+USGS_12105900
1999,11,11,544.7553192851,Delta_Storage+USGS_12105900
1999,11,12,2199.33128087373,Delta_Storage+USGS_12105900
1999,11,13,3340.92467344618,Delta_Storage+USGS_12105900
1999,11,14,2584.19091073459,Delta_Storage+USGS_12105900
1999,11,15,1269.15944943917,Delta_Storage+USGS_12105900
1999,11,16,749.090543961234,Delta_Storage+USGS_12105900
1999,11,17,626.444431773257,Delta_Storage+USGS_12105900
1999,11,18,974.292990734942,Delta_Storage+USGS_12105900
1999,11,19,764.439486102407,Delta_Storage+USGS_12105900
1999,11,20,872.974532427709,Delta_Storage+USGS_12105900
1999,11,21,1163.7564505176,Delta_Storage+USGS_12105900
1999,11,22,1423.55010427315,Delta_Storage+USGS_12105900
1999,11,23,1566.24392492334,Delta_Storage+USGS_12105900
1999,11,24,936.693721385153,Delta_Storage+USGS_12105900
1999,11,25,6103.75993814862,Delta_Storage+USGS_12105900
1999,11,26,12221.3381521939,Delta_Storage+USGS_12105900
1999,11,27,6502.58379423136,Delta_Storage+USGS_12105900
1999,11,28,1817.25106692291,Delta_Storage+USGS_12105900
1999,11,29,1245.91971735829,Delta_Storage+USGS_12105900
1999,11,30,1229.80345303026,Delta_Storage+USGS_12105900
1999,12,1,1443.43076806344,Delta_Storage+USGS_12105900
1999,12,2,2271.88755103262,Delta_Storage+USGS_12105900
1999,12,3,3026.52182928257,Delta_Storage+USGS_12105900
1999,12,4,1964.97766410761,Delta_Storage+USGS_12105900
1999,12,5,1583.47449170407,Delta_Storage+USGS_12105900
1999,12,6,1193.19793595771,Delta_Storage+USGS_12105900
1999,12,7,1860.41194160705,Delta_Storage+USGS_12105900
1999,12,8,1443.20386215343,Delta_Storage+USGS_12105900
1999,12,9,1076.68213691643,Delta_Storage+USGS_12105900
1999,12,10,1072.98643665358,Delta_Storage+USGS_12105900
1999,12,11,1930.3505271092,Delta_Storage+USGS_12105900
1999,12,12,7815.53629949545,Delta_Storage+USGS_12105900
1999,12,13,4883.9749303268,Delta_Storage+USGS_12105900
1999,12,14,3885.20377396866,Delta_Storage+USGS_12105900
1999,12,15,3998.05732484559,Delta_Storage+USGS_12105900
1999,12,16,10523.6479769346,Delta_Storage+USGS_12105900
1999,12,17,6350.36568972634,Delta_Storage+USGS_12105900
1999,12,18,5008.05679911338,Delta_Storage+USGS_12105900
1999,12,19,5217.81737882764,Delta_Storage+USGS_12105900
1999,12,20,2734.53244720588,Delta_Storage+USGS_12105900
1999,12,21,1737.86825748338,Delta_Storage+USGS_12105900
1999,12,22,1770.63976444428,Delta_Storage+USGS_12105900
1999,12,23,1233.11335467731,Delta_Storage+USGS_12105900
1999,12,24,1408.67418752523,Delta_Storage+USGS_12105900
1999,12,25,1309.70079419986,Delta_Storage+USGS_12105900
1999,12,26,1152.71002085463,Delta_Storage+USGS_12105900
1999,12,27,1048.74797497445,Delta_Storage+USGS_12105900
1999,12,28,956.026205440513,Delta_Storage+USGS_12105900
1999,12,29,826.815004530542,Delta_Storage+USGS_12105900
1999,12,30,881.951537764519,Delta_Storage+USGS_12105900
1999,12,31,851.048462235481,Delta_Storage+USGS_12105900
2000,1,1,888.951537764519,Delta_Storage+USGS_12105900
2000,1,2,900.903075529072,Delta_Storage+USGS_12105900
2000,1,3,789.242311177337,Delta_Storage+USGS_12105900
2000,1,4,932.330382175867,Delta_Storage+USGS_12105900
2000,1,5,1205.86154594604,Delta_Storage+USGS_12105900
2000,1,6,1068.59643926233,Delta_Storage+USGS_12105900
2000,1,7,1299.47399568096,Delta_Storage+USGS_12105900
2000,1,8,1098.71549415097,Delta_Storage+USGS_12105900
2000,1,9,1445.44059595824,Delta_Storage+USGS_12105900
2000,1,10,1541.64341238362,Delta_Storage+USGS_12105900
2000,1,11,1353.79274773557,Delta_Storage+USGS_12105900
2000,1,12,873.397785223422,Delta_Storage+USGS_12105900
2000,1,13,879.611808802596,Delta_Storage+USGS_12105900
2000,1,14,844.123931318671,Delta_Storage+USGS_12105900
2000,1,15,898.273890055734,Delta_Storage+USGS_12105900
2000,1,16,822,Delta_Storage+USGS_12105900
2000,1,17,779.719743051197,Delta_Storage+USGS_12105900
2000,1,18,681.247116258631,Delta_Storage+USGS_12105900
2000,1,19,679.270638631535,Delta_Storage+USGS_12105900
2000,1,20,563.905957947313,Delta_Storage+USGS_12105900
2000,1,21,542.411701710576,Delta_Storage+USGS_12105900
2000,1,22,556.435212223748,Delta_Storage+USGS_12105900
2000,1,23,559.875868595675,Delta_Storage+USGS_12105900
2000,1,24,548.140128474395,Delta_Storage+USGS_12105900
2000,1,25,536.713376158127,Delta_Storage+USGS_12105900
2000,1,26,536.71337615814,Delta_Storage+USGS_12105900
2000,1,27,531,Delta_Storage+USGS_12105900
2000,1,28,511.859871525592,Delta_Storage+USGS_12105900
2000,1,29,497.433119209337,Delta_Storage+USGS_12105900
2000,1,30,501.240749365562,Delta_Storage+USGS_12105900
2000,1,31,523.247128118363,Delta_Storage+USGS_12105900
2000,2,1,1303.41170171058,Delta_Storage+USGS_12105900
2000,2,2,2103.63651328496,Delta_Storage+USGS_12105900
2000,2,3,1082.52423111772,Delta_Storage+USGS_12105900
2000,2,4,1379.85348674107,Delta_Storage+USGS_12105900
2000,2,5,1111.66396663258,Delta_Storage+USGS_12105900
2000,2,6,960.997924271676,Delta_Storage+USGS_12105900
2000,2,7,978.154240178808,Delta_Storage+USGS_12105900
2000,2,8,1202.55031552749,Delta_Storage+USGS_12105900
2000,2,9,1339.57230121935,Delta_Storage+USGS_12105900
2000,2,10,1303.41170171058,Delta_Storage+USGS_12105900
2000,2,11,1071.90595794731,Delta_Storage+USGS_12105900
2000,2,12,962.047021026344,Delta_Storage+USGS_12105900
2000,2,13,941.658829828944,Delta_Storage+USGS_12105900
2000,2,14,810.54127726308,Delta_Storage+USGS_12105900
2000,2,15,758,Delta_Storage+USGS_12105900
2000,2,16,646.658829828939,Delta_Storage+USGS_12105900
2000,2,17,655.070531539521,Delta_Storage+USGS_12105900
2000,2,18,633.364680684227,Delta_Storage+USGS_12105900
2000,2,19,614.023510513177,Delta_Storage+USGS_12105900
2000,2,20,602.658829828939,Delta_Storage+USGS_12105900
2000,2,21,596.976489486828,Delta_Storage+USGS_12105900
2000,2,22,670.023510513172,Delta_Storage+USGS_12105900
2000,2,23,676.658829828944,Delta_Storage+USGS_12105900
2000,2,24,661.860817989983,Delta_Storage+USGS_12105900
2000,2,25,751.133761581326,Delta_Storage+USGS_12105900
2000,2,26,720.866238418674,Delta_Storage+USGS_12105900
2000,2,27,730.821522352133,Delta_Storage+USGS_12105900
2000,2,28,806.317659657884,Delta_Storage+USGS_12105900
2000,2,29,899,Delta_Storage+USGS_12105900
2000,3,1,864.658829828939,Delta_Storage+USGS_12105900
2000,3,2,933.902630533032,Delta_Storage+USGS_12105900
2000,3,3,1190.50091836066,Delta_Storage+USGS_12105900
2000,3,4,1202.4273066468,Delta_Storage+USGS_12105900
2000,3,5,1272.23345770492,Delta_Storage+USGS_12105900
2000,3,6,1247.5726933532,Delta_Storage+USGS_12105900
2000,3,7,967.405752408809,Delta_Storage+USGS_12105900
2000,3,8,795.227879624113,Delta_Storage+USGS_12105900
2000,3,9,774.294149144712,Delta_Storage+USGS_12105900
2000,3,10,712.294149144712,Delta_Storage+USGS_12105900
2000,3,11,685.070531539521,Delta_Storage+USGS_12105900
2000,3,12,694.411701710576,Delta_Storage+USGS_12105900
2000,3,13,658.705850855288,Delta_Storage+USGS_12105900
2000,3,14,773.002104874148,Delta_Storage+USGS_12105900
2000,3,15,1022.3544229932,Delta_Storage+USGS_12105900
2000,3,16,1024.56383988079,Delta_Storage+USGS_12105900
2000,3,17,1144.64100437019,Delta_Storage+USGS_12105900
2000,3,18,1086.87803753832,Delta_Storage+USGS_12105900
2000,3,19,1235.90068837607,Delta_Storage+USGS_12105900
2000,3,20,1208.49713051701,Delta_Storage+USGS_12105900
2000,3,21,1102.04047778663,Delta_Storage+USGS_12105900
2000,3,22,1041.37443050599,Delta_Storage+USGS_12105900
2000,3,23,1498.06029379935,Delta_Storage+USGS_12105900
2000,3,24,1386.17707960542,Delta_Storage+USGS_12105900
2000,3,25,1216.2857437703,Delta_Storage+USGS_12105900
2000,3,26,1138.56135558021,Delta_Storage+USGS_12105900
2000,3,27,1021.91219138291,Delta_Storage+USGS_12105900
2000,3,28,1107.42380866283,Delta_Storage+USGS_12105900
2000,3,29,1022.23116836157,Delta_Storage+USGS_12105900
2000,3,30,915.231168361537,Delta_Storage+USGS_12105900
2000,3,31,905.30822448206,Delta_Storage+USGS_12105900
2000,4,1,916.734515870682,Delta_Storage+USGS_12105900
2000,4,2,1321.30282959382,Delta_Storage+USGS_12105900
2000,4,3,1839.08428209477,Delta_Storage+USGS_12105900
2000,4,4,2140.63054577543,Delta_Storage+USGS_12105900
2000,4,5,2133.78685814969,Delta_Storage+USGS_12105900
2000,4,6,1569.30268203278,Delta_Storage+USGS_12105900
2000,4,7,1440.3656897263,Delta_Storage+USGS_12105900
2000,4,8,1310.73137945264,Delta_Storage+USGS_12105900
2000,4,9,1282.45899440704,Delta_Storage+USGS_12105900
2000,4,10,1299.41153590302,Delta_Storage+USGS_12105900
2000,4,11,1631.95038932505,Delta_Storage+USGS_12105900
2000,4,12,1644.45146541053,Delta_Storage+USGS_12105900
2000,4,13,2010.519296941,Delta_Storage+USGS_12105900
2000,4,14,2616.25050069496,Delta_Storage+USGS_12105900
2000,4,15,3709.99706523078,Delta_Storage+USGS_12105900
2000,4,16,3144.97094468555,Delta_Storage+USGS_12105900
2000,4,17,2548.03013300309,Delta_Storage+USGS_12105900
2000,4,18,2124.05032991442,Delta_Storage+USGS_12105900
2000,4,19,1983.51258247866,Delta_Storage+USGS_12105900
2000,4,20,2000.53774743583,Delta_Storage+USGS_12105900
2000,4,21,1752.97483504275,Delta_Storage+USGS_12105900
2000,4,22,1767.02516495725,Delta_Storage+USGS_12105900
2000,4,23,1844.05032991442,Delta_Storage+USGS_12105900
2000,4,24,1506.48741752141,Delta_Storage+USGS_12105900
2000,4,25,1216.48741752141,Delta_Storage+USGS_12105900
2000,4,26,1210.53774743583,Delta_Storage+USGS_12105900
2000,4,27,1157.04543531819,Delta_Storage+USGS_12105900
2000,4,28,1545.08766508641,Delta_Storage+USGS_12105900
2000,4,29,1436.0350660346,Delta_Storage+USGS_12105900
2000,4,30,1253.49123349139,Delta_Storage+USGS_12105900
2000,5,1,1156.9824669827,Delta_Storage+USGS_12105900
2000,5,2,1376.03506603451,Delta_Storage+USGS_12105900
2000,5,3,1599.05259905189,Delta_Storage+USGS_12105900
2000,5,4,1792.07013206911,Delta_Storage+USGS_12105900
2000,5,5,1556.50876650861,Delta_Storage+USGS_12105900
2000,5,6,1386.98246698278,Delta_Storage+USGS_12105900
2000,5,7,1213.9649339654,Delta_Storage+USGS_12105900
2000,5,8,1093.9649339654,Delta_Storage+USGS_12105900
2000,5,9,1113.49123349139,Delta_Storage+USGS_12105900
2000,5,10,1375.5613655605,Delta_Storage+USGS_12105900
2000,5,11,1465.5613655605,Delta_Storage+USGS_12105900
2000,5,12,1405.94962516085,Delta_Storage+USGS_12105900
2000,5,13,1339.72100752946,Delta_Storage+USGS_12105900
2000,5,14,1260.27899247054,Delta_Storage+USGS_12105900
2000,5,15,1319.72100752946,Delta_Storage+USGS_12105900
2000,5,16,1618.04705270648,Delta_Storage+USGS_12105900
2000,5,17,1718.04705270648,Delta_Storage+USGS_12105900
2000,5,18,1598.88403011792,Delta_Storage+USGS_12105900
2000,5,19,1519.44201505901,Delta_Storage+USGS_12105900
2000,5,20,1817.48906776548,Delta_Storage+USGS_12105900
2000,5,21,1761.4422458018,Delta_Storage+USGS_12105900
2000,5,22,2239.91150274566,Delta_Storage+USGS_12105900
2000,5,23,1982.28046238323,Delta_Storage+USGS_12105900
2000,5,24,1570.78965321256,Delta_Storage+USGS_12105900
2000,5,25,1304.64942202089,Delta_Storage+USGS_12105900
2000,5,26,1100.78965321255,Delta_Storage+USGS_12105900
2000,5,27,1116.92988440422,Delta_Storage+USGS_12105900
2000,5,28,1203.07011559578,Delta_Storage+USGS_12105900
2000,5,29,1160,Delta_Storage+USGS_12105900
2000,5,30,1036.92988440422,Delta_Storage+USGS_12105900
2000,5,31,984.07011559578,Delta_Storage+USGS_12105900
2000,6,1,1127.35057797911,Delta_Storage+USGS_12105900
2000,6,2,1019.21034678745,Delta_Storage+USGS_12105900
2000,6,3,987.210346787444,Delta_Storage+USGS_12105900
2000,6,4,986.210346787543,Delta_Storage+USGS_12105900
2000,6,5,1161.28046238323,Delta_Storage+USGS_12105900
2000,6,6,966.929884404218,Delta_Storage+USGS_12105900
2000,6,7,834.929884404121,Delta_Storage+USGS_12105900
2000,6,8,829.070115595879,Delta_Storage+USGS_12105900
2000,6,9,759.070115595782,Delta_Storage+USGS_12105900
2000,6,10,765.140231191662,Delta_Storage+USGS_12105900
2000,6,11,766.140231191664,Delta_Storage+USGS_12105900
2000,6,12,1672.78469873899,Delta_Storage+USGS_12105900
2000,6,13,2578.04427056729,Delta_Storage+USGS_12105900
2000,6,14,1960,Delta_Storage+USGS_12105900
2000,6,15,1918.21238431844,Delta_Storage+USGS_12105900
2000,6,16,1445.53096079594,Delta_Storage+USGS_12105900
2000,6,17,1381.87167255714,Delta_Storage+USGS_12105900
2000,6,18,1057.41578183054,Delta_Storage+USGS_12105900
2000,6,19,778.509190829231,Delta_Storage+USGS_12105900
2000,6,20,848.070115595881,Delta_Storage+USGS_12105900
2000,6,21,856.140231191564,Delta_Storage+USGS_12105900
2000,6,22,796.070115595879,Delta_Storage+USGS_12105900
2000,6,23,700,Delta_Storage+USGS_12105900
2000,6,24,683,Delta_Storage+USGS_12105900
2000,6,25,637.929884404121,Delta_Storage+USGS_12105900
2000,6,26,517.859768808436,Delta_Storage+USGS_12105900
2000,6,27,568.070115595782,Delta_Storage+USGS_12105900
2000,6,28,502,Delta_Storage+USGS_12105900
2000,6,29,524,Delta_Storage+USGS_12105900
2000,6,30,500.929884404218,Delta_Storage+USGS_12105900
2000,7,1,464.859768808336,Delta_Storage+USGS_12105900
2000,7,2,420.789653212556,Delta_Storage+USGS_12105900
2000,7,3,418.859768808338,Delta_Storage+USGS_12105900
2000,7,4,523.070115595782,Delta_Storage+USGS_12105900
2000,7,5,478.929884404218,Delta_Storage+USGS_12105900
2000,7,6,414.789653212554,Delta_Storage+USGS_12105900
2000,7,7,388.719537616675,Delta_Storage+USGS_12105900
2000,7,8,347.649422020894,Delta_Storage+USGS_12105900
2000,7,9,346.650661190878,Delta_Storage+USGS_12105900
2000,7,10,401.115969881986,Delta_Storage+USGS_12105900
2000,7,11,298.673954823071,Delta_Storage+USGS_12105900
2000,7,12,288.394962352528,Delta_Storage+USGS_12105900
2000,7,13,318.836977411536,Delta_Storage+USGS_12105900
2000,7,14,305.836977411536,Delta_Storage+USGS_12105900
2000,7,15,277.115969881986,Delta_Storage+USGS_12105900
2000,7,16,316.836977411536,Delta_Storage+USGS_12105900
2000,7,17,258.115969881988,Delta_Storage+USGS_12105900
2000,7,18,231.838133818299,Delta_Storage+USGS_12105900
2000,7,19,230.982466982703,Delta_Storage+USGS_12105900
2000,7,20,221.491233491392,Delta_Storage+USGS_12105900
2000,7,21,239,Delta_Storage+USGS_12105900
2000,7,22,275.508766508608,Delta_Storage+USGS_12105900
2000,7,23,239,Delta_Storage+USGS_12105900
2000,7,24,236,Delta_Storage+USGS_12105900
2000,7,25,236,Delta_Storage+USGS_12105900
2000,7,26,235,Delta_Storage+USGS_12105900
2000,7,27,235,Delta_Storage+USGS_12105900
2000,7,28,197.491233491392,Delta_Storage+USGS_12105900
2000,7,29,234,Delta_Storage+USGS_12105900
2000,7,30,197.491233491309,Delta_Storage+USGS_12105900
2000,7,31,197.491233491392,Delta_Storage+USGS_12105900
2000,8,1,234,Delta_Storage+USGS_12105900
2000,8,2,160.982466982701,Delta_Storage+USGS_12105900
2000,8,3,197.491233491394,Delta_Storage+USGS_12105900
2000,8,4,197.491233491309,Delta_Storage+USGS_12105900
2000,8,5,160.982466982784,Delta_Storage+USGS_12105900
2000,8,6,197.491233491309,Delta_Storage+USGS_12105900
2000,8,7,160.982466982701,Delta_Storage+USGS_12105900
2000,8,8,197.491233491394,Delta_Storage+USGS_12105900
2000,8,9,159.982466982701,Delta_Storage+USGS_12105900
2000,8,10,159.982466982701,Delta_Storage+USGS_12105900
2000,8,11,158.982466982785,Delta_Storage+USGS_12105900
2000,8,12,195.491233491309,Delta_Storage+USGS_12105900
2000,8,13,158.982466982701,Delta_Storage+USGS_12105900
2000,8,14,158.982466982785,Delta_Storage+USGS_12105900
2000,8,15,152.982466982701,Delta_Storage+USGS_12105900
2000,8,16,150.982466982701,Delta_Storage+USGS_12105900
2000,8,17,150.982466982703,Delta_Storage+USGS_12105900
2000,8,18,150.982466982701,Delta_Storage+USGS_12105900
2000,8,19,187.49231211764,Delta_Storage+USGS_12105900
2000,8,20,189.487417521417,Delta_Storage+USGS_12105900
2000,8,21,155.974835042752,Delta_Storage+USGS_12105900
2000,8,22,155.974835042754,Delta_Storage+USGS_12105900
2000,8,23,154.974835042754,Delta_Storage+USGS_12105900
2000,8,24,154.974835042754,Delta_Storage+USGS_12105900
2000,8,25,154.974835042829,Delta_Storage+USGS_12105900
2000,8,26,121.462252564094,Delta_Storage+USGS_12105900
2000,8,27,154.974835042829,Delta_Storage+USGS_12105900
2000,8,28,154.974835042754,Delta_Storage+USGS_12105900
2000,8,29,154.974835042754,Delta_Storage+USGS_12105900
2000,8,30,154.974835042754,Delta_Storage+USGS_12105900
2000,8,31,154.974835042752,Delta_Storage+USGS_12105900
2000,9,1,122.462252564169,Delta_Storage+USGS_12105900
2000,9,2,157.974835042754,Delta_Storage+USGS_12105900
2000,9,3,124.462252564169,Delta_Storage+USGS_12105900
2000,9,4,156.974835042754,Delta_Storage+USGS_12105900
2000,9,5,159.842400542803,Delta_Storage+USGS_12105900
2000,9,6,161.707902138556,Delta_Storage+USGS_12105900
2000,9,7,131.061853207871,Delta_Storage+USGS_12105900
2000,9,8,194.353951069243,Delta_Storage+USGS_12105900
2000,9,9,193.353951069313,Delta_Storage+USGS_12105900
2000,9,10,256.646048930687,Delta_Storage+USGS_12105900
2000,9,11,408.87629358433,Delta_Storage+USGS_12105900
2000,9,12,307.157599457197,Delta_Storage+USGS_12105900
2000,9,13,221.48844947349,Delta_Storage+USGS_12105900
2000,9,14,245.707902138556,Delta_Storage+USGS_12105900
2000,9,15,251.769755346427,Delta_Storage+USGS_12105900
2000,9,16,207.831608554298,Delta_Storage+USGS_12105900
2000,9,17,175.185559623539,Delta_Storage+USGS_12105900
2000,9,18,118.185559623611,Delta_Storage+USGS_12105900
2000,9,19,106.118726493068,Delta_Storage+USGS_12105900
2000,9,20,174.527931410432,Delta_Storage+USGS_12105900
2000,9,21,173.527931410496,Delta_Storage+USGS_12105900
2000,9,22,172.527931410432,Delta_Storage+USGS_12105900
2000,9,23,143.409914263073,Delta_Storage+USGS_12105900
2000,9,24,143.409914263072,Delta_Storage+USGS_12105900
2000,9,25,179.409914263072,Delta_Storage+USGS_12105900
2000,9,26,194.373342396037,Delta_Storage+USGS_12105900
2000,9,27,175.884570930726,Delta_Storage+USGS_12105900
2000,9,28,148.316189922989,Delta_Storage+USGS_12105900
2000,9,29,147.31618992299,Delta_Storage+USGS_12105900
2000,9,30,220.004940402178,Delta_Storage+USGS_12105900
2000,10,1,1613.45881786723,Delta_Storage+USGS_12105900
2000,10,2,1389.42249727421,Delta_Storage+USGS_12105900
2000,10,3,780.93723670069,Delta_Storage+USGS_12105900
2000,10,4,507.826729004526,Delta_Storage+USGS_12105900
2000,10,5,482.291897115712,Delta_Storage+USGS_12105900
2000,10,6,390.819828526145,Delta_Storage+USGS_12105900
2000,10,7,358.70181137872,Delta_Storage+USGS_12105900
2000,10,8,340.882528938536,Delta_Storage+USGS_12105900
2000,10,9,301.042665892162,Delta_Storage+USGS_12105900
2000,10,10,296.042665892162,Delta_Storage+USGS_12105900
2000,10,11,302.094267220339,Delta_Storage+USGS_12105900
2000,10,12,277.041891620951,Delta_Storage+USGS_12105900
2000,10,13,275.100056336849,Delta_Storage+USGS_12105900
2000,10,14,281.127182185689,Delta_Storage+USGS_12105900
2000,10,15,280.306446531013,Delta_Storage+USGS_12105900
2000,10,16,248.552299087741,Delta_Storage+USGS_12105900
2000,10,17,354.867600819673,Delta_Storage+USGS_12105900
2000,10,18,296.355121718719,Delta_Storage+USGS_12105900
2000,10,19,320.340972298228,Delta_Storage+USGS_12105900
2000,10,20,437.653247457661,Delta_Storage+USGS_12105900
2000,10,21,729.346752542339,Delta_Storage+USGS_12105900
2000,10,22,1025.30390598305,Delta_Storage+USGS_12105900
2000,10,23,899.315902625032,Delta_Storage+USGS_12105900
2000,10,24,733.785040572906,Delta_Storage+USGS_12105900
2000,10,25,618.912129833315,Delta_Storage+USGS_12105900
2000,10,26,502.451852624123,Delta_Storage+USGS_12105900
2000,10,27,728.998643513463,Delta_Storage+USGS_12105900
2000,10,28,482.782148444609,Delta_Storage+USGS_12105900
2000,10,29,412.289954753179,Delta_Storage+USGS_12105900
2000,10,30,108.607130125741,Delta_Storage+USGS_12105900
2000,10,31,164.077869956838,Delta_Storage+USGS_12105900
2000,11,1,342.048462235481,Delta_Storage+USGS_12105900
2000,11,2,340.048462235464,Delta_Storage+USGS_12105900
2000,11,3,324.096924470928,Delta_Storage+USGS_12105900
2000,11,4,319.146557874391,Delta_Storage+USGS_12105900
2000,11,5,413.280748772405,Delta_Storage+USGS_12105900
2000,11,6,508.61230211627,Delta_Storage+USGS_12105900
2000,11,7,492.233457704922,Delta_Storage+USGS_12105900
2000,11,8,501.287197949589,Delta_Storage+USGS_12105900
2000,11,9,605.382087589457,Delta_Storage+USGS_12105900
2000,11,10,582.500106285727,Delta_Storage+USGS_12105900
2000,11,11,515.398852206798,Delta_Storage+USGS_12105900
2000,11,12,475.69942610341,Delta_Storage+USGS_12105900
2000,11,13,436,Delta_Storage+USGS_12105900
2000,11,14,416.150286948295,Delta_Storage+USGS_12105900
2000,11,15,394.30057389659,Delta_Storage+USGS_12105900
2000,11,16,372.450860844907,Delta_Storage+USGS_12105900
2000,11,17,348.601147793202,Delta_Storage+USGS_12105900
2000,11,18,334.814737579215,Delta_Storage+USGS_12105900
2000,11,19,332.57995829074,Delta_Storage+USGS_12105900
2000,11,20,287.495949948884,Delta_Storage+USGS_12105900
2000,11,21,300.863045680926,Delta_Storage+USGS_12105900
2000,11,22,287.242311177337,Delta_Storage+USGS_12105900
2000,11,23,300.193848941873,Delta_Storage+USGS_12105900
2000,11,24,367.47576888226,Delta_Storage+USGS_12105900
2000,11,25,407.854613293591,Delta_Storage+USGS_12105900
2000,11,26,485.202395340301,Delta_Storage+USGS_12105900
2000,11,27,1262.30050570092,Delta_Storage+USGS_12105900
2000,11,28,1240.90172168979,Delta_Storage+USGS_12105900
2000,11,29,536.757709839401,Delta_Storage+USGS_12105900
2000,11,30,395.939630031177,Delta_Storage+USGS_12105900
2000,12,1,406.799425644633,Delta_Storage+USGS_12105900
2000,12,2,438.280045003399,Delta_Storage+USGS_12105900
2000,12,3,519.407651637046,Delta_Storage+USGS_12105900
2000,12,4,498.750150761612,Delta_Storage+USGS_12105900
2000,12,5,466.709226587199,Delta_Storage+USGS_12105900
2000,12,6,456.709226587182,Delta_Storage+USGS_12105900
2000,12,7,433.070719030432,Delta_Storage+USGS_12105900
2000,12,8,452.252025025548,Delta_Storage+USGS_12105900
2000,12,9,419,Delta_Storage+USGS_12105900
2000,12,10,410.457995829082,Delta_Storage+USGS_12105900
2000,12,11,400.915991658144,Delta_Storage+USGS_12105900
2000,12,12,355.206343985865,Delta_Storage+USGS_12105900
2000,12,13,498.193848941873,Delta_Storage+USGS_12105900
2000,12,14,367.880966960541,Delta_Storage+USGS_12105900
2000,12,15,300.142297478906,Delta_Storage+USGS_12105900
2000,12,16,349.611808802595,Delta_Storage+USGS_12105900
2000,12,17,412.799892907981,Delta_Storage+USGS_12105900
2000,12,18,510.891853805994,Delta_Storage+USGS_12105900
2000,12,19,480.766976022945,Delta_Storage+USGS_12105900
2000,12,20,399.517766749908,Delta_Storage+USGS_12105900
2000,12,21,369.317659657884,Delta_Storage+USGS_12105900
2000,12,22,363.341170171056,Delta_Storage+USGS_12105900
2000,12,23,373.364680684233,Delta_Storage+USGS_12105900
2000,12,24,376.364680684227,Delta_Storage+USGS_12105900
2000,12,25,387.729361368465,Delta_Storage+USGS_12105900
2000,12,26,404.705850855288,Delta_Storage+USGS_12105900
2000,12,27,436.023510513172,Delta_Storage+USGS_12105900
2000,12,28,527.581719450963,Delta_Storage+USGS_12105900
2000,12,29,514.713376158127,Delta_Storage+USGS_12105900
2000,12,30,545.566880790663,Delta_Storage+USGS_12105900
2000,12,31,724.688400409451,Delta_Storage+USGS_12105900
2001,1,1,813.506945258007,Delta_Storage+USGS_12105900
2001,1,2,969.382087589438,Delta_Storage+USGS_12105900
2001,1,3,748.480958091488,Delta_Storage+USGS_12105900
2001,1,4,755.069003339872,Delta_Storage+USGS_12105900
2001,1,5,1147.15922915362,Delta_Storage+USGS_12105900
2001,1,6,1912.72330527105,Delta_Storage+USGS_12105900
2001,1,7,1682.89543740917,Delta_Storage+USGS_12105900
2001,1,8,1117.87995835831,Delta_Storage+USGS_12105900
2001,1,9,824.01152854879,Delta_Storage+USGS_12105900
2001,1,10,864.023510513177,Delta_Storage+USGS_12105900
2001,1,11,779.270638631535,Delta_Storage+USGS_12105900
2001,1,12,640.952978973656,Delta_Storage+USGS_12105900
2001,1,13,617.776382394809,Delta_Storage+USGS_12105900
2001,1,14,622.186002950706,Delta_Storage+USGS_12105900
2001,1,15,590,Delta_Storage+USGS_12105900
2001,1,16,511.837507562466,Delta_Storage+USGS_12105900
2001,1,17,507.682340342116,Delta_Storage+USGS_12105900
2001,1,18,499.658829828939,Delta_Storage+USGS_12105900
2001,1,19,499.658829828944,Delta_Storage+USGS_12105900
2001,1,20,490.976489486828,Delta_Storage+USGS_12105900
2001,1,21,485.294149144712,Delta_Storage+USGS_12105900
2001,1,22,464.682340342111,Delta_Storage+USGS_12105900
2001,1,23,447.705850855288,Delta_Storage+USGS_12105900
2001,1,24,444.023510513177,Delta_Storage+USGS_12105900
2001,1,25,439.341170171056,Delta_Storage+USGS_12105900
2001,1,26,413.317659657884,Delta_Storage+USGS_12105900
2001,1,27,406,Delta_Storage+USGS_12105900
2001,1,28,405,Delta_Storage+USGS_12105900
2001,1,29,374.976489486828,Delta_Storage+USGS_12105900
2001,1,30,375.682340342116,Delta_Storage+USGS_12105900
2001,1,31,554.723006335127,Delta_Storage+USGS_12105900
2001,2,1,611.414018530116,Delta_Storage+USGS_12105900
2001,2,2,570.280194441877,Delta_Storage+USGS_12105900
2001,2,3,615.233457704939,Delta_Storage+USGS_12105900
2001,2,4,686.563839880789,Delta_Storage+USGS_12105900
2001,2,5,2249.50711079062,Delta_Storage+USGS_12105900
2001,2,6,1191.66405423545,Delta_Storage+USGS_12105900
2001,2,7,771.353066091648,Delta_Storage+USGS_12105900
2001,2,8,806.290773412818,Delta_Storage+USGS_12105900
2001,2,9,583.242311177337,Delta_Storage+USGS_12105900
2001,2,10,648.942684292121,Delta_Storage+USGS_12105900
2001,2,11,634.556996028334,Delta_Storage+USGS_12105900
2001,2,12,581.962045880178,Delta_Storage+USGS_12105900
2001,2,13,501.71002085463,Delta_Storage+USGS_12105900
2001,2,14,468.866958788797,Delta_Storage+USGS_12105900
2001,2,15,483.248565258503,Delta_Storage+USGS_12105900
2001,2,16,512.32370873264,Delta_Storage+USGS_12105900
2001,2,17,441,Delta_Storage+USGS_12105900
2001,2,18,403.924856525864,Delta_Storage+USGS_12105900
2001,2,19,413.849713051683,Delta_Storage+USGS_12105900
2001,2,20,403.924856525864,Delta_Storage+USGS_12105900
2001,2,21,394,Delta_Storage+USGS_12105900
2001,2,22,371,Delta_Storage+USGS_12105900
2001,2,23,359.924856525841,Delta_Storage+USGS_12105900
2001,2,24,390.69942610341,Delta_Storage+USGS_12105900
2001,2,25,381.774569577546,Delta_Storage+USGS_12105900
2001,2,26,364.091220330128,Delta_Storage+USGS_12105900
2001,2,27,363.091628700414,Delta_Storage+USGS_12105900
2001,2,28,348,Delta_Storage+USGS_12105900
2001,3,1,358.183257400803,Delta_Storage+USGS_12105900
2001,3,2,405.641400902773,Delta_Storage+USGS_12105900
2001,3,3,391.549772202409,Delta_Storage+USGS_12105900
2001,3,4,380.458143501996,Delta_Storage+USGS_12105900
2001,3,5,356.366514801581,Delta_Storage+USGS_12105900
2001,3,6,347.366514801606,Delta_Storage+USGS_12105900
2001,3,7,384.600108652289,Delta_Storage+USGS_12105900
2001,3,8,503.138463873115,Delta_Storage+USGS_12105900
2001,3,9,683.744549144093,Delta_Storage+USGS_12105900
2001,3,10,699.993814485957,Delta_Storage+USGS_12105900
2001,3,11,644.342033370295,Delta_Storage+USGS_12105900
2001,3,12,595.533830055231,Delta_Storage+USGS_12105900
2001,3,13,573.6549770244,Delta_Storage+USGS_12105900
2001,3,14,731.265377922808,Delta_Storage+USGS_12105900
2001,3,15,746.58386459086,Delta_Storage+USGS_12105900
2001,3,16,979.881222169068,Delta_Storage+USGS_12105900
2001,3,17,871.851400810058,Delta_Storage+USGS_12105900
2001,3,18,797.234267206767,Delta_Storage+USGS_12105900
2001,3,19,1741.35950142099,Delta_Storage+USGS_12105900
2001,3,20,2145.97627645628,Delta_Storage+USGS_12105900
2001,3,21,1600.47836009507,Delta_Storage+USGS_12105900
2001,3,22,1335.16748135426,Delta_Storage+USGS_12105900
2001,3,23,1180,Delta_Storage+USGS_12105900
2001,3,24,1076.76975534643,Delta_Storage+USGS_12105900
2001,3,25,1138.06276329931,Delta_Storage+USGS_12105900
2001,3,26,1485.16748135426,Delta_Storage+USGS_12105900
2001,3,27,1525.81444037646,Delta_Storage+USGS_12105900
2001,3,28,1403.23024465357,Delta_Storage+USGS_12105900
2001,3,29,1464.52234251502,Delta_Storage+USGS_12105900
2001,3,30,1443.87629358426,Delta_Storage+USGS_12105900
2001,3,31,1504.58704539825,Delta_Storage+USGS_12105900
2001,4,1,1983.76423205089,Delta_Storage+USGS_12105900
2001,4,2,1936.65713079319,Delta_Storage+USGS_12105900
2001,4,3,1599.52629952591,Delta_Storage+USGS_12105900
2001,4,4,1333.96493396549,Delta_Storage+USGS_12105900
2001,4,5,1147.4145481085,Delta_Storage+USGS_12105900
2001,4,6,984.874175213846,Delta_Storage+USGS_12105900
2001,4,7,1002.43708760692,Delta_Storage+USGS_12105900
2001,4,8,1002.43708760692,Delta_Storage+USGS_12105900
2001,4,9,841.89934017109,Delta_Storage+USGS_12105900
2001,4,10,801.146021697555,Delta_Storage+USGS_12105900
2001,4,11,979.353951069313,Delta_Storage+USGS_12105900
2001,4,12,979.353951069245,Delta_Storage+USGS_12105900
2001,4,13,1048.70790213863,Delta_Storage+USGS_12105900
2001,4,14,954.831608554228,Delta_Storage+USGS_12105900
2001,4,15,852.893461762167,Delta_Storage+USGS_12105900
2001,4,16,817.304386489509,Delta_Storage+USGS_12105900
2001,4,17,898.819828526144,Delta_Storage+USGS_12105900
2001,4,18,1045.64594855786,Delta_Storage+USGS_12105900
2001,4,19,1001.88198285264,Delta_Storage+USGS_12105900
2001,4,20,1039.23603429472,Delta_Storage+USGS_12105900
2001,4,21,1011.11801714742,Delta_Storage+USGS_12105900
2001,4,22,1011.11801714736,Delta_Storage+USGS_12105900
2001,4,23,1069.35405144214,Delta_Storage+USGS_12105900
2001,4,24,1216.82612003171,Delta_Storage+USGS_12105900
2001,4,25,1371.40351564905,Delta_Storage+USGS_12105900
2001,4,26,1743.56702754505,Delta_Storage+USGS_12105900
2001,4,27,2295.20240607616,Delta_Storage+USGS_12105900
2001,4,28,2179.71736178503,Delta_Storage+USGS_12105900
2001,4,29,1951.12273112092,Delta_Storage+USGS_12105900
2001,4,30,2332.07013206919,Delta_Storage+USGS_12105900
2001,5,1,2786.2286176313,Delta_Storage+USGS_12105900
2001,5,2,2664.24508284271,Delta_Storage+USGS_12105900
2001,5,3,2375.85973586178,Delta_Storage+USGS_12105900
2001,5,4,1937.24375621048,Delta_Storage+USGS_12105900
2001,5,5,1729.21060299186,Delta_Storage+USGS_12105900
2001,5,6,1589.40883944985,Delta_Storage+USGS_12105900
2001,5,7,1140.36613932448,Delta_Storage+USGS_12105900
2001,5,8,957.354051442145,Delta_Storage+USGS_12105900
2001,5,9,1595.92585816406,Delta_Storage+USGS_12105900
2001,5,10,1376.46048930715,Delta_Storage+USGS_12105900
2001,5,11,1285.81444037646,Delta_Storage+USGS_12105900
2001,5,12,1327.77084176477,Delta_Storage+USGS_12105900
2001,5,13,1575.22648461506,Delta_Storage+USGS_12105900
2001,5,14,1752.69219682778,Delta_Storage+USGS_12105900
2001,5,15,2248.58450340997,Delta_Storage+USGS_12105900
2001,5,16,2323.02518823736,Delta_Storage+USGS_12105900
2001,5,17,2181.30642434848,Delta_Storage+USGS_12105900
2001,5,18,1856.84138714978,Delta_Storage+USGS_12105900
2001,5,19,1565.35057797911,Delta_Storage+USGS_12105900
2001,5,20,1393.07011559588,Delta_Storage+USGS_12105900
2001,5,21,1120.78965321255,Delta_Storage+USGS_12105900
2001,5,22,1153.07011559578,Delta_Storage+USGS_12105900
2001,5,23,1475.35057797911,Delta_Storage+USGS_12105900
2001,5,24,1576.33983234952,Delta_Storage+USGS_12105900
2001,5,25,1279.10619215917,Delta_Storage+USGS_12105900
2001,5,26,1170,Delta_Storage+USGS_12105900
2001,5,27,1081.48385989553,Delta_Storage+USGS_12105900
2001,5,28,887.719537616675,Delta_Storage+USGS_12105900
2001,5,29,793.929884404218,Delta_Storage+USGS_12105900
2001,5,30,729,Delta_Storage+USGS_12105900
2001,5,31,707.070115595782,Delta_Storage+USGS_12105900
2001,6,1,666,Delta_Storage+USGS_12105900
2001,6,2,710.070115595782,Delta_Storage+USGS_12105900
2001,6,3,710.070115595881,Delta_Storage+USGS_12105900
2001,6,4,709.070115595782,Delta_Storage+USGS_12105900
2001,6,5,628,Delta_Storage+USGS_12105900
2001,6,6,636.070115595879,Delta_Storage+USGS_12105900
2001,6,7,621,Delta_Storage+USGS_12105900
2001,6,8,521.929884404121,Delta_Storage+USGS_12105900
2001,6,9,520.070115595879,Delta_Storage+USGS_12105900
2001,6,10,714.409947945299,Delta_Storage+USGS_12105900
2001,6,11,1156.3407117612,Delta_Storage+USGS_12105900
2001,6,12,1690.89380784083,Delta_Storage+USGS_12105900
2001,6,13,1986.3407117612,Delta_Storage+USGS_12105900
2001,6,14,1392.76548039797,Delta_Storage+USGS_12105900
2001,6,15,957.319455889286,Delta_Storage+USGS_12105900
2001,6,16,904,Delta_Storage+USGS_12105900
2001,6,17,875.446024508683,Delta_Storage+USGS_12105900
2001,6,18,829,Delta_Storage+USGS_12105900
2001,6,19,646.483859895534,Delta_Storage+USGS_12105900
2001,6,20,662,Delta_Storage+USGS_12105900
2001,6,21,534.929884404121,Delta_Storage+USGS_12105900
2001,6,22,584.070115595879,Delta_Storage+USGS_12105900
2001,6,23,569,Delta_Storage+USGS_12105900
2001,6,24,499.92988440412,Delta_Storage+USGS_12105900
2001,6,25,509,Delta_Storage+USGS_12105900
2001,6,26,509,Delta_Storage+USGS_12105900
2001,6,27,465.929884404218,Delta_Storage+USGS_12105900
2001,6,28,508,Delta_Storage+USGS_12105900
2001,6,29,452,Delta_Storage+USGS_12105900
2001,6,30,401,Delta_Storage+USGS_12105900
2001,7,1,420,Delta_Storage+USGS_12105900
2001,7,2,399.929884404119,Delta_Storage+USGS_12105900
2001,7,3,402.929884404218,Delta_Storage+USGS_12105900
2001,7,4,364.859768808338,Delta_Storage+USGS_12105900
2001,7,5,330.789653212556,Delta_Storage+USGS_12105900
2001,7,6,347.789653212554,Delta_Storage+USGS_12105900
2001,7,7,361.789653212556,Delta_Storage+USGS_12105900
2001,7,8,275.649422020892,Delta_Storage+USGS_12105900
2001,7,9,307.719537616675,Delta_Storage+USGS_12105900
2001,7,10,276.719537616677,Delta_Storage+USGS_12105900
2001,7,11,279.789653212554,Delta_Storage+USGS_12105900
2001,7,12,275.790892382542,Delta_Storage+USGS_12105900
2001,7,13,281.836977411536,Delta_Storage+USGS_12105900
2001,7,14,274.836977411534,Delta_Storage+USGS_12105900
2001,7,15,273.836977411446,Delta_Storage+USGS_12105900
2001,7,16,250.836977411536,Delta_Storage+USGS_12105900
2001,7,17,251.557984940992,Delta_Storage+USGS_12105900
2001,7,18,254.278992470542,Delta_Storage+USGS_12105900
2001,7,19,261,Delta_Storage+USGS_12105900
2001,7,20,206.278992470542,Delta_Storage+USGS_12105900
2001,7,21,239,Delta_Storage+USGS_12105900
2001,7,22,277.721007529458,Delta_Storage+USGS_12105900
2001,7,23,238,Delta_Storage+USGS_12105900
2001,7,24,215.278992470542,Delta_Storage+USGS_12105900
2001,7,25,224.278992470452,Delta_Storage+USGS_12105900
2001,7,26,237.278992470542,Delta_Storage+USGS_12105900
2001,7,27,206.557984940994,Delta_Storage+USGS_12105900
2001,7,28,247.278992470542,Delta_Storage+USGS_12105900
2001,7,29,286,Delta_Storage+USGS_12105900
2001,7,30,206.557984940994,Delta_Storage+USGS_12105900
2001,7,31,245.27899247045,Delta_Storage+USGS_12105900
2001,8,1,201.557984941084,Delta_Storage+USGS_12105900
2001,8,2,197.557984940994,Delta_Storage+USGS_12105900
2001,8,3,180.557984940994,Delta_Storage+USGS_12105900
2001,8,4,171.557984940994,Delta_Storage+USGS_12105900
2001,8,5,211.278992470542,Delta_Storage+USGS_12105900
2001,8,6,182.559141347757,Delta_Storage+USGS_12105900
2001,8,7,194.982466982703,Delta_Storage+USGS_12105900
2001,8,8,177.982466982701,Delta_Storage+USGS_12105900
2001,8,9,167.982466982784,Delta_Storage+USGS_12105900
2001,8,10,204.491233491309,Delta_Storage+USGS_12105900
2001,8,11,167.982466982703,Delta_Storage+USGS_12105900
2001,8,12,167.982466982784,Delta_Storage+USGS_12105900
2001,8,13,167.982466982701,Delta_Storage+USGS_12105900
2001,8,14,167.982466982703,Delta_Storage+USGS_12105900
2001,8,15,127.473700474093,Delta_Storage+USGS_12105900
2001,8,16,158.982466982703,Delta_Storage+USGS_12105900
2001,8,17,154.982466982701,Delta_Storage+USGS_12105900
2001,8,18,151.982466982701,Delta_Storage+USGS_12105900
2001,8,19,155.982466982785,Delta_Storage+USGS_12105900
2001,8,20,148.982466982701,Delta_Storage+USGS_12105900
2001,8,21,143.982466982701,Delta_Storage+USGS_12105900
2001,8,22,184.491233491394,Delta_Storage+USGS_12105900
2001,8,23,329.526299525905,Delta_Storage+USGS_12105900
2001,8,24,256.508766508608,Delta_Storage+USGS_12105900
2001,8,25,183.491233491392,Delta_Storage+USGS_12105900
2001,8,26,183.491233491309,Delta_Storage+USGS_12105900
2001,8,27,183.491233491392,Delta_Storage+USGS_12105900
2001,8,28,146.982466982703,Delta_Storage+USGS_12105900
2001,8,29,146.982466982701,Delta_Storage+USGS_12105900
2001,8,30,149.979729639056,Delta_Storage+USGS_12105900
2001,8,31,185.487417521338,Delta_Storage+USGS_12105900
2001,9,1,151.974835042754,Delta_Storage+USGS_12105900
2001,9,2,150.974835042829,Delta_Storage+USGS_12105900
2001,9,3,150.974835042754,Delta_Storage+USGS_12105900
2001,9,4,184.48741752134,Delta_Storage+USGS_12105900
2001,9,5,150.974835042829,Delta_Storage+USGS_12105900
2001,9,6,152.974835042754,Delta_Storage+USGS_12105900
2001,9,7,127.462252564169,Delta_Storage+USGS_12105900
2001,9,8,163.974835042754,Delta_Storage+USGS_12105900
2001,9,9,129.462252564169,Delta_Storage+USGS_12105900
2001,9,10,162.974835042754,Delta_Storage+USGS_12105900
2001,9,11,135.462252564169,Delta_Storage+USGS_12105900
2001,9,12,138.462252564092,Delta_Storage+USGS_12105900
2001,9,13,138.462252564169,Delta_Storage+USGS_12105900
2001,9,14,265.463284516244,Delta_Storage+USGS_12105900
2001,9,15,190.539510692854,Delta_Storage+USGS_12105900
2001,9,16,130.24741283141,Delta_Storage+USGS_12105900
2001,9,17,54.8934617621669,Delta_Storage+USGS_12105900
2001,9,18,104.118726493068,Delta_Storage+USGS_12105900
2001,9,19,157.409914263073,Delta_Storage+USGS_12105900
2001,9,20,139.291897115712,Delta_Storage+USGS_12105900
2001,9,21,152.291897115648,Delta_Storage+USGS_12105900
2001,9,22,129.173879968288,Delta_Storage+USGS_12105900
2001,9,23,130.724433977042,Delta_Storage+USGS_12105900
2001,9,24,133.452951938345,Delta_Storage+USGS_12105900
2001,9,25,140.452951938403,Delta_Storage+USGS_12105900
2001,9,26,166.021332946081,Delta_Storage+USGS_12105900
2001,9,27,215.158094961494,Delta_Storage+USGS_12105900
2001,9,28,142.970943466145,Delta_Storage+USGS_12105900
2001,9,29,157.520945810476,Delta_Storage+USGS_12105900
2001,9,30,155.520945810477,Delta_Storage+USGS_12105900
2001,10,1,149.289120234719,Data_Ranger
2001,10,2,144.547721541219,Data_Ranger
2001,10,3,141.378366939287,Data_Ranger
2001,10,4,140.475790217805,Data_Ranger
2001,10,5,137.230249061382,Data_Ranger
2001,10,6,132.717154516664,Data_Ranger
2001,10,7,133.606680238022,Data_Ranger
2001,10,8,154.254074392282,Data_Ranger
2001,10,9,191.863302976129,Data_Ranger
2001,10,10,204.350638583322,Data_Ranger
2001,10,11,449.02601310023,Data_Ranger
2001,10,12,344.07595960019,Data_Ranger
2001,10,13,510.339863800364,Data_Ranger
2001,10,14,613.101896839468,Data_Ranger
2001,10,15,473.161595350917,Data_Ranger
2001,10,16,382.040373012435,Data_Ranger
2001,10,17,382.477294928281,Data_Ranger
2001,10,18,356.801003557059,Data_Ranger
2001,10,19,463.973165578406,Data_Ranger
2001,10,20,514.079888056414,Data_Ranger
2001,10,21,487.284207613394,Data_Ranger
2001,10,22,813.00693532951,Data_Ranger
2001,10,23,1268.02344197041,Data_Ranger
2001,10,24,1203.25127165315,Data_Ranger
2001,10,25,1292.79671254319,Data_Ranger
2001,10,26,1245.6012648259,Data_Ranger
2001,10,27,1063.00820837782,Data_Ranger
2001,10,28,960.454255272149,Data_Ranger
2001,10,29,792.1300794873,Data_Ranger
2001,10,30,875.151455923116,Data_Ranger
2001,10,31,1351.4067498132,Data_Ranger
2001,11,1,1466.25830284218,Data_Ranger
2001,11,2,1434.57803365616,Data_Ranger
2001,11,3,1184.57805127983,Data_Ranger
2001,11,4,1142.23163612455,Data_Ranger
2001,11,5,1085.10864793493,Data_Ranger
2001,11,6,1070.10087750572,Data_Ranger
2001,11,7,784.063352403405,Data_Ranger
2001,11,8,658.025122551653,Data_Ranger
2001,11,9,583.172000267632,Data_Ranger
2001,11,10,527.342111353628,Data_Ranger
2001,11,11,482.269278042177,Data_Ranger
2001,11,12,498.742966394042,Data_Ranger
2001,11,13,703.945512166175,Data_Ranger
2001,11,14,4199.02552301333,Data_Ranger
2001,11,15,4379.21233208549,Data_Ranger
2001,11,16,2410.03253742546,Data_Ranger
2001,11,17,1782.52933340496,Data_Ranger
2001,11,18,1330.07868099645,Data_Ranger
2001,11,19,1177.23771192101,Data_Ranger
2001,11,20,1461.85064689021,Data_Ranger
2001,11,21,1446.66321879478,Data_Ranger
2001,11,22,1722.33989484955,Data_Ranger
2001,11,23,2681.34029616626,Data_Ranger
2001,11,24,1972.07587771746,Data_Ranger
2001,11,25,1664.6987961134,Data_Ranger
2001,11,26,1443.02334108612,Data_Ranger
2001,11,27,1245.08453782936,Data_Ranger
2001,11,28,1139.08268633532,Data_Ranger
2001,11,29,1202.8839293323,Data_Ranger
2001,11,30,1046.66363650231,Data_Ranger
2001,12,1,1118.43041097887,Data_Ranger
2001,12,2,1159.03049896326,Data_Ranger
2001,12,3,1117.14816489018,Data_Ranger
2001,12,4,991.332112621486,Data_Ranger
2001,12,5,873.759760121349,Data_Ranger
2001,12,6,941.835215598094,Data_Ranger
2001,12,7,1083.53331064163,Data_Ranger
2001,12,8,980.300349897828,Data_Ranger
2001,12,9,960.778161468371,Data_Ranger
2001,12,10,932.292051350876,Data_Ranger
2001,12,11,917.063731974872,Data_Ranger
2001,12,12,828.503199120021,Data_Ranger
2001,12,13,2954.74185365545,Data_Ranger
2001,12,14,4729.81232980727,Data_Ranger
2001,12,15,2404.51180958213,Data_Ranger
2001,12,16,3609.27113955495,Data_Ranger
2001,12,17,4825.11572953682,Data_Ranger
2001,12,18,2884.89488740514,Data_Ranger
2001,12,19,1914.57111127426,Data_Ranger
2001,12,20,1571.96827341938,Data_Ranger
2001,12,21,1329.82684268202,Data_Ranger
2001,12,22,1169.34830885173,Data_Ranger
2001,12,23,1076.36998790135,Data_Ranger
2001,12,24,991.630453339624,Data_Ranger
2001,12,25,914.784658506276,Data_Ranger
2001,12,26,839.559117571891,Data_Ranger
2001,12,27,770.31263935948,Data_Ranger
2001,12,28,770.512066226704,Data_Ranger
2001,12,29,717.137622682112,Data_Ranger
2001,12,30,706.466212346243,Data_Ranger
2001,12,31,698.928997938098,Data_Ranger
2002,1,1,693.414154504739,Data_Ranger
2002,1,2,711.206480537722,Data_Ranger
2002,1,3,745.856213399009,Data_Ranger
2002,1,4,727.508721616701,Data_Ranger
2002,1,5,697.997999139485,Data_Ranger
2002,1,6,781.57240129496,Data_Ranger
2002,1,7,3855.87643521343,Data_Ranger
2002,1,8,7762.37936174065,Data_Ranger
2002,1,9,5027.44175555348,Data_Ranger
2002,1,10,3006.88448355109,Data_Ranger
2002,1,11,2060.5532967561,Data_Ranger
2002,1,12,2112.37488745614,Data_Ranger
2002,1,13,1922.95493119805,Data_Ranger
2002,1,14,1609.64060485298,Data_Ranger
2002,1,15,1373.56754040387,Data_Ranger
2002,1,16,1179.99047502601,Data_Ranger
2002,1,17,1094.67073902831,Data_Ranger
2002,1,18,1038.64041125429,Data_Ranger
2002,1,19,1013.69250680254,Data_Ranger
2002,1,20,1149.8349656876,Data_Ranger
2002,1,21,1201.34668078199,Data_Ranger
2002,1,22,1096.51897382417,Data_Ranger
2002,1,23,1068.61792263854,Data_Ranger
2002,1,24,1416.50193209653,Data_Ranger
2002,1,25,2480.84916066475,Data_Ranger
2002,1,26,1830.32456270202,Data_Ranger
2002,1,27,1379.43687619219,Data_Ranger
2002,1,28,1153.51419073789,Data_Ranger
2002,1,29,1013.54488511669,Data_Ranger
2002,1,30,1029.56601758874,Data_Ranger
2002,1,31,1057.6635316054,Data_Ranger
2002,2,1,963.729043826576,Data_Ranger
2002,2,2,845.567574662186,Data_Ranger
2002,2,3,858.82269607571,Data_Ranger
2002,2,4,849.975887385867,Data_Ranger
2002,2,5,787.023762690296,Data_Ranger
2002,2,6,792.836155731846,Data_Ranger
2002,2,7,863.153008925655,Data_Ranger
2002,2,8,912.785388677331,Data_Ranger
2002,2,9,865.970624483631,Data_Ranger
2002,2,10,864.616302263517,Data_Ranger
2002,2,11,873.224645850172,Data_Ranger
2002,2,12,799.046448343135,Data_Ranger
2002,2,13,744.691974955998,Data_Ranger
2002,2,14,715.732244108749,Data_Ranger
2002,2,15,666.246813849966,Data_Ranger
2002,2,16,630.749602286571,Data_Ranger
2002,2,17,634.412087476656,Data_Ranger
2002,2,18,737.301170647788,Data_Ranger
2002,2,19,803.942142324197,Data_Ranger
2002,2,20,908.043401389577,Data_Ranger
2002,2,21,1630.11438339642,Data_Ranger
2002,2,22,3584.27964167424,Data_Ranger
2002,2,23,3451.98876877173,Data_Ranger
2002,2,24,3011.58427494111,Data_Ranger
2002,2,25,2044.81114709064,Data_Ranger
2002,2,26,1697.54935285245,Data_Ranger
2002,2,27,1396.31883808933,Data_Ranger
2002,2,28,1210.94327647011,Data_Ranger
2002,3,1,1022.29739035315,Data_Ranger
2002,3,2,922.695623800997,Data_Ranger
2002,3,3,849.339718947635,Data_Ranger
2002,3,4,808.02868262637,Data_Ranger
2002,3,5,815.106223084128,Data_Ranger
2002,3,6,812.116583225359,Data_Ranger
2002,3,7,759.703078398352,Data_Ranger
2002,3,8,719.494911483633,Data_Ranger
2002,3,9,701.904821461157,Data_Ranger
2002,3,10,710.99648298376,Data_Ranger
2002,3,11,1380.32344233621,Data_Ranger
2002,3,12,1798.24331399465,Data_Ranger
2002,3,13,1551.36791912053,Data_Ranger
2002,3,14,1368.19086232349,Data_Ranger
2002,3,15,1239.25893457265,Data_Ranger
2002,3,16,1081.28461243808,Data_Ranger
2002,3,17,1027.09394528846,Data_Ranger
2002,3,18,925.830060212031,Data_Ranger
2002,3,19,1011.04447698106,Data_Ranger
2002,3,20,1236.20888176703,Data_Ranger
2002,3,21,1095.8620248267,Data_Ranger
2002,3,22,1026.87250670814,Data_Ranger
2002,3,23,968.715196176133,Data_Ranger
2002,3,24,943.827188046669,Data_Ranger
2002,3,25,1000.82856716172,Data_Ranger
2002,3,26,1048.94906601354,Data_Ranger
2002,3,27,1098.66300889549,Data_Ranger
2002,3,28,1174.23178343812,Data_Ranger
2002,3,29,1232.38123860799,Data_Ranger
2002,3,30,1193.76822508899,Data_Ranger
2002,3,31,1171.97957740733,Data_Ranger
2002,4,1,1223.17647140503,Data_Ranger
2002,4,2,1215.18687532563,Data_Ranger
2002,4,3,1190.02220552473,Data_Ranger
2002,4,4,1233.05724981198,Data_Ranger
2002,4,5,1424.76354755375,Data_Ranger
2002,4,6,1891.8094569915,Data_Ranger
2002,4,7,2177.97788563498,Data_Ranger
2002,4,8,1967.46339442412,Data_Ranger
2002,4,9,1909.88986131677,Data_Ranger
2002,4,10,2351.93315422563,Data_Ranger
2002,4,11,2706.2270152692,Data_Ranger
2002,4,12,3215.91779871553,Data_Ranger
2002,4,13,3691.29720694842,Data_Ranger
2002,4,14,8200.3439883139,Data_Ranger
2002,4,15,5105.03196177863,Data_Ranger
2002,4,16,3142.09263639467,Data_Ranger
2002,4,17,2397.86118365071,Data_Ranger
2002,4,18,1963.45810671272,Data_Ranger
2002,4,19,1797.58711172881,Data_Ranger
2002,4,20,1632.64749264019,Data_Ranger
2002,4,21,1567.32092984568,Data_Ranger
2002,4,22,1615.56877883479,Data_Ranger
2002,4,23,1584.00671044285,Data_Ranger
2002,4,24,1385.65948625115,Data_Ranger
2002,4,25,1335.93508484917,Data_Ranger
2002,4,26,1300.06787787304,Data_Ranger
2002,4,27,1343.22106247502,Data_Ranger
2002,4,28,1301.5020878693,Data_Ranger
2002,4,29,1310.50901753019,Data_Ranger
2002,4,30,1445.77219377846,Data_Ranger
2002,5,1,1839.68281072858,Data_Ranger
2002,5,2,1979.9593868699,Data_Ranger
2002,5,3,1921.71453638101,Data_Ranger
2002,5,4,1693.7743516331,Data_Ranger
2002,5,5,1583.0688499616,Data_Ranger
2002,5,6,1480.38723276093,Data_Ranger
2002,5,7,1262.09960787977,Data_Ranger
2002,5,8,1164.39159879272,Data_Ranger
2002,5,9,1127.16328514109,Data_Ranger
2002,5,10,1051.58209838585,Data_Ranger
2002,5,11,1068.40495818521,Data_Ranger
2002,5,12,1205.46281881714,Data_Ranger
2002,5,13,1562.2309605908,Data_Ranger
2002,5,14,1778.00788125831,Data_Ranger
2002,5,15,1692.93447364089,Data_Ranger
2002,5,16,1595.44291219085,Data_Ranger
2002,5,17,1654.5512779215,Data_Ranger
2002,5,18,1667.60832328088,Data_Ranger
2002,5,19,1694.90503123849,Data_Ranger
2002,5,20,1910.9433105081,Data_Ranger
2002,5,21,1947.86153077549,Data_Ranger
2002,5,22,2085.93541521458,Data_Ranger
2002,5,23,1935.64257157276,Data_Ranger
2002,5,24,1733.68084430947,Data_Ranger
2002,5,25,1722.55003796933,Data_Ranger
2002,5,26,1808.28326281443,Data_Ranger
2002,5,27,2053.41166595442,Data_Ranger
2002,5,28,2492.76734886686,Data_Ranger
2002,5,29,3212.16254269804,Data_Ranger
2002,5,30,2767.48121570826,Data_Ranger
2002,5,31,2252.24155198104,Data_Ranger
2002,6,1,1970.73272786632,Data_Ranger
2002,6,2,1869.53791587249,Data_Ranger
2002,6,3,1763.29711207924,Data_Ranger
2002,6,4,1725.83251124714,Data_Ranger
2002,6,5,1923.23298350187,Data_Ranger
2002,6,6,1884.51869482462,Data_Ranger
2002,6,7,1530.25136122081,Data_Ranger
2002,6,8,1364.23957098512,Data_Ranger
2002,6,9,1176.95278208221,Data_Ranger
2002,6,10,1187.63808413383,Data_Ranger
2002,6,11,1272.74206499891,Data_Ranger
2002,6,12,1388.67301885592,Data_Ranger
2002,6,13,1602.79119044743,Data_Ranger
2002,6,14,1792.12741989781,Data_Ranger
2002,6,15,1615.75514967475,Data_Ranger
2002,6,16,1526.57805249345,Data_Ranger
2002,6,17,1276.62073888604,Data_Ranger
2002,6,18,1449.0918125531,Data_Ranger
2002,6,19,1340.92193620129,Data_Ranger
2002,6,20,1149.89440226524,Data_Ranger
2002,6,21,1162.05554961687,Data_Ranger
2002,6,22,1159.62994306612,Data_Ranger
2002,6,23,1141.41667391046,Data_Ranger
2002,6,24,1003.7981393316,Data_Ranger
2002,6,25,927.716437958002,Data_Ranger
2002,6,26,983.079910907907,Data_Ranger
2002,6,27,934.876244208333,Data_Ranger
2002,6,28,965.340718000038,Data_Ranger
2002,6,29,1650.54466710157,Data_Ranger
2002,6,30,1122.29871072568,Data_Ranger
2002,7,1,896.45638555494,Data_Ranger
2002,7,2,806.142169264924,Data_Ranger
2002,7,3,739.971398500109,Data_Ranger
2002,7,4,696.628336565378,Data_Ranger
2002,7,5,629.648785682909,Data_Ranger
2002,7,6,611.55085055042,Data_Ranger
2002,7,7,623.704817189614,Data_Ranger
2002,7,8,686.296658704545,Data_Ranger
2002,7,9,593.760544306492,Data_Ranger
2002,7,10,547.73151696017,Data_Ranger
2002,7,11,551.222397907699,Data_Ranger
2002,7,12,530.220923871812,Data_Ranger
2002,7,13,508.863847211238,Data_Ranger
2002,7,14,480.161417721461,Data_Ranger
2002,7,15,445.553719123479,Data_Ranger
2002,7,16,411.886336535346,Data_Ranger
2002,7,17,384.542596148539,Data_Ranger
2002,7,18,367.69622614377,Data_Ranger
2002,7,19,351.781960313505,Data_Ranger
2002,7,20,336.490895474831,Data_Ranger
2002,7,21,317.782218054027,Data_Ranger
2002,7,22,303.713041751425,Data_Ranger
2002,7,23,287.544117227352,Data_Ranger
2002,7,24,277.268401869055,Data_Ranger
2002,7,25,281.736219256655,Data_Ranger
2002,7,26,275.887212000602,Data_Ranger
2002,7,27,266.044565841172,Data_Ranger
2002,7,28,259.105432890898,Data_Ranger
2002,7,29,263.689190935862,Data_Ranger
2002,7,30,261.427228103544,Data_Ranger
2002,7,31,238.497831351758,Data_Ranger
2002,8,1,224.958698646044,Data_Ranger
2002,8,2,219.861562650666,Data_Ranger
2002,8,3,216.936012267085,Data_Ranger
2002,8,4,217.982026156416,Data_Ranger
2002,8,5,225.366656631497,Data_Ranger
2002,8,6,241.209362800227,Data_Ranger
2002,8,7,220.558708105951,Data_Ranger
2002,8,8,211.616638430097,Data_Ranger
2002,8,9,206.295659669717,Data_Ranger
2002,8,10,205.934054091591,Data_Ranger
2002,8,11,199.099561655434,Data_Ranger
2002,8,12,191.474137827133,Data_Ranger
2002,8,13,192.83764917782,Data_Ranger
2002,8,14,187.621615075155,Data_Ranger
2002,8,15,185.416818791768,Data_Ranger
2002,8,16,185.232258231977,Data_Ranger
2002,8,17,178.456079412606,Data_Ranger
2002,8,18,174.150862759878,Data_Ranger
2002,8,19,173.122967992074,Data_Ranger
2002,8,20,173.555790188192,Data_Ranger
2002,8,21,172.926217797022,Data_Ranger
2002,8,22,168.03787909704,Data_Ranger
2002,8,23,164.893581898232,Data_Ranger
2002,8,24,164.991245738093,Data_Ranger
2002,8,25,162.583781848392,Data_Ranger
2002,8,26,163.968092019576,Data_Ranger
2002,8,27,159.838517576228,Data_Ranger
2002,8,28,156.118190727089,Data_Ranger
2002,8,29,153.497928547614,Data_Ranger
2002,8,30,151.48768998495,Data_Ranger
2002,8,31,151.079807767772,Data_Ranger
2002,9,1,147.372088965125,Data_Ranger
2002,9,2,154.612098557398,Data_Ranger
2002,9,3,177.212293768378,Data_Ranger
2002,9,4,156.103665712486,Data_Ranger
2002,9,5,153.140534530322,Data_Ranger
2002,9,6,150.141222572394,Data_Ranger
2002,9,7,146.075105973276,Data_Ranger
2002,9,8,148.497499188242,Data_Ranger
2002,9,9,146.627084947499,Data_Ranger
2002,9,10,143.601990209085,Data_Ranger
2002,9,11,141.32813739255,Data_Ranger
2002,9,12,141.753912644203,Data_Ranger
2002,9,13,141.369636050007,Data_Ranger
2002,9,14,139.679998646933,Data_Ranger
2002,9,15,140.186826579618,Data_Ranger
2002,9,16,156.945438060875,Data_Ranger
2002,9,17,188.804811981266,Data_Ranger
2002,9,18,169.21022199984,Data_Ranger
2002,9,19,156.588629681683,Data_Ranger
2002,9,20,159.871986454178,Data_Ranger
2002,9,21,149.920309243627,Data_Ranger
2002,9,22,142.888619595849,Data_Ranger
2002,9,23,139.722855904962,Data_Ranger
2002,9,24,136.160373046217,Data_Ranger
2002,9,25,136.616849493158,Data_Ranger
2002,9,26,138.968427517912,Data_Ranger
2002,9,27,137.604160948505,Data_Ranger
2002,9,28,137.347145728419,Data_Ranger
2002,9,29,150.11971832735,Data_Ranger
2002,9,30,173.002879988983,Data_Ranger
2002,10,1,164.907353563237,Data_Ranger
2002,10,2,156.519823116697,Data_Ranger
2002,10,3,212.851671044387,Data_Ranger
2002,10,4,246.623614422024,Data_Ranger
2002,10,5,195.136726382788,Data_Ranger
2002,10,6,183.086815142291,Data_Ranger
2002,10,7,168.423425780254,Data_Ranger
2002,10,8,158.988507806816,Data_Ranger
2002,10,9,151.985442277535,Data_Ranger
2002,10,10,152.857585371338,Data_Ranger
2002,10,11,148.319683525215,Data_Ranger
2002,10,12,144.432865819486,Data_Ranger
2002,10,13,132.748804349319,Data_Ranger
2002,10,14,135.437654790969,Data_Ranger
2002,10,15,132.49668086982,Data_Ranger
2002,10,16,139.275153313638,Data_Ranger
2002,10,17,132.9610266289,Data_Ranger
2002,10,18,132.522222888438,Data_Ranger
2002,10,19,135.493368363132,Data_Ranger
2002,10,20,137.070615447055,Data_Ranger
2002,10,21,133.394094095141,Data_Ranger
2002,10,22,134.563384668126,Data_Ranger
2002,10,23,132.675473443616,Data_Ranger
2002,10,24,129.577392127904,Data_Ranger
2002,10,25,124.815582223494,Data_Ranger
2002,10,26,125.517119213014,Data_Ranger
2002,10,27,129.785944701692,Data_Ranger
2002,10,28,141.165936900323,Data_Ranger
2002,10,29,141.703400356561,Data_Ranger
2002,10,30,128.585390679104,Data_Ranger
2002,10,31,131.149809880107,Data_Ranger
2002,11,1,129.738704595824,Data_Ranger
2002,11,2,129.223219324419,Data_Ranger
2002,11,3,131.430398734065,Data_Ranger
2002,11,4,135.953932067473,Data_Ranger
2002,11,5,129.548943539469,Data_Ranger
2002,11,6,155.921260277912,Data_Ranger
2002,11,7,170.707824484174,Data_Ranger
2002,11,8,257.110366767663,Data_Ranger
2002,11,9,320.072878113427,Data_Ranger
2002,11,10,335.365208757511,Data_Ranger
2002,11,11,370.012831708199,Data_Ranger
2002,11,12,383.171058879835,Data_Ranger
2002,11,13,452.263259021591,Data_Ranger
2002,11,14,407.385440025233,Data_Ranger
2002,11,15,355.588033784575,Data_Ranger
2002,11,16,329.959211048752,Data_Ranger
2002,11,17,397.047278983178,Data_Ranger
2002,11,18,402.16438279088,Data_Ranger
2002,11,19,1081.4763899858,Data_Ranger
2002,11,20,890.910279838829,Data_Ranger
2002,11,21,596.687565378564,Data_Ranger
2002,11,22,489.71754313213,Data_Ranger
2002,11,23,407.180337054832,Data_Ranger
2002,11,24,391.314877035197,Data_Ranger
2002,11,25,352.851130631304,Data_Ranger
2002,11,26,326.742244167096,Data_Ranger
2002,11,27,299.08860697752,Data_Ranger
2002,11,28,285.490522810624,Data_Ranger
2002,11,29,265.821533570609,Data_Ranger
2002,11,30,263.899182851572,Data_Ranger
2002,12,1,245.471641229182,Data_Ranger
2002,12,2,245.75894281142,Data_Ranger
2002,12,3,226.809711471241,Data_Ranger
2002,12,4,232.794286100578,Data_Ranger
2002,12,5,226.264348048651,Data_Ranger
2002,12,6,222.377033517936,Data_Ranger
2002,12,7,220.63523389553,Data_Ranger
2002,12,8,227.375450806808,Data_Ranger
2002,12,9,236.667485699096,Data_Ranger
2002,12,10,281.368887731587,Data_Ranger
2002,12,11,409.261625397921,Data_Ranger
2002,12,12,567.089249476864,Data_Ranger
2002,12,13,686.36951157455,Data_Ranger
2002,12,14,768.987951055588,Data_Ranger
2002,12,15,974.894451613588,Data_Ranger
2002,12,16,989.735922169369,Data_Ranger
2002,12,17,863.434010918477,Data_Ranger
2002,12,18,710.001663840516,Data_Ranger
2002,12,19,618.052981096834,Data_Ranger
2002,12,20,561.103777649986,Data_Ranger
2002,12,21,509.214391783631,Data_Ranger
2002,12,22,487.707594727294,Data_Ranger
2002,12,23,462.401881584349,Data_Ranger
2002,12,24,422.819588456873,Data_Ranger
2002,12,25,404.587048030805,Data_Ranger
2002,12,26,428.84739331274,Data_Ranger
2002,12,27,470.93610433142,Data_Ranger
2002,12,28,461.885103746689,Data_Ranger
2002,12,29,438.803421840867,Data_Ranger
2002,12,30,466.45070171262,Data_Ranger
2002,12,31,546.662174495678,Data_Ranger
2003,1,1,581.145418565464,Data_Ranger
2003,1,2,911.010767107183,Data_Ranger
2003,1,3,1108.64973907774,Data_Ranger
2003,1,4,1383.72160711599,Data_Ranger
2003,1,5,1764.7769196334,Data_Ranger
2003,1,6,1328.58713792385,Data_Ranger
2003,1,7,1197.64358430382,Data_Ranger
2003,1,8,998.490147901726,Data_Ranger
2003,1,9,803.509281022023,Data_Ranger
2003,1,10,734.784817596293,Data_Ranger
2003,1,11,641.927613775938,Data_Ranger
2003,1,12,748.024185227459,Data_Ranger
2003,1,13,835.633975355926,Data_Ranger
2003,1,14,970.888312081358,Data_Ranger
2003,1,15,929.884225103415,Data_Ranger
2003,1,16,726.953278341039,Data_Ranger
2003,1,17,637.117262746011,Data_Ranger
2003,1,18,584.686410397665,Data_Ranger
2003,1,19,576.595651490475,Data_Ranger
2003,1,20,550.565401952198,Data_Ranger
2003,1,21,564.325559165896,Data_Ranger
2003,1,22,778.96387523337,Data_Ranger
2003,1,23,1125.74166048718,Data_Ranger
2003,1,24,1182.57695638981,Data_Ranger
2003,1,25,1309.68879557085,Data_Ranger
2003,1,26,4228.58139608252,Data_Ranger
2003,1,27,4577.79038901445,Data_Ranger
2003,1,28,3229.27238567946,Data_Ranger
2003,1,29,2492.34743678461,Data_Ranger
2003,1,30,4232.08653731785,Data_Ranger
2003,1,31,8502.71132704422,Data_Ranger
2003,2,1,7854.78010878938,Data_Ranger
2003,2,2,4329.33268618182,Data_Ranger
2003,2,3,2921.72700872919,Data_Ranger
2003,2,4,2012.81575920109,Data_Ranger
2003,2,5,1711.6361825223,Data_Ranger
2003,2,6,1474.48663676642,Data_Ranger
2003,2,7,1309.7995514214,Data_Ranger
2003,2,8,1131.95420452023,Data_Ranger
2003,2,9,1049.99371541834,Data_Ranger
2003,2,10,950.794480693907,Data_Ranger
2003,2,11,867.690122877329,Data_Ranger
2003,2,12,795.58482095813,Data_Ranger
2003,2,13,729.778310510215,Data_Ranger
2003,2,14,715.793354007337,Data_Ranger
2003,2,15,707.872730879694,Data_Ranger
2003,2,16,720.225604968414,Data_Ranger
2003,2,17,771.764013588161,Data_Ranger
2003,2,18,732.619968768536,Data_Ranger
2003,2,19,695.621840624501,Data_Ranger
2003,2,20,972.244089273977,Data_Ranger
2003,2,21,2134.43819090624,Data_Ranger
2003,2,22,2714.64886656656,Data_Ranger
2003,2,23,2006.99740178518,Data_Ranger
2003,2,24,1437.36754185683,Data_Ranger
2003,2,25,1206.96469250637,Data_Ranger
2003,2,26,1072.13662702515,Data_Ranger
2003,2,27,927.263481340888,Data_Ranger
2003,2,28,860.716403204423,Data_Ranger
2003,3,1,760.055675149961,Data_Ranger
2003,3,2,707.405099679705,Data_Ranger
2003,3,3,706.582528111452,Data_Ranger
2003,3,4,667.646921142474,Data_Ranger
2003,3,5,704.641957459802,Data_Ranger
2003,3,6,791.745961122097,Data_Ranger
2003,3,7,812.024860901844,Data_Ranger
2003,3,8,796.214503622201,Data_Ranger
2003,3,9,1182.83492097009,Data_Ranger
2003,3,10,1956.61697662465,Data_Ranger
2003,3,11,2628.39486306392,Data_Ranger
2003,3,12,4022.61235894404,Data_Ranger
2003,3,13,5120.68549569241,Data_Ranger
2003,3,14,3704.36743522275,Data_Ranger
2003,3,15,2833.29603974308,Data_Ranger
2003,3,16,2258.79874338737,Data_Ranger
2003,3,17,1820.77874366232,Data_Ranger
2003,3,18,1666.37548317227,Data_Ranger
2003,3,19,1394.90268530089,Data_Ranger
2003,3,20,1382.82014645412,Data_Ranger
2003,3,21,1650.94206857975,Data_Ranger
2003,3,22,2880.2375214161,Data_Ranger
2003,3,23,2830.08860111473,Data_Ranger
2003,3,24,2107.3367161181,Data_Ranger
2003,3,25,1897.35396244862,Data_Ranger
2003,3,26,1748.24712615477,Data_Ranger
2003,3,27,1753.10510915574,Data_Ranger
2003,3,28,1605.59115089079,Data_Ranger
2003,3,29,1425.78689689283,Data_Ranger
2003,3,30,1620.66987080542,Data_Ranger
2003,3,31,2433.27468345208,Data_Ranger
2003,4,1,2255.15262674562,Data_Ranger
2003,4,2,1821.77002321646,Data_Ranger
2003,4,3,1613.31054470889,Data_Ranger
2003,4,4,1408.87543254792,Data_Ranger
2003,4,5,1280.40230343585,Data_Ranger
2003,4,6,1215.67170143705,Data_Ranger
2003,4,7,1239.30395572493,Data_Ranger
2003,4,8,1315.50843431966,Data_Ranger
2003,4,9,1357.91128065189,Data_Ranger
2003,4,10,1444.35529341964,Data_Ranger
2003,4,11,1421.16601611126,Data_Ranger
2003,4,12,1426.24496396947,Data_Ranger
2003,4,13,1511.44282080626,Data_Ranger
2003,4,14,1662.75518189524,Data_Ranger
2003,4,15,1565.48441399734,Data_Ranger
2003,4,16,1428.93816840671,Data_Ranger
2003,4,17,1378.36327981605,Data_Ranger
2003,4,18,1311.76969117581,Data_Ranger
2003,4,19,1200.14214166162,Data_Ranger
2003,4,20,1161.67414767145,Data_Ranger
2003,4,21,1149.41158765769,Data_Ranger
2003,4,22,1151.01439221563,Data_Ranger
2003,4,23,1097.64913462812,Data_Ranger
2003,4,24,1241.25670603211,Data_Ranger
2003,4,25,1252.24926579511,Data_Ranger
2003,4,26,1142.23897120899,Data_Ranger
2003,4,27,1085.27992423872,Data_Ranger
2003,4,28,1079.25965214028,Data_Ranger
2003,4,29,1039.96396796003,Data_Ranger
2003,4,30,1042.07532784931,Data_Ranger
2003,5,1,1037.24962353276,Data_Ranger
2003,5,2,1076.81175845625,Data_Ranger
2003,5,3,1103.61757641542,Data_Ranger
2003,5,4,1141.19419602406,Data_Ranger
2003,5,5,1208.97754791571,Data_Ranger
2003,5,6,1081.64147752907,Data_Ranger
2003,5,7,923.709371934959,Data_Ranger
2003,5,8,847.408658980653,Data_Ranger
2003,5,9,824.600698042281,Data_Ranger
2003,5,10,832.852464007072,Data_Ranger
2003,5,11,827.392436611317,Data_Ranger
2003,5,12,875.609747018069,Data_Ranger
2003,5,13,887.273480903846,Data_Ranger
2003,5,14,958.779936840385,Data_Ranger
2003,5,15,992.247346919352,Data_Ranger
2003,5,16,928.181317421903,Data_Ranger
2003,5,17,912.909734782545,Data_Ranger
2003,5,18,841.809294059308,Data_Ranger
2003,5,19,800.341936276921,Data_Ranger
2003,5,20,744.649964458834,Data_Ranger
2003,5,21,788.857592298652,Data_Ranger
2003,5,22,816.138289248269,Data_Ranger
2003,5,23,927.387311193631,Data_Ranger
2003,5,24,1083.38422157113,Data_Ranger
2003,5,25,1118.30300983298,Data_Ranger
2003,5,26,942.056632371099,Data_Ranger
2003,5,27,840.214767361152,Data_Ranger
2003,5,28,925.39103780321,Data_Ranger
2003,5,29,919.762176819708,Data_Ranger
2003,5,30,848.559852665964,Data_Ranger
2003,5,31,799.358182856025,Data_Ranger
2003,6,1,717.983798292795,Data_Ranger
2003,6,2,668.422454749716,Data_Ranger
2003,6,3,617.453108553044,Data_Ranger
2003,6,4,602.795159196095,Data_Ranger
2003,6,5,601.935673687623,Data_Ranger
2003,6,6,613.091232266749,Data_Ranger
2003,6,7,612.519891255159,Data_Ranger
2003,6,8,589.732666786024,Data_Ranger
2003,6,9,545.11984646615,Data_Ranger
2003,6,10,498.735260925964,Data_Ranger
2003,6,11,474.055691793197,Data_Ranger
2003,6,12,446.173617662885,Data_Ranger
2003,6,13,439.794486875143,Data_Ranger
2003,6,14,411.752093147642,Data_Ranger
2003,6,15,376.452178894064,Data_Ranger
2003,6,16,356.91679235164,Data_Ranger
2003,6,17,364.276197253828,Data_Ranger
2003,6,18,363.402456423276,Data_Ranger
2003,6,19,348.053124327321,Data_Ranger
2003,6,20,355.883117603548,Data_Ranger
2003,6,21,395.701926015197,Data_Ranger
2003,6,22,387.447278834831,Data_Ranger
2003,6,23,363.96650171464,Data_Ranger
2003,6,24,325.601029979469,Data_Ranger
2003,6,25,303.732008084475,Data_Ranger
2003,6,26,296.361570777436,Data_Ranger
2003,6,27,290.383734765977,Data_Ranger
2003,6,28,289.311023024802,Data_Ranger
2003,6,29,272.546267769043,Data_Ranger
2003,6,30,281.801850446533,Data_Ranger
2003,7,1,260.808670005548,Data_Ranger
2003,7,2,241.096716747269,Data_Ranger
2003,7,3,232.558114022603,Data_Ranger
2003,7,4,228.470810148047,Data_Ranger
2003,7,5,224.818291282254,Data_Ranger
2003,7,6,218.371752919218,Data_Ranger
2003,7,7,215.247855312352,Data_Ranger
2003,7,8,215.923197033078,Data_Ranger
2003,7,9,213.54667580334,Data_Ranger
2003,7,10,209.780353047139,Data_Ranger
2003,7,11,206.901800337555,Data_Ranger
2003,7,12,207.948261678334,Data_Ranger
2003,7,13,212.304923582436,Data_Ranger
2003,7,14,208.661483320124,Data_Ranger
2003,7,15,198.65343656238,Data_Ranger
2003,7,16,193.204189725036,Data_Ranger
2003,7,17,186.637527581362,Data_Ranger
2003,7,18,184.59998942932,Data_Ranger
2003,7,19,178.173781001342,Data_Ranger
2003,7,20,169.648676385491,Data_Ranger
2003,7,21,168.916831286458,Data_Ranger
2003,7,22,166.584349151216,Data_Ranger
2003,7,23,167.214549940126,Data_Ranger
2003,7,24,163.54425388269,Data_Ranger
2003,7,25,159.732654743026,Data_Ranger
2003,7,26,155.836994740123,Data_Ranger
2003,7,27,152.614041700367,Data_Ranger
2003,7,28,150.134015343861,Data_Ranger
2003,7,29,149.158815385259,Data_Ranger
2003,7,30,151.03973599263,Data_Ranger
2003,7,31,148.036274543901,Data_Ranger
2003,8,1,147.497661098014,Data_Ranger
2003,8,2,146.109424096859,Data_Ranger
2003,8,3,143.35473639074,Data_Ranger
2003,8,4,143.577018260849,Data_Ranger
2003,8,5,142.285268612954,Data_Ranger
2003,8,6,144.532755658541,Data_Ranger
2003,8,7,145.42852129744,Data_Ranger
2003,8,8,142.793856033668,Data_Ranger
2003,8,9,142.65558915701,Data_Ranger
2003,8,10,141.359393666906,Data_Ranger
2003,8,11,143.404239243518,Data_Ranger
2003,8,12,140.511982873755,Data_Ranger
2003,8,13,146.534960102377,Data_Ranger
2003,8,14,137.348737897292,Data_Ranger
2003,8,15,136.131427866128,Data_Ranger
2003,8,16,135.308826444018,Data_Ranger
2003,8,17,134.789762236247,Data_Ranger
2003,8,18,131.815952854022,Data_Ranger
2003,8,19,130.226225862739,Data_Ranger
2003,8,20,129.831724705763,Data_Ranger
2003,8,21,130.16684355028,Data_Ranger
2003,8,22,127.121813403908,Data_Ranger
2003,8,23,125.46700764592,Data_Ranger
2003,8,24,125.707811863377,Data_Ranger
2003,8,25,125.078780296633,Data_Ranger
2003,8,26,125.05717876095,Data_Ranger
2003,8,27,120.753616786334,Data_Ranger
2003,8,28,123.047039943583,Data_Ranger
2003,8,29,125.581327788249,Data_Ranger
2003,8,30,123.519444373523,Data_Ranger
2003,8,31,124.103565659078,Data_Ranger
2003,9,1,127.050032646049,Data_Ranger
2003,9,2,125.199773293261,Data_Ranger
2003,9,3,125.435494390416,Data_Ranger
2003,9,4,125.181839417523,Data_Ranger
2003,9,5,125.287071680608,Data_Ranger
2003,9,6,123.469002833746,Data_Ranger
2003,9,7,127.562562283665,Data_Ranger
2003,9,8,171.088930292959,Data_Ranger
2003,9,9,151.698370423292,Data_Ranger
2003,9,10,147.718509071441,Data_Ranger
2003,9,11,218.959997083767,Data_Ranger
2003,9,12,245.837629875912,Data_Ranger
2003,9,13,175.416988586717,Data_Ranger
2003,9,14,153.270047027412,Data_Ranger
2003,9,15,145.527294558081,Data_Ranger
2003,9,16,190.308232474875,Data_Ranger
2003,9,17,211.2328699902,Data_Ranger
2003,9,18,181.081399254779,Data_Ranger
2003,9,19,190.331137542199,Data_Ranger
2003,9,20,189.951268641598,Data_Ranger
2003,9,21,164.953872901031,Data_Ranger
2003,9,22,153.06282909251,Data_Ranger
2003,9,23,141.307033239528,Data_Ranger
2003,9,24,137.408335052615,Data_Ranger
2003,9,25,133.946428044205,Data_Ranger
2003,9,26,128.478574395903,Data_Ranger
2003,9,27,126.584324389275,Data_Ranger
2003,9,28,119.193518434298,Data_Ranger
2003,9,29,123.541964272908,Data_Ranger
2003,9,30,121.670871402028,Data_Ranger
2003,10,1,116.335256039696,Data_Ranger
2003,10,2,115.570081145812,Delta_Storage+USGS_12105900
2003,10,3,94.7292271889106,Delta_Storage+USGS_12105900
2003,10,4,125.614719397416,Delta_Storage+USGS_12105900
2003,10,5,93.5376632768924,Delta_Storage+USGS_12105900
2003,10,6,115.104111109312,Delta_Storage+USGS_12105900
2003,10,7,117.301568038601,Delta_Storage+USGS_12105900
2003,10,8,115.301568038633,Delta_Storage+USGS_12105900
2003,10,9,172.20893024276,Delta_Storage+USGS_12105900
2003,10,10,174.214502832781,Delta_Storage+USGS_12105900
2003,10,11,218.035750472111,Delta_Storage+USGS_12105900
2003,10,12,219.035750472139,Delta_Storage+USGS_12105900
2003,10,13,335.713996222969,Delta_Storage+USGS_12105900
2003,10,14,341.84590030971,Delta_Storage+USGS_12105900
2003,10,15,333.08259874604,Delta_Storage+USGS_12105900
2003,10,16,323.429005665531,Delta_Storage+USGS_12105900
2003,10,17,1415.15941227358,Delta_Storage+USGS_12105900
2003,10,18,461.697585837923,Delta_Storage+USGS_12105900
2003,10,19,420.929512275313,Delta_Storage+USGS_12105900
2003,10,20,395.043751277612,Delta_Storage+USGS_12105900
2003,10,21,2298.02673644707,Delta_Storage+USGS_12105900
2003,10,22,1505.8937618032,Delta_Storage+USGS_12105900
2003,10,23,640.665479635085,Delta_Storage+USGS_12105900
2003,10,24,483.709690860284,Delta_Storage+USGS_12105900
2003,10,25,551.150286948295,Delta_Storage+USGS_12105900
2003,10,26,496.526004319043,Delta_Storage+USGS_12105900
2003,10,27,414.97686516395,Delta_Storage+USGS_12105900
2003,10,28,367.435344991357,Delta_Storage+USGS_12105900
2003,10,29,774.0386506896,Delta_Storage+USGS_12105900
2003,10,30,809.2389543191,Delta_Storage+USGS_12105900
2003,10,31,705.549772202384,Delta_Storage+USGS_12105900
2003,11,1,595.541856498005,Delta_Storage+USGS_12105900
2003,11,2,518.068269187309,Delta_Storage+USGS_12105900
2003,11,3,437.202295586404,Delta_Storage+USGS_12105900
2003,11,4,378.81819734626,Delta_Storage+USGS_12105900
2003,11,5,325.495949948884,Delta_Storage+USGS_12105900
2003,11,6,344.28997914537,Delta_Storage+USGS_12105900
2003,11,7,287.121962461678,Delta_Storage+USGS_12105900
2003,11,8,279.730575103606,Delta_Storage+USGS_12105900
2003,11,9,298.145386706392,Delta_Storage+USGS_12105900
2003,11,10,427.193848941873,Delta_Storage+USGS_12105900
2003,11,11,1052.43423929924,Delta_Storage+USGS_12105900
2003,11,12,3027.70214111799,Delta_Storage+USGS_12105900
2003,11,13,997.015711290598,Delta_Storage+USGS_12105900
2003,11,14,445.993294998582,Delta_Storage+USGS_12105900
2003,11,15,673.358953164941,Delta_Storage+USGS_12105900
2003,11,16,644.825796230786,Delta_Storage+USGS_12105900
2003,11,17,1420.46719450414,Delta_Storage+USGS_12105900
2003,11,18,4267.12102779519,Delta_Storage+USGS_12105900
2003,11,19,3289.23518112182,Delta_Storage+USGS_12105900
2003,11,20,2185.490459555,Delta_Storage+USGS_12105900
2003,11,21,1533.6391159975,Delta_Storage+USGS_12105900
2003,11,22,1292.14106307904,Delta_Storage+USGS_12105900
2003,11,23,1095.51776674991,Delta_Storage+USGS_12105900
2003,11,24,969.635786579115,Delta_Storage+USGS_12105900
2003,11,25,932.070064276173,Delta_Storage+USGS_12105900
2003,11,26,922.023510513172,Delta_Storage+USGS_12105900
2003,11,27,869.023510513172,Delta_Storage+USGS_12105900
2003,11,28,1005.95297897366,Delta_Storage+USGS_12105900
2003,11,29,4447.38528421699,Delta_Storage+USGS_12105900
2003,11,30,4905.10330044021,Delta_Storage+USGS_12105900
2003,12,1,1602.29785888201,Delta_Storage+USGS_12105900
2003,12,2,1710.61422293622,Delta_Storage+USGS_12105900
2003,12,3,1564.0100246404,Delta_Storage+USGS_12105900
2003,12,4,1325.73884373042,Delta_Storage+USGS_12105900
2003,12,5,1461.42675231627,Delta_Storage+USGS_12105900
2003,12,6,1591.43311920934,Delta_Storage+USGS_12105900
2003,12,7,1251.35527431237,Delta_Storage+USGS_12105900
2003,12,8,1169.79989290798,Delta_Storage+USGS_12105900
2003,12,9,1061.70585085529,Delta_Storage+USGS_12105900
2003,12,10,952.658829828944,Delta_Storage+USGS_12105900
2003,12,11,876,Delta_Storage+USGS_12105900
2003,12,12,819.658829828939,Delta_Storage+USGS_12105900
2003,12,13,987.528331531537,Delta_Storage+USGS_12105900
2003,12,14,1341.8780997804,Delta_Storage+USGS_12105900
2003,12,15,1130.19384894187,Delta_Storage+USGS_12105900
2003,12,16,852.221042012674,Delta_Storage+USGS_12105900
2003,12,17,904.155167220349,Delta_Storage+USGS_12105900
2003,12,18,833.247128118368,Delta_Storage+USGS_12105900
2003,12,19,723.364680684227,Delta_Storage+USGS_12105900
2003,12,20,779.653409400253,Delta_Storage+USGS_12105900
2003,12,21,873.785879210924,Delta_Storage+USGS_12105900
2003,12,22,1180.84575982119,Delta_Storage+USGS_12105900
2003,12,23,855.630009061067,Delta_Storage+USGS_12105900
2003,12,24,637.165104223085,Delta_Storage+USGS_12105900
2003,12,25,799.127394688243,Delta_Storage+USGS_12105900
2003,12,26,801.134807735485,Delta_Storage+USGS_12105900
2003,12,27,750.378844411331,Delta_Storage+USGS_12105900
2003,12,28,703.524231117724,Delta_Storage+USGS_12105900
2003,12,29,658.145386706409,Delta_Storage+USGS_12105900
2003,12,30,543.103353870924,Delta_Storage+USGS_12105900
2003,12,31,573,Delta_Storage+USGS_12105900
2004,1,1,561.573247683732,Delta_Storage+USGS_12105900
2004,1,2,505.433119209337,Delta_Storage+USGS_12105900
2004,1,3,510,Delta_Storage+USGS_12105900
2004,1,4,504.859871525605,Delta_Storage+USGS_12105900
2004,1,5,379.866238418674,Delta_Storage+USGS_12105900
2004,1,6,357.713376158127,Delta_Storage+USGS_12105900
2004,1,7,345.286623841873,Delta_Storage+USGS_12105900
2004,1,8,443,Delta_Storage+USGS_12105900
2004,1,9,602.28025694879,Delta_Storage+USGS_12105900
2004,1,10,450.857766651457,Delta_Storage+USGS_12105900
2004,1,11,546.294149144712,Delta_Storage+USGS_12105900
2004,1,12,549.976489486828,Delta_Storage+USGS_12105900
2004,1,13,607.023510513172,Delta_Storage+USGS_12105900
2004,1,14,691.341170171056,Delta_Storage+USGS_12105900
2004,1,15,1486.65340940025,Delta_Storage+USGS_12105900
2004,1,16,2278.59203026905,Delta_Storage+USGS_12105900
2004,1,17,2131.34457976585,Delta_Storage+USGS_12105900
2004,1,18,1305.75766544402,Delta_Storage+USGS_12105900
2004,1,19,1244.30572452108,Delta_Storage+USGS_12105900
2004,1,20,1175.7197430512,Delta_Storage+USGS_12105900
2004,1,21,1088.57324768375,Delta_Storage+USGS_12105900
2004,1,22,1017.78296123326,Delta_Storage+USGS_12105900
2004,1,23,1221.90595794731,Delta_Storage+USGS_12105900
2004,1,24,1774.57860398207,Delta_Storage+USGS_12105900
2004,1,25,2252.2649740764,Delta_Storage+USGS_12105900
2004,1,26,1542.02801665853,Delta_Storage+USGS_12105900
2004,1,27,1387.08138425665,Delta_Storage+USGS_12105900
2004,1,28,1799.5652550396,Delta_Storage+USGS_12105900
2004,1,29,4764.19880278332,Delta_Storage+USGS_12105900
2004,1,30,7829.80051839601,Delta_Storage+USGS_12105900
2004,1,31,5211.90728191599,Delta_Storage+USGS_12105900
2004,2,1,3025.55888802878,Delta_Storage+USGS_12105900
2004,2,2,1561.70705556347,Delta_Storage+USGS_12105900
2004,2,3,1020.16808023005,Delta_Storage+USGS_12105900
2004,2,4,1333.91752146394,Delta_Storage+USGS_12105900
2004,2,5,1146.58829828942,Delta_Storage+USGS_12105900
2004,2,6,1103.41170171058,Delta_Storage+USGS_12105900
2004,2,7,1112.97648948683,Delta_Storage+USGS_12105900
2004,2,8,991.27063863154,Delta_Storage+USGS_12105900
2004,2,9,959.72936136846,Delta_Storage+USGS_12105900
2004,2,10,912.658829828944,Delta_Storage+USGS_12105900
2004,2,11,844.976489486823,Delta_Storage+USGS_12105900
2004,2,12,793.341170171061,Delta_Storage+USGS_12105900
2004,2,13,752.705850855288,Delta_Storage+USGS_12105900
2004,2,14,748.589244753802,Delta_Storage+USGS_12105900
2004,2,15,752.28025694879,Delta_Storage+USGS_12105900
2004,2,16,718,Delta_Storage+USGS_12105900
2004,2,17,715,Delta_Storage+USGS_12105900
2004,2,18,696.859871525605,Delta_Storage+USGS_12105900
2004,2,19,775.420385423198,Delta_Storage+USGS_12105900
2004,2,20,890.315922891189,Delta_Storage+USGS_12105900
2004,2,21,833.427306646812,Delta_Storage+USGS_12105900
2004,2,22,770.384165150255,Delta_Storage+USGS_12105900
2004,2,23,835.152862260534,Delta_Storage+USGS_12105900
2004,2,24,644.746580978662,Delta_Storage+USGS_12105900
2004,2,25,587.317659657884,Delta_Storage+USGS_12105900
2004,2,26,608.705850855288,Delta_Storage+USGS_12105900
2004,2,27,621.72936136846,Delta_Storage+USGS_12105900
2004,2,28,633.411701710576,Delta_Storage+USGS_12105900
2004,2,29,680.814955373409,Delta_Storage+USGS_12105900
2004,3,1,750.560513897593,Delta_Storage+USGS_12105900
2004,3,2,686.719743051197,Delta_Storage+USGS_12105900
2004,3,3,702.579614576815,Delta_Storage+USGS_12105900
2004,3,4,859.007513443102,Delta_Storage+USGS_12105900
2004,3,5,1101.41287198008,Delta_Storage+USGS_12105900
2004,3,6,1196.26275675427,Delta_Storage+USGS_12105900
2004,3,7,1107.18499546946,Delta_Storage+USGS_12105900
2004,3,8,1186.00934066586,Delta_Storage+USGS_12105900
2004,3,9,1986.21476747554,Delta_Storage+USGS_12105900
2004,3,10,2067.43012742428,Delta_Storage+USGS_12105900
2004,3,11,1687.93358974162,Delta_Storage+USGS_12105900
2004,3,12,1421.42307984141,Delta_Storage+USGS_12105900
2004,3,13,1397.2461242474,Delta_Storage+USGS_12105900
2004,3,14,1274.46374291808,Delta_Storage+USGS_12105900
2004,3,15,1136.73864889332,Delta_Storage+USGS_12105900
2004,3,16,1112.67101668515,Delta_Storage+USGS_12105900
2004,3,17,1191.6436014089,Delta_Storage+USGS_12105900
2004,3,18,1342.92330416694,Delta_Storage+USGS_12105900
2004,3,19,1199.92294387948,Delta_Storage+USGS_12105900
2004,3,20,1070.07705612052,Delta_Storage+USGS_12105900
2004,3,21,1009.92294387948,Delta_Storage+USGS_12105900
2004,3,22,910.016675572393,Delta_Storage+USGS_12105900
2004,3,23,1213.36860503019,Delta_Storage+USGS_12105900
2004,3,24,1370.46233672311,Delta_Storage+USGS_12105900
2004,3,25,1305.34675254234,Delta_Storage+USGS_12105900
2004,3,26,1213.77304393093,Delta_Storage+USGS_12105900
2004,3,27,1195.10094319794,Delta_Storage+USGS_12105900
2004,3,28,1303.75889451044,Delta_Storage+USGS_12105900
2004,3,29,1387.62057866091,Delta_Storage+USGS_12105900
2004,3,30,1427.9066953193,Delta_Storage+USGS_12105900
2004,3,31,1640.63054577543,Delta_Storage+USGS_12105900
2004,4,1,1322.16972454635,Delta_Storage+USGS_12105900
2004,4,2,1101.21285020251,Delta_Storage+USGS_12105900
2004,4,3,1162.42570040503,Delta_Storage+USGS_12105900
2004,4,4,1121.61713360338,Delta_Storage+USGS_12105900
2004,4,5,1243.63855060759,Delta_Storage+USGS_12105900
2004,4,6,1116.23426720672,Delta_Storage+USGS_12105900
2004,4,7,1122.69103837663,Delta_Storage+USGS_12105900
2004,4,8,1220.52846305798,Delta_Storage+USGS_12105900
2004,4,9,1179.09881773692,Delta_Storage+USGS_12105900
2004,4,10,1227.21720108898,Delta_Storage+USGS_12105900
2004,4,11,1271.82057209242,Delta_Storage+USGS_12105900
2004,4,12,1633.44722969633,Delta_Storage+USGS_12105900
2004,4,13,1615.534222916,Delta_Storage+USGS_12105900
2004,4,14,1481.18017147386,Delta_Storage+USGS_12105900
2004,4,15,1266.82612003171,Delta_Storage+USGS_12105900
2004,4,16,1132.46536885692,Delta_Storage+USGS_12105900
2004,4,17,1054.52234251501,Delta_Storage+USGS_12105900
2004,4,18,1025.87629358426,Delta_Storage+USGS_12105900
2004,4,19,945.584195722886,Delta_Storage+USGS_12105900
2004,4,20,853.938146792131,Delta_Storage+USGS_12105900
2004,4,21,832.230244653573,Delta_Storage+USGS_12105900
2004,4,22,747.230244653573,Delta_Storage+USGS_12105900
2004,4,23,852.612210355495,Delta_Storage+USGS_12105900
2004,4,24,924.125824786154,Delta_Storage+USGS_12105900
2004,4,25,924.125824786154,Delta_Storage+USGS_12105900
2004,4,26,866.091949262713,Delta_Storage+USGS_12105900
2004,4,27,1127.10519810371,Delta_Storage+USGS_12105900
2004,4,28,1335.61396461232,Delta_Storage+USGS_12105900
2004,4,29,1098.5613655605,Delta_Storage+USGS_12105900
2004,4,30,1088.39164021986,Delta_Storage+USGS_12105900
2004,5,1,1119.72100752946,Delta_Storage+USGS_12105900
2004,5,2,1119.72100752946,Delta_Storage+USGS_12105900
2004,5,3,1119.16302258855,Delta_Storage+USGS_12105900
2004,5,4,1039.88403011792,Delta_Storage+USGS_12105900
2004,5,5,1119.32604517702,Delta_Storage+USGS_12105900
2004,5,6,1004.88403011792,Delta_Storage+USGS_12105900
2004,5,7,837.442015059006,Delta_Storage+USGS_12105900
2004,5,8,823.163022588464,Delta_Storage+USGS_12105900
2004,5,9,863.884030118014,Delta_Storage+USGS_12105900
2004,5,10,824.163022588464,Delta_Storage+USGS_12105900
2004,5,11,885.209107617458,Delta_Storage+USGS_12105900
2004,5,12,771,Delta_Storage+USGS_12105900
2004,5,13,682,Delta_Storage+USGS_12105900
2004,5,14,696.070115595881,Delta_Storage+USGS_12105900
2004,5,15,653,Delta_Storage+USGS_12105900
2004,5,16,696.070115595782,Delta_Storage+USGS_12105900
2004,5,17,652,Delta_Storage+USGS_12105900
2004,5,18,607.929884404218,Delta_Storage+USGS_12105900
2004,5,19,566.859768808336,Delta_Storage+USGS_12105900
2004,5,20,633.929884404121,Delta_Storage+USGS_12105900
2004,5,21,587.489108515196,Delta_Storage+USGS_12105900
2004,5,22,590.836977411536,Delta_Storage+USGS_12105900
2004,5,23,708,Delta_Storage+USGS_12105900
2004,5,24,667.278992470542,Delta_Storage+USGS_12105900
2004,5,25,563.836977411446,Delta_Storage+USGS_12105900
2004,5,26,765.278992470542,Delta_Storage+USGS_12105900
2004,5,27,1537.21007529494,Delta_Storage+USGS_12105900
2004,5,28,1465.34933880912,Delta_Storage+USGS_12105900
2004,5,29,2376.05173393732,Delta_Storage+USGS_12105900
2004,5,30,2861.49080917077,Delta_Storage+USGS_12105900
2004,5,31,2291.57930642501,Delta_Storage+USGS_12105900
2004,6,1,1820.08849725434,Delta_Storage+USGS_12105900
2004,6,2,1237.6722541675,Delta_Storage+USGS_12105900
2004,6,3,1032.23193976406,Delta_Storage+USGS_12105900
2004,6,4,981.115969881988,Delta_Storage+USGS_12105900
2004,6,5,921.115969881986,Delta_Storage+USGS_12105900
2004,6,6,1040.27899247054,Delta_Storage+USGS_12105900
2004,6,7,1190.55798494099,Delta_Storage+USGS_12105900
2004,6,8,702.706796644923,Delta_Storage+USGS_12105900
2004,6,9,1116.50876650861,Delta_Storage+USGS_12105900
2004,6,10,770.947400948188,Delta_Storage+USGS_12105900
2004,6,11,844.491233491309,Delta_Storage+USGS_12105900
2004,6,12,757.982466982784,Delta_Storage+USGS_12105900
2004,6,13,748.491233491309,Delta_Storage+USGS_12105900
2004,6,14,839.017533017299,Delta_Storage+USGS_12105900
2004,6,15,776.508766508608,Delta_Storage+USGS_12105900
2004,6,16,692,Delta_Storage+USGS_12105900
2004,6,17,681.508766508691,Delta_Storage+USGS_12105900
2004,6,18,608,Delta_Storage+USGS_12105900
2004,6,19,589,Delta_Storage+USGS_12105900
2004,6,20,589,Delta_Storage+USGS_12105900
2004,6,21,464.982466982701,Delta_Storage+USGS_12105900
2004,6,22,488,Delta_Storage+USGS_12105900
2004,6,23,450.491233491392,Delta_Storage+USGS_12105900
2004,6,24,485,Delta_Storage+USGS_12105900
2004,6,25,410.982466982701,Delta_Storage+USGS_12105900
2004,6,26,410.982466982703,Delta_Storage+USGS_12105900
2004,6,27,410.982466982701,Delta_Storage+USGS_12105900
2004,6,28,374.473700474095,Delta_Storage+USGS_12105900
2004,6,29,374.473700474093,Delta_Storage+USGS_12105900
2004,6,30,326.964933965404,Delta_Storage+USGS_12105900
2004,7,1,311.964933965487,Delta_Storage+USGS_12105900
2004,7,2,304.47370047401,Delta_Storage+USGS_12105900
2004,7,3,323.979729639056,Delta_Storage+USGS_12105900
2004,7,4,326.974835042752,Delta_Storage+USGS_12105900
2004,7,5,325.974835042754,Delta_Storage+USGS_12105900
2004,7,6,275.462252564169,Delta_Storage+USGS_12105900
2004,7,7,297.974835042754,Delta_Storage+USGS_12105900
2004,7,8,329.487417521415,Delta_Storage+USGS_12105900
2004,7,9,255.462252564094,Delta_Storage+USGS_12105900
2004,7,10,274.974835042829,Delta_Storage+USGS_12105900
2004,7,11,274.974835042754,Delta_Storage+USGS_12105900
2004,7,12,273.974835042754,Delta_Storage+USGS_12105900
2004,7,13,238.462252564169,Delta_Storage+USGS_12105900
2004,7,14,201.462252564169,Delta_Storage+USGS_12105900
2004,7,15,235.487417521338,Delta_Storage+USGS_12105900
2004,7,16,245.487417521417,Delta_Storage+USGS_12105900
2004,7,17,211.974835042752,Delta_Storage+USGS_12105900
2004,7,18,245.487417521417,Delta_Storage+USGS_12105900
2004,7,19,203.974835042752,Delta_Storage+USGS_12105900
2004,7,20,218.48741752134,Delta_Storage+USGS_12105900
2004,7,21,172.842400542803,Delta_Storage+USGS_12105900
2004,7,22,200.353951069243,Delta_Storage+USGS_12105900
2004,7,23,200.353951069313,Delta_Storage+USGS_12105900
2004,7,24,200.353951069245,Delta_Storage+USGS_12105900
2004,7,25,170.707902138626,Delta_Storage+USGS_12105900
2004,7,26,170.707902138556,Delta_Storage+USGS_12105900
2004,7,27,200.353951069245,Delta_Storage+USGS_12105900
2004,7,28,169.707902138626,Delta_Storage+USGS_12105900
2004,7,29,167.707902138556,Delta_Storage+USGS_12105900
2004,7,30,160.707902138558,Delta_Storage+USGS_12105900
2004,7,31,151.707902138556,Delta_Storage+USGS_12105900
2004,8,1,151.707902138556,Delta_Storage+USGS_12105900
2004,8,2,182.353951069315,Delta_Storage+USGS_12105900
2004,8,3,151.707902138556,Delta_Storage+USGS_12105900
2004,8,4,151.707902138556,Delta_Storage+USGS_12105900
2004,8,5,151.707902138628,Delta_Storage+USGS_12105900
2004,8,6,183.353951069243,Delta_Storage+USGS_12105900
2004,8,7,213,Delta_Storage+USGS_12105900
2004,8,8,182.353951069313,Delta_Storage+USGS_12105900
2004,8,9,182.353951069243,Delta_Storage+USGS_12105900
2004,8,10,151.707902138627,Delta_Storage+USGS_12105900
2004,8,11,147.707902138557,Delta_Storage+USGS_12105900
2004,8,12,145.708812229997,Delta_Storage+USGS_12105900
2004,8,13,150.763965705216,Delta_Storage+USGS_12105900
2004,8,14,150.763965705216,Delta_Storage+USGS_12105900
2004,8,15,149.763965705281,Delta_Storage+USGS_12105900
2004,8,16,149.763965705216,Delta_Storage+USGS_12105900
2004,8,17,120.645948557856,Delta_Storage+USGS_12105900
2004,8,18,148.763965705216,Delta_Storage+USGS_12105900
2004,8,19,119.645948557856,Delta_Storage+USGS_12105900
2004,8,20,147.763965705216,Delta_Storage+USGS_12105900
2004,8,21,119.645948557855,Delta_Storage+USGS_12105900
2004,8,22,176.881982852577,Delta_Storage+USGS_12105900
2004,8,23,232.118017147423,Delta_Storage+USGS_12105900
2004,8,24,236.11801714736,Delta_Storage+USGS_12105900
2004,8,25,715.124308652928,Delta_Storage+USGS_12105900
2004,8,26,979.448200679079,Delta_Storage+USGS_12105900
2004,8,27,1176.52342893336,Delta_Storage+USGS_12105900
2004,8,28,859.125824786154,Delta_Storage+USGS_12105900
2004,8,29,660.050329914492,Delta_Storage+USGS_12105900
2004,8,30,492.48741752134,Delta_Storage+USGS_12105900
2004,8,31,390.949670085584,Delta_Storage+USGS_12105900
2004,9,1,358.437087606923,Delta_Storage+USGS_12105900
2004,9,2,334.437087606923,Delta_Storage+USGS_12105900
2004,9,3,432,Delta_Storage+USGS_12105900
2004,9,4,361.487417521338,Delta_Storage+USGS_12105900
2004,9,5,360.487417521417,Delta_Storage+USGS_12105900
2004,9,6,292.462252564169,Delta_Storage+USGS_12105900
2004,9,7,292.462252564092,Delta_Storage+USGS_12105900
2004,9,8,266.550302681359,Delta_Storage+USGS_12105900
2004,9,9,268.415804277114,Delta_Storage+USGS_12105900
2004,9,10,268.415804277184,Delta_Storage+USGS_12105900
2004,9,11,561.938146792129,Delta_Storage+USGS_12105900
2004,9,12,769.168391445704,Delta_Storage+USGS_12105900
2004,9,13,592.02413300517,Delta_Storage+USGS_12105900
2004,9,14,953.075494871662,Delta_Storage+USGS_12105900
2004,9,15,1156.48741752142,Delta_Storage+USGS_12105900
2004,9,16,1198.92450512826,Delta_Storage+USGS_12105900
2004,9,17,1320.67400909703,Delta_Storage+USGS_12105900
2004,9,18,996.432972455021,Delta_Storage+USGS_12105900
2004,9,19,1009.35445966923,Delta_Storage+USGS_12105900
2004,9,20,843.875691347073,Delta_Storage+USGS_12105900
2004,9,21,648.158641047391,Delta_Storage+USGS_12105900
2004,9,22,607.452951938345,Delta_Storage+USGS_12105900
2004,9,23,679.863237984644,Delta_Storage+USGS_12105900
2004,9,24,583.158094961495,Delta_Storage+USGS_12105900
2004,9,25,527.589713953759,Delta_Storage+USGS_12105900
2004,9,26,533.866204715565,Delta_Storage+USGS_12105900
2004,9,27,469.711064036753,Delta_Storage+USGS_12105900
2004,9,28,441.901182263082,Delta_Storage+USGS_12105900
2004,9,29,416.091300489411,Delta_Storage+USGS_12105900
2004,9,30,382.338268459604,Delta_Storage+USGS_12105900
2004,10,1,385.552882590764,Delta_Storage+USGS_12105900
2004,10,2,318.340799871609,Delta_Storage+USGS_12105900
2004,10,3,361.45899440704,Delta_Storage+USGS_12105900
2004,10,4,300.914224315805,Delta_Storage+USGS_12105900
2004,10,5,311.993020064299,Delta_Storage+USGS_12105900
2004,10,6,337.241105489564,Delta_Storage+USGS_12105900
2004,10,7,381.570081145813,Delta_Storage+USGS_12105900
2004,10,8,291.400251532662,Delta_Storage+USGS_12105900
2004,10,9,389.730303578184,Delta_Storage+USGS_12105900
2004,10,10,416.807359698708,Delta_Storage+USGS_12105900
2004,10,11,383.730303578184,Delta_Storage+USGS_12105900
2004,10,12,352.851450547352,Delta_Storage+USGS_12105900
2004,10,13,343.274152762382,Delta_Storage+USGS_12105900
2004,10,14,325.301568038601,Delta_Storage+USGS_12105900
2004,10,15,321.301920955952,Delta_Storage+USGS_12105900
2004,10,16,348.357504721281,Delta_Storage+USGS_12105900
2004,10,17,1215.01159100791,Delta_Storage+USGS_12105900
2004,10,18,1277.80809306634,Delta_Storage+USGS_12105900
2004,10,19,1000.68538190596,Delta_Storage+USGS_12105900
2004,10,20,712.317194878744,Delta_Storage+USGS_12105900
2004,10,21,550.490137938687,Delta_Storage+USGS_12105900
2004,10,22,657.892539890801,Delta_Storage+USGS_12105900
2004,10,23,684.66878393322,Delta_Storage+USGS_12105900
2004,10,24,649.728299905447,Delta_Storage+USGS_12105900
2004,10,25,581.927835173177,Delta_Storage+USGS_12105900
2004,10,26,629.121962461678,Delta_Storage+USGS_12105900
2004,10,27,562.875961809998,Delta_Storage+USGS_12105900
2004,10,28,494.863466766006,Delta_Storage+USGS_12105900
2004,10,29,514.193848941873,Delta_Storage+USGS_12105900
2004,10,30,572.05489163546,Delta_Storage+USGS_12105900
2004,10,31,552.159229153617,Delta_Storage+USGS_12105900
2004,11,1,659.711271283979,Delta_Storage+USGS_12105900
2004,11,2,1220.98767542811,Delta_Storage+USGS_12105900
2004,11,3,1571.93373240556,Delta_Storage+USGS_12105900
2004,11,4,1199.36447176942,Delta_Storage+USGS_12105900
2004,11,5,926.90059860834,Delta_Storage+USGS_12105900
2004,11,6,772.307778025304,Delta_Storage+USGS_12105900
2004,11,7,719.823403421153,Delta_Storage+USGS_12105900
2004,11,8,674.047021026344,Delta_Storage+USGS_12105900
2004,11,9,649.682340342116,Delta_Storage+USGS_12105900
2004,11,10,568.611808802596,Delta_Storage+USGS_12105900
2004,11,11,559.682340342116,Delta_Storage+USGS_12105900
2004,11,12,485.294149144712,Delta_Storage+USGS_12105900
2004,11,13,453.047021026349,Delta_Storage+USGS_12105900
2004,11,14,452.705850855288,Delta_Storage+USGS_12105900
2004,11,15,487.341170171056,Delta_Storage+USGS_12105900
2004,11,16,456.611808802595,Delta_Storage+USGS_12105900
2004,11,17,453.658829828944,Delta_Storage+USGS_12105900
2004,11,18,491,Delta_Storage+USGS_12105900
2004,11,19,495.023510513172,Delta_Storage+USGS_12105900
2004,11,20,473.658829828944,Delta_Storage+USGS_12105900
2004,11,21,440.976489486823,Delta_Storage+USGS_12105900
2004,11,22,432,Delta_Storage+USGS_12105900
2004,11,23,788.364680684233,Delta_Storage+USGS_12105900
2004,11,24,1391.95934520882,Delta_Storage+USGS_12105900
2004,11,25,2780.07108730056,Delta_Storage+USGS_12105900
2004,11,26,2591.29820417498,Delta_Storage+USGS_12105900
2004,11,27,1678.06626759444,Delta_Storage+USGS_12105900
2004,11,28,1355.8287133264,Delta_Storage+USGS_12105900
2004,11,29,1185.31765965789,Delta_Storage+USGS_12105900
2004,11,30,921.456021449077,Delta_Storage+USGS_12105900
2004,12,1,890.614510090439,Delta_Storage+USGS_12105900
2004,12,2,870.047021026349,Delta_Storage+USGS_12105900
2004,12,3,839.294149144712,Delta_Storage+USGS_12105900
2004,12,4,755.929468460479,Delta_Storage+USGS_12105900
2004,12,5,751.72936136846,Delta_Storage+USGS_12105900
2004,12,6,746.705850855288,Delta_Storage+USGS_12105900
2004,12,7,725.976489486828,Delta_Storage+USGS_12105900
2004,12,8,1273.41170171058,Delta_Storage+USGS_12105900
2004,12,9,1259.05352519292,Delta_Storage+USGS_12105900
2004,12,10,3078.06626759444,Delta_Storage+USGS_12105900
2004,12,11,4117.76265464677,Delta_Storage+USGS_12105900
2004,12,12,3596.83279006326,Delta_Storage+USGS_12105900
2004,12,13,2475.52871485949,Delta_Storage+USGS_12105900
2004,12,14,1681.3090480976,Delta_Storage+USGS_12105900
2004,12,15,1797.15286226053,Delta_Storage+USGS_12105900
2004,12,16,1464.49424437699,Delta_Storage+USGS_12105900
2004,12,17,1261.27063863154,Delta_Storage+USGS_12105900
2004,12,18,1182.77638239481,Delta_Storage+USGS_12105900
2004,12,19,1154.68234034211,Delta_Storage+USGS_12105900
2004,12,20,1110,Delta_Storage+USGS_12105900
2004,12,21,1005.31765965789,Delta_Storage+USGS_12105900
2004,12,22,980.364680684227,Delta_Storage+USGS_12105900
2004,12,23,842.27063863154,Delta_Storage+USGS_12105900
2004,12,24,813.72936136846,Delta_Storage+USGS_12105900
2004,12,25,795,Delta_Storage+USGS_12105900
2004,12,26,787.317659657884,Delta_Storage+USGS_12105900
2004,12,27,648.588298289424,Delta_Storage+USGS_12105900
2004,12,28,673.094042052693,Delta_Storage+USGS_12105900
2004,12,29,660.976489486828,Delta_Storage+USGS_12105900
2004,12,30,607.317659657884,Delta_Storage+USGS_12105900
2004,12,31,565.72936136846,Delta_Storage+USGS_12105900
2005,1,1,565.076910292327,Delta_Storage+USGS_12105900
2005,1,2,555.71337615814,Delta_Storage+USGS_12105900
2005,1,3,493.892053891649,Delta_Storage+USGS_12105900
2005,1,4,488.682340342116,Delta_Storage+USGS_12105900
2005,1,5,453.976489486828,Delta_Storage+USGS_12105900
2005,1,6,479.341170171056,Delta_Storage+USGS_12105900
2005,1,7,467.27063863154,Delta_Storage+USGS_12105900
2005,1,8,426,Delta_Storage+USGS_12105900
2005,1,9,426,Delta_Storage+USGS_12105900
2005,1,10,420.317659657884,Delta_Storage+USGS_12105900
2005,1,11,409.294149144712,Delta_Storage+USGS_12105900
2005,1,12,400.611808802595,Delta_Storage+USGS_12105900
2005,1,13,385.294149144712,Delta_Storage+USGS_12105900
2005,1,14,297.294149144712,Delta_Storage+USGS_12105900
2005,1,15,248.752871881637,Delta_Storage+USGS_12105900
2005,1,16,264.45872273692,Delta_Storage+USGS_12105900
2005,1,17,1029.66093470309,Delta_Storage+USGS_12105900
2005,1,18,6816.03339802128,Delta_Storage+USGS_12105900
2005,1,19,10620.9665052572,Delta_Storage+USGS_12105900
2005,1,20,4622.87442899876,Delta_Storage+USGS_12105900
2005,1,21,2978.29703727529,Delta_Storage+USGS_12105900
2005,1,22,1215.81404107131,Delta_Storage+USGS_12105900
2005,1,23,1293.55400783879,Delta_Storage+USGS_12105900
2005,1,24,1692.4273066468,Delta_Storage+USGS_12105900
2005,1,25,1350.5815468256,Delta_Storage+USGS_12105900
2005,1,26,1179.44536117187,Delta_Storage+USGS_12105900
2005,1,27,1075.72610994428,Delta_Storage+USGS_12105900
2005,1,28,867.98400292993,Delta_Storage+USGS_12105900
2005,1,29,895.149758651395,Delta_Storage+USGS_12105900
2005,1,30,868.560513897593,Delta_Storage+USGS_12105900
2005,1,31,942.28025694879,Delta_Storage+USGS_12105900
2005,2,1,817.878972204814,Delta_Storage+USGS_12105900
2005,2,2,628.989435218372,Delta_Storage+USGS_12105900
2005,2,3,644.72936136846,Delta_Storage+USGS_12105900
2005,2,4,689.682340342116,Delta_Storage+USGS_12105900
2005,2,5,619.658829828939,Delta_Storage+USGS_12105900
2005,2,6,584.806271660787,Delta_Storage+USGS_12105900
2005,2,7,733.847137739466,Delta_Storage+USGS_12105900
2005,2,8,585.028930941863,Delta_Storage+USGS_12105900
2005,2,9,586.247128118368,Delta_Storage+USGS_12105900
2005,2,10,507.588298289424,Delta_Storage+USGS_12105900
2005,2,11,474.047021026344,Delta_Storage+USGS_12105900
2005,2,12,471.72936136846,Delta_Storage+USGS_12105900
2005,2,13,483.752871881637,Delta_Storage+USGS_12105900
2005,2,14,555.047021026344,Delta_Storage+USGS_12105900
2005,2,15,439.200107092019,Delta_Storage+USGS_12105900
2005,2,16,411.047021026349,Delta_Storage+USGS_12105900
2005,2,17,400.047021026344,Delta_Storage+USGS_12105900
2005,2,18,399.844832779651,Delta_Storage+USGS_12105900
2005,2,19,414.99363310693,Delta_Storage+USGS_12105900
2005,2,20,403.566880790663,Delta_Storage+USGS_12105900
2005,2,21,388.426752316268,Delta_Storage+USGS_12105900
2005,2,22,366.713376158127,Delta_Storage+USGS_12105900
2005,2,23,358.140128474395,Delta_Storage+USGS_12105900
2005,2,24,358.426752316268,Delta_Storage+USGS_12105900
2005,2,25,351.71337615814,Delta_Storage+USGS_12105900
2005,2,26,345,Delta_Storage+USGS_12105900
2005,2,27,339.28662384186,Delta_Storage+USGS_12105900
2005,2,28,333.573247683732,Delta_Storage+USGS_12105900
2005,3,1,345,Delta_Storage+USGS_12105900
2005,3,2,321,Delta_Storage+USGS_12105900
2005,3,3,306.280256948803,Delta_Storage+USGS_12105900
2005,3,4,309.182161309863,Delta_Storage+USGS_12105900
2005,3,5,317.806151058144,Delta_Storage+USGS_12105900
2005,3,6,311.33038217585,Delta_Storage+USGS_12105900
2005,3,7,305.854613293608,Delta_Storage+USGS_12105900
2005,3,8,319.854613293591,Delta_Storage+USGS_12105900
2005,3,9,298.951537764536,Delta_Storage+USGS_12105900
2005,3,10,290.951537764536,Delta_Storage+USGS_12105900
2005,3,11,275.427306646795,Delta_Storage+USGS_12105900
2005,3,12,278.709647672279,Delta_Storage+USGS_12105900
2005,3,13,289.252025025548,Delta_Storage+USGS_12105900
2005,3,14,269.71002085463,Delta_Storage+USGS_12105900
2005,3,15,262.252025025568,Delta_Storage+USGS_12105900
2005,3,16,257.252025025548,Delta_Storage+USGS_12105900
2005,3,17,292.492971301572,Delta_Storage+USGS_12105900
2005,3,18,303.173421784345,Delta_Storage+USGS_12105900
2005,3,19,285.323708732662,Delta_Storage+USGS_12105900
2005,3,20,297.248565258503,Delta_Storage+USGS_12105900
2005,3,21,307.749106459182,Delta_Storage+USGS_12105900
2005,3,22,306.916287003991,Delta_Storage+USGS_12105900
2005,3,23,273.641400902773,Delta_Storage+USGS_12105900
2005,3,24,282.733029603213,Delta_Storage+USGS_12105900
2005,3,25,260.447055826889,Delta_Storage+USGS_12105900
2005,3,26,289.569231936558,Delta_Storage+USGS_12105900
2005,3,27,909.349559189772,Delta_Storage+USGS_12105900
2005,3,28,1807.1987440859,Delta_Storage+USGS_12105900
2005,3,29,1836.50993706756,Delta_Storage+USGS_12105900
2005,3,30,1711.4475108408,Delta_Storage+USGS_12105900
2005,3,31,1392.34628720788,Delta_Storage+USGS_12105900
2005,4,1,1150.68881193046,Delta_Storage+USGS_12105900
2005,4,2,1365.71439438986,Delta_Storage+USGS_12105900
2005,4,3,1340.92006852285,Delta_Storage+USGS_12105900
2005,4,4,1345.22744944447,Delta_Storage+USGS_12105900
2005,4,5,1269.1509897434,Delta_Storage+USGS_12105900
2005,4,6,1071.07549487166,Delta_Storage+USGS_12105900
2005,4,7,1074.07549487174,Delta_Storage+USGS_12105900
2005,4,8,1257.62588072857,Delta_Storage+USGS_12105900
2005,4,9,1250.08766508641,Delta_Storage+USGS_12105900
2005,4,10,1037.05259905189,Delta_Storage+USGS_12105900
2005,4,11,993.070132069111,Delta_Storage+USGS_12105900
2005,4,12,1034.7899831918,Delta_Storage+USGS_12105900
2005,4,13,942.32604517702,Delta_Storage+USGS_12105900
2005,4,14,900.884030117923,Delta_Storage+USGS_12105900
2005,4,15,810.72100752955,Delta_Storage+USGS_12105900
2005,4,16,892.163022588464,Delta_Storage+USGS_12105900
2005,4,17,1212.9310828244,Delta_Storage+USGS_12105900
2005,4,18,1308.48906776548,Delta_Storage+USGS_12105900
2005,4,19,1043.0688764258,Delta_Storage+USGS_12105900
2005,4,20,952.140231191662,Delta_Storage+USGS_12105900
2005,4,21,973.280462383325,Delta_Storage+USGS_12105900
2005,4,22,944.280462383228,Delta_Storage+USGS_12105900
2005,4,23,1077.49080917077,Delta_Storage+USGS_12105900
2005,4,24,1314.70115595821,Delta_Storage+USGS_12105900
2005,4,25,1225.35057797911,Delta_Storage+USGS_12105900
2005,4,26,1141.58625570035,Delta_Storage+USGS_12105900
2005,4,27,1042.89380784083,Delta_Storage+USGS_12105900
2005,4,28,925.446903920469,Delta_Storage+USGS_12105900
2005,4,29,856,Delta_Storage+USGS_12105900
2005,4,30,934.446903920364,Delta_Storage+USGS_12105900
2005,5,1,823,Delta_Storage+USGS_12105900
2005,5,2,409.556013022206,Delta_Storage+USGS_12105900
2005,5,3,588.929884404119,Delta_Storage+USGS_12105900
2005,5,4,545,Delta_Storage+USGS_12105900
2005,5,5,552.070115595881,Delta_Storage+USGS_12105900
2005,5,6,577.140231191662,Delta_Storage+USGS_12105900
2005,5,7,499.070115595782,Delta_Storage+USGS_12105900
2005,5,8,502.446024508683,Delta_Storage+USGS_12105900
2005,5,9,442,Delta_Storage+USGS_12105900
2005,5,10,805.234519602031,Delta_Storage+USGS_12105900
2005,5,11,819.340711761302,Delta_Storage+USGS_12105900
2005,5,12,708.446903920364,Delta_Storage+USGS_12105900
2005,5,13,670.446903920364,Delta_Storage+USGS_12105900
2005,5,14,670.446903920467,Delta_Storage+USGS_12105900
2005,5,15,673.446903920366,Delta_Storage+USGS_12105900
2005,5,16,837.340711761198,Delta_Storage+USGS_12105900
2005,5,17,896.893807840832,Delta_Storage+USGS_12105900
2005,5,18,868,Delta_Storage+USGS_12105900
2005,5,19,883,Delta_Storage+USGS_12105900
2005,5,20,780.553096079636,Delta_Storage+USGS_12105900
2005,5,21,826.893807840833,Delta_Storage+USGS_12105900
2005,5,22,872.340711761198,Delta_Storage+USGS_12105900
2005,5,23,942.340711761198,Delta_Storage+USGS_12105900
2005,5,24,826,Delta_Storage+USGS_12105900
2005,5,25,702.553096079636,Delta_Storage+USGS_12105900
2005,5,26,658,Delta_Storage+USGS_12105900
2005,5,27,578,Delta_Storage+USGS_12105900
2005,5,28,601.893807840729,Delta_Storage+USGS_12105900
2005,5,29,558.446903920469,Delta_Storage+USGS_12105900
2005,5,30,509,Delta_Storage+USGS_12105900
2005,5,31,554,Delta_Storage+USGS_12105900
2005,6,1,514.553096079531,Delta_Storage+USGS_12105900
2005,6,2,478.553096079636,Delta_Storage+USGS_12105900
2005,6,3,487,Delta_Storage+USGS_12105900
2005,6,4,423,Delta_Storage+USGS_12105900
2005,6,5,468.446903920364,Delta_Storage+USGS_12105900
2005,6,6,468.446903920469,Delta_Storage+USGS_12105900
2005,6,7,436,Delta_Storage+USGS_12105900
2005,6,8,459,Delta_Storage+USGS_12105900
2005,6,9,473,Delta_Storage+USGS_12105900
2005,6,10,408.553096079531,Delta_Storage+USGS_12105900
2005,6,11,374.553096079636,Delta_Storage+USGS_12105900
2005,6,12,862.234519602031,Delta_Storage+USGS_12105900
2005,6,13,878.446903920364,Delta_Storage+USGS_12105900
2005,6,14,668.659288238802,Delta_Storage+USGS_12105900
2005,6,15,689.553096079636,Delta_Storage+USGS_12105900
2005,6,16,586.106192159167,Delta_Storage+USGS_12105900
2005,6,17,630,Delta_Storage+USGS_12105900
2005,6,18,629,Delta_Storage+USGS_12105900
2005,6,19,538.106192159167,Delta_Storage+USGS_12105900
2005,6,20,513.553096079636,Delta_Storage+USGS_12105900
2005,6,21,430.553096079531,Delta_Storage+USGS_12105900
2005,6,22,502.446903920469,Delta_Storage+USGS_12105900
2005,6,23,501.446903920364,Delta_Storage+USGS_12105900
2005,6,24,437,Delta_Storage+USGS_12105900
2005,6,25,413,Delta_Storage+USGS_12105900
2005,6,26,458.446903920469,Delta_Storage+USGS_12105900
2005,6,27,413,Delta_Storage+USGS_12105900
2005,6,28,413,Delta_Storage+USGS_12105900
2005,6,29,367.553096079531,Delta_Storage+USGS_12105900
2005,6,30,378,Delta_Storage+USGS_12105900
2005,7,1,314.553096079636,Delta_Storage+USGS_12105900
2005,7,2,360,Delta_Storage+USGS_12105900
2005,7,3,313.553096079531,Delta_Storage+USGS_12105900
2005,7,4,313.553096079636,Delta_Storage+USGS_12105900
2005,7,5,292.553096079636,Delta_Storage+USGS_12105900
2005,7,6,380,Delta_Storage+USGS_12105900
2005,7,7,324.553096079531,Delta_Storage+USGS_12105900
2005,7,8,265.553096079636,Delta_Storage+USGS_12105900
2005,7,9,478.787615681562,Delta_Storage+USGS_12105900
2005,7,10,433.340711761302,Delta_Storage+USGS_12105900
2005,7,11,446.893807840729,Delta_Storage+USGS_12105900
2005,7,12,390,Delta_Storage+USGS_12105900
2005,7,13,333.553096079636,Delta_Storage+USGS_12105900
2005,7,14,320.553096079636,Delta_Storage+USGS_12105900
2005,7,15,298.553096079531,Delta_Storage+USGS_12105900
2005,7,16,333,Delta_Storage+USGS_12105900
2005,7,17,286.553096079636,Delta_Storage+USGS_12105900
2005,7,18,267.553096079531,Delta_Storage+USGS_12105900
2005,7,19,249.553096079636,Delta_Storage+USGS_12105900
2005,7,20,241.553096079636,Delta_Storage+USGS_12105900
2005,7,21,241.553096079531,Delta_Storage+USGS_12105900
2005,7,22,226.553096079636,Delta_Storage+USGS_12105900
2005,7,23,301.446903920364,Delta_Storage+USGS_12105900
2005,7,24,256,Delta_Storage+USGS_12105900
2005,7,25,210.553096079636,Delta_Storage+USGS_12105900
2005,7,26,256,Delta_Storage+USGS_12105900
2005,7,27,210.553096079533,Delta_Storage+USGS_12105900
2005,7,28,210.553096079634,Delta_Storage+USGS_12105900
2005,7,29,222.553096079636,Delta_Storage+USGS_12105900
2005,7,30,185.106192159167,Delta_Storage+USGS_12105900
2005,7,31,185.106192159168,Delta_Storage+USGS_12105900
2005,8,1,185.106192159167,Delta_Storage+USGS_12105900
2005,8,2,138.659288238802,Delta_Storage+USGS_12105900
2005,8,3,184.106192159167,Delta_Storage+USGS_12105900
2005,8,4,274,Delta_Storage+USGS_12105900
2005,8,5,188.106192159167,Delta_Storage+USGS_12105900
2005,8,6,149.413744299655,Delta_Storage+USGS_12105900
2005,8,7,194.859768808336,Delta_Storage+USGS_12105900
2005,8,8,156.789653212556,Delta_Storage+USGS_12105900
2005,8,9,159.789653212556,Delta_Storage+USGS_12105900
2005,8,10,159.789653212554,Delta_Storage+USGS_12105900
2005,8,11,202.859768808338,Delta_Storage+USGS_12105900
2005,8,12,158.789653212556,Delta_Storage+USGS_12105900
2005,8,13,114.719537616675,Delta_Storage+USGS_12105900
2005,8,14,157.789653212554,Delta_Storage+USGS_12105900
2005,8,15,157.789653212556,Delta_Storage+USGS_12105900
2005,8,16,157.789653212556,Delta_Storage+USGS_12105900
2005,8,17,157.789653212457,Delta_Storage+USGS_12105900
2005,8,18,164.489108515196,Delta_Storage+USGS_12105900
2005,8,19,167.836977411536,Delta_Storage+USGS_12105900
2005,8,20,166.836977411536,Delta_Storage+USGS_12105900
2005,8,21,127.115969881988,Delta_Storage+USGS_12105900
2005,8,22,131.115969882076,Delta_Storage+USGS_12105900
2005,8,23,174.836977411446,Delta_Storage+USGS_12105900
2005,8,24,136.115969882078,Delta_Storage+USGS_12105900
2005,8,25,136.115969881986,Delta_Storage+USGS_12105900
2005,8,26,136.115969882078,Delta_Storage+USGS_12105900
2005,8,27,135.117126288751,Delta_Storage+USGS_12105900
2005,8,28,147.964933965404,Delta_Storage+USGS_12105900
2005,8,29,148.964933965487,Delta_Storage+USGS_12105900
2005,8,30,367.017533017297,Delta_Storage+USGS_12105900
2005,8,31,256.491233491309,Delta_Storage+USGS_12105900
2005,9,1,219.982466982703,Delta_Storage+USGS_12105900
2005,9,2,190.473700474093,Delta_Storage+USGS_12105900
2005,9,3,161.964933965487,Delta_Storage+USGS_12105900
2005,9,4,161.964933965404,Delta_Storage+USGS_12105900
2005,9,5,161.964933965402,Delta_Storage+USGS_12105900
2005,9,6,161.964933965487,Delta_Storage+USGS_12105900
2005,9,7,165.964933965404,Delta_Storage+USGS_12105900
2005,9,8,170.962196621757,Delta_Storage+USGS_12105900
2005,9,9,154.437087606921,Delta_Storage+USGS_12105900
2005,9,10,193.949670085508,Delta_Storage+USGS_12105900
2005,9,11,293.487417521415,Delta_Storage+USGS_12105900
2005,9,12,228.462252564094,Delta_Storage+USGS_12105900
2005,9,13,198.949670085584,Delta_Storage+USGS_12105900
2005,9,14,169.437087606923,Delta_Storage+USGS_12105900
2005,9,15,194.437087606923,Delta_Storage+USGS_12105900
2005,9,16,156.412954601751,Delta_Storage+USGS_12105900
2005,9,17,184.477657484983,Delta_Storage+USGS_12105900
2005,9,18,182.477657484985,Delta_Storage+USGS_12105900
2005,9,19,149.831608554296,Delta_Storage+USGS_12105900
2005,9,20,147.831608554298,Delta_Storage+USGS_12105900
2005,9,21,153.416613995722,Delta_Storage+USGS_12105900
2005,9,22,165.055862820928,Delta_Storage+USGS_12105900
2005,9,23,142.937845673504,Delta_Storage+USGS_12105900
2005,9,24,144.937845673505,Delta_Storage+USGS_12105900
2005,9,25,150.587671961628,Delta_Storage+USGS_12105900
2005,9,26,184.31618992299,Delta_Storage+USGS_12105900
2005,9,27,179.179427907575,Delta_Storage+USGS_12105900
2005,9,28,146.077655887924,Delta_Storage+USGS_12105900
2005,9,29,203.851773394623,Delta_Storage+USGS_12105900
2005,9,30,2685.77571374055,Delta_Storage+USGS_12105900
2005,10,1,2168.27369512791,Delta_Storage+USGS_12105900
2005,10,2,546.579341172775,Delta_Storage+USGS_12105900
2005,10,3,279.804004944027,Delta_Storage+USGS_12105900
2005,10,4,343.185360738893,Delta_Storage+USGS_12105900
2005,10,5,386.328983314884,Delta_Storage+USGS_12105900
2005,10,6,370.21932220988,Delta_Storage+USGS_12105900
2005,10,7,448.027415276251,Delta_Storage+USGS_12105900
2005,10,8,488,Delta_Storage+USGS_12105900
2005,10,9,430.10966110494,Delta_Storage+USGS_12105900
2005,10,10,387.2005950469,Delta_Storage+USGS_12105900
2005,10,11,353.286003777002,Delta_Storage+USGS_12105900
2005,10,12,361.21450283278,Delta_Storage+USGS_12105900
2005,10,13,386.214502832781,Delta_Storage+USGS_12105900
2005,10,14,375.286003777001,Delta_Storage+USGS_12105900
2005,10,15,362.001353440013,Delta_Storage+USGS_12105900
2005,10,16,351.288460079296,Delta_Storage+USGS_12105900
2005,10,17,409.430768063442,Delta_Storage+USGS_12105900
2005,10,18,574,Delta_Storage+USGS_12105900
2005,10,19,538.359614071356,Delta_Storage+USGS_12105900
2005,10,20,752.786538023794,Delta_Storage+USGS_12105900
2005,10,21,782.858034849706,Delta_Storage+USGS_12105900
2005,10,22,696.358599097201,Delta_Storage+USGS_12105900
2005,10,23,597.625569494014,Delta_Storage+USGS_12105900
2005,10,24,473.335239584122,Delta_Storage+USGS_12105900
2005,10,25,443.27743906054,Delta_Storage+USGS_12105900
2005,10,26,425.659045530268,Delta_Storage+USGS_12105900
2005,10,27,446.953945777966,Delta_Storage+USGS_12105900
2005,10,28,395.768529223428,Delta_Storage+USGS_12105900
2005,10,29,400.91192900147,Delta_Storage+USGS_12105900
2005,10,30,400.815004530542,Delta_Storage+USGS_12105900
2005,10,31,1414.85461329359,Delta_Storage+USGS_12105900
2005,11,1,2974.46691540986,Delta_Storage+USGS_12105900
2005,11,2,2728.15424017881,Delta_Storage+USGS_12105900
2005,11,3,1749.44315882296,Delta_Storage+USGS_12105900
2005,11,4,1704.68234034212,Delta_Storage+USGS_12105900
2005,11,5,1615.31765965788,Delta_Storage+USGS_12105900
2005,11,6,1736.18808410539,Delta_Storage+USGS_12105900
2005,11,7,1772.72300633513,Delta_Storage+USGS_12105900
2005,11,8,1246.84178144112,Delta_Storage+USGS_12105900
2005,11,9,955.223617605191,Delta_Storage+USGS_12105900
2005,11,10,921.141063079036,Delta_Storage+USGS_12105900
2005,11,11,1210.94003324211,Delta_Storage+USGS_12105900
2005,11,12,1206.08347727106,Delta_Storage+USGS_12105900
2005,11,13,1516.58829828942,Delta_Storage+USGS_12105900
2005,11,14,1880.43521222375,Delta_Storage+USGS_12105900
2005,11,15,1636.58829828942,Delta_Storage+USGS_12105900
2005,11,16,1305.51823401325,Delta_Storage+USGS_12105900
2005,11,17,1178.72889410511,Delta_Storage+USGS_12105900
2005,11,18,1009.72936136846,Delta_Storage+USGS_12105900
2005,11,19,1105.90783901633,Delta_Storage+USGS_12105900
2005,11,20,1116.23322406271,Delta_Storage+USGS_12105900
2005,11,21,1111.27063863153,Delta_Storage+USGS_12105900
2005,11,22,960.835426407792,Delta_Storage+USGS_12105900
2005,11,23,875,Delta_Storage+USGS_12105900
2005,11,24,824.705850855288,Delta_Storage+USGS_12105900
2005,11,25,813.658829828944,Delta_Storage+USGS_12105900
2005,11,26,924.823403421153,Delta_Storage+USGS_12105900
2005,11,27,713.200107092019,Delta_Storage+USGS_12105900
2005,11,28,699.341170171056,Delta_Storage+USGS_12105900
2005,11,29,688.976489486828,Delta_Storage+USGS_12105900
2005,11,30,648.976489486828,Delta_Storage+USGS_12105900
2005,12,1,576.658829828939,Delta_Storage+USGS_12105900
2005,12,2,593.705850855288,Delta_Storage+USGS_12105900
2005,12,3,499.280729178937,Delta_Storage+USGS_12105900
2005,12,4,430.307569110487,Delta_Storage+USGS_12105900
2005,12,5,436.023510513177,Delta_Storage+USGS_12105900
2005,12,6,432.682340342111,Delta_Storage+USGS_12105900
2005,12,7,421.317659657889,Delta_Storage+USGS_12105900
2005,12,8,404.702054173554,Delta_Storage+USGS_12105900
2005,12,9,376.198802783319,Delta_Storage+USGS_12105900
2005,12,10,360,Delta_Storage+USGS_12105900
2005,12,11,360.966866202779,Delta_Storage+USGS_12105900
2005,12,12,379,Delta_Storage+USGS_12105900
2005,12,13,377.265070377758,Delta_Storage+USGS_12105900
2005,12,14,358.298204174977,Delta_Storage+USGS_12105900
2005,12,15,332.198802783319,Delta_Storage+USGS_12105900
2005,12,16,309.033133797221,Delta_Storage+USGS_12105900
2005,12,17,289.90059860834,Delta_Storage+USGS_12105900
2005,12,18,288.933732405561,Delta_Storage+USGS_12105900
2005,12,19,287.966866202779,Delta_Storage+USGS_12105900
2005,12,20,335.933732405561,Delta_Storage+USGS_12105900
2005,12,21,467.132535188878,Delta_Storage+USGS_12105900
2005,12,22,817.198802783319,Delta_Storage+USGS_12105900
2005,12,23,1851.93373240556,Delta_Storage+USGS_12105900
2005,12,24,4997.61920372488,Delta_Storage+USGS_12105900
2005,12,25,4021.63938384346,Delta_Storage+USGS_12105900
2005,12,26,2436.84679990672,Delta_Storage+USGS_12105900
2005,12,27,2820.05508165316,Delta_Storage+USGS_12105900
2005,12,28,2790.91178454962,Delta_Storage+USGS_12105900
2005,12,29,2596.26669309824,Delta_Storage+USGS_12105900
2005,12,30,2377.29658145449,Delta_Storage+USGS_12105900
2005,12,31,2189.57196192399,Delta_Storage+USGS_12105900
2006,1,1,2836.52686629603,Delta_Storage+USGS_12105900
2006,1,2,1882.31796648362,Delta_Storage+USGS_12105900
2006,1,3,1713.18559972973,Delta_Storage+USGS_12105900
2006,1,4,1436.79521113327,Delta_Storage+USGS_12105900
2006,1,5,1248.06626759444,Delta_Storage+USGS_12105900
2006,1,6,1678.70179582502,Delta_Storage+USGS_12105900
2006,1,7,2888.57016705582,Delta_Storage+USGS_12105900
2006,1,8,4489.86566340167,Delta_Storage+USGS_12105900
2006,1,9,1398.94695196723,Delta_Storage+USGS_12105900
2006,1,10,8037.02199150357,Delta_Storage+USGS_12105900
2006,1,11,8751.49344521201,Delta_Storage+USGS_12105900
2006,1,12,7346.67174926123,Delta_Storage+USGS_12105900
2006,1,13,4655.26355076958,Delta_Storage+USGS_12105900
2006,1,14,3796.27088505619,Delta_Storage+USGS_12105900
2006,1,15,2886.9823912773,Delta_Storage+USGS_12105900
2006,1,16,2093.10938406399,Delta_Storage+USGS_12105900
2006,1,17,2106.43934866199,Delta_Storage+USGS_12105900
2006,1,18,2081.62954214718,Delta_Storage+USGS_12105900
2006,1,19,2005.46985924448,Delta_Storage+USGS_12105900
2006,1,20,2002.28359964928,Delta_Storage+USGS_12105900
2006,1,21,2060.61699895906,Delta_Storage+USGS_12105900
2006,1,22,1684.8343310139,Delta_Storage+USGS_12105900
2006,1,23,1672.26507037776,Delta_Storage+USGS_12105900
2006,1,24,1395.1656689861,Delta_Storage+USGS_12105900
2006,1,25,1568.06626759444,Delta_Storage+USGS_12105900
2006,1,26,1379.26039770227,Delta_Storage+USGS_12105900
2006,1,27,1280.10436731676,Delta_Storage+USGS_12105900
2006,1,28,1211.93343915594,Delta_Storage+USGS_12105900
2006,1,29,1338.70179582502,Delta_Storage+USGS_12105900
2006,1,30,2665.46985924449,Delta_Storage+USGS_12105900
2006,1,31,2619.69580974161,Delta_Storage+USGS_12105900
2006,2,1,2488.03911988063,Delta_Storage+USGS_12105900
2006,2,2,2607.12654910547,Delta_Storage+USGS_12105900
2006,2,3,2563.86746481112,Delta_Storage+USGS_12105900
2006,2,4,2476.13253518888,Delta_Storage+USGS_12105900
2006,2,5,2015.80119721668,Delta_Storage+USGS_12105900
2006,2,6,1686.13253518888,Delta_Storage+USGS_12105900
2006,2,7,1526.43672544727,Delta_Storage+USGS_12105900
2006,2,8,1292.26507037776,Delta_Storage+USGS_12105900
2006,2,9,1096.76806341946,Delta_Storage+USGS_12105900
2006,2,10,991.635528230582,Delta_Storage+USGS_12105900
2006,2,11,952.563225119013,Delta_Storage+USGS_12105900
2006,2,12,930.341170171061,Delta_Storage+USGS_12105900
2006,2,13,913.635319315767,Delta_Storage+USGS_12105900
2006,2,14,905.635319315767,Delta_Storage+USGS_12105900
2006,2,15,844.99063506449,Delta_Storage+USGS_12105900
2006,2,16,765.132535188878,Delta_Storage+USGS_12105900
2006,2,17,654,Delta_Storage+USGS_12105900
2006,2,18,548.602394433364,Delta_Storage+USGS_12105900
2006,2,19,589.733158050194,Delta_Storage+USGS_12105900
2006,2,20,699.776382394804,Delta_Storage+USGS_12105900
2006,2,21,733.176596578847,Delta_Storage+USGS_12105900
2006,2,22,684.711468542791,Delta_Storage+USGS_12105900
2006,2,23,874.13253518888,Delta_Storage+USGS_12105900
2006,2,24,786.728629268239,Delta_Storage+USGS_12105900
2006,2,25,670.668976298398,Delta_Storage+USGS_12105900
2006,2,26,730.602394433364,Delta_Storage+USGS_12105900
2006,2,27,743.530140755514,Delta_Storage+USGS_12105900
2006,2,28,818.933732405561,Delta_Storage+USGS_12105900
2006,3,1,877.867464811122,Delta_Storage+USGS_12105900
2006,3,2,823,Delta_Storage+USGS_12105900
2006,3,3,758.635528230582,Delta_Storage+USGS_12105900
2006,3,4,731.469859244486,Delta_Storage+USGS_12105900
2006,3,5,741.695760307891,Delta_Storage+USGS_12105900
2006,3,6,812.341170171061,Delta_Storage+USGS_12105900
2006,3,7,727.625745465442,Delta_Storage+USGS_12105900
2006,3,8,673.90059860834,Delta_Storage+USGS_12105900
2006,3,9,782.502993041704,Delta_Storage+USGS_12105900
2006,3,10,716.497006958296,Delta_Storage+USGS_12105900
2006,3,11,618.265070377758,Delta_Storage+USGS_12105900
2006,3,12,584.536126838923,Delta_Storage+USGS_12105900
2006,3,13,634.966866202782,Delta_Storage+USGS_12105900
2006,3,14,589.397605566636,Delta_Storage+USGS_12105900
2006,3,15,542,Delta_Storage+USGS_12105900
2006,3,16,461.265070377758,Delta_Storage+USGS_12105900
2006,3,17,395.668662027803,Delta_Storage+USGS_12105900
2006,3,18,420.644893166093,Delta_Storage+USGS_12105900
2006,3,19,467.529254276441,Delta_Storage+USGS_12105900
2006,3,20,490.489770412686,Delta_Storage+USGS_12105900
2006,3,21,511.700642371988,Delta_Storage+USGS_12105900
2006,3,22,604.273827548794,Delta_Storage+USGS_12105900
2006,3,23,726.579677083728,Delta_Storage+USGS_12105900
2006,3,24,555.956082582803,Delta_Storage+USGS_12105900
2006,3,25,696.905957947313,Delta_Storage+USGS_12105900
2006,3,26,713.976489486823,Delta_Storage+USGS_12105900
2006,3,27,667.929468460484,Delta_Storage+USGS_12105900
2006,3,28,638.417528312891,Delta_Storage+USGS_12105900
2006,3,29,699.582471687109,Delta_Storage+USGS_12105900
2006,3,30,745.351260718452,Delta_Storage+USGS_12105900
2006,3,31,739.198802783317,Delta_Storage+USGS_12105900
2006,4,1,761.834331013901,Delta_Storage+USGS_12105900
2006,4,2,854.827200102887,Delta_Storage+USGS_12105900
2006,4,3,1061.45989300643,Delta_Storage+USGS_12105900
2006,4,4,985.726109944279,Delta_Storage+USGS_12105900
2006,4,5,1160,Delta_Storage+USGS_12105900
2006,4,6,1205.40229533872,Delta_Storage+USGS_12105900
2006,4,7,1128.75017059379,Delta_Storage+USGS_12105900
2006,4,8,1053.23193658054,Delta_Storage+USGS_12105900
2006,4,9,1173.33555248356,Delta_Storage+USGS_12105900
2006,4,10,1614.97432048232,Delta_Storage+USGS_12105900
2006,4,11,1239.07270054403,Delta_Storage+USGS_12105900
2006,4,12,1212.54127726308,Delta_Storage+USGS_12105900
2006,4,13,1300.63531931577,Delta_Storage+USGS_12105900
2006,4,14,1828.09404205269,Delta_Storage+USGS_12105900
2006,4,15,1918.29414914471,Delta_Storage+USGS_12105900
2006,4,16,1613.6118088026,Delta_Storage+USGS_12105900
2006,4,17,1257.65882982894,Delta_Storage+USGS_12105900
2006,4,18,1301.53772604366,Delta_Storage+USGS_12105900
2006,4,19,1225.28567737749,Delta_Storage+USGS_12105900
2006,4,20,1226.56099109452,Delta_Storage+USGS_12105900
2006,4,21,1293.56327455273,Delta_Storage+USGS_12105900
2006,4,22,1345.46985924449,Delta_Storage+USGS_12105900
2006,4,23,1319.03313379722,Delta_Storage+USGS_12105900
2006,4,24,1302.26507037776,Delta_Storage+USGS_12105900
2006,4,25,1343.86746481112,Delta_Storage+USGS_12105900
2006,4,26,1425.80119721668,Delta_Storage+USGS_12105900
2006,4,27,1409.03313379722,Delta_Storage+USGS_12105900
2006,4,28,1664.40587510826,Delta_Storage+USGS_12105900
2006,4,29,2078.09404205269,Delta_Storage+USGS_12105900
2006,4,30,2228.04703288608,Delta_Storage+USGS_12105900
2006,5,1,1609.45304995297,Delta_Storage+USGS_12105900
2006,5,2,1309.03313379722,Delta_Storage+USGS_12105900
2006,5,3,1172.90059860834,Delta_Storage+USGS_12105900
2006,5,4,1097.09940139166,Delta_Storage+USGS_12105900
2006,5,5,1071.32572028469,Delta_Storage+USGS_12105900
2006,5,6,1318.75497675579,Delta_Storage+USGS_12105900
2006,5,7,1294.27389005572,Delta_Storage+USGS_12105900
2006,5,8,1330.83822176014,Delta_Storage+USGS_12105900
2006,5,9,1249.69918045386,Delta_Storage+USGS_12105900
2006,5,10,1086.07584004396,Delta_Storage+USGS_12105900
2006,5,11,1063.08009784893,Delta_Storage+USGS_12105900
2006,5,12,1187.84886177143,Delta_Storage+USGS_12105900
2006,5,13,1194.45782382573,Delta_Storage+USGS_12105900
2006,5,14,1067.53524386233,Delta_Storage+USGS_12105900
2006,5,15,1214.46374291808,Delta_Storage+USGS_12105900
2006,5,16,1891.17126328822,Delta_Storage+USGS_12105900
2006,5,17,2435.61161954339,Delta_Storage+USGS_12105900
2006,5,18,1972.00578024411,Delta_Storage+USGS_12105900
2006,5,19,1972.8630531458,Delta_Storage+USGS_12105900
2006,5,20,1810.33257991223,Delta_Storage+USGS_12105900
2006,5,21,1546.45376864133,Delta_Storage+USGS_12105900
2006,5,22,1296.58954285667,Delta_Storage+USGS_12105900
2006,5,23,1383.11229490541,Delta_Storage+USGS_12105900
2006,5,24,1340.83241153722,Delta_Storage+USGS_12105900
2006,5,25,1235.57779710886,Delta_Storage+USGS_12105900
2006,5,26,1229.33678289141,Delta_Storage+USGS_12105900
2006,5,27,1147.05905799877,Delta_Storage+USGS_12105900
2006,5,28,1532.68873717923,Delta_Storage+USGS_12105900
2006,5,29,2235.27418907073,Delta_Storage+USGS_12105900
2006,5,30,1755.5613655605,Delta_Storage+USGS_12105900
2006,5,31,1320.47370047401,Delta_Storage+USGS_12105900
2006,6,1,1170.47370047409,Delta_Storage+USGS_12105900
2006,6,2,1280,Delta_Storage+USGS_12105900
2006,6,3,1353.0175330173,Delta_Storage+USGS_12105900
2006,6,4,1193.49123349139,Delta_Storage+USGS_12105900
2006,6,5,1136.50876650861,Delta_Storage+USGS_12105900
2006,6,6,1093.0175330173,Delta_Storage+USGS_12105900
2006,6,7,989.017533017299,Delta_Storage+USGS_12105900
2006,6,8,881.017533017215,Delta_Storage+USGS_12105900
2006,6,9,896.017533017299,Delta_Storage+USGS_12105900
2006,6,10,694,Delta_Storage+USGS_12105900
2006,6,11,690.526299525905,Delta_Storage+USGS_12105900
2006,6,12,672.035066034598,Delta_Storage+USGS_12105900
2006,6,13,830.578898577802,Delta_Storage+USGS_12105900
2006,6,14,823.275670337778,Delta_Storage+USGS_12105900
2006,6,15,888.210075294943,Delta_Storage+USGS_12105900
2006,6,16,870.489067765485,Delta_Storage+USGS_12105900
2006,6,17,832.768060235937,Delta_Storage+USGS_12105900
2006,6,18,885.559685596566,Delta_Storage+USGS_12105900
2006,6,19,753.280462383325,Delta_Storage+USGS_12105900
2006,6,20,710.210346787444,Delta_Storage+USGS_12105900
2006,6,21,574.070115595782,Delta_Storage+USGS_12105900
2006,6,22,631.210346787543,Delta_Storage+USGS_12105900
2006,6,23,584.070115595782,Delta_Storage+USGS_12105900
2006,6,24,530.929884404218,Delta_Storage+USGS_12105900
2006,6,25,529.929884404121,Delta_Storage+USGS_12105900
2006,6,26,452.789653212554,Delta_Storage+USGS_12105900
2006,6,27,471.789653212556,Delta_Storage+USGS_12105900
2006,6,28,459.719537616675,Delta_Storage+USGS_12105900
2006,6,29,357.57930642511,Delta_Storage+USGS_12105900
2006,6,30,365.418992919316,Delta_Storage+USGS_12105900
2006,7,1,372.115969882077,Delta_Storage+USGS_12105900
2006,7,2,370.115969881988,Delta_Storage+USGS_12105900
2006,7,3,269.394962352528,Delta_Storage+USGS_12105900
2006,7,4,303.836977411536,Delta_Storage+USGS_12105900
2006,7,5,287.557984940994,Delta_Storage+USGS_12105900
2006,7,6,290.278992470542,Delta_Storage+USGS_12105900
2006,7,7,274.278992470452,Delta_Storage+USGS_12105900
2006,7,8,294,Delta_Storage+USGS_12105900
2006,7,9,294,Delta_Storage+USGS_12105900
2006,7,10,255.278992470542,Delta_Storage+USGS_12105900
2006,7,11,294,Delta_Storage+USGS_12105900
2006,7,12,237.27899247045,Delta_Storage+USGS_12105900
2006,7,13,263,Delta_Storage+USGS_12105900
2006,7,14,263,Delta_Storage+USGS_12105900
2006,7,15,263,Delta_Storage+USGS_12105900
2006,7,16,263,Delta_Storage+USGS_12105900
2006,7,17,223.278992470542,Delta_Storage+USGS_12105900
2006,7,18,212.278992470542,Delta_Storage+USGS_12105900
2006,7,19,203.278992470452,Delta_Storage+USGS_12105900
2006,7,20,243,Delta_Storage+USGS_12105900
2006,7,21,196.278992470542,Delta_Storage+USGS_12105900
2006,7,22,192.278992470452,Delta_Storage+USGS_12105900
2006,7,23,232,Delta_Storage+USGS_12105900
2006,7,24,192.278992470542,Delta_Storage+USGS_12105900
2006,7,25,192.278992470542,Delta_Storage+USGS_12105900
2006,7,26,192.278992470452,Delta_Storage+USGS_12105900
2006,7,27,151.557984940992,Delta_Storage+USGS_12105900
2006,7,28,191.280148877307,Delta_Storage+USGS_12105900
2006,7,29,157.982466982703,Delta_Storage+USGS_12105900
2006,7,30,193.491233491392,Delta_Storage+USGS_12105900
2006,7,31,193.491233491309,Delta_Storage+USGS_12105900
2006,8,1,155.982466982784,Delta_Storage+USGS_12105900
2006,8,2,192.491233491309,Delta_Storage+USGS_12105900
2006,8,3,155.982466982703,Delta_Storage+USGS_12105900
2006,8,4,155.982466982784,Delta_Storage+USGS_12105900
2006,8,5,192.491233491309,Delta_Storage+USGS_12105900
2006,8,6,155.982466982701,Delta_Storage+USGS_12105900
2006,8,7,155.982466982785,Delta_Storage+USGS_12105900
2006,8,8,155.982466982701,Delta_Storage+USGS_12105900
2006,8,9,161.982466982703,Delta_Storage+USGS_12105900
2006,8,10,119.473700474093,Delta_Storage+USGS_12105900
2006,8,11,152.982466982703,Delta_Storage+USGS_12105900
2006,8,12,155.982466982701,Delta_Storage+USGS_12105900
2006,8,13,155.982466982701,Delta_Storage+USGS_12105900
2006,8,14,158.982466982785,Delta_Storage+USGS_12105900
2006,8,15,127.47370047401,Delta_Storage+USGS_12105900
2006,8,16,132.467147160394,Delta_Storage+USGS_12105900
2006,8,17,168.974835042754,Delta_Storage+USGS_12105900
2006,8,18,140.462252564169,Delta_Storage+USGS_12105900
2006,8,19,145.462252564169,Delta_Storage+USGS_12105900
2006,8,20,145.462252564169,Delta_Storage+USGS_12105900
2006,8,21,144.462252564169,Delta_Storage+USGS_12105900
2006,8,22,110.949670085508,Delta_Storage+USGS_12105900
2006,8,23,143.462252564169,Delta_Storage+USGS_12105900
2006,8,24,143.462252564169,Delta_Storage+USGS_12105900
2006,8,25,108.949670085507,Delta_Storage+USGS_12105900
2006,8,26,141.462252564169,Delta_Storage+USGS_12105900
2006,8,27,112.683769133386,Delta_Storage+USGS_12105900
2006,8,28,149.061853207871,Delta_Storage+USGS_12105900
2006,8,29,116.415804277114,Delta_Storage+USGS_12105900
2006,8,30,144.061853207869,Delta_Storage+USGS_12105900
2006,8,31,144.061853207871,Delta_Storage+USGS_12105900
2006,9,1,125.415804277112,Delta_Storage+USGS_12105900
2006,9,2,140.415804277184,Delta_Storage+USGS_12105900
2006,9,3,140.415804277114,Delta_Storage+USGS_12105900
2006,9,4,108.769755346427,Delta_Storage+USGS_12105900
2006,9,5,112.826729004526,Delta_Storage+USGS_12105900
2006,9,6,120.409914263072,Delta_Storage+USGS_12105900
2006,9,7,120.409914263072,Delta_Storage+USGS_12105900
2006,9,8,122.409914263072,Delta_Storage+USGS_12105900
2006,9,9,125.409914263073,Delta_Storage+USGS_12105900
2006,9,10,125.409914263072,Delta_Storage+USGS_12105900
2006,9,11,95.2918971157117,Delta_Storage+USGS_12105900
2006,9,12,122.059740551133,Delta_Storage+USGS_12105900
2006,9,13,118.158094961495,Delta_Storage+USGS_12105900
2006,9,14,111.158094961495,Delta_Storage+USGS_12105900
2006,9,15,184.863237984586,Delta_Storage+USGS_12105900
2006,9,16,167.294856976908,Delta_Storage+USGS_12105900
2006,9,17,141.726475969173,Delta_Storage+USGS_12105900
2006,9,18,141.726475969231,Delta_Storage+USGS_12105900
2006,9,19,156.29485697685,Delta_Storage+USGS_12105900
2006,9,20,136.726475969231,Delta_Storage+USGS_12105900
2006,9,21,270,Delta_Storage+USGS_12105900
2006,9,22,356.136762015413,Delta_Storage+USGS_12105900
2006,9,23,164.727469028894,Delta_Storage+USGS_12105900
2006,9,24,178.380236452606,Delta_Storage+USGS_12105900
2006,9,25,152.760472905264,Delta_Storage+USGS_12105900
2006,9,26,145.140709357818,Delta_Storage+USGS_12105900
2006,9,27,136.14070935787,Delta_Storage+USGS_12105900
2006,9,28,134.140709357818,Delta_Storage+USGS_12105900
2006,9,29,121.140709357869,Delta_Storage+USGS_12105900
2006,9,30,113.547173746131,Delta_Storage+USGS_12105900
2006,10,1,125.574299594924,Delta_Storage+USGS_12105900
2006,10,2,123.57429959497,Delta_Storage+USGS_12105900
2006,10,3,123.574299594924,Delta_Storage+USGS_12105900
2006,10,4,164.382866396663,Delta_Storage+USGS_12105900
2006,10,5,103.170016194102,Delta_Storage+USGS_12105900
2006,10,6,81.1621953423687,Delta_Storage+USGS_12105900
2006,10,7,119.365689726297,Delta_Storage+USGS_12105900
2006,10,8,119.365689726339,Delta_Storage+USGS_12105900
2006,10,9,154.910459817532,Delta_Storage+USGS_12105900
2006,10,10,80.8209196351045,Delta_Storage+USGS_12105900
2006,10,11,135.638074771935,Delta_Storage+USGS_12105900
2006,10,12,121.854527788457,Delta_Storage+USGS_12105900
2006,10,13,77.0130730312167,Delta_Storage+USGS_12105900
2006,10,14,141.785040572906,Delta_Storage+USGS_12105900
2006,10,15,125.342048687503,Delta_Storage+USGS_12105900
2006,10,16,173.671024343751,Delta_Storage+USGS_12105900
2006,10,17,205.557008114559,Delta_Storage+USGS_12105900
2006,10,18,172.671024343751,Delta_Storage+USGS_12105900
2006,10,19,191.114016229155,Delta_Storage+USGS_12105900
2006,10,20,501.758894510436,Delta_Storage+USGS_12105900
2006,10,21,329,Delta_Storage+USGS_12105900
2006,10,22,217.342048687502,Delta_Storage+USGS_12105900
2006,10,23,179.899056802061,Delta_Storage+USGS_12105900
2006,10,24,169.555931725322,Delta_Storage+USGS_12105900
2006,10,25,230.922943879477,Delta_Storage+USGS_12105900
2006,10,26,245.884415819231,Delta_Storage+USGS_12105900
2006,10,27,221.807359698708,Delta_Storage+USGS_12105900
2006,10,28,177.730303578184,Delta_Storage+USGS_12105900
2006,10,29,198.845887758953,Delta_Storage+USGS_12105900
2006,10,30,338.115584180802,Delta_Storage+USGS_12105900
2006,10,31,297.845887758953,Delta_Storage+USGS_12105900
2006,11,1,821.642507753835,Delta_Storage+USGS_12105900
2006,11,2,365.974433552125,Delta_Storage+USGS_12105900
2006,11,3,250.265442888106,Delta_Storage+USGS_12105900
2006,11,4,720.820193739753,Delta_Storage+USGS_12105900
2006,11,5,2343.34782294396,Delta_Storage+USGS_12105900
2006,11,6,3736.74910152699,Delta_Storage+USGS_12105900
2006,11,7,18792.5160348553,Delta_Storage+USGS_12105900
2006,11,8,16636.1850253945,Delta_Storage+USGS_12105900
2006,11,9,5067.62945865154,Delta_Storage+USGS_12105900
2006,11,10,3076.00852144534,Delta_Storage+USGS_12105900
2006,11,11,2628.62605110261,Delta_Storage+USGS_12105900
2006,11,12,2368.95910123563,Delta_Storage+USGS_12105900
2006,11,13,3051.68644039878,Delta_Storage+USGS_12105900
2006,11,14,2307.26627790207,Delta_Storage+USGS_12105900
2006,11,15,2165.03618918366,Delta_Storage+USGS_12105900
2006,11,16,2358.59234836295,Delta_Storage+USGS_12105900
2006,11,17,1971.4203854232,Delta_Storage+USGS_12105900
2006,11,18,1850.63800592519,Delta_Storage+USGS_12105900
2006,11,19,1586.59495014816,Delta_Storage+USGS_12105900
2006,11,20,1983.96204588018,Delta_Storage+USGS_12105900
2006,11,21,1240.25199759199,Delta_Storage+USGS_12105900
2006,11,22,1206.12577887077,Delta_Storage+USGS_12105900
2006,11,23,1199.58008384426,Delta_Storage+USGS_12105900
2006,11,24,1553.77591707745,Delta_Storage+USGS_12105900
2006,11,25,1297.66961782413,Delta_Storage+USGS_12105900
2006,11,26,1111.40160283788,Delta_Storage+USGS_12105900
2006,11,27,979.305936466473,Delta_Storage+USGS_12105900
2006,11,28,952.366243341466,Delta_Storage+USGS_12105900
2006,11,29,711.472470582389,Delta_Storage+USGS_12105900
2006,11,30,766.428128025951,Delta_Storage+USGS_12105900
2006,12,1,714,Delta_Storage+USGS_12105900
2006,12,2,657.344966852789,Delta_Storage+USGS_12105900
2006,12,3,642.364680684233,Delta_Storage+USGS_12105900
2006,12,4,671.658829828939,Delta_Storage+USGS_12105900
2006,12,5,863.682340342116,Delta_Storage+USGS_12105900
2006,12,6,804.28052026412,Delta_Storage+USGS_12105900
2006,12,7,776.364471769418,Delta_Storage+USGS_12105900
2006,12,8,755.96686620278,Delta_Storage+USGS_12105900
2006,12,9,741.834331013901,Delta_Storage+USGS_12105900
2006,12,10,752.701795825023,Delta_Storage+USGS_12105900
2006,12,11,1312.85201492476,Delta_Storage+USGS_12105900
2006,12,12,2262.52926613618,Delta_Storage+USGS_12105900
2006,12,13,3189.37669181113,Delta_Storage+USGS_12105900
2006,12,14,3812.34142851959,Delta_Storage+USGS_12105900
2006,12,15,4906.82965978073,Delta_Storage+USGS_12105900
2006,12,16,2100.93241755532,Delta_Storage+USGS_12105900
2006,12,17,2086.21407781214,Delta_Storage+USGS_12105900
2006,12,18,1588.59986180606,Delta_Storage+USGS_12105900
2006,12,19,1224.19204646521,Delta_Storage+USGS_12105900
2006,12,20,1120.89050806095,Delta_Storage+USGS_12105900
2006,12,21,1060.07635814184,Delta_Storage+USGS_12105900
2006,12,22,842.497006958296,Delta_Storage+USGS_12105900
2006,12,23,802.403591650045,Delta_Storage+USGS_12105900
2006,12,24,889.117085302516,Delta_Storage+USGS_12105900
2006,12,25,894.682340342116,Delta_Storage+USGS_12105900
2006,12,26,987.341170171056,Delta_Storage+USGS_12105900
2006,12,27,855.654615317584,Delta_Storage+USGS_12105900
2006,12,28,676.298204174979,Delta_Storage+USGS_12105900
2006,12,29,591.039119880627,Delta_Storage+USGS_12105900
2006,12,30,624.00806062681,Delta_Storage+USGS_12105900
2006,12,31,627.458722736925,Delta_Storage+USGS_12105900
2007,1,1,652.760409044221,Delta_Storage+USGS_12105900
2007,1,2,1229.98089932078,Delta_Storage+USGS_12105900
2007,1,3,5878.39576115684,Delta_Storage+USGS_12105900
2007,1,4,3860.51024217618,Delta_Storage+USGS_12105900
2007,1,5,1901.60294491231,Delta_Storage+USGS_12105900
2007,1,6,1991.26751013957,Delta_Storage+USGS_12105900
2007,1,7,2480.71125962798,Delta_Storage+USGS_12105900
2007,1,8,4426.62460214722,Delta_Storage+USGS_12105900
2007,1,9,2568.04054210044,Delta_Storage+USGS_12105900
2007,1,10,2182.71763817705,Delta_Storage+USGS_12105900
2007,1,11,1800.02080922533,Delta_Storage+USGS_12105900
2007,1,12,1388.27333991938,Delta_Storage+USGS_12105900
2007,1,13,1373.2748365201,Delta_Storage+USGS_12105900
2007,1,14,1285.70700926506,Delta_Storage+USGS_12105900
2007,1,15,1140.01273378615,Delta_Storage+USGS_12105900
2007,1,16,951.640739744459,Delta_Storage+USGS_12105900
2007,1,17,933.658829828944,Delta_Storage+USGS_12105900
2007,1,18,888.976489486828,Delta_Storage+USGS_12105900
2007,1,19,851.635319315767,Delta_Storage+USGS_12105900
2007,1,20,879.752871881632,Delta_Storage+USGS_12105900
2007,1,21,854.341170171061,Delta_Storage+USGS_12105900
2007,1,22,802.929468460479,Delta_Storage+USGS_12105900
2007,1,23,838,Delta_Storage+USGS_12105900
2007,1,24,823.635319315773,Delta_Storage+USGS_12105900
2007,1,25,912.776382394804,Delta_Storage+USGS_12105900
2007,1,26,831.635319315773,Delta_Storage+USGS_12105900
2007,1,27,783.117552565865,Delta_Storage+USGS_12105900
2007,1,28,831.613913676743,Delta_Storage+USGS_12105900
2007,1,29,832.566880790663,Delta_Storage+USGS_12105900
2007,1,30,821.152862260547,Delta_Storage+USGS_12105900
2007,1,31,726.478259166661,Delta_Storage+USGS_12105900
2007,2,1,676.72130074165,Delta_Storage+USGS_12105900
2007,2,2,618.03313379722,Delta_Storage+USGS_12105900
2007,2,3,620.96686620278,Delta_Storage+USGS_12105900
2007,2,4,620.966866202782,Delta_Storage+USGS_12105900
2007,2,5,679.933732405561,Delta_Storage+USGS_12105900
2007,2,6,875.67224979472,Delta_Storage+USGS_12105900
2007,2,7,976.047021026344,Delta_Storage+USGS_12105900
2007,2,8,1283.32706602975,Delta_Storage+USGS_12105900
2007,2,9,1158.98679694641,Delta_Storage+USGS_12105900
2007,2,10,1101.93373240556,Delta_Storage+USGS_12105900
2007,2,11,1098.06626759444,Delta_Storage+USGS_12105900
2007,2,12,1121.29794582645,Delta_Storage+USGS_12105900
2007,2,13,1080.63578657912,Delta_Storage+USGS_12105900
2007,2,14,1013.23193658054,Delta_Storage+USGS_12105900
2007,2,15,2610.96686620278,Delta_Storage+USGS_12105900
2007,2,16,4299.03313379722,Delta_Storage+USGS_12105900
2007,2,17,2887.83812769564,Delta_Storage+USGS_12105900
2007,2,18,2663.72278253,Delta_Storage+USGS_12105900
2007,2,19,2007.80356154378,Delta_Storage+USGS_12105900
2007,2,20,3155.04357619567,Delta_Storage+USGS_12105900
2007,2,21,2362.59465332276,Delta_Storage+USGS_12105900
2007,2,22,1743.6118088026,Delta_Storage+USGS_12105900
2007,2,23,1500.93366634904,Delta_Storage+USGS_12105900
2007,2,24,1419.36023555572,Delta_Storage+USGS_12105900
2007,2,25,1349.7092265872,Delta_Storage+USGS_12105900
2007,2,26,1062.62115558867,Delta_Storage+USGS_12105900
2007,2,27,1024.66076435173,Delta_Storage+USGS_12105900
2007,2,28,995.388979344622,Delta_Storage+USGS_12105900
2007,3,1,919.42004170926,Delta_Storage+USGS_12105900
2007,3,2,840.252025025568,Delta_Storage+USGS_12105900
2007,3,3,741.626012512774,Delta_Storage+USGS_12105900
2007,3,4,801.507241269902,Delta_Storage+USGS_12105900
2007,3,5,1069.48815262489,Delta_Storage+USGS_12105900
2007,3,6,1250.74094530759,Delta_Storage+USGS_12105900
2007,3,7,1261.04750731303,Delta_Storage+USGS_12105900
2007,3,8,1770.95624872239,Delta_Storage+USGS_12105900
2007,3,9,1534.96490906352,Delta_Storage+USGS_12105900
2007,3,10,1405.14615209515,Delta_Storage+USGS_12105900
2007,3,11,2706.92500189691,Delta_Storage+USGS_12105900
2007,3,12,6823.47391521238,Delta_Storage+USGS_12105900
2007,3,13,4947.80809306634,Delta_Storage+USGS_12105900
2007,3,14,2847.94516944753,Delta_Storage+USGS_12105900
2007,3,15,2033.97258472375,Delta_Storage+USGS_12105900
2007,3,16,1677.67101668515,Delta_Storage+USGS_12105900
2007,3,17,1642.45677393474,Delta_Storage+USGS_12105900
2007,3,18,1910.23851655726,Delta_Storage+USGS_12105900
2007,3,19,3446.6710986796,Delta_Storage+USGS_12105900
2007,3,20,2734.44711740924,Delta_Storage+USGS_12105900
2007,3,21,2131.21285020256,Delta_Storage+USGS_12105900
2007,3,22,1891.61713360334,Delta_Storage+USGS_12105900
2007,3,23,1980.80856680169,Delta_Storage+USGS_12105900
2007,3,24,3029.66830640044,Delta_Storage+USGS_12105900
2007,3,25,8473.51224444768,Delta_Storage+USGS_12105900
2007,3,26,5680.30882272506,Delta_Storage+USGS_12105900
2007,3,27,3176.79771551277,Delta_Storage+USGS_12105900
2007,3,28,1958.96191432979,Delta_Storage+USGS_12105900
2007,3,29,1729.40991426307,Delta_Storage+USGS_12105900
2007,3,30,1588.70810288429,Delta_Storage+USGS_12105900
2007,3,31,1566.45957921571,Delta_Storage+USGS_12105900
2007,4,1,1607.10653823783,Delta_Storage+USGS_12105900
2007,4,2,1384.52234251501,Delta_Storage+USGS_12105900
2007,4,3,1244.05905799877,Delta_Storage+USGS_12105900
2007,4,4,1179.63840726482,Delta_Storage+USGS_12105900
2007,4,5,1153.12582478615,Delta_Storage+USGS_12105900
2007,4,6,1250.10065982891,Delta_Storage+USGS_12105900
2007,4,7,1260.53774743583,Delta_Storage+USGS_12105900
2007,4,8,1452.06905344286,Delta_Storage+USGS_12105900
2007,4,9,2001.122731121,Delta_Storage+USGS_12105900
2007,4,10,1602.54383254321,Delta_Storage+USGS_12105900
2007,4,11,1451.7899831918,Delta_Storage+USGS_12105900
2007,4,12,1328.04705270648,Delta_Storage+USGS_12105900
2007,4,13,1164.32604517702,Delta_Storage+USGS_12105900
2007,4,14,1124.60503764747,Delta_Storage+USGS_12105900
2007,4,15,1100.60503764747,Delta_Storage+USGS_12105900
2007,4,16,1050.32604517693,Delta_Storage+USGS_12105900
2007,4,17,1039.74402966915,Delta_Storage+USGS_12105900
2007,4,18,1104.56092476655,Delta_Storage+USGS_12105900
2007,4,19,1106.56092476655,Delta_Storage+USGS_12105900
2007,4,20,1005.42069357499,Delta_Storage+USGS_12105900
2007,4,21,976.420693574888,Delta_Storage+USGS_12105900
2007,4,22,935.350577979108,Delta_Storage+USGS_12105900
2007,4,23,857.786736269986,Delta_Storage+USGS_12105900
2007,4,24,943.681423522396,Delta_Storage+USGS_12105900
2007,4,25,958.234519602029,Delta_Storage+USGS_12105900
2007,4,26,1026.6814235224,Delta_Storage+USGS_12105900
2007,4,27,1059.6814235225,Delta_Storage+USGS_12105900
2007,4,28,1109.6814235224,Delta_Storage+USGS_12105900
2007,4,29,1466.41481203594,Delta_Storage+USGS_12105900
2007,4,30,1223.79511010178,Delta_Storage+USGS_12105900
2007,5,1,1107.72681346912,Delta_Storage+USGS_12105900
2007,5,2,1127.65851683635,Delta_Storage+USGS_12105900
2007,5,3,1178.59022020357,Delta_Storage+USGS_12105900
2007,5,4,1195.59022020357,Delta_Storage+USGS_12105900
2007,5,5,1137.72681346912,Delta_Storage+USGS_12105900
2007,5,6,1015.73132221198,Delta_Storage+USGS_12105900
2007,5,7,947.732222942988,Delta_Storage+USGS_12105900
2007,5,8,1291.8305573574,Delta_Storage+USGS_12105900
2007,5,9,1421.8305573574,Delta_Storage+USGS_12105900
2007,5,10,1392.19666882884,Delta_Storage+USGS_12105900
2007,5,11,1302.19666882884,Delta_Storage+USGS_12105900
2007,5,12,1153.83055735741,Delta_Storage+USGS_12105900
2007,5,13,1266.2323592884,Delta_Storage+USGS_12105900
2007,5,14,1114.61476572312,Delta_Storage+USGS_12105900
2007,5,15,996.61476572312,Delta_Storage+USGS_12105900
2007,5,16,1111.46067201239,Delta_Storage+USGS_12105900
2007,5,17,1232.30657830167,Delta_Storage+USGS_12105900
2007,5,18,1146.41617310979,Delta_Storage+USGS_12105900
2007,5,19,1106.57720140523,Delta_Storage+USGS_12105900
2007,5,20,1106.5772014051,Delta_Storage+USGS_12105900
2007,5,21,1204.57720140523,Delta_Storage+USGS_12105900
2007,5,22,1211.75840080302,Delta_Storage+USGS_12105900
2007,5,23,1054.93960020069,Delta_Storage+USGS_12105900
2007,5,24,879,Delta_Storage+USGS_12105900
2007,5,25,947.879200401511,Delta_Storage+USGS_12105900
2007,5,26,986.939600200693,Delta_Storage+USGS_12105900
2007,5,27,931,Delta_Storage+USGS_12105900
2007,5,28,931,Delta_Storage+USGS_12105900
2007,5,29,779.060399799307,Delta_Storage+USGS_12105900
2007,5,30,753.939600200693,Delta_Storage+USGS_12105900
2007,5,31,755.879200401511,Delta_Storage+USGS_12105900
2007,6,1,848.450146907503,Delta_Storage+USGS_12105900
2007,6,2,796.357444408034,Delta_Storage+USGS_12105900
2007,6,3,856.143259210794,Delta_Storage+USGS_12105900
2007,6,4,864.35744440803,Delta_Storage+USGS_12105900
2007,6,5,752.785814802631,Delta_Storage+USGS_12105900
2007,6,6,954.357444408034,Delta_Storage+USGS_12105900
2007,6,7,791,Delta_Storage+USGS_12105900
2007,6,8,612.214185197365,Delta_Storage+USGS_12105900
2007,6,9,664.785814802635,Delta_Storage+USGS_12105900
2007,6,10,666.78581480276,Delta_Storage+USGS_12105900
2007,6,11,744.571629605399,Delta_Storage+USGS_12105900
2007,6,12,762.571629605266,Delta_Storage+USGS_12105900
2007,6,13,671,Delta_Storage+USGS_12105900
2007,6,14,633,Delta_Storage+USGS_12105900
2007,6,15,552.214185197369,Delta_Storage+USGS_12105900
2007,6,16,609,Delta_Storage+USGS_12105900
2007,6,17,609,Delta_Storage+USGS_12105900
2007,6,18,608,Delta_Storage+USGS_12105900
2007,6,19,608,Delta_Storage+USGS_12105900
2007,6,20,608,Delta_Storage+USGS_12105900
2007,6,21,569.214185197365,Delta_Storage+USGS_12105900
2007,6,22,542.428370394601,Delta_Storage+USGS_12105900
2007,6,23,499.64255559197,Delta_Storage+USGS_12105900
2007,6,24,497.642555591842,Delta_Storage+USGS_12105900
2007,6,25,514.428370394734,Delta_Storage+USGS_12105900
2007,6,26,604,Delta_Storage+USGS_12105900
2007,6,27,508.428370394601,Delta_Storage+USGS_12105900
2007,6,28,445.64255559197,Delta_Storage+USGS_12105900
2007,6,29,533.214185197236,Delta_Storage+USGS_12105900
2007,6,30,455.428370394605,Delta_Storage+USGS_12105900
2007,7,1,457.275268096074,Delta_Storage+USGS_12105900
2007,7,2,404.181199397672,Delta_Storage+USGS_12105900
2007,7,3,436.120799598614,Delta_Storage+USGS_12105900
2007,7,4,340.181199397672,Delta_Storage+USGS_12105900
2007,7,5,395.120799598614,Delta_Storage+USGS_12105900
2007,7,6,363.181199397668,Delta_Storage+USGS_12105900
2007,7,7,321.241599197103,Delta_Storage+USGS_12105900
2007,7,8,320.241599196979,Delta_Storage+USGS_12105900
2007,7,9,250.241599197103,Delta_Storage+USGS_12105900
2007,7,10,226.120799598489,Delta_Storage+USGS_12105900
2007,7,11,284,Delta_Storage+USGS_12105900
2007,7,12,275,Delta_Storage+USGS_12105900
2007,7,13,208.060399799182,Delta_Storage+USGS_12105900
2007,7,14,271,Delta_Storage+USGS_12105900
2007,7,15,271,Delta_Storage+USGS_12105900
2007,7,16,216.060399799307,Delta_Storage+USGS_12105900
2007,7,17,267,Delta_Storage+USGS_12105900
2007,7,18,200.060399799303,Delta_Storage+USGS_12105900
2007,7,19,246,Delta_Storage+USGS_12105900
2007,7,20,246,Delta_Storage+USGS_12105900
2007,7,21,246,Delta_Storage+USGS_12105900
2007,7,22,246,Delta_Storage+USGS_12105900
2007,7,23,246,Delta_Storage+USGS_12105900
2007,7,24,246,Delta_Storage+USGS_12105900
2007,7,25,244,Delta_Storage+USGS_12105900
2007,7,26,189.060399799182,Delta_Storage+USGS_12105900
2007,7,27,196.060399799307,Delta_Storage+USGS_12105900
2007,7,28,196.060399799182,Delta_Storage+USGS_12105900
2007,7,29,195.061145958717,Delta_Storage+USGS_12105900
2007,7,30,197.077046855427,Delta_Storage+USGS_12105900
2007,7,31,200.077046855303,Delta_Storage+USGS_12105900
2007,8,1,150.154093710726,Delta_Storage+USGS_12105900
2007,8,2,210.077046855424,Delta_Storage+USGS_12105900
2007,8,3,164.15409371073,Delta_Storage+USGS_12105900
2007,8,4,167.154093710726,Delta_Storage+USGS_12105900
2007,8,5,167.154093710851,Delta_Storage+USGS_12105900
2007,8,6,167.154093710726,Delta_Storage+USGS_12105900
2007,8,7,172.154093710726,Delta_Storage+USGS_12105900
2007,8,8,177.15409371073,Delta_Storage+USGS_12105900
2007,8,9,177.154093710726,Delta_Storage+USGS_12105900
2007,8,10,170.154093710851,Delta_Storage+USGS_12105900
2007,8,11,166.154093710726,Delta_Storage+USGS_12105900
2007,8,12,166.154093710726,Delta_Storage+USGS_12105900
2007,8,13,112.231140566153,Delta_Storage+USGS_12105900
2007,8,14,165.154093710726,Delta_Storage+USGS_12105900
2007,8,15,165.15409371073,Delta_Storage+USGS_12105900
2007,8,16,165.154093710726,Delta_Storage+USGS_12105900
2007,8,17,121.34576994386,Delta_Storage+USGS_12105900
2007,8,18,180.267777057016,Delta_Storage+USGS_12105900
2007,8,19,129.90166558558,Delta_Storage+USGS_12105900
2007,8,20,169.267777057012,Delta_Storage+USGS_12105900
2007,8,21,216.633888528565,Delta_Storage+USGS_12105900
2007,8,22,178.267777057016,Delta_Storage+USGS_12105900
2007,8,23,194.267777057016,Delta_Storage+USGS_12105900
2007,8,24,156.90166558558,Delta_Storage+USGS_12105900
2007,8,25,156.901665585577,Delta_Storage+USGS_12105900
2007,8,26,156.90166558558,Delta_Storage+USGS_12105900
2007,8,27,154.90166558558,Delta_Storage+USGS_12105900
2007,8,28,103.535554114031,Delta_Storage+USGS_12105900
2007,8,29,155.901665585577,Delta_Storage+USGS_12105900
2007,8,30,161.336974420792,Delta_Storage+USGS_12105900
2007,8,31,125.27318653088,Delta_Storage+USGS_12105900
2007,9,1,128.27318653088,Delta_Storage+USGS_12105900
2007,9,2,128.27318653099,Delta_Storage+USGS_12105900
2007,9,3,127.273186530883,Delta_Storage+USGS_12105900
2007,9,4,175.204889898215,Delta_Storage+USGS_12105900
2007,9,5,127.27318653088,Delta_Storage+USGS_12105900
2007,9,6,127.273186530992,Delta_Storage+USGS_12105900
2007,9,7,131.273186530882,Delta_Storage+USGS_12105900
2007,9,8,141.758905353646,Delta_Storage+USGS_12105900
2007,9,9,102.765480397969,Delta_Storage+USGS_12105900
2007,9,10,148.212384318335,Delta_Storage+USGS_12105900
2007,9,11,147.212384318333,Delta_Storage+USGS_12105900
2007,9,12,100.765480397971,Delta_Storage+USGS_12105900
2007,9,13,100.765480397969,Delta_Storage+USGS_12105900
2007,9,14,160.212384318438,Delta_Storage+USGS_12105900
2007,9,15,132.765480397969,Delta_Storage+USGS_12105900
2007,9,16,96.8266091875224,Delta_Storage+USGS_12105900
2007,9,17,162.649422020894,Delta_Storage+USGS_12105900
2007,9,18,227.719537616772,Delta_Storage+USGS_12105900
2007,9,19,160.579306425013,Delta_Storage+USGS_12105900
2007,9,20,160.57930642511,Delta_Storage+USGS_12105900
2007,9,21,148.509190829231,Delta_Storage+USGS_12105900
2007,9,22,142.18585473507,Delta_Storage+USGS_12105900
2007,9,23,152.231939764065,Delta_Storage+USGS_12105900
2007,9,24,149.231939764063,Delta_Storage+USGS_12105900
2007,9,25,159.231939763973,Delta_Storage+USGS_12105900
2007,9,26,144.148811703929,Delta_Storage+USGS_12105900
2007,9,27,175.421101422198,Delta_Storage+USGS_12105900
2007,9,28,270.929867930891,Delta_Storage+USGS_12105900
2007,9,29,231.91233491359,Delta_Storage+USGS_12105900
2007,9,30,206.381751211382,Delta_Storage+USGS_12105900
2007,10,1,357.899340171017,Delta_Storage+USGS_12105900
2007,10,2,431.899340171092,Delta_Storage+USGS_12105900
2007,10,3,1047.02516495725,Delta_Storage+USGS_12105900
2007,10,4,808.924505128338,Delta_Storage+USGS_12105900
2007,10,5,476.449642852374,Delta_Storage+USGS_12105900
2007,10,6,470.893461762099,Delta_Storage+USGS_12105900
2007,10,7,466.893461762167,Delta_Storage+USGS_12105900
2007,10,8,524.185559623539,Delta_Storage+USGS_12105900
2007,10,9,482.174689686898,Delta_Storage+USGS_12105900
2007,10,10,451.58379423136,Delta_Storage+USGS_12105900
2007,10,11,389.466694953008,Delta_Storage+USGS_12105900
2007,10,12,401.611046899898,Delta_Storage+USGS_12105900
2007,10,13,371.042665892162,Delta_Storage+USGS_12105900
2007,10,14,332.974890808601,Delta_Storage+USGS_12105900
2007,10,15,327.232009847228,Delta_Storage+USGS_12105900
2007,10,16,315.667781071774,Delta_Storage+USGS_12105900
2007,10,17,311.318615383996,Delta_Storage+USGS_12105900
2007,10,18,306.497879729321,Delta_Storage+USGS_12105900
2007,10,19,299.279914042144,Delta_Storage+USGS_12105900
2007,10,20,610.569904719457,Delta_Storage+USGS_12105900
2007,10,21,769.70248032614,Delta_Storage+USGS_12105900
2007,10,22,1365.8133906386,Delta_Storage+USGS_12105900
2007,10,23,1022.9271209207,Delta_Storage+USGS_12105900
2007,10,24,786.039219093686,Delta_Storage+USGS_12105900
2007,10,25,719.398683581049,Delta_Storage+USGS_12105900
2007,10,26,632.422079096124,Delta_Storage+USGS_12105900
2007,10,27,614.812922487074,Delta_Storage+USGS_12105900
2007,10,28,586.328983314852,Delta_Storage+USGS_12105900
2007,10,29,447.438644419824,Delta_Storage+USGS_12105900
2007,10,30,419.2887663829,Delta_Storage+USGS_12105900
2007,10,31,369.21450283278,Delta_Storage+USGS_12105900
2007,11,1,360.143001888501,Delta_Storage+USGS_12105900
2007,11,2,449.071500944251,Delta_Storage+USGS_12105900
2007,11,3,355.429005665531,Delta_Storage+USGS_12105900
2007,11,4,356.787891463807,Delta_Storage+USGS_12105900
2007,11,5,311.074998103063,Delta_Storage+USGS_12105900
2007,11,6,335.359614071383,Delta_Storage+USGS_12105900
2007,11,7,360.135750087748,Delta_Storage+USGS_12105900
2007,11,8,351.259054692433,Delta_Storage+USGS_12105900
2007,11,9,349.802585655259,Delta_Storage+USGS_12105900
2007,11,10,351.018763049142,Delta_Storage+USGS_12105900
2007,11,11,397.991899897768,Delta_Storage+USGS_12105900
2007,11,12,350.329894982406,Delta_Storage+USGS_12105900
2007,11,13,553.486902183742,Delta_Storage+USGS_12105900
2007,11,14,436.630897622067,Delta_Storage+USGS_12105900
2007,11,15,502.517766749908,Delta_Storage+USGS_12105900
2007,11,16,638.317659657884,Delta_Storage+USGS_12105900
2007,11,17,1219.76485384601,Delta_Storage+USGS_12105900
2007,11,18,1304.36999093892,Delta_Storage+USGS_12105900
2007,11,19,1263.58203401906,Delta_Storage+USGS_12105900
2007,11,20,876.514890451881,Delta_Storage+USGS_12105900
2007,11,21,728.621155588669,Delta_Storage+USGS_12105900
2007,11,22,746.281919940386,Delta_Storage+USGS_12105900
2007,11,23,720,Delta_Storage+USGS_12105900
2007,11,24,622.863466766006,Delta_Storage+USGS_12105900
2007,11,25,586.535364419206,Delta_Storage+USGS_12105900
2007,11,26,508.452219888546,Delta_Storage+USGS_12105900
2007,11,27,575.108146194006,Delta_Storage+USGS_12105900
2007,11,28,541.200107092019,Delta_Storage+USGS_12105900
2007,11,29,393.976747835361,Delta_Storage+USGS_12105900
2007,11,30,400.317401309351,Delta_Storage+USGS_12105900
2007,12,1,420.658829828939,Delta_Storage+USGS_12105900
2007,12,2,511.659297092293,Delta_Storage+USGS_12105900
2007,12,3,1866.79521113327,Delta_Storage+USGS_12105900
2007,12,4,3529.05166306874,Delta_Storage+USGS_12105900
2007,12,5,3046.66024585956,Delta_Storage+USGS_12105900
2007,12,6,1649.75795031618,Delta_Storage+USGS_12105900
2007,12,7,1702.51504264226,Delta_Storage+USGS_12105900
2007,12,8,1189.99363310693,Delta_Storage+USGS_12105900
2007,12,9,1020,Delta_Storage+USGS_12105900
2007,12,10,949.608913626131,Delta_Storage+USGS_12105900
2007,12,11,899.951537764536,Delta_Storage+USGS_12105900
2007,12,12,825.006429399996,Delta_Storage+USGS_12105900
2007,12,13,737.299357628012,Delta_Storage+USGS_12105900
2007,12,14,717.439486102407,Delta_Storage+USGS_12105900
2007,12,15,724.766976022945,Delta_Storage+USGS_12105900
2007,12,16,646.517766749908,Delta_Storage+USGS_12105900
2007,12,17,557.668920376336,Delta_Storage+USGS_12105900
2007,12,18,508.060440992124,Delta_Storage+USGS_12105900
2007,12,19,625.412648174955,Delta_Storage+USGS_12105900
2007,12,20,715.554147004524,Delta_Storage+USGS_12105900
2007,12,21,715.22536531333,Delta_Storage+USGS_12105900
2007,12,22,647.903075529072,Delta_Storage+USGS_12105900
2007,12,23,690.806151058127,Delta_Storage+USGS_12105900
2007,12,24,1379.57939835462,Delta_Storage+USGS_12105900
2007,12,25,1400.73957990772,Delta_Storage+USGS_12105900
2007,12,26,1525.81570313615,Delta_Storage+USGS_12105900
2007,12,27,895.899680895555,Delta_Storage+USGS_12105900
2007,12,28,806.876252127355,Delta_Storage+USGS_12105900
2007,12,29,780.096509942077,Delta_Storage+USGS_12105900
2007,12,30,724.177871105978,Delta_Storage+USGS_12105900
2007,12,31,435.179770258025,Delta_Storage+USGS_12105900
2008,1,1,586.573247683732,Delta_Storage+USGS_12105900
2008,1,2,597,Delta_Storage+USGS_12105900
2008,1,3,584.573247683732,Delta_Storage+USGS_12105900
2008,1,4,529.146495367465,Delta_Storage+USGS_12105900
2008,1,5,585.420385423198,Delta_Storage+USGS_12105900
2008,1,6,555.140128474395,Delta_Storage+USGS_12105900
2008,1,7,617,Delta_Storage+USGS_12105900
2008,1,8,447.656724954791,Delta_Storage+USGS_12105900
2008,1,9,584.047021026349,Delta_Storage+USGS_12105900
2008,1,10,695.494256236731,Delta_Storage+USGS_12105900
2008,1,11,898.929468460479,Delta_Storage+USGS_12105900
2008,1,12,1039.0253915822,Delta_Storage+USGS_12105900
2008,1,13,1299.67732961491,Delta_Storage+USGS_12105900
2008,1,14,1584.93504617223,Delta_Storage+USGS_12105900
2008,1,15,1155.35572724057,Delta_Storage+USGS_12105900
2008,1,16,917.171078982303,Delta_Storage+USGS_12105900
2008,1,17,841.594124891739,Delta_Storage+USGS_12105900
2008,1,18,743.629492713452,Delta_Storage+USGS_12105900
2008,1,19,736.411701710576,Delta_Storage+USGS_12105900
2008,1,20,733.388191197404,Delta_Storage+USGS_12105900
2008,1,21,695.294149144712,Delta_Storage+USGS_12105900
2008,1,22,644.223617605191,Delta_Storage+USGS_12105900
2008,1,23,581.251650411981,Delta_Storage+USGS_12105900
2008,1,24,534.198802783319,Delta_Storage+USGS_12105900
2008,1,25,495.033133797221,Delta_Storage+USGS_12105900
2008,1,26,468.90059860834,Delta_Storage+USGS_12105900
2008,1,27,475.801197216681,Delta_Storage+USGS_12105900
2008,1,28,500.966866202782,Delta_Storage+USGS_12105900
2008,1,29,485.364471769416,Delta_Storage+USGS_12105900
2008,1,30,491.066267594439,Delta_Storage+USGS_12105900
2008,1,31,454.497006958296,Delta_Storage+USGS_12105900
2008,2,1,373.615957779783,Delta_Storage+USGS_12105900
2008,2,2,348.953302856363,Delta_Storage+USGS_12105900
2008,2,3,353.635528230582,Delta_Storage+USGS_12105900
2008,2,4,409.768063419462,Delta_Storage+USGS_12105900
2008,2,5,426.331337972197,Delta_Storage+USGS_12105900
2008,2,6,462.066267594439,Delta_Storage+USGS_12105900
2008,2,7,526.331337972197,Delta_Storage+USGS_12105900
2008,2,8,598.165668986099,Delta_Storage+USGS_12105900
2008,2,9,1678.06635605223,Delta_Storage+USGS_12105900
2008,2,10,2854.69228072319,Delta_Storage+USGS_12105900
2008,2,11,2311.02109543494,Delta_Storage+USGS_12105900
2008,2,12,1833.75504088614,Delta_Storage+USGS_12105900
2008,2,13,1809.12393131867,Delta_Storage+USGS_12105900
2008,2,14,1563.21723885238,Delta_Storage+USGS_12105900
2008,2,15,1274.24712811837,Delta_Storage+USGS_12105900
2008,2,16,1168.09404205269,Delta_Storage+USGS_12105900
2008,2,17,1164.04702102634,Delta_Storage+USGS_12105900
2008,2,18,1128.29414914471,Delta_Storage+USGS_12105900
2008,2,19,1098.92946846048,Delta_Storage+USGS_12105900
2008,2,20,1086.58829828942,Delta_Storage+USGS_12105900
2008,2,21,996.996203318266,Delta_Storage+USGS_12105900
2008,2,22,937.368477365961,Delta_Storage+USGS_12105900
2008,2,23,983.498230320167,Delta_Storage+USGS_12105900
2008,2,24,1045.55414700451,Delta_Storage+USGS_12105900
2008,2,25,1085.27438187934,Delta_Storage+USGS_12105900
2008,2,26,1147.2819199404,Delta_Storage+USGS_12105900
2008,2,27,1094.95153776454,Delta_Storage+USGS_12105900
2008,2,28,1252.23345770492,Delta_Storage+USGS_12105900
2008,2,29,1729.00207572832,Delta_Storage+USGS_12105900
2008,3,1,2031.84673440437,Delta_Storage+USGS_12105900
2008,3,2,2193.2785743814,Delta_Storage+USGS_12105900
2008,3,3,1594.76769529072,Delta_Storage+USGS_12105900
2008,3,4,1479.8497130517,Delta_Storage+USGS_12105900
2008,3,5,1343.19933425677,Delta_Storage+USGS_12105900
2008,3,6,1196.54977220241,Delta_Storage+USGS_12105900
2008,3,7,1126.54977220238,Delta_Storage+USGS_12105900
2008,3,8,1107.6414009028,Delta_Storage+USGS_12105900
2008,3,9,1118.73302960319,Delta_Storage+USGS_12105900
2008,3,10,1143.74241663644,Delta_Storage+USGS_12105900
2008,3,11,1515.56538782553,Delta_Storage+USGS_12105900
2008,3,12,1783.10381626328,Delta_Storage+USGS_12105900
2008,3,13,1505.92849905575,Delta_Storage+USGS_12105900
2008,3,14,1365.92849905575,Delta_Storage+USGS_12105900
2008,3,15,1418.53524386233,Delta_Storage+USGS_12105900
2008,3,16,1344.78273456135,Delta_Storage+USGS_12105900
2008,3,17,1190,Delta_Storage+USGS_12105900
2008,3,18,1143.83550834256,Delta_Storage+USGS_12105900
2008,3,19,1156.58877085643,Delta_Storage+USGS_12105900
2008,3,20,1136.07222669979,Delta_Storage+USGS_12105900
2008,3,21,1039.69350508464,Delta_Storage+USGS_12105900
2008,3,22,983.180643659312,Delta_Storage+USGS_12105900
2008,3,23,936.644878281281,Delta_Storage+USGS_12105900
2008,3,24,1047.98250388897,Delta_Storage+USGS_12105900
2008,3,25,995.630545775429,Delta_Storage+USGS_12105900
2008,3,26,960.735911641791,Delta_Storage+USGS_12105900
2008,3,27,919.447117409235,Delta_Storage+USGS_12105900
2008,3,28,797.234267206721,Delta_Storage+USGS_12105900
2008,3,29,783.44756636585,Delta_Storage+USGS_12105900
2008,3,30,786.288935963246,Delta_Storage+USGS_12105900
2008,3,31,698.859290642131,Delta_Storage+USGS_12105900
2008,4,1,652.049408868459,Delta_Storage+USGS_12105900
2008,4,2,653.049408868459,Delta_Storage+USGS_12105900
2008,4,3,666.239527094787,Delta_Storage+USGS_12105900
2008,4,4,785.619763547395,Delta_Storage+USGS_12105900
2008,4,5,694.950591131541,Delta_Storage+USGS_12105900
2008,4,6,672.140709357818,Delta_Storage+USGS_12105900
2008,4,7,724.570354678935,Delta_Storage+USGS_12105900
2008,4,8,718,Delta_Storage+USGS_12105900
2008,4,9,730.049408868459,Delta_Storage+USGS_12105900
2008,4,10,723.859290642182,Delta_Storage+USGS_12105900
2008,4,11,849.5634406055,Delta_Storage+USGS_12105900
2008,4,12,870.978667053919,Delta_Storage+USGS_12105900
2008,4,13,1421.50438216944,Delta_Storage+USGS_12105900
2008,4,14,2294.00870528087,Delta_Storage+USGS_12105900
2008,4,15,1987.47125887096,Delta_Storage+USGS_12105900
2008,4,16,1486.88279257119,Delta_Storage+USGS_12105900
2008,4,17,1211.29189711571,Delta_Storage+USGS_12105900
2008,4,18,1248.11801714736,Delta_Storage+USGS_12105900
2008,4,19,1276.23603429478,Delta_Storage+USGS_12105900
2008,4,20,1191.88198285264,Delta_Storage+USGS_12105900
2008,4,21,1027.52793141043,Delta_Storage+USGS_12105900
2008,4,22,812.527931410496,Delta_Storage+USGS_12105900
2008,4,23,810.354051442144,Delta_Storage+USGS_12105900
2008,4,24,921.944137179072,Delta_Storage+USGS_12105900
2008,4,25,1059.23522457617,Delta_Storage+USGS_12105900
2008,4,26,926.236844013393,Delta_Storage+USGS_12105900
2008,4,27,930.763965705216,Delta_Storage+USGS_12105900
2008,4,28,1255.64523921215,Delta_Storage+USGS_12105900
2008,4,29,2070.98283182216,Delta_Storage+USGS_12105900
2008,4,30,1723.23024465357,Delta_Storage+USGS_12105900
2008,5,1,1514.52234251495,Delta_Storage+USGS_12105900
2008,5,2,1391.9381467922,Delta_Storage+USGS_12105900
2008,5,3,1349.35395106924,Delta_Storage+USGS_12105900
2008,5,4,1349.35395106931,Delta_Storage+USGS_12105900
2008,5,5,1632.47486227589,Delta_Storage+USGS_12105900
2008,5,6,2396.73906709372,Delta_Storage+USGS_12105900
2008,5,7,2515.66357222198,Delta_Storage+USGS_12105900
2008,5,8,2315.56028693426,Delta_Storage+USGS_12105900
2008,5,9,1916.50876650861,Delta_Storage+USGS_12105900
2008,5,10,1660,Delta_Storage+USGS_12105900
2008,5,11,1715.5613655605,Delta_Storage+USGS_12105900
2008,5,12,2220.64903064691,Delta_Storage+USGS_12105900
2008,5,13,2049.2461506486,Delta_Storage+USGS_12105900
2008,5,14,2760,Delta_Storage+USGS_12105900
2008,5,15,5073.02518823736,Delta_Storage+USGS_12105900
2008,5,16,5598.97863776627,Delta_Storage+USGS_12105900
2008,5,17,6406.75288989554,Delta_Storage+USGS_12105900
2008,5,18,6938.06348890831,Delta_Storage+USGS_12105900
2008,5,19,6091.10372997856,Delta_Storage+USGS_12105900
2008,5,20,4574.4780764291,Delta_Storage+USGS_12105900
2008,5,21,4621.72681346912,Delta_Storage+USGS_12105900
2008,5,22,5464.83895724359,Delta_Storage+USGS_12105900
2008,5,23,3336.88785622542,Delta_Storage+USGS_12105900
2008,5,24,2858.61466969465,Delta_Storage+USGS_12105900
2008,5,25,2820.56228127801,Delta_Storage+USGS_12105900
2008,5,26,3380.89380784083,Delta_Storage+USGS_12105900
2008,5,27,3668.54391088116,Delta_Storage+USGS_12105900
2008,5,28,3555.5219235709,Delta_Storage+USGS_12105900
2008,5,29,3123.79511010179,Delta_Storage+USGS_12105900
2008,5,30,2465.86340673456,Delta_Storage+USGS_12105900
2008,5,31,2323.45362693813,Delta_Storage+USGS_12105900
2008,6,1,2227.59022020357,Delta_Storage+USGS_12105900
2008,6,2,1965.86340673456,Delta_Storage+USGS_12105900
2008,6,3,1745.86340673456,Delta_Storage+USGS_12105900
2008,6,4,1966.35698967118,Delta_Storage+USGS_12105900
2008,6,5,2054.3933376578,Delta_Storage+USGS_12105900
2008,6,6,2113.66111471481,Delta_Storage+USGS_12105900
2008,6,7,3603.57773883448,Delta_Storage+USGS_12105900
2008,6,8,3625.61859886909,Delta_Storage+USGS_12105900
2008,6,9,2719.87920040151,Delta_Storage+USGS_12105900
2008,6,10,2555.06039979918,Delta_Storage+USGS_12105900
2008,6,11,3274.45640180674,Delta_Storage+USGS_12105900
2008,6,12,2764.93960020069,Delta_Storage+USGS_12105900
2008,6,13,2195.06039979931,Delta_Storage+USGS_12105900
2008,6,14,2194.8188006022,Delta_Storage+USGS_12105900
2008,6,15,2194.8188006022,Delta_Storage+USGS_12105900
2008,6,16,1930,Delta_Storage+USGS_12105900
2008,6,17,1909.87920040151,Delta_Storage+USGS_12105900
2008,6,18,1754.93960020082,Delta_Storage+USGS_12105900
2008,6,19,1460,Delta_Storage+USGS_12105900
2008,6,20,1499.7584008029,Delta_Storage+USGS_12105900
2008,6,21,1564.69800100371,Delta_Storage+USGS_12105900
2008,6,22,1683.80759131554,Delta_Storage+USGS_12105900
2008,6,23,1670.71488881606,Delta_Storage+USGS_12105900
2008,6,24,1443.5716296054,Delta_Storage+USGS_12105900
2008,6,25,1300,Delta_Storage+USGS_12105900
2008,6,26,1270,Delta_Storage+USGS_12105900
2008,6,27,1250,Delta_Storage+USGS_12105900
2008,6,28,1193.21418519737,Delta_Storage+USGS_12105900
2008,6,29,1306.78581480263,Delta_Storage+USGS_12105900
2008,6,30,1477.14325921079,Delta_Storage+USGS_12105900
2008,7,1,1460.35744440803,Delta_Storage+USGS_12105900
2008,7,2,1223.21418519736,Delta_Storage+USGS_12105900
2008,7,3,1126.4283703946,Delta_Storage+USGS_12105900
2008,7,4,1126.4283703946,Delta_Storage+USGS_12105900
2008,7,5,926.070925986571,Delta_Storage+USGS_12105900
2008,7,6,856.070925986575,Delta_Storage+USGS_12105900
2008,7,7,746.192408684463,Delta_Storage+USGS_12105900
2008,7,8,785.422798594775,Delta_Storage+USGS_12105900
2008,7,9,640.603997992568,Delta_Storage+USGS_12105900
2008,7,10,630.603997992571,Delta_Storage+USGS_12105900
2008,7,11,515.748379231879,Delta_Storage+USGS_12105900
2008,7,12,500.770468553759,Delta_Storage+USGS_12105900
2008,7,13,426.770468553759,Delta_Storage+USGS_12105900
2008,7,14,476.53932798761,Delta_Storage+USGS_12105900
2008,7,15,388.767640711602,Delta_Storage+USGS_12105900
2008,7,16,382.169442642592,Delta_Storage+USGS_12105900
2008,7,17,367.90166558558,Delta_Storage+USGS_12105900
2008,7,18,325.267777057016,Delta_Storage+USGS_12105900
2008,7,19,354.633888528565,Delta_Storage+USGS_12105900
2008,7,20,405,Delta_Storage+USGS_12105900
2008,7,21,314.633888528565,Delta_Storage+USGS_12105900
2008,7,22,291.633888528451,Delta_Storage+USGS_12105900
2008,7,23,342,Delta_Storage+USGS_12105900
2008,7,24,338,Delta_Storage+USGS_12105900
2008,7,25,286.633888528565,Delta_Storage+USGS_12105900
2008,7,26,288.633888528447,Delta_Storage+USGS_12105900
2008,7,27,287.633888528565,Delta_Storage+USGS_12105900
2008,7,28,342,Delta_Storage+USGS_12105900
2008,7,29,210.267777057016,Delta_Storage+USGS_12105900
2008,7,30,293,Delta_Storage+USGS_12105900
2008,7,31,343.366111471549,Delta_Storage+USGS_12105900
2008,8,1,287.633888528451,Delta_Storage+USGS_12105900
2008,8,2,324.633888528565,Delta_Storage+USGS_12105900
2008,8,3,222.90166558558,Delta_Storage+USGS_12105900
2008,8,4,239.267777057016,Delta_Storage+USGS_12105900
2008,8,5,219.267777057016,Delta_Storage+USGS_12105900
2008,8,6,262.633888528565,Delta_Storage+USGS_12105900
2008,8,7,200.267777057012,Delta_Storage+USGS_12105900
2008,8,8,180.268677788017,Delta_Storage+USGS_12105900
2008,8,9,221.068296632775,Delta_Storage+USGS_12105900
2008,8,10,220.068296632665,Delta_Storage+USGS_12105900
2008,8,11,268,Delta_Storage+USGS_12105900
2008,8,12,172.13659326544,Delta_Storage+USGS_12105900
2008,8,13,220.068296632775,Delta_Storage+USGS_12105900
2008,8,14,172.13659326544,Delta_Storage+USGS_12105900
2008,8,15,225.068296632775,Delta_Storage+USGS_12105900
2008,8,16,185.13659326544,Delta_Storage+USGS_12105900
2008,8,17,185.136593265444,Delta_Storage+USGS_12105900
2008,8,18,185.13659326544,Delta_Storage+USGS_12105900
2008,8,19,173.13659326555,Delta_Storage+USGS_12105900
2008,8,20,254,Delta_Storage+USGS_12105900
2008,8,21,300.931703367225,Delta_Storage+USGS_12105900
2008,8,22,341.931703367225,Delta_Storage+USGS_12105900
2008,8,23,223.13659326555,Delta_Storage+USGS_12105900
2008,8,24,223.13659326544,Delta_Storage+USGS_12105900
2008,8,25,176.204889898215,Delta_Storage+USGS_12105900
2008,8,26,277.068296632665,Delta_Storage+USGS_12105900
2008,8,27,321,Delta_Storage+USGS_12105900
2008,8,28,321,Delta_Storage+USGS_12105900
2008,8,29,321,Delta_Storage+USGS_12105900
2008,8,30,368.931703367335,Delta_Storage+USGS_12105900
2008,8,31,273.068296632665,Delta_Storage+USGS_12105900
2008,9,1,273.068296632775,Delta_Storage+USGS_12105900
2008,9,2,272.068296632665,Delta_Storage+USGS_12105900
2008,9,3,224.13659326555,Delta_Storage+USGS_12105900
2008,9,4,263.068296632667,Delta_Storage+USGS_12105900
2008,9,5,184.136593265442,Delta_Storage+USGS_12105900
2008,9,6,166.136593265548,Delta_Storage+USGS_12105900
2008,9,7,214.068296632667,Delta_Storage+USGS_12105900
2008,9,8,213.068296632775,Delta_Storage+USGS_12105900
2008,9,9,165.137512641235,Delta_Storage+USGS_12105900
2008,9,10,170.106192159168,Delta_Storage+USGS_12105900
2008,9,11,170.106192159167,Delta_Storage+USGS_12105900
2008,9,12,215.553096079636,Delta_Storage+USGS_12105900
2008,9,13,170.106192159167,Delta_Storage+USGS_12105900
2008,9,14,169.106192159167,Delta_Storage+USGS_12105900
2008,9,15,123.659288238802,Delta_Storage+USGS_12105900
2008,9,16,169.106192159167,Delta_Storage+USGS_12105900
2008,9,17,189.106192159271,Delta_Storage+USGS_12105900
2008,9,18,171.6592882387,Delta_Storage+USGS_12105900
2008,9,19,170.659288238802,Delta_Storage+USGS_12105900
2008,9,20,125.212384318438,Delta_Storage+USGS_12105900
2008,9,21,308,Delta_Storage+USGS_12105900
2008,9,22,488,Delta_Storage+USGS_12105900
2008,9,23,281.871672557136,Delta_Storage+USGS_12105900
2008,9,24,192.686377995958,Delta_Storage+USGS_12105900
2008,9,25,227.509190829231,Delta_Storage+USGS_12105900
2008,9,26,170.439075233449,Delta_Storage+USGS_12105900
2008,9,27,236.579306425013,Delta_Storage+USGS_12105900
2008,9,28,193.509190829231,Delta_Storage+USGS_12105900
2008,9,29,165.884070867725,Delta_Storage+USGS_12105900
2008,9,30,208.952947293521,Delta_Storage+USGS_12105900
2008,10,1,224.952947293613,Delta_Storage+USGS_12105900
2008,10,2,155.510932234515,Delta_Storage+USGS_12105900
2008,10,3,258.869819233387,Delta_Storage+USGS_12105900
2008,10,4,243.403568404899,Delta_Storage+USGS_12105900
2008,10,5,276.912334913592,Delta_Storage+USGS_12105900
2008,10,6,213.404647031231,Delta_Storage+USGS_12105900
2008,10,7,210.361592735261,Delta_Storage+USGS_12105900
2008,10,8,239.874175213846,Delta_Storage+USGS_12105900
2008,10,9,204.361592735184,Delta_Storage+USGS_12105900
2008,10,10,215.29489307054,Delta_Storage+USGS_12105900
2008,10,11,220.893461762097,Delta_Storage+USGS_12105900
2008,10,12,185.247412831481,Delta_Storage+USGS_12105900
2008,10,13,202.472577189482,Delta_Storage+USGS_12105900
2008,10,14,295.937845673504,Delta_Storage+USGS_12105900
2008,10,15,291.937845673569,Delta_Storage+USGS_12105900
2008,10,16,301.370382534834,Delta_Storage+USGS_12105900
2008,10,17,293.179427907576,Delta_Storage+USGS_12105900
2008,10,18,315.747808915254,Delta_Storage+USGS_12105900
2008,10,19,284.938920201362,Delta_Storage+USGS_12105900
2008,10,20,264.661655168294,Delta_Storage+USGS_12105900
2008,10,21,309.091300489411,Delta_Storage+USGS_12105900
2008,10,22,273.307646651343,Delta_Storage+USGS_12105900
2008,10,23,275.361449392409,Delta_Storage+USGS_12105900
2008,10,24,266.76573279328,Delta_Storage+USGS_12105900
2008,10,25,262.765732793279,Delta_Storage+USGS_12105900
2008,10,26,240.362216875815,Delta_Storage+USGS_12105900
2008,10,27,212.276149543871,Delta_Storage+USGS_12105900
2008,10,28,201.548534589467,Delta_Storage+USGS_12105900
2008,10,29,227.820919635105,Delta_Storage+USGS_12105900
2008,10,30,182.935594445795,Delta_Storage+USGS_12105900
2008,10,31,212.013073031254,Delta_Storage+USGS_12105900
2008,11,1,226.45606491662,Delta_Storage+USGS_12105900
2008,11,2,226.456064916657,Delta_Storage+USGS_12105900
2008,11,3,339.785040572906,Delta_Storage+USGS_12105900
2008,11,4,408.440347544554,Delta_Storage+USGS_12105900
2008,11,5,508.499135216613,Delta_Storage+USGS_12105900
2008,11,6,491.603246325959,Delta_Storage+USGS_12105900
2008,11,7,3690.5451410796,Delta_Storage+USGS_12105900
2008,11,8,3416.8130845342,Delta_Storage+USGS_12105900
2008,11,9,927.486639669675,Delta_Storage+USGS_12105900
2008,11,10,644.974835727388,Delta_Storage+USGS_12105900
2008,11,11,1019.06485376893,Delta_Storage+USGS_12105900
2008,11,12,4523.75015076161,Delta_Storage+USGS_12105900
2008,11,13,17130.613907503,Delta_Storage+USGS_12105900
2008,11,14,7021.12273112092,Delta_Storage+USGS_12105900
2008,11,15,2915.47813855925,Delta_Storage+USGS_12105900
2008,11,16,2010.27451384089,Delta_Storage+USGS_12105900
2008,11,17,593.723820226638,Delta_Storage+USGS_12105900
2008,11,18,295.826165227228,Delta_Storage+USGS_12105900
2008,11,19,1020.24264346242,Delta_Storage+USGS_12105900
2008,11,20,697.845020433809,Delta_Storage+USGS_12105900
2008,11,21,821.023510513172,Delta_Storage+USGS_12105900
2008,11,22,741.635319315767,Delta_Storage+USGS_12105900
2008,11,23,653.047021026349,Delta_Storage+USGS_12105900
2008,11,24,653.682340342111,Delta_Storage+USGS_12105900
2008,11,25,622.27063863154,Delta_Storage+USGS_12105900
2008,11,26,545,Delta_Storage+USGS_12105900
2008,11,27,490.482233250097,Delta_Storage+USGS_12105900
2008,11,28,577.141074938773,Delta_Storage+USGS_12105900
2008,11,29,618.700642371988,Delta_Storage+USGS_12105900
2008,11,30,1524.17348063729,Delta_Storage+USGS_12105900
2008,12,1,1021.53352862777,Delta_Storage+USGS_12105900
2008,12,2,861.38074188466,Delta_Storage+USGS_12105900
2008,12,3,1018.72936136846,Delta_Storage+USGS_12105900
2008,12,4,990.635319315773,Delta_Storage+USGS_12105900
2008,12,5,860.294149144712,Delta_Storage+USGS_12105900
2008,12,6,807.094042052693,Delta_Storage+USGS_12105900
2008,12,7,932.364680684227,Delta_Storage+USGS_12105900
2008,12,8,1139.36468068423,Delta_Storage+USGS_12105900
2008,12,9,1030.20010709202,Delta_Storage+USGS_12105900
2008,12,10,927.247128118368,Delta_Storage+USGS_12105900
2008,12,11,1061.50574376326,Delta_Storage+USGS_12105900
2008,12,12,1111.70585085529,Delta_Storage+USGS_12105900
2008,12,13,1156.5036626086,Delta_Storage+USGS_12105900
2008,12,14,1034.76697602294,Delta_Storage+USGS_12105900
2008,12,15,741.286088517901,Delta_Storage+USGS_12105900
2008,12,16,709.984550113639,Delta_Storage+USGS_12105900
2008,12,17,753.070531539521,Delta_Storage+USGS_12105900
2008,12,18,753.023510513172,Delta_Storage+USGS_12105900
2008,12,19,609.611808802596,Delta_Storage+USGS_12105900
2008,12,20,589.435212223748,Delta_Storage+USGS_12105900
2008,12,21,555.658829828944,Delta_Storage+USGS_12105900
2008,12,22,567.023510513172,Delta_Storage+USGS_12105900
2008,12,23,572.425605766235,Delta_Storage+USGS_12105900
2008,12,24,559,Delta_Storage+USGS_12105900
2008,12,25,543.23322406271,Delta_Storage+USGS_12105900
2008,12,26,543,Delta_Storage+USGS_12105900
2008,12,27,762.882447434135,Delta_Storage+USGS_12105900
2008,12,28,2183.24467926475,Delta_Storage+USGS_12105900
2008,12,29,1285.61418166611,Delta_Storage+USGS_12105900
2008,12,30,1017.52933026654,Delta_Storage+USGS_12105900
2008,12,31,875.361979396389,Delta_Storage+USGS_12105900
2009,1,1,952.10876632717,Delta_Storage+USGS_12105900
2009,1,2,1206.73876774032,Delta_Storage+USGS_12105900
2009,1,3,1135.70700926506,Delta_Storage+USGS_12105900
2009,1,4,995.448157955292,Delta_Storage+USGS_12105900
2009,1,5,1113.81191589461,Delta_Storage+USGS_12105900
2009,1,6,2245.31791800642,Delta_Storage+USGS_12105900
2009,1,7,6512.27597532798,Delta_Storage+USGS_12105900
2009,1,8,29965.428101791,Delta_Storage+USGS_12105900
2009,1,9,14269.3265501398,Delta_Storage+USGS_12105900
2009,1,10,5903.43836932755,Delta_Storage+USGS_12105900
2009,1,11,3681.94634038806,Delta_Storage+USGS_12105900
2009,1,12,3449.80619645012,Delta_Storage+USGS_12105900
2009,1,13,3844.92093105259,Delta_Storage+USGS_12105900
2009,1,14,3860.37882030472,Delta_Storage+USGS_12105900
2009,1,15,1912.11469109682,Delta_Storage+USGS_12105900
2009,1,16,1981.05447420638,Delta_Storage+USGS_12105900
2009,1,17,1738.94027096911,Delta_Storage+USGS_12105900
2009,1,18,1618.25145598484,Delta_Storage+USGS_12105900
2009,1,19,1351.38252266228,Delta_Storage+USGS_12105900
2009,1,20,763.518537114258,Delta_Storage+USGS_12105900
2009,1,21,587.735463483366,Delta_Storage+USGS_12105900
2009,1,22,931.066905526472,Delta_Storage+USGS_12105900
2009,1,23,846.776367656779,Delta_Storage+USGS_12105900
2009,1,24,980.977743205049,Delta_Storage+USGS_12105900
2009,1,25,975.242311177337,Delta_Storage+USGS_12105900
2009,1,26,872.247631916261,Delta_Storage+USGS_12105900
2009,1,27,749.598715256023,Delta_Storage+USGS_12105900
2009,1,28,860.465301575381,Delta_Storage+USGS_12105900
2009,1,29,768.564787776252,Delta_Storage+USGS_12105900
2009,1,30,664.658829828944,Delta_Storage+USGS_12105900
2009,1,31,707.72936136846,Delta_Storage+USGS_12105900
2009,2,1,825.428857190416,Delta_Storage+USGS_12105900
2009,2,2,724.292990734942,Delta_Storage+USGS_12105900
2009,2,3,681.936981903581,Delta_Storage+USGS_12105900
2009,2,4,690.635319315773,Delta_Storage+USGS_12105900
2009,2,5,700,Delta_Storage+USGS_12105900
2009,2,6,694,Delta_Storage+USGS_12105900
2009,2,7,704.388191197404,Delta_Storage+USGS_12105900
2009,2,8,864.033140690172,Delta_Storage+USGS_12105900
2009,2,9,804.152862260534,Delta_Storage+USGS_12105900
2009,2,10,664.037614654485,Delta_Storage+USGS_12105900
2009,2,11,571.976489486828,Delta_Storage+USGS_12105900
2009,2,12,573.070531539516,Delta_Storage+USGS_12105900
2009,2,13,578.070531539521,Delta_Storage+USGS_12105900
2009,2,14,576.418080463383,Delta_Storage+USGS_12105900
2009,2,15,571.426752316268,Delta_Storage+USGS_12105900
2009,2,16,552.286623841873,Delta_Storage+USGS_12105900
2009,2,17,526.550883720593,Delta_Storage+USGS_12105900
2009,2,18,515.976489486828,Delta_Storage+USGS_12105900
2009,2,19,472.294149144712,Delta_Storage+USGS_12105900
2009,2,20,430.388191197399,Delta_Storage+USGS_12105900
2009,2,21,467.35716724113,Delta_Storage+USGS_12105900
2009,2,22,475.420385423185,Delta_Storage+USGS_12105900
2009,2,23,479.420385423198,Delta_Storage+USGS_12105900
2009,2,24,514.036220272944,Delta_Storage+USGS_12105900
2009,2,25,732.626499706238,Delta_Storage+USGS_12105900
2009,2,26,860.58875496275,Delta_Storage+USGS_12105900
2009,2,27,741.063612622677,Delta_Storage+USGS_12105900
2009,2,28,654.649316607178,Delta_Storage+USGS_12105900
2009,3,1,638.148865880518,Delta_Storage+USGS_12105900
2009,3,2,602.925001896937,Delta_Storage+USGS_12105900
2009,3,3,636.532128024435,Delta_Storage+USGS_12105900
2009,3,4,744.106238196797,Delta_Storage+USGS_12105900
2009,3,5,877.124767931615,Delta_Storage+USGS_12105900
2009,3,6,916.693865372107,Delta_Storage+USGS_12105900
2009,3,7,822.448772129552,Delta_Storage+USGS_12105900
2009,3,8,761.087870166685,Delta_Storage+USGS_12105900
2009,3,9,683.701645318248,Delta_Storage+USGS_12105900
2009,3,10,666.451465410533,Delta_Storage+USGS_12105900
2009,3,11,578.089540182469,Delta_Storage+USGS_12105900
2009,3,12,563.81715513683,Delta_Storage+USGS_12105900
2009,3,13,519.272385045596,Delta_Storage+USGS_12105900
2009,3,14,502.272385045638,Delta_Storage+USGS_12105900
2009,3,15,578.361925228065,Delta_Storage+USGS_12105900
2009,3,16,569.634310273662,Delta_Storage+USGS_12105900
2009,3,17,539.169724546351,Delta_Storage+USGS_12105900
2009,3,18,552.829983805898,Delta_Storage+USGS_12105900
2009,3,19,554.829983805852,Delta_Storage+USGS_12105900
2009,3,20,619.042834008413,Delta_Storage+USGS_12105900
2009,3,21,808.926620555425,Delta_Storage+USGS_12105900
2009,3,22,858.387753700113,Delta_Storage+USGS_12105900
2009,3,23,843.351989433142,Delta_Storage+USGS_12105900
2009,3,24,777.388953100102,Delta_Storage+USGS_12105900
2009,3,25,1237.64577425513,Delta_Storage+USGS_12105900
2009,3,26,1198.70810288429,Delta_Storage+USGS_12105900
2009,3,27,1001.88198285264,Delta_Storage+USGS_12105900
2009,3,28,917.527931410432,Delta_Storage+USGS_12105900
2009,3,29,866.527931410496,Delta_Storage+USGS_12105900
2009,3,30,761.645948557792,Delta_Storage+USGS_12105900
2009,3,31,769.118017147423,Delta_Storage+USGS_12105900
2009,4,1,1173.77025721078,Delta_Storage+USGS_12105900
2009,4,2,1245.534222916,Delta_Storage+USGS_12105900
2009,4,3,1744.80225212122,Delta_Storage+USGS_12105900
2009,4,4,1500.96051654028,Delta_Storage+USGS_12105900
2009,4,5,1272.12582478616,Delta_Storage+USGS_12105900
2009,4,6,1328.10065982891,Delta_Storage+USGS_12105900
2009,4,7,1598.10065982891,Delta_Storage+USGS_12105900
2009,4,8,2116.59308383145,Delta_Storage+USGS_12105900
2009,4,9,2016.0350660346,Delta_Storage+USGS_12105900
2009,4,10,1616.9824669827,Delta_Storage+USGS_12105900
2009,4,11,1626.50876650861,Delta_Storage+USGS_12105900
2009,4,12,1563.49123349139,Delta_Storage+USGS_12105900
2009,4,13,3761.40732842363,Delta_Storage+USGS_12105900
2009,4,14,2414.32936730969,Delta_Storage+USGS_12105900
2009,4,15,1850,Delta_Storage+USGS_12105900
2009,4,16,1605.94962516085,Delta_Storage+USGS_12105900
2009,4,17,1609.44201505901,Delta_Storage+USGS_12105900
2009,4,18,1878.32604517693,Delta_Storage+USGS_12105900
2009,4,19,1959.16302258847,Delta_Storage+USGS_12105900
2009,4,20,2189.16302258846,Delta_Storage+USGS_12105900
2009,4,21,3157.48906776548,Delta_Storage+USGS_12105900
2009,4,22,3399.44201505901,Delta_Storage+USGS_12105900
2009,4,23,2641.39496235253,Delta_Storage+USGS_12105900
2009,4,24,1741.39496235253,Delta_Storage+USGS_12105900
2009,4,25,1798.32604517693,Delta_Storage+USGS_12105900
2009,4,26,1450,Delta_Storage+USGS_12105900
2009,4,27,1200,Delta_Storage+USGS_12105900
2009,4,28,1198.88403011801,Delta_Storage+USGS_12105900
2009,4,29,1204.04705270648,Delta_Storage+USGS_12105900
2009,4,30,1213.28069312602,Delta_Storage+USGS_12105900
2009,5,1,1464.56092476655,Delta_Storage+USGS_12105900
2009,5,2,1336.92988440422,Delta_Storage+USGS_12105900
2009,5,3,1552.28046238333,Delta_Storage+USGS_12105900
2009,5,4,1738.42069357489,Delta_Storage+USGS_12105900
2009,5,5,1869.21034678744,Delta_Storage+USGS_12105900
2009,5,6,2382.28046238333,Delta_Storage+USGS_12105900
2009,5,7,2769.21034678744,Delta_Storage+USGS_12105900
2009,5,8,2157.23364019035,Delta_Storage+USGS_12105900
2009,5,9,2337.15046272646,Delta_Storage+USGS_12105900
2009,5,10,2029.0221352837,Delta_Storage+USGS_12105900
2009,5,11,2151.02871032802,Delta_Storage+USGS_12105900
2009,5,12,2703.11214377447,Delta_Storage+USGS_12105900
2009,5,13,2615.52192357091,Delta_Storage+USGS_12105900
2009,5,14,2327.93170336733,Delta_Storage+USGS_12105900
2009,5,15,2657.24873703992,Delta_Storage+USGS_12105900
2009,5,16,2714.3924369268,Delta_Storage+USGS_12105900
2009,5,17,3002.19666882884,Delta_Storage+USGS_12105900
2009,5,18,3151.46444588597,Delta_Storage+USGS_12105900
2009,5,19,3682.56278030039,Delta_Storage+USGS_12105900
2009,5,20,3020.36611147144,Delta_Storage+USGS_12105900
2009,5,21,2500.73222294298,Delta_Storage+USGS_12105900
2009,5,22,2326.94329467227,Delta_Storage+USGS_12105900
2009,5,23,2307.5377188677,Delta_Storage+USGS_12105900
2009,5,24,2476.30657830166,Delta_Storage+USGS_12105900
2009,5,25,2370.46067201239,Delta_Storage+USGS_12105900
2009,5,26,2380.46067201227,Delta_Storage+USGS_12105900
2009,5,27,2221.69181257854,Delta_Storage+USGS_12105900
2009,5,28,2154.81805444279,Delta_Storage+USGS_12105900
2009,5,29,2214.81880060221,Delta_Storage+USGS_12105900
2009,5,30,2664.57720140522,Delta_Storage+USGS_12105900
2009,5,31,2539.75840080302,Delta_Storage+USGS_12105900
2009,6,1,2110,Delta_Storage+USGS_12105900
2009,6,2,2044.8188006022,Delta_Storage+USGS_12105900
2009,6,3,1954.69800100372,Delta_Storage+USGS_12105900
2009,6,4,1774.69800100371,Delta_Storage+USGS_12105900
2009,6,5,1671.48313270695,Delta_Storage+USGS_12105900
2009,6,6,1630.71488881619,Delta_Storage+USGS_12105900
2009,6,7,1313.92907401343,Delta_Storage+USGS_12105900
2009,6,8,1171.71488881606,Delta_Storage+USGS_12105900
2009,6,9,1032.71488881619,Delta_Storage+USGS_12105900
2009,6,10,1051.71488881606,Delta_Storage+USGS_12105900
2009,6,11,1075.20088574063,Delta_Storage+USGS_12105900
2009,6,12,1115.66794368087,Delta_Storage+USGS_12105900
2009,6,13,1191.46641126388,Delta_Storage+USGS_12105900
2009,6,14,890.26487884676,Delta_Storage+USGS_12105900
2009,6,15,703.684991651805,Delta_Storage+USGS_12105900
2009,6,16,752.499296381173,Delta_Storage+USGS_12105900
2009,6,17,665.713481578545,Delta_Storage+USGS_12105900
2009,6,18,605.713481578413,Delta_Storage+USGS_12105900
2009,6,19,591.57726709236,Delta_Storage+USGS_12105900
2009,6,20,690.362398795468,Delta_Storage+USGS_12105900
2009,6,21,630.483198394078,Delta_Storage+USGS_12105900
2009,6,22,565.543598193264,Delta_Storage+USGS_12105900
2009,6,23,571.594285521153,Delta_Storage+USGS_12105900
2009,6,24,470.770468553759,Delta_Storage+USGS_12105900
2009,6,25,500.693421698336,Delta_Storage+USGS_12105900
2009,6,26,342.770468553759,Delta_Storage+USGS_12105900
2009,6,27,455.133752183151,Delta_Storage+USGS_12105900
2009,6,28,434.437219699608,Delta_Storage+USGS_12105900
2009,6,29,332.071108228176,Delta_Storage+USGS_12105900
2009,6,30,435.169442642592,Delta_Storage+USGS_12105900
2009,7,1,301.437219699611,Delta_Storage+USGS_12105900
2009,7,2,348.170343373593,Delta_Storage+USGS_12105900
2009,7,3,395.341483163655,Delta_Storage+USGS_12105900
2009,7,4,297.478076429098,Delta_Storage+USGS_12105900
2009,7,5,289.478076429094,Delta_Storage+USGS_12105900
2009,7,6,336.40977979643,Delta_Storage+USGS_12105900
2009,7,7,275.478076429098,Delta_Storage+USGS_12105900
2009,7,8,266.418193592346,Delta_Storage+USGS_12105900
2009,7,9,189.87167255724,Delta_Storage+USGS_12105900
2009,7,10,125.212384318333,Delta_Storage+USGS_12105900
2009,7,11,268,Delta_Storage+USGS_12105900
2009,7,12,280,Delta_Storage+USGS_12105900
2009,7,13,280,Delta_Storage+USGS_12105900
2009,7,14,233.553096079636,Delta_Storage+USGS_12105900
2009,7,15,277,Delta_Storage+USGS_12105900
2009,7,16,231.553096079531,Delta_Storage+USGS_12105900
2009,7,17,237.553096079636,Delta_Storage+USGS_12105900
2009,7,18,197.106192159167,Delta_Storage+USGS_12105900
2009,7,19,242.553096079636,Delta_Storage+USGS_12105900
2009,7,20,182.106192159167,Delta_Storage+USGS_12105900
2009,7,21,220.553096079533,Delta_Storage+USGS_12105900
2009,7,22,180.106192159271,Delta_Storage+USGS_12105900
2009,7,23,225.553096079531,Delta_Storage+USGS_12105900
2009,7,24,180.106192159167,Delta_Storage+USGS_12105900
2009,7,25,180.106192159271,Delta_Storage+USGS_12105900
2009,7,26,180.106192159167,Delta_Storage+USGS_12105900
2009,7,27,183.107071570848,Delta_Storage+USGS_12105900
2009,7,28,189.859768808338,Delta_Storage+USGS_12105900
2009,7,29,189.859768808336,Delta_Storage+USGS_12105900
2009,7,30,196.859768808435,Delta_Storage+USGS_12105900
2009,7,31,146.789653212459,Delta_Storage+USGS_12105900
2009,8,1,182.859768808435,Delta_Storage+USGS_12105900
2009,8,2,139.789653212457,Delta_Storage+USGS_12105900
2009,8,3,139.789653212556,Delta_Storage+USGS_12105900
2009,8,4,181.859768808336,Delta_Storage+USGS_12105900
2009,8,5,141.789653212556,Delta_Storage+USGS_12105900
2009,8,6,146.789653212554,Delta_Storage+USGS_12105900
2009,8,7,146.789653212556,Delta_Storage+USGS_12105900
2009,8,8,145.789653212556,Delta_Storage+USGS_12105900
2009,8,9,144.789653212457,Delta_Storage+USGS_12105900
2009,8,10,135.489108515196,Delta_Storage+USGS_12105900
2009,8,11,169.557984940994,Delta_Storage+USGS_12105900
2009,8,12,159.557984941084,Delta_Storage+USGS_12105900
2009,8,13,199.278992470452,Delta_Storage+USGS_12105900
2009,8,14,244,Delta_Storage+USGS_12105900
2009,8,15,164.557984940994,Delta_Storage+USGS_12105900
2009,8,16,204.278992470542,Delta_Storage+USGS_12105900
2009,8,17,123.836977411536,Delta_Storage+USGS_12105900
2009,8,18,170.557984940992,Delta_Storage+USGS_12105900
2009,8,19,181.557984940994,Delta_Storage+USGS_12105900
2009,8,20,146.836977411536,Delta_Storage+USGS_12105900
2009,8,21,107.115969881986,Delta_Storage+USGS_12105900
2009,8,22,146.836977411536,Delta_Storage+USGS_12105900
2009,8,23,146.836977411536,Delta_Storage+USGS_12105900
2009,8,24,107.115969881986,Delta_Storage+USGS_12105900
2009,8,25,152.26261586001,Delta_Storage+USGS_12105900
2009,8,26,154.473700474093,Delta_Storage+USGS_12105900
2009,8,27,116.964933965404,Delta_Storage+USGS_12105900
2009,8,28,153.473700474093,Delta_Storage+USGS_12105900
2009,8,29,116.964933965487,Delta_Storage+USGS_12105900
2009,8,30,115.964933965404,Delta_Storage+USGS_12105900
2009,8,31,143.473700474093,Delta_Storage+USGS_12105900
2009,9,1,130.473700474095,Delta_Storage+USGS_12105900
2009,9,2,126.47370047401,Delta_Storage+USGS_12105900
2009,9,3,89.9649339654866,Delta_Storage+USGS_12105900
2009,9,4,161.983545608949,Delta_Storage+USGS_12105900
2009,9,5,134.462252564169,Delta_Storage+USGS_12105900
2009,9,6,167.974835042754,Delta_Storage+USGS_12105900
2009,9,7,235,Delta_Storage+USGS_12105900
2009,9,8,185.487417521415,Delta_Storage+USGS_12105900
2009,9,9,184.48741752134,Delta_Storage+USGS_12105900
2009,9,10,165.974835042754,Delta_Storage+USGS_12105900
2009,9,11,126.462252564169,Delta_Storage+USGS_12105900
2009,9,12,159.974835042754,Delta_Storage+USGS_12105900
2009,9,13,126.462252564169,Delta_Storage+USGS_12105900
2009,9,14,131.462252564169,Delta_Storage+USGS_12105900
2009,9,15,109.949670085507,Delta_Storage+USGS_12105900
2009,9,16,160.462252564169,Delta_Storage+USGS_12105900
2009,9,17,98.4370876069231,Delta_Storage+USGS_12105900
2009,9,18,126.817235585557,Delta_Storage+USGS_12105900
2009,9,19,131.415804277114,Delta_Storage+USGS_12105900
2009,9,20,161.061853207869,Delta_Storage+USGS_12105900
2009,9,21,144.415804277114,Delta_Storage+USGS_12105900
2009,9,22,138.769755346427,Delta_Storage+USGS_12105900
2009,9,23,108.12370641574,Delta_Storage+USGS_12105900
2009,9,24,183.769755346427,Delta_Storage+USGS_12105900
2009,9,25,140.24253328164,Delta_Storage+USGS_12105900
2009,9,26,137.819828526144,Delta_Storage+USGS_12105900
2009,9,27,134.819828526145,Delta_Storage+USGS_12105900
2009,9,28,105.701811378783,Delta_Storage+USGS_12105900
2009,9,29,126.649454504892,Delta_Storage+USGS_12105900
2009,9,30,97.1794279076339,Delta_Storage+USGS_12105900
2009,10,1,116.747808915254,Delta_Storage+USGS_12105900
2009,10,2,159.626677620777,Delta_Storage+USGS_12105900
2009,10,3,142.091300489411,Delta_Storage+USGS_12105900
2009,10,4,140.091300489359,Delta_Storage+USGS_12105900
2009,10,5,81.7158749682525,Delta_Storage+USGS_12105900
2009,10,6,97.3614493924101,Delta_Storage+USGS_12105900
2009,10,7,105.170016194102,Delta_Storage+USGS_12105900
2009,10,8,104.170016194102,Delta_Storage+USGS_12105900
2009,10,9,106.302682032781,Delta_Storage+USGS_12105900
2009,10,10,120.0933046807,Delta_Storage+USGS_12105900
2009,10,11,119.093304680701,Delta_Storage+USGS_12105900
2009,10,12,99.8209196351045,Delta_Storage+USGS_12105900
2009,10,13,147.820919635105,Delta_Storage+USGS_12105900
2009,10,14,136.924191430284,Delta_Storage+USGS_12105900
2009,10,15,234.684097375005,Delta_Storage+USGS_12105900
2009,10,16,297.528908744646,Delta_Storage+USGS_12105900
2009,10,17,187.277985984043,Delta_Storage+USGS_12105900
2009,10,18,71.497250797756,Delta_Storage+USGS_12105900
2009,10,19,24.5078135108997,Delta_Storage+USGS_12105900
2009,10,20,38.9855263992214,Delta_Storage+USGS_12105900
2009,10,21,108.533940793625,Delta_Storage+USGS_12105900
2009,10,22,139.385328310152,Delta_Storage+USGS_12105900
2009,10,23,301.901721689791,Delta_Storage+USGS_12105900
2009,10,24,544.300573896612,Delta_Storage+USGS_12105900
2009,10,25,302.836691847143,Delta_Storage+USGS_12105900
2009,10,26,629.927626326341,Delta_Storage+USGS_12105900
2009,10,27,1483.19433613532,Delta_Storage+USGS_12105900
2009,10,28,564.530173324275,Delta_Storage+USGS_12105900
2009,10,29,506.894010950768,Delta_Storage+USGS_12105900
2009,10,30,922.564787776252,Delta_Storage+USGS_12105900
2009,10,31,2104.24399846018,Delta_Storage+USGS_12105900
2009,11,1,1812.33038217587,Delta_Storage+USGS_12105900
2009,11,2,1062.68656368814,Delta_Storage+USGS_12105900
2009,11,3,741.127246873214,Delta_Storage+USGS_12105900
2009,11,4,636.317659657884,Delta_Storage+USGS_12105900
2009,11,5,583.611808802596,Delta_Storage+USGS_12105900
2009,11,6,560.317659657884,Delta_Storage+USGS_12105900
2009,11,7,589.435212223748,Delta_Storage+USGS_12105900
2009,11,8,786.897422049733,Delta_Storage+USGS_12105900
2009,11,9,1081.55796481134,Delta_Storage+USGS_12105900
2009,11,10,674.168145132941,Delta_Storage+USGS_12105900
2009,11,11,769.866238418674,Delta_Storage+USGS_12105900
2009,11,12,722.239590955779,Delta_Storage+USGS_12105900
2009,11,13,635.564787776246,Delta_Storage+USGS_12105900
2009,11,14,588.023510513177,Delta_Storage+USGS_12105900
2009,11,15,576.976489486823,Delta_Storage+USGS_12105900
2009,11,16,1123.4695113237,Delta_Storage+USGS_12105900
2009,11,17,1284.94219038688,Delta_Storage+USGS_12105900
2009,11,18,1357.65882982894,Delta_Storage+USGS_12105900
2009,11,19,1537.22361760519,Delta_Storage+USGS_12105900
2009,11,20,1696.3881911974,Delta_Storage+USGS_12105900
2009,11,21,1543.80627166079,Delta_Storage+USGS_12105900
2009,11,22,1242.14670731287,Delta_Storage+USGS_12105900
2009,11,23,1420.7004304266,Delta_Storage+USGS_12105900
2009,11,24,1771.43311920934,Delta_Storage+USGS_12105900
2009,11,25,2365.69427547892,Delta_Storage+USGS_12105900
2009,11,26,1887.28972745101,Delta_Storage+USGS_12105900
2009,11,27,1775.31765965788,Delta_Storage+USGS_12105900
2009,11,28,1918.8572484719,Delta_Storage+USGS_12105900
2009,11,29,1757.08807099853,Delta_Storage+USGS_12105900
2009,11,30,1782.62115558867,Delta_Storage+USGS_12105900
2009,12,1,1323.13186235309,Delta_Storage+USGS_12105900
2009,12,2,1300.20762053512,Delta_Storage+USGS_12105900
2009,12,3,1087.2236176052,Delta_Storage+USGS_12105900
2009,12,4,935.341170171056,Delta_Storage+USGS_12105900
2009,12,5,859.047021026344,Delta_Storage+USGS_12105900
2009,12,6,742.611808802601,Delta_Storage+USGS_12105900
2009,12,7,684.388191197399,Delta_Storage+USGS_12105900
2009,12,8,620.247595381716,Delta_Storage+USGS_12105900
2009,12,9,521.033133797221,Delta_Storage+USGS_12105900
2009,12,10,586.425121676351,Delta_Storage+USGS_12105900
2009,12,11,529.658829828944,Delta_Storage+USGS_12105900
2009,12,12,515.070531539521,Delta_Storage+USGS_12105900
2009,12,13,512.047021026344,Delta_Storage+USGS_12105900
2009,12,14,605.682340342116,Delta_Storage+USGS_12105900
2009,12,15,536.106065039326,Delta_Storage+USGS_12105900
2009,12,16,454.308294722373,Delta_Storage+USGS_12105900
2009,12,17,503.715215790798,Delta_Storage+USGS_12105900
2009,12,18,520.023510513177,Delta_Storage+USGS_12105900
2009,12,19,531.705850855288,Delta_Storage+USGS_12105900
2009,12,20,633.870436307233,Delta_Storage+USGS_12105900
2009,12,21,1288.82437931292,Delta_Storage+USGS_12105900
2009,12,22,805.455877635886,Delta_Storage+USGS_12105900
2009,12,23,805.726109944266,Delta_Storage+USGS_12105900
2009,12,24,667.923089707673,Delta_Storage+USGS_12105900
2009,12,25,703.210671873653,Delta_Storage+USGS_12105900
2009,12,26,661.566880790663,Delta_Storage+USGS_12105900
2009,12,27,613.859871525605,Delta_Storage+USGS_12105900
2009,12,28,584.00636689307,Delta_Storage+USGS_12105900
2009,12,29,567.673868574899,Delta_Storage+USGS_12105900
2009,12,30,555.882447434135,Delta_Storage+USGS_12105900
2009,12,31,502.905957947307,Delta_Storage+USGS_12105900
2010,1,1,534.070531539516,Delta_Storage+USGS_12105900
2010,1,2,742.753818346015,Delta_Storage+USGS_12105900
2010,1,3,946.700642371988,Delta_Storage+USGS_12105900
2010,1,4,1114.28662384187,Delta_Storage+USGS_12105900
2010,1,5,2798.69532163306,Delta_Storage+USGS_12105900
2010,1,6,2286.94372437765,Delta_Storage+USGS_12105900
2010,1,7,1440.99401391659,Delta_Storage+USGS_12105900
2010,1,8,1523.37967385883,Delta_Storage+USGS_12105900
2010,1,9,1281.42675231627,Delta_Storage+USGS_12105900
2010,1,10,1292.85350463252,Delta_Storage+USGS_12105900
2010,1,11,1277.15400881058,Delta_Storage+USGS_12105900
2010,1,12,1112.7413843551,Delta_Storage+USGS_12105900
2010,1,13,1185.11755256586,Delta_Storage+USGS_12105900
2010,1,14,1690.7004304266,Delta_Storage+USGS_12105900
2010,1,15,1804.28662384186,Delta_Storage+USGS_12105900
2010,1,16,1974.2802569488,Delta_Storage+USGS_12105900
2010,1,17,1792.86623841867,Delta_Storage+USGS_12105900
2010,1,18,1447.23113104829,Delta_Storage+USGS_12105900
2010,1,19,1357.02351051318,Delta_Storage+USGS_12105900
2010,1,20,1177.22361760519,Delta_Storage+USGS_12105900
2010,1,21,1075.31765965788,Delta_Storage+USGS_12105900
2010,1,22,917.341170171061,Delta_Storage+USGS_12105900
2010,1,23,892.117552565865,Delta_Storage+USGS_12105900
2010,1,24,879.72936136846,Delta_Storage+USGS_12105900
2010,1,25,993.449116279407,Delta_Storage+USGS_12105900
2010,1,26,791.362799615208,Delta_Storage+USGS_12105900
2010,1,27,784.72936136846,Delta_Storage+USGS_12105900
2010,1,28,718.635319315773,Delta_Storage+USGS_12105900
2010,1,29,693.341170171056,Delta_Storage+USGS_12105900
2010,1,30,682.317659657884,Delta_Storage+USGS_12105900
2010,1,31,679.976489486828,Delta_Storage+USGS_12105900
2010,2,1,669.658829828944,Delta_Storage+USGS_12105900
2010,2,2,653,Delta_Storage+USGS_12105900
2010,2,3,607.635319315767,Delta_Storage+USGS_12105900
2010,2,4,604.023510513172,Delta_Storage+USGS_12105900
2010,2,5,568.317659657889,Delta_Storage+USGS_12105900
2010,2,6,541.364680684227,Delta_Storage+USGS_12105900
2010,2,7,542.023510513172,Delta_Storage+USGS_12105900
2010,2,8,537.341170171061,Delta_Storage+USGS_12105900
2010,2,9,515.976489486828,Delta_Storage+USGS_12105900
2010,2,10,499.317659657884,Delta_Storage+USGS_12105900
2010,2,11,551,Delta_Storage+USGS_12105900
2010,2,12,593.317659657884,Delta_Storage+USGS_12105900
2010,2,13,632.752871881632,Delta_Storage+USGS_12105900
2010,2,14,738.62121517446,Delta_Storage+USGS_12105900
2010,2,15,1097.40765163705,Delta_Storage+USGS_12105900
2010,2,16,974.42985592542,Delta_Storage+USGS_12105900
2010,2,17,1114.24712811836,Delta_Storage+USGS_12105900
2010,2,18,1016.58829828942,Delta_Storage+USGS_12105900
2010,2,19,845.976489486828,Delta_Storage+USGS_12105900
2010,2,20,795.776382394809,Delta_Storage+USGS_12105900
2010,2,21,773.364680684227,Delta_Storage+USGS_12105900
2010,2,22,727.611808802601,Delta_Storage+USGS_12105900
2010,2,23,641.905957947307,Delta_Storage+USGS_12105900
2010,2,24,649.317659657884,Delta_Storage+USGS_12105900
2010,2,25,642.317659657884,Delta_Storage+USGS_12105900
2010,2,26,575.047021026349,Delta_Storage+USGS_12105900
2010,2,27,559.141063079036,Delta_Storage+USGS_12105900
2010,2,28,578.008471767217,Delta_Storage+USGS_12105900
2010,3,1,581.420385423198,Delta_Storage+USGS_12105900
2010,3,2,552.99363310693,Delta_Storage+USGS_12105900
2010,3,3,724.030962040929,Delta_Storage+USGS_12105900
2010,3,4,701.281919940403,Delta_Storage+USGS_12105900
2010,3,5,653.233457704922,Delta_Storage+USGS_12105900
2010,3,6,673.714504596384,Delta_Storage+USGS_12105900
2010,3,7,640.336033367404,Delta_Storage+USGS_12105900
2010,3,8,602.794029196486,Delta_Storage+USGS_12105900
2010,3,9,572.878037538342,Delta_Storage+USGS_12105900
2010,3,10,548.32495461786,Delta_Storage+USGS_12105900
2010,3,11,540.398852206798,Delta_Storage+USGS_12105900
2010,3,12,571.872847887755,Delta_Storage+USGS_12105900
2010,3,13,620.58961694172,Delta_Storage+USGS_12105900
2010,3,14,579.4660592064,Delta_Storage+USGS_12105900
2010,3,15,573.04750731303,Delta_Storage+USGS_12105900
2010,3,16,545.640385928617,Delta_Storage+USGS_12105900
2010,3,17,558.85384790485,Delta_Storage+USGS_12105900
2010,3,18,579.28326252828,Delta_Storage+USGS_12105900
2010,3,19,563.606744806609,Delta_Storage+USGS_12105900
2010,3,20,541.678245750829,Delta_Storage+USGS_12105900
2010,3,21,518.749746695109,Delta_Storage+USGS_12105900
2010,3,22,598.653993376049,Delta_Storage+USGS_12105900
2010,3,23,602.671016685147,Delta_Storage+USGS_12105900
2010,3,24,592.698431961367,Delta_Storage+USGS_12105900
2010,3,25,576.214492789177,Delta_Storage+USGS_12105900
2010,3,26,673.577920903876,Delta_Storage+USGS_12105900
2010,3,27,662.943365106417,Delta_Storage+USGS_12105900
2010,3,28,652.315902625032,Delta_Storage+USGS_12105900
2010,3,29,695.530862052126,Delta_Storage+USGS_12105900
2010,3,30,996.11346716835,Delta_Storage+USGS_12105900
2010,3,31,1049.54919461298,Delta_Storage+USGS_12105900
2010,4,1,967.811273117751,Delta_Storage+USGS_12105900
2010,4,2,888.040521123876,Delta_Storage+USGS_12105900
2010,4,3,888.799239146286,Delta_Storage+USGS_12105900
2010,4,4,824.291722812985,Delta_Storage+USGS_12105900
2010,4,5,746.416205768576,Delta_Storage+USGS_12105900
2010,4,6,749.41620576864,Delta_Storage+USGS_12105900
2010,4,7,764.055454593846,Delta_Storage+USGS_12105900
2010,4,8,937.982831822161,Delta_Storage+USGS_12105900
2010,4,9,1077.98568149753,Delta_Storage+USGS_12105900
2010,4,10,983.68873717923,Delta_Storage+USGS_12105900
2010,4,11,852.638407264739,Delta_Storage+USGS_12105900
2010,4,12,807.585451891501,Delta_Storage+USGS_12105900
2010,4,13,781.070132069111,Delta_Storage+USGS_12105900
2010,4,14,819.5788985778,Delta_Storage+USGS_12105900
2010,4,15,859.08766508641,Delta_Storage+USGS_12105900
2010,4,16,882.275670337778,Delta_Storage+USGS_12105900
2010,4,17,868.768060235937,Delta_Storage+USGS_12105900
2010,4,18,1123.65209035395,Delta_Storage+USGS_12105900
2010,4,19,1131.25616032394,Delta_Storage+USGS_12105900
2010,4,20,1160.70115595822,Delta_Storage+USGS_12105900
2010,4,21,1671.1218495332,Delta_Storage+USGS_12105900
2010,4,22,1751.99504552644,Delta_Storage+USGS_12105900
2010,4,23,1391.0221352837,Delta_Storage+USGS_12105900
2010,4,24,1241.02213528359,Delta_Storage+USGS_12105900
2010,4,25,1218.0221352837,Delta_Storage+USGS_12105900
2010,4,26,1041.45270756233,Delta_Storage+USGS_12105900
2010,4,27,982.453626938129,Delta_Storage+USGS_12105900
2010,4,28,1056.31703367269,Delta_Storage+USGS_12105900
2010,4,29,1326.84887546044,Delta_Storage+USGS_12105900
2010,4,30,1465.02722618624,Delta_Storage+USGS_12105900
2010,5,1,1422.29500324338,Delta_Storage+USGS_12105900
2010,5,2,1939.8721864441,Delta_Storage+USGS_12105900
2010,5,3,2996.76725031394,Delta_Storage+USGS_12105900
2010,5,4,3027.99839088009,Delta_Storage+USGS_12105900
2010,5,5,2071.32866762354,Delta_Storage+USGS_12105900
2010,5,6,1644.27520240894,Delta_Storage+USGS_12105900
2010,5,7,1474.15440281045,Delta_Storage+USGS_12105900
2010,5,8,1273.67626552965,Delta_Storage+USGS_12105900
2010,5,9,1227.21559243489,Delta_Storage+USGS_12105900
2010,5,10,1122.63441188721,Delta_Storage+USGS_12105900
2010,5,11,1078.33588736173,Delta_Storage+USGS_12105900
2010,5,12,1075.80229862547,Delta_Storage+USGS_12105900
2010,5,13,2200,Delta_Storage+USGS_12105900
2010,5,14,729.328225276542,Delta_Storage+USGS_12105900
2010,5,15,700.113362046407,Delta_Storage+USGS_12105900
2010,5,16,1096.4283703946,Delta_Storage+USGS_12105900
2010,5,17,1210,Delta_Storage+USGS_12105900
2010,5,18,1553.5716296054,Delta_Storage+USGS_12105900
2010,5,19,1553.21418519724,Delta_Storage+USGS_12105900
2010,5,20,1353.21418519737,Delta_Storage+USGS_12105900
2010,5,21,1126.4283703946,Delta_Storage+USGS_12105900
2010,5,22,1126.78581480276,Delta_Storage+USGS_12105900
2010,5,23,1120,Delta_Storage+USGS_12105900
2010,5,24,910,Delta_Storage+USGS_12105900
2010,5,25,946.785814802635,Delta_Storage+USGS_12105900
2010,5,26,1002.78581480263,Delta_Storage+USGS_12105900
2010,5,27,1040,Delta_Storage+USGS_12105900
2010,5,28,1626.78581480276,Delta_Storage+USGS_12105900
2010,5,29,2747.14325921066,Delta_Storage+USGS_12105900
2010,5,30,2066.42837039473,Delta_Storage+USGS_12105900
2010,5,31,1856.4283703946,Delta_Storage+USGS_12105900
2010,6,1,1526.4283703946,Delta_Storage+USGS_12105900
2010,6,2,2006.78581480263,Delta_Storage+USGS_12105900
2010,6,3,2847.14325921079,Delta_Storage+USGS_12105900
2010,6,4,2099.28511118394,Delta_Storage+USGS_12105900
2010,6,5,2016.78581480264,Delta_Storage+USGS_12105900
2010,6,6,1623.21418519736,Delta_Storage+USGS_12105900
2010,6,7,1626.78581480264,Delta_Storage+USGS_12105900
2010,6,8,1503.5716296054,Delta_Storage+USGS_12105900
2010,6,9,1940.35744440803,Delta_Storage+USGS_12105900
2010,6,10,1679.64255559197,Delta_Storage+USGS_12105900
2010,6,11,2380.35744440803,Delta_Storage+USGS_12105900
2010,6,12,1919.64255559197,Delta_Storage+USGS_12105900
2010,6,13,1526.4283703946,Delta_Storage+USGS_12105900
2010,6,14,1456.78581480263,Delta_Storage+USGS_12105900
2010,6,15,1330,Delta_Storage+USGS_12105900
2010,6,16,1180,Delta_Storage+USGS_12105900
2010,6,17,1160,Delta_Storage+USGS_12105900
2010,6,18,891.214185197369,Delta_Storage+USGS_12105900
2010,6,19,959.785814802631,Delta_Storage+USGS_12105900
2010,6,20,949,Delta_Storage+USGS_12105900
2010,6,21,871.214185197369,Delta_Storage+USGS_12105900
2010,6,22,809.214185197365,Delta_Storage+USGS_12105900
2010,6,23,791,Delta_Storage+USGS_12105900
2010,6,24,735,Delta_Storage+USGS_12105900
2010,6,25,791.785814802635,Delta_Storage+USGS_12105900
2010,6,26,734,Delta_Storage+USGS_12105900
2010,6,27,585.428370394601,Delta_Storage+USGS_12105900
2010,6,28,637,Delta_Storage+USGS_12105900
2010,6,29,579,Delta_Storage+USGS_12105900
2010,6,30,557,Delta_Storage+USGS_12105900
2010,7,1,460.214185197365,Delta_Storage+USGS_12105900
2010,7,2,539.785814802635,Delta_Storage+USGS_12105900
2010,7,3,581.571629605399,Delta_Storage+USGS_12105900
2010,7,4,495,Delta_Storage+USGS_12105900
2010,7,5,495,Delta_Storage+USGS_12105900
2010,7,6,495,Delta_Storage+USGS_12105900
2010,7,7,420.214185197365,Delta_Storage+USGS_12105900
2010,7,8,392.214185197237,Delta_Storage+USGS_12105900
2010,7,9,414,Delta_Storage+USGS_12105900
2010,7,10,424,Delta_Storage+USGS_12105900
2010,7,11,380.214185197365,Delta_Storage+USGS_12105900
2010,7,12,328.428370394605,Delta_Storage+USGS_12105900
2010,7,13,338.428370394601,Delta_Storage+USGS_12105900
2010,7,14,405.214185197369,Delta_Storage+USGS_12105900
2010,7,15,303.64255559197,Delta_Storage+USGS_12105900
2010,7,16,324.642555591838,Delta_Storage+USGS_12105900
2010,7,17,341.64255559197,Delta_Storage+USGS_12105900
2010,7,18,286.703638490679,Delta_Storage+USGS_12105900
2010,7,19,293.241599196979,Delta_Storage+USGS_12105900
2010,7,20,287.241599196979,Delta_Storage+USGS_12105900
2010,7,21,211.2415991971,Delta_Storage+USGS_12105900
2010,7,22,172.181199397796,Delta_Storage+USGS_12105900
2010,7,23,308,Delta_Storage+USGS_12105900
2010,7,24,253.060399799182,Delta_Storage+USGS_12105900
2010,7,25,253.060399799307,Delta_Storage+USGS_12105900
2010,7,26,268.060399799182,Delta_Storage+USGS_12105900
2010,7,27,227.120799598614,Delta_Storage+USGS_12105900
2010,7,28,239.120799598489,Delta_Storage+USGS_12105900
2010,7,29,168.181199397796,Delta_Storage+USGS_12105900
2010,7,30,247.060399799182,Delta_Storage+USGS_12105900
2010,7,31,170.120799598489,Delta_Storage+USGS_12105900
2010,8,1,225.060399799307,Delta_Storage+USGS_12105900
2010,8,2,231.060399799303,Delta_Storage+USGS_12105900
2010,8,3,182.120799598489,Delta_Storage+USGS_12105900
2010,8,4,237.060399799182,Delta_Storage+USGS_12105900
2010,8,5,184.138192814145,Delta_Storage+USGS_12105900
2010,8,6,167.154093710726,Delta_Storage+USGS_12105900
2010,8,7,201.077046855303,Delta_Storage+USGS_12105900
2010,8,8,201.077046855424,Delta_Storage+USGS_12105900
2010,8,9,213.077046855427,Delta_Storage+USGS_12105900
2010,8,10,205.077046855303,Delta_Storage+USGS_12105900
2010,8,11,139.154093710726,Delta_Storage+USGS_12105900
2010,8,12,197.077046855424,Delta_Storage+USGS_12105900
2010,8,13,227.077046855427,Delta_Storage+USGS_12105900
2010,8,14,186.154093710726,Delta_Storage+USGS_12105900
2010,8,15,186.154093710726,Delta_Storage+USGS_12105900
2010,8,16,133.231140566153,Delta_Storage+USGS_12105900
2010,8,17,186.154093710726,Delta_Storage+USGS_12105900
2010,8,18,133.231140566153,Delta_Storage+USGS_12105900
2010,8,19,126.231140566153,Delta_Storage+USGS_12105900
2010,8,20,178.154093710726,Delta_Storage+USGS_12105900
2010,8,21,130.231140566153,Delta_Storage+USGS_12105900
2010,8,22,182.154093710726,Delta_Storage+USGS_12105900
2010,8,23,131.788928270711,Delta_Storage+USGS_12105900
2010,8,24,135.901665585467,Delta_Storage+USGS_12105900
2010,8,25,197.267777057129,Delta_Storage+USGS_12105900
2010,8,26,153.901665585463,Delta_Storage+USGS_12105900
2010,8,27,94.5355541141449,Delta_Storage+USGS_12105900
2010,8,28,140.90166558558,Delta_Storage+USGS_12105900
2010,8,29,139.901665585463,Delta_Storage+USGS_12105900
2010,8,30,138.90166558558,Delta_Storage+USGS_12105900
2010,8,31,190.267777057016,Delta_Storage+USGS_12105900
2010,9,1,445.732222942984,Delta_Storage+USGS_12105900
2010,9,2,369,Delta_Storage+USGS_12105900
2010,9,3,167.90166558558,Delta_Storage+USGS_12105900
2010,9,4,186.267777057016,Delta_Storage+USGS_12105900
2010,9,5,186.267777057016,Delta_Storage+USGS_12105900
2010,9,6,186.267777057129,Delta_Storage+USGS_12105900
2010,9,7,186.267777057012,Delta_Storage+USGS_12105900
2010,9,8,363,Delta_Storage+USGS_12105900
2010,9,9,410,Delta_Storage+USGS_12105900
2010,9,10,375.633888528451,Delta_Storage+USGS_12105900
2010,9,11,292.771382525006,Delta_Storage+USGS_12105900
2010,9,12,295.204889898215,Delta_Storage+USGS_12105900
2010,9,13,247.27318653088,Delta_Storage+USGS_12105900
2010,9,14,208.341483163658,Delta_Storage+USGS_12105900
2010,9,15,277.341483163655,Delta_Storage+USGS_12105900
2010,9,16,287.478076429204,Delta_Storage+USGS_12105900
2010,9,17,258.615589070334,Delta_Storage+USGS_12105900
2010,9,18,233.53096079594,Delta_Storage+USGS_12105900
2010,9,19,277.977864716304,Delta_Storage+USGS_12105900
2010,9,20,331.977864716407,Delta_Storage+USGS_12105900
2010,9,21,517.3185764775,Delta_Storage+USGS_12105900
2010,9,22,439.063166320547,Delta_Storage+USGS_12105900
2010,9,23,396.368959637666,Delta_Storage+USGS_12105900
2010,9,24,350.298844041787,Delta_Storage+USGS_12105900
2010,9,25,356.649191278095,Delta_Storage+USGS_12105900
2010,9,26,302.347909646051,Delta_Storage+USGS_12105900
2010,9,27,338.068917175507,Delta_Storage+USGS_12105900
2010,9,28,227.052540565067,Delta_Storage+USGS_12105900
2010,9,29,330.403568404982,Delta_Storage+USGS_12105900
2010,9,30,291.894801896295,Delta_Storage+USGS_12105900
2010,10,1,251.375666104007,Delta_Storage+USGS_12105900
2010,10,2,276.336427778015,Delta_Storage+USGS_12105900
2010,10,3,236.823845299353,Delta_Storage+USGS_12105900
2010,10,4,258.62367918254,Delta_Storage+USGS_12105900
2010,10,5,269.955314970036,Delta_Storage+USGS_12105900
2010,10,6,241.776254333283,Delta_Storage+USGS_12105900
2010,10,7,268.875691347073,Delta_Storage+USGS_12105900
2010,10,8,317.488027899089,Delta_Storage+USGS_12105900
2010,10,9,215.222093799796,Delta_Storage+USGS_12105900
2010,10,10,362.666595570472,Delta_Storage+USGS_12105900
2010,10,11,657.711064036754,Delta_Storage+USGS_12105900
2010,10,12,532.503024765691,Delta_Storage+USGS_12105900
2010,10,13,414.510048582352,Delta_Storage+USGS_12105900
2010,10,14,381.076419658175,Delta_Storage+USGS_12105900
2010,10,15,338.269169608168,Delta_Storage+USGS_12105900
2010,10,16,335.925202864532,Delta_Storage+USGS_12105900
2010,10,17,305.70831439963,Delta_Storage+USGS_12105900
2010,10,18,269.135982726097,Delta_Storage+USGS_12105900
2010,10,19,274.832252530564,Delta_Storage+USGS_12105900
2010,10,20,266.573707946208,Delta_Storage+USGS_12105900
2010,10,21,294.936534229975,Delta_Storage+USGS_12105900
2010,10,22,256.742659036127,Delta_Storage+USGS_12105900
2010,10,23,231.829264408805,Delta_Storage+USGS_12105900
2010,10,24,253.555252585114,Delta_Storage+USGS_12105900
2010,10,25,438.96682063693,Delta_Storage+USGS_12105900
2010,10,26,776.130103833998,Delta_Storage+USGS_12105900
2010,10,27,1359.23078158461,Delta_Storage+USGS_12105900
2010,10,28,1530.20406395454,Delta_Storage+USGS_12105900
2010,10,29,1018.81907088154,Delta_Storage+USGS_12105900
2010,10,30,766.589856472162,Delta_Storage+USGS_12105900
2010,10,31,678.204689342622,Delta_Storage+USGS_12105900
2010,11,1,984.674938563073,Delta_Storage+USGS_12105900
2010,11,2,3324.1547982514,Delta_Storage+USGS_12105900
2010,11,3,2262.17964474866,Delta_Storage+USGS_12105900
2010,11,4,1010.81205236741,Delta_Storage+USGS_12105900
2010,11,5,975.726109944279,Delta_Storage+USGS_12105900
2010,11,6,959.566880790663,Delta_Storage+USGS_12105900
2010,11,7,976.28025694879,Delta_Storage+USGS_12105900
2010,11,8,1139.7991673276,Delta_Storage+USGS_12105900
2010,11,9,915.920575723607,Delta_Storage+USGS_12105900
2010,11,10,750.019100679208,Delta_Storage+USGS_12105900
2010,11,11,792.581919536617,Delta_Storage+USGS_12105900
2010,11,12,732.611808802596,Delta_Storage+USGS_12105900
2010,11,13,693.364680684233,Delta_Storage+USGS_12105900
2010,11,14,733.868343292822,Delta_Storage+USGS_12105900
2010,11,15,1580.10934016319,Delta_Storage+USGS_12105900
2010,11,16,3422.29370951694,Delta_Storage+USGS_12105900
2010,11,17,3252.1732058929,Delta_Storage+USGS_12105900
2010,11,18,1993.16720993674,Delta_Storage+USGS_12105900
2010,11,19,1594.24712811837,Delta_Storage+USGS_12105900
2010,11,20,1506.56355337638,Delta_Storage+USGS_12105900
2010,11,21,1377.13376158133,Delta_Storage+USGS_12105900
2010,11,22,1232.86623841867,Delta_Storage+USGS_12105900
2010,11,23,903.871658847366,Delta_Storage+USGS_12105900
2010,11,24,810.023510513172,Delta_Storage+USGS_12105900
2010,11,25,780.264059793079,Delta_Storage+USGS_12105900
2010,11,26,788.847137739453,Delta_Storage+USGS_12105900
2010,11,27,730.853504632535,Delta_Storage+USGS_12105900
2010,11,28,712.713376158127,Delta_Storage+USGS_12105900
2010,11,29,696.00636689307,Delta_Storage+USGS_12105900
2010,11,30,810.339065296908,Delta_Storage+USGS_12105900
2010,12,1,809.447702473735,Delta_Storage+USGS_12105900
2010,12,2,723.481765986749,Delta_Storage+USGS_12105900
2010,12,3,731.752871881632,Delta_Storage+USGS_12105900
2010,12,4,696.364680684233,Delta_Storage+USGS_12105900
2010,12,5,676.976489486823,Delta_Storage+USGS_12105900
2010,12,6,628.929468460484,Delta_Storage+USGS_12105900
2010,12,7,610.635319315767,Delta_Storage+USGS_12105900
2010,12,8,763.070531539521,Delta_Storage+USGS_12105900
2010,12,9,998.294149144712,Delta_Storage+USGS_12105900
2010,12,10,1850.30468989997,Delta_Storage+USGS_12105900
2010,12,11,1944.39053204332,Delta_Storage+USGS_12105900
2010,12,12,4197.14649536746,Delta_Storage+USGS_12105900
2010,12,13,6177.29544309896,Delta_Storage+USGS_12105900
2010,12,14,6480.60034922996,Delta_Storage+USGS_12105900
2010,12,15,4022.84604755195,Delta_Storage+USGS_12105900
2010,12,16,1936.39192170045,Delta_Storage+USGS_12105900
2010,12,17,1529.95398956839,Delta_Storage+USGS_12105900
2010,12,18,1574.33900116655,Delta_Storage+USGS_12105900
2010,12,19,1437.13376158133,Delta_Storage+USGS_12105900
2010,12,20,1310.01273378614,Delta_Storage+USGS_12105900
2010,12,21,928.514503465985,Delta_Storage+USGS_12105900
2010,12,22,963.047021026349,Delta_Storage+USGS_12105900
2010,12,23,862.270638631535,Delta_Storage+USGS_12105900
2010,12,24,820.388191197404,Delta_Storage+USGS_12105900
2010,12,25,854.117552565865,Delta_Storage+USGS_12105900
2010,12,26,871.674826899014,Delta_Storage+USGS_12105900
2010,12,27,930.140128474395,Delta_Storage+USGS_12105900
2010,12,28,1117.14649536746,Delta_Storage+USGS_12105900
2010,12,29,1109.33269840384,Delta_Storage+USGS_12105900
2010,12,30,924.317659657884,Delta_Storage+USGS_12105900
2010,12,31,889.063018096419,Delta_Storage+USGS_12105900
2011,1,1,850.853504632522,Delta_Storage+USGS_12105900
2011,1,2,783.006366893082,Delta_Storage+USGS_12105900
2011,1,3,722.077110377976,Delta_Storage+USGS_12105900
2011,1,4,665.294149144712,Delta_Storage+USGS_12105900
2011,1,5,688.976489486828,Delta_Storage+USGS_12105900
2011,1,6,1079.36468068423,Delta_Storage+USGS_12105900
2011,1,7,2105.25622766449,Delta_Storage+USGS_12105900
2011,1,8,3074.94000817181,Delta_Storage+USGS_12105900
2011,1,9,2368.11704135935,Delta_Storage+USGS_12105900
2011,1,10,1230.68130237566,Delta_Storage+USGS_12105900
2011,1,11,1216.32308008657,Delta_Storage+USGS_12105900
2011,1,12,1419.56478777625,Delta_Storage+USGS_12105900
2011,1,13,3116.95926987663,Delta_Storage+USGS_12105900
2011,1,14,4237.14649536748,Delta_Storage+USGS_12105900
2011,1,15,4552.08231886128,Delta_Storage+USGS_12105900
2011,1,16,7060.57067892133,Delta_Storage+USGS_12105900
2011,1,17,18383.1449223213,Delta_Storage+USGS_12105900
2011,1,18,14093.3117615985,Delta_Storage+USGS_12105900
2011,1,19,5893.88598026125,Delta_Storage+USGS_12105900
2011,1,20,2900.29132590564,Delta_Storage+USGS_12105900
2011,1,21,2480.59255179676,Delta_Storage+USGS_12105900
2011,1,22,4580.73136855759,Delta_Storage+USGS_12105900
2011,1,23,3793.72850165349,Delta_Storage+USGS_12105900
2011,1,24,2125.32788256084,Delta_Storage+USGS_12105900
2011,1,25,2546.82585976324,Delta_Storage+USGS_12105900
2011,1,26,2949.4766228182,Delta_Storage+USGS_12105900
2011,1,27,2068.51520607951,Delta_Storage+USGS_12105900
2011,1,28,1945.25880276964,Delta_Storage+USGS_12105900
2011,1,29,2065.04846223546,Delta_Storage+USGS_12105900
2011,1,30,2538.44070996935,Delta_Storage+USGS_12105900
2011,1,31,2471.45799582906,Delta_Storage+USGS_12105900
2011,2,1,1612.7560476431,Delta_Storage+USGS_12105900
2011,2,2,1544.24712811837,Delta_Storage+USGS_12105900
2011,2,3,1402.97648948682,Delta_Storage+USGS_12105900
2011,2,4,1841.07053153952,Delta_Storage+USGS_12105900
2011,2,5,3263.1178198959,Delta_Storage+USGS_12105900
2011,2,6,2860.69096634054,Delta_Storage+USGS_12105900
2011,2,7,3063.58382665467,Delta_Storage+USGS_12105900
2011,2,8,2614.31323796418,Delta_Storage+USGS_12105900
2011,2,9,2258.56573424063,Delta_Storage+USGS_12105900
2011,2,10,1709.9285219961,Delta_Storage+USGS_12105900
2011,2,11,1558.09404205269,Delta_Storage+USGS_12105900
2011,2,12,1417.65882982894,Delta_Storage+USGS_12105900
2011,2,13,1418.60522996413,Delta_Storage+USGS_12105900
2011,2,14,1364.28662384186,Delta_Storage+USGS_12105900
2011,2,15,1344.28662384187,Delta_Storage+USGS_12105900
2011,2,16,1290,Delta_Storage+USGS_12105900
2011,2,17,1149.8450328653,Delta_Storage+USGS_12105900
2011,2,18,977.388191197404,Delta_Storage+USGS_12105900
2011,2,19,1037.60754678367,Delta_Storage+USGS_12105900
2011,2,20,971.707009265058,Delta_Storage+USGS_12105900
2011,2,21,910.573247683732,Delta_Storage+USGS_12105900
2011,2,22,935.006366893082,Delta_Storage+USGS_12105900
2011,2,23,786.035297834933,Delta_Storage+USGS_12105900
2011,2,24,763,Delta_Storage+USGS_12105900
2011,2,25,685.564787776252,Delta_Storage+USGS_12105900
2011,2,26,576.952978973651,Delta_Storage+USGS_12105900
2011,2,27,763.482233250097,Delta_Storage+USGS_12105900
2011,2,28,671.494256236731,Delta_Storage+USGS_12105900
2011,3,1,572.658829828944,Delta_Storage+USGS_12105900
2011,3,2,583.141063079036,Delta_Storage+USGS_12105900
2011,3,3,630.110039122762,Delta_Storage+USGS_12105900
2011,3,4,627.987266213848,Delta_Storage+USGS_12105900
2011,3,5,625.987266213861,Delta_Storage+USGS_12105900
2011,3,6,618.281303102949,Delta_Storage+USGS_12105900
2011,3,7,584.281919940386,Delta_Storage+USGS_12105900
2011,3,8,597.184995469458,Delta_Storage+USGS_12105900
2011,3,9,710.948756568754,Delta_Storage+USGS_12105900
2011,3,10,1396.9467425981,Delta_Storage+USGS_12105900
2011,3,11,1463.80457870045,Delta_Storage+USGS_12105900
2011,3,12,1271.29071750998,Delta_Storage+USGS_12105900
2011,3,13,1176.16934058885,Delta_Storage+USGS_12105900
2011,3,14,1258.996155889,Delta_Storage+USGS_12105900
2011,3,15,1302.78269391276,Delta_Storage+USGS_12105900
2011,3,16,1383.35617891825,Delta_Storage+USGS_12105900
2011,3,17,1314.22739739907,Delta_Storage+USGS_12105900
2011,3,18,1167.42427919902,Delta_Storage+USGS_12105900
2011,3,19,1134.3582256138,Delta_Storage+USGS_12105900
2011,3,20,1046.61644896412,Delta_Storage+USGS_12105900
2011,3,21,987.254563876646,Delta_Storage+USGS_12105900
2011,3,22,980.429918854188,Delta_Storage+USGS_12105900
2011,3,23,931.100943197939,Delta_Storage+USGS_12105900
2011,3,24,768.771967541653,Delta_Storage+USGS_12105900
2011,3,25,1039.55175002694,Delta_Storage+USGS_12105900
2011,3,26,1016.1790803649,Delta_Storage+USGS_12105900
2011,3,27,981.634310273661,Delta_Storage+USGS_12105900
2011,3,28,967.634310273703,Delta_Storage+USGS_12105900
2011,3,29,1082.03782619108,Delta_Storage+USGS_12105900
2011,3,30,3247.681384616,Delta_Storage+USGS_12105900
2011,3,31,9224.07641041497,Delta_Storage+USGS_12105900
2011,4,1,8939.69323460268,Delta_Storage+USGS_12105900
2011,4,2,5296.04156484789,Delta_Storage+USGS_12105900
2011,4,3,4756.4191829124,Delta_Storage+USGS_12105900
2011,4,4,3006.6497342632,Delta_Storage+USGS_12105900
2011,4,5,3043.6269021165,Delta_Storage+USGS_12105900
2011,4,6,2587.7363163341,Delta_Storage+USGS_12105900
2011,4,7,2010,Delta_Storage+USGS_12105900
2011,4,8,1722.5438325432,Delta_Storage+USGS_12105900
2011,4,9,1618.04589629971,Delta_Storage+USGS_12105900
2011,4,10,1538.60503764747,Delta_Storage+USGS_12105900
2011,4,11,1498.88403011792,Delta_Storage+USGS_12105900
2011,4,12,1468.88403011801,Delta_Storage+USGS_12105900
2011,4,13,1438.60503764747,Delta_Storage+USGS_12105900
2011,4,14,1368.88403011801,Delta_Storage+USGS_12105900
2011,4,15,1378.60503764747,Delta_Storage+USGS_12105900
2011,4,16,1412.0002307428,Delta_Storage+USGS_12105900
2011,4,17,1710.70115595821,Delta_Storage+USGS_12105900
2011,4,18,1538.42069357489,Delta_Storage+USGS_12105900
2011,4,19,1435.35057797911,Delta_Storage+USGS_12105900
2011,4,20,1206.14023119166,Delta_Storage+USGS_12105900
2011,4,21,1199.21034678744,Delta_Storage+USGS_12105900
2011,4,22,1116.14023119166,Delta_Storage+USGS_12105900
2011,4,23,990.070115595782,Delta_Storage+USGS_12105900
2011,4,24,1037.14023119166,Delta_Storage+USGS_12105900
2011,4,25,1296.33983234952,Delta_Storage+USGS_12105900
2011,4,26,1294.55309607964,Delta_Storage+USGS_12105900
2011,4,27,1591.78761568156,Delta_Storage+USGS_12105900
2011,4,28,1585.44690392047,Delta_Storage+USGS_12105900
2011,4,29,1424.55309607953,Delta_Storage+USGS_12105900
2011,4,30,1334.55309607964,Delta_Storage+USGS_12105900
2011,5,1,1334.55309607964,Delta_Storage+USGS_12105900
2011,5,2,1193.6592882387,Delta_Storage+USGS_12105900
2011,5,3,1476.3407117613,Delta_Storage+USGS_12105900
2011,5,4,1521.78761568156,Delta_Storage+USGS_12105900
2011,5,5,1476.3407117612,Delta_Storage+USGS_12105900
2011,5,6,1717.23451960203,Delta_Storage+USGS_12105900
2011,5,7,1982.6814235225,Delta_Storage+USGS_12105900
2011,5,8,2439.91594312443,Delta_Storage+USGS_12105900
2011,5,9,1651.87167255714,Delta_Storage+USGS_12105900
2011,5,10,2079.0221352837,Delta_Storage+USGS_12105900
2011,5,11,1979.65759746055,Delta_Storage+USGS_12105900
2011,5,12,2011.72681346912,Delta_Storage+USGS_12105900
2011,5,13,2021.72681346901,Delta_Storage+USGS_12105900
2011,5,14,2117.59022020368,Delta_Storage+USGS_12105900
2011,5,15,4300.56746786007,Delta_Storage+USGS_12105900
2011,5,16,8470.60885746849,Delta_Storage+USGS_12105900
2011,5,17,4469.7584008029,Delta_Storage+USGS_12105900
2011,5,18,2291.08794254606,Delta_Storage+USGS_12105900
2011,5,19,2083.69342169834,Delta_Storage+USGS_12105900
2011,5,20,1885.38523427688,Delta_Storage+USGS_12105900
2011,5,21,2042.9229531447,Delta_Storage+USGS_12105900
2011,5,22,2095.84590628927,Delta_Storage+USGS_12105900
2011,5,23,1737.0770468553,Delta_Storage+USGS_12105900
2011,5,24,1602.9229531447,Delta_Storage+USGS_12105900
2011,5,25,1615.84590628915,Delta_Storage+USGS_12105900
2011,5,26,1801.69181257854,Delta_Storage+USGS_12105900
2011,5,27,1771.69181257855,Delta_Storage+USGS_12105900
2011,5,28,1687.74100758737,Delta_Storage+USGS_12105900
2011,5,29,1464.93960020082,Delta_Storage+USGS_12105900
2011,5,30,1404.81880060221,Delta_Storage+USGS_12105900
2011,5,31,1434.8188006022,Delta_Storage+USGS_12105900
2011,6,1,2154.57720140522,Delta_Storage+USGS_12105900
2011,6,2,2529.7584008029,Delta_Storage+USGS_12105900
2011,6,3,2270,Delta_Storage+USGS_12105900
2011,6,4,2284.69800100372,Delta_Storage+USGS_12105900
2011,6,5,2239.75840080302,Delta_Storage+USGS_12105900
2011,6,6,2404.69800100371,Delta_Storage+USGS_12105900
2011,6,7,2323.57094650599,Delta_Storage+USGS_12105900
2011,6,8,2480.35744440803,Delta_Storage+USGS_12105900
2011,6,9,2073.21418519736,Delta_Storage+USGS_12105900
2011,6,10,1690,Delta_Storage+USGS_12105900
2011,6,11,1820.71488881606,Delta_Storage+USGS_12105900
2011,6,12,1650.35744440803,Delta_Storage+USGS_12105900
2011,6,13,1486.78581480276,Delta_Storage+USGS_12105900
2011,6,14,1443.57162960527,Delta_Storage+USGS_12105900
2011,6,15,1597.14325921079,Delta_Storage+USGS_12105900
2011,6,16,1366.78581480263,Delta_Storage+USGS_12105900
2011,6,17,1346.78581480276,Delta_Storage+USGS_12105900
2011,6,18,1236.4283703946,Delta_Storage+USGS_12105900
2011,6,19,1366.78581480263,Delta_Storage+USGS_12105900
2011,6,20,1406.78581480276,Delta_Storage+USGS_12105900
2011,6,21,1193.21418519724,Delta_Storage+USGS_12105900
2011,6,22,1303.5716296054,Delta_Storage+USGS_12105900
2011,6,23,1396.78581480276,Delta_Storage+USGS_12105900
2011,6,24,1156.4283703946,Delta_Storage+USGS_12105900
2011,6,25,1150,Delta_Storage+USGS_12105900
2011,6,26,1093.21418519724,Delta_Storage+USGS_12105900
2011,6,27,849.64255559197,Delta_Storage+USGS_12105900
2011,6,28,928,Delta_Storage+USGS_12105900
2011,6,29,1075.5716296054,Delta_Storage+USGS_12105900
2011,6,30,1186.78581480263,Delta_Storage+USGS_12105900
2011,7,1,869.64255559197,Delta_Storage+USGS_12105900
2011,7,2,928,Delta_Storage+USGS_12105900
2011,7,3,817.428370394605,Delta_Storage+USGS_12105900
2011,7,4,874.214185197365,Delta_Storage+USGS_12105900
2011,7,5,664.64255559197,Delta_Storage+USGS_12105900
2011,7,6,717.214185197236,Delta_Storage+USGS_12105900
2011,7,7,717.214185197365,Delta_Storage+USGS_12105900
2011,7,8,652.428370394605,Delta_Storage+USGS_12105900
2011,7,9,592.64255559197,Delta_Storage+USGS_12105900
2011,7,10,534.856740789206,Delta_Storage+USGS_12105900
2011,7,11,540.396067694563,Delta_Storage+USGS_12105900
2011,7,12,487.301998996286,Delta_Storage+USGS_12105900
2011,7,13,457.241599196979,Delta_Storage+USGS_12105900
2011,7,14,548.060399799303,Delta_Storage+USGS_12105900
2011,7,15,574.060399799182,Delta_Storage+USGS_12105900
2011,7,16,482.181199397796,Delta_Storage+USGS_12105900
2011,7,17,536.120799598489,Delta_Storage+USGS_12105900
2011,7,18,489.181199397796,Delta_Storage+USGS_12105900
2011,7,19,459.241599197103,Delta_Storage+USGS_12105900
2011,7,20,397.301998996282,Delta_Storage+USGS_12105900
2011,7,21,458.242345356389,Delta_Storage+USGS_12105900
2011,7,22,417.38523427688,Delta_Storage+USGS_12105900
2011,7,23,414.38523427688,Delta_Storage+USGS_12105900
2011,7,24,414.38523427688,Delta_Storage+USGS_12105900
2011,7,25,349.462281132307,Delta_Storage+USGS_12105900
2011,7,26,272.38523427688,Delta_Storage+USGS_12105900
2011,7,27,332.231140566029,Delta_Storage+USGS_12105900
2011,7,28,316.154093710851,Delta_Storage+USGS_12105900
2011,7,29,315.077046855303,Delta_Storage+USGS_12105900
2011,7,30,305.077046855424,Delta_Storage+USGS_12105900
2011,7,31,305.077046855303,Delta_Storage+USGS_12105900
2011,8,1,297.077992886844,Delta_Storage+USGS_12105900
2011,8,2,289.633888528565,Delta_Storage+USGS_12105900
2011,8,3,282.633888528451,Delta_Storage+USGS_12105900
2011,8,4,290.633888528565,Delta_Storage+USGS_12105900
2011,8,5,300.633888528451,Delta_Storage+USGS_12105900
2011,8,6,250.267777057129,Delta_Storage+USGS_12105900
2011,8,7,250.267777057016,Delta_Storage+USGS_12105900
2011,8,8,289.633888528447,Delta_Storage+USGS_12105900
2011,8,9,282.633888528565,Delta_Storage+USGS_12105900
2011,8,10,225.267777057016,Delta_Storage+USGS_12105900
2011,8,11,265.633888528565,Delta_Storage+USGS_12105900
2011,8,12,207.267777057016,Delta_Storage+USGS_12105900
2011,8,13,256.633888528565,Delta_Storage+USGS_12105900
2011,8,14,193.267777057016,Delta_Storage+USGS_12105900
2011,8,15,234.633888528447,Delta_Storage+USGS_12105900
2011,8,16,241.633888528565,Delta_Storage+USGS_12105900
2011,8,17,185.267777057016,Delta_Storage+USGS_12105900
2011,8,18,228.633888528565,Delta_Storage+USGS_12105900
2011,8,19,186.267777057016,Delta_Storage+USGS_12105900
2011,8,20,191.267777057016,Delta_Storage+USGS_12105900
2011,8,21,241.633888528565,Delta_Storage+USGS_12105900
2011,8,22,180.267777057016,Delta_Storage+USGS_12105900
2011,8,23,223.633888528565,Delta_Storage+USGS_12105900
2011,8,24,222.633888528447,Delta_Storage+USGS_12105900
2011,8,25,172.267777057016,Delta_Storage+USGS_12105900
2011,8,26,170.703085892341,Delta_Storage+USGS_12105900
2011,8,27,215.068296632665,Delta_Storage+USGS_12105900
2011,8,28,167.13659326544,Delta_Storage+USGS_12105900
2011,8,29,182.13659326555,Delta_Storage+USGS_12105900
2011,8,30,193.13659326544,Delta_Storage+USGS_12105900
2011,8,31,187.13659326544,Delta_Storage+USGS_12105900
2011,9,1,155.204889898215,Delta_Storage+USGS_12105900
2011,9,2,175.204889898218,Delta_Storage+USGS_12105900
2011,9,3,175.204889898105,Delta_Storage+USGS_12105900
2011,9,4,175.204889898215,Delta_Storage+USGS_12105900
2011,9,5,175.204889898215,Delta_Storage+USGS_12105900
2011,9,6,175.204889898217,Delta_Storage+USGS_12105900
2011,9,7,125.273186530882,Delta_Storage+USGS_12105900
2011,9,8,171.20580927401,Delta_Storage+USGS_12105900
2011,9,9,178.659288238802,Delta_Storage+USGS_12105900
2011,9,10,132.212384318335,Delta_Storage+USGS_12105900
2011,9,11,177.659288238802,Delta_Storage+USGS_12105900
2011,9,12,126.212384318333,Delta_Storage+USGS_12105900
2011,9,13,161.659288238802,Delta_Storage+USGS_12105900
2011,9,14,160.659288238802,Delta_Storage+USGS_12105900
2011,9,15,115.212384318335,Delta_Storage+USGS_12105900
2011,9,16,199.659288238802,Delta_Storage+USGS_12105900
2011,9,17,187.212384318438,Delta_Storage+USGS_12105900
2011,9,18,187.213263730014,Delta_Storage+USGS_12105900
2011,9,19,238.789653212556,Delta_Storage+USGS_12105900
2011,9,20,215.719537616675,Delta_Storage+USGS_12105900
2011,9,21,229.649422020892,Delta_Storage+USGS_12105900
2011,9,22,223.579306425112,Delta_Storage+USGS_12105900
2011,9,23,171.439075233449,Delta_Storage+USGS_12105900
2011,9,24,146.370198807553,Delta_Storage+USGS_12105900
2011,9,25,175.510932234515,Delta_Storage+USGS_12105900
2011,9,26,199.510932234605,Delta_Storage+USGS_12105900
2011,9,27,357.952947293521,Delta_Storage+USGS_12105900
2011,9,28,254.791081111822,Delta_Storage+USGS_12105900
2011,9,29,189.403568404984,Delta_Storage+USGS_12105900
2011,9,30,201.912334913592,Delta_Storage+USGS_12105900
2011,10,1,198.912334913592,Delta_Storage+USGS_12105900
2011,10,2,180.377935241327,Delta_Storage+USGS_12105900
2011,10,3,221.874175213846,Delta_Storage+USGS_12105900
2011,10,4,204.361592735261,Delta_Storage+USGS_12105900
2011,10,5,246.182709948178,Delta_Storage+USGS_12105900
2011,10,6,256.601363900723,Delta_Storage+USGS_12105900
2011,10,7,239.955314969968,Delta_Storage+USGS_12105900
2011,10,8,322.882591825454,Delta_Storage+USGS_12105900
2011,10,9,268.229742789215,Delta_Storage+USGS_12105900
2011,10,10,251.410460348969,Delta_Storage+USGS_12105900
2011,10,11,408.61104689984,Delta_Storage+USGS_12105900
2011,10,12,590.452951938403,Delta_Storage+USGS_12105900
2011,10,13,538.834181450731,Delta_Storage+USGS_12105900
2011,10,14,415.041891620952,Delta_Storage+USGS_12105900
2011,10,15,364.828592461818,Delta_Storage+USGS_12105900
2011,10,16,312.105765181482,Delta_Storage+USGS_12105900
2011,10,17,283.880746125937,Delta_Storage+USGS_12105900
2011,10,18,227.406826876197,Delta_Storage+USGS_12105900
2011,10,19,246.368194749935,Delta_Storage+USGS_12105900
2011,10,20,179.801579454597,Delta_Storage+USGS_12105900
2011,10,21,226.334283271775,Delta_Storage+USGS_12105900
2011,10,22,273.466059696043,Delta_Storage+USGS_12105900
2011,10,23,1193.19965703218,Delta_Storage+USGS_12105900
2011,10,24,1159.6549770244,Delta_Storage+USGS_12105900
2011,10,25,766.576191337172,Delta_Storage+USGS_12105900
2011,10,26,600.190910734553,Delta_Storage+USGS_12105900
2011,10,27,516.542755529104,Delta_Storage+USGS_12105900
2011,10,28,476.981179926374,Delta_Storage+USGS_12105900
2011,10,29,531.860780216796,Delta_Storage+USGS_12105900
2011,10,30,498.854978230486,Delta_Storage+USGS_12105900
2011,10,31,859.633485198419,Delta_Storage+USGS_12105900
2011,11,1,1004.1832574008,Delta_Storage+USGS_12105900
2011,11,2,798.5339407936,Delta_Storage+USGS_12105900
2011,11,3,699.635813480734,Delta_Storage+USGS_12105900
2011,11,4,555.009898181422,Delta_Storage+USGS_12105900
2011,11,5,554.365887384994,Delta_Storage+USGS_12105900
2011,11,6,458.709533661186,Delta_Storage+USGS_12105900
2011,11,7,430.403265829463,Delta_Storage+USGS_12105900
2011,11,8,415.680235467968,Delta_Storage+USGS_12105900
2011,11,9,418.247128118363,Delta_Storage+USGS_12105900
2011,11,10,364.294149144712,Delta_Storage+USGS_12105900
2011,11,11,365.705850855288,Delta_Storage+USGS_12105900
2011,11,12,482.435212223748,Delta_Storage+USGS_12105900
2011,11,13,564.976489486828,Delta_Storage+USGS_12105900
2011,11,14,1253.91843322535,Delta_Storage+USGS_12105900
2011,11,15,1339.90307552907,Delta_Storage+USGS_12105900
2011,11,16,590.813810561354,Delta_Storage+USGS_12105900
2011,11,17,1410.00651470811,Delta_Storage+USGS_12105900
2011,11,18,1172.87260531174,Delta_Storage+USGS_12105900
2011,11,19,898.19141151966,Delta_Storage+USGS_12105900
2011,11,20,715.858936920964,Delta_Storage+USGS_12105900
2011,11,21,734.776382394809,Delta_Storage+USGS_12105900
2011,11,22,898.223617605191,Delta_Storage+USGS_12105900
2011,11,23,1681.09614692684,Delta_Storage+USGS_12105900
2011,11,24,1961.4203854232,Delta_Storage+USGS_12105900
2011,11,25,1283.87165884737,Delta_Storage+USGS_12105900
2011,11,26,1200.42133188758,Delta_Storage+USGS_12105900
2011,11,27,1284.28025694879,Delta_Storage+USGS_12105900
2011,11,28,2071.51957991521,Delta_Storage+USGS_12105900
2011,11,29,1758.55043655824,Delta_Storage+USGS_12105900
2011,11,30,1278.50959810335,Delta_Storage+USGS_12105900
2011,12,1,1068.62475453414,Delta_Storage+USGS_12105900
2011,12,2,1042.77638239481,Delta_Storage+USGS_12105900
2011,12,3,971.023510513172,Delta_Storage+USGS_12105900
2011,12,4,875.27063863154,Delta_Storage+USGS_12105900
2011,12,5,771.294149144712,Delta_Storage+USGS_12105900
2011,12,6,732.023510513172,Delta_Storage+USGS_12105900
2011,12,7,687.682340342116,Delta_Storage+USGS_12105900
2011,12,8,641.635319315767,Delta_Storage+USGS_12105900
2011,12,9,559.317659657884,Delta_Storage+USGS_12105900
2011,12,10,554.094042052693,Delta_Storage+USGS_12105900
2011,12,11,590.047021026344,Delta_Storage+USGS_12105900
2011,12,12,532.564787776252,Delta_Storage+USGS_12105900
2011,12,13,494.294149144712,Delta_Storage+USGS_12105900
2011,12,14,471.317659657884,Delta_Storage+USGS_12105900
2011,12,15,468.341170171061,Delta_Storage+USGS_12105900
2011,12,16,449,Delta_Storage+USGS_12105900
2011,12,17,441.341170171056,Delta_Storage+USGS_12105900
2011,12,18,436.658829828944,Delta_Storage+USGS_12105900
2011,12,19,451.364680684227,Delta_Storage+USGS_12105900
2011,12,20,462.682340342116,Delta_Storage+USGS_12105900
2011,12,21,466,Delta_Storage+USGS_12105900
2011,12,22,446.976489486828,Delta_Storage+USGS_12105900
2011,12,23,422.658829828945,Delta_Storage+USGS_12105900
2011,12,24,424.364680684227,Delta_Storage+USGS_12105900
2011,12,25,427.364680684233,Delta_Storage+USGS_12105900
2011,12,26,490.094042052693,Delta_Storage+USGS_12105900
2011,12,27,636.976489486823,Delta_Storage+USGS_12105900
2011,12,28,3251.82270394687,Delta_Storage+USGS_12105900
2011,12,29,7183.62387986514,Delta_Storage+USGS_12105900
2011,12,30,5333.22039428815,Delta_Storage+USGS_12105900
2011,12,31,4518.28461596829,Delta_Storage+USGS_12105900
2012,1,1,2061.19724506439,Delta_Storage+USGS_12105900
2012,1,2,1886.17791486513,Delta_Storage+USGS_12105900
2012,1,3,1397.23778653832,Delta_Storage+USGS_12105900
2012,1,4,1163.75311912158,Delta_Storage+USGS_12105900
2012,1,5,1576.89937910885,Delta_Storage+USGS_12105900
2012,1,6,1249.25370695682,Delta_Storage+USGS_12105900
2012,1,7,1276.4596692013,Delta_Storage+USGS_12105900
2012,1,8,1185.71337615813,Delta_Storage+USGS_12105900
2012,1,9,1074.01503874595,Delta_Storage+USGS_12105900
2012,1,10,1020.63531931577,Delta_Storage+USGS_12105900
2012,1,11,901.929468460484,Delta_Storage+USGS_12105900
2012,1,12,844.364680684227,Delta_Storage+USGS_12105900
2012,1,13,789,Delta_Storage+USGS_12105900
2012,1,14,740.729361368465,Delta_Storage+USGS_12105900
2012,1,15,762.899379108846,Delta_Storage+USGS_12105900
2012,1,16,724,Delta_Storage+USGS_12105900
2012,1,17,670.806471746442,Delta_Storage+USGS_12105900
2012,1,18,658,Delta_Storage+USGS_12105900
2012,1,19,678.658829828939,Delta_Storage+USGS_12105900
2012,1,20,776.394569950211,Delta_Storage+USGS_12105900
2012,1,21,972.566880790663,Delta_Storage+USGS_12105900
2012,1,22,915.859871525605,Delta_Storage+USGS_12105900
2012,1,23,801.813997049294,Delta_Storage+USGS_12105900
2012,1,24,731.611808802596,Delta_Storage+USGS_12105900
2012,1,25,2027.19891195663,Delta_Storage+USGS_12105900
2012,1,26,2215.14538670639,Delta_Storage+USGS_12105900
2012,1,27,1566.63118022907,Delta_Storage+USGS_12105900
2012,1,28,1430,Delta_Storage+USGS_12105900
2012,1,29,1371.43948610241,Delta_Storage+USGS_12105900
2012,1,30,3773.43556259396,Delta_Storage+USGS_12105900
2012,1,31,3300,Delta_Storage+USGS_12105900
2012,2,1,2081.95869955608,Delta_Storage+USGS_12105900
2012,2,2,1739.35007604903,Delta_Storage+USGS_12105900
2012,2,3,1453.82254259159,Delta_Storage+USGS_12105900
2012,2,4,1438.895537468,Delta_Storage+USGS_12105900
2012,2,5,1333.95796716453,Delta_Storage+USGS_12105900
2012,2,6,1154.30572452108,Delta_Storage+USGS_12105900
2012,2,7,957.470733863822,Delta_Storage+USGS_12105900
2012,2,8,946.023510513172,Delta_Storage+USGS_12105900
2012,2,9,956.682340342116,Delta_Storage+USGS_12105900
2012,2,10,967.682340342116,Delta_Storage+USGS_12105900
2012,2,11,971.705850855288,Delta_Storage+USGS_12105900
2012,2,12,985.72936136846,Delta_Storage+USGS_12105900
2012,2,13,1027.13898192436,Delta_Storage+USGS_12105900
2012,2,14,925.449316365061,Delta_Storage+USGS_12105900
2012,2,15,849.952978973656,Delta_Storage+USGS_12105900
2012,2,16,812.341170171056,Delta_Storage+USGS_12105900
2012,2,17,823.364680684233,Delta_Storage+USGS_12105900
2012,2,18,883.465101489727,Delta_Storage+USGS_12105900
2012,2,19,1092.69427547892,Delta_Storage+USGS_12105900
2012,2,20,984.299357628012,Delta_Storage+USGS_12105900
2012,2,21,3359.98089932079,Delta_Storage+USGS_12105900
2012,2,22,11807.141146007,Delta_Storage+USGS_12105900
2012,2,23,12663.8398447771,Delta_Storage+USGS_12105900
2012,2,24,4325.31598438431,Delta_Storage+USGS_12105900
2012,2,25,2332.05625355768,Delta_Storage+USGS_12105900
2012,2,26,1614.11556299199,Delta_Storage+USGS_12105900
2012,2,27,1212.90116251359,Delta_Storage+USGS_12105900
2012,2,28,1301.60727779865,Delta_Storage+USGS_12105900
2012,2,29,1147.30302491845,Delta_Storage+USGS_12105900
2012,3,1,1152.86623841867,Delta_Storage+USGS_12105900
2012,3,2,1074.28025694879,Delta_Storage+USGS_12105900
2012,3,3,1212.36826544041,Delta_Storage+USGS_12105900
2012,3,4,1761.03067856157,Delta_Storage+USGS_12105900
2012,3,5,1729.09827831021,Delta_Storage+USGS_12105900
2012,3,6,1609.54913915512,Delta_Storage+USGS_12105900
2012,3,7,1359.69942610339,Delta_Storage+USGS_12105900
2012,3,8,1269.3988522068,Delta_Storage+USGS_12105900
2012,3,9,1202.97390383434,Delta_Storage+USGS_12105900
2012,3,10,1174.36651480161,Delta_Storage+USGS_12105900
2012,3,11,1412.00791570438,Delta_Storage+USGS_12105900
2012,3,12,1323.27488610119,Delta_Storage+USGS_12105900
2012,3,13,1220.91628700399,Delta_Storage+USGS_12105900
2012,3,14,1134.93540390431,Delta_Storage+USGS_12105900
2012,3,15,1268.996155889,Delta_Storage+USGS_12105900
2012,3,16,1978.06667798241,Delta_Storage+USGS_12105900
2012,3,17,1838.35965440313,Delta_Storage+USGS_12105900
2012,3,18,1577.80809306631,Delta_Storage+USGS_12105900
2012,3,19,1227.94516944753,Delta_Storage+USGS_12105900
2012,3,20,1387.53394030396,Delta_Storage+USGS_12105900
2012,3,21,1180.23079528137,Delta_Storage+USGS_12105900
2012,3,22,1107.46233672311,Delta_Storage+USGS_12105900
2012,3,23,1033.38528060258,Delta_Storage+USGS_12105900
2012,3,24,959.155188630321,Delta_Storage+USGS_12105900
2012,3,25,906.872910739591,Delta_Storage+USGS_12105900
2012,3,26,1052.75889451044,Delta_Storage+USGS_12105900
2012,3,27,1032.77196754169,Delta_Storage+USGS_12105900
2012,3,28,948.671024343751,Delta_Storage+USGS_12105900
2012,3,29,1076.4429918854,Delta_Storage+USGS_12105900
2012,3,30,2330.54798552866,Delta_Storage+USGS_12105900
2012,3,31,2536.1790803649,Delta_Storage+USGS_12105900
2012,4,1,1554.55229908774,Delta_Storage+USGS_12105900
2012,4,2,1469.6343102737,Delta_Storage+USGS_12105900
2012,4,3,1437.54100559296,Delta_Storage+USGS_12105900
2012,4,4,1246.98687968318,Delta_Storage+USGS_12105900
2012,4,5,1222.46853441344,Delta_Storage+USGS_12105900
2012,4,6,1082.06425101262,Delta_Storage+USGS_12105900
2012,4,7,1078.33616384426,Delta_Storage+USGS_12105900
2012,4,8,997.908699510641,Delta_Storage+USGS_12105900
2012,4,9,896.288935963195,Delta_Storage+USGS_12105900
2012,4,10,1074.4393425801,Delta_Storage+USGS_12105900
2012,4,11,1520.23085813861,Delta_Storage+USGS_12105900
2012,4,12,1622.78512434857,Delta_Storage+USGS_12105900
2012,4,13,1541.18017147386,Delta_Storage+USGS_12105900
2012,4,14,1453.0621543265,Delta_Storage+USGS_12105900
2012,4,15,1378.70810288429,Delta_Storage+USGS_12105900
2012,4,16,1609.46536885692,Delta_Storage+USGS_12105900
2012,4,17,2129.69073396072,Delta_Storage+USGS_12105900
2012,4,18,1804.52234251501,Delta_Storage+USGS_12105900
2012,4,19,1685.1683914457,Delta_Storage+USGS_12105900
2012,4,20,2683.22545266299,Delta_Storage+USGS_12105900
2012,4,21,3707.81802161394,Delta_Storage+USGS_12105900
2012,4,22,2965.5613655605,Delta_Storage+USGS_12105900
2012,4,23,3491.12273112092,Delta_Storage+USGS_12105900
2012,4,24,4198.27350461195,Delta_Storage+USGS_12105900
2012,4,25,3010,Delta_Storage+USGS_12105900
2012,4,26,2728.04705270648,Delta_Storage+USGS_12105900
2012,4,27,2417.48906776539,Delta_Storage+USGS_12105900
2012,4,28,2267.07181625145,Delta_Storage+USGS_12105900
2012,4,29,1929.21034678744,Delta_Storage+USGS_12105900
2012,4,30,2063.07011559578,Delta_Storage+USGS_12105900
2012,5,1,2889.91150274566,Delta_Storage+USGS_12105900
2012,5,2,2739.41777663242,Delta_Storage+USGS_12105900
2012,5,3,2283.57523136323,Delta_Storage+USGS_12105900
2012,5,4,2435.3628470449,Delta_Storage+USGS_12105900
2012,5,5,2389.91594312442,Delta_Storage+USGS_12105900
2012,5,6,2187.58930082777,Delta_Storage+USGS_12105900
2012,5,7,1697.93170336733,Delta_Storage+USGS_12105900
2012,5,8,1913.45362693813,Delta_Storage+USGS_12105900
2012,5,9,2209.31703367269,Delta_Storage+USGS_12105900
2012,5,10,1897.59022020357,Delta_Storage+USGS_12105900
2012,5,11,1682.4581356811,Delta_Storage+USGS_12105900
2012,5,12,1571.46444588586,Delta_Storage+USGS_12105900
2012,5,13,1480.73222294298,Delta_Storage+USGS_12105900
2012,5,14,1782.19666882895,Delta_Storage+USGS_12105900
2012,5,15,2494.75944912924,Delta_Storage+USGS_12105900
2012,5,16,2342.56278030039,Delta_Storage+USGS_12105900
2012,5,17,2022.05697801856,Delta_Storage+USGS_12105900
2012,5,18,1797.53771886769,Delta_Storage+USGS_12105900
2012,5,19,1594.61476572312,Delta_Storage+USGS_12105900
2012,5,20,1445.84590628927,Delta_Storage+USGS_12105900
2012,5,21,1498.76885943385,Delta_Storage+USGS_12105900
2012,5,22,2053.38362515697,Delta_Storage+USGS_12105900
2012,5,23,2537.53771886782,Delta_Storage+USGS_12105900
2012,5,24,3002.43900859108,Delta_Storage+USGS_12105900
2012,5,25,2219.87920040151,Delta_Storage+USGS_12105900
2012,5,26,1739.87920040151,Delta_Storage+USGS_12105900
2012,5,27,1684.69800100371,Delta_Storage+USGS_12105900
2012,5,28,1574.8188006022,Delta_Storage+USGS_12105900
2012,5,29,1494.81880060221,Delta_Storage+USGS_12105900
2012,5,30,1259.87920040151,Delta_Storage+USGS_12105900
2012,5,31,1494.69800100371,Delta_Storage+USGS_12105900
2012,6,1,1649.75840080302,Delta_Storage+USGS_12105900
2012,6,2,1772.08217631208,Delta_Storage+USGS_12105900
2012,6,3,2077.5007036187,Delta_Storage+USGS_12105900
2012,6,4,1556.42837039473,Delta_Storage+USGS_12105900
2012,6,5,1533.21418519724,Delta_Storage+USGS_12105900
2012,6,6,1693.5716296054,Delta_Storage+USGS_12105900
2012,6,7,1633.5716296054,Delta_Storage+USGS_12105900
2012,6,8,1573.5716296054,Delta_Storage+USGS_12105900
2012,6,9,1597.14325921067,Delta_Storage+USGS_12105900
2012,6,10,1597.14325921079,Delta_Storage+USGS_12105900
2012,6,11,1516.78581480264,Delta_Storage+USGS_12105900
2012,6,12,1443.21418519736,Delta_Storage+USGS_12105900
2012,6,13,1336.4283703946,Delta_Storage+USGS_12105900
2012,6,14,1283.21418519736,Delta_Storage+USGS_12105900
2012,6,15,1073.21418519724,Delta_Storage+USGS_12105900
2012,6,16,1133.5716296054,Delta_Storage+USGS_12105900
2012,6,17,1263.5716296054,Delta_Storage+USGS_12105900
2012,6,18,1633.5716296054,Delta_Storage+USGS_12105900
2012,6,19,1776.78581480263,Delta_Storage+USGS_12105900
2012,6,20,1379.64255559197,Delta_Storage+USGS_12105900
2012,6,21,1213.21418519724,Delta_Storage+USGS_12105900
2012,6,22,1110,Delta_Storage+USGS_12105900
2012,6,23,1397.14325921079,Delta_Storage+USGS_12105900
2012,6,24,1373.5716296054,Delta_Storage+USGS_12105900
2012,6,25,1260,Delta_Storage+USGS_12105900
2012,6,26,1243.21418519724,Delta_Storage+USGS_12105900
2012,6,27,1126.42837039473,Delta_Storage+USGS_12105900
2012,6,28,919.642555591838,Delta_Storage+USGS_12105900
2012,6,29,847.214185197369,Delta_Storage+USGS_12105900
2012,6,30,974.571629605395,Delta_Storage+USGS_12105900
2012,7,1,985.785814802635,Delta_Storage+USGS_12105900
2012,7,2,925.214185197365,Delta_Storage+USGS_12105900
2012,7,3,798.428370394605,Delta_Storage+USGS_12105900
2012,7,4,918.785814802631,Delta_Storage+USGS_12105900
2012,7,5,838,Delta_Storage+USGS_12105900
2012,7,6,712.214185197369,Delta_Storage+USGS_12105900
2012,7,7,740,Delta_Storage+USGS_12105900
2012,7,8,740,Delta_Storage+USGS_12105900
2012,7,9,626.428370394601,Delta_Storage+USGS_12105900
2012,7,10,659.214185197365,Delta_Storage+USGS_12105900
2012,7,11,571.428370394605,Delta_Storage+USGS_12105900
2012,7,12,581.428370394601,Delta_Storage+USGS_12105900
2012,7,13,532.64255559197,Delta_Storage+USGS_12105900
2012,7,14,541.64255559197,Delta_Storage+USGS_12105900
2012,7,15,479.856740789207,Delta_Storage+USGS_12105900
2012,7,16,537.643238691372,Delta_Storage+USGS_12105900
2012,7,17,420.301998996286,Delta_Storage+USGS_12105900
2012,7,18,427.241599196979,Delta_Storage+USGS_12105900
2012,7,19,365.2415991971,Delta_Storage+USGS_12105900
2012,7,20,452.120799598489,Delta_Storage+USGS_12105900
2012,7,21,436.120799598489,Delta_Storage+USGS_12105900
2012,7,22,433.120799598489,Delta_Storage+USGS_12105900
2012,7,23,446.120799598614,Delta_Storage+USGS_12105900
2012,7,24,361.241599196979,Delta_Storage+USGS_12105900
2012,7,25,397.241599196979,Delta_Storage+USGS_12105900
2012,7,26,359.301998996282,Delta_Storage+USGS_12105900
2012,7,27,357.369333380174,Delta_Storage+USGS_12105900
2012,7,28,333.38523427688,Delta_Storage+USGS_12105900
2012,7,29,331.38523427688,Delta_Storage+USGS_12105900
2012,7,30,308.38523427688,Delta_Storage+USGS_12105900
2012,7,31,261.38523427688,Delta_Storage+USGS_12105900
2012,8,1,257.308187421577,Delta_Storage+USGS_12105900
2012,8,2,232.231140566153,Delta_Storage+USGS_12105900
2012,8,3,272.077046855303,Delta_Storage+USGS_12105900
2012,8,4,301,Delta_Storage+USGS_12105900
2012,8,5,247.077046855424,Delta_Storage+USGS_12105900
2012,8,6,300,Delta_Storage+USGS_12105900
2012,8,7,247.077046855303,Delta_Storage+USGS_12105900
2012,8,8,247.077992886844,Delta_Storage+USGS_12105900
2012,8,9,254.633888528565,Delta_Storage+USGS_12105900
2012,8,10,276.633888528451,Delta_Storage+USGS_12105900
2012,8,11,244.267777057016,Delta_Storage+USGS_12105900
2012,8,12,244.267777057129,Delta_Storage+USGS_12105900
2012,8,13,237.267777057016,Delta_Storage+USGS_12105900
2012,8,14,240.267777057012,Delta_Storage+USGS_12105900
2012,8,15,244.267777057016,Delta_Storage+USGS_12105900
2012,8,16,245.267777057016,Delta_Storage+USGS_12105900
2012,8,17,205.90166558558,Delta_Storage+USGS_12105900
2012,8,18,217.901665585577,Delta_Storage+USGS_12105900
2012,8,19,217.90166558558,Delta_Storage+USGS_12105900
2012,8,20,204.90166558558,Delta_Storage+USGS_12105900
2012,8,21,190.901665585467,Delta_Storage+USGS_12105900
2012,8,22,187.901665585577,Delta_Storage+USGS_12105900
2012,8,23,237.267777057016,Delta_Storage+USGS_12105900
2012,8,24,198.771382525006,Delta_Storage+USGS_12105900
2012,8,25,205.204889898215,Delta_Storage+USGS_12105900
2012,8,26,204.204889898215,Delta_Storage+USGS_12105900
2012,8,27,156.273186530883,Delta_Storage+USGS_12105900
2012,8,28,183.413579522403,Data_Ranger
2012,8,29,188.134003779208,Data_Ranger
2012,8,30,186.879327717356,Data_Ranger
2012,8,31,203.204889898105,Delta_Storage+USGS_12105900
2012,9,1,202.204889898217,Delta_Storage+USGS_12105900
2012,9,2,154.27318653099,Delta_Storage+USGS_12105900
2012,9,3,201.204889898107,Delta_Storage+USGS_12105900
2012,9,4,162.728504247373,Delta_Storage+USGS_12105900
2012,9,5,211.659288238802,Delta_Storage+USGS_12105900
2012,9,6,174.212384318335,Delta_Storage+USGS_12105900
2012,9,7,185.212384318333,Delta_Storage+USGS_12105900
2012,9,8,185.212384318438,Delta_Storage+USGS_12105900
2012,9,9,184.212384318335,Delta_Storage+USGS_12105900
2012,9,10,176.212384318438,Delta_Storage+USGS_12105900
2012,9,11,159.212384318333,Delta_Storage+USGS_12105900
2012,9,12,154.212384318333,Delta_Storage+USGS_12105900
2012,9,13,161.343628703873,Delta_Storage+USGS_12105900
2012,9,14,219.789653212554,Delta_Storage+USGS_12105900
2012,9,15,141.649422020894,Delta_Storage+USGS_12105900
2012,9,16,183.719537616675,Delta_Storage+USGS_12105900
2012,9,17,182.719537616675,Delta_Storage+USGS_12105900
2012,9,18,138.649422020894,Delta_Storage+USGS_12105900
2012,9,19,181.719537616772,Delta_Storage+USGS_12105900
2012,9,20,171.649422020892,Delta_Storage+USGS_12105900
2012,9,21,225.97697786031,Delta_Storage+USGS_12105900
2012,9,22,194.231939764065,Delta_Storage+USGS_12105900
2012,9,23,191.231939764063,Delta_Storage+USGS_12105900
2012,9,24,156.510932234515,Delta_Storage+USGS_12105900
2012,9,25,167.148811703929,Delta_Storage+USGS_12105900
2012,9,26,220.929867930889,Delta_Storage+USGS_12105900
2012,9,27,188.4211014222,Delta_Storage+USGS_12105900
2012,9,28,152.91233491359,Delta_Storage+USGS_12105900
2012,9,29,199.406916168552,Delta_Storage+USGS_12105900
2012,9,30,178.874175213846,Delta_Storage+USGS_12105900
2012,10,1,180.874175213844,Delta_Storage+USGS_12105900
2012,10,2,181.874175213846,Delta_Storage+USGS_12105900
2012,10,3,175.027960166344,Delta_Storage+USGS_12105900
2012,10,4,163.893461762167,Delta_Storage+USGS_12105900
2012,10,5,135.893461762097,Delta_Storage+USGS_12105900
2012,10,6,167.236643267598,Delta_Storage+USGS_12105900
2012,10,7,171.819828526144,Delta_Storage+USGS_12105900
2012,10,8,141.701811378784,Delta_Storage+USGS_12105900
2012,10,9,185.469654814205,Delta_Storage+USGS_12105900
2012,10,10,187.179427907575,Delta_Storage+USGS_12105900
2012,10,11,154.042665892162,Delta_Storage+USGS_12105900
2012,10,12,173.301771050292,Delta_Storage+USGS_12105900
2012,10,13,185.851773394623,Delta_Storage+USGS_12105900
2012,10,14,190.475032901439,Delta_Storage+USGS_12105900
2012,10,15,329.744315789072,Delta_Storage+USGS_12105900
2012,10,16,353.34003238825,Delta_Storage+USGS_12105900
2012,10,17,274.387398378296,Delta_Storage+USGS_12105900
2012,10,18,223.914224315806,Delta_Storage+USGS_12105900
2012,10,19,314.777225629312,Delta_Storage+USGS_12105900
2012,10,20,515.785040572906,Delta_Storage+USGS_12105900
2012,10,21,543.671024343751,Delta_Storage+USGS_12105900
2012,10,22,430.127089260409,Delta_Storage+USGS_12105900
2012,10,23,336.491948636015,Delta_Storage+USGS_12105900
2012,10,24,322.3450229756,Delta_Storage+USGS_12105900
2012,10,25,304.636584678007,Delta_Storage+USGS_12105900
2012,10,26,282.548305524764,Delta_Storage+USGS_12105900
2012,10,27,315.560509456732,Delta_Storage+USGS_12105900
2012,10,28,1610.97343084722,Delta_Storage+USGS_12105900
2012,10,29,3052.1655853125,Delta_Storage+USGS_12105900
2012,10,30,2368.68324469922,Delta_Storage+USGS_12105900
2012,10,31,2007.82238881037,Delta_Storage+USGS_12105900
2012,11,1,1960.81801555284,Data_Ranger
2012,11,2,1491.82389425618,Data_Ranger
2012,11,3,1054.28662384187,Delta_Storage+USGS_12105900
2012,11,4,960.012733786139,Delta_Storage+USGS_12105900
2012,11,5,805.445852995476,Delta_Storage+USGS_12105900
2012,11,6,858.133761581326,Delta_Storage+USGS_12105900
2012,11,7,826.853504632535,Delta_Storage+USGS_12105900
2012,11,8,721.00636689307,Delta_Storage+USGS_12105900
2012,11,9,629.71974305121,Delta_Storage+USGS_12105900
2012,11,10,643.707009265058,Delta_Storage+USGS_12105900
2012,11,11,602.713376158127,Delta_Storage+USGS_12105900
2012,11,12,829.840770846396,Delta_Storage+USGS_12105900
2012,11,13,789.579614576802,Delta_Storage+USGS_12105900
2012,11,14,839.585981469884,Delta_Storage+USGS_12105900
2012,11,15,1184.28025694879,Delta_Storage+USGS_12105900
2012,11,16,744.622705986653,Delta_Storage+USGS_12105900
2012,11,17,797.327233508209,Delta_Storage+USGS_12105900
2012,11,18,771.411701710576,Delta_Storage+USGS_12105900
2012,11,19,1371.49823032017,Delta_Storage+USGS_12105900
2012,11,20,2799.75551585111,Delta_Storage+USGS_12105900
2012,11,21,1969.44300397167,Delta_Storage+USGS_12105900
2012,11,22,1647.96039123693,Delta_Storage+USGS_12105900
2012,11,23,1247.09573050176,Delta_Storage+USGS_12105900
2012,11,24,2813.63093685353,Delta_Storage+USGS_12105900
2012,11,25,2958.81213649399,Delta_Storage+USGS_12105900
2012,11,26,1983.52168299156,Delta_Storage+USGS_12105900
2012,11,27,1051.19462062956,Delta_Storage+USGS_12105900
2012,11,28,1100.01910067922,Delta_Storage+USGS_12105900
2012,11,29,1027.50386269424,Delta_Storage+USGS_12105900
2012,11,30,926.317659657889,Delta_Storage+USGS_12105900
2012,12,1,818.611808802596,Delta_Storage+USGS_12105900
2012,12,2,811.388191197404,Delta_Storage+USGS_12105900
2012,12,3,1108.30587233612,Delta_Storage+USGS_12105900
2012,12,4,1406.3649394572,Delta_Storage+USGS_12105900
2012,12,5,2248.99807918003,Delta_Storage+USGS_12105900
2012,12,6,1966.0379541198,Delta_Storage+USGS_12105900
2012,12,7,1804.47934434549,Delta_Storage+USGS_12105900
2012,12,8,2121.35263897082,Delta_Storage+USGS_12105900
2012,12,9,1649.03505891291,Delta_Storage+USGS_12105900
2012,12,10,1350.06143199339,Delta_Storage+USGS_12105900
2012,12,11,1552.34117017106,Delta_Storage+USGS_12105900
2012,12,12,1522.77638239481,Delta_Storage+USGS_12105900
2012,12,13,1445.71222960809,Delta_Storage+USGS_12105900
2012,12,14,1217.8995791945,Delta_Storage+USGS_12105900
2012,12,15,1200.66730159616,Delta_Storage+USGS_12105900
2012,12,16,1033.37971943019,Delta_Storage+USGS_12105900
2012,12,17,1139.47378520235,Delta_Storage+USGS_12105900
2012,12,18,911.843874455535,Delta_Storage+USGS_12105900
2012,12,19,913.875868595675,Delta_Storage+USGS_12105900
2012,12,20,810.124131404325,Delta_Storage+USGS_12105900
2012,12,21,769.449116279407,Delta_Storage+USGS_12105900
2012,12,22,741.133761581326,Delta_Storage+USGS_12105900
2012,12,23,733.707009265058,Delta_Storage+USGS_12105900
2012,12,24,714.853504632535,Delta_Storage+USGS_12105900
2012,12,25,697.713376158127,Delta_Storage+USGS_12105900
2012,12,26,665.146495367465,Delta_Storage+USGS_12105900
2012,12,27,664.146495367478,Delta_Storage+USGS_12105900
2012,12,28,669.713376158127,Delta_Storage+USGS_12105900
2012,12,29,623.286623841873,Delta_Storage+USGS_12105900
2012,12,30,611.859871525605,Delta_Storage+USGS_12105900
2012,12,31,553.00636689307,Delta_Storage+USGS_12105900
2013,1,1,549.573247683732,Delta_Storage+USGS_12105900
2013,1,2,564.146495367465,Delta_Storage+USGS_12105900
2013,1,3,485.805537141808,Delta_Storage+USGS_12105900
2013,1,4,451.976489486828,Delta_Storage+USGS_12105900
2013,1,5,459.070531539521,Delta_Storage+USGS_12105900
2013,1,6,459.388191197405,Delta_Storage+USGS_12105900
2013,1,7,863.752883741369,Delta_Storage+USGS_12105900
2013,1,8,1515.69427547892,Delta_Storage+USGS_12105900
2013,1,9,1783.51780171774,Delta_Storage+USGS_12105900
2013,1,10,1642.19557444038,Delta_Storage+USGS_12105900
2013,1,11,1062.88648564793,Delta_Storage+USGS_12105900
2013,1,12,1068.41287198008,Delta_Storage+USGS_12105900
2013,1,13,961.573247683745,Delta_Storage+USGS_12105900
2013,1,14,827.990369823,Delta_Storage+USGS_12105900
2013,1,15,725.835426407786,Delta_Storage+USGS_12105900
2013,1,16,708.341170171061,Delta_Storage+USGS_12105900
2013,1,17,672,Delta_Storage+USGS_12105900
2013,1,18,618.341170171056,Delta_Storage+USGS_12105900
2013,1,19,624.799892907981,Delta_Storage+USGS_12105900
2013,1,20,658.125089728454,Delta_Storage+USGS_12105900
2013,1,21,713.554147004511,Delta_Storage+USGS_12105900
2013,1,22,917.129549503471,Delta_Storage+USGS_12105900
2013,1,23,747.297202812797,Delta_Storage+USGS_12105900
2013,1,24,626.025467572291,Delta_Storage+USGS_12105900
2013,1,25,682.527373207421,Delta_Storage+USGS_12105900
2013,1,26,763.179636057637,Delta_Storage+USGS_12105900
2013,1,27,790.700642371988,Delta_Storage+USGS_12105900
2013,1,28,1042.56045139067,Delta_Storage+USGS_12105900
2013,1,29,923.318520814146,Delta_Storage+USGS_12105900
2013,1,30,1782.83440395331,Delta_Storage+USGS_12105900
2013,1,31,2298.70168852615,Delta_Storage+USGS_12105900
2013,2,1,2222.33038217585,Delta_Storage+USGS_12105900
2013,2,2,2283.08528980275,Delta_Storage+USGS_12105900
2013,2,3,1904.57995829074,Delta_Storage+USGS_12105900
2013,2,4,1492.72306662771,Delta_Storage+USGS_12105900
2013,2,5,1327.17196293976,Delta_Storage+USGS_12105900
2013,2,6,1454.28662384187,Delta_Storage+USGS_12105900
2013,2,7,1396.23322406271,Delta_Storage+USGS_12105900
2013,2,8,1137.65882982894,Delta_Storage+USGS_12105900
2013,2,9,1151.80222158727,Delta_Storage+USGS_12105900
2013,2,10,1121.42038542319,Delta_Storage+USGS_12105900
2013,2,11,997.159229153616,Delta_Storage+USGS_12105900
2013,2,12,795.135930585836,Delta_Storage+USGS_12105900
2013,2,13,1049.8768032003,Delta_Storage+USGS_12105900
2013,2,14,1269.98726621386,Delta_Storage+USGS_12105900
2013,2,15,1130,Delta_Storage+USGS_12105900
2013,2,16,1139.99363310693,Delta_Storage+USGS_12105900
2013,2,17,1274.17634874734,Delta_Storage+USGS_12105900
2013,2,18,1202.52423111772,Delta_Storage+USGS_12105900
2013,2,19,989.012796293065,Delta_Storage+USGS_12105900
2013,2,20,921.71337615814,Delta_Storage+USGS_12105900
2013,2,21,886.426752316255,Delta_Storage+USGS_12105900
2013,2,22,959.426752316268,Delta_Storage+USGS_12105900
2013,2,23,1004.56688079066,Delta_Storage+USGS_12105900
2013,2,24,902.329211007886,Delta_Storage+USGS_12105900
2013,2,25,889.378844411331,Delta_Storage+USGS_12105900
2013,2,26,818.854613293591,Delta_Storage+USGS_12105900
2013,2,27,826.612302116253,Delta_Storage+USGS_12105900
2013,2,28,943.864748226899,Delta_Storage+USGS_12105900
2013,3,1,1673.42960314675,Delta_Storage+USGS_12105900
2013,3,2,2451.65232261627,Delta_Storage+USGS_12105900
2013,3,3,2205.2096178652,Delta_Storage+USGS_12105900
2013,3,4,1715.85769201585,Delta_Storage+USGS_12105900
2013,3,5,1343.78653802379,Delta_Storage+USGS_12105900
2013,3,6,1176.21346197621,Delta_Storage+USGS_12105900
2013,3,7,1058.28461596827,Delta_Storage+USGS_12105900
2013,3,8,983.568572400957,Delta_Storage+USGS_12105900
2013,3,9,984.356491501688,Delta_Storage+USGS_12105900
2013,3,10,937.499493390218,Delta_Storage+USGS_12105900
2013,3,11,901.71715912441,Delta_Storage+USGS_12105900
2013,3,12,892.753262513837,Delta_Storage+USGS_12105900
2013,3,13,1453.03443200714,Delta_Storage+USGS_12105900
2013,3,14,2341.92192289882,Delta_Storage+USGS_12105900
2013,3,15,2641.97026586561,Delta_Storage+USGS_12105900
2013,3,16,3202.80027032178,Delta_Storage+USGS_12105900
2013,3,17,3578.08566801683,Delta_Storage+USGS_12105900
2013,3,18,2164.3400323882,Delta_Storage+USGS_12105900
2013,3,19,1847.97858299579,Delta_Storage+USGS_12105900
2013,3,20,1652.24314718966,Delta_Storage+USGS_12105900
2013,3,21,1658.56541961203,Delta_Storage+USGS_12105900
2013,3,22,1424.8514008101,Delta_Storage+USGS_12105900
2013,3,23,1346.46853441344,Delta_Storage+USGS_12105900
2013,3,24,1243.2867549758,Delta_Storage+USGS_12105900
2013,3,25,1087.04940886846,Delta_Storage+USGS_12105900
2013,3,26,979.239527094788,Delta_Storage+USGS_12105900
2013,3,27,1044.66917241585,Delta_Storage+USGS_12105900
2013,3,28,1028.23952709474,Delta_Storage+USGS_12105900
2013,3,29,1032.23952709479,Delta_Storage+USGS_12105900
2013,3,30,1115.70217629217,Delta_Storage+USGS_12105900
2013,3,31,1232.25219108469,Delta_Storage+USGS_12105900
2013,4,1,2005.72075372716,Delta_Storage+USGS_12105900
2013,4,2,2086.82612003171,Delta_Storage+USGS_12105900
2013,4,3,2062.47206858957,Delta_Storage+USGS_12105900
2013,4,4,1921.88198285258,Delta_Storage+USGS_12105900
2013,4,5,2486.23603429478,Delta_Storage+USGS_12105900
2013,4,6,3305.534222916,Delta_Storage+USGS_12105900
2013,4,7,3463.28569924742,Delta_Storage+USGS_12105900
2013,4,8,3137.75258716859,Delta_Storage+USGS_12105900
2013,4,9,2522.58419572282,Delta_Storage+USGS_12105900
2013,4,10,2221.29209786144,Delta_Storage+USGS_12105900
2013,4,11,2833.69746526359,Delta_Storage+USGS_12105900
2013,4,12,3016.78068644194,Delta_Storage+USGS_12105900
2013,4,13,2625.5613655605,Delta_Storage+USGS_12105900
2013,4,14,2016.9824669827,Delta_Storage+USGS_12105900
2013,4,15,1862.5438325432,Delta_Storage+USGS_12105900
2013,4,16,1449.52629952591,Delta_Storage+USGS_12105900
2013,4,17,1651.122731121,Delta_Storage+USGS_12105900
2013,4,18,1468.21446523351,Delta_Storage+USGS_12105900
2013,4,19,2277.48906776548,Delta_Storage+USGS_12105900
2013,4,20,3969.72216520003,Delta_Storage+USGS_12105900
2013,4,21,4277.54254310809,Delta_Storage+USGS_12105900
2013,4,22,2920,Delta_Storage+USGS_12105900
2013,4,23,2253.07011559578,Delta_Storage+USGS_12105900
2013,4,24,2151.49080917077,Delta_Storage+USGS_12105900
2013,4,25,1656.14023119166,Delta_Storage+USGS_12105900
2013,4,26,1885.7506597065,Delta_Storage+USGS_12105900
2013,4,27,1871.78761568167,Delta_Storage+USGS_12105900
2013,4,28,2018.12832744286,Delta_Storage+USGS_12105900
2013,4,29,2800.80975096526,Delta_Storage+USGS_12105900
2013,4,30,2124.55309607963,Delta_Storage+USGS_12105900
2013,5,1,1737.23451960203,Delta_Storage+USGS_12105900
2013,5,2,1605.10450138091,Delta_Storage+USGS_12105900
2013,5,3,1619.65851683634,Delta_Storage+USGS_12105900
2013,5,4,1517.93170336723,Delta_Storage+USGS_12105900
2013,5,5,1867.59022020368,Delta_Storage+USGS_12105900
2013,5,6,2467.59022020357,Delta_Storage+USGS_12105900
2013,5,7,2393.79511010178,Delta_Storage+USGS_12105900
2013,5,8,2489.65851683635,Delta_Storage+USGS_12105900
2013,5,9,2391.72681346912,Delta_Storage+USGS_12105900
2013,5,10,2351.46354515497,Delta_Storage+USGS_12105900
2013,5,11,2361.09833441442,Delta_Storage+USGS_12105900
2013,5,12,2371.09833441442,Delta_Storage+USGS_12105900
2013,5,13,2150.36611147144,Delta_Storage+USGS_12105900
2013,5,14,2061.8305573574,Delta_Storage+USGS_12105900
2013,5,15,1551.09833441454,Delta_Storage+USGS_12105900
2013,5,16,1291.8305573574,Delta_Storage+USGS_12105900
2013,5,17,1450.29500324326,Delta_Storage+USGS_12105900
2013,5,18,1379.50013634541,Delta_Storage+USGS_12105900
2013,5,19,1096.84590628927,Delta_Storage+USGS_12105900
2013,5,20,1079.61476572312,Delta_Storage+USGS_12105900
2013,5,21,1143.46067201239,Delta_Storage+USGS_12105900
2013,5,22,1273.38362515697,Delta_Storage+USGS_12105900
2013,5,23,1252.46067201239,Delta_Storage+USGS_12105900
2013,5,24,1074.58691387664,Delta_Storage+USGS_12105900
2013,5,25,1067.57720140523,Delta_Storage+USGS_12105900
2013,5,26,974.637601204407,Delta_Storage+USGS_12105900
2013,5,27,1118.51680160605,Delta_Storage+USGS_12105900
2013,5,28,1179.5772014051,Delta_Storage+USGS_12105900
2013,5,29,1335.90097691441,Delta_Storage+USGS_12105900
2013,5,30,1390.5007036187,Delta_Storage+USGS_12105900
2013,5,31,1584.28651842159,Delta_Storage+USGS_12105900
2013,6,1,1453.57162960527,Delta_Storage+USGS_12105900
2013,6,2,1283.21418519737,Delta_Storage+USGS_12105900
2013,6,3,979.642555591966,Delta_Storage+USGS_12105900
2013,6,4,986.785814802635,Delta_Storage+USGS_12105900
2013,6,5,1017.5716296054,Delta_Storage+USGS_12105900
2013,6,6,1046.5716296054,Delta_Storage+USGS_12105900
2013,6,7,967.785814802635,Delta_Storage+USGS_12105900
2013,6,8,881,Delta_Storage+USGS_12105900
2013,6,9,881,Delta_Storage+USGS_12105900
2013,6,10,698.428370394601,Delta_Storage+USGS_12105900
2013,6,11,752,Delta_Storage+USGS_12105900
2013,6,12,744,Delta_Storage+USGS_12105900
2013,6,13,669.214185197369,Delta_Storage+USGS_12105900
2013,6,14,646,Delta_Storage+USGS_12105900
2013,6,15,646,Delta_Storage+USGS_12105900
2013,6,16,622.214185197365,Delta_Storage+USGS_12105900
2013,6,17,535.428370394601,Delta_Storage+USGS_12105900
2013,6,18,581.21418519724,Delta_Storage+USGS_12105900
2013,6,19,533.42837039473,Delta_Storage+USGS_12105900
2013,6,20,535.428370394605,Delta_Storage+USGS_12105900
2013,6,21,707.785814802631,Delta_Storage+USGS_12105900
2013,6,22,658,Delta_Storage+USGS_12105900
2013,6,23,601.214185197369,Delta_Storage+USGS_12105900
2013,6,24,526.428370394601,Delta_Storage+USGS_12105900
2013,6,25,664.785814802635,Delta_Storage+USGS_12105900
2013,6,26,546.214185197365,Delta_Storage+USGS_12105900
2013,6,27,604,Delta_Storage+USGS_12105900
2013,6,28,587.214185197369,Delta_Storage+USGS_12105900
2013,6,29,508.642555591838,Delta_Storage+USGS_12105900
2013,6,30,451.856740789335,Delta_Storage+USGS_12105900
2013,7,1,517.489453293314,Delta_Storage+USGS_12105900
2013,7,2,397.301998996286,Delta_Storage+USGS_12105900
2013,7,3,410.241599196979,Delta_Storage+USGS_12105900
2013,7,4,354.301998996282,Delta_Storage+USGS_12105900
2013,7,5,385.241599196979,Delta_Storage+USGS_12105900
2013,7,6,365.241599197103,Delta_Storage+USGS_12105900
2013,7,7,362.241599196979,Delta_Storage+USGS_12105900
2013,7,8,314.2415991971,Delta_Storage+USGS_12105900
2013,7,9,265.181199397672,Delta_Storage+USGS_12105900
2013,7,10,280.138192814145,Delta_Storage+USGS_12105900
2013,7,11,318.077046855303,Delta_Storage+USGS_12105900
2013,7,12,307.077046855424,Delta_Storage+USGS_12105900
2013,7,13,304.077046855303,Delta_Storage+USGS_12105900
2013,7,14,251.154093710851,Delta_Storage+USGS_12105900
2013,7,15,303.077046855303,Delta_Storage+USGS_12105900
2013,7,16,247.154093710726,Delta_Storage+USGS_12105900
2013,7,17,299.077046855424,Delta_Storage+USGS_12105900
2013,7,18,236.15409371073,Delta_Storage+USGS_12105900
2013,7,19,271.077046855424,Delta_Storage+USGS_12105900
2013,7,20,268.077046855303,Delta_Storage+USGS_12105900
2013,7,21,215.154093710851,Delta_Storage+USGS_12105900
2013,7,22,261.077046855303,Delta_Storage+USGS_12105900
2013,7,23,202.154093710726,Delta_Storage+USGS_12105900
2013,7,24,252.077046855424,Delta_Storage+USGS_12105900
2013,7,25,244.077046855427,Delta_Storage+USGS_12105900
2013,7,26,195.154093710726,Delta_Storage+USGS_12105900
2013,7,27,208.154093710726,Delta_Storage+USGS_12105900
2013,7,28,208.15409371073,Delta_Storage+USGS_12105900
2013,7,29,199.154093710726,Delta_Storage+USGS_12105900
2013,7,30,194.154093710851,Delta_Storage+USGS_12105900
2013,7,31,197.154093710726,Delta_Storage+USGS_12105900
2013,8,1,252.077046855303,Delta_Storage+USGS_12105900
2013,8,2,201.711881415409,Delta_Storage+USGS_12105900
2013,8,3,203.267777057016,Delta_Storage+USGS_12105900
2013,8,4,202.267777057016,Delta_Storage+USGS_12105900
2013,8,5,203.267777057016,Delta_Storage+USGS_12105900
2013,8,6,213.267777057012,Delta_Storage+USGS_12105900
2013,8,7,162.90166558558,Delta_Storage+USGS_12105900
2013,8,8,213.267777057016,Delta_Storage+USGS_12105900
2013,8,9,171.90166558558,Delta_Storage+USGS_12105900
2013,8,10,178.901665585577,Delta_Storage+USGS_12105900
2013,8,11,229.267777057016,Delta_Storage+USGS_12105900
2013,8,12,177.90166558558,Delta_Storage+USGS_12105900
2013,8,13,227.267777057016,Delta_Storage+USGS_12105900
2013,8,14,176.90166558558,Delta_Storage+USGS_12105900
2013,8,15,176.901665585577,Delta_Storage+USGS_12105900
2013,8,16,179.336974420792,Delta_Storage+USGS_12105900
2013,8,17,184.204889898105,Delta_Storage+USGS_12105900
2013,8,18,184.204889898215,Delta_Storage+USGS_12105900
2013,8,19,183.204889898215,Delta_Storage+USGS_12105900
2013,8,20,182.204889898215,Delta_Storage+USGS_12105900
2013,8,21,133.273186530883,Delta_Storage+USGS_12105900
2013,8,22,186.204889898215,Delta_Storage+USGS_12105900
2013,8,23,149.27318653088,Delta_Storage+USGS_12105900
2013,8,24,154.273186530992,Delta_Storage+USGS_12105900
2013,8,25,153.273186530882,Delta_Storage+USGS_12105900
2013,8,26,197.20580927401,Delta_Storage+USGS_12105900
2013,8,27,151.212384318335,Delta_Storage+USGS_12105900
2013,8,28,181.659288238802,Delta_Storage+USGS_12105900
2013,8,29,174.659288238802,Delta_Storage+USGS_12105900
2013,8,30,320,Delta_Storage+USGS_12105900
2013,8,31,234.106192159167,Delta_Storage+USGS_12105900
2013,9,1,143.212384318438,Delta_Storage+USGS_12105900
2013,9,2,186.6592882387,Delta_Storage+USGS_12105900
2013,9,3,172.659288238802,Delta_Storage+USGS_12105900
2013,9,4,173.659288238802,Delta_Storage+USGS_12105900
2013,9,5,179.659288238802,Delta_Storage+USGS_12105900
2013,9,6,271.553096079531,Delta_Storage+USGS_12105900
2013,9,7,316,Delta_Storage+USGS_12105900
2013,9,8,225.106192159271,Delta_Storage+USGS_12105900
2013,9,9,172.659288238698,Delta_Storage+USGS_12105900
2013,9,10,231.483859895534,Delta_Storage+USGS_12105900
2013,9,11,178.719537616675,Delta_Storage+USGS_12105900
2013,9,12,181.719537616677,Delta_Storage+USGS_12105900
2013,9,13,200.719537616772,Delta_Storage+USGS_12105900
2013,9,14,124.579306425013,Delta_Storage+USGS_12105900
2013,9,15,165.649422020894,Delta_Storage+USGS_12105900
2013,9,16,165.649422020892,Delta_Storage+USGS_12105900
2013,9,17,208.719537616772,Delta_Storage+USGS_12105900
2013,9,18,175.69798538986,Delta_Storage+USGS_12105900
2013,9,19,222.115969881986,Delta_Storage+USGS_12105900
2013,9,20,198.39496235253,Delta_Storage+USGS_12105900
2013,9,21,169.673954823069,Delta_Storage+USGS_12105900
2013,9,22,169.67395482298,Delta_Storage+USGS_12105900
2013,9,23,341.836977411536,Delta_Storage+USGS_12105900
2013,9,24,321.673954823071,Delta_Storage+USGS_12105900
2013,9,25,312.506542295945,Delta_Storage+USGS_12105900
2013,9,26,247.912334913592,Delta_Storage+USGS_12105900
2013,9,27,336.912334913592,Delta_Storage+USGS_12105900
2013,9,28,315.346685176784,Delta_Storage+USGS_12105900
2013,9,29,1006.02516495717,Delta_Storage+USGS_12105900
2013,9,30,2192.15444939195,Delta_Storage+USGS_12105900
2013,10,1,3178.30551093943,Delta_Storage+USGS_12105900
2013,10,2,2239.44201505901,Delta_Storage+USGS_12105900
2013,10,3,1469.88397163118,Delta_Storage+USGS_12105900
2013,10,4,1023.31590331849,Delta_Storage+USGS_12105900
2013,10,5,951.77232487379,Delta_Storage+USGS_12105900
2013,10,6,763.006555247608,Delta_Storage+USGS_12105900
2013,10,7,501.264581009247,Delta_Storage+USGS_12105900
2013,10,8,948.174689686898,Delta_Storage+USGS_12105900
2013,10,9,1002.58379423136,Delta_Storage+USGS_12105900
2013,10,10,998.819828526144,Delta_Storage+USGS_12105900
2013,10,11,795.531437357532,Delta_Storage+USGS_12105900
2013,10,12,784.452951938403,Delta_Storage+USGS_12105900
2013,10,13,725.31618992299,Delta_Storage+USGS_12105900
2013,10,14,651.404536129665,Delta_Storage+USGS_12105900
2013,10,15,515.041891620952,Delta_Storage+USGS_12105900
2013,10,16,528.091300489359,Delta_Storage+USGS_12105900
2013,10,17,484.932670086757,Delta_Storage+USGS_12105900
2013,10,18,485.957165991587,Delta_Storage+USGS_12105900
2013,10,19,466.957165991587,Delta_Storage+USGS_12105900
2013,10,20,450.213141850312,Delta_Storage+USGS_12105900
2013,10,21,397.45899440704,Delta_Storage+USGS_12105900
2013,10,22,392.003764498232,Delta_Storage+USGS_12105900
2013,10,23,391.594380766185,Delta_Storage+USGS_12105900
2013,10,24,384.127089260409,Delta_Storage+USGS_12105900
2013,10,25,348.684097374968,Delta_Storage+USGS_12105900
2013,10,26,349.340972298228,Delta_Storage+USGS_12105900
2013,10,27,355.576191337137,Delta_Storage+USGS_12105900
2013,10,28,351.576191337172,Delta_Storage+USGS_12105900
2013,10,29,331.669923030054,Delta_Storage+USGS_12105900
2013,10,30,321.356398591103,Delta_Storage+USGS_12105900
2013,10,31,374.328983314853,Delta_Storage+USGS_12105900
2013,11,1,435.469928432122,Delta_Storage+USGS_12105900
2013,11,2,364.858011331092,Delta_Storage+USGS_12105900
2013,11,3,493.431774551234,Delta_Storage+USGS_12105900
2013,11,4,476.003844111003,Delta_Storage+USGS_12105900
2013,11,5,458.759505419093,Delta_Storage+USGS_12105900
2013,11,6,656.266970396812,Delta_Storage+USGS_12105900
2013,11,7,915.808826894817,Delta_Storage+USGS_12105900
2013,11,8,1648.73302960319,Delta_Storage+USGS_12105900
2013,11,9,1628.90837129959,Delta_Storage+USGS_12105900
2013,11,10,1233.81178822443,Delta_Storage+USGS_12105900
2013,11,11,807.528680439374,Delta_Storage+USGS_12105900
2013,11,12,751.78930072161,Delta_Storage+USGS_12105900
2013,11,13,781.717638177049,Delta_Storage+USGS_12105900
2013,11,14,803.588298289424,Delta_Storage+USGS_12105900
2013,11,15,799.341170171056,Delta_Storage+USGS_12105900
2013,11,16,1288.34652646939,Delta_Storage+USGS_12105900
2013,11,17,1319.99363310693,Delta_Storage+USGS_12105900
2013,11,18,1871.23228653694,Delta_Storage+USGS_12105900
2013,11,19,3579.5635075957,Delta_Storage+USGS_12105900
2013,11,20,3400.87582365648,Delta_Storage+USGS_12105900
2013,11,21,1784.31835757048,Delta_Storage+USGS_12105900
2013,11,22,1255.4495107428,Delta_Storage+USGS_12105900
2013,11,23,1274.27389005573,Delta_Storage+USGS_12105900
2013,11,24,1132.86623841867,Delta_Storage+USGS_12105900
2013,11,25,891.174267899558,Delta_Storage+USGS_12105900
2013,11,26,771.517766749903,Delta_Storage+USGS_12105900
2013,11,27,740.729361368465,Delta_Storage+USGS_12105900
2013,11,28,710.72936136846,Delta_Storage+USGS_12105900
2013,11,29,690,Delta_Storage+USGS_12105900
2013,11,30,667.611808802596,Delta_Storage+USGS_12105900
2013,12,1,2096.53679143903,Delta_Storage+USGS_12105900
2013,12,2,6443.74075055865,Delta_Storage+USGS_12105900
2013,12,3,3534.62975643887,Delta_Storage+USGS_12105900
2013,12,4,1587.16780280405,Delta_Storage+USGS_12105900
2013,12,5,1218.99543029892,Delta_Storage+USGS_12105900
2013,12,6,1183.6118088026,Delta_Storage+USGS_12105900
2013,12,7,1012.04702102634,Delta_Storage+USGS_12105900
2013,12,8,836.905957947307,Delta_Storage+USGS_12105900
2013,12,9,903.194462858192,Delta_Storage+USGS_12105900
2013,12,10,789.170217826041,Delta_Storage+USGS_12105900
2013,12,11,706.611808802596,Delta_Storage+USGS_12105900
2013,12,12,671,Delta_Storage+USGS_12105900
2013,12,13,734.070531539521,Delta_Storage+USGS_12105900
2013,12,14,762.047021026344,Delta_Storage+USGS_12105900
2013,12,15,731.294149144712,Delta_Storage+USGS_12105900
2013,12,16,807.364680684233,Delta_Storage+USGS_12105900
2013,12,17,759.611808802596,Delta_Storage+USGS_12105900
2013,12,18,845.070531539521,Delta_Storage+USGS_12105900
2013,12,19,709.835426407786,Delta_Storage+USGS_12105900
2013,12,20,788.482233250097,Delta_Storage+USGS_12105900
2013,12,21,2092.87190551267,Delta_Storage+USGS_12105900
2013,12,22,2649.56750414398,Delta_Storage+USGS_12105900
2013,12,23,4002.9801531777,Delta_Storage+USGS_12105900
2013,12,24,4411.90055602934,Delta_Storage+USGS_12105900
2013,12,25,2889.36682273773,Delta_Storage+USGS_12105900
2013,12,26,1200.60178711459,Delta_Storage+USGS_12105900
2013,12,27,1364.28025694879,Delta_Storage+USGS_12105900
2013,12,28,1449.2633110848,Delta_Storage+USGS_12105900
2013,12,29,1244.95153776454,Delta_Storage+USGS_12105900
2013,12,30,1097.86346676601,Delta_Storage+USGS_12105900
2013,12,31,949.354803593999,Delta_Storage+USGS_12105900
2014,1,1,909.292990734942,Delta_Storage+USGS_12105900
2014,1,2,850.046074561965,Delta_Storage+USGS_12105900
2014,1,3,1080.22781549376,Delta_Storage+USGS_12105900
2014,1,4,1086.5540844976,Delta_Storage+USGS_12105900
2014,1,5,1015.85461329361,Delta_Storage+USGS_12105900
2014,1,6,975.145386706392,Delta_Storage+USGS_12105900
2014,1,7,860.452282395472,Delta_Storage+USGS_12105900
2014,1,8,813.989435218372,Delta_Storage+USGS_12105900
2014,1,9,1176.30355551657,Delta_Storage+USGS_12105900
2014,1,10,2064.26115626958,Delta_Storage+USGS_12105900
2014,1,11,2185.18816009548,Delta_Storage+USGS_12105900
2014,1,12,2726.23859222079,Delta_Storage+USGS_12105900
2014,1,13,4808.05448406087,Delta_Storage+USGS_12105900
2014,1,14,4540.1363068766,Delta_Storage+USGS_12105900
2014,1,15,3028.03111911542,Delta_Storage+USGS_12105900
2014,1,16,1760.33605475845,Delta_Storage+USGS_12105900
2014,1,17,1500.58853055613,Delta_Storage+USGS_12105900
2014,1,18,1569.70224285668,Delta_Storage+USGS_12105900
2014,1,19,1400.09692447093,Delta_Storage+USGS_12105900
2014,1,20,1193.06707109107,Delta_Storage+USGS_12105900
2014,1,21,937.995802111441,Delta_Storage+USGS_12105900
2014,1,22,932.635319315767,Delta_Storage+USGS_12105900
2014,1,23,857.364680684233,Delta_Storage+USGS_12105900
2014,1,24,785.72936136846,Delta_Storage+USGS_12105900
2014,1,25,759.752871881632,Delta_Storage+USGS_12105900
2014,1,26,736.682340342116,Delta_Storage+USGS_12105900
2014,1,27,698.294149144712,Delta_Storage+USGS_12105900
2014,1,28,640.27063863154,Delta_Storage+USGS_12105900
2014,1,29,894.094042052693,Delta_Storage+USGS_12105900
2014,1,30,1295.17442757434,Delta_Storage+USGS_12105900
2014,1,31,1081.42675231627,Delta_Storage+USGS_12105900
2014,2,1,1047.08523683894,Delta_Storage+USGS_12105900
2014,2,2,953.52423111774,Delta_Storage+USGS_12105900
2014,2,3,862.677155885184,Delta_Storage+USGS_12105900
2014,2,4,719.878972204826,Delta_Storage+USGS_12105900
2014,2,5,626.750990812612,Delta_Storage+USGS_12105900
2014,2,6,521.952978973656,Delta_Storage+USGS_12105900
2014,2,7,649.862911004394,Delta_Storage+USGS_12105900
2014,2,8,661.133761581326,Delta_Storage+USGS_12105900
2014,2,9,603,Delta_Storage+USGS_12105900
2014,2,10,648.859871525605,Delta_Storage+USGS_12105900
2014,2,11,673.152862260534,Delta_Storage+USGS_12105900
2014,2,12,1181.41401853013,Delta_Storage+USGS_12105900
2014,2,13,1803.84070833946,Delta_Storage+USGS_12105900
2014,2,14,1773.29942013494,Delta_Storage+USGS_12105900
2014,2,15,1472.60102021583,Delta_Storage+USGS_12105900
2014,2,16,1617.39897978417,Delta_Storage+USGS_12105900
2014,2,17,1729.2248109828,Delta_Storage+USGS_12105900
2014,2,18,1853.62232675665,Delta_Storage+USGS_12105900
2014,2,19,2003.85344212561,Delta_Storage+USGS_12105900
2014,2,20,1491.88540160481,Delta_Storage+USGS_12105900
2014,2,21,1324.27389005573,Delta_Storage+USGS_12105900
2014,2,22,1360.83185486706,Delta_Storage+USGS_12105900
2014,2,23,1157.85909703535,Delta_Storage+USGS_12105900
2014,2,24,1067.50405005112,Delta_Storage+USGS_12105900
2014,2,25,1076.75607507666,Delta_Storage+USGS_12105900
2014,2,26,967.18180265374,Delta_Storage+USGS_12105900
2014,2,27,923.173421784345,Delta_Storage+USGS_12105900
2014,2,28,790.549139155115,Delta_Storage+USGS_12105900
2014,3,1,859.556646489212,Delta_Storage+USGS_12105900
2014,3,2,848.374430505986,Delta_Storage+USGS_12105900
2014,3,3,1229.60700938251,Delta_Storage+USGS_12105900
2014,3,4,2761.20687661648,Delta_Storage+USGS_12105900
2014,3,5,4668.00214968185,Delta_Storage+USGS_12105900
2014,3,6,6229.32708736461,Delta_Storage+USGS_12105900
2014,3,7,4863.19371669057,Delta_Storage+USGS_12105900
2014,3,8,4451.07479713547,Delta_Storage+USGS_12105900
2014,3,9,6315.92738642496,Delta_Storage+USGS_12105900
2014,3,10,8226.88899006609,Delta_Storage+USGS_12105900
2014,3,11,4950,Delta_Storage+USGS_12105900
2014,3,12,3317.80496138836,Delta_Storage+USGS_12105900
2014,3,13,2153.17942790758,Delta_Storage+USGS_12105900
2014,3,14,2548.97866705392,Delta_Storage+USGS_12105900
2014,3,15,2972.50901223971,Delta_Storage+USGS_12105900
2014,3,16,2867.41620576864,Delta_Storage+USGS_12105900
2014,3,17,3263.76365785096,Delta_Storage+USGS_12105900
2014,3,18,2685.81444037646,Delta_Storage+USGS_12105900
2014,3,19,2213.23024465357,Delta_Storage+USGS_12105900
2014,3,20,2177.10653823783,Delta_Storage+USGS_12105900
2014,3,21,1793.12091120664,Delta_Storage+USGS_12105900
2014,3,22,1668.10065982891,Delta_Storage+USGS_12105900
2014,3,23,1500.53774743591,Delta_Storage+USGS_12105900
2014,3,24,1216.48741752134,Delta_Storage+USGS_12105900
2014,3,25,1147.02516495725,Delta_Storage+USGS_12105900
2014,3,26,1204.05032991449,Delta_Storage+USGS_12105900
2014,3,27,1194.05032991442,Delta_Storage+USGS_12105900
2014,3,28,1474.58807735032,Delta_Storage+USGS_12105900
2014,3,29,1680.57936678413,Delta_Storage+USGS_12105900
2014,3,30,1742.07013206911,Delta_Storage+USGS_12105900
2014,3,31,1592.5438325432,Delta_Storage+USGS_12105900
2014,4,1,1369.52629952591,Delta_Storage+USGS_12105900
2014,4,2,1216.0350660346,Delta_Storage+USGS_12105900
2014,4,3,1168.05259905181,Delta_Storage+USGS_12105900
2014,4,4,1196.0525990519,Delta_Storage+USGS_12105900
2014,4,5,1225.39164021986,Delta_Storage+USGS_12105900
2014,4,6,1985.25712800133,Delta_Storage+USGS_12105900
2014,4,7,2826.79402220118,Delta_Storage+USGS_12105900
2014,4,8,2593.771271554,Delta_Storage+USGS_12105900
2014,4,9,2664.56092476665,Delta_Storage+USGS_12105900
2014,4,10,2429.31362200404,Delta_Storage+USGS_12105900
2014,4,11,1771.78761568156,Delta_Storage+USGS_12105900
2014,4,12,1597.23451960203,Delta_Storage+USGS_12105900
2014,4,13,1516.3407117613,Delta_Storage+USGS_12105900
2014,4,14,1184.55309607953,Delta_Storage+USGS_12105900
2014,4,15,1176.3407117612,Delta_Storage+USGS_12105900
2014,4,16,1287.23451960203,Delta_Storage+USGS_12105900
2014,4,17,2069.91594312453,Delta_Storage+USGS_12105900
2014,4,18,2675.65682605809,Delta_Storage+USGS_12105900
2014,4,19,2287.59022020357,Delta_Storage+USGS_12105900
2014,4,20,1920,Delta_Storage+USGS_12105900
2014,4,21,1418.27318653099,Delta_Storage+USGS_12105900
2014,4,22,1465.86340673456,Delta_Storage+USGS_12105900
2014,4,23,1715.5219235708,Delta_Storage+USGS_12105900
2014,4,24,2417.24873704002,Delta_Storage+USGS_12105900
2014,4,25,2867.82143555703,Delta_Storage+USGS_12105900
2014,4,26,2493.66111471481,Delta_Storage+USGS_12105900
2014,4,27,1990.36611147155,Delta_Storage+USGS_12105900
2014,4,28,1680.36611147144,Delta_Storage+USGS_12105900
2014,4,29,1661.46444588597,Delta_Storage+USGS_12105900
2014,4,30,1581.09833441442,Delta_Storage+USGS_12105900
2014,5,1,1600.73222294298,Delta_Storage+USGS_12105900
2014,5,2,2116.94329467227,Delta_Storage+USGS_12105900
2014,5,3,2137.0770468553,Delta_Storage+USGS_12105900
2014,5,4,1846.34576994386,Delta_Storage+USGS_12105900
2014,5,5,1529.63388852856,Delta_Storage+USGS_12105900
2014,5,6,1862.78920096155,Delta_Storage+USGS_12105900
2014,5,7,1764.61476572312,Delta_Storage+USGS_12105900
2014,5,8,1601.69181257842,Delta_Storage+USGS_12105900
2014,5,9,1973.38362515697,Delta_Storage+USGS_12105900
2014,5,10,2209.22953144624,Delta_Storage+USGS_12105900
2014,5,11,2111.44946722215,Delta_Storage+USGS_12105900
2014,5,12,1679.87920040139,Delta_Storage+USGS_12105900
2014,5,13,1514.81880060233,Delta_Storage+USGS_12105900
2014,5,14,1579.7584008029,Delta_Storage+USGS_12105900
2014,5,15,1699.75840080302,Delta_Storage+USGS_12105900
2014,5,16,1769.7584008029,Delta_Storage+USGS_12105900
2014,5,17,1684.81880060233,Delta_Storage+USGS_12105900
2014,5,18,1410,Delta_Storage+USGS_12105900
2014,5,19,1194.93960020069,Delta_Storage+USGS_12105900
2014,5,20,1134.8188006022,Delta_Storage+USGS_12105900
2014,5,21,1122.75840080302,Delta_Storage+USGS_12105900
2014,5,22,1040.8188006022,Delta_Storage+USGS_12105900
2014,5,23,1140.14257611139,Delta_Storage+USGS_12105900
2014,5,24,1215.92907401343,Delta_Storage+USGS_12105900
2014,5,25,1101.35744440803,Delta_Storage+USGS_12105900
2014,5,26,1158.14325921067,Delta_Storage+USGS_12105900
2014,5,27,1191.14325921079,Delta_Storage+USGS_12105900
2014,5,28,1056.78581480263,Delta_Storage+USGS_12105900
2014,5,29,1020,Delta_Storage+USGS_12105900
2014,5,30,851.214185197369,Delta_Storage+USGS_12105900
2014,5,31,879.785814802631,Delta_Storage+USGS_12105900
2014,6,1,823,Delta_Storage+USGS_12105900
2014,6,2,879.785814802764,Delta_Storage+USGS_12105900
2014,6,3,763.214185197236,Delta_Storage+USGS_12105900
2014,6,4,795,Delta_Storage+USGS_12105900
2014,6,5,635.214185197369,Delta_Storage+USGS_12105900
2014,6,6,648.785814802631,Delta_Storage+USGS_12105900
2014,6,7,648.785814802764,Delta_Storage+USGS_12105900
2014,6,8,591,Delta_Storage+USGS_12105900
2014,6,9,582,Delta_Storage+USGS_12105900
2014,6,10,577,Delta_Storage+USGS_12105900
2014,6,11,517.214185197236,Delta_Storage+USGS_12105900
2014,6,12,429.428370394734,Delta_Storage+USGS_12105900
2014,6,13,556.785814802635,Delta_Storage+USGS_12105900
2014,6,14,547.785814802631,Delta_Storage+USGS_12105900
2014,6,15,491,Delta_Storage+USGS_12105900
2014,6,16,666.571629605399,Delta_Storage+USGS_12105900
2014,6,17,685.785814802764,Delta_Storage+USGS_12105900
2014,6,18,629,Delta_Storage+USGS_12105900
2014,6,19,610,Delta_Storage+USGS_12105900
2014,6,20,368.642555591838,Delta_Storage+USGS_12105900
2014,6,21,506,Delta_Storage+USGS_12105900
2014,6,22,496.214185197369,Delta_Storage+USGS_12105900
2014,6,23,453.428370394601,Delta_Storage+USGS_12105900
2014,6,24,386.64255559197,Delta_Storage+USGS_12105900
2014,6,25,441.428370394601,Delta_Storage+USGS_12105900
2014,6,26,383.64255559197,Delta_Storage+USGS_12105900
2014,6,27,451.428370394605,Delta_Storage+USGS_12105900
2014,6,28,416.64255559197,Delta_Storage+USGS_12105900
2014,6,29,585,Delta_Storage+USGS_12105900
2014,6,30,544,Delta_Storage+USGS_12105900
2014,7,1,481,Delta_Storage+USGS_12105900
2014,7,2,459,Delta_Storage+USGS_12105900
2014,7,3,382.214185197365,Delta_Storage+USGS_12105900
2014,7,4,420,Delta_Storage+USGS_12105900
2014,7,5,363.214185197237,Delta_Storage+USGS_12105900
2014,7,6,363.214185197365,Delta_Storage+USGS_12105900
2014,7,7,336.21418519724,Delta_Storage+USGS_12105900
2014,7,8,330.214868296767,Delta_Storage+USGS_12105900
2014,7,9,342.060399799307,Delta_Storage+USGS_12105900
2014,7,10,332.060399799182,Delta_Storage+USGS_12105900
2014,7,11,261.120799598489,Delta_Storage+USGS_12105900
2014,7,12,290.060399799307,Delta_Storage+USGS_12105900
2014,7,13,235.120799598489,Delta_Storage+USGS_12105900
2014,7,14,290.060399799307,Delta_Storage+USGS_12105900
2014,7,15,286.060399799182,Delta_Storage+USGS_12105900
2014,7,16,223.120799598614,Delta_Storage+USGS_12105900
2014,7,17,210.120799598486,Delta_Storage+USGS_12105900
2014,7,18,255.060399799182,Delta_Storage+USGS_12105900
2014,7,19,200.120799598614,Delta_Storage+USGS_12105900
2014,7,20,255.060399799182,Delta_Storage+USGS_12105900
2014,7,21,254.060399799307,Delta_Storage+USGS_12105900
2014,7,22,253.060399799182,Delta_Storage+USGS_12105900
2014,7,23,254.060399799307,Delta_Storage+USGS_12105900
2014,7,24,365.939600200693,Delta_Storage+USGS_12105900
2014,7,25,310,Delta_Storage+USGS_12105900
2014,7,26,303,Delta_Storage+USGS_12105900
2014,7,27,248.060399799307,Delta_Storage+USGS_12105900
2014,7,28,206.120799598489,Delta_Storage+USGS_12105900
2014,7,29,200.120799598489,Delta_Storage+USGS_12105900
2014,7,30,212.120799598614,Delta_Storage+USGS_12105900
2014,7,31,212.120799598489,Delta_Storage+USGS_12105900
2014,8,1,211.120799598489,Delta_Storage+USGS_12105900
2014,8,2,156.181199397793,Delta_Storage+USGS_12105900
2014,8,3,210.1215457579,Delta_Storage+USGS_12105900
2014,8,4,208.15409371073,Delta_Storage+USGS_12105900
2014,8,5,143.23114056615,Delta_Storage+USGS_12105900
2014,8,6,195.15409371073,Delta_Storage+USGS_12105900
2014,8,7,153.23114056615,Delta_Storage+USGS_12105900
2014,8,8,160.231140566153,Delta_Storage+USGS_12105900
2014,8,9,160.231140566153,Delta_Storage+USGS_12105900
2014,8,10,160.231140566029,Delta_Storage+USGS_12105900
2014,8,11,215.154093710851,Delta_Storage+USGS_12105900
2014,8,12,110.308187421452,Delta_Storage+USGS_12105900
2014,8,13,322,Delta_Storage+USGS_12105900
2014,8,14,284.077046855427,Delta_Storage+USGS_12105900
2014,8,15,189.231140566029,Delta_Storage+USGS_12105900
2014,8,16,242.154093710851,Delta_Storage+USGS_12105900
2014,8,17,188.231140566029,Delta_Storage+USGS_12105900
2014,8,18,133.979658472424,Delta_Storage+USGS_12105900
2014,8,19,179.90166558558,Delta_Storage+USGS_12105900
2014,8,20,179.901665585463,Delta_Storage+USGS_12105900
2014,8,21,129.535554114145,Delta_Storage+USGS_12105900
2014,8,22,184.90166558558,Delta_Storage+USGS_12105900
2014,8,23,142.535554114027,Delta_Storage+USGS_12105900
2014,8,24,142.535554114031,Delta_Storage+USGS_12105900
2014,8,25,141.535554114145,Delta_Storage+USGS_12105900
2014,8,26,144.535554114027,Delta_Storage+USGS_12105900
2014,8,27,152.970862949356,Delta_Storage+USGS_12105900
2014,8,28,159.27318653088,Delta_Storage+USGS_12105900
2014,8,29,148.27318653088,Delta_Storage+USGS_12105900
2014,8,30,138.27318653099,Delta_Storage+USGS_12105900
2014,8,31,329,Delta_Storage+USGS_12105900
2014,9,1,184.204889898218,Delta_Storage+USGS_12105900
2014,9,2,184.204889898105,Delta_Storage+USGS_12105900
2014,9,3,232.13659326555,Delta_Storage+USGS_12105900
2014,9,4,294.068296632665,Delta_Storage+USGS_12105900
2014,9,5,194.204889898215,Delta_Storage+USGS_12105900
2014,9,6,170.204889898217,Delta_Storage+USGS_12105900
2014,9,7,218.13659326544,Delta_Storage+USGS_12105900
2014,9,8,127.273186530882,Delta_Storage+USGS_12105900
2014,9,9,187.175408167739,Delta_Storage+USGS_12105900
2014,9,10,157.212384318436,Delta_Storage+USGS_12105900
2014,9,11,172.212384318335,Delta_Storage+USGS_12105900
2014,9,12,126.765480397969,Delta_Storage+USGS_12105900
2014,9,13,126.765480397969,Delta_Storage+USGS_12105900
2014,9,14,171.212384318335,Delta_Storage+USGS_12105900
2014,9,15,124.765480397969,Delta_Storage+USGS_12105900
2014,9,16,123.765480397969,Delta_Storage+USGS_12105900
2014,9,17,133.273513107991,Delta_Storage+USGS_12105900
2014,9,18,146.649422020894,Delta_Storage+USGS_12105900
2014,9,19,184.649422020892,Delta_Storage+USGS_12105900
2014,9,20,173.57930642511,Delta_Storage+USGS_12105900
2014,9,21,127.509190829231,Delta_Storage+USGS_12105900
2014,9,22,131.509190829231,Delta_Storage+USGS_12105900
2014,9,23,182.605078397273,Delta_Storage+USGS_12105900
2014,9,24,284.952947293523,Delta_Storage+USGS_12105900
2014,9,25,155.789924705057,Delta_Storage+USGS_12105900
2014,9,26,224.231939764063,Delta_Storage+USGS_12105900
2014,9,27,216.573293745547,Delta_Storage+USGS_12105900
2014,9,28,226.421101422198,Delta_Storage+USGS_12105900
2014,9,29,114.403568404985,Delta_Storage+USGS_12105900
2014,9,30,211.929867930889,Delta_Storage+USGS_12105900
2014,10,1,257.908050737287,Delta_Storage+USGS_12105900
2014,10,2,197.874175213846,Delta_Storage+USGS_12105900
2014,10,3,205.386757692432,Delta_Storage+USGS_12105900
2014,10,4,164.87520716592,Delta_Storage+USGS_12105900
2014,10,5,191.539510692854,Delta_Storage+USGS_12105900
2014,10,6,157.893461762167,Delta_Storage+USGS_12105900
2014,10,7,180.893461762097,Delta_Storage+USGS_12105900
2014,10,8,182.882591825454,Delta_Storage+USGS_12105900
2014,10,9,211.58379423136,Delta_Storage+USGS_12105900
2014,10,10,142.329932937594,Delta_Storage+USGS_12105900
2014,10,11,151.905903876806,Delta_Storage+USGS_12105900
2014,10,12,324.884570930668,Delta_Storage+USGS_12105900
2014,10,13,254.214417903337,Delta_Storage+USGS_12105900
2014,10,14,375.28141871574,Delta_Storage+USGS_12105900
2014,10,15,234.613112315247,Delta_Storage+USGS_12105900
2014,10,16,289.93574898738,Delta_Storage+USGS_12105900
2014,10,17,326.93574898738,Delta_Storage+USGS_12105900
2014,10,18,481.889810296731,Delta_Storage+USGS_12105900
2014,10,19,543.365689726339,Delta_Storage+USGS_12105900
2014,10,20,486.731379452636,Delta_Storage+USGS_12105900
2014,10,21,394.801701676078,Delta_Storage+USGS_12105900
2014,10,22,553.140162291625,Delta_Storage+USGS_12105900
2014,10,23,1156.4429918854,Delta_Storage+USGS_12105900
2014,10,24,1709.53086205213,Delta_Storage+USGS_12105900
2014,10,25,1264.69717040618,Delta_Storage+USGS_12105900
2014,10,26,1045.22522650233,Delta_Storage+USGS_12105900
2014,10,27,1585.93369637607,Delta_Storage+USGS_12105900
2014,10,28,1529.97414828886,Delta_Storage+USGS_12105900
2014,10,29,1401.72090089793,Delta_Storage+USGS_12105900
2014,10,30,1329.03100018778,Delta_Storage+USGS_12105900
2014,10,31,855.906171011425,Delta_Storage+USGS_12105900
2014,11,1,1072.62115558867,Delta_Storage+USGS_12105900
2014,11,2,977.766542295078,Delta_Storage+USGS_12105900
2014,11,3,1117.57269335319,Delta_Storage+USGS_12105900
2014,11,4,1824.56383988081,Delta_Storage+USGS_12105900
2014,11,5,2841.71988481913,Delta_Storage+USGS_12105900
2014,11,6,1960.90172168979,Delta_Storage+USGS_12105900
2014,11,7,1528.4927587301,Delta_Storage+USGS_12105900
2014,11,8,1498.74797497445,Delta_Storage+USGS_12105900
2014,11,9,1282.56496643332,Delta_Storage+USGS_12105900
2014,11,10,1985.97703773759,Delta_Storage+USGS_12105900
2014,11,11,1728.95394577797,Delta_Storage+USGS_12105900
2014,11,12,1161.56477214058,Delta_Storage+USGS_12105900
2014,11,13,852.807494200914,Delta_Storage+USGS_12105900
2014,11,14,841.823403421153,Delta_Storage+USGS_12105900
2014,11,15,844.528331531537,Delta_Storage+USGS_12105900
2014,11,16,756.859871525605,Delta_Storage+USGS_12105900
2014,11,17,720.611796942859,Delta_Storage+USGS_12105900
2014,11,18,585.81191589462,Delta_Storage+USGS_12105900
2014,11,19,541.341170171056,Delta_Storage+USGS_12105900
2014,11,20,532.705850855288,Delta_Storage+USGS_12105900
2014,11,21,513,Delta_Storage+USGS_12105900
2014,11,22,1083.74134333284,Delta_Storage+USGS_12105900
2014,11,23,1679.32152870345,Delta_Storage+USGS_12105900
2014,11,24,2685.44641152327,Delta_Storage+USGS_12105900
2014,11,25,4459.92485652584,Delta_Storage+USGS_12105900
2014,11,26,6178.22031177369,Data_Ranger
2014,11,27,5062.09218715463,Data_Ranger
2014,11,28,2363.85417914214,Delta_Storage+USGS_12105900
2014,11,29,1394.52843720528,Delta_Storage+USGS_12105900
2014,11,30,1815.73247683735,Delta_Storage+USGS_12105900
2014,12,1,1423.98190991552,Delta_Storage+USGS_12105900
2014,12,2,1436.01809008448,Delta_Storage+USGS_12105900
2014,12,3,1225.7197430512,Delta_Storage+USGS_12105900
2014,12,4,1084.01503874595,Delta_Storage+USGS_12105900
2014,12,5,938.223617605191,Delta_Storage+USGS_12105900
2014,12,6,904.094042052693,Delta_Storage+USGS_12105900
2014,12,7,1046.08132012629,Delta_Storage+USGS_12105900
2014,12,8,1074.27389005572,Delta_Storage+USGS_12105900
2014,12,9,980.012733786139,Delta_Storage+USGS_12105900
2014,12,10,1082.8598715256,Delta_Storage+USGS_12105900
2014,12,11,1084.29299073494,Delta_Storage+USGS_12105900
2014,12,12,945.00636689307,Delta_Storage+USGS_12105900
2014,12,13,1015.12102779519,Delta_Storage+USGS_12105900
2014,12,14,1028.4156190148,Delta_Storage+USGS_12105900
2014,12,15,1020.80615105813,Delta_Storage+USGS_12105900
2014,12,16,917.863466766006,Delta_Storage+USGS_12105900
2014,12,17,735.360616156541,Delta_Storage+USGS_12105900
2014,12,18,749.564775916515,Delta_Storage+USGS_12105900
2014,12,19,747.952978973651,Delta_Storage+USGS_12105900
2014,12,20,897.658829828944,Delta_Storage+USGS_12105900
2014,12,21,3675.23596396959,Data_Ranger
2014,12,22,3126.50074469021,Data_Ranger
2014,12,23,2639.82495042399,Data_Ranger
2014,12,24,3512.36635290377,Data_Ranger
2014,12,25,2496.99854695026,Data_Ranger
2014,12,26,2310.51023256273,Delta_Storage+USGS_12105900
2014,12,27,1699.87126562639,Delta_Storage+USGS_12105900
2014,12,28,2078.71217406327,Delta_Storage+USGS_12105900
2014,12,29,1410.61942245301,Delta_Storage+USGS_12105900
2014,12,30,1312.6459735601,Data_Ranger
2014,12,31,1195.99637934078,Data_Ranger
2015,1,1,1200.52600431904,Delta_Storage+USGS_12105900
2015,1,2,1111.94556490859,Delta_Storage+USGS_12105900
2015,1,3,1034.2087519993,Delta_Storage+USGS_12105900
2015,1,4,953.300243722671,Delta_Storage+USGS_12105900
2015,1,5,5248.74199598986,Delta_Storage+USGS_12105900
2015,1,6,13897.5723018782,Delta_Storage+USGS_12105900
2015,1,7,4898.87630031989,Delta_Storage+USGS_12105900
2015,1,8,2440.20230881294,Delta_Storage+USGS_12105900
2015,1,9,1771.29028576115,Delta_Storage+USGS_12105900
2015,1,10,1870.81996010134,Delta_Storage+USGS_12105900
2015,1,11,1354.14798836175,Delta_Storage+USGS_12105900
2015,1,12,1421.27113006577,Delta_Storage+USGS_12105900
2015,1,13,1286.27058554389,Delta_Storage+USGS_12105900
2015,1,14,967.700748384438,Delta_Storage+USGS_12105900
2015,1,15,808.845238511216,Delta_Storage+USGS_12105900
2015,1,16,956.433119209337,Delta_Storage+USGS_12105900
2015,1,17,959.178677733521,Delta_Storage+USGS_12105900
2015,1,18,2351.7203218955,Delta_Storage+USGS_12105900
2015,1,19,2692.42246816258,Delta_Storage+USGS_12105900
2015,1,20,2700.50463785113,Delta_Storage+USGS_12105900
2015,1,21,2278.29306656247,Delta_Storage+USGS_12105900
2015,1,22,1446.07823895651,Delta_Storage+USGS_12105900
2015,1,23,1227.0828457871,Delta_Storage+USGS_12105900
2015,1,24,2494.36671765467,Delta_Storage+USGS_12105900
2015,1,25,3282.92305844663,Delta_Storage+USGS_12105900
2015,1,26,2570.45086084491,Delta_Storage+USGS_12105900
2015,1,27,1913.50411824678,Delta_Storage+USGS_12105900
2015,1,28,1517.20548361007,Delta_Storage+USGS_12105900
2015,1,29,1328.68352277827,Delta_Storage+USGS_12105900
2015,1,30,1231.42675231625,Delta_Storage+USGS_12105900
2015,1,31,1184.27389005573,Delta_Storage+USGS_12105900
2015,2,1,1094.28662384186,Delta_Storage+USGS_12105900
2015,2,2,1165.71974305121,Delta_Storage+USGS_12105900
2015,2,3,946.375309596218,Delta_Storage+USGS_12105900
2015,2,4,958.27063863154,Delta_Storage+USGS_12105900
2015,2,5,1112.97648948683,Delta_Storage+USGS_12105900
2015,2,6,1359.36468068423,Delta_Storage+USGS_12105900
2015,2,7,1621.46510148973,Delta_Storage+USGS_12105900
2015,2,8,2206.48763024398,Delta_Storage+USGS_12105900
2015,2,9,2249.90307552907,Delta_Storage+USGS_12105900
2015,2,10,2439.30356970587,Delta_Storage+USGS_12105900
2015,2,11,2446.8876440577,Delta_Storage+USGS_12105900
2015,2,12,2089.36468068423,Delta_Storage+USGS_12105900
2015,2,13,1720.90690441169,Delta_Storage+USGS_12105900
2015,2,14,1514.28025694879,Delta_Storage+USGS_12105900
2015,2,15,1242.86623841867,Delta_Storage+USGS_12105900
2015,2,16,1147.14012847441,Delta_Storage+USGS_12105900
2015,2,17,1050.12413140433,Delta_Storage+USGS_12105900
2015,2,18,892.129575552498,Delta_Storage+USGS_12105900
2015,2,19,818.047021026349,Delta_Storage+USGS_12105900
2015,2,20,899.966795179478,Delta_Storage+USGS_12105900
2015,2,21,1032.29208779545,Delta_Storage+USGS_12105900
2015,2,22,975.649628468556,Delta_Storage+USGS_12105900
2015,2,23,849.271700094553,Delta_Storage+USGS_12105900
2015,2,24,813.456448266972,Delta_Storage+USGS_12105900
2015,2,25,821.943319608692,Delta_Storage+USGS_12105900
2015,2,26,804.351925849349,Delta_Storage+USGS_12105900
2015,2,27,795.104163215449,Delta_Storage+USGS_12105900
2015,2,28,810.048645038427,Delta_Storage+USGS_12105900
2015,3,1,812.287202817825,Delta_Storage+USGS_12105900
2015,3,2,743.610886175755,Delta_Storage+USGS_12105900
2015,3,3,734.540469232905,Delta_Storage+USGS_12105900
2015,3,4,697.20188639584,Delta_Storage+USGS_12105900
2015,3,5,667.315902625032,Delta_Storage+USGS_12105900
2015,3,6,624.645054707637,Delta_Storage+USGS_12105900
2015,3,7,584.634310273661,Delta_Storage+USGS_12105900
2015,3,8,586.634310273703,Delta_Storage+USGS_12105900
2015,3,9,536.81715513683,Delta_Storage+USGS_12105900
2015,3,10,524.544770091234,Delta_Storage+USGS_12105900
2015,3,11,520.544770091193,Delta_Storage+USGS_12105900
2015,3,12,502.272385045638,Delta_Storage+USGS_12105900
2015,3,13,475,Delta_Storage+USGS_12105900
2015,3,14,503.544770091234,Delta_Storage+USGS_12105900
2015,3,15,982.05971903094,Delta_Storage+USGS_12105900
2015,3,16,1555.5713734385,Delta_Storage+USGS_12105900
2015,3,17,1640.22278357251,Delta_Storage+USGS_12105900
2015,3,18,1403.30367040817,Delta_Storage+USGS_12105900
2015,3,19,1147.21307647574,Delta_Storage+USGS_12105900
2015,3,20,884.289302652346,Delta_Storage+USGS_12105900
2015,3,21,1058.73906709372,Delta_Storage+USGS_12105900
2015,3,22,931.680026613036,Delta_Storage+USGS_12105900
2015,3,23,845.105198103707,Delta_Storage+USGS_12105900
2015,3,24,824.105198103625,Delta_Storage+USGS_12105900
2015,3,25,930.182779818507,Delta_Storage+USGS_12105900
2015,3,26,1573.18821082582,Delta_Storage+USGS_12105900
2015,3,27,1751.33389697622,Delta_Storage+USGS_12105900
2015,3,28,1631.1574120018,Delta_Storage+USGS_12105900
2015,3,29,1430.90675792605,Delta_Storage+USGS_12105900
2015,3,30,1333.90725387626,Delta_Storage+USGS_12105900
2015,3,31,1189.18044040725,Delta_Storage+USGS_12105900
2015,4,1,1054.12206199132,Delta_Storage+USGS_12105900
2015,4,2,1015.92889177182,Delta_Storage+USGS_12105900
2015,4,3,894.196668828843,Delta_Storage+USGS_12105900
2015,4,4,913.562780300389,Delta_Storage+USGS_12105900
2015,4,5,811.830557357408,Delta_Storage+USGS_12105900
2015,4,6,760.464445885969,Delta_Storage+USGS_12105900
2015,4,7,696.211071729289,Delta_Storage+USGS_12105900
2015,4,8,701.691812578423,Delta_Storage+USGS_12105900
2015,4,9,659.768859433971,Delta_Storage+USGS_12105900
2015,4,10,671.768859433847,Delta_Storage+USGS_12105900
2015,4,11,618.845906289274,Delta_Storage+USGS_12105900
2015,4,12,670.768859433847,Delta_Storage+USGS_12105900
2015,4,13,588.845906289274,Delta_Storage+USGS_12105900
2015,4,14,568.845906289149,Delta_Storage+USGS_12105900
2015,4,15,660.691812578544,Delta_Storage+USGS_12105900
2015,4,16,666.691812578548,Delta_Storage+USGS_12105900
2015,4,17,644.768859433847,Delta_Storage+USGS_12105900
2015,4,18,659.768859433847,Delta_Storage+USGS_12105900
2015,4,19,622.8784542421,Delta_Storage+USGS_12105900
2015,4,20,622.879200401511,Delta_Storage+USGS_12105900
2015,4,21,620.87920040139,Delta_Storage+USGS_12105900
2015,4,22,543.939600200818,Delta_Storage+USGS_12105900
2015,4,23,613.879200401511,Delta_Storage+USGS_12105900
2015,4,24,559.939600200693,Delta_Storage+USGS_12105900
2015,4,25,600.879200401511,Delta_Storage+USGS_12105900
2015,4,26,654.818800602204,Delta_Storage+USGS_12105900
2015,4,27,544.939600200693,Delta_Storage+USGS_12105900
2015,4,28,519.939600200818,Delta_Storage+USGS_12105900
2015,4,29,555.879200401511,Delta_Storage+USGS_12105900
2015,4,30,509.939600200693,Delta_Storage+USGS_12105900
2015,5,1,495.939600200693,Delta_Storage+USGS_12105900
2015,5,2,464.939600200818,Delta_Storage+USGS_12105900
2015,5,3,464.939600200697,Delta_Storage+USGS_12105900
2015,5,4,465.939600200818,Delta_Storage+USGS_12105900
2015,5,5,465.939600200693,Delta_Storage+USGS_12105900
2015,5,6,519.879200401511,Delta_Storage+USGS_12105900
2015,5,7,403,Delta_Storage+USGS_12105900
2015,5,8,432.939600200693,Delta_Storage+USGS_12105900
2015,5,9,363,Delta_Storage+USGS_12105900
2015,5,10,417.939600200818,Delta_Storage+USGS_12105900
2015,5,11,363,Delta_Storage+USGS_12105900
2015,5,12,359,Delta_Storage+USGS_12105900
2015,5,13,412.939600200693,Delta_Storage+USGS_12105900
2015,5,14,467.879200401511,Delta_Storage+USGS_12105900
2015,5,15,413.939600200693,Delta_Storage+USGS_12105900
2015,5,16,357,Delta_Storage+USGS_12105900
2015,5,17,411.939600200818,Delta_Storage+USGS_12105900
2015,5,18,357,Delta_Storage+USGS_12105900
2015,5,19,357,Delta_Storage+USGS_12105900
2015,5,20,345,Delta_Storage+USGS_12105900
2015,5,21,331,Delta_Storage+USGS_12105900
2015,5,22,360.939600200693,Delta_Storage+USGS_12105900
2015,5,23,283,Delta_Storage+USGS_12105900
2015,5,24,339.785131703233,Delta_Storage+USGS_12105900
2015,5,25,339.78581480276,Delta_Storage+USGS_12105900
2015,5,26,283,Delta_Storage+USGS_12105900
2015,5,27,283,Delta_Storage+USGS_12105900
2015,5,28,283,Delta_Storage+USGS_12105900
2015,5,29,277,Delta_Storage+USGS_12105900
2015,5,30,263,Delta_Storage+USGS_12105900
2015,5,31,262,Delta_Storage+USGS_12105900
2015,6,1,263,Delta_Storage+USGS_12105900
2015,6,2,263,Delta_Storage+USGS_12105900
2015,6,3,318.785814802635,Delta_Storage+USGS_12105900
2015,6,4,262,Delta_Storage+USGS_12105900
2015,6,5,255,Delta_Storage+USGS_12105900
2015,6,6,247,Delta_Storage+USGS_12105900
2015,6,7,247,Delta_Storage+USGS_12105900
2015,6,8,184.214185197365,Delta_Storage+USGS_12105900
2015,6,9,229,Delta_Storage+USGS_12105900
2015,6,10,220,Delta_Storage+USGS_12105900
2015,6,11,211,Delta_Storage+USGS_12105900
2015,6,12,145.21418519724,Delta_Storage+USGS_12105900
2015,6,13,199,Delta_Storage+USGS_12105900
2015,6,14,199,Delta_Storage+USGS_12105900
2015,6,15,199,Delta_Storage+USGS_12105900
2015,6,16,199,Delta_Storage+USGS_12105900
2015,6,17,147.214868296767,Delta_Storage+USGS_12105900
2015,6,18,211,Delta_Storage+USGS_12105900
2015,6,19,159.060399799307,Delta_Storage+USGS_12105900
2015,6,20,219,Delta_Storage+USGS_12105900
2015,6,21,164.060399799182,Delta_Storage+USGS_12105900
2015,6,22,167.060399799307,Delta_Storage+USGS_12105900
2015,6,23,174.060399799182,Delta_Storage+USGS_12105900
2015,6,24,174.060399799307,Delta_Storage+USGS_12105900
2015,6,25,119.120799598489,Delta_Storage+USGS_12105900
2015,6,26,186.060399799307,Delta_Storage+USGS_12105900
2015,6,27,201.060399799182,Delta_Storage+USGS_12105900
2015,6,28,146.120799598614,Delta_Storage+USGS_12105900
2015,6,29,134.120799598486,Delta_Storage+USGS_12105900
2015,6,30,104.120799598489,Delta_Storage+USGS_12105900
2015,7,1,154.060399799307,Delta_Storage+USGS_12105900
2015,7,2,159.060399799182,Delta_Storage+USGS_12105900
2015,7,3,163.060399799307,Delta_Storage+USGS_12105900
2015,7,4,109.120799598489,Delta_Storage+USGS_12105900
2015,7,5,108.120799598489,Delta_Storage+USGS_12105900
2015,7,6,170.060399799307,Delta_Storage+USGS_12105900
2015,7,7,119.120799598489,Delta_Storage+USGS_12105900
2015,7,8,118.120799598489,Delta_Storage+USGS_12105900
2015,7,9,110.120799598489,Delta_Storage+USGS_12105900
2015,7,10,105.12079959861,Delta_Storage+USGS_12105900
2015,7,11,159.060399799182,Delta_Storage+USGS_12105900
2015,7,12,104.120799598489,Delta_Storage+USGS_12105900
2015,7,13,156.061145958717,Delta_Storage+USGS_12105900
2015,7,14,99.1540937107299,Delta_Storage+USGS_12105900
2015,7,15,149.077046855424,Delta_Storage+USGS_12105900
2015,7,16,106.154093710726,Delta_Storage+USGS_12105900
2015,7,17,112.15409371073,Delta_Storage+USGS_12105900
2015,7,18,112.154093710726,Delta_Storage+USGS_12105900
2015,7,19,112.154093710851,Delta_Storage+USGS_12105900
2015,7,20,106.154093710726,Delta_Storage+USGS_12105900
2015,7,21,117.399110684677,Data_Ranger
2015,7,22,117.074572045981,Data_Ranger
2015,7,23,116.808735927868,Data_Ranger
2015,7,24,116.689135403685,Data_Ranger
2015,7,25,127.411997884334,Data_Ranger
2015,7,26,143.077046855303,Delta_Storage+USGS_12105900
2015,7,27,138.077046855424,Delta_Storage+USGS_12105900
2015,7,28,78.1540937107262,Delta_Storage+USGS_12105900
2015,7,29,141.077046855427,Delta_Storage+USGS_12105900
2015,7,30,151.077046855303,Delta_Storage+USGS_12105900
2015,7,31,129.247991840343,Data_Ranger
2015,8,1,122.515696045577,Data_Ranger
2015,8,2,115.96473463718,Data_Ranger
2015,8,3,120.798171275435,Data_Ranger
2015,8,4,111.083295117167,Data_Ranger
2015,8,5,110.317494617302,Data_Ranger
2015,8,6,96.2677770571293,Delta_Storage+USGS_12105900
2015,8,7,124.267777057016,Delta_Storage+USGS_12105900
2015,8,8,124.267777057012,Delta_Storage+USGS_12105900
2015,8,9,72.9016655855802,Delta_Storage+USGS_12105900
2015,8,10,130.267777057016,Delta_Storage+USGS_12105900
2015,8,11,82.9016655855802,Delta_Storage+USGS_12105900
2015,8,12,128.267777057012,Delta_Storage+USGS_12105900
2015,8,13,71.9016655855802,Delta_Storage+USGS_12105900
2015,8,14,57.9016655855802,Delta_Storage+USGS_12105900
2015,8,15,149.633888528451,Delta_Storage+USGS_12105900
2015,8,16,149.633888528565,Delta_Storage+USGS_12105900
2015,8,17,99.2677770570156,Delta_Storage+USGS_12105900
2015,8,18,99.2677770570119,Delta_Storage+USGS_12105900
2015,8,19,103.267777057016,Delta_Storage+USGS_12105900
2015,8,20,66.7713825250057,Delta_Storage+USGS_12105900
2015,8,21,117.13659326544,Delta_Storage+USGS_12105900
2015,8,22,116.13659326555,Delta_Storage+USGS_12105900
2015,8,23,68.2048898981047,Delta_Storage+USGS_12105900
2015,8,24,115.13659326555,Delta_Storage+USGS_12105900
2015,8,25,67.2048898981084,Delta_Storage+USGS_12105900
2015,8,26,70.2048898982148,Delta_Storage+USGS_12105900
2015,8,27,124.13659326544,Delta_Storage+USGS_12105900
2015,8,28,76.2048898982148,Delta_Storage+USGS_12105900
2015,8,29,76.2048898982148,Delta_Storage+USGS_12105900
2015,8,30,172.068296632775,Delta_Storage+USGS_12105900
2015,8,31,118.136593265442,Delta_Storage+USGS_12105900
2015,9,1,111.13659326544,Delta_Storage+USGS_12105900
2015,9,2,158.068296632775,Delta_Storage+USGS_12105900
2015,9,3,157.068296632667,Delta_Storage+USGS_12105900
2015,9,4,122.13659326544,Delta_Storage+USGS_12105900
2015,9,5,141.622312088206,Delta_Storage+USGS_12105900
2015,9,6,97.6592882386995,Delta_Storage+USGS_12105900
2015,9,7,143.106192159269,Delta_Storage+USGS_12105900
2015,9,8,146.106192159168,Delta_Storage+USGS_12105900
2015,9,9,104.659288238802,Delta_Storage+USGS_12105900
2015,9,10,104.659288238698,Delta_Storage+USGS_12105900
2015,9,11,108.659288238802,Delta_Storage+USGS_12105900
2015,9,12,114.659288238802,Delta_Storage+USGS_12105900
2015,9,13,114.659288238802,Delta_Storage+USGS_12105900
2015,9,14,69.2123843183352,Delta_Storage+USGS_12105900
2015,9,15,114.659288238802,Delta_Storage+USGS_12105900
2015,9,16,69.2123843183333,Delta_Storage+USGS_12105900
2015,9,17,121.413744299655,Delta_Storage+USGS_12105900
2015,9,18,143.789653212554,Delta_Storage+USGS_12105900
2015,9,19,76.6494220208943,Delta_Storage+USGS_12105900
2015,9,20,119.719537616675,Delta_Storage+USGS_12105900
2015,9,21,162.789653212556,Delta_Storage+USGS_12105900
2015,9,22,140.719537616772,Delta_Storage+USGS_12105900
2015,9,23,147.649422020894,Delta_Storage+USGS_12105900
2015,9,24,141.579306425011,Delta_Storage+USGS_12105900
2015,9,25,111.906862264528,Delta_Storage+USGS_12105900
2015,9,26,119.952947293613,Delta_Storage+USGS_12105900
2015,9,27,118.952947293521,Delta_Storage+USGS_12105900
2015,9,28,157.67395482298,Delta_Storage+USGS_12105900
2015,9,29,115.952947293613,Delta_Storage+USGS_12105900
2015,9,30,124.590826762846,Delta_Storage+USGS_12105900
2015,10,1,135.438634439497,Delta_Storage+USGS_12105900
2015,10,2,135.438634439497,Delta_Storage+USGS_12105900
2015,10,3,171.947400948188,Delta_Storage+USGS_12105900
2015,10,4,132.438634439497,Delta_Storage+USGS_12105900
2015,10,5,142.432081125798,Delta_Storage+USGS_12105900
2015,10,6,133.899340171092,Delta_Storage+USGS_12105900
2015,10,7,172.899340171092,Delta_Storage+USGS_12105900
2015,10,8,187.899340171092,Delta_Storage+USGS_12105900
2015,10,9,196.899340171015,Delta_Storage+USGS_12105900
2015,10,10,130.027960166344,Delta_Storage+USGS_12105900
2015,10,11,252.477657484983,Delta_Storage+USGS_12105900
2015,10,12,190.185559623611,Delta_Storage+USGS_12105900
2015,10,13,187.18646971498,Delta_Storage+USGS_12105900
2015,10,14,184.819828526145,Delta_Storage+USGS_12105900
2015,10,15,167.701811378783,Delta_Storage+USGS_12105900
2015,10,16,121.465777083937,Delta_Storage+USGS_12105900
2015,10,17,149.062328629223,Delta_Storage+USGS_12105900
2015,10,18,149.611046899898,Delta_Storage+USGS_12105900
2015,10,19,132.077655887924,Delta_Storage+USGS_12105900
2015,10,20,155.661655168346,Delta_Storage+USGS_12105900
2015,10,21,132.661655168294,Delta_Storage+USGS_12105900
2015,10,22,132.124103285111,Delta_Storage+USGS_12105900
2015,10,23,142.490836497198,Data_Ranger
2015,10,24,150.86950445361,Data_Ranger
2015,10,25,133.914224315806,Delta_Storage+USGS_12105900
2015,10,26,132.744276057534,Delta_Storage+USGS_12105900
2015,10,27,254.013073031216,Delta_Storage+USGS_12105900
2015,10,28,225.684097374968,Delta_Storage+USGS_12105900
2015,10,29,215.164540931379,Delta_Storage+USGS_12105900
2015,10,30,697.69177551794,Delta_Storage+USGS_12105900
2015,10,31,2936.15675658193,Delta_Storage+USGS_12105900
2015,11,1,7446.13995052533,Delta_Storage+USGS_12105900
2015,11,2,3555.65763388021,Delta_Storage+USGS_12105900
2015,11,3,1458.20241559446,Delta_Storage+USGS_12105900
2015,11,4,1132.91180352168,Delta_Storage+USGS_12105900
2015,11,5,873.140259072675,Delta_Storage+USGS_12105900
2015,11,6,1292.5339407936,Delta_Storage+USGS_12105900
2015,11,7,1236.33523958412,Delta_Storage+USGS_12105900
2015,11,8,1191.72829990545,Delta_Storage+USGS_12105900
2015,11,9,1115.16213046333,Delta_Storage+USGS_12105900
2015,11,10,1117.49594994888,Delta_Storage+USGS_12105900
2015,11,11,1059.0391215696,Delta_Storage+USGS_12105900
2015,11,12,1027.96039123695,Delta_Storage+USGS_12105900
2015,11,13,2951.33652056087,Delta_Storage+USGS_12105900
2015,11,14,6631.91165536283,Delta_Storage+USGS_12105900
2015,11,15,5317.09273070646,Delta_Storage+USGS_12105900
2015,11,16,2212.11330235793,Delta_Storage+USGS_12105900
2015,11,17,4980.05360885472,Delta_Storage+USGS_12105900
2015,11,18,15162.9288645656,Delta_Storage+USGS_12105900
2015,11,19,5750.53774743583,Delta_Storage+USGS_12105900
2015,11,20,2752.37555612427,Delta_Storage+USGS_12105900
2015,11,21,1992.66997995583,Delta_Storage+USGS_12105900
2015,11,22,1523.07667077104,Delta_Storage+USGS_12105900
2015,11,23,749.478491028432,Delta_Storage+USGS_12105900
2015,11,24,590.69793874413,Delta_Storage+USGS_12105900
2015,11,25,760.117465575336,Delta_Storage+USGS_12105900
2015,11,26,974.939850132526,Delta_Storage+USGS_12105900
2015,11,27,960.660764351734,Delta_Storage+USGS_12105900
2015,11,28,896.378844411331,Delta_Storage+USGS_12105900
2015,11,29,830.572693353205,Delta_Storage+USGS_12105900
2015,11,30,792.242311177337,Delta_Storage+USGS_12105900
2015,12,1,739.345665048261,Delta_Storage+USGS_12105900
2015,12,2,665.312091414151,Delta_Storage+USGS_12105900
2015,12,3,579.687984575944,Delta_Storage+USGS_12105900
2015,12,4,739.188084105385,Delta_Storage+USGS_12105900
2015,12,5,730.658829828944,Delta_Storage+USGS_12105900
2015,12,6,860.891853805994,Delta_Storage+USGS_12105900
2015,12,7,1851.4203854232,Delta_Storage+USGS_12105900
2015,12,8,7209.59618640635,Delta_Storage+USGS_12105900
2015,12,9,11813.6309374359,Delta_Storage+USGS_12105900
2015,12,10,12204.4933376598,Delta_Storage+USGS_12105900
2015,12,11,4513.04922723961,Delta_Storage+USGS_12105900
2015,12,12,2854.90160912377,Delta_Storage+USGS_12105900
2015,12,13,1769.16316055704,Delta_Storage+USGS_12105900
2015,12,14,1581.52738695347,Delta_Storage+USGS_12105900
2015,12,15,1674.60378967691,Delta_Storage+USGS_12105900
2015,12,16,1503.53962957145,Delta_Storage+USGS_12105900
2015,12,17,1059.23215235114,Delta_Storage+USGS_12105900
2015,12,18,1494.82309692213,Delta_Storage+USGS_12105900
2015,12,19,1767.60420972466,Delta_Storage+USGS_12105900
2015,12,20,1612.52423111774,Delta_Storage+USGS_12105900
2015,12,21,1607.66961782413,Delta_Storage+USGS_12105900
2015,12,22,1396.49493206839,Delta_Storage+USGS_12105900
2015,12,23,1285.71337615814,Delta_Storage+USGS_12105900
2015,12,24,1285.1705361848,Delta_Storage+USGS_12105900
2015,12,25,1264.46691540986,Delta_Storage+USGS_12105900
2015,12,26,1137.37884441133,Delta_Storage+USGS_12105900
2015,12,27,1045.14538670639,Delta_Storage+USGS_12105900
2015,12,28,997.766542295078,Delta_Storage+USGS_12105900
2015,12,29,845.912545838924,Delta_Storage+USGS_12105900
2015,12,30,802.71974305121,Delta_Storage+USGS_12105900
2015,12,31,746.426752316255,Delta_Storage+USGS_12105900
2016,1,1,727.183269970949,Delta_Storage+USGS_12105900
2016,1,2,725.281919940386,Delta_Storage+USGS_12105900
2016,1,3,706.854613293608,Delta_Storage+USGS_12105900
2016,1,4,777.427306646795,Delta_Storage+USGS_12105900
2016,1,5,744.339235648266,Delta_Storage+USGS_12105900
2016,1,6,690.779892918671,Delta_Storage+USGS_12105900
2016,1,7,519.608545518678,Delta_Storage+USGS_12105900
2016,1,8,522.837307476811,Delta_Storage+USGS_12105900
2016,1,9,583.133761581326,Delta_Storage+USGS_12105900
2016,1,10,593.847137739453,Delta_Storage+USGS_12105900
2016,1,11,635.99363310693,Delta_Storage+USGS_12105900
2016,1,12,609.71974305121,Delta_Storage+USGS_12105900
2016,1,13,809.853504632522,Delta_Storage+USGS_12105900
2016,1,14,841.859871525605,Delta_Storage+USGS_12105900
2016,1,15,833.859871525605,Delta_Storage+USGS_12105900
2016,1,16,844.866238418674,Delta_Storage+USGS_12105900
2016,1,17,1111.69427547892,Delta_Storage+USGS_12105900
2016,1,18,1182.99467926108,Delta_Storage+USGS_12105900
2016,1,19,1185.04846223546,Delta_Storage+USGS_12105900
2016,1,20,1109.10972076399,Delta_Storage+USGS_12105900
2016,1,21,2087.97835023454,Delta_Storage+USGS_12105900
2016,1,22,2980.00045092025,Delta_Storage+USGS_12105900
2016,1,23,2380.15028694832,Delta_Storage+USGS_12105900
2016,1,24,2260.82657821563,Delta_Storage+USGS_12105900
2016,1,25,2072.3018226604,Delta_Storage+USGS_12105900
2016,1,26,1607.31575870459,Delta_Storage+USGS_12105900
2016,1,27,1798.31439637397,Delta_Storage+USGS_12105900
2016,1,28,2928.95417294284,Delta_Storage+USGS_12105900
2016,1,29,4751.69820536803,Delta_Storage+USGS_12105900
2016,1,30,3428.996155889,Delta_Storage+USGS_12105900
2016,1,31,2215.47263202012,Delta_Storage+USGS_12105900
2016,2,1,1760.50070372702,Delta_Storage+USGS_12105900
2016,2,2,1652.84768064116,Delta_Storage+USGS_12105900
2016,2,3,1340.34981461919,Delta_Storage+USGS_12105900
2016,2,4,1244.30572452109,Delta_Storage+USGS_12105900
2016,2,5,1468.55414700451,Delta_Storage+USGS_12105900
2016,2,6,1654.65378062121,Delta_Storage+USGS_12105900
2016,2,7,2062.13653323399,Delta_Storage+USGS_12105900
2016,2,8,1416.84810906971,Delta_Storage+USGS_12105900
2016,2,9,1627.65882982894,Delta_Storage+USGS_12105900
2016,2,10,1726.3881911974,Delta_Storage+USGS_12105900
2016,2,11,1960.90690441169,Delta_Storage+USGS_12105900
2016,2,12,2431.4203854232,Delta_Storage+USGS_12105900
2016,2,13,2814.27389005572,Delta_Storage+USGS_12105900
2016,2,14,3345.31869454386,Delta_Storage+USGS_12105900
2016,2,15,8083.09657715641,Delta_Storage+USGS_12105900
2016,2,16,9068.2141621808,Delta_Storage+USGS_12105900
2016,2,17,7240.34628720794,Delta_Storage+USGS_12105900
2016,2,18,4725.7413287803,Delta_Storage+USGS_12105900
2016,2,19,3130.58263765019,Delta_Storage+USGS_12105900
2016,2,20,2588.87971061002,Delta_Storage+USGS_12105900
2016,2,21,1885.60667380655,Delta_Storage+USGS_12105900
2016,2,22,1543.6406803802,Delta_Storage+USGS_12105900
2016,2,23,1776.51309781626,Delta_Storage+USGS_12105900
2016,2,24,1587.18499546948,Delta_Storage+USGS_12105900
2016,2,25,1449.11112206091,Delta_Storage+USGS_12105900
2016,2,26,1373.75607507666,Delta_Storage+USGS_12105900
2016,2,27,1377.50897115342,Delta_Storage+USGS_12105900
2016,2,28,1589.11243525415,Delta_Storage+USGS_12105900
2016,2,29,2022.85576250168,Delta_Storage+USGS_12105900
2016,3,1,2029.88893884133,Delta_Storage+USGS_12105900
2016,3,2,2245.57099433447,Delta_Storage+USGS_12105900
2016,3,3,2403.1583061434,Delta_Storage+USGS_12105900
2016,3,4,2425.34203337026,Delta_Storage+USGS_12105900
2016,3,5,2161.78067779012,Delta_Storage+USGS_12105900
2016,3,6,2104.0492677641,Delta_Storage+USGS_12105900
2016,3,7,2170.5393928436,Delta_Storage+USGS_12105900
2016,3,8,1770.46233672311,Delta_Storage+USGS_12105900
2016,3,9,1714.8000669116,Delta_Storage+USGS_12105900
2016,3,10,1825.60750562965,Delta_Storage+USGS_12105900
2016,3,11,1642.35816072983,Delta_Storage+USGS_12105900
2016,3,12,1548.75308831207,Delta_Storage+USGS_12105900
2016,3,13,1494.8514008101,Delta_Storage+USGS_12105900
2016,3,14,1424.04283400841,Delta_Storage+USGS_12105900
2016,3,15,1319.6617315404,Delta_Storage+USGS_12105900
2016,3,16,1302.76799015277,Delta_Storage+USGS_12105900
2016,3,17,1248.525496327,Delta_Storage+USGS_12105900
2016,3,18,1177.95733410784,Delta_Storage+USGS_12105900
2016,3,19,1064.3889531001,Delta_Storage+USGS_12105900
2016,3,20,1029.44981777448,Delta_Storage+USGS_12105900
2016,3,21,1050.29818862122,Delta_Storage+USGS_12105900
2016,3,22,1254.534222916,Delta_Storage+USGS_12105900
2016,3,23,1279.7633567324,Delta_Storage+USGS_12105900
2016,3,24,1871.62888075285,Delta_Storage+USGS_12105900
2016,3,25,1878.39863609934,Delta_Storage+USGS_12105900
2016,3,26,1880.35891911509,Delta_Storage+USGS_12105900
2016,3,27,1725.66357222198,Delta_Storage+USGS_12105900
2016,3,28,1603.59689980143,Delta_Storage+USGS_12105900
2016,3,29,1442.5438325432,Delta_Storage+USGS_12105900
2016,3,30,1336.03506603451,Delta_Storage+USGS_12105900
2016,3,31,1336.0350660346,Delta_Storage+USGS_12105900
2016,4,1,1462.5438325432,Delta_Storage+USGS_12105900
2016,4,2,1615.5613655605,Delta_Storage+USGS_12105900
2016,4,3,1747.93547276306,Delta_Storage+USGS_12105900
2016,4,4,1996.9310828244,Delta_Storage+USGS_12105900
2016,4,5,1828.60503764747,Delta_Storage+USGS_12105900
2016,4,6,1549.16302258847,Delta_Storage+USGS_12105900
2016,4,7,1458.32604517702,Delta_Storage+USGS_12105900
2016,4,8,1860.60526839027,Delta_Storage+USGS_12105900
2016,4,9,2030.70115595821,Delta_Storage+USGS_12105900
2016,4,10,2126.84138714978,Delta_Storage+USGS_12105900
2016,4,11,1791.49080917077,Delta_Storage+USGS_12105900
2016,4,12,1407.03315962081,Delta_Storage+USGS_12105900
2016,4,13,1292.6814235224,Delta_Storage+USGS_12105900
2016,4,14,1206.6814235225,Delta_Storage+USGS_12105900
2016,4,15,1069.23451960203,Delta_Storage+USGS_12105900
2016,4,16,1037.6814235224,Delta_Storage+USGS_12105900
2016,4,17,948.787615681665,Delta_Storage+USGS_12105900
2016,4,18,960.234519602031,Delta_Storage+USGS_12105900
2016,4,19,1164.83131485003,Delta_Storage+USGS_12105900
2016,4,20,1439.90725387626,Delta_Storage+USGS_12105900
2016,4,21,1561.24502471352,Delta_Storage+USGS_12105900
2016,4,22,1678.59000648664,Delta_Storage+USGS_12105900
2016,4,23,1454.06291664581,Delta_Storage+USGS_12105900
2016,4,24,1373.22953144624,Delta_Storage+USGS_12105900
2016,4,25,1268.38362515697,Delta_Storage+USGS_12105900
2016,4,26,1092.61476572312,Delta_Storage+USGS_12105900
2016,4,27,893.768859433971,Delta_Storage+USGS_12105900
2016,4,28,764.768859433847,Delta_Storage+USGS_12105900
2016,4,29,779.707713475129,Delta_Storage+USGS_12105900
2016,4,30,765.758400803025,Delta_Storage+USGS_12105900
2016,5,1,766.758400803021,Delta_Storage+USGS_12105900
2016,5,2,735.758400802897,Delta_Storage+USGS_12105900
2016,5,3,740.698001003714,Delta_Storage+USGS_12105900
2016,5,4,850.577201405229,Delta_Storage+USGS_12105900
2016,5,5,962.516801605918,Delta_Storage+USGS_12105900
2016,5,6,876.235961710139,Delta_Storage+USGS_12105900
2016,5,7,823.143259210794,Delta_Storage+USGS_12105900
2016,5,8,767.35744440803,Delta_Storage+USGS_12105900
2016,5,9,824.143259210794,Delta_Storage+USGS_12105900
2016,5,10,709.57162960527,Delta_Storage+USGS_12105900
2016,5,11,627.78581480276,Delta_Storage+USGS_12105900
2016,5,12,576.785814802635,Delta_Storage+USGS_12105900
2016,5,13,617.571629605399,Delta_Storage+USGS_12105900
2016,5,14,529.785814802631,Delta_Storage+USGS_12105900
2016,5,15,704.357444408162,Delta_Storage+USGS_12105900
2016,5,16,653.785814802631,Delta_Storage+USGS_12105900
2016,5,17,596,Delta_Storage+USGS_12105900
2016,5,18,539.214185197369,Delta_Storage+USGS_12105900
2016,5,19,540.214185197236,Delta_Storage+USGS_12105900
2016,5,20,585,Delta_Storage+USGS_12105900
2016,5,21,505.214185197365,Delta_Storage+USGS_12105900
2016,5,22,960.143259210665,Delta_Storage+USGS_12105900
2016,5,23,972.785814802764,Delta_Storage+USGS_12105900
2016,5,24,796.214185197236,Delta_Storage+USGS_12105900
2016,5,25,758,Delta_Storage+USGS_12105900
2016,5,26,700.214185197365,Delta_Storage+USGS_12105900
2016,5,27,548.428370394605,Delta_Storage+USGS_12105900
2016,5,28,533,Delta_Storage+USGS_12105900
2016,5,29,588.785814802764,Delta_Storage+USGS_12105900
2016,5,30,532,Delta_Storage+USGS_12105900
2016,5,31,532,Delta_Storage+USGS_12105900
2016,6,1,476.214185197237,Delta_Storage+USGS_12105900
2016,6,2,478.214185197365,Delta_Storage+USGS_12105900
2016,6,3,508,Delta_Storage+USGS_12105900
2016,6,4,463,Delta_Storage+USGS_12105900
2016,6,5,406.214185197237,Delta_Storage+USGS_12105900
2016,6,6,373.214185197369,Delta_Storage+USGS_12105900
2016,6,7,372,Delta_Storage+USGS_12105900
2016,6,8,366,Delta_Storage+USGS_12105900
2016,6,9,354,Delta_Storage+USGS_12105900
2016,6,10,410.785814802631,Delta_Storage+USGS_12105900
2016,6,11,354,Delta_Storage+USGS_12105900
2016,6,12,410.785814802763,Delta_Storage+USGS_12105900
2016,6,13,354,Delta_Storage+USGS_12105900
2016,6,14,410.785814802635,Delta_Storage+USGS_12105900
2016,6,15,410.785814802763,Delta_Storage+USGS_12105900
2016,6,16,354,Delta_Storage+USGS_12105900
2016,6,17,371,Delta_Storage+USGS_12105900
2016,6,18,402,Delta_Storage+USGS_12105900
2016,6,19,401,Delta_Storage+USGS_12105900
2016,6,20,401,Delta_Storage+USGS_12105900
2016,6,21,400,Delta_Storage+USGS_12105900
2016,6,22,343.214185197237,Delta_Storage+USGS_12105900
2016,6,23,401,Delta_Storage+USGS_12105900
2016,6,24,556.785814802764,Delta_Storage+USGS_12105900
2016,6,25,890.143259210665,Delta_Storage+USGS_12105900
2016,6,26,908.571629605395,Delta_Storage+USGS_12105900
2016,6,27,652.428370394605,Delta_Storage+USGS_12105900
2016,6,28,575.428370394601,Delta_Storage+USGS_12105900
2016,6,29,473.428370394734,Delta_Storage+USGS_12105900
2016,6,30,393.428370394601,Delta_Storage+USGS_12105900
2016,7,1,437,Delta_Storage+USGS_12105900
2016,7,2,423,Delta_Storage+USGS_12105900
2016,7,3,422,Delta_Storage+USGS_12105900
2016,7,4,365.214185197237,Delta_Storage+USGS_12105900
2016,7,5,328.214185197369,Delta_Storage+USGS_12105900
2016,7,6,336,Delta_Storage+USGS_12105900
2016,7,7,336,Delta_Storage+USGS_12105900
2016,7,8,335,Delta_Storage+USGS_12105900
2016,7,9,388.785814802631,Delta_Storage+USGS_12105900
2016,7,10,387.785814802763,Delta_Storage+USGS_12105900
2016,7,11,331,Delta_Storage+USGS_12105900
2016,7,12,331,Delta_Storage+USGS_12105900
2016,7,13,324,Delta_Storage+USGS_12105900
2016,7,14,261.214185197237,Delta_Storage+USGS_12105900
2016,7,15,282.214185197369,Delta_Storage+USGS_12105900
2016,7,16,293.214185197365,Delta_Storage+USGS_12105900
2016,7,17,293.214185197237,Delta_Storage+USGS_12105900
2016,7,18,237.428370394605,Delta_Storage+USGS_12105900
2016,7,19,350,Delta_Storage+USGS_12105900
2016,7,20,236.42837039473,Delta_Storage+USGS_12105900
2016,7,21,304.214185197237,Delta_Storage+USGS_12105900
2016,7,22,261.428370394605,Delta_Storage+USGS_12105900
2016,7,23,261.428370394734,Delta_Storage+USGS_12105900
2016,7,24,203.642555591838,Delta_Storage+USGS_12105900
2016,7,25,262.428370394734,Delta_Storage+USGS_12105900
2016,7,26,220.642555591842,Delta_Storage+USGS_12105900
2016,7,27,227.335667895256,Delta_Storage+USGS_12105900
2016,7,28,225.181199397796,Delta_Storage+USGS_12105900
2016,7,29,225.181199397796,Delta_Storage+USGS_12105900
2016,7,30,225.181199397796,Delta_Storage+USGS_12105900
2016,7,31,169.241599196975,Delta_Storage+USGS_12105900
2016,8,1,223.181199397796,Delta_Storage+USGS_12105900
2016,8,2,168.241599196979,Delta_Storage+USGS_12105900
2016,8,3,332.060399799307,Delta_Storage+USGS_12105900
2016,8,4,222.181199397796,Delta_Storage+USGS_12105900
2016,8,5,220.181199397672,Delta_Storage+USGS_12105900
2016,8,6,223.181199397793,Delta_Storage+USGS_12105900
2016,8,7,173.258992412634,Delta_Storage+USGS_12105900
2016,8,8,218.231140566029,Delta_Storage+USGS_12105900
2016,8,9,206.231140566153,Delta_Storage+USGS_12105900
2016,8,10,210.23114056615,Delta_Storage+USGS_12105900
2016,8,11,216.231140566153,Delta_Storage+USGS_12105900
2016,8,12,182.308187421456,Delta_Storage+USGS_12105900
2016,8,13,188.308187421577,Delta_Storage+USGS_12105900
2016,8,14,187.308187421452,Delta_Storage+USGS_12105900
2016,8,15,192.308187421456,Delta_Storage+USGS_12105900
2016,8,16,195.308187421577,Delta_Storage+USGS_12105900
2016,8,17,153.056705327727,Delta_Storage+USGS_12105900
2016,8,18,158.169442642596,Delta_Storage+USGS_12105900
2016,8,19,217.535554114027,Delta_Storage+USGS_12105900
2016,8,20,181.169442642596,Delta_Storage+USGS_12105900
2016,8,21,130.803331171157,Delta_Storage+USGS_12105900
2016,8,22,181.169442642596,Delta_Storage+USGS_12105900
2016,8,23,125.803331171043,Delta_Storage+USGS_12105900
2016,8,24,171.907975790446,Delta_Storage+USGS_12105900
2016,8,25,174.341483163655,Delta_Storage+USGS_12105900
2016,8,26,135.409779796433,Delta_Storage+USGS_12105900
2016,8,27,183.341483163655,Delta_Storage+USGS_12105900
2016,8,28,133.40977979643,Delta_Storage+USGS_12105900
2016,8,29,132.409779796323,Delta_Storage+USGS_12105900
2016,8,30,184.312001433179,Delta_Storage+USGS_12105900
2016,8,31,146.318576477604,Delta_Storage+USGS_12105900
2016,9,1,145.3185764775,Delta_Storage+USGS_12105900
2016,9,2,189.765480397971,Delta_Storage+USGS_12105900
2016,9,3,188.765480397969,Delta_Storage+USGS_12105900
2016,9,4,188.765480397969,Delta_Storage+USGS_12105900
2016,9,5,186.765480397969,Delta_Storage+USGS_12105900
2016,9,6,128.203397512209,Delta_Storage+USGS_12105900
2016,9,7,173.719537616677,Delta_Storage+USGS_12105900
2016,9,8,172.719537616772,Delta_Storage+USGS_12105900
2016,9,9,179.719537616677,Delta_Storage+USGS_12105900
2016,9,10,191.719537616772,Delta_Storage+USGS_12105900
2016,9,11,147.649422020894,Delta_Storage+USGS_12105900
2016,9,12,146.649422020892,Delta_Storage+USGS_12105900
2016,9,13,148.999769257202,Delta_Storage+USGS_12105900
2016,9,14,161.394962352528,Delta_Storage+USGS_12105900
2016,9,15,171.39496235253,Delta_Storage+USGS_12105900
2016,9,16,152.67395482298,Delta_Storage+USGS_12105900
2016,9,17,152.673954823071,Delta_Storage+USGS_12105900
2016,9,18,350.27899247045,Delta_Storage+USGS_12105900
2016,9,19,309.557984941084,Delta_Storage+USGS_12105900
2016,9,20,338.557984940994,Delta_Storage+USGS_12105900
2016,9,21,231.67395482298,Delta_Storage+USGS_12105900
2016,9,22,210.227549825495,Delta_Storage+USGS_12105900
2016,9,23,214.438634439497,Delta_Storage+USGS_12105900
2016,9,24,218.438634439499,Delta_Storage+USGS_12105900
2016,9,25,217.438634439497,Delta_Storage+USGS_12105900
2016,9,26,178.930946557137,Delta_Storage+USGS_12105900
2016,9,27,222.899340171092,Delta_Storage+USGS_12105900
2016,9,28,194.874175213846,Delta_Storage+USGS_12105900
2016,9,29,197.874175213846,Delta_Storage+USGS_12105900
2016,9,30,174.828758878865,Delta_Storage+USGS_12105900
2016,10,1,195.893461762167,Delta_Storage+USGS_12105900
2016,10,2,162.24741283141,Delta_Storage+USGS_12105900
2016,10,3,169.360450056168,Delta_Storage+USGS_12105900
2016,10,4,186.583794231424,Delta_Storage+USGS_12105900
2016,10,5,182.58379423136,Delta_Storage+USGS_12105900
2016,10,6,183.764511791113,Delta_Storage+USGS_12105900
2016,10,7,332.179427907575,Delta_Storage+USGS_12105900
2016,10,8,512.31618992299,Delta_Storage+USGS_12105900
2016,10,9,380.733390042556,Delta_Storage+USGS_12105900
2016,10,10,602.330827584199,Delta_Storage+USGS_12105900
2016,10,11,608.396993100955,Delta_Storage+USGS_12105900
2016,10,12,536.588277108805,Delta_Storage+USGS_12105900
2016,10,13,563.771629958721,Delta_Storage+USGS_12105900
2016,10,14,1230.95296004141,Delta_Storage+USGS_12105900
2016,10,15,1347.87389084493,Delta_Storage+USGS_12105900
2016,10,16,1367.97351439509,Delta_Storage+USGS_12105900
2016,10,17,1117.74146282037,Delta_Storage+USGS_12105900
2016,10,18,1321.79443403019,Delta_Storage+USGS_12105900
2016,10,19,1338.50188918923,Delta_Storage+USGS_12105900
2016,10,20,1579.09324849681,Delta_Storage+USGS_12105900
2016,10,21,3453.53352584025,Delta_Storage+USGS_12105900
2016,10,22,2254.85116973825,Delta_Storage+USGS_12105900
2016,10,23,1111.85305797861,Delta_Storage+USGS_12105900
2016,10,24,1013.31737892846,Delta_Storage+USGS_12105900
2016,10,25,914.931318849675,Delta_Storage+USGS_12105900
2016,10,26,901.38110090719,Delta_Storage+USGS_12105900
2016,10,27,1387.22999924124,Delta_Storage+USGS_12105900
2016,10,28,1209.7967287118,Delta_Storage+USGS_12105900
2016,10,29,1120.58020587048,Delta_Storage+USGS_12105900
2016,10,30,1023.73077451186,Delta_Storage+USGS_12105900
2016,10,31,1065.82722450728,Delta_Storage+USGS_12105900
2016,11,1,1110.75213846599,Delta_Storage+USGS_12105900
2016,11,2,1137.14255954202,Delta_Storage+USGS_12105900
2016,11,3,1131.56098123083,Delta_Storage+USGS_12105900
2016,11,4,997.849340355753,Delta_Storage+USGS_12105900
2016,11,5,935.334758517353,Delta_Storage+USGS_12105900
2016,11,6,1082.70880709986,Delta_Storage+USGS_12105900
2016,11,7,1103.6409599702,Delta_Storage+USGS_12105900
2016,11,8,994.960810724275,Delta_Storage+USGS_12105900
2016,11,9,846.7905288801,Delta_Storage+USGS_12105900
2016,11,10,729.441396170339,Delta_Storage+USGS_12105900
2016,11,11,736.284077084629,Delta_Storage+USGS_12105900
2016,11,12,706.859871525605,Delta_Storage+USGS_12105900
2016,11,13,671.00700358238,Delta_Storage+USGS_12105900
2016,11,14,1354.55478369382,Delta_Storage+USGS_12105900
2016,11,15,1941.1394917851,Delta_Storage+USGS_12105900
2016,11,16,1953.43439258795,Delta_Storage+USGS_12105900
2016,11,17,1575.73566028389,Delta_Storage+USGS_12105900
2016,11,18,1335.01535510338,Delta_Storage+USGS_12105900
2016,11,19,1308.12859350686,Delta_Storage+USGS_12105900
2016,11,20,959.37634275717,Delta_Storage+USGS_12105900
2016,11,21,838.179915767432,Delta_Storage+USGS_12105900
2016,11,22,868.441831407466,Delta_Storage+USGS_12105900
2016,11,23,903.989812971091,Delta_Storage+USGS_12105900
2016,11,24,851.28726053117,Delta_Storage+USGS_12105900
2016,11,25,776.719106361899,Delta_Storage+USGS_12105900
2016,11,26,791.138218406476,Delta_Storage+USGS_12105900
2016,11,27,767.570700926502,Delta_Storage+USGS_12105900
2016,11,28,983.131214824108,Delta_Storage+USGS_12105900
2016,11,29,1007.14649536746,Delta_Storage+USGS_12105900
2016,11,30,1163.70573588645,Delta_Storage+USGS_12105900
2016,12,1,1433.89271376009,Delta_Storage+USGS_12105900
2016,12,2,1323.25378160738,Delta_Storage+USGS_12105900
2016,12,3,1906.2708689977,Delta_Storage+USGS_12105900
2016,12,4,2662.9055641339,Delta_Storage+USGS_12105900
2016,12,5,1965.31778163661,Delta_Storage+USGS_12105900
2016,12,6,1427.50387516387,Delta_Storage+USGS_12105900
2016,12,7,1302.57261099442,Delta_Storage+USGS_12105900
2016,12,8,1098.86369166146,Delta_Storage+USGS_12105900
2016,12,9,968.859871525592,Delta_Storage+USGS_12105900
2016,12,10,962.991723039011,Delta_Storage+USGS_12105900
2016,12,11,912.142675231626,Delta_Storage+USGS_12105900
2016,12,12,840.432482520026,Delta_Storage+USGS_12105900
2016,12,13,788.00254675723,Delta_Storage+USGS_12105900
2016,12,14,672.580251266113,Delta_Storage+USGS_12105900
2016,12,15,671.141401853017,Delta_Storage+USGS_12105900
2016,12,16,607.286623841873,Delta_Storage+USGS_12105900
2016,12,17,600.994906485539,Delta_Storage+USGS_12105900
2016,12,18,579.284077084642,Delta_Storage+USGS_12105900
2016,12,19,672.714649536736,Delta_Storage+USGS_12105900
2016,12,20,1309.13821840648,Delta_Storage+USGS_12105900
2016,12,21,1488.00191006793,Delta_Storage+USGS_12105900
2016,12,22,1210.57770450888,Delta_Storage+USGS_12105900
2016,12,23,933.177202966308,Delta_Storage+USGS_12105900
2016,12,24,978.247639282027,Delta_Storage+USGS_12105900
2016,12,25,902.994906485552,Delta_Storage+USGS_12105900
2016,12,26,817.149678814006,Delta_Storage+USGS_12105900
2016,12,27,759.438849413096,Delta_Storage+USGS_12105900
2016,12,28,716.041862142169,Delta_Storage+USGS_12105900
2016,12,29,672.889447042073,Delta_Storage+USGS_12105900
2016,12,30,827.483346035184,Delta_Storage+USGS_12105900
2016,12,31,841.817391076306,Delta_Storage+USGS_12105900
2017,1,1,787.796458611047,Delta_Storage+USGS_12105900
2017,1,2,821.223345770485,Delta_Storage+USGS_12105900
2017,1,3,696.589556858428,Delta_Storage+USGS_12105900
2017,1,4,444.560647372107,Delta_Storage+USGS_12105900
2017,1,5,496.712399815752,Delta_Storage+USGS_12105900
2017,1,6,475.187546638241,Delta_Storage+USGS_12105900
2017,1,7,434.988442615917,Delta_Storage+USGS_12105900
2017,1,8,603.120391105876,Delta_Storage+USGS_12105900
2017,1,9,617.996816553459,Delta_Storage+USGS_12105900
2017,1,10,501.73311352666,Delta_Storage+USGS_12105900
2017,1,11,445.037672138904,Delta_Storage+USGS_12105900
2017,1,12,434.738872665751,Delta_Storage+USGS_12105900
2017,1,13,406.936468068422,Delta_Storage+USGS_12105900
2017,1,14,406.946967480337,Delta_Storage+USGS_12105900
2017,1,15,400.70935065926,Delta_Storage+USGS_12105900
2017,1,16,410.061878128743,Delta_Storage+USGS_12105900
2017,1,17,481.996816553459,Delta_Storage+USGS_12105900
2017,1,18,1144.10994697814,Delta_Storage+USGS_12105900
2017,1,19,1172.9903075529,Delta_Storage+USGS_12105900
2017,1,20,721.178729039139,Delta_Storage+USGS_12105900
2017,1,21,761.990449660389,Delta_Storage+USGS_12105900
2017,1,22,743.136945027867,Delta_Storage+USGS_12105900
2017,1,23,701.143311920936,Delta_Storage+USGS_12105900
2017,1,24,621.864328350755,Delta_Storage+USGS_12105900
2017,1,25,580.719743051197,Delta_Storage+USGS_12105900
2017,1,26,592.572610994434,Delta_Storage+USGS_12105900
2017,1,27,536.859871525605,Delta_Storage+USGS_12105900
2017,1,28,542.709556022288,Delta_Storage+USGS_12105900
2017,1,29,539.710192711586,Delta_Storage+USGS_12105900
2017,1,30,596.70828264368,Delta_Storage+USGS_12105900
2017,1,31,617.856051389766,Delta_Storage+USGS_12105900
2017,2,1,581.002546757217,Delta_Storage+USGS_12105900
2017,2,2,547.575794440976,Delta_Storage+USGS_12105900
2017,2,3,547.577067819571,Delta_Storage+USGS_12105900
2017,2,4,546.72228980844,Delta_Storage+USGS_12105900
2017,2,5,652.563697344122,Delta_Storage+USGS_12105900
2017,2,6,690.707009265058,Delta_Storage+USGS_12105900
2017,2,7,563.581524644734,Delta_Storage+USGS_12105900
2017,2,8,516.436302655865,Delta_Storage+USGS_12105900
2017,2,9,997.277073502262,Delta_Storage+USGS_12105900
2017,2,10,2158.04937465459,Delta_Storage+USGS_12105900
2017,2,11,1861.33630381948,Delta_Storage+USGS_12105900
2017,2,12,1358.67569947354,Delta_Storage+USGS_12105900
2017,2,13,1012.59939091023,Delta_Storage+USGS_12105900
2017,2,14,966.469809276976,Delta_Storage+USGS_12105900
2017,2,15,1133.73438690527,Delta_Storage+USGS_12105900
2017,2,16,2171.61694830191,Delta_Storage+USGS_12105900
2017,2,17,3301.65591437683,Delta_Storage+USGS_12105900
2017,2,18,2683.58469905758,Delta_Storage+USGS_12105900
2017,2,19,2142.42549163043,Delta_Storage+USGS_12105900
2017,2,20,1730.53071961643,Delta_Storage+USGS_12105900
2017,2,21,1155.88426738896,Delta_Storage+USGS_12105900
2017,2,22,1262.85292318585,Delta_Storage+USGS_12105900
2017,2,23,1150.85541470044,Delta_Storage+USGS_12105900
2017,2,24,1056.19473764278,Delta_Storage+USGS_12105900
2017,2,25,1022.96815815822,Delta_Storage+USGS_12105900
2017,2,26,974.171256724585,Delta_Storage+USGS_12105900
2017,2,27,848.022217100804,Delta_Storage+USGS_12105900
2017,2,28,831.752835035771,Delta_Storage+USGS_12105900
2017,3,1,743.31381626662,Delta_Storage+USGS_12105900
2017,3,2,771.750837232292,Delta_Storage+USGS_12105900
2017,3,3,790.865333540339,Delta_Storage+USGS_12105900
2017,3,4,924.498395829357,Delta_Storage+USGS_12105900
2017,3,5,965.161202597373,Delta_Storage+USGS_12105900
2017,3,6,891.452310260438,Delta_Storage+USGS_12105900
2017,3,7,829.003658136527,Delta_Storage+USGS_12105900
2017,3,8,831.013894901007,Delta_Storage+USGS_12105900
2017,3,9,848.378347072821,Delta_Storage+USGS_12105900
2017,3,10,1582.88270988925,Delta_Storage+USGS_12105900
2017,3,11,2034.1639655913,Delta_Storage+USGS_12105900
2017,3,12,2214.31497976254,Delta_Storage+USGS_12105900
2017,3,13,2956.72714928771,Delta_Storage+USGS_12105900
2017,3,14,5007.08603573784,Delta_Storage+USGS_12105900
2017,3,15,5840.7545830467,Delta_Storage+USGS_12105900
2017,3,16,5453.39838623543,Delta_Storage+USGS_12105900
2017,3,17,3672.07845101183,Delta_Storage+USGS_12105900
2017,3,18,2784.29950193127,Delta_Storage+USGS_12105900
2017,3,19,2957.26059766444,Delta_Storage+USGS_12105900
2017,3,20,2485.61213661788,Delta_Storage+USGS_12105900
2017,3,21,2069.86723842801,Delta_Storage+USGS_12105900
2017,3,22,1927.1905229835,Delta_Storage+USGS_12105900
2017,3,23,1849.37741019319,Delta_Storage+USGS_12105900
2017,3,24,2105.62784841014,Delta_Storage+USGS_12105900
2017,3,25,2351.48676451691,Delta_Storage+USGS_12105900
2017,3,26,2320.84043834862,Delta_Storage+USGS_12105900
2017,3,27,2347.30823769762,Delta_Storage+USGS_12105900
2017,3,28,2548.71890887942,Delta_Storage+USGS_12105900
2017,3,29,3088.55877248938,Delta_Storage+USGS_12105900
2017,3,30,4148.98536628818,Delta_Storage+USGS_12105900
2017,3,31,3165.63006783935,Delta_Storage+USGS_12105900
2017,4,1,2745.25253725036,Delta_Storage+USGS_12105900
2017,4,2,2517.94555494424,Delta_Storage+USGS_12105900
2017,4,3,2239.87561871603,Delta_Storage+USGS_12105900
2017,4,4,1948.74453388274,Delta_Storage+USGS_12105900
2017,4,5,1834.91192936507,Delta_Storage+USGS_12105900
2017,4,6,1803.13512334141,Delta_Storage+USGS_12105900
2017,4,7,1858.32604517693,Delta_Storage+USGS_12105900
2017,4,8,2187.87091143652,Delta_Storage+USGS_12105900
2017,4,9,2054.48569237935,Delta_Storage+USGS_12105900
2017,4,10,1652.13138146618,Delta_Storage+USGS_12105900
2017,4,11,1423.21919651293,Delta_Storage+USGS_12105900
2017,4,12,1363.36827742988,Delta_Storage+USGS_12105900
2017,4,13,1511.19264733667,Delta_Storage+USGS_12105900
2017,4,14,1643.4731097199,Delta_Storage+USGS_12105900
2017,4,15,1588.64357947156,Delta_Storage+USGS_12105900
2017,4,16,1447.22611391453,Delta_Storage+USGS_12105900
2017,4,17,1333.60885411342,Delta_Storage+USGS_12105900
2017,4,18,1401.78761568167,Delta_Storage+USGS_12105900
2017,4,19,1601.77920999407,Delta_Storage+USGS_12105900
2017,4,20,1635.43009254527,Delta_Storage+USGS_12105900
2017,4,21,1876.3239003861,Delta_Storage+USGS_12105900
2017,4,22,1934.03142149554,Delta_Storage+USGS_12105900
2017,4,23,2006.10632447929,Delta_Storage+USGS_12105900
2017,4,24,2133.62436851996,Delta_Storage+USGS_12105900
2017,4,25,2074.6224287549,Delta_Storage+USGS_12105900
2017,4,26,1988.34536269389,Delta_Storage+USGS_12105900
2017,4,27,2164.86534649962,Delta_Storage+USGS_12105900
2017,4,28,2045.27900582607,Delta_Storage+USGS_12105900
2017,4,29,1887.76096178551,Delta_Storage+USGS_12105900
2017,4,30,1753.55219235706,Delta_Storage+USGS_12105900
2017,5,1,1981.72681346912,Delta_Storage+USGS_12105900
2017,5,2,2038.95349117894,Delta_Storage+USGS_12105900
2017,5,3,1965.69561179584,Delta_Storage+USGS_12105900
2017,5,4,2822.85566947754,Delta_Storage+USGS_12105900
2017,5,5,4393.4571749913,Delta_Storage+USGS_12105900
2017,5,6,4380.06663188461,Delta_Storage+USGS_12105900
2017,5,7,3050.64654993724,Delta_Storage+USGS_12105900
2017,5,8,1553.95731785374,Delta_Storage+USGS_12105900
2017,5,9,1422.40060855247,Delta_Storage+USGS_12105900
2017,5,10,1514.89016655857,Delta_Storage+USGS_12105900
2017,5,11,1951.90377965169,Delta_Storage+USGS_12105900
2017,5,12,1936.50105703311,Delta_Storage+USGS_12105900
2017,5,13,1787.64097478478,Delta_Storage+USGS_12105900
2017,5,14,1618.79983908795,Delta_Storage+USGS_12105900
2017,5,15,1222.98491245289,Delta_Storage+USGS_12105900
2017,5,16,1476.984107893,Delta_Storage+USGS_12105900
2017,5,17,1944.5218267607,Delta_Storage+USGS_12105900
2017,5,18,1952.18346424503,Delta_Storage+USGS_12105900
2017,5,19,1872.83001418215,Delta_Storage+USGS_12105900
2017,5,20,1803.77875126064,Delta_Storage+USGS_12105900
2017,5,21,1928.09532134502,Delta_Storage+USGS_12105900
2017,5,22,2268.96244178654,Delta_Storage+USGS_12105900
2017,5,23,2563.03492154571,Delta_Storage+USGS_12105900
2017,5,24,2496.24028086323,Delta_Storage+USGS_12105900
2017,5,25,1840.12079959849,Delta_Storage+USGS_12105900
2017,5,26,1326.60267965882,Delta_Storage+USGS_12105900
2017,5,27,1415.80672064234,Delta_Storage+USGS_12105900
2017,5,28,1487.22820090337,Delta_Storage+USGS_12105900
2017,5,29,1583.37403109465,Delta_Storage+USGS_12105900
2017,5,30,1767.50070361882,Delta_Storage+USGS_12105900
2017,5,31,1526.28595552645,Delta_Storage+USGS_12105900
2017,6,1,1270,Delta_Storage+USGS_12105900
2017,6,2,1162.4643962829,Delta_Storage+USGS_12105900
2017,6,3,1131.64311848698,Delta_Storage+USGS_12105900
2017,6,4,1051.14297776329,Delta_Storage+USGS_12105900
2017,6,5,873.928511118291,Delta_Storage+USGS_12105900
2017,6,6,807.321418519737,Delta_Storage+USGS_12105900
2017,6,7,832.03574444092,Delta_Storage+USGS_12105900
2017,6,8,908.96425555908,Delta_Storage+USGS_12105900
2017,6,9,945.357162960658,Delta_Storage+USGS_12105900
2017,6,10,888.321418519605,Delta_Storage+USGS_12105900
2017,6,11,648.071207434208,Delta_Storage+USGS_12105900
2017,6,12,616.321418519737,Delta_Storage+USGS_12105900
2017,6,13,642.142977763157,Delta_Storage+USGS_12105900
2017,6,14,619.42865184211,Delta_Storage+USGS_12105900
2017,6,15,625.678581480263,Delta_Storage+USGS_12105900
2017,6,16,1284.28623697395,Delta_Storage+USGS_12105900
2017,6,17,1333.32169996737,Delta_Storage+USGS_12105900
2017,6,18,1140.24992963803,Delta_Storage+USGS_12105900
2017,6,19,895.321137072229,Delta_Storage+USGS_12105900
2017,6,20,809.821277796051,Delta_Storage+USGS_12105900
2017,6,21,749.892766677499,Delta_Storage+USGS_12105900
2017,6,22,656.92851111842,Delta_Storage+USGS_12105900
2017,6,23,645.035744440792,Delta_Storage+USGS_12105900
2017,6,24,622.321418519737,Delta_Storage+USGS_12105900
2017,6,25,571.214185197365,Delta_Storage+USGS_12105900
2017,6,26,469.785533355131,Delta_Storage+USGS_12105900
2017,6,27,446.249929638157,Delta_Storage+USGS_12105900
2017,6,28,461,Delta_Storage+USGS_12105900
2017,6,29,443.96425555908,Delta_Storage+USGS_12105900
2017,6,30,448.607092598682,Delta_Storage+USGS_12105900
2017,7,1,398.142696315788,Delta_Storage+USGS_12105900
2017,7,2,386.785533355127,Delta_Storage+USGS_12105900
2017,7,3,322.392625953813,Delta_Storage+USGS_12105900
2017,7,4,342.857022236839,Delta_Storage+USGS_12105900
2017,7,5,337.178440756448,Delta_Storage+USGS_12105900
2017,7,6,321.142696315656,Delta_Storage+USGS_12105900
2017,7,7,292.464114835522,Delta_Storage+USGS_12105900
2017,7,8,290.499859276185,Delta_Storage+USGS_12105900
2017,7,9,290.49985927631,Delta_Storage+USGS_12105900
2017,7,10,282.006582355518,Delta_Storage+USGS_12105900
2017,7,11,260.602679658698,Delta_Storage+USGS_12105900
2017,7,12,254.590599698959,Delta_Storage+USGS_12105900
2017,7,13,259.578519738977,Delta_Storage+USGS_12105900
2017,7,14,247.578519739098,Delta_Storage+USGS_12105900
2017,7,15,241.578519738973,Delta_Storage+USGS_12105900
2017,7,16,236.084559719028,Delta_Storage+USGS_12105900
2017,7,17,223.590599698838,Delta_Storage+USGS_12105900
2017,7,18,217.084559718904,Delta_Storage+USGS_12105900
2017,7,19,219.578519739098,Delta_Storage+USGS_12105900
2017,7,20,202.590599698838,Delta_Storage+USGS_12105900
2017,7,21,211.072479759168,Delta_Storage+USGS_12105900
2017,7,22,207.072479759043,Delta_Storage+USGS_12105900
2017,7,23,201.578519739098,Delta_Storage+USGS_12105900
2017,7,24,195.084559718904,Delta_Storage+USGS_12105900
2017,7,25,194.084559719032,Delta_Storage+USGS_12105900
2017,7,26,169.096639678764,Delta_Storage+USGS_12105900
2017,7,27,177.578519739102,Delta_Storage+USGS_12105900
2017,7,28,172.578519738973,Delta_Storage+USGS_12105900
2017,7,29,176.072479759168,Delta_Storage+USGS_12105900
2017,7,30,165.084559718904,Delta_Storage+USGS_12105900
2017,7,31,171.578519738973,Delta_Storage+USGS_12105900
2017,8,1,192.590599698962,Delta_Storage+USGS_12105900
2017,8,2,172.650999498141,Delta_Storage+USGS_12105900
2017,8,3,154.581518536628,Delta_Storage+USGS_12105900
2017,8,4,145.52343588061,Delta_Storage+USGS_12105900
2017,8,5,139.815731194946,Delta_Storage+USGS_12105900
2017,8,6,144.108026509524,Delta_Storage+USGS_12105900
2017,8,7,141.108026509524,Delta_Storage+USGS_12105900
2017,8,8,142.400321823985,Delta_Storage+USGS_12105900
2017,8,9,134.108026509524,Delta_Storage+USGS_12105900
2017,8,10,139.400321823981,Delta_Storage+USGS_12105900
2017,8,11,138.108026509524,Delta_Storage+USGS_12105900
2017,8,12,122.231140566153,Delta_Storage+USGS_12105900
2017,8,13,132.815731195067,Delta_Storage+USGS_12105900
2017,8,14,143.400321823981,Delta_Storage+USGS_12105900
2017,8,15,141.52343588061,Delta_Storage+USGS_12105900
2017,8,16,123.395661706077,Delta_Storage+USGS_12105900
2017,8,17,129.718609849861,Delta_Storage+USGS_12105900
2017,8,18,136.718609849747,Delta_Storage+USGS_12105900
2017,8,19,126.608776408432,Delta_Storage+USGS_12105900
2017,8,20,120.572165261173,Delta_Storage+USGS_12105900
2017,8,21,115.535554114145,Delta_Storage+USGS_12105900
2017,8,22,119.572165261173,Delta_Storage+USGS_12105900
2017,8,23,116.535554114031,Delta_Storage+USGS_12105900
2017,8,24,108.425720672712,Delta_Storage+USGS_12105900
2017,8,25,112.476030516984,Delta_Storage+USGS_12105900
2017,8,26,112.307334847269,Delta_Storage+USGS_12105900
2017,8,27,116.10050518399,Delta_Storage+USGS_12105900
2017,8,28,110.307334847379,Delta_Storage+USGS_12105900
2017,8,29,104.514164510545,Delta_Storage+USGS_12105900
2017,8,30,104.514164510548,Delta_Storage+USGS_12105900
2017,8,31,102.720994173822,Delta_Storage+USGS_12105900
2017,9,1,102.927823837101,Delta_Storage+USGS_12105900
2017,9,2,104.772479995021,Delta_Storage+USGS_12105900
2017,9,3,110.310170790005,Delta_Storage+USGS_12105900
2017,9,4,105.765480397971,Delta_Storage+USGS_12105900
2017,9,5,103.220790005933,Delta_Storage+USGS_12105900
2017,9,6,95.1314092218602,Delta_Storage+USGS_12105900
2017,9,7,95.1314092218602,Delta_Storage+USGS_12105900
2017,9,8,84.3206827958322,Delta_Storage+USGS_12105900
2017,9,9,99.6494220208925,Delta_Storage+USGS_12105900
2017,9,10,107.26344514005,Delta_Storage+USGS_12105900
2017,9,11,106.956433580471,Delta_Storage+USGS_12105900
2017,9,12,101.035398901735,Delta_Storage+USGS_12105900
2017,9,13,92.4213757825811,Delta_Storage+USGS_12105900
2017,9,14,92.4213757825792,Delta_Storage+USGS_12105900
2017,9,15,93.8090871056478,Delta_Storage+USGS_12105900
2017,9,16,104.534458587799,Delta_Storage+USGS_12105900
2017,9,17,100.562357834854,Delta_Storage+USGS_12105900
2017,9,18,123.394962352529,Delta_Storage+USGS_12105900
2017,9,19,151.199667623148,Delta_Storage+USGS_12105900
2017,9,20,155.171768376095,Delta_Storage+USGS_12105900
2017,9,21,174.255466117348,Delta_Storage+USGS_12105900
2017,9,22,171.155391765563,Delta_Storage+USGS_12105900
2017,9,23,143.278991280028,Delta_Storage+USGS_12105900
2017,9,24,122.024608025725,Delta_Storage+USGS_12105900
2017,9,25,114.72285472392,Delta_Storage+USGS_12105900
2017,9,26,119.267714341347,Delta_Storage+USGS_12105900
2017,9,27,138.981724701073,Delta_Storage+USGS_12105900
2017,9,28,121.171658718129,Delta_Storage+USGS_12105900
2017,9,29,109.766625726618,Delta_Storage+USGS_12105900
2017,9,30,128.277489437519,Delta_Storage+USGS_12105900
2017,10,1,203.443979195885,Delta_Storage+USGS_12105900
2017,10,2,223.960818340365,Delta_Storage+USGS_12105900
2017,10,3,158.474905799785,Delta_Storage+USGS_12105900
2017,10,4,152.674679649621,Delta_Storage+USGS_12105900
2017,10,5,126.148389087152,Delta_Storage+USGS_12105900
2017,10,6,112.66699093912,Delta_Storage+USGS_12105900
2017,10,7,132.05420879913,Delta_Storage+USGS_12105900
2017,10,8,227.214056628364,Delta_Storage+USGS_12105900
2017,10,9,265.123466240706,Delta_Storage+USGS_12105900
2017,10,10,192.560232540536,Delta_Storage+USGS_12105900
2017,10,11,193.628572409916,Delta_Storage+USGS_12105900
2017,10,12,177.488784349295,Delta_Storage+USGS_12105900
2017,10,13,367.684876113068,Delta_Storage+USGS_12105900
2017,10,14,385.129587854066,Delta_Storage+USGS_12105900
2017,10,15,267.906029149355,Delta_Storage+USGS_12105900
2017,10,16,278.697221996798,Delta_Storage+USGS_12105900
2017,10,17,258.588868060383,Delta_Storage+USGS_12105900
2017,10,18,302.365936216689,Delta_Storage+USGS_12105900
2017,10,19,1095.87233164689,Delta_Storage+USGS_12105900
2017,10,20,2399.93347665836,Delta_Storage+USGS_12105900
2017,10,21,1506.8020083673,Delta_Storage+USGS_12105900
2017,10,22,6782.77878500673,Delta_Storage+USGS_12105900
2017,10,23,6340.23501503596,Delta_Storage+USGS_12105900
2017,10,24,2201.00451205883,Delta_Storage+USGS_12105900
2017,10,25,909.448089268657,Delta_Storage+USGS_12105900
2017,10,26,769.02681056901,Delta_Storage+USGS_12105900
2017,10,27,742.148573661858,Delta_Storage+USGS_12105900
2017,10,28,827.335049927128,Delta_Storage+USGS_12105900
2017,10,29,726.371516665207,Delta_Storage+USGS_12105900
2017,10,30,572.022610002175,Delta_Storage+USGS_12105900
2017,10,31,437.865887942839,Delta_Storage+USGS_12105900
2017,11,1,473.854930452027,Delta_Storage+USGS_12105900
2017,11,2,488.872136098193,Delta_Storage+USGS_12105900
2017,11,3,420.331989762438,Delta_Storage+USGS_12105900
2017,11,4,465.531065209696,Delta_Storage+USGS_12105900
2017,11,5,487.98853959247,Delta_Storage+USGS_12105900
2017,11,6,591.70382581853,Delta_Storage+USGS_12105900
2017,11,7,436.021010747128,Delta_Storage+USGS_12105900
2017,11,8,317.122751005752,Delta_Storage+USGS_12105900
2017,11,9,378.451723128982,Delta_Storage+USGS_12105900
2017,11,10,429.003230374161,Delta_Storage+USGS_12105900
2017,11,11,473.128031377554,Delta_Storage+USGS_12105900
2017,11,12,463.844590982236,Delta_Storage+USGS_12105900
2017,11,13,637.515644573489,Delta_Storage+USGS_12105900
2017,11,14,896.388536858428,Delta_Storage+USGS_12105900
2017,11,15,802.818108376511,Delta_Storage+USGS_12105900
2017,11,16,869.01337047545,Delta_Storage+USGS_12105900
2017,11,17,888.999363310702,Delta_Storage+USGS_12105900
2017,11,18,817.150315503304,Delta_Storage+USGS_12105900
2017,11,19,603.877680833918,Delta_Storage+USGS_12105900
2017,11,20,2278.50020152991,Delta_Storage+USGS_12105900
2017,11,21,5279.42885243294,Delta_Storage+USGS_12105900
2017,11,22,4557.55064187627,Delta_Storage+USGS_12105900
2017,11,23,4658.51049513278,Delta_Storage+USGS_12105900
2017,11,24,8307.2733514831,Delta_Storage+USGS_12105900
2017,11,25,4709.94181451077,Delta_Storage+USGS_12105900
2017,11,26,2904.52953007236,Delta_Storage+USGS_12105900
2017,11,27,1920.67036737298,Delta_Storage+USGS_12105900
2017,11,28,1387.68792196255,Delta_Storage+USGS_12105900
2017,11,29,1790.47529177325,Delta_Storage+USGS_12105900
2017,11,30,1616.95195231662,Delta_Storage+USGS_12105900
2017,12,1,1592.96966913195,Delta_Storage+USGS_12105900
2017,12,2,1569.71849954695,Delta_Storage+USGS_12105900
2017,12,3,1503.31565145694,Delta_Storage+USGS_12105900
2017,12,4,1260.02228412575,Delta_Storage+USGS_12105900
2017,12,5,1033.62406036041,Delta_Storage+USGS_12105900
2017,12,6,967.451723128982,Delta_Storage+USGS_12105900
2017,12,7,918.181084497437,Delta_Storage+USGS_12105900
2017,12,8,854.110552957927,Delta_Storage+USGS_12105900
2017,12,9,829.345955213386,Delta_Storage+USGS_12105900
2017,12,10,785.57197430511,Delta_Storage+USGS_12105900
2017,12,11,659.015038745954,Delta_Storage+USGS_12105900
2017,12,12,697.987508011276,Delta_Storage+USGS_12105900
2017,12,13,622.35366215978,Delta_Storage+USGS_12105900
2017,12,14,596.7858936921,Delta_Storage+USGS_12105900
2017,12,15,570.428212615805,Delta_Storage+USGS_12105900
2017,12,16,621.713125170416,Delta_Storage+USGS_12105900
2017,12,17,586.712102779519,Delta_Storage+USGS_12105900
2017,12,18,1601.87716353034,Delta_Storage+USGS_12105900
2017,12,19,4226.16991815297,Delta_Storage+USGS_12105900
2017,12,20,3524.60092016549,Delta_Storage+USGS_12105900
2017,12,21,1890.2272749244,Delta_Storage+USGS_12105900
2017,12,22,1404.34294520333,Delta_Storage+USGS_12105900
2017,12,23,1408.95807642694,Delta_Storage+USGS_12105900
2017,12,24,1195.4765357475,Delta_Storage+USGS_12105900
2017,12,25,1048.32606226115,Delta_Storage+USGS_12105900
2017,12,26,902.078564030351,Delta_Storage+USGS_12105900
2017,12,27,752.713086169838,Delta_Storage+USGS_12105900
2017,12,28,854.070860923375,Delta_Storage+USGS_12105900
2017,12,29,2755.46306264146,Delta_Storage+USGS_12105900
2017,12,30,6293.30214572423,Delta_Storage+USGS_12105900
2017,12,31,3782.84622166246,Delta_Storage+USGS_12105900
2018,1,1,2593.64738482634,Delta_Storage+USGS_12105900
2018,1,2,1553.48500658547,Delta_Storage+USGS_12105900
2018,1,3,1187.78189441611,Delta_Storage+USGS_12105900
2018,1,4,1086.90549328535,Delta_Storage+USGS_12105900
2018,1,5,1218.87324200105,Delta_Storage+USGS_12105900
2018,1,6,1145.37489273761,Delta_Storage+USGS_12105900
2018,1,7,1105.51875486453,Delta_Storage+USGS_12105900
2018,1,8,1163.96113040901,Delta_Storage+USGS_12105900
2018,1,9,1321.41720197666,Delta_Storage+USGS_12105900
2018,1,10,1449.70637257576,Delta_Storage+USGS_12105900
2018,1,11,1918.57006423719,Delta_Storage+USGS_12105900
2018,1,12,3328.88978107643,Delta_Storage+USGS_12105900
2018,1,13,3522.43089413298,Delta_Storage+USGS_12105900
2018,1,14,2996.93769505094,Delta_Storage+USGS_12105900
2018,1,15,2622.74461445074,Delta_Storage+USGS_12105900
2018,1,16,2141.85685829854,Delta_Storage+USGS_12105900
2018,1,17,2045.27850332531,Delta_Storage+USGS_12105900
2018,1,18,1812.53000304586,Delta_Storage+USGS_12105900
2018,1,19,1561.92654573939,Delta_Storage+USGS_12105900
2018,1,20,1736.833767264,Delta_Storage+USGS_12105900
2018,1,21,1670.13223110389,Delta_Storage+USGS_12105900
2018,1,22,1442.72764042172,Delta_Storage+USGS_12105900
2018,1,23,1330.58725484849,Delta_Storage+USGS_12105900
2018,1,24,1845.12293786311,Delta_Storage+USGS_12105900
2018,1,25,1635.44521630617,Delta_Storage+USGS_12105900
2018,1,26,1458.28598715256,Delta_Storage+USGS_12105900
2018,1,27,1456.56560741205,Delta_Storage+USGS_12105900
2018,1,28,1574.53716400187,Delta_Storage+USGS_12105900
2018,1,29,1852.23345770492,Delta_Storage+USGS_12105900
2018,1,30,2759.68745701484,Delta_Storage+USGS_12105900
2018,1,31,1975.26230101887,Delta_Storage+USGS_12105900
2018,2,1,1929.99681655347,Delta_Storage+USGS_12105900
2018,2,2,3024.59662193739,Delta_Storage+USGS_12105900
2018,2,3,4675.90357560782,Delta_Storage+USGS_12105900
2018,2,4,5692.31219624615,Delta_Storage+USGS_12105900
2018,2,5,8558.89583197744,Delta_Storage+USGS_12105900
2018,2,6,5442.48884476094,Delta_Storage+USGS_12105900
2018,2,7,3042.24414461046,Delta_Storage+USGS_12105900
2018,2,8,2500.25847312674,Delta_Storage+USGS_12105900
2018,2,9,2743.19907747972,Delta_Storage+USGS_12105900
2018,2,10,1904.38149120213,Delta_Storage+USGS_12105900
2018,2,11,1952.46217118235,Delta_Storage+USGS_12105900
2018,2,12,1638.38687662504,Delta_Storage+USGS_12105900
2018,2,13,1302.02355750436,Delta_Storage+USGS_12105900
2018,2,14,1232.45727299418,Delta_Storage+USGS_12105900
2018,2,15,984.982500980142,Delta_Storage+USGS_12105900
2018,2,16,1183.13156364149,Delta_Storage+USGS_12105900
2018,2,17,1788.36757583749,Delta_Storage+USGS_12105900
2018,2,18,2496.57319847417,Delta_Storage+USGS_12105900
2018,2,19,1666.3469103251,Delta_Storage+USGS_12105900
2018,2,20,1280.6239267,Delta_Storage+USGS_12105900
2018,2,21,1217.49476692167,Delta_Storage+USGS_12105900
2018,2,22,959.454129956478,Delta_Storage+USGS_12105900
2018,2,23,897.568154169271,Delta_Storage+USGS_12105900
2018,2,24,937.693638789608,Delta_Storage+USGS_12105900
2018,2,25,932.61442662795,Delta_Storage+USGS_12105900
2018,2,26,854.971342146052,Delta_Storage+USGS_12105900
2018,2,27,781.029496828629,Delta_Storage+USGS_12105900
2018,2,28,763.781545805533,Delta_Storage+USGS_12105900
2018,3,1,737.629252553667,Delta_Storage+USGS_12105900
2018,3,2,707.191853804962,Delta_Storage+USGS_12105900
2018,3,3,701.587198050891,Delta_Storage+USGS_12105900
2018,3,4,674.226022216256,Delta_Storage+USGS_12105900
2018,3,5,623.338737427494,Delta_Storage+USGS_12105900
2018,3,6,635.60132498568,Delta_Storage+USGS_12105900
2018,3,7,612.388006823446,Delta_Storage+USGS_12105900
2018,3,8,599.750563772838,Delta_Storage+USGS_12105900
2018,3,9,696.474937582841,Delta_Storage+USGS_12105900
2018,3,10,788.080003035083,Delta_Storage+USGS_12105900
2018,3,11,712.350208668104,Delta_Storage+USGS_12105900
2018,3,12,707.460269192827,Delta_Storage+USGS_12105900
2018,3,13,919.727891124006,Delta_Storage+USGS_12105900
2018,3,14,1258.68566479901,Delta_Storage+USGS_12105900
2018,3,15,1200.18010526851,Delta_Storage+USGS_12105900
2018,3,16,1011.24359156296,Delta_Storage+USGS_12105900
2018,3,17,992.670535605027,Delta_Storage+USGS_12105900
2018,3,18,901.20188639584,Delta_Storage+USGS_12105900
2018,3,19,776.816090003442,Delta_Storage+USGS_12105900
2018,3,20,752.614143538244,Delta_Storage+USGS_12105900
2018,3,21,746.268620547323,Delta_Storage+USGS_12105900
2018,3,22,736.934533607771,Delta_Storage+USGS_12105900
2018,3,23,805.376969231174,Delta_Storage+USGS_12105900
2018,3,24,773.689687449776,Delta_Storage+USGS_12105900
2018,3,25,737.659683591923,Delta_Storage+USGS_12105900
2018,3,26,702.669172415853,Delta_Storage+USGS_12105900
2018,3,27,886.627711333274,Delta_Storage+USGS_12105900
2018,3,28,1876.56433805561,Delta_Storage+USGS_12105900
2018,3,29,1565.62784841008,Delta_Storage+USGS_12105900
2018,3,30,1290.80137710375,Delta_Storage+USGS_12105900
2018,3,31,1250.80377490333,Delta_Storage+USGS_12105900
2018,4,1,1200.56774060854,Delta_Storage+USGS_12105900
2018,4,2,1112.13233546434,Delta_Storage+USGS_12105900
2018,4,3,1016.11701410699,Delta_Storage+USGS_12105900
2018,4,4,986.716157194222,Delta_Storage+USGS_12105900
2018,4,5,1154.1065382379,Delta_Storage+USGS_12105900
2018,4,6,1966.13768055952,Delta_Storage+USGS_12105900
2018,4,7,2134.42675311952,Delta_Storage+USGS_12105900
2018,4,8,2964.683357621,Delta_Storage+USGS_12105900
2018,4,9,4081.56309601697,Delta_Storage+USGS_12105900
2018,4,10,3076.37309788341,Delta_Storage+USGS_12105900
2018,4,11,2575.57276550665,Delta_Storage+USGS_12105900
2018,4,12,2301.74016098888,Delta_Storage+USGS_12105900
2018,4,13,2300.67975687991,Delta_Storage+USGS_12105900
2018,4,14,3184.21851430524,Delta_Storage+USGS_12105900
2018,4,15,3874.22478591892,Delta_Storage+USGS_12105900
2018,4,16,3542.63939508471,Delta_Storage+USGS_12105900
2018,4,17,2884.52787901694,Delta_Storage+USGS_12105900
2018,4,18,2405.42168685767,Delta_Storage+USGS_12105900
2018,4,19,2126.31549469861,Delta_Storage+USGS_12105900
2018,4,20,1795.41328117018,Delta_Storage+USGS_12105900
2018,4,21,1743.19297844251,Delta_Storage+USGS_12105900
2018,4,22,1657.59022020368,Delta_Storage+USGS_12105900
2018,4,23,1428.58828043851,Delta_Storage+USGS_12105900
2018,4,24,1391.72681346912,Delta_Storage+USGS_12105900
2018,4,25,1593.62436851996,Delta_Storage+USGS_12105900
2018,4,26,1843.62436851996,Delta_Storage+USGS_12105900
2018,4,27,2310.04940201606,Delta_Storage+USGS_12105900
2018,4,28,2372.26989112313,Delta_Storage+USGS_12105900
2018,4,29,2186.79394621026,Delta_Storage+USGS_12105900
2018,4,30,1745.9152786787,Delta_Storage+USGS_12105900
2018,5,1,1681.68411276883,Delta_Storage+USGS_12105900
2018,5,2,1480.95188982585,Delta_Storage+USGS_12105900
2018,5,3,1471.46444588597,Delta_Storage+USGS_12105900
2018,5,4,1672.12344653455,Delta_Storage+USGS_12105900
2018,5,5,1756.03483521199,Delta_Storage+USGS_12105900
2018,5,6,1745.78394698107,Delta_Storage+USGS_12105900
2018,5,7,2134.5528064148,Delta_Storage+USGS_12105900
2018,5,8,2015.81492663505,Delta_Storage+USGS_12105900
2018,5,9,2286.36853760999,Delta_Storage+USGS_12105900
2018,5,10,2201.10722194951,Delta_Storage+USGS_12105900
2018,5,11,1982.27640320746,Delta_Storage+USGS_12105900
2018,5,12,1820.92683590144,Delta_Storage+USGS_12105900
2018,5,13,1561.4214802609,Delta_Storage+USGS_12105900
2018,5,14,1633.27652074282,Delta_Storage+USGS_12105900
2018,5,15,1736.67384108399,Delta_Storage+USGS_12105900
2018,5,16,1720.19196102378,Delta_Storage+USGS_12105900
2018,5,17,1429.32484058213,Delta_Storage+USGS_12105900
2018,5,18,1331.7342408833,Delta_Storage+USGS_12105900
2018,5,19,1227.78256072262,Delta_Storage+USGS_12105900
2018,5,20,1189.32484058213,Delta_Storage+USGS_12105900
2018,5,21,1034.40940030116,Delta_Storage+USGS_12105900
2018,5,22,971.558866546132,Delta_Storage+USGS_12105900
2018,5,23,954.964537006716,Delta_Storage+USGS_12105900
2018,5,24,960.643118486975,Delta_Storage+USGS_12105900
2018,5,25,912.571629605399,Delta_Storage+USGS_12105900
2018,5,26,858.142977763161,Delta_Storage+USGS_12105900
2018,5,27,675.321418519737,Delta_Storage+USGS_12105900
2018,5,28,691.214466644869,Delta_Storage+USGS_12105900
2018,5,29,659.857303684212,Delta_Storage+USGS_12105900
2018,5,30,596.178722204081,Delta_Storage+USGS_12105900
2018,5,31,593.535885164607,Delta_Storage+USGS_12105900
2018,6,1,538.785814802635,Delta_Storage+USGS_12105900
2018,6,2,505.464396283026,Delta_Storage+USGS_12105900
2018,6,3,494.107233322369,Delta_Storage+USGS_12105900
2018,6,4,515.750070361843,Delta_Storage+USGS_12105900
2018,6,5,449.964255559212,Delta_Storage+USGS_12105900
2018,6,6,431.321418519737,Delta_Storage+USGS_12105900
2018,6,7,423.678581480263,Delta_Storage+USGS_12105900
2018,6,8,441.678581480263,Delta_Storage+USGS_12105900
2018,6,9,441.964255559212,Delta_Storage+USGS_12105900
2018,6,10,454.321418519737,Delta_Storage+USGS_12105900
2018,6,11,466.678581480263,Delta_Storage+USGS_12105900
2018,6,12,378.249929638153,Delta_Storage+USGS_12105900
2018,6,13,376.964255559212,Delta_Storage+USGS_12105900
2018,6,14,394,Delta_Storage+USGS_12105900
2018,6,15,392.678581480263,Delta_Storage+USGS_12105900
2018,6,16,363.964255559212,Delta_Storage+USGS_12105900
2018,6,17,369.96425555908,Delta_Storage+USGS_12105900
2018,6,18,379.92851111842,Delta_Storage+USGS_12105900
2018,6,19,340.821277796051,Delta_Storage+USGS_12105900
2018,6,20,320.46411483539,Delta_Storage+USGS_12105900
2018,6,21,306.14269631566,Delta_Storage+USGS_12105900
2018,6,22,289.821277796047,Delta_Storage+USGS_12105900
2018,6,23,296.535603716974,Delta_Storage+USGS_12105900
2018,6,24,294.535603717102,Delta_Storage+USGS_12105900
2018,6,25,281.535603716974,Delta_Storage+USGS_12105900
2018,6,26,289.571348157894,Delta_Storage+USGS_12105900
2018,6,27,269.214185197365,Delta_Storage+USGS_12105900
2018,6,28,239.178440756448,Delta_Storage+USGS_12105900
2018,6,29,239.535603717102,Delta_Storage+USGS_12105900
2018,6,30,232.535603716974,Delta_Storage+USGS_12105900
2018,7,1,247.571348157894,Delta_Storage+USGS_12105900
2018,7,2,259.249929638157,Delta_Storage+USGS_12105900
2018,7,3,230.535603716974,Delta_Storage+USGS_12105900
2018,7,4,221.322597057933,Delta_Storage+USGS_12105900
2018,7,5,215.566439779113,Delta_Storage+USGS_12105900
2018,7,6,216.072479759168,Delta_Storage+USGS_12105900
2018,7,7,208.084559718904,Delta_Storage+USGS_12105900
2018,7,8,195.096639678893,Delta_Storage+USGS_12105900
2018,7,9,178.108719638625,Delta_Storage+USGS_12105900
2018,7,10,178.602679658698,Delta_Storage+USGS_12105900
2018,7,11,182.096639678893,Delta_Storage+USGS_12105900
2018,7,12,176.108719638625,Delta_Storage+USGS_12105900
2018,7,13,181.120799598489,Delta_Storage+USGS_12105900
2018,7,14,160.650999498145,Delta_Storage+USGS_12105900
2018,7,15,147.663079458002,Delta_Storage+USGS_12105900
2018,7,16,134.675159417866,Delta_Storage+USGS_12105900
2018,7,17,131.169119437932,Delta_Storage+USGS_12105900
2018,7,18,122.663079458005,Delta_Storage+USGS_12105900
2018,7,19,115.169119437936,Delta_Storage+USGS_12105900
2018,7,20,116.663079457877,Delta_Storage+USGS_12105900
2018,7,21,123.182756221666,Delta_Storage+USGS_12105900
2018,7,22,124.400321823981,Delta_Storage+USGS_12105900
2018,7,23,120.400321823981,Delta_Storage+USGS_12105900
2018,7,24,120.692617138442,Delta_Storage+USGS_12105900
2018,7,25,118.400321823981,Delta_Storage+USGS_12105900
2018,7,26,53.3081874215771,Delta_Storage+USGS_12105900
2018,7,27,110.231140566032,Delta_Storage+USGS_12105900
2018,7,28,110.23114056615,Delta_Storage+USGS_12105900
2018,7,29,111.231140566153,Delta_Storage+USGS_12105900
2018,7,30,121.52343588061,Delta_Storage+USGS_12105900
2018,7,31,103.061959308319,Delta_Storage+USGS_12105900
2018,8,1,103.061959308201,Delta_Storage+USGS_12105900
2018,8,2,100.404523897571,Delta_Storage+USGS_12105900
2018,8,3,116.791832144034,Delta_Storage+USGS_12105900
2018,8,4,110.755220997002,Delta_Storage+USGS_12105900
2018,8,5,111.755220997006,Delta_Storage+USGS_12105900
2018,8,6,110.718609849747,Delta_Storage+USGS_12105900
2018,8,7,102.645387555574,Delta_Storage+USGS_12105900
2018,8,8,87.5355541140312,Delta_Storage+USGS_12105900
2018,8,9,103.608776408432,Delta_Storage+USGS_12105900
2018,8,10,83.5355541140275,Delta_Storage+USGS_12105900
2018,8,11,89.0440852436435,Delta_Storage+USGS_12105900
2018,8,12,143.79123057155,Delta_Storage+USGS_12105900
2018,8,13,119.825378888049,Delta_Storage+USGS_12105900
2018,8,14,99.2390382146004,Delta_Storage+USGS_12105900
2018,8,15,102.618549224663,Delta_Storage+USGS_12105900
2018,8,16,115.61854922477,Delta_Storage+USGS_12105900
2018,8,17,91.8595272044347,Delta_Storage+USGS_12105900
2018,8,18,96.652697541049,Delta_Storage+USGS_12105900
2018,8,19,95.6526975411572,Delta_Storage+USGS_12105900
2018,8,20,86.8595272043265,Delta_Storage+USGS_12105900
2018,8,21,91.9376669217929,Delta_Storage+USGS_12105900
2018,8,22,110.935836278516,Delta_Storage+USGS_12105900
2018,8,23,96.7570747104741,Delta_Storage+USGS_12105900
2018,8,24,96.7570747103696,Delta_Storage+USGS_12105900
2018,8,25,95.7570747104741,Delta_Storage+USGS_12105900
2018,8,26,95.7570747103714,Delta_Storage+USGS_12105900
2018,8,27,74.5783131422246,Delta_Storage+USGS_12105900
2018,8,28,129.659288238802,Delta_Storage+USGS_12105900
2018,8,29,83.2123843184379,Delta_Storage+USGS_12105900
2018,8,30,88.2132637300143,Delta_Storage+USGS_12105900
2018,8,31,134.175630093398,Delta_Storage+USGS_12105900
2018,9,1,105.026549176253,Delta_Storage+USGS_12105900
2018,9,2,96.412526057195,Delta_Storage+USGS_12105900
2018,9,3,104.026549176253,Delta_Storage+USGS_12105900
2018,9,4,91.105514497519,Delta_Storage+USGS_12105900
2018,9,5,95.412526057195,Delta_Storage+USGS_12105900
2018,9,6,91.105514497519,Delta_Storage+USGS_12105900
2018,9,7,91.7985029379402,Delta_Storage+USGS_12105900
2018,9,8,97.8186717876126,Delta_Storage+USGS_12105900
2018,9,9,100.255466117258,Delta_Storage+USGS_12105900
2018,9,10,120.115969881988,Delta_Storage+USGS_12105900
2018,9,11,136.00437289386,Delta_Storage+USGS_12105900
2018,9,12,147.920675152606,Delta_Storage+USGS_12105900
2018,9,13,140.00437289386,Delta_Storage+USGS_12105900
2018,9,14,149.004372893771,Delta_Storage+USGS_12105900
2018,9,15,129.14386912913,Delta_Storage+USGS_12105900
2018,9,16,137.088070634933,Delta_Storage+USGS_12105900
2018,9,17,172.836977411536,Delta_Storage+USGS_12105900
2018,9,18,156.276272120662,Delta_Storage+USGS_12105900
2018,9,19,143.663180663682,Delta_Storage+USGS_12105900
2018,9,20,134.05967406024,Delta_Storage+USGS_12105900
2018,9,21,126.107044107655,Delta_Storage+USGS_12105900
2018,9,22,129.107044107657,Delta_Storage+USGS_12105900
2018,9,23,130.107044107657,Delta_Storage+USGS_12105900
2018,9,24,138.503537504213,Delta_Storage+USGS_12105900
2018,9,25,160.782112129942,Delta_Storage+USGS_12105900
2018,9,26,140.250598418874,Delta_Storage+USGS_12105900
2018,9,27,128.196823675375,Delta_Storage+USGS_12105900
2018,9,28,121.494307179658,Delta_Storage+USGS_12105900
2018,9,29,119.665929667374,Delta_Storage+USGS_12105900
2018,9,30,131.314769409747,Delta_Storage+USGS_12105900
2018,10,1,128.250164516608,Delta_Storage+USGS_12105900
2018,10,2,129.314769409749,Delta_Storage+USGS_12105900
2018,10,3,128.55994135304,Delta_Storage+USGS_12105900
2018,10,4,140.126043958832,Delta_Storage+USGS_12105900
2018,10,5,132.69063881456,Delta_Storage+USGS_12105900
2018,10,6,157.996854247184,Delta_Storage+USGS_12105900
2018,10,7,153.399473676365,Delta_Storage+USGS_12105900
2018,10,8,151.100380426828,Delta_Storage+USGS_12105900
2018,10,9,179.225599535331,Delta_Storage+USGS_12105900
2018,10,10,241.146552054527,Delta_Storage+USGS_12105900
2018,10,11,175.778292441855,Delta_Storage+USGS_12105900
2018,10,12,173.306123149918,Delta_Storage+USGS_12105900
2018,10,13,152.777229553613,Delta_Storage+USGS_12105900
2018,10,14,132.810312312044,Delta_Storage+USGS_12105900
2018,10,15,138.169904748801,Delta_Storage+USGS_12105900
2018,10,16,96.1081708498132,Delta_Storage+USGS_12105900
2018,10,17,80.5124542506819,Delta_Storage+USGS_12105900
2018,10,18,92.6497000561634,Delta_Storage+USGS_12105900
2018,10,19,51.8675719754762,Delta_Storage+USGS_12105900
2018,10,20,76.0302501031449,Delta_Storage+USGS_12105900
2018,10,21,80.1489002219969,Delta_Storage+USGS_12105900
2018,10,22,85.6573722197566,Delta_Storage+USGS_12105900
2018,10,23,103.657372219794,Delta_Storage+USGS_12105900
2018,10,24,91.54989250621,Delta_Storage+USGS_12105900
2018,10,25,94.9965716833073,Delta_Storage+USGS_12105900
2018,10,26,219.607013785367,Delta_Storage+USGS_12105900
2018,10,27,258.087749755245,Delta_Storage+USGS_12105900
2018,10,28,533.96917755177,Delta_Storage+USGS_12105900
2018,10,29,748.542380866303,Delta_Storage+USGS_12105900
2018,10,30,455.755288196354,Delta_Storage+USGS_12105900
2018,10,31,460.753788580015,Delta_Storage+USGS_12105900
2018,11,1,894.456942539878,Delta_Storage+USGS_12105900
2018,11,2,1526.29989867804,Delta_Storage+USGS_12105900
2018,11,3,1379.04023741698,Delta_Storage+USGS_12105900
2018,11,4,1373.61002991716,Delta_Storage+USGS_12105900
2018,11,5,3355.33205177407,Delta_Storage+USGS_12105900
2018,11,6,2335.42480526516,Delta_Storage+USGS_12105900
2018,11,7,1487.50400605611,Delta_Storage+USGS_12105900
2018,11,8,988.829330627742,Delta_Storage+USGS_12105900
2018,11,9,801.15634278318,Delta_Storage+USGS_12105900
2018,11,10,797.108842488193,Delta_Storage+USGS_12105900
2018,11,11,660.116508333028,Delta_Storage+USGS_12105900
2018,11,12,479.633535595074,Delta_Storage+USGS_12105900
2018,11,13,361.436520416273,Delta_Storage+USGS_12105900
2018,11,14,417.59165876004,Delta_Storage+USGS_12105900
2018,11,15,467.417194712376,Delta_Storage+USGS_12105900
2018,11,16,416.587983919066,Delta_Storage+USGS_12105900
2018,11,17,434.150315503317,Delta_Storage+USGS_12105900
2018,11,18,363.156682396386,Delta_Storage+USGS_12105900
2018,11,19,326.292245659155,Delta_Storage+USGS_12105900
2018,11,20,379.070531539516,Delta_Storage+USGS_12105900
2018,11,21,293.965990074914,Delta_Storage+USGS_12105900
2018,11,22,301.054020634292,Delta_Storage+USGS_12105900
2018,11,23,517.171995785945,Delta_Storage+USGS_12105900
2018,11,24,579.987266213861,Delta_Storage+USGS_12105900
2018,11,25,544.766929149841,Delta_Storage+USGS_12105900
2018,11,26,582.786346676611,Delta_Storage+USGS_12105900
2018,11,27,1477.72945045607,Delta_Storage+USGS_12105900
2018,11,28,2717.7342593799,Delta_Storage+USGS_12105900
2018,11,29,1148.56644905023,Delta_Storage+USGS_12105900
2018,11,30,1243.99936331069,Delta_Storage+USGS_12105900
2018,12,1,1098.00509351446,Delta_Storage+USGS_12105900
2018,12,2,686.830645339899,Delta_Storage+USGS_12105900
2018,12,3,830.464892152261,Delta_Storage+USGS_12105900
2018,12,4,567.769224864845,Delta_Storage+USGS_12105900
2018,12,5,658.997488310652,Delta_Storage+USGS_12105900
2018,12,6,550.691851639407,Delta_Storage+USGS_12105900
2018,12,7,504.829414914467,Delta_Storage+USGS_12105900
2018,12,8,498.214106307905,Delta_Storage+USGS_12105900
2018,12,9,439.080042836807,Delta_Storage+USGS_12105900
2018,12,10,529.692839754031,Delta_Storage+USGS_12105900
2018,12,11,732.829414914472,Delta_Storage+USGS_12105900
2018,12,12,2507.05923047953,Delta_Storage+USGS_12105900
2018,12,13,1974.6949438251,Delta_Storage+USGS_12105900
2018,12,14,1514.91874484197,Delta_Storage+USGS_12105900
2018,12,15,1445.42688715945,Delta_Storage+USGS_12105900
2018,12,16,1039.78753319036,Delta_Storage+USGS_12105900
2018,12,17,1053.14394861025,Delta_Storage+USGS_12105900
2018,12,18,2194.55356004142,Delta_Storage+USGS_12105900
2018,12,19,4209.25869385116,Delta_Storage+USGS_12105900
2018,12,20,2838.02149903511,Delta_Storage+USGS_12105900
2018,12,21,1731.18667509775,Delta_Storage+USGS_12105900
2018,12,22,1623.44393829129,Delta_Storage+USGS_12105900
2018,12,23,1420.82657821566,Delta_Storage+USGS_12105900
2018,12,24,1222.95172873571,Delta_Storage+USGS_12105900
2018,12,25,1143.93172867716,Delta_Storage+USGS_12105900
2018,12,26,911.592811419549,Delta_Storage+USGS_12105900
2018,12,27,824.371641730961,Delta_Storage+USGS_12105900
2018,12,28,819.720379740521,Delta_Storage+USGS_12105900
2018,12,29,1886.27754998009,Delta_Storage+USGS_12105900
2018,12,30,5714.29839339531,Delta_Storage+USGS_12105900
2018,12,31,4332.58949752531,Delta_Storage+USGS_12105900
2019,1,1,2588.69783680905,Delta_Storage+USGS_12105900
2019,1,2,1887.8626740156,Delta_Storage+USGS_12105900
2019,1,3,1379.19463081603,Delta_Storage+USGS_12105900
2019,1,4,2485.02221710078,Delta_Storage+USGS_12105900
2019,1,5,2526.81948633818,Delta_Storage+USGS_12105900
2019,1,6,2102.32631324473,Delta_Storage+USGS_12105900
2019,1,7,1372.04388897761,Delta_Storage+USGS_12105900
2019,1,8,1346.58152464473,Delta_Storage+USGS_12105900
2019,1,9,1151.24488983327,Delta_Storage+USGS_12105900
2019,1,10,1174.2141063079,Delta_Storage+USGS_12105900
2019,1,11,948.140074964418,Delta_Storage+USGS_12105900
2019,1,12,1016.10857484878,Delta_Storage+USGS_12105900
2019,1,13,961.701915750597,Delta_Storage+USGS_12105900
2019,1,14,923.998726621391,Delta_Storage+USGS_12105900
2019,1,15,833.442669548935,Delta_Storage+USGS_12105900
2019,1,16,614.81864476981,Delta_Storage+USGS_12105900
2019,1,17,760.18390198742,Delta_Storage+USGS_12105900
2019,1,18,723.712102779519,Delta_Storage+USGS_12105900
2019,1,19,937.69745892546,Delta_Storage+USGS_12105900
2019,1,20,1232.48388750694,Delta_Storage+USGS_12105900
2019,1,21,1199.33765338785,Delta_Storage+USGS_12105900
2019,1,22,987.857774311697,Delta_Storage+USGS_12105900
2019,1,23,2345.75088116163,Delta_Storage+USGS_12105900
2019,1,24,4518.39109985822,Delta_Storage+USGS_12105900
2019,1,25,2358.6827326957,Delta_Storage+USGS_12105900
2019,1,26,1884.83311528598,Delta_Storage+USGS_12105900
2019,1,27,1646.16268936018,Delta_Storage+USGS_12105900
2019,1,28,1397.17010971486,Delta_Storage+USGS_12105900
2019,1,29,1150.63667060294,Delta_Storage+USGS_12105900
2019,1,30,954.265664915128,Delta_Storage+USGS_12105900
2019,1,31,909.295232996162,Delta_Storage+USGS_12105900
2019,2,1,916.871968622446,Delta_Storage+USGS_12105900
2019,2,2,987.998726621378,Delta_Storage+USGS_12105900
2019,2,3,1027.27898357018,Delta_Storage+USGS_12105900
2019,2,4,940.71528622606,Delta_Storage+USGS_12105900
2019,2,5,851.288533909779,Delta_Storage+USGS_12105900
2019,2,6,801.001273378622,Delta_Storage+USGS_12105900
2019,2,7,695.861144904214,Delta_Storage+USGS_12105900
2019,2,8,653.422932180429,Delta_Storage+USGS_12105900
2019,2,9,684.26688647334,Delta_Storage+USGS_12105900
2019,2,10,662.930764500392,Delta_Storage+USGS_12105900
2019,2,11,638.553727946353,Delta_Storage+USGS_12105900
2019,2,12,594.446691540988,Delta_Storage+USGS_12105900
2019,2,13,607.660344864394,Delta_Storage+USGS_12105900
2019,2,14,613.893383081959,Delta_Storage+USGS_12105900
2019,2,15,539.339655135623,Delta_Storage+USGS_12105900
2019,2,16,503.630848035765,Delta_Storage+USGS_12105900
2019,2,17,486.417194712359,Delta_Storage+USGS_12105900
2019,2,18,458.737464953789,Delta_Storage+USGS_12105900
2019,2,19,450.538967353074,Delta_Storage+USGS_12105900
2019,2,20,429.865601729364,Delta_Storage+USGS_12105900
2019,2,21,412.287897220494,Delta_Storage+USGS_12105900
2019,2,22,398.428025694876,Delta_Storage+USGS_12105900
2019,2,23,407.709556022288,Delta_Storage+USGS_12105900
2019,2,24,399.139491785084,Delta_Storage+USGS_12105900
2019,2,25,372.284713773953,Delta_Storage+USGS_12105900
2019,2,26,361.426115626957,Delta_Storage+USGS_12105900
2019,2,27,356.855414700455,Delta_Storage+USGS_12105900
2019,2,28,348.856688079064,Delta_Storage+USGS_12105900
2019,3,1,332.143311920936,Delta_Storage+USGS_12105900
2019,3,2,323.712739468816,Delta_Storage+USGS_12105900
2019,3,3,329.712102779519,Delta_Storage+USGS_12105900
2019,3,4,312.857324768374,Delta_Storage+USGS_12105900
2019,3,5,300.143311920936,Delta_Storage+USGS_12105900
2019,3,6,295.349314950142,Delta_Storage+USGS_12105900
2019,3,7,313.388536858428,Delta_Storage+USGS_12105900
2019,3,8,307.165191087925,Delta_Storage+USGS_12105900
2019,3,9,297.446691540988,Delta_Storage+USGS_12105900
2019,3,10,287.475768882276,Delta_Storage+USGS_12105900
2019,3,11,285.485461329356,Delta_Storage+USGS_12105900
2019,3,12,307.670037311473,Delta_Storage+USGS_12105900
2019,3,13,346.048881722804,Delta_Storage+USGS_12105900
2019,3,14,335.340074622963,Delta_Storage+USGS_12105900
2019,3,15,335.802947237791,Delta_Storage+USGS_12105900
2019,3,16,372.857440457985,Delta_Storage+USGS_12105900
2019,3,17,442.068271322818,Delta_Storage+USGS_12105900
2019,3,18,642.723587098506,Delta_Storage+USGS_12105900
2019,3,19,1019.62339841623,Delta_Storage+USGS_12105900
2019,3,20,1257.89945474096,Delta_Storage+USGS_12105900
2019,3,21,1352.37087754353,Delta_Storage+USGS_12105900
2019,3,22,1291.28612322536,Delta_Storage+USGS_12105900
2019,3,23,1344.61020379178,Delta_Storage+USGS_12105900
2019,3,24,1344.54981918078,Delta_Storage+USGS_12105900
2019,3,25,1155.89023549746,Delta_Storage+USGS_12105900
2019,3,26,1207.73648819508,Delta_Storage+USGS_12105900
2019,3,27,1141.72876420756,Delta_Storage+USGS_12105900
2019,3,28,994.68515874781,Delta_Storage+USGS_12105900
2019,3,29,982.858860103809,Delta_Storage+USGS_12105900
2019,3,30,955.49980505723,Delta_Storage+USGS_12105900
2019,3,31,965.082553216283,Delta_Storage+USGS_12105900
2019,4,1,996.968877014749,Delta_Storage+USGS_12105900
2019,4,2,1036.9748025644,Delta_Storage+USGS_12105900
2019,4,3,1091.26467092874,Delta_Storage+USGS_12105900
2019,4,4,1194.90372643205,Delta_Storage+USGS_12105900
2019,4,5,1262.98283182216,Delta_Storage+USGS_12105900
2019,4,6,1222.85560101077,Delta_Storage+USGS_12105900
2019,4,7,1181.12582478615,Delta_Storage+USGS_12105900
2019,4,8,1039.91072581178,Delta_Storage+USGS_12105900
2019,4,9,1744.37968634581,Delta_Storage+USGS_12105900
2019,4,10,3050.73017296784,Delta_Storage+USGS_12105900
2019,4,11,4092.66653929669,Delta_Storage+USGS_12105900
2019,4,12,4366.98321468312,Delta_Storage+USGS_12105900
2019,4,13,3846.05162072824,Delta_Storage+USGS_12105900
2019,4,14,3182.94140219264,Delta_Storage+USGS_12105900
2019,4,15,2407.24940550611,Delta_Storage+USGS_12105900
2019,4,16,1795.54916720726,Delta_Storage+USGS_12105900
2019,4,17,1701.83055735741,Delta_Storage+USGS_12105900
2019,4,18,1667.30650227027,Delta_Storage+USGS_12105900
2019,4,19,1737.59939144753,Delta_Storage+USGS_12105900
2019,4,20,1928.25839209623,Delta_Storage+USGS_12105900
2019,4,21,1893.58960856846,Delta_Storage+USGS_12105900
2019,4,22,1561.69181257843,Delta_Storage+USGS_12105900
2019,4,23,1516.36853760999,Delta_Storage+USGS_12105900
2019,4,24,1516.36853760987,Delta_Storage+USGS_12105900
2019,4,25,1428.15328915083,Delta_Storage+USGS_12105900
2019,4,26,1203.47656411939,Delta_Storage+USGS_12105900
2019,4,27,1193.44558446529,Delta_Storage+USGS_12105900
2019,4,28,1158.69181257843,Delta_Storage+USGS_12105900
2019,4,29,917.169938892098,Delta_Storage+USGS_12105900
2019,4,30,908.770480762886,Delta_Storage+USGS_12105900
2019,5,1,837.312760622273,Delta_Storage+USGS_12105900
2019,5,2,770.830880562064,Delta_Storage+USGS_12105900
2019,5,3,720.324840582134,Delta_Storage+USGS_12105900
2019,5,4,733.288600702552,Delta_Storage+USGS_12105900
2019,5,5,727.794640682607,Delta_Storage+USGS_12105900
2019,5,6,750.770480762757,Delta_Storage+USGS_12105900
2019,5,7,840.710080963579,Delta_Storage+USGS_12105900
2019,5,8,905.204040983645,Delta_Storage+USGS_12105900
2019,5,9,980.384838729543,Delta_Storage+USGS_12105900
2019,5,10,999.428933289739,Delta_Storage+USGS_12105900
2019,5,11,971.321699967242,Delta_Storage+USGS_12105900
2019,5,12,967.35744440803,Delta_Storage+USGS_12105900
2019,5,13,932.714607368556,Delta_Storage+USGS_12105900
2019,5,14,845.928792565924,Delta_Storage+USGS_12105900
2019,5,15,801.821559243555,Delta_Storage+USGS_12105900
2019,5,16,808.96425555908,Delta_Storage+USGS_12105900
2019,5,17,1077.28567407895,Delta_Storage+USGS_12105900
2019,5,18,769.249648190652,Delta_Storage+USGS_12105900
2019,5,19,733.357162960529,Delta_Storage+USGS_12105900
2019,5,20,733.392907401314,Delta_Storage+USGS_12105900
2019,5,21,754.500140723818,Delta_Storage+USGS_12105900
2019,5,22,653.107233322369,Delta_Storage+USGS_12105900
2019,5,23,693.250211085661,Delta_Storage+USGS_12105900
2019,5,24,619.07148888158,Delta_Storage+USGS_12105900
2019,5,25,606.714325921055,Delta_Storage+USGS_12105900
2019,5,26,592.357162960526,Delta_Storage+USGS_12105900
2019,5,27,546.92851111842,Delta_Storage+USGS_12105900
2019,5,28,475.857022236839,Delta_Storage+USGS_12105900
2019,5,29,491.285674078817,Delta_Storage+USGS_12105900
2019,5,30,430.571348157894,Delta_Storage+USGS_12105900
2019,5,31,433.357162960526,Delta_Storage+USGS_12105900
2019,6,1,435.714325921055,Delta_Storage+USGS_12105900
2019,6,2,424.357162960526,Delta_Storage+USGS_12105900
2019,6,3,380.964255559212,Delta_Storage+USGS_12105900
2019,6,4,375.321418519737,Delta_Storage+USGS_12105900
2019,6,5,338.607092598682,Delta_Storage+USGS_12105900
2019,6,6,361,Delta_Storage+USGS_12105900
2019,6,7,365.642837039471,Delta_Storage+USGS_12105900
2019,6,8,447.785814802635,Delta_Storage+USGS_12105900
2019,6,9,391,Delta_Storage+USGS_12105900
2019,6,10,314.892766677631,Delta_Storage+USGS_12105900
2019,6,11,310.92851111842,Delta_Storage+USGS_12105900
2019,6,12,307.607092598682,Delta_Storage+USGS_12105900
2019,6,13,286.607092598554,Delta_Storage+USGS_12105900
2019,6,14,259.607092598682,Delta_Storage+USGS_12105900
2019,6,15,263.642837039474,Delta_Storage+USGS_12105900
2019,6,16,263.642837039471,Delta_Storage+USGS_12105900
2019,6,17,235.607092598682,Delta_Storage+USGS_12105900
2019,6,18,260.321418519737,Delta_Storage+USGS_12105900
2019,6,19,250.607092598686,Delta_Storage+USGS_12105900
2019,6,20,375.500140723686,Delta_Storage+USGS_12105900
2019,6,21,316.714325921051,Delta_Storage+USGS_12105900
2019,6,22,267.642837039474,Delta_Storage+USGS_12105900
2019,6,23,250.607092598682,Delta_Storage+USGS_12105900
2019,6,24,256.285674078949,Delta_Storage+USGS_12105900
2019,6,25,216.249929638157,Delta_Storage+USGS_12105900
2019,6,26,246.642837039471,Delta_Storage+USGS_12105900
2019,6,27,326.392907401318,Delta_Storage+USGS_12105900
2019,6,28,252.249929638029,Delta_Storage+USGS_12105900
2019,6,29,235.607092598682,Delta_Storage+USGS_12105900
2019,6,30,228.92851111842,Delta_Storage+USGS_12105900
2019,7,1,227.571348157894,Delta_Storage+USGS_12105900
2019,7,2,210.53560371697,Delta_Storage+USGS_12105900
2019,7,3,229.892766677631,Delta_Storage+USGS_12105900
2019,7,4,216.857022236711,Delta_Storage+USGS_12105900
2019,7,5,183.821277796047,Delta_Storage+USGS_12105900
2019,7,6,206.892766677503,Delta_Storage+USGS_12105900
2019,7,7,195.535603717102,Delta_Storage+USGS_12105900
2019,7,8,212.57134815789,Delta_Storage+USGS_12105900
2019,7,9,195.535603716974,Delta_Storage+USGS_12105900
2019,7,10,211.892766677631,Delta_Storage+USGS_12105900
2019,7,11,243.607092598682,Delta_Storage+USGS_12105900
2019,7,12,199.535603716974,Delta_Storage+USGS_12105900
2019,7,13,195.768732677354,Delta_Storage+USGS_12105900
2019,7,14,186.072479759043,Delta_Storage+USGS_12105900
2019,7,15,186.072479759168,Delta_Storage+USGS_12105900
2019,7,16,201.554359819377,Delta_Storage+USGS_12105900
2019,7,17,208.554359819248,Delta_Storage+USGS_12105900
2019,7,18,237.048319839446,Delta_Storage+USGS_12105900
2019,7,19,231.554359819377,Delta_Storage+USGS_12105900
2019,7,20,192.566439779113,Delta_Storage+USGS_12105900
2019,7,21,198.060399799307,Delta_Storage+USGS_12105900
2019,7,22,191.072479759043,Delta_Storage+USGS_12105900
2019,7,23,180.590599698962,Delta_Storage+USGS_12105900
2019,7,24,165.602679658695,Delta_Storage+USGS_12105900
2019,7,25,173.590599698838,Delta_Storage+USGS_12105900
2019,7,26,171.602679658819,Delta_Storage+USGS_12105900
2019,7,27,164.120799598489,Delta_Storage+USGS_12105900
2019,7,28,158.62683957842,Delta_Storage+USGS_12105900
2019,7,29,153.13287955835,Delta_Storage+USGS_12105900
2019,7,30,152.63891953828,Delta_Storage+USGS_12105900
2019,7,31,144.650999498145,Delta_Storage+USGS_12105900
2019,8,1,139.157039478071,Delta_Storage+USGS_12105900
2019,8,2,159.63891953828,Delta_Storage+USGS_12105900
2019,8,3,157.144959518214,Delta_Storage+USGS_12105900
2019,8,4,139.404824415196,Delta_Storage+USGS_12105900
2019,8,5,134.815731195067,Delta_Storage+USGS_12105900
2019,8,6,130.815731195067,Delta_Storage+USGS_12105900
2019,8,7,130.815731195064,Delta_Storage+USGS_12105900
2019,8,8,132.815731195067,Delta_Storage+USGS_12105900
2019,8,9,125.231140566032,Delta_Storage+USGS_12105900
2019,8,10,141.108026509524,Delta_Storage+USGS_12105900
2019,8,11,146.400321823985,Delta_Storage+USGS_12105900
2019,8,12,153.984912452895,Delta_Storage+USGS_12105900
2019,8,13,138.400321823985,Delta_Storage+USGS_12105900
2019,8,14,134.815731195067,Delta_Storage+USGS_12105900
2019,8,15,126.938845251693,Delta_Storage+USGS_12105900
2019,8,16,119.364062845569,Delta_Storage+USGS_12105900
2019,8,17,123.718609849747,Delta_Storage+USGS_12105900
2019,8,18,123.718609849861,Delta_Storage+USGS_12105900
2019,8,19,113.64538755546,Delta_Storage+USGS_12105900
2019,8,20,113.645387555574,Delta_Storage+USGS_12105900
2019,8,21,124.64538755546,Delta_Storage+USGS_12105900
2019,8,22,160.865054438439,Delta_Storage+USGS_12105900
2019,8,23,131.681998702719,Delta_Storage+USGS_12105900
2019,8,24,117.572165261173,Delta_Storage+USGS_12105900
2019,8,25,112.535554114141,Delta_Storage+USGS_12105900
2019,8,26,112.279575242538,Delta_Storage+USGS_12105900
2019,8,27,121.686845857435,Delta_Storage+USGS_12105900
2019,8,28,118.10050518399,Delta_Storage+USGS_12105900
2019,8,29,113.720994173934,Delta_Storage+USGS_12105900
2019,8,30,111.9278238371,Delta_Storage+USGS_12105900
2019,8,31,102.341483163658,Delta_Storage+USGS_12105900
2019,9,1,107.134653500377,Delta_Storage+USGS_12105900
2019,9,2,99.785551704904,Delta_Storage+USGS_12105900
2019,9,3,111.220790005933,Delta_Storage+USGS_12105900
2019,9,4,108.676099613896,Delta_Storage+USGS_12105900
2019,9,5,99.5867188297212,Delta_Storage+USGS_12105900
2019,9,6,103.586718829824,Delta_Storage+USGS_12105900
2019,9,7,101.042028437786,Delta_Storage+USGS_12105900
2019,9,8,104.586718829824,Delta_Storage+USGS_12105900
2019,9,9,145.501115308415,Delta_Storage+USGS_12105900
2019,9,10,145.105514497519,Delta_Storage+USGS_12105900
2019,9,11,133.184479818882,Delta_Storage+USGS_12105900
2019,9,12,130.263445140048,Delta_Storage+USGS_12105900
2019,9,13,151.491491378363,Delta_Storage+USGS_12105900
2019,9,14,139.263445140048,Delta_Storage+USGS_12105900
2019,9,15,143.570456699629,Delta_Storage+USGS_12105900
2019,9,16,234.017699450867,Delta_Storage+USGS_12105900
2019,9,17,188.990919531818,Delta_Storage+USGS_12105900
2019,9,18,252.836977411444,Delta_Storage+USGS_12105900
2019,9,19,230.311264611457,Delta_Storage+USGS_12105900
2019,9,20,213.67395482298,Delta_Storage+USGS_12105900
2019,9,21,180.980846540576,Delta_Storage+USGS_12105900
2019,9,22,159.120342775848,Delta_Storage+USGS_12105900
2019,9,23,184.19685787518,Delta_Storage+USGS_12105900
2019,9,24,202.373731374865,Delta_Storage+USGS_12105900
2019,9,25,185.373731374781,Delta_Storage+USGS_12105900
2019,9,26,192.675484676586,Delta_Storage+USGS_12105900
2019,9,27,372.964933965402,Delta_Storage+USGS_12105900
2019,9,28,326.391569602083,Delta_Storage+USGS_12105900
2019,9,29,366.490862350498,Delta_Storage+USGS_12105900
2019,9,30,359.032054615489,Delta_Storage+USGS_12105900
2019,10,1,286.601856666809,Delta_Storage+USGS_12105900
2019,10,2,250.089274188147,Delta_Storage+USGS_12105900
2019,10,3,221.237672532519,Delta_Storage+USGS_12105900
2019,10,4,227.927140051267,Delta_Storage+USGS_12105900
2019,10,5,215.862535158196,Delta_Storage+USGS_12105900
2019,10,6,213.927140051267,Delta_Storage+USGS_12105900
2019,10,7,218.672048411806,Delta_Storage+USGS_12105900
2019,10,8,339.856491971504,Delta_Storage+USGS_12105900
2019,10,9,448.269551987328,Delta_Storage+USGS_12105900
2019,10,10,386.221715977807,Delta_Storage+USGS_12105900
2019,10,11,349.668293686176,Delta_Storage+USGS_12105900
2019,10,12,318.926673109345,Delta_Storage+USGS_12105900
2019,10,13,312.555448308098,Delta_Storage+USGS_12105900
2019,10,14,283.214056628364,Delta_Storage+USGS_12105900
2019,10,15,308.759351822222,Delta_Storage+USGS_12105900
2019,10,16,258.599792609961,Delta_Storage+USGS_12105900
2019,10,17,294.190548764598,Delta_Storage+USGS_12105900
2019,10,18,289.000430538373,Delta_Storage+USGS_12105900
2019,10,19,543.595059113113,Delta_Storage+USGS_12105900
2019,10,20,1864.05733087319,Delta_Storage+USGS_12105900
2019,10,21,1741.02483868162,Delta_Storage+USGS_12105900
2019,10,22,4601.04817487332,Delta_Storage+USGS_12105900
2019,10,23,4637.09271732817,Delta_Storage+USGS_12105900
2019,10,24,2025.6980205132,Delta_Storage+USGS_12105900
2019,10,25,1188.65048966925,Delta_Storage+USGS_12105900
2019,10,26,1345.42750551587,Delta_Storage+USGS_12105900
2019,10,27,1217.25623570419,Delta_Storage+USGS_12105900
2019,10,28,839.482322055857,Delta_Storage+USGS_12105900
2019,10,29,760.584383507015,Delta_Storage+USGS_12105900
2019,10,30,740.25684732043,Delta_Storage+USGS_12105900
2019,10,31,692.116473683631,Delta_Storage+USGS_12105900
2019,11,1,548.288984061365,Delta_Storage+USGS_12105900
2019,11,2,588.804517397921,Delta_Storage+USGS_12105900
2019,11,3,570.943690159442,Delta_Storage+USGS_12105900
2019,11,4,540.690633890576,Delta_Storage+USGS_12105900
2019,11,5,460.449042015475,Delta_Storage+USGS_12105900
2019,11,6,458.856581393674,Delta_Storage+USGS_12105900
2019,11,7,402.149794115765,Delta_Storage+USGS_12105900
2019,11,8,386.794779977854,Delta_Storage+USGS_12105900
2019,11,9,386.712534149102,Delta_Storage+USGS_12105900
2019,11,10,413.870318338928,Delta_Storage+USGS_12105900
2019,11,11,398.282530051779,Delta_Storage+USGS_12105900
2019,11,12,372.243305854387,Delta_Storage+USGS_12105900
2019,11,13,380.368892162228,Delta_Storage+USGS_12105900
2019,11,14,380.07499810309,Delta_Storage+USGS_12105900
2019,11,15,363.447305328473,Delta_Storage+USGS_12105900
2019,11,16,419.855491565928,Delta_Storage+USGS_12105900
2019,11,17,404.843895234092,Delta_Storage+USGS_12105900
2019,11,18,586.144231209339,Delta_Storage+USGS_12105900
2019,11,19,681.725113898808,Delta_Storage+USGS_12105900
2019,11,20,756.598416859119,Delta_Storage+USGS_12105900
2019,11,21,698.524321033576,Delta_Storage+USGS_12105900
2019,11,22,655.931779079455,Delta_Storage+USGS_12105900
2019,11,23,575.376205016857,Delta_Storage+USGS_12105900
2019,11,24,558.283499063604,Delta_Storage+USGS_12105900
2019,11,25,630.705527364801,Delta_Storage+USGS_12105900
2019,11,26,623.989888065563,Delta_Storage+USGS_12105900
2019,11,27,554.232618730241,Delta_Storage+USGS_12105900
2019,11,28,565.281500453063,Delta_Storage+USGS_12105900
2019,11,29,507.611463141572,Delta_Storage+USGS_12105900
2019,11,30,500.533923564837,Delta_Storage+USGS_12105900
2019,12,1,479.845118196608,Delta_Storage+USGS_12105900
2019,12,2,498.863054972133,Delta_Storage+USGS_12105900
2019,12,3,445.015280543382,Delta_Storage+USGS_12105900
2019,12,4,433.853496747223,Delta_Storage+USGS_12105900
2019,12,5,517.023510513172,Delta_Storage+USGS_12105900
2019,12,6,485.678840538145,Delta_Storage+USGS_12105900
2019,12,7,468.896446650022,Delta_Storage+USGS_12105900
2019,12,8,532.976367935626,Delta_Storage+USGS_12105900
2019,12,9,520.56497072273,Delta_Storage+USGS_12105900
2019,12,10,498.856688079077,Delta_Storage+USGS_12105900
2019,12,11,514.428025694876,Delta_Storage+USGS_12105900
2019,12,12,567.426115626957,Delta_Storage+USGS_12105900
2019,12,13,987.543425926101,Delta_Storage+USGS_12105900
2019,12,14,1231.19352360401,Delta_Storage+USGS_12105900
2019,12,15,1284.4628558904,Delta_Storage+USGS_12105900
2019,12,16,912.373117334223,Delta_Storage+USGS_12105900
2019,12,17,744.419436973579,Delta_Storage+USGS_12105900
2019,12,18,693.876425447596,Delta_Storage+USGS_12105900
2019,12,19,756.721016429819,Delta_Storage+USGS_12105900
2019,12,20,2607.31516460808,Delta_Storage+USGS_12105900
2019,12,21,4619.02539917436,Delta_Storage+USGS_12105900
2019,12,22,3461.90596216591,Delta_Storage+USGS_12105900
2019,12,23,1757.09743998999,Delta_Storage+USGS_12105900
2019,12,24,1594.66185436633,Delta_Storage+USGS_12105900
2019,12,25,1539.00751434742,Delta_Storage+USGS_12105900
2019,12,26,1118.82598642183,Delta_Storage+USGS_12105900
2019,12,27,988.20970151004,Delta_Storage+USGS_12105900
2019,12,28,988.247164964209,Delta_Storage+USGS_12105900
2019,12,29,892.221276653003,Delta_Storage+USGS_12105900
2019,12,30,774.892124619954,Delta_Storage+USGS_12105900
2019,12,31,822.435002161102,Delta_Storage+USGS_12105900
2020,1,1,4098.69039504542,Delta_Storage+USGS_12105900
2020,1,2,6438.40041296923,Delta_Storage+USGS_12105900
2020,1,3,3423.3133209142,Delta_Storage+USGS_12105900
2020,1,4,2554.12295623755,Delta_Storage+USGS_12105900
2020,1,5,2246.2725433331,Delta_Storage+USGS_12105900
2020,1,6,2363.30781680342,Delta_Storage+USGS_12105900
2020,1,7,7322.70583474777,Delta_Storage+USGS_12105900
2020,1,8,7242.29341723548,Delta_Storage+USGS_12105900
2020,1,9,4059.58754186566,Delta_Storage+USGS_12105900
2020,1,10,2674.37640212741,Delta_Storage+USGS_12105900
2020,1,11,2256.79913484014,Delta_Storage+USGS_12105900
2020,1,12,2153.3939036574,Delta_Storage+USGS_12105900
2020,1,13,1008.15352219987,Delta_Storage+USGS_12105900
2020,1,14,1486.5878915378,Delta_Storage+USGS_12105900
2020,1,15,1238.3718777699,Delta_Storage+USGS_12105900
2020,1,16,1212.48990382362,Delta_Storage+USGS_12105900
2020,1,17,1049.71592291536,Delta_Storage+USGS_12105900
2020,1,18,1031.13694502787,Delta_Storage+USGS_12105900
2020,1,19,894.003820135839,Delta_Storage+USGS_12105900
2020,1,20,924.134398270636,Delta_Storage+USGS_12105900
2020,1,21,958.138218406476,Delta_Storage+USGS_12105900
2020,1,22,967.147768746086,Delta_Storage+USGS_12105900
2020,1,23,2647.18244545314,Delta_Storage+USGS_12105900
2020,1,24,5195.25689795771,Delta_Storage+USGS_12105900
2020,1,25,4062.94418769491,Delta_Storage+USGS_12105900
2020,1,26,3207.79166409916,Delta_Storage+USGS_12105900
2020,1,27,2665.78277058265,Delta_Storage+USGS_12105900
2020,1,28,2594.75755744041,Delta_Storage+USGS_12105900
2020,1,29,2867.48751930552,Delta_Storage+USGS_12105900
2020,1,30,3134.63645986953,Delta_Storage+USGS_12105900
2020,1,31,4008.60177069449,Delta_Storage+USGS_12105900
2020,2,1,7888.11993123763,Delta_Storage+USGS_12105900
2020,2,2,9575.47360509014,Delta_Storage+USGS_12105900
2020,2,3,5219.97820919573,Delta_Storage+USGS_12105900
2020,2,4,3042.15652960211,Delta_Storage+USGS_12105900
2020,2,5,3622.64425331505,Delta_Storage+USGS_12105900
2020,2,6,4812.95424357231,Delta_Storage+USGS_12105900
2020,2,7,20998.341244724,Delta_Storage+USGS_12105900
2020,2,8,15597.4268237158,Delta_Storage+USGS_12105900
2020,2,9,8296.77772626219,Delta_Storage+USGS_12105900
2020,2,10,4961.37363635058,Delta_Storage+USGS_12105900
2020,2,11,3177.41672405283,Delta_Storage+USGS_12105900
2020,2,12,2350.22006843779,Delta_Storage+USGS_12105900
2020,2,13,1952.73547111011,Delta_Storage+USGS_12105900
2020,2,14,1476.75322623957,Delta_Storage+USGS_12105900
2020,2,15,1506.17448710683,Delta_Storage+USGS_12105900
2020,2,16,1550.88376472617,Delta_Storage+USGS_12105900
2020,2,17,665.842922891022,Delta_Storage+USGS_12105900
2020,2,18,1110.65106881416,Delta_Storage+USGS_12105900
2020,2,19,1279.99713935797,Delta_Storage+USGS_12105900
2020,2,20,1041.4000548444,Delta_Storage+USGS_12105900
2020,2,21,947.648953037672,Delta_Storage+USGS_12105900
2020,2,22,988.006481884413,Delta_Storage+USGS_12105900
2020,2,23,963.159865842914,Delta_Storage+USGS_12105900
2020,2,24,894.675328874436,Delta_Storage+USGS_12105900
2020,2,25,811.75524357767,Delta_Storage+USGS_12105900
2020,2,26,912.118481037956,Delta_Storage+USGS_12105900
2020,2,27,837.663443193941,Delta_Storage+USGS_12105900
2020,2,28,804.82595543966,Delta_Storage+USGS_12105900
2020,2,29,883.005307589768,Delta_Storage+USGS_12105900
2020,3,1,920.07151596342,Delta_Storage+USGS_12105900
2020,3,2,889.730075286876,Delta_Storage+USGS_12105900
2020,3,3,1263.36918708381,Delta_Storage+USGS_12105900
2020,3,4,1897.67937760129,Delta_Storage+USGS_12105900
2020,3,5,1902.55551235695,Delta_Storage+USGS_12105900
2020,3,6,1407.33332644302,Delta_Storage+USGS_12105900
2020,3,7,1337.15882983042,Delta_Storage+USGS_12105900
2020,3,8,1224.89683902066,Delta_Storage+USGS_12105900
2020,3,9,945.208051525424,Delta_Storage+USGS_12105900
2020,3,10,996.260111533348,Delta_Storage+USGS_12105900
2020,3,11,955.691792076057,Delta_Storage+USGS_12105900
2020,3,12,746.653244874175,Delta_Storage+USGS_12105900
2020,3,13,828.258537179634,Delta_Storage+USGS_12105900
2020,3,14,810.786905033644,Delta_Storage+USGS_12105900
2020,3,15,773.434920824317,Delta_Storage+USGS_12105900
2020,3,16,685.789555465816,Delta_Storage+USGS_12105900
2020,3,17,691.961977328249,Delta_Storage+USGS_12105900
2020,3,18,662.083262348495,Delta_Storage+USGS_12105900
2020,3,19,661.981100109424,Delta_Storage+USGS_12105900
2020,3,20,653.883995076359,Delta_Storage+USGS_12105900
2020,3,21,650.041030544258,Delta_Storage+USGS_12105900
2020,3,22,666.007947785879,Delta_Storage+USGS_12105900
2020,3,23,688.894192702232,Delta_Storage+USGS_12105900
2020,3,24,756.479543487759,Delta_Storage+USGS_12105900
2020,3,25,720.695352983921,Delta_Storage+USGS_12105900
2020,3,26,706.546500535397,Delta_Storage+USGS_12105900
2020,3,27,746.685757755904,Delta_Storage+USGS_12105900
2020,3,28,745.272697740144,Delta_Storage+USGS_12105900
2020,3,29,871.180171473855,Delta_Storage+USGS_12105900
2020,3,30,1278.6228613585,Delta_Storage+USGS_12105900
2020,3,31,1261.07561163393,Delta_Storage+USGS_12105900
2020,4,1,1168.78351377256,Delta_Storage+USGS_12105900
2020,4,2,1085.69384191234,Delta_Storage+USGS_12105900
2020,4,3,997.18304435889,Delta_Storage+USGS_12105900
2020,4,4,877.265428888794,Delta_Storage+USGS_12105900
2020,4,5,852.021720128086,Delta_Storage+USGS_12105900
2020,4,6,806.455362905927,Delta_Storage+USGS_12105900
2020,4,7,761.889005683689,Delta_Storage+USGS_12105900
2020,4,8,735.078939700822,Delta_Storage+USGS_12105900
2020,4,9,725.025164957246,Delta_Storage+USGS_12105900
2020,4,10,783.682275332946,Delta_Storage+USGS_12105900
2020,4,11,980.212242211364,Delta_Storage+USGS_12105900
2020,4,12,1124.07013206911,Delta_Storage+USGS_12105900
2020,4,13,977.591202590623,Delta_Storage+USGS_12105900
2020,4,14,933.543832543204,Delta_Storage+USGS_12105900
2020,4,15,856.685942685457,Delta_Storage+USGS_12105900
2020,4,16,894.724493401352,Delta_Storage+USGS_12105900
2020,4,17,944.074951953531,Delta_Storage+USGS_12105900
2020,4,18,996.907556471207,Delta_Storage+USGS_12105900
2020,4,19,1068.96335496532,Delta_Storage+USGS_12105900
2020,4,20,1069.01915345942,Delta_Storage+USGS_12105900
2020,4,21,1103.76769176854,Delta_Storage+USGS_12105900
2020,4,22,1202.63989008782,Delta_Storage+USGS_12105900
2020,4,23,1810.99931779241,Delta_Storage+USGS_12105900
2020,4,24,2132.38529467325,Delta_Storage+USGS_12105900
2020,4,25,1943.46246929732,Delta_Storage+USGS_12105900
2020,4,26,1785.42168685778,Delta_Storage+USGS_12105900
2020,4,27,1736.3239003861,Delta_Storage+USGS_12105900
2020,4,28,1750.85177940305,Delta_Storage+USGS_12105900
2020,4,29,1626.29868332341,Delta_Storage+USGS_12105900
2020,4,30,1975.90104077147,Delta_Storage+USGS_12105900
2020,5,1,1915.93558289735,Delta_Storage+USGS_12105900
2020,5,2,1665.69266515273,Delta_Storage+USGS_12105900
2020,5,3,1545.86340673456,Delta_Storage+USGS_12105900
2020,5,4,1317.51804404078,Delta_Storage+USGS_12105900
2020,5,5,1368.00387953013,Delta_Storage+USGS_12105900
2020,5,6,1295.69266515273,Delta_Storage+USGS_12105900
2020,5,7,1424.43133660365,Delta_Storage+USGS_12105900
2020,5,8,1372.56278030027,Delta_Storage+USGS_12105900
2020,5,9,1348.92889177194,Delta_Storage+USGS_12105900
2020,5,10,1634.10044848053,Delta_Storage+USGS_12105900
2020,5,11,1774.03279223916,Delta_Storage+USGS_12105900
2020,5,12,1579.32247040866,Delta_Storage+USGS_12105900
2020,5,13,1480.49165166649,Delta_Storage+USGS_12105900
2020,5,14,1262.89197349048,Delta_Storage+USGS_12105900
2020,5,15,1215.23033600614,Delta_Storage+USGS_12105900
2020,5,16,1157.64574537734,Delta_Storage+USGS_12105900
2020,5,17,1082.18426880493,Delta_Storage+USGS_12105900
2020,5,18,1069.86099383625,Delta_Storage+USGS_12105900
2020,5,19,1049.37461118496,Delta_Storage+USGS_12105900
2020,5,20,948.264440782952,Delta_Storage+USGS_12105900
2020,5,21,987.661761124132,Delta_Storage+USGS_12105900
2020,5,22,1578.73292254943,Delta_Storage+USGS_12105900
2020,5,23,1575.44432184687,Delta_Storage+USGS_12105900
2020,5,24,1421.84206343123,Delta_Storage+USGS_12105900
2020,5,25,1268.75035180948,Delta_Storage+USGS_12105900
2020,5,26,1324.42893328961,Delta_Storage+USGS_12105900
2020,5,27,1254.92879256592,Delta_Storage+USGS_12105900
2020,5,28,1154.92879256592,Delta_Storage+USGS_12105900
2020,5,29,1144.92879256592,Delta_Storage+USGS_12105900
2020,5,30,1233.82155924342,Delta_Storage+USGS_12105900
2020,5,31,1407.89304812514,Delta_Storage+USGS_12105900
2020,6,1,1054.82127779592,Delta_Storage+USGS_12105900
2020,6,2,965.678581480263,Delta_Storage+USGS_12105900
2020,6,3,929.714325921183,Delta_Storage+USGS_12105900
2020,6,4,853.892766677499,Delta_Storage+USGS_12105900
2020,6,5,731.785533355259,Delta_Storage+USGS_12105900
2020,6,6,738.642837039346,Delta_Storage+USGS_12105900
2020,6,7,794,Delta_Storage+USGS_12105900
2020,6,8,860.321418519737,Delta_Storage+USGS_12105900
2020,6,9,1047.28567407895,Delta_Storage+USGS_12105900
2020,6,10,1289.50014072381,Delta_Storage+USGS_12105900
2020,6,11,1331.96453700672,Delta_Storage+USGS_12105900
2020,6,12,1168.8927666775,Delta_Storage+USGS_12105900
2020,6,13,1026.67830003276,Delta_Storage+USGS_12105900
2020,6,14,1002.106951875,Delta_Storage+USGS_12105900
2020,6,15,878.035462993288,Delta_Storage+USGS_12105900
2020,6,16,867.357162960526,Delta_Storage+USGS_12105900
2020,6,17,831.928792565924,Delta_Storage+USGS_12105900
2020,6,18,823.321699967242,Delta_Storage+USGS_12105900
2020,6,19,796.893048125004,Delta_Storage+USGS_12105900
2020,6,20,740.714325921183,Delta_Storage+USGS_12105900
2020,6,21,716,Delta_Storage+USGS_12105900
2020,6,22,593.571348157762,Delta_Storage+USGS_12105900
2020,6,23,591.428651842238,Delta_Storage+USGS_12105900
2020,6,24,585.750070361843,Delta_Storage+USGS_12105900
2020,6,25,551.678581480263,Delta_Storage+USGS_12105900
2020,6,26,521.285674078945,Delta_Storage+USGS_12105900
2020,6,27,497.571348157766,Delta_Storage+USGS_12105900
2020,6,28,464.214185197365,Delta_Storage+USGS_12105900
2020,6,29,401.92851111842,Delta_Storage+USGS_12105900
2020,6,30,437.107233322372,Delta_Storage+USGS_12105900
2020,7,1,476.750070361843,Delta_Storage+USGS_12105900
2020,7,2,435.92851111842,Delta_Storage+USGS_12105900
2020,7,3,379.857022236839,Delta_Storage+USGS_12105900
2020,7,4,381.607092598554,Delta_Storage+USGS_12105900
2020,7,5,372.92851111842,Delta_Storage+USGS_12105900
2020,7,6,371.249929638157,Delta_Storage+USGS_12105900
2020,7,7,352.857022236711,Delta_Storage+USGS_12105900
2020,7,8,421.321418519734,Delta_Storage+USGS_12105900
2020,7,9,374.214185197369,Delta_Storage+USGS_12105900
2020,7,10,342.857022236839,Delta_Storage+USGS_12105900
2020,7,11,331.214185197237,Delta_Storage+USGS_12105900
2020,7,12,332.214185197365,Delta_Storage+USGS_12105900
2020,7,13,325.214185197237,Delta_Storage+USGS_12105900
2020,7,14,302.535603717106,Delta_Storage+USGS_12105900
2020,7,15,293.535603716974,Delta_Storage+USGS_12105900
2020,7,16,275.857022236839,Delta_Storage+USGS_12105900
2020,7,17,284.57134815789,Delta_Storage+USGS_12105900
2020,7,18,285.892766677503,Delta_Storage+USGS_12105900
2020,7,19,268.857022236839,Delta_Storage+USGS_12105900
2020,7,20,263.178440756445,Delta_Storage+USGS_12105900
2020,7,21,246.608271136882,Delta_Storage+USGS_12105900
2020,7,22,241.578519738973,Delta_Storage+USGS_12105900
2020,7,23,233.578519739098,Delta_Storage+USGS_12105900
2020,7,24,236.566439779113,Delta_Storage+USGS_12105900
2020,7,25,231.072479759168,Delta_Storage+USGS_12105900
2020,7,26,232.072479759047,Delta_Storage+USGS_12105900
2020,7,27,247.578519739098,Delta_Storage+USGS_12105900
2020,7,28,210.62683957842,Delta_Storage+USGS_12105900
2020,7,29,210.120799598489,Delta_Storage+USGS_12105900
2020,7,30,211.62683957842,Delta_Storage+USGS_12105900
2020,7,31,205.13287955835,Delta_Storage+USGS_12105900
2020,8,1,189.144959518211,Delta_Storage+USGS_12105900
2020,8,2,189.144959518335,Delta_Storage+USGS_12105900
2020,8,3,190.144959518211,Delta_Storage+USGS_12105900
2020,8,4,192.144959518214,Delta_Storage+USGS_12105900
2020,8,5,184.650999498141,Delta_Storage+USGS_12105900
2020,8,6,182.650999498141,Delta_Storage+USGS_12105900
2020,8,7,188.638919538284,Delta_Storage+USGS_12105900
2020,8,8,171.265063302446,Delta_Storage+USGS_12105900
2020,8,9,177.692617138438,Delta_Storage+USGS_12105900
2020,8,10,182.400321823985,Delta_Storage+USGS_12105900
2020,8,11,182.108026509524,Delta_Storage+USGS_12105900
2020,8,12,177.523435880489,Delta_Storage+USGS_12105900
2020,8,13,166.646549937236,Delta_Storage+USGS_12105900
2020,8,14,158.061959308322,Delta_Storage+USGS_12105900
2020,8,15,164.354254622658,Delta_Storage+USGS_12105900
2020,8,16,168.646549937236,Delta_Storage+USGS_12105900
2020,8,17,158.061959308322,Delta_Storage+USGS_12105900
2020,8,18,156.061959308201,Delta_Storage+USGS_12105900
2020,8,19,149.478314710825,Delta_Storage+USGS_12105900
2020,8,20,160.681998702719,Delta_Storage+USGS_12105900
2020,8,21,150.64538755546,Delta_Storage+USGS_12105900
2020,8,22,169.974887879867,Delta_Storage+USGS_12105900
2020,8,23,172.048110174154,Delta_Storage+USGS_12105900
2020,8,24,156.865054438435,Delta_Storage+USGS_12105900
2020,8,25,141.828443291176,Delta_Storage+USGS_12105900
2020,8,26,165.865054438439,Delta_Storage+USGS_12105900
2020,8,27,151.645387555574,Delta_Storage+USGS_12105900
2020,8,28,135.535554114031,Delta_Storage+USGS_12105900
2020,8,29,136.535554114027,Delta_Storage+USGS_12105900
2020,8,30,124.180116190049,Delta_Storage+USGS_12105900
2020,8,31,143.480016194159,Delta_Storage+USGS_12105900
2020,9,1,137.10050518399,Delta_Storage+USGS_12105900
2020,9,2,128.720994173824,Delta_Storage+USGS_12105900
2020,9,3,134.92782383721,Delta_Storage+USGS_12105900
2020,9,4,129.548312826824,Delta_Storage+USGS_12105900
2020,9,5,117.961972153489,Delta_Storage+USGS_12105900
2020,9,6,113.594629694251,Delta_Storage+USGS_12105900
2020,9,7,126.586718829824,Delta_Storage+USGS_12105900
2020,9,8,116.497338045751,Delta_Storage+USGS_12105900
2020,9,9,123.952647653611,Delta_Storage+USGS_12105900
2020,9,10,112.684505301496,Delta_Storage+USGS_12105900
2020,9,11,111.684505301391,Delta_Storage+USGS_12105900
2020,9,12,112.795701629976,Delta_Storage+USGS_12105900
2020,9,13,106.044248627121,Delta_Storage+USGS_12105900
2020,9,14,112.965283305955,Delta_Storage+USGS_12105900
2020,9,15,121.579306425013,Delta_Storage+USGS_12105900
2020,9,16,115.272294865533,Delta_Storage+USGS_12105900
2020,9,17,110.965283305856,Delta_Storage+USGS_12105900
2020,9,18,118.73996205463,Delta_Storage+USGS_12105900
2020,9,19,136.646055576017,Delta_Storage+USGS_12105900
2020,9,20,187.283365364312,Delta_Storage+USGS_12105900
2020,9,21,162.450760846635,Delta_Storage+USGS_12105900
2020,9,22,162.53445858771,Delta_Storage+USGS_12105900
2020,9,23,181.701854070124,Delta_Storage+USGS_12105900
2020,9,24,566.469914306061,Delta_Storage+USGS_12105900
2020,9,25,467.251093223397,Delta_Storage+USGS_12105900
2020,9,26,666.828231623907,Delta_Storage+USGS_12105900
2020,9,27,472.195294729378,Delta_Storage+USGS_12105900
2020,9,28,338.032272140825,Delta_Storage+USGS_12105900
2020,9,29,261.535704392661,Delta_Storage+USGS_12105900
2020,9,30,244.503537504213,Delta_Storage+USGS_12105900
2020,10,1,218.947400948188,Delta_Storage+USGS_12105900
2020,10,2,198.693017693802,Delta_Storage+USGS_12105900
2020,10,3,181.089511090358,Delta_Storage+USGS_12105900
2020,10,4,177.43863443958,Delta_Storage+USGS_12105900
2020,10,5,186.563197185587,Delta_Storage+USGS_12105900
2020,10,6,176.84556542744,Delta_Storage+USGS_12105900
2020,10,7,164.089274188224,Delta_Storage+USGS_12105900
2020,10,8,146.332982948855,Delta_Storage+USGS_12105900
2020,10,9,157.837273176152,Delta_Storage+USGS_12105900
2020,10,10,233.896213447365,Delta_Storage+USGS_12105900
2020,10,11,371.351199384115,Delta_Storage+USGS_12105900
2020,10,12,794.202069734802,Delta_Storage+USGS_12105900
2020,10,13,914.577084984087,Delta_Storage+USGS_12105900
2020,10,14,1493.91866662338,Delta_Storage+USGS_12105900
2020,10,15,1461.07056958142,Delta_Storage+USGS_12105900
2020,10,16,1485.24730824596,Delta_Storage+USGS_12105900
2020,10,17,1149.6754846765,Delta_Storage+USGS_12105900
2020,10,18,1242.84743184887,Delta_Storage+USGS_12105900
2020,10,19,1922.53860353881,Delta_Storage+USGS_12105900
2020,10,20,1983.9649339654,Delta_Storage+USGS_12105900
2020,10,21,1591.79871707483,Delta_Storage+USGS_12105900
2020,10,22,1379.17563983719,Delta_Storage+USGS_12105900
2020,10,23,1064.16354614181,Delta_Storage+USGS_12105900
2020,10,24,1413.00009445788,Delta_Storage+USGS_12105900
2020,10,25,1710.70181137872,Delta_Storage+USGS_12105900
2020,10,26,1353.62480027447,Delta_Storage+USGS_12105900
2020,10,27,1042.15720939452,Delta_Storage+USGS_12105900
2020,10,28,869.149104813431,Delta_Storage+USGS_12105900
2020,10,29,679.158138330821,Delta_Storage+USGS_12105900
2020,10,30,539.967270335916,Delta_Storage+USGS_12105900
2020,10,31,684.699436441887,Delta_Storage+USGS_12105900
2020,11,1,612.409843301115,Delta_Storage+USGS_12105900
2020,11,2,474.40440914261,Delta_Storage+USGS_12105900
2020,11,3,607.037413237742,Delta_Storage+USGS_12105900
2020,11,4,1689.10456288025,Delta_Storage+USGS_12105900
2020,11,5,2228.42836399241,Delta_Storage+USGS_12105900
2020,11,6,3488.89742185684,Delta_Storage+USGS_12105900
2020,11,7,2264.59445900693,Delta_Storage+USGS_12105900
2020,11,8,1831.57693185058,Delta_Storage+USGS_12105900
2020,11,9,1037.05390991309,Delta_Storage+USGS_12105900
2020,11,10,1161.41356162749,Delta_Storage+USGS_12105900
2020,11,11,1097.32102167748,Delta_Storage+USGS_12105900
2020,11,12,857.513425503485,Delta_Storage+USGS_12105900
2020,11,13,1079.44457961687,Delta_Storage+USGS_12105900
2020,11,14,974.673826786968,Delta_Storage+USGS_12105900
2020,11,15,1368.75419890791,Delta_Storage+USGS_12105900
2020,11,16,2303.0610802131,Delta_Storage+USGS_12105900
2020,11,17,1744.02865785393,Delta_Storage+USGS_12105900
2020,11,18,1813.54403549926,Delta_Storage+USGS_12105900
2020,11,19,1598.13569425931,Delta_Storage+USGS_12105900
2020,11,20,1338.78634667661,Delta_Storage+USGS_12105900
2020,11,21,1364.03035219132,Delta_Storage+USGS_12105900
2020,11,22,1345.52302711103,Delta_Storage+USGS_12105900
2020,11,23,1190.16153660193,Delta_Storage+USGS_12105900
2020,11,24,1044.96439436695,Delta_Storage+USGS_12105900
2020,11,25,1213.73788444113,Delta_Storage+USGS_12105900
2020,11,26,1310.55372794635,Delta_Storage+USGS_12105900
2020,11,27,1320.18457598212,Delta_Storage+USGS_12105900
2020,11,28,1194.68858323098,Delta_Storage+USGS_12105900
2020,11,29,1117.72558824631,Delta_Storage+USGS_12105900
2020,11,30,1031.72993008012,Delta_Storage+USGS_12105900
2020,12,1,893.990967469986,Delta_Storage+USGS_12105900
2020,12,2,874.876435940821,Delta_Storage+USGS_12105900
2020,12,3,742.818915502558,Delta_Storage+USGS_12105900
2020,12,4,741.736360976403,Delta_Storage+USGS_12105900
2020,12,5,691.618808410539,Delta_Storage+USGS_12105900
2020,12,6,690.745872273689,Delta_Storage+USGS_12105900
2020,12,7,642.504755648646,Delta_Storage+USGS_12105900
2020,12,8,647.869436332878,Delta_Storage+USGS_12105900
2020,12,9,1113.54482002023,Delta_Storage+USGS_12105900
2020,12,10,1082.5789778875,Delta_Storage+USGS_12105900
2020,12,11,1008.28917059909,Delta_Storage+USGS_12105900
2020,12,12,999.847774428764,Delta_Storage+USGS_12105900
2020,12,13,897.71974305121,Delta_Storage+USGS_12105900
2020,12,14,857.193598902703,Delta_Storage+USGS_12105900
2020,12,15,875.18359618679,Delta_Storage+USGS_12105900
2020,12,16,1391.46930596066,Delta_Storage+USGS_12105900
2020,12,17,1660.00636689307,Delta_Storage+USGS_12105900
2020,12,18,2512.9473850062,Delta_Storage+USGS_12105900
2020,12,19,1845.40985685851,Delta_Storage+USGS_12105900
2020,12,20,3750.07569631451,Delta_Storage+USGS_12105900
2020,12,21,4296.96326658314,Delta_Storage+USGS_12105900
2020,12,22,3044.7955659843,Delta_Storage+USGS_12105900
2020,12,23,2341.51244877176,Delta_Storage+USGS_12105900
2020,12,24,2131.12669703969,Delta_Storage+USGS_12105900
2020,12,25,1795.15116077622,Delta_Storage+USGS_12105900
2020,12,26,1473.2719352229,Delta_Storage+USGS_12105900
2020,12,27,842.655005982469,Delta_Storage+USGS_12105900
2020,12,28,1013.85642523162,Delta_Storage+USGS_12105900
2020,12,29,785.203606895991,Delta_Storage+USGS_12105900
2020,12,30,1201.16216415679,Delta_Storage+USGS_12105900
2020,12,31,1376.29655858013,Delta_Storage+USGS_12105900
2021,1,1,2142.4905342607,Delta_Storage+USGS_12105900
2021,1,2,2143.43783806857,Delta_Storage+USGS_12105900
2021,1,3,2741.40801552579,Delta_Storage+USGS_12105900
2021,1,4,4061.84220357965,Delta_Storage+USGS_12105900
2021,1,5,3502.32984144095,Delta_Storage+USGS_12105900
2021,1,6,2870.71541072961,Delta_Storage+USGS_12105900
2021,1,7,2805.42873863502,Delta_Storage+USGS_12105900
2021,1,8,2031.95032906973,Delta_Storage+USGS_12105900
2021,1,9,1820.8109223486,Delta_Storage+USGS_12105900
2021,1,10,1304.44183333248,Delta_Storage+USGS_12105900
2021,1,11,1447.99554317485,Delta_Storage+USGS_12105900
2021,1,12,3720.68342982123,Delta_Storage+USGS_12105900
2021,1,13,6843.17578528658,Delta_Storage+USGS_12105900
2021,1,14,6424.68713182624,Delta_Storage+USGS_12105900
2021,1,15,3015.23697695621,Delta_Storage+USGS_12105900
2021,1,16,2365.66492510705,Delta_Storage+USGS_12105900
2021,1,17,1673.07653135571,Delta_Storage+USGS_12105900
2021,1,18,1569.79438210365,Delta_Storage+USGS_12105900
2021,1,19,1263.38842825506,Delta_Storage+USGS_12105900
2021,1,20,1353.36873247689,Delta_Storage+USGS_12105900
2021,1,21,1352.05043481031,Delta_Storage+USGS_12105900
2021,1,22,989.738207041108,Delta_Storage+USGS_12105900
2021,1,23,1010.41338184082,Delta_Storage+USGS_12105900
2021,1,24,1015.56493809018,Delta_Storage+USGS_12105900
2021,1,25,954.165191087925,Delta_Storage+USGS_12105900
2021,1,26,842.902656041731,Delta_Storage+USGS_12105900
2021,1,27,796.220082723385,Delta_Storage+USGS_12105900
2021,1,28,739.861144904214,Delta_Storage+USGS_12105900
2021,1,29,753.569427547893,Delta_Storage+USGS_12105900
2021,1,30,715.431845830729,Delta_Storage+USGS_12105900
2021,1,31,680.436302655865,Delta_Storage+USGS_12105900
2021,2,1,597.012097096841,Delta_Storage+USGS_12105900
2021,2,2,678.279620259492,Delta_Storage+USGS_12105900
2021,2,3,654.421658801807,Delta_Storage+USGS_12105900
2021,2,4,721.135034959934,Delta_Storage+USGS_12105900
2021,2,5,1427.7495140723,Delta_Storage+USGS_12105900
2021,2,6,2150.26295453355,Delta_Storage+USGS_12105900
2021,2,7,1996.54361601192,Delta_Storage+USGS_12105900
2021,2,8,1731.68900271833,Delta_Storage+USGS_12105900
2021,2,9,1207.46701544343,Delta_Storage+USGS_12105900
2021,2,10,1119.14140185302,Delta_Storage+USGS_12105900
2021,2,11,955.714649536749,Delta_Storage+USGS_12105900
2021,2,12,909.064631050555,Delta_Storage+USGS_12105900
2021,2,13,848.951537764519,Delta_Storage+USGS_12105900
2021,2,14,829.504846223548,Delta_Storage+USGS_12105900
2021,2,15,788.618476746462,Delta_Storage+USGS_12105900
2021,2,16,854.19694727142,Delta_Storage+USGS_12105900
2021,2,17,1045.52507009242,Delta_Storage+USGS_12105900
2021,2,18,861.193848941873,Delta_Storage+USGS_12105900
2021,2,19,780.087317140826,Delta_Storage+USGS_12105900
2021,2,20,801.299357628012,Delta_Storage+USGS_12105900
2021,2,21,994.867511797283,Delta_Storage+USGS_12105900
2021,2,22,3472.82803706024,Delta_Storage+USGS_12105900
2021,2,23,7043.43675095378,Delta_Storage+USGS_12105900
2021,2,24,3039.37477741058,Delta_Storage+USGS_12105900
2021,2,25,2068.74274553881,Delta_Storage+USGS_12105900
2021,2,26,1349.63176616239,Delta_Storage+USGS_12105900
2021,2,27,1470.77283825473,Delta_Storage+USGS_12105900
2021,2,28,1519.95609750313,Delta_Storage+USGS_12105900
2021,3,1,1354.2512912563,Delta_Storage+USGS_12105900
2021,3,2,1301.95531319548,Delta_Storage+USGS_12105900
2021,3,3,1252.38136290904,Delta_Storage+USGS_12105900
2021,3,4,1165.54000151753,Delta_Storage+USGS_12105900
2021,3,5,1233.13846387314,Delta_Storage+USGS_12105900
2021,3,6,1333.64401469045,Delta_Storage+USGS_12105900
2021,3,7,1356.32074102958,Delta_Storage+USGS_12105900
2021,3,8,1201.4139554019,Delta_Storage+USGS_12105900
2021,3,9,1058.23276681493,Delta_Storage+USGS_12105900
2021,3,10,935.205351538714,Delta_Storage+USGS_12105900
2021,3,11,897.068275157523,Delta_Storage+USGS_12105900
2021,3,12,858.073642451395,Delta_Storage+USGS_12105900
2021,3,13,848.639565800267,Delta_Storage+USGS_12105900
2021,3,14,866.898966918509,Delta_Storage+USGS_12105900
2021,3,15,960.705444200052,Delta_Storage+USGS_12105900
2021,3,16,925.244950664293,Delta_Storage+USGS_12105900
2021,3,17,865.986152133997,Delta_Storage+USGS_12105900
2021,3,18,870.969607547822,Delta_Storage+USGS_12105900
2021,3,19,1103.27710121513,Delta_Storage+USGS_12105900
2021,3,20,1100.78125263204,Delta_Storage+USGS_12105900
2021,3,21,1156.38525273803,Delta_Storage+USGS_12105900
2021,3,22,1293.71020296011,Delta_Storage+USGS_12105900
2021,3,23,1135.93241371457,Delta_Storage+USGS_12105900
2021,3,24,1197.7974862786,Delta_Storage+USGS_12105900
2021,3,25,1361.9342482939,Delta_Storage+USGS_12105900
2021,3,26,1388.14775883649,Delta_Storage+USGS_12105900
2021,3,27,1309.54539548022,Delta_Storage+USGS_12105900
2021,3,28,1258.49755947064,Delta_Storage+USGS_12105900
2021,3,29,1307.11177170605,Delta_Storage+USGS_12105900
2021,3,30,1185.00825505567,Delta_Storage+USGS_12105900
2021,3,31,1068.71615719422,Delta_Storage+USGS_12105900
2021,4,1,1021.26392294267,Delta_Storage+USGS_12105900
2021,4,2,1014.1347131566,Delta_Storage+USGS_12105900
2021,4,3,1039.22032336576,Delta_Storage+USGS_12105900
2021,4,4,1073.99311034168,Delta_Storage+USGS_12105900
2021,4,5,1209.12582478616,Delta_Storage+USGS_12105900
2021,4,6,1108.58807735032,Delta_Storage+USGS_12105900
2021,4,7,1073.48052786317,Delta_Storage+USGS_12105900
2021,4,8,1153.75830671872,Delta_Storage+USGS_12105900
2021,4,9,996.431559431154,Delta_Storage+USGS_12105900
2021,4,10,984.43155943107,Delta_Storage+USGS_12105900
2021,4,11,874.366656366438,Delta_Storage+USGS_12105900
2021,4,12,783.366656366438,Delta_Storage+USGS_12105900
2021,4,13,789.478929478488,Delta_Storage+USGS_12105900
2021,4,14,770.224546224185,Delta_Storage+USGS_12105900
2021,4,15,767.573669573324,Delta_Storage+USGS_12105900
2021,4,16,915.94032593976,Delta_Storage+USGS_12105900
2021,4,17,1194.80043881974,Delta_Storage+USGS_12105900
2021,4,18,1778.70788884806,Delta_Storage+USGS_12105900
2021,4,19,2137.48906776548,Delta_Storage+USGS_12105900
2021,4,20,1938.32604517693,Delta_Storage+USGS_12105900
2021,4,21,1633.77604622169,Delta_Storage+USGS_12105900
2021,4,22,1713.4731097199,Delta_Storage+USGS_12105900
2021,4,23,1719.16609816032,Delta_Storage+USGS_12105900
2021,4,24,1602.87678605161,Delta_Storage+USGS_12105900
2021,4,25,1645.9469016474,Delta_Storage+USGS_12105900
2021,4,26,1612.35426736285,Delta_Storage+USGS_12105900
2021,4,27,1361.78761568166,Delta_Storage+USGS_12105900
2021,4,28,1302.6814235224,Delta_Storage+USGS_12105900
2021,4,29,1350.85177940305,Delta_Storage+USGS_12105900
2021,4,30,1724.46903920406,Delta_Storage+USGS_12105900
2021,5,1,1828.81488917622,Delta_Storage+USGS_12105900
2021,5,2,1871.79898963191,Delta_Storage+USGS_12105900
2021,5,3,1598.83119818323,Delta_Storage+USGS_12105900
2021,5,4,1528.00387953024,Delta_Storage+USGS_12105900
2021,5,5,1752.60163362646,Delta_Storage+USGS_12105900
2021,5,6,1677.30650227039,Delta_Storage+USGS_12105900
2021,5,7,1847.96550291897,Delta_Storage+USGS_12105900
2021,5,8,1917.89228062468,Delta_Storage+USGS_12105900
2021,5,9,1310.29288917715,Delta_Storage+USGS_12105900
2021,5,10,1271.68411276883,Delta_Storage+USGS_12105900
2021,5,11,1191.8305573574,Delta_Storage+USGS_12105900
2021,5,12,1256.93445782474,Delta_Storage+USGS_12105900
2021,5,13,1347.5377188677,Delta_Storage+USGS_12105900
2021,5,14,1560.46067201239,Delta_Storage+USGS_12105900
2021,5,15,1587.5377188677,Delta_Storage+USGS_12105900
2021,5,16,1640.46067201239,Delta_Storage+USGS_12105900
2021,5,17,1829.83614957714,Delta_Storage+USGS_12105900
2021,5,18,1839.63760120454,Delta_Storage+USGS_12105900
2021,5,19,1554.8188006022,Delta_Storage+USGS_12105900
2021,5,20,1225.37316042158,Delta_Storage+USGS_12105900
2021,5,21,1057.30068066241,Delta_Storage+USGS_12105900
2021,5,22,1036.21612094351,Delta_Storage+USGS_12105900
2021,5,23,1015.24028086323,Delta_Storage+USGS_12105900
2021,5,24,1201.72216092331,Delta_Storage+USGS_12105900
2021,5,25,1307.78256072274,Delta_Storage+USGS_12105900
2021,5,26,1424.05900726982,Delta_Storage+USGS_12105900
2021,5,27,1338.14297776329,Delta_Storage+USGS_12105900
2021,5,28,1431.96453700671,Delta_Storage+USGS_12105900
2021,5,29,1456.28595552645,Delta_Storage+USGS_12105900
2021,5,30,1314.32141851974,Delta_Storage+USGS_12105900
2021,5,31,1126.17844075645,Delta_Storage+USGS_12105900
2021,6,1,1386.03602588829,Delta_Storage+USGS_12105900
2021,6,2,1585.53616661211,Delta_Storage+USGS_12105900
2021,6,3,1792.5719110529,Delta_Storage+USGS_12105900
2021,6,4,1428.89276667763,Delta_Storage+USGS_12105900
2021,6,5,1303.21418519724,Delta_Storage+USGS_12105900
2021,6,6,1025.32113707223,Delta_Storage+USGS_12105900
2021,6,7,956.035744440792,Delta_Storage+USGS_12105900
2021,6,8,873.500140723815,Delta_Storage+USGS_12105900
2021,6,9,820.535885164607,Delta_Storage+USGS_12105900
2021,6,10,762.750070361843,Delta_Storage+USGS_12105900
2021,6,11,745,Delta_Storage+USGS_12105900
2021,6,12,712.535603716974,Delta_Storage+USGS_12105900
2021,6,13,679.464114835522,Delta_Storage+USGS_12105900
2021,6,14,825.07148888158,Delta_Storage+USGS_12105900
2021,6,15,975.60737404619,Delta_Storage+USGS_12105900
2021,6,16,1015.82155924342,Delta_Storage+USGS_12105900
2021,6,17,805.535603717102,Delta_Storage+USGS_12105900
2021,6,18,852.857303684344,Delta_Storage+USGS_12105900
2021,6,19,861,Delta_Storage+USGS_12105900
2021,6,20,702.464114835393,Delta_Storage+USGS_12105900
2021,6,21,702.321418519737,Delta_Storage+USGS_12105900
2021,6,22,725.035744440788,Delta_Storage+USGS_12105900
2021,6,23,660.285674078945,Delta_Storage+USGS_12105900
2021,6,24,590.285674078949,Delta_Storage+USGS_12105900
2021,6,25,564,Delta_Storage+USGS_12105900
2021,6,26,546.392907401318,Delta_Storage+USGS_12105900
2021,6,27,535.035744440788,Delta_Storage+USGS_12105900
2021,6,28,504.642837039474,Delta_Storage+USGS_12105900
2021,6,29,435.892766677628,Delta_Storage+USGS_12105900
2021,6,30,415.928511118291,Delta_Storage+USGS_12105900
2021,7,1,406.92851111842,Delta_Storage+USGS_12105900
2021,7,2,389.571348157894,Delta_Storage+USGS_12105900
2021,7,3,377.892766677499,Delta_Storage+USGS_12105900
2021,7,4,362.857022236839,Delta_Storage+USGS_12105900
2021,7,5,344.821277795919,Delta_Storage+USGS_12105900
2021,7,6,298.464114835525,Delta_Storage+USGS_12105900
2021,7,7,299.214185197237,Delta_Storage+USGS_12105900
2021,7,8,317.249929638153,Delta_Storage+USGS_12105900
2021,7,9,291.857022236839,Delta_Storage+USGS_12105900
2021,7,10,279.178440756448,Delta_Storage+USGS_12105900
2021,7,11,283.857022236839,Delta_Storage+USGS_12105900
2021,7,12,257.499859276185,Delta_Storage+USGS_12105900
2021,7,13,250.499859276182,Delta_Storage+USGS_12105900
2021,7,14,238.499859276314,Delta_Storage+USGS_12105900
2021,7,15,244.535603716974,Delta_Storage+USGS_12105900
2021,7,16,237.042326796435,Delta_Storage+USGS_12105900
2021,7,17,228.578519738977,Delta_Storage+USGS_12105900
2021,7,18,224.578519739098,Delta_Storage+USGS_12105900
2021,7,19,189.602679658695,Delta_Storage+USGS_12105900
2021,7,20,213.578519739102,Delta_Storage+USGS_12105900
2021,7,21,207.084559718904,Delta_Storage+USGS_12105900
2021,7,22,208.084559719028,Delta_Storage+USGS_12105900
2021,7,23,217.084559718907,Delta_Storage+USGS_12105900
2021,7,24,209.614759618555,Delta_Storage+USGS_12105900
2021,7,25,203.13287955835,Delta_Storage+USGS_12105900
2021,7,26,181.144959518214,Delta_Storage+USGS_12105900
2021,7,27,181.626839578544,Delta_Storage+USGS_12105900
2021,7,28,183.62683957842,Delta_Storage+USGS_12105900
2021,7,29,192.62683957842,Delta_Storage+USGS_12105900
2021,7,30,190.144959518211,Delta_Storage+USGS_12105900
2021,7,31,177.663079458002,Delta_Storage+USGS_12105900
2021,8,1,168.169119437936,Delta_Storage+USGS_12105900
2021,8,2,172.663079458005,Delta_Storage+USGS_12105900
2021,8,3,162.095882044615,Delta_Storage+USGS_12105900
2021,8,4,165.523435880489,Delta_Storage+USGS_12105900
2021,8,5,171.815731195067,Delta_Storage+USGS_12105900
2021,8,6,149.938845251693,Delta_Storage+USGS_12105900
2021,8,7,157.108026509528,Delta_Storage+USGS_12105900
2021,8,8,191.73868433964,Delta_Storage+USGS_12105900
2021,8,9,176.569503081812,Delta_Storage+USGS_12105900
2021,8,10,169.692617138442,Delta_Storage+USGS_12105900
2021,8,11,155.52343588061,Delta_Storage+USGS_12105900
2021,8,12,148.938845251693,Delta_Storage+USGS_12105900
2021,8,13,154.938845251693,Delta_Storage+USGS_12105900
2021,8,14,142.061959308201,Delta_Storage+USGS_12105900
2021,8,15,133.245367212771,Delta_Storage+USGS_12105900
2021,8,16,163.681998702602,Delta_Storage+USGS_12105900
2021,8,17,139.389109525571,Delta_Storage+USGS_12105900
2021,8,18,125.352498378312,Delta_Storage+USGS_12105900
2021,8,19,138.462331819744,Delta_Storage+USGS_12105900
2021,8,20,150.462331819854,Delta_Storage+USGS_12105900
2021,8,21,135.352498378315,Delta_Storage+USGS_12105900
2021,8,22,129.352498378312,Delta_Storage+USGS_12105900
2021,8,23,139.425720672599,Delta_Storage+USGS_12105900
2021,8,24,147.884201862886,Delta_Storage+USGS_12105900
2021,8,25,142.72099417393,Delta_Storage+USGS_12105900
2021,8,26,135.9278238371,Delta_Storage+USGS_12105900
2021,8,27,139.100505183993,Delta_Storage+USGS_12105900
2021,8,28,128.893675520714,Delta_Storage+USGS_12105900
2021,8,29,136.27318653099,Delta_Storage+USGS_12105900
2021,8,30,136.27318653088,Delta_Storage+USGS_12105900
2021,8,31,126.686845857436,Delta_Storage+USGS_12105900
2021,9,1,150.384563297359,Delta_Storage+USGS_12105900
2021,9,2,144.399551574078,Delta_Storage+USGS_12105900
2021,9,3,133.765480397971,Delta_Storage+USGS_12105900
2021,9,4,138.310170790005,Delta_Storage+USGS_12105900
2021,9,5,128.220790005933,Delta_Storage+USGS_12105900
2021,9,6,128.220790005933,Delta_Storage+USGS_12105900
2021,9,7,122.676099613896,Delta_Storage+USGS_12105900
2021,9,8,126.164084266863,Delta_Storage+USGS_12105900
2021,9,9,129.728387342158,Delta_Storage+USGS_12105900
2021,9,10,141.728387342158,Delta_Storage+USGS_12105900
2021,9,11,123.886317984689,Delta_Storage+USGS_12105900
2021,9,12,122.886317984689,Delta_Storage+USGS_12105900
2021,9,13,121.886317984592,Delta_Storage+USGS_12105900
2021,9,14,127.962780600707,Delta_Storage+USGS_12105900
2021,9,15,144.618156328872,Delta_Storage+USGS_12105900
2021,9,16,135.673954823071,Delta_Storage+USGS_12105900
2021,9,17,135.673954823069,Delta_Storage+USGS_12105900
2021,9,18,287.227566870203,Delta_Storage+USGS_12105900
2021,9,19,158.148242022903,Delta_Storage+USGS_12105900
2021,9,20,193.73108852013,Delta_Storage+USGS_12105900
2021,9,21,176.757920758518,Delta_Storage+USGS_12105900
2021,9,22,251.757920758516,Delta_Storage+USGS_12105900
2021,9,23,166.326361327447,Delta_Storage+USGS_12105900
2021,9,24,147.071978073059,Delta_Storage+USGS_12105900
2021,9,25,152.355276323696,Delta_Storage+USGS_12105900
2021,9,26,158.332982948932,Delta_Storage+USGS_12105900
2021,9,27,181.791790683864,Delta_Storage+USGS_12105900
2021,9,28,187.899340171092,Delta_Storage+USGS_12105900
2021,9,29,203.238860373138,Delta_Storage+USGS_12105900
2021,9,30,240.800681950327,Delta_Storage+USGS_12105900
2021,10,1,368.51408745942,Delta_Storage+USGS_12105900
2021,10,2,239.800681950329,Delta_Storage+USGS_12105900
2021,10,3,217.348447698845,Delta_Storage+USGS_12105900
2021,10,4,202.831608554298,Delta_Storage+USGS_12105900
2021,10,5,215.629889019951,Delta_Storage+USGS_12105900
2021,10,6,208.5726216672,Delta_Storage+USGS_12105900
2021,10,7,183.266406234577,Delta_Storage+USGS_12105900
2021,10,8,172.748998281065,Delta_Storage+USGS_12105900
2021,10,9,176.952075504504,Delta_Storage+USGS_12105900
2021,10,10,192.849942209879,Delta_Storage+USGS_12105900
2021,10,11,308.42051001832,Delta_Storage+USGS_12105900
2021,10,12,329.611815761513,Delta_Storage+USGS_12105900
2021,10,13,280.992052214173,Delta_Storage+USGS_12105900
2021,10,14,282.273040391487,Delta_Storage+USGS_12105900
2021,10,15,370.231579308908,Delta_Storage+USGS_12105900
2021,10,16,367.000546040718,Delta_Storage+USGS_12105900
2021,10,17,331.008302833773,Delta_Storage+USGS_12105900
2021,10,18,289.997594331669,Delta_Storage+USGS_12105900
2021,10,19,257.310312550271,Delta_Storage+USGS_12105900
2021,10,20,240.810883449242,Delta_Storage+USGS_12105900
2021,10,21,226.877655343206,Delta_Storage+USGS_12105900
2021,10,22,252.289213150323,Delta_Storage+USGS_12105900
2021,10,23,258.623531456197,Delta_Storage+USGS_12105900
2021,10,24,236.073936540221,Delta_Storage+USGS_12105900
2021,10,25,234.267966855111,Delta_Storage+USGS_12105900
2021,10,26,270.440930171681,Delta_Storage+USGS_12105900
2021,10,27,694.835771375662,Delta_Storage+USGS_12105900
2021,10,28,772.652947104818,Delta_Storage+USGS_12105900
2021,10,29,1520.11441759679,Delta_Storage+USGS_12105900
2021,10,30,1442.13694486465,Delta_Storage+USGS_12105900
2021,10,31,943.27794716995,Delta_Storage+USGS_12105900
2021,11,1,389.065817223902,Delta_Storage+USGS_12105900
2021,11,2,449.03677110014,Delta_Storage+USGS_12105900
2021,11,3,504.819066727488,Delta_Storage+USGS_12105900
2021,11,4,473.570498609736,Delta_Storage+USGS_12105900
2021,11,5,746.045086084473,Delta_Storage+USGS_12105900
2021,11,6,715.621905949944,Delta_Storage+USGS_12105900
2021,11,7,698.037954119802,Delta_Storage+USGS_12105900
2021,11,8,700.850960376199,Delta_Storage+USGS_12105900
2021,11,9,666.039128180446,Delta_Storage+USGS_12105900
2021,11,10,746.679310271229,Delta_Storage+USGS_12105900
2021,11,11,987.581966312943,Delta_Storage+USGS_12105900
2021,11,12,5420.54651109233,Delta_Storage+USGS_12105900
2021,11,13,8807.6886788743,Delta_Storage+USGS_12105900
2021,11,14,5189.39357489872,Delta_Storage+USGS_12105900
2021,11,15,5953.27830383319,Delta_Storage+USGS_12105900
2021,11,16,2424.07751240008,Delta_Storage+USGS_12105900
2021,11,17,1106.88195568124,Delta_Storage+USGS_12105900
2021,11,18,1509.58786405734,Delta_Storage+USGS_12105900
2021,11,19,1465.15096255863,Delta_Storage+USGS_12105900
2021,11,20,1243.76326271632,Delta_Storage+USGS_12105900
2021,11,21,866.745596996948,Delta_Storage+USGS_12105900
2021,11,22,875.065585056165,Delta_Storage+USGS_12105900
2021,11,23,877.471678291455,Delta_Storage+USGS_12105900
2021,11,24,727.172419290495,Delta_Storage+USGS_12105900
2021,11,25,857.421213007867,Delta_Storage+USGS_12105900
2021,11,26,2107.10422882763,Delta_Storage+USGS_12105900
2021,11,27,2937.45722296277,Delta_Storage+USGS_12105900
2021,11,28,4543.09403912292,Delta_Storage+USGS_12105900
2021,11,29,4440.04040287758,Delta_Storage+USGS_12105900
2021,11,30,2314.97842932416,Delta_Storage+USGS_12105900
2021,12,1,1591.14882474686,Delta_Storage+USGS_12105900
2021,12,2,1311.61059747994,Delta_Storage+USGS_12105900
2021,12,3,1367.9828093887,Delta_Storage+USGS_12105900
2021,12,4,1292.27898357018,Delta_Storage+USGS_12105900
2021,12,5,1253.71210277952,Delta_Storage+USGS_12105900
2021,12,6,958.595531809495,Delta_Storage+USGS_12105900
2021,12,7,1367.12421124171,Delta_Storage+USGS_12105900
2021,12,8,1443.15349894985,Delta_Storage+USGS_12105900
2021,12,9,1494.84522767153,Delta_Storage+USGS_12105900
2021,12,10,1607.42522910313,Delta_Storage+USGS_12105900
2021,12,11,1362.29706070531,Delta_Storage+USGS_12105900
2021,12,12,1865.54786014118,Delta_Storage+USGS_12105900
2021,12,13,1637.46649592252,Delta_Storage+USGS_12105900
2021,12,14,1437.29119290014,Delta_Storage+USGS_12105900
2021,12,15,1116.4652374605,Delta_Storage+USGS_12105900
2021,12,16,1049.63084803576,Delta_Storage+USGS_12105900
2021,12,17,1058.03876978837,Delta_Storage+USGS_12105900
2021,12,18,968.700360915228,Delta_Storage+USGS_12105900
2021,12,19,1141.42038542319,Delta_Storage+USGS_12105900
2021,12,20,927.723563187049,Delta_Storage+USGS_12105900
2021,12,21,998.710192711599,Delta_Storage+USGS_12105900
2021,12,22,1024.0089136503,Delta_Storage+USGS_12105900
2021,12,23,1185.44627655973,Delta_Storage+USGS_12105900
2021,12,24,1304.95000841993,Delta_Storage+USGS_12105900
2021,12,25,1228.3570047239,Delta_Storage+USGS_12105900
2021,12,26,1129.02313483605,Delta_Storage+USGS_12105900
2021,12,27,1061.90982783103,Delta_Storage+USGS_12105900
2021,12,28,909.36761122953,Delta_Storage+USGS_12105900
2021,12,29,834.841611369265,Delta_Storage+USGS_12105900
2021,12,30,614.075452195353,Delta_Storage+USGS_12105900
2021,12,31,719.602190181834,Delta_Storage+USGS_12105900
2022,1,1,719.854613293591,Delta_Storage+USGS_12105900
2022,1,2,677.495153776452,Delta_Storage+USGS_12105900
2022,1,3,670.757269335322,Delta_Storage+USGS_12105900
2022,1,4,688.281500453063,Delta_Storage+USGS_12105900
2022,1,5,643.048042748124,Delta_Storage+USGS_12105900
2022,1,6,1293.28108096571,Delta_Storage+USGS_12105900
2022,1,7,2783.56998297163,Delta_Storage+USGS_12105900
2022,1,8,3123.34409246657,Delta_Storage+USGS_12105900
2022,1,9,2095.89649774302,Delta_Storage+USGS_12105900
2022,1,10,1386.0905830965,Delta_Storage+USGS_12105900
2022,1,11,1300.79596870656,Delta_Storage+USGS_12105900
2022,1,12,3274.74117540304,Delta_Storage+USGS_12105900
2022,1,13,6580.04011902147,Delta_Storage+USGS_12105900
2022,1,14,3326.25221490719,Delta_Storage+USGS_12105900
2022,1,15,2896.29989867804,Delta_Storage+USGS_12105900
2022,1,16,2497.93298600057,Delta_Storage+USGS_12105900
2022,1,17,2057.58404164202,Delta_Storage+USGS_12105900
2022,1,18,1887.0126376645,Delta_Storage+USGS_12105900
2022,1,19,2154.73068248287,Delta_Storage+USGS_12105900
2022,1,20,3067.46722752605,Delta_Storage+USGS_12105900
2022,1,21,4701.26287490688,Delta_Storage+USGS_12105900
2022,1,22,3542.95927104767,Delta_Storage+USGS_12105900
2022,1,23,2273.73023098482,Delta_Storage+USGS_12105900
2022,1,24,1683.27054934378,Delta_Storage+USGS_12105900
2022,1,25,1705.7083876125,Delta_Storage+USGS_12105900
2022,1,26,1554.76696178242,Delta_Storage+USGS_12105900
2022,1,27,1451.39822930552,Delta_Storage+USGS_12105900
2022,1,28,1280.09692447093,Delta_Storage+USGS_12105900
2022,1,29,1227.02775423646,Delta_Storage+USGS_12105900
2022,1,30,1120.87451537966,Delta_Storage+USGS_12105900
2022,1,31,976.919651362563,Delta_Storage+USGS_12105900
2022,2,1,950.461234426268,Delta_Storage+USGS_12105900
2022,2,2,824.288915276041,Delta_Storage+USGS_12105900
2022,2,3,883.293371520063,Delta_Storage+USGS_12105900
2022,2,4,975.323451256937,Delta_Storage+USGS_12105900
2022,2,5,1000.98471945663,Delta_Storage+USGS_12105900
2022,2,6,1107.08892213159,Delta_Storage+USGS_12105900
2022,2,7,1068.03876978837,Delta_Storage+USGS_12105900
2022,2,8,1091.31057779433,Delta_Storage+USGS_12105900
2022,2,9,1145.51453867064,Delta_Storage+USGS_12105900
2022,2,10,1140.65992537704,Delta_Storage+USGS_12105900
2022,2,11,1301.96123021163,Delta_Storage+USGS_12105900
2022,2,12,1304.56616450079,Delta_Storage+USGS_12105900
2022,2,13,1258.86687510799,Delta_Storage+USGS_12105900
2022,2,14,1103.18356985938,Delta_Storage+USGS_12105900
2022,2,15,1160.46823403421,Delta_Storage+USGS_12105900
2022,2,16,1169.79213903397,Delta_Storage+USGS_12105900
2022,2,17,1154.28025694879,Delta_Storage+USGS_12105900
2022,2,18,1089.43184583073,Delta_Storage+USGS_12105900
2022,2,19,1020.17459872466,Delta_Storage+USGS_12105900
2022,2,20,1107.25915717399,Delta_Storage+USGS_12105900
2022,2,21,1271.11720765933,Delta_Storage+USGS_12105900
2022,2,22,1045.1608364734,Delta_Storage+USGS_12105900
2022,2,23,970.175303022379,Delta_Storage+USGS_12105900
2022,2,24,913.951957251859,Delta_Storage+USGS_12105900
2022,2,25,864.058574169918,Delta_Storage+USGS_12105900
2022,2,26,816.998820897141,Delta_Storage+USGS_12105900
2022,2,27,813.979402919643,Delta_Storage+USGS_12105900
2022,2,28,3249.80250659436,Delta_Storage+USGS_12105900
2022,3,1,9947.60265641726,Delta_Storage+USGS_12105900
2022,3,2,8900.25456375671,Delta_Storage+USGS_12105900
2022,3,3,4664.66596879372,Delta_Storage+USGS_12105900
2022,3,4,2993.43564535083,Delta_Storage+USGS_12105900
2022,3,5,2561.67179675249,Delta_Storage+USGS_12105900
2022,3,6,2074.88115539521,Delta_Storage+USGS_12105900
2022,3,7,1399.94158641234,Delta_Storage+USGS_12105900
2022,3,8,1318.1637500974,Delta_Storage+USGS_12105900
2022,3,9,1358.72447465414,Delta_Storage+USGS_12105900
2022,3,10,1332.44952840105,Delta_Storage+USGS_12105900
2022,3,11,1155.43587627706,Delta_Storage+USGS_12105900
2022,3,12,1103.7003715475,Delta_Storage+USGS_12105900
2022,3,13,1094.20333393601,Delta_Storage+USGS_12105900
2022,3,14,1053.22645077216,Delta_Storage+USGS_12105900
2022,3,15,1609.00404861308,Delta_Storage+USGS_12105900
2022,3,16,2335.8563496286,Delta_Storage+USGS_12105900
2022,3,17,2221.13497684523,Delta_Storage+USGS_12105900
2022,3,18,1656.26639271303,Delta_Storage+USGS_12105900
2022,3,19,1651.04946503197,Delta_Storage+USGS_12105900
2022,3,20,1568.09881773692,Delta_Storage+USGS_12105900
2022,3,21,1518.08249162684,Delta_Storage+USGS_12105900
2022,3,22,1541.14153899441,Delta_Storage+USGS_12105900
2022,3,23,1872.8436579063,Delta_Storage+USGS_12105900
2022,3,24,2244.66247713093,Delta_Storage+USGS_12105900
2022,3,25,1947.64651205978,Delta_Storage+USGS_12105900
2022,3,26,1799.02549088114,Delta_Storage+USGS_12105900
2022,3,27,1661.24720685901,Delta_Storage+USGS_12105900
2022,3,28,1663.42423257998,Delta_Storage+USGS_12105900
2022,3,29,1779.00314575282,Delta_Storage+USGS_12105900
2022,3,30,1696.19134403802,Delta_Storage+USGS_12105900
2022,3,31,1588.67068994418,Delta_Storage+USGS_12105900
2022,4,1,1450.49141591105,Delta_Storage+USGS_12105900
2022,4,2,1372.26392294274,Delta_Storage+USGS_12105900
2022,4,3,1240.48591254065,Delta_Storage+USGS_12105900
2022,4,4,1314.19656636441,Delta_Storage+USGS_12105900
2022,4,5,1526.9464018478,Delta_Storage+USGS_12105900
2022,4,6,1330.8060250347,Delta_Storage+USGS_12105900
2022,4,7,1237.34436858962,Delta_Storage+USGS_12105900
2022,4,8,1197.29059384596,Delta_Storage+USGS_12105900
2022,4,9,1284.07205004258,Delta_Storage+USGS_12105900
2022,4,10,1299.38743210695,Delta_Storage+USGS_12105900
2022,4,11,1261.30454543406,Delta_Storage+USGS_12105900
2022,4,12,1137.14630903609,Delta_Storage+USGS_12105900
2022,4,13,1031.60873560784,Delta_Storage+USGS_12105900
2022,4,14,926.194709194065,Delta_Storage+USGS_12105900
2022,4,15,878.618124227188,Delta_Storage+USGS_12105900
2022,4,16,886.953177004371,Delta_Storage+USGS_12105900
2022,4,17,834.838568721968,Delta_Storage+USGS_12105900
2022,4,18,788.780661945363,Delta_Storage+USGS_12105900
2022,4,19,841.242347435858,Delta_Storage+USGS_12105900
2022,4,20,800.521339906308,Delta_Storage+USGS_12105900
2022,4,21,740.632936894525,Delta_Storage+USGS_12105900
2022,4,22,779.312589836683,Delta_Storage+USGS_12105900
2022,4,23,803.183797611093,Delta_Storage+USGS_12105900
2022,4,24,832.025866968661,Delta_Storage+USGS_12105900
2022,4,25,940.402994124118,Delta_Storage+USGS_12105900
2022,4,26,1073.65232398993,Delta_Storage+USGS_12105900
2022,4,27,1128.74558724388,Delta_Storage+USGS_12105900
2022,4,28,1088.48585057915,Delta_Storage+USGS_12105900
2022,4,29,1013.22611391454,Delta_Storage+USGS_12105900
2022,4,30,995.047352346285,Delta_Storage+USGS_12105900
2022,5,1,1087.81346743234,Delta_Storage+USGS_12105900
2022,5,2,1359.41947862185,Delta_Storage+USGS_12105900
2022,5,3,1621.38533030536,Delta_Storage+USGS_12105900
2022,5,4,1647.0058192953,Delta_Storage+USGS_12105900
2022,5,5,1599.17505857353,Delta_Storage+USGS_12105900
2022,5,6,2113.58789242052,Delta_Storage+USGS_12105900
2022,5,7,2473.88078159767,Delta_Storage+USGS_12105900
2022,5,8,3201.25761853309,Delta_Storage+USGS_12105900
2022,5,9,2677.41380025117,Delta_Storage+USGS_12105900
2022,5,10,1988.76885943385,Delta_Storage+USGS_12105900
2022,5,11,1758.79983908807,Delta_Storage+USGS_12105900
2022,5,12,1402.36934216988,Delta_Storage+USGS_12105900
2022,5,13,1460.5536109747,Delta_Storage+USGS_12105900
2022,5,14,1342.36934216988,Delta_Storage+USGS_12105900
2022,5,15,1302.36934216988,Delta_Storage+USGS_12105900
2022,5,16,2111.92221308972,Delta_Storage+USGS_12105900
2022,5,17,2073.83088056207,Delta_Storage+USGS_12105900
2022,5,18,1998.33692054199,Delta_Storage+USGS_12105900
2022,5,19,2007.34900050186,Delta_Storage+USGS_12105900
2022,5,20,1886.36108046172,Delta_Storage+USGS_12105900
2022,5,21,1745.37316042158,Delta_Storage+USGS_12105900
2022,5,22,1502.53019989965,Delta_Storage+USGS_12105900
2022,5,23,1333.51811993967,Delta_Storage+USGS_12105900
2022,5,24,1434.81880060233,Delta_Storage+USGS_12105900
2022,5,25,1547.78256072262,Delta_Storage+USGS_12105900
2022,5,26,1639.32484058214,Delta_Storage+USGS_12105900
2022,5,27,1893.83088056206,Delta_Storage+USGS_12105900
2022,5,28,1946.48188006021,Delta_Storage+USGS_12105900
2022,5,29,1563.63891953841,Delta_Storage+USGS_12105900
2022,5,30,1640.31276062227,Delta_Storage+USGS_12105900
2022,5,31,1583.83088056206,Delta_Storage+USGS_12105900
2022,6,1,1386.91544028097,Delta_Storage+USGS_12105900
2022,6,2,1619.69240952566,Delta_Storage+USGS_12105900
2022,6,3,2143.42921473724,Delta_Storage+USGS_12105900
2022,6,4,2001.35716296053,Delta_Storage+USGS_12105900
2022,6,5,1791.24964819065,Delta_Storage+USGS_12105900
2022,6,6,2772.92935546093,Delta_Storage+USGS_12105900
2022,6,7,2260.74978891434,Delta_Storage+USGS_12105900
2022,6,8,1793.10667042736,Delta_Storage+USGS_12105900
2022,6,9,1793.10667042736,Delta_Storage+USGS_12105900
2022,6,10,2456.78581480264,Delta_Storage+USGS_12105900
2022,6,11,2435.17872220408,Delta_Storage+USGS_12105900
2022,6,12,2221.71460736856,Delta_Storage+USGS_12105900
2022,6,13,2406.64339993461,Delta_Storage+USGS_12105900
2022,6,14,2474.42893328961,Delta_Storage+USGS_12105900
2022,6,15,2118.39290740132,Delta_Storage+USGS_12105900
2022,6,16,1815.42865184211,Delta_Storage+USGS_12105900
2022,6,17,1589.75007036197,Delta_Storage+USGS_12105900
2022,6,18,1449.75007036184,Delta_Storage+USGS_12105900
2022,6,19,1329.75007036185,Delta_Storage+USGS_12105900
2022,6,20,1228.39290740145,Delta_Storage+USGS_12105900
2022,6,21,1078.64283703934,Delta_Storage+USGS_12105900
2022,6,22,1082.46439628303,Delta_Storage+USGS_12105900
2022,6,23,1062.50014072369,Delta_Storage+USGS_12105900
2022,6,24,997.035744440917,Delta_Storage+USGS_12105900
2022,6,25,923.249929638029,Delta_Storage+USGS_12105900
2022,6,26,777.821277796047,Delta_Storage+USGS_12105900
2022,6,27,825.750070361847,Delta_Storage+USGS_12105900
2022,6,28,767.964255559208,Delta_Storage+USGS_12105900
2022,6,29,768.642837039474,Delta_Storage+USGS_12105900
2022,6,30,550.857022236707,Delta_Storage+USGS_12105900
2022,7,1,765.643118486979,Delta_Storage+USGS_12105900
2022,7,2,629.535603717102,Delta_Storage+USGS_12105900
2022,7,3,526.464114835393,Delta_Storage+USGS_12105900
2022,7,4,600.750070361843,Delta_Storage+USGS_12105900
2022,7,5,548.714325921183,Delta_Storage+USGS_12105900
2022,7,6,528.357162960526,Delta_Storage+USGS_12105900
2022,7,7,534.035744440792,Delta_Storage+USGS_12105900
2022,7,8,490.964255559208,Delta_Storage+USGS_12105900
2022,7,9,468.607092598686,Delta_Storage+USGS_12105900
2022,7,10,451.571348157762,Delta_Storage+USGS_12105900
2022,7,11,368.892766677631,Delta_Storage+USGS_12105900
2022,7,12,456.357162960526,Delta_Storage+USGS_12105900
2022,7,13,411.214185197365,Delta_Storage+USGS_12105900
2022,7,14,380.178440756448,Delta_Storage+USGS_12105900
2022,7,15,365.499859276182,Delta_Storage+USGS_12105900
2022,7,16,364.499859276314,Delta_Storage+USGS_12105900
2022,7,17,357.821277795919,Delta_Storage+USGS_12105900
2022,7,18,322.142696315788,Delta_Storage+USGS_12105900
2022,7,19,347.892766677499,Delta_Storage+USGS_12105900
2022,7,20,300.499859276314,Delta_Storage+USGS_12105900
2022,7,21,315.571348157762,Delta_Storage+USGS_12105900
2022,7,22,311.214185197369,Delta_Storage+USGS_12105900
2022,7,23,298.857022236839,Delta_Storage+USGS_12105900
2022,7,24,286.499859276182,Delta_Storage+USGS_12105900
2022,7,25,289.499859276185,Delta_Storage+USGS_12105900
2022,7,26,283.251108176353,Delta_Storage+USGS_12105900
2022,7,27,254.108719638625,Delta_Storage+USGS_12105900
2022,7,28,257.590599698838,Delta_Storage+USGS_12105900
2022,7,29,254.590599698959,Delta_Storage+USGS_12105900
2022,7,30,251.590599698838,Delta_Storage+USGS_12105900
2022,7,31,239.602679658819,Delta_Storage+USGS_12105900
2022,8,1,240.108719638629,Delta_Storage+USGS_12105900
2022,8,2,213.13287955835,Delta_Storage+USGS_12105900
2022,8,3,224.614759618559,Delta_Storage+USGS_12105900
2022,8,4,219.62683957842,Delta_Storage+USGS_12105900
2022,8,5,222.626839578544,Delta_Storage+USGS_12105900
2022,8,6,210.63891953828,Delta_Storage+USGS_12105900
2022,8,7,210.63891953828,Delta_Storage+USGS_12105900
2022,8,8,191.650999498145,Delta_Storage+USGS_12105900
2022,8,9,197.63891953828,Delta_Storage+USGS_12105900
2022,8,10,201.13287955835,Delta_Storage+USGS_12105900
2022,8,11,194.63891953828,Delta_Storage+USGS_12105900
2022,8,12,194.63891953828,Delta_Storage+USGS_12105900
2022,8,13,187.491698592239,Delta_Storage+USGS_12105900
2022,8,14,176.108026509524,Delta_Storage+USGS_12105900
2022,8,15,186.692617138442,Delta_Storage+USGS_12105900
2022,8,16,168.815731195067,Delta_Storage+USGS_12105900
2022,8,17,175.108026509524,Delta_Storage+USGS_12105900
2022,8,18,181.400321823981,Delta_Storage+USGS_12105900
2022,8,19,175.108026509524,Delta_Storage+USGS_12105900
2022,8,20,175.108026509524,Delta_Storage+USGS_12105900
2022,8,21,168.523435880489,Delta_Storage+USGS_12105900
2022,8,22,166.938845251697,Delta_Storage+USGS_12105900
2022,8,23,156.354254622779,Delta_Storage+USGS_12105900
2022,8,24,161.646549937236,Delta_Storage+USGS_12105900
2022,8,25,160.176588685907,Delta_Storage+USGS_12105900
2022,8,26,169.755220997006,Delta_Storage+USGS_12105900
2022,8,27,160.64538755546,Delta_Storage+USGS_12105900
2022,8,28,149.572165261287,Delta_Storage+USGS_12105900
2022,8,29,150.572165261173,Delta_Storage+USGS_12105900
2022,8,30,156.608776408432,Delta_Storage+USGS_12105900
2022,8,31,153.572165261173,Delta_Storage+USGS_12105900
2022,9,1,164.535554114145,Delta_Storage+USGS_12105900
2022,9,2,143.315887231166,Delta_Storage+USGS_12105900
2022,9,3,149.133130653964,Delta_Storage+USGS_12105900
2022,9,4,137.9278238371,Delta_Storage+USGS_12105900
2022,9,5,149.307334847269,Delta_Storage+USGS_12105900
2022,9,6,138.720994173824,Delta_Storage+USGS_12105900
2022,9,7,147.514164510545,Delta_Storage+USGS_12105900
2022,9,8,134.341483163658,Delta_Storage+USGS_12105900
2022,9,9,132.341483163655,Delta_Storage+USGS_12105900
2022,9,10,136.276431373025,Delta_Storage+USGS_12105900
2022,9,11,140.586718829824,Delta_Storage+USGS_12105900
2022,9,12,134.586718829824,Delta_Storage+USGS_12105900
2022,9,13,141.676099613896,Delta_Storage+USGS_12105900
2022,9,14,204.13140922186,Delta_Storage+USGS_12105900
2022,9,15,137.05883981288,Delta_Storage+USGS_12105900
2022,9,16,132.358430303655,Delta_Storage+USGS_12105900
2022,9,17,144.360109912183,Delta_Storage+USGS_12105900
2022,9,18,139.053098352507,Delta_Storage+USGS_12105900
2022,9,19,132.746086793025,Delta_Storage+USGS_12105900
2022,9,20,125.13206367387,Delta_Storage+USGS_12105900
2022,9,21,145.647055061948,Delta_Storage+USGS_12105900
2022,9,22,141.343536752191,Delta_Storage+USGS_12105900
2022,9,23,131.399335246388,Delta_Storage+USGS_12105900
2022,9,24,130.39933524639,Delta_Storage+USGS_12105900
2022,9,25,148.198974454432,Delta_Storage+USGS_12105900
2022,9,26,152.722854724003,Delta_Storage+USGS_12105900
2022,9,27,142.119348120478,Delta_Storage+USGS_12105900
2022,9,28,133.817594818756,Delta_Storage+USGS_12105900
2022,9,29,149.329791777664,Delta_Storage+USGS_12105900
2022,9,30,153.478360197798,Data_Ranger
2022,10,1,161.279523909792,Data_Ranger
