year,month,day,flow_cfs,Source
2003,10,1,1122.65383333333,Data_Ranger
2003,10,2,1053.55883333333,Data_Ranger
2003,10,3,1028.6305,Data_Ranger
2003,10,4,1021.86916666667,Data_Ranger
2003,10,5,1006.15916666667,Data_Ranger
2003,10,6,1028.67266666667,Data_Ranger
2003,10,7,1786.065,Data_Ranger
2003,10,8,1741.50333333333,Data_Ranger
2003,10,9,2153.67916666667,Data_Ranger
2003,10,10,1920.68166666667,Data_Ranger
2003,10,11,1661.896,Data_Ranger
2003,10,12,6369.33166666667,Data_Ranger
2003,10,13,7229.91333333333,Data_Ranger
2003,10,14,2973.83,Data_Ranger
2003,10,15,2226.94666666667,Data_Ranger
2003,10,16,12729.66,Data_Ranger
2003,10,17,20732.21,Data_Ranger
2003,10,18,10789.4716666667,Data_Ranger
2003,10,19,9962.85166666667,Data_Ranger
2003,10,20,21688.4916666667,Data_Ranger
2003,10,21,22105.2833333333,Data_Ranger
2003,10,22,14849.7766666667,Data_Ranger
2003,10,23,12164.2133333333,Data_Ranger
2003,10,24,7601.89,Data_Ranger
2003,10,25,6002.445,Data_Ranger
2003,10,26,5167.24666666667,Data_Ranger
2003,10,27,4110.01666666667,Data_Ranger
2003,10,28,8369.88333333333,Data_Ranger
2003,10,29,6864.05,Data_Ranger
2003,10,30,4328.08333333333,Data_Ranger
2003,10,31,3739.47333333333,Data_Ranger
2003,11,1,3301.39833333333,Data_Ranger
2003,11,2,3029.51,Data_Ranger
2003,11,3,2707.46,Data_Ranger
2003,11,4,2548.69833333333,Data_Ranger
2003,11,5,2385.53,Data_Ranger
2003,11,6,2257.69166666667,Data_Ranger
2003,11,7,2190.05833333333,Data_Ranger
2003,11,8,2108.255,Data_Ranger
2003,11,9,2011.95166666667,Data_Ranger
2003,11,10,2654.82333333333,Data_Ranger
2003,11,11,5238.135,Data_Ranger
2003,11,12,3334.67166666667,Data_Ranger
2003,11,13,2830.82333333333,Data_Ranger
2003,11,14,2558.88,Data_Ranger
2003,11,15,2526.665,Data_Ranger
2003,11,16,3852.04166666667,Data_Ranger
2003,11,17,7016.21166666667,Data_Ranger
2003,11,18,21453.1666666667,Data_Ranger
2003,11,19,22181.5666666667,Data_Ranger
2003,11,20,10742.0016666667,Data_Ranger
2003,11,21,6907.16,Data_Ranger
2003,11,22,5411.49166666667,Data_Ranger
2003,11,23,4881.86,Data_Ranger
2003,11,24,5033.11166666667,Data_Ranger
2003,11,25,4498.72333333333,Data_Ranger
2003,11,26,4287.75333333333,Data_Ranger
2003,11,27,3853.42666666667,Data_Ranger
2003,11,28,9992.23,Data_Ranger
2003,11,29,12302.9716666667,Data_Ranger
2003,11,30,6969.27166666667,Data_Ranger
2003,12,1,5054.925,Data_Ranger
2003,12,2,4801.60666666667,Data_Ranger
2003,12,3,6400.31166666666,Data_Ranger
2003,12,4,4949.67833333333,Data_Ranger
2003,12,5,5824.05,Data_Ranger
2003,12,6,7888.4,Data_Ranger
2003,12,7,5360.47,Data_Ranger
2003,12,8,4493.05666666667,Data_Ranger
2003,12,9,3972.73166666667,Data_Ranger
2003,12,10,3597.41333333333,Data_Ranger
2003,12,11,3241.21666666667,Data_Ranger
2003,12,12,3302.905,Data_Ranger
2003,12,13,3525.74833333333,Data_Ranger
2003,12,14,3596.93,Data_Ranger
2003,12,15,3288.44,Data_Ranger
2003,12,16,3654.65666666667,Data_Ranger
2003,12,17,3977.90333333333,Data_Ranger
2003,12,18,3318.63833333333,Data_Ranger
2003,12,19,3169.945,Data_Ranger
2003,12,20,3805.60833333333,Data_Ranger
2003,12,21,3838.89,Data_Ranger
2003,12,22,3284.93166666667,Data_Ranger
2003,12,23,3040.435,Data_Ranger
2003,12,24,3397.13666666667,Data_Ranger
2003,12,25,3743.035,Data_Ranger
2003,12,26,3251.36333333333,Data_Ranger
2003,12,27,2954.375,Data_Ranger
2003,12,28,2846.435,Data_Ranger
2003,12,29,2601.13833333333,Data_Ranger
2003,12,30,2433.50833333333,Data_Ranger
2003,12,31,2407.38666666667,Data_Ranger
2004,1,1,2208.50166666667,Data_Ranger
2004,1,2,2127.43333333333,Data_Ranger
2004,1,3,2017.62333333333,Data_Ranger
2004,1,4,1980.45166666667,Data_Ranger
2004,1,5,1942.08166666667,Data_Ranger
2004,1,6,1958.49333333333,Data_Ranger
2004,1,7,2383.82,Data_Ranger
2004,1,8,3781.36,Data_Ranger
2004,1,9,4120.825,Data_Ranger
2004,1,10,5342.865,Data_Ranger
2004,1,11,4508.24666666667,Data_Ranger
2004,1,12,4112.65,Data_Ranger
2004,1,13,4917.06333333333,Data_Ranger
2004,1,14,8064.33166666667,Data_Ranger
2004,1,15,11590.9833333333,Data_Ranger
2004,1,16,7986.51666666667,Data_Ranger
2004,1,17,5431.615,Data_Ranger
2004,1,18,4896.61333333333,Data_Ranger
2004,1,19,4629.10333333333,Data_Ranger
2004,1,20,4002.27666666667,Data_Ranger
2004,1,21,3462.69166666667,Data_Ranger
2004,1,22,3156.515,Data_Ranger
2004,1,23,3238.13666666667,Data_Ranger
2004,1,24,3939.94166666667,Data_Ranger
2004,1,25,3292.99666666667,Data_Ranger
2004,1,26,3243,Data_Ranger
2004,1,27,3593.27333333333,Data_Ranger
2004,1,28,4541.71166666667,Data_Ranger
2004,1,29,10552.2283333333,Data_Ranger
2004,1,30,14018.02,Data_Ranger
2004,1,31,7841.32166666666,Data_Ranger
2004,2,1,5837.17333333333,Data_Ranger
2004,2,2,4705.205,Data_Ranger
2004,2,3,4133.19666666667,Data_Ranger
2004,2,4,4042.58,Data_Ranger
2004,2,5,3631.70166666667,Data_Ranger
2004,2,6,3573.465,Data_Ranger
2004,2,7,3470.00666666667,Data_Ranger
2004,2,8,3172.66333333333,Data_Ranger
2004,2,9,2935.02833333333,Data_Ranger
2004,2,10,2718.10333333333,Data_Ranger
2004,2,11,2642.16,Data_Ranger
2004,2,12,2551.76,Data_Ranger
2004,2,13,2483.23666666667,Data_Ranger
2004,2,14,2559.72833333333,Data_Ranger
2004,2,15,2769.05833333333,Data_Ranger
2004,2,16,2812.77833333333,Data_Ranger
2004,2,17,3000.99666666667,Data_Ranger
2004,2,18,3214.60166666667,Data_Ranger
2004,2,19,3224.07833333333,Data_Ranger
2004,2,20,2923.58833333333,Data_Ranger
2004,2,21,2720.43666666667,Data_Ranger
2004,2,22,2551.15833333333,Data_Ranger
2004,2,23,2343.03833333333,Data_Ranger
2004,2,24,2289.43166666667,Data_Ranger
2004,2,25,2288.865,Data_Ranger
2004,2,26,2204.71333333333,Data_Ranger
2004,2,27,2234.39,Data_Ranger
2004,2,28,2209.81833333333,Data_Ranger
2004,2,29,2186.92833333333,Data_Ranger
2004,3,1,2064.42166666667,Data_Ranger
2004,3,2,2011.90833333333,Data_Ranger
2004,3,3,2016.62,Data_Ranger
2004,3,4,2296.055,Data_Ranger
2004,3,5,2464.94,Data_Ranger
2004,3,6,2332.25666666667,Data_Ranger
2004,3,7,4167.54,Data_Ranger
2004,3,8,5675.47166666667,Data_Ranger
2004,3,9,5993.16,Data_Ranger
2004,3,10,4686.69166666667,Data_Ranger
2004,3,11,3582.36,Data_Ranger
2004,3,12,3203.77166666667,Data_Ranger
2004,3,13,2990.365,Data_Ranger
2004,3,14,2941.40833333333,Data_Ranger
2004,3,15,2797.34166666667,Data_Ranger
2004,3,16,2616.455,Data_Ranger
2004,3,17,2653.28333333333,Data_Ranger
2004,3,18,3141.83,Data_Ranger
2004,3,19,3050.09666666667,Data_Ranger
2004,3,20,2657.67166666667,Data_Ranger
2004,3,21,2575.63333333333,Data_Ranger
2004,3,22,2862.83333333333,Data_Ranger
2004,3,23,3185.72333333333,Data_Ranger
2004,3,24,3524.8,Data_Ranger
2004,3,25,3545.53666666667,Data_Ranger
2004,3,26,3626.68333333333,Data_Ranger
2004,3,27,3739.59666666667,Data_Ranger
2004,3,28,3423.41333333333,Data_Ranger
2004,3,29,3297.84833333333,Data_Ranger
2004,3,30,3812.785,Data_Ranger
2004,3,31,3447.83166666667,Data_Ranger
2004,4,1,3102.44,Data_Ranger
2004,4,2,2862.57333333333,Data_Ranger
2004,4,3,2797.14333333333,Data_Ranger
2004,4,4,3104.67166666667,Data_Ranger
2004,4,5,2880.73833333333,Data_Ranger
2004,4,6,2823.885,Data_Ranger
2004,4,7,2978.995,Data_Ranger
2004,4,8,2869.65,Data_Ranger
2004,4,9,2865.755,Data_Ranger
2004,4,10,3010.3,Data_Ranger
2004,4,11,3333.74833333333,Data_Ranger
2004,4,12,3835.75166666667,Data_Ranger
2004,4,13,3958.89,Data_Ranger
2004,4,14,3555.80166666667,Data_Ranger
2004,4,15,3175.16666666667,Data_Ranger
2004,4,16,3039.31666666667,Data_Ranger
2004,4,17,2832.035,Data_Ranger
2004,4,18,2465.28666666667,Data_Ranger
2004,4,19,2484.47333333333,Data_Ranger
2004,4,20,2703.22166666667,Data_Ranger
2004,4,21,2636.81,Data_Ranger
2004,4,22,2520.87666666667,Data_Ranger
2004,4,23,2706.22833333333,Data_Ranger
2004,4,24,2752.03833333333,Data_Ranger
2004,4,25,2491.72166666667,Data_Ranger
2004,4,26,2973.90666666667,Data_Ranger
2004,4,27,3735.68,Data_Ranger
2004,4,28,3286.49,Data_Ranger
2004,4,29,3021.95333333333,Data_Ranger
2004,4,30,3180.62833333333,Data_Ranger
2004,5,1,4033.23833333333,Data_Ranger
2004,5,2,4342.59166666667,Data_Ranger
2004,5,3,4198.58833333333,Data_Ranger
2004,5,4,4212.59666666667,Data_Ranger
2004,5,5,4218.63166666667,Data_Ranger
2004,5,6,3144.19,Data_Ranger
2004,5,7,3005.20833333333,Data_Ranger
2004,5,8,3296.54833333333,Data_Ranger
2004,5,9,3125.26166666667,Data_Ranger
2004,5,10,3031.80333333333,Data_Ranger
2004,5,11,2854.23833333333,Data_Ranger
2004,5,12,2784.23666666667,Data_Ranger
2004,5,13,2610.205,Data_Ranger
2004,5,14,2622.98833333333,Data_Ranger
2004,5,15,2727.46333333333,Data_Ranger
2004,5,16,2775.50666666667,Data_Ranger
2004,5,17,2710.83333333333,Data_Ranger
2004,5,18,3131.4,Data_Ranger
2004,5,19,3542.57,Data_Ranger
2004,5,20,3353.53333333333,Data_Ranger
2004,5,21,3558.515,Data_Ranger
2004,5,22,4111.25,Data_Ranger
2004,5,23,3700.03833333333,Data_Ranger
2004,5,24,3088.465,Data_Ranger
2004,5,25,2949.14,Data_Ranger
2004,5,26,5364.91166666667,Data_Ranger
2004,5,27,6203.415,Data_Ranger
2004,5,28,7079.83,Data_Ranger
2004,5,29,5785.08833333333,Data_Ranger
2004,5,30,6473.625,Data_Ranger
2004,5,31,5868.33,Data_Ranger
2004,6,1,4468.73833333333,Data_Ranger
2004,6,2,3717.33,Data_Ranger
2004,6,3,3918.21833333333,Data_Ranger
2004,6,4,4486.14666666667,Data_Ranger
2004,6,5,5060.87166666667,Data_Ranger
2004,6,6,6016.55333333333,Data_Ranger
2004,6,7,4737.58666666667,Data_Ranger
2004,6,8,4086.71166666667,Data_Ranger
2004,6,9,4290.585,Data_Ranger
2004,6,10,4550.69166666667,Data_Ranger
2004,6,11,4111.44166666667,Data_Ranger
2004,6,12,3351.83166666667,Data_Ranger
2004,6,13,4846.77,Data_Ranger
2004,6,14,4656.05666666667,Data_Ranger
2004,6,15,3828.135,Data_Ranger
2004,6,16,3394.575,Data_Ranger
2004,6,17,3657.58,Data_Ranger
2004,6,18,3835.23,Data_Ranger
2004,6,19,3649.82833333333,Data_Ranger
2004,6,20,3544.77166666667,Data_Ranger
2004,6,21,3736.55666666667,Data_Ranger
2004,6,22,3956.73333333333,Data_Ranger
2004,6,23,4167.52,Data_Ranger
2004,6,24,4354.06,Data_Ranger
2004,6,25,4128.95166666667,Data_Ranger
2004,6,26,4007.34,Data_Ranger
2004,6,27,3372.98666666667,Data_Ranger
2004,6,28,2974.75166666667,Data_Ranger
2004,6,29,3070.48166666667,Data_Ranger
2004,6,30,3058.95333333333,Data_Ranger
2004,7,1,2964.06833333333,Data_Ranger
2004,7,2,2885.73166666667,Data_Ranger
2004,7,3,2824.47333333333,Data_Ranger
2004,7,4,2672.99833333333,Data_Ranger
2004,7,5,2573.73,Data_Ranger
2004,7,6,2752.35333333333,Data_Ranger
2004,7,7,2788.63666666667,Data_Ranger
2004,7,8,2443.02666666667,Data_Ranger
2004,7,9,2248.285,Data_Ranger
2004,7,10,2126.96166666667,Data_Ranger
2004,7,11,2150.86833333333,Data_Ranger
2004,7,12,2113.265,Data_Ranger
2004,7,13,2311.275,Data_Ranger
2004,7,14,2399.565,Data_Ranger
2004,7,15,2518.64666666667,Data_Ranger
2004,7,16,2479.865,Data_Ranger
2004,7,17,2457.62,Data_Ranger
2004,7,18,2457.645,Data_Ranger
2004,7,19,2480.945,Data_Ranger
2004,7,20,2327.60333333333,Data_Ranger
2004,7,21,2073.01666666667,Data_Ranger
2004,7,22,2099.9,Data_Ranger
2004,7,23,2169.43833333333,Data_Ranger
2004,7,24,2201.255,Data_Ranger
2004,7,25,2173.98333333333,Data_Ranger
2004,7,26,2023.48333333333,Data_Ranger
2004,7,27,1956.675,Data_Ranger
2004,7,28,1907.24333333333,Data_Ranger
2004,7,29,1932.35833333333,Data_Ranger
2004,7,30,1912.95333333333,Data_Ranger
2004,7,31,1798.79,Data_Ranger
2004,8,1,1696.1075,Data_Ranger
2004,8,2,1698.165,Data_Ranger
2004,8,3,1676.19166666667,Data_Ranger
2004,8,4,1623.405,Data_Ranger
2004,8,5,1628.32833333333,Data_Ranger
2004,8,6,1763.77333333333,Data_Ranger
2004,8,7,2143.09333333333,Data_Ranger
2004,8,8,1635.27916666667,Data_Ranger
2004,8,9,1583.44333333333,Data_Ranger
2004,8,10,1631.03666666667,Data_Ranger
2004,8,11,1613.61,Data_Ranger
2004,8,12,1648.52333333333,Data_Ranger
2004,8,13,1672.70333333333,Data_Ranger
2004,8,14,1673.74166666667,Data_Ranger
2004,8,15,1674.22,Data_Ranger
2004,8,16,1682.78833333333,Data_Ranger
2004,8,17,1709.27833333333,Data_Ranger
2004,8,18,1647.98166666667,Data_Ranger
2004,8,19,1613.10666666667,Data_Ranger
2004,8,20,1611.225,Data_Ranger
2004,8,21,1696.11166666667,Data_Ranger
2004,8,22,4631.73,Data_Ranger
2004,8,23,2209.69,Data_Ranger
2004,8,24,5051.465,Data_Ranger
2004,8,25,10499.3866666667,Data_Ranger
2004,8,26,7547.03166666667,Data_Ranger
2004,8,27,3999.86833333333,Data_Ranger
2004,8,28,3749.92333333333,Data_Ranger
2004,8,29,4859.24666666667,Data_Ranger
2004,8,30,3022.61333333333,Data_Ranger
2004,8,31,2595.91666666667,Data_Ranger
2004,9,1,2918.04333333333,Data_Ranger
2004,9,2,3450.03166666667,Data_Ranger
2004,9,3,2724.70166666667,Data_Ranger
2004,9,4,2471.28666666667,Data_Ranger
2004,9,5,2154.06833333333,Data_Ranger
2004,9,6,1954.87,Data_Ranger
2004,9,7,1807.89333333333,Data_Ranger
2004,9,8,1805.76666666667,Data_Ranger
2004,9,9,2442.27833333333,Data_Ranger
2004,9,10,2274.07333333333,Data_Ranger
2004,9,11,9278.91166666667,Data_Ranger
2004,9,12,5890.37166666667,Data_Ranger
2004,9,13,4857.67,Data_Ranger
2004,9,14,6049.50833333333,Data_Ranger
2004,9,15,7249.42166666667,Data_Ranger
2004,9,16,7468.585,Data_Ranger
2004,9,17,8623.90166666667,Data_Ranger
2004,9,18,6857.09833333333,Data_Ranger
2004,9,19,5757.17,Data_Ranger
2004,9,20,3872.59333333333,Data_Ranger
2004,9,21,3304.66333333333,Data_Ranger
2004,9,22,3052.545,Data_Ranger
2004,9,23,3186.18,Data_Ranger
2004,9,24,2868.12833333333,Data_Ranger
2004,9,25,2666.31,Data_Ranger
2004,9,26,2280.82,Data_Ranger
2004,9,27,2132.56166666667,Data_Ranger
2004,9,28,2063.18666666667,Data_Ranger
2004,9,29,1821.70666666667,Data_Ranger
2004,9,30,1789.435,Data_Ranger
2004,10,1,1676.5775,Data_Ranger
2004,10,2,1600.42916666667,Data_Ranger
2004,10,3,1549.18916666667,Data_Ranger
2004,10,4,1499.58,Data_Ranger
2004,10,5,1478.26583333333,Data_Ranger
2004,10,6,1825.25333333333,Data_Ranger
2004,10,7,1600.84916666667,Data_Ranger
2004,10,8,2983.655,Data_Ranger
2004,10,9,5815.42333333333,Data_Ranger
2004,10,10,4226.04,Data_Ranger
2004,10,11,3039.59166666667,Data_Ranger
2004,10,12,2460.75666666667,Data_Ranger
2004,10,13,2124.57833333333,Data_Ranger
2004,10,14,1934.5,Data_Ranger
2004,10,15,1660,USGS_12210700
2004,10,16,4170,USGS_12210700
2004,10,17,4280,USGS_12210700
2004,10,18,4910,USGS_12210700
2004,10,19,3630,USGS_12210700
2004,10,20,2780,USGS_12210700
2004,10,21,2710,USGS_12210700
2004,10,22,2920,USGS_12210700
2004,10,23,3110,USGS_12210700
2004,10,24,2940,USGS_12210700
2004,10,25,2610,USGS_12210700
2004,10,26,2260,USGS_12210700
2004,10,27,2020,USGS_12210700
2004,10,28,1820,USGS_12210700
2004,10,29,1700,USGS_12210700
2004,10,30,3080,USGS_12210700
2004,10,31,2800,USGS_12210700
2004,11,1,2620,USGS_12210700
2004,11,2,18600,USGS_12210700
2004,11,3,7410,USGS_12210700
2004,11,4,4390,USGS_12210700
2004,11,5,3350,USGS_12210700
2004,11,6,4100,USGS_12210700
2004,11,7,7990,USGS_12210700
2004,11,8,6070,USGS_12210700
2004,11,9,4140,USGS_12210700
2004,11,10,3300,USGS_12210700
2004,11,11,2820,USGS_12210700
2004,11,12,2470,USGS_12210700
2004,11,13,2280,USGS_12210700
2004,11,14,2390,USGS_12210700
2004,11,15,4060,USGS_12210700
2004,11,16,3850,USGS_12210700
2004,11,17,3230,USGS_12210700
2004,11,18,4010,USGS_12210700
2004,11,19,5270,USGS_12210700
2004,11,20,3580,USGS_12210700
2004,11,21,2950,USGS_12210700
2004,11,22,3160,USGS_12210700
2004,11,23,3460,USGS_12210700
2004,11,24,23100,USGS_12210700
2004,11,25,31600,USGS_12210700
2004,11,26,11200,USGS_12210700
2004,11,27,8370,USGS_12210700
2004,11,28,6440,USGS_12210700
2004,11,29,5050,USGS_12210700
2004,11,30,4310,USGS_12210700
2004,12,1,3610,USGS_12210700
2004,12,2,3220,USGS_12210700
2004,12,3,3030,USGS_12210700
2004,12,4,4190,USGS_12210700
2004,12,5,5810,USGS_12210700
2004,12,6,4060,USGS_12210700
2004,12,7,3430,USGS_12210700
2004,12,8,4370,USGS_12210700
2004,12,9,4380,USGS_12210700
2004,12,10,13200,USGS_12210700
2004,12,11,19700,USGS_12210700
2004,12,12,8840,USGS_12210700
2004,12,13,6760,USGS_12210700
2004,12,14,10000,USGS_12210700
2004,12,15,10500,USGS_12210700
2004,12,16,7080,USGS_12210700
2004,12,17,5720,USGS_12210700
2004,12,18,5440,USGS_12210700
2004,12,19,6750,USGS_12210700
2004,12,20,5660,USGS_12210700
2004,12,21,4380,USGS_12210700
2004,12,22,3740,USGS_12210700
2004,12,23,3360,USGS_12210700
2004,12,24,3140,USGS_12210700
2004,12,25,4090,USGS_12210700
2004,12,26,5630,USGS_12210700
2004,12,27,4020,USGS_12210700
2004,12,28,3430,USGS_12210700
2004,12,29,3160,USGS_12210700
2004,12,30,3090,USGS_12210700
2004,12,31,2990,USGS_12210700
2005,1,1,2760,USGS_12210700
2005,1,2,2540,USGS_12210700
2005,1,3,2370,USGS_12210700
2005,1,4,2220,USGS_12210700
2005,1,5,2120,USGS_12210700
2005,1,6,2070,USGS_12210700
2005,1,7,2090,USGS_12210700
2005,1,8,2000,USGS_12210700
2005,1,9,1870,USGS_12210700
2005,1,10,1770,USGS_12210700
2005,1,11,1670,USGS_12210700
2005,1,12,1680,USGS_12210700
2005,1,13,1620,USGS_12210700
2005,1,14,1490,USGS_12210700
2005,1,15,1470,USGS_12210700
2005,1,16,1950,USGS_12210700
2005,1,17,8680,USGS_12210700
2005,1,18,23800,USGS_12210700
2005,1,19,18700,USGS_12210700
2005,1,20,16800,USGS_12210700
2005,1,21,11500,USGS_12210700
2005,1,22,11000,USGS_12210700
2005,1,23,11900,USGS_12210700
2005,1,24,8580,USGS_12210700
2005,1,25,6710,USGS_12210700
2005,1,26,5440,USGS_12210700
2005,1,27,4910,USGS_12210700
2005,1,28,3970,USGS_12210700
2005,1,29,3390,USGS_12210700
2005,1,30,3010,USGS_12210700
2005,1,31,3030,USGS_12210700
2005,2,1,2870,USGS_12210700
2005,2,2,2630,USGS_12210700
2005,2,3,2500,USGS_12210700
2005,2,4,4220,USGS_12210700
2005,2,5,4700,USGS_12210700
2005,2,6,3410,USGS_12210700
2005,2,7,2950,USGS_12210700
2005,2,8,2650,USGS_12210700
2005,2,9,2410,USGS_12210700
2005,2,10,2220,USGS_12210700
2005,2,11,2120,USGS_12210700
2005,2,12,2200,USGS_12210700
2005,2,13,2310,USGS_12210700
2005,2,14,2120,USGS_12210700
2005,2,15,1930,USGS_12210700
2005,2,16,1800,USGS_12210700
2005,2,17,1710,USGS_12210700
2005,2,18,1630,USGS_12210700
2005,2,19,1540,USGS_12210700
2005,2,20,1440,USGS_12210700
2005,2,21,1360,USGS_12210700
2005,2,22,1310,USGS_12210700
2005,2,23,1260,USGS_12210700
2005,2,24,1240,USGS_12210700
2005,2,25,1220,USGS_12210700
2005,2,26,1230,USGS_12210700
2005,2,27,1220,USGS_12210700
2005,2,28,1220,USGS_12210700
2005,3,1,1830,USGS_12210700
2005,3,2,1830,USGS_12210700
2005,3,3,1560,USGS_12210700
2005,3,4,1380,USGS_12210700
2005,3,5,1300,USGS_12210700
2005,3,6,1250,USGS_12210700
2005,3,7,1510,USGS_12210700
2005,3,8,1670,USGS_12210700
2005,3,9,1860,USGS_12210700
2005,3,10,1870,USGS_12210700
2005,3,11,1610,USGS_12210700
2005,3,12,1630,USGS_12210700
2005,3,13,1390,USGS_12210700
2005,3,14,1250,USGS_12210700
2005,3,15,1150,USGS_12210700
2005,3,16,1160,USGS_12210700
2005,3,17,1320,USGS_12210700
2005,3,18,1250,USGS_12210700
2005,3,19,1200,USGS_12210700
2005,3,20,4120,USGS_12210700
2005,3,21,4680,USGS_12210700
2005,3,22,2610,USGS_12210700
2005,3,23,2080,USGS_12210700
2005,3,24,1780,USGS_12210700
2005,3,25,1560,USGS_12210700
2005,3,26,3120,USGS_12210700
2005,3,27,4610,USGS_12210700
2005,3,28,5150,USGS_12210700
2005,3,29,4850,USGS_12210700
2005,3,30,4300,USGS_12210700
2005,3,31,3630,USGS_12210700
2005,4,1,8390,USGS_12210700
2005,4,2,6490,USGS_12210700
2005,4,3,4600,USGS_12210700
2005,4,4,4670,USGS_12210700
2005,4,5,3440,USGS_12210700
2005,4,6,3090,USGS_12210700
2005,4,7,3790,USGS_12210700
2005,4,8,5120,USGS_12210700
2005,4,9,3490,USGS_12210700
2005,4,10,2890,USGS_12210700
2005,4,11,4020,USGS_12210700
2005,4,12,4060,USGS_12210700
2005,4,13,3470,USGS_12210700
2005,4,14,3140,USGS_12210700
2005,4,15,2950,USGS_12210700
2005,4,16,7569.25333333333,Data_Ranger
2005,4,17,6056.265,Data_Ranger
2005,4,18,4446.42666666667,Data_Ranger
2005,4,19,3717.63833333333,Data_Ranger
2005,4,20,3435.06,Data_Ranger
2005,4,21,3812.34333333333,Data_Ranger
2005,4,22,4454.56833333333,Data_Ranger
2005,4,23,4610.61666666667,Data_Ranger
2005,4,24,4767.32833333333,Data_Ranger
2005,4,25,4780.995,Data_Ranger
2005,4,26,4790.35666666667,Data_Ranger
2005,4,27,4711.22166666667,Data_Ranger
2005,4,28,3945.03166666667,Data_Ranger
2005,4,29,3413.82166666667,Data_Ranger
2005,4,30,3032.22166666667,Data_Ranger
2005,5,1,2804.545,Data_Ranger
2005,5,2,2844.95333333333,Data_Ranger
2005,5,3,2915.95333333333,Data_Ranger
2005,5,4,2718.61666666667,Data_Ranger
2005,5,5,2788.92166666667,Data_Ranger
2005,5,6,2799.68833333333,Data_Ranger
2005,5,7,2614.93666666667,Data_Ranger
2005,5,8,2491.03833333333,Data_Ranger
2005,5,9,2560.69833333333,Data_Ranger
2005,5,10,3297.84,Data_Ranger
2005,5,11,3124.7,Data_Ranger
2005,5,12,2881.60833333333,Data_Ranger
2005,5,13,2739.63166666667,Data_Ranger
2005,5,14,2828.42833333333,Data_Ranger
2005,5,15,3538.60666666667,Data_Ranger
2005,5,16,4035.175,Data_Ranger
2005,5,17,3352.75833333333,Data_Ranger
2005,5,18,3400.17166666667,Data_Ranger
2005,5,19,4414.28166666667,Data_Ranger
2005,5,20,3939.145,Data_Ranger
2005,5,21,3917.19666666667,Data_Ranger
2005,5,22,3639.165,Data_Ranger
2005,5,23,3426.40666666667,Data_Ranger
2005,5,24,2965.35333333333,Data_Ranger
2005,5,25,2703.33,Data_Ranger
2005,5,26,2659.37666666667,Data_Ranger
2005,5,27,2708.56333333333,Data_Ranger
2005,5,28,2869.415,Data_Ranger
2005,5,29,2915.48,Data_Ranger
2005,5,30,2865.12833333333,Data_Ranger
2005,5,31,2941.18833333333,Data_Ranger
2005,6,1,3145.31166666667,Data_Ranger
2005,6,2,2746.86666666667,Data_Ranger
2005,6,3,2497.67333333333,Data_Ranger
2005,6,4,2330.53333333333,Data_Ranger
2005,6,5,2304.62166666667,Data_Ranger
2005,6,6,2296.63666666667,Data_Ranger
2005,6,7,2256.04833333333,Data_Ranger
2005,6,8,2415.91666666667,Data_Ranger
2005,6,9,2230.905,Data_Ranger
2005,6,10,2118.68166666667,Data_Ranger
2005,6,11,2137.91333333333,Data_Ranger
2005,6,12,2377.845,Data_Ranger
2005,6,13,2336.40666666667,Data_Ranger
2005,6,14,2274.48833333333,Data_Ranger
2005,6,15,2162.89666666667,Data_Ranger
2005,6,16,1986.88166666667,Data_Ranger
2005,6,17,2421.72166666667,Data_Ranger
2005,6,18,2369.49166666667,Data_Ranger
2005,6,19,2244.76166666667,Data_Ranger
2005,6,20,2191.06166666667,Data_Ranger
2005,6,21,2333.62833333333,Data_Ranger
2005,6,22,2622.805,Data_Ranger
2005,6,23,2457.00666666667,Data_Ranger
2005,6,24,2227.15666666667,Data_Ranger
2005,6,25,2143.89833333333,Data_Ranger
2005,6,26,2060.40333333333,Data_Ranger
2005,6,27,2248.37666666667,Data_Ranger
2005,6,28,2204.72166666667,Data_Ranger
2005,6,29,2150.23,Data_Ranger
2005,6,30,2172.98333333333,Data_Ranger
2005,7,1,2142.89833333333,Data_Ranger
2005,7,2,2070.63666666667,Data_Ranger
2005,7,3,1950.15166666667,Data_Ranger
2005,7,4,1903.84333333333,Data_Ranger
2005,7,5,2020.98333333333,Data_Ranger
2005,7,6,3170.87166666667,Data_Ranger
2005,7,7,2690.04666666667,Data_Ranger
2005,7,8,3916.815,Data_Ranger
2005,7,9,5451.60166666667,Data_Ranger
2005,7,10,3191.90333333333,Data_Ranger
2005,7,11,2758.58666666667,Data_Ranger
2005,7,12,2655.65166666667,Data_Ranger
2005,7,13,2425.67333333333,Data_Ranger
2005,7,14,2320.58666666667,Data_Ranger
2005,7,15,2360.59166666667,Data_Ranger
2005,7,16,2490.48166666667,Data_Ranger
2005,7,17,2333.41,Data_Ranger
2005,7,18,2332,Data_Ranger
2005,7,19,2254.60166666667,Data_Ranger
2005,7,20,2163.32833333333,Data_Ranger
2005,7,21,2017.67666666667,Data_Ranger
2005,7,22,2174.52666666667,Data_Ranger
2005,7,23,2037.04833333333,Data_Ranger
2005,7,24,1879.32333333333,Data_Ranger
2005,7,25,1789.36333333333,Data_Ranger
2005,7,26,1767.321,Data_Ranger
2005,7,27,1782.01933333333,Data_Ranger
2005,7,28,1819.93,Data_Ranger
2005,7,29,1795.45,Data_Ranger
2005,7,30,1746.345,Data_Ranger
2005,7,31,1752.54166666667,Data_Ranger
2005,8,1,1726.04166666667,Data_Ranger
2005,8,2,1617.86833333333,Data_Ranger
2005,8,3,1537.12666666667,Data_Ranger
2005,8,4,1518.815,Data_Ranger
2005,8,5,1559.125,Data_Ranger
2005,8,6,1598.57166666667,Data_Ranger
2005,8,7,1589.7,Data_Ranger
2005,8,8,1567.305,Data_Ranger
2005,8,9,1568.87166666667,Data_Ranger
2005,8,10,1503.55166666667,Data_Ranger
2005,8,11,1443.05666666667,Data_Ranger
2005,8,12,1451.68333333333,Data_Ranger
2005,8,13,1451.55166666667,Data_Ranger
2005,8,14,1440.745,Data_Ranger
2005,8,15,1435.18166666667,Data_Ranger
2005,8,16,1436.64666666667,Data_Ranger
2005,8,17,1513.36,Data_Ranger
2005,8,18,1467.24833333333,Data_Ranger
2005,8,19,1385.245,Data_Ranger
2005,8,20,1371.06333333333,Data_Ranger
2005,8,21,1383.21666666667,Data_Ranger
2005,8,22,1379.36666666667,Data_Ranger
2005,8,23,1269.26766666667,Data_Ranger
2005,8,24,1200.168,Data_Ranger
2005,8,25,1184.5185,Data_Ranger
2005,8,26,1177.73383333333,Data_Ranger
2005,8,27,1221.5255,Data_Ranger
2005,8,28,1262.79216666667,Data_Ranger
2005,8,29,1403.136,Data_Ranger
2005,8,30,1260.5235,Data_Ranger
2005,8,31,1147.86383333333,Data_Ranger
2005,9,1,1155.602,Data_Ranger
2005,9,2,1208.7015,Data_Ranger
2005,9,3,1119.0345,Data_Ranger
2005,9,4,1064.39566666667,Data_Ranger
2005,9,5,1052.98283333333,Data_Ranger
2005,9,6,1036.81666666667,Data_Ranger
2005,9,7,1049.47866666667,Data_Ranger
2005,9,8,1069.84366666667,Data_Ranger
2005,9,9,1070.5575,Data_Ranger
2005,9,10,1313.92833333333,Data_Ranger
2005,9,11,1091.01833333333,Data_Ranger
2005,9,12,1013.34216666667,Data_Ranger
2005,9,13,1014.20366666667,Data_Ranger
2005,9,14,984.023166666666,Data_Ranger
2005,9,15,942.492333333333,Data_Ranger
2005,9,16,956.626333333333,Data_Ranger
2005,9,17,962.873666666667,Data_Ranger
2005,9,18,973.955666666667,Data_Ranger
2005,9,19,951.118166666667,Data_Ranger
2005,9,20,947.627333333333,Data_Ranger
2005,9,21,949.7345,Data_Ranger
2005,9,22,932.231666666667,Data_Ranger
2005,9,23,934.69,Data_Ranger
2005,9,24,932.790833333333,Data_Ranger
2005,9,25,929.316166666666,Data_Ranger
2005,9,26,935.962666666666,Data_Ranger
2005,9,27,919.006666666667,Data_Ranger
2005,9,28,918.8995,Data_Ranger
2005,9,29,7552.87833333333,Data_Ranger
2005,9,30,8489.27,Data_Ranger
2005,10,1,2810,USGS_12210700
2005,10,2,1790,USGS_12210700
2005,10,3,1490,USGS_12210700
2005,10,4,1210,USGS_12210700
2005,10,5,1010,USGS_12210700
2005,10,6,984,USGS_12210700
2005,10,7,4760,USGS_12210700
2005,10,8,2630,USGS_12210700
2005,10,9,1750,USGS_12210700
2005,10,10,1690,USGS_12210700
2005,10,11,2550,USGS_12210700
2005,10,12,1660,USGS_12210700
2005,10,13,2710,USGS_12210700
2005,10,14,2120,USGS_12210700
2005,10,15,2460,USGS_12210700
2005,10,16,2230,USGS_12210700
2005,10,17,10900,USGS_12210700
2005,10,18,9530,USGS_12210700
2005,10,19,5430,USGS_12210700
2005,10,20,6450,USGS_12210700
2005,10,21,4200,USGS_12210700
2005,10,22,3360,USGS_12210700
2005,10,23,3040,USGS_12210700
2005,10,24,3370,USGS_12210700
2005,10,25,2600,USGS_12210700
2005,10,26,2780,USGS_12210700
2005,10,27,2210,USGS_12210700
2005,10,28,2100,USGS_12210700
2005,10,29,3670,USGS_12210700
2005,10,30,3450,USGS_12210700
2005,10,31,6900,USGS_12210700
2005,11,1,7550,USGS_12210700
2005,11,2,6430,USGS_12210700
2005,11,3,5890,USGS_12210700
2005,11,4,6110,USGS_12210700
2005,11,5,5530,USGS_12210700
2005,11,6,5480,USGS_12210700
2005,11,7,4710,USGS_12210700
2005,11,8,4110,USGS_12210700
2005,11,9,3580,USGS_12210700
2005,11,10,5220,USGS_12210700
2005,11,11,6620,USGS_12210700
2005,11,12,4980,USGS_12210700
2005,11,13,4840,USGS_12210700
2005,11,14,4780,USGS_12210700
2005,11,15,3770,USGS_12210700
2005,11,16,3410,USGS_12210700
2005,11,17,3340,USGS_12210700
2005,11,18,3110,USGS_12210700
2005,11,19,3610,USGS_12210700
2005,11,20,4160,USGS_12210700
2005,11,21,4040,USGS_12210700
2005,11,22,3960,USGS_12210700
2005,11,23,3640,USGS_12210700
2005,11,24,3170,USGS_12210700
2005,11,25,4390,USGS_12210700
2005,11,26,4740,USGS_12210700
2005,11,27,3430,USGS_12210700
2005,11,28,2880,USGS_12210700
2005,11,29,2690,USGS_12210700
2005,11,30,2440,USGS_12210700
2005,12,1,2210,USGS_12210700
2005,12,2,2050,USGS_12210700
2005,12,3,1850,USGS_12210700
2005,12,4,1680,USGS_12210700
2005,12,5,1630,USGS_12210700
2005,12,6,1630,USGS_12210700
2005,12,7,1540,USGS_12210700
2005,12,8,1470,USGS_12210700
2005,12,9,1390,USGS_12210700
2005,12,10,1340,USGS_12210700
2005,12,11,1440,USGS_12210700
2005,12,12,1460,USGS_12210700
2005,12,13,1390,USGS_12210700
2005,12,14,1280,USGS_12210700
2005,12,15,1220,USGS_12210700
2005,12,16,1170,USGS_12210700
2005,12,17,1120,USGS_12210700
2005,12,18,1040,USGS_12210700
2005,12,19,1050,USGS_12210700
2005,12,20,2650,USGS_12210700
2005,12,21,8220,USGS_12210700
2005,12,22,9960,USGS_12210700
2005,12,23,9220,USGS_12210700
2005,12,24,11900,USGS_12210700
2005,12,25,18300,USGS_12210700
2005,12,26,11300,USGS_12210700
2005,12,27,9550,USGS_12210700
2005,12,28,8020,USGS_12210700
2005,12,29,7520,USGS_12210700
2005,12,30,6200,USGS_12210700
2005,12,31,7080,USGS_12210700
2006,1,1,6630,USGS_12210700
2006,1,2,5660,USGS_12210700
2006,1,3,4990,USGS_12210700
2006,1,4,4670,USGS_12210700
2006,1,5,6710,USGS_12210700
2006,1,6,14500,USGS_12210700
2006,1,7,12200,USGS_12210700
2006,1,8,8950,USGS_12210700
2006,1,9,9620,USGS_12210700
2006,1,10,17300,USGS_12210700
2006,1,11,12200,USGS_12210700
2006,1,12,9950,USGS_12210700
2006,1,13,13200,USGS_12210700
2006,1,14,11200,USGS_12210700
2006,1,15,7810,USGS_12210700
2006,1,16,6600,USGS_12210700
2006,1,17,10700,USGS_12210700
2006,1,18,7340,USGS_12210700
2006,1,19,5950,USGS_12210700
2006,1,20,5660,USGS_12210700
2006,1,21,4830,USGS_12210700
2006,1,22,4200,USGS_12210700
2006,1,23,4110,USGS_12210700
2006,1,24,3950,USGS_12210700
2006,1,25,3870,USGS_12210700
2006,1,26,4020,USGS_12210700
2006,1,27,3770,USGS_12210700
2006,1,28,3610,USGS_12210700
2006,1,29,3790,USGS_12210700
2006,1,30,11500,USGS_12210700
2006,1,31,7400,USGS_12210700
2006,2,1,6730,USGS_12210700
2006,2,2,6760,USGS_12210700
2006,2,3,5910,USGS_12210700
2006,2,4,8200,USGS_12210700
2006,2,5,8510,USGS_12210700
2006,2,6,6210,USGS_12210700
2006,2,7,5240,USGS_12210700
2006,2,8,4920,USGS_12210700
2006,2,9,4470,USGS_12210700
2006,2,10,3930,USGS_12210700
2006,2,11,3520,USGS_12210700
2006,2,12,3180,USGS_12210700
2006,2,13,3050,USGS_12210700
2006,2,14,2840,USGS_12210700
2006,2,15,2620,USGS_12210700
2006,2,16,2450,USGS_12210700
2006,2,17,2210,USGS_12210700
2006,2,18,2090,USGS_12210700
2006,2,19,2040,USGS_12210700
2006,2,20,1940,USGS_12210700
2006,2,21,1860,USGS_12210700
2006,2,22,1830,USGS_12210700
2006,2,23,2490,USGS_12210700
2006,2,24,2160,USGS_12210700
2006,2,25,1900,USGS_12210700
2006,2,26,1920,USGS_12210700
2006,2,27,2450,USGS_12210700
2006,2,28,3010,USGS_12210700
2006,3,1,2580,USGS_12210700
2006,3,2,2450,USGS_12210700
2006,3,3,2320,USGS_12210700
2006,3,4,2130,USGS_12210700
2006,3,5,1990,USGS_12210700
2006,3,6,1900,USGS_12210700
2006,3,7,2000,USGS_12210700
2006,3,8,2100,USGS_12210700
2006,3,9,2310,USGS_12210700
2006,3,10,2070,USGS_12210700
2006,3,11,1900,USGS_12210700
2006,3,12,1780,USGS_12210700
2006,3,13,1680,USGS_12210700
2006,3,14,1630,USGS_12210700
2006,3,15,1590,USGS_12210700
2006,3,16,1590,USGS_12210700
2006,3,17,1640,USGS_12210700
2006,3,18,1610,USGS_12210700
2006,3,19,1520,USGS_12210700
2006,3,20,1470,USGS_12210700
2006,3,21,1420,USGS_12210700
2006,3,22,1490,USGS_12210700
2006,3,23,1760,USGS_12210700
2006,3,24,2360,USGS_12210700
2006,3,25,2610,USGS_12210700
2006,3,26,2120,USGS_12210700
2006,3,27,1880,USGS_12210700
2006,3,28,1890,USGS_12210700
2006,3,29,2000,USGS_12210700
2006,3,30,2040,USGS_12210700
2006,3,31,2090,USGS_12210700
2006,4,1,2250,USGS_12210700
2006,4,2,2340,USGS_12210700
2006,4,3,2130,USGS_12210700
2006,4,4,2530,USGS_12210700
2006,4,5,2550,USGS_12210700
2006,4,6,2570,USGS_12210700
2006,4,7,2390,USGS_12210700
2006,4,8,2470,USGS_12210700
2006,4,9,2990,USGS_12210700
2006,4,10,3070,USGS_12210700
2006,4,11,2880,USGS_12210700
2006,4,12,3150,USGS_12210700
2006,4,13,3620,USGS_12210700
2006,4,14,5150,USGS_12210700
2006,4,15,4430,USGS_12210700
2006,4,16,3440,USGS_12210700
2006,4,17,2830,USGS_12210700
2006,4,18,2430,USGS_12210700
2006,4,19,2240,USGS_12210700
2006,4,20,2270,USGS_12210700
2006,4,21,3340,USGS_12210700
2006,4,22,3080,USGS_12210700
2006,4,23,2640,USGS_12210700
2006,4,24,2730,USGS_12210700
2006,4,25,3180,USGS_12210700
2006,4,26,3430,USGS_12210700
2006,4,27,3150,USGS_12210700
2006,4,28,3410,USGS_12210700
2006,4,29,5260,USGS_12210700
2006,4,30,5190,USGS_12210700
2006,5,1,3620,USGS_12210700
2006,5,2,2970,USGS_12210700
2006,5,3,2630,USGS_12210700
2006,5,4,2700,USGS_12210700
2006,5,5,3130,USGS_12210700
2006,5,6,3670,USGS_12210700
2006,5,7,3560,USGS_12210700
2006,5,8,3670,USGS_12210700
2006,5,9,2860,USGS_12210700
2006,5,10,2570,USGS_12210700
2006,5,11,2740,USGS_12210700
2006,5,12,2780,USGS_12210700
2006,5,13,2490,USGS_12210700
2006,5,14,2520,USGS_12210700
2006,5,15,3660,USGS_12210700
2006,5,16,8170,USGS_12210700
2006,5,17,9100,USGS_12210700
2006,5,18,8950,USGS_12210700
2006,5,19,8530,USGS_12210700
2006,5,20,8220,USGS_12210700
2006,5,21,6590,USGS_12210700
2006,5,22,6920,USGS_12210700
2006,5,23,6890,USGS_12210700
2006,5,24,5930,USGS_12210700
2006,5,25,6380,USGS_12210700
2006,5,26,5300,USGS_12210700
2006,5,27,4780,USGS_12210700
2006,5,28,4690,USGS_12210700
2006,5,29,4450,USGS_12210700
2006,5,30,4170,USGS_12210700
2006,5,31,4110,USGS_12210700
2006,6,1,5700,USGS_12210700
2006,6,2,9320,USGS_12210700
2006,6,3,8510,USGS_12210700
2006,6,4,6610,USGS_12210700
2006,6,5,10200,USGS_12210700
2006,6,6,6900,USGS_12210700
2006,6,7,5510,USGS_12210700
2006,6,8,4810,USGS_12210700
2006,6,9,4340,USGS_12210700
2006,6,10,4070,USGS_12210700
2006,6,11,4260,USGS_12210700
2006,6,12,4760,USGS_12210700
2006,6,13,5580,USGS_12210700
2006,6,14,6070,USGS_12210700
2006,6,15,5350,USGS_12210700
2006,6,16,4810,USGS_12210700
2006,6,17,7200,USGS_12210700
2006,6,18,5150,USGS_12210700
2006,6,19,4200,USGS_12210700
2006,6,20,3740,USGS_12210700
2006,6,21,3380,USGS_12210700
2006,6,22,3100,USGS_12210700
2006,6,23,3130,USGS_12210700
2006,6,24,3400,USGS_12210700
2006,6,25,4080,USGS_12210700
2006,6,26,5220,USGS_12210700
2006,6,27,5610,USGS_12210700
2006,6,28,4930,USGS_12210700
2006,6,29,3880,USGS_12210700
2006,6,30,3750,USGS_12210700
2006,7,1,3680,USGS_12210700
2006,7,2,3620,USGS_12210700
2006,7,3,3660,USGS_12210700
2006,7,4,3830,USGS_12210700
2006,7,5,3910,USGS_12210700
2006,7,6,3570,USGS_12210700
2006,7,7,2810,USGS_12210700
2006,7,8,2600,USGS_12210700
2006,7,9,2920,USGS_12210700
2006,7,10,3130,USGS_12210700
2006,7,11,2760,USGS_12210700
2006,7,12,2470,USGS_12210700
2006,7,13,4640,USGS_12210700
2006,7,14,3730,USGS_12210700
2006,7,15,3150,USGS_12210700
2006,7,16,2790,USGS_12210700
2006,7,17,2630,USGS_12210700
2006,7,18,2410,USGS_12210700
2006,7,19,2240,USGS_12210700
2006,7,20,2190,USGS_12210700
2006,7,21,2780,USGS_12210700
2006,7,22,3380,USGS_12210700
2006,7,23,3430,USGS_12210700
2006,7,24,3430,USGS_12210700
2006,7,25,3090,USGS_12210700
2006,7,26,2720,USGS_12210700
2006,7,27,2690,USGS_12210700
2006,7,28,2500,USGS_12210700
2006,7,29,2090,USGS_12210700
2006,7,30,1930,USGS_12210700
2006,7,31,1830,USGS_12210700
2006,8,1,1590,USGS_12210700
2006,8,2,1540,USGS_12210700
2006,8,3,1530,USGS_12210700
2006,8,4,1540,USGS_12210700
2006,8,5,1520,USGS_12210700
2006,8,6,1620,USGS_12210700
2006,8,7,1700,USGS_12210700
2006,8,8,1750,USGS_12210700
2006,8,9,1790,USGS_12210700
2006,8,10,1830,USGS_12210700
2006,8,11,1780,USGS_12210700
2006,8,12,1550,USGS_12210700
2006,8,13,1470,USGS_12210700
2006,8,14,1490,USGS_12210700
2006,8,15,1530,USGS_12210700
2006,8,16,1460,USGS_12210700
2006,8,17,1480,USGS_12210700
2006,8,18,1470,USGS_12210700
2006,8,19,1430,USGS_12210700
2006,8,20,1450,USGS_12210700
2006,8,21,1430,USGS_12210700
2006,8,22,1440,USGS_12210700
2006,8,23,1360,USGS_12210700
2006,8,24,1220,USGS_12210700
2006,8,25,1270,USGS_12210700
2006,8,26,1320,USGS_12210700
2006,8,27,1340,USGS_12210700
2006,8,28,1350,USGS_12210700
2006,8,29,1310,USGS_12210700
2006,8,30,1210,USGS_12210700
2006,8,31,1060,USGS_12210700
2006,9,1,953,USGS_12210700
2006,9,2,988,USGS_12210700
2006,9,3,1140,USGS_12210700
2006,9,4,1280,USGS_12210700
2006,9,5,1360,USGS_12210700
2006,9,6,1290,USGS_12210700
2006,9,7,1210,USGS_12210700
2006,9,8,1190,USGS_12210700
2006,9,9,1300,USGS_12210700
2006,9,10,1220,USGS_12210700
2006,9,11,1090,USGS_12210700
2006,9,12,1140,USGS_12210700
2006,9,13,1060,USGS_12210700
2006,9,14,980,USGS_12210700
2006,9,15,910,USGS_12210700
2006,9,16,781,USGS_12210700
2006,9,17,713,USGS_12210700
2006,9,18,1200,USGS_12210700
2006,9,19,1500,USGS_12210700
2006,9,20,1180,USGS_12210700
2006,9,21,2040,USGS_12210700
2006,9,22,1570,USGS_12210700
2006,9,23,1120,USGS_12210700
2006,9,24,1100,USGS_12210700
2006,9,25,1060,USGS_12210700
2006,9,26,1020,USGS_12210700
2006,9,27,1090,USGS_12210700
2006,9,28,1110,USGS_12210700
2006,9,29,969,USGS_12210700
2006,9,30,890,USGS_12210700
2006,10,1,770,USGS_12210700
2006,10,2,694,USGS_12210700
2006,10,3,641,USGS_12210700
2006,10,4,615,USGS_12210700
2006,10,5,638,USGS_12210700
2006,10,6,615,USGS_12210700
2006,10,7,569,USGS_12210700
2006,10,8,540,USGS_12210700
2006,10,9,536,USGS_12210700
2006,10,10,522,USGS_12210700
2006,10,11,559,USGS_12210700
2006,10,12,582,USGS_12210700
2006,10,13,593,USGS_12210700
2006,10,14,577,USGS_12210700
2006,10,15,668,USGS_12210700
2006,10,16,1110,USGS_12210700
2006,10,17,799,USGS_12210700
2006,10,18,640,USGS_12210700
2006,10,19,915,USGS_12210700
2006,10,20,1280,USGS_12210700
2006,10,21,826,USGS_12210700
2006,10,22,682,USGS_12210700
2006,10,23,604,USGS_12210700
2006,10,24,571,USGS_12210700
2006,10,25,865,USGS_12210700
2006,10,26,831,USGS_12210700
2006,10,27,2230,USGS_12210700
2006,10,28,1910,USGS_12210700
2006,10,29,1670,USGS_12210700
2006,10,30,1410,USGS_12210700
2006,10,31,1050,USGS_12210700
2006,11,1,884,USGS_12210700
2006,11,2,1020,USGS_12210700
2006,11,3,8400,USGS_12210700
2006,11,4,19800,USGS_12210700
2006,11,5,12700,USGS_12210700
2006,11,6,36800,USGS_12210700
2006,11,7,17300,USGS_12210700
2006,11,8,9870,USGS_12210700
2006,11,9,6390,USGS_12210700
2006,11,10,5560,USGS_12210700
2006,11,11,5850,USGS_12210700
2006,11,12,6750,USGS_12210700
2006,11,13,9080,USGS_12210700
2006,11,14,6590,USGS_12210700
2006,11,15,6230,USGS_12210700
2006,11,16,11000,USGS_12210700
2006,11,17,6150,USGS_12210700
2006,11,18,5110,USGS_12210700
2006,11,19,5420,USGS_12210700
2006,11,20,6560,USGS_12210700
2006,11,21,5860,USGS_12210700
2006,11,22,5520,USGS_12210700
2006,11,23,5250,USGS_12210700
2006,11,24,5050,USGS_12210700
2006,11,25,4710,USGS_12210700
2006,11,26,4350,USGS_12210700
2006,11,27,3950,USGS_12210700
2006,11,28,3520,USGS_12210700
2006,11,29,3300,USGS_12210700
2006,11,30,3330,USGS_12210700
2006,12,1,3210,USGS_12210700
2006,12,2,3040,USGS_12210700
2006,12,3,2930,USGS_12210700
2006,12,4,3140,USGS_12210700
2006,12,5,3460,USGS_12210700
2006,12,6,3310,USGS_12210700
2006,12,7,3470,USGS_12210700
2006,12,8,4090,USGS_12210700
2006,12,9,4410,USGS_12210700
2006,12,10,4540,USGS_12210700
2006,12,11,6180,USGS_12210700
2006,12,12,7400,USGS_12210700
2006,12,13,8100,USGS_12210700
2006,12,14,7390,USGS_12210700
2006,12,15,10600,USGS_12210700
2006,12,16,6880,USGS_12210700
2006,12,17,5360,USGS_12210700
2006,12,18,4650,USGS_12210700
2006,12,19,4370,USGS_12210700
2006,12,20,4260,USGS_12210700
2006,12,21,5850,USGS_12210700
2006,12,22,5600,USGS_12210700
2006,12,23,5090,USGS_12210700
2006,12,24,4790,USGS_12210700
2006,12,25,7380,USGS_12210700
2006,12,26,5810,USGS_12210700
2006,12,27,5070,USGS_12210700
2006,12,28,4280,USGS_12210700
2006,12,29,3900,USGS_12210700
2006,12,30,3610,USGS_12210700
2006,12,31,3380,USGS_12210700
2007,1,1,3370,USGS_12210700
2007,1,2,15300,USGS_12210700
2007,1,3,11100,USGS_12210700
2007,1,4,6570,USGS_12210700
2007,1,5,4660,USGS_12210700
2007,1,6,4850,USGS_12210700
2007,1,7,5020,USGS_12210700
2007,1,8,5290,USGS_12210700
2007,1,9,4460,USGS_12210700
2007,1,10,4340,USGS_12210700
2007,1,11,3700,USGS_12210700
2007,1,12,3200,USGS_12210700
2007,1,13,2940,USGS_12210700
2007,1,14,2670,USGS_12210700
2007,1,15,2490,USGS_12210700
2007,1,16,2380,USGS_12210700
2007,1,17,2250,USGS_12210700
2007,1,18,2220,USGS_12210700
2007,1,19,2450,USGS_12210700
2007,1,20,2550,USGS_12210700
2007,1,21,2270,USGS_12210700
2007,1,22,2380,USGS_12210700
2007,1,23,4970,USGS_12210700
2007,1,24,4790,USGS_12210700
2007,1,25,3940,USGS_12210700
2007,1,26,3370,USGS_12210700
2007,1,27,2970,USGS_12210700
2007,1,28,2680,USGS_12210700
2007,1,29,2490,USGS_12210700
2007,1,30,2340,USGS_12210700
2007,1,31,2210,USGS_12210700
2007,2,1,2080,USGS_12210700
2007,2,2,1990,USGS_12210700
2007,2,3,1920,USGS_12210700
2007,2,4,1950,USGS_12210700
2007,2,5,2500,USGS_12210700
2007,2,6,2800,USGS_12210700
2007,2,7,2880,USGS_12210700
2007,2,8,3210,USGS_12210700
2007,2,9,3060,USGS_12210700
2007,2,10,2760,USGS_12210700
2007,2,11,2770,USGS_12210700
2007,2,12,2980,USGS_12210700
2007,2,13,2730,USGS_12210700
2007,2,14,2610,USGS_12210700
2007,2,15,4280,USGS_12210700
2007,2,16,5270,USGS_12210700
2007,2,17,3760,USGS_12210700
2007,2,18,4480,USGS_12210700
2007,2,19,4350,USGS_12210700
2007,2,20,6490,USGS_12210700
2007,2,21,4490,USGS_12210700
2007,2,22,3700,USGS_12210700
2007,2,23,3330,USGS_12210700
2007,2,24,3100,USGS_12210700
2007,2,25,3000,USGS_12210700
2007,2,26,2870,USGS_12210700
2007,2,27,2640,USGS_12210700
2007,2,28,2450,USGS_12210700
2007,3,1,2280,USGS_12210700
2007,3,2,2120,USGS_12210700
2007,3,3,2190,USGS_12210700
2007,3,4,2300,USGS_12210700
2007,3,5,2750,USGS_12210700
2007,3,6,3310,USGS_12210700
2007,3,7,4250,USGS_12210700
2007,3,8,4940,USGS_12210700
2007,3,9,4260,USGS_12210700
2007,3,10,3830,USGS_12210700
2007,3,11,11300,USGS_12210700
2007,3,12,25600,USGS_12210700
2007,3,13,10800,USGS_12210700
2007,3,14,7280,USGS_12210700
2007,3,15,5570,USGS_12210700
2007,3,16,5640,USGS_12210700
2007,3,17,6420,USGS_12210700
2007,3,18,9130,USGS_12210700
2007,3,19,7410,USGS_12210700
2007,3,20,8500,USGS_12210700
2007,3,21,6290,USGS_12210700
2007,3,22,5410,USGS_12210700
2007,3,23,5940,USGS_12210700
2007,3,24,20600,USGS_12210700
2007,3,25,17800,USGS_12210700
2007,3,26,8640,USGS_12210700
2007,3,27,6250,USGS_12210700
2007,3,28,5140,USGS_12210700
2007,3,29,4490,USGS_12210700
2007,3,30,4190,USGS_12210700
2007,3,31,4100,USGS_12210700
2007,4,1,3930,USGS_12210700
2007,4,2,3700,USGS_12210700
2007,4,3,3420,USGS_12210700
2007,4,4,3260,USGS_12210700
2007,4,5,3110,USGS_12210700
2007,4,6,3230,USGS_12210700
2007,4,7,3960,USGS_12210700
2007,4,8,4770,USGS_12210700
2007,4,9,6070,USGS_12210700
2007,4,10,5240,USGS_12210700
2007,4,11,4110,USGS_12210700
2007,4,12,3620,USGS_12210700
2007,4,13,3370,USGS_12210700
2007,4,14,3960,USGS_12210700
2007,4,15,3920,USGS_12210700
2007,4,16,3480,USGS_12210700
2007,4,17,3550,USGS_12210700
2007,4,18,3370,USGS_12210700
2007,4,19,3140,USGS_12210700
2007,4,20,2930,USGS_12210700
2007,4,21,2800,USGS_12210700
2007,4,22,2730,USGS_12210700
2007,4,23,2810,USGS_12210700
2007,4,24,3150,USGS_12210700
2007,4,25,3820,USGS_12210700
2007,4,26,3710,USGS_12210700
2007,4,27,5070,USGS_12210700
2007,4,28,12700,USGS_12210700
2007,4,29,6350,USGS_12210700
2007,4,30,4700,USGS_12210700
2007,5,1,4090,USGS_12210700
2007,5,2,4080,USGS_12210700
2007,5,3,4220,USGS_12210700
2007,5,4,3800,USGS_12210700
2007,5,5,3500,USGS_12210700
2007,5,6,3250,USGS_12210700
2007,5,7,3460,USGS_12210700
2007,5,8,4710,USGS_12210700
2007,5,9,5180,USGS_12210700
2007,5,10,4450,USGS_12210700
2007,5,11,4230,USGS_12210700
2007,5,12,4370,USGS_12210700
2007,5,13,4390,USGS_12210700
2007,5,14,3970,USGS_12210700
2007,5,15,4120,USGS_12210700
2007,5,16,5190,USGS_12210700
2007,5,17,5250,USGS_12210700
2007,5,18,4670,USGS_12210700
2007,5,19,4970,USGS_12210700
2007,5,20,4760,USGS_12210700
2007,5,21,4690,USGS_12210700
2007,5,22,4030,USGS_12210700
2007,5,23,3950,USGS_12210700
2007,5,24,4000,USGS_12210700
2007,5,25,4360,USGS_12210700
2007,5,26,4550,USGS_12210700
2007,5,27,4700,USGS_12210700
2007,5,28,4360,USGS_12210700
2007,5,29,3980,USGS_12210700
2007,5,30,4510,USGS_12210700
2007,5,31,5700,USGS_12210700
2007,6,1,6250,USGS_12210700
2007,6,2,6610,USGS_12210700
2007,6,3,7620,USGS_12210700
2007,6,4,8500,USGS_12210700
2007,6,5,6460,USGS_12210700
2007,6,6,5670,USGS_12210700
2007,6,7,4460,USGS_12210700
2007,6,8,3900,USGS_12210700
2007,6,9,3860,USGS_12210700
2007,6,10,4940,USGS_12210700
2007,6,11,4870,USGS_12210700
2007,6,12,3910,USGS_12210700
2007,6,13,3540,USGS_12210700
2007,6,14,3630,USGS_12210700
2007,6,15,3570,USGS_12210700
2007,6,16,3710,USGS_12210700
2007,6,17,4820,USGS_12210700
2007,6,18,4830,USGS_12210700
2007,6,19,3980,USGS_12210700
2007,6,20,4300,USGS_12210700
2007,6,21,4880,USGS_12210700
2007,6,22,4590,USGS_12210700
2007,6,23,4310,USGS_12210700
2007,6,24,3900,USGS_12210700
2007,6,25,4400,USGS_12210700
2007,6,26,3670,USGS_12210700
2007,6,27,3670,USGS_12210700
2007,6,28,4020,USGS_12210700
2007,6,29,4310,USGS_12210700
2007,6,30,5200,USGS_12210700
2007,7,1,4270,USGS_12210700
2007,7,2,4000,USGS_12210700
2007,7,3,4180,USGS_12210700
2007,7,4,4560,USGS_12210700
2007,7,5,4980,USGS_12210700
2007,7,6,5100,USGS_12210700
2007,7,7,4520,USGS_12210700
2007,7,8,4010,USGS_12210700
2007,7,9,3740,USGS_12210700
2007,7,10,4090,USGS_12210700
2007,7,11,4550,USGS_12210700
2007,7,12,4800,USGS_12210700
2007,7,13,4760,USGS_12210700
2007,7,14,4730,USGS_12210700
2007,7,15,4410,USGS_12210700
2007,7,16,3900,USGS_12210700
2007,7,17,3660,USGS_12210700
2007,7,18,3550,USGS_12210700
2007,7,19,3690,USGS_12210700
2007,7,20,3430,USGS_12210700
2007,7,21,4350,USGS_12210700
2007,7,22,8810,USGS_12210700
2007,7,23,5950,USGS_12210700
2007,7,24,4900,USGS_12210700
2007,7,25,3580,USGS_12210700
2007,7,26,3110,USGS_12210700
2007,7,27,2970,USGS_12210700
2007,7,28,2770,USGS_12210700
2007,7,29,2650,USGS_12210700
2007,7,30,2400,USGS_12210700
2007,7,31,2170,USGS_12210700
2007,8,1,2050,USGS_12210700
2007,8,2,2100,USGS_12210700
2007,8,3,2080,USGS_12210700
2007,8,4,1950,USGS_12210700
2007,8,5,1930,USGS_12210700
2007,8,6,1970,USGS_12210700
2007,8,7,1950,USGS_12210700
2007,8,8,1890,USGS_12210700
2007,8,9,1750,USGS_12210700
2007,8,10,1550,USGS_12210700
2007,8,11,1460,USGS_12210700
2007,8,12,1490,USGS_12210700
2007,8,13,1440,USGS_12210700
2007,8,14,1450,USGS_12210700
2007,8,15,1590,USGS_12210700
2007,8,16,1680,USGS_12210700
2007,8,17,1550,USGS_12210700
2007,8,18,1390,USGS_12210700
2007,8,19,1440,USGS_12210700
2007,8,20,1540,USGS_12210700
2007,8,21,1440,USGS_12210700
2007,8,22,1730,USGS_12210700
2007,8,23,1510,USGS_12210700
2007,8,24,1450,USGS_12210700
2007,8,25,1450,USGS_12210700
2007,8,26,1580,USGS_12210700
2007,8,27,1480,USGS_12210700
2007,8,28,1280,USGS_12210700
2007,8,29,1310,USGS_12210700
2007,8,30,1520,USGS_12210700
2007,8,31,1560,USGS_12210700
2007,9,1,1370,USGS_12210700
2007,9,2,1240,USGS_12210700
2007,9,3,1260,USGS_12210700
2007,9,4,1360,USGS_12210700
2007,9,5,1320,USGS_12210700
2007,9,6,1310,USGS_12210700
2007,9,7,1200,USGS_12210700
2007,9,8,1100,USGS_12210700
2007,9,9,1040,USGS_12210700
2007,9,10,1050,USGS_12210700
2007,9,11,1190,USGS_12210700
2007,9,12,1210,USGS_12210700
2007,9,13,1170,USGS_12210700
2007,9,14,1160,USGS_12210700
2007,9,15,1090,USGS_12210700
2007,9,16,1020,USGS_12210700
2007,9,17,996,USGS_12210700
2007,9,18,929,USGS_12210700
2007,9,19,887,USGS_12210700
2007,9,20,836,USGS_12210700
2007,9,21,838,USGS_12210700
2007,9,22,1010,USGS_12210700
2007,9,23,922,USGS_12210700
2007,9,24,812,USGS_12210700
2007,9,25,823,USGS_12210700
2007,9,26,813,USGS_12210700
2007,9,27,853,USGS_12210700
2007,9,28,1660,USGS_12210700
2007,9,29,1230,USGS_12210700
2007,9,30,4590,USGS_12210700
2007,10,1,9220,USGS_12210700
2007,10,2,9410,USGS_12210700
2007,10,3,7880,USGS_12210700
2007,10,4,6260,USGS_12210700
2007,10,5,4220,USGS_12210700
2007,10,6,3000,USGS_12210700
2007,10,7,6170,USGS_12210700
2007,10,8,8960,USGS_12210700
2007,10,9,4010,USGS_12210700
2007,10,10,3610,USGS_12210700
2007,10,11,3760,USGS_12210700
2007,10,12,2790,USGS_12210700
2007,10,13,2290,USGS_12210700
2007,10,14,2000,USGS_12210700
2007,10,15,1910,USGS_12210700
2007,10,16,2210,USGS_12210700
2007,10,17,2190,USGS_12210700
2007,10,18,2140,USGS_12210700
2007,10,19,7430,USGS_12210700
2007,10,20,5130,USGS_12210700
2007,10,21,3640,USGS_12210700
2007,10,22,8590,USGS_12210700
2007,10,23,7770,USGS_12210700
2007,10,24,6460,USGS_12210700
2007,10,25,5540,USGS_12210700
2007,10,26,3900,USGS_12210700
2007,10,27,3210,USGS_12210700
2007,10,28,2820,USGS_12210700
2007,10,29,2590,USGS_12210700
2007,10,30,2340,USGS_12210700
2007,10,31,2120,USGS_12210700
2007,11,1,1970,USGS_12210700
2007,11,2,1850,USGS_12210700
2007,11,3,2120,USGS_12210700
2007,11,4,3720,USGS_12210700
2007,11,5,2720,USGS_12210700
2007,11,6,2240,USGS_12210700
2007,11,7,2220,USGS_12210700
2007,11,8,2490,USGS_12210700
2007,11,9,3250,USGS_12210700
2007,11,10,4520,USGS_12210700
2007,11,11,3500,USGS_12210700
2007,11,12,3350,USGS_12210700
2007,11,13,3880,USGS_12210700
2007,11,14,2980,USGS_12210700
2007,11,15,3570,USGS_12210700
2007,11,16,14400,USGS_12210700
2007,11,17,7950,USGS_12210700
2007,11,18,5660,USGS_12210700
2007,11,19,4290,USGS_12210700
2007,11,20,3580,USGS_12210700
2007,11,21,3140,USGS_12210700
2007,11,22,2830,USGS_12210700
2007,11,23,2590,USGS_12210700
2007,11,24,2390,USGS_12210700
2007,11,25,2230,USGS_12210700
2007,11,26,2180,USGS_12210700
2007,11,27,2380,USGS_12210700
2007,11,28,2140,USGS_12210700
2007,11,29,2030,USGS_12210700
2007,11,30,1890,USGS_12210700
2007,12,1,1820,USGS_12210700
2007,12,2,1850,USGS_12210700
2007,12,3,15800,USGS_12210700
2007,12,4,23700,USGS_12210700
2007,12,5,10800,USGS_12210700
2007,12,6,6190,USGS_12210700
2007,12,7,4580,USGS_12210700
2007,12,8,3770,USGS_12210700
2007,12,9,3320,USGS_12210700
2007,12,10,3030,USGS_12210700
2007,12,11,2780,USGS_12210700
2007,12,12,2630,USGS_12210700
2007,12,13,2530,USGS_12210700
2007,12,14,2550,USGS_12210700
2007,12,15,2900,USGS_12210700
2007,12,16,2890,USGS_12210700
2007,12,17,2910,USGS_12210700
2007,12,18,2860,USGS_12210700
2007,12,19,3590,USGS_12210700
2007,12,20,3610,USGS_12210700
2007,12,21,2970,USGS_12210700
2007,12,22,2900,USGS_12210700
2007,12,23,3260,USGS_12210700
2007,12,24,4070,USGS_12210700
2007,12,25,3200,USGS_12210700
2007,12,26,3000,USGS_12210700
2007,12,27,2750,USGS_12210700
2007,12,28,2820,USGS_12210700
2007,12,29,2790,USGS_12210700
2007,12,30,2610,USGS_12210700
2007,12,31,2430,USGS_12210700
2008,1,1,2260,USGS_12210700
2008,1,2,2400,USGS_12210700
2008,1,3,2550,USGS_12210700
2008,1,4,3260,USGS_12210700
2008,1,5,3740,USGS_12210700
2008,1,6,3200,USGS_12210700
2008,1,7,2750,USGS_12210700
2008,1,8,2510,USGS_12210700
2008,1,9,2510,USGS_12210700
2008,1,10,2920,USGS_12210700
2008,1,11,4460,USGS_12210700
2008,1,12,4100,USGS_12210700
2008,1,13,4230,USGS_12210700
2008,1,14,3980,USGS_12210700
2008,1,15,4160,USGS_12210700
2008,1,16,3340,USGS_12210700
2008,1,17,2920,USGS_12210700
2008,1,18,2650,USGS_12210700
2008,1,19,2550,USGS_12210700
2008,1,20,2370,USGS_12210700
2008,1,21,2190,USGS_12210700
2008,1,22,2070,USGS_12210700
2008,1,23,1990,USGS_12210700
2008,1,24,1930,USGS_12210700
2008,1,25,1850,USGS_12210700
2008,1,26,1810,USGS_12210700
2008,1,27,1810,USGS_12210700
2008,1,28,1730,USGS_12210700
2008,1,29,1700,USGS_12210700
2008,1,30,1690,USGS_12210700
2008,1,31,1750,USGS_12210700
2008,2,1,1770,USGS_12210700
2008,2,2,1760,USGS_12210700
2008,2,3,1650,USGS_12210700
2008,2,4,1580,USGS_12210700
2008,2,5,1630,USGS_12210700
2008,2,6,1820,USGS_12210700
2008,2,7,2070,USGS_12210700
2008,2,8,2670,USGS_12210700
2008,2,9,2870,USGS_12210700
2008,2,10,3540,USGS_12210700
2008,2,11,3630,USGS_12210700
2008,2,12,3050,USGS_12210700
2008,2,13,3080,USGS_12210700
2008,2,14,2510,USGS_12210700
2008,2,15,2170,USGS_12210700
2008,2,16,2110,USGS_12210700
2008,2,17,1960,USGS_12210700
2008,2,18,1860,USGS_12210700
2008,2,19,1830,USGS_12210700
2008,2,20,1870,USGS_12210700
2008,2,21,1890,USGS_12210700
2008,2,22,1840,USGS_12210700
2008,2,23,1890,USGS_12210700
2008,2,24,1890,USGS_12210700
2008,2,25,1780,USGS_12210700
2008,2,26,1760,USGS_12210700
2008,2,27,1810,USGS_12210700
2008,2,28,1970,USGS_12210700
2008,2,29,2200,USGS_12210700
2008,3,1,3650,USGS_12210700
2008,3,2,2800,USGS_12210700
2008,3,3,2410,USGS_12210700
2008,3,4,2320,USGS_12210700
2008,3,5,2110,USGS_12210700
2008,3,6,1940,USGS_12210700
2008,3,7,1870,USGS_12210700
2008,3,8,2140,USGS_12210700
2008,3,9,2250,USGS_12210700
2008,3,10,2550,USGS_12210700
2008,3,11,5270,USGS_12210700
2008,3,12,4250,USGS_12210700
2008,3,13,3330,USGS_12210700
2008,3,14,3020,USGS_12210700
2008,3,15,2860,USGS_12210700
2008,3,16,2690,USGS_12210700
2008,3,17,2620,USGS_12210700
2008,3,18,2600,USGS_12210700
2008,3,19,2420,USGS_12210700
2008,3,20,2410,USGS_12210700
2008,3,21,2350,USGS_12210700
2008,3,22,2210,USGS_12210700
2008,3,23,2430,USGS_12210700
2008,3,24,2780,USGS_12210700
2008,3,25,2410,USGS_12210700
2008,3,26,2350,USGS_12210700
2008,3,27,2260,USGS_12210700
2008,3,28,2160,USGS_12210700
2008,3,29,2140,USGS_12210700
2008,3,30,2090,USGS_12210700
2008,3,31,2040,USGS_12210700
2008,4,1,1970,USGS_12210700
2008,4,2,1890,USGS_12210700
2008,4,3,1850,USGS_12210700
2008,4,4,1850,USGS_12210700
2008,4,5,1840,USGS_12210700
2008,4,6,1870,USGS_12210700
2008,4,7,2140,USGS_12210700
2008,4,8,2200,USGS_12210700
2008,4,9,2080,USGS_12210700
2008,4,10,2000,USGS_12210700
2008,4,11,1960,USGS_12210700
2008,4,12,2010,USGS_12210700
2008,4,13,3110,USGS_12210700
2008,4,14,3300,USGS_12210700
2008,4,15,2910,USGS_12210700
2008,4,16,2580,USGS_12210700
2008,4,17,2420,USGS_12210700
2008,4,18,2480,USGS_12210700
2008,4,19,2350,USGS_12210700
2008,4,20,2190,USGS_12210700
2008,4,21,2060,USGS_12210700
2008,4,22,1950,USGS_12210700
2008,4,23,1920,USGS_12210700
2008,4,24,1950,USGS_12210700
2008,4,25,2020,USGS_12210700
2008,4,26,1900,USGS_12210700
2008,4,27,2030,USGS_12210700
2008,4,28,2890,USGS_12210700
2008,4,29,4630,USGS_12210700
2008,4,30,3750,USGS_12210700
2008,5,1,3090,USGS_12210700
2008,5,2,2760,USGS_12210700
2008,5,3,2770,USGS_12210700
2008,5,4,3060,USGS_12210700
2008,5,5,3790,USGS_12210700
2008,5,6,4230,USGS_12210700
2008,5,7,4380,USGS_12210700
2008,5,8,3950,USGS_12210700
2008,5,9,3430,USGS_12210700
2008,5,10,3330,USGS_12210700
2008,5,11,4210,USGS_12210700
2008,5,12,3760,USGS_12210700
2008,5,13,3390,USGS_12210700
2008,5,14,4930,USGS_12210700
2008,5,15,7060,USGS_12210700
2008,5,16,9300,USGS_12210700
2008,5,17,13400,USGS_12210700
2008,5,18,16300,USGS_12210700
2008,5,19,13400,USGS_12210700
2008,5,20,18700,USGS_12210700
2008,5,21,13900,USGS_12210700
2008,5,22,8920,USGS_12210700
2008,5,23,7280,USGS_12210700
2008,5,24,7480,USGS_12210700
2008,5,25,9970,USGS_12210700
2008,5,26,11600,USGS_12210700
2008,5,27,10800,USGS_12210700
2008,5,28,11000,USGS_12210700
2008,5,29,10600,USGS_12210700
2008,5,30,8320,USGS_12210700
2008,5,31,7440,USGS_12210700
2008,6,1,8030,USGS_12210700
2008,6,2,7260,USGS_12210700
2008,6,3,6680,USGS_12210700
2008,6,4,9340,USGS_12210700
2008,6,5,7820,USGS_12210700
2008,6,6,10300,USGS_12210700
2008,6,7,8420,USGS_12210700
2008,6,8,7250,USGS_12210700
2008,6,9,6750,USGS_12210700
2008,6,10,8530,USGS_12210700
2008,6,11,6950,USGS_12210700
2008,6,12,6500,USGS_12210700
2008,6,13,7480,USGS_12210700
2008,6,14,8280,USGS_12210700
2008,6,15,7170,USGS_12210700
2008,6,16,7490,USGS_12210700
2008,6,17,7770,USGS_12210700
2008,6,18,6700,USGS_12210700
2008,6,19,6240,USGS_12210700
2008,6,20,6340,USGS_12210700
2008,6,21,8340,USGS_12210700
2008,6,22,8780,USGS_12210700
2008,6,23,7700,USGS_12210700
2008,6,24,6790,USGS_12210700
2008,6,25,6480,USGS_12210700
2008,6,26,6580,USGS_12210700
2008,6,27,6230,USGS_12210700
2008,6,28,8570,USGS_12210700
2008,6,29,11700,USGS_12210700
2008,6,30,12800,USGS_12210700
2008,7,1,12300,USGS_12210700
2008,7,2,11100,USGS_12210700
2008,7,3,11100,USGS_12210700
2008,7,4,9720,USGS_12210700
2008,7,5,7180,USGS_12210700
2008,7,6,6860,USGS_12210700
2008,7,7,5310,USGS_12210700
2008,7,8,5100,USGS_12210700
2008,7,9,5460,USGS_12210700
2008,7,10,5160,USGS_12210700
2008,7,11,4170,USGS_12210700
2008,7,12,3980,USGS_12210700
2008,7,13,4220,USGS_12210700
2008,7,14,4200,USGS_12210700
2008,7,15,3760,USGS_12210700
2008,7,16,3560,USGS_12210700
2008,7,17,3480,USGS_12210700
2008,7,18,3370,USGS_12210700
2008,7,19,3150,USGS_12210700
2008,7,20,3080,USGS_12210700
2008,7,21,3130,USGS_12210700
2008,7,22,3190,USGS_12210700
2008,7,23,2930,USGS_12210700
2008,7,24,2640,USGS_12210700
2008,7,25,2810,USGS_12210700
2008,7,26,2910,USGS_12210700
2008,7,27,2810,USGS_12210700
2008,7,28,2720,USGS_12210700
2008,7,29,2520,USGS_12210700
2008,7,30,3460,USGS_12210700
2008,7,31,2570,USGS_12210700
2008,8,1,3410,USGS_12210700
2008,8,2,3190,USGS_12210700
2008,8,3,2660,USGS_12210700
2008,8,4,2430,USGS_12210700
2008,8,5,2470,USGS_12210700
2008,8,6,2570,USGS_12210700
2008,8,7,2750,USGS_12210700
2008,8,8,2770,USGS_12210700
2008,8,9,2620,USGS_12210700
2008,8,10,4030,USGS_12210700
2008,8,11,2700,USGS_12210700
2008,8,12,2230,USGS_12210700
2008,8,13,2150,USGS_12210700
2008,8,14,2260,USGS_12210700
2008,8,15,2620,USGS_12210700
2008,8,16,2700,USGS_12210700
2008,8,17,2880,USGS_12210700
2008,8,18,2870,USGS_12210700
2008,8,19,2770,USGS_12210700
2008,8,20,4210,USGS_12210700
2008,8,21,16600,USGS_12210700
2008,8,22,6410,USGS_12210700
2008,8,23,3560,USGS_12210700
2008,8,24,3330,USGS_12210700
2008,8,25,4630,USGS_12210700
2008,8,26,3080,USGS_12210700
2008,8,27,3980,USGS_12210700
2008,8,28,4000,USGS_12210700
2008,8,29,5460,USGS_12210700
2008,8,30,7330,USGS_12210700
2008,8,31,3930,USGS_12210700
2008,9,1,3010,USGS_12210700
2008,9,2,2510,USGS_12210700
2008,9,3,2200,USGS_12210700
2008,9,4,1990,USGS_12210700
2008,9,5,1870,USGS_12210700
2008,9,6,1890,USGS_12210700
2008,9,7,1810,USGS_12210700
2008,9,8,1660,USGS_12210700
2008,9,9,1590,USGS_12210700
2008,9,10,1460,USGS_12210700
2008,9,11,1400,USGS_12210700
2008,9,12,1440,USGS_12210700
2008,9,13,1360,USGS_12210700
2008,9,14,1270,USGS_12210700
2008,9,15,1280,USGS_12210700
2008,9,16,1290,USGS_12210700
2008,9,17,1300,USGS_12210700
2008,9,18,1380,USGS_12210700
2008,9,19,1390,USGS_12210700
2008,9,20,1300,USGS_12210700
2008,9,21,1480,USGS_12210700
2008,9,22,1560,USGS_12210700
2008,9,23,1440,USGS_12210700
2008,9,24,1150,USGS_12210700
2008,9,25,1360,USGS_12210700
2008,9,26,1410,USGS_12210700
2008,9,27,1170,USGS_12210700
2008,9,28,1060,USGS_12210700
2008,9,29,1000,USGS_12210700
2008,9,30,1020,USGS_12210700
2008,10,1,1090,USGS_12210700
2008,10,2,1160,USGS_12210700
2008,10,3,1360,USGS_12210700
2008,10,4,2360,USGS_12210700
2008,10,5,3440,USGS_12210700
2008,10,6,1790,USGS_12210700
2008,10,7,6330,USGS_12210700
2008,10,8,3380,USGS_12210700
2008,10,9,2150,USGS_12210700
2008,10,10,1680,USGS_12210700
2008,10,11,1430,USGS_12210700
2008,10,12,1270,USGS_12210700
2008,10,13,1480,USGS_12210700
2008,10,14,3810,USGS_12210700
2008,10,15,2040,USGS_12210700
2008,10,16,1690,USGS_12210700
2008,10,17,1890,USGS_12210700
2008,10,18,2420,USGS_12210700
2008,10,19,1790,USGS_12210700
2008,10,20,1600,USGS_12210700
2008,10,21,1950,USGS_12210700
2008,10,22,1580,USGS_12210700
2008,10,23,1490,USGS_12210700
2008,10,24,1350,USGS_12210700
2008,10,25,1320,USGS_12210700
2008,10,26,1250,USGS_12210700
2008,10,27,1160,USGS_12210700
2008,10,28,1090,USGS_12210700
2008,10,29,1020,USGS_12210700
2008,10,30,978,USGS_12210700
2008,10,31,1290,USGS_12210700
2008,11,1,1730,USGS_12210700
2008,11,2,2700,USGS_12210700
2008,11,3,3180,USGS_12210700
2008,11,4,3270,USGS_12210700
2008,11,5,2800,USGS_12210700
2008,11,6,6630,USGS_12210700
2008,11,7,19700,USGS_12210700
2008,11,8,13900,USGS_12210700
2008,11,9,8080,USGS_12210700
2008,11,10,6240,USGS_12210700
2008,11,11,5570,USGS_12210700
2008,11,12,24800,USGS_12210700
2008,11,13,11900,USGS_12210700
2008,11,14,6180,USGS_12210700
2008,11,15,4730,USGS_12210700
2008,11,16,3980,USGS_12210700
2008,11,17,3380,USGS_12210700
2008,11,18,2960,USGS_12210700
2008,11,19,2630,USGS_12210700
2008,11,20,2400,USGS_12210700
2008,11,21,2490,USGS_12210700
2008,11,22,2450,USGS_12210700
2008,11,23,2260,USGS_12210700
2008,11,24,2070,USGS_12210700
2008,11,25,1990,USGS_12210700
2008,11,26,2000,USGS_12210700
2008,11,27,1840,USGS_12210700
2008,11,28,1880,USGS_12210700
2008,11,29,3820,USGS_12210700
2008,11,30,5100,USGS_12210700
2008,12,1,3550,USGS_12210700
2008,12,2,4060,USGS_12210700
2008,12,3,3710,USGS_12210700
2008,12,4,2920,USGS_12210700
2008,12,5,2530,USGS_12210700
2008,12,6,2390,USGS_12210700
2008,12,7,2940,USGS_12210700
2008,12,8,2770,USGS_12210700
2008,12,9,2460,USGS_12210700
2008,12,10,2930,USGS_12210700
2008,12,11,2770,USGS_12210700
2008,12,12,2560,USGS_12210700
2008,12,13,2590,USGS_12210700
2008,12,14,2250,USGS_12210700
2008,12,15,1960,USGS_12210700
2008,12,16,2000,USGS_12210700
2008,12,17,1870,USGS_12210700
2008,12,18,1800,USGS_12210700
2008,12,19,1690,USGS_12210700
2008,12,20,1650,USGS_12210700
2008,12,21,1740,USGS_12210700
2008,12,22,1610,USGS_12210700
2008,12,23,1490,USGS_12210700
2008,12,24,1460,USGS_12210700
2008,12,25,1450,USGS_12210700
2008,12,26,1380,USGS_12210700
2008,12,27,1800,USGS_12210700
2008,12,28,2110,USGS_12210700
2008,12,29,1920,USGS_12210700
2008,12,30,1860,USGS_12210700
2008,12,31,1760,USGS_12210700
2009,1,1,1790,USGS_12210700
2009,1,2,1670,USGS_12210700
2009,1,3,1530,USGS_12210700
2009,1,4,1470,USGS_12210700
2009,1,5,1690,USGS_12210700
2009,1,6,3610,USGS_12210700
2009,1,7,43700,USGS_12210700
2009,1,8,34800,USGS_12210700
2009,1,9,12000,USGS_12210700
2009,1,10,7580,USGS_12210700
2009,1,11,6830,USGS_12210700
2009,1,12,6270,USGS_12210700
2009,1,13,5850,USGS_12210700
2009,1,14,5150,USGS_12210700
2009,1,15,4620,USGS_12210700
2009,1,16,4450,USGS_12210700
2009,1,17,4430,USGS_12210700
2009,1,18,4810,USGS_12210700
2009,1,19,5410,USGS_12210700
2009,1,20,5130,USGS_12210700
2009,1,21,4630,USGS_12210700
2009,1,22,4190,USGS_12210700
2009,1,23,3810,USGS_12210700
2009,1,24,3540,USGS_12210700
2009,1,25,3310,USGS_12210700
2009,1,26,3070,USGS_12210700
2009,1,27,2990,USGS_12210700
2009,1,28,2920,USGS_12210700
2009,1,29,2790,USGS_12210700
2009,1,30,2720,USGS_12210700
2009,1,31,2800,USGS_12210700
2009,2,1,2660,USGS_12210700
2009,2,2,2690,USGS_12210700
2009,2,3,2630,USGS_12210700
2009,2,4,2630,USGS_12210700
2009,2,5,2710,USGS_12210700
2009,2,6,2810,USGS_12210700
2009,2,7,2780,USGS_12210700
2009,2,8,2640,USGS_12210700
2009,2,9,2590,USGS_12210700
2009,2,10,2470,USGS_12210700
2009,2,11,2400,USGS_12210700
2009,2,12,2320,USGS_12210700
2009,2,13,2260,USGS_12210700
2009,2,14,2210,USGS_12210700
2009,2,15,2150,USGS_12210700
2009,2,16,2120,USGS_12210700
2009,2,17,2070,USGS_12210700
2009,2,18,2040,USGS_12210700
2009,2,19,2000,USGS_12210700
2009,2,20,1970,USGS_12210700
2009,2,21,1940,USGS_12210700
2009,2,22,1930,USGS_12210700
2009,2,23,2250,USGS_12210700
2009,2,24,2640,USGS_12210700
2009,2,25,3140,USGS_12210700
2009,2,26,2850,USGS_12210700
2009,2,27,2480,USGS_12210700
2009,2,28,2340,USGS_12210700
2009,3,1,2560,USGS_12210700
2009,3,2,4430,USGS_12210700
2009,3,3,3860,USGS_12210700
2009,3,4,2800,USGS_12210700
2009,3,5,2570,USGS_12210700
2009,3,6,2280,USGS_12210700
2009,3,7,2130,USGS_12210700
2009,3,8,2030,USGS_12210700
2009,3,9,1930,USGS_12210700
2009,3,10,1770,USGS_12210700
2009,3,11,1730,USGS_12210700
2009,3,12,1700,USGS_12210700
2009,3,13,1670,USGS_12210700
2009,3,14,1770,USGS_12210700
2009,3,15,1920,USGS_12210700
2009,3,16,1860,USGS_12210700
2009,3,17,1850,USGS_12210700
2009,3,18,1790,USGS_12210700
2009,3,19,2020,USGS_12210700
2009,3,20,2680,USGS_12210700
2009,3,21,3370,USGS_12210700
2009,3,22,2570,USGS_12210700
2009,3,23,2260,USGS_12210700
2009,3,24,2240,USGS_12210700
2009,3,25,2370,USGS_12210700
2009,3,26,2220,USGS_12210700
2009,3,27,2090,USGS_12210700
2009,3,28,2080,USGS_12210700
2009,3,29,2020,USGS_12210700
2009,3,30,1890,USGS_12210700
2009,3,31,2390,USGS_12210700
2009,4,1,2350,USGS_12210700
2009,4,2,2740,USGS_12210700
2009,4,3,2560,USGS_12210700
2009,4,4,2250,USGS_12210700
2009,4,5,2110,USGS_12210700
2009,4,6,2130,USGS_12210700
2009,4,7,2410,USGS_12210700
2009,4,8,2750,USGS_12210700
2009,4,9,2680,USGS_12210700
2009,4,10,2540,USGS_12210700
2009,4,11,2500,USGS_12210700
2009,4,12,3220,USGS_12210700
2009,4,13,5420,USGS_12210700
2009,4,14,3480,USGS_12210700
2009,4,15,2890,USGS_12210700
2009,4,16,2670,USGS_12210700
2009,4,17,3500,USGS_12210700
2009,4,18,3780,USGS_12210700
2009,4,19,3100,USGS_12210700
2009,4,20,3390,USGS_12210700
2009,4,21,4260,USGS_12210700
2009,4,22,4690,USGS_12210700
2009,4,23,3880,USGS_12210700
2009,4,24,3130,USGS_12210700
2009,4,25,2810,USGS_12210700
2009,4,26,2560,USGS_12210700
2009,4,27,2440,USGS_12210700
2009,4,28,2370,USGS_12210700
2009,4,29,2390,USGS_12210700
2009,4,30,2300,USGS_12210700
2009,5,1,2370,USGS_12210700
2009,5,2,2720,USGS_12210700
2009,5,3,3660,USGS_12210700
2009,5,4,3210,USGS_12210700
2009,5,5,4820,USGS_12210700
2009,5,6,5860,USGS_12210700
2009,5,7,9310,USGS_12210700
2009,5,8,7210,USGS_12210700
2009,5,9,5850,USGS_12210700
2009,5,10,5540,USGS_12210700
2009,5,11,6480,USGS_12210700
2009,5,12,7660,USGS_12210700
2009,5,13,6220,USGS_12210700
2009,5,14,7120,USGS_12210700
2009,5,15,6350,USGS_12210700
2009,5,16,5820,USGS_12210700
2009,5,17,6370,USGS_12210700
2009,5,18,7480,USGS_12210700
2009,5,19,8190,USGS_12210700
2009,5,20,7040,USGS_12210700
2009,5,21,6110,USGS_12210700
2009,5,22,5730,USGS_12210700
2009,5,23,6120,USGS_12210700
2009,5,24,6380,USGS_12210700
2009,5,25,6370,USGS_12210700
2009,5,26,6470,USGS_12210700
2009,5,27,6550,USGS_12210700
2009,5,28,6200,USGS_12210700
2009,5,29,6890,USGS_12210700
2009,5,30,7820,USGS_12210700
2009,5,31,7380,USGS_12210700
2009,6,1,7130,USGS_12210700
2009,6,2,7090,USGS_12210700
2009,6,3,7290,USGS_12210700
2009,6,4,7130,USGS_12210700
2009,6,5,7100,USGS_12210700
2009,6,6,6810,USGS_12210700
2009,6,7,5910,USGS_12210700
2009,6,8,5430,USGS_12210700
2009,6,9,5230,USGS_12210700
2009,6,10,5140,USGS_12210700
2009,6,11,5280,USGS_12210700
2009,6,12,5080,USGS_12210700
2009,6,13,5220,USGS_12210700
2009,6,14,5380,USGS_12210700
2009,6,15,4820,USGS_12210700
2009,6,16,4430,USGS_12210700
2009,6,17,4250,USGS_12210700
2009,6,18,4240,USGS_12210700
2009,6,19,3950,USGS_12210700
2009,6,20,3790,USGS_12210700
2009,6,21,3450,USGS_12210700
2009,6,22,3380,USGS_12210700
2009,6,23,3170,USGS_12210700
2009,6,24,3120,USGS_12210700
2009,6,25,3680,USGS_12210700
2009,6,26,3410,USGS_12210700
2009,6,27,3030,USGS_12210700
2009,6,28,2960,USGS_12210700
2009,6,29,2870,USGS_12210700
2009,6,30,2690,USGS_12210700
2009,7,1,2570,USGS_12210700
2009,7,2,2540,USGS_12210700
2009,7,3,2650,USGS_12210700
2009,7,4,2770,USGS_12210700
2009,7,5,2720,USGS_12210700
2009,7,6,2630,USGS_12210700
2009,7,7,2720,USGS_12210700
2009,7,8,2350,USGS_12210700
2009,7,9,2100,USGS_12210700
2009,7,10,1960,USGS_12210700
2009,7,11,2050,USGS_12210700
2009,7,12,2200,USGS_12210700
2009,7,13,2220,USGS_12210700
2009,7,14,2060,USGS_12210700
2009,7,15,1980,USGS_12210700
2009,7,16,1990,USGS_12210700
2009,7,17,2070,USGS_12210700
2009,7,18,2110,USGS_12210700
2009,7,19,2000,USGS_12210700
2009,7,20,1870,USGS_12210700
2009,7,21,1930,USGS_12210700
2009,7,22,2050,USGS_12210700
2009,7,23,2030,USGS_12210700
2009,7,24,1970,USGS_12210700
2009,7,25,2180,USGS_12210700
2009,7,26,2260,USGS_12210700
2009,7,27,2390,USGS_12210700
2009,7,28,2400,USGS_12210700
2009,7,29,2350,USGS_12210700
2009,7,30,2330,USGS_12210700
2009,7,31,2330,USGS_12210700
2009,8,1,2160,USGS_12210700
2009,8,2,2050,USGS_12210700
2009,8,3,1990,USGS_12210700
2009,8,4,1850,USGS_12210700
2009,8,5,1710,USGS_12210700
2009,8,6,1600,USGS_12210700
2009,8,7,1590,USGS_12210700
2009,8,8,1550,USGS_12210700
2009,8,9,1510,USGS_12210700
2009,8,10,1560,USGS_12210700
2009,8,11,2380,USGS_12210700
2009,8,12,1760,USGS_12210700
2009,8,13,1550,USGS_12210700
2009,8,14,1590,USGS_12210700
2009,8,15,1430,USGS_12210700
2009,8,16,1350,USGS_12210700
2009,8,17,1420,USGS_12210700
2009,8,18,1500,USGS_12210700
2009,8,19,1650,USGS_12210700
2009,8,20,1820,USGS_12210700
2009,8,21,1770,USGS_12210700
2009,8,22,1500,USGS_12210700
2009,8,23,1360,USGS_12210700
2009,8,24,1270,USGS_12210700
2009,8,25,1300,USGS_12210700
2009,8,26,1210,USGS_12210700
2009,8,27,1220,USGS_12210700
2009,8,28,1360,USGS_12210700
2009,8,29,1380,USGS_12210700
2009,8,30,1470,USGS_12210700
2009,8,31,1540,USGS_12210700
2009,9,1,1600,USGS_12210700
2009,9,2,1540,USGS_12210700
2009,9,3,1740,USGS_12210700
2009,9,4,1580,USGS_12210700
2009,9,5,1530,USGS_12210700
2009,9,6,1600,USGS_12210700
2009,9,7,3460,USGS_12210700
2009,9,8,2020,USGS_12210700
2009,9,9,1600,USGS_12210700
2009,9,10,1760,USGS_12210700
2009,9,11,1580,USGS_12210700
2009,9,12,1590,USGS_12210700
2009,9,13,1610,USGS_12210700
2009,9,14,1560,USGS_12210700
2009,9,15,1440,USGS_12210700
2009,9,16,1430,USGS_12210700
2009,9,17,1360,USGS_12210700
2009,9,18,1320,USGS_12210700
2009,9,19,1700,USGS_12210700
2009,9,20,1540,USGS_12210700
2009,9,21,1310,USGS_12210700
2009,9,22,1410,USGS_12210700
2009,9,23,1450,USGS_12210700
2009,9,24,1360,USGS_12210700
2009,9,25,1240,USGS_12210700
2009,9,26,1210,USGS_12210700
2009,9,27,1130,USGS_12210700
2009,9,28,1070,USGS_12210700
2009,9,29,1130,USGS_12210700
2009,9,30,1320,USGS_12210700
2009,10,1,1200,USGS_12210700
2009,10,2,1790,USGS_12210700
2009,10,3,1480,USGS_12210700
2009,10,4,1200,USGS_12210700
2009,10,5,1110,USGS_12210700
2009,10,6,1050,USGS_12210700
2009,10,7,1020,USGS_12210700
2009,10,8,984,USGS_12210700
2009,10,9,951,USGS_12210700
2009,10,10,923,USGS_12210700
2009,10,11,911,USGS_12210700
2009,10,12,885,USGS_12210700
2009,10,13,873,USGS_12210700
2009,10,14,970,USGS_12210700
2009,10,15,1970,USGS_12210700
2009,10,16,2330,USGS_12210700
2009,10,17,14200,USGS_12210700
2009,10,18,10900,USGS_12210700
2009,10,19,5170,USGS_12210700
2009,10,20,3720,USGS_12210700
2009,10,21,3300,USGS_12210700
2009,10,22,3570,USGS_12210700
2009,10,23,4950,USGS_12210700
2009,10,24,6710,USGS_12210700
2009,10,25,4190,USGS_12210700
2009,10,26,8830,USGS_12210700
2009,10,27,6700,USGS_12210700
2009,10,28,4710,USGS_12210700
2009,10,29,4100,USGS_12210700
2009,10,30,7180,USGS_12210700
2009,10,31,14400,USGS_12210700
2009,11,1,7330,USGS_12210700
2009,11,2,5300,USGS_12210700
2009,11,3,4430,USGS_12210700
2009,11,4,3800,USGS_12210700
2009,11,5,4500,USGS_12210700
2009,11,6,10400,USGS_12210700
2009,11,7,6960,USGS_12210700
2009,11,8,6220,USGS_12210700
2009,11,9,5850,USGS_12210700
2009,11,10,7590,USGS_12210700
2009,11,11,7520,USGS_12210700
2009,11,12,5900,USGS_12210700
2009,11,13,5030,USGS_12210700
2009,11,14,4440,USGS_12210700
2009,11,15,4620,USGS_12210700
2009,11,16,12800,USGS_12210700
2009,11,17,19700,USGS_12210700
2009,11,18,9660,USGS_12210700
2009,11,19,9060,USGS_12210700
2009,11,20,14600,USGS_12210700
2009,11,21,10500,USGS_12210700
2009,11,22,8750,USGS_12210700
2009,11,23,7900,USGS_12210700
2009,11,24,7000,USGS_12210700
2009,11,25,7210,USGS_12210700
2009,11,26,22600,USGS_12210700
2009,11,27,11100,USGS_12210700
2009,11,28,7580,USGS_12210700
2009,11,29,7990,USGS_12210700
2009,11,30,8640,USGS_12210700
2009,12,1,7320,USGS_12210700
2009,12,2,5810,USGS_12210700
2009,12,3,5040,USGS_12210700
2009,12,4,4520,USGS_12210700
2009,12,5,4060,USGS_12210700
2009,12,6,3720,USGS_12210700
2009,12,7,3410,USGS_12210700
2009,12,8,3170,USGS_12210700
2009,12,9,2990,USGS_12210700
2009,12,10,2860,USGS_12210700
2009,12,11,2820,USGS_12210700
2009,12,12,2750,USGS_12210700
2009,12,13,2660,USGS_12210700
2009,12,14,2570,USGS_12210700
2009,12,15,2570,USGS_12210700
2009,12,16,3030,USGS_12210700
2009,12,17,4360,USGS_12210700
2009,12,18,3440,USGS_12210700
2009,12,19,3560,USGS_12210700
2009,12,20,4620,USGS_12210700
2009,12,21,9920,USGS_12210700
2009,12,22,6480,USGS_12210700
2009,12,23,4510,USGS_12210700
2009,12,24,3820,USGS_12210700
2009,12,25,3400,USGS_12210700
2009,12,26,3130,USGS_12210700
2009,12,27,2900,USGS_12210700
2009,12,28,2720,USGS_12210700
2009,12,29,2620,USGS_12210700
2009,12,30,2560,USGS_12210700
2009,12,31,2520,USGS_12210700
2010,1,1,3250,USGS_12210700
2010,1,2,8280,USGS_12210700
2010,1,3,5660,USGS_12210700
2010,1,4,5470,USGS_12210700
2010,1,5,7010,USGS_12210700
2010,1,6,5500,USGS_12210700
2010,1,7,4490,USGS_12210700
2010,1,8,4360,USGS_12210700
2010,1,9,7620,USGS_12210700
2010,1,10,5830,USGS_12210700
2010,1,11,14600,USGS_12210700
2010,1,12,18500,USGS_12210700
2010,1,13,12800,USGS_12210700
2010,1,14,9370,USGS_12210700
2010,1,15,12300,USGS_12210700
2010,1,16,10100,USGS_12210700
2010,1,17,7460,USGS_12210700
2010,1,18,6540,USGS_12210700
2010,1,19,5640,USGS_12210700
2010,1,20,4940,USGS_12210700
2010,1,21,4450,USGS_12210700
2010,1,22,4060,USGS_12210700
2010,1,23,3720,USGS_12210700
2010,1,24,3490,USGS_12210700
2010,1,25,3490,USGS_12210700
2010,1,26,3300,USGS_12210700
2010,1,27,3080,USGS_12210700
2010,1,28,2920,USGS_12210700
2010,1,29,2790,USGS_12210700
2010,1,30,2870,USGS_12210700
2010,1,31,2910,USGS_12210700
2010,2,1,2860,USGS_12210700
2010,2,2,2770,USGS_12210700
2010,2,3,2700,USGS_12210700
2010,2,4,2610,USGS_12210700
2010,2,5,2630,USGS_12210700
2010,2,6,2610,USGS_12210700
2010,2,7,2460,USGS_12210700
2010,2,8,2430,USGS_12210700
2010,2,9,2360,USGS_12210700
2010,2,10,2260,USGS_12210700
2010,2,11,2240,USGS_12210700
2010,2,12,2970,USGS_12210700
2010,2,13,3390,USGS_12210700
2010,2,14,5660,USGS_12210700
2010,2,15,5110,USGS_12210700
2010,2,16,5510,USGS_12210700
2010,2,17,4930,USGS_12210700
2010,2,18,3740,USGS_12210700
2010,2,19,3130,USGS_12210700
2010,2,20,2700,USGS_12210700
2010,2,21,2370,USGS_12210700
2010,2,22,2100,USGS_12210700
2010,2,23,1880,USGS_12210700
2010,2,24,1870,USGS_12210700
2010,2,25,2170,USGS_12210700
2010,2,26,2270,USGS_12210700
2010,2,27,2810,USGS_12210700
2010,2,28,2930,USGS_12210700
2010,3,1,2470,USGS_12210700
2010,3,2,2220,USGS_12210700
2010,3,3,2290,USGS_12210700
2010,3,4,2170,USGS_12210700
2010,3,5,1960,USGS_12210700
2010,3,6,1830,USGS_12210700
2010,3,7,1740,USGS_12210700
2010,3,8,1780,USGS_12210700
2010,3,9,1620,USGS_12210700
2010,3,10,1540,USGS_12210700
2010,3,11,1520,USGS_12210700
2010,3,12,2130,USGS_12210700
2010,3,13,2100,USGS_12210700
2010,3,14,1810,USGS_12210700
2010,3,15,1750,USGS_12210700
2010,3,16,1900,USGS_12210700
2010,3,17,2390,USGS_12210700
2010,3,18,2130,USGS_12210700
2010,3,19,1880,USGS_12210700
2010,3,20,1730,USGS_12210700
2010,3,21,1750,USGS_12210700
2010,3,22,2620,USGS_12210700
2010,3,23,2240,USGS_12210700
2010,3,24,1980,USGS_12210700
2010,3,25,1960,USGS_12210700
2010,3,26,2870,USGS_12210700
2010,3,27,2750,USGS_12210700
2010,3,28,2750,USGS_12210700
2010,3,29,4240,USGS_12210700
2010,3,30,3860,USGS_12210700
2010,3,31,3050,USGS_12210700
2010,4,1,2660,USGS_12210700
2010,4,2,2360,USGS_12210700
2010,4,3,2500,USGS_12210700
2010,4,4,2340,USGS_12210700
2010,4,5,2210,USGS_12210700
2010,4,6,2240,USGS_12210700
2010,4,7,2280,USGS_12210700
2010,4,8,2780,USGS_12210700
2010,4,9,2550,USGS_12210700
2010,4,10,2260,USGS_12210700
2010,4,11,2080,USGS_12210700
2010,4,12,1980,USGS_12210700
2010,4,13,2150,USGS_12210700
2010,4,14,2230,USGS_12210700
2010,4,15,2290,USGS_12210700
2010,4,16,2420,USGS_12210700
2010,4,17,2750,USGS_12210700
2010,4,18,3050,USGS_12210700
2010,4,19,3160,USGS_12210700
2010,4,20,3450,USGS_12210700
2010,4,21,4030,USGS_12210700
2010,4,22,3630,USGS_12210700
2010,4,23,2970,USGS_12210700
2010,4,24,2790,USGS_12210700
2010,4,25,2670,USGS_12210700
2010,4,26,2480,USGS_12210700
2010,4,27,2910,USGS_12210700
2010,4,28,3440,USGS_12210700
2010,4,29,3110,USGS_12210700
2010,4,30,3010,USGS_12210700
2010,5,1,3120,USGS_12210700
2010,5,2,2980,USGS_12210700
2010,5,3,5060,USGS_12210700
2010,5,4,4420,USGS_12210700
2010,5,5,3600,USGS_12210700
2010,5,6,3040,USGS_12210700
2010,5,7,2860,USGS_12210700
2010,5,8,2680,USGS_12210700
2010,5,9,2530,USGS_12210700
2010,5,10,2440,USGS_12210700
2010,5,11,2420,USGS_12210700
2010,5,12,2580,USGS_12210700
2010,5,13,2650,USGS_12210700
2010,5,14,2850,USGS_12210700
2010,5,15,3170,USGS_12210700
2010,5,16,3460,USGS_12210700
2010,5,17,3870,USGS_12210700
2010,5,18,4280,USGS_12210700
2010,5,19,4500,USGS_12210700
2010,5,20,5260,USGS_12210700
2010,5,21,3990,USGS_12210700
2010,5,22,3210,USGS_12210700
2010,5,23,2800,USGS_12210700
2010,5,24,2610,USGS_12210700
2010,5,25,2430,USGS_12210700
2010,5,26,2520,USGS_12210700
2010,5,27,3100,USGS_12210700
2010,5,28,6290,USGS_12210700
2010,5,29,5690,USGS_12210700
2010,5,30,5250,USGS_12210700
2010,5,31,5060,USGS_12210700
2010,6,1,5930,USGS_12210700
2010,6,2,7320,USGS_12210700
2010,6,3,8940,USGS_12210700
2010,6,4,5910,USGS_12210700
2010,6,5,4700,USGS_12210700
2010,6,6,4430,USGS_12210700
2010,6,7,5690,USGS_12210700
2010,6,8,5470,USGS_12210700
2010,6,9,5580,USGS_12210700
2010,6,10,6110,USGS_12210700
2010,6,11,5730,USGS_12210700
2010,6,12,5440,USGS_12210700
2010,6,13,5450,USGS_12210700
2010,6,14,4910,USGS_12210700
2010,6,15,4190,USGS_12210700
2010,6,16,3800,USGS_12210700
2010,6,17,3650,USGS_12210700
2010,6,18,3530,USGS_12210700
2010,6,19,3810,USGS_12210700
2010,6,20,3880,USGS_12210700
2010,6,21,3800,USGS_12210700
2010,6,22,3670,USGS_12210700
2010,6,23,3830,USGS_12210700
2010,6,24,4350,USGS_12210700
2010,6,25,4230,USGS_12210700
2010,6,26,4190,USGS_12210700
2010,6,27,3930,USGS_12210700
2010,6,28,4300,USGS_12210700
2010,6,29,4210,USGS_12210700
2010,6,30,3490,USGS_12210700
2010,7,1,3040,USGS_12210700
2010,7,2,2770,USGS_12210700
2010,7,3,2550,USGS_12210700
2010,7,4,2460,USGS_12210700
2010,7,5,2540,USGS_12210700
2010,7,6,2720,USGS_12210700
2010,7,7,3160,USGS_12210700
2010,7,8,3810,USGS_12210700
2010,7,9,4320,USGS_12210700
2010,7,10,4410,USGS_12210700
2010,7,11,4260,USGS_12210700
2010,7,12,3840,USGS_12210700
2010,7,13,2610,USGS_12210700
2010,7,14,2130,USGS_12210700
2010,7,15,2300,USGS_12210700
2010,7,16,2450,USGS_12210700
2010,7,17,2310,USGS_12210700
2010,7,18,2240,USGS_12210700
2010,7,19,2140,USGS_12210700
2010,7,20,2130,USGS_12210700
2010,7,21,2250,USGS_12210700
2010,7,22,2360,USGS_12210700
2010,7,23,2090,USGS_12210700
2010,7,24,2110,USGS_12210700
2010,7,25,2160,USGS_12210700
2010,7,26,2080,USGS_12210700
2010,7,27,2120,USGS_12210700
2010,7,28,2220,USGS_12210700
2010,7,29,2140,USGS_12210700
2010,7,30,1920,USGS_12210700
2010,7,31,1820,USGS_12210700
2010,8,1,1740,USGS_12210700
2010,8,2,1710,USGS_12210700
2010,8,3,1770,USGS_12210700
2010,8,4,2090,USGS_12210700
2010,8,5,2260,USGS_12210700
2010,8,6,2130,USGS_12210700
2010,8,7,1930,USGS_12210700
2010,8,8,1920,USGS_12210700
2010,8,9,1840,USGS_12210700
2010,8,10,1640,USGS_12210700
2010,8,11,1480,USGS_12210700
2010,8,12,1480,USGS_12210700
2010,8,13,1500,USGS_12210700
2010,8,14,1550,USGS_12210700
2010,8,15,1620,USGS_12210700
2010,8,16,1710,USGS_12210700
2010,8,17,1720,USGS_12210700
2010,8,18,1610,USGS_12210700
2010,8,19,1520,USGS_12210700
2010,8,20,1320,USGS_12210700
2010,8,21,1160,USGS_12210700
2010,8,22,1060,USGS_12210700
2010,8,23,1000,USGS_12210700
2010,8,24,1010,USGS_12210700
2010,8,25,1200,USGS_12210700
2010,8,26,1290,USGS_12210700
2010,8,27,1210,USGS_12210700
2010,8,28,1040,USGS_12210700
2010,8,29,902,USGS_12210700
2010,8,30,856,USGS_12210700
2010,8,31,947,USGS_12210700
2010,9,1,2020,USGS_12210700
2010,9,2,1190,USGS_12210700
2010,9,3,1020,USGS_12210700
2010,9,4,1020,USGS_12210700
2010,9,5,876,USGS_12210700
2010,9,6,832,USGS_12210700
2010,9,7,1130,USGS_12210700
2010,9,8,1070,USGS_12210700
2010,9,9,1070,USGS_12210700
2010,9,10,883,USGS_12210700
2010,9,11,848,USGS_12210700
2010,9,12,1350,USGS_12210700
2010,9,13,3340,USGS_12210700
2010,9,14,1830,USGS_12210700
2010,9,15,1390,USGS_12210700
2010,9,16,1710,USGS_12210700
2010,9,17,1810,USGS_12210700
2010,9,18,2220,USGS_12210700
2010,9,19,5860,USGS_12210700
2010,9,20,11800,USGS_12210700
2010,9,21,7620,USGS_12210700
2010,9,22,3810,USGS_12210700
2010,9,23,2750,USGS_12210700
2010,9,24,3060,USGS_12210700
2010,9,25,2620,USGS_12210700
2010,9,26,3770,USGS_12210700
2010,9,27,3840,USGS_12210700
2010,9,28,8120,USGS_12210700
2010,9,29,5380,USGS_12210700
2010,9,30,3470,USGS_12210700
2010,10,1,2780,USGS_12210700
2010,10,2,2440,USGS_12210700
2010,10,3,2150,USGS_12210700
2010,10,4,1970,USGS_12210700
2010,10,5,1790,USGS_12210700
2010,10,6,1670,USGS_12210700
2010,10,7,1620,USGS_12210700
2010,10,8,1570,USGS_12210700
2010,10,9,2280,USGS_12210700
2010,10,10,7400,USGS_12210700
2010,10,11,4110,USGS_12210700
2010,10,12,2830,USGS_12210700
2010,10,13,2330,USGS_12210700
2010,10,14,2030,USGS_12210700
2010,10,15,1850,USGS_12210700
2010,10,16,1710,USGS_12210700
2010,10,17,1600,USGS_12210700
2010,10,18,1510,USGS_12210700
2010,10,19,1460,USGS_12210700
2010,10,20,1420,USGS_12210700
2010,10,21,1380,USGS_12210700
2010,10,22,1370,USGS_12210700
2010,10,23,1350,USGS_12210700
2010,10,24,2660,USGS_12210700
2010,10,25,3980,USGS_12210700
2010,10,26,4700,USGS_12210700
2010,10,27,2830,USGS_12210700
2010,10,28,2360,USGS_12210700
2010,10,29,2480,USGS_12210700
2010,10,30,2190,USGS_12210700
2010,10,31,3860,USGS_12210700
2010,11,1,8500,USGS_12210700
2010,11,2,8590,USGS_12210700
2010,11,3,4770,USGS_12210700
2010,11,4,3760,USGS_12210700
2010,11,5,3390,USGS_12210700
2010,11,6,3640,USGS_12210700
2010,11,7,7770,USGS_12210700
2010,11,8,6390,USGS_12210700
2010,11,9,4810,USGS_12210700
2010,11,10,3820,USGS_12210700
2010,11,11,3230,USGS_12210700
2010,11,12,3190,USGS_12210700
2010,11,13,2910,USGS_12210700
2010,11,14,3260,USGS_12210700
2010,11,15,5040,USGS_12210700
2010,11,16,10000,USGS_12210700
2010,11,17,6340,USGS_12210700
2010,11,18,5470,USGS_12210700
2010,11,19,4370,USGS_12210700
2010,11,20,3730,USGS_12210700
2010,11,21,3270,USGS_12210700
2010,11,22,2880,USGS_12210700
2010,11,23,2530,USGS_12210700
2010,11,24,2350,USGS_12210700
2010,11,25,2320,USGS_12210700
2010,11,26,2390,USGS_12210700
2010,11,27,2590,USGS_12210700
2010,11,28,2310,USGS_12210700
2010,11,29,2150,USGS_12210700
2010,11,30,2980,USGS_12210700
2010,12,1,3900,USGS_12210700
2010,12,2,3050,USGS_12210700
2010,12,3,2670,USGS_12210700
2010,12,4,2400,USGS_12210700
2010,12,5,2230,USGS_12210700
2010,12,6,2150,USGS_12210700
2010,12,7,2200,USGS_12210700
2010,12,8,4970,USGS_12210700
2010,12,9,8870,USGS_12210700
2010,12,10,7330,USGS_12210700
2010,12,11,5360,USGS_12210700
2010,12,12,28200,USGS_12210700
2010,12,13,24300,USGS_12210700
2010,12,14,12400,USGS_12210700
2010,12,15,8950,USGS_12210700
2010,12,16,7010,USGS_12210700
2010,12,17,5940,USGS_12210700
2010,12,18,5260,USGS_12210700
2010,12,19,4760,USGS_12210700
2010,12,20,4350,USGS_12210700
2010,12,21,4000,USGS_12210700
2010,12,22,3760,USGS_12210700
2010,12,23,3630,USGS_12210700
2010,12,24,3960,USGS_12210700
2010,12,25,5720,USGS_12210700
2010,12,26,5270,USGS_12210700
2010,12,27,4680,USGS_12210700
2010,12,28,4450,USGS_12210700
2010,12,29,4150,USGS_12210700
2010,12,30,3730,USGS_12210700
2010,12,31,3450,USGS_12210700
2011,1,1,3320,USGS_12210700
2011,1,2,3180,USGS_12210700
2011,1,3,3050,USGS_12210700
2011,1,4,2940,USGS_12210700
2011,1,5,3010,USGS_12210700
2011,1,6,5150,USGS_12210700
2011,1,7,8710,USGS_12210700
2011,1,8,6920,USGS_12210700
2011,1,9,5080,USGS_12210700
2011,1,10,4330,USGS_12210700
2011,1,11,3930,USGS_12210700
2011,1,12,4170,USGS_12210700
2011,1,13,6150,USGS_12210700
2011,1,14,11700,USGS_12210700
2011,1,15,9790,USGS_12210700
2011,1,16,16600,USGS_12210700
2011,1,17,31000,USGS_12210700
2011,1,18,12500,USGS_12210700
2011,1,19,8020,USGS_12210700
2011,1,20,6390,USGS_12210700
2011,1,21,6970,USGS_12210700
2011,1,22,6800,USGS_12210700
2011,1,23,5450,USGS_12210700
2011,1,24,5980,USGS_12210700
2011,1,25,6740,USGS_12210700
2011,1,26,5600,USGS_12210700
2011,1,27,5010,USGS_12210700
2011,1,28,4720,USGS_12210700
2011,1,29,5470,USGS_12210700
2011,1,30,5360,USGS_12210700
2011,1,31,4480,USGS_12210700
2011,2,1,4010,USGS_12210700
2011,2,2,3720,USGS_12210700
2011,2,3,3700,USGS_12210700
2011,2,4,6250,USGS_12210700
2011,2,5,5860,USGS_12210700
2011,2,6,4250,USGS_12210700
2011,2,7,4720,USGS_12210700
2011,2,8,3940,USGS_12210700
2011,2,9,3420,USGS_12210700
2011,2,10,3100,USGS_12210700
2011,2,11,2890,USGS_12210700
2011,2,12,2940,USGS_12210700
2011,2,13,3680,USGS_12210700
2011,2,14,3350,USGS_12210700
2011,2,15,3610,USGS_12210700
2011,2,16,3050,USGS_12210700
2011,2,17,2770,USGS_12210700
2011,2,18,2540,USGS_12210700
2011,2,19,2350,USGS_12210700
2011,2,20,2190,USGS_12210700
2011,2,21,2110,USGS_12210700
2011,2,22,2070,USGS_12210700
2011,2,23,1980,USGS_12210700
2011,2,24,1860,USGS_12210700
2011,2,25,1710,USGS_12210700
2011,2,26,1680,USGS_12210700
2011,2,27,1710,USGS_12210700
2011,2,28,1800,USGS_12210700
2011,3,1,1710,USGS_12210700
2011,3,2,1750,USGS_12210700
2011,3,3,1810,USGS_12210700
2011,3,4,1720,USGS_12210700
2011,3,5,1820,USGS_12210700
2011,3,6,1810,USGS_12210700
2011,3,7,1710,USGS_12210700
2011,3,8,1650,USGS_12210700
2011,3,9,1960,USGS_12210700
2011,3,10,3240,USGS_12210700
2011,3,11,3790,USGS_12210700
2011,3,12,3300,USGS_12210700
2011,3,13,3400,USGS_12210700
2011,3,14,4310,USGS_12210700
2011,3,15,3980,USGS_12210700
2011,3,16,5100,USGS_12210700
2011,3,17,3930,USGS_12210700
2011,3,18,3200,USGS_12210700
2011,3,19,2890,USGS_12210700
2011,3,20,2580,USGS_12210700
2011,3,21,2400,USGS_12210700
2011,3,22,2440,USGS_12210700
2011,3,23,2240,USGS_12210700
2011,3,24,2100,USGS_12210700
2011,3,25,2080,USGS_12210700
2011,3,26,2070,USGS_12210700
2011,3,27,2000,USGS_12210700
2011,3,28,2020,USGS_12210700
2011,3,29,2090,USGS_12210700
2011,3,30,5540,USGS_12210700
2011,3,31,14500,USGS_12210700
2011,4,1,8120,USGS_12210700
2011,4,2,5810,USGS_12210700
2011,4,3,4600,USGS_12210700
2011,4,4,4450,USGS_12210700
2011,4,5,4840,USGS_12210700
2011,4,6,4290,USGS_12210700
2011,4,7,3720,USGS_12210700
2011,4,8,3250,USGS_12210700
2011,4,9,2940,USGS_12210700
2011,4,10,2740,USGS_12210700
2011,4,11,3540,USGS_12210700
2011,4,12,3130,USGS_12210700
2011,4,13,2820,USGS_12210700
2011,4,14,2850,USGS_12210700
2011,4,15,2730,USGS_12210700
2011,4,16,2730,USGS_12210700
2011,4,17,2700,USGS_12210700
2011,4,18,2500,USGS_12210700
2011,4,19,2360,USGS_12210700
2011,4,20,2220,USGS_12210700
2011,4,21,2230,USGS_12210700
2011,4,22,2120,USGS_12210700
2011,4,23,2050,USGS_12210700
2011,4,24,2090,USGS_12210700
2011,4,25,2340,USGS_12210700
2011,4,26,2710,USGS_12210700
2011,4,27,2660,USGS_12210700
2011,4,28,2950,USGS_12210700
2011,4,29,2730,USGS_12210700
2011,4,30,2500,USGS_12210700
2011,5,1,2370,USGS_12210700
2011,5,2,2590,USGS_12210700
2011,5,3,3110,USGS_12210700
2011,5,4,2780,USGS_12210700
2011,5,5,2860,USGS_12210700
2011,5,6,3090,USGS_12210700
2011,5,7,3790,USGS_12210700
2011,5,8,4000,USGS_12210700
2011,5,9,3310,USGS_12210700
2011,5,10,3040,USGS_12210700
2011,5,11,4010,USGS_12210700
2011,5,12,6630,USGS_12210700
2011,5,13,4560,USGS_12210700
2011,5,14,4330,USGS_12210700
2011,5,15,6220,USGS_12210700
2011,5,16,7370,USGS_12210700
2011,5,17,6560,USGS_12210700
2011,5,18,5100,USGS_12210700
2011,5,19,4680,USGS_12210700
2011,5,20,4800,USGS_12210700
2011,5,21,5450,USGS_12210700
2011,5,22,5160,USGS_12210700
2011,5,23,4910,USGS_12210700
2011,5,24,4380,USGS_12210700
2011,5,25,4290,USGS_12210700
2011,5,26,5590,USGS_12210700
2011,5,27,4900,USGS_12210700
2011,5,28,4530,USGS_12210700
2011,5,29,4180,USGS_12210700
2011,5,30,4370,USGS_12210700
2011,5,31,4540,USGS_12210700
2011,6,1,5010,USGS_12210700
2011,6,2,4960,USGS_12210700
2011,6,3,4980,USGS_12210700
2011,6,4,5170,USGS_12210700
2011,6,5,6170,USGS_12210700
2011,6,6,6660,USGS_12210700
2011,6,7,7130,USGS_12210700
2011,6,8,6610,USGS_12210700
2011,6,9,5780,USGS_12210700
2011,6,10,5600,USGS_12210700
2011,6,11,5690,USGS_12210700
2011,6,12,5250,USGS_12210700
2011,6,13,5360,USGS_12210700
2011,6,14,5940,USGS_12210700
2011,6,15,5500,USGS_12210700
2011,6,16,5020,USGS_12210700
2011,6,17,4510,USGS_12210700
2011,6,18,4820,USGS_12210700
2011,6,19,5390,USGS_12210700
2011,6,20,5360,USGS_12210700
2011,6,21,5200,USGS_12210700
2011,6,22,5930,USGS_12210700
2011,6,23,6590,USGS_12210700
2011,6,24,5610,USGS_12210700
2011,6,25,4840,USGS_12210700
2011,6,26,4370,USGS_12210700
2011,6,27,4810,USGS_12210700
2011,6,28,5720,USGS_12210700
2011,6,29,7190,USGS_12210700
2011,6,30,7850,USGS_12210700
2011,7,1,5900,USGS_12210700
2011,7,2,5050,USGS_12210700
2011,7,3,5910,USGS_12210700
2011,7,4,5520,USGS_12210700
2011,7,5,4950,USGS_12210700
2011,7,6,5360,USGS_12210700
2011,7,7,5980,USGS_12210700
2011,7,8,5280,USGS_12210700
2011,7,9,4310,USGS_12210700
2011,7,10,3860,USGS_12210700
2011,7,11,3770,USGS_12210700
2011,7,12,3900,USGS_12210700
2011,7,13,4690,USGS_12210700
2011,7,14,5750,USGS_12210700
2011,7,15,5570,USGS_12210700
2011,7,16,5230,USGS_12210700
2011,7,17,5380,USGS_12210700
2011,7,18,4840,USGS_12210700
2011,7,19,4600,USGS_12210700
2011,7,20,4160,USGS_12210700
2011,7,21,4870,USGS_12210700
2011,7,22,4880,USGS_12210700
2011,7,23,3870,USGS_12210700
2011,7,24,3780,USGS_12210700
2011,7,25,4340,USGS_12210700
2011,7,26,4040,USGS_12210700
2011,7,27,3610,USGS_12210700
2011,7,28,3320,USGS_12210700
2011,7,29,3580,USGS_12210700
2011,7,30,3690,USGS_12210700
2011,7,31,3830,USGS_12210700
2011,8,1,3710,USGS_12210700
2011,8,2,3370,USGS_12210700
2011,8,3,3360,USGS_12210700
2011,8,4,3350,USGS_12210700
2011,8,5,3470,USGS_12210700
2011,8,6,3320,USGS_12210700
2011,8,7,3230,USGS_12210700
2011,8,8,3090,USGS_12210700
2011,8,9,2990,USGS_12210700
2011,8,10,2760,USGS_12210700
2011,8,11,2550,USGS_12210700
2011,8,12,2550,USGS_12210700
2011,8,13,2540,USGS_12210700
2011,8,14,2480,USGS_12210700
2011,8,15,2300,USGS_12210700
2011,8,16,2190,USGS_12210700
2011,8,17,2080,USGS_12210700
2011,8,18,2040,USGS_12210700
2011,8,19,1980,USGS_12210700
2011,8,20,2030,USGS_12210700
2011,8,21,2350,USGS_12210700
2011,8,22,2660,USGS_12210700
2011,8,23,3210,USGS_12210700
2011,8,24,2810,USGS_12210700
2011,8,25,2640,USGS_12210700
2011,8,26,2550,USGS_12210700
2011,8,27,2350,USGS_12210700
2011,8,28,2180,USGS_12210700
2011,8,29,2060,USGS_12210700
2011,8,30,2010,USGS_12210700
2011,8,31,1850,USGS_12210700
2011,9,1,1700,USGS_12210700
2011,9,2,1560,USGS_12210700
2011,9,3,1490,USGS_12210700
2011,9,4,1460,USGS_12210700
2011,9,5,1470,USGS_12210700
2011,9,6,1490,USGS_12210700
2011,9,7,1510,USGS_12210700
2011,9,8,1590,USGS_12210700
2011,9,9,1770,USGS_12210700
2011,9,10,1750,USGS_12210700
2011,9,11,1830,USGS_12210700
2011,9,12,1850,USGS_12210700
2011,9,13,1740,USGS_12210700
2011,9,14,1560,USGS_12210700
2011,9,15,1400,USGS_12210700
2011,9,16,1330,USGS_12210700
2011,9,17,1170,USGS_12210700
2011,9,18,1190,USGS_12210700
2011,9,19,1340,USGS_12210700
2011,9,20,1170,USGS_12210700
2011,9,21,1120,USGS_12210700
2011,9,22,2050,USGS_12210700
2011,9,23,2850,USGS_12210700
2011,9,24,2410,USGS_12210700
2011,9,25,1990,USGS_12210700
2011,9,26,2860,USGS_12210700
2011,9,27,5480,USGS_12210700
2011,9,28,3110,USGS_12210700
2011,9,29,1970,USGS_12210700
2011,9,30,1640,USGS_12210700
2011,10,1,1480,USGS_12210700
2011,10,2,1450,USGS_12210700
2011,10,3,1560,USGS_12210700
2011,10,4,1870,USGS_12210700
2011,10,5,1560,USGS_12210700
2011,10,6,1540,USGS_12210700
2011,10,7,1390,USGS_12210700
2011,10,8,1420,USGS_12210700
2011,10,9,1320,USGS_12210700
2011,10,10,1360,USGS_12210700
2011,10,11,4730,USGS_12210700
2011,10,12,4640,USGS_12210700
2011,10,13,3000,USGS_12210700
2011,10,14,2120,USGS_12210700
2011,10,15,1700,USGS_12210700
2011,10,16,1460,USGS_12210700
2011,10,17,1290,USGS_12210700
2011,10,18,1180,USGS_12210700
2011,10,19,1110,USGS_12210700
2011,10,20,1380,USGS_12210700
2011,10,21,1760,USGS_12210700
2011,10,22,3260,USGS_12210700
2011,10,23,3530,USGS_12210700
2011,10,24,2220,USGS_12210700
2011,10,25,1800,USGS_12210700
2011,10,26,1540,USGS_12210700
2011,10,27,1420,USGS_12210700
2011,10,28,1420,USGS_12210700
2011,10,29,2150,USGS_12210700
2011,10,30,1930,USGS_12210700
2011,10,31,2930,USGS_12210700
2011,11,1,2090,USGS_12210700
2011,11,2,1750,USGS_12210700
2011,11,3,1990,USGS_12210700
2011,11,4,1790,USGS_12210700
2011,11,5,1550,USGS_12210700
2011,11,6,1400,USGS_12210700
2011,11,7,1320,USGS_12210700
2011,11,8,1540,USGS_12210700
2011,11,9,1530,USGS_12210700
2011,11,10,1580,USGS_12210700
2011,11,11,2140,USGS_12210700
2011,11,12,2730,USGS_12210700
2011,11,13,2600,USGS_12210700
2011,11,14,2660,USGS_12210700
2011,11,15,2110,USGS_12210700
2011,11,16,1800,USGS_12210700
2011,11,17,2830,USGS_12210700
2011,11,18,2350,USGS_12210700
2011,11,19,1920,USGS_12210700
2011,11,20,1680,USGS_12210700
2011,11,21,1620,USGS_12210700
2011,11,22,3660,USGS_12210700
2011,11,23,16900,USGS_12210700
2011,11,24,7630,USGS_12210700
2011,11,25,4830,USGS_12210700
2011,11,26,3670,USGS_12210700
2011,11,27,12500,USGS_12210700
2011,11,28,8730,USGS_12210700
2011,11,29,5070,USGS_12210700
2011,11,30,3900,USGS_12210700
2011,12,1,3200,USGS_12210700
2011,12,2,2780,USGS_12210700
2011,12,3,2420,USGS_12210700
2011,12,4,2180,USGS_12210700
2011,12,5,1990,USGS_12210700
2011,12,6,1870,USGS_12210700
2011,12,7,1750,USGS_12210700
2011,12,8,1620,USGS_12210700
2011,12,9,1550,USGS_12210700
2011,12,10,1510,USGS_12210700
2011,12,11,1460,USGS_12210700
2011,12,12,1360,USGS_12210700
2011,12,13,1300,USGS_12210700
2011,12,14,1270,USGS_12210700
2011,12,15,1240,USGS_12210700
2011,12,16,1200,USGS_12210700
2011,12,17,1180,USGS_12210700
2011,12,18,1390,USGS_12210700
2011,12,19,1380,USGS_12210700
2011,12,20,1360,USGS_12210700
2011,12,21,1400,USGS_12210700
2011,12,22,1250,USGS_12210700
2011,12,23,1190,USGS_12210700
2011,12,24,1390,USGS_12210700
2011,12,25,1840,USGS_12210700
2011,12,26,1700,USGS_12210700
2011,12,27,1720,USGS_12210700
2011,12,28,7260,USGS_12210700
2011,12,29,8220,USGS_12210700
2011,12,30,5120,USGS_12210700
2011,12,31,3720,USGS_12210700
2012,1,1,2870,USGS_12210700
2012,1,2,2560,USGS_12210700
2012,1,3,4140,USGS_12210700
2012,1,4,7550,USGS_12210700
2012,1,5,12500,USGS_12210700
2012,1,6,6080,USGS_12210700
2012,1,7,4420,USGS_12210700
2012,1,8,3660,USGS_12210700
2012,1,9,3480,USGS_12210700
2012,1,10,3160,USGS_12210700
2012,1,11,2660,USGS_12210700
2012,1,12,2380,USGS_12210700
2012,1,13,2160,USGS_12210700
2012,1,14,2130,USGS_12210700
2012,1,15,1930,USGS_12210700
2012,1,16,1750,USGS_12210700
2012,1,17,1730,USGS_12210700
2012,1,18,1590,USGS_12210700
2012,1,19,1530,USGS_12210700
2012,1,20,1550,USGS_12210700
2012,1,21,5220,USGS_12210700
2012,1,22,3890,USGS_12210700
2012,1,23,3280,USGS_12210700
2012,1,24,2790,USGS_12210700
2012,1,25,5050,USGS_12210700
2012,1,26,4240,USGS_12210700
2012,1,27,3330,USGS_12210700
2012,1,28,2790,USGS_12210700
2012,1,29,4830,USGS_12210700
2012,1,30,7800,USGS_12210700
2012,1,31,4960,USGS_12210700
2012,2,1,4840,USGS_12210700
2012,2,2,4030,USGS_12210700
2012,2,3,3440,USGS_12210700
2012,2,4,3160,USGS_12210700
2012,2,5,2840,USGS_12210700
2012,2,6,2610,USGS_12210700
2012,2,7,2440,USGS_12210700
2012,2,8,2320,USGS_12210700
2012,2,9,2360,USGS_12210700
2012,2,10,2860,USGS_12210700
2012,2,11,3050,USGS_12210700
2012,2,12,2780,USGS_12210700
2012,2,13,2520,USGS_12210700
2012,2,14,2290,USGS_12210700
2012,2,15,2100,USGS_12210700
2012,2,16,1970,USGS_12210700
2012,2,17,1930,USGS_12210700
2012,2,18,2650,USGS_12210700
2012,2,19,2760,USGS_12210700
2012,2,20,2310,USGS_12210700
2012,2,21,4130,USGS_12210700
2012,2,22,12600,USGS_12210700
2012,2,23,5710,USGS_12210700
2012,2,24,4270,USGS_12210700
2012,2,25,5130,USGS_12210700
2012,2,26,4140,USGS_12210700
2012,2,27,3310,USGS_12210700
2012,2,28,2860,USGS_12210700
2012,2,29,2590,USGS_12210700
2012,3,1,2340,USGS_12210700
2012,3,2,2160,USGS_12210700
2012,3,3,2500,USGS_12210700
2012,3,4,4250,USGS_12210700
2012,3,5,5730,USGS_12210700
2012,3,6,4810,USGS_12210700
2012,3,7,3550,USGS_12210700
2012,3,8,3000,USGS_12210700
2012,3,9,3090,USGS_12210700
2012,3,10,5480,USGS_12210700
2012,3,11,5250,USGS_12210700
2012,3,12,4180,USGS_12210700
2012,3,13,3940,USGS_12210700
2012,3,14,3380,USGS_12210700
2012,3,15,3940,USGS_12210700
2012,3,16,5420,USGS_12210700
2012,3,17,4420,USGS_12210700
2012,3,18,3690,USGS_12210700
2012,3,19,3170,USGS_12210700
2012,3,20,2920,USGS_12210700
2012,3,21,2730,USGS_12210700
2012,3,22,2480,USGS_12210700
2012,3,23,2280,USGS_12210700
2012,3,24,2140,USGS_12210700
2012,3,25,2050,USGS_12210700
2012,3,26,2080,USGS_12210700
2012,3,27,2070,USGS_12210700
2012,3,28,2290,USGS_12210700
2012,3,29,3030,USGS_12210700
2012,3,30,4410,USGS_12210700
2012,3,31,4120,USGS_12210700
2012,4,1,3820,USGS_12210700
2012,4,2,3360,USGS_12210700
2012,4,3,3210,USGS_12210700
2012,4,4,3450,USGS_12210700
2012,4,5,2950,USGS_12210700
2012,4,6,2630,USGS_12210700
2012,4,7,2400,USGS_12210700
2012,4,8,2240,USGS_12210700
2012,4,9,2250,USGS_12210700
2012,4,10,2640,USGS_12210700
2012,4,11,3270,USGS_12210700
2012,4,12,3560,USGS_12210700
2012,4,13,3570,USGS_12210700
2012,4,14,3170,USGS_12210700
2012,4,15,2920,USGS_12210700
2012,4,16,3770,USGS_12210700
2012,4,17,5210,USGS_12210700
2012,4,18,3780,USGS_12210700
2012,4,19,3480,USGS_12210700
2012,4,20,10000,USGS_12210700
2012,4,21,6340,USGS_12210700
2012,4,22,5210,USGS_12210700
2012,4,23,6950,USGS_12210700
2012,4,24,9520,USGS_12210700
2012,4,25,13200,USGS_12210700
2012,4,26,15300,USGS_12210700
2012,4,27,10000,USGS_12210700
2012,4,28,6760,USGS_12210700
2012,4,29,5570,USGS_12210700
2012,4,30,7420,USGS_12210700
2012,5,1,9650,USGS_12210700
2012,5,2,6620,USGS_12210700
2012,5,3,5400,USGS_12210700
2012,5,4,5490,USGS_12210700
2012,5,5,4830,USGS_12210700
2012,5,6,4210,USGS_12210700
2012,5,7,3990,USGS_12210700
2012,5,8,4620,USGS_12210700
2012,5,9,5150,USGS_12210700
2012,5,10,4270,USGS_12210700
2012,5,11,3690,USGS_12210700
2012,5,12,3530,USGS_12210700
2012,5,13,4190,USGS_12210700
2012,5,14,5660,USGS_12210700
2012,5,15,7300,USGS_12210700
2012,5,16,7240,USGS_12210700
2012,5,17,5930,USGS_12210700
2012,5,18,4860,USGS_12210700
2012,5,19,4180,USGS_12210700
2012,5,20,4220,USGS_12210700
2012,5,21,7890,USGS_12210700
2012,5,22,19300,USGS_12210700
2012,5,23,10100,USGS_12210700
2012,5,24,7610,USGS_12210700
2012,5,25,5860,USGS_12210700
2012,5,26,5470,USGS_12210700
2012,5,27,5450,USGS_12210700
2012,5,28,5140,USGS_12210700
2012,5,29,5010,USGS_12210700
2012,5,30,4310,USGS_12210700
2012,5,31,4810,USGS_12210700
2012,6,1,6750,USGS_12210700
2012,6,2,9290,USGS_12210700
2012,6,3,6460,USGS_12210700
2012,6,4,5010,USGS_12210700
2012,6,5,5440,USGS_12210700
2012,6,6,5160,USGS_12210700
2012,6,7,4560,USGS_12210700
2012,6,8,5450,USGS_12210700
2012,6,9,4490,USGS_12210700
2012,6,10,3830,USGS_12210700
2012,6,11,3780,USGS_12210700
2012,6,12,4470,USGS_12210700
2012,6,13,6020,USGS_12210700
2012,6,14,5250,USGS_12210700
2012,6,15,4300,USGS_12210700
2012,6,16,5470,USGS_12210700
2012,6,17,15000,USGS_12210700
2012,6,18,11600,USGS_12210700
2012,6,19,7780,USGS_12210700
2012,6,20,5900,USGS_12210700
2012,6,21,5920,USGS_12210700
2012,6,22,6730,USGS_12210700
2012,6,23,8130,USGS_12210700
2012,6,24,7670,USGS_12210700
2012,6,25,5900,USGS_12210700
2012,6,26,5510,USGS_12210700
2012,6,27,5380,USGS_12210700
2012,6,28,5130,USGS_12210700
2012,6,29,6080,USGS_12210700
2012,6,30,7510,USGS_12210700
2012,7,1,10300,USGS_12210700
2012,7,2,7910,USGS_12210700
2012,7,3,11500,USGS_12210700
2012,7,4,9840,USGS_12210700
2012,7,5,6580,USGS_12210700
2012,7,6,6170,USGS_12210700
2012,7,7,6540,USGS_12210700
2012,7,8,7380,USGS_12210700
2012,7,9,8340,USGS_12210700
2012,7,10,7820,USGS_12210700
2012,7,11,6780,USGS_12210700
2012,7,12,6520,USGS_12210700
2012,7,13,6370,USGS_12210700
2012,7,14,6580,USGS_12210700
2012,7,15,6530,USGS_12210700
2012,7,16,5660,USGS_12210700
2012,7,17,6350,USGS_12210700
2012,7,18,6330,USGS_12210700
2012,7,19,5530,USGS_12210700
2012,7,20,5300,USGS_12210700
2012,7,21,5120,USGS_12210700
2012,7,22,4480,USGS_12210700
2012,7,23,4870,USGS_12210700
2012,7,24,4290,USGS_12210700
2012,7,25,4000,USGS_12210700
2012,7,26,4260,USGS_12210700
2012,7,27,4270,USGS_12210700
2012,7,28,3700,USGS_12210700
2012,7,29,3310,USGS_12210700
2012,7,30,3160,USGS_12210700
2012,7,31,2950,USGS_12210700
2012,8,1,2840,USGS_12210700
2012,8,2,2800,USGS_12210700
2012,8,3,2730,USGS_12210700
2012,8,4,2980,USGS_12210700
2012,8,5,3510,USGS_12210700
2012,8,6,3680,USGS_12210700
2012,8,7,3310,USGS_12210700
2012,8,8,3170,USGS_12210700
2012,8,9,2740,USGS_12210700
2012,8,10,2410,USGS_12210700
2012,8,11,2250,USGS_12210700
2012,8,12,2270,USGS_12210700
2012,8,13,2320,USGS_12210700
2012,8,14,2240,USGS_12210700
2012,8,15,2350,USGS_12210700
2012,8,16,2350,USGS_12210700
2012,8,17,2430,USGS_12210700
2012,8,18,2390,USGS_12210700
2012,8,19,2370,USGS_12210700
2012,8,20,2240,USGS_12210700
2012,8,21,2000,USGS_12210700
2012,8,22,1770,USGS_12210700
2012,8,23,1610,USGS_12210700
2012,8,24,1450,USGS_12210700
2012,8,25,1370,USGS_12210700
2012,8,26,1390,USGS_12210700
2012,8,27,1410,USGS_12210700
2012,8,28,1430,USGS_12210700
2012,8,29,1330,USGS_12210700
2012,8,30,1260,USGS_12210700
2012,8,31,1220,USGS_12210700
2012,9,1,1150,USGS_12210700
2012,9,2,1120,USGS_12210700
2012,9,3,1100,USGS_12210700
2012,9,4,1110,USGS_12210700
2012,9,5,1140,USGS_12210700
2012,9,6,1160,USGS_12210700
2012,9,7,1160,USGS_12210700
2012,9,8,1220,USGS_12210700
2012,9,9,1270,USGS_12210700
2012,9,10,1450,USGS_12210700
2012,9,11,1250,USGS_12210700
2012,9,12,1090,USGS_12210700
2012,9,13,1030,USGS_12210700
2012,9,14,1040,USGS_12210700
2012,9,15,1050,USGS_12210700
2012,9,16,1050,USGS_12210700
2012,9,17,1030,USGS_12210700
2012,9,18,1050,USGS_12210700
2012,9,19,1080,USGS_12210700
2012,9,20,1070,USGS_12210700
2012,9,21,1130,USGS_12210700
2012,9,22,1140,USGS_12210700
2012,9,23,1110,USGS_12210700
2012,9,24,1150,USGS_12210700
2012,9,25,1100,USGS_12210700
2012,9,26,1010,USGS_12210700
2012,9,27,944,USGS_12210700
2012,9,28,938,USGS_12210700
2012,9,29,977,USGS_12210700
2012,9,30,915,USGS_12210700
2012,10,1,889,USGS_12210700
2012,10,2,973,USGS_12210700
2012,10,3,856,USGS_12210700
2012,10,4,800,USGS_12210700
2012,10,5,753,USGS_12210700
2012,10,6,734,USGS_12210700
2012,10,7,728,USGS_12210700
2012,10,8,740,USGS_12210700
2012,10,9,739,USGS_12210700
2012,10,10,739,USGS_12210700
2012,10,11,724,USGS_12210700
2012,10,12,726,USGS_12210700
2012,10,13,998,USGS_12210700
2012,10,14,2800,USGS_12210700
2012,10,15,6180,USGS_12210700
2012,10,16,5990,USGS_12210700
2012,10,17,2640,USGS_12210700
2012,10,18,1810,USGS_12210700
2012,10,19,10400,USGS_12210700
2012,10,20,5980,USGS_12210700
2012,10,21,3400,USGS_12210700
2012,10,22,2460,USGS_12210700
2012,10,23,2150,USGS_12210700
2012,10,24,1950,USGS_12210700
2012,10,25,1620,USGS_12210700
2012,10,26,1460,USGS_12210700
2012,10,27,3080,USGS_12210700
2012,10,28,7890,USGS_12210700
2012,10,29,8630,USGS_12210700
2012,10,30,10100,USGS_12210700
2012,10,31,20200,USGS_12210700
2012,11,1,11200,USGS_12210700
2012,11,2,6060,USGS_12210700
2012,11,3,4720,USGS_12210700
2012,11,4,5290,USGS_12210700
2012,11,5,7160,USGS_12210700
2012,11,6,4470,USGS_12210700
2012,11,7,3960,USGS_12210700
2012,11,8,3110,USGS_12210700
2012,11,9,2590,USGS_12210700
2012,11,10,2230,USGS_12210700
2012,11,11,2000,USGS_12210700
2012,11,12,2580,USGS_12210700
2012,11,13,2790,USGS_12210700
2012,11,14,3340,USGS_12210700
2012,11,15,2700,USGS_12210700
2012,11,16,2260,USGS_12210700
2012,11,17,3310,USGS_12210700
2012,11,18,4400,USGS_12210700
2012,11,19,10300,USGS_12210700
2012,11,20,12400,USGS_12210700
2012,11,21,7090,USGS_12210700
2012,11,22,5640,USGS_12210700
2012,11,23,6870,USGS_12210700
2012,11,24,7450,USGS_12210700
2012,11,25,5090,USGS_12210700
2012,11,26,4120,USGS_12210700
2012,11,27,3540,USGS_12210700
2012,11,28,3180,USGS_12210700
2012,11,29,3480,USGS_12210700
2012,11,30,5010,USGS_12210700
2012,12,1,10800,USGS_12210700
2012,12,2,8030,USGS_12210700
2012,12,3,7260,USGS_12210700
2012,12,4,7220,USGS_12210700
2012,12,5,6910,USGS_12210700
2012,12,6,5790,USGS_12210700
2012,12,7,5540,USGS_12210700
2012,12,8,4670,USGS_12210700
2012,12,9,3900,USGS_12210700
2012,12,10,3480,USGS_12210700
2012,12,11,3380,USGS_12210700
2012,12,12,3490,USGS_12210700
2012,12,13,3090,USGS_12210700
2012,12,14,3010,USGS_12210700
2012,12,15,2770,USGS_12210700
2012,12,16,2830,USGS_12210700
2012,12,17,3430,USGS_12210700
2012,12,18,3140,USGS_12210700
2012,12,19,2720,USGS_12210700
2012,12,20,3370,USGS_12210700
2012,12,21,3380,USGS_12210700
2012,12,22,2870,USGS_12210700
2012,12,23,2720,USGS_12210700
2012,12,24,2530,USGS_12210700
2012,12,25,2360,USGS_12210700
2012,12,26,2250,USGS_12210700
2012,12,27,2250,USGS_12210700
2012,12,28,2170,USGS_12210700
2012,12,29,2100,USGS_12210700
2012,12,30,2010,USGS_12210700
2012,12,31,1890,USGS_12210700
2013,1,1,1810,USGS_12210700
2013,1,2,1740,USGS_12210700
2013,1,3,1690,USGS_12210700
2013,1,4,1730,USGS_12210700
2013,1,5,1850,USGS_12210700
2013,1,6,2110,USGS_12210700
2013,1,7,3340,USGS_12210700
2013,1,8,4520,USGS_12210700
2013,1,9,14000,USGS_12210700
2013,1,10,6810,USGS_12210700
2013,1,11,4520,USGS_12210700
2013,1,12,3610,USGS_12210700
2013,1,13,3080,USGS_12210700
2013,1,14,2780,USGS_12210700
2013,1,15,2520,USGS_12210700
2013,1,16,2320,USGS_12210700
2013,1,17,2200,USGS_12210700
2013,1,18,2120,USGS_12210700
2013,1,19,2040,USGS_12210700
2013,1,20,1990,USGS_12210700
2013,1,21,2040,USGS_12210700
2013,1,22,2060,USGS_12210700
2013,1,23,2150,USGS_12210700
2013,1,24,2710,USGS_12210700
2013,1,25,2650,USGS_12210700
2013,1,26,2620,USGS_12210700
2013,1,27,2590,USGS_12210700
2013,1,28,2570,USGS_12210700
2013,1,29,2560,USGS_12210700
2013,1,30,3600,USGS_12210700
2013,1,31,3880,USGS_12210700
2013,2,1,4140,USGS_12210700
2013,2,2,3360,USGS_12210700
2013,2,3,3060,USGS_12210700
2013,2,4,2950,USGS_12210700
2013,2,5,2870,USGS_12210700
2013,2,6,3200,USGS_12210700
2013,2,7,3010,USGS_12210700
2013,2,8,2650,USGS_12210700
2013,2,9,2400,USGS_12210700
2013,2,10,2220,USGS_12210700
2013,2,11,2070,USGS_12210700
2013,2,12,1970,USGS_12210700
2013,2,13,1970,USGS_12210700
2013,2,14,1970,USGS_12210700
2013,2,15,1910,USGS_12210700
2013,2,16,2200,USGS_12210700
2013,2,17,2760,USGS_12210700
2013,2,18,2330,USGS_12210700
2013,2,19,2100,USGS_12210700
2013,2,20,1950,USGS_12210700
2013,2,21,1910,USGS_12210700
2013,2,22,2170,USGS_12210700
2013,2,23,2380,USGS_12210700
2013,2,24,2060,USGS_12210700
2013,2,25,2510,USGS_12210700
2013,2,26,2700,USGS_12210700
2013,2,27,2380,USGS_12210700
2013,2,28,2350,USGS_12210700
2013,3,1,6940,USGS_12210700
2013,3,2,7760,USGS_12210700
2013,3,3,6810,USGS_12210700
2013,3,4,4620,USGS_12210700
2013,3,5,3710,USGS_12210700
2013,3,6,3230,USGS_12210700
2013,3,7,2980,USGS_12210700
2013,3,8,2720,USGS_12210700
2013,3,9,2510,USGS_12210700
2013,3,10,2350,USGS_12210700
2013,3,11,2220,USGS_12210700
2013,3,12,3680,USGS_12210700
2013,3,13,13100,USGS_12210700
2013,3,14,9810,USGS_12210700
2013,3,15,8940,USGS_12210700
2013,3,16,9090,USGS_12210700
2013,3,17,7930,USGS_12210700
2013,3,18,5650,USGS_12210700
2013,3,19,4430,USGS_12210700
2013,3,20,6070,USGS_12210700
2013,3,21,6280,USGS_12210700
2013,3,22,4610,USGS_12210700
2013,3,23,3780,USGS_12210700
2013,3,24,3300,USGS_12210700
2013,3,25,2950,USGS_12210700
2013,3,26,2700,USGS_12210700
2013,3,27,2570,USGS_12210700
2013,3,28,2560,USGS_12210700
2013,3,29,2730,USGS_12210700
2013,3,30,2900,USGS_12210700
2013,3,31,3170,USGS_12210700
2013,4,1,3810,USGS_12210700
2013,4,2,4320,USGS_12210700
2013,4,3,4190,USGS_12210700
2013,4,4,4360,USGS_12210700
2013,4,5,10800,USGS_12210700
2013,4,6,10900,USGS_12210700
2013,4,7,8540,USGS_12210700
2013,4,8,6160,USGS_12210700
2013,4,9,4800,USGS_12210700
2013,4,10,5960,USGS_12210700
2013,4,11,7080,USGS_12210700
2013,4,12,5270,USGS_12210700
2013,4,13,4710,USGS_12210700
2013,4,14,4070,USGS_12210700
2013,4,15,3620,USGS_12210700
2013,4,16,3280,USGS_12210700
2013,4,17,2960,USGS_12210700
2013,4,18,2750,USGS_12210700
2013,4,19,4020,USGS_12210700
2013,4,20,5470,USGS_12210700
2013,4,21,5570,USGS_12210700
2013,4,22,4620,USGS_12210700
2013,4,23,3850,USGS_12210700
2013,4,24,3500,USGS_12210700
2013,4,25,3440,USGS_12210700
2013,4,26,3650,USGS_12210700
2013,4,27,4160,USGS_12210700
2013,4,28,4800,USGS_12210700
2013,4,29,4860,USGS_12210700
2013,4,30,3900,USGS_12210700
2013,5,1,3260,USGS_12210700
2013,5,2,2960,USGS_12210700
2013,5,3,3090,USGS_12210700
2013,5,4,3910,USGS_12210700
2013,5,5,5090,USGS_12210700
2013,5,6,7110,USGS_12210700
2013,5,7,8730,USGS_12210700
2013,5,8,8650,USGS_12210700
2013,5,9,8280,USGS_12210700
2013,5,10,8210,USGS_12210700
2013,5,11,8890,USGS_12210700
2013,5,12,14100,USGS_12210700
2013,5,13,13400,USGS_12210700
2013,5,14,11400,USGS_12210700
2013,5,15,6940,USGS_12210700
2013,5,16,5780,USGS_12210700
2013,5,17,5760,USGS_12210700
2013,5,18,5680,USGS_12210700
2013,5,19,5320,USGS_12210700
2013,5,20,4780,USGS_12210700
2013,5,21,6450,USGS_12210700
2013,5,22,6090,USGS_12210700
2013,5,23,5280,USGS_12210700
2013,5,24,4710,USGS_12210700
2013,5,25,4400,USGS_12210700
2013,5,26,4640,USGS_12210700
2013,5,27,5190,USGS_12210700
2013,5,28,6120,USGS_12210700
2013,5,29,5840,USGS_12210700
2013,5,30,6020,USGS_12210700
2013,5,31,5980,USGS_12210700
2013,6,1,5420,USGS_12210700
2013,6,2,5050,USGS_12210700
2013,6,3,4980,USGS_12210700
2013,6,4,5150,USGS_12210700
2013,6,5,5750,USGS_12210700
2013,6,6,5850,USGS_12210700
2013,6,7,5980,USGS_12210700
2013,6,8,5520,USGS_12210700
2013,6,9,4880,USGS_12210700
2013,6,10,4530,USGS_12210700
2013,6,11,4330,USGS_12210700
2013,6,12,4210,USGS_12210700
2013,6,13,4060,USGS_12210700
2013,6,14,3770,USGS_12210700
2013,6,15,3730,USGS_12210700
2013,6,16,4160,USGS_12210700
2013,6,17,4980,USGS_12210700
2013,6,18,4920,USGS_12210700
2013,6,19,4410,USGS_12210700
2013,6,20,7030,USGS_12210700
2013,6,21,7220,USGS_12210700
2013,6,22,5350,USGS_12210700
2013,6,23,5170,USGS_12210700
2013,6,24,5850,USGS_12210700
2013,6,25,5570,USGS_12210700
2013,6,26,5560,USGS_12210700
2013,6,27,5550,USGS_12210700
2013,6,28,5920,USGS_12210700
2013,6,29,6190,USGS_12210700
2013,6,30,6470,USGS_12210700
2013,7,1,6740,USGS_12210700
2013,7,2,7240,USGS_12210700
2013,7,3,6290,USGS_12210700
2013,7,4,4870,USGS_12210700
2013,7,5,3930,USGS_12210700
2013,7,6,3560,USGS_12210700
2013,7,7,3640,USGS_12210700
2013,7,8,3620,USGS_12210700
2013,7,9,3510,USGS_12210700
2013,7,10,3560,USGS_12210700
2013,7,11,3270,USGS_12210700
2013,7,12,2780,USGS_12210700
2013,7,13,2440,USGS_12210700
2013,7,14,2370,USGS_12210700
2013,7,15,2370,USGS_12210700
2013,7,16,2430,USGS_12210700
2013,7,17,2800,USGS_12210700
2013,7,18,2930,USGS_12210700
2013,7,19,2840,USGS_12210700
2013,7,20,2780,USGS_12210700
2013,7,21,2720,USGS_12210700
2013,7,22,2670,USGS_12210700
2013,7,23,2580,USGS_12210700
2013,7,24,2500,USGS_12210700
2013,7,25,2370,USGS_12210700
2013,7,26,2250,USGS_12210700
2013,7,27,2150,USGS_12210700
2013,7,28,2000,USGS_12210700
2013,7,29,1930,USGS_12210700
2013,7,30,1950,USGS_12210700
2013,7,31,2000,USGS_12210700
2013,8,1,2180,USGS_12210700
2013,8,2,2410,USGS_12210700
2013,8,3,2220,USGS_12210700
2013,8,4,2140,USGS_12210700
2013,8,5,2150,USGS_12210700
2013,8,6,2040,USGS_12210700
2013,8,7,1930,USGS_12210700
2013,8,8,1950,USGS_12210700
2013,8,9,1980,USGS_12210700
2013,8,10,2100,USGS_12210700
2013,8,11,2210,USGS_12210700
2013,8,12,2130,USGS_12210700
2013,8,13,1900,USGS_12210700
2013,8,14,1760,USGS_12210700
2013,8,15,1810,USGS_12210700
2013,8,16,1980,USGS_12210700
2013,8,17,1880,USGS_12210700
2013,8,18,1730,USGS_12210700
2013,8,19,1630,USGS_12210700
2013,8,20,1550,USGS_12210700
2013,8,21,1430,USGS_12210700
2013,8,22,1430,USGS_12210700
2013,8,23,1500,USGS_12210700
2013,8,24,1510,USGS_12210700
2013,8,25,1450,USGS_12210700
2013,8,26,1350,USGS_12210700
2013,8,27,1490,USGS_12210700
2013,8,28,1900,USGS_12210700
2013,8,29,2350,USGS_12210700
2013,8,30,2730,USGS_12210700
2013,8,31,1890,USGS_12210700
2013,9,1,1720,USGS_12210700
2013,9,2,1680,USGS_12210700
2013,9,3,1730,USGS_12210700
2013,9,4,1680,USGS_12210700
2013,9,5,1630,USGS_12210700
2013,9,6,2300,USGS_12210700
2013,9,7,2360,USGS_12210700
2013,9,8,1980,USGS_12210700
2013,9,9,1780,USGS_12210700
2013,9,10,1600,USGS_12210700
2013,9,11,1620,USGS_12210700
2013,9,12,1680,USGS_12210700
2013,9,13,1670,USGS_12210700
2013,9,14,1690,USGS_12210700
2013,9,15,1820,USGS_12210700
2013,9,16,2320,USGS_12210700
2013,9,17,2130,USGS_12210700
2013,9,18,1550,USGS_12210700
2013,9,19,1300,USGS_12210700
2013,9,20,1220,USGS_12210700
2013,9,21,1340,USGS_12210700
2013,9,22,1640,USGS_12210700
2013,9,23,3870,USGS_12210700
2013,9,24,3240,USGS_12210700
2013,9,25,2030,USGS_12210700
2013,9,26,1550,USGS_12210700
2013,9,27,1410,USGS_12210700
2013,9,28,4690,USGS_12210700
2013,9,29,16600,USGS_12210700
2013,9,30,13200,USGS_12210700
2013,10,1,8910,USGS_12210700
2013,10,2,6600,USGS_12210700
2013,10,3,4990,USGS_12210700
2013,10,4,3600,USGS_12210700
2013,10,5,2950,USGS_12210700
2013,10,6,2780,USGS_12210700
2013,10,7,3200,USGS_12210700
2013,10,8,6610,USGS_12210700
2013,10,9,4020,USGS_12210700
2013,10,10,3020,USGS_12210700
2013,10,11,2510,USGS_12210700
2013,10,12,2200,USGS_12210700
2013,10,13,1970,USGS_12210700
2013,10,14,1800,USGS_12210700
2013,10,15,1660,USGS_12210700
2013,10,16,1560,USGS_12210700
2013,10,17,1480,USGS_12210700
2013,10,18,1400,USGS_12210700
2013,10,19,1330,USGS_12210700
2013,10,20,1270,USGS_12210700
2013,10,21,1270,USGS_12210700
2013,10,22,1280,USGS_12210700
2013,10,23,1240,USGS_12210700
2013,10,24,1200,USGS_12210700
2013,10,25,1170,USGS_12210700
2013,10,26,1130,USGS_12210700
2013,10,27,1110,USGS_12210700
2013,10,28,1070,USGS_12210700
2013,10,29,1040,USGS_12210700
2013,10,30,1000,USGS_12210700
2013,10,31,1080,USGS_12210700
2013,11,1,1080,USGS_12210700
2013,11,2,1810,USGS_12210700
2013,11,3,2970,USGS_12210700
2013,11,4,1820,USGS_12210700
2013,11,5,1610,USGS_12210700
2013,11,6,2040,USGS_12210700
2013,11,7,5920,USGS_12210700
2013,11,8,6610,USGS_12210700
2013,11,9,3780,USGS_12210700
2013,11,10,2740,USGS_12210700
2013,11,11,2440,USGS_12210700
2013,11,12,2640,USGS_12210700
2013,11,13,4120,USGS_12210700
2013,11,14,3420,USGS_12210700
2013,11,15,3140,USGS_12210700
2013,11,16,4430,USGS_12210700
2013,11,17,3430,USGS_12210700
2013,11,18,3870,USGS_12210700
2013,11,19,12000,USGS_12210700
2013,11,20,5600,USGS_12210700
2013,11,21,3890,USGS_12210700
2013,11,22,3190,USGS_12210700
2013,11,23,2790,USGS_12210700
2013,11,24,2520,USGS_12210700
2013,11,25,2360,USGS_12210700
2013,11,26,2210,USGS_12210700
2013,11,27,2070,USGS_12210700
2013,11,28,2070,USGS_12210700
2013,11,29,2200,USGS_12210700
2013,11,30,2440,USGS_12210700
2013,12,1,7260,USGS_12210700
2013,12,2,6590,USGS_12210700
2013,12,3,3810,USGS_12210700
2013,12,4,2980,USGS_12210700
2013,12,5,2540,USGS_12210700
2013,12,6,2220,USGS_12210700
2013,12,7,1960,USGS_12210700
2013,12,8,1840,USGS_12210700
2013,12,9,1760,USGS_12210700
2013,12,10,1740,USGS_12210700
2013,12,11,1630,USGS_12210700
2013,12,12,1560,USGS_12210700
2013,12,13,1640,USGS_12210700
2013,12,14,1690,USGS_12210700
2013,12,15,1890,USGS_12210700
2013,12,16,2120,USGS_12210700
2013,12,17,1760,USGS_12210700
2013,12,18,1860,USGS_12210700
2013,12,19,1650,USGS_12210700
2013,12,20,1570,USGS_12210700
2013,12,21,1510,USGS_12210700
2013,12,22,1680,USGS_12210700
2013,12,23,5010,USGS_12210700
2013,12,24,3930,USGS_12210700
2013,12,25,2780,USGS_12210700
2013,12,26,2410,USGS_12210700
2013,12,27,2660,USGS_12210700
2013,12,28,3040,USGS_12210700
2013,12,29,2440,USGS_12210700
2013,12,30,2200,USGS_12210700
2013,12,31,2160,USGS_12210700
2014,1,1,2120,USGS_12210700
2014,1,2,2900,USGS_12210700
2014,1,3,5990,USGS_12210700
2014,1,4,3550,USGS_12210700
2014,1,5,2840,USGS_12210700
2014,1,6,2490,USGS_12210700
2014,1,7,2430,USGS_12210700
2014,1,8,2850,USGS_12210700
2014,1,9,3960,USGS_12210700
2014,1,10,3900,USGS_12210700
2014,1,11,11900,USGS_12210700
2014,1,12,8720,USGS_12210700
2014,1,13,12300,USGS_12210700
2014,1,14,9850,USGS_12210700
2014,1,15,6040,USGS_12210700
2014,1,16,4540,USGS_12210700
2014,1,17,3850,USGS_12210700
2014,1,18,3470,USGS_12210700
2014,1,19,3170,USGS_12210700
2014,1,20,2850,USGS_12210700
2014,1,21,2610,USGS_12210700
2014,1,22,2460,USGS_12210700
2014,1,23,2290,USGS_12210700
2014,1,24,2180,USGS_12210700
2014,1,25,2310,USGS_12210700
2014,1,26,2300,USGS_12210700
2014,1,27,2160,USGS_12210700
2014,1,28,2050,USGS_12210700
2014,1,29,2180,USGS_12210700
2014,1,30,2410,USGS_12210700
2014,1,31,2240,USGS_12210700
2014,2,1,2000,USGS_12210700
2014,2,2,1850,USGS_12210700
2014,2,3,1690,USGS_12210700
2014,2,4,1580,USGS_12210700
2014,2,5,1410,USGS_12210700
2014,2,6,1320,USGS_12210700
2014,2,7,1410,USGS_12210700
2014,2,8,1320,USGS_12210700
2014,2,9,1340,USGS_12210700
2014,2,10,1390,USGS_12210700
2014,2,11,1750,USGS_12210700
2014,2,12,2620,USGS_12210700
2014,2,13,2500,USGS_12210700
2014,2,14,2300,USGS_12210700
2014,2,15,2330,USGS_12210700
2014,2,16,3450,USGS_12210700
2014,2,17,3230,USGS_12210700
2014,2,18,3110,USGS_12210700
2014,2,19,3170,USGS_12210700
2014,2,20,2580,USGS_12210700
2014,2,21,2200,USGS_12210700
2014,2,22,2040,USGS_12210700
2014,2,23,1980,USGS_12210700
2014,2,24,1890,USGS_12210700
2014,2,25,2110,USGS_12210700
2014,2,26,2270,USGS_12210700
2014,2,27,2390,USGS_12210700
2014,2,28,2670,USGS_12210700
2014,3,1,2680,USGS_12210700
2014,3,2,2800,USGS_12210700
2014,3,3,6220,USGS_12210700
2014,3,4,7020,USGS_12210700
2014,3,5,9560,USGS_12210700
2014,3,6,16500,USGS_12210700
2014,3,7,15100,USGS_12210700
2014,3,8,9320,USGS_12210700
2014,3,9,19700,USGS_12210700
2014,3,10,10100,USGS_12210700
2014,3,11,6920,USGS_12210700
2014,3,12,5460,USGS_12210700
2014,3,13,4650,USGS_12210700
2014,3,14,5170,USGS_12210700
2014,3,15,5040,USGS_12210700
2014,3,16,13500,USGS_12210700
2014,3,17,8860,USGS_12210700
2014,3,18,6000,USGS_12210700
2014,3,19,5510,USGS_12210700
2014,3,20,5030,USGS_12210700
2014,3,21,4170,USGS_12210700
2014,3,22,3680,USGS_12210700
2014,3,23,3340,USGS_12210700
2014,3,24,3030,USGS_12210700
2014,3,25,2940,USGS_12210700
2014,3,26,4350,USGS_12210700
2014,3,27,4050,USGS_12210700
2014,3,28,3810,USGS_12210700
2014,3,29,4230,USGS_12210700
2014,3,30,4690,USGS_12210700
2014,3,31,4290,USGS_12210700
2014,4,1,3610,USGS_12210700
2014,4,2,3210,USGS_12210700
2014,4,3,2950,USGS_12210700
2014,4,4,3310,USGS_12210700
2014,4,5,3250,USGS_12210700
2014,4,6,4050,USGS_12210700
2014,4,7,3600,USGS_12210700
2014,4,8,4370,USGS_12210700
2014,4,9,6040,USGS_12210700
2014,4,10,4130,USGS_12210700
2014,4,11,3470,USGS_12210700
2014,4,12,3160,USGS_12210700
2014,4,13,2990,USGS_12210700
2014,4,14,2910,USGS_12210700
2014,4,15,2880,USGS_12210700
2014,4,16,3000,USGS_12210700
2014,4,17,5210,USGS_12210700
2014,4,18,7020,USGS_12210700
2014,4,19,4710,USGS_12210700
2014,4,20,4240,USGS_12210700
2014,4,21,3580,USGS_12210700
2014,4,22,3920,USGS_12210700
2014,4,23,3710,USGS_12210700
2014,4,24,5940,USGS_12210700
2014,4,25,7300,USGS_12210700
2014,4,26,5160,USGS_12210700
2014,4,27,4290,USGS_12210700
2014,4,28,3930,USGS_12210700
2014,4,29,3520,USGS_12210700
2014,4,30,3500,USGS_12210700
2014,5,1,4430,USGS_12210700
2014,5,2,5670,USGS_12210700
2014,5,3,6610,USGS_12210700
2014,5,4,8110,USGS_12210700
2014,5,5,9190,USGS_12210700
2014,5,6,6980,USGS_12210700
2014,5,7,5700,USGS_12210700
2014,5,8,5070,USGS_12210700
2014,5,9,11000,USGS_12210700
2014,5,10,7600,USGS_12210700
2014,5,11,5750,USGS_12210700
2014,5,12,5160,USGS_12210700
2014,5,13,5290,USGS_12210700
2014,5,14,6070,USGS_12210700
2014,5,15,6880,USGS_12210700
2014,5,16,7090,USGS_12210700
2014,5,17,6620,USGS_12210700
2014,5,18,5650,USGS_12210700
2014,5,19,5120,USGS_12210700
2014,5,20,4680,USGS_12210700
2014,5,21,4600,USGS_12210700
2014,5,22,4830,USGS_12210700
2014,5,23,6650,USGS_12210700
2014,5,24,7790,USGS_12210700
2014,5,25,5490,USGS_12210700
2014,5,26,5940,USGS_12210700
2014,5,27,5640,USGS_12210700
2014,5,28,4760,USGS_12210700
2014,5,29,5220,USGS_12210700
2014,5,30,4830,USGS_12210700
2014,5,31,4430,USGS_12210700
2014,6,1,4560,USGS_12210700
2014,6,2,4840,USGS_12210700
2014,6,3,5230,USGS_12210700
2014,6,4,4920,USGS_12210700
2014,6,5,4460,USGS_12210700
2014,6,6,4060,USGS_12210700
2014,6,7,3970,USGS_12210700
2014,6,8,3820,USGS_12210700
2014,6,9,4170,USGS_12210700
2014,6,10,4070,USGS_12210700
2014,6,11,3470,USGS_12210700
2014,6,12,3560,USGS_12210700
2014,6,13,4610,USGS_12210700
2014,6,14,4250,USGS_12210700
2014,6,15,3720,USGS_12210700
2014,6,16,3670,USGS_12210700
2014,6,17,3220,USGS_12210700
2014,6,18,3220,USGS_12210700
2014,6,19,3230,USGS_12210700
2014,6,20,3910,USGS_12210700
2014,6,21,3510,USGS_12210700
2014,6,22,3210,USGS_12210700
2014,6,23,3470,USGS_12210700
2014,6,24,3920,USGS_12210700
2014,6,25,3750,USGS_12210700
2014,6,26,3700,USGS_12210700
2014,6,27,3830,USGS_12210700
2014,6,28,5320,USGS_12210700
2014,6,29,6880,USGS_12210700
2014,6,30,5130,USGS_12210700
2014,7,1,4360,USGS_12210700
2014,7,2,4650,USGS_12210700
2014,7,3,4540,USGS_12210700
2014,7,4,3750,USGS_12210700
2014,7,5,3470,USGS_12210700
2014,7,6,3580,USGS_12210700
2014,7,7,3790,USGS_12210700
2014,7,8,3880,USGS_12210700
2014,7,9,3860,USGS_12210700
2014,7,10,3610,USGS_12210700
2014,7,11,3380,USGS_12210700
2014,7,12,3510,USGS_12210700
2014,7,13,3690,USGS_12210700
2014,7,14,3790,USGS_12210700
2014,7,15,3850,USGS_12210700
2014,7,16,3610,USGS_12210700
2014,7,17,3280,USGS_12210700
2014,7,18,2940,USGS_12210700
2014,7,19,3660,USGS_12210700
2014,7,20,4360,USGS_12210700
2014,7,21,3070,USGS_12210700
2014,7,22,2590,USGS_12210700
2014,7,23,3110,USGS_12210700
2014,7,24,5820,USGS_12210700
2014,7,25,4190,USGS_12210700
2014,7,26,3020,USGS_12210700
2014,7,27,2700,USGS_12210700
2014,7,28,2610,USGS_12210700
2014,7,29,2620,USGS_12210700
2014,7,30,2560,USGS_12210700
2014,7,31,2460,USGS_12210700
2014,8,1,2380,USGS_12210700
2014,8,2,2380,USGS_12210700
2014,8,3,2310,USGS_12210700
2014,8,4,2230,USGS_12210700
2014,8,5,2200,USGS_12210700
2014,8,6,2120,USGS_12210700
2014,8,7,2010,USGS_12210700
2014,8,8,1880,USGS_12210700
2014,8,9,1770,USGS_12210700
2014,8,10,1740,USGS_12210700
2014,8,11,1840,USGS_12210700
2014,8,12,2130,USGS_12210700
2014,8,13,3010,USGS_12210700
2014,8,14,2540,USGS_12210700
2014,8,15,2550,USGS_12210700
2014,8,16,2120,USGS_12210700
2014,8,17,2000,USGS_12210700
2014,8,18,2060,USGS_12210700
2014,8,19,2100,USGS_12210700
2014,8,20,1970,USGS_12210700
2014,8,21,1750,USGS_12210700
2014,8,22,1600,USGS_12210700
2014,8,23,1560,USGS_12210700
2014,8,24,1520,USGS_12210700
2014,8,25,1490,USGS_12210700
2014,8,26,1470,USGS_12210700
2014,8,27,1660,USGS_12210700
2014,8,28,1670,USGS_12210700
2014,8,29,1550,USGS_12210700
2014,8,30,1520,USGS_12210700
2014,8,31,1430,USGS_12210700
2014,9,1,1370,USGS_12210700
2014,9,2,1350,USGS_12210700
2014,9,3,2080,USGS_12210700
2014,9,4,1460,USGS_12210700
2014,9,5,1320,USGS_12210700
2014,9,6,1300,USGS_12210700
2014,9,7,1310,USGS_12210700
2014,9,8,1290,USGS_12210700
2014,9,9,1230,USGS_12210700
2014,9,10,1170,USGS_12210700
2014,9,11,1110,USGS_12210700
2014,9,12,1050,USGS_12210700
2014,9,13,1020,USGS_12210700
2014,9,14,1020,USGS_12210700
2014,9,15,1060,USGS_12210700
2014,9,16,1090,USGS_12210700
2014,9,17,1140,USGS_12210700
2014,9,18,1460,USGS_12210700
2014,9,19,2150,USGS_12210700
2014,9,20,1880,USGS_12210700
2014,9,21,1560,USGS_12210700
2014,9,22,1570,USGS_12210700
2014,9,23,1540,USGS_12210700
2014,9,24,6270,USGS_12210700
2014,9,25,3740,USGS_12210700
2014,9,26,2610,USGS_12210700
2014,9,27,2850,USGS_12210700
2014,9,28,2050,USGS_12210700
2014,9,29,1720,USGS_12210700
2014,9,30,2350,USGS_12210700
2014,10,1,2140,USGS_12210700
2014,10,2,1680,USGS_12210700
2014,10,3,1460,USGS_12210700
2014,10,4,1470,USGS_12210700
2014,10,5,1540,USGS_12210700
2014,10,6,1560,USGS_12210700
2014,10,7,1620,USGS_12210700
2014,10,8,1460,USGS_12210700
2014,10,9,1330,USGS_12210700
2014,10,10,1290,USGS_12210700
2014,10,11,1350,USGS_12210700
2014,10,12,1390,USGS_12210700
2014,10,13,1270,USGS_12210700
2014,10,14,6360,USGS_12210700
2014,10,15,4120,USGS_12210700
2014,10,16,5780,USGS_12210700
2014,10,17,3410,USGS_12210700
2014,10,18,5010,USGS_12210700
2014,10,19,3440,USGS_12210700
2014,10,20,4110,USGS_12210700
2014,10,21,4680,USGS_12210700
2014,10,22,7520,USGS_12210700
2014,10,23,12900,USGS_12210700
2014,10,24,7660,USGS_12210700
2014,10,25,5400,USGS_12210700
2014,10,26,14200,USGS_12210700
2014,10,27,7750,USGS_12210700
2014,10,28,5510,USGS_12210700
2014,10,29,9540,USGS_12210700
2014,10,30,8230,USGS_12210700
2014,10,31,17900,USGS_12210700
2014,11,1,9910,USGS_12210700
2014,11,2,6220,USGS_12210700
2014,11,3,5510,USGS_12210700
2014,11,4,19500,USGS_12210700
2014,11,5,10100,USGS_12210700
2014,11,6,11800,USGS_12210700
2014,11,7,11000,USGS_12210700
2014,11,8,6930,USGS_12210700
2014,11,9,6110,USGS_12210700
2014,11,10,5530,USGS_12210700
2014,11,11,4510,USGS_12210700
2014,11,12,3930,USGS_12210700
2014,11,13,3540,USGS_12210700
2014,11,14,3190,USGS_12210700
2014,11,15,2920,USGS_12210700
2014,11,16,2740,USGS_12210700
2014,11,17,2600,USGS_12210700
2014,11,18,2480,USGS_12210700
2014,11,19,2360,USGS_12210700
2014,11,20,2370,USGS_12210700
2014,11,21,3750,USGS_12210700
2014,11,22,5770,USGS_12210700
2014,11,23,4680,USGS_12210700
2014,11,24,4230,USGS_12210700
2014,11,25,8010,USGS_12210700
2014,11,26,18600,USGS_12210700
2014,11,27,16300,USGS_12210700
2014,11,28,23200,USGS_12210700
2014,11,29,10700,USGS_12210700
2014,11,30,6840,USGS_12210700
2014,12,1,5430,USGS_12210700
2014,12,2,4520,USGS_12210700
2014,12,3,3940,USGS_12210700
2014,12,4,3550,USGS_12210700
2014,12,5,3870,USGS_12210700
2014,12,6,5060,USGS_12210700
2014,12,7,4900,USGS_12210700
2014,12,8,3860,USGS_12210700
2014,12,9,11300,USGS_12210700
2014,12,10,11600,USGS_12210700
2014,12,11,13600,USGS_12210700
2014,12,12,9540,USGS_12210700
2014,12,13,6400,USGS_12210700
2014,12,14,4850,USGS_12210700
2014,12,15,4000,USGS_12210700
2014,12,16,3460,USGS_12210700
2014,12,17,3050,USGS_12210700
2014,12,18,3030,USGS_12210700
2014,12,19,4240,USGS_12210700
2014,12,20,4150,USGS_12210700
2014,12,21,7360,USGS_12210700
2014,12,22,4740,USGS_12210700
2014,12,23,4520,USGS_12210700
2014,12,24,6140,USGS_12210700
2014,12,25,4630,USGS_12210700
2014,12,26,3840,USGS_12210700
2014,12,27,3680,USGS_12210700
2014,12,28,3810,USGS_12210700
2014,12,29,3160,USGS_12210700
2014,12,30,2640,USGS_12210700
2014,12,31,2390,USGS_12210700
2015,1,1,2200,USGS_12210700
2015,1,2,2060,USGS_12210700
2015,1,3,1920,USGS_12210700
2015,1,4,1970,USGS_12210700
2015,1,5,19000,USGS_12210700
2015,1,6,11700,USGS_12210700
2015,1,7,6730,USGS_12210700
2015,1,8,5300,USGS_12210700
2015,1,9,4590,USGS_12210700
2015,1,10,4100,USGS_12210700
2015,1,11,3680,USGS_12210700
2015,1,12,3310,USGS_12210700
2015,1,13,2950,USGS_12210700
2015,1,14,2670,USGS_12210700
2015,1,15,2420,USGS_12210700
2015,1,16,3520,USGS_12210700
2015,1,17,3050,USGS_12210700
2015,1,18,7600,USGS_12210700
2015,1,19,6110,USGS_12210700
2015,1,20,4330,USGS_12210700
2015,1,21,3450,USGS_12210700
2015,1,22,3010,USGS_12210700
2015,1,23,4730,USGS_12210700
2015,1,24,16700,USGS_12210700
2015,1,25,9030,USGS_12210700
2015,1,26,5760,USGS_12210700
2015,1,27,4590,USGS_12210700
2015,1,28,3800,USGS_12210700
2015,1,29,3180,USGS_12210700
2015,1,30,2740,USGS_12210700
2015,1,31,2400,USGS_12210700
2015,2,1,2240,USGS_12210700
2015,2,2,2220,USGS_12210700
2015,2,3,2550,USGS_12210700
2015,2,4,2150,USGS_12210700
2015,2,5,5570,USGS_12210700
2015,2,6,19700,USGS_12210700
2015,2,7,16000,USGS_12210700
2015,2,8,12500,USGS_12210700
2015,2,9,7510,USGS_12210700
2015,2,10,6630,USGS_12210700
2015,2,11,5580,USGS_12210700
2015,2,12,4480,USGS_12210700
2015,2,13,4050,USGS_12210700
2015,2,14,4320,USGS_12210700
2015,2,15,3640,USGS_12210700
2015,2,16,3140,USGS_12210700
2015,2,17,2790,USGS_12210700
2015,2,18,2520,USGS_12210700
2015,2,19,2380,USGS_12210700
2015,2,20,2360,USGS_12210700
2015,2,21,2130,USGS_12210700
2015,2,22,1940,USGS_12210700
2015,2,23,1810,USGS_12210700
2015,2,24,1680,USGS_12210700
2015,2,25,1590,USGS_12210700
2015,2,26,1550,USGS_12210700
2015,2,27,1460,USGS_12210700
2015,2,28,1350,USGS_12210700
2015,3,1,1280,USGS_12210700
2015,3,2,1230,USGS_12210700
2015,3,3,1180,USGS_12210700
2015,3,4,1140,USGS_12210700
2015,3,5,1100,USGS_12210700
2015,3,6,1050,USGS_12210700
2015,3,7,1010,USGS_12210700
2015,3,8,971,USGS_12210700
2015,3,9,942,USGS_12210700
2015,3,10,920,USGS_12210700
2015,3,11,922,USGS_12210700
2015,3,12,1410,USGS_12210700
2015,3,13,1250,USGS_12210700
2015,3,14,4240,USGS_12210700
2015,3,15,4470,USGS_12210700
2015,3,16,6280,USGS_12210700
2015,3,17,3680,USGS_12210700
2015,3,18,2720,USGS_12210700
2015,3,19,2260,USGS_12210700
2015,3,20,3090,USGS_12210700
2015,3,21,5420,USGS_12210700
2015,3,22,4980,USGS_12210700
2015,3,23,4230,USGS_12210700
2015,3,24,3840,USGS_12210700
2015,3,25,3980,USGS_12210700
2015,3,26,6980,USGS_12210700
2015,3,27,4670,USGS_12210700
2015,3,28,7040,USGS_12210700
2015,3,29,6110,USGS_12210700
2015,3,30,5460,USGS_12210700
2015,3,31,5180,USGS_12210700
2015,4,1,4390,USGS_12210700
2015,4,2,3690,USGS_12210700
2015,4,3,3200,USGS_12210700
2015,4,4,2900,USGS_12210700
2015,4,5,2570,USGS_12210700
2015,4,6,2310,USGS_12210700
2015,4,7,2130,USGS_12210700
2015,4,8,1950,USGS_12210700
2015,4,9,1830,USGS_12210700
2015,4,10,1750,USGS_12210700
2015,4,11,2320,USGS_12210700
2015,4,12,2020,USGS_12210700
2015,4,13,1890,USGS_12210700
2015,4,14,2090,USGS_12210700
2015,4,15,1850,USGS_12210700
2015,4,16,1690,USGS_12210700
2015,4,17,1750,USGS_12210700
2015,4,18,1850,USGS_12210700
2015,4,19,1750,USGS_12210700
2015,4,20,1780,USGS_12210700
2015,4,21,1850,USGS_12210700
2015,4,22,1830,USGS_12210700
2015,4,23,1670,USGS_12210700
2015,4,24,1970,USGS_12210700
2015,4,25,2030,USGS_12210700
2015,4,26,1760,USGS_12210700
2015,4,27,1740,USGS_12210700
2015,4,28,2420,USGS_12210700
2015,4,29,2440,USGS_12210700
2015,4,30,1980,USGS_12210700
2015,5,1,1710,USGS_12210700
2015,5,2,1580,USGS_12210700
2015,5,3,1460,USGS_12210700
2015,5,4,1400,USGS_12210700
2015,5,5,2540,USGS_12210700
2015,5,6,2740,USGS_12210700
2015,5,7,2310,USGS_12210700
2015,5,8,2160,USGS_12210700
2015,5,9,2060,USGS_12210700
2015,5,10,2060,USGS_12210700
2015,5,11,2130,USGS_12210700
2015,5,12,2200,USGS_12210700
2015,5,13,2350,USGS_12210700
2015,5,14,2340,USGS_12210700
2015,5,15,2310,USGS_12210700
2015,5,16,2130,USGS_12210700
2015,5,17,2170,USGS_12210700
2015,5,18,2390,USGS_12210700
2015,5,19,2500,USGS_12210700
2015,5,20,2680,USGS_12210700
2015,5,21,2890,USGS_12210700
2015,5,22,3160,USGS_12210700
2015,5,23,3160,USGS_12210700
2015,5,24,2710,USGS_12210700
2015,5,25,2510,USGS_12210700
2015,5,26,2350,USGS_12210700
2015,5,27,2210,USGS_12210700
2015,5,28,2420,USGS_12210700
2015,5,29,2590,USGS_12210700
2015,5,30,2630,USGS_12210700
2015,5,31,2420,USGS_12210700
2015,6,1,2170,USGS_12210700
2015,6,2,2450,USGS_12210700
2015,6,3,2420,USGS_12210700
2015,6,4,2190,USGS_12210700
2015,6,5,2070,USGS_12210700
2015,6,6,2120,USGS_12210700
2015,6,7,2230,USGS_12210700
2015,6,8,2290,USGS_12210700
2015,6,9,2330,USGS_12210700
2015,6,10,2180,USGS_12210700
2015,6,11,1950,USGS_12210700
2015,6,12,1840,USGS_12210700
2015,6,13,1600,USGS_12210700
2015,6,14,1470,USGS_12210700
2015,6,15,1480,USGS_12210700
2015,6,16,1550,USGS_12210700
2015,6,17,1560,USGS_12210700
2015,6,18,1530,USGS_12210700
2015,6,19,1520,USGS_12210700
2015,6,20,1440,USGS_12210700
2015,6,21,1320,USGS_12210700
2015,6,22,1280,USGS_12210700
2015,6,23,1280,USGS_12210700
2015,6,24,1310,USGS_12210700
2015,6,25,1350,USGS_12210700
2015,6,26,1580,USGS_12210700
2015,6,27,1710,USGS_12210700
2015,6,28,1830,USGS_12210700
2015,6,29,2090,USGS_12210700
2015,6,30,2160,USGS_12210700
2015,7,1,1970,USGS_12210700
2015,7,2,1900,USGS_12210700
2015,7,3,1930,USGS_12210700
2015,7,4,1820,USGS_12210700
2015,7,5,1790,USGS_12210700
2015,7,6,1720,USGS_12210700
2015,7,7,1730,USGS_12210700
2015,7,8,1760,USGS_12210700
2015,7,9,1800,USGS_12210700
2015,7,10,1790,USGS_12210700
2015,7,11,1770,USGS_12210700
2015,7,12,1600,USGS_12210700
2015,7,13,1540,USGS_12210700
2015,7,14,1450,USGS_12210700
2015,7,15,1250,USGS_12210700
2015,7,16,1230,USGS_12210700
2015,7,17,1200,USGS_12210700
2015,7,18,1290,USGS_12210700
2015,7,19,1520,USGS_12210700
2015,7,20,1670,USGS_12210700
2015,7,21,1500,USGS_12210700
2015,7,22,1210,USGS_12210700
2015,7,23,1070,USGS_12210700
2015,7,24,1050,USGS_12210700
2015,7,25,1520,USGS_12210700
2015,7,26,1350,USGS_12210700
2015,7,27,1240,USGS_12210700
2015,7,28,1060,USGS_12210700
2015,7,29,1130,USGS_12210700
2015,7,30,1170,USGS_12210700
2015,7,31,1280,USGS_12210700
2015,8,1,1330,USGS_12210700
2015,8,2,1320,USGS_12210700
2015,8,3,1330,USGS_12210700
2015,8,4,1280,USGS_12210700
2015,8,5,1120,USGS_12210700
2015,8,6,1360,USGS_12210700
2015,8,7,1130,USGS_12210700
2015,8,8,1120,USGS_12210700
2015,8,9,1190,USGS_12210700
2015,8,10,1200,USGS_12210700
2015,8,11,1280,USGS_12210700
2015,8,12,1370,USGS_12210700
2015,8,13,1390,USGS_12210700
2015,8,14,1460,USGS_12210700
2015,8,15,1820,USGS_12210700
2015,8,16,1340,USGS_12210700
2015,8,17,1210,USGS_12210700
2015,8,18,1200,USGS_12210700
2015,8,19,1340,USGS_12210700
2015,8,20,1350,USGS_12210700
2015,8,21,1180,USGS_12210700
2015,8,22,1040,USGS_12210700
2015,8,23,978,USGS_12210700
2015,8,24,993,USGS_12210700
2015,8,25,930,USGS_12210700
2015,8,26,905,USGS_12210700
2015,8,27,949,USGS_12210700
2015,8,28,1100,USGS_12210700
2015,8,29,1660,USGS_12210700
2015,8,30,5040,USGS_12210700
2015,8,31,4510,USGS_12210700
2015,9,1,6960,USGS_12210700
2015,9,2,7520,USGS_12210700
2015,9,3,4440,USGS_12210700
2015,9,4,2980,USGS_12210700
2015,9,5,2210,USGS_12210700
2015,9,6,2080,USGS_12210700
2015,9,7,1910,USGS_12210700
2015,9,8,1740,USGS_12210700
2015,9,9,1880,USGS_12210700
2015,9,10,1600,USGS_12210700
2015,9,11,1620,USGS_12210700
2015,9,12,1610,USGS_12210700
2015,9,13,1530,USGS_12210700
2015,9,14,1270,USGS_12210700
2015,9,15,1120,USGS_12210700
2015,9,16,1020,USGS_12210700
2015,9,17,979,USGS_12210700
2015,9,18,1100,USGS_12210700
2015,9,19,1270,USGS_12210700
2015,9,20,3600,USGS_12210700
2015,9,21,7550,USGS_12210700
2015,9,22,3110,USGS_12210700
2015,9,23,2130,USGS_12210700
2015,9,24,1780,USGS_12210700
2015,9,25,1880,USGS_12210700
2015,9,26,1800,USGS_12210700
2015,9,27,1560,USGS_12210700
2015,9,28,1340,USGS_12210700
2015,9,29,1230,USGS_12210700
2015,9,30,1150,USGS_12210700
2015,10,1,1130,USGS_12210700
2015,10,2,1120,USGS_12210700
2015,10,3,1030,USGS_12210700
2015,10,4,1010,USGS_12210700
2015,10,5,969,USGS_12210700
2015,10,6,927,USGS_12210700
2015,10,7,1030,USGS_12210700
2015,10,8,1310,USGS_12210700
2015,10,9,1270,USGS_12210700
2015,10,10,2550,USGS_12210700
2015,10,11,5830,USGS_12210700
2015,10,12,2600,USGS_12210700
2015,10,13,2820,USGS_12210700
2015,10,14,1920,USGS_12210700
2015,10,15,1580,USGS_12210700
2015,10,16,1450,USGS_12210700
2015,10,17,1430,USGS_12210700
2015,10,18,1390,USGS_12210700
2015,10,19,1250,USGS_12210700
2015,10,20,1250,USGS_12210700
2015,10,21,1120,USGS_12210700
2015,10,22,1060,USGS_12210700
2015,10,23,964,USGS_12210700
2015,10,24,907,USGS_12210700
2015,10,25,847,USGS_12210700
2015,10,26,1180,USGS_12210700
2015,10,27,1010,USGS_12210700
2015,10,28,946,USGS_12210700
2015,10,29,2220,USGS_12210700
2015,10,30,5790,USGS_12210700
2015,10,31,12800,USGS_12210700
2015,11,1,10500,USGS_12210700
2015,11,2,7780,USGS_12210700
2015,11,3,5090,USGS_12210700
2015,11,4,3740,USGS_12210700
2015,11,5,3170,USGS_12210700
2015,11,6,2750,USGS_12210700
2015,11,7,6270,USGS_12210700
2015,11,8,10200,USGS_12210700
2015,11,9,5560,USGS_12210700
2015,11,10,4050,USGS_12210700
2015,11,11,3860,USGS_12210700
2015,11,12,3280,USGS_12210700
2015,11,13,23700,USGS_12210700
2015,11,14,17700,USGS_12210700
2015,11,15,12000,USGS_12210700
2015,11,16,8530,USGS_12210700
2015,11,17,19900,USGS_12210700
2015,11,18,16700,USGS_12210700
2015,11,19,8870,USGS_12210700
2015,11,20,6680,USGS_12210700
2015,11,21,5480,USGS_12210700
2015,11,22,4750,USGS_12210700
2015,11,23,4280,USGS_12210700
2015,11,24,3930,USGS_12210700
2015,11,25,3510,USGS_12210700
2015,11,26,3240,USGS_12210700
2015,11,27,3000,USGS_12210700
2015,11,28,2800,USGS_12210700
2015,11,29,2640,USGS_12210700
2015,11,30,2490,USGS_12210700
2015,12,1,2370,USGS_12210700
2015,12,2,3000,USGS_12210700
2015,12,3,5670,USGS_12210700
2015,12,4,7500,USGS_12210700
2015,12,5,5300,USGS_12210700
2015,12,6,7990,USGS_12210700
2015,12,7,7300,USGS_12210700
2015,12,8,10900,USGS_12210700
2015,12,9,15300,USGS_12210700
2015,12,10,8930,USGS_12210700
2015,12,11,6710,USGS_12210700
2015,12,12,5130,USGS_12210700
2015,12,13,5840,USGS_12210700
2015,12,14,5360,USGS_12210700
2015,12,15,4270,USGS_12210700
2015,12,16,3770,USGS_12210700
2015,12,17,3340,USGS_12210700
2015,12,18,5930,USGS_12210700
2015,12,19,5140,USGS_12210700
2015,12,20,4310,USGS_12210700
2015,12,21,3940,USGS_12210700
2015,12,22,3420,USGS_12210700
2015,12,23,3060,USGS_12210700
2015,12,24,2920,USGS_12210700
2015,12,25,2560,USGS_12210700
2015,12,26,2200,USGS_12210700
2015,12,27,2130,USGS_12210700
2015,12,28,2100,USGS_12210700
2015,12,29,1880,USGS_12210700
2015,12,30,1650,USGS_12210700
2015,12,31,1490,USGS_12210700
2016,1,1,1400,USGS_12210700
2016,1,2,1330,USGS_12210700
2016,1,3,1240,USGS_12210700
2016,1,4,1190,USGS_12210700
2016,1,5,1200,USGS_12210700
2016,1,6,1330,USGS_12210700
2016,1,7,1270,USGS_12210700
2016,1,8,1200,USGS_12210700
2016,1,9,1150,USGS_12210700
2016,1,10,1070,USGS_12210700
2016,1,11,1040,USGS_12210700
2016,1,12,1550,USGS_12210700
2016,1,13,5160,USGS_12210700
2016,1,14,4020,USGS_12210700
2016,1,15,2740,USGS_12210700
2016,1,16,2970,USGS_12210700
2016,1,17,4120,USGS_12210700
2016,1,18,4930,USGS_12210700
2016,1,19,3760,USGS_12210700
2016,1,20,3060,USGS_12210700
2016,1,21,6090,USGS_12210700
2016,1,22,15600,USGS_12210700
2016,1,23,9510,USGS_12210700
2016,1,24,6020,USGS_12210700
2016,1,25,4610,USGS_12210700
2016,1,26,5010,USGS_12210700
2016,1,27,6780,USGS_12210700
2016,1,28,21800,USGS_12210700
2016,1,29,11100,USGS_12210700
2016,1,30,7440,USGS_12210700
2016,1,31,5760,USGS_12210700
2016,2,1,4890,USGS_12210700
2016,2,2,4240,USGS_12210700
2016,2,3,3750,USGS_12210700
2016,2,4,4100,USGS_12210700
2016,2,5,3840,USGS_12210700
2016,2,6,4590,USGS_12210700
2016,2,7,3780,USGS_12210700
2016,2,8,3460,USGS_12210700
2016,2,9,3920,USGS_12210700
2016,2,10,4240,USGS_12210700
2016,2,11,4810,USGS_12210700
2016,2,12,9540,USGS_12210700
2016,2,13,11500,USGS_12210700
2016,2,14,8770,USGS_12210700
2016,2,15,17400,USGS_12210700
2016,2,16,19600,USGS_12210700
2016,2,17,9630,USGS_12210700
2016,2,18,8610,USGS_12210700
2016,2,19,7100,USGS_12210700
2016,2,20,6660,USGS_12210700
2016,2,21,5420,USGS_12210700
2016,2,22,4680,USGS_12210700
2016,2,23,4050,USGS_12210700
2016,2,24,3560,USGS_12210700
2016,2,25,3210,USGS_12210700
2016,2,26,3020,USGS_12210700
2016,2,27,3120,USGS_12210700
2016,2,28,3130,USGS_12210700
2016,2,29,3480,USGS_12210700
2016,3,1,4150,USGS_12210700
2016,3,2,5370,USGS_12210700
2016,3,3,6930,USGS_12210700
2016,3,4,5910,USGS_12210700
2016,3,5,6610,USGS_12210700
2016,3,6,6090,USGS_12210700
2016,3,7,5090,USGS_12210700
2016,3,8,4400,USGS_12210700
2016,3,9,3830,USGS_12210700
2016,3,10,5860,USGS_12210700
2016,3,11,4610,USGS_12210700
2016,3,12,4820,USGS_12210700
2016,3,13,4440,USGS_12210700
2016,3,14,4270,USGS_12210700
2016,3,15,3910,USGS_12210700
2016,3,16,3480,USGS_12210700
2016,3,17,3070,USGS_12210700
2016,3,18,2740,USGS_12210700
2016,3,19,2490,USGS_12210700
2016,3,20,2420,USGS_12210700
2016,3,21,2740,USGS_12210700
2016,3,22,3020,USGS_12210700
2016,3,23,3370,USGS_12210700
2016,3,24,4290,USGS_12210700
2016,3,25,3850,USGS_12210700
2016,3,26,3310,USGS_12210700
2016,3,27,3870,USGS_12210700
2016,3,28,4080,USGS_12210700
2016,3,29,3310,USGS_12210700
2016,3,30,2980,USGS_12210700
2016,3,31,3180,USGS_12210700
2016,4,1,3510,USGS_12210700
2016,4,2,3810,USGS_12210700
2016,4,3,3670,USGS_12210700
2016,4,4,4750,USGS_12210700
2016,4,5,4130,USGS_12210700
2016,4,6,3270,USGS_12210700
2016,4,7,3130,USGS_12210700
2016,4,8,4010,USGS_12210700
2016,4,9,4520,USGS_12210700
2016,4,10,3940,USGS_12210700
2016,4,11,3530,USGS_12210700
2016,4,12,3170,USGS_12210700
2016,4,13,3590,USGS_12210700
2016,4,14,2960,USGS_12210700
2016,4,15,2620,USGS_12210700
2016,4,16,2330,USGS_12210700
2016,4,17,2180,USGS_12210700
2016,4,18,2720,USGS_12210700
2016,4,19,3860,USGS_12210700
2016,4,20,4690,USGS_12210700
2016,4,21,5150,USGS_12210700
2016,4,22,5110,USGS_12210700
2016,4,23,4580,USGS_12210700
2016,4,24,5110,USGS_12210700
2016,4,25,4190,USGS_12210700
2016,4,26,3200,USGS_12210700
2016,4,27,2720,USGS_12210700
2016,4,28,2500,USGS_12210700
2016,4,29,2390,USGS_12210700
2016,4,30,2310,USGS_12210700
2016,5,1,2310,USGS_12210700
2016,5,2,2610,USGS_12210700
2016,5,3,3290,USGS_12210700
2016,5,4,3550,USGS_12210700
2016,5,5,3190,USGS_12210700
2016,5,6,3080,USGS_12210700
2016,5,7,3290,USGS_12210700
2016,5,8,3650,USGS_12210700
2016,5,9,3030,USGS_12210700
2016,5,10,2530,USGS_12210700
2016,5,11,2380,USGS_12210700
2016,5,12,2480,USGS_12210700
2016,5,13,2670,USGS_12210700
2016,5,14,2960,USGS_12210700
2016,5,15,2990,USGS_12210700
2016,5,16,2810,USGS_12210700
2016,5,17,2670,USGS_12210700
2016,5,18,2590,USGS_12210700
2016,5,19,3270,USGS_12210700
2016,5,20,2620,USGS_12210700
2016,5,21,2220,USGS_12210700
2016,5,22,2280,USGS_12210700
2016,5,23,2310,USGS_12210700
2016,5,24,2160,USGS_12210700
2016,5,25,2050,USGS_12210700
2016,5,26,2120,USGS_12210700
2016,5,27,2120,USGS_12210700
2016,5,28,2170,USGS_12210700
2016,5,29,3250,USGS_12210700
2016,5,30,2970,USGS_12210700
2016,5,31,2350,USGS_12210700
2016,6,1,2390,USGS_12210700
2016,6,2,5730,USGS_12210700
2016,6,3,5160,USGS_12210700
2016,6,4,4230,USGS_12210700
2016,6,5,4640,USGS_12210700
2016,6,6,4680,USGS_12210700
2016,6,7,4200,USGS_12210700
2016,6,8,3660,USGS_12210700
2016,6,9,3120,USGS_12210700
2016,6,10,2710,USGS_12210700
2016,6,11,2520,USGS_12210700
2016,6,12,2310,USGS_12210700
2016,6,13,2010,USGS_12210700
2016,6,14,2880,USGS_12210700
2016,6,15,2620,USGS_12210700
2016,6,16,2080,USGS_12210700
2016,6,17,1760,USGS_12210700
2016,6,18,1790,USGS_12210700
2016,6,19,2320,USGS_12210700
2016,6,20,2000,USGS_12210700
2016,6,21,1880,USGS_12210700
2016,6,22,1840,USGS_12210700
2016,6,23,2110,USGS_12210700
2016,6,24,3160,USGS_12210700
2016,6,25,2360,USGS_12210700
2016,6,26,2150,USGS_12210700
2016,6,27,2280,USGS_12210700
2016,6,28,2640,USGS_12210700
2016,6,29,2720,USGS_12210700
2016,6,30,2600,USGS_12210700
2016,7,1,2280,USGS_12210700
2016,7,2,2070,USGS_12210700
2016,7,3,2210,USGS_12210700
2016,7,4,2130,USGS_12210700
2016,7,5,2160,USGS_12210700
2016,7,6,2100,USGS_12210700
2016,7,7,1820,USGS_12210700
2016,7,8,2460,USGS_12210700
2016,7,9,3290,USGS_12210700
2016,7,10,2650,USGS_12210700
2016,7,11,2160,USGS_12210700
2016,7,12,1970,USGS_12210700
2016,7,13,2020,USGS_12210700
2016,7,14,1930,USGS_12210700
2016,7,15,1890,USGS_12210700
2016,7,16,1800,USGS_12210700
2016,7,17,1930,USGS_12210700
2016,7,18,2010,USGS_12210700
2016,7,19,1930,USGS_12210700
2016,7,20,1830,USGS_12210700
2016,7,21,1700,USGS_12210700
2016,7,22,1760,USGS_12210700
2016,7,23,1700,USGS_12210700
2016,7,24,1610,USGS_12210700
2016,7,25,1830,USGS_12210700
2016,7,26,2000,USGS_12210700
2016,7,27,2030,USGS_12210700
2016,7,28,2060,USGS_12210700
2016,7,29,2060,USGS_12210700
2016,7,30,1940,USGS_12210700
2016,7,31,1650,USGS_12210700
2016,8,1,1470,USGS_12210700
2016,8,2,1420,USGS_12210700
2016,8,3,1350,USGS_12210700
2016,8,4,1360,USGS_12210700
2016,8,5,1390,USGS_12210700
2016,8,6,1350,USGS_12210700
2016,8,7,1220,USGS_12210700
2016,8,8,1120,USGS_12210700
2016,8,9,1100,USGS_12210700
2016,8,10,1140,USGS_12210700
2016,8,11,1240,USGS_12210700
2016,8,12,1370,USGS_12210700
2016,8,13,1430,USGS_12210700
2016,8,14,1460,USGS_12210700
2016,8,15,1380,USGS_12210700
2016,8,16,1340,USGS_12210700
2016,8,17,1300,USGS_12210700
2016,8,18,1320,USGS_12210700
2016,8,19,1270,USGS_12210700
2016,8,20,1250,USGS_12210700
2016,8,21,1260,USGS_12210700
2016,8,22,1100,USGS_12210700
2016,8,23,971,USGS_12210700
2016,8,24,1000,USGS_12210700
2016,8,25,1060,USGS_12210700
2016,8,26,1100,USGS_12210700
2016,8,27,1170,USGS_12210700
2016,8,28,1040,USGS_12210700
2016,8,29,1090,USGS_12210700
2016,8,30,1100,USGS_12210700
2016,8,31,997,USGS_12210700
2016,9,1,1890,USGS_12210700
2016,9,2,1380,USGS_12210700
2016,9,3,1310,USGS_12210700
2016,9,4,1050,USGS_12210700
2016,9,5,921,USGS_12210700
2016,9,6,845,USGS_12210700
2016,9,7,839,USGS_12210700
2016,9,8,1180,USGS_12210700
2016,9,9,1050,USGS_12210700
2016,9,10,963,USGS_12210700
2016,9,11,946,USGS_12210700
2016,9,12,819,USGS_12210700
2016,9,13,742,USGS_12210700
2016,9,14,726,USGS_12210700
2016,9,15,755,USGS_12210700
2016,9,16,741,USGS_12210700
2016,9,17,1250,USGS_12210700
2016,9,18,2710,USGS_12210700
2016,9,19,1820,USGS_12210700
2016,9,20,1970,USGS_12210700
2016,9,21,1240,USGS_12210700
2016,9,22,987,USGS_12210700
2016,9,23,900,USGS_12210700
2016,9,24,1050,USGS_12210700
2016,9,25,1050,USGS_12210700
2016,9,26,1090,USGS_12210700
2016,9,27,1080,USGS_12210700
2016,9,28,907,USGS_12210700
2016,9,29,806,USGS_12210700
2016,9,30,729,USGS_12210700
2016,10,1,677,USGS_12210700
2016,10,2,672,USGS_12210700
2016,10,3,622,USGS_12210700
2016,10,4,657,USGS_12210700
2016,10,5,896,USGS_12210700
2016,10,6,790,USGS_12210700
2016,10,7,2250,USGS_12210700
2016,10,8,3970,USGS_12210700
2016,10,9,6680,USGS_12210700
2016,10,10,2800,USGS_12210700
2016,10,11,1810,USGS_12210700
2016,10,12,1410,USGS_12210700
2016,10,13,3540,USGS_12210700
2016,10,14,13000,USGS_12210700
2016,10,15,12100,USGS_12210700
2016,10,16,8370,USGS_12210700
2016,10,17,6290,USGS_12210700
2016,10,18,5260,USGS_12210700
2016,10,19,4550,USGS_12210700
2016,10,20,9690,USGS_12210700
2016,10,21,6720,USGS_12210700
2016,10,22,4950,USGS_12210700
2016,10,23,3640,USGS_12210700
2016,10,24,2930,USGS_12210700
2016,10,25,2910,USGS_12210700
2016,10,26,3100,USGS_12210700
2016,10,27,6190,USGS_12210700
2016,10,28,4140,USGS_12210700
2016,10,29,3180,USGS_12210700
2016,10,30,2920,USGS_12210700
2016,10,31,4020,USGS_12210700
2016,11,1,4350,USGS_12210700
2016,11,2,8900,USGS_12210700
2016,11,3,10600,USGS_12210700
2016,11,4,5640,USGS_12210700
2016,11,5,7570,USGS_12210700
2016,11,6,15300,USGS_12210700
2016,11,7,7610,USGS_12210700
2016,11,8,5690,USGS_12210700
2016,11,9,5840,USGS_12210700
2016,11,10,5350,USGS_12210700
2016,11,11,4070,USGS_12210700
2016,11,12,5910,USGS_12210700
2016,11,13,6230,USGS_12210700
2016,11,14,9430,USGS_12210700
2016,11,15,6810,USGS_12210700
2016,11,16,6210,USGS_12210700
2016,11,17,4910,USGS_12210700
2016,11,18,4060,USGS_12210700
2016,11,19,3520,USGS_12210700
2016,11,20,3630,USGS_12210700
2016,11,21,4560,USGS_12210700
2016,11,22,4070,USGS_12210700
2016,11,23,3820,USGS_12210700
2016,11,24,4350,USGS_12210700
2016,11,25,6850,USGS_12210700
2016,11,26,9280,USGS_12210700
2016,11,27,9050,USGS_12210700
2016,11,28,6880,USGS_12210700
2016,11,29,5180,USGS_12210700
2016,11,30,4900,USGS_12210700
2016,12,1,5070,USGS_12210700
2016,12,2,4180,USGS_12210700
2016,12,3,4720,USGS_12210700
2016,12,4,5150,USGS_12210700
2016,12,5,4010,USGS_12210700
2016,12,6,3300,USGS_12210700
2016,12,7,2800,USGS_12210700
2016,12,8,2480,USGS_12210700
2016,12,9,2320,USGS_12210700
2016,12,10,2200,USGS_12210700
2016,12,11,2280,USGS_12210700
2016,12,12,2180,USGS_12210700
2016,12,13,1970,USGS_12210700
2016,12,14,1790,USGS_12210700
2016,12,15,1670,USGS_12210700
2016,12,16,1490,USGS_12210700
2016,12,17,1370,USGS_12210700
2016,12,18,1380,USGS_12210700
2016,12,19,1490,USGS_12210700
2016,12,20,1740,USGS_12210700
2016,12,21,1760,USGS_12210700
2016,12,22,1600,USGS_12210700
2016,12,23,1730,USGS_12210700
2016,12,24,1610,USGS_12210700
2016,12,25,1450,USGS_12210700
2016,12,26,1390,USGS_12210700
2016,12,27,1800,USGS_12210700
2016,12,28,1820,USGS_12210700
2016,12,29,1820,USGS_12210700
2016,12,30,2160,USGS_12210700
2016,12,31,1850,USGS_12210700
2017,1,1,1680,USGS_12210700
2017,1,2,1470,USGS_12210700
2017,1,3,1250,USGS_12210700
2017,1,4,1110,USGS_12210700
2017,1,5,1080,USGS_12210700
2017,1,6,1150,USGS_12210700
2017,1,7,1090,USGS_12210700
2017,1,8,1100,USGS_12210700
2017,1,9,1600,USGS_12210700
2017,1,10,1340,USGS_12210700
2017,1,11,1090,USGS_12210700
2017,1,12,948,USGS_12210700
2017,1,13,908,USGS_12210700
2017,1,14,941,USGS_12210700
2017,1,15,950,USGS_12210700
2017,1,16,931,USGS_12210700
2017,1,17,1540,USGS_12210700
2017,1,18,14300,USGS_12210700
2017,1,19,13900,USGS_12210700
2017,1,20,8610,USGS_12210700
2017,1,21,5240,USGS_12210700
2017,1,22,3930,USGS_12210700
2017,1,23,3210,USGS_12210700
2017,1,24,2690,USGS_12210700
2017,1,25,2330,USGS_12210700
2017,1,26,2080,USGS_12210700
2017,1,27,1880,USGS_12210700
2017,1,28,1720,USGS_12210700
2017,1,29,1630,USGS_12210700
2017,1,30,1660,USGS_12210700
2017,1,31,1550,USGS_12210700
2017,2,1,1400,USGS_12210700
2017,2,2,1300,USGS_12210700
2017,2,3,1330,USGS_12210700
2017,2,4,2330,USGS_12210700
2017,2,5,2530,USGS_12210700
2017,2,6,1920,USGS_12210700
2017,2,7,1610,USGS_12210700
2017,2,8,1420,USGS_12210700
2017,2,9,8250,USGS_12210700
2017,2,10,9500,USGS_12210700
2017,2,11,5470,USGS_12210700
2017,2,12,3980,USGS_12210700
2017,2,13,3230,USGS_12210700
2017,2,14,2960,USGS_12210700
2017,2,15,13000,USGS_12210700
2017,2,16,22100,USGS_12210700
2017,2,17,10800,USGS_12210700
2017,2,18,7050,USGS_12210700
2017,2,19,5510,USGS_12210700
2017,2,20,5090,USGS_12210700
2017,2,21,4450,USGS_12210700
2017,2,22,3860,USGS_12210700
2017,2,23,3430,USGS_12210700
2017,2,24,3120,USGS_12210700
2017,2,25,2850,USGS_12210700
2017,2,26,2750,USGS_12210700
2017,2,27,2560,USGS_12210700
2017,2,28,2360,USGS_12210700
2017,3,1,2430,USGS_12210700
2017,3,2,2470,USGS_12210700
2017,3,3,3150,USGS_12210700
2017,3,4,4270,USGS_12210700
2017,3,5,3280,USGS_12210700
2017,3,6,2910,USGS_12210700
2017,3,7,2610,USGS_12210700
2017,3,8,2570,USGS_12210700
2017,3,9,2460,USGS_12210700
2017,3,10,3560,USGS_12210700
2017,3,11,4340,USGS_12210700
2017,3,12,6120,USGS_12210700
2017,3,13,6060,USGS_12210700
2017,3,14,8590,USGS_12210700
2017,3,15,13500,USGS_12210700
2017,3,16,10500,USGS_12210700
2017,3,17,6900,USGS_12210700
2017,3,18,13900,USGS_12210700
2017,3,19,9930,USGS_12210700
2017,3,20,6580,USGS_12210700
2017,3,21,5460,USGS_12210700
2017,3,22,5540,USGS_12210700
2017,3,23,5880,USGS_12210700
2017,3,24,5210,USGS_12210700
2017,3,25,5590,USGS_12210700
2017,3,26,4840,USGS_12210700
2017,3,27,4930,USGS_12210700
2017,3,28,5780,USGS_12210700
2017,3,29,10800,USGS_12210700
2017,3,30,9790,USGS_12210700
2017,3,31,6520,USGS_12210700
2017,4,1,5580,USGS_12210700
2017,4,2,5120,USGS_12210700
2017,4,3,4290,USGS_12210700
2017,4,4,3670,USGS_12210700
2017,4,5,4890,USGS_12210700
2017,4,6,6260,USGS_12210700
2017,4,7,6100,USGS_12210700
2017,4,8,6450,USGS_12210700
2017,4,9,5200,USGS_12210700
2017,4,10,4320,USGS_12210700
2017,4,11,3770,USGS_12210700
2017,4,12,3670,USGS_12210700
2017,4,13,4060,USGS_12210700
2017,4,14,3740,USGS_12210700
2017,4,15,3520,USGS_12210700
2017,4,16,3200,USGS_12210700
2017,4,17,2970,USGS_12210700
2017,4,18,3680,USGS_12210700
2017,4,19,3870,USGS_12210700
2017,4,20,3800,USGS_12210700
2017,4,21,3820,USGS_12210700
2017,4,22,3760,USGS_12210700
2017,4,23,4130,USGS_12210700
2017,4,24,4440,USGS_12210700
2017,4,25,3800,USGS_12210700
2017,4,26,4350,USGS_12210700
2017,4,27,4590,USGS_12210700
2017,4,28,3930,USGS_12210700
2017,4,29,3390,USGS_12210700
2017,4,30,3370,USGS_12210700
2017,5,1,3180,USGS_12210700
2017,5,2,3000,USGS_12210700
2017,5,3,4200,USGS_12210700
2017,5,4,7150,USGS_12210700
2017,5,5,14300,USGS_12210700
2017,5,6,9630,USGS_12210700
2017,5,7,5820,USGS_12210700
2017,5,8,4540,USGS_12210700
2017,5,9,3940,USGS_12210700
2017,5,10,4160,USGS_12210700
2017,5,11,5670,USGS_12210700
2017,5,12,6790,USGS_12210700
2017,5,13,4810,USGS_12210700
2017,5,14,4010,USGS_12210700
2017,5,15,3870,USGS_12210700
2017,5,16,5140,USGS_12210700
2017,5,17,4360,USGS_12210700
2017,5,18,3740,USGS_12210700
2017,5,19,3830,USGS_12210700
2017,5,20,4120,USGS_12210700
2017,5,21,5310,USGS_12210700
2017,5,22,6660,USGS_12210700
2017,5,23,7960,USGS_12210700
2017,5,24,7390,USGS_12210700
2017,5,25,5020,USGS_12210700
2017,5,26,4900,USGS_12210700
2017,5,27,5630,USGS_12210700
2017,5,28,6830,USGS_12210700
2017,5,29,7850,USGS_12210700
2017,5,30,8240,USGS_12210700
2017,5,31,7360,USGS_12210700
2017,6,1,7360,USGS_12210700
2017,6,2,6630,USGS_12210700
2017,6,3,5680,USGS_12210700
2017,6,4,5040,USGS_12210700
2017,6,5,4290,USGS_12210700
2017,6,6,4240,USGS_12210700
2017,6,7,5100,USGS_12210700
2017,6,8,6840,USGS_12210700
2017,6,9,7160,USGS_12210700
2017,6,10,5050,USGS_12210700
2017,6,11,4100,USGS_12210700
2017,6,12,3750,USGS_12210700
2017,6,13,3540,USGS_12210700
2017,6,14,3280,USGS_12210700
2017,6,15,3300,USGS_12210700
2017,6,16,6600,USGS_12210700
2017,6,17,4930,USGS_12210700
2017,6,18,3990,USGS_12210700
2017,6,19,4410,USGS_12210700
2017,6,20,4760,USGS_12210700
2017,6,21,4590,USGS_12210700
2017,6,22,3870,USGS_12210700
2017,6,23,3720,USGS_12210700
2017,6,24,4160,USGS_12210700
2017,6,25,4840,USGS_12210700
2017,6,26,5150,USGS_12210700
2017,6,27,4610,USGS_12210700
2017,6,28,3830,USGS_12210700
2017,6,29,3590,USGS_12210700
2017,6,30,3900,USGS_12210700
2017,7,1,4050,USGS_12210700
2017,7,2,3840,USGS_12210700
2017,7,3,3660,USGS_12210700
2017,7,4,3290,USGS_12210700
2017,7,5,3110,USGS_12210700
2017,7,6,3200,USGS_12210700
2017,7,7,3510,USGS_12210700
2017,7,8,3450,USGS_12210700
2017,7,9,3200,USGS_12210700
2017,7,10,3020,USGS_12210700
2017,7,11,2690,USGS_12210700
2017,7,12,2570,USGS_12210700
2017,7,13,2650,USGS_12210700
2017,7,14,2530,USGS_12210700
2017,7,15,2470,USGS_12210700
2017,7,16,2400,USGS_12210700
2017,7,17,2100,USGS_12210700
2017,7,18,2060,USGS_12210700
2017,7,19,2180,USGS_12210700
2017,7,20,2230,USGS_12210700
2017,7,21,2150,USGS_12210700
2017,7,22,2150,USGS_12210700
2017,7,23,2480,USGS_12210700
2017,7,24,2380,USGS_12210700
2017,7,25,2220,USGS_12210700
2017,7,26,2250,USGS_12210700
2017,7,27,2210,USGS_12210700
2017,7,28,2060,USGS_12210700
2017,7,29,1930,USGS_12210700
2017,7,30,1930,USGS_12210700
2017,7,31,1910,USGS_12210700
2017,8,1,1930,USGS_12210700
2017,8,2,2100,USGS_12210700
2017,8,3,2190,USGS_12210700
2017,8,4,2190,USGS_12210700
2017,8,5,2040,USGS_12210700
2017,8,6,2020,USGS_12210700
2017,8,7,1940,USGS_12210700
2017,8,8,1890,USGS_12210700
2017,8,9,1990,USGS_12210700
2017,8,10,2040,USGS_12210700
2017,8,11,1940,USGS_12210700
2017,8,12,1900,USGS_12210700
2017,8,13,1920,USGS_12210700
2017,8,14,1750,USGS_12210700
2017,8,15,1460,USGS_12210700
2017,8,16,1380,USGS_12210700
2017,8,17,1410,USGS_12210700
2017,8,18,1390,USGS_12210700
2017,8,19,1340,USGS_12210700
2017,8,20,1290,USGS_12210700
2017,8,21,1340,USGS_12210700
2017,8,22,1430,USGS_12210700
2017,8,23,1530,USGS_12210700
2017,8,24,1450,USGS_12210700
2017,8,25,1240,USGS_12210700
2017,8,26,1160,USGS_12210700
2017,8,27,1290,USGS_12210700
2017,8,28,1450,USGS_12210700
2017,8,29,1480,USGS_12210700
2017,8,30,1420,USGS_12210700
2017,8,31,1360,USGS_12210700
2017,9,1,1270,USGS_12210700
2017,9,2,1400,USGS_12210700
2017,9,3,1460,USGS_12210700
2017,9,4,1370,USGS_12210700
2017,9,5,1450,USGS_12210700
2017,9,6,1560,USGS_12210700
2017,9,7,1580,USGS_12210700
2017,9,8,1500,USGS_12210700
2017,9,9,1540,USGS_12210700
2017,9,10,1520,USGS_12210700
2017,9,11,1220,USGS_12210700
2017,9,12,1240,USGS_12210700
2017,9,13,1080,USGS_12210700
2017,9,14,936,USGS_12210700
2017,9,15,837,USGS_12210700
2017,9,16,779,USGS_12210700
2017,9,17,750,USGS_12210700
2017,9,18,897,USGS_12210700
2017,9,19,839,USGS_12210700
2017,9,20,895,USGS_12210700
2017,9,21,792,USGS_12210700
2017,9,22,686,USGS_12210700
2017,9,23,627,USGS_12210700
2017,9,24,599,USGS_12210700
2017,9,25,626,USGS_12210700
2017,9,26,651,USGS_12210700
2017,9,27,673,USGS_12210700
2017,9,28,726,USGS_12210700
2017,9,29,829,USGS_12210700
2017,9,30,1090,USGS_12210700
2017,10,1,1180,USGS_12210700
2017,10,2,892,USGS_12210700
2017,10,3,713,USGS_12210700
2017,10,4,630,USGS_12210700
2017,10,5,578,USGS_12210700
2017,10,6,551,USGS_12210700
2017,10,7,1100,USGS_12210700
2017,10,8,1310,USGS_12210700
2017,10,9,919,USGS_12210700
2017,10,10,731,USGS_12210700
2017,10,11,703,USGS_12210700
2017,10,12,663,USGS_12210700
2017,10,13,799,USGS_12210700
2017,10,14,790,USGS_12210700
2017,10,15,705,USGS_12210700
2017,10,16,804,USGS_12210700
2017,10,17,3140,USGS_12210700
2017,10,18,4030,USGS_12210700
2017,10,19,13200,USGS_12210700
2017,10,20,7260,USGS_12210700
2017,10,21,4510,USGS_12210700
2017,10,22,11300,USGS_12210700
2017,10,23,4870,USGS_12210700
2017,10,24,3090,USGS_12210700
2017,10,25,3550,USGS_12210700
2017,10,26,3430,USGS_12210700
2017,10,27,2440,USGS_12210700
2017,10,28,2230,USGS_12210700
2017,10,29,1920,USGS_12210700
2017,10,30,1640,USGS_12210700
2017,10,31,1450,USGS_12210700
2017,11,1,1360,USGS_12210700
2017,11,2,1510,USGS_12210700
2017,11,3,1730,USGS_12210700
2017,11,4,1420,USGS_12210700
2017,11,5,1300,USGS_12210700
2017,11,6,1200,USGS_12210700
2017,11,7,1120,USGS_12210700
2017,11,8,1100,USGS_12210700
2017,11,9,1240,USGS_12210700
2017,11,10,1470,USGS_12210700
2017,11,11,1330,USGS_12210700
2017,11,12,2530,USGS_12210700
2017,11,13,6470,USGS_12210700
2017,11,14,5350,USGS_12210700
2017,11,15,4770,USGS_12210700
2017,11,16,3580,USGS_12210700
2017,11,17,2960,USGS_12210700
2017,11,18,2470,USGS_12210700
2017,11,19,2230,USGS_12210700
2017,11,20,4430,USGS_12210700
2017,11,21,6110,USGS_12210700
2017,11,22,17700,USGS_12210700
2017,11,23,26800,USGS_12210700
2017,11,24,13000,USGS_12210700
2017,11,25,8250,USGS_12210700
2017,11,26,9680,USGS_12210700
2017,11,27,8290,USGS_12210700
2017,11,28,5990,USGS_12210700
2017,11,29,5270,USGS_12210700
2017,11,30,5120,USGS_12210700
2017,12,1,5410,USGS_12210700
2017,12,2,5640,USGS_12210700
2017,12,3,4760,USGS_12210700
2017,12,4,3910,USGS_12210700
2017,12,5,3400,USGS_12210700
2017,12,6,3160,USGS_12210700
2017,12,7,3000,USGS_12210700
2017,12,8,2900,USGS_12210700
2017,12,9,2790,USGS_12210700
2017,12,10,2740,USGS_12210700
2017,12,11,2730,USGS_12210700
2017,12,12,2640,USGS_12210700
2017,12,13,2470,USGS_12210700
2017,12,14,2320,USGS_12210700
2017,12,15,2320,USGS_12210700
2017,12,16,2320,USGS_12210700
2017,12,17,2630,USGS_12210700
2017,12,18,7810,USGS_12210700
2017,12,19,6840,USGS_12210700
2017,12,20,5930,USGS_12210700
2017,12,21,4050,USGS_12210700
2017,12,22,3330,USGS_12210700
2017,12,23,2800,USGS_12210700
2017,12,24,2490,USGS_12210700
2017,12,25,2320,USGS_12210700
2017,12,26,2150,USGS_12210700
2017,12,27,2010,USGS_12210700
2017,12,28,2320,USGS_12210700
2017,12,29,3720,USGS_12210700
2017,12,30,6630,USGS_12210700
2017,12,31,4310,USGS_12210700
2018,1,1,3310,USGS_12210700
2018,1,2,2840,USGS_12210700
2018,1,3,2660,USGS_12210700
2018,1,4,2590,USGS_12210700
2018,1,5,4260,USGS_12210700
2018,1,6,6520,USGS_12210700
2018,1,7,4550,USGS_12210700
2018,1,8,4360,USGS_12210700
2018,1,9,4780,USGS_12210700
2018,1,10,4260,USGS_12210700
2018,1,11,4080,USGS_12210700
2018,1,12,5970,USGS_12210700
2018,1,13,7290,USGS_12210700
2018,1,14,5450,USGS_12210700
2018,1,15,4910,USGS_12210700
2018,1,16,4800,USGS_12210700
2018,1,17,4330,USGS_12210700
2018,1,18,5880,USGS_12210700
2018,1,19,4540,USGS_12210700
2018,1,20,4100,USGS_12210700
2018,1,21,3980,USGS_12210700
2018,1,22,4110,USGS_12210700
2018,1,23,3650,USGS_12210700
2018,1,24,5050,USGS_12210700
2018,1,25,4440,USGS_12210700
2018,1,26,3740,USGS_12210700
2018,1,27,3570,USGS_12210700
2018,1,28,3860,USGS_12210700
2018,1,29,9510,USGS_12210700
2018,1,30,12000,USGS_12210700
2018,1,31,6170,USGS_12210700
2018,2,1,4940,USGS_12210700
2018,2,2,5560,USGS_12210700
2018,2,3,9780,USGS_12210700
2018,2,4,18600,USGS_12210700
2018,2,5,14000,USGS_12210700
2018,2,6,8930,USGS_12210700
2018,2,7,7150,USGS_12210700
2018,2,8,8470,USGS_12210700
2018,2,9,7730,USGS_12210700
2018,2,10,5730,USGS_12210700
2018,2,11,4710,USGS_12210700
2018,2,12,3960,USGS_12210700
2018,2,13,3470,USGS_12210700
2018,2,14,3250,USGS_12210700
2018,2,15,2900,USGS_12210700
2018,2,16,2800,USGS_12210700
2018,2,17,3140,USGS_12210700
2018,2,18,3210,USGS_12210700
2018,2,19,2570,USGS_12210700
2018,2,20,2330,USGS_12210700
2018,2,21,2170,USGS_12210700
2018,2,22,2010,USGS_12210700
2018,2,23,1870,USGS_12210700
2018,2,24,1850,USGS_12210700
2018,2,25,1820,USGS_12210700
2018,2,26,1720,USGS_12210700
2018,2,27,1650,USGS_12210700
2018,2,28,1620,USGS_12210700
2018,3,1,1690,USGS_12210700
2018,3,2,1590,USGS_12210700
2018,3,3,1510,USGS_12210700
2018,3,4,1430,USGS_12210700
2018,3,5,1360,USGS_12210700
2018,3,6,1320,USGS_12210700
2018,3,7,1270,USGS_12210700
2018,3,8,1410,USGS_12210700
2018,3,9,3210,USGS_12210700
2018,3,10,2280,USGS_12210700
2018,3,11,1930,USGS_12210700
2018,3,12,1960,USGS_12210700
2018,3,13,2500,USGS_12210700
2018,3,14,3350,USGS_12210700
2018,3,15,2980,USGS_12210700
2018,3,16,2440,USGS_12210700
2018,3,17,2190,USGS_12210700
2018,3,18,2010,USGS_12210700
2018,3,19,1870,USGS_12210700
2018,3,20,1750,USGS_12210700
2018,3,21,1680,USGS_12210700
2018,3,22,1970,USGS_12210700
2018,3,23,2230,USGS_12210700
2018,3,24,1940,USGS_12210700
2018,3,25,1740,USGS_12210700
2018,3,26,1690,USGS_12210700
2018,3,27,3020,USGS_12210700
2018,3,28,3500,USGS_12210700
2018,3,29,2740,USGS_12210700
2018,3,30,3230,USGS_12210700
2018,3,31,3100,USGS_12210700
2018,4,1,2640,USGS_12210700
2018,4,2,2430,USGS_12210700
2018,4,3,2210,USGS_12210700
2018,4,4,2050,USGS_12210700
2018,4,5,2860,USGS_12210700
2018,4,6,4580,USGS_12210700
2018,4,7,5440,USGS_12210700
2018,4,8,6150,USGS_12210700
2018,4,9,5740,USGS_12210700
2018,4,10,5080,USGS_12210700
2018,4,11,5160,USGS_12210700
2018,4,12,4650,USGS_12210700
2018,4,13,4130,USGS_12210700
2018,4,14,8730,USGS_12210700
2018,4,15,7530,USGS_12210700
2018,4,16,6510,USGS_12210700
2018,4,17,6960,USGS_12210700
2018,4,18,5370,USGS_12210700
2018,4,19,4320,USGS_12210700
2018,4,20,3720,USGS_12210700
2018,4,21,3580,USGS_12210700
2018,4,22,3240,USGS_12210700
2018,4,23,2900,USGS_12210700
2018,4,24,2900,USGS_12210700
2018,4,25,3430,USGS_12210700
2018,4,26,4320,USGS_12210700
2018,4,27,5430,USGS_12210700
2018,4,28,6060,USGS_12210700
2018,4,29,5080,USGS_12210700
2018,4,30,4410,USGS_12210700
2018,5,1,4080,USGS_12210700
2018,5,2,4010,USGS_12210700
2018,5,3,4260,USGS_12210700
2018,5,4,5250,USGS_12210700
2018,5,5,5070,USGS_12210700
2018,5,6,5790,USGS_12210700
2018,5,7,6630,USGS_12210700
2018,5,8,6740,USGS_12210700
2018,5,9,8020,USGS_12210700
2018,5,10,7080,USGS_12210700
2018,5,11,5510,USGS_12210700
2018,5,12,5270,USGS_12210700
2018,5,13,6160,USGS_12210700
2018,5,14,7030,USGS_12210700
2018,5,15,7790,USGS_12210700
2018,5,16,7630,USGS_12210700
2018,5,17,6660,USGS_12210700
2018,5,18,5570,USGS_12210700
2018,5,19,5480,USGS_12210700
2018,5,20,5380,USGS_12210700
2018,5,21,5070,USGS_12210700
2018,5,22,4920,USGS_12210700
2018,5,23,5740,USGS_12210700
2018,5,24,6350,USGS_12210700
2018,5,25,5600,USGS_12210700
2018,5,26,4740,USGS_12210700
2018,5,27,3910,USGS_12210700
2018,5,28,4130,USGS_12210700
2018,5,29,3960,USGS_12210700
2018,5,30,3350,USGS_12210700
2018,5,31,2970,USGS_12210700
2018,6,1,2670,USGS_12210700
2018,6,2,2510,USGS_12210700
2018,6,3,3190,USGS_12210700
2018,6,4,3950,USGS_12210700
2018,6,5,3020,USGS_12210700
2018,6,6,2620,USGS_12210700
2018,6,7,2920,USGS_12210700
2018,6,8,3160,USGS_12210700
2018,6,9,4570,USGS_12210700
2018,6,10,3680,USGS_12210700
2018,6,11,3100,USGS_12210700
2018,6,12,2630,USGS_12210700
2018,6,13,2560,USGS_12210700
2018,6,14,3060,USGS_12210700
2018,6,15,2690,USGS_12210700
2018,6,16,2570,USGS_12210700
2018,6,17,3430,USGS_12210700
2018,6,18,3880,USGS_12210700
2018,6,19,4170,USGS_12210700
2018,6,20,4570,USGS_12210700
2018,6,21,4590,USGS_12210700
2018,6,22,4260,USGS_12210700
2018,6,23,3570,USGS_12210700
2018,6,24,3220,USGS_12210700
2018,6,25,4230,USGS_12210700
2018,6,26,3510,USGS_12210700
2018,6,27,2850,USGS_12210700
2018,6,28,2500,USGS_12210700
2018,6,29,2290,USGS_12210700
2018,6,30,2490,USGS_12210700
2018,7,1,3580,USGS_12210700
2018,7,2,3700,USGS_12210700
2018,7,3,3070,USGS_12210700
2018,7,4,2690,USGS_12210700
2018,7,5,2890,USGS_12210700
2018,7,6,3290,USGS_12210700
2018,7,7,3120,USGS_12210700
2018,7,8,2720,USGS_12210700
2018,7,9,2530,USGS_12210700
2018,7,10,2500,USGS_12210700
2018,7,11,2310,USGS_12210700
2018,7,12,2480,USGS_12210700
2018,7,13,2600,USGS_12210700
2018,7,14,2580,USGS_12210700
2018,7,15,2460,USGS_12210700
2018,7,16,2450,USGS_12210700
2018,7,17,2340,USGS_12210700
2018,7,18,2360,USGS_12210700
2018,7,19,2260,USGS_12210700
2018,7,20,2030,USGS_12210700
2018,7,21,1750,USGS_12210700
2018,7,22,1670,USGS_12210700
2018,7,23,1850,USGS_12210700
2018,7,24,1970,USGS_12210700
2018,7,25,2030,USGS_12210700
2018,7,26,2090,USGS_12210700
2018,7,27,2100,USGS_12210700
2018,7,28,2090,USGS_12210700
2018,7,29,2100,USGS_12210700
2018,7,30,2160,USGS_12210700
2018,7,31,2210,USGS_12210700
2018,8,1,2100,USGS_12210700
2018,8,2,1820,USGS_12210700
2018,8,3,1530,USGS_12210700
2018,8,4,1390,USGS_12210700
2018,8,5,1470,USGS_12210700
2018,8,6,1550,USGS_12210700
2018,8,7,1560,USGS_12210700
2018,8,8,1690,USGS_12210700
2018,8,9,1910,USGS_12210700
2018,8,10,1930,USGS_12210700
2018,8,11,1800,USGS_12210700
2018,8,12,1630,USGS_12210700
2018,8,13,1490,USGS_12210700
2018,8,14,1450,USGS_12210700
2018,8,15,1480,USGS_12210700
2018,8,16,1450,USGS_12210700
2018,8,17,1400,USGS_12210700
2018,8,18,1340,USGS_12210700
2018,8,19,1440,USGS_12210700
2018,8,20,1430,USGS_12210700
2018,8,21,1390,USGS_12210700
2018,8,22,1380,USGS_12210700
2018,8,23,1310,USGS_12210700
2018,8,24,1140,USGS_12210700
2018,8,25,985,USGS_12210700
2018,8,26,1020,USGS_12210700
2018,8,27,1080,USGS_12210700
2018,8,28,975,USGS_12210700
2018,8,29,1000,USGS_12210700
2018,8,30,950,USGS_12210700
2018,8,31,891,USGS_12210700
2018,9,1,867,USGS_12210700
2018,9,2,817,USGS_12210700
2018,9,3,844,USGS_12210700
2018,9,4,809,USGS_12210700
2018,9,5,806,USGS_12210700
2018,9,6,867,USGS_12210700
2018,9,7,910,USGS_12210700
2018,9,8,933,USGS_12210700
2018,9,9,959,USGS_12210700
2018,9,10,2130,USGS_12210700
2018,9,11,1690,USGS_12210700
2018,9,12,1600,USGS_12210700
2018,9,13,1210,USGS_12210700
2018,9,14,1200,USGS_12210700
2018,9,15,1420,USGS_12210700
2018,9,16,1780,USGS_12210700
2018,9,17,1940,USGS_12210700
2018,9,18,1220,USGS_12210700
2018,9,19,955,USGS_12210700
2018,9,20,851,USGS_12210700
2018,9,21,1260,USGS_12210700
2018,9,22,3300,USGS_12210700
2018,9,23,3450,USGS_12210700
2018,9,24,1880,USGS_12210700
2018,9,25,1390,USGS_12210700
2018,9,26,1160,USGS_12210700
2018,9,27,1140,USGS_12210700
2018,9,28,1130,USGS_12210700
2018,9,29,1050,USGS_12210700
2018,9,30,1310,USGS_12210700
2018,10,1,2640,USGS_12210700
2018,10,2,6180,USGS_12210700
2018,10,3,3410,USGS_12210700
2018,10,4,1980,USGS_12210700
2018,10,5,1480,USGS_12210700
2018,10,6,1230,USGS_12210700
2018,10,7,1070,USGS_12210700
2018,10,8,1030,USGS_12210700
2018,10,9,1440,USGS_12210700
2018,10,10,1200,USGS_12210700
2018,10,11,999,USGS_12210700
2018,10,12,899,USGS_12210700
2018,10,13,832,USGS_12210700
2018,10,14,750,USGS_12210700
2018,10,15,710,USGS_12210700
2018,10,16,692,USGS_12210700
2018,10,17,664,USGS_12210700
2018,10,18,630,USGS_12210700
2018,10,19,599,USGS_12210700
2018,10,20,576,USGS_12210700
2018,10,21,569,USGS_12210700
2018,10,22,551,USGS_12210700
2018,10,23,538,USGS_12210700
2018,10,24,690,USGS_12210700
2018,10,25,682,USGS_12210700
2018,10,26,3470,USGS_12210700
2018,10,27,2860,USGS_12210700
2018,10,28,9030,USGS_12210700
2018,10,29,5190,USGS_12210700
2018,10,30,3460,USGS_12210700
2018,10,31,3820,USGS_12210700
2018,11,1,11000,USGS_12210700
2018,11,2,19500,USGS_12210700
2018,11,3,7500,USGS_12210700
2018,11,4,13200,USGS_12210700
2018,11,5,7560,USGS_12210700
2018,11,6,6020,USGS_12210700
2018,11,7,4440,USGS_12210700
2018,11,8,3410,USGS_12210700
2018,11,9,2950,USGS_12210700
2018,11,10,2630,USGS_12210700
2018,11,11,2240,USGS_12210700
2018,11,12,1970,USGS_12210700
2018,11,13,1810,USGS_12210700
2018,11,14,2860,USGS_12210700
2018,11,15,2810,USGS_12210700
2018,11,16,2970,USGS_12210700
2018,11,17,2370,USGS_12210700
2018,11,18,1990,USGS_12210700
2018,11,19,1760,USGS_12210700
2018,11,20,1590,USGS_12210700
2018,11,21,1530,USGS_12210700
2018,11,22,3310,USGS_12210700
2018,11,23,3500,USGS_12210700
2018,11,24,2980,USGS_12210700
2018,11,25,2380,USGS_12210700
2018,11,26,6920,USGS_12210700
2018,11,27,23800,USGS_12210700
2018,11,28,11800,USGS_12210700
2018,11,29,7350,USGS_12210700
2018,11,30,5530,USGS_12210700
2018,12,1,4540,USGS_12210700
2018,12,2,3780,USGS_12210700
2018,12,3,3220,USGS_12210700
2018,12,4,2850,USGS_12210700
2018,12,5,2600,USGS_12210700
2018,12,6,2380,USGS_12210700
2018,12,7,2210,USGS_12210700
2018,12,8,2100,USGS_12210700
2018,12,9,2120,USGS_12210700
2018,12,10,2860,USGS_12210700
2018,12,11,3980,USGS_12210700
2018,12,12,5020,USGS_12210700
2018,12,13,5670,USGS_12210700
2018,12,14,5300,USGS_12210700
2018,12,15,4090,USGS_12210700
2018,12,16,4010,USGS_12210700
2018,12,17,6430,USGS_12210700
2018,12,18,6610,USGS_12210700
2018,12,19,5980,USGS_12210700
2018,12,20,6390,USGS_12210700
2018,12,21,6030,USGS_12210700
2018,12,22,4390,USGS_12210700
2018,12,23,4130,USGS_12210700
2018,12,24,3690,USGS_12210700
2018,12,25,3160,USGS_12210700
2018,12,26,2850,USGS_12210700
2018,12,27,2600,USGS_12210700
2018,12,28,2470,USGS_12210700
2018,12,29,5720,USGS_12210700
2018,12,30,6960,USGS_12210700
2018,12,31,4280,USGS_12210700
2019,1,1,3390,USGS_12210700
2019,1,2,2960,USGS_12210700
2019,1,3,8220,USGS_12210700
2019,1,4,13400,USGS_12210700
2019,1,5,6910,USGS_12210700
2019,1,6,5370,USGS_12210700
2019,1,7,4480,USGS_12210700
2019,1,8,3720,USGS_12210700
2019,1,9,4410,USGS_12210700
2019,1,10,5400,USGS_12210700
2019,1,11,4560,USGS_12210700
2019,1,12,3780,USGS_12210700
2019,1,13,3290,USGS_12210700
2019,1,14,2970,USGS_12210700
2019,1,15,2760,USGS_12210700
2019,1,16,2550,USGS_12210700
2019,1,17,2400,USGS_12210700
2019,1,18,3040,USGS_12210700
2019,1,19,3310,USGS_12210700
2019,1,20,2980,USGS_12210700
2019,1,21,2510,USGS_12210700
2019,1,22,2360,USGS_12210700
2019,1,23,4600,USGS_12210700
2019,1,24,3720,USGS_12210700
2019,1,25,2970,USGS_12210700
2019,1,26,2560,USGS_12210700
2019,1,27,2320,USGS_12210700
2019,1,28,2150,USGS_12210700
2019,1,29,1990,USGS_12210700
2019,1,30,1860,USGS_12210700
2019,1,31,1760,USGS_12210700
2019,2,1,2860,USGS_12210700
2019,2,2,6110,USGS_12210700
2019,2,3,3960,USGS_12210700
2019,2,4,3100,USGS_12210700
2019,2,5,2570,USGS_12210700
2019,2,6,2220,USGS_12210700
2019,2,7,2050,USGS_12210700
2019,2,8,1920,USGS_12210700
2019,2,9,1800,USGS_12210700
2019,2,10,1700,USGS_12210700
2019,2,11,1660,USGS_12210700
2019,2,12,1640,USGS_12210700
2019,2,13,1570,USGS_12210700
2019,2,14,1480,USGS_12210700
2019,2,15,1470,USGS_12210700
2019,2,16,1420,USGS_12210700
2019,2,17,1340,USGS_12210700
2019,2,18,1280,USGS_12210700
2019,2,19,1260,USGS_12210700
2019,2,20,1270,USGS_12210700
2019,2,21,1200,USGS_12210700
2019,2,22,1180,USGS_12210700
2019,2,23,1170,USGS_12210700
2019,2,24,1130,USGS_12210700
2019,2,25,1090,USGS_12210700
2019,2,26,1020,USGS_12210700
2019,2,27,991,USGS_12210700
2019,2,28,978,USGS_12210700
2019,3,1,944,USGS_12210700
2019,3,2,925,USGS_12210700
2019,3,3,906,USGS_12210700
2019,3,4,878,USGS_12210700
2019,3,5,851,USGS_12210700
2019,3,6,851,USGS_12210700
2019,3,7,848,USGS_12210700
2019,3,8,838,USGS_12210700
2019,3,9,815,USGS_12210700
2019,3,10,800,USGS_12210700
2019,3,11,813,USGS_12210700
2019,3,12,1150,USGS_12210700
2019,3,13,1070,USGS_12210700
2019,3,14,1020,USGS_12210700
2019,3,15,1060,USGS_12210700
2019,3,16,1190,USGS_12210700
2019,3,17,1380,USGS_12210700
2019,3,18,1680,USGS_12210700
2019,3,19,1980,USGS_12210700
2019,3,20,2350,USGS_12210700
2019,3,21,2640,USGS_12210700
2019,3,22,2440,USGS_12210700
2019,3,23,2390,USGS_12210700
2019,3,24,2190,USGS_12210700
2019,3,25,1960,USGS_12210700
2019,3,26,2390,USGS_12210700
2019,3,27,2260,USGS_12210700
2019,3,28,1890,USGS_12210700
2019,3,29,1730,USGS_12210700
2019,3,30,1700,USGS_12210700
2019,3,31,1710,USGS_12210700
2019,4,1,1710,USGS_12210700
2019,4,2,1730,USGS_12210700
2019,4,3,2050,USGS_12210700
2019,4,4,3400,USGS_12210700
2019,4,5,2640,USGS_12210700
2019,4,6,3110,USGS_12210700
2019,4,7,2480,USGS_12210700
2019,4,8,2140,USGS_12210700
2019,4,9,2560,USGS_12210700
2019,4,10,2650,USGS_12210700
2019,4,11,2960,USGS_12210700
2019,4,12,3240,USGS_12210700
2019,4,13,3110,USGS_12210700
2019,4,14,3360,USGS_12210700
2019,4,15,2820,USGS_12210700
2019,4,16,2460,USGS_12210700
2019,4,17,2770,USGS_12210700
2019,4,18,3240,USGS_12210700
2019,4,19,11400,USGS_12210700
2019,4,20,7720,USGS_12210700
2019,4,21,5050,USGS_12210700
2019,4,22,4150,USGS_12210700
2019,4,23,4040,USGS_12210700
2019,4,24,3860,USGS_12210700
2019,4,25,3350,USGS_12210700
2019,4,26,3010,USGS_12210700
2019,4,27,2830,USGS_12210700
2019,4,28,2520,USGS_12210700
2019,4,29,2260,USGS_12210700
2019,4,30,2080,USGS_12210700
2019,5,1,1950,USGS_12210700
2019,5,2,1880,USGS_12210700
2019,5,3,1810,USGS_12210700
2019,5,4,1740,USGS_12210700
2019,5,5,1860,USGS_12210700
2019,5,6,2160,USGS_12210700
2019,5,7,2580,USGS_12210700
2019,5,8,2820,USGS_12210700
2019,5,9,3230,USGS_12210700
2019,5,10,3400,USGS_12210700
2019,5,11,3910,USGS_12210700
2019,5,12,4000,USGS_12210700
2019,5,13,3370,USGS_12210700
2019,5,14,2980,USGS_12210700
2019,5,15,3220,USGS_12210700
2019,5,16,3110,USGS_12210700
2019,5,17,4170,USGS_12210700
2019,5,18,3630,USGS_12210700
2019,5,19,2960,USGS_12210700
2019,5,20,2850,USGS_12210700
2019,5,21,2870,USGS_12210700
2019,5,22,2690,USGS_12210700
2019,5,23,2870,USGS_12210700
2019,5,24,3350,USGS_12210700
2019,5,25,3040,USGS_12210700
2019,5,26,2900,USGS_12210700
2019,5,27,2790,USGS_12210700
2019,5,28,3040,USGS_12210700
2019,5,29,3160,USGS_12210700
2019,5,30,3130,USGS_12210700
2019,5,31,3340,USGS_12210700
2019,6,1,3340,USGS_12210700
2019,6,2,3120,USGS_12210700
2019,6,3,2880,USGS_12210700
2019,6,4,2440,USGS_12210700
2019,6,5,2160,USGS_12210700
2019,6,6,2730,USGS_12210700
2019,6,7,2370,USGS_12210700
2019,6,8,2120,USGS_12210700
2019,6,9,1860,USGS_12210700
2019,6,10,1740,USGS_12210700
2019,6,11,1900,USGS_12210700
2019,6,12,2530,USGS_12210700
2019,6,13,2890,USGS_12210700
2019,6,14,2570,USGS_12210700
2019,6,15,2180,USGS_12210700
2019,6,16,2220,USGS_12210700
2019,6,17,2270,USGS_12210700
2019,6,18,2270,USGS_12210700
2019,6,19,2070,USGS_12210700
2019,6,20,1770,USGS_12210700
2019,6,21,1600,USGS_12210700
2019,6,22,1580,USGS_12210700
2019,6,23,1540,USGS_12210700
2019,6,24,1490,USGS_12210700
2019,6,25,1390,USGS_12210700
2019,6,26,1390,USGS_12210700
2019,6,27,1970,USGS_12210700
2019,6,28,1990,USGS_12210700
2019,6,29,1640,USGS_12210700
2019,6,30,1490,USGS_12210700
2019,7,1,1540,USGS_12210700
2019,7,2,1550,USGS_12210700
2019,7,3,1430,USGS_12210700
2019,7,4,1460,USGS_12210700
2019,7,5,1450,USGS_12210700
2019,7,6,1400,USGS_12210700
2019,7,7,1310,USGS_12210700
2019,7,8,1340,USGS_12210700
2019,7,9,1340,USGS_12210700
2019,7,10,2000,USGS_12210700
2019,7,11,3280,USGS_12210700
2019,7,12,2440,USGS_12210700
2019,7,13,1900,USGS_12210700
2019,7,14,1670,USGS_12210700
2019,7,15,1520,USGS_12210700
2019,7,16,1430,USGS_12210700
2019,7,17,1680,USGS_12210700
2019,7,18,3580,USGS_12210700
2019,7,19,2550,USGS_12210700
2019,7,20,1970,USGS_12210700
2019,7,21,1760,USGS_12210700
2019,7,22,1760,USGS_12210700
2019,7,23,1760,USGS_12210700
2019,7,24,1630,USGS_12210700
2019,7,25,1450,USGS_12210700
2019,7,26,1480,USGS_12210700
2019,7,27,1630,USGS_12210700
2019,7,28,1480,USGS_12210700
2019,7,29,1430,USGS_12210700
2019,7,30,1390,USGS_12210700
2019,7,31,1350,USGS_12210700
2019,8,1,1340,USGS_12210700
2019,8,2,1980,USGS_12210700
2019,8,3,1840,USGS_12210700
2019,8,4,1460,USGS_12210700
2019,8,5,1470,USGS_12210700
2019,8,6,1520,USGS_12210700
2019,8,7,1440,USGS_12210700
2019,8,8,1460,USGS_12210700
2019,8,9,1510,USGS_12210700
2019,8,10,1450,USGS_12210700
2019,8,11,1390,USGS_12210700
2019,8,12,1340,USGS_12210700
2019,8,13,1250,USGS_12210700
2019,8,14,1250,USGS_12210700
2019,8,15,1190,USGS_12210700
2019,8,16,1160,USGS_12210700
2019,8,17,1100,USGS_12210700
2019,8,18,1070,USGS_12210700
2019,8,19,1100,USGS_12210700
2019,8,20,1080,USGS_12210700
2019,8,21,1360,USGS_12210700
2019,8,22,1420,USGS_12210700
2019,8,23,1200,USGS_12210700
2019,8,24,1100,USGS_12210700
2019,8,25,1070,USGS_12210700
2019,8,26,989,USGS_12210700
2019,8,27,1000,USGS_12210700
2019,8,28,1090,USGS_12210700
2019,8,29,1080,USGS_12210700
2019,8,30,1200,USGS_12210700
2019,8,31,1150,USGS_12210700
2019,9,1,1130,USGS_12210700
2019,9,2,1010,USGS_12210700
2019,9,3,1090,USGS_12210700
2019,9,4,1030,USGS_12210700
2019,9,5,963,USGS_12210700
2019,9,6,1040,USGS_12210700
2019,9,7,1140,USGS_12210700
2019,9,8,1440,USGS_12210700
2019,9,9,1350,USGS_12210700
2019,9,10,1210,USGS_12210700
2019,9,11,1080,USGS_12210700
2019,9,12,971,USGS_12210700
2019,9,13,2250,USGS_12210700
2019,9,14,3360,USGS_12210700
2019,9,15,5430,USGS_12210700
2019,9,16,4520,USGS_12210700
2019,9,17,3210,USGS_12210700
2019,9,18,3260,USGS_12210700
2019,9,19,2120,USGS_12210700
2019,9,20,1750,USGS_12210700
2019,9,21,1510,USGS_12210700
2019,9,22,1790,USGS_12210700
2019,9,23,2530,USGS_12210700
2019,9,24,2720,USGS_12210700
2019,9,25,1980,USGS_12210700
2019,9,26,4740,USGS_12210700
2019,9,27,3600,USGS_12210700
2019,9,28,2710,USGS_12210700
2019,9,29,2050,USGS_12210700
2019,9,30,1680,USGS_12210700
2019,10,1,1450,USGS_12210700
2019,10,2,1310,USGS_12210700
2019,10,3,1250,USGS_12210700
2019,10,4,1410,USGS_12210700
2019,10,5,1920,USGS_12210700
2019,10,6,1500,USGS_12210700
2019,10,7,3300,USGS_12210700
2019,10,8,4290,USGS_12210700
2019,10,9,2830,USGS_12210700
2019,10,10,2180,USGS_12210700
2019,10,11,1870,USGS_12210700
2019,10,12,1680,USGS_12210700
2019,10,13,1570,USGS_12210700
2019,10,14,1430,USGS_12210700
2019,10,15,1300,USGS_12210700
2019,10,16,1380,USGS_12210700
2019,10,17,4170,USGS_12210700
2019,10,18,6140,USGS_12210700
2019,10,19,5050,USGS_12210700
2019,10,20,4400,USGS_12210700
2019,10,21,7160,USGS_12210700
2019,10,22,14700,USGS_12210700
2019,10,23,5720,USGS_12210700
2019,10,24,3980,USGS_12210700
2019,10,25,4230,USGS_12210700
2019,10,26,3750,USGS_12210700
2019,10,27,2970,USGS_12210700
2019,10,28,2560,USGS_12210700
2019,10,29,2240,USGS_12210700
2019,10,30,2020,USGS_12210700
2019,10,31,1860,USGS_12210700
2019,11,1,1710,USGS_12210700
2019,11,2,1590,USGS_12210700
2019,11,3,1500,USGS_12210700
2019,11,4,1420,USGS_12210700
2019,11,5,1340,USGS_12210700
2019,11,6,1240,USGS_12210700
2019,11,7,1170,USGS_12210700
2019,11,8,1120,USGS_12210700
2019,11,9,1100,USGS_12210700
2019,11,10,1120,USGS_12210700
2019,11,11,1040,USGS_12210700
2019,11,12,1070,USGS_12210700
2019,11,13,1110,USGS_12210700
2019,11,14,1010,USGS_12210700
2019,11,15,1090,USGS_12210700
2019,11,16,1380,USGS_12210700
2019,11,17,5830,USGS_12210700
2019,11,18,4630,USGS_12210700
2019,11,19,4860,USGS_12210700
2019,11,20,3480,USGS_12210700
2019,11,21,2650,USGS_12210700
2019,11,22,2200,USGS_12210700
2019,11,23,1940,USGS_12210700
2019,11,24,2440,USGS_12210700
2019,11,25,2180,USGS_12210700
2019,11,26,1970,USGS_12210700
2019,11,27,1750,USGS_12210700
2019,11,28,1570,USGS_12210700
2019,11,29,1450,USGS_12210700
2019,11,30,1360,USGS_12210700
2019,12,1,1290,USGS_12210700
2019,12,2,1270,USGS_12210700
2019,12,3,1880,USGS_12210700
2019,12,4,3230,USGS_12210700
2019,12,5,2830,USGS_12210700
2019,12,6,2160,USGS_12210700
2019,12,7,2130,USGS_12210700
2019,12,8,2120,USGS_12210700
2019,12,9,1810,USGS_12210700
2019,12,10,1630,USGS_12210700
2019,12,11,1580,USGS_12210700
2019,12,12,2280,USGS_12210700
2019,12,13,3790,USGS_12210700
2019,12,14,3180,USGS_12210700
2019,12,15,2600,USGS_12210700
2019,12,16,2220,USGS_12210700
2019,12,17,2140,USGS_12210700
2019,12,18,2220,USGS_12210700
2019,12,19,2110,USGS_12210700
2019,12,20,7530,USGS_12210700
2019,12,21,13000,USGS_12210700
2019,12,22,6570,USGS_12210700
2019,12,23,4490,USGS_12210700
2019,12,24,3590,USGS_12210700
2019,12,25,2980,USGS_12210700
2019,12,26,2550,USGS_12210700
2019,12,27,2300,USGS_12210700
2019,12,28,2070,USGS_12210700
2019,12,29,1910,USGS_12210700
2019,12,30,1930,USGS_12210700
2019,12,31,3620,USGS_12210700
2020,1,1,9710,USGS_12210700
2020,1,2,5600,USGS_12210700
2020,1,3,5090,USGS_12210700
2020,1,4,6500,USGS_12210700
2020,1,5,4910,USGS_12210700
2020,1,6,5610,USGS_12210700
2020,1,7,16500,USGS_12210700
2020,1,8,10700,USGS_12210700
2020,1,9,6300,USGS_12210700
2020,1,10,5140,USGS_12210700
2020,1,11,5070,USGS_12210700
2020,1,12,4850,USGS_12210700
2020,1,13,4250,USGS_12210700
2020,1,14,3580,USGS_12210700
2020,1,15,3220,USGS_12210700
2020,1,16,2950,USGS_12210700
2020,1,17,2680,USGS_12210700
2020,1,18,2500,USGS_12210700
2020,1,19,2650,USGS_12210700
2020,1,20,3340,USGS_12210700
2020,1,21,3820,USGS_12210700
2020,1,22,5220,USGS_12210700
2020,1,23,8540,USGS_12210700
2020,1,24,12200,USGS_12210700
2020,1,25,8660,USGS_12210700
2020,1,26,6280,USGS_12210700
2020,1,27,5920,USGS_12210700
2020,1,28,6220,USGS_12210700
2020,1,29,6580,USGS_12210700
2020,1,30,6250,USGS_12210700
2020,1,31,10600,USGS_12210700
2020,2,1,30900,USGS_12210700
2020,2,2,11100,USGS_12210700
2020,2,3,7190,USGS_12210700
2020,2,4,5700,USGS_12210700
2020,2,5,5340,USGS_12210700
2020,2,6,6290,USGS_12210700
2020,2,7,5740,USGS_12210700
2020,2,8,6140,USGS_12210700
2020,2,9,4890,USGS_12210700
2020,2,10,4110,USGS_12210700
2020,2,11,3590,USGS_12210700
2020,2,12,3230,USGS_12210700
2020,2,13,2950,USGS_12210700
2020,2,14,2810,USGS_12210700
2020,2,15,2780,USGS_12210700
2020,2,16,2760,USGS_12210700
2020,2,17,2620,USGS_12210700
2020,2,18,2420,USGS_12210700
2020,2,19,2250,USGS_12210700
2020,2,20,2130,USGS_12210700
2020,2,21,2020,USGS_12210700
2020,2,22,1970,USGS_12210700
2020,2,23,2060,USGS_12210700
2020,2,24,2530,USGS_12210700
2020,2,25,2170,USGS_12210700
2020,2,26,2040,USGS_12210700
2020,2,27,2010,USGS_12210700
2020,2,28,1980,USGS_12210700
2020,2,29,2220,USGS_12210700
2020,3,1,2030,USGS_12210700
2020,3,2,2000,USGS_12210700
2020,3,3,2790,USGS_12210700
2020,3,4,2720,USGS_12210700
2020,3,5,2350,USGS_12210700
2020,3,6,2550,USGS_12210700
2020,3,7,2300,USGS_12210700
2020,3,8,2140,USGS_12210700
2020,3,9,1960,USGS_12210700
2020,3,10,1840,USGS_12210700
2020,3,11,1970,USGS_12210700
2020,3,12,1830,USGS_12210700
2020,3,13,1720,USGS_12210700
2020,3,14,1610,USGS_12210700
2020,3,15,1500,USGS_12210700
2020,3,16,1460,USGS_12210700
2020,3,17,1420,USGS_12210700
2020,3,18,1380,USGS_12210700
2020,3,19,1360,USGS_12210700
2020,3,20,1360,USGS_12210700
2020,3,21,1390,USGS_12210700
2020,3,22,1430,USGS_12210700
2020,3,23,1480,USGS_12210700
2020,3,24,1630,USGS_12210700
2020,3,25,1530,USGS_12210700
2020,3,26,1430,USGS_12210700
2020,3,27,1400,USGS_12210700
2020,3,28,1490,USGS_12210700
2020,3,29,3140,USGS_12210700
2020,3,30,3290,USGS_12210700
2020,3,31,2860,USGS_12210700
2020,4,1,2440,USGS_12210700
2020,4,2,2110,USGS_12210700
2020,4,3,1930,USGS_12210700
2020,4,4,1780,USGS_12210700
2020,4,5,1660,USGS_12210700
2020,4,6,1550,USGS_12210700
2020,4,7,1490,USGS_12210700
2020,4,8,1450,USGS_12210700
2020,4,9,1500,USGS_12210700
2020,4,10,1730,USGS_12210700
2020,4,11,1950,USGS_12210700
2020,4,12,1880,USGS_12210700
2020,4,13,1710,USGS_12210700
2020,4,14,1630,USGS_12210700
2020,4,15,1710,USGS_12210700
2020,4,16,1850,USGS_12210700
2020,4,17,1920,USGS_12210700
2020,4,18,2030,USGS_12210700
2020,4,19,2250,USGS_12210700
2020,4,20,2330,USGS_12210700
2020,4,21,2360,USGS_12210700
2020,4,22,2510,USGS_12210700
2020,4,23,2840,USGS_12210700
2020,4,24,2690,USGS_12210700
2020,4,25,2890,USGS_12210700
2020,4,26,3340,USGS_12210700
2020,4,27,3410,USGS_12210700
2020,4,28,3380,USGS_12210700
2020,4,29,3060,USGS_12210700
2020,4,30,7220,USGS_12210700
2020,5,1,6250,USGS_12210700
2020,5,2,5300,USGS_12210700
2020,5,3,6560,USGS_12210700
2020,5,4,5310,USGS_12210700
2020,5,5,4570,USGS_12210700
2020,5,6,5410,USGS_12210700
2020,5,7,4900,USGS_12210700
2020,5,8,4650,USGS_12210700
2020,5,9,5130,USGS_12210700
2020,5,10,5840,USGS_12210700
2020,5,11,6300,USGS_12210700
2020,5,12,6640,USGS_12210700
2020,5,13,6250,USGS_12210700
2020,5,14,5610,USGS_12210700
2020,5,15,5060,USGS_12210700
2020,5,16,4790,USGS_12210700
2020,5,17,5720,USGS_12210700
2020,5,18,5710,USGS_12210700
2020,5,19,5160,USGS_12210700
2020,5,20,5050,USGS_12210700
2020,5,21,4930,USGS_12210700
2020,5,22,4870,USGS_12210700
2020,5,23,4530,USGS_12210700
2020,5,24,4010,USGS_12210700
2020,5,25,4670,USGS_12210700
2020,5,26,5800,USGS_12210700
2020,5,27,5170,USGS_12210700
2020,5,28,4900,USGS_12210700
2020,5,29,5740,USGS_12210700
2020,5,30,7140,USGS_12210700
2020,5,31,8450,USGS_12210700
2020,6,1,5610,USGS_12210700
2020,6,2,4640,USGS_12210700
2020,6,3,4340,USGS_12210700
2020,6,4,4050,USGS_12210700
2020,6,5,3720,USGS_12210700
2020,6,6,3760,USGS_12210700
2020,6,7,3830,USGS_12210700
2020,6,8,4190,USGS_12210700
2020,6,9,4300,USGS_12210700
2020,6,10,5060,USGS_12210700
2020,6,11,5310,USGS_12210700
2020,6,12,5790,USGS_12210700
2020,6,13,5850,USGS_12210700
2020,6,14,4970,USGS_12210700
2020,6,15,4620,USGS_12210700
2020,6,16,4940,USGS_12210700
2020,6,17,4240,USGS_12210700
2020,6,18,4140,USGS_12210700
2020,6,19,4550,USGS_12210700
2020,6,20,5010,USGS_12210700
2020,6,21,6040,USGS_12210700
2020,6,22,5100,USGS_12210700
2020,6,23,5090,USGS_12210700
2020,6,24,5390,USGS_12210700
2020,6,25,4950,USGS_12210700
2020,6,26,4720,USGS_12210700
2020,6,27,4530,USGS_12210700
2020,6,28,3800,USGS_12210700
2020,6,29,3500,USGS_12210700
2020,6,30,3870,USGS_12210700
2020,7,1,3950,USGS_12210700
2020,7,2,5300,USGS_12210700
2020,7,3,4190,USGS_12210700
2020,7,4,4040,USGS_12210700
2020,7,5,3430,USGS_12210700
2020,7,6,3250,USGS_12210700
2020,7,7,3220,USGS_12210700
2020,7,8,3110,USGS_12210700
2020,7,9,3150,USGS_12210700
2020,7,10,3490,USGS_12210700
2020,7,11,3280,USGS_12210700
2020,7,12,3280,USGS_12210700
2020,7,13,2950,USGS_12210700
2020,7,14,2660,USGS_12210700
2020,7,15,2670,USGS_12210700
2020,7,16,2930,USGS_12210700
2020,7,17,2960,USGS_12210700
2020,7,18,2680,USGS_12210700
2020,7,19,2670,USGS_12210700
2020,7,20,2800,USGS_12210700
2020,7,21,3010,USGS_12210700
2020,7,22,2900,USGS_12210700
2020,7,23,2570,USGS_12210700
2020,7,24,2270,USGS_12210700
2020,7,25,1980,USGS_12210700
2020,7,26,1930,USGS_12210700
2020,7,27,2250,USGS_12210700
2020,7,28,2370,USGS_12210700
2020,7,29,2220,USGS_12210700
2020,7,30,2180,USGS_12210700
2020,7,31,2500,USGS_12210700
2020,8,1,2320,USGS_12210700
2020,8,2,1940,USGS_12210700
2020,8,3,1790,USGS_12210700
2020,8,4,1700,USGS_12210700
2020,8,5,1720,USGS_12210700
2020,8,6,1750,USGS_12210700
2020,8,7,1710,USGS_12210700
2020,8,8,1570,USGS_12210700
2020,8,9,1490,USGS_12210700
2020,8,10,1480,USGS_12210700
2020,8,11,1490,USGS_12210700
2020,8,12,1270,USGS_12210700
2020,8,13,1100,USGS_12210700
2020,8,14,1070,USGS_12210700
2020,8,15,1230,USGS_12210700
2020,8,16,1470,USGS_12210700
2020,8,17,1820,USGS_12210700
2020,8,18,1760,USGS_12210700
2020,8,19,1540,USGS_12210700
2020,8,20,1450,USGS_12210700
2020,8,21,1910,USGS_12210700
2020,8,22,2740,USGS_12210700
2020,8,23,1750,USGS_12210700
2020,8,24,1440,USGS_12210700
2020,8,25,1300,USGS_12210700
2020,8,26,1220,USGS_12210700
2020,8,27,1150,USGS_12210700
2020,8,28,1090,USGS_12210700
2020,8,29,1110,USGS_12210700
2020,8,30,999,USGS_12210700
2020,8,31,1020,USGS_12210700
2020,9,1,1200,USGS_12210700
2020,9,2,1490,USGS_12210700
2020,9,3,1380,USGS_12210700
2020,9,4,1270,USGS_12210700
2020,9,5,1290,USGS_12210700
2020,9,6,1240,USGS_12210700
2020,9,7,1280,USGS_12210700
2020,9,8,1080,USGS_12210700
2020,9,9,1160,USGS_12210700
2020,9,10,1230,USGS_12210700
2020,9,11,1180,USGS_12210700
2020,9,12,1130,USGS_12210700
2020,9,13,969,USGS_12210700
2020,9,14,901,USGS_12210700
2020,9,15,1040,USGS_12210700
2020,9,16,1230,USGS_12210700
2020,9,17,1170,USGS_12210700
2020,9,18,1130,USGS_12210700
2020,9,19,1330,USGS_12210700
2020,9,20,1170,USGS_12210700
2020,9,21,967,USGS_12210700
2020,9,22,946,USGS_12210700
2020,9,23,2190,USGS_12210700
2020,9,24,6810,USGS_12210700
2020,9,25,6440,USGS_12210700
2020,9,26,5020,USGS_12210700
2020,9,27,4060,USGS_12210700
2020,9,28,2700,USGS_12210700
2020,9,29,2180,USGS_12210700
2020,9,30,1780,USGS_12210700
2020,10,1,1580,USGS_12210700
2020,10,2,1470,USGS_12210700
2020,10,3,1370,USGS_12210700
2020,10,4,1220,USGS_12210700
2020,10,5,1110,USGS_12210700
2020,10,6,1250,USGS_12210700
2020,10,7,1250,USGS_12210700
2020,10,8,1180,USGS_12210700
2020,10,9,1140,USGS_12210700
2020,10,10,4990,USGS_12210700
2020,10,11,3580,USGS_12210700
2020,10,12,5970,USGS_12210700
2020,10,13,4220,USGS_12210700
2020,10,14,3900,USGS_12210700
2020,10,15,2910,USGS_12210700
2020,10,16,5090,USGS_12210700
2020,10,17,5640,USGS_12210700
2020,10,18,4450,USGS_12210700
2020,10,19,4320,USGS_12210700
2020,10,20,3590,USGS_12210700
2020,10,21,3050,USGS_12210700
2020,10,22,2650,USGS_12210700
2020,10,23,2430,USGS_12210700
2020,10,24,2400,USGS_12210700
2020,10,25,2010,USGS_12210700
2020,10,26,1800,USGS_12210700
2020,10,27,1660,USGS_12210700
2020,10,28,2340,USGS_12210700
2020,10,29,2390,USGS_12210700
2020,10,30,2650,USGS_12210700
2020,10,31,2560,USGS_12210700
2020,11,1,2090,USGS_12210700
2020,11,2,1910,USGS_12210700
2020,11,3,2820,USGS_12210700
2020,11,4,6390,USGS_12210700
2020,11,5,12300,USGS_12210700
2020,11,6,6390,USGS_12210700
2020,11,7,4250,USGS_12210700
2020,11,8,3210,USGS_12210700
2020,11,9,2600,USGS_12210700
2020,11,10,2380,USGS_12210700
2020,11,11,2100,USGS_12210700
2020,11,12,1950,USGS_12210700
2020,11,13,3780,USGS_12210700
2020,11,14,3650,USGS_12210700
2020,11,15,3290,USGS_12210700
2020,11,16,3640,USGS_12210700
2020,11,17,6430,USGS_12210700
2020,11,18,8650,USGS_12210700
2020,11,19,7720,USGS_12210700
2020,11,20,5310,USGS_12210700
2020,11,21,4660,USGS_12210700
2020,11,22,3770,USGS_12210700
2020,11,23,3180,USGS_12210700
2020,11,24,2940,USGS_12210700
2020,11,25,3810,USGS_12210700
2020,11,26,3170,USGS_12210700
2020,11,27,2850,USGS_12210700
2020,11,28,2830,USGS_12210700
2020,11,29,2480,USGS_12210700
2020,11,30,3090,USGS_12210700
2020,12,1,3330,USGS_12210700
2020,12,2,2650,USGS_12210700
2020,12,3,2500,USGS_12210700
2020,12,4,2270,USGS_12210700
2020,12,5,2130,USGS_12210700
2020,12,6,2070,USGS_12210700
2020,12,7,2050,USGS_12210700
2020,12,8,6100,USGS_12210700
2020,12,9,6780,USGS_12210700
2020,12,10,4850,USGS_12210700
2020,12,11,3760,USGS_12210700
2020,12,12,3100,USGS_12210700
2020,12,13,2760,USGS_12210700
2020,12,14,2950,USGS_12210700
2020,12,15,3020,USGS_12210700
2020,12,16,3540,USGS_12210700
2020,12,17,5050,USGS_12210700
2020,12,18,4350,USGS_12210700
2020,12,19,5130,USGS_12210700
2020,12,20,6820,USGS_12210700
2020,12,21,6920,USGS_12210700
2020,12,22,8010,USGS_12210700
2020,12,23,5220,USGS_12210700
2020,12,24,4130,USGS_12210700
2020,12,25,3680,USGS_12210700
2020,12,26,4650,USGS_12210700
2020,12,27,4320,USGS_12210700
2020,12,28,3600,USGS_12210700
2020,12,29,3060,USGS_12210700
2020,12,30,4070,USGS_12210700
2020,12,31,5770,USGS_12210700
2021,1,1,5430,USGS_12210700
2021,1,2,10500,USGS_12210700
2021,1,3,12000,USGS_12210700
2021,1,4,8110,USGS_12210700
2021,1,5,7490,USGS_12210700
2021,1,6,8890,USGS_12210700
2021,1,7,6520,USGS_12210700
2021,1,8,5140,USGS_12210700
2021,1,9,4240,USGS_12210700
2021,1,10,3690,USGS_12210700
2021,1,11,4160,USGS_12210700
2021,1,12,9630,USGS_12210700
2021,1,13,14500,USGS_12210700
2021,1,14,7980,USGS_12210700
2021,1,15,6170,USGS_12210700
2021,1,16,5130,USGS_12210700
2021,1,17,4520,USGS_12210700
2021,1,18,4000,USGS_12210700
2021,1,19,3490,USGS_12210700
2021,1,20,3130,USGS_12210700
2021,1,21,2820,USGS_12210700
2021,1,22,2550,USGS_12210700
2021,1,23,2340,USGS_12210700
2021,1,24,2220,USGS_12210700
2021,1,25,2150,USGS_12210700
2021,1,26,2010,USGS_12210700
2021,1,27,1930,USGS_12210700
2021,1,28,1870,USGS_12210700
2021,1,29,1810,USGS_12210700
2021,1,30,1780,USGS_12210700
2021,1,31,2380,USGS_12210700
2021,2,1,6310,USGS_12210700
2021,2,2,7440,USGS_12210700
2021,2,3,5080,USGS_12210700
2021,2,4,4120,USGS_12210700
2021,2,5,6540,USGS_12210700
2021,2,6,5760,USGS_12210700
2021,2,7,5290,USGS_12210700
2021,2,8,4030,USGS_12210700
2021,2,9,3280,USGS_12210700
2021,2,10,2800,USGS_12210700
2021,2,11,2470,USGS_12210700
2021,2,12,2210,USGS_12210700
2021,2,13,2120,USGS_12210700
2021,2,14,2000,USGS_12210700
2021,2,15,2020,USGS_12210700
2021,2,16,2000,USGS_12210700
2021,2,17,1910,USGS_12210700
2021,2,18,1850,USGS_12210700
2021,2,19,1920,USGS_12210700
2021,2,20,1900,USGS_12210700
2021,2,21,2210,USGS_12210700
2021,2,22,7740,USGS_12210700
2021,2,23,5960,USGS_12210700
2021,2,24,3920,USGS_12210700
2021,2,25,3380,USGS_12210700
2021,2,26,3130,USGS_12210700
2021,2,27,2650,USGS_12210700
2021,2,28,2460,USGS_12210700
2021,3,1,2340,USGS_12210700
2021,3,2,2310,USGS_12210700
2021,3,3,2160,USGS_12210700
2021,3,4,2090,USGS_12210700
2021,3,5,2820,USGS_12210700
2021,3,6,3000,USGS_12210700
2021,3,7,2520,USGS_12210700
2021,3,8,2240,USGS_12210700
2021,3,9,2040,USGS_12210700
2021,3,10,1930,USGS_12210700
2021,3,11,1830,USGS_12210700
2021,3,12,1760,USGS_12210700
2021,3,13,1700,USGS_12210700
2021,3,14,1730,USGS_12210700
2021,3,15,1840,USGS_12210700
2021,3,16,1710,USGS_12210700
2021,3,17,1640,USGS_12210700
2021,3,18,1650,USGS_12210700
2021,3,19,1910,USGS_12210700
2021,3,20,1980,USGS_12210700
2021,3,21,2030,USGS_12210700
2021,3,22,2110,USGS_12210700
2021,3,23,1920,USGS_12210700
2021,3,24,2100,USGS_12210700
2021,3,25,2300,USGS_12210700
2021,3,26,2070,USGS_12210700
2021,3,27,1930,USGS_12210700
2021,3,28,2330,USGS_12210700
2021,3,29,2650,USGS_12210700
2021,3,30,2130,USGS_12210700
2021,3,31,1930,USGS_12210700
2021,4,1,1890,USGS_12210700
2021,4,2,1890,USGS_12210700
2021,4,3,1870,USGS_12210700
2021,4,4,2170,USGS_12210700
2021,4,5,2020,USGS_12210700
2021,4,6,1900,USGS_12210700
2021,4,7,1940,USGS_12210700
2021,4,8,2120,USGS_12210700
2021,4,9,1920,USGS_12210700
2021,4,10,1880,USGS_12210700
2021,4,11,1740,USGS_12210700
2021,4,12,1660,USGS_12210700
2021,4,13,1610,USGS_12210700
2021,4,14,1600,USGS_12210700
2021,4,15,1760,USGS_12210700
2021,4,16,2310,USGS_12210700
2021,4,17,3260,USGS_12210700
2021,4,18,4200,USGS_12210700
2021,4,19,4550,USGS_12210700
2021,4,20,4120,USGS_12210700
2021,4,21,3980,USGS_12210700
2021,4,22,4030,USGS_12210700
2021,4,23,3750,USGS_12210700
2021,4,24,3600,USGS_12210700
2021,4,25,3680,USGS_12210700
2021,4,26,3350,USGS_12210700
2021,4,27,3140,USGS_12210700
2021,4,28,2910,USGS_12210700
2021,4,29,3090,USGS_12210700
2021,4,30,4230,USGS_12210700
2021,5,1,4610,USGS_12210700
2021,5,2,3780,USGS_12210700
2021,5,3,3260,USGS_12210700
2021,5,4,3400,USGS_12210700
2021,5,5,3520,USGS_12210700
2021,5,6,3570,USGS_12210700
2021,5,7,4420,USGS_12210700
2021,5,8,3530,USGS_12210700
2021,5,9,2840,USGS_12210700
2021,5,10,2560,USGS_12210700
2021,5,11,2490,USGS_12210700
2021,5,12,2910,USGS_12210700
2021,5,13,3180,USGS_12210700
2021,5,14,3890,USGS_12210700
2021,5,15,4510,USGS_12210700
2021,5,16,5000,USGS_12210700
2021,5,17,5580,USGS_12210700
2021,5,18,5340,USGS_12210700
2021,5,19,3920,USGS_12210700
2021,5,20,3100,USGS_12210700
2021,5,21,2750,USGS_12210700
2021,5,22,2850,USGS_12210700
2021,5,23,3420,USGS_12210700
2021,5,24,3830,USGS_12210700
2021,5,25,4120,USGS_12210700
2021,5,26,3950,USGS_12210700
2021,5,27,4710,USGS_12210700
2021,5,28,6060,USGS_12210700
2021,5,29,4630,USGS_12210700
2021,5,30,4150,USGS_12210700
2021,5,31,4430,USGS_12210700
2021,6,1,5680,USGS_12210700
2021,6,2,6980,USGS_12210700
2021,6,3,7030,USGS_12210700
2021,6,4,6190,USGS_12210700
2021,6,5,5180,USGS_12210700
2021,6,6,4390,USGS_12210700
2021,6,7,3550,USGS_12210700
2021,6,8,3020,USGS_12210700
2021,6,9,2760,USGS_12210700
2021,6,10,2730,USGS_12210700
2021,6,11,2540,USGS_12210700
2021,6,12,2670,USGS_12210700
2021,6,13,4370,USGS_12210700
2021,6,14,5450,USGS_12210700
2021,6,15,4600,USGS_12210700
2021,6,16,4260,USGS_12210700
2021,6,17,3920,USGS_12210700
2021,6,18,3910,USGS_12210700
2021,6,19,4030,USGS_12210700
2021,6,20,3860,USGS_12210700
2021,6,21,4640,USGS_12210700
2021,6,22,5290,USGS_12210700
2021,6,23,5120,USGS_12210700
2021,6,24,4710,USGS_12210700
2021,6,25,5270,USGS_12210700
2021,6,26,6070,USGS_12210700
2021,6,27,6510,USGS_12210700
2021,6,28,6460,USGS_12210700
2021,6,29,6340,USGS_12210700
2021,6,30,5920,USGS_12210700
2021,7,1,4890,USGS_12210700
2021,7,2,3690,USGS_12210700
2021,7,3,3280,USGS_12210700
2021,7,4,2970,USGS_12210700
2021,7,5,2790,USGS_12210700
2021,7,6,2650,USGS_12210700
2021,7,7,2580,USGS_12210700
2021,7,8,2280,USGS_12210700
2021,7,9,2240,USGS_12210700
2021,7,10,2300,USGS_12210700
2021,7,11,2160,USGS_12210700
2021,7,12,2050,USGS_12210700
2021,7,13,2100,USGS_12210700
2021,7,14,2110,USGS_12210700
2021,7,15,1940,USGS_12210700
2021,7,16,1800,USGS_12210700
2021,7,17,1600,USGS_12210700
2021,7,18,1570,USGS_12210700
2021,7,19,1570,USGS_12210700
2021,7,20,1580,USGS_12210700
2021,7,21,1470,USGS_12210700
2021,7,22,1310,USGS_12210700
2021,7,23,1270,USGS_12210700
2021,7,24,1340,USGS_12210700
2021,7,25,1470,USGS_12210700
2021,7,26,1510,USGS_12210700
2021,7,27,1490,USGS_12210700
2021,7,28,1480,USGS_12210700
2021,7,29,1450,USGS_12210700
2021,7,30,1520,USGS_12210700
2021,7,31,1780,USGS_12210700
2021,8,1,1860,USGS_12210700
2021,8,2,1850,USGS_12210700
2021,8,3,1740,USGS_12210700
2021,8,4,1670,USGS_12210700
2021,8,5,1610,USGS_12210700
2021,8,6,1830,USGS_12210700
2021,8,7,1960,USGS_12210700
2021,8,8,2580,USGS_12210700
2021,8,9,1640,USGS_12210700
2021,8,10,1520,USGS_12210700
2021,8,11,1740,USGS_12210700
2021,8,12,1810,USGS_12210700
2021,8,13,1710,USGS_12210700
2021,8,14,1640,USGS_12210700
2021,8,15,1580,USGS_12210700
2021,8,16,1500,USGS_12210700
2021,8,17,1500,USGS_12210700
2021,8,18,1280,USGS_12210700
2021,8,19,1230,USGS_12210700
2021,8,20,1190,USGS_12210700
2021,8,21,1130,USGS_12210700
2021,8,22,1220,USGS_12210700
2021,8,23,1130,USGS_12210700
2021,8,24,971,USGS_12210700
2021,8,25,964,USGS_12210700
2021,8,26,941,USGS_12210700
2021,8,27,1060,USGS_12210700
2021,8,28,1030,USGS_12210700
2021,8,29,1020,USGS_12210700
2021,8,30,980,USGS_12210700
2021,8,31,855,USGS_12210700
2021,9,1,805,USGS_12210700
2021,9,2,767,USGS_12210700
2021,9,3,785,USGS_12210700
2021,9,4,794,USGS_12210700
2021,9,5,1140,USGS_12210700
2021,9,6,1040,USGS_12210700
2021,9,7,1010,USGS_12210700
2021,9,8,1160,USGS_12210700
2021,9,9,1070,USGS_12210700
2021,9,10,1050,USGS_12210700
2021,9,11,925,USGS_12210700
2021,9,12,1220,USGS_12210700
2021,9,13,1180,USGS_12210700
2021,9,14,967,USGS_12210700
2021,9,15,1340,USGS_12210700
2021,9,16,926,USGS_12210700
2021,9,17,1240,USGS_12210700
2021,9,18,9840,USGS_12210700
2021,9,19,4770,USGS_12210700
2021,9,20,3940,USGS_12210700
2021,9,21,2270,USGS_12210700
2021,9,22,1820,USGS_12210700
2021,9,23,1530,USGS_12210700
2021,9,24,1370,USGS_12210700
2021,9,25,1370,USGS_12210700
2021,9,26,1370,USGS_12210700
2021,9,27,3620,USGS_12210700
2021,9,28,4030,USGS_12210700
2021,9,29,3370,USGS_12210700
2021,9,30,6620,USGS_12210700
2021,10,1,4840,USGS_12210700
2021,10,2,2680,USGS_12210700
2021,10,3,2040,USGS_12210700
2021,10,4,1770,USGS_12210700
2021,10,5,1740,USGS_12210700
2021,10,6,1870,USGS_12210700
2021,10,7,1850,USGS_12210700
2021,10,8,1600,USGS_12210700
2021,10,9,1430,USGS_12210700
2021,10,10,3130,USGS_12210700
2021,10,11,2090,USGS_12210700
2021,10,12,1710,USGS_12210700
2021,10,13,1730,USGS_12210700
2021,10,14,1670,USGS_12210700
2021,10,15,3880,USGS_12210700
2021,10,16,5480,USGS_12210700
2021,10,17,3540,USGS_12210700
2021,10,18,2440,USGS_12210700
2021,10,19,1990,USGS_12210700
2021,10,20,2270,USGS_12210700
2021,10,21,2900,USGS_12210700
2021,10,22,3700,USGS_12210700
2021,10,23,4490,USGS_12210700
2021,10,24,3540,USGS_12210700
2021,10,25,4220,USGS_12210700
2021,10,26,6640,USGS_12210700
2021,10,27,7150,USGS_12210700
2021,10,28,12400,USGS_12210700
2021,10,29,15400,USGS_12210700
2021,10,30,7200,USGS_12210700
2021,10,31,4990,USGS_12210700
2021,11,1,3890,USGS_12210700
2021,11,2,3710,USGS_12210700
2021,11,3,4720,USGS_12210700
2021,11,4,8200,USGS_12210700
2021,11,5,9750,USGS_12210700
2021,11,6,6290,USGS_12210700
2021,11,7,5200,USGS_12210700
2021,11,8,4550,USGS_12210700
2021,11,9,4120,USGS_12210700
2021,11,10,4060,USGS_12210700
2021,11,11,3810,USGS_12210700
2021,11,12,11900,USGS_12210700
2021,11,13,9240,USGS_12210700
2021,11,14,25400,USGS_12210700
2021,11,15,60700,USGS_12210700
2021,11,16,22000,USGS_12210700
2021,11,17,11200,USGS_12210700
2021,11,18,8440,USGS_12210700
2021,11,19,7230,USGS_12210700
2021,11,20,6100,USGS_12210700
2021,11,21,5370,USGS_12210700
2021,11,22,4850,USGS_12210700
2021,11,23,4990,USGS_12210700
2021,11,24,4600,USGS_12210700
2021,11,25,6880,USGS_12210700
2021,11,26,11100,USGS_12210700
2021,11,27,8530,USGS_12210700
2021,11,28,24700,USGS_12210700
2021,11,29,19100,USGS_12210700
2021,11,30,14100,USGS_12210700
2021,12,1,16200,USGS_12210700
2021,12,2,12100,USGS_12210700
2021,12,3,7900,USGS_12210700
2021,12,4,6390,USGS_12210700
2021,12,5,5370,USGS_12210700
2021,12,6,4800,USGS_12210700
2021,12,7,4450,USGS_12210700
2021,12,8,4680,USGS_12210700
2021,12,9,4320,USGS_12210700
2021,12,10,3890,USGS_12210700
2021,12,11,5510,USGS_12210700
2021,12,12,5100,USGS_12210700
2021,12,13,4200,USGS_12210700
2021,12,14,3690,USGS_12210700
2021,12,15,3310,USGS_12210700
2021,12,16,3070,USGS_12210700
2021,12,17,2840,USGS_12210700
2021,12,18,4380,USGS_12210700
2021,12,19,4920,USGS_12210700
2021,12,20,3710,USGS_12210700
2021,12,21,3230,USGS_12210700
2021,12,22,5210,USGS_12210700
2021,12,23,6000,USGS_12210700
2021,12,24,4570,USGS_12210700
2021,12,25,3930,USGS_12210700
2021,12,26,3390,USGS_12210700
2021,12,27,2960,USGS_12210700
2021,12,28,2770,USGS_12210700
2021,12,29,2630,USGS_12210700
2021,12,30,2540,USGS_12210700
2021,12,31,2400,USGS_12210700
2022,1,1,2260,USGS_12210700
2022,1,2,2260,USGS_12210700
2022,1,3,2720,USGS_12210700
2022,1,4,2460,USGS_12210700
2022,1,5,2300,USGS_12210700
2022,1,6,2330,USGS_12210700
2022,1,7,7510,USGS_12210700
2022,1,8,5170,USGS_12210700
2022,1,9,3860,USGS_12210700
2022,1,10,3530,USGS_12210700
2022,1,11,6160,USGS_12210700
2022,1,12,17200,USGS_12210700
2022,1,13,12700,USGS_12210700
2022,1,14,7820,USGS_12210700
2022,1,15,5940,USGS_12210700
2022,1,16,4970,USGS_12210700
2022,1,17,4320,USGS_12210700
2022,1,18,4840,USGS_12210700
2022,1,19,4630,USGS_12210700
2022,1,20,9630,USGS_12210700
2022,1,21,7670,USGS_12210700
2022,1,22,5400,USGS_12210700
2022,1,23,4420,USGS_12210700
2022,1,24,3850,USGS_12210700
2022,1,25,3430,USGS_12210700
2022,1,26,3090,USGS_12210700
2022,1,27,2820,USGS_12210700
2022,1,28,2630,USGS_12210700
2022,1,29,2480,USGS_12210700
2022,1,30,2510,USGS_12210700
2022,1,31,3190,USGS_12210700
2022,2,1,2670,USGS_12210700
2022,2,2,2390,USGS_12210700
2022,2,3,2350,USGS_12210700
2022,2,4,2450,USGS_12210700
2022,2,5,2880,USGS_12210700
2022,2,6,2580,USGS_12210700
2022,2,7,2490,USGS_12210700
2022,2,8,2440,USGS_12210700
2022,2,9,2310,USGS_12210700
2022,2,10,2310,USGS_12210700
2022,2,11,2260,USGS_12210700
2022,2,12,2110,USGS_12210700
2022,2,13,2030,USGS_12210700
2022,2,14,2090,USGS_12210700
2022,2,15,2100,USGS_12210700
2022,2,16,1990,USGS_12210700
2022,2,17,1880,USGS_12210700
2022,2,18,1790,USGS_12210700
2022,2,19,1830,USGS_12210700
2022,2,20,2020,USGS_12210700
2022,2,21,1880,USGS_12210700
2022,2,22,1700,USGS_12210700
2022,2,23,1550,USGS_12210700
2022,2,24,1560,USGS_12210700
2022,2,25,1500,USGS_12210700
2022,2,26,1470,USGS_12210700
2022,2,27,1990,USGS_12210700
2022,2,28,6420,USGS_12210700
2022,3,1,9110,USGS_12210700
2022,3,2,7730,USGS_12210700
2022,3,3,7220,USGS_12210700
2022,3,4,5170,USGS_12210700
2022,3,5,4060,USGS_12210700
2022,3,6,3390,USGS_12210700
2022,3,7,2970,USGS_12210700
2022,3,8,2700,USGS_12210700
2022,3,9,2440,USGS_12210700
2022,3,10,2210,USGS_12210700
2022,3,11,2100,USGS_12210700
2022,3,12,1990,USGS_12210700
2022,3,13,1920,USGS_12210700
2022,3,14,2180,USGS_12210700
2022,3,15,3710,USGS_12210700
2022,3,16,3420,USGS_12210700
2022,3,17,3200,USGS_12210700
2022,3,18,3520,USGS_12210700
2022,3,19,4180,USGS_12210700
2022,3,20,3800,USGS_12210700
2022,3,21,3540,USGS_12210700
2022,3,22,3420,USGS_12210700
2022,3,23,4440,USGS_12210700
2022,3,24,5240,USGS_12210700
2022,3,25,3800,USGS_12210700
2022,3,26,3360,USGS_12210700
2022,3,27,3440,USGS_12210700
2022,3,28,4290,USGS_12210700
2022,3,29,4200,USGS_12210700
2022,3,30,3780,USGS_12210700
2022,3,31,3430,USGS_12210700
2022,4,1,2960,USGS_12210700
2022,4,2,2750,USGS_12210700
2022,4,3,2590,USGS_12210700
2022,4,4,4900,USGS_12210700
2022,4,5,4550,USGS_12210700
2022,4,6,3980,USGS_12210700
2022,4,7,3640,USGS_12210700
2022,4,8,5150,USGS_12210700
2022,4,9,5000,USGS_12210700
2022,4,10,4060,USGS_12210700
2022,4,11,3470,USGS_12210700
2022,4,12,3050,USGS_12210700
2022,4,13,2700,USGS_12210700
2022,4,14,2450,USGS_12210700
2022,4,15,2260,USGS_12210700
2022,4,16,2100,USGS_12210700
2022,4,17,1980,USGS_12210700
2022,4,18,1980,USGS_12210700
2022,4,19,2530,USGS_12210700
2022,4,20,2250,USGS_12210700
2022,4,21,2090,USGS_12210700
2022,4,22,2030,USGS_12210700
2022,4,23,2010,USGS_12210700
2022,4,24,2010,USGS_12210700
2022,4,25,2370,USGS_12210700
2022,4,26,2710,USGS_12210700
2022,4,27,2430,USGS_12210700
2022,4,28,2150,USGS_12210700
2022,4,29,1980,USGS_12210700
2022,4,30,2010,USGS_12210700
2022,5,1,2210,USGS_12210700
2022,5,2,2400,USGS_12210700
2022,5,3,2710,USGS_12210700
2022,5,4,2920,USGS_12210700
2022,5,5,5810,USGS_12210700
2022,5,6,6190,USGS_12210700
2022,5,7,4620,USGS_12210700
2022,5,8,3750,USGS_12210700
2022,5,9,3180,USGS_12210700
2022,5,10,2800,USGS_12210700
2022,5,11,2550,USGS_12210700
2022,5,12,2520,USGS_12210700
2022,5,13,2750,USGS_12210700
2022,5,14,2590,USGS_12210700
2022,5,15,3810,USGS_12210700
2022,5,16,7050,USGS_12210700
2022,5,17,5760,USGS_12210700
2022,5,18,4800,USGS_12210700
2022,5,19,4340,USGS_12210700
2022,5,20,3440,USGS_12210700
2022,5,21,3170,USGS_12210700
2022,5,22,3120,USGS_12210700
2022,5,23,3450,USGS_12210700
2022,5,24,3290,USGS_12210700
2022,5,25,3450,USGS_12210700
2022,5,26,3990,USGS_12210700
2022,5,27,6380,USGS_12210700
2022,5,28,5000,USGS_12210700
2022,5,29,4180,USGS_12210700
2022,5,30,4110,USGS_12210700
2022,5,31,3580,USGS_12210700
2022,6,1,4170,USGS_12210700
2022,6,2,4960,USGS_12210700
2022,6,3,7100,USGS_12210700
2022,6,4,6800,USGS_12210700
2022,6,5,9150,USGS_12210700
2022,6,6,9650,USGS_12210700
2022,6,7,6070,USGS_12210700
2022,6,8,6480,USGS_12210700
2022,6,9,6380,USGS_12210700
2022,6,10,11000,USGS_12210700
2022,6,11,9210,USGS_12210700
2022,6,12,7510,USGS_12210700
2022,6,13,7430,USGS_12210700
2022,6,14,6260,USGS_12210700
2022,6,15,4900,USGS_12210700
2022,6,16,4810,USGS_12210700
2022,6,17,4690,USGS_12210700
2022,6,18,4420,USGS_12210700
2022,6,19,4230,USGS_12210700
2022,6,20,4140,USGS_12210700
2022,6,21,3960,USGS_12210700
2022,6,22,5320,USGS_12210700
2022,6,23,4890,USGS_12210700
2022,6,24,3960,USGS_12210700
2022,6,25,4130,USGS_12210700
2022,6,26,4730,USGS_12210700
2022,6,27,5230,USGS_12210700
2022,6,28,6210,USGS_12210700
2022,6,29,5590,USGS_12210700
2022,6,30,4620,USGS_12210700
2022,7,1,4470,USGS_12210700
2022,7,2,4440,USGS_12210700
2022,7,3,4700,USGS_12210700
2022,7,4,4330,USGS_12210700
2022,7,5,3770,USGS_12210700
2022,7,6,3830,USGS_12210700
2022,7,7,4170,USGS_12210700
2022,7,8,3850,USGS_12210700
2022,7,9,3470,USGS_12210700
2022,7,10,3300,USGS_12210700
2022,7,11,3280,USGS_12210700
2022,7,12,3730,USGS_12210700
2022,7,13,3770,USGS_12210700
2022,7,14,3330,USGS_12210700
2022,7,15,3160,USGS_12210700
2022,7,16,3320,USGS_12210700
2022,7,17,3140,USGS_12210700
2022,7,18,2840,USGS_12210700
2022,7,19,2780,USGS_12210700
2022,7,20,2940,USGS_12210700
2022,7,21,2920,USGS_12210700
2022,7,22,2860,USGS_12210700
2022,7,23,2650,USGS_12210700
2022,7,24,2610,USGS_12210700
2022,7,25,2680,USGS_12210700
2022,7,26,2890,USGS_12210700
2022,7,27,3170,USGS_12210700
2022,7,28,3160,USGS_12210700
2022,7,29,3010,USGS_12210700
2022,7,30,2690,USGS_12210700
2022,7,31,2410,USGS_12210700
2022,8,1,2230,USGS_12210700
2022,8,2,2130,USGS_12210700
2022,8,3,1930,USGS_12210700
2022,8,4,2010,USGS_12210700
2022,8,5,1780,USGS_12210700
2022,8,6,1620,USGS_12210700
2022,8,7,1600,USGS_12210700
2022,8,8,1690,USGS_12210700
2022,8,9,1740,USGS_12210700
2022,8,10,1880,USGS_12210700
2022,8,11,1880,USGS_12210700
2022,8,12,1750,USGS_12210700
2022,8,13,1660,USGS_12210700
2022,8,14,1460,USGS_12210700
2022,8,15,1460,USGS_12210700
2022,8,16,1500,USGS_12210700
2022,8,17,1580,USGS_12210700
2022,8,18,1820,USGS_12210700
2022,8,19,1950,USGS_12210700
2022,8,20,1790,USGS_12210700
2022,8,21,1680,USGS_12210700
2022,8,22,1570,USGS_12210700
2022,8,23,1500,USGS_12210700
2022,8,24,1520,USGS_12210700
2022,8,25,1570,USGS_12210700
2022,8,26,1590,USGS_12210700
2022,8,27,1410,USGS_12210700
2022,8,28,1180,USGS_12210700
2022,8,29,1180,USGS_12210700
2022,8,30,1340,USGS_12210700
2022,8,31,1450,USGS_12210700
2022,9,1,1430,USGS_12210700
2022,9,2,1330,USGS_12210700
2022,9,3,1310,USGS_12210700
2022,9,4,1190,USGS_12210700
2022,9,5,1180,USGS_12210700
2022,9,6,1020,USGS_12210700
2022,9,7,1050,USGS_12210700
2022,9,8,948,USGS_12210700
2022,9,9,883,USGS_12210700
2022,9,10,881,USGS_12210700
2022,9,11,952,USGS_12210700
2022,9,12,1040,USGS_12210700
2022,9,13,1020,USGS_12210700
2022,9,14,942,USGS_12210700
2022,9,15,893,USGS_12210700
2022,9,16,852,USGS_12210700
2022,9,17,830,USGS_12210700
2022,9,18,738,USGS_12210700
2022,9,19,737,USGS_12210700
2022,9,20,733,USGS_12210700
2022,9,21,699,USGS_12210700
2022,9,22,690,USGS_12210700
2022,9,23,677,USGS_12210700
2022,9,24,677,USGS_12210700
2022,9,25,731,USGS_12210700
2022,9,26,809,USGS_12210700
2022,9,27,849,USGS_12210700
2022,9,28,848,USGS_12210700
2022,9,29,770,USGS_12210700
