year,month,day,hour,map_mm,mat_degc,ptps
2003,10,1,0,0,7.889,0
2003,10,1,6,0,11.454,0
2003,10,1,12,0,19.093,0
2003,10,1,18,0,9.398,0
2003,10,2,0,0,7.407,0
2003,10,2,6,0,11.019,0
2003,10,2,12,0,18.037,0
2003,10,2,18,0,9.926,0
2003,10,3,0,0,7.352,0
2003,10,3,6,0,10.611,0
2003,10,3,12,0,16.019,0
2003,10,3,18,0,10.065,0
2003,10,4,0,0,8.593,0
2003,10,4,6,0,11.444,0
2003,10,4,12,0,16.657,0
2003,10,4,18,0,9.87,0
2003,10,5,0,0,8.556,0
2003,10,5,6,0,11.185,0
2003,10,5,12,0,16.583,0
2003,10,5,18,0,12.028,0
2003,10,6,0,0.0254,11.241,0
2003,10,6,6,0,13.648,0
2003,10,6,12,0.7874,15.426,0
2003,10,6,18,13.4366,13.306,0
2003,10,7,0,2.9972,12.13,0
2003,10,7,6,0.381,11.694,0
2003,10,7,12,0.0508,14.037,0
2003,10,7,18,0.1016,11.769,0
2003,10,8,0,0,11.278,0
2003,10,8,6,1.5748,13.88,0
2003,10,8,12,1.8796,13.222,0
2003,10,8,18,2.413,10.648,0
2003,10,9,0,0.9398,9.444,0
2003,10,9,6,0.127,10.176,0
2003,10,9,12,0.0508,12.37,0
2003,10,9,18,0.127,8.861,0
2003,10,10,0,0,7.981,0
2003,10,10,6,0.0508,9.361,0
2003,10,10,12,0.0254,11.074,0
2003,10,10,18,0,8.222,0
2003,10,11,0,0.0508,8.102,0
2003,10,11,6,1.27,9.954,0
2003,10,11,12,3.8862,10.991,0
2003,10,11,18,1.6764,8.889,0
2003,10,12,0,4.5212,8.185,0
2003,10,12,6,3.556,9.676,0
2003,10,12,12,7.4422,11.944,0
2003,10,12,18,2.8194,10.796,0
2003,10,13,0,0.2032,8.398,0
2003,10,13,6,0,9.12,0
2003,10,13,12,0,12.361,0
2003,10,13,18,0,6.509,0
2003,10,14,0,0,5.722,0
2003,10,14,6,0,7.806,0
2003,10,14,12,0,10.167,0
2003,10,14,18,0,4.944,0
2003,10,15,0,0,4.296,0
2003,10,15,6,4.2418,9.074,0
2003,10,15,12,7.1374,9.704,0
2003,10,15,18,1.27,7.833,0
2003,10,16,0,18.161,7.954,0
2003,10,16,6,29.6418,10.074,0
2003,10,16,12,50.7492,13.222,0
2003,10,16,18,39.2176,13.324,0
2003,10,17,0,21.6916,13.259,0
2003,10,17,6,9.525,13.565,0
2003,10,17,12,7.62,14.25,0
2003,10,17,18,0.0508,13.537,0
2003,10,18,0,0.2032,13.806,0
2003,10,18,6,0,15.352,0
2003,10,18,12,0,18.407,0
2003,10,18,18,0.0762,14.5,0
2003,10,19,0,8.2042,12.898,0
2003,10,19,6,11.3792,12.741,0
2003,10,19,12,2.1844,13.898,0
2003,10,19,18,0.254,11.907,0
2003,10,20,0,15.2654,11.972,0
2003,10,20,6,36.3474,15.75,0
2003,10,20,12,29.1846,15.556,0
2003,10,20,18,19.7866,13.528,0
2003,10,21,0,12.0142,12.333,0
2003,10,21,6,7.8232,12.37,0
2003,10,21,12,0.1524,16.37,0
2003,10,21,18,0,13.472,0
2003,10,22,0,0,14.194,0
2003,10,22,6,0,15.287,0
2003,10,22,12,15.9258,14.343,0
2003,10,22,18,15.367,10.407,0
2003,10,23,0,1.143,6.935,0
2003,10,23,6,0.6096,8.963,0
2003,10,23,12,0.1524,11.796,0
2003,10,23,18,0,6.009,0
2003,10,24,0,0,4.889,0
2003,10,24,6,0,7.315,0
2003,10,24,12,0,11.583,0
2003,10,24,18,0,7.287,0
2003,10,25,0,0,6.324,0
2003,10,25,6,0,8.296,0
2003,10,25,12,0,13.167,0
2003,10,25,18,0,5.519,0.00166666666666667
2003,10,26,0,0,3.37,0.00333333333333333
2003,10,26,6,0,7.806,0
2003,10,26,12,0,12.593,0
2003,10,26,18,0,7.306,0
2003,10,27,0,0.0762,6.731,0
2003,10,27,6,0.5842,8.991,0
2003,10,27,12,0.0508,11.13,0
2003,10,27,18,1.397,9.028,0
2003,10,28,0,18.796,10.435,0
2003,10,28,6,4.1656,11.213,0
2003,10,28,12,1.1938,11.037,0
2003,10,28,18,0.1524,6.824,0
2003,10,29,0,0.127,4.213,0
2003,10,29,6,0,5.241,0
2003,10,29,12,0,7.444,0
2003,10,29,18,0,4.657,0
2003,10,30,0,0,2.667,0.318333333333333
2003,10,30,6,0,3.528,0.293333333333333
2003,10,30,12,0,5.426,0.085
2003,10,30,18,0,1.435,0.935
2003,10,31,0,0,-0.278,1
2003,10,31,6,0,0.222,0.923333333333333
2003,10,31,12,0,3.63,0.403333333333333
2003,10,31,18,0,0.194,1
2003,11,1,0,0,-0.037,1
2003,11,1,6,0,1.574,0.626666666666667
2003,11,1,12,0,4.204,0.0483333333333333
2003,11,1,18,0,0.333,0.791666666666667
2003,11,2,0,0,-0.241,0.973333333333333
2003,11,2,6,0,1.38,0.501666666666667
2003,11,2,12,0,4.676,0.00666666666666667
2003,11,2,18,0,1.056,0.688333333333333
2003,11,3,0,0,-0.898,1
2003,11,3,6,0,0.917,0.636666666666667
2003,11,3,12,0,3.731,0.138333333333333
2003,11,3,18,0,-0.944,1
2003,11,4,0,0,-3.407,1
2003,11,4,6,0,-1,0.796666666666667
2003,11,4,12,0,4.148,0.0866666666666667
2003,11,4,18,0,-2.667,1
2003,11,5,0,0,-4.824,1
2003,11,5,6,0,-1.324,0.765
2003,11,5,12,0,3.926,0.133333333333333
2003,11,5,18,0,-3.213,1
2003,11,6,0,0,-5.037,1
2003,11,6,6,0,-0.861,0.715
2003,11,6,12,0,5.093,0.0733333333333333
2003,11,6,18,0,-2.065,1
2003,11,7,0,0,-3.685,1
2003,11,7,6,0,0.796,0.631666666666667
2003,11,7,12,0,6.296,0.00166666666666667
2003,11,7,18,0,2.222,0.368333333333333
2003,11,8,0,0,2.009,0.335
2003,11,8,6,0,3.88,0.153333333333333
2003,11,8,12,0,6.509,0
2003,11,8,18,0,1.454,0.591666666666667
2003,11,9,0,0,0.556,0.865
2003,11,9,6,0,3.528,0.288333333333333
2003,11,9,12,0,7.194,0
2003,11,9,18,0,3.657,0.00833333333333333
2003,11,10,0,0.0254,3.481,0.00333333333333333
2003,11,10,6,6.35,5.481,0
2003,11,10,12,19.0754,7.306,0
2003,11,10,18,9.7536,6.907,0
2003,11,11,0,2.5908,7.194,0
2003,11,11,6,0,6.602,0
2003,11,11,12,0,7.676,0
2003,11,11,18,0,5.028,0
2003,11,12,0,0,3.935,0
2003,11,12,6,0,4.972,0.00166666666666667
2003,11,12,12,0,7.213,0
2003,11,12,18,0,2.769,0.123333333333333
2003,11,13,0,0,0.704,0.831666666666667
2003,11,13,6,0,3.63,0.376666666666667
2003,11,13,12,0,5.972,0.045
2003,11,13,18,0,1.028,0.866666666666667
2003,11,14,0,0,-0.102,0.92
2003,11,14,6,0.2794,2.861,0.318333333333333
2003,11,14,12,0,7.019,0
2003,11,14,18,0.0508,4.63,0
2003,11,15,0,0.254,5.194,0
2003,11,15,6,2.7432,6.12,0
2003,11,15,12,1.4478,7.333,0
2003,11,15,18,2.1082,5.769,0
2003,11,16,0,0.9652,5.083,0
2003,11,16,6,3.7084,5.611,0
2003,11,16,12,4.2418,6.204,0
2003,11,16,18,7.0612,5.602,0
2003,11,17,0,1.778,5.574,0
2003,11,17,6,1.0414,4.88,0
2003,11,17,12,3.1496,5.083,0
2003,11,17,18,16.1798,4.87,0
2003,11,18,0,22.4028,5.944,0
2003,11,18,6,10.4648,5.148,0
2003,11,18,12,14.8844,5.593,0
2003,11,18,18,36.6014,5.694,0
2003,11,19,0,25.7556,4.333,0.00166666666666667
2003,11,19,6,2.3114,1.991,0.22
2003,11,19,12,2.413,1.611,0.373333333333333
2003,11,19,18,1.8288,1.111,0.488333333333333
2003,11,20,0,1.2192,0.278,0.768333333333333
2003,11,20,6,0.4826,0.62,0.618333333333333
2003,11,20,12,0.6858,1.741,0.385
2003,11,20,18,0,-0.593,0.966666666666667
2003,11,21,0,0,-1.833,1
2003,11,21,6,0,-1.731,1
2003,11,21,12,0,-1.333,1
2003,11,21,18,0,-3.5,1
2003,11,22,0,0,-3.917,1
2003,11,22,6,0,-2.324,1
2003,11,22,12,0,-0.407,0.973333333333333
2003,11,22,18,0,-1.102,0.976666666666667
2003,11,23,0,0,-1.417,0.983333333333333
2003,11,23,6,0.889,0.62,0.556666666666667
2003,11,23,12,7.9502,3.602,0.0133333333333333
2003,11,23,18,6.858,2.991,0.00333333333333333
2003,11,24,0,1.7272,1.463,0.283333333333333
2003,11,24,6,0.2794,0.843,0.548333333333333
2003,11,24,12,0.0762,2.519,0.203333333333333
2003,11,24,18,1.016,1.769,0.208333333333333
2003,11,25,0,2.1082,2.565,0.0483333333333333
2003,11,25,6,1.3208,4.269,0
2003,11,25,12,0.8128,4.5,0.00333333333333333
2003,11,25,18,0.7112,3.157,0.0333333333333333
2003,11,26,0,0.4572,3.25,0.0116666666666667
2003,11,26,6,0,2.935,0.035
2003,11,26,12,0,3.37,0.0216666666666667
2003,11,26,18,0,2.296,0.103333333333333
2003,11,27,0,0,2.148,0.13
2003,11,27,6,0.0508,2.935,0.0566666666666667
2003,11,27,12,0.0254,4.806,0
2003,11,27,18,0.635,5.213,0
2003,11,28,0,7.8994,4.296,0
2003,11,28,6,47.625,3.481,0.015
2003,11,28,12,19.4564,5.426,0
2003,11,28,18,6.8326,5.574,0
2003,11,29,0,0.762,1.917,0.221666666666667
2003,11,29,6,0,2.593,0.0883333333333333
2003,11,29,12,0,4.148,0.0216666666666667
2003,11,29,18,0,0.111,0.655
2003,11,30,0,0,-2.185,0.995
2003,11,30,6,0,-0.083,0.901666666666667
2003,11,30,12,0,2.574,0.555
2003,11,30,18,0,-0.028,1
2003,12,1,0,0,-0.12,0.996666666666667
2003,12,1,6,0,3.167,0.393333333333333
2003,12,1,12,0.1778,6.167,0
2003,12,1,18,0.0254,3.954,0.01
2003,12,2,0,0.9652,4.389,0
2003,12,2,6,1.3208,6.519,0
2003,12,2,12,2.9718,9.287,0
2003,12,2,18,14.3764,7.176,0
2003,12,3,0,0.1016,2.741,0.131666666666667
2003,12,3,6,0,1.796,0.401666666666667
2003,12,3,12,0,5.139,0.0633333333333333
2003,12,3,18,0,0.435,0.948333333333333
2003,12,4,0,0,1.963,0.961666666666667
2003,12,4,6,0.2286,4.278,0.345
2003,12,4,12,1.905,7.593,0
2003,12,4,18,4.3688,4.898,0
2003,12,5,0,1.9812,3.889,0
2003,12,5,6,3.6576,5.546,0
2003,12,5,12,2.2098,6.907,0
2003,12,5,18,4.6228,6.787,0
2003,12,6,0,11.7348,5.333,0
2003,12,6,6,0.2794,2.704,0.0566666666666667
2003,12,6,12,0.381,3.907,0.0116666666666667
2003,12,6,18,0.4064,3.194,0.0166666666666667
2003,12,7,0,0,1.796,0.268333333333333
2003,12,7,6,0.6096,1.889,0.391666666666667
2003,12,7,12,2.54,3.481,0.00166666666666667
2003,12,7,18,0.1524,1.935,0.12
2003,12,8,0,0.6096,1.269,0.268333333333333
2003,12,8,6,0.7366,2.139,0.0833333333333333
2003,12,8,12,0.0762,2.694,0.0566666666666667
2003,12,8,18,0,-0.009,0.815
2003,12,9,0,0,-0.407,1
2003,12,9,6,0,1.583,0.748333333333333
2003,12,9,12,0,3.5,0.176666666666667
2003,12,9,18,0.0254,1.167,0.76
2003,12,10,0,0.127,0.704,0.888333333333333
2003,12,10,6,0.2794,0.926,0.76
2003,12,10,12,0.5334,2.398,0.28
2003,12,10,18,0.4826,1.704,0.273333333333333
2003,12,11,0,0.8636,1.639,0.211666666666667
2003,12,11,6,0.1778,2.111,0.168333333333333
2003,12,11,12,0.7112,4.25,0.00166666666666667
2003,12,11,18,3.5306,2.926,0.02
2003,12,12,0,3.7846,3.12,0.00333333333333333
2003,12,12,6,1.4224,2.546,0.0933333333333333
2003,12,12,12,1.6764,2.722,0.113333333333333
2003,12,12,18,0,1.815,0.193333333333333
2003,12,13,0,0.4826,2.185,0.126666666666667
2003,12,13,6,2.4384,3.824,0
2003,12,13,12,4.3434,4.611,0
2003,12,13,18,3.3274,2.852,0.0433333333333333
2003,12,14,0,2.3368,1.935,0.195
2003,12,14,6,0.9144,2.194,0.125
2003,12,14,12,1.4986,4.037,0
2003,12,14,18,0.5334,2.963,0.0166666666666667
2003,12,15,0,0.4572,2.222,0.075
2003,12,15,6,0,2.574,0.075
2003,12,15,12,0.1778,4.657,0
2003,12,15,18,0.3048,4.38,0
2003,12,16,0,2.0066,5.009,0
2003,12,16,6,4.5466,4.667,0
2003,12,16,12,5.5626,6.565,0
2003,12,16,18,0.7112,4.565,0
2003,12,17,0,0,2.935,0.01
2003,12,17,6,0,2.843,0.171666666666667
2003,12,17,12,0,5.278,0.0166666666666667
2003,12,17,18,0,3.759,0.0283333333333333
2003,12,18,0,0,3.861,0.0283333333333333
2003,12,18,6,0,4.722,0.0233333333333333
2003,12,18,12,0,6.287,0
2003,12,18,18,0,3.75,0.133333333333333
2003,12,19,0,0,2.269,0.64
2003,12,19,6,0,5.398,0.0183333333333333
2003,12,19,12,0,8.25,0
2003,12,19,18,1.2192,5.861,0
2003,12,20,0,1.4478,5.398,0
2003,12,20,6,4.3688,5.454,0
2003,12,20,12,4.0894,6.389,0
2003,12,20,18,3.0734,5.343,0
2003,12,21,0,0.4572,4.731,0
2003,12,21,6,0,5.056,0
2003,12,21,12,0,4.991,0.00166666666666667
2003,12,21,18,0,1.843,0.211666666666667
2003,12,22,0,0,2.38,0.106666666666667
2003,12,22,6,0,3.583,0.0566666666666667
2003,12,22,12,0,5.648,0
2003,12,22,18,0,3.87,0.005
2003,12,23,0,0,4.157,0
2003,12,23,6,0,5.213,0.00333333333333333
2003,12,23,12,1.2192,6.574,0
2003,12,23,18,0.4572,4.907,0
2003,12,24,0,0.7366,5.528,0
2003,12,24,6,0.8128,5.111,0
2003,12,24,12,0.5842,5.194,0
2003,12,24,18,2.6416,3.639,0
2003,12,25,0,2.0574,2.315,0.02
2003,12,25,6,2.2098,3.019,0.00833333333333333
2003,12,25,12,2.1082,2.741,0.0683333333333333
2003,12,25,18,0.889,0.148,0.788333333333333
2003,12,26,0,0.3048,-0.5,0.92
2003,12,26,6,0.1016,0.917,0.525
2003,12,26,12,0,1.648,0.351666666666667
2003,12,26,18,0,-1.296,0.971666666666667
2003,12,27,0,1.4224,-0.019,0.783333333333333
2003,12,27,6,0.4826,0.444,0.635
2003,12,27,12,4.8006,1.185,0.36
2003,12,27,18,4.9022,-0.25,0.836666666666667
2003,12,28,0,3.683,-0.88,0.976666666666667
2003,12,28,6,2.9972,-0.481,0.915
2003,12,28,12,0.7874,-0.157,0.92
2003,12,28,18,0.7874,-3.472,1
2003,12,29,0,0.4826,-3.278,1
2003,12,29,6,0,-2.009,1
2003,12,29,12,0,-1.833,0.998333333333333
2003,12,29,18,0,-5.991,1
2003,12,30,0,0,-5.657,1
2003,12,30,6,0,-2.954,1
2003,12,30,12,0,-1.019,1
2003,12,30,18,0.9906,-2.185,1
2003,12,31,0,2.2606,-1.444,1
2003,12,31,6,1.2954,-1.389,1
2003,12,31,12,0.6096,-0.269,0.893333333333333
2003,12,31,18,1.778,-1.37,0.976666666666667
2004,1,1,0,0.3556,-2.185,1
2004,1,1,6,0,-2.648,1
2004,1,1,12,0.127,-0.889,0.953333333333333
2004,1,1,18,0,-3.991,1
2004,1,2,0,0,-5.546,1
2004,1,2,6,0,-5.426,1
2004,1,2,12,0.127,-4,1
2004,1,2,18,0.7874,-6.296,1
2004,1,3,0,1.6256,-6.565,1
2004,1,3,6,0,-8.231,1
2004,1,3,12,0,-9.778,1
2004,1,3,18,0,-11.296,1
2004,1,4,0,0,-12.028,1
2004,1,4,6,0,-11.278,1
2004,1,4,12,0,-8.778,1
2004,1,4,18,0,-11.426,1
2004,1,5,0,0,-11.556,1
2004,1,5,6,0,-10.093,1
2004,1,5,12,0,-7.278,1
2004,1,5,18,0,-8.824,1
2004,1,6,0,0,-7.648,1
2004,1,6,6,4.9022,-5.917,1
2004,1,6,12,2.6924,-2.991,1
2004,1,6,18,2.8702,-2.593,0.998333333333333
2004,1,7,0,11.5824,-1.963,0.961666666666667
2004,1,7,6,1.8796,-0.148,0.723333333333333
2004,1,7,12,3.1496,2.019,0.218333333333333
2004,1,7,18,0.508,0.843,0.531666666666667
2004,1,8,0,3.0226,3.472,0.0116666666666667
2004,1,8,6,1.6764,2.722,0.11
2004,1,8,12,0,2.111,0.251666666666667
2004,1,8,18,0.0508,2.343,0.148333333333333
2004,1,9,0,2.7432,3.63,0.025
2004,1,9,6,0.2286,5.37,0.00333333333333333
2004,1,9,12,0.2286,6.37,0
2004,1,9,18,2.413,4.926,0
2004,1,10,0,7.0866,3.694,0.00666666666666667
2004,1,10,6,0.7874,3.62,0.015
2004,1,10,12,0.7874,5.019,0.00333333333333333
2004,1,10,18,0,3.963,0.025
2004,1,11,0,0.0254,2.296,0.16
2004,1,11,6,1.3716,4.852,0.00166666666666667
2004,1,11,12,0.127,6.037,0
2004,1,11,18,0,4.352,0.005
2004,1,12,0,0,4.12,0
2004,1,12,6,0,5.991,0
2004,1,12,12,1.8796,6.694,0
2004,1,12,18,7.6708,4.213,0
2004,1,13,0,1.6256,4.315,0
2004,1,13,6,0.9652,5.528,0
2004,1,13,12,0.5588,7.25,0
2004,1,13,18,0.1778,6.611,0
2004,1,14,0,4.3942,6.704,0
2004,1,14,6,4.1148,7.769,0
2004,1,14,12,2.7432,9.009,0
2004,1,14,18,0.7874,6.148,0
2004,1,15,0,2.032,5.593,0
2004,1,15,6,1.5748,6.593,0
2004,1,15,12,0.1524,6.685,0
2004,1,15,18,0,3.556,0.00333333333333333
2004,1,16,0,0,1.315,0.23
2004,1,16,6,0,2.287,0.215
2004,1,16,12,0,5.694,0
2004,1,16,18,0,3.306,0.0466666666666667
2004,1,17,0,0,2.204,0.24
2004,1,17,6,0,3.713,0.05
2004,1,17,12,2.4638,5.648,0
2004,1,17,18,0.3556,5.713,0
2004,1,18,0,4.445,4.602,0
2004,1,18,6,0.7366,4.398,0
2004,1,18,12,4.7752,6.546,0
2004,1,18,18,1.7018,5.509,0
2004,1,19,0,1.0922,3.731,0
2004,1,19,6,0.2032,4.222,0
2004,1,19,12,0,6.083,0
2004,1,19,18,1.9558,2.769,0.0966666666666667
2004,1,20,0,0,0.204,0.725
2004,1,20,6,0,1.343,0.473333333333333
2004,1,20,12,0,4.333,0.005
2004,1,20,18,0,0.343,0.708333333333333
2004,1,21,0,0,-0.861,0.965
2004,1,21,6,0,1.435,0.47
2004,1,21,12,0,4.389,0
2004,1,21,18,0,2.12,0.198333333333333
2004,1,22,0,0,2.509,0.0833333333333333
2004,1,22,6,0,3.296,0.0233333333333333
2004,1,22,12,1.8288,3.963,0.00333333333333333
2004,1,22,18,7.8994,2.407,0.123333333333333
2004,1,23,0,0.5334,2.361,0.045
2004,1,23,6,0.6604,2.685,0.0283333333333333
2004,1,23,12,13.6398,3.62,0
2004,1,23,18,0.5842,1.944,0.0683333333333333
2004,1,24,0,0.9906,1.25,0.215
2004,1,24,6,5.4864,1.481,0.235
2004,1,24,12,0.8128,2.176,0.131666666666667
2004,1,24,18,1.1938,0.926,0.476666666666667
2004,1,25,0,0.9398,0.315,0.736666666666667
2004,1,25,6,0.4826,0.972,0.526666666666667
2004,1,25,12,0.5334,2.352,0.193333333333333
2004,1,25,18,0.7874,0.241,0.773333333333333
2004,1,26,0,3.2766,0.009,0.803333333333333
2004,1,26,6,4.572,0.778,0.501666666666667
2004,1,26,12,7.1882,1.759,0.2
2004,1,26,18,5.207,1.176,0.301666666666667
2004,1,27,0,0.5842,0.769,0.426666666666667
2004,1,27,6,0.6096,0.815,0.44
2004,1,27,12,0.9144,2.222,0.226666666666667
2004,1,27,18,4.1148,-1.185,0.765
2004,1,28,0,7.9756,1.176,0.358333333333333
2004,1,28,6,3.9878,2.176,0.16
2004,1,28,12,2.2352,3.167,0.0416666666666667
2004,1,28,18,5.1816,2.676,0.0466666666666667
2004,1,29,0,9.7536,4.185,0.00166666666666667
2004,1,29,6,5.5626,4.259,0
2004,1,29,12,8.0264,5.194,0
2004,1,29,18,14.9352,5.796,0
2004,1,30,0,11.3284,5.574,0
2004,1,30,6,1.5748,3.62,0.00833333333333333
2004,1,30,12,1.778,3.176,0.0283333333333333
2004,1,30,18,1.2446,2.259,0.08
2004,1,31,0,1.8288,1.574,0.193333333333333
2004,1,31,6,1.7272,1.537,0.32
2004,1,31,12,3.7592,3.87,0.00166666666666667
2004,1,31,18,6.9342,0.963,0.386666666666667
2004,2,1,0,0.7112,-0.019,0.788333333333333
2004,2,1,6,0.0508,1.13,0.39
2004,2,1,12,0,3.111,0.0533333333333333
2004,2,1,18,2.6162,-0.287,0.898333333333333
2004,2,2,0,0.2286,-0.019,0.926666666666667
2004,2,2,6,1.7526,1.769,0.411666666666667
2004,2,2,12,0.1778,3.463,0.0333333333333333
2004,2,2,18,0,2.111,0.171666666666667
2004,2,3,0,0,1.509,0.331666666666667
2004,2,3,6,0,2.046,0.195
2004,2,3,12,0.254,3.444,0
2004,2,3,18,3.8354,2.815,0.00666666666666667
2004,2,4,0,6.6548,2.963,0
2004,2,4,6,0.0508,2.88,0.00666666666666667
2004,2,4,12,0,3.333,0.02
2004,2,4,18,0.2794,-0.833,0.755
2004,2,5,0,0.4064,-1.88,0.901666666666667
2004,2,5,6,0,-0.315,0.713333333333333
2004,2,5,12,0,4.398,0.02
2004,2,5,18,0.0254,4.176,0.03
2004,2,6,0,0.7874,3.954,0
2004,2,6,6,3.4798,4.083,0
2004,2,6,12,1.6002,5.602,0
2004,2,6,18,0.0508,2.898,0.02
2004,2,7,0,2.0574,2.111,0.02
2004,2,7,6,0.1524,2.694,0.0533333333333333
2004,2,7,12,0.3556,5.176,0
2004,2,7,18,0.3556,1.713,0.236666666666667
2004,2,8,0,0.5842,-0.333,0.901666666666667
2004,2,8,6,0.4826,2.861,0.085
2004,2,8,12,0,4.898,0
2004,2,8,18,0.2032,-0.565,0.84
2004,2,9,0,0,-1.926,1
2004,2,9,6,0,1.028,0.528333333333333
2004,2,9,12,0,6.389,0
2004,2,9,18,0,-0.13,0.723333333333333
2004,2,10,0,0,-0.917,0.986666666666667
2004,2,10,6,0,3.102,0.411666666666667
2004,2,10,12,0,9.194,0
2004,2,10,18,0,3.731,0.16
2004,2,11,0,0,-0.111,0.931666666666667
2004,2,11,6,0,3.269,0.416666666666667
2004,2,11,12,0,10.037,0
2004,2,11,18,0,3.491,0.351666666666667
2004,2,12,0,0,0.046,0.986666666666667
2004,2,12,6,0,3.833,0.426666666666667
2004,2,12,12,0,9.583,0
2004,2,12,18,0,3.444,0.508333333333333
2004,2,13,0,0,1.333,0.996666666666667
2004,2,13,6,0,3.093,0.493333333333333
2004,2,13,12,0,7.306,0
2004,2,13,18,0,4.454,0.0233333333333333
2004,2,14,0,3.429,4.102,0
2004,2,14,6,5.7912,4.574,0
2004,2,14,12,0.1778,5.713,0
2004,2,14,18,0.4572,3.306,0.0233333333333333
2004,2,15,0,0.3048,4.87,0
2004,2,15,6,6.5024,5.259,0
2004,2,15,12,3.1496,5.907,0
2004,2,15,18,0.0254,2.5,0.0783333333333333
2004,2,16,0,0,2.713,0.145
2004,2,16,6,1.5748,5.269,0.0133333333333333
2004,2,16,12,9.7536,6.111,0
2004,2,16,18,1.1684,4,0.005
2004,2,17,0,0.1524,2.63,0.17
2004,2,17,6,0,4.426,0.07
2004,2,17,12,2.0574,7.991,0
2004,2,17,18,2.7432,5.861,0
2004,2,18,0,1.524,4.981,0
2004,2,18,6,4.0132,5.574,0
2004,2,18,12,1.7526,7.046,0
2004,2,18,18,1.7018,4.731,0
2004,2,19,0,0.5588,3.861,0
2004,2,19,6,0.0762,5.639,0
2004,2,19,12,0.2286,7.944,0
2004,2,19,18,0,1.926,0.203333333333333
2004,2,20,0,0,0.491,0.623333333333333
2004,2,20,6,0,4.009,0.146666666666667
2004,2,20,12,0,9.019,0
2004,2,20,18,0,1,0.67
2004,2,21,0,0,-1.63,1
2004,2,21,6,0,2.148,0.5
2004,2,21,12,0,10.259,0
2004,2,21,18,0,1.074,0.688333333333333
2004,2,22,0,0,-0.472,1
2004,2,22,6,0,2.639,0.456666666666667
2004,2,22,12,0,8.667,0
2004,2,22,18,0,3.287,0.213333333333333
2004,2,23,0,0,3.278,0.0633333333333333
2004,2,23,6,0.4318,5.435,0
2004,2,23,12,0.1778,8.769,0
2004,2,23,18,0.4572,4.102,0.00333333333333333
2004,2,24,0,0,3.602,0.00166666666666667
2004,2,24,6,0.2286,5.083,0.01
2004,2,24,12,0,8.315,0
2004,2,24,18,0,4.472,0.00333333333333333
2004,2,25,0,0,2.046,0.221666666666667
2004,2,25,6,0,4.565,0.176666666666667
2004,2,25,12,0.7366,8.694,0
2004,2,25,18,0.4826,5.231,0
2004,2,26,0,0.0254,2.148,0.165
2004,2,26,6,0.0508,5.157,0.0133333333333333
2004,2,26,12,3.175,8.324,0
2004,2,26,18,3.9116,5.241,0
2004,2,27,0,0,3.907,0
2004,2,27,6,0,5.444,0
2004,2,27,12,0.5334,8.324,0
2004,2,27,18,0,4.25,0
2004,2,28,0,0.4826,3.583,0.00166666666666667
2004,2,28,6,0.0762,4.954,0
2004,2,28,12,1.016,8.88,0
2004,2,28,18,0.5588,3.352,0.005
2004,2,29,0,0.4826,3.093,0
2004,2,29,6,0,4.759,0.00833333333333333
2004,2,29,12,0,10.083,0
2004,2,29,18,0,4.019,0.0216666666666667
2004,3,1,0,0,0.065,0.783333333333333
2004,3,1,6,0,3.037,0.328333333333333
2004,3,1,12,0,10.213,0
2004,3,1,18,0,4.509,0.0283333333333333
2004,3,2,0,0,1.898,0.421666666666667
2004,3,2,6,0,1.926,0.575
2004,3,2,12,0.0254,6.759,0.01
2004,3,2,18,0,0.528,0.92
2004,3,3,0,3.8354,1.519,0.556666666666667
2004,3,3,6,10.5156,4.222,0.0316666666666667
2004,3,3,12,4.3434,5.556,0
2004,3,3,18,9.5504,4.111,0
2004,3,4,0,7.7978,3.704,0.005
2004,3,4,6,1.9304,3.694,0.0166666666666667
2004,3,4,12,0.2286,5.981,0
2004,3,4,18,0,3.787,0.01
2004,3,5,0,1.2192,2.676,0.0433333333333333
2004,3,5,6,7.9756,4.324,0.00833333333333333
2004,3,5,12,2.2606,5.444,0.005
2004,3,5,18,0.4826,2.593,0.085
2004,3,6,0,0.3556,1.852,0.188333333333333
2004,3,6,6,0.381,2.37,0.195
2004,3,6,12,0.127,5.213,0.005
2004,3,6,18,5.334,3.778,0.00833333333333333
2004,3,7,0,13.0556,5.065,0
2004,3,7,6,18.5674,8.398,0
2004,3,7,12,4.3942,9.037,0
2004,3,7,18,4.953,5.944,0
2004,3,8,0,0.5842,6.111,0
2004,3,8,6,0,7.926,0
2004,3,8,12,0,11.944,0
2004,3,8,18,0,6.778,0
2004,3,9,0,0.254,5.5,0
2004,3,9,6,9.0932,7.676,0
2004,3,9,12,0.1016,10,0
2004,3,9,18,0,3.611,0.0633333333333333
2004,3,10,0,0,0.713,0.636666666666667
2004,3,10,6,0,3.278,0.413333333333333
2004,3,10,12,0,10.343,0
2004,3,10,18,0,2.926,0.5
2004,3,11,0,0,1.056,0.966666666666667
2004,3,11,6,0,4.435,0.416666666666667
2004,3,11,12,0,10.259,0
2004,3,11,18,0,5,0.135
2004,3,12,0,0,4.398,0.0416666666666667
2004,3,12,6,0,6.111,0
2004,3,12,12,0,8.907,0
2004,3,12,18,0,4.667,0
2004,3,13,0,0,3.009,0.0766666666666667
2004,3,13,6,0.4318,6.065,0.0366666666666667
2004,3,13,12,0.3048,10.75,0
2004,3,13,18,0.254,7.231,0
2004,3,14,0,1.8542,5.148,0
2004,3,14,6,2.159,5.806,0
2004,3,14,12,1.143,8.833,0
2004,3,14,18,0.1016,4.352,0.02
2004,3,15,0,0,2.88,0.07
2004,3,15,6,0.0508,5.722,0.00166666666666667
2004,3,15,12,0,7.259,0
2004,3,15,18,0.2286,4.37,0.005
2004,3,16,0,0.9652,3.778,0.01
2004,3,16,6,0.9398,5.426,0
2004,3,16,12,0.2032,7.556,0
2004,3,16,18,0.4064,5.713,0
2004,3,17,0,0.2286,5.12,0
2004,3,17,6,2.2352,5.259,0
2004,3,17,12,2.6924,5.926,0
2004,3,17,18,0.7874,6.509,0
2004,3,18,0,2.0574,6.991,0
2004,3,18,6,3.6068,6.278,0
2004,3,18,12,2.794,6.213,0.00333333333333333
2004,3,18,18,3.429,3.398,0.065
2004,3,19,0,2.0828,2.991,0.0716666666666667
2004,3,19,6,2.5654,4.565,0.0233333333333333
2004,3,19,12,0.9398,8.176,0
2004,3,19,18,1.016,2.481,0.341666666666667
2004,3,20,0,0,1.796,0.383333333333333
2004,3,20,6,0,6.87,0.00833333333333333
2004,3,20,12,0,12.037,0
2004,3,20,18,0,9.13,0
2004,3,21,0,0,6.75,0
2004,3,21,6,0,9.759,0
2004,3,21,12,0,14.398,0
2004,3,21,18,0,7.62,0
2004,3,22,0,0,5.63,0.00666666666666667
2004,3,22,6,0,7.519,0.015
2004,3,22,12,0,13.37,0
2004,3,22,18,0,6.694,0
2004,3,23,0,0,5.463,0
2004,3,23,6,0,7.426,0
2004,3,23,12,0,9.954,0
2004,3,23,18,0,6.306,0
2004,3,24,0,0.381,5.361,0
2004,3,24,6,11.9126,8.028,0
2004,3,24,12,3.0734,8.509,0
2004,3,24,18,1.8796,4.157,0.03
2004,3,25,0,0.0508,3.213,0.0733333333333333
2004,3,25,6,1.3462,5.694,0.00666666666666667
2004,3,25,12,5.6642,8.574,0
2004,3,25,18,10.7188,6.065,0
2004,3,26,0,0.9398,4.88,0
2004,3,26,6,0.889,4.972,0.00333333333333333
2004,3,26,12,1.6002,8.491,0
2004,3,26,18,1.524,5.704,0
2004,3,27,0,1.2954,5.056,0
2004,3,27,6,0.5842,5.102,0.00166666666666667
2004,3,27,12,0,10.861,0
2004,3,27,18,0,7.454,0
2004,3,28,0,0,3.713,0.015
2004,3,28,6,0,8.019,0
2004,3,28,12,0,15.278,0
2004,3,28,18,0,8.741,0.00333333333333333
2004,3,29,0,0,7.546,0.00333333333333333
2004,3,29,6,0,11.509,0
2004,3,29,12,0,16.389,0
2004,3,29,18,0,10.037,0
2004,3,30,0,1.3208,7.417,0
2004,3,30,6,8.9662,8.352,0
2004,3,30,12,4.4704,7.778,0
2004,3,30,18,0.1778,3.296,0.103333333333333
2004,3,31,0,0,0.944,0.495
2004,3,31,6,0.2286,3.565,0.17
2004,3,31,12,0,8.537,0
2004,3,31,18,0.2286,1.63,0.503333333333333
2004,4,1,0,0,-1.157,0.995
2004,4,1,6,0,5.639,0.138333333333333
2004,4,1,12,0,12.963,0
2004,4,1,18,0,2.093,0.611666666666667
2004,4,2,0,0,-0.269,0.958333333333333
2004,4,2,6,0,7.63,0.0633333333333333
2004,4,2,12,0,16.583,0
2004,4,2,18,0,6.657,0.208333333333333
2004,4,3,0,0,3.185,0.368333333333333
2004,4,3,6,0,9.009,0.01
2004,4,3,12,0,15.176,0
2004,4,3,18,0,7.491,0
2004,4,4,0,0,3.491,0.0583333333333333
2004,4,4,6,0,7.546,0.00166666666666667
2004,4,4,12,0,12.731,0
2004,4,4,18,0,3.315,0.256666666666667
2004,4,5,0,0,1.5,0.578333333333333
2004,4,5,6,0,7.639,0.0116666666666667
2004,4,5,12,0,13.639,0
2004,4,5,18,0,4.62,0.02
2004,4,6,0,0,1.741,0.326666666666667
2004,4,6,6,0,7.213,0
2004,4,6,12,0,12.759,0
2004,4,6,18,0,4.796,0.00833333333333333
2004,4,7,0,0,3.722,0.00833333333333333
2004,4,7,6,0,8.389,0
2004,4,7,12,0,13.63,0
2004,4,7,18,0.2032,6.028,0
2004,4,8,0,0,3.204,0.0383333333333333
2004,4,8,6,0,8.472,0
2004,4,8,12,0,15.352,0
2004,4,8,18,0,6.037,0.00666666666666667
2004,4,9,0,0,3.204,0.14
2004,4,9,6,0,9.731,0.00333333333333333
2004,4,9,12,0,18.231,0
2004,4,9,18,0,7.593,0.01
2004,4,10,0,0,4.426,0.108333333333333
2004,4,10,6,0,11.519,0
2004,4,10,12,0,19.759,0
2004,4,10,18,0,10.157,0
2004,4,11,0,0,7.324,0
2004,4,11,6,0,12.231,0
2004,4,11,12,0,18.194,0
2004,4,11,18,0,10.583,0
2004,4,12,0,0,7.852,0
2004,4,12,6,0,11.815,0
2004,4,12,12,0,14.787,0
2004,4,12,18,0.1778,9.213,0
2004,4,13,0,0.1778,7.139,0
2004,4,13,6,0.0254,9.574,0
2004,4,13,12,0,13.463,0
2004,4,13,18,0,8.37,0
2004,4,14,0,0.1016,6.278,0
2004,4,14,6,0.4318,8.528,0
2004,4,14,12,0.4572,11.676,0
2004,4,14,18,0.381,6.667,0
2004,4,15,0,0,4.444,0
2004,4,15,6,0.4318,7.046,0
2004,4,15,12,1.1938,10.472,0
2004,4,15,18,0.9398,5.639,0
2004,4,16,0,0.7874,5.426,0
2004,4,16,6,1.27,7.648,0
2004,4,16,12,2.8448,10.685,0
2004,4,16,18,3.7084,5.75,0
2004,4,17,0,1.016,3.824,0.005
2004,4,17,6,0.1524,6.833,0
2004,4,17,12,0.0508,11.389,0
2004,4,17,18,0.635,5.963,0.00166666666666667
2004,4,18,0,0,3.611,0.0716666666666667
2004,4,18,6,0.0254,9.787,0
2004,4,18,12,0.1016,13.093,0
2004,4,18,18,0.0254,5.231,0.00833333333333333
2004,4,19,0,0.1016,5.056,0
2004,4,19,6,0.2794,8.491,0
2004,4,19,12,0.254,12.769,0
2004,4,19,18,2.2098,8.417,0
2004,4,20,0,2.4638,6.056,0
2004,4,20,6,0.0254,9.463,0
2004,4,20,12,0.0254,13.352,0
2004,4,20,18,0,5.833,0.005
2004,4,21,0,0,2.935,0.0866666666666667
2004,4,21,6,0,9,0
2004,4,21,12,0,15.333,0
2004,4,21,18,0,6.315,0.005
2004,4,22,0,0,2.88,0.101666666666667
2004,4,22,6,0,9.796,0
2004,4,22,12,0,15.157,0
2004,4,22,18,0,10,0
2004,4,23,0,0.0508,8.778,0
2004,4,23,6,6.1468,10.278,0
2004,4,23,12,4.064,10.028,0
2004,4,23,18,1.8288,6.194,0
2004,4,24,0,0.3556,4.87,0
2004,4,24,6,0,9.769,0
2004,4,24,12,0,13.963,0
2004,4,24,18,0,6.583,0.00166666666666667
2004,4,25,0,0,4.093,0.025
2004,4,25,6,0,11,0
2004,4,25,12,0,17.685,0
2004,4,25,18,0,9.62,0
2004,4,26,0,0,6.833,0.00666666666666667
2004,4,26,6,0,12.574,0
2004,4,26,12,0,18.315,0
2004,4,26,18,0,10.815,0
2004,4,27,0,0,8.009,0
2004,4,27,6,2.5146,11.37,0
2004,4,27,12,1.651,11.972,0
2004,4,27,18,0.1016,7.12,0
2004,4,28,0,0,5.426,0.0416666666666667
2004,4,28,6,0,9.361,0.00333333333333333
2004,4,28,12,0,16.713,0
2004,4,28,18,0,7.306,0.0633333333333333
2004,4,29,0,0,3.472,0.275
2004,4,29,6,0,12.509,0
2004,4,29,12,0,20.556,0
2004,4,29,18,0,9.602,0
2004,4,30,0,0,6.176,0.00166666666666667
2004,4,30,6,0,14.583,0
2004,4,30,12,0,22.157,0
2004,4,30,18,0,11.639,0
2004,5,1,0,0,7.87,0
2004,5,1,6,0,15.139,0
2004,5,1,12,0,19.741,0
2004,5,1,18,0,12.861,0
2004,5,2,0,0,10.167,0
2004,5,2,6,0,14.213,0
2004,5,2,12,0,16.37,0
2004,5,2,18,0,10.046,0
2004,5,3,0,0,7.537,0
2004,5,3,6,0,11.083,0
2004,5,3,12,0.3048,13.167,0
2004,5,3,18,0.381,9.87,0
2004,5,4,0,0.2286,8.537,0
2004,5,4,6,2.2352,11.176,0
2004,5,4,12,3.3782,12.824,0
2004,5,4,18,0.9144,8.963,0
2004,5,5,0,0.0254,6.306,0
2004,5,5,6,0.1778,9.222,0
2004,5,5,12,0.0508,13.12,0
2004,5,5,18,0.2794,7.991,0
2004,5,6,0,0,4.139,0.00666666666666667
2004,5,6,6,0,9.713,0
2004,5,6,12,0,14.657,0
2004,5,6,18,0,8.796,0
2004,5,7,0,0,7.454,0
2004,5,7,6,0.3302,13.352,0
2004,5,7,12,0.508,14.12,0
2004,5,7,18,0.1778,10.722,0
2004,5,8,0,0.254,8.731,0
2004,5,8,6,0,12.843,0
2004,5,8,12,0,15.843,0
2004,5,8,18,0,10.824,0
2004,5,9,0,0.2032,7.25,0
2004,5,9,6,1.016,11.333,0
2004,5,9,12,0.0508,14.074,0
2004,5,9,18,0.2032,8.694,0
2004,5,10,0,0,6.157,0
2004,5,10,6,1.4224,11.296,0
2004,5,10,12,0.8636,14.741,0
2004,5,10,18,0.8128,8.491,0
2004,5,11,0,3.7592,5.972,0
2004,5,11,6,0,10.222,0
2004,5,11,12,0,15.926,0
2004,5,11,18,0,8.889,0
2004,5,12,0,0,6.491,0
2004,5,12,6,0,12.056,0
2004,5,12,12,0,17.574,0
2004,5,12,18,0,10.352,0
2004,5,13,0,0,5.111,0.0116666666666667
2004,5,13,6,0,12.907,0
2004,5,13,12,0,18.204,0
2004,5,13,18,0,9.667,0
2004,5,14,0,0,5.454,0
2004,5,14,6,0,12.537,0
2004,5,14,12,0,17.315,0
2004,5,14,18,0,10.083,0
2004,5,15,0,0,5.787,0
2004,5,15,6,0,14.185,0
2004,5,15,12,0,16.306,0
2004,5,15,18,0,10.343,0
2004,5,16,0,0,7.657,0
2004,5,16,6,0,12.676,0
2004,5,16,12,0,17.194,0
2004,5,16,18,0,8.546,0
2004,5,17,0,0,7.194,0
2004,5,17,6,0,13.259,0
2004,5,17,12,0.0508,19.769,0
2004,5,17,18,0,10.954,0
2004,5,18,0,0,8.176,0
2004,5,18,6,0,14.648,0
2004,5,18,12,0,18.907,0
2004,5,18,18,0,12.398,0
2004,5,19,0,0,10.056,0
2004,5,19,6,0,12.537,0
2004,5,19,12,0,17.398,0
2004,5,19,18,0,11.435,0
2004,5,20,0,0,8.852,0
2004,5,20,6,0,13.074,0
2004,5,20,12,0,16.13,0
2004,5,20,18,0,10.926,0
2004,5,21,0,0,9.287,0
2004,5,21,6,0,12.028,0
2004,5,21,12,0.7112,15.157,0
2004,5,21,18,2.54,11.481,0
2004,5,22,0,7.3406,9.972,0
2004,5,22,6,5.334,10.917,0
2004,5,22,12,3.6322,14.315,0
2004,5,22,18,0.7112,10.583,0
2004,5,23,0,0.0508,8.889,0
2004,5,23,6,0,13.037,0
2004,5,23,12,0,17.185,0
2004,5,23,18,0,10.963,0
2004,5,24,0,0,8.491,0
2004,5,24,6,0,13.704,0
2004,5,24,12,0,17.722,0
2004,5,24,18,0,11.602,0
2004,5,25,0,0,8.324,0
2004,5,25,6,1.016,14.398,0
2004,5,25,12,13.335,13.333,0
2004,5,25,18,3.4036,11.083,0
2004,5,26,0,1.9812,10.509,0
2004,5,26,6,1.7018,12.278,0
2004,5,26,12,0.9652,12.972,0
2004,5,26,18,0.7874,10.278,0
2004,5,27,0,0.5842,8,0
2004,5,27,6,6.6548,10.25,0
2004,5,27,12,15.6718,12.62,0
2004,5,27,18,17.2974,10.139,0
2004,5,28,0,6.8326,8.583,0
2004,5,28,6,0.508,10.204,0
2004,5,28,12,1.1684,12.981,0
2004,5,28,18,0.4318,8.833,0
2004,5,29,0,0.0254,7.722,0
2004,5,29,6,0.1016,11.593,0
2004,5,29,12,0.1778,14.417,0
2004,5,29,18,1.5748,9.472,0
2004,5,30,0,2.0066,8.972,0
2004,5,30,6,2.1844,12.565,0
2004,5,30,12,2.0066,14.444,0
2004,5,30,18,0.3302,10.5,0
2004,5,31,0,0.1016,8.056,0
2004,5,31,6,0.7366,10.972,0
2004,5,31,12,0.2794,14.296,0
2004,5,31,18,0,10.472,0
2004,6,1,0,0.508,8.648,0
2004,6,1,6,0.1016,11.731,0
2004,6,1,12,0.0762,17.074,0
2004,6,1,18,0,12.657,0
2004,6,2,0,0,9.102,0
2004,6,2,6,0,14.528,0
2004,6,2,12,0,20.806,0
2004,6,2,18,0,12.278,0
2004,6,3,0,0,8.481,0
2004,6,3,6,0,16.315,0
2004,6,3,12,0,22.954,0
2004,6,3,18,0,14.296,0
2004,6,4,0,0,9.676,0
2004,6,4,6,0,15.417,0
2004,6,4,12,0,20.694,0
2004,6,4,18,0.254,15.778,0
2004,6,5,0,0.3302,13.139,0
2004,6,5,6,1.8288,14.167,0
2004,6,5,12,3.7592,15.991,0
2004,6,5,18,14.351,11.593,0
2004,6,6,0,2.3876,10.435,0
2004,6,6,6,0.2286,12.389,0
2004,6,6,12,0.0508,16.093,0
2004,6,6,18,0,12.361,0
2004,6,7,0,0,9.296,0
2004,6,7,6,1.3208,13.75,0
2004,6,7,12,0.0762,18.759,0
2004,6,7,18,0,12.231,0
2004,6,8,0,0,9.769,0
2004,6,8,6,0,16.194,0
2004,6,8,12,0,21.028,0
2004,6,8,18,0,14.537,0
2004,6,9,0,0.1524,11.278,0
2004,6,9,6,0.127,14.769,0
2004,6,9,12,0,17.38,0
2004,6,9,18,0,12.602,0
2004,6,10,0,0.4064,10.481,0
2004,6,10,6,3.8608,11.528,0
2004,6,10,12,2.3622,14.139,0
2004,6,10,18,1.3716,10.852,0
2004,6,11,0,0.4318,9.389,0
2004,6,11,6,0.0508,10.88,0
2004,6,11,12,0,14.065,0
2004,6,11,18,0,9.991,0
2004,6,12,0,0,8.194,0
2004,6,12,6,0,12.12,0
2004,6,12,12,0.5334,13.917,0
2004,6,12,18,6.7564,10.13,0
2004,6,13,0,7.8486,9.38,0
2004,6,13,6,0.8382,11.37,0
2004,6,13,12,0.8382,14.62,0
2004,6,13,18,0.7112,10.917,0
2004,6,14,0,0.5842,8.398,0
2004,6,14,6,0.1016,11.935,0
2004,6,14,12,0,16.509,0
2004,6,14,18,0.0254,11.843,0
2004,6,15,0,0,6.787,0
2004,6,15,6,0,13.176,0
2004,6,15,12,0,20.472,0
2004,6,15,18,0,13.037,0
2004,6,16,0,0,7.593,0
2004,6,16,6,0,17.991,0
2004,6,16,12,0,25.13,0
2004,6,16,18,0,16.009,0
2004,6,17,0,0,11.852,0
2004,6,17,6,0,21.287,0
2004,6,17,12,0,26.694,0
2004,6,17,18,0,17.38,0
2004,6,18,0,0,12.074,0
2004,6,18,6,0,21.574,0
2004,6,18,12,0,26.75,0
2004,6,18,18,0,19,0
2004,6,19,0,0,12.583,0
2004,6,19,6,0,21.815,0
2004,6,19,12,0,26.426,0
2004,6,19,18,0,18.426,0
2004,6,20,0,0,11.5,0
2004,6,20,6,0,21.333,0
2004,6,20,12,0,26.935,0
2004,6,20,18,0,17.963,0
2004,6,21,0,0,10.759,0
2004,6,21,6,0,20.148,0
2004,6,21,12,0,25.231,0
2004,6,21,18,0,17.815,0
2004,6,22,0,0,11.574,0
2004,6,22,6,0,17.759,0
2004,6,22,12,0,21.509,0
2004,6,22,18,0,16.25,0
2004,6,23,0,0,11.759,0
2004,6,23,6,0,15.954,0
2004,6,23,12,0,18.944,0
2004,6,23,18,0,14.741,0
2004,6,24,0,0,12.667,0
2004,6,24,6,0,15.546,0
2004,6,24,12,0,18.25,0
2004,6,24,18,0,15.519,0
2004,6,25,0,0,12.991,0
2004,6,25,6,0,16.046,0
2004,6,25,12,0,20.204,0
2004,6,25,18,0,16.037,0
2004,6,26,0,0,12.463,0
2004,6,26,6,0,15.62,0
2004,6,26,12,0,19.907,0
2004,6,26,18,0,15.204,0
2004,6,27,0,0,10.741,0
2004,6,27,6,0,17.241,0
2004,6,27,12,0,22.417,0
2004,6,27,18,0,15.435,0
2004,6,28,0,0,9.426,0
2004,6,28,6,0,17.25,0
2004,6,28,12,0,23.343,0
2004,6,28,18,0,15.065,0
2004,6,29,0,0,8.796,0
2004,6,29,6,0,16.796,0
2004,6,29,12,0,22.602,0
2004,6,29,18,0,14.593,0
2004,6,30,0,0,9.009,0
2004,6,30,6,0,16.296,0
2004,6,30,12,0,22.037,0
2004,6,30,18,0,15.5,0
2004,7,1,0,0,10.398,0
2004,7,1,6,0,16.38,0
2004,7,1,12,0,19.519,0
2004,7,1,18,0,15.102,0
2004,7,2,0,0,12.065,0
2004,7,2,6,0.0254,17.111,0
2004,7,2,12,0.0762,18.333,0
2004,7,2,18,0.0254,15.537,0
2004,7,3,0,0.1016,13.463,0
2004,7,3,6,0,16.611,0
2004,7,3,12,0,20.62,0
2004,7,3,18,0,16.37,0
2004,7,4,0,0.0254,11.741,0
2004,7,4,6,3.2766,16.667,0
2004,7,4,12,0.6096,21.38,0
2004,7,4,18,0,14.981,0
2004,7,5,0,0,9.944,0
2004,7,5,6,0,17,0
2004,7,5,12,0,20.991,0
2004,7,5,18,0,14.917,0
2004,7,6,0,0.127,12.028,0
2004,7,6,6,5.1816,15.241,0
2004,7,6,12,1.1938,18.565,0
2004,7,6,18,0.635,14.88,0
2004,7,7,0,8.128,11.972,0
2004,7,7,6,0,13.75,0
2004,7,7,12,0,17.241,0
2004,7,7,18,0,13.315,0
2004,7,8,0,0,11.463,0
2004,7,8,6,0,13.685,0
2004,7,8,12,0,17.259,0
2004,7,8,18,0,12.185,0
2004,7,9,0,0,9.787,0
2004,7,9,6,0,13.88,0
2004,7,9,12,0,17.75,0
2004,7,9,18,0,13.398,0
2004,7,10,0,0,10.676,0
2004,7,10,6,0,16.435,0
2004,7,10,12,0,19.009,0
2004,7,10,18,0,13.954,0
2004,7,11,0,0,12.241,0
2004,7,11,6,0,15.806,0
2004,7,11,12,0,22.62,0
2004,7,11,18,0,17,0
2004,7,12,0,0,11.287,0
2004,7,12,6,0,18.602,0
2004,7,12,12,0,24.944,0
2004,7,12,18,0,16.389,0
2004,7,13,0,0,12.398,0
2004,7,13,6,0.7112,19.87,0
2004,7,13,12,0,25.269,0
2004,7,13,18,0,18.213,0
2004,7,14,0,0,13.093,0
2004,7,14,6,0,18.519,0
2004,7,14,12,0,23.074,0
2004,7,14,18,0,16.824,0
2004,7,15,0,0,13.417,0
2004,7,15,6,0,18.574,0
2004,7,15,12,0,23.981,0
2004,7,15,18,0,16.37,0
2004,7,16,0,0,12.231,0
2004,7,16,6,0,18.519,0
2004,7,16,12,0,26.111,0
2004,7,16,18,0,18.852,0
2004,7,17,0,0,13.019,0
2004,7,17,6,0,20.463,0
2004,7,17,12,0,26.87,0
2004,7,17,18,0,18.389,0
2004,7,18,0,0,14.287,0
2004,7,18,6,0,21.046,0
2004,7,18,12,0,25.519,0
2004,7,18,18,0.0762,19.056,0
2004,7,19,0,0,15.87,0
2004,7,19,6,0,19.315,0
2004,7,19,12,0,23.833,0
2004,7,19,18,0,18.574,0
2004,7,20,0,0.0508,15.509,0
2004,7,20,6,0.6096,19.13,0
2004,7,20,12,2.1844,23.787,0
2004,7,20,18,0.127,17.824,0
2004,7,21,0,0,12.093,0
2004,7,21,6,0,18.944,0
2004,7,21,12,0,26.88,0
2004,7,21,18,0,17.926,0
2004,7,22,0,0,13.324,0
2004,7,22,6,0,22.306,0
2004,7,22,12,0,30.657,0
2004,7,22,18,0,20.972,0
2004,7,23,0,0,15.343,0
2004,7,23,6,0,25.611,0
2004,7,23,12,0,31.231,0
2004,7,23,18,0,22.528,0
2004,7,24,0,0,16.907,0
2004,7,24,6,0,24.093,0
2004,7,24,12,0,27.13,0
2004,7,24,18,0,20.454,0
2004,7,25,0,0,15.657,0
2004,7,25,6,0,20.5,0
2004,7,25,12,0,23.426,0
2004,7,25,18,0,16.602,0
2004,7,26,0,0,12.157,0
2004,7,26,6,0,18.602,0
2004,7,26,12,0,24.194,0
2004,7,26,18,0,17.537,0
2004,7,27,0,0,12.843,0
2004,7,27,6,0,20.194,0
2004,7,27,12,0,25.407,0
2004,7,27,18,0,18.741,0
2004,7,28,0,0,13.324,0
2004,7,28,6,0,20.593,0
2004,7,28,12,0,25.639,0
2004,7,28,18,0,18.722,0
2004,7,29,0,0,14.056,0
2004,7,29,6,0,21.241,0
2004,7,29,12,0,25.157,0
2004,7,29,18,0,18.824,0
2004,7,30,0,0,14.093,0
2004,7,30,6,0,20.093,0
2004,7,30,12,0,24.806,0
2004,7,30,18,0,17.639,0
2004,7,31,0,0,12.463,0
2004,7,31,6,0,19.852,0
2004,7,31,12,0,25.185,0
2004,7,31,18,0,17.444,0
2004,8,1,0,0,11.306,0
2004,8,1,6,0,18.37,0
2004,8,1,12,0,24.009,0
2004,8,1,18,0,16.694,0
2004,8,2,0,0,11.796,0
2004,8,2,6,0,18.509,0
2004,8,2,12,0,23.241,0
2004,8,2,18,0,17.435,0
2004,8,3,0,0,14.537,0
2004,8,3,6,0,18.343,0
2004,8,3,12,0,21.352,0
2004,8,3,18,0,16.759,0
2004,8,4,0,1.4224,14.361,0
2004,8,4,6,0,16.574,0
2004,8,4,12,0.2032,20.204,0
2004,8,4,18,0,16.111,0
2004,8,5,0,0.1016,12.537,0
2004,8,5,6,0,16.315,0
2004,8,5,12,0,18.907,0
2004,8,5,18,0,14.907,0
2004,8,6,0,0.0254,12.861,0
2004,8,6,6,10.287,16.167,0
2004,8,6,12,8.1534,19.148,0
2004,8,6,18,0.381,15.509,0
2004,8,7,0,0.3302,13.602,0
2004,8,7,6,0.2794,17.769,0
2004,8,7,12,0.0254,23.954,0
2004,8,7,18,0,15.019,0
2004,8,8,0,0,12.417,0
2004,8,8,6,0,19.444,0
2004,8,8,12,0,28.102,0
2004,8,8,18,0,17.102,0
2004,8,9,0,0,14.287,0
2004,8,9,6,0,22.009,0
2004,8,9,12,0,29.213,0
2004,8,9,18,0,18.444,0
2004,8,10,0,0,14.593,0
2004,8,10,6,0,21.213,0
2004,8,10,12,0,28.287,0
2004,8,10,18,0,17.083,0
2004,8,11,0,0,12.056,0
2004,8,11,6,0,19.806,0
2004,8,11,12,0,27.444,0
2004,8,11,18,0,16.556,0
2004,8,12,0,0,12.944,0
2004,8,12,6,0,20.157,0
2004,8,12,12,0,27.481,0
2004,8,12,18,0,16.694,0
2004,8,13,0,0,12.509,0
2004,8,13,6,0,19.278,0
2004,8,13,12,0,27.315,0
2004,8,13,18,0,16.769,0
2004,8,14,0,0,13.231,0
2004,8,14,6,0,20.741,0
2004,8,14,12,0,26.509,0
2004,8,14,18,0,19.491,0
2004,8,15,0,0,16.648,0
2004,8,15,6,0,19.537,0
2004,8,15,12,0,24.833,0
2004,8,15,18,0,18.38,0
2004,8,16,0,0,14.565,0
2004,8,16,6,0,18.907,0
2004,8,16,12,0,24.741,0
2004,8,16,18,0,18.333,0
2004,8,17,0,0,15.194,0
2004,8,17,6,0,20.417,0
2004,8,17,12,0,25.843,0
2004,8,17,18,0,17.639,0
2004,8,18,0,0,13.778,0
2004,8,18,6,0,19.657,0
2004,8,18,12,0,26.407,0
2004,8,18,18,0,17.741,0
2004,8,19,0,0,13.806,0
2004,8,19,6,0,20.139,0
2004,8,19,12,0,25.361,0
2004,8,19,18,0,17.574,0
2004,8,20,0,0,14.009,0
2004,8,20,6,0,18.963,0
2004,8,20,12,0,21.833,0
2004,8,20,18,0,16.509,0
2004,8,21,0,0,14.574,0
2004,8,21,6,1.3208,17.87,0
2004,8,21,12,23.241,16.889,0
2004,8,21,18,4.5466,17.009,0
2004,8,22,0,23.9014,16.009,0
2004,8,22,6,3.0734,17.083,0
2004,8,22,12,0.5334,19.065,0
2004,8,22,18,0.4572,15.991,0
2004,8,23,0,0.0508,13.833,0
2004,8,23,6,0.3302,16.009,0
2004,8,23,12,0.6096,18.981,0
2004,8,23,18,0,15.389,0
2004,8,24,0,3.8354,14.481,0
2004,8,24,6,4.2926,15.861,0
2004,8,24,12,17.7546,16.222,0
2004,8,24,18,27.8384,14.741,0
2004,8,25,0,5.715,14.056,0
2004,8,25,6,5.6642,15.722,0
2004,8,25,12,11.4046,17.148,0
2004,8,25,18,10.1092,14.426,0
2004,8,26,0,2.2606,13.796,0
2004,8,26,6,0.3302,15.843,0
2004,8,26,12,0,19.065,0
2004,8,26,18,0.254,15.769,0
2004,8,27,0,0.0762,14.435,0
2004,8,27,6,0,16.12,0
2004,8,27,12,0,18.204,0
2004,8,27,18,0,15.426,0
2004,8,28,0,0.0254,15.444,0
2004,8,28,6,0.5588,16.667,0
2004,8,28,12,1.4986,19.509,0
2004,8,28,18,0.2286,16.574,0
2004,8,29,0,0,14.972,0
2004,8,29,6,0,17.676,0
2004,8,29,12,0,22.398,0
2004,8,29,18,0,16.324,0
2004,8,30,0,0,14.528,0
2004,8,30,6,0,18.981,0
2004,8,30,12,0,23.259,0
2004,8,30,18,0,17.185,0
2004,8,31,0,0,14.306,0
2004,8,31,6,0,18.37,0
2004,8,31,12,0,21.88,0
2004,8,31,18,0.5842,16.796,0
2004,9,1,0,4.5466,14.102,0
2004,9,1,6,5.0292,15.657,0
2004,9,1,12,1.4224,14.898,0
2004,9,1,18,1.0414,12.028,0
2004,9,2,0,0.5588,11.519,0
2004,9,2,6,0.4572,13.037,0
2004,9,2,12,0,15.639,0
2004,9,2,18,0.0254,12.898,0
2004,9,3,0,0.0762,11.537,0
2004,9,3,6,0,15.12,0
2004,9,3,12,0,17.583,0
2004,9,3,18,0,13.046,0
2004,9,4,0,0,12.046,0
2004,9,4,6,0.0508,15.157,0
2004,9,4,12,0.1524,18.287,0
2004,9,4,18,0.6858,14.583,0
2004,9,5,0,0.127,11.602,0
2004,9,5,6,0,14.491,0
2004,9,5,12,0,18.565,0
2004,9,5,18,0,11.157,0
2004,9,6,0,0,8.185,0
2004,9,6,6,0,15.5,0
2004,9,6,12,0,19.444,0
2004,9,6,18,0,12.843,0
2004,9,7,0,0,10.546,0
2004,9,7,6,0,14.981,0
2004,9,7,12,0,19.815,0
2004,9,7,18,0,13.083,0
2004,9,8,0,0,11.407,0
2004,9,8,6,0.0762,15.667,0
2004,9,8,12,3.0988,18.935,0
2004,9,8,18,6.6548,14.38,0
2004,9,9,0,9.2202,13,0
2004,9,9,6,10.4648,14.88,0
2004,9,9,12,3.3782,18.787,0
2004,9,9,18,0.2032,12.574,0
2004,9,10,0,0,10.12,0
2004,9,10,6,0,15.778,0
2004,9,10,12,2.4384,17.833,0
2004,9,10,18,17.6784,13.676,0
2004,9,11,0,3.175,15.324,0
2004,9,11,6,1.7272,15.398,0
2004,9,11,12,0.5588,17.287,0
2004,9,11,18,0.4826,12.685,0
2004,9,12,0,0.0254,10.648,0
2004,9,12,6,0.127,12.565,0
2004,9,12,12,0,15.148,0
2004,9,12,18,0,11.074,0
2004,9,13,0,0.1778,10.519,0
2004,9,13,6,2.667,13.083,0
2004,9,13,12,2.667,13.796,0
2004,9,13,18,3.8862,12.528,0
2004,9,14,0,2.7178,11.204,0
2004,9,14,6,2.3876,12.324,0
2004,9,14,12,1.6764,13.935,0
2004,9,14,18,4.1148,10.815,0
2004,9,15,0,9.3726,9.787,0
2004,9,15,6,3.9878,11.37,0
2004,9,15,12,1.6256,12.907,0
2004,9,15,18,1.8288,10.759,0
2004,9,16,0,0.6858,10.63,0
2004,9,16,6,0.1016,12.037,0
2004,9,16,12,4.7498,13.602,0
2004,9,16,18,6.985,10.907,0
2004,9,17,0,9.906,10.167,0
2004,9,17,6,3.9624,11.194,0
2004,9,17,12,1.6002,13.769,0
2004,9,17,18,1.4732,9.88,0
2004,9,18,0,0.7874,9.815,0
2004,9,18,6,4.9022,11.852,0
2004,9,18,12,3.0226,13.88,0
2004,9,18,18,0.381,9.954,0
2004,9,19,0,0.8636,8.139,0
2004,9,19,6,0,10.944,0
2004,9,19,12,0,14.731,0
2004,9,19,18,0,8.37,0
2004,9,20,0,0,5.204,0
2004,9,20,6,0,9.991,0
2004,9,20,12,0,15.389,0
2004,9,20,18,0,7.75,0
2004,9,21,0,0,7.278,0
2004,9,21,6,0,11.333,0
2004,9,21,12,0,14.574,0
2004,9,21,18,0.254,10.574,0
2004,9,22,0,0.127,10.713,0
2004,9,22,6,6.5532,14.046,0
2004,9,22,12,0.4826,15.796,0
2004,9,22,18,2.1844,12.111,0
2004,9,23,0,0.6604,11.176,0
2004,9,23,6,0,13.065,0
2004,9,23,12,0,17.176,0
2004,9,23,18,0.1524,10.046,0
2004,9,24,0,0.0254,8.019,0
2004,9,24,6,0,11.741,0
2004,9,24,12,0,18.065,0
2004,9,24,18,0,9.352,0
2004,9,25,0,0.0762,8.019,0
2004,9,25,6,0,12.546,0
2004,9,25,12,0,18.185,0
2004,9,25,18,0,10.352,0
2004,9,26,0,0,8.361,0
2004,9,26,6,0,11.861,0
2004,9,26,12,0,17.463,0
2004,9,26,18,0,10.083,0
2004,9,27,0,0,8.12,0
2004,9,27,6,0,12.093,0
2004,9,27,12,0,17.75,0
2004,9,27,18,0,10.241,0
2004,9,28,0,0,8.519,0
2004,9,28,6,0,11.25,0
2004,9,28,12,0,16.889,0
2004,9,28,18,0,11.787,0
2004,9,29,0,0,10.37,0
2004,9,29,6,0,12.676,0
2004,9,29,12,0,17.074,0
2004,9,29,18,0,11.204,0
2004,9,30,0,0,9.463,0
2004,9,30,6,0,12.731,0
2004,9,30,12,0,18.667,0
2004,9,30,18,0,12.741,0
2004,10,1,0,0,9.565,0
2004,10,1,6,0,12.944,0
2004,10,1,12,0,19.685,0
2004,10,1,18,0,9.722,0
2004,10,2,0,0,5.981,0
2004,10,2,6,0,11.796,0
2004,10,2,12,0,19.63,0
2004,10,2,18,0,9.139,0
2004,10,3,0,0.1016,5.537,0
2004,10,3,6,0.6096,10.509,0
2004,10,3,12,0.6096,18.343,0
2004,10,3,18,0.6096,9.657,0
2004,10,4,0,0.508,6.657,0
2004,10,4,6,0,10.657,0
2004,10,4,12,0,16.019,0
2004,10,4,18,0,9.204,0
2004,10,5,0,0,7.009,0
2004,10,5,6,0,11.963,0
2004,10,5,12,6.6802,14.5,0
2004,10,5,18,3.3274,11.611,0
2004,10,6,0,3.9116,11.37,0
2004,10,6,6,2.2352,12.537,0
2004,10,6,12,0,13.926,0
2004,10,6,18,0.2286,10.259,0
2004,10,7,0,0.1524,7.185,0
2004,10,7,6,0,9.639,0
2004,10,7,12,0,13.769,0
2004,10,7,18,0,11.12,0
2004,10,8,0,5.334,9.926,0
2004,10,8,6,22.733,11.056,0
2004,10,8,12,13.7922,12.241,0
2004,10,8,18,25.6032,9.954,0
2004,10,9,0,3.7338,8.63,0
2004,10,9,6,3.048,9.241,0
2004,10,9,12,3.429,11.102,0
2004,10,9,18,0.4572,10.157,0
2004,10,10,0,2.1844,10.019,0
2004,10,10,6,0.508,12.046,0
2004,10,10,12,0,14.5,0
2004,10,10,18,0.0508,11.519,0
2004,10,11,0,0,10.5,0
2004,10,11,6,0,12.537,0
2004,10,11,12,0,15.954,0
2004,10,11,18,0,11.833,0
2004,10,12,0,0,10.704,0
2004,10,12,6,0,13.009,0
2004,10,12,12,0,15.907,0
2004,10,12,18,0,11.741,0
2004,10,13,0,0,10.269,0
2004,10,13,6,0,12.87,0
2004,10,13,12,0,16.685,0
2004,10,13,18,0,11.093,0
2004,10,14,0,0,9.37,0
2004,10,14,6,0,11.667,0
2004,10,14,12,0,14.713,0
2004,10,14,18,0,10.917,0
2004,10,15,0,0,9.741,0
2004,10,15,6,0.4064,11.194,0
2004,10,15,12,0.889,13.269,0
2004,10,15,18,2.1336,10.861,0
2004,10,16,0,3.7084,10.185,0
2004,10,16,6,4.0386,10.694,0
2004,10,16,12,5.0292,10.889,0
2004,10,16,18,0.6096,7.444,0
2004,10,17,0,4.191,7.528,0
2004,10,17,6,7.1628,9.028,0
2004,10,17,12,3.3782,10.389,0
2004,10,17,18,5.842,8.194,0
2004,10,18,0,9.906,6.954,0
2004,10,18,6,0.6604,7.278,0
2004,10,18,12,0.5588,9.111,0
2004,10,18,18,0.3302,7.167,0
2004,10,19,0,0.3556,7.435,0
2004,10,19,6,0.0508,9.259,0
2004,10,19,12,0.254,10.611,0
2004,10,19,18,0,8.13,0
2004,10,20,0,0.9144,6.009,0
2004,10,20,6,0,7.426,0
2004,10,20,12,0,9.602,0
2004,10,20,18,0.8382,7.463,0
2004,10,21,0,0.9398,6.231,0
2004,10,21,6,0.1524,7.241,0
2004,10,21,12,0,9.343,0
2004,10,21,18,1.7272,6.287,0
2004,10,22,0,3.3782,6.639,0
2004,10,22,6,0.6096,6.611,0
2004,10,22,12,0.3556,8.361,0
2004,10,22,18,0.9144,5.185,0
2004,10,23,0,1.3208,2.88,0.00166666666666667
2004,10,23,6,2.1336,4.713,0.0133333333333333
2004,10,23,12,0.7874,7.491,0
2004,10,23,18,2.0828,4.583,0
2004,10,24,0,0.1016,3.741,0
2004,10,24,6,0.0508,5.009,0
2004,10,24,12,0,7.741,0
2004,10,24,18,0,5.667,0
2004,10,25,0,0,5.537,0
2004,10,25,6,0.1524,7.222,0
2004,10,25,12,0.2032,10.611,0
2004,10,25,18,0.1016,6.685,0
2004,10,26,0,0.0762,5.648,0
2004,10,26,6,0,6.963,0.00666666666666667
2004,10,26,12,0,10.972,0
2004,10,26,18,0,3.667,0.045
2004,10,27,0,0,1.028,0.73
2004,10,27,6,0,3.898,0.335
2004,10,27,12,0,8.194,0
2004,10,27,18,0,2.75,0.26
2004,10,28,0,0.1016,1.565,0.505
2004,10,28,6,4.9276,4.833,0.0416666666666667
2004,10,28,12,0.0762,7.917,0
2004,10,28,18,0.0762,5.333,0
2004,10,29,0,0.127,4.833,0
2004,10,29,6,1.27,6.324,0
2004,10,29,12,0.4064,9.019,0
2004,10,29,18,13.589,8.722,0
2004,10,30,0,7.9502,6.991,0
2004,10,30,6,0.2794,6.556,0
2004,10,30,12,0.0508,8.213,0
2004,10,30,18,0.3048,6,0
2004,10,31,0,0.1778,4.157,0
2004,10,31,6,0,4.435,0
2004,10,31,12,0,6.731,0
2004,10,31,18,0,3.731,0.01
2004,11,1,0,0.2286,4.491,0
2004,11,1,6,7.1374,4.611,0
2004,11,1,12,12.7508,5.954,0
2004,11,1,18,28.6512,7.213,0
2004,11,2,0,25.9588,7.463,0
2004,11,2,6,4.6736,6.926,0
2004,11,2,12,0.2032,5.713,0
2004,11,2,18,1.4478,2.778,0.025
2004,11,3,0,0.0254,1.481,0.245
2004,11,3,6,0,3.38,0.166666666666667
2004,11,3,12,0,6.037,0
2004,11,3,18,0,0.093,0.855
2004,11,4,0,0,-0.787,1
2004,11,4,6,0,2.231,0.448333333333333
2004,11,4,12,0,7.296,0
2004,11,4,18,0,1.759,0.353333333333333
2004,11,5,0,0,1.148,0.416666666666667
2004,11,5,6,0,4.259,0.0283333333333333
2004,11,5,12,0,7.185,0
2004,11,5,18,0.2286,5.565,0
2004,11,6,0,4.445,5.333,0
2004,11,6,6,13.2334,6.87,0
2004,11,6,12,14.1478,7.981,0
2004,11,6,18,5.5626,7.083,0
2004,11,7,0,1.7272,7.37,0
2004,11,7,6,2.4384,8.565,0
2004,11,7,12,0.762,10.167,0
2004,11,7,18,1.3462,8.62,0
2004,11,8,0,0.254,7.139,0
2004,11,8,6,0,7.898,0
2004,11,8,12,0,9.907,0
2004,11,8,18,0.1524,6.639,0
2004,11,9,0,0,6.676,0
2004,11,9,6,0,7.519,0
2004,11,9,12,0,9.361,0
2004,11,9,18,0,6.843,0
2004,11,10,0,0,4.88,0
2004,11,10,6,0,5.769,0.00166666666666667
2004,11,10,12,0,8.704,0
2004,11,10,18,0,3.5,0.02
2004,11,11,0,0,1.926,0.325
2004,11,11,6,0,3.787,0.243333333333333
2004,11,11,12,0,6.713,0
2004,11,11,18,0,1.5,0.6
2004,11,12,0,0,1.046,0.788333333333333
2004,11,12,6,0,3.565,0.286666666666667
2004,11,12,12,0,7.361,0
2004,11,12,18,0.2032,5.5,0
2004,11,13,0,0.6096,5.185,0
2004,11,13,6,0.5588,6.574,0
2004,11,13,12,0.0254,8.815,0
2004,11,13,18,0.254,5.944,0
2004,11,14,0,0.9652,6.926,0
2004,11,14,6,8.2804,8.074,0
2004,11,14,12,3.0988,9.648,0
2004,11,14,18,3.302,9.815,0
2004,11,15,0,3.7084,11.444,0
2004,11,15,6,13.97,10.787,0
2004,11,15,12,1.4986,7.972,0
2004,11,15,18,0.0762,4.222,0
2004,11,16,0,0.0762,3.259,0
2004,11,16,6,0,5.574,0
2004,11,16,12,2.1844,6.037,0
2004,11,16,18,0.0508,3.315,0.01
2004,11,17,0,0,1.694,0.21
2004,11,17,6,0,2.917,0.243333333333333
2004,11,17,12,0,6.315,0
2004,11,17,18,1.2446,4.444,0
2004,11,18,0,12.3444,4.556,0
2004,11,18,6,2.9972,3.917,0.0133333333333333
2004,11,18,12,8.6868,5.87,0
2004,11,18,18,0.7366,4.907,0
2004,11,19,0,0.0254,2.704,0.0466666666666667
2004,11,19,6,0.254,2.972,0.0566666666666667
2004,11,19,12,0,3.556,0.0733333333333333
2004,11,19,18,0,-0.565,0.848333333333333
2004,11,20,0,0,-2.028,1
2004,11,20,6,0,-0.028,0.658333333333333
2004,11,20,12,0,2.315,0.128333333333333
2004,11,20,18,0,1.194,0.281666666666667
2004,11,21,0,0,0.685,0.473333333333333
2004,11,21,6,0,0.556,0.543333333333333
2004,11,21,12,0,2.472,0.0366666666666667
2004,11,21,18,0.8382,2.75,0.00333333333333333
2004,11,22,0,0.9906,3.444,0
2004,11,22,6,1.5494,4.009,0
2004,11,22,12,3.0988,3.926,0.00333333333333333
2004,11,22,18,2.794,2.306,0.0916666666666667
2004,11,23,0,1.4478,3.204,0.02
2004,11,23,6,1.2446,5.343,0
2004,11,23,12,2.286,7.139,0
2004,11,23,18,9.2964,5.981,0
2004,11,24,0,30.0482,6.528,0
2004,11,24,6,22.6822,7.769,0
2004,11,24,12,26.6192,8.796,0
2004,11,24,18,24.6634,7.435,0
2004,11,25,0,2.1082,6.333,0
2004,11,25,6,1.0414,5.139,0
2004,11,25,12,1.5748,5.389,0
2004,11,25,18,2.3368,3.528,0.00333333333333333
2004,11,26,0,0.4064,2.444,0.0516666666666667
2004,11,26,6,0.2032,1.907,0.273333333333333
2004,11,26,12,3.7592,4.241,0
2004,11,26,18,2.4638,1.75,0.181666666666667
2004,11,27,0,3.1242,0.704,0.51
2004,11,27,6,1.9558,1.833,0.175
2004,11,27,12,0,1.935,0.353333333333333
2004,11,27,18,0,-1.194,0.988333333333333
2004,11,28,0,0,-2.713,1
2004,11,28,6,0,-1.824,0.951666666666667
2004,11,28,12,0,0.722,0.775
2004,11,28,18,0,-1.556,1
2004,11,29,0,0,-2.12,1
2004,11,29,6,0,-0.63,0.955
2004,11,29,12,0.5588,1.037,0.775
2004,11,29,18,4.953,-0.509,0.938333333333333
2004,11,30,0,0.4572,-0.861,0.996666666666667
2004,11,30,6,0,0.278,0.661666666666667
2004,11,30,12,0.1016,0.87,0.495
2004,11,30,18,1.4224,-0.444,0.945
2004,12,1,0,0.0254,-1.5,1
2004,12,1,6,0.1524,0.046,0.643333333333333
2004,12,1,12,0.2032,1.741,0.245
2004,12,1,18,0.1524,0.815,0.398333333333333
2004,12,2,0,0.127,0.778,0.383333333333333
2004,12,2,6,0.127,1.843,0.208333333333333
2004,12,2,12,0.6858,4.083,0
2004,12,2,18,0.9652,2.806,0.00166666666666667
2004,12,3,0,0.635,3.241,0
2004,12,3,6,0.4064,3.593,0.00166666666666667
2004,12,3,12,1.016,4.556,0
2004,12,3,18,6.0452,3.648,0
2004,12,4,0,7.493,3.333,0
2004,12,4,6,8.7884,3.741,0
2004,12,4,12,8.001,4.046,0
2004,12,4,18,12.3444,3.148,0.00166666666666667
2004,12,5,0,10.2362,1.602,0.233333333333333
2004,12,5,6,0.5842,-0.62,0.996666666666667
2004,12,5,12,1.143,-0.361,0.965
2004,12,5,18,0.1524,-1.176,1
2004,12,6,0,0,-0.472,1
2004,12,6,6,3.7338,0.324,0.795
2004,12,6,12,1.7526,1.546,0.278333333333333
2004,12,6,18,0.9144,0.139,0.805
2004,12,7,0,6.858,-0.093,0.881666666666666
2004,12,7,6,0.2794,1.074,0.425
2004,12,7,12,0.508,3.111,0.015
2004,12,7,18,6.0706,3.574,0
2004,12,8,0,5.1816,4.657,0
2004,12,8,6,7.8486,5.269,0
2004,12,8,12,4.4704,3.87,0.00166666666666667
2004,12,8,18,2.7178,3.435,0.0133333333333333
2004,12,9,0,1.7272,3.083,0.025
2004,12,9,6,0.127,4.759,0.00166666666666667
2004,12,9,12,4.191,7.463,0
2004,12,9,18,17.399,6.694,0
2004,12,10,0,18.4404,7.63,0
2004,12,10,6,7.4168,8.287,0
2004,12,10,12,13.8938,9.398,0
2004,12,10,18,14.986,7.843,0
2004,12,11,0,2.1082,5.046,0
2004,12,11,6,0,3.88,0.00666666666666667
2004,12,11,12,0,4.509,0.0283333333333333
2004,12,11,18,0,1.519,0.608333333333333
2004,12,12,0,0,1.306,0.93
2004,12,12,6,0,3.056,0.778333333333333
2004,12,12,12,0,6.231,0.0616666666666667
2004,12,12,18,0,5.148,0.128333333333333
2004,12,13,0,0,4.843,0.0983333333333333
2004,12,13,6,2.159,5.213,0.00833333333333333
2004,12,13,12,1.1938,7.343,0
2004,12,13,18,1.8034,7.778,0
2004,12,14,0,3.1496,6.565,0
2004,12,14,6,6.4262,6.722,0
2004,12,14,12,5.4864,7.796,0
2004,12,14,18,1.778,6.472,0
2004,12,15,0,0.3048,5.722,0
2004,12,15,6,0,4.972,0
2004,12,15,12,0.0254,5.889,0
2004,12,15,18,0.4064,4.241,0
2004,12,16,0,0,3.602,0.00166666666666667
2004,12,16,6,0.1016,4.259,0.015
2004,12,16,12,0.3048,5.741,0
2004,12,16,18,0.127,2.852,0.0183333333333333
2004,12,17,0,0,1.62,0.193333333333333
2004,12,17,6,1.0922,3.519,0.0683333333333333
2004,12,17,12,0.127,6.426,0
2004,12,17,18,7.62,4.398,0
2004,12,18,0,0,4.769,0
2004,12,18,6,0,6.537,0
2004,12,18,12,0,8.926,0
2004,12,18,18,0,7.935,0
2004,12,19,0,0.381,8.398,0
2004,12,19,6,0.3048,6.343,0
2004,12,19,12,0,4.769,0
2004,12,19,18,0.2286,3.037,0.00833333333333333
2004,12,20,0,0,2.685,0.01
2004,12,20,6,0,3.278,0
2004,12,20,12,0,4.574,0
2004,12,20,18,0,2.574,0.0166666666666667
2004,12,21,0,0.2286,3.167,0
2004,12,21,6,0.635,3.583,0
2004,12,21,12,0,4.519,0
2004,12,21,18,0,2.463,0.0266666666666667
2004,12,22,0,0,1.861,0.125
2004,12,22,6,0,2.139,0.183333333333333
2004,12,22,12,0,3.046,0.125
2004,12,22,18,0,-0.287,0.936666666666667
2004,12,23,0,0,-0.861,0.998333333333333
2004,12,23,6,0,0.759,0.58
2004,12,23,12,0,2.713,0.136666666666667
2004,12,23,18,0,0.056,0.705
2004,12,24,0,0,-0.065,0.731666666666667
2004,12,24,6,0.1016,1.37,0.288333333333333
2004,12,24,12,0.4318,3.87,0
2004,12,24,18,1.8034,2.102,0.0566666666666667
2004,12,25,0,11.557,3.269,0
2004,12,25,6,10.0584,3.611,0
2004,12,25,12,12.0904,4.741,0
2004,12,25,18,5.1308,3.833,0
2004,12,26,0,0.7366,3.231,0
2004,12,26,6,1.7526,4.269,0
2004,12,26,12,0.1016,4.981,0
2004,12,26,18,3.556,2.889,0.01
2004,12,27,0,2.3114,1.407,0.361666666666667
2004,12,27,6,0,1.667,0.408333333333333
2004,12,27,12,0,3.528,0.14
2004,12,27,18,0,-0.611,0.986666666666667
2004,12,28,0,0,-0.861,1
2004,12,28,6,0,1.139,0.64
2004,12,28,12,0,2.5,0.37
2004,12,28,18,0.381,-0.444,0.996666666666667
2004,12,29,0,0.3556,0.389,0.798333333333333
2004,12,29,6,4.7244,2.148,0.181666666666667
2004,12,29,12,3.556,3.102,0.00166666666666667
2004,12,29,18,2.8448,1.657,0.08
2004,12,30,0,1.016,0.685,0.498333333333333
2004,12,30,6,1.2192,0.833,0.553333333333333
2004,12,30,12,1.524,2.009,0.223333333333333
2004,12,30,18,2.1336,-0.139,0.846666666666667
2004,12,31,0,0.0508,-1.111,0.993333333333333
2004,12,31,6,0,-0.861,0.965
2004,12,31,12,0,0.25,0.88
2004,12,31,18,0,-1.667,1
2005,1,1,0,0.127,-2.167,1
2005,1,1,6,0.0254,-0.769,0.953333333333333
2005,1,1,12,0,-0.352,0.921666666666667
2005,1,1,18,0,-2.167,1
2005,1,2,0,0,-4.806,1
2005,1,2,6,0,-3.759,1
2005,1,2,12,0,-2.63,0.993333333333333
2005,1,2,18,0,-6.537,1
2005,1,3,0,0,-6.343,1
2005,1,3,6,0,-4.491,1
2005,1,3,12,0,-1.176,0.983333333333333
2005,1,3,18,0,-4.481,1
2005,1,4,0,0,-5.009,1
2005,1,4,6,0,-4.046,1
2005,1,4,12,0,-0.972,0.991666666666667
2005,1,4,18,0,-5.259,1
2005,1,5,0,0,-6.472,1
2005,1,5,6,0,-4.213,1
2005,1,5,12,0,-1.87,0.998333333333333
2005,1,5,18,0,-5.75,1
2005,1,6,0,0,-5.769,1
2005,1,6,6,1.0668,-4.435,1
2005,1,6,12,1.0414,-1.917,1
2005,1,6,18,1.397,-2.657,1
2005,1,7,0,3.4544,-2.787,1
2005,1,7,6,2.1082,-2.815,1
2005,1,7,12,0.1016,-2.426,1
2005,1,7,18,0.0508,-3.611,1
2005,1,8,0,1.0414,-4.213,1
2005,1,8,6,0.2032,-3.296,1
2005,1,8,12,0,-2.426,1
2005,1,8,18,0,-3.806,1
2005,1,9,0,0,-4.685,1
2005,1,9,6,0,-4.037,1
2005,1,9,12,0,-2.519,1
2005,1,9,18,0,-4.954,1
2005,1,10,0,0,-6.806,1
2005,1,10,6,0,-4.898,1
2005,1,10,12,0,-2.259,1
2005,1,10,18,0,-7.491,1
2005,1,11,0,0,-9.213,1
2005,1,11,6,0,-5.454,1
2005,1,11,12,0,-1.75,1
2005,1,11,18,0.0508,-0.991,0.966666666666667
2005,1,12,0,0.0762,0.944,0.425
2005,1,12,6,0.1524,-0.5,0.863333333333333
2005,1,12,12,0.0762,-1.056,0.913333333333333
2005,1,12,18,0,-3.102,1
2005,1,13,0,0,-4.991,1
2005,1,13,6,0,-4.028,1
2005,1,13,12,0,-3.546,1
2005,1,13,18,0,-6.667,1
2005,1,14,0,0,-8.426,1
2005,1,14,6,0,-8,1
2005,1,14,12,0,-5.259,1
2005,1,14,18,0,-8.824,1
2005,1,15,0,0,-9.333,1
2005,1,15,6,0,-6.593,1
2005,1,15,12,0.1016,-1.815,1
2005,1,15,18,3.937,-2.426,1
2005,1,16,0,6.604,-1.657,0.98
2005,1,16,6,6.4008,-0.269,0.841666666666667
2005,1,16,12,0.9144,-0.046,0.763333333333333
2005,1,16,18,0,0.556,0.636666666666667
2005,1,17,0,13.589,2.074,0.248333333333333
2005,1,17,6,34.5186,4.556,0
2005,1,17,12,26.2128,7.574,0
2005,1,17,18,17.9578,7.231,0
2005,1,18,0,11.5062,6.009,0
2005,1,18,6,10.8204,7.713,0.00166666666666667
2005,1,18,12,12.7254,12.574,0
2005,1,18,18,9.3218,9.25,0
2005,1,19,0,10.3124,10.278,0
2005,1,19,6,1.3716,10.472,0
2005,1,19,12,15.6972,11.574,0
2005,1,19,18,23.5204,8.657,0
2005,1,20,0,6.2484,8.519,0
2005,1,20,6,6.9088,9.935,0
2005,1,20,12,5.7658,9.972,0
2005,1,20,18,2.8956,7.056,0
2005,1,21,0,0.0762,6.991,0
2005,1,21,6,0,7.685,0
2005,1,21,12,0,9.481,0
2005,1,21,18,0.0254,8.148,0
2005,1,22,0,7.0358,8.046,0
2005,1,22,6,8.89,8.157,0
2005,1,22,12,6.7564,9.685,0
2005,1,22,18,1.7526,8.12,0
2005,1,23,0,1.4732,9.111,0
2005,1,23,6,0.3302,9.139,0
2005,1,23,12,0.0254,10.083,0
2005,1,23,18,0.0762,7.889,0
2005,1,24,0,0.3048,7.796,0
2005,1,24,6,0.1778,8.426,0
2005,1,24,12,0,9.843,0
2005,1,24,18,0,7.028,0
2005,1,25,0,0,5,0.0116666666666667
2005,1,25,6,0,6.148,0
2005,1,25,12,0,8.806,0
2005,1,25,18,0,6.454,0
2005,1,26,0,0,5.444,0
2005,1,26,6,0,6.954,0
2005,1,26,12,0.381,8.417,0
2005,1,26,18,2.0066,6.278,0
2005,1,27,0,0.6604,6.157,0
2005,1,27,6,0,6.741,0
2005,1,27,12,0,8.463,0
2005,1,27,18,0,4.361,0
2005,1,28,0,0,3.917,0.00166666666666667
2005,1,28,6,0,4.611,0.0266666666666667
2005,1,28,12,0,8.194,0
2005,1,28,18,1.0668,6.139,0
2005,1,29,0,0,4.157,0
2005,1,29,6,0,5.028,0
2005,1,29,12,0,7.028,0
2005,1,29,18,0.8128,4.426,0
2005,1,30,0,0.6858,4.694,0
2005,1,30,6,3.1496,6.065,0
2005,1,30,12,1.143,7.852,0
2005,1,30,18,0.9398,7.259,0
2005,1,31,0,3.9624,8.139,0
2005,1,31,6,1.6002,7.685,0
2005,1,31,12,0.4572,8.093,0
2005,1,31,18,0,5.759,0
2005,2,1,0,0,4.769,0
2005,2,1,6,0,6.565,0
2005,2,1,12,0,8.509,0
2005,2,1,18,0.8636,7.148,0
2005,2,2,0,1.7272,6.12,0
2005,2,2,6,0.0508,6.12,0
2005,2,2,12,0.0254,7.759,0
2005,2,2,18,0,4.231,0.00166666666666667
2005,2,3,0,0.0254,4.62,0
2005,2,3,6,0,4.278,0.00166666666666667
2005,2,3,12,0.1778,6.472,0
2005,2,3,18,1.4986,4.917,0
2005,2,4,0,18.0086,4.852,0
2005,2,4,6,13.5128,5.343,0
2005,2,4,12,5.3086,4.306,0
2005,2,4,18,2.5146,2.676,0.0433333333333333
2005,2,5,0,2.3114,1.574,0.238333333333333
2005,2,5,6,0.508,1.435,0.373333333333333
2005,2,5,12,0.1778,2.278,0.193333333333333
2005,2,5,18,0.0508,-0.5,0.976666666666667
2005,2,6,0,0.0254,-0.185,0.976666666666667
2005,2,6,6,10.8458,0.361,0.77
2005,2,6,12,13.2842,3.333,0.0283333333333333
2005,2,6,18,0.4064,1.667,0.278333333333333
2005,2,7,0,0,-0.139,0.903333333333333
2005,2,7,6,0,1.38,0.473333333333333
2005,2,7,12,0,3.991,0.00833333333333333
2005,2,7,18,0,-1.148,0.92
2005,2,8,0,0,-2.926,1
2005,2,8,6,0,-0.296,0.685
2005,2,8,12,0,5.454,0
2005,2,8,18,0,-1.056,0.896666666666667
2005,2,9,0,0,-2.685,1
2005,2,9,6,0,1.343,0.531666666666667
2005,2,9,12,0,6.009,0
2005,2,9,18,0,0.472,0.696666666666667
2005,2,10,0,0,-2.167,1
2005,2,10,6,0,1.306,0.565
2005,2,10,12,0,7.528,0.00166666666666667
2005,2,10,18,0,1.88,0.696666666666667
2005,2,11,0,0,-1.083,1
2005,2,11,6,0,2.843,0.541666666666667
2005,2,11,12,0,6.528,0.00833333333333333
2005,2,11,18,0,2.944,0.165
2005,2,12,0,0.2794,2.991,0.0416666666666667
2005,2,12,6,4.2418,4.13,0
2005,2,12,12,3.2766,4.306,0.00666666666666667
2005,2,12,18,1.6002,1.991,0.175
2005,2,13,0,1.3208,0.907,0.448333333333333
2005,2,13,6,1.2192,2.176,0.183333333333333
2005,2,13,12,1.0922,2.972,0.08
2005,2,13,18,1.2446,0.87,0.543333333333333
2005,2,14,0,2.8448,0.639,0.613333333333333
2005,2,14,6,0.2794,1.898,0.3
2005,2,14,12,0,4.38,0.02
2005,2,14,18,0,-2.343,0.983333333333333
2005,2,15,0,0,-3.324,1
2005,2,15,6,0,-0.565,0.683333333333333
2005,2,15,12,0,5.472,0.00166666666666667
2005,2,15,18,0,-0.787,0.841666666666667
2005,2,16,0,0,-3.472,1
2005,2,16,6,0,0.519,0.631666666666667
2005,2,16,12,0,7.815,0
2005,2,16,18,0,-1.361,0.901666666666667
2005,2,17,0,0,-4.139,1
2005,2,17,6,0,0.713,0.601666666666667
2005,2,17,12,0,8.056,0
2005,2,17,18,0,-0.824,0.913333333333333
2005,2,18,0,0,-2.954,1
2005,2,18,6,0,1.269,0.581666666666667
2005,2,18,12,0,7.556,0.00333333333333333
2005,2,18,18,0,-0.5,0.946666666666667
2005,2,19,0,0,-3.324,1
2005,2,19,6,0,1.167,0.52
2005,2,19,12,0,7.75,0
2005,2,19,18,0,2.065,0.481666666666667
2005,2,20,0,0,-0.204,0.998333333333333
2005,2,20,6,0,1.639,0.571666666666667
2005,2,20,12,0,7.981,0.00166666666666667
2005,2,20,18,0,-1.037,0.978333333333333
2005,2,21,0,0,-3.176,1
2005,2,21,6,0,0.954,0.598333333333333
2005,2,21,12,0,8.519,0
2005,2,21,18,0,-0.63,0.91
2005,2,22,0,0,-3.722,1
2005,2,22,6,0,2.111,0.561666666666667
2005,2,22,12,0,11.12,0
2005,2,22,18,0,1.093,0.841666666666667
2005,2,23,0,0,-1.519,1
2005,2,23,6,0,3.602,0.523333333333333
2005,2,23,12,0,11.87,0
2005,2,23,18,0,3.407,0.643333333333333
2005,2,24,0,0,0.074,1
2005,2,24,6,0,3.25,0.52
2005,2,24,12,0,10.157,0
2005,2,24,18,0,1.704,0.816666666666667
2005,2,25,0,0,-0.824,1
2005,2,25,6,0,3.269,0.488333333333333
2005,2,25,12,0,10.843,0
2005,2,25,18,0,0.602,0.833333333333333
2005,2,26,0,0,-2.454,1
2005,2,26,6,0,3.315,0.496666666666667
2005,2,26,12,0,13.019,0
2005,2,26,18,0,2.685,0.581666666666667
2005,2,27,0,0,-1.287,1
2005,2,27,6,0,3.574,0.478333333333333
2005,2,27,12,0,11.287,0
2005,2,27,18,0,4.185,0.155
2005,2,28,0,0,4.269,0.0933333333333333
2005,2,28,6,0,7.25,0
2005,2,28,12,0.4826,8.102,0
2005,2,28,18,1.6002,5.87,0
2005,3,1,0,3.9116,5.796,0
2005,3,1,6,10.4902,6.824,0
2005,3,1,12,0,9.454,0
2005,3,1,18,0.0762,6.639,0
2005,3,2,0,0.0762,5.713,0
2005,3,2,6,0.3556,8.87,0
2005,3,2,12,1.4986,12.574,0
2005,3,2,18,0,6.898,0
2005,3,3,0,0,2.694,0.0666666666666667
2005,3,3,6,0,5.417,0.0833333333333333
2005,3,3,12,0,11.75,0
2005,3,3,18,0,4.611,0.0833333333333333
2005,3,4,0,0,2.889,0.153333333333333
2005,3,4,6,0,8.519,0
2005,3,4,12,0.0254,11.019,0
2005,3,4,18,0.254,4.38,0.0133333333333333
2005,3,5,0,0,3.343,0.03
2005,3,5,6,0,6.398,0.03
2005,3,5,12,0,10.815,0
2005,3,5,18,0,7.954,0
2005,3,6,0,0,4.852,0
2005,3,6,6,0,7.009,0.00333333333333333
2005,3,6,12,0,13.491,0
2005,3,6,18,0.1778,7.824,0
2005,3,7,0,3.048,6.426,0
2005,3,7,6,0.5842,7.87,0
2005,3,7,12,0,11.759,0
2005,3,7,18,0,5.954,0
2005,3,8,0,0,5.75,0
2005,3,8,6,0,9.556,0
2005,3,8,12,1.1176,13.315,0
2005,3,8,18,2.0066,10.398,0
2005,3,9,0,7.4422,9.519,0
2005,3,9,6,2.9972,10.231,0
2005,3,9,12,0,14.352,0
2005,3,9,18,0,7.917,0
2005,3,10,0,0,5.676,0
2005,3,10,6,0,8.556,0
2005,3,10,12,0,13.083,0
2005,3,10,18,0,6.815,0
2005,3,11,0,0,4.63,0
2005,3,11,6,0,8.204,0.00166666666666667
2005,3,11,12,0,13.296,0
2005,3,11,18,0,5.676,0.00166666666666667
2005,3,12,0,0,3.63,0.131666666666667
2005,3,12,6,0,5.583,0.226666666666667
2005,3,12,12,0,13.981,0
2005,3,12,18,0,3.75,0.391666666666667
2005,3,13,0,0,0.824,0.92
2005,3,13,6,0,6.25,0.333333333333333
2005,3,13,12,0,13.731,0
2005,3,13,18,0,2.519,0.646666666666667
2005,3,14,0,0,0.241,1
2005,3,14,6,0,5.065,0.411666666666667
2005,3,14,12,0,11.083,0
2005,3,14,18,0,3.25,0.266666666666667
2005,3,15,0,0,1.472,0.59
2005,3,15,6,0,4.093,0.241666666666667
2005,3,15,12,0,8.704,0
2005,3,15,18,0,4.528,0.02
2005,3,16,0,0.0762,3.556,0.0716666666666667
2005,3,16,6,3.937,5.444,0
2005,3,16,12,8.8392,5.806,0.00333333333333333
2005,3,16,18,3.1242,4.12,0.0116666666666667
2005,3,17,0,0.8636,3.074,0.0533333333333333
2005,3,17,6,0,4.25,0.0633333333333333
2005,3,17,12,0,7.259,0
2005,3,17,18,0.5588,3.028,0.0716666666666667
2005,3,18,0,1.651,2.843,0.0516666666666667
2005,3,18,6,2.667,3.546,0.0383333333333333
2005,3,18,12,0.8636,6.139,0
2005,3,18,18,0.2032,3.352,0.0683333333333333
2005,3,19,0,0,2.472,0.123333333333333
2005,3,19,6,0,4.509,0.045
2005,3,19,12,5.9944,8.222,0
2005,3,19,18,11.2522,6.426,0
2005,3,20,0,3.3782,5.917,0
2005,3,20,6,18.5674,6.657,0
2005,3,20,12,6.096,8.565,0
2005,3,20,18,8.7122,5.472,0.005
2005,3,21,0,3.0988,2.444,0.131666666666667
2005,3,21,6,2.6416,3.222,0.158333333333333
2005,3,21,12,0.254,8.12,0
2005,3,21,18,0.1016,4.454,0.07
2005,3,22,0,0,-0.102,0.845
2005,3,22,6,0,4.398,0.236666666666667
2005,3,22,12,0,9.139,0
2005,3,22,18,0,4.546,0.0516666666666667
2005,3,23,0,0,3.176,0.176666666666667
2005,3,23,6,0,5.602,0.0433333333333333
2005,3,23,12,0,9.852,0
2005,3,23,18,0,5.306,0.0133333333333333
2005,3,24,0,0,2.481,0.29
2005,3,24,6,0,6.093,0.0233333333333333
2005,3,24,12,0,9.167,0
2005,3,24,18,0,4.324,0.0333333333333333
2005,3,25,0,0.0254,2.37,0.22
2005,3,25,6,0,4.796,0.025
2005,3,25,12,0,7.667,0
2005,3,25,18,0,3.907,0.02
2005,3,26,0,5.1816,4.574,0.00333333333333333
2005,3,26,6,34.1376,6,0
2005,3,26,12,7.4422,7.991,0
2005,3,26,18,2.1082,4.102,0
2005,3,27,0,8.1534,3.722,0.005
2005,3,27,6,2.1844,5.556,0
2005,3,27,12,0.7366,7.194,0
2005,3,27,18,4.1148,4.815,0.00166666666666667
2005,3,28,0,1.5748,3.463,0.0333333333333333
2005,3,28,6,10.3886,4.463,0.005
2005,3,28,12,3.9116,4.556,0.0183333333333333
2005,3,28,18,1.3462,4.065,0.0116666666666667
2005,3,29,0,4.2672,4.565,0
2005,3,29,6,4.2672,5.204,0
2005,3,29,12,3.81,6.148,0
2005,3,29,18,3.6068,5.38,0
2005,3,30,0,2.3622,4.694,0
2005,3,30,6,0,5.352,0
2005,3,30,12,0,6.815,0
2005,3,30,18,0,3.324,0.0633333333333333
2005,3,31,0,0,3.787,0.03
2005,3,31,6,0.1016,6.185,0
2005,3,31,12,0.8382,8.019,0
2005,3,31,18,4.1656,6.306,0
2005,4,1,0,10.2616,5.648,0
2005,4,1,6,5.207,5.389,0
2005,4,1,12,2.286,5.324,0.005
2005,4,1,18,0.9398,2.787,0.075
2005,4,2,0,0,1.815,0.186666666666667
2005,4,2,6,0,3.194,0.0933333333333333
2005,4,2,12,0.1524,5.713,0
2005,4,2,18,0.4572,4.185,0.00833333333333333
2005,4,3,0,0.1778,3.88,0.00833333333333333
2005,4,3,6,5.3086,5.546,0
2005,4,3,12,7.5946,7.574,0
2005,4,3,18,4.4958,3.63,0.01
2005,4,4,0,0.1778,2.111,0.133333333333333
2005,4,4,6,0.508,4.352,0.0166666666666667
2005,4,4,12,0.0508,6.648,0
2005,4,4,18,0.5588,3.25,0.0866666666666667
2005,4,5,0,0.0508,3.509,0.0383333333333333
2005,4,5,6,0.2286,5.398,0.00166666666666667
2005,4,5,12,2.8956,8.176,0
2005,4,5,18,2.6162,6.037,0
2005,4,6,0,1.2192,4.935,0
2005,4,6,6,0,7.722,0
2005,4,6,12,0,11.343,0
2005,4,6,18,0,6.926,0
2005,4,7,0,0.7112,6.593,0
2005,4,7,6,7.62,9.389,0
2005,4,7,12,10.668,9.213,0
2005,4,7,18,2.9718,4.88,0.00166666666666667
2005,4,8,0,0.508,2.389,0.171666666666667
2005,4,8,6,0,4.861,0.0533333333333333
2005,4,8,12,0,9.25,0
2005,4,8,18,0,1.389,0.528333333333333
2005,4,9,0,0,0.167,0.75
2005,4,9,6,0,5.528,0.015
2005,4,9,12,0,9.88,0
2005,4,9,18,0,2.87,0.103333333333333
2005,4,10,0,0,1.546,0.328333333333333
2005,4,10,6,0,4.315,0.0683333333333333
2005,4,10,12,0.0508,9.361,0
2005,4,10,18,5.4102,5.694,0
2005,4,11,0,15.4432,4.241,0.00333333333333333
2005,4,11,6,6.8072,3.991,0.1
2005,4,11,12,15.2654,7.796,0
2005,4,11,18,7.1882,2.704,0.148333333333333
2005,4,12,0,0,-0.185,0.843333333333333
2005,4,12,6,0.3302,4.556,0.116666666666667
2005,4,12,12,1.4986,8.685,0
2005,4,12,18,1.0668,3.713,0.0666666666666667
2005,4,13,0,0,0.815,0.583333333333333
2005,4,13,6,0,5.824,0.025
2005,4,13,12,0.1016,9.833,0
2005,4,13,18,0.2286,3.657,0.0616666666666667
2005,4,14,0,0.1524,3.222,0.02
2005,4,14,6,0,5.046,0
2005,4,14,12,0.0508,7.361,0
2005,4,14,18,0.0254,4.139,0.0233333333333333
2005,4,15,0,0.3556,3.713,0.03
2005,4,15,6,1.3208,4.63,0.0216666666666667
2005,4,15,12,7.5946,6.639,0
2005,4,15,18,3.048,6.148,0
2005,4,16,0,7.1374,7.139,0
2005,4,16,6,24.0792,7.981,0
2005,4,16,12,1.7018,8.694,0
2005,4,16,18,0.5842,4.352,0.025
2005,4,17,0,0.0508,2.315,0.115
2005,4,17,6,1.524,5.296,0.00666666666666667
2005,4,17,12,1.2446,10.861,0
2005,4,17,18,1.524,5.639,0
2005,4,18,0,0.1524,2.815,0.0483333333333333
2005,4,18,6,0,6.787,0.00166666666666667
2005,4,18,12,0,13.352,0
2005,4,18,18,0,4.991,0.0283333333333333
2005,4,19,0,0,1.815,0.37
2005,4,19,6,0,9.593,0
2005,4,19,12,0,15.833,0
2005,4,19,18,0,6.389,0.0566666666666667
2005,4,20,0,0.0254,2.546,0.445
2005,4,20,6,0,10.204,0.00166666666666667
2005,4,20,12,0,16.37,0
2005,4,20,18,0,7.88,0
2005,4,21,0,0,4.028,0.0616666666666667
2005,4,21,6,0,12.833,0
2005,4,21,12,0,18.333,0
2005,4,21,18,0,9.315,0
2005,4,22,0,0,5.056,0.0116666666666667
2005,4,22,6,0,15.046,0
2005,4,22,12,0,20.583,0
2005,4,22,18,0,11.602,0
2005,4,23,0,0,8.269,0
2005,4,23,6,0,15.722,0
2005,4,23,12,0,19.556,0
2005,4,23,18,1.1938,12.898,0
2005,4,24,0,0.1016,9.806,0
2005,4,24,6,0,14.398,0
2005,4,24,12,0,18.593,0
2005,4,24,18,0,11.583,0
2005,4,25,0,0,6.907,0
2005,4,25,6,0,12.713,0
2005,4,25,12,0,18.167,0
2005,4,25,18,0,10.426,0
2005,4,26,0,0,6.796,0
2005,4,26,6,0.4064,13.935,0
2005,4,26,12,0.0762,19.102,0
2005,4,26,18,0.1016,11.074,0
2005,4,27,0,0,7.954,0
2005,4,27,6,0.0762,12.509,0
2005,4,27,12,0,18.546,0
2005,4,27,18,0.1016,12.556,0
2005,4,28,0,0.3048,8.648,0
2005,4,28,6,0,13.935,0
2005,4,28,12,0,17.926,0
2005,4,28,18,0,10.315,0
2005,4,29,0,0,5.185,0.0583333333333333
2005,4,29,6,0.1016,12.296,0
2005,4,29,12,0.2794,15.389,0
2005,4,29,18,0.1778,8.759,0
2005,4,30,0,0.762,6.583,0
2005,4,30,6,0,11.694,0
2005,4,30,12,0.0762,16.75,0
2005,4,30,18,0.0254,10.194,0
2005,5,1,0,0.254,5.713,0
2005,5,1,6,0,12.38,0
2005,5,1,12,0,15.935,0
2005,5,1,18,0.0254,9.676,0
2005,5,2,0,0.0762,7.519,0
2005,5,2,6,0.0508,13.296,0
2005,5,2,12,1.7526,14.306,0
2005,5,2,18,0.6858,10.157,0
2005,5,3,0,0.127,8.13,0
2005,5,3,6,0.1016,11.157,0
2005,5,3,12,0.1016,15.176,0
2005,5,3,18,0.7366,9.981,0
2005,5,4,0,0,7.417,0
2005,5,4,6,0.5842,13.861,0
2005,5,4,12,1.4986,17.833,0
2005,5,4,18,0.7112,12.056,0
2005,5,5,0,1.8288,7.565,0
2005,5,5,6,0,13.213,0
2005,5,5,12,0,17.954,0
2005,5,5,18,0.0762,10.981,0
2005,5,6,0,0.1524,6.315,0
2005,5,6,6,0,12.704,0
2005,5,6,12,0,15.852,0
2005,5,6,18,0,9.796,0
2005,5,7,0,0,6.352,0
2005,5,7,6,0,11.25,0
2005,5,7,12,0,14.806,0
2005,5,7,18,0,8.639,0
2005,5,8,0,0,5.75,0
2005,5,8,6,0,13.731,0
2005,5,8,12,0.3302,17.343,0
2005,5,8,18,2.3622,11.213,0
2005,5,9,0,7.0358,9.12,0
2005,5,9,6,0.2032,13.102,0
2005,5,9,12,3.8862,16.806,0
2005,5,9,18,1.4478,12.25,0
2005,5,10,0,0.5334,9.648,0
2005,5,10,6,0,13.667,0
2005,5,10,12,0.1016,16.769,0
2005,5,10,18,0.0254,12.713,0
2005,5,11,0,0.127,10.38,0
2005,5,11,6,0,13.046,0
2005,5,11,12,0,16.509,0
2005,5,11,18,0,11.843,0
2005,5,12,0,0,8.296,0
2005,5,12,6,0,13.796,0
2005,5,12,12,0,18.435,0
2005,5,12,18,0,10.519,0
2005,5,13,0,0,9.083,0
2005,5,13,6,0,15.778,0
2005,5,13,12,0,17.963,0
2005,5,13,18,0.381,12.657,0
2005,5,14,0,6.0706,11.574,0
2005,5,14,6,0.5334,14.083,0
2005,5,14,12,0.0508,17.065,0
2005,5,14,18,0,12.194,0
2005,5,15,0,2.7432,11.167,0
2005,5,15,6,9.1186,14.5,0
2005,5,15,12,10.0584,13.954,0
2005,5,15,18,4.8514,10.907,0
2005,5,16,0,0.4064,9.278,0
2005,5,16,6,1.9558,12.417,0
2005,5,16,12,2.7686,13.602,0
2005,5,16,18,0.381,8.87,0
2005,5,17,0,0.9398,6.324,0
2005,5,17,6,0,10.519,0
2005,5,17,12,0.0254,15.574,0
2005,5,17,18,0.0254,9.991,0
2005,5,18,0,11.2268,8.241,0
2005,5,18,6,2.5146,12.222,0
2005,5,18,12,1.3462,14.972,0
2005,5,18,18,4.0386,10.741,0
2005,5,19,0,0.8382,8.685,0
2005,5,19,6,0.635,11.444,0
2005,5,19,12,2.8194,14.889,0
2005,5,19,18,0.2286,10.472,0
2005,5,20,0,0,7.537,0
2005,5,20,6,0,11.157,0
2005,5,20,12,0.5334,14.944,0
2005,5,20,18,2.1336,8.898,0
2005,5,21,0,0.3302,6.88,0
2005,5,21,6,0,9.843,0
2005,5,21,12,0.1778,14.241,0
2005,5,21,18,2.159,10.407,0
2005,5,22,0,0.3048,8.37,0
2005,5,22,6,0.1778,10.222,0
2005,5,22,12,0.9398,13.491,0
2005,5,22,18,0.5588,10.343,0
2005,5,23,0,0.0762,7.324,0
2005,5,23,6,0,10.056,0
2005,5,23,12,0,14.546,0
2005,5,23,18,0,9.454,0
2005,5,24,0,0,5.648,0
2005,5,24,6,0,12.657,0
2005,5,24,12,0,19.861,0
2005,5,24,18,0,10.139,0
2005,5,25,0,0,5.954,0
2005,5,25,6,0,15.204,0
2005,5,25,12,0,24.167,0
2005,5,25,18,0,11.389,0
2005,5,26,0,0,7.963,0
2005,5,26,6,0,17.75,0
2005,5,26,12,0,26.481,0
2005,5,26,18,0,15.454,0
2005,5,27,0,0,11.731,0
2005,5,27,6,0,19.954,0
2005,5,27,12,0,25.657,0
2005,5,27,18,0,15.019,0
2005,5,28,0,0,11.38,0
2005,5,28,6,0,17.685,0
2005,5,28,12,0,22.139,0
2005,5,28,18,0,14.194,0
2005,5,29,0,0,11.009,0
2005,5,29,6,0,15.269,0
2005,5,29,12,0,18.481,0
2005,5,29,18,0,13.074,0
2005,5,30,0,0,10.954,0
2005,5,30,6,0,13.407,0
2005,5,30,12,0,17.343,0
2005,5,30,18,0,13.398,0
2005,5,31,0,0.3302,10.509,0
2005,5,31,6,5.715,11,0
2005,5,31,12,3.0734,11.648,0
2005,5,31,18,0.6096,11.741,0
2005,6,1,0,0.4318,11.417,0
2005,6,1,6,1.778,12.5,0
2005,6,1,12,1.0668,13.269,0
2005,6,1,18,0,12.028,0
2005,6,2,0,0.0508,11.352,0
2005,6,2,6,0,13.398,0
2005,6,2,12,0,15.157,0
2005,6,2,18,0,12.074,0
2005,6,3,0,0,10,0
2005,6,3,6,0,12.5,0
2005,6,3,12,0,15.667,0
2005,6,3,18,0,11.083,0
2005,6,4,0,0,7.843,0
2005,6,4,6,0,11.157,0
2005,6,4,12,0,14.194,0
2005,6,4,18,0,10.231,0
2005,6,5,0,0.0254,8.667,0
2005,6,5,6,3.302,13.056,0
2005,6,5,12,1.4986,13.528,0
2005,6,5,18,0,9.861,0
2005,6,6,0,0.508,7.259,0
2005,6,6,6,0,12.463,0
2005,6,6,12,0,15.778,0
2005,6,6,18,0,10.593,0
2005,6,7,0,0,7.722,0
2005,6,7,6,0.5334,11.426,0
2005,6,7,12,2.7432,12.546,0
2005,6,7,18,2.921,9.565,0
2005,6,8,0,0.762,9.046,0
2005,6,8,6,0.9398,11.194,0
2005,6,8,12,1.2954,14.62,0
2005,6,8,18,0.0254,10.565,0
2005,6,9,0,3.5814,8.907,0
2005,6,9,6,0,13.556,0
2005,6,9,12,0,17.213,0
2005,6,9,18,0,10.935,0
2005,6,10,0,0,9.148,0
2005,6,10,6,0,11.593,0
2005,6,10,12,0.0508,15.38,0
2005,6,10,18,0.0254,11.472,0
2005,6,11,0,1.2954,9.815,0
2005,6,11,6,1.27,12.685,0
2005,6,11,12,0.6096,14.981,0
2005,6,11,18,1.0922,10.602,0
2005,6,12,0,1.8796,8.667,0
2005,6,12,6,0.2286,10.352,0
2005,6,12,12,0,14.648,0
2005,6,12,18,0.4064,10.602,0
2005,6,13,0,0.2286,9.741,0
2005,6,13,6,0.2286,12.491,0
2005,6,13,12,0.2794,16.12,0
2005,6,13,18,0,12.13,0
2005,6,14,0,0,8.602,0
2005,6,14,6,0,13.907,0
2005,6,14,12,0,17.25,0
2005,6,14,18,0,10.657,0
2005,6,15,0,0,7.343,0
2005,6,15,6,0,12.611,0
2005,6,15,12,0,17.491,0
2005,6,15,18,0,12.361,0
2005,6,16,0,0,11.083,0
2005,6,16,6,0,15.713,0
2005,6,16,12,0.0508,18.306,0
2005,6,16,18,4.7752,13.361,0
2005,6,17,0,8.763,11.009,0
2005,6,17,6,3.2512,11.546,0
2005,6,17,12,0.7874,15.324,0
2005,6,17,18,0.2794,12.537,0
2005,6,18,0,1.4478,11.787,0
2005,6,18,6,0.381,13.639,0
2005,6,18,12,0.0762,17.935,0
2005,6,18,18,0.0508,14.269,0
2005,6,19,0,0.127,10.963,0
2005,6,19,6,0,16.296,0
2005,6,19,12,0,22.444,0
2005,6,19,18,0,15.389,0
2005,6,20,0,0,10.398,0
2005,6,20,6,0,17.759,0
2005,6,20,12,0,23.259,0
2005,6,20,18,0,15.306,0
2005,6,21,0,0,11.611,0
2005,6,21,6,0,17.093,0
2005,6,21,12,2.5654,21.278,0
2005,6,21,18,3.2766,15.38,0
2005,6,22,0,1.4478,12.407,0
2005,6,22,6,2.0828,12.389,0
2005,6,22,12,0.8128,16.407,0
2005,6,22,18,0.254,12.639,0
2005,6,23,0,0.1016,9.898,0
2005,6,23,6,0,14.769,0
2005,6,23,12,0,19.63,0
2005,6,23,18,0,13.222,0
2005,6,24,0,0,9.685,0
2005,6,24,6,0,16.426,0
2005,6,24,12,0,19.463,0
2005,6,24,18,0.0508,14.259,0
2005,6,25,0,0.2794,11.454,0
2005,6,25,6,0.9144,15.019,0
2005,6,25,12,0,18.63,0
2005,6,25,18,0.3302,13.139,0
2005,6,26,0,1.4732,9.796,0
2005,6,26,6,0.0762,13.981,0
2005,6,26,12,0.4064,16.713,0
2005,6,26,18,1.8034,12.102,0
2005,6,27,0,1.4986,10.88,0
2005,6,27,6,1.4224,12.519,0
2005,6,27,12,0.4826,13.88,0
2005,6,27,18,0,12.88,0
2005,6,28,0,0.3048,12.019,0
2005,6,28,6,0,15.704,0
2005,6,28,12,0,18.815,0
2005,6,28,18,0,14.833,0
2005,6,29,0,0,12.611,0
2005,6,29,6,0,17.509,0
2005,6,29,12,0,20.343,0
2005,6,29,18,0,15.926,0
2005,6,30,0,0,12.204,0
2005,6,30,6,0,15.454,0
2005,6,30,12,0,18.454,0
2005,6,30,18,0,13.769,0
2005,7,1,0,0,9.769,0
2005,7,1,6,0,14.565,0
2005,7,1,12,0,18.778,0
2005,7,1,18,0.0508,12.806,0
2005,7,2,0,0.1016,10.296,0
2005,7,2,6,0.1016,13.88,0
2005,7,2,12,0,19.898,0
2005,7,2,18,0,14.269,0
2005,7,3,0,0.0254,10.769,0
2005,7,3,6,0,16.833,0
2005,7,3,12,0,21.231,0
2005,7,3,18,0,15.574,0
2005,7,4,0,0,12.324,0
2005,7,4,6,0,15.88,0
2005,7,4,12,0,20.269,0
2005,7,4,18,0,16.12,0
2005,7,5,0,0,11.88,0
2005,7,5,6,0,16.574,0
2005,7,5,12,5.7912,17.287,0
2005,7,5,18,11.9888,14.222,0
2005,7,6,0,5.9182,13.75,0
2005,7,6,6,0.9398,14.667,0
2005,7,6,12,0.1524,17.491,0
2005,7,6,18,0.0508,13.444,0
2005,7,7,0,0,9.731,0
2005,7,7,6,0,14.009,0
2005,7,7,12,0.0508,17.722,0
2005,7,7,18,0.254,14.713,0
2005,7,8,0,7.6708,13.12,0
2005,7,8,6,5.9182,14.926,0
2005,7,8,12,1.651,16.241,0
2005,7,8,18,1.8034,13.546,0
2005,7,9,0,1.4478,11.315,0
2005,7,9,6,3.6322,14.343,0
2005,7,9,12,0.1016,19.12,0
2005,7,9,18,0,13.917,0
2005,7,10,0,0.3048,8.917,0
2005,7,10,6,0,15.981,0
2005,7,10,12,0.635,20.028,0
2005,7,10,18,0.7112,15.139,0
2005,7,11,0,0.0508,12.852,0
2005,7,11,6,0,16.704,0
2005,7,11,12,0.0254,20.574,0
2005,7,11,18,0.0254,16.991,0
2005,7,12,0,0,14.009,0
2005,7,12,6,0,17.63,0
2005,7,12,12,0,21.102,0
2005,7,12,18,0,16.954,0
2005,7,13,0,0,13.667,0
2005,7,13,6,0,17.574,0
2005,7,13,12,0,20.333,0
2005,7,13,18,0,15.537,0
2005,7,14,0,0,12.046,0
2005,7,14,6,0,16.028,0
2005,7,14,12,0,19.944,0
2005,7,14,18,0,15.963,0
2005,7,15,0,0,12.796,0
2005,7,15,6,1.651,17.065,0
2005,7,15,12,1.397,18.167,0
2005,7,15,18,0.0508,14.491,0
2005,7,16,0,0.5334,13.222,0
2005,7,16,6,0.127,15.009,0
2005,7,16,12,0,21.787,0
2005,7,16,18,0.0254,17.852,0
2005,7,17,0,0.2794,12.676,0
2005,7,17,6,0,19.463,0
2005,7,17,12,0,24.519,0
2005,7,17,18,0,17.602,0
2005,7,18,0,0,12.787,0
2005,7,18,6,0,19.806,0
2005,7,18,12,0,23.648,0
2005,7,18,18,0,17.704,0
2005,7,19,0,0,12.667,0
2005,7,19,6,0,18.361,0
2005,7,19,12,0,22.009,0
2005,7,19,18,0,15.713,0
2005,7,20,0,0,10.407,0
2005,7,20,6,0,17.731,0
2005,7,20,12,0,24.046,0
2005,7,20,18,0,16.88,0
2005,7,21,0,0,10.38,0
2005,7,21,6,0,18.093,0
2005,7,21,12,0,23.509,0
2005,7,21,18,0,17.565,0
2005,7,22,0,0.0508,14.546,0
2005,7,22,6,6.0452,18.787,0
2005,7,22,12,0.3048,19.778,0
2005,7,22,18,0.3048,15.602,0
2005,7,23,0,0.254,12.5,0
2005,7,23,6,0,16.972,0
2005,7,23,12,0,21.389,0
2005,7,23,18,0,15.463,0
2005,7,24,0,0,9.574,0
2005,7,24,6,0,16.593,0
2005,7,24,12,0,22.963,0
2005,7,24,18,0,15.019,0
2005,7,25,0,0,10.037,0
2005,7,25,6,0,18.241,0
2005,7,25,12,0,24.491,0
2005,7,25,18,0,16.148,0
2005,7,26,0,0,10.593,0
2005,7,26,6,0,19.5,0
2005,7,26,12,0,25.62,0
2005,7,26,18,0,17.444,0
2005,7,27,0,0,11.806,0
2005,7,27,6,0,19.639,0
2005,7,27,12,0,25.148,0
2005,7,27,18,0,17.741,0
2005,7,28,0,0,12.722,0
2005,7,28,6,0,19.639,0
2005,7,28,12,0,23.806,0
2005,7,28,18,0,16.889,0
2005,7,29,0,0,11.241,0
2005,7,29,6,0,19.259,0
2005,7,29,12,0,24.574,0
2005,7,29,18,0,17.833,0
2005,7,30,0,0,11.972,0
2005,7,30,6,0,19.806,0
2005,7,30,12,0,25.963,0
2005,7,30,18,0,19.574,0
2005,7,31,0,0,13.148,0
2005,7,31,6,0,18.963,0
2005,7,31,12,0,23.713,0
2005,7,31,18,0.3302,18.824,0
2005,8,1,0,4.191,15.287,0
2005,8,1,6,1.27,18.88,0
2005,8,1,12,0.0508,22.287,0
2005,8,1,18,0,13.806,0
2005,8,2,0,1.143,10.361,0
2005,8,2,6,0,16.472,0
2005,8,2,12,0,23.065,0
2005,8,2,18,0,13.204,0
2005,8,3,0,0,9.769,0
2005,8,3,6,0,17.324,0
2005,8,3,12,0,25.685,0
2005,8,3,18,0,15.185,0
2005,8,4,0,0,11.333,0
2005,8,4,6,0,18.769,0
2005,8,4,12,0,26.435,0
2005,8,4,18,0,15.944,0
2005,8,5,0,0,11.87,0
2005,8,5,6,0,18.111,0
2005,8,5,12,0,24.954,0
2005,8,5,18,0,15.926,0
2005,8,6,0,0,12.222,0
2005,8,6,6,0,18.648,0
2005,8,6,12,0,24.231,0
2005,8,6,18,0,15.315,0
2005,8,7,0,0,11.694,0
2005,8,7,6,0,16.769,0
2005,8,7,12,0,24.065,0
2005,8,7,18,0,15.88,0
2005,8,8,0,0,11.472,0
2005,8,8,6,0,17.278,0
2005,8,8,12,0,23.5,0
2005,8,8,18,0,15.491,0
2005,8,9,0,0,11.954,0
2005,8,9,6,0,17.25,0
2005,8,9,12,0,21.306,0
2005,8,9,18,0,15.046,0
2005,8,10,0,0,12.222,0
2005,8,10,6,0,16.028,0
2005,8,10,12,0,20.611,0
2005,8,10,18,0,14.991,0
2005,8,11,0,0,13.25,0
2005,8,11,6,0,17.296,0
2005,8,11,12,0,22.37,0
2005,8,11,18,0,15.602,0
2005,8,12,0,0,12.324,0
2005,8,12,6,0,18.685,0
2005,8,12,12,0,25.759,0
2005,8,12,18,0,16.713,0
2005,8,13,0,0,12.333,0
2005,8,13,6,0,20.87,0
2005,8,13,12,0,27.63,0
2005,8,13,18,0,16.917,0
2005,8,14,0,0,13.028,0
2005,8,14,6,0,20.759,0
2005,8,14,12,0,27.083,0
2005,8,14,18,0,18.583,0
2005,8,15,0,0,13.361,0
2005,8,15,6,0,20.269,0
2005,8,15,12,0,23.296,0
2005,8,15,18,0,16.028,0
2005,8,16,0,0,12.796,0
2005,8,16,6,0,17.176,0
2005,8,16,12,0,19.972,0
2005,8,16,18,1.651,15.593,0
2005,8,17,0,32.1818,14.861,0
2005,8,17,6,1.9304,16.213,0
2005,8,17,12,0.1524,21.611,0
2005,8,17,18,0.889,16.824,0
2005,8,18,0,0.254,12.704,0
2005,8,18,6,0,18.111,0
2005,8,18,12,0,24.231,0
2005,8,18,18,0,16.167,0
2005,8,19,0,0,11.787,0
2005,8,19,6,0,19.454,0
2005,8,19,12,0,25.019,0
2005,8,19,18,0,17.167,0
2005,8,20,0,0,12.176,0
2005,8,20,6,0,17.417,0
2005,8,20,12,0,23.074,0
2005,8,20,18,0,15.37,0
2005,8,21,0,0,11.593,0
2005,8,21,6,0,17.315,0
2005,8,21,12,0,21.75,0
2005,8,21,18,0,15.287,0
2005,8,22,0,0,12.787,0
2005,8,22,6,0,17.287,0
2005,8,22,12,0,20.583,0
2005,8,22,18,0,15.111,0
2005,8,23,0,0,11.833,0
2005,8,23,6,0,17.278,0
2005,8,23,12,0,22.843,0
2005,8,23,18,0,14.852,0
2005,8,24,0,0,10.648,0
2005,8,24,6,0,17.444,0
2005,8,24,12,0,25.213,0
2005,8,24,18,0,14.685,0
2005,8,25,0,0,10.435,0
2005,8,25,6,0,19.231,0
2005,8,25,12,0,26.074,0
2005,8,25,18,0,15.426,0
2005,8,26,0,0,11.213,0
2005,8,26,6,0,19.12,0
2005,8,26,12,0,24.028,0
2005,8,26,18,0,14.454,0
2005,8,27,0,0,10.713,0
2005,8,27,6,0,16.676,0
2005,8,27,12,0,20.407,0
2005,8,27,18,0,14.741,0
2005,8,28,0,1.3208,13.435,0
2005,8,28,6,11.43,16.574,0
2005,8,28,12,3.8354,19.194,0
2005,8,28,18,1.6002,15.306,0
2005,8,29,0,2.2606,12.509,0
2005,8,29,6,0.254,14.019,0
2005,8,29,12,1.0668,16.176,0
2005,8,29,18,0,12.648,0
2005,8,30,0,0.1016,12.333,0
2005,8,30,6,0.3048,15.38,0
2005,8,30,12,0.0508,18.657,0
2005,8,30,18,0.254,16.324,0
2005,8,31,0,0,13.315,0
2005,8,31,6,0,17.315,0
2005,8,31,12,0,21.574,0
2005,8,31,18,0,14.037,0
2005,9,1,0,0,10.102,0
2005,9,1,6,0,16.722,0
2005,9,1,12,0,20.12,0
2005,9,1,18,0,13.333,0
2005,9,2,0,0,12.037,0
2005,9,2,6,0,15.917,0
2005,9,2,12,0,19.315,0
2005,9,2,18,0,12.176,0
2005,9,3,0,0,9.324,0
2005,9,3,6,0,14.037,0
2005,9,3,12,0,17.361,0
2005,9,3,18,0,11.546,0
2005,9,4,0,0.1016,10.806,0
2005,9,4,6,0.127,16.102,0
2005,9,4,12,0.4572,18.139,0
2005,9,4,18,0,11.898,0
2005,9,5,0,0.4064,8.167,0
2005,9,5,6,0,13.926,0
2005,9,5,12,0,19.907,0
2005,9,5,18,0,10.935,0
2005,9,6,0,0,7.046,0
2005,9,6,6,0,15.157,0
2005,9,6,12,0,21.12,0
2005,9,6,18,0,10.87,0
2005,9,7,0,0,7.472,0
2005,9,7,6,0,14.843,0
2005,9,7,12,0,21.019,0
2005,9,7,18,0,11.028,0
2005,9,8,0,0,8.444,0
2005,9,8,6,0,14.926,0
2005,9,8,12,0,19.241,0
2005,9,8,18,0,13.194,0
2005,9,9,0,0.3048,10.167,0
2005,9,9,6,2.9718,11.546,0
2005,9,9,12,1.7272,17.972,0
2005,9,9,18,1.5494,11.722,0
2005,9,10,0,4.6228,8.935,0
2005,9,10,6,0.3302,12.491,0
2005,9,10,12,0.6858,18.815,0
2005,9,10,18,0.7366,11.657,0
2005,9,11,0,1.4478,11.102,0
2005,9,11,6,0,15.222,0
2005,9,11,12,0,18.454,0
2005,9,11,18,0,12.398,0
2005,9,12,0,0,10.815,0
2005,9,12,6,0,14.463,0
2005,9,12,12,0,18.963,0
2005,9,12,18,0,12.074,0
2005,9,13,0,0,7.833,0
2005,9,13,6,0,13.963,0
2005,9,13,12,0,18.778,0
2005,9,13,18,0,11.37,0
2005,9,14,0,0,8.972,0
2005,9,14,6,0,13.972,0
2005,9,14,12,0,17.444,0
2005,9,14,18,0,12.194,0
2005,9,15,0,0,11.444,0
2005,9,15,6,0,13.574,0
2005,9,15,12,0,14.704,0
2005,9,15,18,0.4826,11.296,0
2005,9,16,0,3.8862,10.611,0
2005,9,16,6,3.3274,12.139,0
2005,9,16,12,0.1778,15.056,0
2005,9,16,18,1.4986,11.62,0
2005,9,17,0,4.8514,9.731,0
2005,9,17,6,0,13.028,0
2005,9,17,12,0,17.25,0
2005,9,17,18,0,9.889,0
2005,9,18,0,0,7.102,0
2005,9,18,6,0,12.926,0
2005,9,18,12,0,17.852,0
2005,9,18,18,0,11.63,0
2005,9,19,0,0,9.324,0
2005,9,19,6,0,14.898,0
2005,9,19,12,0,17.5,0
2005,9,19,18,0,12.009,0
2005,9,20,0,0,8.352,0
2005,9,20,6,0,13.574,0
2005,9,20,12,0,16.398,0
2005,9,20,18,0,8.75,0
2005,9,21,0,0,5.472,0
2005,9,21,6,0,9.509,0
2005,9,21,12,0,15.546,0
2005,9,21,18,0,7.676,0
2005,9,22,0,0,4.593,0
2005,9,22,6,0,9.944,0
2005,9,22,12,0,16.565,0
2005,9,22,18,0,7.204,0
2005,9,23,0,0,4.315,0
2005,9,23,6,0,9.787,0
2005,9,23,12,0,16.796,0
2005,9,23,18,0,5.944,0
2005,9,24,0,0,3.407,0.0216666666666667
2005,9,24,6,0,9.509,0
2005,9,24,12,0,16.722,0
2005,9,24,18,0,7.361,0
2005,9,25,0,0,4.333,0.00333333333333333
2005,9,25,6,0,10.769,0
2005,9,25,12,0,17.704,0
2005,9,25,18,0,7.963,0
2005,9,26,0,0,5.046,0
2005,9,26,6,0,11.509,0
2005,9,26,12,0,17.528,0
2005,9,26,18,0,8.713,0
2005,9,27,0,0,6.454,0
2005,9,27,6,0,10.556,0
2005,9,27,12,0,16.685,0
2005,9,27,18,0,8.472,0
2005,9,28,0,0,5.63,0
2005,9,28,6,0,10.731,0
2005,9,28,12,0.7874,15.315,0
2005,9,28,18,5.9436,10.556,0
2005,9,29,0,13.97,10.574,0
2005,9,29,6,28.956,12.981,0
2005,9,29,12,19.8628,14.546,0
2005,9,29,18,4.445,11.907,0
2005,9,30,0,0.4318,9.537,0
2005,9,30,6,0,10.759,0
2005,9,30,12,0.0254,13.148,0
2005,9,30,18,0.0254,8.315,0
2005,10,1,0,0.1524,6.343,0
2005,10,1,6,0.8636,9.102,0
2005,10,1,12,0.127,11.361,0
2005,10,1,18,0,6.639,0
2005,10,2,0,0.0508,6.12,0
2005,10,2,6,0,9.426,0
2005,10,2,12,2.5654,12.185,0
2005,10,2,18,0.5842,7.333,0
2005,10,3,0,0.127,5.417,0
2005,10,3,6,0,8.815,0
2005,10,3,12,0,13.454,0
2005,10,3,18,0,4.75,0
2005,10,4,0,0,2.731,0.00666666666666667
2005,10,4,6,0,7.648,0
2005,10,4,12,0,13.417,0
2005,10,4,18,0,8.148,0
2005,10,5,0,0,8.25,0
2005,10,5,6,0,10.204,0
2005,10,5,12,0.0254,12.787,0
2005,10,5,18,0,10.204,0
2005,10,6,0,0,10.13,0
2005,10,6,6,0,11.519,0
2005,10,6,12,1.27,13.398,0
2005,10,6,18,4.699,11.241,0
2005,10,7,0,0.5334,9.37,0
2005,10,7,6,0.4572,10.519,0
2005,10,7,12,0.508,12.639,0
2005,10,7,18,0.2032,9.222,0
2005,10,8,0,0.127,7.426,0
2005,10,8,6,0.1778,9.583,0
2005,10,8,12,0.4064,13.25,0
2005,10,8,18,0.2032,9.491,0
2005,10,9,0,0.508,7.704,0
2005,10,9,6,0,9.676,0
2005,10,9,12,0,12.806,0
2005,10,9,18,0,10.306,0
2005,10,10,0,0,9.722,0
2005,10,10,6,10.033,12.259,0
2005,10,10,12,5.8928,12.991,0
2005,10,10,18,0,10.083,0
2005,10,11,0,0,6.935,0
2005,10,11,6,0,8.731,0
2005,10,11,12,0,12.083,0
2005,10,11,18,0,7.056,0
2005,10,12,0,0,7.481,0
2005,10,12,6,0.3302,10.63,0
2005,10,12,12,8.3312,11.333,0
2005,10,12,18,2.9718,9.806,0
2005,10,13,0,0.3556,8.694,0
2005,10,13,6,0,10.352,0
2005,10,13,12,0,13.306,0
2005,10,13,18,0,8.806,0
2005,10,14,0,2.54,9.843,0
2005,10,14,6,2.2098,12.37,0
2005,10,14,12,1.4478,15.935,0
2005,10,14,18,16.1544,13.593,0
2005,10,15,0,5.4102,11.111,0
2005,10,15,6,0,12.139,0
2005,10,15,12,0,14.37,0
2005,10,15,18,1.2192,10.167,0
2005,10,16,0,4.0386,9.259,0
2005,10,16,6,11.1252,9.639,0
2005,10,16,12,16.1544,12.194,0
2005,10,16,18,7.9248,10.87,0
2005,10,17,0,14.732,11.565,0
2005,10,17,6,32.4612,12.5,0
2005,10,17,12,16.3322,13.861,0
2005,10,17,18,2.413,11.481,0
2005,10,18,0,0.0254,9.037,0
2005,10,18,6,0,10.306,0
2005,10,18,12,0,13.731,0
2005,10,18,18,0.6096,10.889,0
2005,10,19,0,6.1468,9.519,0
2005,10,19,6,3.2512,10.685,0
2005,10,19,12,4.1656,11.676,0
2005,10,19,18,2.159,9.759,0
2005,10,20,0,0,6.935,0
2005,10,20,6,0,8.694,0
2005,10,20,12,0,13.361,0
2005,10,20,18,0,8.704,0
2005,10,21,0,0,8.435,0
2005,10,21,6,0,10.537,0
2005,10,21,12,0,16.565,0
2005,10,21,18,0,11.056,0
2005,10,22,0,0,8.37,0
2005,10,22,6,0,10.12,0
2005,10,22,12,0.0254,14.287,0
2005,10,22,18,0.0254,9.157,0
2005,10,23,0,0.6096,8.389,0
2005,10,23,6,2.4638,11.306,0
2005,10,23,12,6.5786,13.491,0
2005,10,23,18,0,8.954,0
2005,10,24,0,0,7.574,0
2005,10,24,6,0,9.667,0
2005,10,24,12,0,15.157,0
2005,10,24,18,0,7.741,0
2005,10,25,0,0,5.37,0
2005,10,25,6,0,10.343,0
2005,10,25,12,0,13.63,0
2005,10,25,18,1.3462,8.806,0
2005,10,26,0,0,5.231,0
2005,10,26,6,0,6.556,0.00333333333333333
2005,10,26,12,0,11,0
2005,10,26,18,0,4.778,0.00166666666666667
2005,10,27,0,0,2.269,0.0816666666666667
2005,10,27,6,0.127,6.12,0.0333333333333333
2005,10,27,12,0.1524,10.935,0
2005,10,27,18,0.4826,8.259,0
2005,10,28,0,12.2428,7.417,0
2005,10,28,6,1.524,8.204,0
2005,10,28,12,0.3302,9.454,0
2005,10,28,18,2.667,7.148,0
2005,10,29,0,6.9596,6.231,0
2005,10,29,6,6.985,7.269,0
2005,10,29,12,0.5334,7.852,0
2005,10,29,18,1.4986,5.565,0
2005,10,30,0,3.429,4.667,0
2005,10,30,6,0.9398,6.519,0
2005,10,30,12,3.9624,7.88,0
2005,10,30,18,9.7028,7.167,0
2005,10,31,0,16.256,7.176,0
2005,10,31,6,1.8542,7.611,0
2005,10,31,12,2.0828,8.583,0
2005,10,31,18,4.5974,6.991,0
2005,11,1,0,5.08,5.991,0
2005,11,1,6,12.3952,6.917,0
2005,11,1,12,4.826,7.38,0
2005,11,1,18,2.3368,5.324,0
2005,11,2,0,0.1016,5.5,0
2005,11,2,6,1.8542,6.287,0
2005,11,2,12,0.0508,7.185,0
2005,11,2,18,3.6322,5.417,0
2005,11,3,0,2.159,5.537,0
2005,11,3,6,5.0292,5.981,0
2005,11,3,12,6.6294,6.935,0
2005,11,3,18,0.9144,5.352,0
2005,11,4,0,0.6604,4.519,0
2005,11,4,6,1.905,4.935,0
2005,11,4,12,4.2164,5.954,0
2005,11,4,18,0.7366,4.213,0
2005,11,5,0,0.889,3.546,0
2005,11,5,6,7.874,4.685,0
2005,11,5,12,6.3246,6.361,0
2005,11,5,18,13.6398,5.306,0
2005,11,6,0,0.6604,4.435,0
2005,11,6,6,2.0574,4.5,0
2005,11,6,12,0.0762,5.833,0
2005,11,6,18,0.9398,4.278,0
2005,11,7,0,0.1524,4.13,0
2005,11,7,6,1.8796,4.046,0
2005,11,7,12,0.2032,4.167,0
2005,11,7,18,1.6764,3.111,0.00833333333333333
2005,11,8,0,0.4826,3.111,0.01
2005,11,8,6,6.858,4.213,0
2005,11,8,12,0.0762,5.139,0
2005,11,8,18,1.5494,4.231,0.00166666666666667
2005,11,9,0,0.1016,4.398,0
2005,11,9,6,0,4.852,0
2005,11,9,12,0.0508,6.287,0
2005,11,9,18,0,7.704,0
2005,11,10,0,0.127,8.343,0
2005,11,10,6,2.7178,8.241,0
2005,11,10,12,5.7912,7.343,0
2005,11,10,18,1.7018,4.407,0
2005,11,11,0,0.2032,3.241,0.0233333333333333
2005,11,11,6,1.9304,3.25,0.0233333333333333
2005,11,11,12,5.588,4.639,0
2005,11,11,18,0.9144,2.917,0.00833333333333333
2005,11,12,0,0.0762,2.065,0.07
2005,11,12,6,0.0254,3.315,0.035
2005,11,12,12,0.127,4.843,0
2005,11,12,18,0.3556,3.25,0.00666666666666667
2005,11,13,0,7.112,3.454,0
2005,11,13,6,2.8194,3.676,0.00833333333333333
2005,11,13,12,1.8796,5.574,0
2005,11,13,18,1.8796,2.843,0.0733333333333333
2005,11,14,0,0.0508,1.194,0.4
2005,11,14,6,0,2.593,0.241666666666667
2005,11,14,12,0,3.741,0.103333333333333
2005,11,14,18,0,0.167,0.963333333333333
2005,11,15,0,0,0.648,0.76
2005,11,15,6,0,2.481,0.281666666666667
2005,11,15,12,0,4.426,0.00166666666666667
2005,11,15,18,0.0508,2.685,0.02
2005,11,16,0,0.5842,3.398,0.00166666666666667
2005,11,16,6,0.4318,5.102,0
2005,11,16,12,0,6.537,0
2005,11,16,18,0.0508,3.62,0.00833333333333333
2005,11,17,0,0,1.704,0.17
2005,11,17,6,0,4.083,0.09
2005,11,17,12,0,6.87,0
2005,11,17,18,0,2.056,0.246666666666667
2005,11,18,0,0,1.769,0.24
2005,11,18,6,0,4.787,0.00833333333333333
2005,11,18,12,0,6.963,0
2005,11,18,18,0,1.731,0.443333333333333
2005,11,19,0,0,0.435,0.955
2005,11,19,6,0,3.546,0.335
2005,11,19,12,0,6.861,0
2005,11,19,18,0,2.213,0.245
2005,11,20,0,0,0.426,0.858333333333333
2005,11,20,6,0,2.407,0.435
2005,11,20,12,0,6.028,0.005
2005,11,20,18,0,0.491,0.798333333333333
2005,11,21,0,0,-0.935,1
2005,11,21,6,0,1.87,0.56
2005,11,21,12,0,5.37,0.075
2005,11,21,18,0,0.241,0.941666666666667
2005,11,22,0,0,-0.972,1
2005,11,22,6,0,0.954,0.668333333333333
2005,11,22,12,0,3.769,0.251666666666667
2005,11,22,18,0,0.231,0.973333333333333
2005,11,23,0,0,-1.065,1
2005,11,23,6,0,0.269,0.761666666666667
2005,11,23,12,0,3.139,0.225
2005,11,23,18,0,0.074,0.978333333333333
2005,11,24,0,0,0.231,1
2005,11,24,6,0,2.556,0.506666666666667
2005,11,24,12,1.2192,5.296,0
2005,11,24,18,0,2.231,0.12
2005,11,25,0,0,1.63,0.196666666666667
2005,11,25,6,11.049,3.796,0.00833333333333333
2005,11,25,12,16.7386,4.778,0
2005,11,25,18,1.651,2.083,0.2
2005,11,26,0,3.1242,0.38,0.73
2005,11,26,6,0.9144,1.88,0.268333333333333
2005,11,26,12,0.0254,2.63,0.156666666666667
2005,11,26,18,0,-1.157,0.976666666666667
2005,11,27,0,0.0254,-0.574,0.953333333333333
2005,11,27,6,0.635,0.62,0.6
2005,11,27,12,0.2794,1.815,0.261666666666667
2005,11,27,18,0,-1.556,0.998333333333333
2005,11,28,0,0,-3.454,1
2005,11,28,6,0,-0.694,0.943333333333333
2005,11,28,12,0,0.861,0.816666666666667
2005,11,28,18,2.794,-1.102,0.996666666666667
2005,11,29,0,6.5278,-1.287,1
2005,11,29,6,2.7178,-0.389,0.88
2005,11,29,12,4.4704,-0.185,0.786666666666667
2005,11,29,18,4.2418,-1.833,1
2005,11,30,0,4.953,-1.593,0.973333333333333
2005,11,30,6,2.032,-1.111,0.931666666666667
2005,11,30,12,0.2286,-0.407,0.888333333333333
2005,11,30,18,0,-2.157,0.998333333333333
2005,12,1,0,0,-3.463,1
2005,12,1,6,0,-1.88,1
2005,12,1,12,2.5908,-1.083,0.991666666666667
2005,12,1,18,1.4224,-2.648,1
2005,12,2,0,0.7366,-3.407,1
2005,12,2,6,0.6858,-2.028,1
2005,12,2,12,0,-1.852,1
2005,12,2,18,0,-4.065,1
2005,12,3,0,0,-3.389,1
2005,12,3,6,0.1016,-2.037,0.996666666666667
2005,12,3,12,0.0508,-1.685,0.976666666666667
2005,12,3,18,0,-3.88,1
2005,12,4,0,0,-3.833,1
2005,12,4,6,0,-0.704,0.85
2005,12,4,12,0.2286,0.833,0.558333333333333
2005,12,4,18,0.4064,0.222,0.738333333333333
2005,12,5,0,0.5334,0.759,0.451666666666667
2005,12,5,6,1.0668,1.565,0.175
2005,12,5,12,1.5494,2.324,0.03
2005,12,5,18,0.8382,0.102,0.675
2005,12,6,0,0,-1.296,0.901666666666667
2005,12,6,6,0,-0.528,0.748333333333333
2005,12,6,12,0,1.537,0.478333333333333
2005,12,6,18,0,-1.519,1
2005,12,7,0,0,-1.102,1
2005,12,7,6,0,1.111,0.615
2005,12,7,12,0,1.917,0.305
2005,12,7,18,0,-0.935,0.946666666666667
2005,12,8,0,0,-3.472,1
2005,12,8,6,0,-1.491,0.881666666666667
2005,12,8,12,0,0.963,0.575
2005,12,8,18,0,-2.944,1
2005,12,9,0,0,-2.278,1
2005,12,9,6,0,-0.602,0.706666666666667
2005,12,9,12,0,1.231,0.48
2005,12,9,18,0,-0.648,0.996666666666667
2005,12,10,0,0,0.741,0.918333333333333
2005,12,10,6,0,1.278,0.733333333333333
2005,12,10,12,0,1.852,0.598333333333333
2005,12,10,18,0,-1.444,1
2005,12,11,0,0,-1.222,1
2005,12,11,6,0,1.343,0.691666666666667
2005,12,11,12,0,1.231,0.625
2005,12,11,18,0,-1.907,1
2005,12,12,0,0,-1.352,1
2005,12,12,6,0,0.472,0.591666666666667
2005,12,12,12,0.762,2.12,0.06
2005,12,12,18,0.127,0.463,0.555
2005,12,13,0,0.0254,-0.944,0.903333333333333
2005,12,13,6,0,0.102,0.636666666666667
2005,12,13,12,0,1.093,0.411666666666667
2005,12,13,18,0,-1.806,0.99
2005,12,14,0,0,-3.481,1
2005,12,14,6,0,-1.583,0.951666666666667
2005,12,14,12,0,1.194,0.628333333333333
2005,12,14,18,0,-3,1
2005,12,15,0,0,-3.278,1
2005,12,15,6,0,-0.972,0.88
2005,12,15,12,0,0.25,0.708333333333333
2005,12,15,18,0,-3.898,1
2005,12,16,0,0,-4.213,1
2005,12,16,6,0,-1.269,0.861666666666667
2005,12,16,12,0,1.676,0.493333333333333
2005,12,16,18,0,-2.019,1
2005,12,17,0,0,-1.963,1
2005,12,17,6,0,0.38,0.818333333333333
2005,12,17,12,0,1.537,0.691666666666667
2005,12,17,18,0,-1.593,1
2005,12,18,0,0,-2.306,1
2005,12,18,6,0,-0.352,0.966666666666667
2005,12,18,12,0,2.139,0.766666666666667
2005,12,18,18,0,-1.037,1
2005,12,19,0,0.1524,1.5,0.583333333333333
2005,12,19,6,3.4798,3.963,0.0216666666666667
2005,12,19,12,0.1016,4.231,0
2005,12,19,18,0.3048,3.87,0
2005,12,20,0,2.0574,5.435,0
2005,12,20,6,3.7338,6.972,0
2005,12,20,12,1.8796,8.731,0
2005,12,20,18,3.0988,5.815,0
2005,12,21,0,0,5.435,0
2005,12,21,6,0.8382,7.509,0
2005,12,21,12,1.524,10.583,0
2005,12,21,18,2.8702,8.361,0
2005,12,22,0,3.8608,8.028,0
2005,12,22,6,5.8674,8.648,0
2005,12,22,12,3.5052,8.954,0
2005,12,22,18,14.5288,7.065,0
2005,12,23,0,1.4478,6.806,0
2005,12,23,6,0.127,7.528,0
2005,12,23,12,12.8016,9.87,0
2005,12,23,18,7.8232,7.796,0
2005,12,24,0,13.843,9.75,0
2005,12,24,6,3.8862,12.093,0
2005,12,24,12,0.7366,12.972,0
2005,12,24,18,4.7752,9.046,0
2005,12,25,0,16.4338,10.028,0
2005,12,25,6,7.5184,10.139,0
2005,12,25,12,0.381,8.269,0
2005,12,25,18,1.8796,6.861,0
2005,12,26,0,1.8796,7.25,0
2005,12,26,6,6.7056,8.463,0
2005,12,26,12,2.9718,8.111,0
2005,12,26,18,0.0254,5.944,0
2005,12,27,0,4.6228,6.426,0
2005,12,27,6,4.826,7.157,0
2005,12,27,12,1.6002,7.176,0
2005,12,27,18,0,4.398,0.00166666666666667
2005,12,28,0,0.508,6.87,0
2005,12,28,6,15.6464,6.991,0
2005,12,28,12,9.6266,6.917,0
2005,12,28,18,4.0386,4.593,0
2005,12,29,0,0.2032,3.537,0
2005,12,29,6,0,3.861,0
2005,12,29,12,0,5.028,0
2005,12,29,18,1.016,4.426,0
2005,12,30,0,2.8702,5.324,0
2005,12,30,6,0.5588,5.139,0
2005,12,30,12,1.7526,5.731,0
2005,12,30,18,18.415,5.083,0
2005,12,31,0,2.5146,5.417,0
2005,12,31,6,6.1976,5.833,0
2005,12,31,12,0.5334,6.38,0
2005,12,31,18,4.9784,3.944,0
2006,1,1,0,1.0668,3.704,0
2006,1,1,6,0.0762,5.065,0
2006,1,1,12,0.6604,6.954,0
2006,1,1,18,0.5334,5.556,0
2006,1,2,0,0.127,3.759,0.0116666666666667
2006,1,2,6,0.4826,3.898,0.0116666666666667
2006,1,2,12,1.905,5.25,0
2006,1,2,18,0.381,2.75,0.0133333333333333
2006,1,3,0,0,1.407,0.235
2006,1,3,6,0,3.037,0.0533333333333333
2006,1,3,12,1.2446,5.685,0
2006,1,3,18,4.2926,5.019,0
2006,1,4,0,1.0922,4.352,0.00166666666666667
2006,1,4,6,0,3.019,0.085
2006,1,4,12,0,5.731,0
2006,1,4,18,0.127,6.306,0
2006,1,5,0,1.778,7.63,0
2006,1,5,6,11.557,7.454,0
2006,1,5,12,16.256,7.083,0
2006,1,5,18,19.9898,6.352,0
2006,1,6,0,2.9718,8.556,0
2006,1,6,6,0.9144,7.259,0
2006,1,6,12,3.0734,7.287,0
2006,1,6,18,6.35,5.972,0
2006,1,7,0,0.4318,5.352,0
2006,1,7,6,3.6322,5.796,0
2006,1,7,12,13.7414,6.704,0
2006,1,7,18,4.8006,3.343,0.0133333333333333
2006,1,8,0,0,2.093,0.1
2006,1,8,6,0,3.185,0.0733333333333333
2006,1,8,12,0.0508,4.333,0.005
2006,1,8,18,4.0386,3.704,0.00333333333333333
2006,1,9,0,12.0396,4.731,0
2006,1,9,6,14.605,5.056,0
2006,1,9,12,2.3114,5.574,0
2006,1,9,18,25.7302,4.417,0
2006,1,10,0,31.1404,3.741,0
2006,1,10,6,3.8608,4.435,0
2006,1,10,12,8.7122,5.519,0
2006,1,10,18,16.129,4.75,0
2006,1,11,0,3.5814,4.194,0
2006,1,11,6,6.1214,3.759,0
2006,1,11,12,5.6896,4.056,0
2006,1,11,18,3.302,3.185,0.00833333333333333
2006,1,12,0,1.143,2.315,0.0983333333333333
2006,1,12,6,0,2.759,0.065
2006,1,12,12,11.684,4.222,0.00166666666666667
2006,1,12,18,17.0942,4.528,0
2006,1,13,0,3.3782,5.176,0
2006,1,13,6,7.7724,4.704,0
2006,1,13,12,3.4036,5.028,0
2006,1,13,18,1.2954,3.398,0.015
2006,1,14,0,1.2954,3.583,0
2006,1,14,6,0.889,3.787,0
2006,1,14,12,0,4.398,0.00166666666666667
2006,1,14,18,0.3556,1.63,0.25
2006,1,15,0,0.0254,0.593,0.681666666666667
2006,1,15,6,0.2032,1.815,0.255
2006,1,15,12,0,3.407,0.00666666666666667
2006,1,15,18,0,1.417,0.241666666666667
2006,1,16,0,3.4798,1.407,0.281666666666667
2006,1,16,6,5.2578,2.528,0.113333333333333
2006,1,16,12,14.2748,5.056,0
2006,1,16,18,29.464,6.648,0
2006,1,17,0,1.7272,5.074,0
2006,1,17,6,0.381,4.093,0
2006,1,17,12,0.0254,5.546,0
2006,1,17,18,0.1778,2.352,0.0566666666666667
2006,1,18,0,0.3048,2.278,0.015
2006,1,18,6,0,3.287,0.00833333333333333
2006,1,18,12,0,4.926,0
2006,1,18,18,0.0508,2.593,0.0283333333333333
2006,1,19,0,0.6604,1.972,0.0716666666666667
2006,1,19,6,0.7366,2.704,0.0216666666666667
2006,1,19,12,0.0762,4.074,0.00166666666666667
2006,1,19,18,4.4704,1.861,0.125
2006,1,20,0,9.5504,2.926,0.00166666666666667
2006,1,20,6,0.9906,3.157,0.00166666666666667
2006,1,20,12,0.2032,3.889,0.00166666666666667
2006,1,20,18,0,1.389,0.306666666666667
2006,1,21,0,0.4318,1.63,0.186666666666667
2006,1,21,6,0.635,3.028,0.0266666666666667
2006,1,21,12,0.0762,5.398,0
2006,1,21,18,0,1.694,0.168333333333333
2006,1,22,0,0.1524,3.167,0.00666666666666667
2006,1,22,6,0.2032,4.574,0
2006,1,22,12,0.9398,6.093,0
2006,1,22,18,4.7752,4.926,0
2006,1,23,0,0.4064,5.611,0
2006,1,23,6,0.3048,6.157,0
2006,1,23,12,0.254,7.065,0
2006,1,23,18,0,4.343,0.01
2006,1,24,0,0,2.852,0.0416666666666667
2006,1,24,6,0,5.731,0.0116666666666667
2006,1,24,12,0,9.324,0
2006,1,24,18,0,6.352,0
2006,1,25,0,0,5.167,0
2006,1,25,6,0,5.731,0
2006,1,25,12,4.5466,6.333,0
2006,1,25,18,1.2954,3.639,0.005
2006,1,26,0,2.4384,3.056,0.025
2006,1,26,6,7.6708,3.435,0.00833333333333333
2006,1,26,12,1.1176,4.722,0
2006,1,26,18,5.0292,3.639,0
2006,1,27,0,1.4732,3.056,0.0116666666666667
2006,1,27,6,0.2286,3.028,0.0166666666666667
2006,1,27,12,0.0762,4.148,0.00166666666666667
2006,1,27,18,0.5334,2.389,0.065
2006,1,28,0,4.318,3.269,0.01
2006,1,28,6,2.159,3.472,0
2006,1,28,12,2.7432,4.056,0
2006,1,28,18,2.413,2.806,0.0183333333333333
2006,1,29,0,0.5588,2.222,0.0733333333333333
2006,1,29,6,0.8636,2.407,0.113333333333333
2006,1,29,12,6.1468,4.148,0.00166666666666667
2006,1,29,18,23.7236,5.315,0
2006,1,30,0,24.3078,6.093,0
2006,1,30,6,4.6482,5.454,0
2006,1,30,12,0.635,5.343,0
2006,1,30,18,0.8636,3.306,0.00833333333333333
2006,1,31,0,0.381,2.778,0.0183333333333333
2006,1,31,6,0.2794,4.028,0.00166666666666667
2006,1,31,12,5.8928,5.213,0
2006,1,31,18,5.1562,5.083,0
2006,2,1,0,5.1562,4.565,0
2006,2,1,6,0.127,4.38,0.00333333333333333
2006,2,1,12,2.0574,6.38,0
2006,2,1,18,2.921,5.62,0
2006,2,2,0,4.4704,5.306,0
2006,2,2,6,3.4036,5.046,0
2006,2,2,12,0.3302,5.889,0
2006,2,2,18,1.8288,4.222,0
2006,2,3,0,0.4064,4.074,0
2006,2,3,6,0.3556,4.361,0.00166666666666667
2006,2,3,12,1.7018,6.352,0
2006,2,3,18,1.27,7.148,0
2006,2,4,0,6.223,7.324,0
2006,2,4,6,4.5212,5.065,0
2006,2,4,12,10.0838,4.241,0
2006,2,4,18,9.8552,3.583,0
2006,2,5,0,1.5748,3.241,0.00166666666666667
2006,2,5,6,0,2.917,0.0716666666666667
2006,2,5,12,0,4.741,0.00333333333333333
2006,2,5,18,0,2.278,0.138333333333333
2006,2,6,0,0,2.324,0.241666666666667
2006,2,6,6,0,3.398,0.23
2006,2,6,12,0,6.824,0
2006,2,6,18,0,2.796,0.126666666666667
2006,2,7,0,0,1.593,0.476666666666667
2006,2,7,6,0,3.167,0.408333333333333
2006,2,7,12,0,7.25,0
2006,2,7,18,0.254,4.019,0.0733333333333333
2006,2,8,0,4.953,3.269,0.0166666666666667
2006,2,8,6,0.508,4.991,0
2006,2,8,12,0,7.231,0
2006,2,8,18,0,0.778,0.653333333333333
2006,2,9,0,0,-0.63,0.995
2006,2,9,6,0,1.954,0.628333333333333
2006,2,9,12,0,8.074,0.00166666666666667
2006,2,9,18,0,2.556,0.716666666666667
2006,2,10,0,0,0.759,0.995
2006,2,10,6,0,3.574,0.595
2006,2,10,12,0,8.472,0.005
2006,2,10,18,0,1.917,0.885
2006,2,11,0,0,-1.028,1
2006,2,11,6,0,1.898,0.65
2006,2,11,12,0,8.019,0.00333333333333333
2006,2,11,18,0,1.583,0.875
2006,2,12,0,0,1.25,0.98
2006,2,12,6,0,3.056,0.466666666666667
2006,2,12,12,0,7.269,0
2006,2,12,18,0.0508,3.046,0.14
2006,2,13,0,4.6736,2.315,0.0783333333333333
2006,2,13,6,2.2352,5,0
2006,2,13,12,0.3302,5.259,0.00166666666666667
2006,2,13,18,0.6858,0.065,0.795
2006,2,14,0,0.4572,-0.444,0.996666666666667
2006,2,14,6,0,1.019,0.561666666666667
2006,2,14,12,0,4.287,0.0316666666666667
2006,2,14,18,0,0.111,0.955
2006,2,15,0,0,-1.907,1
2006,2,15,6,0,-1.148,0.981666666666667
2006,2,15,12,0,2.741,0.553333333333333
2006,2,15,18,0,-0.898,1
2006,2,16,0,0,-1.722,1
2006,2,16,6,0,-0.926,1
2006,2,16,12,0,1.037,1
2006,2,16,18,0,-2.231,1
2006,2,17,0,0,-4.009,1
2006,2,17,6,0,-3.62,1
2006,2,17,12,0,2.213,1
2006,2,17,18,0,-3.713,1
2006,2,18,0,0,-5.954,1
2006,2,18,6,0,-3.37,1
2006,2,18,12,0,2.926,0.911666666666667
2006,2,18,18,0,-3.25,1
2006,2,19,0,0,-5.574,1
2006,2,19,6,0,-2.62,0.993333333333333
2006,2,19,12,0,2.269,0.85
2006,2,19,18,0,-3.157,1
2006,2,20,0,0,-5.389,1
2006,2,20,6,0,-1.13,0.701666666666667
2006,2,20,12,0,2.889,0.0416666666666667
2006,2,20,18,0,-0.148,0.651666666666667
2006,2,21,0,0.0254,-0.935,0.898333333333333
2006,2,21,6,0,1.667,0.323333333333333
2006,2,21,12,0,4.481,0
2006,2,21,18,0,3.204,0.02
2006,2,22,0,0.0508,2.843,0.0166666666666667
2006,2,22,6,0.7366,2.287,0.0983333333333333
2006,2,22,12,2.3622,3.463,0.0233333333333333
2006,2,22,18,9.017,1.824,0.135
2006,2,23,0,12.3952,1.556,0.185
2006,2,23,6,14.1986,3.352,0.00333333333333333
2006,2,23,12,2.9972,2.685,0.128333333333333
2006,2,23,18,0.0762,0.148,0.84
2006,2,24,0,0,-3.194,1
2006,2,24,6,0,-1.806,0.935
2006,2,24,12,0,1.25,0.738333333333333
2006,2,24,18,0,-3.87,1
2006,2,25,0,0,-3.417,1
2006,2,25,6,0,-1.009,0.988333333333333
2006,2,25,12,0.6858,2.583,0.445
2006,2,25,18,0.3556,1.296,0.715
2006,2,26,0,1.1176,1.472,0.511666666666667
2006,2,26,6,0.5334,2.565,0.208333333333333
2006,2,26,12,0.8382,5.13,0.00166666666666667
2006,2,26,18,9.0678,4.111,0.00166666666666667
2006,2,27,0,0.635,4.787,0
2006,2,27,6,1.3208,5.574,0
2006,2,27,12,1.6256,5.574,0
2006,2,27,18,0.0254,3.13,0.0133333333333333
2006,2,28,0,0.6858,2.944,0.005
2006,2,28,6,1.7526,4.5,0
2006,2,28,12,1.1938,4.907,0.015
2006,2,28,18,1.1684,2.093,0.193333333333333
2006,3,1,0,0,0.481,0.683333333333333
2006,3,1,6,0,2.935,0.276666666666667
2006,3,1,12,0,7.213,0
2006,3,1,18,0,5.5,0.00333333333333333
2006,3,2,0,0.127,5.389,0.00166666666666667
2006,3,2,6,1.2446,5.62,0.00333333333333333
2006,3,2,12,0,6.907,0
2006,3,2,18,0,2.259,0.35
2006,3,3,0,0,0.009,0.97
2006,3,3,6,0,3.269,0.446666666666667
2006,3,3,12,0,8.667,0
2006,3,3,18,0,2.833,0.353333333333333
2006,3,4,0,0,2.556,0.163333333333333
2006,3,4,6,0,3.87,0.131666666666667
2006,3,4,12,0,7.981,0
2006,3,4,18,0,1.694,0.605
2006,3,5,0,0,3.019,0.273333333333333
2006,3,5,6,0,6.63,0.00166666666666667
2006,3,5,12,0,9.204,0
2006,3,5,18,0,5.204,0
2006,3,6,0,0,6.009,0
2006,3,6,6,0,7.528,0
2006,3,6,12,0,7.935,0
2006,3,6,18,0,5.028,0
2006,3,7,0,0.254,4.324,0
2006,3,7,6,3.4798,5,0
2006,3,7,12,0.9398,6.343,0
2006,3,7,18,0.2794,3.194,0.0466666666666667
2006,3,8,0,0.3556,1.889,0.166666666666667
2006,3,8,6,4.1402,2.639,0.136666666666667
2006,3,8,12,6.604,4.454,0.00166666666666667
2006,3,8,18,1.3462,1.111,0.456666666666667
2006,3,9,0,1.2954,-0.148,0.86
2006,3,9,6,4.4196,0.454,0.743333333333333
2006,3,9,12,2.2606,3.63,0.0833333333333333
2006,3,9,18,6.4516,0.093,0.756666666666667
2006,3,10,0,2.5654,-0.398,0.846666666666667
2006,3,10,6,0.1778,1.398,0.465
2006,3,10,12,0.2794,6.472,0.00166666666666667
2006,3,10,18,0.762,2.13,0.37
2006,3,11,0,0,-2.667,1
2006,3,11,6,0,1.074,0.558333333333333
2006,3,11,12,0,7.648,0
2006,3,11,18,0,-0.139,0.851666666666667
2006,3,12,0,0,-2.546,1
2006,3,12,6,0,0.602,0.613333333333333
2006,3,12,12,0,7.5,0.00333333333333333
2006,3,12,18,0,-0.981,0.926666666666667
2006,3,13,0,0,-2.528,1
2006,3,13,6,0,1.398,0.526666666666667
2006,3,13,12,0,7,0.00166666666666667
2006,3,13,18,0,2.426,0.478333333333333
2006,3,14,0,0.0254,1.361,0.62
2006,3,14,6,2.0574,3.972,0.19
2006,3,14,12,0.254,4.389,0.05
2006,3,14,18,0.0254,2.13,0.25
2006,3,15,0,0,1.417,0.385
2006,3,15,6,0,3.065,0.135
2006,3,15,12,0,5.556,0.00166666666666667
2006,3,15,18,0,1.972,0.308333333333333
2006,3,16,0,0,1.704,0.391666666666667
2006,3,16,6,0.2286,4.435,0.0783333333333333
2006,3,16,12,0.5588,7.361,0
2006,3,16,18,0.1778,3.278,0.0733333333333333
2006,3,17,0,0.0254,1.806,0.245
2006,3,17,6,0,3.87,0.14
2006,3,17,12,0.508,6.824,0
2006,3,17,18,0.0254,2.519,0.103333333333333
2006,3,18,0,0.3302,1.074,0.431666666666667
2006,3,18,6,0.0254,3.787,0.171666666666667
2006,3,18,12,0.0762,8.639,0
2006,3,18,18,0.0762,0.843,0.603333333333333
2006,3,19,0,0,-2.556,1
2006,3,19,6,0,2.509,0.431666666666667
2006,3,19,12,0,9.75,0
2006,3,19,18,0,1.315,0.581666666666667
2006,3,20,0,0,-1.093,1
2006,3,20,6,0,3.694,0.38
2006,3,20,12,0,9.278,0
2006,3,20,18,0,3.741,0.126666666666667
2006,3,21,0,0,2.676,0.158333333333333
2006,3,21,6,0,5.102,0.02
2006,3,21,12,0,8.426,0
2006,3,21,18,0,3.944,0.045
2006,3,22,0,0.127,4.306,0.005
2006,3,22,6,0.762,7.157,0
2006,3,22,12,0.6096,11.602,0
2006,3,22,18,0.508,6.324,0
2006,3,23,0,0,4.713,0
2006,3,23,6,0.1778,7.787,0
2006,3,23,12,0.0508,12,0
2006,3,23,18,0.0762,8.389,0
2006,3,24,0,3.7084,6.444,0
2006,3,24,6,6.6548,8,0
2006,3,24,12,0.5588,8.852,0
2006,3,24,18,0.2032,3.593,0.0766666666666667
2006,3,25,0,0.0508,0.991,0.478333333333333
2006,3,25,6,0,3.38,0.205
2006,3,25,12,0,7.611,0
2006,3,25,18,0,0.991,0.633333333333333
2006,3,26,0,0.0762,0.769,0.611666666666667
2006,3,26,6,0.254,5.148,0.03
2006,3,26,12,0.1778,10.398,0
2006,3,26,18,0.0508,5.065,0.0183333333333333
2006,3,27,0,0,1.343,0.363333333333333
2006,3,27,6,0,5.63,0.0316666666666667
2006,3,27,12,0,9.972,0
2006,3,27,18,0,3.852,0.0733333333333333
2006,3,28,0,0.2032,3.287,0.0616666666666667
2006,3,28,6,11.684,6.472,0.00166666666666667
2006,3,28,12,0.2286,10.38,0
2006,3,28,18,0,3.713,0.0883333333333333
2006,3,29,0,0.3556,-0.213,0.855
2006,3,29,6,0,5.481,0.115
2006,3,29,12,0,10.565,0
2006,3,29,18,0.1016,3.611,0.0616666666666667
2006,3,30,0,0.3048,3.88,0.0233333333333333
2006,3,30,6,0,6.87,0
2006,3,30,12,0.4064,10.315,0
2006,3,30,18,0.9144,7.157,0
2006,3,31,0,1.4478,5.574,0
2006,3,31,6,0.635,7.463,0
2006,3,31,12,0.3302,8.944,0
2006,3,31,18,0.127,4.694,0.01
2006,4,1,0,1.1938,4.287,0.005
2006,4,1,6,17.4752,7.352,0
2006,4,1,12,2.7178,9.593,0
2006,4,1,18,0.2032,5.852,0.00166666666666667
2006,4,2,0,0.0254,2.722,0.105
2006,4,2,6,0,7.426,0
2006,4,2,12,0,12.519,0
2006,4,2,18,0,5.296,0.00333333333333333
2006,4,3,0,0,3.519,0.0716666666666667
2006,4,3,6,0,8.769,0
2006,4,3,12,0.5842,11.796,0
2006,4,3,18,4.2418,5.139,0
2006,4,4,0,0.254,2.685,0.146666666666667
2006,4,4,6,0,5.75,0.03
2006,4,4,12,0,12.361,0
2006,4,4,18,0,4.037,0.06
2006,4,5,0,0,1.12,0.498333333333333
2006,4,5,6,0,7.167,0.01
2006,4,5,12,0,12.157,0
2006,4,5,18,0,5.759,0
2006,4,6,0,0,5.537,0
2006,4,6,6,0,8.713,0
2006,4,6,12,0,13.13,0
2006,4,6,18,0,4.685,0.035
2006,4,7,0,0,2.435,0.163333333333333
2006,4,7,6,0,7.63,0.00166666666666667
2006,4,7,12,0,12.546,0
2006,4,7,18,0,5.444,0.0116666666666667
2006,4,8,0,0.1778,3.907,0.05
2006,4,8,6,0,8.843,0
2006,4,8,12,2.6416,9.944,0
2006,4,8,18,4.953,5.657,0
2006,4,9,0,9.4488,5.352,0
2006,4,9,6,4.1656,6.917,0
2006,4,9,12,1.8034,9.63,0
2006,4,9,18,0.7366,6.417,0
2006,4,10,0,1.651,4.972,0
2006,4,10,6,0.4064,7.046,0
2006,4,10,12,0.0254,11.361,0
2006,4,10,18,0.2032,4.574,0.0233333333333333
2006,4,11,0,0.3556,1.639,0.356666666666667
2006,4,11,6,0,6.37,0.00666666666666667
2006,4,11,12,0,10.685,0
2006,4,11,18,0.1524,4.741,0.005
2006,4,12,0,1.4986,4.833,0
2006,4,12,6,1.0922,6.694,0
2006,4,12,12,0.4318,7.648,0
2006,4,12,18,0.127,5.102,0
2006,4,13,0,0,3.657,0.00833333333333333
2006,4,13,6,0.381,4.63,0.00333333333333333
2006,4,13,12,3.4036,5.731,0
2006,4,13,18,4.191,4.5,0
2006,4,14,0,0.4572,4.593,0
2006,4,14,6,13.1572,5.194,0
2006,4,14,12,5.2832,5.306,0.00166666666666667
2006,4,14,18,1.1176,1.565,0.453333333333333
2006,4,15,0,1.3208,0.602,0.706666666666667
2006,4,15,6,0.381,3.343,0.181666666666667
2006,4,15,12,8.128,7.889,0
2006,4,15,18,2.286,3.324,0.0866666666666667
2006,4,16,0,0.381,2.176,0.203333333333333
2006,4,16,6,0.0254,4.417,0.0683333333333333
2006,4,16,12,0,9.019,0
2006,4,16,18,0.2032,3.519,0.0966666666666667
2006,4,17,0,0.0254,1.065,0.543333333333333
2006,4,17,6,0,4.343,0.0433333333333333
2006,4,17,12,0,9.944,0
2006,4,17,18,0,4.065,0.0166666666666667
2006,4,18,0,0,2.602,0.0866666666666667
2006,4,18,6,0,7.287,0
2006,4,18,12,0,11.009,0
2006,4,18,18,0,5.583,0.00333333333333333
2006,4,19,0,0,5.787,0
2006,4,19,6,0,8.176,0
2006,4,19,12,0.0762,11.296,0
2006,4,19,18,0.635,6.056,0.005
2006,4,20,0,0.254,5.259,0.00166666666666667
2006,4,20,6,0,7.991,0
2006,4,20,12,0.4318,10.833,0
2006,4,20,18,1.6002,5.981,0
2006,4,21,0,7.4676,3.713,0.005
2006,4,21,6,2.4638,6.343,0.005
2006,4,21,12,0,11.315,0
2006,4,21,18,0,5.046,0.101666666666667
2006,4,22,0,0,0.537,0.708333333333333
2006,4,22,6,0,8.009,0.0183333333333333
2006,4,22,12,0,16.435,0
2006,4,22,18,0,7.417,0.0383333333333333
2006,4,23,0,0,2.185,0.553333333333333
2006,4,23,6,0,11.046,0.00666666666666667
2006,4,23,12,0,18.806,0
2006,4,23,18,0,8.509,0.00666666666666667
2006,4,24,0,0,3.769,0.28
2006,4,24,6,0,11.907,0
2006,4,24,12,0,18.111,0
2006,4,24,18,0,7,0.0616666666666667
2006,4,25,0,0,4.231,0.095
2006,4,25,6,0,8.528,0.00166666666666667
2006,4,25,12,0,13.444,0
2006,4,25,18,0,7.556,0.00333333333333333
2006,4,26,0,0,5.546,0.015
2006,4,26,6,0.0254,8.565,0
2006,4,26,12,0.4572,9.352,0
2006,4,26,18,0.0508,7.148,0
2006,4,27,0,0,6.657,0
2006,4,27,6,0,10.361,0
2006,4,27,12,0,12.833,0
2006,4,27,18,0,8.324,0
2006,4,28,0,0,6.944,0
2006,4,28,6,0,11.75,0
2006,4,28,12,0,15.481,0
2006,4,28,18,0,8.472,0
2006,4,29,0,0.0762,6.037,0
2006,4,29,6,0.381,9.713,0
2006,4,29,12,16.891,9.287,0
2006,4,29,18,0,5.852,0
2006,4,30,0,0,3.037,0.0616666666666667
2006,4,30,6,0,5.926,0.00666666666666667
2006,4,30,12,0,10.037,0
2006,4,30,18,0,3.324,0.203333333333333
2006,5,1,0,0,1.093,0.588333333333333
2006,5,1,6,0.2032,3.778,0.21
2006,5,1,12,0,12.222,0
2006,5,1,18,0,5.37,0.095
2006,5,2,0,0,0.778,0.808333333333333
2006,5,2,6,0,8.704,0.005
2006,5,2,12,0,15.731,0
2006,5,2,18,0,5.278,0.166666666666667
2006,5,3,0,0,1.63,0.616666666666667
2006,5,3,6,0,10.222,0.00333333333333333
2006,5,3,12,0,18.222,0
2006,5,3,18,0,8.556,0.01
2006,5,4,0,0,4.417,0.196666666666667
2006,5,4,6,0,12.537,0
2006,5,4,12,0,18.611,0
2006,5,4,18,0,10.546,0
2006,5,5,0,0,7.13,0
2006,5,5,6,0,12.769,0
2006,5,5,12,0,15.87,0
2006,5,5,18,0,9.694,0
2006,5,6,0,0,6.046,0
2006,5,6,6,2.3622,8.861,0
2006,5,6,12,0.1016,11.324,0
2006,5,6,18,5.842,8.991,0
2006,5,7,0,7.7724,7.87,0
2006,5,7,6,2.3622,7.87,0
2006,5,7,12,1.6256,9.824,0
2006,5,7,18,0.1016,7.62,0
2006,5,8,0,0.6096,4.815,0
2006,5,8,6,0,7.296,0
2006,5,8,12,0,11.472,0
2006,5,8,18,0,6.019,0.0416666666666667
2006,5,9,0,0,2.037,0.256666666666667
2006,5,9,6,0,8.963,0
2006,5,9,12,0,15.111,0
2006,5,9,18,0,6.25,0.075
2006,5,10,0,0,2.685,0.29
2006,5,10,6,0,10.046,0
2006,5,10,12,0,14.185,0
2006,5,10,18,0,7.315,0.00333333333333333
2006,5,11,0,0,4.926,0.00833333333333333
2006,5,11,6,0,10.889,0
2006,5,11,12,0,11.824,0
2006,5,11,18,0,7.435,0
2006,5,12,0,0,3.963,0.0116666666666667
2006,5,12,6,0,8.287,0
2006,5,12,12,0,13.194,0
2006,5,12,18,0,5.509,0.168333333333333
2006,5,13,0,0,1.731,0.44
2006,5,13,6,0,9.833,0
2006,5,13,12,0,17.38,0
2006,5,13,18,0,5.287,0.341666666666667
2006,5,14,0,0,2.944,0.375
2006,5,14,6,0,12.648,0
2006,5,14,12,0,22.343,0
2006,5,14,18,0,10.602,0
2006,5,15,0,0,6.972,0
2006,5,15,6,0,17.204,0
2006,5,15,12,0,24.722,0
2006,5,15,18,0,13.472,0
2006,5,16,0,0,10.287,0
2006,5,16,6,0,19.204,0
2006,5,16,12,0,23.907,0
2006,5,16,18,0,13.685,0
2006,5,17,0,0,9.204,0
2006,5,17,6,0,16.296,0
2006,5,17,12,0,22.574,0
2006,5,17,18,0,12.565,0
2006,5,18,0,0,8.028,0
2006,5,18,6,0,15.5,0
2006,5,18,12,0,19.759,0
2006,5,18,18,0,12.694,0
2006,5,19,0,0,8.926,0
2006,5,19,6,0.0508,14.194,0
2006,5,19,12,0.127,15.935,0
2006,5,19,18,0.4318,11.056,0
2006,5,20,0,0.8636,9.019,0
2006,5,20,6,0.6604,10.917,0
2006,5,20,12,0,16,0
2006,5,20,18,0.1016,10.537,0
2006,5,21,0,0.0508,7.852,0
2006,5,21,6,0,13.028,0
2006,5,21,12,0.6858,16.065,0
2006,5,21,18,4.9276,11.102,0
2006,5,22,0,0.762,10.148,0
2006,5,22,6,4.5974,12.935,0
2006,5,22,12,12.0142,13.528,0
2006,5,22,18,0.2286,10.093,0
2006,5,23,0,0.1524,9.769,0
2006,5,23,6,2.8194,13.352,0
2006,5,23,12,3.4036,14.5,0
2006,5,23,18,0.5334,11.389,0
2006,5,24,0,1.7018,9.546,0
2006,5,24,6,0.5842,14.287,0
2006,5,24,12,0.2794,14.352,0
2006,5,24,18,3.4036,10.37,0
2006,5,25,0,0.1778,7.954,0
2006,5,25,6,0.4572,10.694,0
2006,5,25,12,3.2766,13.148,0
2006,5,25,18,1.9304,9.426,0
2006,5,26,0,0.6858,7.833,0
2006,5,26,6,0.7874,9.759,0
2006,5,26,12,1.2192,12.083,0
2006,5,26,18,3.2766,8.694,0
2006,5,27,0,0.8382,8.019,0
2006,5,27,6,4.7498,10.194,0
2006,5,27,12,2.0574,12.657,0
2006,5,27,18,0.254,9.5,0
2006,5,28,0,3.5306,8.889,0
2006,5,28,6,3.8608,12.241,0
2006,5,28,12,1.143,14.065,0
2006,5,28,18,0.2032,10.481,0
2006,5,29,0,0.8128,8.843,0
2006,5,29,6,0,11.981,0
2006,5,29,12,0,17,0
2006,5,29,18,0.6858,11.056,0
2006,5,30,0,0.1016,6.417,0
2006,5,30,6,0,14.648,0
2006,5,30,12,0,20.463,0
2006,5,30,18,0,11.713,0
2006,5,31,0,0,8.944,0
2006,5,31,6,0,16.444,0
2006,5,31,12,0.4572,19.194,0
2006,5,31,18,4.826,13.954,0
2006,6,1,0,0.9906,11.889,0
2006,6,1,6,0.1524,16.176,0
2006,6,1,12,6.9342,18.148,0
2006,6,1,18,2.5654,14.204,0
2006,6,2,0,1.5494,12.639,0
2006,6,2,6,0.7366,16.602,0
2006,6,2,12,3.9878,18.111,0
2006,6,2,18,1.6764,12.861,0
2006,6,3,0,0.4064,10.194,0
2006,6,3,6,0,13.287,0
2006,6,3,12,0,16.315,0
2006,6,3,18,0.0508,12.343,0
2006,6,4,0,5.3086,10.519,0
2006,6,4,6,5.7658,14,0
2006,6,4,12,2.3114,15.556,0
2006,6,4,18,1.1684,10.991,0
2006,6,5,0,1.2446,10.843,0
2006,6,5,6,0.4572,14.111,0
2006,6,5,12,0,18.731,0
2006,6,5,18,0.0254,11.389,0
2006,6,6,0,0.0762,8.009,0
2006,6,6,6,0,14.093,0
2006,6,6,12,0,18.991,0
2006,6,6,18,0,11.407,0
2006,6,7,0,0,8.435,0
2006,6,7,6,0,13.25,0
2006,6,7,12,0,18.111,0
2006,6,7,18,0,12.981,0
2006,6,8,0,0.0508,10.398,0
2006,6,8,6,4.699,13.028,0
2006,6,8,12,10.8458,12.824,0
2006,6,8,18,2.3876,11.157,0
2006,6,9,0,0.0508,11.046,0
2006,6,9,6,0,12.759,0
2006,6,9,12,0,16.269,0
2006,6,9,18,0,12.481,0
2006,6,10,0,0,10.815,0
2006,6,10,6,0.0762,13.861,0
2006,6,10,12,0.2286,18.769,0
2006,6,10,18,0,12.954,0
2006,6,11,0,0,10.454,0
2006,6,11,6,0.0254,16.556,0
2006,6,11,12,2.5146,20.426,0
2006,6,11,18,0.0254,13.713,0
2006,6,12,0,0,10.574,0
2006,6,12,6,0,16.463,0
2006,6,12,12,0.4826,19.954,0
2006,6,12,18,1.6256,14.972,0
2006,6,13,0,2.921,12.157,0
2006,6,13,6,1.5748,15.602,0
2006,6,13,12,0.4318,17.565,0
2006,6,13,18,0,13.565,0
2006,6,14,0,1.6764,11.815,0
2006,6,14,6,0.3556,14.463,0
2006,6,14,12,0.127,16.315,0
2006,6,14,18,0.3048,12.843,0
2006,6,15,0,0.127,11.241,0
2006,6,15,6,0,14.63,0
2006,6,15,12,0,17.593,0
2006,6,15,18,0,14.046,0
2006,6,16,0,0,12.343,0
2006,6,16,6,0,15.352,0
2006,6,16,12,0.1016,16.833,0
2006,6,16,18,0.0254,13.176,0
2006,6,17,0,0,10.88,0
2006,6,17,6,0,13.435,0
2006,6,17,12,0,17.028,0
2006,6,17,18,0,12.296,0
2006,6,18,0,0,8.38,0
2006,6,18,6,0,13.685,0
2006,6,18,12,0,17.093,0
2006,6,18,18,0,12.5,0
2006,6,19,0,0,9.926,0
2006,6,19,6,0,14.361,0
2006,6,19,12,0,17.333,0
2006,6,19,18,0,12.12,0
2006,6,20,0,0,8.352,0
2006,6,20,6,0,13.417,0
2006,6,20,12,0,17.731,0
2006,6,20,18,0,11.213,0
2006,6,21,0,0,7.009,0
2006,6,21,6,0,13.037,0
2006,6,21,12,0,18.12,0
2006,6,21,18,0,10.759,0
2006,6,22,0,0,7,0
2006,6,22,6,0,14.852,0
2006,6,22,12,0,20.815,0
2006,6,22,18,0,13.407,0
2006,6,23,0,0,7.704,0
2006,6,23,6,0,16.481,0
2006,6,23,12,0,23.426,0
2006,6,23,18,0,14.269,0
2006,6,24,0,0,9.537,0
2006,6,24,6,0,19.231,0
2006,6,24,12,0,26.102,0
2006,6,24,18,0,16.213,0
2006,6,25,0,0,11.546,0
2006,6,25,6,0,21.093,0
2006,6,25,12,0,27.435,0
2006,6,25,18,0,17.491,0
2006,6,26,0,0,12.509,0
2006,6,26,6,0,20.583,0
2006,6,26,12,0,25.481,0
2006,6,26,18,0,17.509,0
2006,6,27,0,0,12.639,0
2006,6,27,6,0,19.352,0
2006,6,27,12,0,21.778,0
2006,6,27,18,0,13.38,0
2006,6,28,0,0,8.315,0
2006,6,28,6,0,15.398,0
2006,6,28,12,0,21.917,0
2006,6,28,18,0,12.361,0
2006,6,29,0,0,7.75,0
2006,6,29,6,0,16.491,0
2006,6,29,12,0,23.935,0
2006,6,29,18,0,13.185,0
2006,6,30,0,0,9.241,0
2006,6,30,6,0,17.954,0
2006,6,30,12,0,24.759,0
2006,6,30,18,0,15.12,0
2006,7,1,0,0,10,0
2006,7,1,6,0,18.148,0
2006,7,1,12,0,24.769,0
2006,7,1,18,0,14.833,0
2006,7,2,0,0,9.704,0
2006,7,2,6,0,18.5,0
2006,7,2,12,0,24.454,0
2006,7,2,18,0,16.259,0
2006,7,3,0,0,11.361,0
2006,7,3,6,0,18.296,0
2006,7,3,12,0,23.306,0
2006,7,3,18,0,15.759,0
2006,7,4,0,0,11.037,0
2006,7,4,6,0,16.315,0
2006,7,4,12,0,20.037,0
2006,7,4,18,0,15.12,0
2006,7,5,0,0,11.556,0
2006,7,5,6,0,15.296,0
2006,7,5,12,0,18.12,0
2006,7,5,18,0,13.593,0
2006,7,6,0,0,10.824,0
2006,7,6,6,0,13.889,0
2006,7,6,12,0,18.602,0
2006,7,6,18,0,13.231,0
2006,7,7,0,0,9.417,0
2006,7,7,6,0,14.37,0
2006,7,7,12,0,22.472,0
2006,7,7,18,0,14.972,0
2006,7,8,0,0,9.491,0
2006,7,8,6,0,18.222,0
2006,7,8,12,0,23.148,0
2006,7,8,18,0,15.796,0
2006,7,9,0,0,12.898,0
2006,7,9,6,0,17.63,0
2006,7,9,12,0,20.278,0
2006,7,9,18,0,16.019,0
2006,7,10,0,0,13.37,0
2006,7,10,6,0,15.37,0
2006,7,10,12,0,18.769,0
2006,7,10,18,0,13.593,0
2006,7,11,0,0,11.259,0
2006,7,11,6,0,14.37,0
2006,7,11,12,0,18.056,0
2006,7,11,18,0,14.954,0
2006,7,12,0,0,13.157,0
2006,7,12,6,4.2926,13.991,0
2006,7,12,12,7.7978,14.389,0
2006,7,12,18,0.6858,12.88,0
2006,7,13,0,0.4826,12.62,0
2006,7,13,6,0.3302,15.333,0
2006,7,13,12,0.0508,19.167,0
2006,7,13,18,2.9718,15.611,0
2006,7,14,0,0.3048,13,0
2006,7,14,6,0,16.963,0
2006,7,14,12,0,20.88,0
2006,7,14,18,0,15.519,0
2006,7,15,0,0,12.028,0
2006,7,15,6,0,17.352,0
2006,7,15,12,0,21.963,0
2006,7,15,18,0,15.537,0
2006,7,16,0,0,9.685,0
2006,7,16,6,0,16.861,0
2006,7,16,12,0,21.639,0
2006,7,16,18,0,14.889,0
2006,7,17,0,0,10.019,0
2006,7,17,6,0,16.009,0
2006,7,17,12,0,20.722,0
2006,7,17,18,0,14.222,0
2006,7,18,0,0,10.102,0
2006,7,18,6,0,14.935,0
2006,7,18,12,0,20.343,0
2006,7,18,18,0,13.37,0
2006,7,19,0,0,9.343,0
2006,7,19,6,0,17.213,0
2006,7,19,12,0,24.491,0
2006,7,19,18,0,16.139,0
2006,7,20,0,0,10.889,0
2006,7,20,6,0,20.13,0
2006,7,20,12,0,29.269,0
2006,7,20,18,0,19.963,0
2006,7,21,0,0,15.046,0
2006,7,21,6,0,24.056,0
2006,7,21,12,0,30.694,0
2006,7,21,18,0,22.565,0
2006,7,22,0,0,18.38,0
2006,7,22,6,0,25.731,0
2006,7,22,12,0,29.204,0
2006,7,22,18,0,21.972,0
2006,7,23,0,0,17.241,0
2006,7,23,6,0,23.972,0
2006,7,23,12,0,27.75,0
2006,7,23,18,0,20.815,0
2006,7,24,0,0,16.87,0
2006,7,24,6,0,21.491,0
2006,7,24,12,0,26.167,0
2006,7,24,18,0,19.102,0
2006,7,25,0,0,14,0
2006,7,25,6,0,20.426,0
2006,7,25,12,0,24.611,0
2006,7,25,18,0,16.519,0
2006,7,26,0,0,12.25,0
2006,7,26,6,0,18.519,0
2006,7,26,12,0,23.583,0
2006,7,26,18,0,17.056,0
2006,7,27,0,0,12.954,0
2006,7,27,6,0,18.056,0
2006,7,27,12,0,20.972,0
2006,7,27,18,0,14.5,0
2006,7,28,0,0,11.731,0
2006,7,28,6,0,15.185,0
2006,7,28,12,0,18.657,0
2006,7,28,18,0,13.296,0
2006,7,29,0,0,10.954,0
2006,7,29,6,0,13.935,0
2006,7,29,12,0,17.648,0
2006,7,29,18,0,12.954,0
2006,7,30,0,0.127,11.731,0
2006,7,30,6,3.81,13.102,0
2006,7,30,12,0.0508,17.259,0
2006,7,30,18,0.0508,11.88,0
2006,7,31,0,0,8.519,0
2006,7,31,6,0,14.602,0
2006,7,31,12,0,19.62,0
2006,7,31,18,0,12.824,0
2006,8,1,0,0,9.389,0
2006,8,1,6,0,15.417,0
2006,8,1,12,0,20.269,0
2006,8,1,18,0,13.083,0
2006,8,2,0,0,9.157,0
2006,8,2,6,0,15.056,0
2006,8,2,12,0,20.991,0
2006,8,2,18,0,13.343,0
2006,8,3,0,0,9.269,0
2006,8,3,6,0,15.648,0
2006,8,3,12,0,21.861,0
2006,8,3,18,0,13.87,0
2006,8,4,0,0,9.935,0
2006,8,4,6,0,16.787,0
2006,8,4,12,0,23.611,0
2006,8,4,18,0,13.611,0
2006,8,5,0,0,8.519,0
2006,8,5,6,0,16.889,0
2006,8,5,12,0,25.713,0
2006,8,5,18,0,15,0
2006,8,6,0,0,9.88,0
2006,8,6,6,0,18.102,0
2006,8,6,12,0,25.306,0
2006,8,6,18,0,15.426,0
2006,8,7,0,0,11.111,0
2006,8,7,6,0,17.398,0
2006,8,7,12,0,22.065,0
2006,8,7,18,0,14.694,0
2006,8,8,0,0,11.324,0
2006,8,8,6,0,16.778,0
2006,8,8,12,0,19.87,0
2006,8,8,18,0.0254,14.917,0
2006,8,9,0,0,13.787,0
2006,8,9,6,0.0254,15.926,0
2006,8,9,12,0,18.944,0
2006,8,9,18,0,14.426,0
2006,8,10,0,0,13.185,0
2006,8,10,6,6.5786,14.222,0
2006,8,10,12,0.1016,17.241,0
2006,8,10,18,0,14.148,0
2006,8,11,0,0,11.907,0
2006,8,11,6,0,15.352,0
2006,8,11,12,0,19.657,0
2006,8,11,18,0,13.796,0
2006,8,12,0,0,10.63,0
2006,8,12,6,0,16.685,0
2006,8,12,12,0,22.685,0
2006,8,12,18,0,14.102,0
2006,8,13,0,0,9.713,0
2006,8,13,6,0,17.343,0
2006,8,13,12,0,23.685,0
2006,8,13,18,0,14.519,0
2006,8,14,0,0,10.481,0
2006,8,14,6,0,17.667,0
2006,8,14,12,0,22.519,0
2006,8,14,18,0,15.259,0
2006,8,15,0,0,11.704,0
2006,8,15,6,0,16.787,0
2006,8,15,12,0,21.046,0
2006,8,15,18,0,13.287,0
2006,8,16,0,0,10.231,0
2006,8,16,6,0,14.343,0
2006,8,16,12,0,20.231,0
2006,8,16,18,0,13.25,0
2006,8,17,0,0,9.935,0
2006,8,17,6,0,14.657,0
2006,8,17,12,0,22.176,0
2006,8,17,18,0,13.417,0
2006,8,18,0,0,9.454,0
2006,8,18,6,0,17.38,0
2006,8,18,12,0,24.481,0
2006,8,18,18,0,14.769,0
2006,8,19,0,0,10.417,0
2006,8,19,6,0,18.824,0
2006,8,19,12,0,26.426,0
2006,8,19,18,0,15.25,0
2006,8,20,0,0,10.593,0
2006,8,20,6,0,18.954,0
2006,8,20,12,0,26.407,0
2006,8,20,18,0,16.019,0
2006,8,21,0,0,10.852,0
2006,8,21,6,0,17.491,0
2006,8,21,12,0,22.056,0
2006,8,21,18,0,13.981,0
2006,8,22,0,0,11.361,0
2006,8,22,6,0,15.38,0
2006,8,22,12,0,19.167,0
2006,8,22,18,0,13.38,0
2006,8,23,0,0,10.88,0
2006,8,23,6,0,15.806,0
2006,8,23,12,0,19.389,0
2006,8,23,18,0,13.796,0
2006,8,24,0,0,11.88,0
2006,8,24,6,0,16.694,0
2006,8,24,12,0,22.796,0
2006,8,24,18,0,13.454,0
2006,8,25,0,0,9.954,0
2006,8,25,6,0,16.528,0
2006,8,25,12,0,24.935,0
2006,8,25,18,0,13.759,0
2006,8,26,0,0,10.602,0
2006,8,26,6,0,19.074,0
2006,8,26,12,0,26.231,0
2006,8,26,18,0,15.889,0
2006,8,27,0,0,11.38,0
2006,8,27,6,0,19.176,0
2006,8,27,12,0,25.963,0
2006,8,27,18,0,15.796,0
2006,8,28,0,0,11.917,0
2006,8,28,6,0,18.889,0
2006,8,28,12,0,22.824,0
2006,8,28,18,0,15.944,0
2006,8,29,0,0,12.833,0
2006,8,29,6,0,15.296,0
2006,8,29,12,0,17.657,0
2006,8,29,18,0.254,13.389,0
2006,8,30,0,9.7028,12.093,0
2006,8,30,6,0.6604,14.028,0
2006,8,30,12,0,17.935,0
2006,8,30,18,0.8636,10.759,0
2006,8,31,0,1.524,8.787,0
2006,8,31,6,0,14.454,0
2006,8,31,12,0,22.481,0
2006,8,31,18,0,10.546,0
2006,9,1,0,0,8.537,0
2006,9,1,6,0,15.741,0
2006,9,1,12,0,25.843,0
2006,9,1,18,0,12.481,0
2006,9,2,0,0,9.62,0
2006,9,2,6,0,17.111,0
2006,9,2,12,0,25.843,0
2006,9,2,18,0,12.38,0
2006,9,3,0,0,10.083,0
2006,9,3,6,0,16.972,0
2006,9,3,12,0,24.093,0
2006,9,3,18,0,13.352,0
2006,9,4,0,0,10.546,0
2006,9,4,6,0,16.389,0
2006,9,4,12,0,23.259,0
2006,9,4,18,0,11.546,0
2006,9,5,0,0,9.019,0
2006,9,5,6,0,14.972,0
2006,9,5,12,0,23.167,0
2006,9,5,18,0,12.333,0
2006,9,6,0,0,9.898,0
2006,9,6,6,0,14.519,0
2006,9,6,12,0,21.676,0
2006,9,6,18,0,11.306,0
2006,9,7,0,0,8.398,0
2006,9,7,6,0,13.185,0
2006,9,7,12,0,20.148,0
2006,9,7,18,0,10.75,0
2006,9,8,0,0.1778,8.241,0
2006,9,8,6,0,13.148,0
2006,9,8,12,0,18.63,0
2006,9,8,18,0.5588,12.519,0
2006,9,9,0,4.3942,11.287,0
2006,9,9,6,1.143,14.417,0
2006,9,9,12,0,17.861,0
2006,9,9,18,0.0762,10.815,0
2006,9,10,0,0.2794,8.898,0
2006,9,10,6,0,13.5,0
2006,9,10,12,0,20.102,0
2006,9,10,18,0,10.37,0
2006,9,11,0,0,7.444,0
2006,9,11,6,0,13.926,0
2006,9,11,12,0,21.009,0
2006,9,11,18,0,12.639,0
2006,9,12,0,0,10.574,0
2006,9,12,6,0,14.306,0
2006,9,12,12,0,19.361,0
2006,9,12,18,0,12.083,0
2006,9,13,0,0.0762,10.083,0
2006,9,13,6,0.0254,11.796,0
2006,9,13,12,0.3302,14.796,0
2006,9,13,18,2.032,10.38,0
2006,9,14,0,1.8034,9.426,0
2006,9,14,6,0.127,9.796,0
2006,9,14,12,0.9144,10.481,0
2006,9,14,18,0.635,8.657,0
2006,9,15,0,0.9398,9.13,0
2006,9,15,6,0,10.722,0
2006,9,15,12,0,14.306,0
2006,9,15,18,0,6.398,0
2006,9,16,0,0,4.602,0
2006,9,16,6,0,10.093,0
2006,9,16,12,0,14.444,0
2006,9,16,18,0.0508,7.722,0
2006,9,17,0,0.0254,7.991,0
2006,9,17,6,0.4826,12.102,0
2006,9,17,12,0.7874,15.444,0
2006,9,17,18,0.0762,14.046,0
2006,9,18,0,5.334,9.676,0
2006,9,18,6,2.9464,11.676,0
2006,9,18,12,0.8128,16.213,0
2006,9,18,18,9.0424,11.009,0
2006,9,19,0,11.2014,9.75,0
2006,9,19,6,0.1016,11.843,0
2006,9,19,12,0,14.037,0
2006,9,19,18,0.6604,10.12,0
2006,9,20,0,0.6096,9.898,0
2006,9,20,6,3.7592,12.102,0
2006,9,20,12,11.2522,11.824,0
2006,9,20,18,0.7366,10.907,0
2006,9,21,0,0.4318,10.648,0
2006,9,21,6,0,11.148,0
2006,9,21,12,0,14.778,0
2006,9,21,18,0.5334,9.731,0
2006,9,22,0,0.6096,7.287,0
2006,9,22,6,0,10.389,0
2006,9,22,12,0,17.148,0
2006,9,22,18,0,8.722,0
2006,9,23,0,0,6.639,0
2006,9,23,6,0,13.463,0
2006,9,23,12,0,20.148,0
2006,9,23,18,0,10.852,0
2006,9,24,0,0,7.676,0
2006,9,24,6,0,13.491,0
2006,9,24,12,0,21.287,0
2006,9,24,18,0,11.546,0
2006,9,25,0,0,8.389,0
2006,9,25,6,0,15,0
2006,9,25,12,0,21.843,0
2006,9,25,18,0,12.472,0
2006,9,26,0,0,9.62,0
2006,9,26,6,0,15.537,0
2006,9,26,12,0,22.657,0
2006,9,26,18,0,12.935,0
2006,9,27,0,0,9.954,0
2006,9,27,6,0,15.454,0
2006,9,27,12,0,21.481,0
2006,9,27,18,0,12.778,0
2006,9,28,0,0,9.787,0
2006,9,28,6,0,14.537,0
2006,9,28,12,0,20.324,0
2006,9,28,18,0,11.491,0
2006,9,29,0,0,7.796,0
2006,9,29,6,0,11.639,0
2006,9,29,12,0,16.389,0
2006,9,29,18,0,9.546,0
2006,9,30,0,0,6.806,0
2006,9,30,6,0,10.361,0
2006,9,30,12,0,14.315,0
2006,9,30,18,0,8.333,0
2006,10,1,0,0,6.62,0
2006,10,1,6,0,9.676,0
2006,10,1,12,0,14.352,0
2006,10,1,18,0,6.611,0
2006,10,2,0,0,3.528,0.00166666666666667
2006,10,2,6,0,9.463,0
2006,10,2,12,0,14.306,0
2006,10,2,18,0,5.435,0
2006,10,3,0,0,4.426,0
2006,10,3,6,0,9.537,0
2006,10,3,12,0,17.407,0
2006,10,3,18,0,6.769,0
2006,10,4,0,0,5.083,0
2006,10,4,6,0,9.565,0
2006,10,4,12,0,17.648,0
2006,10,4,18,0,7.157,0
2006,10,5,0,0,4.139,0
2006,10,5,6,0,9.491,0
2006,10,5,12,0,15.315,0
2006,10,5,18,0,7.861,0
2006,10,6,0,0.0254,7.315,0
2006,10,6,6,0.0762,11.343,0
2006,10,6,12,0,14.565,0
2006,10,6,18,0.2286,7.12,0
2006,10,7,0,0.2286,4.231,0
2006,10,7,6,0,7.676,0
2006,10,7,12,0,14.62,0
2006,10,7,18,0.635,6.37,0
2006,10,8,0,1.143,3.731,0
2006,10,8,6,0.1524,8.417,0
2006,10,8,12,0,14.991,0
2006,10,8,18,0.4318,7.981,0
2006,10,9,0,0.2286,2.444,0.198333333333333
2006,10,9,6,0,7.88,0.0833333333333333
2006,10,9,12,0,16.389,0
2006,10,9,18,0,5.093,0.145
2006,10,10,0,0,2.157,0.833333333333333
2006,10,10,6,0,8.676,0.075
2006,10,10,12,0,17.139,0
2006,10,10,18,0,6.065,0.02
2006,10,11,0,0,2.333,0.35
2006,10,11,6,0,8.833,0.128333333333333
2006,10,11,12,0,18.472,0
2006,10,11,18,0,6.917,0
2006,10,12,0,0,3.759,0.125
2006,10,12,6,0,9.519,0.00166666666666667
2006,10,12,12,0,16.241,0
2006,10,12,18,0,6.574,0
2006,10,13,0,0,4.963,0
2006,10,13,6,0,7.324,0.005
2006,10,13,12,0,12.231,0
2006,10,13,18,0,6.917,0
2006,10,14,0,0,5.306,0
2006,10,14,6,0,8.028,0
2006,10,14,12,0,11.25,0
2006,10,14,18,6.7056,8.519,0
2006,10,15,0,4.826,7.602,0
2006,10,15,6,15.4686,9.25,0
2006,10,15,12,4.8006,10.963,0
2006,10,15,18,1.651,9.269,0
2006,10,16,0,0.1524,8.657,0
2006,10,16,6,0,9.537,0
2006,10,16,12,0,12.426,0
2006,10,16,18,0,9.898,0
2006,10,17,0,0,7.787,0
2006,10,17,6,0,8.019,0
2006,10,17,12,0,11.407,0
2006,10,17,18,0,6.593,0
2006,10,18,0,0.1524,6.685,0
2006,10,18,6,9.1694,9.648,0
2006,10,18,12,0,10.269,0
2006,10,18,18,0.4572,8.019,0
2006,10,19,0,1.524,8.222,0
2006,10,19,6,3.6576,9.657,0
2006,10,19,12,1.6764,12.389,0
2006,10,19,18,1.1938,8.611,0
2006,10,20,0,0.0508,7.25,0
2006,10,20,6,0,8.593,0
2006,10,20,12,0,13.528,0
2006,10,20,18,0,5.565,0.00333333333333333
2006,10,21,0,0,2.889,0.141666666666667
2006,10,21,6,0,6.787,0.108333333333333
2006,10,21,12,0,13.759,0
2006,10,21,18,0,4.028,0.255
2006,10,22,0,0,1.769,0.963333333333333
2006,10,22,6,0,6.444,0.315
2006,10,22,12,0,12.574,0
2006,10,22,18,0,7.148,0
2006,10,23,0,0,4.343,0.00333333333333333
2006,10,23,6,0,6.463,0.00833333333333333
2006,10,23,12,0,10.333,0
2006,10,23,18,0,4.407,0.00166666666666667
2006,10,24,0,1.3462,4.657,0
2006,10,24,6,1.7272,7.056,0
2006,10,24,12,0.381,7.926,0
2006,10,24,18,0,6.833,0
2006,10,25,0,0.0762,5.185,0
2006,10,25,6,0,6.25,0
2006,10,25,12,0.9906,9.861,0
2006,10,25,18,1.5748,7.75,0
2006,10,26,0,1.016,8.13,0
2006,10,26,6,0.0762,10.093,0
2006,10,26,12,0.6858,11.852,0
2006,10,26,18,0.4064,9.463,0
2006,10,27,0,0.127,10.139,0
2006,10,27,6,0.127,11.259,0
2006,10,27,12,0.0508,12.926,0
2006,10,27,18,0,10.102,0
2006,10,28,0,0.0762,9.139,0
2006,10,28,6,0,9.204,0
2006,10,28,12,0,11.565,0
2006,10,28,18,0.0254,7.083,0
2006,10,29,0,9.7028,4.185,0.00166666666666667
2006,10,29,6,2.0574,4.037,0
2006,10,29,12,4.0386,5.463,0.00166666666666667
2006,10,29,18,0.5588,1.852,0.643333333333333
2006,10,30,0,0,-1.167,1
2006,10,30,6,0,0.296,0.815
2006,10,30,12,0,5.667,0.0266666666666667
2006,10,30,18,0,-2.731,1
2006,10,31,0,0,-3.778,1
2006,10,31,6,0,0,0.691666666666667
2006,10,31,12,0,6.12,0.0116666666666667
2006,10,31,18,0,-1.204,0.95
2006,11,1,0,0,-1.861,1
2006,11,1,6,0,1.333,0.715
2006,11,1,12,0,5.12,0.09
2006,11,1,18,0,1.843,0.825
2006,11,2,0,0,2.417,0.456666666666667
2006,11,2,6,9.525,5.648,0.00333333333333333
2006,11,2,12,10.0584,8.13,0
2006,11,2,18,5.3848,7.417,0
2006,11,3,0,2.667,7.898,0
2006,11,3,6,5.2324,10.157,0
2006,11,3,12,8.6868,11.519,0
2006,11,3,18,14.986,9.315,0
2006,11,4,0,1.651,10.417,0
2006,11,4,6,7.4676,11.065,0
2006,11,4,12,13.8938,11.75,0
2006,11,4,18,2.8194,10.769,0
2006,11,5,0,4.572,9.37,0
2006,11,5,6,1.6764,9.611,0
2006,11,5,12,5.334,11.343,0
2006,11,5,18,20.9296,10.13,0
2006,11,6,0,34.3916,12.713,0
2006,11,6,6,54.9656,13.028,0
2006,11,6,12,16.383,12.778,0
2006,11,6,18,2.6924,10.204,0
2006,11,7,0,0.4826,10.426,0
2006,11,7,6,11.176,10.602,0
2006,11,7,12,2.54,9.426,0
2006,11,7,18,1.651,7.204,0
2006,11,8,0,0.2286,5.648,0
2006,11,8,6,0.2794,7.139,0
2006,11,8,12,0.1016,7.87,0
2006,11,8,18,0.6858,3.037,0.0183333333333333
2006,11,9,0,0.5588,3.704,0
2006,11,9,6,0,4.546,0
2006,11,9,12,0.0508,5.63,0
2006,11,9,18,0,2.898,0.0383333333333333
2006,11,10,0,4.3688,3.843,0.00166666666666667
2006,11,10,6,12.1666,5.019,0
2006,11,10,12,8.128,6.296,0
2006,11,10,18,4.0132,4.361,0
2006,11,11,0,0.8128,3.241,0.00333333333333333
2006,11,11,6,4.191,4.287,0.00333333333333333
2006,11,11,12,2.8956,6.148,0
2006,11,11,18,4.7752,3.796,0
2006,11,12,0,5.5118,3.954,0
2006,11,12,6,16.5608,4.972,0
2006,11,12,12,14.9352,6.167,0
2006,11,12,18,20.447,5.204,0
2006,11,13,0,0,4.481,0
2006,11,13,6,0.5588,3.583,0.005
2006,11,13,12,3.5052,5.444,0
2006,11,13,18,0.127,4.444,0
2006,11,14,0,0,2.944,0.0333333333333333
2006,11,14,6,0.4318,5.593,0.00166666666666667
2006,11,14,12,0.0762,8.639,0
2006,11,14,18,0.127,5.231,0
2006,11,15,0,1.3716,5.028,0
2006,11,15,6,4.445,7.241,0
2006,11,15,12,10.5156,9.167,0
2006,11,15,18,3.1242,6.593,0
2006,11,16,0,0.0762,3.324,0.0283333333333333
2006,11,16,6,0,3.37,0.04
2006,11,16,12,0,5.769,0
2006,11,16,18,0,4.102,0.00333333333333333
2006,11,17,0,0,4.759,0
2006,11,17,6,0.0254,5.407,0
2006,11,17,12,0.0762,6.852,0
2006,11,17,18,0.9906,5.88,0
2006,11,18,0,2.921,5.741,0
2006,11,18,6,0,6.398,0
2006,11,18,12,0,8.565,0
2006,11,18,18,0,6.333,0
2006,11,19,0,0.0762,8.037,0
2006,11,19,6,7.6708,9.028,0
2006,11,19,12,1.7526,8.602,0
2006,11,19,18,0.0254,4.833,0
2006,11,20,0,1.651,4.176,0
2006,11,20,6,0.381,5.259,0
2006,11,20,12,4.1656,7.269,0
2006,11,20,18,2.794,4.398,0
2006,11,21,0,13.716,5.259,0
2006,11,21,6,5.7912,6.315,0
2006,11,21,12,1.3208,5.398,0
2006,11,21,18,0.2286,3.426,0.0116666666666667
2006,11,22,0,1.7272,3.352,0.00333333333333333
2006,11,22,6,1.778,4.185,0
2006,11,22,12,4.8768,5.102,0
2006,11,22,18,2.3622,3.324,0.00166666666666667
2006,11,23,0,3.0988,2.491,0.0316666666666667
2006,11,23,6,2.4892,3.028,0.0266666666666667
2006,11,23,12,3.7338,3.815,0.00166666666666667
2006,11,23,18,4.5212,1.278,0.335
2006,11,24,0,6.8834,0.528,0.645
2006,11,24,6,5.8166,0.38,0.693333333333333
2006,11,24,12,5.8674,1.537,0.245
2006,11,24,18,1.27,0.13,0.758333333333333
2006,11,25,0,3.4036,-1.083,0.958333333333333
2006,11,25,6,0.0762,-2.778,1
2006,11,25,12,0.1778,-2.324,1
2006,11,25,18,3.5814,-3.648,1
2006,11,26,0,2.5654,-3.833,1
2006,11,26,6,13.4366,-4,1
2006,11,26,12,15.3162,-4.176,1
2006,11,26,18,5.0546,-6.398,1
2006,11,27,0,0.381,-7.352,1
2006,11,27,6,0.4826,-7.833,1
2006,11,27,12,0,-8.417,1
2006,11,27,18,0,-10.407,1
2006,11,28,0,0,-11.556,1
2006,11,28,6,0,-11.75,1
2006,11,28,12,0,-10.741,1
2006,11,28,18,0,-14.519,1
2006,11,29,0,0,-13.963,1
2006,11,29,6,0,-9.204,1
2006,11,29,12,0.762,-4.694,1
2006,11,29,18,5.2324,-3.241,1
2006,11,30,0,2.3368,-1.972,1
2006,11,30,6,0.1016,-2.176,1
2006,11,30,12,0.8636,-1.491,0.97
2006,11,30,18,0,-2.546,1
2006,12,1,0,0.2794,-1.463,1
2006,12,1,6,0.635,-0.796,0.946666666666667
2006,12,1,12,0,-0.796,0.876666666666667
2006,12,1,18,0,-3.991,1
2006,12,2,0,0,-4.685,1
2006,12,2,6,0,-2.556,1
2006,12,2,12,0,0.13,0.915
2006,12,2,18,0,-2.667,1
2006,12,3,0,0,-2.528,1
2006,12,3,6,0,-0.139,0.831666666666667
2006,12,3,12,0,1.565,0.44
2006,12,3,18,0,0.889,0.736666666666667
2006,12,4,0,0.7874,1.481,0.496666666666667
2006,12,4,6,3.0226,0.963,0.473333333333333
2006,12,4,12,0.2286,1.63,0.198333333333333
2006,12,4,18,0.2032,1.481,0.22
2006,12,5,0,0,-0.222,0.721666666666667
2006,12,5,6,0,1.056,0.4
2006,12,5,12,0,2.639,0.0616666666666667
2006,12,5,18,0,2.472,0.0933333333333333
2006,12,6,0,0,3.028,0.005
2006,12,6,6,0,2.963,0.0433333333333333
2006,12,6,12,0,3.833,0.0216666666666667
2006,12,6,18,0,3.537,0.0266666666666667
2006,12,7,0,0,3.343,0.035
2006,12,7,6,0,3.667,0.04
2006,12,7,12,0,3.88,0.0283333333333333
2006,12,7,18,0,3.463,0.075
2006,12,8,0,0.4318,4.194,0.005
2006,12,8,6,0.1016,5.056,0
2006,12,8,12,0,6.769,0
2006,12,8,18,0,4.667,0.05
2006,12,9,0,0,3.769,0.173333333333333
2006,12,9,6,0.0508,4.806,0.145
2006,12,9,12,0.9398,5.102,0
2006,12,9,18,0,3.704,0.00833333333333333
2006,12,10,0,0,4.176,0.00166666666666667
2006,12,10,6,0.9398,6.037,0
2006,12,10,12,1.1684,7.343,0
2006,12,10,18,0.127,4.926,0
2006,12,11,0,2.2352,5.241,0
2006,12,11,6,9.0932,7.102,0
2006,12,11,12,3.5814,8.991,0
2006,12,11,18,1.2192,5.213,0
2006,12,12,0,7.493,4.352,0
2006,12,12,6,1.8288,4.426,0
2006,12,12,12,0.0762,5.546,0
2006,12,12,18,7.1374,3.759,0.0133333333333333
2006,12,13,0,8.4328,6.491,0
2006,12,13,6,5.9182,5.713,0
2006,12,13,12,1.6256,5.157,0
2006,12,13,18,1.4478,3.37,0.00666666666666667
2006,12,14,0,0.1778,1.907,0.218333333333333
2006,12,14,6,3.5052,1.926,0.343333333333333
2006,12,14,12,39.0144,5.815,0
2006,12,14,18,7.0104,6.917,0
2006,12,15,0,17.1958,4.454,0.00166666666666667
2006,12,15,6,2.159,2.435,0.0833333333333333
2006,12,15,12,0,2.065,0.225
2006,12,15,18,0,-0.583,0.91
2006,12,16,0,0,-0.731,0.953333333333333
2006,12,16,6,0,0.731,0.641666666666667
2006,12,16,12,0,2.157,0.308333333333333
2006,12,16,18,0,0.13,0.971666666666667
2006,12,17,0,0,-0.907,0.985
2006,12,17,6,0,-1.509,0.93
2006,12,17,12,0,-0.176,0.776666666666667
2006,12,17,18,0,-2.204,1
2006,12,18,0,0,-0.259,0.92
2006,12,18,6,0,1.037,0.578333333333333
2006,12,18,12,0.0508,2.315,0.09
2006,12,18,18,0.0254,2.074,0.15
2006,12,19,0,1.651,2.87,0.0316666666666667
2006,12,19,6,0.1016,2.704,0.0266666666666667
2006,12,19,12,0.127,4.204,0
2006,12,19,18,0.0254,4.972,0
2006,12,20,0,0.6604,4.972,0
2006,12,20,6,0.7874,3.185,0.04
2006,12,20,12,0.762,5.565,0
2006,12,20,18,3.0988,5.889,0
2006,12,21,0,3.7338,6.407,0
2006,12,21,6,3.175,5.157,0
2006,12,21,12,1.8034,4.861,0
2006,12,21,18,3.556,3.648,0
2006,12,22,0,0.6096,2.537,0.025
2006,12,22,6,0,2.194,0.101666666666667
2006,12,22,12,0,3.667,0.0233333333333333
2006,12,22,18,0.127,2.25,0.193333333333333
2006,12,23,0,8.255,3.25,0.00333333333333333
2006,12,23,6,15.3924,3.176,0
2006,12,23,12,1.8288,3.769,0
2006,12,23,18,0.508,0.889,0.421666666666667
2006,12,24,0,0,0.769,0.575
2006,12,24,6,0.127,3.685,0.0933333333333333
2006,12,24,12,8.4074,6.13,0
2006,12,24,18,16.3576,5.861,0
2006,12,25,0,2.921,3.926,0.00333333333333333
2006,12,25,6,0,2.454,0.0766666666666667
2006,12,25,12,0,4.157,0
2006,12,25,18,0,2.639,0.0283333333333333
2006,12,26,0,0,1.954,0.155
2006,12,26,6,0,2.296,0.205
2006,12,26,12,4.0894,3.759,0
2006,12,26,18,4.3434,1.806,0.113333333333333
2006,12,27,0,3.937,1.231,0.26
2006,12,27,6,0.6604,1.676,0.223333333333333
2006,12,27,12,0.1016,1.472,0.445
2006,12,27,18,0,-1.287,0.985
2006,12,28,0,0,-3.398,1
2006,12,28,6,0,-0.87,0.91
2006,12,28,12,0,0.889,0.756666666666667
2006,12,28,18,0,-0.593,1
2006,12,29,0,0,2.213,0.641666666666667
2006,12,29,6,0,3.444,0.146666666666667
2006,12,29,12,0.508,3.037,0.025
2006,12,29,18,0,0.009,0.715
2006,12,30,0,0,-1.62,0.986666666666667
2006,12,30,6,0,0.676,0.591666666666667
2006,12,30,12,0,3.398,0.015
2006,12,30,18,0,2.546,0.105
2006,12,31,0,0,2.056,0.186666666666667
2006,12,31,6,0,2.306,0.146666666666667
2006,12,31,12,0,4.25,0.01
2006,12,31,18,0,1.389,0.318333333333333
2007,1,1,0,0.2286,3.102,0.0366666666666667
2007,1,1,6,4.191,4.241,0.0116666666666667
2007,1,1,12,5.5626,7.028,0
2007,1,1,18,6.731,6.556,0
2007,1,2,0,9.6266,6.444,0
2007,1,2,6,33.147,7.75,0
2007,1,2,12,20.7518,7.12,0
2007,1,2,18,0.4572,4.528,0
2007,1,3,0,9.779,4.37,0
2007,1,3,6,10.3632,5.296,0
2007,1,3,12,1.3716,4.417,0
2007,1,3,18,1.6256,2.769,0.025
2007,1,4,0,2.8194,1.63,0.208333333333333
2007,1,4,6,0,2.435,0.06
2007,1,4,12,0,3.009,0.0633333333333333
2007,1,4,18,0,-0.574,0.933333333333333
2007,1,5,0,0.2286,-1.315,1
2007,1,5,6,2.667,0.259,0.643333333333333
2007,1,5,12,8.0772,3.157,0.0316666666666667
2007,1,5,18,23.3426,4.62,0
2007,1,6,0,1.9812,2.444,0.198333333333333
2007,1,6,6,0,1.278,0.498333333333333
2007,1,6,12,1.3208,4.593,0.0383333333333333
2007,1,6,18,1.905,1.972,0.205
2007,1,7,0,4.3942,4.528,0.0166666666666667
2007,1,7,6,28.6258,6.88,0
2007,1,7,12,3.302,6.583,0
2007,1,7,18,0.3302,4.444,0.00333333333333333
2007,1,8,0,0,1.222,0.36
2007,1,8,6,0,1.37,0.383333333333333
2007,1,8,12,0,4.065,0.00166666666666667
2007,1,8,18,0.0254,4.824,0
2007,1,9,0,0.0254,6.093,0
2007,1,9,6,0,5.546,0
2007,1,9,12,5.969,4.454,0.00333333333333333
2007,1,9,18,0.9906,-1.269,0.908333333333333
2007,1,10,0,2.286,-3.361,1
2007,1,10,6,3.81,-2.37,0.976666666666667
2007,1,10,12,2.4892,-1.704,0.931666666666667
2007,1,10,18,0.1524,-4.648,1
2007,1,11,0,0,-6.981,1
2007,1,11,6,0,-6.194,1
2007,1,11,12,0,-4.944,1
2007,1,11,18,0,-9.361,1
2007,1,12,0,0,-10.241,1
2007,1,12,6,0,-8.194,1
2007,1,12,12,0,-5.046,1
2007,1,12,18,0,-8.426,1
2007,1,13,0,0,-7.843,1
2007,1,13,6,0,-5.639,1
2007,1,13,12,0,-3.824,1
2007,1,13,18,0,-8.778,1
2007,1,14,0,0,-10.787,1
2007,1,14,6,0,-7.722,1
2007,1,14,12,0,-2.13,1
2007,1,14,18,0,-7.62,1
2007,1,15,0,0,-8.565,1
2007,1,15,6,0,-5.454,1
2007,1,15,12,0,-0.5,0.991666666666667
2007,1,15,18,0,-2.065,1
2007,1,16,0,2.1082,-1.269,1
2007,1,16,6,7.4168,-1.269,0.958333333333333
2007,1,16,12,0,-0.139,0.87
2007,1,16,18,0,-2.13,1
2007,1,17,0,0,-3,1
2007,1,17,6,0,-1.5,0.966666666666667
2007,1,17,12,0.0254,0.176,0.793333333333333
2007,1,17,18,2.2352,-0.852,0.943333333333333
2007,1,18,0,3.3528,-0.861,0.948333333333333
2007,1,18,6,8.0518,-0.519,0.881666666666667
2007,1,18,12,6.4008,0.796,0.538333333333333
2007,1,18,18,0.6604,1.417,0.255
2007,1,19,0,1.27,2.167,0.0383333333333333
2007,1,19,6,11.5824,1.472,0.203333333333333
2007,1,19,12,0.9144,1.556,0.193333333333333
2007,1,19,18,3.0734,0.343,0.668333333333333
2007,1,20,0,0.9652,0.491,0.62
2007,1,20,6,0,0.648,0.52
2007,1,20,12,0,1.769,0.156666666666667
2007,1,20,18,0,-0.148,0.768333333333333
2007,1,21,0,0,-0.333,0.816666666666667
2007,1,21,6,0.0508,0.926,0.51
2007,1,21,12,0.4318,1.861,0.208333333333333
2007,1,21,18,0.508,1.176,0.341666666666667
2007,1,22,0,1.016,2.583,0.0266666666666667
2007,1,22,6,0.9652,3.444,0
2007,1,22,12,12.2428,4.583,0
2007,1,22,18,4.7752,3.185,0.00666666666666667
2007,1,23,0,9.9822,4.361,0
2007,1,23,6,8.001,4.935,0
2007,1,23,12,0.2794,5.074,0
2007,1,23,18,0.0254,4.083,0
2007,1,24,0,0,3.38,0.0183333333333333
2007,1,24,6,0,3.741,0.0316666666666667
2007,1,24,12,0,5.713,0
2007,1,24,18,0,3.704,0.0516666666666667
2007,1,25,0,0,1.713,0.443333333333333
2007,1,25,6,0.0508,1.491,0.47
2007,1,25,12,0.0762,3.37,0.02
2007,1,25,18,0,0.593,0.663333333333333
2007,1,26,0,0.0254,0.324,0.773333333333333
2007,1,26,6,0,2.046,0.411666666666667
2007,1,26,12,0,5.009,0.02
2007,1,26,18,0,-0.13,0.946666666666667
2007,1,27,0,0,-1.75,1
2007,1,27,6,0,0.972,0.643333333333333
2007,1,27,12,0,5.278,0.0583333333333333
2007,1,27,18,0,-0.361,0.971666666666667
2007,1,28,0,0,-2.769,1
2007,1,28,6,0,0.009,0.708333333333333
2007,1,28,12,0,3.574,0.178333333333333
2007,1,28,18,0,-1.87,1
2007,1,29,0,0,-2.12,1
2007,1,29,6,0,1.981,0.523333333333333
2007,1,29,12,0,4.685,0.05
2007,1,29,18,0,1.12,0.533333333333333
2007,1,30,0,0,0.074,0.691666666666667
2007,1,30,6,0,0.963,0.553333333333333
2007,1,30,12,0,5.389,0.0166666666666667
2007,1,30,18,0,1.407,0.576666666666667
2007,1,31,0,0,-0.833,0.995
2007,1,31,6,0,1,0.593333333333333
2007,1,31,12,0,6.63,0.00166666666666667
2007,1,31,18,0,-0.102,0.855
2007,2,1,0,0,-2.13,1
2007,2,1,6,0,1.509,0.525
2007,2,1,12,0,5.065,0.0466666666666667
2007,2,1,18,0,-1.741,0.996666666666667
2007,2,2,0,0,-3.306,1
2007,2,2,6,0,-0.278,0.695
2007,2,2,12,0,3.167,0.215
2007,2,2,18,0,-2.407,1
2007,2,3,0,0,-3.88,1
2007,2,3,6,0,-0.667,0.788333333333333
2007,2,3,12,2.5908,3.056,0.085
2007,2,3,18,0.1016,0.361,0.641666666666667
2007,2,4,0,0.0762,1.611,0.248333333333333
2007,2,4,6,8.4582,3.963,0.00333333333333333
2007,2,4,12,6.7056,5.62,0
2007,2,4,18,0,4.12,0
2007,2,5,0,0,3.074,0.01
2007,2,5,6,0,3.509,0.0133333333333333
2007,2,5,12,0,5.685,0
2007,2,5,18,0,2.667,0.133333333333333
2007,2,6,0,0,1.889,0.36
2007,2,6,6,0,3.176,0.23
2007,2,6,12,0.2794,6.148,0
2007,2,6,18,0,4,0.00833333333333333
2007,2,7,0,0,3.889,0.00666666666666667
2007,2,7,6,1.778,5.556,0
2007,2,7,12,1.7272,7.657,0
2007,2,7,18,0.7874,5.657,0
2007,2,8,0,8.2042,4.954,0
2007,2,8,6,4.0386,5.843,0
2007,2,8,12,0,6.917,0
2007,2,8,18,0.9398,4.231,0
2007,2,9,0,0.762,3.944,0
2007,2,9,6,1.3208,5.389,0.02
2007,2,9,12,0.2286,8.806,0
2007,2,9,18,0.2794,6.685,0
2007,2,10,0,0.6858,5.13,0
2007,2,10,6,0,5.389,0.00166666666666667
2007,2,10,12,0,8.796,0
2007,2,10,18,0,4.306,0.00333333333333333
2007,2,11,0,2.3622,4.62,0
2007,2,11,6,0.3556,5.963,0
2007,2,11,12,0,8.917,0
2007,2,11,18,0.2032,6.111,0
2007,2,12,0,0.3048,4.944,0
2007,2,12,6,0,4.926,0
2007,2,12,12,0,7.639,0
2007,2,12,18,0.1524,4.62,0
2007,2,13,0,0.762,4.009,0
2007,2,13,6,0.4318,4.241,0.005
2007,2,13,12,1.8542,5.963,0
2007,2,13,18,0.8636,3.259,0.01
2007,2,14,0,0.9398,2.454,0.0583333333333333
2007,2,14,6,0.1524,3.972,0.015
2007,2,14,12,19.8882,6.417,0
2007,2,14,18,5.969,4.611,0.00166666666666667
2007,2,15,0,3.2258,4.898,0
2007,2,15,6,15.621,6.565,0
2007,2,15,12,2.4384,7.63,0
2007,2,15,18,0,5.472,0
2007,2,16,0,0,4.528,0
2007,2,16,6,0,4.352,0.02
2007,2,16,12,0.1778,7.574,0
2007,2,16,18,0.8636,5.019,0
2007,2,17,0,0.0254,4.824,0
2007,2,17,6,0,5.593,0
2007,2,17,12,0,8.75,0
2007,2,17,18,2.3876,6.065,0
2007,2,18,0,0.6858,4.537,0
2007,2,18,6,0.6604,3.806,0.01
2007,2,18,12,0.4064,4.38,0.00333333333333333
2007,2,18,18,0,3.324,0.005
2007,2,19,0,0.3048,3.12,0.00666666666666667
2007,2,19,6,5.334,3.667,0
2007,2,19,12,12.3444,5.537,0
2007,2,19,18,15.7734,4.574,0
2007,2,20,0,10.2362,3.741,0.00166666666666667
2007,2,20,6,1.1176,2.5,0.115
2007,2,20,12,1.8542,3.139,0.0866666666666667
2007,2,20,18,1.4986,2.694,0.0733333333333333
2007,2,21,0,0.1524,2.528,0.07
2007,2,21,6,0,2.963,0.0466666666666667
2007,2,21,12,0,4.426,0.00333333333333333
2007,2,21,18,0,2.102,0.265
2007,2,22,0,1.016,2.833,0.045
2007,2,22,6,1.016,3.269,0.025
2007,2,22,12,0.7112,4.407,0.0116666666666667
2007,2,22,18,0,-0.704,0.883333333333333
2007,2,23,0,5.4102,0.5,0.578333333333333
2007,2,23,6,2.8194,1.796,0.218333333333333
2007,2,23,12,0.3048,2.63,0.168333333333333
2007,2,23,18,0.1524,-1.167,0.953333333333333
2007,2,24,0,0.0254,-0.13,0.831666666666667
2007,2,24,6,6.3246,2.463,0.163333333333333
2007,2,24,12,4.8006,4.222,0
2007,2,24,18,0.7112,2.5,0.08
2007,2,25,0,0.381,2.37,0.0766666666666667
2007,2,25,6,0,3.065,0.05
2007,2,25,12,3.0226,4.611,0
2007,2,25,18,0.0762,2.713,0.02
2007,2,26,0,0.6858,1.852,0.14
2007,2,26,6,0.508,3.361,0.0283333333333333
2007,2,26,12,0.0762,4.787,0.00333333333333333
2007,2,26,18,0,-0.093,0.808333333333333
2007,2,27,0,0,-2.407,1
2007,2,27,6,0,1.731,0.443333333333333
2007,2,27,12,0,4.102,0.035
2007,2,27,18,0,-0.991,0.975
2007,2,28,0,0,-1.315,0.983333333333333
2007,2,28,6,1.7018,0.741,0.57
2007,2,28,12,1.4732,1.333,0.508333333333333
2007,2,28,18,2.9464,-2.25,1
2007,3,1,0,2.5908,-3.454,1
2007,3,1,6,2.3368,-1.898,0.923333333333333
2007,3,1,12,0.3556,0.769,0.61
2007,3,1,18,0,-4.037,1
2007,3,2,0,0.127,-4.333,1
2007,3,2,6,1.4478,-0.083,0.695
2007,3,2,12,2.2352,3.324,0.06
2007,3,2,18,4.1148,2.639,0.075
2007,3,3,0,4.0386,3.019,0.015
2007,3,3,6,1.4224,3.278,0.025
2007,3,3,12,0.3048,5.444,0
2007,3,3,18,0.1524,3.546,0.09
2007,3,4,0,0.4826,2.852,0.0633333333333333
2007,3,4,6,0,5.898,0
2007,3,4,12,0,7.111,0
2007,3,4,18,0.4572,6.954,0
2007,3,5,0,5.4356,6.389,0
2007,3,5,6,4.4196,5.398,0
2007,3,5,12,0.9398,7.722,0
2007,3,5,18,0,5.565,0
2007,3,6,0,0,6,0
2007,3,6,6,0,7.509,0
2007,3,6,12,0,10.093,0
2007,3,6,18,0,9.704,0
2007,3,7,0,0.7874,9.046,0
2007,3,7,6,16.51,8.315,0
2007,3,7,12,1.4224,8.806,0
2007,3,7,18,6.0706,6.833,0
2007,3,8,0,1.8796,4.898,0
2007,3,8,6,0.9652,5.056,0
2007,3,8,12,2.2606,8.148,0
2007,3,8,18,1.651,7.009,0
2007,3,9,0,0.2032,5.407,0
2007,3,9,6,0.0762,6.787,0
2007,3,9,12,0.254,9.065,0
2007,3,9,18,0.0508,8.491,0
2007,3,10,0,0,7.657,0
2007,3,10,6,0.0762,7.222,0
2007,3,10,12,10.541,10.111,0
2007,3,10,18,17.0434,8.139,0
2007,3,11,0,14.5288,8.593,0
2007,3,11,6,17.8562,9.861,0
2007,3,11,12,13.5382,11.787,0
2007,3,11,18,31.2928,8.111,0
2007,3,12,0,5.0292,6.407,0
2007,3,12,6,0.0508,6.194,0
2007,3,12,12,0,6.444,0
2007,3,12,18,0,3.528,0.0133333333333333
2007,3,13,0,0.381,1.843,0.201666666666667
2007,3,13,6,0.2794,3.083,0.205
2007,3,13,12,2.4384,6.676,0
2007,3,13,18,3.6322,4.509,0
2007,3,14,0,0.6096,1.407,0.37
2007,3,14,6,0,3.269,0.13
2007,3,14,12,0,5.352,0.00833333333333333
2007,3,14,18,0,0.213,0.736666666666667
2007,3,15,0,0,-1.074,0.935
2007,3,15,6,0,1.509,0.485
2007,3,15,12,0.0762,5.13,0.00666666666666667
2007,3,15,18,7.9248,3.472,0.0283333333333333
2007,3,16,0,6.9088,3.556,0.01
2007,3,16,6,6.1468,4.63,0
2007,3,16,12,0.6858,6.519,0
2007,3,16,18,0.9144,6.12,0
2007,3,17,0,1.5494,6.62,0
2007,3,17,6,10.922,7.176,0
2007,3,17,12,26.543,8.574,0
2007,3,17,18,8.7884,6.657,0
2007,3,18,0,0.4064,6.796,0
2007,3,18,6,0,7.944,0
2007,3,18,12,0.127,10.722,0
2007,3,18,18,0.1778,7.861,0
2007,3,19,0,0.5334,6.509,0
2007,3,19,6,3.2258,8.278,0
2007,3,19,12,16.7894,8.435,0
2007,3,19,18,2.7686,6.139,0
2007,3,20,0,6.2484,4.213,0.00166666666666667
2007,3,20,6,0.4572,4.194,0.0333333333333333
2007,3,20,12,0.5842,5.269,0.0316666666666667
2007,3,20,18,0,2.102,0.178333333333333
2007,3,21,0,0,1.315,0.348333333333333
2007,3,21,6,0,2.889,0.108333333333333
2007,3,21,12,0.254,4.806,0.00166666666666667
2007,3,21,18,0.4572,3.565,0.03
2007,3,22,0,0.2286,3.963,0.00166666666666667
2007,3,22,6,4.1402,4.361,0.00833333333333333
2007,3,22,12,13.843,6.38,0
2007,3,22,18,2.6416,4.898,0
2007,3,23,0,0.0762,4.676,0
2007,3,23,6,2.2352,6.093,0
2007,3,23,12,7.6454,7.093,0
2007,3,23,18,9.1186,6.333,0
2007,3,24,0,9.144,7.639,0
2007,3,24,6,10.7442,8.287,0
2007,3,24,12,14.3764,8.787,0
2007,3,24,18,5.334,5.269,0.00166666666666667
2007,3,25,0,0.2032,1.917,0.27
2007,3,25,6,0,4.648,0.228333333333333
2007,3,25,12,0.1016,10.574,0
2007,3,25,18,0.0508,4.009,0.113333333333333
2007,3,26,0,0.0762,0.361,0.781666666666667
2007,3,26,6,0,5,0.221666666666667
2007,3,26,12,0.0254,10.324,0
2007,3,26,18,0.0254,4.889,0.0333333333333333
2007,3,27,0,0,1.769,0.4
2007,3,27,6,0.0254,6.028,0.00833333333333333
2007,3,27,12,0,9.481,0
2007,3,27,18,0,2.519,0.186666666666667
2007,3,28,0,0,0.407,0.69
2007,3,28,6,0,5.324,0.05
2007,3,28,12,0,10.278,0
2007,3,28,18,0,1.815,0.493333333333333
2007,3,29,0,0,2.759,0.123333333333333
2007,3,29,6,0,6.074,0.015
2007,3,29,12,0,11.194,0
2007,3,29,18,0,4.815,0.0716666666666667
2007,3,30,0,0.127,2.852,0.161666666666667
2007,3,30,6,0.1016,6.167,0.105
2007,3,30,12,0,8.935,0
2007,3,30,18,3.0226,5.074,0
2007,3,31,0,3.4798,4.324,0
2007,3,31,6,0,5.981,0
2007,3,31,12,0,8.185,0
2007,3,31,18,0,2.815,0.185
2007,4,1,0,0,1.046,0.525
2007,4,1,6,0.8636,3.62,0.055
2007,4,1,12,0.1778,5,0.0116666666666667
2007,4,1,18,0.3556,0.509,0.695
2007,4,2,0,0.8636,0.111,0.8
2007,4,2,6,1.143,2.935,0.265
2007,4,2,12,1.4732,7.472,0
2007,4,2,18,0,0.389,0.713333333333333
2007,4,3,0,0,-2.056,0.998333333333333
2007,4,3,6,0,2.704,0.406666666666667
2007,4,3,12,0,8.491,0
2007,4,3,18,0.0254,2.546,0.468333333333333
2007,4,4,0,0,1.713,0.521666666666667
2007,4,4,6,0,8.407,0
2007,4,4,12,0,12.324,0
2007,4,4,18,0,4.13,0.045
2007,4,5,0,0,3.463,0.03
2007,4,5,6,0,9.38,0
2007,4,5,12,0,16.324,0
2007,4,5,18,0,7.833,0
2007,4,6,0,0,6.417,0
2007,4,6,6,0,10.602,0
2007,4,6,12,0,15.806,0
2007,4,6,18,0,8.602,0
2007,4,7,0,0.127,7.222,0
2007,4,7,6,0.1524,11.981,0
2007,4,7,12,0.1016,12.824,0
2007,4,7,18,1.0414,8.546,0
2007,4,8,0,3.7846,7.704,0
2007,4,8,6,0,8.472,0
2007,4,8,12,0.254,11.907,0
2007,4,8,18,7.4168,8.602,0
2007,4,9,0,2.1336,7.546,0
2007,4,9,6,10.8204,7.009,0
2007,4,9,12,1.5748,7.352,0
2007,4,9,18,0.4318,5.25,0
2007,4,10,0,0.5588,4.704,0.00333333333333333
2007,4,10,6,0,6.62,0
2007,4,10,12,0,9.028,0
2007,4,10,18,0,4.546,0.025
2007,4,11,0,0,1.833,0.25
2007,4,11,6,0,6.907,0.01
2007,4,11,12,0,11.093,0
2007,4,11,18,0,3.833,0.231666666666667
2007,4,12,0,0,2.565,0.316666666666667
2007,4,12,6,0,7.722,0
2007,4,12,12,0.0508,8.87,0
2007,4,12,18,0,4.333,0
2007,4,13,0,0.1016,4.519,0
2007,4,13,6,2.54,6.296,0
2007,4,13,12,0.635,10.194,0
2007,4,13,18,0.254,8.028,0
2007,4,14,0,7.874,5.88,0
2007,4,14,6,0.7112,7.019,0
2007,4,14,12,0.5334,10.898,0
2007,4,14,18,0.9144,5.213,0
2007,4,15,0,0.0508,2.963,0.04
2007,4,15,6,0,5.769,0.00166666666666667
2007,4,15,12,0,8.806,0
2007,4,15,18,0,3.954,0.0133333333333333
2007,4,16,0,0,4.111,0.00166666666666667
2007,4,16,6,1.2954,6.574,0
2007,4,16,12,3.9878,8.537,0
2007,4,16,18,2.2352,5.111,0
2007,4,17,0,2.9718,2.481,0.0866666666666667
2007,4,17,6,7.112,5.435,0.00333333333333333
2007,4,17,12,2.3622,8.954,0
2007,4,17,18,0.381,3.037,0.191666666666667
2007,4,18,0,0.5588,0.361,0.736666666666667
2007,4,18,6,0.5588,5.611,0.0183333333333333
2007,4,18,12,0.889,9.806,0
2007,4,18,18,0.6604,2.102,0.318333333333333
2007,4,19,0,0.2794,-0.306,0.828333333333333
2007,4,19,6,0,5.435,0.035
2007,4,19,12,0,10.417,0
2007,4,19,18,0,1.231,0.58
2007,4,20,0,0,-1.685,0.998333333333333
2007,4,20,6,0,6.278,0.0883333333333333
2007,4,20,12,0,12.287,0
2007,4,20,18,0,4.657,0.0333333333333333
2007,4,21,0,0,1.333,0.641666666666667
2007,4,21,6,0,7.407,0.0116666666666667
2007,4,21,12,0.1524,12.778,0
2007,4,21,18,0.3302,7.157,0
2007,4,22,0,0.5334,5.639,0
2007,4,22,6,0,8.194,0
2007,4,22,12,0,13.213,0
2007,4,22,18,0,6.241,0.00333333333333333
2007,4,23,0,0,2.074,0.23
2007,4,23,6,0,7.981,0
2007,4,23,12,0,13.111,0
2007,4,23,18,0,5.759,0.00666666666666667
2007,4,24,0,1.6256,4.287,0.005
2007,4,24,6,9.2456,8.519,0
2007,4,24,12,2.8194,9.583,0
2007,4,24,18,0.635,6.343,0
2007,4,25,0,0.4318,6.102,0
2007,4,25,6,0.6604,7.907,0
2007,4,25,12,1.8034,9.556,0
2007,4,25,18,1.6256,6.093,0
2007,4,26,0,2.3876,6.046,0
2007,4,26,6,1.5494,8.426,0
2007,4,26,12,1.143,10.398,0
2007,4,26,18,0.9144,7.259,0
2007,4,27,0,0.2794,6.889,0
2007,4,27,6,4.7498,9.278,0
2007,4,27,12,6.477,12.287,0
2007,4,27,18,10.795,9.269,0
2007,4,28,0,3.1496,4.611,0.0116666666666667
2007,4,28,6,0,7.074,0.00166666666666667
2007,4,28,12,0,12.167,0
2007,4,28,18,0,5.287,0.03
2007,4,29,0,0,3.426,0.101666666666667
2007,4,29,6,0,8.806,0
2007,4,29,12,0,12.444,0
2007,4,29,18,0,3.833,0.271666666666667
2007,4,30,0,0,1.722,0.575
2007,4,30,6,0,7.278,0.00166666666666667
2007,4,30,12,0.0254,11.37,0
2007,4,30,18,0.6096,6.991,0
2007,5,1,0,0.381,5.176,0
2007,5,1,6,0.3048,7.065,0
2007,5,1,12,0,10.796,0
2007,5,1,18,0.5334,8.111,0
2007,5,2,0,4.1148,8.167,0
2007,5,2,6,2.0066,10.509,0
2007,5,2,12,1.143,11.602,0
2007,5,2,18,1.016,7.62,0
2007,5,3,0,0,5.537,0
2007,5,3,6,0,7.667,0
2007,5,3,12,0,11.37,0
2007,5,3,18,0,7.407,0
2007,5,4,0,0.0508,4.444,0
2007,5,4,6,0.3556,7.343,0
2007,5,4,12,0.0508,11.139,0
2007,5,4,18,0.127,7.444,0
2007,5,5,0,0.0508,4.954,0
2007,5,5,6,0,9.426,0
2007,5,5,12,0,11.722,0
2007,5,5,18,0,6.537,0
2007,5,6,0,0.0508,6.204,0
2007,5,6,6,0.1016,11.778,0
2007,5,6,12,1.1684,15.704,0
2007,5,6,18,1.1176,9.954,0
2007,5,7,0,0.9906,8.935,0
2007,5,7,6,0,12.463,0
2007,5,7,12,0,18.167,0
2007,5,7,18,0,10.185,0
2007,5,8,0,0,6.444,0
2007,5,8,6,0,12.926,0
2007,5,8,12,0,15.185,0
2007,5,8,18,0,6.222,0.00166666666666667
2007,5,9,0,0,2.241,0.138333333333333
2007,5,9,6,0,8.815,0
2007,5,9,12,0,14.88,0
2007,5,9,18,0,6.602,0.0283333333333333
2007,5,10,0,0,1.639,0.53
2007,5,10,6,0,9.843,0.00166666666666667
2007,5,10,12,0,15.63,0
2007,5,10,18,0,6.88,0.0116666666666667
2007,5,11,0,0,2.824,0.19
2007,5,11,6,0,9.741,0
2007,5,11,12,0,15.426,0
2007,5,11,18,0,6.37,0.0333333333333333
2007,5,12,0,0,3.787,0.0633333333333333
2007,5,12,6,0,10.676,0
2007,5,12,12,0,15.009,0
2007,5,12,18,0,8.991,0
2007,5,13,0,0,5.815,0
2007,5,13,6,0,9.083,0
2007,5,13,12,0,15.25,0
2007,5,13,18,0,7.111,0.005
2007,5,14,0,0,3.12,0.035
2007,5,14,6,0,11.509,0
2007,5,14,12,0,19.944,0
2007,5,14,18,0,9.861,0.00166666666666667
2007,5,15,0,0,6.037,0.00666666666666667
2007,5,15,6,0,14.935,0
2007,5,15,12,0,19.898,0
2007,5,15,18,0,12.481,0
2007,5,16,0,0,8.056,0
2007,5,16,6,0,13.037,0
2007,5,16,12,0,15.741,0
2007,5,16,18,0,8.63,0
2007,5,17,0,0,5.324,0
2007,5,17,6,0,11.88,0
2007,5,17,12,0,16.306,0
2007,5,17,18,0,7.454,0.005
2007,5,18,0,0,2.759,0.085
2007,5,18,6,0.1016,10.426,0
2007,5,18,12,0,13.222,0
2007,5,18,18,2.9972,7.12,0
2007,5,19,0,0.1016,6.62,0
2007,5,19,6,1.3462,9.148,0
2007,5,19,12,2.0066,11.407,0
2007,5,19,18,1.6256,8.037,0
2007,5,20,0,0.6096,6.778,0
2007,5,20,6,13.8938,9.833,0
2007,5,20,12,17.1704,11.981,0
2007,5,20,18,7.112,7.685,0
2007,5,21,0,2.9718,4.389,0
2007,5,21,6,0,8.852,0
2007,5,21,12,0,14.38,0
2007,5,21,18,0,8.102,0
2007,5,22,0,0,3.426,0.02
2007,5,22,6,0,10.269,0
2007,5,22,12,0,16.12,0
2007,5,22,18,0,8.778,0
2007,5,23,0,0,4.611,0.00166666666666667
2007,5,23,6,0,12.546,0
2007,5,23,12,0,18.481,0
2007,5,23,18,0,9.981,0
2007,5,24,0,0,4.62,0.005
2007,5,24,6,0,12.944,0
2007,5,24,12,0,19.324,0
2007,5,24,18,0,11.213,0
2007,5,25,0,0,6.741,0
2007,5,25,6,0,15.444,0
2007,5,25,12,0,17.907,0
2007,5,25,18,0,11.648,0
2007,5,26,0,0,9.907,0
2007,5,26,6,0,14.167,0
2007,5,26,12,0,14.981,0
2007,5,26,18,0,10.389,0
2007,5,27,0,0.1016,7.676,0
2007,5,27,6,0.4318,10.509,0
2007,5,27,12,0.0254,14.759,0
2007,5,27,18,0,8.972,0
2007,5,28,0,0.0254,6.204,0
2007,5,28,6,0,10.463,0
2007,5,28,12,0,18.907,0
2007,5,28,18,0,9.972,0
2007,5,29,0,0,5.491,0
2007,5,29,6,0,15.426,0
2007,5,29,12,0,23.028,0
2007,5,29,18,0,13.648,0
2007,5,30,0,0,8.759,0
2007,5,30,6,0,18.148,0
2007,5,30,12,0,23.306,0
2007,5,30,18,0,13.75,0
2007,5,31,0,0,9.148,0
2007,5,31,6,0,17.426,0
2007,5,31,12,0,22.463,0
2007,5,31,18,0,13.991,0
2007,6,1,0,0,8.685,0
2007,6,1,6,0,16.102,0
2007,6,1,12,0,23.417,0
2007,6,1,18,0,14.444,0
2007,6,2,0,0,9.352,0
2007,6,2,6,0,17.926,0
2007,6,2,12,0,24,0
2007,6,2,18,0,15.083,0
2007,6,3,0,0,10.139,0
2007,6,3,6,0,18.769,0
2007,6,3,12,0,22.741,0
2007,6,3,18,1.4986,17.296,0
2007,6,4,0,2.8956,13.815,0
2007,6,4,6,0.3302,16.639,0
2007,6,4,12,2.2098,16.593,0
2007,6,4,18,0.3302,13.5,0
2007,6,5,0,0.6096,10.481,0
2007,6,5,6,1.7526,12.12,0
2007,6,5,12,1.1176,12.102,0
2007,6,5,18,1.4224,10.259,0
2007,6,6,0,4.4958,8.917,0
2007,6,6,6,2.7432,9.565,0
2007,6,6,12,0,11.907,0
2007,6,6,18,0.0254,10.13,0
2007,6,7,0,0.1778,8.852,0
2007,6,7,6,0,10.88,0
2007,6,7,12,0,12.889,0
2007,6,7,18,0,9.509,0
2007,6,8,0,0,7.222,0
2007,6,8,6,0,12.519,0
2007,6,8,12,0,16.509,0
2007,6,8,18,0,11.898,0
2007,6,9,0,0,9.852,0
2007,6,9,6,9.9568,11.185,0
2007,6,9,12,7.3152,12.861,0
2007,6,9,18,0.1016,11.583,0
2007,6,10,0,0.1778,11.056,0
2007,6,10,6,0.254,12.593,0
2007,6,10,12,1.9558,14.315,0
2007,6,10,18,1.5494,10.722,0
2007,6,11,0,0.4318,7.852,0
2007,6,11,6,0.1016,11.963,0
2007,6,11,12,0.0508,15.148,0
2007,6,11,18,0,10.574,0
2007,6,12,0,0.0508,8.111,0
2007,6,12,6,0.127,11.731,0
2007,6,12,12,0,14.741,0
2007,6,12,18,0,11.491,0
2007,6,13,0,0.1524,9.676,0
2007,6,13,6,0.0254,12.213,0
2007,6,13,12,0.0762,15.463,0
2007,6,13,18,0,11.102,0
2007,6,14,0,0,8.361,0
2007,6,14,6,0,11.019,0
2007,6,14,12,0,14.898,0
2007,6,14,18,0,10.583,0
2007,6,15,0,0.6604,8.574,0
2007,6,15,6,3.6068,11.676,0
2007,6,15,12,0.4572,13.991,0
2007,6,15,18,0,10.981,0
2007,6,16,0,0,9.343,0
2007,6,16,6,0.0762,11.713,0
2007,6,16,12,0.127,13.204,0
2007,6,16,18,0.127,10.204,0
2007,6,17,0,0.4318,8.593,0
2007,6,17,6,4.4958,8.991,0
2007,6,17,12,1.0922,12.491,0
2007,6,17,18,0.2286,10.62,0
2007,6,18,0,0.0254,8.269,0
2007,6,18,6,0,11.694,0
2007,6,18,12,0,17.139,0
2007,6,18,18,0,10.398,0
2007,6,19,0,0,6.204,0
2007,6,19,6,0,13.704,0
2007,6,19,12,0,19.87,0
2007,6,19,18,0,12.426,0
2007,6,20,0,0,7.602,0
2007,6,20,6,0,15.407,0
2007,6,20,12,0,19.204,0
2007,6,20,18,0,14.722,0
2007,6,21,0,0,11.222,0
2007,6,21,6,0.0254,13.769,0
2007,6,21,12,0,17.296,0
2007,6,21,18,0,13.333,0
2007,6,22,0,0.2794,10.278,0
2007,6,22,6,1.6256,12.917,0
2007,6,22,12,0.8128,16,0
2007,6,22,18,2.8956,12.231,0
2007,6,23,0,0.889,9.481,0
2007,6,23,6,2.1082,12.565,0
2007,6,23,12,0.0508,15.028,0
2007,6,23,18,0.381,10.231,0
2007,6,24,0,0.5334,7.759,0
2007,6,24,6,0.8128,10.75,0
2007,6,24,12,3.429,15.037,0
2007,6,24,18,4.9022,10.565,0
2007,6,25,0,0,7.417,0
2007,6,25,6,0,11.213,0
2007,6,25,12,0,18.389,0
2007,6,25,18,0,11.269,0
2007,6,26,0,0.0762,6.889,0
2007,6,26,6,0,14.435,0
2007,6,26,12,0,19.685,0
2007,6,26,18,0,13.62,0
2007,6,27,0,0,10.102,0
2007,6,27,6,0,14.815,0
2007,6,27,12,0,18.889,0
2007,6,27,18,0,13.972,0
2007,6,28,0,0.3556,10.602,0
2007,6,28,6,0.4572,15.843,0
2007,6,28,12,0.2794,17.648,0
2007,6,28,18,0.5588,14.62,0
2007,6,29,0,0.0508,11.444,0
2007,6,29,6,0,14.667,0
2007,6,29,12,1.5748,17.898,0
2007,6,29,18,4.699,12.556,0
2007,6,30,0,0.1016,9.685,0
2007,6,30,6,0,13.917,0
2007,6,30,12,0,19.111,0
2007,6,30,18,0,12.75,0
2007,7,1,0,0,9.352,0
2007,7,1,6,0,15.833,0
2007,7,1,12,0,20.907,0
2007,7,1,18,0,15.213,0
2007,7,2,0,0,11.204,0
2007,7,2,6,0,15.778,0
2007,7,2,12,0,21.407,0
2007,7,2,18,0,16.417,0
2007,7,3,0,0,12.481,0
2007,7,3,6,0,17.315,0
2007,7,3,12,0,23.269,0
2007,7,3,18,0,17.389,0
2007,7,4,0,0,11.278,0
2007,7,4,6,0,18.407,0
2007,7,4,12,0,24,0
2007,7,4,18,0,16.63,0
2007,7,5,0,0,10.981,0
2007,7,5,6,0,17.991,0
2007,7,5,12,0,22.62,0
2007,7,5,18,0,15.093,0
2007,7,6,0,0,10.222,0
2007,7,6,6,0,16.87,0
2007,7,6,12,0,21.787,0
2007,7,6,18,0,14.065,0
2007,7,7,0,0,9.565,0
2007,7,7,6,0,16.62,0
2007,7,7,12,0,21.056,0
2007,7,7,18,0,15.009,0
2007,7,8,0,0,11.963,0
2007,7,8,6,0,18.963,0
2007,7,8,12,0,22.528,0
2007,7,8,18,0,15.231,0
2007,7,9,0,0,10.12,0
2007,7,9,6,0,17.685,0
2007,7,9,12,0,27.259,0
2007,7,9,18,0,17.88,0
2007,7,10,0,0,11.25,0
2007,7,10,6,0,21.343,0
2007,7,10,12,0,30.713,0
2007,7,10,18,0,20.231,0
2007,7,11,0,0,14.741,0
2007,7,11,6,0,23.954,0
2007,7,11,12,0,29.287,0
2007,7,11,18,0,21.546,0
2007,7,12,0,0,16.12,0
2007,7,12,6,0,21.148,0
2007,7,12,12,0,24.093,0
2007,7,12,18,0,17.454,0
2007,7,13,0,0,14.278,0
2007,7,13,6,0,19.093,0
2007,7,13,12,0,23.417,0
2007,7,13,18,0,16.444,0
2007,7,14,0,0,12.87,0
2007,7,14,6,0,18.565,0
2007,7,14,12,0,23.306,0
2007,7,14,18,0,17.833,0
2007,7,15,0,0,14.926,0
2007,7,15,6,0,19.63,0
2007,7,15,12,0,23.435,0
2007,7,15,18,0,17.87,0
2007,7,16,0,0,13.315,0
2007,7,16,6,0,17.306,0
2007,7,16,12,0,21.917,0
2007,7,16,18,0,17.278,0
2007,7,17,0,7.9248,14.315,0
2007,7,17,6,2.5908,16.454,0
2007,7,17,12,1.4478,18.667,0
2007,7,17,18,0,16.389,0
2007,7,18,0,0.7874,14.241,0
2007,7,18,6,9.525,17.963,0
2007,7,18,12,9.271,20.046,0
2007,7,18,18,0.1524,15.954,0
2007,7,19,0,1.1684,14.056,0
2007,7,19,6,0,15.583,0
2007,7,19,12,0.1778,17.972,0
2007,7,19,18,0.0254,15.731,0
2007,7,20,0,0,14.009,0
2007,7,20,6,4.3434,17.639,0
2007,7,20,12,8.3312,18.491,0
2007,7,20,18,1.905,16.157,0
2007,7,21,0,0.381,14.917,0
2007,7,21,6,0,17.556,0
2007,7,21,12,0.7112,20.111,0
2007,7,21,18,2.8702,17.222,0
2007,7,22,0,1.7018,16.944,0
2007,7,22,6,0.5588,16.657,0
2007,7,22,12,0.635,17.917,0
2007,7,22,18,1.4732,15.074,0
2007,7,23,0,0.2794,14.75,0
2007,7,23,6,1.7526,17.648,0
2007,7,23,12,3.3782,16.935,0
2007,7,23,18,2.4892,15.324,0
2007,7,24,0,0.1778,12.472,0
2007,7,24,6,0,15.778,0
2007,7,24,12,0,20.574,0
2007,7,24,18,0,14.231,0
2007,7,25,0,0,9.444,0
2007,7,25,6,0,15.546,0
2007,7,25,12,0,21.074,0
2007,7,25,18,0,15.278,0
2007,7,26,0,0,10.88,0
2007,7,26,6,0,16.454,0
2007,7,26,12,0,21.75,0
2007,7,26,18,0,15.454,0
2007,7,27,0,0,11.25,0
2007,7,27,6,0,17.528,0
2007,7,27,12,0,21.593,0
2007,7,27,18,0,15.981,0
2007,7,28,0,0,11.88,0
2007,7,28,6,0,16.694,0
2007,7,28,12,0,20.194,0
2007,7,28,18,0,16.574,0
2007,7,29,0,0,14.065,0
2007,7,29,6,0,17.25,0
2007,7,29,12,0,19.833,0
2007,7,29,18,0,15.426,0
2007,7,30,0,0,11.546,0
2007,7,30,6,0,15.907,0
2007,7,30,12,0,20.833,0
2007,7,30,18,0,14.241,0
2007,7,31,0,0,8.87,0
2007,7,31,6,0,16.62,0
2007,7,31,12,0,23.083,0
2007,7,31,18,0,14.667,0
2007,8,1,0,0,9.444,0
2007,8,1,6,0,17.778,0
2007,8,1,12,0,24.065,0
2007,8,1,18,0,15.722,0
2007,8,2,0,0,10.935,0
2007,8,2,6,0,18.194,0
2007,8,2,12,0,22.565,0
2007,8,2,18,0,17.074,0
2007,8,3,0,0,13.787,0
2007,8,3,6,0,17.185,0
2007,8,3,12,0,21,0
2007,8,3,18,0,15.815,0
2007,8,4,0,0,12.111,0
2007,8,4,6,0,17.343,0
2007,8,4,12,0,21.935,0
2007,8,4,18,0,15.037,0
2007,8,5,0,0,10.861,0
2007,8,5,6,0,17.204,0
2007,8,5,12,0,22.037,0
2007,8,5,18,0,15.62,0
2007,8,6,0,0,12.056,0
2007,8,6,6,0,16.426,0
2007,8,6,12,0,19.685,0
2007,8,6,18,0,15.343,0
2007,8,7,0,0,12.398,0
2007,8,7,6,0,15.935,0
2007,8,7,12,0,18.093,0
2007,8,7,18,0,15.37,0
2007,8,8,0,0,13.343,0
2007,8,8,6,0,15.019,0
2007,8,8,12,0,18.093,0
2007,8,8,18,0.0508,13.028,0
2007,8,9,0,0.1016,9.389,0
2007,8,9,6,0,13.38,0
2007,8,9,12,0,18.37,0
2007,8,9,18,0,12.833,0
2007,8,10,0,0,9.222,0
2007,8,10,6,0,14.481,0
2007,8,10,12,0,19.537,0
2007,8,10,18,0,11.963,0
2007,8,11,0,0,7.759,0
2007,8,11,6,0,15,0
2007,8,11,12,0,19.778,0
2007,8,11,18,0,15.148,0
2007,8,12,0,0.2286,11.574,0
2007,8,12,6,0,15.565,0
2007,8,12,12,0,20.5,0
2007,8,12,18,0,13.509,0
2007,8,13,0,0,8.241,0
2007,8,13,6,0,15.213,0
2007,8,13,12,0,22.435,0
2007,8,13,18,0,13.463,0
2007,8,14,0,0,9.361,0
2007,8,14,6,0,17.944,0
2007,8,14,12,0,25.204,0
2007,8,14,18,0,16.056,0
2007,8,15,0,0,10.639,0
2007,8,15,6,0,18.574,0
2007,8,15,12,0,24.269,0
2007,8,15,18,0,17.343,0
2007,8,16,0,0,12.935,0
2007,8,16,6,0,19.111,0
2007,8,16,12,0,20.722,0
2007,8,16,18,0,14.806,0
2007,8,17,0,0,12.574,0
2007,8,17,6,0,15.769,0
2007,8,17,12,0,20.13,0
2007,8,17,18,0,14.556,0
2007,8,18,0,0,11.852,0
2007,8,18,6,0.254,16.815,0
2007,8,18,12,1.397,18.944,0
2007,8,18,18,0.508,13.75,0
2007,8,19,0,1.4478,12.454,0
2007,8,19,6,2.667,14.426,0
2007,8,19,12,0.2032,16.963,0
2007,8,19,18,0.3302,14.269,0
2007,8,20,0,0.2794,13.509,0
2007,8,20,6,0.762,17.324,0
2007,8,20,12,0.7366,19.343,0
2007,8,20,18,0.3302,15.463,0
2007,8,21,0,0.4572,13.759,0
2007,8,21,6,0.5334,16.398,0
2007,8,21,12,0.2286,20.87,0
2007,8,21,18,1.0414,15.537,0
2007,8,22,0,1.4732,12.537,0
2007,8,22,6,0,17.528,0
2007,8,22,12,0,22.389,0
2007,8,22,18,0,14.287,0
2007,8,23,0,0,10.648,0
2007,8,23,6,0,17.333,0
2007,8,23,12,0,23.269,0
2007,8,23,18,0,13.778,0
2007,8,24,0,0,10.398,0
2007,8,24,6,0,16.102,0
2007,8,24,12,0,20.796,0
2007,8,24,18,0,15.111,0
2007,8,25,0,0,12.556,0
2007,8,25,6,0.635,16.231,0
2007,8,25,12,2.7686,18.222,0
2007,8,25,18,2.8702,14.519,0
2007,8,26,0,1.0414,12.204,0
2007,8,26,6,0.381,14.796,0
2007,8,26,12,0.127,18.481,0
2007,8,26,18,0.254,11.843,0
2007,8,27,0,0.635,7.63,0
2007,8,27,6,0,14.139,0
2007,8,27,12,0,20.463,0
2007,8,27,18,0,11.602,0
2007,8,28,0,0,7.907,0
2007,8,28,6,0,16.907,0
2007,8,28,12,0,24.102,0
2007,8,28,18,0,13.204,0
2007,8,29,0,0,9.907,0
2007,8,29,6,0,18.519,0
2007,8,29,12,0,25.167,0
2007,8,29,18,0,15.472,0
2007,8,30,0,0,11.528,0
2007,8,30,6,0,17.528,0
2007,8,30,12,0,21.657,0
2007,8,30,18,0,14.185,0
2007,8,31,0,0,12.343,0
2007,8,31,6,0,18.046,0
2007,8,31,12,0,18.88,0
2007,8,31,18,0,12.5,0
2007,9,1,0,0,9.667,0
2007,9,1,6,0,14.343,0
2007,9,1,12,0,19,0
2007,9,1,18,0,13.62,0
2007,9,2,0,0,10.889,0
2007,9,2,6,0,15.741,0
2007,9,2,12,0,19.63,0
2007,9,2,18,0,15.009,0
2007,9,3,0,0,12.204,0
2007,9,3,6,0,15.75,0
2007,9,3,12,0.254,19.241,0
2007,9,3,18,0.5588,15.046,0
2007,9,4,0,3.302,13.102,0
2007,9,4,6,0,16.917,0
2007,9,4,12,0,19.241,0
2007,9,4,18,0.1524,13.574,0
2007,9,5,0,0.3048,11.417,0
2007,9,5,6,0,15.296,0
2007,9,5,12,0,19.519,0
2007,9,5,18,0,14.917,0
2007,9,6,0,0,12.167,0
2007,9,6,6,0,15.324,0
2007,9,6,12,0,19.111,0
2007,9,6,18,0,12.38,0
2007,9,7,0,0,9.083,0
2007,9,7,6,0,14.556,0
2007,9,7,12,0,20.102,0
2007,9,7,18,0,12.019,0
2007,9,8,0,0,7.87,0
2007,9,8,6,0,15.463,0
2007,9,8,12,0,21.963,0
2007,9,8,18,0,10.083,0
2007,9,9,0,0,7.88,0
2007,9,9,6,0,15.343,0
2007,9,9,12,0,24.315,0
2007,9,9,18,0,12.287,0
2007,9,10,0,0,8.62,0
2007,9,10,6,0,17.102,0
2007,9,10,12,0,24.981,0
2007,9,10,18,0,14.204,0
2007,9,11,0,0,9.741,0
2007,9,11,6,0,16.713,0
2007,9,11,12,0,21.37,0
2007,9,11,18,0,12.62,0
2007,9,12,0,0,9.444,0
2007,9,12,6,0,15.657,0
2007,9,12,12,0,21.481,0
2007,9,12,18,0,11.935,0
2007,9,13,0,0,8.065,0
2007,9,13,6,0,14.259,0
2007,9,13,12,0,19.824,0
2007,9,13,18,0,10.907,0
2007,9,14,0,0,9.269,0
2007,9,14,6,0,13.157,0
2007,9,14,12,0,18.694,0
2007,9,14,18,0,12.046,0
2007,9,15,0,0,10.065,0
2007,9,15,6,0,13.481,0
2007,9,15,12,0,17.778,0
2007,9,15,18,0,12.296,0
2007,9,16,0,0,11.028,0
2007,9,16,6,1.0668,13.194,0
2007,9,16,12,3.6322,12.917,0
2007,9,16,18,0.2286,11.574,0
2007,9,17,0,0.2032,11.157,0
2007,9,17,6,0,12.778,0
2007,9,17,12,0,14.565,0
2007,9,17,18,0,8.519,0
2007,9,18,0,0,6.083,0
2007,9,18,6,0,11.389,0
2007,9,18,12,0.5334,15.62,0
2007,9,18,18,0.7112,7.019,0
2007,9,19,0,0.5842,3.815,0.00166666666666667
2007,9,19,6,0,8.861,0
2007,9,19,12,0,14.704,0
2007,9,19,18,0,7.954,0
2007,9,20,0,0.0254,7.648,0
2007,9,20,6,3.4798,10,0
2007,9,20,12,0,11.954,0
2007,9,20,18,0,8.685,0
2007,9,21,0,1.4732,8.528,0
2007,9,21,6,0,11.833,0
2007,9,21,12,11.6078,14.565,0
2007,9,21,18,4.4958,11.111,0
2007,9,22,0,1.0922,9.62,0
2007,9,22,6,0,10.019,0
2007,9,22,12,0,14.574,0
2007,9,22,18,0,7.278,0
2007,9,23,0,0,4.796,0
2007,9,23,6,0,8.991,0
2007,9,23,12,0,14.889,0
2007,9,23,18,0,7.25,0
2007,9,24,0,0.3048,5.185,0
2007,9,24,6,0.0508,9.537,0
2007,9,24,12,0,13.426,0
2007,9,24,18,2.6416,10,0
2007,9,25,0,0.8128,9.676,0
2007,9,25,6,0,11.213,0
2007,9,25,12,0,13.833,0
2007,9,25,18,0.0508,9.722,0
2007,9,26,0,0.0762,9.019,0
2007,9,26,6,0,11.222,0
2007,9,26,12,0,13.537,0
2007,9,26,18,0,8.574,0
2007,9,27,0,0.0508,8.231,0
2007,9,27,6,0.0762,11.769,0
2007,9,27,12,7.366,12.62,0
2007,9,27,18,15.0876,10.213,0
2007,9,28,0,1.4478,8.213,0
2007,9,28,6,0,8.343,0
2007,9,28,12,0,11.37,0
2007,9,28,18,0.2032,7.426,0
2007,9,29,0,0.2032,5.991,0
2007,9,29,6,0,8.463,0
2007,9,29,12,4.2672,10.546,0
2007,9,29,18,8.5598,8.12,0
2007,9,30,0,11.7348,8.787,0
2007,9,30,6,12.3698,9.917,0
2007,9,30,12,6.2738,11.713,0
2007,9,30,18,9.1186,9.861,0
2007,10,1,0,4.699,9.194,0
2007,10,1,6,0.9652,9.454,0
2007,10,1,12,0.6604,11.463,0
2007,10,1,18,8.4582,9.139,0
2007,10,2,0,3.4036,9.019,0
2007,10,2,6,3.2004,10.694,0
2007,10,2,12,7.5692,10.296,0
2007,10,2,18,1.6256,7.944,0
2007,10,3,0,1.6764,6.944,0
2007,10,3,6,0.2286,7.907,0
2007,10,3,12,0.3556,9.62,0
2007,10,3,18,2.54,5.898,0
2007,10,4,0,1.6764,4.426,0
2007,10,4,6,1.1684,6.426,0
2007,10,4,12,0.5842,10.574,0
2007,10,4,18,1.2954,4.519,0
2007,10,5,0,1.2446,2.185,0.0766666666666667
2007,10,5,6,0,4.861,0.0316666666666667
2007,10,5,12,0,9.583,0
2007,10,5,18,0,4.935,0
2007,10,6,0,0.0762,6.074,0
2007,10,6,6,0.5842,8.398,0
2007,10,6,12,0.4572,10.593,0
2007,10,6,18,2.4892,10.148,0
2007,10,7,0,0.7112,10.787,0
2007,10,7,6,0.3556,11.676,0
2007,10,7,12,14.9098,12.343,0
2007,10,7,18,0.2032,7.148,0
2007,10,8,0,1.397,4.333,0
2007,10,8,6,0,7.87,0
2007,10,8,12,0,13.88,0
2007,10,8,18,0,9.269,0
2007,10,9,0,0,10.13,0
2007,10,9,6,0,13.019,0
2007,10,9,12,0.0254,14.315,0
2007,10,9,18,0,10.389,0
2007,10,10,0,0.1524,8.963,0
2007,10,10,6,0.889,11.509,0
2007,10,10,12,0.3302,12.574,0
2007,10,10,18,0.762,8.509,0
2007,10,11,0,1.1684,7.269,0
2007,10,11,6,0,8.759,0
2007,10,11,12,0,13.296,0
2007,10,11,18,0,8.528,0
2007,10,12,0,0,5.815,0
2007,10,12,6,0,8.444,0
2007,10,12,12,0,13.426,0
2007,10,12,18,0,5.37,0.00166666666666667
2007,10,13,0,0,2.87,0.0766666666666667
2007,10,13,6,0,7.593,0.015
2007,10,13,12,0,14.463,0
2007,10,13,18,0,7.361,0
2007,10,14,0,0,4.778,0
2007,10,14,6,0,9.426,0
2007,10,14,12,0,13.204,0
2007,10,14,18,0,8.139,0
2007,10,15,0,0,6.648,0
2007,10,15,6,0,9.213,0
2007,10,15,12,2.7686,11.472,0
2007,10,15,18,1.9812,9.102,0
2007,10,16,0,3.3274,8.065,0
2007,10,16,6,0,8.185,0
2007,10,16,12,3.6576,9.167,0
2007,10,16,18,2.6416,6.37,0
2007,10,17,0,0.3302,5.157,0
2007,10,17,6,2.8448,6.824,0
2007,10,17,12,0,8.806,0
2007,10,17,18,0.1016,6.315,0
2007,10,18,0,0.762,5.417,0
2007,10,18,6,12.7254,6.306,0
2007,10,18,12,3.2004,8.537,0
2007,10,18,18,2.8956,8.38,0
2007,10,19,0,13.97,7.611,0
2007,10,19,6,9.2964,8.222,0
2007,10,19,12,3.9116,8.667,0
2007,10,19,18,3.1496,6.324,0
2007,10,20,0,0.7112,6.12,0
2007,10,20,6,0.6604,7.167,0
2007,10,20,12,0.1524,8.593,0
2007,10,20,18,1.8796,6.315,0
2007,10,21,0,0.4826,6.278,0
2007,10,21,6,3.2004,7.759,0
2007,10,21,12,13.6906,10.231,0
2007,10,21,18,13.4366,7.444,0
2007,10,22,0,2.7686,8.62,0
2007,10,22,6,3.6322,11.444,0
2007,10,22,12,2.413,14.38,0
2007,10,22,18,0.3048,11.435,0
2007,10,23,0,0.2794,9.056,0
2007,10,23,6,0,11.481,0
2007,10,23,12,0,15.509,0
2007,10,23,18,0,11.12,0
2007,10,24,0,0,8.787,0
2007,10,24,6,6.3754,9.593,0
2007,10,24,12,2.9972,9.269,0
2007,10,24,18,0.9144,5.769,0
2007,10,25,0,0.889,3.148,0.00666666666666667
2007,10,25,6,0,4.519,0.03
2007,10,25,12,0,9.065,0
2007,10,25,18,0,2.519,0.148333333333333
2007,10,26,0,0,0.139,0.928333333333333
2007,10,26,6,0,3.778,0.376666666666667
2007,10,26,12,0,8.565,0
2007,10,26,18,0,1.065,0.741666666666667
2007,10,27,0,0,-0.167,1
2007,10,27,6,0,3.769,0.418333333333333
2007,10,27,12,0,7.676,0
2007,10,27,18,0,3.537,0.131666666666667
2007,10,28,0,0,3.944,0.0266666666666667
2007,10,28,6,0,6.556,0
2007,10,28,12,0,8.769,0
2007,10,28,18,0,5.704,0
2007,10,29,0,0,4.843,0
2007,10,29,6,2.5908,6.62,0
2007,10,29,12,0.0254,8.12,0
2007,10,29,18,0.1778,3.009,0.0666666666666667
2007,10,30,0,0.1778,0.935,0.576666666666667
2007,10,30,6,0,3.648,0.293333333333333
2007,10,30,12,0,7.231,0
2007,10,30,18,0,0.509,0.831666666666667
2007,10,31,0,0,-0.037,0.97
2007,10,31,6,0,3.083,0.438333333333333
2007,10,31,12,0,7.231,0
2007,10,31,18,0,4.056,0
2007,11,1,0,0,3.361,0.00333333333333333
2007,11,1,6,0,3.352,0.11
2007,11,1,12,0,6,0
2007,11,1,18,0,-0.278,0.855
2007,11,2,0,0,-1.722,0.98
2007,11,2,6,0,4.148,0.283333333333333
2007,11,2,12,0.0254,8.454,0
2007,11,2,18,2.6416,3.769,0.0583333333333333
2007,11,3,0,2.4638,3.676,0.0166666666666667
2007,11,3,6,0.4064,6.296,0
2007,11,3,12,0.6858,9.63,0
2007,11,3,18,0.635,8.389,0
2007,11,4,0,1.6002,7.324,0
2007,11,4,6,0,6.63,0
2007,11,4,12,0,8.944,0
2007,11,4,18,0,1.88,0.335
2007,11,5,0,0,1.287,0.511666666666667
2007,11,5,6,0,3.639,0.376666666666667
2007,11,5,12,0,7.694,0
2007,11,5,18,0,2.324,0.37
2007,11,6,0,0,2.343,0.156666666666667
2007,11,6,6,0.254,5.037,0.00166666666666667
2007,11,6,12,0.7366,8.241,0
2007,11,6,18,3.3274,6.148,0
2007,11,7,0,0.4572,6.046,0
2007,11,7,6,5.2832,6.713,0
2007,11,7,12,0.5588,7.917,0
2007,11,7,18,0,7.454,0
2007,11,8,0,2.2098,7.519,0
2007,11,8,6,1.651,9.148,0
2007,11,8,12,0.4064,10.843,0
2007,11,8,18,0,9.176,0
2007,11,9,0,4.5212,9.435,0
2007,11,9,6,4.2418,8.37,0
2007,11,9,12,0.127,10.38,0
2007,11,9,18,2.7178,7.722,0
2007,11,10,0,10.668,8.5,0
2007,11,10,6,0.381,7.25,0
2007,11,10,12,0,7.926,0
2007,11,10,18,0,5.056,0
2007,11,11,0,0.762,5,0
2007,11,11,6,0,5.926,0
2007,11,11,12,0,8.491,0
2007,11,11,18,0.0508,8.481,0
2007,11,12,0,0.7366,9.759,0
2007,11,12,6,7.7216,8.157,0
2007,11,12,12,3.2766,8.083,0
2007,11,12,18,0.2032,5.019,0
2007,11,13,0,0.1524,4.898,0
2007,11,13,6,0,4.935,0
2007,11,13,12,0,5.546,0
2007,11,13,18,0,2.009,0.198333333333333
2007,11,14,0,0,1.324,0.528333333333333
2007,11,14,6,0,4.565,0.0966666666666667
2007,11,14,12,0.3302,8.056,0
2007,11,14,18,1.905,6.481,0
2007,11,15,0,0.8382,7.463,0
2007,11,15,6,0.2032,7.167,0
2007,11,15,12,6.1468,8.176,0
2007,11,15,18,18.161,7.574,0
2007,11,16,0,4.5974,7.648,0
2007,11,16,6,1.4732,6.63,0
2007,11,16,12,0.3556,7.167,0
2007,11,16,18,0,5.111,0
2007,11,17,0,0.0254,4.222,0
2007,11,17,6,1.6002,4.954,0
2007,11,17,12,7.239,5.935,0
2007,11,17,18,0.0254,3.204,0.0283333333333333
2007,11,18,0,0,0.824,0.5
2007,11,18,6,0,1.389,0.481666666666667
2007,11,18,12,0,3.38,0.0983333333333333
2007,11,18,18,0.762,-0.481,0.965
2007,11,19,0,0,-1.324,1
2007,11,19,6,3.6068,0.13,0.71
2007,11,19,12,1.651,2.954,0.116666666666667
2007,11,19,18,0.0508,0.843,0.593333333333333
2007,11,20,0,0,-0.861,0.976666666666667
2007,11,20,6,0,0.167,0.633333333333333
2007,11,20,12,0,2.546,0.271666666666667
2007,11,20,18,0,-2.657,1
2007,11,21,0,0,-2.963,1
2007,11,21,6,0,-0.407,0.798333333333333
2007,11,21,12,0,2.491,0.395
2007,11,21,18,0,-2.546,1
2007,11,22,0,0,-3.417,1
2007,11,22,6,0,-1.231,0.913333333333333
2007,11,22,12,0,1.88,0.583333333333333
2007,11,22,18,0,-3.111,1
2007,11,23,0,0,-4.324,1
2007,11,23,6,0,-1.352,0.936666666666667
2007,11,23,12,0,2.037,0.63
2007,11,23,18,0,-2.167,1
2007,11,24,0,0,-1.981,1
2007,11,24,6,0,1.037,0.703333333333333
2007,11,24,12,0,2.88,0.211666666666667
2007,11,24,18,0,0.259,0.791666666666667
2007,11,25,0,0,-1.602,1
2007,11,25,6,0,-0.519,0.833333333333333
2007,11,25,12,0,1.37,0.59
2007,11,25,18,0.0762,-1.056,0.998333333333333
2007,11,26,0,0,-0.185,0.996666666666667
2007,11,26,6,0.0254,2.528,0.555
2007,11,26,12,10.8204,3.111,0.16
2007,11,26,18,8.1534,0.324,0.711666666666667
2007,11,27,0,1.7526,0.426,0.645
2007,11,27,6,7.1882,0.63,0.655
2007,11,27,12,1.7272,1.528,0.306666666666667
2007,11,27,18,0.4572,-1,0.9
2007,11,28,0,0.5842,-1.343,0.935
2007,11,28,6,0.6096,1.481,0.258333333333333
2007,11,28,12,3.6576,2.685,0.0216666666666667
2007,11,28,18,2.4638,1.352,0.268333333333333
2007,11,29,0,0,0.963,0.441666666666667
2007,11,29,6,0,1.741,0.27
2007,11,29,12,0,1.667,0.415
2007,11,29,18,0,-2.565,1
2007,11,30,0,0,-2.278,1
2007,11,30,6,0,-0.907,0.956666666666667
2007,11,30,12,0,0.398,0.786666666666667
2007,11,30,18,0,-2.167,1
2007,12,1,0,0.7112,-3.926,1
2007,12,1,6,2.1082,-3.759,1
2007,12,1,12,3.5306,-2.176,1
2007,12,1,18,5.4864,-1.889,1
2007,12,2,0,1.2954,-2.417,1
2007,12,2,6,4.2164,-0.87,0.856666666666667
2007,12,2,12,11.0236,4.139,0.06
2007,12,2,18,8.8392,5.528,0
2007,12,3,0,47.5234,4.917,0
2007,12,3,6,29.3878,9.519,0
2007,12,3,12,8.2296,11.963,0
2007,12,3,18,5.0546,7.333,0
2007,12,4,0,13.9446,9.065,0
2007,12,4,6,9.0424,9.519,0
2007,12,4,12,2.413,8.046,0
2007,12,4,18,0.0762,5.556,0
2007,12,5,0,2.3114,4.519,0
2007,12,5,6,0.2032,5.38,0
2007,12,5,12,0.0254,5.13,0
2007,12,5,18,0,1.935,0.158333333333333
2007,12,6,0,0,-0.269,0.81
2007,12,6,6,0,1.046,0.451666666666667
2007,12,6,12,0,3.231,0.0616666666666667
2007,12,6,18,0,-0.037,0.831666666666667
2007,12,7,0,0,-1.278,1
2007,12,7,6,0,-0.111,0.813333333333333
2007,12,7,12,0,0.13,0.723333333333333
2007,12,7,18,0,-3.12,1
2007,12,8,0,0,-4.019,1
2007,12,8,6,0,-3.963,1
2007,12,8,12,0,-2.343,1
2007,12,8,18,0,-5.398,1
2007,12,9,0,0,-4.963,1
2007,12,9,6,0.4572,-1.5,0.998333333333333
2007,12,9,12,0,0.056,0.795
2007,12,9,18,0,-1.417,1
2007,12,10,0,0,-3.546,1
2007,12,10,6,0,-2.352,0.975
2007,12,10,12,0,-1.065,0.883333333333333
2007,12,10,18,0,-3.417,1
2007,12,11,0,0,-1.056,1
2007,12,11,6,0,0.38,0.916666666666667
2007,12,11,12,0.1524,1.843,0.535
2007,12,11,18,2.0066,-0.222,0.981666666666667
2007,12,12,0,0.1016,-0.481,0.925
2007,12,12,6,0,0.083,0.738333333333333
2007,12,12,12,0,0.574,0.556666666666667
2007,12,12,18,0,-0.352,0.84
2007,12,13,0,0.0508,-0.815,0.888333333333333
2007,12,13,6,2.3114,-0.074,0.76
2007,12,13,12,19.5326,1.833,0.123333333333333
2007,12,13,18,6.5278,1.426,0.188333333333333
2007,12,14,0,1.1938,0.741,0.453333333333333
2007,12,14,6,0.762,1.917,0.208333333333333
2007,12,14,12,0.6096,3.917,0
2007,12,14,18,2.9972,4.278,0
2007,12,15,0,6.6802,4.926,0
2007,12,15,6,0.1778,2.935,0.0233333333333333
2007,12,15,12,0.3556,3.963,0.00833333333333333
2007,12,15,18,0.1016,2.306,0.1
2007,12,16,0,0.127,2.824,0.0266666666666667
2007,12,16,6,0,3.935,0.015
2007,12,16,12,0.127,6.435,0
2007,12,16,18,1.0922,3.019,0.0116666666666667
2007,12,17,0,1.3208,2.269,0.0466666666666667
2007,12,17,6,1.7272,2.889,0.00833333333333333
2007,12,17,12,0,2.38,0.19
2007,12,17,18,0,0.259,0.77
2007,12,18,0,1.6256,-1.139,0.983333333333333
2007,12,18,6,17.1958,2.287,0.17
2007,12,18,12,2.1844,3.63,0
2007,12,18,18,2.1082,3,0
2007,12,19,0,3.2258,1.324,0.333333333333333
2007,12,19,6,2.8956,2.37,0.105
2007,12,19,12,0.7366,4.231,0
2007,12,19,18,2.7686,3.481,0
2007,12,20,0,0,1.769,0.185
2007,12,20,6,0,2.056,0.131666666666667
2007,12,20,12,0.0508,2.093,0.223333333333333
2007,12,20,18,0,-2.213,1
2007,12,21,0,0,-3.204,1
2007,12,21,6,0,0.176,0.578333333333333
2007,12,21,12,0,3.454,0.00166666666666667
2007,12,21,18,0.0762,0.204,0.661666666666667
2007,12,22,0,1.4986,0.87,0.563333333333333
2007,12,22,6,19.2786,4.093,0.00333333333333333
2007,12,22,12,2.5146,5.083,0
2007,12,22,18,0.8636,1.62,0.17
2007,12,23,0,0.127,1.935,0.095
2007,12,23,6,6.4262,2.852,0.0366666666666667
2007,12,23,12,15.4432,5.37,0
2007,12,23,18,1.5748,2.907,0.0266666666666667
2007,12,24,0,0.1778,1.083,0.378333333333333
2007,12,24,6,0,1.602,0.238333333333333
2007,12,24,12,0,3.333,0.00166666666666667
2007,12,24,18,0,1.278,0.26
2007,12,25,0,0,-0.426,0.853333333333333
2007,12,25,6,0,1.315,0.335
2007,12,25,12,5.1816,2.278,0.0916666666666667
2007,12,25,18,5.9436,0.407,0.663333333333333
2007,12,26,0,3.3782,0.269,0.746666666666667
2007,12,26,6,2.3876,0.407,0.656666666666667
2007,12,26,12,1.6256,0.972,0.456666666666667
2007,12,26,18,0.381,-0.509,0.981666666666667
2007,12,27,0,3.5814,-1,1
2007,12,27,6,0.6858,-0.741,0.951666666666667
2007,12,27,12,6.8072,1.102,0.476666666666667
2007,12,27,18,8.9154,0.574,0.656666666666667
2007,12,28,0,8.4836,1.019,0.316666666666667
2007,12,28,6,3.0734,1.954,0.0683333333333333
2007,12,28,12,4.1656,1.87,0.0883333333333333
2007,12,28,18,2.4384,1.111,0.298333333333333
2007,12,29,0,0.4572,0.565,0.606666666666667
2007,12,29,6,0,0.639,0.551666666666667
2007,12,29,12,0.635,2.407,0.04
2007,12,29,18,0.9906,1.824,0.108333333333333
2007,12,30,0,0.3302,1.241,0.331666666666667
2007,12,30,6,0.127,1.324,0.303333333333333
2007,12,30,12,0.0254,2.583,0.0516666666666667
2007,12,30,18,0,1.787,0.145
2007,12,31,0,0,1.676,0.193333333333333
2007,12,31,6,0,1.037,0.438333333333333
2007,12,31,12,0,0.046,0.673333333333333
2007,12,31,18,0,-2.13,1
2008,1,1,0,0,1.12,0.775
2008,1,1,6,0,2.981,0.308333333333333
2008,1,1,12,0,4.769,0.0216666666666667
2008,1,1,18,0,4.194,0.163333333333333
2008,1,2,0,2.0066,4.417,0.005
2008,1,2,6,0.6858,3.787,0
2008,1,2,12,0,4.713,0.005
2008,1,2,18,0,2.685,0.06
2008,1,3,0,0,4.519,0.00166666666666667
2008,1,3,6,0,5.685,0
2008,1,3,12,0,7.5,0
2008,1,3,18,0,4.074,0.0116666666666667
2008,1,4,0,0,3.148,0.03
2008,1,4,6,1.6002,6.139,0
2008,1,4,12,0.6858,7,0
2008,1,4,18,1.905,4.639,0
2008,1,5,0,1.524,3.444,0.0633333333333333
2008,1,5,6,1.143,2.676,0.17
2008,1,5,12,0.5588,3.074,0.115
2008,1,5,18,0,1.88,0.168333333333333
2008,1,6,0,0,0.222,0.671666666666667
2008,1,6,6,0.1778,1.417,0.318333333333333
2008,1,6,12,0.1524,2.148,0.135
2008,1,6,18,0,0.028,0.733333333333333
2008,1,7,0,0.0762,-0.935,0.981666666666667
2008,1,7,6,0.3556,-0.074,0.736666666666667
2008,1,7,12,0,0.963,0.46
2008,1,7,18,0.1016,-0.778,0.963333333333333
2008,1,8,0,3.81,-0.083,0.853333333333333
2008,1,8,6,0.762,1.676,0.253333333333333
2008,1,8,12,0.8128,2.861,0.0216666666666667
2008,1,8,18,3.048,0.481,0.728333333333333
2008,1,9,0,1.4478,0.88,0.468333333333333
2008,1,9,6,0.762,1.417,0.265
2008,1,9,12,0.0254,0.898,0.498333333333333
2008,1,9,18,7.5946,0.056,0.805
2008,1,10,0,8.4074,1.954,0.133333333333333
2008,1,10,6,11.049,2.907,0.03
2008,1,10,12,2.4384,3.259,0.00833333333333333
2008,1,10,18,10.8204,3.37,0.0116666666666667
2008,1,11,0,7.3914,4.889,0
2008,1,11,6,11.4808,4.806,0.00166666666666667
2008,1,11,12,0.4318,4.324,0.0183333333333333
2008,1,11,18,0,2.269,0.111666666666667
2008,1,12,0,0,2.639,0.07
2008,1,12,6,10.16,4.639,0.00166666666666667
2008,1,12,12,3.9116,5.194,0
2008,1,12,18,1.7272,4.065,0
2008,1,13,0,1.1176,2.796,0.0583333333333333
2008,1,13,6,0.1524,2.269,0.178333333333333
2008,1,13,12,0,4.62,0.015
2008,1,13,18,0,4.231,0.015
2008,1,14,0,3.6576,4.861,0
2008,1,14,6,6.2992,4.537,0
2008,1,14,12,20.0406,3.111,0.0483333333333333
2008,1,14,18,1.3716,0.259,0.701666666666667
2008,1,15,0,1.2446,-1.778,0.973333333333333
2008,1,15,6,0,-2.148,0.986666666666667
2008,1,15,12,0,-0.556,0.953333333333333
2008,1,15,18,0,-2.426,1
2008,1,16,0,0,-2.954,1
2008,1,16,6,0,-2.111,1
2008,1,16,12,0,-0.546,0.996666666666667
2008,1,16,18,0,-2.213,1
2008,1,17,0,0,-2.259,1
2008,1,17,6,0,-1.074,0.966666666666667
2008,1,17,12,0,0.602,0.588333333333333
2008,1,17,18,0,-1.917,0.998333333333333
2008,1,18,0,0,-1.731,1
2008,1,18,6,0,-0.38,0.846666666666667
2008,1,18,12,0,1.556,0.285
2008,1,18,18,0,-1.287,0.975
2008,1,19,0,0.7874,-1.463,0.961666666666667
2008,1,19,6,5.715,-0.167,0.833333333333333
2008,1,19,12,5.5118,0.519,0.615
2008,1,19,18,0.1016,-0.352,0.836666666666667
2008,1,20,0,0,0.333,0.713333333333333
2008,1,20,6,0,1.037,0.521666666666667
2008,1,20,12,0,0.213,0.895
2008,1,20,18,0,-3.056,1
2008,1,21,0,0,-4.593,1
2008,1,21,6,0,-3.537,1
2008,1,21,12,0,-0.102,1
2008,1,21,18,0,-4.407,1
2008,1,22,0,0,-6.019,1
2008,1,22,6,0,-3.204,1
2008,1,22,12,0,0.463,0.883333333333333
2008,1,22,18,0,-5,1
2008,1,23,0,0,-6.519,1
2008,1,23,6,0,-3.176,0.981666666666667
2008,1,23,12,0,0.556,0.793333333333333
2008,1,23,18,0,-4.37,1
2008,1,24,0,0,-4.935,1
2008,1,24,6,0,-2.731,0.996666666666667
2008,1,24,12,0,0.981,0.756666666666667
2008,1,24,18,0,-4.639,1
2008,1,25,0,0,-6.083,1
2008,1,25,6,0,-3.546,0.983333333333333
2008,1,25,12,0,0.389,0.831666666666667
2008,1,25,18,0,-3.546,1
2008,1,26,0,0,-2.843,1
2008,1,26,6,0,-0.75,0.983333333333333
2008,1,26,12,1.8288,0.787,0.813333333333333
2008,1,26,18,0.7874,-0.944,0.96
2008,1,27,0,0.6604,-2.056,1
2008,1,27,6,0.381,-1.546,0.998333333333333
2008,1,27,12,0.1778,-1.074,0.975
2008,1,27,18,0.0508,-4.741,1
2008,1,28,0,0,-5.704,1
2008,1,28,6,0.0254,-4.398,1
2008,1,28,12,0.9652,-2.324,1
2008,1,28,18,4.0386,-3.639,1
2008,1,29,0,6.9088,-2.435,1
2008,1,29,6,5.4356,-2.046,1
2008,1,29,12,3.3782,-0.991,0.92
2008,1,29,18,0.4826,-5,0.998333333333333
2008,1,30,0,1.524,-4.306,1
2008,1,30,6,0.508,-2.278,0.971666666666667
2008,1,30,12,1.651,0.454,0.696666666666667
2008,1,30,18,3.6322,1.019,0.431666666666667
2008,1,31,0,2.4892,1.528,0.318333333333333
2008,1,31,6,3.429,-0.194,0.843333333333333
2008,1,31,12,2.921,2.083,0.186666666666667
2008,1,31,18,1.7526,-0.093,0.836666666666667
2008,2,1,0,4.1148,0.009,0.79
2008,2,1,6,2.3622,1.315,0.268333333333333
2008,2,1,12,2.159,1.815,0.24
2008,2,1,18,0.8382,-0.407,0.87
2008,2,2,0,2.7432,-0.713,0.918333333333333
2008,2,2,6,0.8636,0.546,0.58
2008,2,2,12,0,2.306,0.176666666666667
2008,2,2,18,0.0254,-1.741,0.996666666666667
2008,2,3,0,0,-3.574,1
2008,2,3,6,0,-1.176,0.92
2008,2,3,12,0,0.87,0.598333333333333
2008,2,3,18,0,-4.185,1
2008,2,4,0,0,-3.796,1
2008,2,4,6,0,-1.241,0.833333333333333
2008,2,4,12,0.508,2.287,0.125
2008,2,4,18,0.254,-0.676,0.818333333333333
2008,2,5,0,1.5748,-0.481,0.836666666666667
2008,2,5,6,5.0038,2.5,0.0783333333333333
2008,2,5,12,10.7442,3.009,0.0466666666666667
2008,2,5,18,0.7112,0.685,0.653333333333333
2008,2,6,0,0.2032,0.463,0.751666666666667
2008,2,6,6,1.3208,1.148,0.495
2008,2,6,12,2.8702,3.824,0.0266666666666667
2008,2,6,18,4.7498,2.657,0.0433333333333333
2008,2,7,0,6.9596,4.25,0
2008,2,7,6,2.6924,3.685,0.00333333333333333
2008,2,7,12,2.032,4.574,0
2008,2,7,18,2.667,3.722,0.00166666666666667
2008,2,8,0,4.2672,2.954,0.0266666666666667
2008,2,8,6,2.9972,3.694,0.00166666666666667
2008,2,8,12,7.6454,4.509,0.00166666666666667
2008,2,8,18,3.3528,3.13,0.01
2008,2,9,0,2.921,2.815,0.0216666666666667
2008,2,9,6,2.7432,3.778,0.00166666666666667
2008,2,9,12,1.3462,5.593,0
2008,2,9,18,2.2606,4.343,0
2008,2,10,0,5.3594,4.602,0
2008,2,10,6,1.3716,4.361,0
2008,2,10,12,4.1656,4.509,0.00166666666666667
2008,2,10,18,0.127,2.463,0.085
2008,2,11,0,0.6604,1.806,0.155
2008,2,11,6,4.7498,2.917,0.065
2008,2,11,12,1.4478,4.667,0
2008,2,11,18,0.2286,3.667,0
2008,2,12,0,1.3716,4.287,0
2008,2,12,6,0,4.685,0
2008,2,12,12,6.1976,4.972,0
2008,2,12,18,0.254,2.287,0.0983333333333333
2008,2,13,0,0.3048,1.139,0.38
2008,2,13,6,1.0922,1.787,0.313333333333333
2008,2,13,12,0,4.028,0.00666666666666667
2008,2,13,18,0,-1.167,0.896666666666667
2008,2,14,0,0,-2.481,1
2008,2,14,6,0,0.537,0.553333333333333
2008,2,14,12,0,3.083,0.01
2008,2,14,18,0,1.194,0.331666666666667
2008,2,15,0,0,1.222,0.305
2008,2,15,6,0.8382,2.731,0.0733333333333333
2008,2,15,12,5.6388,4.12,0
2008,2,15,18,3.9624,2.639,0.0533333333333333
2008,2,16,0,0.0762,0.62,0.478333333333333
2008,2,16,6,0.254,2.241,0.256666666666667
2008,2,16,12,0.1524,5.657,0.00166666666666667
2008,2,16,18,0,-0.352,0.77
2008,2,17,0,0,-1.602,0.995
2008,2,17,6,0,1.722,0.521666666666667
2008,2,17,12,0,7.139,0.00166666666666667
2008,2,17,18,0,0.62,0.831666666666667
2008,2,18,0,0,-1.509,1
2008,2,18,6,0,2.704,0.53
2008,2,18,12,0,7.704,0.00333333333333333
2008,2,18,18,0,0.731,0.888333333333333
2008,2,19,0,0,-1.685,1
2008,2,19,6,0,2.157,0.538333333333333
2008,2,19,12,0,7.241,0.00166666666666667
2008,2,19,18,0,1.87,0.528333333333333
2008,2,20,0,0,1.833,0.313333333333333
2008,2,20,6,0,4.593,0.0333333333333333
2008,2,20,12,0,8.324,0
2008,2,20,18,0,2.565,0.176666666666667
2008,2,21,0,0,-0.148,0.841666666666667
2008,2,21,6,0,3.37,0.385
2008,2,21,12,0,9.565,0
2008,2,21,18,0,1.741,0.598333333333333
2008,2,22,0,0,1.491,0.546666666666667
2008,2,22,6,0.0254,6.157,0.00666666666666667
2008,2,22,12,0,9.398,0
2008,2,22,18,0,5.537,0
2008,2,23,0,0,4.241,0.00333333333333333
2008,2,23,6,0,5.769,0
2008,2,23,12,0,8.917,0
2008,2,23,18,0,0.963,0.685
2008,2,24,0,0,-0.722,0.995
2008,2,24,6,0,3.537,0.315
2008,2,24,12,0,8.722,0
2008,2,24,18,0,0.861,0.805
2008,2,25,0,0,-0.537,0.955
2008,2,25,6,0,6.056,0.00833333333333333
2008,2,25,12,0,9.38,0
2008,2,25,18,0,3.5,0.00333333333333333
2008,2,26,0,0,0.991,0.45
2008,2,26,6,0,5.102,0.0116666666666667
2008,2,26,12,0,8.111,0
2008,2,26,18,0,5.074,0
2008,2,27,0,0,5.407,0
2008,2,27,6,0.4064,6.343,0.00166666666666667
2008,2,27,12,0.0508,8.361,0
2008,2,27,18,0,5.102,0
2008,2,28,0,0,4.907,0
2008,2,28,6,0,5.963,0
2008,2,28,12,0,9.685,0
2008,2,28,18,0,3.389,0.05
2008,2,29,0,0,5.398,0
2008,2,29,6,3.302,7.315,0
2008,2,29,12,9.2456,8.222,0
2008,2,29,18,6.604,5.389,0
2008,3,1,0,2.4384,3.269,0.0233333333333333
2008,3,1,6,3.2512,3.491,0.0383333333333333
2008,3,1,12,0.9906,6.685,0
2008,3,1,18,1.3462,4.639,0
2008,3,2,0,0.2032,3.148,0.045
2008,3,2,6,0,3.056,0.193333333333333
2008,3,2,12,0,5.343,0
2008,3,2,18,0,2.426,0.103333333333333
2008,3,3,0,0.0762,2.204,0.11
2008,3,3,6,5.6388,4.148,0.00666666666666667
2008,3,3,12,1.7018,5.694,0
2008,3,3,18,0.5842,2.565,0.0583333333333333
2008,3,4,0,0.2286,2.102,0.0883333333333333
2008,3,4,6,0,4.509,0.0133333333333333
2008,3,4,12,0,7.602,0
2008,3,4,18,0,0.472,0.71
2008,3,5,0,0,-2.38,0.998333333333333
2008,3,5,6,0,1.63,0.508333333333333
2008,3,5,12,0,8.204,0
2008,3,5,18,0,0.194,0.808333333333333
2008,3,6,0,0,-1.37,1
2008,3,6,6,0,3.519,0.413333333333333
2008,3,6,12,0,8.185,0
2008,3,6,18,0.0254,1.944,0.491666666666667
2008,3,7,0,1.4732,3.352,0.035
2008,3,7,6,0,4.676,0.0383333333333333
2008,3,7,12,0,9.037,0
2008,3,7,18,3.2004,6.306,0
2008,3,8,0,1.1176,3.852,0
2008,3,8,6,1.7526,6.574,0
2008,3,8,12,0.0508,8.75,0
2008,3,8,18,0,2.593,0.183333333333333
2008,3,9,0,0,1.37,0.478333333333333
2008,3,9,6,0,6.546,0.00166666666666667
2008,3,9,12,0,9.981,0
2008,3,9,18,0,5.12,0.0183333333333333
2008,3,10,0,3.4036,5.787,0
2008,3,10,6,9.4488,7.019,0
2008,3,10,12,3.3274,9.87,0
2008,3,10,18,3.7846,6.704,0
2008,3,11,0,1.524,4.463,0.00333333333333333
2008,3,11,6,8.4074,5.287,0
2008,3,11,12,1.1938,6.37,0
2008,3,11,18,0,3.5,0.0166666666666667
2008,3,12,0,0,-0.333,0.785
2008,3,12,6,0,2.102,0.413333333333333
2008,3,12,12,0,5.074,0.00166666666666667
2008,3,12,18,0,2.528,0.116666666666667
2008,3,13,0,0.0762,1.843,0.256666666666667
2008,3,13,6,0.381,3.407,0.106666666666667
2008,3,13,12,2.3876,4.917,0
2008,3,13,18,1.7018,2.889,0.0483333333333333
2008,3,14,0,1.6002,2.602,0.0566666666666667
2008,3,14,6,4.2926,3.926,0.00833333333333333
2008,3,14,12,2.3622,6.13,0
2008,3,14,18,0.9652,3.528,0.00833333333333333
2008,3,15,0,0.0762,2.565,0.07
2008,3,15,6,0.1524,3.852,0.015
2008,3,15,12,0.4826,5.704,0.00166666666666667
2008,3,15,18,0.635,2.019,0.148333333333333
2008,3,16,0,0.0508,1.704,0.223333333333333
2008,3,16,6,0,2.241,0.356666666666667
2008,3,16,12,0.254,5.111,0.00166666666666667
2008,3,16,18,5.6134,2.315,0.116666666666667
2008,3,17,0,4.9022,1.454,0.283333333333333
2008,3,17,6,1.3462,3.194,0.0733333333333333
2008,3,17,12,1.1684,5.843,0
2008,3,17,18,0.7366,3.889,0.0166666666666667
2008,3,18,0,0,2.454,0.0883333333333333
2008,3,18,6,0.5842,4.231,0.113333333333333
2008,3,18,12,0.4826,6.519,0
2008,3,18,18,0.1524,1.926,0.226666666666667
2008,3,19,0,0.1524,0.898,0.495
2008,3,19,6,0.254,3.463,0.0616666666666667
2008,3,19,12,0.9906,6.324,0
2008,3,19,18,6.096,2.204,0.148333333333333
2008,3,20,0,3.937,1.241,0.345
2008,3,20,6,0.2032,2.12,0.33
2008,3,20,12,0,6.546,0
2008,3,20,18,1.5494,3.657,0.0266666666666667
2008,3,21,0,2.1336,1.833,0.261666666666667
2008,3,21,6,0.8636,1.444,0.466666666666667
2008,3,21,12,0.5334,6.185,0
2008,3,21,18,0,0.537,0.673333333333333
2008,3,22,0,0,-0.546,0.94
2008,3,22,6,0,3.463,0.225
2008,3,22,12,0,8.435,0
2008,3,22,18,0,5.417,0.025
2008,3,23,0,2.4638,3.593,0.085
2008,3,23,6,8.636,5.38,0.00166666666666667
2008,3,23,12,3.8608,6.685,0
2008,3,23,18,0.4318,2.509,0.216666666666667
2008,3,24,0,0.6096,0.417,0.668333333333333
2008,3,24,6,0.0762,2.546,0.218333333333333
2008,3,24,12,0.0762,5.528,0.00833333333333333
2008,3,24,18,0,0.046,0.823333333333333
2008,3,25,0,0,-1.472,1
2008,3,25,6,0,3.074,0.305
2008,3,25,12,0.5842,5.611,0
2008,3,25,18,1.3716,2.139,0.236666666666667
2008,3,26,0,2.54,0.231,0.676666666666667
2008,3,26,6,4.2418,2.463,0.205
2008,3,26,12,0.381,5,0.0183333333333333
2008,3,26,18,1.5748,-0.231,0.851666666666667
2008,3,27,0,0.4064,-0.963,0.998333333333333
2008,3,27,6,1.8288,0.176,0.788333333333333
2008,3,27,12,1.27,2.843,0.18
2008,3,27,18,0.0508,-0.574,0.918333333333333
2008,3,28,0,0.0254,-1.917,1
2008,3,28,6,3.0988,0.13,0.751666666666667
2008,3,28,12,1.778,2.824,0.153333333333333
2008,3,28,18,0.635,-0.611,0.888333333333333
2008,3,29,0,0.7112,-0.75,0.885
2008,3,29,6,4.3688,1.324,0.398333333333333
2008,3,29,12,1.8288,3.148,0.0816666666666667
2008,3,29,18,1.2192,0.463,0.691666666666667
2008,3,30,0,0.1016,0.296,0.685
2008,3,30,6,0,2.528,0.12
2008,3,30,12,0,4.583,0.005
2008,3,30,18,0,-0.954,0.903333333333333
2008,3,31,0,0.4318,0.713,0.506666666666667
2008,3,31,6,0.6096,3.287,0.06
2008,3,31,12,0.6604,5.963,0
2008,3,31,18,0.0762,1.843,0.351666666666667
2008,4,1,0,0,-2.222,1
2008,4,1,6,0,2.074,0.41
2008,4,1,12,0,6.815,0
2008,4,1,18,0,0.213,0.785
2008,4,2,0,0,-3.259,1
2008,4,2,6,0,3.102,0.281666666666667
2008,4,2,12,0,8.037,0
2008,4,2,18,0,0.074,0.85
2008,4,3,0,0,-2.648,1
2008,4,3,6,0,3.287,0.268333333333333
2008,4,3,12,0,7.519,0
2008,4,3,18,0,0.88,0.723333333333333
2008,4,4,0,0.0762,2.167,0.298333333333333
2008,4,4,6,2.032,7.454,0
2008,4,4,12,0.4826,7.315,0
2008,4,4,18,0,3.009,0.0566666666666667
2008,4,5,0,0.0762,2.435,0.0716666666666667
2008,4,5,6,0,4.88,0
2008,4,5,12,0,7.481,0
2008,4,5,18,0.1016,3.296,0.0433333333333333
2008,4,6,0,1.4732,3.389,0.0116666666666667
2008,4,6,6,2.159,4.991,0
2008,4,6,12,0.4572,8.222,0
2008,4,6,18,2.667,3.194,0.0316666666666667
2008,4,7,0,0.127,2.676,0.0383333333333333
2008,4,7,6,1.778,5.037,0
2008,4,7,12,0.0254,7.796,0
2008,4,7,18,0.7366,3.38,0.015
2008,4,8,0,1.016,1.954,0.168333333333333
2008,4,8,6,2.032,3.843,0.0583333333333333
2008,4,8,12,1.9304,7.296,0
2008,4,8,18,0.2032,2.917,0.118333333333333
2008,4,9,0,0.0508,0.574,0.631666666666667
2008,4,9,6,0.0254,4.574,0.015
2008,4,9,12,0.0762,7.954,0
2008,4,9,18,0.762,1.991,0.276666666666667
2008,4,10,0,1.0922,1.815,0.163333333333333
2008,4,10,6,0.762,4.944,0.015
2008,4,10,12,0.0254,9.546,0
2008,4,10,18,0,3.111,0.0583333333333333
2008,4,11,0,0.0254,2.907,0.0416666666666667
2008,4,11,6,0,8.407,0
2008,4,11,12,0,12.269,0
2008,4,11,18,0,6.435,0.00833333333333333
2008,4,12,0,0,6.028,0.005
2008,4,12,6,0,10.472,0
2008,4,12,12,0,15.435,0
2008,4,12,18,0,8.926,0
2008,4,13,0,0,5.63,0
2008,4,13,6,0,8.111,0
2008,4,13,12,0,10.148,0
2008,4,13,18,0.0508,4.787,0.00666666666666667
2008,4,14,0,0.2032,3.398,0.0233333333333333
2008,4,14,6,0.3302,7.046,0
2008,4,14,12,0.3556,7.204,0
2008,4,14,18,0.1524,4.278,0.00333333333333333
2008,4,15,0,1.4986,3.056,0.045
2008,4,15,6,4.318,4.176,0.005
2008,4,15,12,1.8288,6.759,0
2008,4,15,18,0.0254,3.63,0.005
2008,4,16,0,0.0254,3.056,0.015
2008,4,16,6,0,6.157,0
2008,4,16,12,0,8.981,0
2008,4,16,18,0,5.074,0
2008,4,17,0,0,4.157,0.00166666666666667
2008,4,17,6,0,6.676,0
2008,4,17,12,0,8.528,0
2008,4,17,18,0,4.324,0.00333333333333333
2008,4,18,0,0.2286,2.25,0.161666666666667
2008,4,18,6,1.9304,3.213,0.065
2008,4,18,12,2.794,4.269,0.0566666666666667
2008,4,18,18,0.3048,0.593,0.688333333333333
2008,4,19,0,0.8128,-0.315,0.866666666666667
2008,4,19,6,0.0254,1.435,0.438333333333333
2008,4,19,12,0.6858,4.852,0.0283333333333333
2008,4,19,18,0.0508,0.398,0.725
2008,4,20,0,0.0762,-1.222,0.996666666666667
2008,4,20,6,0.2286,3.037,0.301666666666667
2008,4,20,12,0,6.731,0
2008,4,20,18,0,0.509,0.665
2008,4,21,0,0,-1.944,0.99
2008,4,21,6,0,3.759,0.2
2008,4,21,12,0.0254,9.102,0
2008,4,21,18,0.0762,0.741,0.695
2008,4,22,0,0.0508,-2.093,0.998333333333333
2008,4,22,6,0,5.231,0.113333333333333
2008,4,22,12,0,9.889,0
2008,4,22,18,0,3.787,0.223333333333333
2008,4,23,0,0.0508,3.352,0.138333333333333
2008,4,23,6,0.7112,6.528,0.00166666666666667
2008,4,23,12,0.127,9.213,0
2008,4,23,18,0.0508,5.824,0
2008,4,24,0,0.2794,4.306,0.00166666666666667
2008,4,24,6,0.4826,5.796,0
2008,4,24,12,0.5334,8.306,0
2008,4,24,18,0.2032,3.398,0.0633333333333333
2008,4,25,0,0,1.176,0.445
2008,4,25,6,0,3.787,0.155
2008,4,25,12,0,11.759,0
2008,4,25,18,0,3.296,0.36
2008,4,26,0,0,-0.296,0.93
2008,4,26,6,0,7.444,0.0283333333333333
2008,4,26,12,0,13.556,0
2008,4,26,18,0,6.269,0.0816666666666667
2008,4,27,0,0,5.417,0.0433333333333333
2008,4,27,6,0,11.194,0
2008,4,27,12,0.254,12.741,0
2008,4,27,18,0.0762,6.722,0
2008,4,28,0,0.762,6.028,0
2008,4,28,6,2.4384,9.38,0
2008,4,28,12,1.7018,10.898,0
2008,4,28,18,10.3378,6.565,0
2008,4,29,0,16.3068,3.574,0.0533333333333333
2008,4,29,6,2.0828,5.083,0.02
2008,4,29,12,1.0668,8.537,0
2008,4,29,18,2.7686,3.435,0.115
2008,4,30,0,2.667,2.5,0.165
2008,4,30,6,0.4572,5.231,0.0133333333333333
2008,4,30,12,0.6604,9.019,0
2008,4,30,18,0.6604,6.083,0
2008,5,1,0,0.2794,3.62,0.0233333333333333
2008,5,1,6,0,7.231,0
2008,5,1,12,0,11.111,0
2008,5,1,18,0,4.417,0.113333333333333
2008,5,2,0,0,2.389,0.276666666666667
2008,5,2,6,0,8.833,0
2008,5,2,12,0.0254,11.167,0
2008,5,2,18,0.0254,6.435,0
2008,5,3,0,0.2794,5.528,0
2008,5,3,6,1.8542,8.139,0
2008,5,3,12,0.9906,11.991,0
2008,5,3,18,0,7.491,0
2008,5,4,0,0,4.824,0
2008,5,4,6,0,9.926,0
2008,5,4,12,0,14.287,0
2008,5,4,18,0,6.991,0
2008,5,5,0,0,4.537,0
2008,5,5,6,0,9.852,0
2008,5,5,12,0,13.5,0
2008,5,5,18,0,7.037,0
2008,5,6,0,0,4.713,0
2008,5,6,6,0,8.556,0
2008,5,6,12,0,11.574,0
2008,5,6,18,0,7.065,0
2008,5,7,0,0,5.583,0
2008,5,7,6,0,7.935,0
2008,5,7,12,0,10.583,0
2008,5,7,18,0,6.38,0
2008,5,8,0,0,4.231,0.00333333333333333
2008,5,8,6,0,6.972,0
2008,5,8,12,0.0254,10.602,0
2008,5,8,18,0,3.741,0.13
2008,5,9,0,0,1.648,0.28
2008,5,9,6,0,6.056,0.00166666666666667
2008,5,9,12,0,10.75,0
2008,5,9,18,0,5.935,0.00166666666666667
2008,5,10,0,0,5.991,0
2008,5,10,6,0.1524,8.157,0
2008,5,10,12,0.1016,10.796,0
2008,5,10,18,4.7244,7.907,0
2008,5,11,0,2.2606,5.444,0
2008,5,11,6,0.4826,5.852,0
2008,5,11,12,0.127,10.343,0
2008,5,11,18,0.0254,7.139,0
2008,5,12,0,0,4.139,0.00166666666666667
2008,5,12,6,0,6.713,0
2008,5,12,12,0,10.741,0
2008,5,12,18,0,7.806,0
2008,5,13,0,0.0254,6.713,0
2008,5,13,6,5.5626,8.519,0
2008,5,13,12,7.4422,10.583,0
2008,5,13,18,4.5466,8.787,0
2008,5,14,0,2.7686,9.63,0
2008,5,14,6,3.3274,11.491,0
2008,5,14,12,1.9558,14.324,0
2008,5,14,18,0.9906,10.343,0
2008,5,15,0,1.6256,7.676,0
2008,5,15,6,0,13.889,0
2008,5,15,12,0,21.176,0
2008,5,15,18,0,11.991,0
2008,5,16,0,0,7.889,0
2008,5,16,6,0,17.407,0
2008,5,16,12,0,25.139,0
2008,5,16,18,0,14.296,0
2008,5,17,0,0,9.926,0
2008,5,17,6,0,19.565,0
2008,5,17,12,0,24.046,0
2008,5,17,18,0,15.38,0
2008,5,18,0,0,10.981,0
2008,5,18,6,0,15.63,0
2008,5,18,12,0,18.981,0
2008,5,18,18,0,13.454,0
2008,5,19,0,0,11.019,0
2008,5,19,6,0.254,12.88,0
2008,5,19,12,3.302,15.13,0
2008,5,19,18,1.8796,12.083,0
2008,5,20,0,3.937,9.528,0
2008,5,20,6,12.1158,10.954,0
2008,5,20,12,0.9144,12.713,0
2008,5,20,18,0.4064,8.472,0
2008,5,21,0,0.4826,7.25,0
2008,5,21,6,1.6256,9.889,0
2008,5,21,12,1.5748,12.287,0
2008,5,21,18,1.3462,8.769,0
2008,5,22,0,0.1778,7.194,0
2008,5,22,6,0,9.37,0
2008,5,22,12,0,14.519,0
2008,5,22,18,0,7.398,0
2008,5,23,0,0,6.389,0
2008,5,23,6,0,12.009,0
2008,5,23,12,0,17.88,0
2008,5,23,18,0,11.574,0
2008,5,24,0,0,8.306,0
2008,5,24,6,0,14.38,0
2008,5,24,12,0,20.741,0
2008,5,24,18,0.0254,14.361,0
2008,5,25,0,0.127,11.574,0
2008,5,25,6,0,16.352,0
2008,5,25,12,0.3048,18.667,0
2008,5,25,18,0.4064,13.602,0
2008,5,26,0,0.0254,10.565,0
2008,5,26,6,0.254,13.444,0
2008,5,26,12,0.127,17.833,0
2008,5,26,18,0.2032,13.352,0
2008,5,27,0,0.1524,10.454,0
2008,5,27,6,0,14.852,0
2008,5,27,12,0,18.426,0
2008,5,27,18,0,13.093,0
2008,5,28,0,0.0254,9.694,0
2008,5,28,6,0,13.185,0
2008,5,28,12,0,15.787,0
2008,5,28,18,0.5588,10.639,0
2008,5,29,0,0.254,7.63,0
2008,5,29,6,0,10.824,0
2008,5,29,12,0,14.444,0
2008,5,29,18,0,8.528,0
2008,5,30,0,0,4.796,0
2008,5,30,6,0,9.722,0
2008,5,30,12,0,16.028,0
2008,5,30,18,0,8.12,0.00166666666666667
2008,5,31,0,0.0508,3.62,0.0433333333333333
2008,5,31,6,0.1778,11.361,0
2008,5,31,12,0,15.38,0
2008,5,31,18,0.8636,9.731,0
2008,6,1,0,1.397,8.269,0
2008,6,1,6,0,11.241,0
2008,6,1,12,0,13.389,0
2008,6,1,18,0,10.111,0
2008,6,2,0,0.0508,8.417,0
2008,6,2,6,0,9.769,0
2008,6,2,12,0,12.565,0
2008,6,2,18,0.127,9.889,0
2008,6,3,0,3.3528,8.306,0
2008,6,3,6,15.6972,10.37,0
2008,6,3,12,11.7856,11.278,0
2008,6,3,18,5.715,8.731,0
2008,6,4,0,10.3378,7.472,0
2008,6,4,6,2.1844,8.861,0
2008,6,4,12,0,10.898,0
2008,6,4,18,0.127,8.556,0
2008,6,5,0,0.254,7.231,0
2008,6,5,6,7.1628,9.667,0
2008,6,5,12,5.3594,10.269,0
2008,6,5,18,3.1496,8.593,0
2008,6,6,0,5.7658,7.361,0
2008,6,6,6,2.6924,9.639,0
2008,6,6,12,0.3302,11.426,0
2008,6,6,18,0.4572,9,0
2008,6,7,0,0.889,8.333,0
2008,6,7,6,0.8128,10.241,0
2008,6,7,12,0.0762,12.481,0
2008,6,7,18,0.1016,9,0
2008,6,8,0,0.4064,6.722,0
2008,6,8,6,0,9.361,0
2008,6,8,12,0,12.259,0
2008,6,8,18,0,7.935,0
2008,6,9,0,0,6.167,0
2008,6,9,6,6.223,9.028,0
2008,6,9,12,4.318,10.407,0
2008,6,9,18,6.8834,6.315,0
2008,6,10,0,0.0508,4.509,0
2008,6,10,6,0.127,6.843,0
2008,6,10,12,0,10.324,0
2008,6,10,18,0.2286,8.333,0
2008,6,11,0,0.8382,7.759,0
2008,6,11,6,0.6604,10.093,0
2008,6,11,12,0.0508,13.241,0
2008,6,11,18,0,10.417,0
2008,6,12,0,0.508,8.62,0
2008,6,12,6,0,12.037,0
2008,6,12,12,0,15.37,0
2008,6,12,18,0,10.787,0
2008,6,13,0,0.3048,8.62,0
2008,6,13,6,0,12.148,0
2008,6,13,12,0.0762,15.87,0
2008,6,13,18,0.0762,10.324,0
2008,6,14,0,0.4064,5.889,0
2008,6,14,6,0,11.333,0
2008,6,14,12,0,16.898,0
2008,6,14,18,0,10.102,0
2008,6,15,0,0,5.231,0
2008,6,15,6,0,12.741,0
2008,6,15,12,0,18.37,0
2008,6,15,18,0,11.398,0
2008,6,16,0,0,5.861,0
2008,6,16,6,0,12.852,0
2008,6,16,12,0,16.435,0
2008,6,16,18,0,11.065,0
2008,6,17,0,0,7.972,0
2008,6,17,6,0,11.509,0
2008,6,17,12,0,13.889,0
2008,6,17,18,0,9.926,0
2008,6,18,0,0,7.296,0
2008,6,18,6,0,11.361,0
2008,6,18,12,0,15.185,0
2008,6,18,18,0,9.787,0
2008,6,19,0,0,6.454,0
2008,6,19,6,0,13.556,0
2008,6,19,12,0,19.009,0
2008,6,19,18,0,12.565,0
2008,6,20,0,0,9.565,0
2008,6,20,6,0,16.231,0
2008,6,20,12,0,20.546,0
2008,6,20,18,0,13.88,0
2008,6,21,0,0,10.287,0
2008,6,21,6,0,15.565,0
2008,6,21,12,0,18.5,0
2008,6,21,18,0,13.056,0
2008,6,22,0,0,8.944,0
2008,6,22,6,0,11.954,0
2008,6,22,12,0,16.37,0
2008,6,22,18,0,9.574,0
2008,6,23,0,0,4.741,0.0183333333333333
2008,6,23,6,0,12.407,0
2008,6,23,12,0,16.954,0
2008,6,23,18,0,10.5,0
2008,6,24,0,0,7.185,0
2008,6,24,6,0,12.741,0
2008,6,24,12,0,18.519,0
2008,6,24,18,0,11.63,0
2008,6,25,0,0,6.398,0
2008,6,25,6,0,12.954,0
2008,6,25,12,0,16.87,0
2008,6,25,18,0,11.426,0
2008,6,26,0,0,8.537,0
2008,6,26,6,0,14.75,0
2008,6,26,12,0,18.602,0
2008,6,26,18,0,11.907,0
2008,6,27,0,0,6.991,0
2008,6,27,6,0,14.769,0
2008,6,27,12,0,23.778,0
2008,6,27,18,0,14.907,0
2008,6,28,0,0,9.565,0
2008,6,28,6,0,19.241,0
2008,6,28,12,0,27.185,0
2008,6,28,18,0,16.759,0
2008,6,29,0,0,12.593,0
2008,6,29,6,0,20.806,0
2008,6,29,12,0,26.741,0
2008,6,29,18,0,19.389,0
2008,6,30,0,0,15.009,0
2008,6,30,6,0,19.694,0
2008,6,30,12,0,23.361,0
2008,6,30,18,0,17.407,0
2008,7,1,0,0,13.352,0
2008,7,1,6,0,17.481,0
2008,7,1,12,0,24.083,0
2008,7,1,18,0,16.306,0
2008,7,2,0,0,11.296,0
2008,7,2,6,0,17.306,0
2008,7,2,12,0,22.093,0
2008,7,2,18,0.4318,16.593,0
2008,7,3,0,0.2032,13.324,0
2008,7,3,6,8.8646,17.648,0
2008,7,3,12,2.0574,19.62,0
2008,7,3,18,0,16.343,0
2008,7,4,0,0.0254,13.833,0
2008,7,4,6,0,16.352,0
2008,7,4,12,0,19.389,0
2008,7,4,18,0,15.407,0
2008,7,5,0,0,12.963,0
2008,7,5,6,1.4986,16.667,0
2008,7,5,12,3.0734,19.148,0
2008,7,5,18,2.032,15.657,0
2008,7,6,0,0.127,12.417,0
2008,7,6,6,0,15.722,0
2008,7,6,12,0,20.037,0
2008,7,6,18,0,13.898,0
2008,7,7,0,0,8.824,0
2008,7,7,6,0,15.722,0
2008,7,7,12,0,21.778,0
2008,7,7,18,0,14.704,0
2008,7,8,0,0,9.083,0
2008,7,8,6,0,17.343,0
2008,7,8,12,0,22.981,0
2008,7,8,18,0,16.102,0
2008,7,9,0,0,10.907,0
2008,7,9,6,0,16.824,0
2008,7,9,12,0,20.759,0
2008,7,9,18,0,15.074,0
2008,7,10,0,0,10.204,0
2008,7,10,6,0,15.157,0
2008,7,10,12,0,20.963,0
2008,7,10,18,0,13.213,0
2008,7,11,0,0,6.88,0
2008,7,11,6,0,16.176,0
2008,7,11,12,0,23.759,0
2008,7,11,18,0,15.306,0
2008,7,12,0,0,8.769,0
2008,7,12,6,0,19.333,0
2008,7,12,12,0,24.537,0
2008,7,12,18,0,15.139,0
2008,7,13,0,0,10.111,0
2008,7,13,6,0,17.676,0
2008,7,13,12,0,23.074,0
2008,7,13,18,0,14.676,0
2008,7,14,0,0,9.389,0
2008,7,14,6,0,17,0
2008,7,14,12,0,22.491,0
2008,7,14,18,0,14.352,0
2008,7,15,0,0,8.556,0
2008,7,15,6,0,17.435,0
2008,7,15,12,0,22.769,0
2008,7,15,18,0,15.037,0
2008,7,16,0,0,9.824,0
2008,7,16,6,0,16.176,0
2008,7,16,12,0,20.935,0
2008,7,16,18,0,14.435,0
2008,7,17,0,0,9.833,0
2008,7,17,6,0,15.759,0
2008,7,17,12,0,19.509,0
2008,7,17,18,0,14.157,0
2008,7,18,0,0,10.426,0
2008,7,18,6,0,14.565,0
2008,7,18,12,0,19.861,0
2008,7,18,18,0,14.315,0
2008,7,19,0,0,9.574,0
2008,7,19,6,0,15.741,0
2008,7,19,12,0,21.222,0
2008,7,19,18,0,14.102,0
2008,7,20,0,0,8.815,0
2008,7,20,6,0,16.241,0
2008,7,20,12,0,21.75,0
2008,7,20,18,0,14.972,0
2008,7,21,0,0,10.231,0
2008,7,21,6,0,16.574,0
2008,7,21,12,0,20.222,0
2008,7,21,18,0,14.843,0
2008,7,22,0,0,11.713,0
2008,7,22,6,0,15.667,0
2008,7,22,12,0,17.796,0
2008,7,22,18,0,14.611,0
2008,7,23,0,0,12.426,0
2008,7,23,6,0,15.463,0
2008,7,23,12,0,19.213,0
2008,7,23,18,0,14.065,0
2008,7,24,0,0,10.454,0
2008,7,24,6,0,16.25,0
2008,7,24,12,0,21.259,0
2008,7,24,18,0,14.917,0
2008,7,25,0,0,10.75,0
2008,7,25,6,0,16.889,0
2008,7,25,12,0,20.481,0
2008,7,25,18,0,14.463,0
2008,7,26,0,0,11.037,0
2008,7,26,6,0,16.833,0
2008,7,26,12,0,20.194,0
2008,7,26,18,0,15.213,0
2008,7,27,0,0,12.935,0
2008,7,27,6,0,16.981,0
2008,7,27,12,0,20.13,0
2008,7,27,18,0,13.787,0
2008,7,28,0,0,7.87,0
2008,7,28,6,0,13.306,0
2008,7,28,12,0,18.88,0
2008,7,28,18,0,14.944,0
2008,7,29,0,0,13.176,0
2008,7,29,6,4.6736,14.63,0
2008,7,29,12,2.3876,15.296,0
2008,7,29,18,1.5494,13.139,0
2008,7,30,0,0.254,11.241,0
2008,7,30,6,0,12.657,0
2008,7,30,12,0,15.37,0
2008,7,30,18,0,11.361,0
2008,7,31,0,0,9.12,0
2008,7,31,6,0,14.167,0
2008,7,31,12,4.3688,16.472,0
2008,7,31,18,4.2164,12.63,0
2008,8,1,0,0.6604,11.796,0
2008,8,1,6,0.9906,13.75,0
2008,8,1,12,0.9652,18.019,0
2008,8,1,18,1.9812,14.537,0
2008,8,2,0,1.6764,12.019,0
2008,8,2,6,0.5334,15.194,0
2008,8,2,12,0,18.981,0
2008,8,2,18,0.127,13.278,0
2008,8,3,0,0.0254,8.611,0
2008,8,3,6,0,15.537,0
2008,8,3,12,0,22.324,0
2008,8,3,18,0,14.593,0
2008,8,4,0,0,9.731,0
2008,8,4,6,0,18.769,0
2008,8,4,12,0,25.889,0
2008,8,4,18,0,16.806,0
2008,8,5,0,0,11.333,0
2008,8,5,6,0,20.139,0
2008,8,5,12,0,27.167,0
2008,8,5,18,0,17.704,0
2008,8,6,0,0,12.481,0
2008,8,6,6,0,21.435,0
2008,8,6,12,0,25.657,0
2008,8,6,18,0,18.694,0
2008,8,7,0,0,13.352,0
2008,8,7,6,0,18.056,0
2008,8,7,12,0,21.88,0
2008,8,7,18,0,15.833,0
2008,8,8,0,0,11.833,0
2008,8,8,6,0,15.75,0
2008,8,8,12,0,19.833,0
2008,8,8,18,0,15.861,0
2008,8,9,0,0,13.287,0
2008,8,9,6,1.1684,14.306,0
2008,8,9,12,4.6736,16.778,0
2008,8,9,18,8.636,14.222,0
2008,8,10,0,3.8608,12.639,0
2008,8,10,6,2.4892,14.685,0
2008,8,10,12,0.4064,18.694,0
2008,8,10,18,0,13.5,0
2008,8,11,0,0.2032,9.713,0
2008,8,11,6,0,16.306,0
2008,8,11,12,0,22.083,0
2008,8,11,18,0,14.889,0
2008,8,12,0,0,10.426,0
2008,8,12,6,0,19.176,0
2008,8,12,12,0,24.139,0
2008,8,12,18,0,16.463,0
2008,8,13,0,0,12.815,0
2008,8,13,6,0,19.991,0
2008,8,13,12,0,26.028,0
2008,8,13,18,0,17.935,0
2008,8,14,0,0,14.12,0
2008,8,14,6,0,21.528,0
2008,8,14,12,0,27.5,0
2008,8,14,18,0,19.185,0
2008,8,15,0,0,14.898,0
2008,8,15,6,0,23.176,0
2008,8,15,12,0,28.741,0
2008,8,15,18,0,21.028,0
2008,8,16,0,0,15.935,0
2008,8,16,6,0,22.907,0
2008,8,16,12,0,27.491,0
2008,8,16,18,0,19.778,0
2008,8,17,0,0,15.491,0
2008,8,17,6,0,20.824,0
2008,8,17,12,0,23.481,0
2008,8,17,18,0,18.306,0
2008,8,18,0,0.1016,16.111,0
2008,8,18,6,0.254,19.62,0
2008,8,18,12,1.016,19.713,0
2008,8,18,18,0.5842,16.537,0
2008,8,19,0,2.794,14.657,0
2008,8,19,6,0.4572,15.991,0
2008,8,19,12,0.0762,17.287,0
2008,8,19,18,6.8072,15.426,0
2008,8,20,0,3.6068,15.102,0
2008,8,20,6,0.7874,16.62,0
2008,8,20,12,7.3914,17.111,0
2008,8,20,18,16.9926,13.676,0
2008,8,21,0,20.9042,12.917,0
2008,8,21,6,9.5758,15.019,0
2008,8,21,12,0.1016,18.648,0
2008,8,21,18,1.1938,13.667,0
2008,8,22,0,1.397,10.972,0
2008,8,22,6,0,17.259,0
2008,8,22,12,0,21.5,0
2008,8,22,18,0,15.454,0
2008,8,23,0,0,12.972,0
2008,8,23,6,0,17.639,0
2008,8,23,12,0,21.556,0
2008,8,23,18,0,15.852,0
2008,8,24,0,0,13.926,0
2008,8,24,6,2.5654,17.685,0
2008,8,24,12,15.1892,17.731,0
2008,8,24,18,1.016,14.769,0
2008,8,25,0,0.0762,12.278,0
2008,8,25,6,0,15.083,0
2008,8,25,12,0.0254,17.454,0
2008,8,25,18,0.3048,13.324,0
2008,8,26,0,0.2286,11.519,0
2008,8,26,6,0,14.713,0
2008,8,26,12,0,17.426,0
2008,8,26,18,10.6934,13.815,0
2008,8,27,0,1.1176,11.37,0
2008,8,27,6,2.3876,14.037,0
2008,8,27,12,0.6096,16.056,0
2008,8,27,18,0,13.037,0
2008,8,28,0,1.0668,12.491,0
2008,8,28,6,5.9436,14.13,0
2008,8,28,12,1.143,17.074,0
2008,8,28,18,1.143,15.259,0
2008,8,29,0,5.334,15.093,0
2008,8,29,6,3.2004,16.676,0
2008,8,29,12,5.0038,17.296,0
2008,8,29,18,0.1778,13.87,0
2008,8,30,0,0.0508,10.093,0
2008,8,30,6,0,13.333,0
2008,8,30,12,0,16.454,0
2008,8,30,18,0,10.444,0
2008,8,31,0,0,7.87,0
2008,8,31,6,0,12.704,0
2008,8,31,12,0.0762,15.741,0
2008,8,31,18,0.254,9.833,0
2008,9,1,0,0.2032,7.324,0
2008,9,1,6,0,11.537,0
2008,9,1,12,0,15.88,0
2008,9,1,18,0,8.907,0
2008,9,2,0,0,6.806,0
2008,9,2,6,0,13.426,0
2008,9,2,12,0,16.667,0
2008,9,2,18,0,10.222,0
2008,9,3,0,0,7.509,0
2008,9,3,6,0,13.287,0
2008,9,3,12,0,17.935,0
2008,9,3,18,0,9.694,0
2008,9,4,0,0,7.667,0
2008,9,4,6,0,13.167,0
2008,9,4,12,0,17.556,0
2008,9,4,18,0,10.759,0
2008,9,5,0,0,9.454,0
2008,9,5,6,0,15.093,0
2008,9,5,12,0,18.556,0
2008,9,5,18,0,13.639,0
2008,9,6,0,0,12.213,0
2008,9,6,6,0,16.463,0
2008,9,6,12,0,21.241,0
2008,9,6,18,0,13.37,0
2008,9,7,0,0,9.778,0
2008,9,7,6,0,15.204,0
2008,9,7,12,0,21.519,0
2008,9,7,18,0,11.87,0
2008,9,8,0,0,8.241,0
2008,9,8,6,0,15,0
2008,9,8,12,0,18.926,0
2008,9,8,18,0,11.324,0
2008,9,9,0,0,8.815,0
2008,9,9,6,0,14.759,0
2008,9,9,12,0,19.13,0
2008,9,9,18,0,11.157,0
2008,9,10,0,0,6.852,0
2008,9,10,6,0,13.454,0
2008,9,10,12,0,20.417,0
2008,9,10,18,0,10.63,0
2008,9,11,0,0,7.194,0
2008,9,11,6,0,14.426,0
2008,9,11,12,0,20.074,0
2008,9,11,18,0,11.343,0
2008,9,12,0,0,8.056,0
2008,9,12,6,0,14.324,0
2008,9,12,12,0,20.454,0
2008,9,12,18,0,11.333,0
2008,9,13,0,0,7.472,0
2008,9,13,6,0,13.685,0
2008,9,13,12,0,21.259,0
2008,9,13,18,0,10.12,0
2008,9,14,0,0,6.778,0
2008,9,14,6,0,14.5,0
2008,9,14,12,0,22.426,0
2008,9,14,18,0,11.815,0
2008,9,15,0,0,7.769,0
2008,9,15,6,0,15.519,0
2008,9,15,12,0,22.843,0
2008,9,15,18,0,11.389,0
2008,9,16,0,0,7.852,0
2008,9,16,6,0,14.352,0
2008,9,16,12,0,21.074,0
2008,9,16,18,0,11.991,0
2008,9,17,0,0,9.056,0
2008,9,17,6,0,13.546,0
2008,9,17,12,0,18.213,0
2008,9,17,18,0,11.981,0
2008,9,18,0,0,8.935,0
2008,9,18,6,0,12.407,0
2008,9,18,12,0,16.519,0
2008,9,18,18,0,10.685,0
2008,9,19,0,0,9.426,0
2008,9,19,6,0,12.704,0
2008,9,19,12,0,17.194,0
2008,9,19,18,0,11.694,0
2008,9,20,0,0.0508,10.778,0
2008,9,20,6,1.1938,12.083,0
2008,9,20,12,6.8834,13.5,0
2008,9,20,18,10.0838,11.454,0
2008,9,21,0,1.3462,11.417,0
2008,9,21,6,0.0762,12.889,0
2008,9,21,12,0.0254,14.556,0
2008,9,21,18,0.4826,11.398,0
2008,9,22,0,0.5334,9.102,0
2008,9,22,6,2.5654,9.954,0
2008,9,22,12,0,13.611,0
2008,9,22,18,1.27,6.889,0
2008,9,23,0,1.4732,4.407,0
2008,9,23,6,0,8.38,0
2008,9,23,12,0,13,0
2008,9,23,18,0,9.75,0
2008,9,24,0,0,9.546,0
2008,9,24,6,0.1778,11.454,0
2008,9,24,12,1.9304,11.083,0
2008,9,24,18,0,10.315,0
2008,9,25,0,0,10.926,0
2008,9,25,6,2.0574,11.741,0
2008,9,25,12,0.8636,14.667,0
2008,9,25,18,0.0508,11.231,0
2008,9,26,0,0.2032,9.657,0
2008,9,26,6,0,13.306,0
2008,9,26,12,0,16.741,0
2008,9,26,18,0,12.074,0
2008,9,27,0,0,11.213,0
2008,9,27,6,0,13.824,0
2008,9,27,12,0,17.546,0
2008,9,27,18,0,10.639,0
2008,9,28,0,0,7.731,0
2008,9,28,6,0,13.037,0
2008,9,28,12,0,19.583,0
2008,9,28,18,0,10.398,0
2008,9,29,0,0,7.176,0
2008,9,29,6,0,12.315,0
2008,9,29,12,0,19.852,0
2008,9,29,18,0,10.426,0
2008,9,30,0,0,7.889,0
2008,9,30,6,0,12.528,0
2008,9,30,12,0,18.426,0
2008,9,30,18,0,11.88,0
2008,10,1,0,0,9.009,0
2008,10,1,6,0,11.926,0
2008,10,1,12,0,18.25,0
2008,10,1,18,0,12.907,0
2008,10,2,0,0,11.241,0
2008,10,2,6,0,14.306,0
2008,10,2,12,0.1524,15.111,0
2008,10,2,18,0.0508,12.88,0
2008,10,3,0,0,11.704,0
2008,10,3,6,0.7112,13.019,0
2008,10,3,12,4.0386,14.472,0
2008,10,3,18,3.0988,12.639,0
2008,10,4,0,1.4986,12.88,0
2008,10,4,6,2.1082,13.444,0
2008,10,4,12,9.652,13.907,0
2008,10,4,18,1.524,10.426,0
2008,10,5,0,0.2032,7.898,0
2008,10,5,6,0,8.917,0
2008,10,5,12,0,11.389,0
2008,10,5,18,0,7.954,0
2008,10,6,0,0.1016,7.065,0
2008,10,6,6,0.0762,10.463,0
2008,10,6,12,4.5466,13.185,0
2008,10,6,18,14.732,10.648,0
2008,10,7,0,1.905,9.352,0
2008,10,7,6,1.27,8.63,0
2008,10,7,12,0.2286,10.935,0
2008,10,7,18,0.7366,6.972,0
2008,10,8,0,0.6858,3.991,0.00333333333333333
2008,10,8,6,0,5.787,0.0116666666666667
2008,10,8,12,0,10.204,0
2008,10,8,18,0,3.611,0.0383333333333333
2008,10,9,0,0,1.222,0.55
2008,10,9,6,0,5.796,0.055
2008,10,9,12,0,10.417,0
2008,10,9,18,0,1.472,0.458333333333333
2008,10,10,0,0,0.13,0.913333333333333
2008,10,10,6,0,5.056,0.225
2008,10,10,12,0,11.417,0
2008,10,10,18,0,2.111,0.57
2008,10,11,0,0,-0.167,0.99
2008,10,11,6,0,5.407,0.325
2008,10,11,12,0,11.88,0
2008,10,11,18,0,5.139,0.03
2008,10,12,0,0,4.639,0.00166666666666667
2008,10,12,6,0,7.676,0
2008,10,12,12,0,11.426,0
2008,10,12,18,0,7.444,0
2008,10,13,0,0.7366,7.352,0
2008,10,13,6,4.7752,9.019,0
2008,10,13,12,15.0622,11.148,0
2008,10,13,18,12.9794,7.472,0
2008,10,14,0,2.2606,4.046,0.00333333333333333
2008,10,14,6,0,4.954,0.01
2008,10,14,12,0,9.731,0
2008,10,14,18,0,2.037,0.363333333333333
2008,10,15,0,0,0.639,0.8
2008,10,15,6,0,4.148,0.33
2008,10,15,12,0,8.907,0
2008,10,15,18,3.8608,4.407,0
2008,10,16,0,0.9906,4.13,0
2008,10,16,6,0.1016,6.667,0
2008,10,16,12,1.2192,10.778,0
2008,10,16,18,3.302,8.13,0
2008,10,17,0,1.1684,8.602,0
2008,10,17,6,1.7272,9.917,0
2008,10,17,12,6.731,11.824,0
2008,10,17,18,2.1844,8.704,0
2008,10,18,0,0.762,5.278,0
2008,10,18,6,0,6.528,0
2008,10,18,12,0,9.88,0
2008,10,18,18,0,1.861,0.395
2008,10,19,0,0,0.093,0.89
2008,10,19,6,0,4.546,0.271666666666667
2008,10,19,12,0,10.25,0
2008,10,19,18,0,5.241,0
2008,10,20,0,0.0254,4.296,0
2008,10,20,6,4.5212,8,0
2008,10,20,12,0.9906,9.472,0
2008,10,20,18,0.1524,3.722,0.00333333333333333
2008,10,21,0,0,2.194,0.0483333333333333
2008,10,21,6,0,5.13,0.035
2008,10,21,12,0,10.324,0
2008,10,21,18,0,4.306,0
2008,10,22,0,0,4.454,0
2008,10,22,6,0,7.185,0
2008,10,22,12,0,11.648,0
2008,10,22,18,0,7.676,0
2008,10,23,0,0.6096,6.315,0
2008,10,23,6,0,6.296,0
2008,10,23,12,0,8.972,0
2008,10,23,18,0,3.222,0.01
2008,10,24,0,0,2.778,0.00833333333333333
2008,10,24,6,0,6.981,0
2008,10,24,12,0.4826,8.889,0
2008,10,24,18,1.397,5.519,0
2008,10,25,0,0.508,4.907,0
2008,10,25,6,0,5.778,0.00333333333333333
2008,10,25,12,0,10.176,0
2008,10,25,18,0,3.056,0.118333333333333
2008,10,26,0,0,1.657,0.518333333333333
2008,10,26,6,0,5.5,0.316666666666667
2008,10,26,12,0,11.25,0
2008,10,26,18,0,3.111,0.596666666666667
2008,10,27,0,0,1.019,0.98
2008,10,27,6,0,5.407,0.37
2008,10,27,12,0,11.343,0
2008,10,27,18,0,4.648,0.186666666666667
2008,10,28,0,0,2.315,0.796666666666667
2008,10,28,6,0,5.269,0.36
2008,10,28,12,0,11.38,0
2008,10,28,18,0,4.185,0.00833333333333333
2008,10,29,0,0,2.954,0
2008,10,29,6,0,6.463,0
2008,10,29,12,0,10.444,0
2008,10,29,18,0,5.981,0
2008,10,30,0,0,5.602,0
2008,10,30,6,0.127,9.194,0
2008,10,30,12,2.3622,11,0
2008,10,30,18,1.0414,9.898,0
2008,10,31,0,0.2286,9.87,0
2008,10,31,6,4.8006,9.991,0
2008,10,31,12,6.1976,10.972,0
2008,10,31,18,0.0254,7.769,0
2008,11,1,0,0.0254,7.704,0
2008,11,1,6,0.1524,11.426,0
2008,11,1,12,9.4488,12.898,0
2008,11,1,18,0.0508,9.907,0
2008,11,2,0,0.0762,9.065,0
2008,11,2,6,5.8674,9.241,0
2008,11,2,12,11.9888,8.806,0
2008,11,2,18,3.1496,5.954,0
2008,11,3,0,10.2108,5.463,0
2008,11,3,6,1.27,6.491,0
2008,11,3,12,0.5588,8.269,0
2008,11,3,18,1.651,5.954,0
2008,11,4,0,11.4808,5.519,0
2008,11,4,6,13.4112,5.241,0
2008,11,4,12,1.5494,5.981,0
2008,11,4,18,1.0922,3.815,0
2008,11,5,0,0.127,3.13,0.00666666666666667
2008,11,5,6,0,3.972,0.0166666666666667
2008,11,5,12,0,6.139,0
2008,11,5,18,0,3.185,0.075
2008,11,6,0,2.0828,3.556,0.01
2008,11,6,6,19.431,4.981,0
2008,11,6,12,19.8628,8.111,0
2008,11,6,18,10.541,8,0
2008,11,7,0,12.4968,7.139,0
2008,11,7,6,12.6492,7.88,0
2008,11,7,12,10.0584,10.065,0
2008,11,7,18,11.303,9.167,0
2008,11,8,0,5.7912,9.287,0
2008,11,8,6,3.8862,9.722,0
2008,11,8,12,2.667,10.389,0
2008,11,8,18,0.4826,9.046,0
2008,11,9,0,3.1496,8.287,0
2008,11,9,6,3.5306,8.704,0
2008,11,9,12,0.2032,10.13,0
2008,11,9,18,0.127,8.528,0
2008,11,10,0,2.032,8.463,0
2008,11,10,6,0.2794,7.343,0
2008,11,10,12,0,8.093,0
2008,11,10,18,0,6.231,0
2008,11,11,0,9.398,5.972,0
2008,11,11,6,5.842,7.241,0
2008,11,11,12,0.1016,8.546,0
2008,11,11,18,20.3708,8.194,0
2008,11,12,0,21.9202,9.62,0
2008,11,12,6,4.7244,8.528,0
2008,11,12,12,4.9022,8.639,0
2008,11,12,18,1.1176,6.556,0
2008,11,13,0,0.2794,4.222,0.00166666666666667
2008,11,13,6,0.9144,5.065,0
2008,11,13,12,0.0762,6.491,0
2008,11,13,18,0.3556,2.481,0.243333333333333
2008,11,14,0,0,1.861,0.371666666666667
2008,11,14,6,0,5.056,0.00333333333333333
2008,11,14,12,0,7.667,0
2008,11,14,18,0,5.861,0
2008,11,15,0,0,6.685,0
2008,11,15,6,0,8.194,0
2008,11,15,12,0,9.343,0
2008,11,15,18,0,6.741,0
2008,11,16,0,0,7.398,0
2008,11,16,6,0,7.741,0
2008,11,16,12,0,9.398,0
2008,11,16,18,0,5,0
2008,11,17,0,0,4.398,0
2008,11,17,6,0,6.537,0
2008,11,17,12,0,9.417,0
2008,11,17,18,0,5.611,0
2008,11,18,0,0,4.806,0
2008,11,18,6,0,5.63,0
2008,11,18,12,0,6.519,0
2008,11,18,18,0,3.611,0.00333333333333333
2008,11,19,0,0,3.019,0.103333333333333
2008,11,19,6,0,4.407,0.173333333333333
2008,11,19,12,0,7.213,0.00666666666666667
2008,11,19,18,0,4,0.586666666666667
2008,11,20,0,0,4.463,0.323333333333333
2008,11,20,6,1.3462,8.231,0
2008,11,20,12,4.4958,6.667,0
2008,11,20,18,1.0668,4.019,0
2008,11,21,0,0.0254,3.343,0.00166666666666667
2008,11,21,6,0,4.028,0.005
2008,11,21,12,0.4318,6.315,0
2008,11,21,18,5.2324,5.037,0
2008,11,22,0,0.1524,3.657,0
2008,11,22,6,0.2032,3.731,0.00166666666666667
2008,11,22,12,0.1016,4.565,0.00166666666666667
2008,11,22,18,0,2.13,0.14
2008,11,23,0,0,0.472,0.575
2008,11,23,6,0,2.167,0.39
2008,11,23,12,0,5.639,0
2008,11,23,18,0,2.194,0.546666666666667
2008,11,24,0,0,0.907,1
2008,11,24,6,0,2.704,0.516666666666667
2008,11,24,12,0,5.167,0.0583333333333333
2008,11,24,18,0,1.806,0.623333333333333
2008,11,25,0,0,2.907,0.178333333333333
2008,11,25,6,0.9144,4.972,0
2008,11,25,12,4.5466,4.769,0
2008,11,25,18,0,1.222,0.365
2008,11,26,0,0,-1.204,0.941666666666667
2008,11,26,6,0,0.593,0.698333333333333
2008,11,26,12,0,3.861,0.201666666666667
2008,11,26,18,0,1.444,0.853333333333333
2008,11,27,0,0,0.583,1
2008,11,27,6,0,2.389,0.696666666666667
2008,11,27,12,0,4.62,0.05
2008,11,27,18,0,2.259,0.18
2008,11,28,0,0.1016,2.583,0.07
2008,11,28,6,3.3782,4.037,0.00166666666666667
2008,11,28,12,14.5288,5.657,0
2008,11,28,18,2.4384,4.944,0
2008,11,29,0,3.2004,5.065,0
2008,11,29,6,4.445,5.759,0
2008,11,29,12,11.4046,7.37,0
2008,11,29,18,2.8956,6.833,0
2008,11,30,0,1.2192,6.37,0
2008,11,30,6,0,7.028,0
2008,11,30,12,0,8.602,0
2008,11,30,18,0.127,6.296,0
2008,12,1,0,0,5.167,0
2008,12,1,6,0,6.741,0
2008,12,1,12,0.8636,7.991,0
2008,12,1,18,4.6482,5.75,0
2008,12,2,0,0.7366,5.194,0
2008,12,2,6,3.8608,5.565,0
2008,12,2,12,2.3114,6.167,0
2008,12,2,18,0.0508,3.25,0.00166666666666667
2008,12,3,0,0,1.861,0.0783333333333333
2008,12,3,6,0,3.157,0.0266666666666667
2008,12,3,12,0,4.259,0.0116666666666667
2008,12,3,18,0,0.25,0.813333333333333
2008,12,4,0,0,-1.407,1
2008,12,4,6,0,0.12,0.83
2008,12,4,12,0,3.38,0.223333333333333
2008,12,4,18,0,0.417,0.875
2008,12,5,0,0,0.269,0.931666666666667
2008,12,5,6,0,2.5,0.335
2008,12,5,12,0,4.324,0.00166666666666667
2008,12,5,18,0,3.528,0.0233333333333333
2008,12,6,0,0,4.296,0
2008,12,6,6,1.1684,4.389,0.015
2008,12,6,12,2.2352,5.917,0
2008,12,6,18,2.0828,4.796,0
2008,12,7,0,6.0198,5.426,0
2008,12,7,6,3.1496,5.991,0
2008,12,7,12,2.3114,6.102,0
2008,12,7,18,0.2286,4.667,0
2008,12,8,0,0.381,3.056,0.0116666666666667
2008,12,8,6,0,3.324,0.025
2008,12,8,12,0,4.991,0
2008,12,8,18,0,3.685,0
2008,12,9,0,0,3.787,0
2008,12,9,6,1.2192,3.769,0
2008,12,9,12,2.6924,4.556,0
2008,12,9,18,1.1938,4.657,0
2008,12,10,0,0.5334,4.731,0
2008,12,10,6,0.635,4.343,0
2008,12,10,12,0.0254,5.611,0
2008,12,10,18,0,3.546,0
2008,12,11,0,0,1.583,0.303333333333333
2008,12,11,6,0,1.806,0.38
2008,12,11,12,0,2.704,0.27
2008,12,11,18,0,0.102,0.855
2008,12,12,0,0,0.287,0.84
2008,12,12,6,7.8232,1.537,0.251666666666667
2008,12,12,12,8.8646,1.046,0.435
2008,12,12,18,3.6068,-1.852,0.998333333333333
2008,12,13,0,0.889,-2,1
2008,12,13,6,0.0254,-2.389,1
2008,12,13,12,0.2032,-3.62,1
2008,12,13,18,0.889,-4.537,1
2008,12,14,0,0.635,-4.38,1
2008,12,14,6,0,-6.093,1
2008,12,14,12,0,-6.389,1
2008,12,14,18,0,-8.204,1
2008,12,15,0,0,-9.13,1
2008,12,15,6,0,-7.75,1
2008,12,15,12,0,-5.37,1
2008,12,15,18,0,-8.769,1
2008,12,16,0,0,-9.769,1
2008,12,16,6,0,-7.324,1
2008,12,16,12,0,-4.37,1
2008,12,16,18,0,-6.259,1
2008,12,17,0,0.4318,-5.657,1
2008,12,17,6,2.286,-4.685,1
2008,12,17,12,6.223,-4.787,1
2008,12,17,18,0.8382,-7.111,1
2008,12,18,0,4.1656,-7.602,1
2008,12,18,6,0.7874,-7.065,1
2008,12,18,12,0.508,-7.102,1
2008,12,18,18,0.3048,-9.185,1
2008,12,19,0,0.3302,-10.787,1
2008,12,19,6,0,-10.722,1
2008,12,19,12,0,-9.722,1
2008,12,19,18,0,-12.38,1
2008,12,20,0,0,-13.694,1
2008,12,20,6,0,-12.241,1
2008,12,20,12,0,-7.519,1
2008,12,20,18,7.6454,-6.417,1
2008,12,21,0,5.3086,-6.87,1
2008,12,21,6,0.762,-5.324,1
2008,12,21,12,0.7874,-2.824,1
2008,12,21,18,2.4892,-3.88,1
2008,12,22,0,1.9558,-4.028,1
2008,12,22,6,3.4798,-4.75,1
2008,12,22,12,0,-4.019,1
2008,12,22,18,0,-7.12,1
2008,12,23,0,0,-8.722,1
2008,12,23,6,0,-6.963,1
2008,12,23,12,0.127,-4.759,1
2008,12,23,18,0.0254,-5.546,1
2008,12,24,0,1.9812,-4.972,1
2008,12,24,6,5.334,-3.861,1
2008,12,24,12,3.4036,-2.12,1
2008,12,24,18,0.1016,-3.972,1
2008,12,25,0,3.3274,-4.759,1
2008,12,25,6,4.445,-4.148,1
2008,12,25,12,0,-2.769,1
2008,12,25,18,0,-6.259,1
2008,12,26,0,0,-8.148,1
2008,12,26,6,0.635,-3.657,1
2008,12,26,12,5.6388,-0.398,0.941666666666667
2008,12,26,18,9.8552,0.046,0.828333333333333
2008,12,27,0,13.7414,1.611,0.266666666666667
2008,12,27,6,6.5278,2.741,0.01
2008,12,27,12,1.9304,2.769,0.00833333333333333
2008,12,27,18,7.7978,0.87,0.335
2008,12,28,0,4.7498,0.046,0.805
2008,12,28,6,2.3114,0.139,0.76
2008,12,28,12,1.5494,1.787,0.231666666666667
2008,12,28,18,0.508,0.278,0.728333333333333
2008,12,29,0,0.635,0.444,0.668333333333333
2008,12,29,6,4.572,2.037,0.121666666666667
2008,12,29,12,9.398,1.917,0.176666666666667
2008,12,29,18,1.4224,-0.463,0.936666666666667
2008,12,30,0,0.7874,-0.546,0.958333333333333
2008,12,30,6,0,0.796,0.535
2008,12,30,12,0,2.972,0.00666666666666667
2008,12,30,18,0.9652,2.083,0.148333333333333
2008,12,31,0,1.8288,2.565,0.03
2008,12,31,6,0.4064,0.333,0.736666666666667
2008,12,31,12,0.3302,-0.602,0.946666666666667
2008,12,31,18,2.667,-0.972,1
2009,1,1,0,5.08,-0.389,0.851666666666667
2009,1,1,6,11.6586,-0.306,0.885
2009,1,1,12,0.6858,-0.028,0.803333333333333
2009,1,1,18,0.0254,-2.63,1
2009,1,2,0,0,-4.898,1
2009,1,2,6,0.0254,-2.139,1
2009,1,2,12,0,-2.37,0.988333333333333
2009,1,2,18,0,-6.843,1
2009,1,3,0,0.0762,-4.944,1
2009,1,3,6,0,-1.63,0.996666666666667
2009,1,3,12,0.1016,-0.185,0.876666666666667
2009,1,3,18,0.127,-0.343,0.868333333333333
2009,1,4,0,0.0254,-0.917,0.938333333333333
2009,1,4,6,0,-1.074,0.963333333333333
2009,1,4,12,4.7752,0.583,0.611666666666667
2009,1,4,18,9.017,-0.907,0.978333333333333
2009,1,5,0,5.7404,0.389,0.611666666666667
2009,1,5,6,1.651,2.194,0.1
2009,1,5,12,0.1524,3.481,0.00833333333333333
2009,1,5,18,1.7018,1.398,0.283333333333333
2009,1,6,0,4.7244,1.639,0.188333333333333
2009,1,6,6,12.5984,2.167,0.116666666666667
2009,1,6,12,26.543,4,0.00333333333333333
2009,1,6,18,31.115,5.306,0
2009,1,7,0,33.8836,5.917,0
2009,1,7,6,28.8798,4.935,0
2009,1,7,12,21.0312,4.704,0
2009,1,7,18,21.4884,3.833,0
2009,1,8,0,12.4714,3.657,0
2009,1,8,6,7.7724,3.648,0
2009,1,8,12,7.2898,3.556,0.00166666666666667
2009,1,8,18,0.3556,1.333,0.3
2009,1,9,0,0.127,-1.139,0.901666666666667
2009,1,9,6,0,-0.065,0.705
2009,1,9,12,0.6858,1.361,0.326666666666667
2009,1,9,18,0.1524,0.731,0.525
2009,1,10,0,1.2954,1.667,0.246666666666667
2009,1,10,6,4.5974,1.87,0.193333333333333
2009,1,10,12,8.5598,2.787,0.03
2009,1,10,18,5.5372,1.454,0.251666666666667
2009,1,11,0,0.2286,1.917,0.105
2009,1,11,6,0.6604,2.741,0.015
2009,1,11,12,0.381,3.528,0.00166666666666667
2009,1,11,18,0.7112,2.787,0.035
2009,1,12,0,0.2286,2.657,0.0433333333333333
2009,1,12,6,0.4318,4.083,0
2009,1,12,12,0.7366,4.907,0
2009,1,12,18,0.5334,3.537,0
2009,1,13,0,0.0762,3.222,0.005
2009,1,13,6,0,3.528,0.015
2009,1,13,12,0,3.833,0.025
2009,1,13,18,0,-0.102,0.686666666666667
2009,1,14,0,0,-0.426,0.868333333333333
2009,1,14,6,0,2.028,0.343333333333333
2009,1,14,12,0,2.954,0.0583333333333333
2009,1,14,18,0,1.093,0.748333333333333
2009,1,15,0,0,-0.204,0.996666666666667
2009,1,15,6,0,0.843,0.763333333333333
2009,1,15,12,0,1.759,0.553333333333333
2009,1,15,18,0,-4.019,1
2009,1,16,0,0,-4.769,1
2009,1,16,6,0,-2.694,0.998333333333333
2009,1,16,12,0,1.231,0.801666666666667
2009,1,16,18,0,-3.731,1
2009,1,17,0,0,-4.861,1
2009,1,17,6,0,-1.435,0.928333333333333
2009,1,17,12,0,3.13,0.493333333333333
2009,1,17,18,0,-3.676,1
2009,1,18,0,0,-4.028,1
2009,1,18,6,0,0.565,0.855
2009,1,18,12,0,4.907,0.365
2009,1,18,18,0,-0.648,1
2009,1,19,0,0,-1.667,1
2009,1,19,6,0,0.722,0.886666666666667
2009,1,19,12,0,3.954,0.385
2009,1,19,18,0,-0.685,1
2009,1,20,0,0,-2.574,1
2009,1,20,6,0,-1.556,1
2009,1,20,12,0,1.694,0.846666666666667
2009,1,20,18,0,-3.63,1
2009,1,21,0,0,-5.065,1
2009,1,21,6,0,-2.889,1
2009,1,21,12,0,0.861,0.943333333333333
2009,1,21,18,0,-4.546,1
2009,1,22,0,0,-5.426,1
2009,1,22,6,0,-2.926,1
2009,1,22,12,0,1.102,0.746666666666667
2009,1,22,18,0,-4.315,1
2009,1,23,0,0,-4.972,1
2009,1,23,6,0,-3.685,1
2009,1,23,12,0,-0.102,0.973333333333333
2009,1,23,18,0,-4.907,1
2009,1,24,0,0,-5.426,1
2009,1,24,6,0,-3.62,1
2009,1,24,12,0,-0.88,1
2009,1,24,18,0,-3.852,1
2009,1,25,0,0,-4.148,1
2009,1,25,6,0,-2.815,1
2009,1,25,12,0,-1.556,1
2009,1,25,18,0,-5.306,1
2009,1,26,0,0,-8.037,1
2009,1,26,6,0,-5.38,1
2009,1,26,12,0,-0.741,1
2009,1,26,18,0,-3.361,1
2009,1,27,0,0.4318,-2.046,1
2009,1,27,6,2.159,-0.676,0.898333333333333
2009,1,27,12,1.8034,2.296,0.08
2009,1,27,18,0.9144,1.935,0.09
2009,1,28,0,0.5588,1.139,0.29
2009,1,28,6,0.4064,1.648,0.183333333333333
2009,1,28,12,0.127,2.574,0.0416666666666667
2009,1,28,18,0.1524,0.676,0.441666666666667
2009,1,29,0,0.2032,0.944,0.335
2009,1,29,6,0,0.889,0.381666666666667
2009,1,29,12,0,1.306,0.263333333333333
2009,1,29,18,0,-0.111,0.805
2009,1,30,0,0,0.306,0.68
2009,1,30,6,0,3.981,0.0433333333333333
2009,1,30,12,0.4318,5.843,0
2009,1,30,18,0.508,1.907,0.188333333333333
2009,1,31,0,0,-0.139,0.851666666666667
2009,1,31,6,0,-0.38,0.905
2009,1,31,12,0,1.324,0.371666666666667
2009,1,31,18,0,-0.028,0.816666666666667
2009,2,1,0,0,-0.62,0.936666666666667
2009,2,1,6,0.5842,0.667,0.613333333333333
2009,2,1,12,1.9812,2.37,0.165
2009,2,1,18,4.9784,0.639,0.645
2009,2,2,0,3.3274,0.278,0.793333333333333
2009,2,2,6,0,1.991,0.251666666666667
2009,2,2,12,0,5.556,0
2009,2,2,18,0,1.074,0.561666666666667
2009,2,3,0,0,-0.176,1
2009,2,3,6,0,3.13,0.501666666666667
2009,2,3,12,0,7.324,0
2009,2,3,18,0,4.324,0.12
2009,2,4,0,0,0.926,0.806666666666667
2009,2,4,6,0,2.13,0.565
2009,2,4,12,0,6.537,0.0166666666666667
2009,2,4,18,0,0.444,0.943333333333333
2009,2,5,0,0,-1.083,1
2009,2,5,6,0,1.667,0.595
2009,2,5,12,0,5.417,0.00166666666666667
2009,2,5,18,1.1938,1.713,0.46
2009,2,6,0,2.2352,0.528,0.73
2009,2,6,6,6.3246,2.824,0.0533333333333333
2009,2,6,12,1.8542,4.509,0
2009,2,6,18,0,0,0.79
2009,2,7,0,0,-1.898,1
2009,2,7,6,0,0.546,0.613333333333333
2009,2,7,12,0,4.565,0.005
2009,2,7,18,0,0.509,0.8
2009,2,8,0,0,-0.389,1
2009,2,8,6,0,2.259,0.455
2009,2,8,12,0,4.139,0.0266666666666667
2009,2,8,18,1.0414,1.056,0.648333333333333
2009,2,9,0,1.8542,0.13,0.776666666666667
2009,2,9,6,0.1016,1.019,0.525
2009,2,9,12,0.2794,1.806,0.395
2009,2,9,18,0,-1.528,0.993333333333333
2009,2,10,0,0.254,-2.111,1
2009,2,10,6,0,-1.296,0.973333333333333
2009,2,10,12,0.127,2.157,0.281666666666667
2009,2,10,18,0.0762,0.407,0.87
2009,2,11,0,0.0508,-0.63,1
2009,2,11,6,0,1.63,0.358333333333333
2009,2,11,12,0,3.963,0.00666666666666667
2009,2,11,18,0,-1.454,0.918333333333333
2009,2,12,0,0,-2.991,1
2009,2,12,6,0,-0.296,0.636666666666667
2009,2,12,12,0,4.602,0.00666666666666667
2009,2,12,18,0,-2.602,0.996666666666667
2009,2,13,0,0,-3.139,1
2009,2,13,6,0,0.241,0.616666666666667
2009,2,13,12,0,5.306,0.00333333333333333
2009,2,13,18,0,-0.426,0.91
2009,2,14,0,0,-1.454,1
2009,2,14,6,0,2.426,0.406666666666667
2009,2,14,12,0,6.602,0
2009,2,14,18,0,3.111,0.045
2009,2,15,0,0,-0.13,0.88
2009,2,15,6,0,1.148,0.535
2009,2,15,12,0,7.333,0
2009,2,15,18,0,2.806,0.168333333333333
2009,2,16,0,0.0254,0.361,0.823333333333333
2009,2,16,6,0.127,2.213,0.431666666666667
2009,2,16,12,0,6.352,0
2009,2,16,18,0,1.037,0.593333333333333
2009,2,17,0,0,0.583,0.76
2009,2,17,6,0,4.88,0.0133333333333333
2009,2,17,12,0,7.574,0
2009,2,17,18,0,0.028,0.82
2009,2,18,0,0,-2.917,1
2009,2,18,6,0,2.185,0.451666666666667
2009,2,18,12,0,8.389,0
2009,2,18,18,0,-0.454,0.811666666666667
2009,2,19,0,0,-1.926,1
2009,2,19,6,0,1.704,0.498333333333333
2009,2,19,12,0,8.333,0
2009,2,19,18,0,-1,0.858333333333333
2009,2,20,0,0,-3.639,1
2009,2,20,6,0,0.009,0.63
2009,2,20,12,0,7.667,0.00166666666666667
2009,2,20,18,0,-2.139,0.968333333333333
2009,2,21,0,0,-3.954,1
2009,2,21,6,0,1.5,0.598333333333333
2009,2,21,12,0,7.778,0
2009,2,21,18,0,3.12,0.451666666666667
2009,2,22,0,0,3.574,0.151666666666667
2009,2,22,6,0.5842,6.63,0
2009,2,22,12,0.0762,8.5,0
2009,2,22,18,0.7112,4.898,0
2009,2,23,0,0.7366,3.88,0
2009,2,23,6,0,4.981,0
2009,2,23,12,1.0414,8.185,0
2009,2,23,18,2.3876,5.194,0
2009,2,24,0,0.6604,3.713,0.005
2009,2,24,6,1.016,3.398,0.0183333333333333
2009,2,24,12,3.0734,4.083,0.015
2009,2,24,18,3.8862,1.546,0.273333333333333
2009,2,25,0,4.5974,0.204,0.785
2009,2,25,6,11.938,1.102,0.408333333333333
2009,2,25,12,16.0782,0.815,0.605
2009,2,25,18,7.0612,-2.667,0.998333333333333
2009,2,26,0,1.8288,-3.102,1
2009,2,26,6,6.096,-3.583,0.998333333333333
2009,2,26,12,0,-0.5,0.968333333333333
2009,2,26,18,0,-4.722,1
2009,2,27,0,0.127,-4.25,1
2009,2,27,6,0.762,-1.222,0.825
2009,2,27,12,0.762,3.176,0.0566666666666667
2009,2,27,18,0.762,-0.843,0.988333333333333
2009,2,28,0,0.635,-1.463,1
2009,2,28,6,0,0.926,0.581666666666667
2009,2,28,12,0.2794,5.889,0.01
2009,2,28,18,0.8636,4.731,0.0116666666666667
2009,3,1,0,4.5212,3.731,0.0133333333333333
2009,3,1,6,0.0254,5,0
2009,3,1,12,0.8382,8.565,0
2009,3,1,18,2.2352,6.019,0
2009,3,2,0,2.4384,6.167,0
2009,3,2,6,8.1788,7.565,0
2009,3,2,12,0.2286,9.037,0
2009,3,2,18,0.0762,4.398,0.035
2009,3,3,0,0,1.574,0.5
2009,3,3,6,0.4826,3.796,0.286666666666667
2009,3,3,12,0,6.954,0
2009,3,3,18,0,0.519,0.748333333333333
2009,3,4,0,0,-0.88,1
2009,3,4,6,0,1.565,0.461666666666667
2009,3,4,12,0,5.954,0
2009,3,4,18,1.1684,3.38,0.00833333333333333
2009,3,5,0,2.6924,2.222,0.0866666666666667
2009,3,5,6,2.3114,3.231,0.075
2009,3,5,12,0.127,5.083,0.01
2009,3,5,18,0,1.028,0.711666666666667
2009,3,6,0,0,-2.954,1
2009,3,6,6,0,-0.472,0.84
2009,3,6,12,0,4.426,0.101666666666667
2009,3,6,18,0,0.528,0.825
2009,3,7,0,0.0508,2.213,0.181666666666667
2009,3,7,6,0.2032,2.787,0.065
2009,3,7,12,0.4064,2.833,0.141666666666667
2009,3,7,18,0.0762,0.491,0.688333333333333
2009,3,8,0,0.0508,-0.861,0.938333333333333
2009,3,8,6,0,-1.333,0.94
2009,3,8,12,0,0.917,0.795
2009,3,8,18,0,-4.435,1
2009,3,9,0,0.0508,-4.333,1
2009,3,9,6,1.0414,-2.278,1
2009,3,9,12,0.4064,-0.907,0.995
2009,3,9,18,0,-4.241,1
2009,3,10,0,0,-7.148,1
2009,3,10,6,0,-5.954,1
2009,3,10,12,0,0.861,0.805
2009,3,10,18,0,-6.028,1
2009,3,11,0,0,-7.981,1
2009,3,11,6,0,-2.111,0.761666666666667
2009,3,11,12,0,4.898,0.0283333333333333
2009,3,11,18,0,-3.139,0.976666666666667
2009,3,12,0,0,-4.926,1
2009,3,12,6,0,0.944,0.583333333333333
2009,3,12,12,0,7.046,0
2009,3,12,18,0,-0.824,0.811666666666667
2009,3,13,0,0,-3.269,1
2009,3,13,6,0,2.241,0.468333333333333
2009,3,13,12,0,7.065,0.00166666666666667
2009,3,13,18,0.127,2.009,0.518333333333333
2009,3,14,0,2.8194,1.528,0.273333333333333
2009,3,14,6,8.3566,3.685,0.0116666666666667
2009,3,14,12,2.5654,4.787,0
2009,3,14,18,3.2766,2.231,0.151666666666667
2009,3,15,0,0.508,0.731,0.57
2009,3,15,6,2.7686,1.361,0.426666666666667
2009,3,15,12,4.064,4.111,0.0316666666666667
2009,3,15,18,2.794,0.981,0.546666666666667
2009,3,16,0,2.2606,0.472,0.676666666666667
2009,3,16,6,1.3208,1.491,0.433333333333333
2009,3,16,12,2.7432,5,0.0116666666666667
2009,3,16,18,8.0264,0.556,0.598333333333333
2009,3,17,0,1.6764,-1.065,0.985
2009,3,17,6,5.4356,1.833,0.395
2009,3,17,12,0.3556,5.444,0.00833333333333333
2009,3,17,18,1.4986,2.389,0.125
2009,3,18,0,0.4064,2.537,0.111666666666667
2009,3,18,6,0.1524,3.704,0.0383333333333333
2009,3,18,12,0.1524,5.231,0
2009,3,18,18,0.1016,4.694,0
2009,3,19,0,2.3114,4.667,0
2009,3,19,6,12.9286,4.815,0
2009,3,19,12,2.7432,6.315,0
2009,3,19,18,0.508,5.685,0
2009,3,20,0,1.27,5.333,0
2009,3,20,6,0.9398,7.241,0
2009,3,20,12,7.7724,7.713,0
2009,3,20,18,0.889,2.185,0.266666666666667
2009,3,21,0,0.0762,-1.509,0.973333333333333
2009,3,21,6,0,1.213,0.55
2009,3,21,12,0,7.944,0
2009,3,21,18,0,1.741,0.578333333333333
2009,3,22,0,0,-0.852,1
2009,3,22,6,0,4.278,0.155
2009,3,22,12,0.0762,6.972,0
2009,3,22,18,0.7112,2.398,0.09
2009,3,23,0,0.0508,1.333,0.27
2009,3,23,6,0,2.324,0.236666666666667
2009,3,23,12,0.2794,5.824,0
2009,3,23,18,0.6096,1.963,0.245
2009,3,24,0,2.0828,1.694,0.196666666666667
2009,3,24,6,3.937,4.407,0.00166666666666667
2009,3,24,12,3.3528,6.565,0
2009,3,24,18,1.7018,2.63,0.0866666666666667
2009,3,25,0,2.159,1.287,0.32
2009,3,25,6,1.0414,3.639,0.0366666666666667
2009,3,25,12,0.0254,6.926,0
2009,3,25,18,0,0.028,0.85
2009,3,26,0,0,-1.759,1
2009,3,26,6,0,3.917,0.25
2009,3,26,12,0,8.019,0
2009,3,26,18,0,3.074,0.143333333333333
2009,3,27,0,0.1778,2.417,0.143333333333333
2009,3,27,6,0.3302,4.056,0.025
2009,3,27,12,0.127,6.528,0
2009,3,27,18,0.2032,3.361,0.025
2009,3,28,0,0.2286,1.778,0.206666666666667
2009,3,28,6,0.8128,5.028,0.0183333333333333
2009,3,28,12,0.7366,5.611,0.00833333333333333
2009,3,28,18,0.3556,0.333,0.626666666666667
2009,3,29,0,0.4318,0.231,0.725
2009,3,29,6,0,2.759,0.353333333333333
2009,3,29,12,0,5.852,0.025
2009,3,29,18,0,0.333,0.916666666666667
2009,3,30,0,0,1,0.636666666666667
2009,3,30,6,0.0254,4.139,0.0416666666666667
2009,3,30,12,2.6162,5.62,0
2009,3,30,18,4.445,4.815,0.0116666666666667
2009,3,31,0,16.7132,3.62,0.0183333333333333
2009,3,31,6,3.8862,4.639,0
2009,3,31,12,0.4572,5.472,0.00166666666666667
2009,3,31,18,0.127,1.444,0.466666666666667
2009,4,1,0,0.4572,0.213,0.69
2009,4,1,6,2.413,2,0.24
2009,4,1,12,1.4732,2.954,0.09
2009,4,1,18,13.6906,3.361,0.01
2009,4,2,0,8.8392,2.13,0.095
2009,4,2,6,3.937,2.787,0.0566666666666667
2009,4,2,12,1.0668,5.167,0
2009,4,2,18,0.9398,2.935,0.0483333333333333
2009,4,3,0,1.8288,1.454,0.348333333333333
2009,4,3,6,0,4.019,0.121666666666667
2009,4,3,12,0.0762,8.972,0
2009,4,3,18,0,3.12,0.22
2009,4,4,0,0,-1.454,0.985
2009,4,4,6,0,5.324,0.0883333333333333
2009,4,4,12,0,11.88,0
2009,4,4,18,0,2.556,0.503333333333333
2009,4,5,0,0,2.611,0.388333333333333
2009,4,5,6,0,8.287,0.00333333333333333
2009,4,5,12,0,15.019,0
2009,4,5,18,0,6.009,0.0416666666666667
2009,4,6,0,0,2.944,0.306666666666667
2009,4,6,6,0,9.407,0.005
2009,4,6,12,0,16.528,0
2009,4,6,18,0,6.769,0.0516666666666667
2009,4,7,0,0,2.852,0.481666666666667
2009,4,7,6,0,7.407,0.0333333333333333
2009,4,7,12,0,13.417,0
2009,4,7,18,0,7.417,0.00333333333333333
2009,4,8,0,0,4.75,0.0283333333333333
2009,4,8,6,0,7.491,0
2009,4,8,12,0,9.935,0
2009,4,8,18,0,4.889,0.00166666666666667
2009,4,9,0,0,4.898,0
2009,4,9,6,0,6.917,0
2009,4,9,12,0,9.713,0
2009,4,9,18,0,5.213,0.005
2009,4,10,0,0,3.38,0.0433333333333333
2009,4,10,6,0,7.731,0
2009,4,10,12,0,10.509,0
2009,4,10,18,0,5.157,0
2009,4,11,0,0.0254,4.389,0
2009,4,11,6,1.4732,6.556,0
2009,4,11,12,0.1778,9.111,0
2009,4,11,18,0.0508,5.176,0
2009,4,12,0,4.6736,5.148,0
2009,4,12,6,17.6784,6.981,0
2009,4,12,12,14.5288,8.269,0
2009,4,12,18,5.3848,4.898,0.00166666666666667
2009,4,13,0,0.4064,2.454,0.09
2009,4,13,6,1.4478,3.861,0.0733333333333333
2009,4,13,12,0.635,8.444,0
2009,4,13,18,0.1016,2.241,0.301666666666667
2009,4,14,0,0.0254,0.056,0.795
2009,4,14,6,0,3.157,0.246666666666667
2009,4,14,12,0,9.519,0
2009,4,14,18,0,1.333,0.688333333333333
2009,4,15,0,0,-0.731,0.993333333333333
2009,4,15,6,0,4.741,0.201666666666667
2009,4,15,12,0,11.176,0
2009,4,15,18,0,3.046,0.313333333333333
2009,4,16,0,0,1.065,0.671666666666667
2009,4,16,6,0,7.352,0.00166666666666667
2009,4,16,12,0,11.426,0
2009,4,16,18,0.508,5.472,0.00666666666666667
2009,4,17,0,10.8712,4.917,0.00666666666666667
2009,4,17,6,8.636,10.417,0
2009,4,17,12,1.4478,11.407,0
2009,4,17,18,0.3556,4.685,0.07
2009,4,18,0,0.3302,1.556,0.473333333333333
2009,4,18,6,0,7.898,0.00166666666666667
2009,4,18,12,0,12.704,0
2009,4,18,18,0,5.5,0.0483333333333333
2009,4,19,0,0,5.75,0.00166666666666667
2009,4,19,6,0,10.769,0
2009,4,19,12,0,15.972,0
2009,4,19,18,0,7.009,0
2009,4,20,0,0,5.556,0
2009,4,20,6,0,10.667,0
2009,4,20,12,0,16.778,0
2009,4,20,18,0,8.537,0
2009,4,21,0,0,4.824,0.0233333333333333
2009,4,21,6,0,10.37,0
2009,4,21,12,0,14.611,0
2009,4,21,18,0,7.343,0
2009,4,22,0,0,4.481,0.005
2009,4,22,6,0,8.38,0
2009,4,22,12,0,11.13,0
2009,4,22,18,0,2.676,0.41
2009,4,23,0,0,0.241,0.813333333333333
2009,4,23,6,0,5.056,0.0333333333333333
2009,4,23,12,0,10.426,0
2009,4,23,18,0,2.37,0.533333333333333
2009,4,24,0,0,-1.213,0.99
2009,4,24,6,0,6.287,0.0866666666666667
2009,4,24,12,0,11.194,0
2009,4,24,18,0,5.287,0.02
2009,4,25,0,0,2.843,0.166666666666667
2009,4,25,6,0,7.713,0
2009,4,25,12,0,11.287,0
2009,4,25,18,0,4.019,0.186666666666667
2009,4,26,0,0,0.824,0.546666666666667
2009,4,26,6,0,6.778,0.00333333333333333
2009,4,26,12,0,13.111,0
2009,4,26,18,0,4.13,0.155
2009,4,27,0,0,1.889,0.46
2009,4,27,6,0,7.481,0.0316666666666667
2009,4,27,12,0,14.685,0
2009,4,27,18,0.1524,7.222,0.00166666666666667
2009,4,28,0,0.1016,4.815,0.0483333333333333
2009,4,28,6,0,9.824,0
2009,4,28,12,0,14.454,0
2009,4,28,18,0,7.426,0.00166666666666667
2009,4,29,0,0,2.972,0.246666666666667
2009,4,29,6,0,8.167,0.00666666666666667
2009,4,29,12,0,14.537,0
2009,4,29,18,0,6.62,0.00833333333333333
2009,4,30,0,0,3.583,0.0933333333333333
2009,4,30,6,0,10.861,0
2009,4,30,12,0,17.796,0
2009,4,30,18,0,9.593,0.00166666666666667
2009,5,1,0,0,3.685,0.19
2009,5,1,6,0,10.87,0
2009,5,1,12,0,17.38,0
2009,5,1,18,0,7.407,0.0133333333333333
2009,5,2,0,0,4.435,0.0683333333333333
2009,5,2,6,0.1778,13.426,0
2009,5,2,12,1.4478,14.926,0
2009,5,2,18,5.3086,9.815,0
2009,5,3,0,3.2512,4.954,0
2009,5,3,6,0.127,5.63,0.00333333333333333
2009,5,3,12,0.0508,13.852,0
2009,5,3,18,0.508,6.204,0.00666666666666667
2009,5,4,0,0.3556,3.833,0.0116666666666667
2009,5,4,6,0.0254,8.667,0
2009,5,4,12,0.254,13.593,0
2009,5,4,18,8.128,7.815,0
2009,5,5,0,5.9944,6.204,0
2009,5,5,6,0.8128,7.398,0
2009,5,5,12,6.0706,9.62,0
2009,5,5,18,10.8458,5.731,0
2009,5,6,0,0.3302,4.296,0
2009,5,6,6,3.0988,6.861,0
2009,5,6,12,21.8186,9.88,0
2009,5,6,18,12.9794,7.306,0
2009,5,7,0,6.6802,5.093,0
2009,5,7,6,1.5494,7.639,0
2009,5,7,12,0.381,10.602,0
2009,5,7,18,0.1016,6.13,0.0116666666666667
2009,5,8,0,0,2.056,0.106666666666667
2009,5,8,6,0,6.972,0
2009,5,8,12,0,13.213,0
2009,5,8,18,0,5.972,0.0233333333333333
2009,5,9,0,0,1.889,0.25
2009,5,9,6,0,9.324,0
2009,5,9,12,0,16.056,0
2009,5,9,18,0,8.306,0
2009,5,10,0,0,4.102,0.0166666666666667
2009,5,10,6,0,10.556,0
2009,5,10,12,0,14.685,0
2009,5,10,18,0.3556,8.769,0
2009,5,11,0,1.9812,6.167,0
2009,5,11,6,3.683,9.241,0
2009,5,11,12,3.5306,11.009,0
2009,5,11,18,4.953,6.472,0
2009,5,12,0,6.6548,3.694,0.0116666666666667
2009,5,12,6,0.6604,4.824,0.00833333333333333
2009,5,12,12,0.3556,9.139,0
2009,5,12,18,0.3556,7.37,0
2009,5,13,0,0.0508,4.759,0
2009,5,13,6,0,7.315,0
2009,5,13,12,4.572,10.343,0
2009,5,13,18,10.668,6.065,0
2009,5,14,0,7.7216,4.454,0
2009,5,14,6,0.5334,7.139,0
2009,5,14,12,0,13.009,0
2009,5,14,18,0,7.583,0
2009,5,15,0,0,3.185,0.0316666666666667
2009,5,15,6,0,10.574,0
2009,5,15,12,0,17.12,0
2009,5,15,18,0,7.519,0.005
2009,5,16,0,0,5.278,0.00333333333333333
2009,5,16,6,0,11.528,0
2009,5,16,12,0,17.25,0
2009,5,16,18,0,11.685,0
2009,5,17,0,0,7.38,0
2009,5,17,6,0,14.315,0
2009,5,17,12,0,18.935,0
2009,5,17,18,0.0762,11.148,0
2009,5,18,0,0.1016,8.093,0
2009,5,18,6,0,11.731,0
2009,5,18,12,0.1524,13.787,0
2009,5,18,18,13.0302,9.741,0
2009,5,19,0,4.5466,7.019,0
2009,5,19,6,0.0508,6.991,0
2009,5,19,12,0.1016,11.75,0
2009,5,19,18,0.889,7.694,0
2009,5,20,0,0.3302,5.352,0
2009,5,20,6,0.1524,7.667,0
2009,5,20,12,0.0254,14,0
2009,5,20,18,0.1016,7.722,0.00166666666666667
2009,5,21,0,0.1524,3.435,0.035
2009,5,21,6,0,10.769,0
2009,5,21,12,0,17.361,0
2009,5,21,18,0,8.231,0.005
2009,5,22,0,0,3.722,0.111666666666667
2009,5,22,6,0,12.259,0
2009,5,22,12,0,18.333,0
2009,5,22,18,0,8.62,0
2009,5,23,0,0,4.639,0.00666666666666667
2009,5,23,6,0,12.583,0
2009,5,23,12,0,18.204,0
2009,5,23,18,0,9.398,0
2009,5,24,0,0,4.833,0.00666666666666667
2009,5,24,6,0,12.185,0
2009,5,24,12,0,17.852,0
2009,5,24,18,0,10.194,0
2009,5,25,0,0,5.657,0
2009,5,25,6,0,13.704,0
2009,5,25,12,0,17.556,0
2009,5,25,18,0,10.472,0
2009,5,26,0,0.127,8.796,0
2009,5,26,6,1.4478,12.556,0
2009,5,26,12,0.1524,16.5,0
2009,5,26,18,0,12.028,0
2009,5,27,0,0.0508,7.769,0
2009,5,27,6,0,13.583,0
2009,5,27,12,0,19.315,0
2009,5,27,18,0,11.25,0
2009,5,28,0,0,5.093,0.0116666666666667
2009,5,28,6,0,14.546,0
2009,5,28,12,0,22.352,0
2009,5,28,18,0,12.796,0
2009,5,29,0,0,8.509,0
2009,5,29,6,0,17.935,0
2009,5,29,12,0,22.583,0
2009,5,29,18,0,12.537,0
2009,5,30,0,0,7.528,0
2009,5,30,6,0,15.843,0
2009,5,30,12,0,22.065,0
2009,5,30,18,0,13.12,0
2009,5,31,0,0,9.176,0
2009,5,31,6,0,18.194,0
2009,5,31,12,0,24.148,0
2009,5,31,18,0,15.731,0
2009,6,1,0,0,10.194,0
2009,6,1,6,0,18.657,0
2009,6,1,12,0,26.37,0
2009,6,1,18,0,15.361,0
2009,6,2,0,0,10.37,0
2009,6,2,6,0,20.694,0
2009,6,2,12,0,27.954,0
2009,6,2,18,0,17.407,0
2009,6,3,0,0,11.704,0
2009,6,3,6,0,21.185,0
2009,6,3,12,0,27.685,0
2009,6,3,18,0,17.194,0
2009,6,4,0,0,12.074,0
2009,6,4,6,0,19.843,0
2009,6,4,12,0,24.63,0
2009,6,4,18,0,17.278,0
2009,6,5,0,0,13.157,0
2009,6,5,6,0,17.204,0
2009,6,5,12,0,19.926,0
2009,6,5,18,0,14.944,0
2009,6,6,0,0,12.602,0
2009,6,6,6,0,14.991,0
2009,6,6,12,0,18.157,0
2009,6,6,18,0,14.167,0
2009,6,7,0,0,11.954,0
2009,6,7,6,0,15.972,0
2009,6,7,12,0,18.889,0
2009,6,7,18,0,14.667,0
2009,6,8,0,0,11.954,0
2009,6,8,6,0,15.426,0
2009,6,8,12,0,20.639,0
2009,6,8,18,0,14.065,0
2009,6,9,0,0,8.935,0
2009,6,9,6,0,15.657,0
2009,6,9,12,0,21.213,0
2009,6,9,18,0,14.426,0
2009,6,10,0,0,9.491,0
2009,6,10,6,0,15.815,0
2009,6,10,12,0,20.565,0
2009,6,10,18,0,14.278,0
2009,6,11,0,0,10.389,0
2009,6,11,6,0,15.315,0
2009,6,11,12,0,20.389,0
2009,6,11,18,0,14.787,0
2009,6,12,0,0,10.954,0
2009,6,12,6,0,15.75,0
2009,6,12,12,0,20.528,0
2009,6,12,18,0,13.981,0
2009,6,13,0,0,9.639,0
2009,6,13,6,0,15.111,0
2009,6,13,12,0,18.713,0
2009,6,13,18,0,13.491,0
2009,6,14,0,0,10.287,0
2009,6,14,6,0,14.102,0
2009,6,14,12,0,17.87,0
2009,6,14,18,0,12.463,0
2009,6,15,0,0,8.806,0
2009,6,15,6,0,13.694,0
2009,6,15,12,0,18.454,0
2009,6,15,18,0,12.657,0
2009,6,16,0,0,8.278,0
2009,6,16,6,0,14.694,0
2009,6,16,12,0,18.861,0
2009,6,16,18,0,13.37,0
2009,6,17,0,0.1016,11.731,0
2009,6,17,6,1.5748,15.019,0
2009,6,17,12,0.6096,18.463,0
2009,6,17,18,0.4318,14.963,0
2009,6,18,0,0.4572,12.398,0
2009,6,18,6,0,15.824,0
2009,6,18,12,0,18.537,0
2009,6,18,18,0,14.157,0
2009,6,19,0,0.0508,11.157,0
2009,6,19,6,1.4224,13.88,0
2009,6,19,12,0.1016,16.611,0
2009,6,19,18,1.3462,11.574,0
2009,6,20,0,0.0762,8.324,0
2009,6,20,6,0,11.556,0
2009,6,20,12,0,15.676,0
2009,6,20,18,0,10.657,0
2009,6,21,0,0.1778,7.991,0
2009,6,21,6,0.1016,12.583,0
2009,6,21,12,0.5334,15.546,0
2009,6,21,18,1.27,10.583,0
2009,6,22,0,0.8636,9.352,0
2009,6,22,6,1.27,12.574,0
2009,6,22,12,0,17.639,0
2009,6,22,18,0.0254,11.389,0
2009,6,23,0,0.0762,6.019,0
2009,6,23,6,0,12.565,0
2009,6,23,12,0,16.833,0
2009,6,23,18,0,11.657,0
2009,6,24,0,0,10.759,0
2009,6,24,6,1.8288,12.935,0
2009,6,24,12,1.7272,16.407,0
2009,6,24,18,0.381,13.917,0
2009,6,25,0,0.5588,11.204,0
2009,6,25,6,0.8128,12.685,0
2009,6,25,12,0.381,16.222,0
2009,6,25,18,0.1016,12.787,0
2009,6,26,0,0,9.213,0
2009,6,26,6,0,13.185,0
2009,6,26,12,0,18.722,0
2009,6,26,18,0,11.426,0
2009,6,27,0,0,5.963,0
2009,6,27,6,0,13.343,0
2009,6,27,12,0,18.759,0
2009,6,27,18,0,12.694,0
2009,6,28,0,0,9.981,0
2009,6,28,6,0,13.63,0
2009,6,28,12,0,18.343,0
2009,6,28,18,0,10.87,0
2009,6,29,0,0,5.593,0.00166666666666667
2009,6,29,6,0,13.519,0
2009,6,29,12,0,18.963,0
2009,6,29,18,0,11.306,0
2009,6,30,0,0,6.861,0
2009,6,30,6,0,14.426,0
2009,6,30,12,0,20.62,0
2009,6,30,18,0,12.62,0
2009,7,1,0,0,6.787,0
2009,7,1,6,0,15.676,0
2009,7,1,12,0,22.528,0
2009,7,1,18,0,12.991,0
2009,7,2,0,0,8.028,0
2009,7,2,6,0,17.38,0
2009,7,2,12,0,24.963,0
2009,7,2,18,0,14.796,0
2009,7,3,0,0,9.352,0
2009,7,3,6,0,18.185,0
2009,7,3,12,0,25.435,0
2009,7,3,18,0,15.898,0
2009,7,4,0,0,10.454,0
2009,7,4,6,0,18.963,0
2009,7,4,12,0,24.889,0
2009,7,4,18,0,16.88,0
2009,7,5,0,0,11.926,0
2009,7,5,6,0,18.648,0
2009,7,5,12,0,23,0
2009,7,5,18,0,17.417,0
2009,7,6,0,0.0254,13.37,0
2009,7,6,6,0.5842,14.065,0
2009,7,6,12,11.7856,15.769,0
2009,7,6,18,1.6256,12.315,0
2009,7,7,0,0.4572,10.741,0
2009,7,7,6,1.3208,12.287,0
2009,7,7,12,5.1562,14.537,0
2009,7,7,18,5.4356,12.269,0
2009,7,8,0,1.2446,10.5,0
2009,7,8,6,1.2954,13.519,0
2009,7,8,12,0.1778,17.648,0
2009,7,8,18,0,13.731,0
2009,7,9,0,0,9.444,0
2009,7,9,6,0,15.639,0
2009,7,9,12,0,21.778,0
2009,7,9,18,0,13.75,0
2009,7,10,0,0,8.713,0
2009,7,10,6,0,16.778,0
2009,7,10,12,0,24.417,0
2009,7,10,18,0,16.259,0
2009,7,11,0,0,10.398,0
2009,7,11,6,0,17.843,0
2009,7,11,12,0,23.556,0
2009,7,11,18,0,16.694,0
2009,7,12,0,0,12.352,0
2009,7,12,6,0,16.87,0
2009,7,12,12,0.4318,16.463,0
2009,7,12,18,0.0508,12.833,0
2009,7,13,0,3.6576,11.296,0
2009,7,13,6,1.2446,13.139,0
2009,7,13,12,0,16.407,0
2009,7,13,18,0,13.333,0
2009,7,14,0,0,11.352,0
2009,7,14,6,0,14.5,0
2009,7,14,12,0,20.13,0
2009,7,14,18,0,14.287,0
2009,7,15,0,0,10.083,0
2009,7,15,6,0,17.417,0
2009,7,15,12,0,24.667,0
2009,7,15,18,0,18.102,0
2009,7,16,0,0,11.935,0
2009,7,16,6,0,20.63,0
2009,7,16,12,0,26.481,0
2009,7,16,18,0,18.722,0
2009,7,17,0,0,12.435,0
2009,7,17,6,0,20.389,0
2009,7,17,12,0,25.769,0
2009,7,17,18,0,17.944,0
2009,7,18,0,0,12.704,0
2009,7,18,6,0,20.444,0
2009,7,18,12,0,23.602,0
2009,7,18,18,0,15.954,0
2009,7,19,0,0,10.907,0
2009,7,19,6,0,17.259,0
2009,7,19,12,0,24.222,0
2009,7,19,18,0,16.491,0
2009,7,20,0,0,10.083,0
2009,7,20,6,0,18.324,0
2009,7,20,12,0,25.731,0
2009,7,20,18,0,16.787,0
2009,7,21,0,0,11.741,0
2009,7,21,6,0,20.648,0
2009,7,21,12,0,25.481,0
2009,7,21,18,0,17.972,0
2009,7,22,0,0,12.444,0
2009,7,22,6,0,17.287,0
2009,7,22,12,0,21.676,0
2009,7,22,18,0,15.944,0
2009,7,23,0,0,12.259,0
2009,7,23,6,0,16.741,0
2009,7,23,12,0,21.454,0
2009,7,23,18,0,16.611,0
2009,7,24,0,0,13.759,0
2009,7,24,6,0,18.231,0
2009,7,24,12,0,23.87,0
2009,7,24,18,0.2286,18.5,0
2009,7,25,0,0.5334,15.259,0
2009,7,25,6,0.0254,21.213,0
2009,7,25,12,2.3114,25.259,0
2009,7,25,18,3.2766,19.5,0
2009,7,26,0,0.635,16.87,0
2009,7,26,6,0,21.861,0
2009,7,26,12,0,27.796,0
2009,7,26,18,0,21.083,0
2009,7,27,0,0,16.63,0
2009,7,27,6,0,23.444,0
2009,7,27,12,0,30.333,0
2009,7,27,18,0,23.074,0
2009,7,28,0,0,18.583,0
2009,7,28,6,0,24.88,0
2009,7,28,12,0,32.296,0
2009,7,28,18,0,24.213,0
2009,7,29,0,0,18.731,0
2009,7,29,6,0,26.315,0
2009,7,29,12,0,32.565,0
2009,7,29,18,0,25.37,0
2009,7,30,0,0,20.296,0
2009,7,30,6,0,25.315,0
2009,7,30,12,0,28.361,0
2009,7,30,18,0,20.88,0
2009,7,31,0,0,15.556,0
2009,7,31,6,0,19.991,0
2009,7,31,12,0,26.204,0
2009,7,31,18,0,19.102,0
2009,8,1,0,0,13.88,0
2009,8,1,6,0,20.861,0
2009,8,1,12,0,26.898,0
2009,8,1,18,0,19.713,0
2009,8,2,0,0,14.296,0
2009,8,2,6,0,21.889,0
2009,8,2,12,0,26.398,0
2009,8,2,18,0,18.898,0
2009,8,3,0,0,13.454,0
2009,8,3,6,0,19.38,0
2009,8,3,12,0,23.75,0
2009,8,3,18,0,16.852,0
2009,8,4,0,0,12.139,0
2009,8,4,6,0,16.722,0
2009,8,4,12,0,20.009,0
2009,8,4,18,0,15.037,0
2009,8,5,0,0,11.713,0
2009,8,5,6,0,15.519,0
2009,8,5,12,0,18.611,0
2009,8,5,18,0,13.907,0
2009,8,6,0,0,10.444,0
2009,8,6,6,0,14.602,0
2009,8,6,12,0,17.833,0
2009,8,6,18,0.0254,13.833,0
2009,8,7,0,1.016,11.519,0
2009,8,7,6,0.6858,14.278,0
2009,8,7,12,0.127,17.852,0
2009,8,7,18,0.0254,14.537,0
2009,8,8,0,0.7112,12.287,0
2009,8,8,6,0,15.963,0
2009,8,8,12,0,19.148,0
2009,8,8,18,0,15.556,0
2009,8,9,0,0,13.685,0
2009,8,9,6,0,16.898,0
2009,8,9,12,0,19.093,0
2009,8,9,18,0,14.861,0
2009,8,10,0,0.254,12.824,0
2009,8,10,6,7.3914,15.046,0
2009,8,10,12,20.7772,18.213,0
2009,8,10,18,9.398,15.481,0
2009,8,11,0,3.8354,13.083,0
2009,8,11,6,2.8194,14.685,0
2009,8,11,12,0,19.778,0
2009,8,11,18,0.5842,13.833,0
2009,8,12,0,0.762,10.611,0
2009,8,12,6,0.0508,15.694,0
2009,8,12,12,0,18.602,0
2009,8,12,18,0.2794,14.333,0
2009,8,13,0,0.7112,11.287,0
2009,8,13,6,0.9144,14.639,0
2009,8,13,12,1.4224,15.519,0
2009,8,13,18,4.3942,12.065,0
2009,8,14,0,5.969,11.565,0
2009,8,14,6,0.7112,13.556,0
2009,8,14,12,0,16.694,0
2009,8,14,18,0.0254,13.602,0
2009,8,15,0,0.254,11.898,0
2009,8,15,6,0,15.648,0
2009,8,15,12,0,19.333,0
2009,8,15,18,0,13.38,0
2009,8,16,0,0,9.917,0
2009,8,16,6,0,15.981,0
2009,8,16,12,0,21.769,0
2009,8,16,18,0,14.13,0
2009,8,17,0,0,11.25,0
2009,8,17,6,0,18.565,0
2009,8,17,12,0,24.074,0
2009,8,17,18,0,16.528,0
2009,8,18,0,0,12.519,0
2009,8,18,6,0,20.25,0
2009,8,18,12,0,25.954,0
2009,8,18,18,0,17.352,0
2009,8,19,0,0,14.046,0
2009,8,19,6,0,20.167,0
2009,8,19,12,0,25.389,0
2009,8,19,18,0,19.472,0
2009,8,20,0,0,15.796,0
2009,8,20,6,0,19.898,0
2009,8,20,12,0,22.806,0
2009,8,20,18,0,18.296,0
2009,8,21,0,0,15.407,0
2009,8,21,6,0,17.694,0
2009,8,21,12,0,20.306,0
2009,8,21,18,0,15.389,0
2009,8,22,0,0,11.296,0
2009,8,22,6,0,15.704,0
2009,8,22,12,0,19.954,0
2009,8,22,18,0,12.824,0
2009,8,23,0,0,9.352,0
2009,8,23,6,0,15.157,0
2009,8,23,12,0,20.917,0
2009,8,23,18,0,11.556,0
2009,8,24,0,0,7.722,0
2009,8,24,6,0,14.315,0
2009,8,24,12,0,20.13,0
2009,8,24,18,0,12.565,0
2009,8,25,0,0,9.676,0
2009,8,25,6,0,15.454,0
2009,8,25,12,0,20.148,0
2009,8,25,18,0,12.194,0
2009,8,26,0,0,8.88,0
2009,8,26,6,0,15.574,0
2009,8,26,12,0,23.685,0
2009,8,26,18,0,12.787,0
2009,8,27,0,0,9.222,0
2009,8,27,6,0,17.491,0
2009,8,27,12,0,24.787,0
2009,8,27,18,0,15.231,0
2009,8,28,0,0,10.917,0
2009,8,28,6,0,18.444,0
2009,8,28,12,0,22.713,0
2009,8,28,18,0,15.75,0
2009,8,29,0,0,14.028,0
2009,8,29,6,0,17.741,0
2009,8,29,12,0,22.602,0
2009,8,29,18,0,14.352,0
2009,8,30,0,0,11.176,0
2009,8,30,6,0,16.88,0
2009,8,30,12,0,22.472,0
2009,8,30,18,0,14.787,0
2009,8,31,0,0,11.676,0
2009,8,31,6,0,16.713,0
2009,8,31,12,0,21.111,0
2009,8,31,18,0,14.241,0
2009,9,1,0,0,12.157,0
2009,9,1,6,0,18.083,0
2009,9,1,12,0,21.259,0
2009,9,1,18,0,14.796,0
2009,9,2,0,0.0254,12.926,0
2009,9,2,6,0,16.722,0
2009,9,2,12,0,20.852,0
2009,9,2,18,0,15.472,0
2009,9,3,0,5.0038,13.259,0
2009,9,3,6,1.8034,16.583,0
2009,9,3,12,0.0508,18.315,0
2009,9,3,18,0.3048,12.824,0
2009,9,4,0,0.508,12.176,0
2009,9,4,6,0,16.657,0
2009,9,4,12,0,19.898,0
2009,9,4,18,0.0254,15.222,0
2009,9,5,0,1.3716,13.676,0
2009,9,5,6,1.2192,16.759,0
2009,9,5,12,0.127,17.102,0
2009,9,5,18,0.2286,13.63,0
2009,9,6,0,3.7592,12.204,0
2009,9,6,6,1.8542,14.528,0
2009,9,6,12,3.1496,15.787,0
2009,9,6,18,16.891,12.074,0
2009,9,7,0,13.97,10.991,0
2009,9,7,6,0.1778,13.463,0
2009,9,7,12,0.254,17.333,0
2009,9,7,18,0.5334,12.074,0
2009,9,8,0,0.5588,9.722,0
2009,9,8,6,0,13.324,0
2009,9,8,12,0,17.028,0
2009,9,8,18,0,12.454,0
2009,9,9,0,1.3462,11.778,0
2009,9,9,6,1.6256,14.778,0
2009,9,9,12,1.651,19.056,0
2009,9,9,18,0.2794,15.583,0
2009,9,10,0,0.254,12,0
2009,9,10,6,0,16.574,0
2009,9,10,12,0,22.685,0
2009,9,10,18,0,13.852,0
2009,9,11,0,0,10.333,0
2009,9,11,6,0,17.657,0
2009,9,11,12,0,25.398,0
2009,9,11,18,0,15.028,0
2009,9,12,0,0,11.565,0
2009,9,12,6,0,18.565,0
2009,9,12,12,0,24.796,0
2009,9,12,18,0,15.222,0
2009,9,13,0,0,11.741,0
2009,9,13,6,0,17.296,0
2009,9,13,12,0,20.38,0
2009,9,13,18,0,14.093,0
2009,9,14,0,0,12.769,0
2009,9,14,6,0,15.694,0
2009,9,14,12,0,19.269,0
2009,9,14,18,0,14.287,0
2009,9,15,0,0,12.444,0
2009,9,15,6,0,15.731,0
2009,9,15,12,0,20.176,0
2009,9,15,18,0,14.537,0
2009,9,16,0,0.0254,12.954,0
2009,9,16,6,0,17.009,0
2009,9,16,12,0.254,19.528,0
2009,9,16,18,0.5842,13.296,0
2009,9,17,0,0.1524,10.157,0
2009,9,17,6,0,15.25,0
2009,9,17,12,0,21.5,0
2009,9,17,18,0,13.296,0
2009,9,18,0,0,13.028,0
2009,9,18,6,0.0254,16.546,0
2009,9,18,12,0,20.528,0
2009,9,18,18,0.4318,15.037,0
2009,9,19,0,8.8392,12.583,0
2009,9,19,6,5.8166,15.204,0
2009,9,19,12,0.2032,17.37,0
2009,9,19,18,1.143,13.25,0
2009,9,20,0,1.7272,10.583,0
2009,9,20,6,0,13.12,0
2009,9,20,12,0,17.528,0
2009,9,20,18,0,10.63,0
2009,9,21,0,0,8.824,0
2009,9,21,6,0,14.722,0
2009,9,21,12,0,22.407,0
2009,9,21,18,0,11.778,0
2009,9,22,0,0,8.315,0
2009,9,22,6,0,16.074,0
2009,9,22,12,0,24.657,0
2009,9,22,18,0,14.157,0
2009,9,23,0,0,10.306,0
2009,9,23,6,0,16.157,0
2009,9,23,12,0,21.787,0
2009,9,23,18,0,12.676,0
2009,9,24,0,0,8.833,0
2009,9,24,6,0,13.583,0
2009,9,24,12,0,19.25,0
2009,9,24,18,0,9.796,0
2009,9,25,0,0,6.389,0
2009,9,25,6,0,11.528,0
2009,9,25,12,0,17.593,0
2009,9,25,18,0,9.787,0
2009,9,26,0,0,7.481,0
2009,9,26,6,0,11.954,0
2009,9,26,12,0,17.63,0
2009,9,26,18,0,7.213,0
2009,9,27,0,0,3.574,0.03
2009,9,27,6,0,8.454,0.00833333333333333
2009,9,27,12,0,16.315,0
2009,9,27,18,0,6.213,0.0883333333333333
2009,9,28,0,0,5.269,0.0966666666666667
2009,9,28,6,0,10.093,0
2009,9,28,12,0,12.991,0
2009,9,28,18,3.4798,8.25,0
2009,9,29,0,0.4318,6.546,0
2009,9,29,6,0.3556,7.583,0
2009,9,29,12,2.6416,9.907,0
2009,9,29,18,0.2032,7.287,0
2009,9,30,0,1.1176,7.028,0
2009,9,30,6,0.0254,8.648,0
2009,9,30,12,0.1524,10.704,0
2009,9,30,18,0.762,6.796,0
2009,10,1,0,0.3302,8,0
2009,10,1,6,3.5814,9.519,0
2009,10,1,12,3.5052,11.194,0
2009,10,1,18,0.4318,8.62,0
2009,10,2,0,1.397,6.981,0
2009,10,2,6,0.3048,8.852,0
2009,10,2,12,0,11.759,0
2009,10,2,18,1.4986,4.111,0
2009,10,3,0,1.9304,2.935,0.0116666666666667
2009,10,3,6,0.127,7.324,0.005
2009,10,3,12,0,14.722,0
2009,10,3,18,1.0414,6.852,0
2009,10,4,0,0.9398,4.926,0
2009,10,4,6,0,9.12,0
2009,10,4,12,0,15.972,0
2009,10,4,18,0.2032,9.685,0
2009,10,5,0,0.3302,5.287,0.0116666666666667
2009,10,5,6,0,9.204,0
2009,10,5,12,0,13.694,0
2009,10,5,18,0,5.907,0
2009,10,6,0,0,3.111,0.208333333333333
2009,10,6,6,0,7.639,0.0283333333333333
2009,10,6,12,0,13.796,0
2009,10,6,18,0,6.787,0
2009,10,7,0,0,4.565,0
2009,10,7,6,0,7.843,0
2009,10,7,12,0,13.898,0
2009,10,7,18,0,5.12,0.00666666666666667
2009,10,8,0,0,1.685,0.475
2009,10,8,6,0,6.852,0.128333333333333
2009,10,8,12,0,12.898,0
2009,10,8,18,0,7.037,0
2009,10,9,0,0,5.593,0
2009,10,9,6,0,7.861,0
2009,10,9,12,0,11.898,0
2009,10,9,18,0,6.139,0
2009,10,10,0,0,4.926,0
2009,10,10,6,0,7.787,0
2009,10,10,12,0,11.38,0
2009,10,10,18,0,3.417,0.448333333333333
2009,10,11,0,0,-0.343,0.998333333333333
2009,10,11,6,0,4.231,0.513333333333333
2009,10,11,12,0,9.75,0
2009,10,11,18,0,0.926,0.876666666666667
2009,10,12,0,0,-1.315,1
2009,10,12,6,0,5.824,0.355
2009,10,12,12,0,9.657,0
2009,10,12,18,0,4.796,0.0783333333333334
2009,10,13,0,0,4.343,0.065
2009,10,13,6,0.3048,9.111,0
2009,10,13,12,4.0894,11.963,0
2009,10,13,18,3.7084,8.806,0
2009,10,14,0,15.367,7.75,0
2009,10,14,6,7.62,10.796,0
2009,10,14,12,4.1656,12.546,0
2009,10,14,18,9.8806,9.296,0
2009,10,15,0,0.8636,8.759,0
2009,10,15,6,0.0254,10.926,0
2009,10,15,12,0,14.741,0
2009,10,15,18,1.778,11.694,0
2009,10,16,0,0.8636,11.056,0
2009,10,16,6,10.6172,12.833,0
2009,10,16,12,3.9878,13.648,0
2009,10,16,18,9.652,12.991,0
2009,10,17,0,27.4574,13.731,0
2009,10,17,6,18.796,14.287,0
2009,10,17,12,28.1432,13.241,0
2009,10,17,18,4.8006,10.519,0
2009,10,18,0,1.7272,10,0
2009,10,18,6,0.0254,10.481,0
2009,10,18,12,0,12.065,0
2009,10,18,18,0.5334,8.5,0
2009,10,19,0,0.508,7.093,0
2009,10,19,6,0.0254,8.528,0
2009,10,19,12,0,11.769,0
2009,10,19,18,0.0762,8.259,0
2009,10,20,0,0.0762,6.907,0
2009,10,20,6,0,8.472,0
2009,10,20,12,0,12.741,0
2009,10,20,18,0,9.759,0
2009,10,21,0,1.397,8.556,0
2009,10,21,6,5.8928,10.593,0
2009,10,21,12,3.6068,11.426,0
2009,10,21,18,0.1778,8.528,0
2009,10,22,0,0.1778,6.87,0
2009,10,22,6,0,8.241,0
2009,10,22,12,0,10.62,0
2009,10,22,18,0.7112,7.889,0
2009,10,23,0,9.8044,7.574,0
2009,10,23,6,16.0782,9.38,0
2009,10,23,12,10.2616,10.926,0
2009,10,23,18,3.429,8.028,0
2009,10,24,0,0.8636,5.046,0
2009,10,24,6,0,5.574,0.00166666666666667
2009,10,24,12,0,8.194,0
2009,10,24,18,0,2.769,0.085
2009,10,25,0,0.0508,1.731,0.243333333333333
2009,10,25,6,0.1016,5.38,0.0166666666666667
2009,10,25,12,3.2004,8.611,0
2009,10,25,18,8.3058,5.917,0
2009,10,26,0,16.3576,8.213,0
2009,10,26,6,26.9494,8.324,0
2009,10,26,12,2.921,6.981,0
2009,10,26,18,4.2418,4.389,0
2009,10,27,0,0.508,3.435,0
2009,10,27,6,0.1778,4.63,0
2009,10,27,12,0,6.296,0
2009,10,27,18,0.1778,3.5,0.00333333333333333
2009,10,28,0,0.1524,1.778,0.213333333333333
2009,10,28,6,0,3.565,0.128333333333333
2009,10,28,12,0,5.833,0
2009,10,28,18,2.2606,2.269,0.128333333333333
2009,10,29,0,2.7178,2.444,0.0516666666666667
2009,10,29,6,2.5654,4.25,0
2009,10,29,12,6.5278,8.472,0
2009,10,29,18,1.7018,9.102,0
2009,10,30,0,4.191,7.574,0
2009,10,30,6,1.3716,9.167,0
2009,10,30,12,2.667,12.074,0
2009,10,30,18,8.3566,9.907,0
2009,10,31,0,5.2578,8.259,0
2009,10,31,6,3.6322,7.972,0
2009,10,31,12,0.4826,8.843,0
2009,10,31,18,0.4318,5.12,0
2009,11,1,0,0.254,2.713,0.0216666666666667
2009,11,1,6,0,4.917,0.005
2009,11,1,12,0,8.537,0
2009,11,1,18,0,3.602,0.005
2009,11,2,0,0,3.898,0.01
2009,11,2,6,0.0508,6.352,0
2009,11,2,12,1.7272,7.713,0
2009,11,2,18,0.1524,3.87,0
2009,11,3,0,0,2.574,0.0366666666666667
2009,11,3,6,0,4.444,0.025
2009,11,3,12,0.0254,8.769,0
2009,11,3,18,0,4.833,0.04
2009,11,4,0,0.0254,5.074,0.04
2009,11,4,6,0,7.324,0.00666666666666667
2009,11,4,12,0,11.204,0
2009,11,4,18,0,8.87,0
2009,11,5,0,0.0254,8.963,0
2009,11,5,6,4.2164,8.444,0
2009,11,5,12,8.6614,9.926,0
2009,11,5,18,11.43,8.454,0
2009,11,6,0,7.874,6.167,0
2009,11,6,6,4.826,5.481,0
2009,11,6,12,4.445,6.37,0
2009,11,6,18,4.2672,5.222,0
2009,11,7,0,3.5306,4.731,0
2009,11,7,6,7.493,5.222,0
2009,11,7,12,5.2578,6.546,0
2009,11,7,18,2.1844,4.231,0
2009,11,8,0,3.2004,2.963,0.01
2009,11,8,6,0.6858,4.565,0.00333333333333333
2009,11,8,12,0,7.704,0
2009,11,8,18,0,5.491,0
2009,11,9,0,0,5.426,0
2009,11,9,6,3.8608,7.019,0
2009,11,9,12,6.0706,7.954,0
2009,11,9,18,2.6924,5.435,0
2009,11,10,0,3.429,4.806,0
2009,11,10,6,1.4732,5.185,0
2009,11,10,12,4.6482,6.944,0
2009,11,10,18,7.62,5.361,0
2009,11,11,0,3.4544,5.148,0
2009,11,11,6,1.3208,4.991,0
2009,11,11,12,0.6858,6.667,0
2009,11,11,18,0.0254,3.759,0
2009,11,12,0,0,2.528,0.045
2009,11,12,6,0,3.148,0.0933333333333333
2009,11,12,12,0,5.352,0
2009,11,12,18,0,1.806,0.23
2009,11,13,0,1.3716,1.972,0.195
2009,11,13,6,6.6802,4.12,0
2009,11,13,12,2.032,3.269,0.0483333333333333
2009,11,13,18,1.27,1.028,0.53
2009,11,14,0,0.0508,-0.25,0.916666666666667
2009,11,14,6,0,1.352,0.483333333333333
2009,11,14,12,0,4.324,0.0283333333333333
2009,11,14,18,0.4318,2.324,0.131666666666667
2009,11,15,0,3.0226,3.889,0.00333333333333333
2009,11,15,6,8.128,5.167,0
2009,11,15,12,2.3368,6.62,0
2009,11,15,18,1.905,6.87,0
2009,11,16,0,1.778,7.278,0
2009,11,16,6,7.1882,7.602,0
2009,11,16,12,13.0302,7.769,0
2009,11,16,18,11.4554,6.731,0
2009,11,17,0,14.859,7.454,0
2009,11,17,6,4.445,5.657,0
2009,11,17,12,4.7244,4.944,0
2009,11,17,18,10.9474,2.806,0.0266666666666667
2009,11,18,0,1.651,2.343,0.0733333333333333
2009,11,18,6,0.254,2.537,0.196666666666667
2009,11,18,12,1.3462,5.333,0
2009,11,18,18,3.2512,4.907,0
2009,11,19,0,5.4102,5.667,0
2009,11,19,6,10.7188,5.88,0
2009,11,19,12,8.4836,6.954,0
2009,11,19,18,3.556,7.444,0
2009,11,20,0,7.7978,7.981,0
2009,11,20,6,6.5024,7.491,0
2009,11,20,12,0.3302,7.111,0
2009,11,20,18,4.5974,4.361,0
2009,11,21,0,2.5908,3.324,0.04
2009,11,21,6,0.3556,2.87,0.106666666666667
2009,11,21,12,1.8542,4.259,0.00166666666666667
2009,11,21,18,9.271,4.769,0
2009,11,22,0,9.8298,4.472,0
2009,11,22,6,8.6106,4.657,0
2009,11,22,12,3.2004,4.315,0
2009,11,22,18,3.7846,3.417,0.00833333333333333
2009,11,23,0,0,2.907,0.05
2009,11,23,6,0.9906,4.13,0.00333333333333333
2009,11,23,12,2.8448,5.537,0
2009,11,23,18,2.0066,5.074,0
2009,11,24,0,0.0762,4.148,0
2009,11,24,6,0,4.806,0
2009,11,24,12,0.3048,6.917,0
2009,11,24,18,0.6858,6.861,0
2009,11,25,0,0,5.944,0
2009,11,25,6,1.0922,6.694,0
2009,11,25,12,9.906,7.861,0
2009,11,25,18,17.1196,6.417,0
2009,11,26,0,23.2156,6.019,0
2009,11,26,6,8.7884,6.759,0
2009,11,26,12,0,6.676,0
2009,11,26,18,0.127,4.713,0
2009,11,27,0,0,3.185,0.0716666666666667
2009,11,27,6,0,3.046,0.14
2009,11,27,12,0,5,0.00833333333333333
2009,11,27,18,0.0508,1.991,0.155
2009,11,28,0,3.6322,3.352,0.00833333333333333
2009,11,28,6,3.3274,5.556,0
2009,11,28,12,3.0734,6.694,0
2009,11,28,18,1.651,5.491,0
2009,11,29,0,1.9304,5.454,0
2009,11,29,6,0.6858,6.269,0
2009,11,29,12,0.254,6.852,0
2009,11,29,18,0.508,5.25,0
2009,11,30,0,0.6096,5.324,0
2009,11,30,6,4.318,6.12,0
2009,11,30,12,3.2512,5.583,0
2009,11,30,18,0.0508,2.093,0.136666666666667
2009,12,1,0,0,0.444,0.758333333333333
2009,12,1,6,0,1.324,0.578333333333333
2009,12,1,12,0,2.954,0.26
2009,12,1,18,0,-1.269,1
2009,12,2,0,0,-2.38,1
2009,12,2,6,0,-0.426,0.923333333333333
2009,12,2,12,0,1.583,0.613333333333333
2009,12,2,18,0,-2.602,1
2009,12,3,0,0,-2.806,1
2009,12,3,6,0,-0.472,0.901666666666667
2009,12,3,12,0,2.352,0.445
2009,12,3,18,0,-1.056,0.998333333333333
2009,12,4,0,0,-1.167,1
2009,12,4,6,0,-0.454,0.85
2009,12,4,12,0,1.139,0.515
2009,12,4,18,0,0.12,0.91
2009,12,5,0,0,-0.602,0.991666666666667
2009,12,5,6,0,-0.843,0.996666666666667
2009,12,5,12,0,-0.111,0.988333333333333
2009,12,5,18,0,-1.611,1
2009,12,6,0,0,-0.852,1
2009,12,6,6,0,-1.435,1
2009,12,6,12,0,-1.537,1
2009,12,6,18,0,-4.37,1
2009,12,7,0,0,-6.13,1
2009,12,7,6,0,-5.278,1
2009,12,7,12,0,-4.074,1
2009,12,7,18,0,-7.815,1
2009,12,8,0,0,-9.185,1
2009,12,8,6,0,-6.537,1
2009,12,8,12,0,-4.148,1
2009,12,8,18,0,-8.815,1
2009,12,9,0,0,-8.63,1
2009,12,9,6,0,-5.537,1
2009,12,9,12,0,-4.759,1
2009,12,9,18,0,-9.481,1
2009,12,10,0,0,-10.287,1
2009,12,10,6,0,-7.37,1
2009,12,10,12,0,-3.935,1
2009,12,10,18,0,-6.75,1
2009,12,11,0,0,-6.296,1
2009,12,11,6,0,-4.13,1
2009,12,11,12,0,-1.963,1
2009,12,11,18,0,-5.009,1
2009,12,12,0,0,-5.343,1
2009,12,12,6,0,-3.204,1
2009,12,12,12,0,-1.861,0.993333333333333
2009,12,12,18,0,-5.306,1
2009,12,13,0,0,-6.926,1
2009,12,13,6,0.1524,-5.102,1
2009,12,13,12,0.4064,-3.037,1
2009,12,13,18,0.1778,-3.25,1
2009,12,14,0,0.0254,-4.769,1
2009,12,14,6,0.0254,-6.093,1
2009,12,14,12,0.0762,-3.583,1
2009,12,14,18,7.9756,-1.861,0.978333333333333
2009,12,15,0,1.3462,0.657,0.573333333333333
2009,12,15,6,0.2794,0.852,0.441666666666667
2009,12,15,12,10.3378,2,0.193333333333333
2009,12,15,18,2.9972,3.991,0.04
2009,12,16,0,1.4478,3.759,0.0333333333333333
2009,12,16,6,1.5494,4.87,0.00666666666666667
2009,12,16,12,9.5758,5.407,0
2009,12,16,18,8.1026,4.111,0
2009,12,17,0,0.1778,3.593,0.00166666666666667
2009,12,17,6,0.0254,3.556,0.0133333333333333
2009,12,17,12,0,4.731,0
2009,12,17,18,0.254,4.491,0
2009,12,18,0,0,4.694,0
2009,12,18,6,1.0922,4.815,0
2009,12,18,12,2.3368,5.019,0
2009,12,18,18,1.143,4.204,0
2009,12,19,0,2.3622,4.593,0
2009,12,19,6,0,4.343,0
2009,12,19,12,0,4.648,0
2009,12,19,18,8.636,3.991,0
2009,12,20,0,1.143,4.583,0
2009,12,20,6,2.8956,5.5,0
2009,12,20,12,1.4478,6.824,0
2009,12,20,18,2.9718,4.63,0
2009,12,21,0,6.2992,5.898,0
2009,12,21,6,8.3566,5.87,0
2009,12,21,12,4.191,3.741,0.0216666666666667
2009,12,21,18,2.9718,0.722,0.526666666666667
2009,12,22,0,0.0762,-0.546,0.941666666666667
2009,12,22,6,0,0,0.771666666666667
2009,12,22,12,0,1.157,0.46
2009,12,22,18,0.127,-1.87,1
2009,12,23,0,0,-2.204,1
2009,12,23,6,0,-1.519,0.94
2009,12,23,12,0,-0.213,0.835
2009,12,23,18,0,-2.25,1
2009,12,24,0,0,-2.222,1
2009,12,24,6,0,-0.287,0.808333333333333
2009,12,24,12,0,1.731,0.388333333333333
2009,12,24,18,0,-1.602,1
2009,12,25,0,0,-2.667,1
2009,12,25,6,0,-1.25,0.923333333333333
2009,12,25,12,0,2.398,0.55
2009,12,25,18,0,-0.5,0.996666666666667
2009,12,26,0,0,-2.361,1
2009,12,26,6,0,0.074,0.77
2009,12,26,12,0,2.963,0.37
2009,12,26,18,0,-1.417,1
2009,12,27,0,0,-3.389,1
2009,12,27,6,0,-1.824,0.978333333333333
2009,12,27,12,0,0.056,0.816666666666667
2009,12,27,18,0,-3.537,1
2009,12,28,0,0,-4.102,1
2009,12,28,6,0,-1.028,0.896666666666667
2009,12,28,12,0,1.454,0.283333333333333
2009,12,28,18,0,0.759,0.486666666666667
2009,12,29,0,0,-0.38,0.808333333333333
2009,12,29,6,0,-1.296,0.923333333333333
2009,12,29,12,0,0.407,0.691666666666667
2009,12,29,18,0,-1.259,1
2009,12,30,0,0.4318,0.231,0.756666666666666
2009,12,30,6,2.7432,0.843,0.49
2009,12,30,12,4.826,2.019,0.085
2009,12,30,18,1.2446,1.269,0.24
2009,12,31,0,0.1524,0.861,0.38
2009,12,31,6,0,1.593,0.275
2009,12,31,12,4.9276,3.648,0.0416666666666667
2009,12,31,18,3.3782,3.556,0.00333333333333333
2010,1,1,0,0.3556,3.685,0
2010,1,1,6,4.9784,5.185,0
2010,1,1,12,4.3434,5.861,0
2010,1,1,18,12.5476,5.139,0
2010,1,2,0,11.3284,4.917,0
2010,1,2,6,2.4638,5.157,0
2010,1,2,12,2.3368,5.463,0
2010,1,2,18,0.0762,4.62,0
2010,1,3,0,0.1016,2.62,0.0833333333333333
2010,1,3,6,0,2.546,0.143333333333333
2010,1,3,12,0,4.528,0
2010,1,3,18,1.6764,4.231,0
2010,1,4,0,1.6256,4.509,0
2010,1,4,6,19.2024,4.843,0
2010,1,4,12,11.8618,5.111,0
2010,1,4,18,0.9398,4.63,0
2010,1,5,0,1.0668,4.722,0
2010,1,5,6,0.4064,4.796,0
2010,1,5,12,0,4.167,0.0183333333333333
2010,1,5,18,0,0.722,0.708333333333333
2010,1,6,0,0,0.556,0.925
2010,1,6,6,0,0.824,0.788333333333333
2010,1,6,12,0,2.176,0.365
2010,1,6,18,0,-0.306,0.973333333333333
2010,1,7,0,0,-0.37,0.976666666666667
2010,1,7,6,0,0.991,0.7
2010,1,7,12,0,3.306,0.0966666666666667
2010,1,7,18,0.2032,2.648,0.126666666666667
2010,1,8,0,5.5372,1.963,0.153333333333333
2010,1,8,6,2.2352,3.269,0.0433333333333333
2010,1,8,12,4.5212,6.231,0
2010,1,8,18,15.5702,4.13,0
2010,1,9,0,0.0762,4.222,0
2010,1,9,6,0,5.213,0
2010,1,9,12,0.0508,7.315,0
2010,1,9,18,0,4.241,0.00333333333333333
2010,1,10,0,0,5.333,0
2010,1,10,6,0,6.602,0
2010,1,10,12,0,9.417,0
2010,1,10,18,1.1176,7.213,0
2010,1,11,0,3.2004,9.25,0
2010,1,11,6,10.6426,9.102,0
2010,1,11,12,10.2108,9.481,0
2010,1,11,18,2.0574,10.722,0
2010,1,12,0,11.3792,8.972,0
2010,1,12,6,6.477,8.065,0
2010,1,12,12,4.2926,8.75,0
2010,1,12,18,3.302,6.333,0
2010,1,13,0,0,5.556,0
2010,1,13,6,5.0038,6.741,0
2010,1,13,12,2.1336,7.611,0
2010,1,13,18,2.413,5.926,0
2010,1,14,0,5.6896,5.574,0
2010,1,14,6,1.2446,5.463,0
2010,1,14,12,4.699,6.593,0
2010,1,14,18,6.096,5.981,0
2010,1,15,0,3.7592,7.5,0
2010,1,15,6,17.0434,6.935,0
2010,1,15,12,2.3368,6.028,0
2010,1,15,18,0.1778,2.815,0.025
2010,1,16,0,0,1.157,0.35
2010,1,16,6,0,1.731,0.396666666666667
2010,1,16,12,0,5.009,0
2010,1,16,18,0.8382,3.37,0.00666666666666667
2010,1,17,0,2.9464,4.907,0
2010,1,17,6,0.8382,5.917,0
2010,1,17,12,0,7.648,0
2010,1,17,18,0.9652,6.019,0
2010,1,18,0,0.6096,6.843,0
2010,1,18,6,0.0762,7.481,0
2010,1,18,12,0,7.824,0
2010,1,18,18,0,5.88,0
2010,1,19,0,0,6.278,0
2010,1,19,6,0.0762,7.676,0
2010,1,19,12,0,9.259,0
2010,1,19,18,0.2286,6.944,0
2010,1,20,0,0.1016,4.75,0
2010,1,20,6,0,6.426,0
2010,1,20,12,0,8.444,0
2010,1,20,18,0,4.398,0.00333333333333333
2010,1,21,0,0,3.759,0.005
2010,1,21,6,0,5.083,0.00833333333333333
2010,1,21,12,0,8.472,0
2010,1,21,18,0,5.306,0
2010,1,22,0,0,1.491,0.578333333333333
2010,1,22,6,0,3.333,0.281666666666667
2010,1,22,12,0,6.657,0
2010,1,22,18,0,1.648,0.563333333333333
2010,1,23,0,0,-0.009,0.886666666666667
2010,1,23,6,0,1.704,0.438333333333333
2010,1,23,12,0,4.769,0
2010,1,23,18,0,0.231,0.755
2010,1,24,0,0,-0.519,0.998333333333333
2010,1,24,6,0,2.574,0.331666666666667
2010,1,24,12,2.8956,5.657,0
2010,1,24,18,3.3528,4.046,0
2010,1,25,0,0.889,3.926,0.00166666666666667
2010,1,25,6,0,3.611,0.04
2010,1,25,12,0,5.981,0
2010,1,25,18,0,3.083,0.0233333333333333
2010,1,26,0,0,0.444,0.673333333333333
2010,1,26,6,0,1.519,0.483333333333333
2010,1,26,12,0,6.204,0
2010,1,26,18,0,1.444,0.37
2010,1,27,0,0,0.435,0.643333333333333
2010,1,27,6,0,1.991,0.403333333333333
2010,1,27,12,0,6.481,0
2010,1,27,18,0,3.269,0.0633333333333333
2010,1,28,0,0,3.278,0.06
2010,1,28,6,0,5.306,0.00333333333333333
2010,1,28,12,0,7.88,0
2010,1,28,18,0,4.25,0.141666666666667
2010,1,29,0,0,4.759,0.0283333333333333
2010,1,29,6,0,5.917,0.005
2010,1,29,12,0.0508,7.287,0
2010,1,29,18,0.7112,5.139,0
2010,1,30,0,1.7526,4.759,0
2010,1,30,6,4.572,5.657,0
2010,1,30,12,2.032,6.741,0
2010,1,30,18,0.5588,4.796,0
2010,1,31,0,1.0414,4.565,0
2010,1,31,6,1.4224,5.157,0
2010,1,31,12,0.2794,5.954,0
2010,1,31,18,0.127,4.463,0
2010,2,1,0,0,3.685,0
2010,2,1,6,0,4.306,0.00166666666666667
2010,2,1,12,1.27,6.574,0
2010,2,1,18,2.3114,5.009,0
2010,2,2,0,0.381,4.546,0
2010,2,2,6,1.778,5.167,0
2010,2,2,12,0,7.269,0
2010,2,2,18,0,3.639,0.0133333333333333
2010,2,3,0,0,2.139,0.133333333333333
2010,2,3,6,0,4.074,0.0616666666666667
2010,2,3,12,0.508,8.139,0
2010,2,3,18,0.762,4.111,0.01
2010,2,4,0,0.6604,3.306,0
2010,2,4,6,0,4.657,0.00166666666666667
2010,2,4,12,0,9.019,0
2010,2,4,18,0.0508,5.472,0
2010,2,5,0,2.667,4.944,0
2010,2,5,6,2.4384,7.231,0
2010,2,5,12,0,9.167,0
2010,2,5,18,0,3.759,0.045
2010,2,6,0,0,3.407,0.0683333333333333
2010,2,6,6,0,5.435,0.005
2010,2,6,12,0,8,0
2010,2,6,18,0,4.75,0
2010,2,7,0,0.7874,3.463,0.00833333333333333
2010,2,7,6,0.762,4.991,0.00333333333333333
2010,2,7,12,0.0508,7.398,0
2010,2,7,18,0.2286,3.528,0.00166666666666667
2010,2,8,0,0.2794,3.426,0
2010,2,8,6,0,4.972,0
2010,2,8,12,0,7.417,0
2010,2,8,18,0,1.046,0.608333333333333
2010,2,9,0,0,-1.435,1
2010,2,9,6,0,1.806,0.458333333333333
2010,2,9,12,0,6.361,0
2010,2,9,18,0,-0.528,0.871666666666667
2010,2,10,0,0,-1.222,1
2010,2,10,6,0,2.75,0.24
2010,2,10,12,0,5.88,0
2010,2,10,18,0,2.852,0.07
2010,2,11,0,0,3.62,0.00833333333333333
2010,2,11,6,3.0226,5.944,0
2010,2,11,12,2.921,8.093,0
2010,2,11,18,3.7338,8.102,0
2010,2,12,0,2.159,7.565,0
2010,2,12,6,0.635,5.926,0
2010,2,12,12,1.0414,7.75,0
2010,2,12,18,1.4986,5.787,0
2010,2,13,0,0.4064,4.991,0
2010,2,13,6,0.1778,5.574,0
2010,2,13,12,2.7686,7.046,0
2010,2,13,18,0.8382,7.25,0
2010,2,14,0,8.7884,7.796,0
2010,2,14,6,19.7358,7.306,0
2010,2,14,12,3.9878,6.806,0
2010,2,14,18,0,2.704,0.166666666666667
2010,2,15,0,0,1.213,0.4
2010,2,15,6,0,3.509,0.185
2010,2,15,12,0,8.167,0
2010,2,15,18,4.1402,6.111,0
2010,2,16,0,12.2174,5.231,0
2010,2,16,6,9.3726,7.759,0
2010,2,16,12,0.7874,9.028,0
2010,2,16,18,0,4.454,0.0366666666666667
2010,2,17,0,0,0.528,0.663333333333333
2010,2,17,6,0,4.213,0.243333333333333
2010,2,17,12,0,9.926,0
2010,2,17,18,0,4.731,0.0316666666666667
2010,2,18,0,0,2.509,0.298333333333333
2010,2,18,6,0,5.519,0.128333333333333
2010,2,18,12,0,10.491,0
2010,2,18,18,0,2.972,0.34
2010,2,19,0,0,0.398,0.926666666666667
2010,2,19,6,0,4.13,0.378333333333333
2010,2,19,12,0,10.407,0
2010,2,19,18,0,1.991,0.6
2010,2,20,0,0,-0.861,1
2010,2,20,6,0,3.5,0.403333333333333
2010,2,20,12,0,10.028,0
2010,2,20,18,0,0.731,0.786666666666667
2010,2,21,0,0,-2.296,1
2010,2,21,6,0,2.231,0.503333333333333
2010,2,21,12,0,9.63,0
2010,2,21,18,0,1.157,0.8
2010,2,22,0,0,-2.481,1
2010,2,22,6,0,1.75,0.531666666666667
2010,2,22,12,0,8.824,0
2010,2,22,18,0,0.056,0.87
2010,2,23,0,0,-1.537,1
2010,2,23,6,0,3.241,0.43
2010,2,23,12,2.921,7.231,0
2010,2,23,18,2.5908,3.565,0.035
2010,2,24,0,4.0386,3.528,0.00666666666666667
2010,2,24,6,9.9822,5.102,0.00166666666666667
2010,2,24,12,1.2192,7.278,0
2010,2,24,18,18.5928,5.472,0
2010,2,25,0,3.7592,5.157,0
2010,2,25,6,1.016,5.546,0
2010,2,25,12,0,6.917,0
2010,2,25,18,0,5.037,0
2010,2,26,0,1.7018,6.093,0
2010,2,26,6,5.9436,6.731,0
2010,2,26,12,4.6736,7.704,0
2010,2,26,18,1.524,6.028,0
2010,2,27,0,6.1976,5.898,0
2010,2,27,6,1.2192,7.093,0
2010,2,27,12,1.143,8.269,0
2010,2,27,18,1.143,7.269,0
2010,2,28,0,0.3302,6.806,0
2010,2,28,6,0,7.102,0
2010,2,28,12,0,10.176,0
2010,2,28,18,0,5.454,0
2010,3,1,0,0,4.824,0
2010,3,1,6,0,7.843,0
2010,3,1,12,0,11.565,0
2010,3,1,18,0,7.139,0
2010,3,2,0,0,5.019,0
2010,3,2,6,0.1778,7.481,0
2010,3,2,12,0.254,9.954,0
2010,3,2,18,1.4732,5.519,0
2010,3,3,0,1.4986,4.287,0
2010,3,3,6,1.7526,6.62,0
2010,3,3,12,0.3556,9.491,0
2010,3,3,18,0.0254,4.037,0.0166666666666667
2010,3,4,0,0,1.491,0.261666666666667
2010,3,4,6,0,3.787,0.265
2010,3,4,12,0,10.093,0
2010,3,4,18,0,2.88,0.0983333333333333
2010,3,5,0,0,0.907,0.51
2010,3,5,6,0,4.62,0.21
2010,3,5,12,0,10.676,0
2010,3,5,18,0,2.806,0.258333333333333
2010,3,6,0,0,0.685,0.726666666666667
2010,3,6,6,0,3.102,0.401666666666667
2010,3,6,12,0,8.241,0
2010,3,6,18,0,1.583,0.661666666666667
2010,3,7,0,0.0762,-0.731,0.995
2010,3,7,6,0.0254,2.019,0.481666666666667
2010,3,7,12,1.7272,5.667,0
2010,3,7,18,8.7376,2.602,0.06
2010,3,8,0,0.0254,0.898,0.475
2010,3,8,6,0.2032,0.63,0.643333333333333
2010,3,8,12,0.6604,4.222,0.0666666666666667
2010,3,8,18,0.0508,-0.139,0.933333333333333
2010,3,9,0,0,-2.231,1
2010,3,9,6,0,1.009,0.571666666666667
2010,3,9,12,0,5.398,0.00166666666666667
2010,3,9,18,0,0.87,0.7
2010,3,10,0,0,0.324,0.811666666666667
2010,3,10,6,0,2.389,0.27
2010,3,10,12,0,5.25,0.01
2010,3,10,18,0,1.898,0.278333333333333
2010,3,11,0,0.635,1.602,0.368333333333333
2010,3,11,6,4.9276,4.5,0.005
2010,3,11,12,3.7846,5.824,0
2010,3,11,18,2.5654,2.546,0.0783333333333333
2010,3,12,0,5.4864,2.62,0.0416666666666667
2010,3,12,6,8.5598,5.713,0.00166666666666667
2010,3,12,12,1.5494,7.259,0
2010,3,12,18,0.4826,2.167,0.246666666666667
2010,3,13,0,1.2446,1.278,0.41
2010,3,13,6,0.5842,2.583,0.181666666666667
2010,3,13,12,0.1524,6.889,0
2010,3,13,18,0.0762,2.694,0.145
2010,3,14,0,0,0.954,0.566666666666667
2010,3,14,6,0,4.574,0.161666666666667
2010,3,14,12,2.413,9.565,0
2010,3,14,18,3.6322,5.843,0
2010,3,15,0,0.2032,4.593,0
2010,3,15,6,0.5588,5.972,0
2010,3,15,12,0,11.62,0
2010,3,15,18,1.8288,8.88,0
2010,3,16,0,0.3556,6.5,0
2010,3,16,6,0.2286,9.491,0
2010,3,16,12,3.302,9.5,0
2010,3,16,18,2.8194,5.491,0
2010,3,17,0,4.1402,3.093,0.0366666666666667
2010,3,17,6,0.7112,5.093,0.0133333333333333
2010,3,17,12,0.0254,9.176,0
2010,3,17,18,0,1.639,0.443333333333333
2010,3,18,0,0,-1.639,0.983333333333333
2010,3,18,6,0,3.324,0.416666666666667
2010,3,18,12,0,10.796,0
2010,3,18,18,0,1.75,0.646666666666667
2010,3,19,0,0,-0.926,0.998333333333333
2010,3,19,6,0,3.926,0.42
2010,3,19,12,0,11.509,0
2010,3,19,18,0,2.657,0.605
2010,3,20,0,0,0.565,0.986666666666667
2010,3,20,6,0,6.843,0.176666666666667
2010,3,20,12,0,12.074,0
2010,3,20,18,0,6.463,0
2010,3,21,0,0.5334,5.315,0
2010,3,21,6,2.7178,8.88,0
2010,3,21,12,5.3848,9.907,0
2010,3,21,18,4.5466,4.935,0
2010,3,22,0,4.5974,2.972,0.0283333333333333
2010,3,22,6,0.2032,5.463,0.005
2010,3,22,12,0.381,9.491,0
2010,3,22,18,0.0762,4.481,0.00333333333333333
2010,3,23,0,0.2032,2.62,0.0483333333333333
2010,3,23,6,0,5.583,0.00833333333333333
2010,3,23,12,0,11.444,0
2010,3,23,18,0,5.472,0.045
2010,3,24,0,0,3.852,0.103333333333333
2010,3,24,6,0,7.046,0.0166666666666667
2010,3,24,12,0,12.102,0
2010,3,24,18,0,6.722,0.00333333333333333
2010,3,25,0,0,4.954,0.04
2010,3,25,6,4.8768,7.62,0
2010,3,25,12,3.9116,9.019,0
2010,3,25,18,3.0226,6.139,0
2010,3,26,0,12.065,5.259,0
2010,3,26,6,4.1148,6.324,0
2010,3,26,12,0.6858,9.574,0
2010,3,26,18,1.0668,4.259,0.00333333333333333
2010,3,27,0,0.0508,3.88,0
2010,3,27,6,0,6.537,0
2010,3,27,12,0.0254,11.861,0
2010,3,27,18,0.4572,8.917,0
2010,3,28,0,7.3152,6.852,0
2010,3,28,6,1.8034,7,0
2010,3,28,12,3.2004,9.185,0
2010,3,28,18,3.3274,5.417,0
2010,3,29,0,9.779,5.63,0
2010,3,29,6,6.3754,6.713,0
2010,3,29,12,3.1242,7.157,0
2010,3,29,18,3.6576,4.231,0.0166666666666667
2010,3,30,0,0.6604,3.028,0.06
2010,3,30,6,0.2286,5.519,0.005
2010,3,30,12,0.4064,8.157,0
2010,3,30,18,0.6604,2.991,0.0883333333333333
2010,3,31,0,0.3302,1.426,0.293333333333333
2010,3,31,6,0.127,4.444,0.0316666666666667
2010,3,31,12,1.0668,8.417,0
2010,3,31,18,0.0254,2.602,0.181666666666667
2010,4,1,0,0,1.176,0.42
2010,4,1,6,0.2032,4.676,0.005
2010,4,1,12,0.4318,7.556,0
2010,4,1,18,0.0254,2.481,0.19
2010,4,2,0,0.3556,2.296,0.148333333333333
2010,4,2,6,1.5748,4.185,0.0533333333333333
2010,4,2,12,1.0668,6.241,0
2010,4,2,18,2.7432,3.093,0.0466666666666667
2010,4,3,0,3.048,1.926,0.173333333333333
2010,4,3,6,2.9718,3.306,0.143333333333333
2010,4,3,12,1.1938,8.824,0
2010,4,3,18,0.9906,2.694,0.248333333333333
2010,4,4,0,0,1.426,0.413333333333333
2010,4,4,6,0,5.565,0.0133333333333333
2010,4,4,12,0,9.954,0
2010,4,4,18,0,5.787,0
2010,4,5,0,0.4826,3.185,0.055
2010,4,5,6,0.6096,6.074,0.00166666666666667
2010,4,5,12,0.4826,8.713,0
2010,4,5,18,0.4826,4.324,0.00166666666666667
2010,4,6,0,2.5654,2.852,0.0466666666666667
2010,4,6,6,1.4478,4.519,0.02
2010,4,6,12,1.7526,7.389,0
2010,4,6,18,0.2032,4.083,0.00333333333333333
2010,4,7,0,1.5748,2.722,0.0616666666666667
2010,4,7,6,0.0508,4.806,0.00666666666666667
2010,4,7,12,3.3528,7.426,0
2010,4,7,18,6.3246,5.704,0
2010,4,8,0,10.5664,2.833,0.151666666666667
2010,4,8,6,2.3876,1.815,0.441666666666667
2010,4,8,12,0.9144,6.583,0.00166666666666667
2010,4,8,18,2.7432,1.38,0.48
2010,4,9,0,4.4704,0.222,0.746666666666667
2010,4,9,6,0.3302,3.611,0.23
2010,4,9,12,0.1778,9.056,0
2010,4,9,18,0,0.657,0.68
2010,4,10,0,0,-1.722,1
2010,4,10,6,0,5.315,0.2
2010,4,10,12,0,11.843,0
2010,4,10,18,0,4.454,0.18
2010,4,11,0,0,2.722,0.378333333333333
2010,4,11,6,0,8.074,0.0183333333333333
2010,4,11,12,0,13.667,0
2010,4,11,18,0,5.954,0.00833333333333333
2010,4,12,0,0,4.917,0.0116666666666667
2010,4,12,6,0,9.102,0
2010,4,12,12,0.254,11.889,0
2010,4,12,18,0.3556,6.565,0
2010,4,13,0,0.6096,5.87,0
2010,4,13,6,1.2446,8.389,0
2010,4,13,12,1.2954,10.954,0
2010,4,13,18,0.7874,7.454,0
2010,4,14,0,1.4986,5.861,0
2010,4,14,6,0,8.185,0
2010,4,14,12,0,12.148,0
2010,4,14,18,0,5.778,0.005
2010,4,15,0,0,3.704,0.0783333333333333
2010,4,15,6,0,9.731,0
2010,4,15,12,0,13.102,0
2010,4,15,18,0,4.157,0.0466666666666667
2010,4,16,0,0,2.019,0.311666666666667
2010,4,16,6,0,7.667,0.005
2010,4,16,12,0,13.324,0
2010,4,16,18,0.254,7.296,0
2010,4,17,0,0.2286,5.704,0
2010,4,17,6,0.4572,11.056,0
2010,4,17,12,0.3556,14.991,0
2010,4,17,18,0.0254,9.722,0
2010,4,18,0,0.0508,7.157,0
2010,4,18,6,0,12.148,0
2010,4,18,12,0.0762,18.472,0
2010,4,18,18,0.1778,9.889,0
2010,4,19,0,0.4826,7.778,0
2010,4,19,6,0,13.222,0
2010,4,19,12,0,17.444,0
2010,4,19,18,0,10.278,0
2010,4,20,0,0.2794,7.861,0
2010,4,20,6,0.7366,9.204,0
2010,4,20,12,0.381,11.194,0
2010,4,20,18,1.27,7.315,0
2010,4,21,0,14.1224,5.963,0
2010,4,21,6,10.8712,6.639,0
2010,4,21,12,2.5908,8.12,0
2010,4,21,18,0,5.565,0
2010,4,22,0,0,4.065,0
2010,4,22,6,0,7.472,0
2010,4,22,12,0,10.38,0
2010,4,22,18,0,3.907,0.105
2010,4,23,0,0,0.861,0.661666666666667
2010,4,23,6,0,8.093,0.00166666666666667
2010,4,23,12,0.3556,10.028,0
2010,4,23,18,1.4224,5.657,0
2010,4,24,0,0.5842,3.509,0.01
2010,4,24,6,2.8448,5.056,0.0216666666666667
2010,4,24,12,1.6764,10.667,0
2010,4,24,18,0.6096,6.194,0
2010,4,25,0,0.8128,3.481,0.0133333333333333
2010,4,25,6,0.0254,7.991,0
2010,4,25,12,0,13.37,0
2010,4,25,18,0.3302,6.259,0.005
2010,4,26,0,0.635,5.963,0
2010,4,26,6,0,10.444,0
2010,4,26,12,0.381,14.185,0
2010,4,26,18,0.9398,8.87,0
2010,4,27,0,3.2766,6.444,0
2010,4,27,6,0.4318,8.917,0
2010,4,27,12,1.6764,11.667,0
2010,4,27,18,3.81,7.083,0
2010,4,28,0,1.6764,5.657,0
2010,4,28,6,0.5842,7.63,0
2010,4,28,12,0.3048,10.167,0
2010,4,28,18,0.4318,6.787,0
2010,4,29,0,0.508,5.315,0
2010,4,29,6,0.6858,7.574,0
2010,4,29,12,0.0254,11.009,0
2010,4,29,18,0.508,7.463,0
2010,4,30,0,0.5588,5.759,0
2010,4,30,6,1.1684,7.75,0
2010,4,30,12,0.0762,11.213,0
2010,4,30,18,2.5146,7,0
2010,5,1,0,2.4892,4.778,0
2010,5,1,6,0.254,6.787,0
2010,5,1,12,0.3556,9.509,0
2010,5,1,18,0.2794,6.685,0
2010,5,2,0,0.4318,5.593,0
2010,5,2,6,1.4732,7.778,0
2010,5,2,12,6.35,9.167,0
2010,5,2,18,12.4968,6.269,0
2010,5,3,0,6.2992,6.037,0
2010,5,3,6,2.6162,5.778,0
2010,5,3,12,4.6482,8.444,0
2010,5,3,18,1.9812,4.148,0.0216666666666667
2010,5,4,0,1.6256,1.593,0.265
2010,5,4,6,1.9304,4.509,0.05
2010,5,4,12,1.143,8.731,0
2010,5,4,18,0.9144,2.352,0.348333333333333
2010,5,5,0,0.3302,0.426,0.685
2010,5,5,6,0,5.389,0.0166666666666667
2010,5,5,12,0,9.676,0
2010,5,5,18,0,5.815,0.00166666666666667
2010,5,6,0,0,2.333,0.0966666666666667
2010,5,6,6,0,7.241,0
2010,5,6,12,0,13.333,0
2010,5,6,18,0,6.213,0.0283333333333333
2010,5,7,0,0,1.907,0.4
2010,5,7,6,0.127,9.787,0
2010,5,7,12,1.0414,15.343,0
2010,5,7,18,0.0508,6.454,0.05
2010,5,8,0,0.0762,2.185,0.471666666666667
2010,5,8,6,0,10.806,0
2010,5,8,12,0.0254,16.009,0
2010,5,8,18,0,7.824,0.00166666666666667
2010,5,9,0,0,2.88,0.18
2010,5,9,6,0,9.917,0
2010,5,9,12,0,14.806,0
2010,5,9,18,0,7.278,0.0183333333333333
2010,5,10,0,0,4.759,0.0366666666666667
2010,5,10,6,0,10.574,0
2010,5,10,12,0,14.231,0
2010,5,10,18,0,6.667,0
2010,5,11,0,0,3.509,0.04
2010,5,11,6,0,8.593,0
2010,5,11,12,0,14.194,0
2010,5,11,18,0,8.63,0
2010,5,12,0,0,5.954,0
2010,5,12,6,0,10.074,0
2010,5,12,12,0,15.593,0
2010,5,12,18,0,7.074,0.005
2010,5,13,0,0,2.667,0.185
2010,5,13,6,0,11.25,0
2010,5,13,12,0,18.056,0
2010,5,13,18,0,8.611,0.00166666666666667
2010,5,14,0,0,3.833,0.0666666666666667
2010,5,14,6,0,12.944,0
2010,5,14,12,0,18.639,0
2010,5,14,18,0,9.63,0
2010,5,15,0,0,5.287,0.00166666666666667
2010,5,15,6,0,12.954,0
2010,5,15,12,0,18.991,0
2010,5,15,18,0,10.62,0
2010,5,16,0,0,6.806,0
2010,5,16,6,0,13.944,0
2010,5,16,12,0,18.972,0
2010,5,16,18,0,11.648,0
2010,5,17,0,0,7.667,0
2010,5,17,6,0,13.176,0
2010,5,17,12,0,16.852,0
2010,5,17,18,0,11.685,0
2010,5,18,0,0.0254,9.843,0
2010,5,18,6,6.5024,12.963,0
2010,5,18,12,6.1976,16.019,0
2010,5,18,18,10.9474,10.843,0
2010,5,19,0,1.397,7.704,0
2010,5,19,6,0,11.602,0
2010,5,19,12,3.2766,15.333,0
2010,5,19,18,3.8862,9.167,0
2010,5,20,0,2.286,6.528,0
2010,5,20,6,0.508,8.815,0
2010,5,20,12,2.0574,12.213,0
2010,5,20,18,0.5588,7.556,0
2010,5,21,0,0.127,4.667,0.00166666666666667
2010,5,21,6,0,9.287,0
2010,5,21,12,0,12.602,0
2010,5,21,18,0,6.556,0
2010,5,22,0,0,3.269,0.015
2010,5,22,6,0,9.028,0
2010,5,22,12,0.0254,12.75,0
2010,5,22,18,0.1016,7.444,0
2010,5,23,0,0.2032,5.972,0
2010,5,23,6,0,8.565,0
2010,5,23,12,0,13.537,0
2010,5,23,18,0,8.815,0
2010,5,24,0,0,4.657,0
2010,5,24,6,0,10.954,0
2010,5,24,12,0,15.778,0
2010,5,24,18,0,8.769,0
2010,5,25,0,0,6.5,0
2010,5,25,6,0.0762,11.38,0
2010,5,25,12,1.143,14.5,0
2010,5,25,18,0.2286,9.426,0
2010,5,26,0,0.762,8.019,0
2010,5,26,6,5.1816,12.269,0
2010,5,26,12,5.6388,13.019,0
2010,5,26,18,2.9972,8.833,0
2010,5,27,0,0.5588,8.019,0
2010,5,27,6,0,9.917,0
2010,5,27,12,0.6096,12.463,0
2010,5,27,18,19.9898,9.667,0
2010,5,28,0,13.3096,8.574,0
2010,5,28,6,3.6322,9.917,0
2010,5,28,12,1.651,10.778,0
2010,5,28,18,2.6416,8.583,0
2010,5,29,0,0.9144,7.972,0
2010,5,29,6,0.0762,9.796,0
2010,5,29,12,2.1336,11.87,0
2010,5,29,18,0.4572,9.417,0
2010,5,30,0,0.381,7.806,0
2010,5,30,6,0,12.046,0
2010,5,30,12,0.8128,15.093,0
2010,5,30,18,1.7018,10.694,0
2010,5,31,0,6.985,10.213,0
2010,5,31,6,2.286,12.574,0
2010,5,31,12,2.2098,15.278,0
2010,5,31,18,5.0292,11.963,0
2010,6,1,0,0.9144,10.083,0
2010,6,1,6,0,13.806,0
2010,6,1,12,0,16.333,0
2010,6,1,18,3.7084,11.519,0
2010,6,2,0,10.8966,9.935,0
2010,6,2,6,3.4798,13.713,0
2010,6,2,12,3.9878,14.333,0
2010,6,2,18,6.9088,10.546,0
2010,6,3,0,0.5588,7.463,0
2010,6,3,6,0.0508,9.843,0
2010,6,3,12,0.4572,13.898,0
2010,6,3,18,1.1684,9.731,0
2010,6,4,0,2.413,8.574,0
2010,6,4,6,1.7272,11.63,0
2010,6,4,12,0.2032,15.611,0
2010,6,4,18,0.2032,11.083,0
2010,6,5,0,0,6.037,0
2010,6,5,6,0,11.241,0
2010,6,5,12,0,16.676,0
2010,6,5,18,0,12.778,0
2010,6,6,0,0.4826,10.731,0
2010,6,6,6,4.6228,13.769,0
2010,6,6,12,4.445,13.898,0
2010,6,6,18,1.1176,12.194,0
2010,6,7,0,0.6858,11.139,0
2010,6,7,6,1.1938,12.546,0
2010,6,7,12,0,15.426,0
2010,6,7,18,1.0668,11.981,0
2010,6,8,0,2.2606,8.315,0
2010,6,8,6,0,13.38,0
2010,6,8,12,0,17.657,0
2010,6,8,18,1.27,12.056,0
2010,6,9,0,5.3594,9.731,0
2010,6,9,6,2.2352,12.583,0
2010,6,9,12,1.5748,13.704,0
2010,6,9,18,2.1082,10.935,0
2010,6,10,0,0.9652,10.046,0
2010,6,10,6,1.7018,12,0
2010,6,10,12,1.5748,14.037,0
2010,6,10,18,0.0508,10.991,0
2010,6,11,0,0.4064,10.056,0
2010,6,11,6,1.8542,10.676,0
2010,6,11,12,0,15.759,0
2010,6,11,18,0.0508,10.75,0
2010,6,12,0,0.0508,7.769,0
2010,6,12,6,0,14.12,0
2010,6,12,12,0,19.065,0
2010,6,12,18,0,12.204,0
2010,6,13,0,0,8.028,0
2010,6,13,6,0,14,0
2010,6,13,12,0,17.102,0
2010,6,13,18,0,10.611,0
2010,6,14,0,0,7.037,0
2010,6,14,6,0,12.167,0
2010,6,14,12,0,14.815,0
2010,6,14,18,0.0508,9.667,0
2010,6,15,0,0.4064,7.259,0
2010,6,15,6,1.016,10.713,0
2010,6,15,12,0.1524,13.917,0
2010,6,15,18,0.9906,9.278,0
2010,6,16,0,0.3302,7.5,0
2010,6,16,6,0,10.824,0
2010,6,16,12,0,13.75,0
2010,6,16,18,0,10.139,0
2010,6,17,0,0,9.519,0
2010,6,17,6,0.0254,12.426,0
2010,6,17,12,0,15.843,0
2010,6,17,18,0,11.88,0
2010,6,18,0,0,8.917,0
2010,6,18,6,0,11.889,0
2010,6,18,12,0.1016,16.861,0
2010,6,18,18,0.2794,13.426,0
2010,6,19,0,0,9.278,0
2010,6,19,6,0.1524,15.019,0
2010,6,19,12,0,16.713,0
2010,6,19,18,0.127,12.417,0
2010,6,20,0,0.508,10.537,0
2010,6,20,6,0,13.324,0
2010,6,20,12,0,14.741,0
2010,6,20,18,0,11.806,0
2010,6,21,0,0,10.176,0
2010,6,21,6,0,12.759,0
2010,6,21,12,0,17.583,0
2010,6,21,18,0,14.556,0
2010,6,22,0,0,10.574,0
2010,6,22,6,0,15.991,0
2010,6,22,12,0,21.389,0
2010,6,22,18,0,15.917,0
2010,6,23,0,0,11.574,0
2010,6,23,6,0,19.13,0
2010,6,23,12,0,21.972,0
2010,6,23,18,0,16.009,0
2010,6,24,0,0,11.972,0
2010,6,24,6,0,17.472,0
2010,6,24,12,0,20.231,0
2010,6,24,18,0,15.009,0
2010,6,25,0,0,10.62,0
2010,6,25,6,0,14.954,0
2010,6,25,12,0,17.565,0
2010,6,25,18,0,12.889,0
2010,6,26,0,0,8.88,0
2010,6,26,6,0,12.648,0
2010,6,26,12,0,15.204,0
2010,6,26,18,0,11.574,0
2010,6,27,0,0,9.083,0
2010,6,27,6,0.3048,12.5,0
2010,6,27,12,2.7178,14.574,0
2010,6,27,18,0.1016,12.269,0
2010,6,28,0,0.2794,10.167,0
2010,6,28,6,0.1778,13.694,0
2010,6,28,12,0,15.944,0
2010,6,28,18,0,13.009,0
2010,6,29,0,0.0254,9.546,0
2010,6,29,6,0,13.343,0
2010,6,29,12,0,16.12,0
2010,6,29,18,0,11.528,0
2010,6,30,0,0,7.546,0
2010,6,30,6,0,10.509,0
2010,6,30,12,0,14.676,0
2010,6,30,18,0,10.898,0
2010,7,1,0,0,8.833,0
2010,7,1,6,1.016,13.231,0
2010,7,1,12,0.6604,13.648,0
2010,7,1,18,0.0508,10.657,0
2010,7,2,0,0,9.88,0
2010,7,2,6,0,12.602,0
2010,7,2,12,0,15.389,0
2010,7,2,18,0,13.019,0
2010,7,3,0,0,10.806,0
2010,7,3,6,0,13.352,0
2010,7,3,12,0,16.204,0
2010,7,3,18,0,12.519,0
2010,7,4,0,0,9.88,0
2010,7,4,6,0,13.935,0
2010,7,4,12,0,16.185,0
2010,7,4,18,0,13.204,0
2010,7,5,0,0,10.824,0
2010,7,5,6,0,12.778,0
2010,7,5,12,0,18.861,0
2010,7,5,18,0,14.463,0
2010,7,6,0,0,8.019,0
2010,7,6,6,0,18.25,0
2010,7,6,12,0,26.111,0
2010,7,6,18,0,18.787,0
2010,7,7,0,0,11.157,0
2010,7,7,6,0,22.083,0
2010,7,7,12,0,28.861,0
2010,7,7,18,0,21.065,0
2010,7,8,0,0,14.296,0
2010,7,8,6,0,23.62,0
2010,7,8,12,0,28.509,0
2010,7,8,18,0,21.231,0
2010,7,9,0,0,14.37,0
2010,7,9,6,0,21.861,0
2010,7,9,12,0,25.694,0
2010,7,9,18,0,18.676,0
2010,7,10,0,0,14.944,0
2010,7,10,6,0,19.824,0
2010,7,10,12,0,23.102,0
2010,7,10,18,0,17.5,0
2010,7,11,0,0,12.463,0
2010,7,11,6,0,17.87,0
2010,7,11,12,0,20.593,0
2010,7,11,18,0,16.111,0
2010,7,12,0,0,11.741,0
2010,7,12,6,0,13.713,0
2010,7,12,12,0,17.611,0
2010,7,12,18,0,13.713,0
2010,7,13,0,0,10.62,0
2010,7,13,6,0,14.556,0
2010,7,13,12,0,20.213,0
2010,7,13,18,0,13.87,0
2010,7,14,0,0,8.074,0
2010,7,14,6,0,15.62,0
2010,7,14,12,0,22.389,0
2010,7,14,18,0,14.991,0
2010,7,15,0,0,8.88,0
2010,7,15,6,0,16.991,0
2010,7,15,12,0,21.463,0
2010,7,15,18,0,15.204,0
2010,7,16,0,0,9.972,0
2010,7,16,6,0,16.389,0
2010,7,16,12,0,20.426,0
2010,7,16,18,0,14.769,0
2010,7,17,0,0,10.028,0
2010,7,17,6,0,15.787,0
2010,7,17,12,0,19.731,0
2010,7,17,18,0,14.491,0
2010,7,18,0,0,10.194,0
2010,7,18,6,0,15.667,0
2010,7,18,12,0,19.398,0
2010,7,18,18,0,14.676,0
2010,7,19,0,0,10,0
2010,7,19,6,0,16.019,0
2010,7,19,12,0,20.981,0
2010,7,19,18,0,15.102,0
2010,7,20,0,0,10.741,0
2010,7,20,6,0,17.926,0
2010,7,20,12,0,22.611,0
2010,7,20,18,0,16.935,0
2010,7,21,0,0,11.574,0
2010,7,21,6,0,17.833,0
2010,7,21,12,0,21.398,0
2010,7,21,18,0,16.843,0
2010,7,22,0,0,13.269,0
2010,7,22,6,0,17.213,0
2010,7,22,12,0,21.426,0
2010,7,22,18,0,16.12,0
2010,7,23,0,0,10.787,0
2010,7,23,6,0,17.315,0
2010,7,23,12,0,23.611,0
2010,7,23,18,0,17.296,0
2010,7,24,0,0,10.639,0
2010,7,24,6,0,19.111,0
2010,7,24,12,0,24.602,0
2010,7,24,18,0,16.704,0
2010,7,25,0,0,10.926,0
2010,7,25,6,0,19.157,0
2010,7,25,12,0,24.796,0
2010,7,25,18,0,16.954,0
2010,7,26,0,0,10.991,0
2010,7,26,6,0,18.898,0
2010,7,26,12,0,24.861,0
2010,7,26,18,0,17.62,0
2010,7,27,0,0,12.435,0
2010,7,27,6,0,18.278,0
2010,7,27,12,0,23.12,0
2010,7,27,18,0,16.417,0
2010,7,28,0,0,11.657,0
2010,7,28,6,0,17.176,0
2010,7,28,12,0,21.565,0
2010,7,28,18,0,15.806,0
2010,7,29,0,0,10.907,0
2010,7,29,6,0,16.694,0
2010,7,29,12,0,22.056,0
2010,7,29,18,0,15.898,0
2010,7,30,0,0,10.657,0
2010,7,30,6,0,16.185,0
2010,7,30,12,0,20.88,0
2010,7,30,18,0,14.917,0
2010,7,31,0,0,10.741,0
2010,7,31,6,0,16.472,0
2010,7,31,12,0,19.5,0
2010,7,31,18,0,15.315,0
2010,8,1,0,0,12.454,0
2010,8,1,6,0,16.556,0
2010,8,1,12,0,21.194,0
2010,8,1,18,0,16.009,0
2010,8,2,0,0,12.389,0
2010,8,2,6,0,17.639,0
2010,8,2,12,0,22.12,0
2010,8,2,18,0,16.5,0
2010,8,3,0,0,11.991,0
2010,8,3,6,0.0254,18.102,0
2010,8,3,12,0.0508,23.981,0
2010,8,3,18,0,18.065,0
2010,8,4,0,0,13.278,0
2010,8,4,6,0,19.454,0
2010,8,4,12,0.254,25.583,0
2010,8,4,18,3.3274,19.556,0
2010,8,5,0,0.8636,16.028,0
2010,8,5,6,0,19.231,0
2010,8,5,12,0,22.519,0
2010,8,5,18,0,17.565,0
2010,8,6,0,0,13.435,0
2010,8,6,6,0,16.333,0
2010,8,6,12,0,18.574,0
2010,8,6,18,0,15.315,0
2010,8,7,0,0.0254,13.389,0
2010,8,7,6,4.8768,15.731,0
2010,8,7,12,6.858,16.731,0
2010,8,7,18,0.381,13.991,0
2010,8,8,0,0,12.935,0
2010,8,8,6,0,14.463,0
2010,8,8,12,0,17.528,0
2010,8,8,18,0,14.574,0
2010,8,9,0,0,12.648,0
2010,8,9,6,0.2286,16.389,0
2010,8,9,12,3.5814,18.13,0
2010,8,9,18,0.127,14.991,0
2010,8,10,0,0.254,13.019,0
2010,8,10,6,0,14.75,0
2010,8,10,12,0,19.556,0
2010,8,10,18,0,15.25,0
2010,8,11,0,0,11.194,0
2010,8,11,6,0,17,0
2010,8,11,12,0,21.926,0
2010,8,11,18,0,15.537,0
2010,8,12,0,0,11.38,0
2010,8,12,6,0,19.037,0
2010,8,12,12,0,25.704,0
2010,8,12,18,0,15.935,0
2010,8,13,0,0,11.769,0
2010,8,13,6,0,20.12,0
2010,8,13,12,0,29.037,0
2010,8,13,18,0,21.204,0
2010,8,14,0,0,14.694,0
2010,8,14,6,0,24.278,0
2010,8,14,12,0,30.519,0
2010,8,14,18,0,20.657,0
2010,8,15,0,0,15.333,0
2010,8,15,6,0,24.713,0
2010,8,15,12,0,29.833,0
2010,8,15,18,0,20.046,0
2010,8,16,0,0,15.093,0
2010,8,16,6,0,23.519,0
2010,8,16,12,0,28.38,0
2010,8,16,18,0,18.833,0
2010,8,17,0,0,13.528,0
2010,8,17,6,0,20.685,0
2010,8,17,12,0,23.694,0
2010,8,17,18,0,16.648,0
2010,8,18,0,0,12.704,0
2010,8,18,6,0,16.417,0
2010,8,18,12,0,19.417,0
2010,8,18,18,0,13.759,0
2010,8,19,0,0,11.426,0
2010,8,19,6,0,15.13,0
2010,8,19,12,0,18.806,0
2010,8,19,18,0,12.963,0
2010,8,20,0,0,9.111,0
2010,8,20,6,0,14.37,0
2010,8,20,12,0,19.556,0
2010,8,20,18,0,12.157,0
2010,8,21,0,0,8.565,0
2010,8,21,6,0,15.028,0
2010,8,21,12,0,19.046,0
2010,8,21,18,0,12.556,0
2010,8,22,0,0.0762,10.463,0
2010,8,22,6,0,15.306,0
2010,8,22,12,0,20.009,0
2010,8,22,18,0,13.852,0
2010,8,23,0,0,10.102,0
2010,8,23,6,0,16.778,0
2010,8,23,12,0,23.611,0
2010,8,23,18,0,14.074,0
2010,8,24,0,0,9.833,0
2010,8,24,6,0,18.713,0
2010,8,24,12,0,25.694,0
2010,8,24,18,0,15.444,0
2010,8,25,0,0,11.222,0
2010,8,25,6,0,17.898,0
2010,8,25,12,0,23.074,0
2010,8,25,18,0,17.37,0
2010,8,26,0,0.127,13.796,0
2010,8,26,6,21.9456,15.861,0
2010,8,26,12,1.6256,16.13,0
2010,8,26,18,2.2352,13.222,0
2010,8,27,0,4.1148,11.769,0
2010,8,27,6,2.1336,13.981,0
2010,8,27,12,0.762,18.306,0
2010,8,27,18,1.0414,11.417,0
2010,8,28,0,1.2954,7.833,0
2010,8,28,6,0,13.352,0
2010,8,28,12,0,18.463,0
2010,8,28,18,0,10.481,0
2010,8,29,0,0,7.407,0
2010,8,29,6,0,14.093,0
2010,8,29,12,0,18.769,0
2010,8,29,18,0,9.713,0
2010,8,30,0,0,7.62,0
2010,8,30,6,0,12.574,0
2010,8,30,12,0,17.287,0
2010,8,30,18,0,11.676,0
2010,8,31,0,0.3302,11.639,0
2010,8,31,6,11.0236,14.231,0
2010,8,31,12,10.4902,15.731,0
2010,8,31,18,4.6736,13.259,0
2010,9,1,0,0.0762,11.13,0
2010,9,1,6,0.1016,13.806,0
2010,9,1,12,0,19.963,0
2010,9,1,18,0.2032,11.944,0
2010,9,2,0,0.3302,8.463,0
2010,9,2,6,0,15.278,0
2010,9,2,12,0,22.556,0
2010,9,2,18,0,12.426,0
2010,9,3,0,0.0254,9.815,0
2010,9,3,6,0,16.065,0
2010,9,3,12,0,20.259,0
2010,9,3,18,0.2794,13.954,0
2010,9,4,0,0.2032,11.417,0
2010,9,4,6,0,14.083,0
2010,9,4,12,0,16.602,0
2010,9,4,18,0,11.852,0
2010,9,5,0,0,9.75,0
2010,9,5,6,0,12.417,0
2010,9,5,12,0,14.426,0
2010,9,5,18,0,10.37,0
2010,9,6,0,0.1524,10.935,0
2010,9,6,6,0.8128,12.37,0
2010,9,6,12,2.9464,14.509,0
2010,9,6,18,0.2286,12.028,0
2010,9,7,0,1.5494,11.546,0
2010,9,7,6,0.0254,14.25,0
2010,9,7,12,2.2606,16.796,0
2010,9,7,18,1.651,11.5,0
2010,9,8,0,1.6256,10.519,0
2010,9,8,6,0,13.139,0
2010,9,8,12,0.1016,17.102,0
2010,9,8,18,0.1016,11.602,0
2010,9,9,0,0.1016,10.222,0
2010,9,9,6,0,13.481,0
2010,9,9,12,0,15.815,0
2010,9,9,18,0,11.787,0
2010,9,10,0,0,11.185,0
2010,9,10,6,0,13.398,0
2010,9,10,12,0.0254,15.954,0
2010,9,10,18,0.3048,10.787,0
2010,9,11,0,0.3048,8.472,0
2010,9,11,6,0,12.296,0
2010,9,11,12,0,14.5,0
2010,9,11,18,0.8128,10.954,0
2010,9,12,0,5.1562,11.259,0
2010,9,12,6,15.0876,13.667,0
2010,9,12,12,6.6802,16.426,0
2010,9,12,18,6.7564,13.287,0
2010,9,13,0,3.1242,11.491,0
2010,9,13,6,0,14.435,0
2010,9,13,12,0,18.139,0
2010,9,13,18,0,12.324,0
2010,9,14,0,0,10.148,0
2010,9,14,6,0,14.889,0
2010,9,14,12,0,18.676,0
2010,9,14,18,0,12.833,0
2010,9,15,0,0.1016,10.694,0
2010,9,15,6,0.1016,16.704,0
2010,9,15,12,2.0828,19.472,0
2010,9,15,18,0.7874,15.065,0
2010,9,16,0,0.4064,13.88,0
2010,9,16,6,0,17.139,0
2010,9,16,12,1.0414,20.815,0
2010,9,16,18,2.54,16.028,0
2010,9,17,0,0.7874,14.731,0
2010,9,17,6,0.0254,17.046,0
2010,9,17,12,0.0254,20.593,0
2010,9,17,18,3.3782,16.574,0
2010,9,18,0,7.9248,15.176,0
2010,9,18,6,1.0922,15.898,0
2010,9,18,12,0,18.657,0
2010,9,18,18,7.1882,15.074,0
2010,9,19,0,14.1986,14.463,0
2010,9,19,6,2.5146,15.593,0
2010,9,19,12,19.3548,15.546,0
2010,9,19,18,5.4864,13.306,0
2010,9,20,0,1.8288,12.463,0
2010,9,20,6,5.2324,13.917,0
2010,9,20,12,3.8862,14.694,0
2010,9,20,18,1.2954,10.769,0
2010,9,21,0,1.8288,8.25,0
2010,9,21,6,0,11.194,0
2010,9,21,12,0,16.25,0
2010,9,21,18,0,9.139,0
2010,9,22,0,0,6.704,0
2010,9,22,6,0,11.204,0
2010,9,22,12,0,15.046,0
2010,9,22,18,0,10.213,0
2010,9,23,0,0,10.787,0
2010,9,23,6,0.8128,12.167,0
2010,9,23,12,0.6096,13.083,0
2010,9,23,18,4.7752,10.769,0
2010,9,24,0,1.1938,10.63,0
2010,9,24,6,0.3048,13.898,0
2010,9,24,12,0.508,17.806,0
2010,9,24,18,0,13.759,0
2010,9,25,0,0,11.083,0
2010,9,25,6,0,14.852,0
2010,9,25,12,0,19.454,0
2010,9,25,18,0.1016,16.213,0
2010,9,26,0,7.8232,15.63,0
2010,9,26,6,1.5494,16.759,0
2010,9,26,12,0.4572,17.991,0
2010,9,26,18,0.1778,14.852,0
2010,9,27,0,0.7112,15.231,0
2010,9,27,6,0.2286,17.259,0
2010,9,27,12,3.2766,19.204,0
2010,9,27,18,5.0038,17.009,0
2010,9,28,0,4.8006,15.519,0
2010,9,28,6,0.4572,15.907,0
2010,9,28,12,0,16.87,0
2010,9,28,18,0.5334,11.741,0
2010,9,29,0,0.5842,8.537,0
2010,9,29,6,0,12.324,0
2010,9,29,12,0,18.944,0
2010,9,29,18,0.1016,10.926,0
2010,9,30,0,0.1524,8.074,0
2010,9,30,6,0,12.204,0
2010,9,30,12,0,19.491,0
2010,9,30,18,0,11.528,0
2010,10,1,0,0,8.815,0
2010,10,1,6,0,14.259,0
2010,10,1,12,0,18.833,0
2010,10,1,18,0,13.176,0
2010,10,2,0,0,11.741,0
2010,10,2,6,0,13.935,0
2010,10,2,12,0,16.565,0
2010,10,2,18,0,12.796,0
2010,10,3,0,0,11.546,0
2010,10,3,6,0,12.389,0
2010,10,3,12,0,13.898,0
2010,10,3,18,0,10.046,0
2010,10,4,0,0,7.722,0
2010,10,4,6,0,11.185,0
2010,10,4,12,0.0254,14.324,0
2010,10,4,18,0.127,7.269,0
2010,10,5,0,0.3556,3.75,0
2010,10,5,6,0,8.759,0
2010,10,5,12,0,16.241,0
2010,10,5,18,0,6.741,0.00333333333333333
2010,10,6,0,0,4.259,0.0316666666666667
2010,10,6,6,0,9.13,0
2010,10,6,12,0,15.741,0
2010,10,6,18,0,9.537,0
2010,10,7,0,0,7.509,0
2010,10,7,6,0,11.769,0
2010,10,7,12,0,15.843,0
2010,10,7,18,0,11.75,0
2010,10,8,0,0,10.926,0
2010,10,8,6,0.1778,12.991,0
2010,10,8,12,0.0254,15.787,0
2010,10,8,18,2.159,13.778,0
2010,10,9,0,7.5184,13.213,0
2010,10,9,6,2.5908,13.315,0
2010,10,9,12,6.6294,15.046,0
2010,10,9,18,3.3782,14.111,0
2010,10,10,0,16.6116,14.565,0
2010,10,10,6,1.524,12.5,0
2010,10,10,12,0,12.685,0
2010,10,10,18,1.6764,8.593,0
2010,10,11,0,1.4732,6.935,0
2010,10,11,6,0,9.583,0
2010,10,11,12,0.0508,12.361,0
2010,10,11,18,0.508,9.731,0
2010,10,12,0,0.0254,7.648,0
2010,10,12,6,0,9.843,0
2010,10,12,12,0,15,0
2010,10,12,18,0.0254,7.898,0
2010,10,13,0,0,5.954,0
2010,10,13,6,0,8.648,0
2010,10,13,12,0,13.093,0
2010,10,13,18,0,7.62,0
2010,10,14,0,0,4.963,0.00166666666666667
2010,10,14,6,0,7.898,0
2010,10,14,12,0.0508,11.361,0
2010,10,14,18,0,6.741,0
2010,10,15,0,0.2032,4.056,0
2010,10,15,6,0,5.769,0
2010,10,15,12,0,10.426,0
2010,10,15,18,0,2.472,0.341666666666667
2010,10,16,0,0,0.148,0.96
2010,10,16,6,0,4.361,0.398333333333333
2010,10,16,12,0,10.25,0
2010,10,16,18,0,1.074,0.765
2010,10,17,0,0,-0.639,0.995
2010,10,17,6,0,3.917,0.4
2010,10,17,12,0,9.75,0
2010,10,17,18,0,3.63,0.288333333333333
2010,10,18,0,0,2.963,0.37
2010,10,18,6,0,8.259,0
2010,10,18,12,0,13.574,0
2010,10,18,18,0,7.954,0
2010,10,19,0,0,5.778,0
2010,10,19,6,0,7.981,0
2010,10,19,12,0,15.38,0
2010,10,19,18,0,6.657,0
2010,10,20,0,0,3.824,0.00166666666666667
2010,10,20,6,0,8.241,0
2010,10,20,12,0,14.139,0
2010,10,20,18,0,6.444,0
2010,10,21,0,0,3.287,0.0333333333333333
2010,10,21,6,0,7.546,0.005
2010,10,21,12,0,13.417,0
2010,10,21,18,0.1016,10.222,0
2010,10,22,0,0.2032,9.694,0
2010,10,22,6,0,10.046,0
2010,10,22,12,0,11.611,0
2010,10,22,18,0,8.815,0
2010,10,23,0,0.0254,7.944,0
2010,10,23,6,0,9.963,0
2010,10,23,12,4.191,11.5,0
2010,10,23,18,10.287,9.602,0
2010,10,24,0,10.0076,9.287,0
2010,10,24,6,2.4384,9.676,0
2010,10,24,12,1.143,9.722,0
2010,10,24,18,1.6764,7.269,0
2010,10,25,0,2.6162,7.296,0
2010,10,25,6,8.8392,8.463,0
2010,10,25,12,5.4102,8.769,0
2010,10,25,18,2.286,6.694,0
2010,10,26,0,1.016,6.259,0
2010,10,26,6,0.254,7.287,0
2010,10,26,12,0.0762,10.296,0
2010,10,26,18,0.6096,8.083,0
2010,10,27,0,1.1176,6.185,0
2010,10,27,6,0.0254,7.426,0
2010,10,27,12,0,10.139,0
2010,10,27,18,0,7.454,0
2010,10,28,0,0.1016,7.694,0
2010,10,28,6,3.8862,8.574,0
2010,10,28,12,1.0414,10.676,0
2010,10,28,18,0.2794,8.787,0
2010,10,29,0,0.7874,6.509,0
2010,10,29,6,0,7.722,0
2010,10,29,12,0,11.343,0
2010,10,29,18,0,6.037,0
2010,10,30,0,0.0254,4.333,0
2010,10,30,6,0,7.87,0
2010,10,30,12,0.4064,10.352,0
2010,10,30,18,2.5908,8.546,0
2010,10,31,0,13.5382,8.139,0
2010,10,31,6,0.6096,7.481,0
2010,10,31,12,0.3048,10.287,0
2010,10,31,18,1.2954,7.176,0
2010,11,1,0,7.8486,8.574,0
2010,11,1,6,19.4056,10.88,0
2010,11,1,12,4.826,12.454,0
2010,11,1,18,7.5184,9.435,0
2010,11,2,0,2.0066,7.361,0
2010,11,2,6,0,8.713,0
2010,11,2,12,0,12.815,0
2010,11,2,18,0,7.574,0
2010,11,3,0,0,7.12,0
2010,11,3,6,0,9.481,0
2010,11,3,12,0,12.981,0
2010,11,3,18,0,8.12,0
2010,11,4,0,0,5.333,0
2010,11,4,6,0,7.407,0
2010,11,4,12,0,10.87,0
2010,11,4,18,0,8.333,0
2010,11,5,0,0,7.065,0
2010,11,5,6,0.889,7.435,0
2010,11,5,12,5.0038,8.704,0
2010,11,5,18,1.5748,7.056,0
2010,11,6,0,0.3048,7.648,0
2010,11,6,6,0,8.361,0
2010,11,6,12,0.3302,10.398,0
2010,11,6,18,6.0198,9.537,0
2010,11,7,0,7.4422,7.981,0
2010,11,7,6,0.7874,7.213,0
2010,11,7,12,0.2032,8.13,0
2010,11,7,18,5.2578,6.204,0
2010,11,8,0,4.1402,4.759,0
2010,11,8,6,0.0254,4.583,0
2010,11,8,12,0,5.889,0
2010,11,8,18,0.0508,3.889,0
2010,11,9,0,0,3.25,0
2010,11,9,6,0.6858,4.296,0
2010,11,9,12,1.0668,7.593,0
2010,11,9,18,0.2794,4.731,0
2010,11,10,0,0,2.602,0.035
2010,11,10,6,0,3.407,0.085
2010,11,10,12,0,6.259,0
2010,11,10,18,0,1.139,0.451666666666667
2010,11,11,0,0,0.528,0.603333333333333
2010,11,11,6,0,5.213,0.0316666666666667
2010,11,11,12,1.778,7.935,0
2010,11,11,18,0.9906,5.222,0
2010,11,12,0,0,4.787,0
2010,11,12,6,0,5.491,0
2010,11,12,12,0,6.556,0
2010,11,12,18,0,4.139,0
2010,11,13,0,1.397,5.296,0
2010,11,13,6,0.254,5.389,0
2010,11,13,12,1.3462,6.722,0
2010,11,13,18,2.6416,5.843,0
2010,11,14,0,1.1938,6.537,0
2010,11,14,6,0.6604,7.806,0
2010,11,14,12,1.0922,8.935,0
2010,11,14,18,1.3462,7.556,0
2010,11,15,0,1.6764,6.861,0
2010,11,15,6,2.667,7.556,0
2010,11,15,12,17.8562,9.472,0
2010,11,15,18,7.1374,8.343,0
2010,11,16,0,1.016,6.639,0
2010,11,16,6,1.7526,6.907,0
2010,11,16,12,1.7272,7.278,0
2010,11,16,18,0.3556,4.444,0
2010,11,17,0,2.5146,3.287,0.00833333333333333
2010,11,17,6,4.953,4.815,0
2010,11,17,12,5.6642,5.102,0
2010,11,17,18,1.524,1.481,0.366666666666667
2010,11,18,0,8.2042,0.009,0.84
2010,11,18,6,1.4224,0.176,0.763333333333333
2010,11,18,12,3.429,1.38,0.436666666666667
2010,11,18,18,0.254,-1.315,0.996666666666667
2010,11,19,0,0.635,-1.815,1
2010,11,19,6,0.0254,-1.444,1
2010,11,19,12,0.0508,-0.778,0.991666666666667
2010,11,19,18,0.5588,-2.139,1
2010,11,20,0,0.0762,-2.519,1
2010,11,20,6,0.0254,-2.731,1
2010,11,20,12,0,-2.231,1
2010,11,20,18,0,-4.074,1
2010,11,21,0,0.3556,-4.981,1
2010,11,21,6,0.6604,-4.861,1
2010,11,21,12,0.381,-4.88,1
2010,11,21,18,0.0254,-6.269,1
2010,11,22,0,0,-7.861,1
2010,11,22,6,0.5334,-7.444,1
2010,11,22,12,2.2352,-6.481,1
2010,11,22,18,0.6858,-8.343,1
2010,11,23,0,0,-9.472,1
2010,11,23,6,0,-9.259,1
2010,11,23,12,0,-7.889,1
2010,11,23,18,0,-11.398,1
2010,11,24,0,0,-10.685,1
2010,11,24,6,0,-6.157,1
2010,11,24,12,0,-3.481,1
2010,11,24,18,0,-4.361,1
2010,11,25,0,0.2794,-4.12,1
2010,11,25,6,1.4986,-1.435,0.906666666666667
2010,11,25,12,1.8542,1.25,0.346666666666667
2010,11,25,18,0,1.528,0.256666666666667
2010,11,26,0,2.3622,2.352,0.103333333333333
2010,11,26,6,1.4986,2.213,0.1
2010,11,26,12,0.6604,2.185,0.121666666666667
2010,11,26,18,2.6162,1.611,0.223333333333333
2010,11,27,0,0.6604,1.63,0.195
2010,11,27,6,0.0508,1.083,0.333333333333333
2010,11,27,12,0.0508,1.444,0.258333333333333
2010,11,27,18,0,-0.463,0.836666666666667
2010,11,28,0,0.2794,-0.083,0.746666666666667
2010,11,28,6,0.5334,0.796,0.456666666666667
2010,11,28,12,0.1524,1.954,0.138333333333333
2010,11,28,18,0,-1.324,0.971666666666667
2010,11,29,0,0,-1.333,1
2010,11,29,6,0,0.917,0.491666666666667
2010,11,29,12,1.651,2.824,0.163333333333333
2010,11,29,18,5.8674,2.361,0.205
2010,11,30,0,8.509,3.343,0.0383333333333333
2010,11,30,6,3.3528,4.139,0
2010,11,30,12,2.1082,4.241,0.00333333333333333
2010,11,30,18,4.2164,3.037,0.02
2010,12,1,0,0.3556,1.843,0.165
2010,12,1,6,0.0254,1.704,0.22
2010,12,1,12,0,2.37,0.133333333333333
2010,12,1,18,0,1.676,0.136666666666667
2010,12,2,0,0,1.398,0.208333333333333
2010,12,2,6,0,0.991,0.493333333333333
2010,12,2,12,0,3,0.0116666666666667
2010,12,2,18,0.2286,0.759,0.426666666666667
2010,12,3,0,0.2032,1.537,0.198333333333333
2010,12,3,6,0.0508,2.778,0.0216666666666667
2010,12,3,12,0,2.88,0.0666666666666667
2010,12,3,18,0,-0.38,0.865
2010,12,4,0,0,-0.472,0.99
2010,12,4,6,0,0.824,0.68
2010,12,4,12,0,2.676,0.273333333333333
2010,12,4,18,0,0.463,0.99
2010,12,5,0,0,-0.519,1
2010,12,5,6,0,2.444,0.313333333333333
2010,12,5,12,0,3.704,0.025
2010,12,5,18,0,1.769,0.38
2010,12,6,0,0,2.556,0.158333333333333
2010,12,6,6,0,2.611,0.348333333333333
2010,12,6,12,0,5.713,0
2010,12,6,18,0,3.778,0.0383333333333333
2010,12,7,0,0.2286,4.009,0.02
2010,12,7,6,0.5588,6.278,0
2010,12,7,12,0.381,8.009,0
2010,12,7,18,3.429,6.12,0
2010,12,8,0,6.1214,6.444,0
2010,12,8,6,3.7084,6.417,0
2010,12,8,12,4.2418,6.611,0
2010,12,8,18,15.6464,5.389,0
2010,12,9,0,9.8298,5.769,0
2010,12,9,6,2.8956,5.898,0
2010,12,9,12,6.1468,6.407,0
2010,12,9,18,6.6548,4.583,0
2010,12,10,0,8.1026,4.046,0
2010,12,10,6,1.3462,4.426,0
2010,12,10,12,0.1016,5.519,0
2010,12,10,18,0.6096,4.389,0
2010,12,11,0,0,2.796,0.0466666666666667
2010,12,11,6,0,3.528,0.101666666666667
2010,12,11,12,5.715,5.722,0.00166666666666667
2010,12,11,18,22.606,5.241,0
2010,12,12,0,26.7462,7.287,0
2010,12,12,6,22.1488,8.426,0
2010,12,12,12,14.4526,8.472,0
2010,12,12,18,21.463,5.963,0
2010,12,13,0,6.9342,4.713,0.00166666666666667
2010,12,13,6,0.0254,4.287,0.025
2010,12,13,12,0,7.093,0
2010,12,13,18,7.6454,5.481,0
2010,12,14,0,10.5156,5.222,0
2010,12,14,6,4.2418,3.787,0.00833333333333333
2010,12,14,12,4.826,3.769,0.0133333333333333
2010,12,14,18,4.4704,1.991,0.146666666666667
2010,12,15,0,1.9558,2.009,0.0983333333333333
2010,12,15,6,0.3556,2.611,0.035
2010,12,15,12,0.0762,3.398,0.005
2010,12,15,18,0.508,2.056,0.0783333333333333
2010,12,16,0,0.0762,1.907,0.108333333333333
2010,12,16,6,0,1.722,0.273333333333333
2010,12,16,12,0,4.296,0
2010,12,16,18,0,3.63,0.00333333333333333
2010,12,17,0,0,1.843,0.366666666666667
2010,12,17,6,0,0.852,0.676666666666667
2010,12,17,12,0,2.231,0.418333333333333
2010,12,17,18,0,-0.25,1
2010,12,18,0,0,-0.139,1
2010,12,18,6,0.3556,1.87,0.578333333333333
2010,12,18,12,0.7366,3.769,0.01
2010,12,18,18,0.1524,1.63,0.351666666666667
2010,12,19,0,0.0254,-0.435,0.956666666666667
2010,12,19,6,0,2.324,0.203333333333333
2010,12,19,12,0,2.528,0.243333333333333
2010,12,19,18,0,-0.435,0.968333333333333
2010,12,20,0,0,1.815,0.335
2010,12,20,6,0,2.639,0.163333333333333
2010,12,20,12,0,4.657,0.00166666666666667
2010,12,20,18,0,4,0.01
2010,12,21,0,0,3.611,0.0266666666666667
2010,12,21,6,0,4.648,0.00333333333333333
2010,12,21,12,0,6.065,0
2010,12,21,18,0,5.556,0
2010,12,22,0,0,5.657,0
2010,12,22,6,0,5.491,0
2010,12,22,12,0,5.426,0.00166666666666667
2010,12,22,18,0,3.5,0.0916666666666667
2010,12,23,0,0.3302,3.87,0.07
2010,12,23,6,6.5024,4.296,0.0133333333333333
2010,12,23,12,2.4638,5.694,0
2010,12,23,18,1.524,6.741,0
2010,12,24,0,0.3556,7.13,0
2010,12,24,6,1.6256,7.019,0
2010,12,24,12,1.1684,7.704,0
2010,12,24,18,2.159,5.259,0
2010,12,25,0,1.6764,5.463,0
2010,12,25,6,0.8382,6.37,0
2010,12,25,12,0,8.037,0
2010,12,25,18,0.508,6.361,0
2010,12,26,0,0.889,5.389,0
2010,12,26,6,0.2794,5.389,0
2010,12,26,12,4.572,5.38,0
2010,12,26,18,2.5146,3.389,0.00333333333333333
2010,12,27,0,1.9812,2.806,0.025
2010,12,27,6,0.5334,2.944,0.0183333333333333
2010,12,27,12,0.8128,4,0
2010,12,27,18,1.6256,3.907,0.00166666666666667
2010,12,28,0,0.9398,4.509,0
2010,12,28,6,1.4478,4.194,0
2010,12,28,12,0.1778,2.426,0.21
2010,12,28,18,0,-0.694,0.96
2010,12,29,0,0.4318,-0.139,0.863333333333333
2010,12,29,6,0,1.25,0.316666666666667
2010,12,29,12,0,0.537,0.641666666666667
2010,12,29,18,0,-2.417,1
2010,12,30,0,0,-4.343,1
2010,12,30,6,0,-3.676,1
2010,12,30,12,0,-2.148,1
2010,12,30,18,0,-6.009,1
2010,12,31,0,0,-7.019,1
2010,12,31,6,0,-5.037,1
2010,12,31,12,0,-1.611,1
2010,12,31,18,0,-4.824,1
2011,1,1,0,0,-5.333,1
2011,1,1,6,0,-4,1
2011,1,1,12,0,-1.167,0.975
2011,1,1,18,0,-5.343,1
2011,1,2,0,0,-5.963,1
2011,1,2,6,0,-3.954,0.995
2011,1,2,12,0,-0.241,0.735
2011,1,2,18,0,-5.907,1
2011,1,3,0,0,-7.537,1
2011,1,3,6,0,-4.287,0.99
2011,1,3,12,0,-0.963,0.868333333333333
2011,1,3,18,0,-5.028,1
2011,1,4,0,0,-4.713,1
2011,1,4,6,0,-0.852,0.808333333333333
2011,1,4,12,0,1.685,0.38
2011,1,4,18,0,-0.898,0.86
2011,1,5,0,0.3556,-0.667,0.86
2011,1,5,6,5.08,1.176,0.423333333333333
2011,1,5,12,7.0358,2.574,0.095
2011,1,5,18,12.6492,3.009,0.0316666666666667
2011,1,6,0,11.049,3.111,0.03
2011,1,6,6,5.969,2.731,0.055
2011,1,6,12,3.81,2.935,0.04
2011,1,6,18,10.2108,3.296,0.02
2011,1,7,0,8.763,3.852,0
2011,1,7,6,10.8712,4.028,0
2011,1,7,12,3.2258,3.769,0.005
2011,1,7,18,1.0414,0.824,0.525
2011,1,8,0,0.3302,-0.5,0.938333333333333
2011,1,8,6,0.0254,-0.426,0.878333333333333
2011,1,8,12,0,0.324,0.718333333333333
2011,1,8,18,0.2794,-1.954,0.995
2011,1,9,0,0.6096,-3.028,1
2011,1,9,6,0.254,-1.741,1
2011,1,9,12,0.2032,-1.713,1
2011,1,9,18,0,-4.259,1
2011,1,10,0,0.0508,-3.565,1
2011,1,10,6,0,-1.352,1
2011,1,10,12,0.127,-0.88,0.998333333333333
2011,1,10,18,0.127,-1.722,1
2011,1,11,0,0,-4.602,1
2011,1,11,6,0,-2.685,1
2011,1,11,12,0.4318,1.046,0.753333333333333
2011,1,11,18,3.175,0.019,0.891666666666667
2011,1,12,0,10.6934,2.13,0.331666666666667
2011,1,12,6,10.5156,5.583,0
2011,1,12,12,2.667,4.944,0.00333333333333333
2011,1,12,18,1.3716,1.269,0.28
2011,1,13,0,7.5438,4.796,0.01
2011,1,13,6,8.6614,7.593,0
2011,1,13,12,3.4544,8.778,0
2011,1,13,18,3.3274,6,0
2011,1,14,0,9.7028,6.12,0
2011,1,14,6,10.3378,7.63,0
2011,1,14,12,2.6416,9.296,0
2011,1,14,18,3.2004,7.25,0
2011,1,15,0,4.0132,7.083,0
2011,1,15,6,1.0414,7.296,0
2011,1,15,12,2.9972,8.917,0
2011,1,15,18,11.43,7,0
2011,1,16,0,13.6144,7.713,0
2011,1,16,6,8.2042,8.796,0
2011,1,16,12,7.5692,9.167,0
2011,1,16,18,17.526,6.111,0
2011,1,17,0,17.272,5.704,0
2011,1,17,6,9.8298,6.194,0
2011,1,17,12,1.0668,5.176,0
2011,1,17,18,0.8128,2.722,0.01
2011,1,18,0,0.381,0.583,0.531666666666667
2011,1,18,6,3.556,2.139,0.141666666666667
2011,1,18,12,2.9464,3.111,0.01
2011,1,18,18,0,0.296,0.651666666666667
2011,1,19,0,0,-1.639,1
2011,1,19,6,0,-0.38,0.798333333333333
2011,1,19,12,0,2.037,0.17
2011,1,19,18,0,0.176,0.783333333333333
2011,1,20,0,0.1778,1.852,0.188333333333333
2011,1,20,6,3.9878,2.806,0.0433333333333333
2011,1,20,12,2.1082,2.926,0.0266666666666667
2011,1,20,18,0.127,2.954,0.0116666666666667
2011,1,21,0,6.1214,3.648,0
2011,1,21,6,15.0876,4.426,0
2011,1,21,12,3.0988,5.343,0
2011,1,21,18,0.6096,3.861,0.005
2011,1,22,0,0.127,1.241,0.226666666666667
2011,1,22,6,0,2.315,0.195
2011,1,22,12,0,5.407,0
2011,1,22,18,0.0254,4.315,0
2011,1,23,0,0.254,4.333,0
2011,1,23,6,0.7112,4.241,0
2011,1,23,12,0,5.009,0
2011,1,23,18,0.4572,4.278,0
2011,1,24,0,5.1054,5.296,0
2011,1,24,6,7.874,6.074,0
2011,1,24,12,12.7,6.509,0
2011,1,24,18,2.5908,5.222,0
2011,1,25,0,0.3302,4.796,0
2011,1,25,6,0.6604,5.231,0
2011,1,25,12,0.0254,6.204,0
2011,1,25,18,0,4.102,0
2011,1,26,0,0,4.296,0
2011,1,26,6,0,5.148,0
2011,1,26,12,0,6.472,0
2011,1,26,18,0,2.148,0.423333333333333
2011,1,27,0,0,0.87,0.848333333333333
2011,1,27,6,0,3.806,0.238333333333333
2011,1,27,12,0,5.87,0
2011,1,27,18,0,1.796,0.601666666666667
2011,1,28,0,0,1.333,0.703333333333333
2011,1,28,6,1.7018,4.583,0.01
2011,1,28,12,3.8608,4.602,0
2011,1,28,18,2.921,3.398,0
2011,1,29,0,1.9558,3.37,0
2011,1,29,6,5.969,3.657,0
2011,1,29,12,3.8608,4.046,0
2011,1,29,18,3.2004,1.759,0.121666666666667
2011,1,30,0,0.0508,0.093,0.823333333333333
2011,1,30,6,0,-0.556,0.998333333333333
2011,1,30,12,0,0.324,0.97
2011,1,30,18,0,-4.065,1
2011,1,31,0,0,-3.861,1
2011,1,31,6,0,-1.269,0.888333333333333
2011,1,31,12,0,1.454,0.323333333333333
2011,1,31,18,0,-3.148,1
2011,2,1,0,0,-3.565,1
2011,2,1,6,0,-2.222,0.941666666666667
2011,2,1,12,0,2.259,0.27
2011,2,1,18,0,-2.444,1
2011,2,2,0,0,-4.37,1
2011,2,2,6,0,-0.491,0.69
2011,2,2,12,0,3.657,0.035
2011,2,2,18,0,0.269,0.685
2011,2,3,0,0.2032,3.435,0.04
2011,2,3,6,6.9596,5.88,0
2011,2,3,12,9.6012,4.296,0
2011,2,3,18,1.7272,3.435,0.00166666666666667
2011,2,4,0,10.4648,6.009,0
2011,2,4,6,11.0236,6.528,0
2011,2,4,12,1.651,6.87,0
2011,2,4,18,0.6858,5.296,0
2011,2,5,0,0.0254,4.194,0
2011,2,5,6,0,3.87,0.0166666666666667
2011,2,5,12,0,6.102,0
2011,2,5,18,0,4.093,0
2011,2,6,0,0.6096,3.056,0.00166666666666667
2011,2,6,6,4.6482,4.398,0
2011,2,6,12,2.3368,6.333,0
2011,2,6,18,5.2324,4.981,0
2011,2,7,0,0.6604,3.333,0
2011,2,7,6,2.0574,3.519,0
2011,2,7,12,0.0762,4.861,0
2011,2,7,18,0.1524,1.852,0.165
2011,2,8,0,0,0.333,0.681666666666667
2011,2,8,6,0,2.796,0.05
2011,2,8,12,0,3.824,0.0433333333333333
2011,2,8,18,0,-1.972,1
2011,2,9,0,0,-3.657,1
2011,2,9,6,0,-0.833,0.638333333333333
2011,2,9,12,0,4.185,0.01
2011,2,9,18,0,-1.333,0.908333333333333
2011,2,10,0,0,-3.324,1
2011,2,10,6,0,0.62,0.563333333333333
2011,2,10,12,0,3.704,0.0416666666666667
2011,2,10,18,0,-0.426,0.881666666666667
2011,2,11,0,0,2.296,0.233333333333333
2011,2,11,6,1.0414,4.435,0.005
2011,2,11,12,2.7178,5.324,0.00333333333333333
2011,2,11,18,3.0988,3.87,0.0216666666666667
2011,2,12,0,0.6858,4.75,0.00333333333333333
2011,2,12,6,2.3368,5.787,0.005
2011,2,12,12,9.8044,6.741,0
2011,2,12,18,6.604,5.528,0
2011,2,13,0,1.9304,3.889,0.00833333333333333
2011,2,13,6,0.4572,4.306,0.00333333333333333
2011,2,13,12,0,7.009,0
2011,2,13,18,0.7366,4.389,0
2011,2,14,0,5.0546,6.398,0
2011,2,14,6,4.0894,7.509,0
2011,2,14,12,3.5052,7.315,0
2011,2,14,18,2.8448,5.426,0
2011,2,15,0,0.127,3.185,0.0383333333333333
2011,2,15,6,0,3.417,0.085
2011,2,15,12,1.6256,5.981,0
2011,2,15,18,1.016,2.972,0.035
2011,2,16,0,1.0414,1.954,0.165
2011,2,16,6,0.3302,2.546,0.095
2011,2,16,12,0.3556,4.806,0.005
2011,2,16,18,0.8128,1.815,0.206666666666667
2011,2,17,0,0.508,0.62,0.576666666666667
2011,2,17,6,0,1.565,0.4
2011,2,17,12,0,4.611,0.01
2011,2,17,18,0,1.972,0.168333333333333
2011,2,18,0,0,-0.324,0.833333333333333
2011,2,18,6,0,1.37,0.43
2011,2,18,12,0.0762,4.083,0.0266666666666667
2011,2,18,18,0,0.694,0.823333333333333
2011,2,19,0,0.0254,-0.889,1
2011,2,19,6,0,-0.685,0.78
2011,2,19,12,0.2032,3.296,0.106666666666667
2011,2,19,18,0.3048,-1.981,0.983333333333333
2011,2,20,0,0.0254,-4.806,1
2011,2,20,6,0,-1.935,0.886666666666667
2011,2,20,12,0,2.278,0.453333333333333
2011,2,20,18,0,-2.843,1
2011,2,21,0,0,-3.528,1
2011,2,21,6,0.2794,0.046,0.62
2011,2,21,12,2.4892,2.926,0.0333333333333333
2011,2,21,18,2.0828,0.824,0.466666666666667
2011,2,22,0,0.7874,-0.231,0.841666666666667
2011,2,22,6,0.4064,0.481,0.725
2011,2,22,12,0.508,1.148,0.6
2011,2,22,18,0.4826,-1.935,0.998333333333333
2011,2,23,0,0.3302,-4.435,1
2011,2,23,6,0.1016,-3.333,1
2011,2,23,12,0.2032,-2.259,1
2011,2,23,18,0.4572,-5.815,1
2011,2,24,0,0.8128,-6.685,1
2011,2,24,6,1.0922,-5.306,1
2011,2,24,12,0,-3.287,1
2011,2,24,18,0,-6.222,1
2011,2,25,0,0,-9.565,1
2011,2,25,6,0,-8.269,1
2011,2,25,12,0,-3.583,1
2011,2,25,18,0,-8.88,1
2011,2,26,0,0,-7.546,1
2011,2,26,6,0.0508,-3.389,1
2011,2,26,12,0.127,-1.213,0.986666666666667
2011,2,26,18,0.8382,-1.843,0.998333333333333
2011,2,27,0,2.3622,-1.12,0.921666666666667
2011,2,27,6,4.6482,1.324,0.3
2011,2,27,12,2.4892,2.389,0.123333333333333
2011,2,27,18,6.0706,0.907,0.453333333333333
2011,2,28,0,5.0546,0.139,0.756666666666667
2011,2,28,6,3.048,0.204,0.786666666666667
2011,2,28,12,2.8194,1.157,0.553333333333333
2011,2,28,18,3.1496,-0.657,0.93
2011,3,1,0,0.9398,-0.972,0.95
2011,3,1,6,0,0.787,0.57
2011,3,1,12,0.1016,3.519,0.0916666666666667
2011,3,1,18,0.635,2.787,0.09
2011,3,2,0,0.6604,5.306,0
2011,3,2,6,2.9972,6.463,0
2011,3,2,12,4.4958,4.509,0.0383333333333333
2011,3,2,18,2.0574,1.269,0.485
2011,3,3,0,2.1844,0.87,0.563333333333333
2011,3,3,6,0.7366,1.972,0.283333333333333
2011,3,3,12,0.6096,4.593,0.00666666666666667
2011,3,3,18,1.7018,2.333,0.178333333333333
2011,3,4,0,0,-1.435,0.88
2011,3,4,6,0,-0.324,0.726666666666667
2011,3,4,12,1.4986,4.87,0.0333333333333333
2011,3,4,18,2.2352,4.824,0
2011,3,5,0,2.0066,3.463,0.00833333333333333
2011,3,5,6,0.254,3.278,0.0283333333333333
2011,3,5,12,0.1016,5.435,0.00333333333333333
2011,3,5,18,0,1.352,0.323333333333333
2011,3,6,0,0,0.63,0.561666666666667
2011,3,6,6,0,1.852,0.436666666666667
2011,3,6,12,0.0254,5.954,0
2011,3,6,18,0,-0.639,0.783333333333333
2011,3,7,0,0,-2.907,1
2011,3,7,6,0,0.713,0.52
2011,3,7,12,0,5.565,0.00166666666666667
2011,3,7,18,0,0.083,0.778333333333333
2011,3,8,0,0.4318,4.093,0.035
2011,3,8,6,2.8194,6.75,0
2011,3,8,12,0.7112,7.954,0
2011,3,8,18,0.1778,2.769,0.101666666666667
2011,3,9,0,2.794,3.759,0.065
2011,3,9,6,7.112,7.472,0
2011,3,9,12,3.6068,8.241,0
2011,3,9,18,0.9652,5.333,0.00666666666666667
2011,3,10,0,5.2832,5.861,0
2011,3,10,6,2.1082,6.481,0
2011,3,10,12,6.223,6.639,0
2011,3,10,18,3.2766,4.028,0.00666666666666667
2011,3,11,0,2.159,2.398,0.103333333333333
2011,3,11,6,0.0762,3.565,0.0466666666666667
2011,3,11,12,0.1016,6.259,0
2011,3,11,18,0.1524,4.194,0.0116666666666667
2011,3,12,0,1.0922,5.065,0.00166666666666667
2011,3,12,6,4.3688,7.028,0
2011,3,12,12,1.8796,8.241,0
2011,3,12,18,0.6858,3.519,0.045
2011,3,13,0,0.2794,3.185,0.0483333333333333
2011,3,13,6,3.0988,7.046,0
2011,3,13,12,3.2258,8.935,0
2011,3,13,18,2.4638,5.806,0
2011,3,14,0,3.6322,4.954,0
2011,3,14,6,1.4478,7.657,0
2011,3,14,12,1.016,8.704,0
2011,3,14,18,0.4572,4.935,0
2011,3,15,0,3.0226,6.472,0
2011,3,15,6,3.4544,7.167,0
2011,3,15,12,5.7658,8.13,0
2011,3,15,18,5.7912,5.111,0.00166666666666667
2011,3,16,0,3.9116,3.148,0.0433333333333333
2011,3,16,6,1.3462,5.213,0.00666666666666667
2011,3,16,12,1.3716,7.62,0
2011,3,16,18,0.8636,1.389,0.43
2011,3,17,0,0.4826,-0.62,0.895
2011,3,17,6,0,2.713,0.32
2011,3,17,12,0,7.62,0
2011,3,17,18,0,0.722,0.781666666666667
2011,3,18,0,0,0.769,0.886666666666667
2011,3,18,6,0,4.278,0.153333333333333
2011,3,18,12,0.5334,7.889,0
2011,3,18,18,2.7432,3.185,0.0566666666666667
2011,3,19,0,2.8194,1.296,0.298333333333333
2011,3,19,6,0.2032,5.259,0.0266666666666667
2011,3,19,12,0.0254,9.565,0
2011,3,19,18,0,3.148,0.236666666666667
2011,3,20,0,0,0.093,0.853333333333333
2011,3,20,6,0,4.583,0.185
2011,3,20,12,0,9.074,0
2011,3,20,18,0,4.398,0.0516666666666667
2011,3,21,0,0.127,3.509,0.0583333333333333
2011,3,21,6,0.0762,7.417,0
2011,3,21,12,0.9652,7.315,0
2011,3,21,18,1.1176,2.824,0.0533333333333333
2011,3,22,0,1.143,1.88,0.178333333333333
2011,3,22,6,0,4.333,0.095
2011,3,22,12,0,9.917,0
2011,3,22,18,0,4.611,0.04
2011,3,23,0,0,0.028,0.815
2011,3,23,6,0,5.315,0.153333333333333
2011,3,23,12,0,12.333,0
2011,3,23,18,0.2794,6.639,0.0133333333333333
2011,3,24,0,0.2286,4.907,0.0483333333333333
2011,3,24,6,0,7.954,0.00166666666666667
2011,3,24,12,0,11.13,0
2011,3,24,18,0,4.574,0.05
2011,3,25,0,0,3.889,0.0483333333333333
2011,3,25,6,1.143,6.843,0
2011,3,25,12,0.2032,9.194,0
2011,3,25,18,0.508,4.13,0.00666666666666667
2011,3,26,0,0,1.926,0.23
2011,3,26,6,0,5.546,0.035
2011,3,26,12,0.2794,9.833,0
2011,3,26,18,0.0762,4.009,0.0566666666666667
2011,3,27,0,0,3.991,0.01
2011,3,27,6,0,6.028,0
2011,3,27,12,0.5334,9.519,0
2011,3,27,18,0.7366,5.537,0
2011,3,28,0,0.4318,4.463,0
2011,3,28,6,0.1016,5.926,0
2011,3,28,12,0.0762,8.185,0
2011,3,28,18,0.4572,4.713,0.00166666666666667
2011,3,29,0,0.8382,4.88,0
2011,3,29,6,0.0762,6.065,0
2011,3,29,12,1.016,8.231,0
2011,3,29,18,2.2352,5.935,0
2011,3,30,0,13.335,6.75,0
2011,3,30,6,14.9352,7.861,0
2011,3,30,12,3.2258,9.398,0
2011,3,30,18,7.5184,7.148,0
2011,3,31,0,8.509,7.491,0
2011,3,31,6,2.2606,7.954,0
2011,3,31,12,0.6604,8.444,0
2011,3,31,18,0.0254,5.231,0
2011,4,1,0,0.762,4.083,0
2011,4,1,6,6.8072,6.074,0
2011,4,1,12,6.1214,7.546,0
2011,4,1,18,3.302,5.176,0
2011,4,2,0,1.7018,3.333,0.00833333333333333
2011,4,2,6,2.54,3.889,0.015
2011,4,2,12,1.651,6.491,0
2011,4,2,18,1.0922,3.62,0.0116666666666667
2011,4,3,0,0.9398,2.639,0.0566666666666667
2011,4,3,6,0,4.13,0.00666666666666667
2011,4,3,12,0.0762,6,0
2011,4,3,18,0.635,3.287,0.0516666666666667
2011,4,4,0,3.1242,2.565,0.116666666666667
2011,4,4,6,8.0518,3.704,0.035
2011,4,4,12,8.0264,5.361,0
2011,4,4,18,6.7818,4.676,0
2011,4,5,0,1.27,2.889,0.0783333333333333
2011,4,5,6,2.413,3.444,0.0533333333333333
2011,4,5,12,3.2258,5.519,0
2011,4,5,18,5.1308,3.667,0.00166666666666667
2011,4,6,0,4.953,1.759,0.216666666666667
2011,4,6,6,2.0574,3.87,0.103333333333333
2011,4,6,12,1.2954,7.685,0
2011,4,6,18,0.5334,2.111,0.29
2011,4,7,0,0.0762,-0.88,0.963333333333333
2011,4,7,6,0,2.62,0.233333333333333
2011,4,7,12,0,8.481,0
2011,4,7,18,0,3.722,0.118333333333333
2011,4,8,0,0,-0.093,0.921666666666667
2011,4,8,6,0,5.222,0.0966666666666667
2011,4,8,12,0,9.278,0
2011,4,8,18,0,4.046,0.128333333333333
2011,4,9,0,0,3.769,0.0966666666666667
2011,4,9,6,0,6.056,0.00166666666666667
2011,4,9,12,0,8.417,0
2011,4,9,18,0,4.898,0
2011,4,10,0,0.1016,4.972,0
2011,4,10,6,2.3876,6.926,0
2011,4,10,12,2.7686,9.028,0
2011,4,10,18,2.5654,7.139,0
2011,4,11,0,4.8514,4.241,0.0216666666666667
2011,4,11,6,0.9398,4.306,0.0566666666666667
2011,4,11,12,0.4826,9.065,0
2011,4,11,18,0.2032,3.574,0.045
2011,4,12,0,0.1524,1.917,0.211666666666667
2011,4,12,6,0,4.102,0.0533333333333333
2011,4,12,12,0,8.454,0
2011,4,12,18,0,4.139,0.0566666666666667
2011,4,13,0,0.0508,2.759,0.123333333333333
2011,4,13,6,0.9652,4.833,0.00833333333333333
2011,4,13,12,3.5306,6.204,0
2011,4,13,18,3.556,1.63,0.446666666666667
2011,4,14,0,2.5146,-0.269,0.931666666666667
2011,4,14,6,2.5908,0.88,0.68
2011,4,14,12,4.826,5.713,0.00166666666666667
2011,4,14,18,3.2258,2.269,0.176666666666667
2011,4,15,0,1.1176,0.463,0.658333333333333
2011,4,15,6,0,3.102,0.19
2011,4,15,12,0.7874,6.5,0
2011,4,15,18,1.1684,3.602,0.0583333333333333
2011,4,16,0,1.8796,2.269,0.085
2011,4,16,6,0.9652,4.806,0.00666666666666667
2011,4,16,12,0.4826,7.667,0
2011,4,16,18,0,2.694,0.221666666666667
2011,4,17,0,0.127,1.944,0.251666666666667
2011,4,17,6,0.8636,4.519,0.035
2011,4,17,12,0.6604,8.028,0
2011,4,17,18,0.2032,2.213,0.38
2011,4,18,0,0.127,-0.176,0.868333333333333
2011,4,18,6,0.3556,3.472,0.0933333333333333
2011,4,18,12,1.0414,7.657,0
2011,4,18,18,0.635,2.435,0.283333333333333
2011,4,19,0,1.778,1.463,0.405
2011,4,19,6,2.1844,5.667,0.00166666666666667
2011,4,19,12,1.0668,8.315,0
2011,4,19,18,0.0508,3.389,0.133333333333333
2011,4,20,0,0,0.194,0.813333333333333
2011,4,20,6,0,4.472,0.07
2011,4,20,12,0.5842,7.87,0
2011,4,20,18,2.3876,1.87,0.346666666666667
2011,4,21,0,3.6068,0.148,0.776666666666667
2011,4,21,6,1.8542,2.593,0.26
2011,4,21,12,0.9398,9.065,0
2011,4,21,18,0.127,3.528,0.115
2011,4,22,0,0,0.62,0.623333333333333
2011,4,22,6,0,5.176,0.04
2011,4,22,12,0,12.648,0
2011,4,22,18,0,3.944,0.256666666666667
2011,4,23,0,0,0.241,0.91
2011,4,23,6,0,7.306,0.0283333333333333
2011,4,23,12,0,12.231,0
2011,4,23,18,0,4.083,0.37
2011,4,24,0,0,2.204,0.706666666666667
2011,4,24,6,0,7.861,0.00166666666666667
2011,4,24,12,2.5146,9.343,0
2011,4,24,18,3.2004,5.731,0
2011,4,25,0,3.9878,4.611,0.00166666666666667
2011,4,25,6,0.889,7.722,0
2011,4,25,12,5.2324,9.269,0
2011,4,25,18,3.5306,5.824,0
2011,4,26,0,3.81,4.981,0
2011,4,26,6,0.4318,6.463,0
2011,4,26,12,0.1016,9.157,0
2011,4,26,18,0.6604,4.426,0.0283333333333333
2011,4,27,0,2.6416,2.602,0.0816666666666667
2011,4,27,6,3.0226,4.296,0.0616666666666667
2011,4,27,12,5.715,9.111,0
2011,4,27,18,8.9662,4.88,0.005
2011,4,28,0,6.223,1.491,0.266666666666667
2011,4,28,6,2.4638,4.148,0.0466666666666667
2011,4,28,12,1.27,9.213,0
2011,4,28,18,0.7112,3.565,0.0633333333333333
2011,4,29,0,0.7366,1.583,0.295
2011,4,29,6,0.635,5.213,0.00166666666666667
2011,4,29,12,0.127,9.426,0
2011,4,29,18,0.3302,4.148,0.0266666666666667
2011,4,30,0,0.127,2.574,0.07
2011,4,30,6,0,7.389,0
2011,4,30,12,0,12.065,0
2011,4,30,18,0,4.111,0.133333333333333
2011,5,1,0,0,0.815,0.571666666666667
2011,5,1,6,0,6.509,0.00333333333333333
2011,5,1,12,0,11.778,0
2011,5,1,18,0,7.491,0.00333333333333333
2011,5,2,0,0,6.685,0.00333333333333333
2011,5,2,6,4.7498,9.435,0
2011,5,2,12,3.9116,9.306,0
2011,5,2,18,0.2286,6.491,0
2011,5,3,0,0.6604,5.926,0
2011,5,3,6,0,7.88,0
2011,5,3,12,0.0254,10.065,0
2011,5,3,18,0,6.491,0
2011,5,4,0,0,3.907,0.015
2011,5,4,6,0,8.565,0
2011,5,4,12,0,12.519,0
2011,5,4,18,0,7.306,0
2011,5,5,0,2.2098,6.361,0
2011,5,5,6,1.8034,7.574,0
2011,5,5,12,0.381,9.435,0
2011,5,5,18,0.7366,7.537,0
2011,5,6,0,3.556,7.102,0
2011,5,6,6,3.4798,7.944,0
2011,5,6,12,1.6256,8.898,0
2011,5,6,18,9.779,6.88,0
2011,5,7,0,6.0706,5.87,0
2011,5,7,6,17.018,7.639,0
2011,5,7,12,5.7912,9.898,0
2011,5,7,18,0.1778,6.769,0
2011,5,8,0,0.0762,4.352,0
2011,5,8,6,0.1016,7.806,0
2011,5,8,12,0.2794,11.38,0
2011,5,8,18,0,6.889,0
2011,5,9,0,0,5.75,0
2011,5,9,6,0,9.324,0
2011,5,9,12,0,13.241,0
2011,5,9,18,0,7.815,0
2011,5,10,0,0,6.139,0
2011,5,10,6,0.0254,9.241,0
2011,5,10,12,0,11.528,0
2011,5,10,18,0.0508,8.407,0
2011,5,11,0,4.4704,6.63,0
2011,5,11,6,4.2164,9.037,0
2011,5,11,12,21.6916,11.565,0
2011,5,11,18,9.398,7.398,0
2011,5,12,0,0.9144,3.083,0.0333333333333333
2011,5,12,6,0,6.037,0.00833333333333333
2011,5,12,12,0,15.12,0
2011,5,12,18,0,8.157,0
2011,5,13,0,0,4.176,0.00666666666666667
2011,5,13,6,0,10.463,0
2011,5,13,12,0,15.481,0
2011,5,13,18,0,10.009,0
2011,5,14,0,0,8.352,0
2011,5,14,6,1.4732,11.185,0
2011,5,14,12,1.9812,13.963,0
2011,5,14,18,3.6068,9.87,0
2011,5,15,0,0.1016,8.204,0
2011,5,15,6,0.8382,9.75,0
2011,5,15,12,4.5466,10.278,0
2011,5,15,18,2.6924,7.398,0
2011,5,16,0,4.3688,6.917,0
2011,5,16,6,3.7592,8.333,0
2011,5,16,12,1.1938,10.861,0
2011,5,16,18,0.1778,7.278,0
2011,5,17,0,0,3.556,0.005
2011,5,17,6,0,8.537,0
2011,5,17,12,0,14.778,0
2011,5,17,18,0,6.731,0.0666666666666667
2011,5,18,0,0,1.639,0.66
2011,5,18,6,0,10.407,0
2011,5,18,12,0,16.287,0
2011,5,18,18,0,6.778,0.0466666666666667
2011,5,19,0,0,2.639,0.395
2011,5,19,6,0,11.426,0
2011,5,19,12,0,16.778,0
2011,5,19,18,0,7.815,0.0116666666666667
2011,5,20,0,0,4.333,0.128333333333333
2011,5,20,6,0,11.296,0
2011,5,20,12,0,15.778,0
2011,5,20,18,0,10.991,0
2011,5,21,0,0.127,7.861,0
2011,5,21,6,1.0414,9.926,0
2011,5,21,12,0.635,10.907,0
2011,5,21,18,0.1016,8.778,0
2011,5,22,0,0.1778,8.222,0
2011,5,22,6,0.0508,10.472,0
2011,5,22,12,0,13.037,0
2011,5,22,18,0,7.981,0
2011,5,23,0,0.0254,5.935,0
2011,5,23,6,0,9.037,0
2011,5,23,12,0,12.981,0
2011,5,23,18,0,9,0
2011,5,24,0,0,7.222,0
2011,5,24,6,0.1016,9.917,0
2011,5,24,12,0,12.861,0
2011,5,24,18,0,9.093,0
2011,5,25,0,0,7.065,0
2011,5,25,6,0,10.963,0
2011,5,25,12,2.7432,12.685,0
2011,5,25,18,6.5024,8.694,0
2011,5,26,0,7.5692,6.806,0
2011,5,26,6,0.7874,8.278,0
2011,5,26,12,0.4064,11.398,0
2011,5,26,18,0.0254,9.204,0
2011,5,27,0,0.762,8.287,0
2011,5,27,6,2.7686,9.611,0
2011,5,27,12,0.6096,11.704,0
2011,5,27,18,0.3048,9.009,0
2011,5,28,0,0.5334,6.843,0
2011,5,28,6,0.3048,10.148,0
2011,5,28,12,0.0254,12.583,0
2011,5,28,18,0,9.028,0
2011,5,29,0,0,6.361,0
2011,5,29,6,0,11.287,0
2011,5,29,12,0,14.454,0
2011,5,29,18,0,9.426,0
2011,5,30,0,0.1778,8.361,0
2011,5,30,6,0.4826,11.611,0
2011,5,30,12,0,15.889,0
2011,5,30,18,0.0762,10.509,0
2011,5,31,0,0.1016,7.454,0
2011,5,31,6,0.1778,12.065,0
2011,5,31,12,5.4864,14.806,0
2011,5,31,18,0.7112,10.37,0
2011,6,1,0,0.0508,8.731,0
2011,6,1,6,1.651,11.361,0
2011,6,1,12,0.7366,12.398,0
2011,6,1,18,0.381,9.778,0
2011,6,2,0,0.9906,9.148,0
2011,6,2,6,0.4572,10.981,0
2011,6,2,12,0.8382,14.602,0
2011,6,2,18,0.2794,11.843,0
2011,6,3,0,0,8.574,0
2011,6,3,6,0,12.648,0
2011,6,3,12,0,18.556,0
2011,6,3,18,0,11.898,0
2011,6,4,0,0,7.546,0
2011,6,4,6,0,14.546,0
2011,6,4,12,0,20.38,0
2011,6,4,18,0,11.685,0
2011,6,5,0,0,7.352,0
2011,6,5,6,0,15.463,0
2011,6,5,12,0,20.491,0
2011,6,5,18,0,12.472,0
2011,6,6,0,0,8.917,0
2011,6,6,6,0,14.139,0
2011,6,6,12,0,18.75,0
2011,6,6,18,0,13.611,0
2011,6,7,0,0.127,10.019,0
2011,6,7,6,1.7526,11.694,0
2011,6,7,12,3.6068,14.38,0
2011,6,7,18,0.0508,10.787,0
2011,6,8,0,0.9144,9.731,0
2011,6,8,6,0.6604,11.583,0
2011,6,8,12,0,15.778,0
2011,6,8,18,0.0254,12.093,0
2011,6,9,0,0.2032,10.676,0
2011,6,9,6,0,13.065,0
2011,6,9,12,0,15.769,0
2011,6,9,18,0,12.148,0
2011,6,10,0,0,10.324,0
2011,6,10,6,0,13.287,0
2011,6,10,12,0,15.833,0
2011,6,10,18,0,11.935,0
2011,6,11,0,0,9.898,0
2011,6,11,6,0,13.111,0
2011,6,11,12,0,17.194,0
2011,6,11,18,0,12.444,0
2011,6,12,0,0.0254,8.491,0
2011,6,12,6,0.0254,13.343,0
2011,6,12,12,0,17.398,0
2011,6,12,18,0,11.333,0
2011,6,13,0,0.3048,8.676,0
2011,6,13,6,1.016,12.417,0
2011,6,13,12,1.0922,15.972,0
2011,6,13,18,0.2032,11.537,0
2011,6,14,0,0,7.917,0
2011,6,14,6,0.4064,11.676,0
2011,6,14,12,0.3048,15.287,0
2011,6,14,18,0.889,10.269,0
2011,6,15,0,2.8702,8.222,0
2011,6,15,6,0.1016,10.778,0
2011,6,15,12,0,14.602,0
2011,6,15,18,0,10.815,0
2011,6,16,0,0,8.602,0
2011,6,16,6,0,12.917,0
2011,6,16,12,0,16.231,0
2011,6,16,18,0,12.083,0
2011,6,17,0,0,9.259,0
2011,6,17,6,0,13.028,0
2011,6,17,12,0,16.546,0
2011,6,17,18,0,12.324,0
2011,6,18,0,3.302,10.333,0
2011,6,18,6,3.8862,11.843,0
2011,6,18,12,3.302,12.861,0
2011,6,18,18,0.9144,11.343,0
2011,6,19,0,0.3302,10.574,0
2011,6,19,6,0.254,12.954,0
2011,6,19,12,0.0254,16.528,0
2011,6,19,18,0,12.602,0
2011,6,20,0,0,10.213,0
2011,6,20,6,0,15.019,0
2011,6,20,12,0,19.963,0
2011,6,20,18,0,14.509,0
2011,6,21,0,0,10.25,0
2011,6,21,6,0,15.102,0
2011,6,21,12,0,19.602,0
2011,6,21,18,0,13.454,0
2011,6,22,0,0,10.13,0
2011,6,22,6,0,14.417,0
2011,6,22,12,0,18.398,0
2011,6,22,18,0,13.861,0
2011,6,23,0,0.0508,10.102,0
2011,6,23,6,0.4572,11.093,0
2011,6,23,12,0.381,13.148,0
2011,6,23,18,0.4318,11.593,0
2011,6,24,0,0.1778,10.324,0
2011,6,24,6,0.5334,12.38,0
2011,6,24,12,0.5842,14.139,0
2011,6,24,18,0.0254,11.463,0
2011,6,25,0,0,8.361,0
2011,6,25,6,0,12.852,0
2011,6,25,12,0,17.231,0
2011,6,25,18,0,10.824,0
2011,6,26,0,0,5.907,0
2011,6,26,6,0,13.176,0
2011,6,26,12,0,19.639,0
2011,6,26,18,0,12.907,0
2011,6,27,0,0.0254,11.083,0
2011,6,27,6,0,16.037,0
2011,6,27,12,0,18.463,0
2011,6,27,18,0,14.028,0
2011,6,28,0,0,11.648,0
2011,6,28,6,0,15.611,0
2011,6,28,12,0.2794,17.296,0
2011,6,28,18,0.3302,13.472,0
2011,6,29,0,0.7874,12.444,0
2011,6,29,6,1.4478,13,0
2011,6,29,12,1.524,12.889,0
2011,6,29,18,0.2032,11.444,0
2011,6,30,0,0.635,10.981,0
2011,6,30,6,0.127,12.435,0
2011,6,30,12,0,15.454,0
2011,6,30,18,0,12.472,0
2011,7,1,0,0,10.519,0
2011,7,1,6,0,13.972,0
2011,7,1,12,0,18.352,0
2011,7,1,18,0,14.296,0
2011,7,2,0,0,10.213,0
2011,7,2,6,0,16.806,0
2011,7,2,12,0,20.398,0
2011,7,2,18,0.0508,14.065,0
2011,7,3,0,0.9144,10.667,0
2011,7,3,6,0.0508,14.352,0
2011,7,3,12,0,20.463,0
2011,7,3,18,0,13.111,0
2011,7,4,0,0,7.667,0
2011,7,4,6,0,15.787,0
2011,7,4,12,0,22.759,0
2011,7,4,18,0,14.361,0
2011,7,5,0,0,8.537,0
2011,7,5,6,0,18.287,0
2011,7,5,12,0,23.5,0
2011,7,5,18,0,15.583,0
2011,7,6,0,0,10.38,0
2011,7,6,6,0,16.815,0
2011,7,6,12,0,20.046,0
2011,7,6,18,0,14.528,0
2011,7,7,0,0,11.444,0
2011,7,7,6,0.0508,15.157,0
2011,7,7,12,0.1016,16.704,0
2011,7,7,18,0,11.944,0
2011,7,8,0,0.2032,8.991,0
2011,7,8,6,1.8034,11.481,0
2011,7,8,12,0.1016,16.519,0
2011,7,8,18,0,10.694,0
2011,7,9,0,0,5.889,0
2011,7,9,6,0,13.176,0
2011,7,9,12,0,19.13,0
2011,7,9,18,0,12.333,0
2011,7,10,0,0,8,0
2011,7,10,6,0,15.046,0
2011,7,10,12,0,19.556,0
2011,7,10,18,0,13.25,0
2011,7,11,0,0,8.231,0
2011,7,11,6,0,15.481,0
2011,7,11,12,0,19.769,0
2011,7,11,18,0,13.778,0
2011,7,12,0,0,10.991,0
2011,7,12,6,0.8636,15.815,0
2011,7,12,12,0.254,18.491,0
2011,7,12,18,2.7178,14.25,0
2011,7,13,0,2.6924,12.463,0
2011,7,13,6,0.381,14.361,0
2011,7,13,12,1.4986,16.889,0
2011,7,13,18,0.5842,13.898,0
2011,7,14,0,4.191,12.63,0
2011,7,14,6,8.1026,15.231,0
2011,7,14,12,0.4572,18.056,0
2011,7,14,18,1.4224,14.889,0
2011,7,15,0,0.7874,13.269,0
2011,7,15,6,0.635,16.028,0
2011,7,15,12,0.2286,18.907,0
2011,7,15,18,0.2794,15.769,0
2011,7,16,0,0.4318,14.315,0
2011,7,16,6,4.3434,16.389,0
2011,7,16,12,3.302,17.731,0
2011,7,16,18,7.366,14.944,0
2011,7,17,0,0.2794,13.009,0
2011,7,17,6,0.1016,17.361,0
2011,7,17,12,2.9464,18.528,0
2011,7,17,18,1.4986,15.389,0
2011,7,18,0,0,13.361,0
2011,7,18,6,0.635,15.806,0
2011,7,18,12,0,19.111,0
2011,7,18,18,0,14.593,0
2011,7,19,0,0,11.5,0
2011,7,19,6,0.1524,16,0
2011,7,19,12,0.2794,18.139,0
2011,7,19,18,0.1778,14.676,0
2011,7,20,0,0.3556,13.148,0
2011,7,20,6,0,15.611,0
2011,7,20,12,0,17.981,0
2011,7,20,18,0.1778,14.241,0
2011,7,21,0,3.048,12.167,0
2011,7,21,6,1.0668,13.296,0
2011,7,21,12,0.6096,17.185,0
2011,7,21,18,0.3302,13.546,0
2011,7,22,0,0,10.657,0
2011,7,22,6,0,14.148,0
2011,7,22,12,0,19.176,0
2011,7,22,18,0,12.87,0
2011,7,23,0,0,8.315,0
2011,7,23,6,0,15.787,0
2011,7,23,12,0,23.269,0
2011,7,23,18,0,15.593,0
2011,7,24,0,0,10.667,0
2011,7,24,6,0,17.407,0
2011,7,24,12,0,21.491,0
2011,7,24,18,0,16.241,0
2011,7,25,0,0,12.472,0
2011,7,25,6,0.1524,16.361,0
2011,7,25,12,1.651,16.898,0
2011,7,25,18,0.1778,13.491,0
2011,7,26,0,0,11.87,0
2011,7,26,6,0,14.454,0
2011,7,26,12,0,17.778,0
2011,7,26,18,0,14.25,0
2011,7,27,0,0,11.639,0
2011,7,27,6,0,15.472,0
2011,7,27,12,0,20.037,0
2011,7,27,18,0,13.935,0
2011,7,28,0,0,9.278,0
2011,7,28,6,0,16.083,0
2011,7,28,12,0,21.296,0
2011,7,28,18,0,15.546,0
2011,7,29,0,0,12.833,0
2011,7,29,6,0,17.769,0
2011,7,29,12,0,21.537,0
2011,7,29,18,0,15.713,0
2011,7,30,0,0,11.176,0
2011,7,30,6,0,16.176,0
2011,7,30,12,0,20.361,0
2011,7,30,18,0,15.472,0
2011,7,31,0,1.1684,13.324,0
2011,7,31,6,0.0508,16.713,0
2011,7,31,12,0.0254,20.972,0
2011,7,31,18,0.0254,14.583,0
2011,8,1,0,0.1524,9.278,0
2011,8,1,6,0,15.713,0
2011,8,1,12,0,21.426,0
2011,8,1,18,0,16.306,0
2011,8,2,0,0,12.426,0
2011,8,2,6,0,19.556,0
2011,8,2,12,0,22.806,0
2011,8,2,18,0,16.176,0
2011,8,3,0,0,11.407,0
2011,8,3,6,0,18.574,0
2011,8,3,12,0,23.509,0
2011,8,3,18,0,17.056,0
2011,8,4,0,0,11.981,0
2011,8,4,6,0,17.13,0
2011,8,4,12,0,21.194,0
2011,8,4,18,0,15.889,0
2011,8,5,0,0,12.259,0
2011,8,5,6,0,17.185,0
2011,8,5,12,0,20.917,0
2011,8,5,18,0,16.472,0
2011,8,6,0,0,13.315,0
2011,8,6,6,0,17.352,0
2011,8,6,12,0,20.778,0
2011,8,6,18,0,14.741,0
2011,8,7,0,0,11.333,0
2011,8,7,6,0,15.333,0
2011,8,7,12,0,19.176,0
2011,8,7,18,0,13.806,0
2011,8,8,0,0,11.111,0
2011,8,8,6,0,14.694,0
2011,8,8,12,0,17.87,0
2011,8,8,18,0,13.259,0
2011,8,9,0,0,11.167,0
2011,8,9,6,0,13.769,0
2011,8,9,12,0,16.704,0
2011,8,9,18,0,13.157,0
2011,8,10,0,0,11.481,0
2011,8,10,6,0,14.981,0
2011,8,10,12,0,18.602,0
2011,8,10,18,0,14.111,0
2011,8,11,0,0,11.62,0
2011,8,11,6,0,15.981,0
2011,8,11,12,0,20.833,0
2011,8,11,18,0,14.185,0
2011,8,12,0,0,10.111,0
2011,8,12,6,0,14.917,0
2011,8,12,12,0,19.593,0
2011,8,12,18,0,13.537,0
2011,8,13,0,0,10.824,0
2011,8,13,6,0,14.176,0
2011,8,13,12,0,18.583,0
2011,8,13,18,0,14.046,0
2011,8,14,0,0,12.481,0
2011,8,14,6,0,15.343,0
2011,8,14,12,0,19.361,0
2011,8,14,18,0,13.935,0
2011,8,15,0,0,10.509,0
2011,8,15,6,0,14.741,0
2011,8,15,12,0,20.843,0
2011,8,15,18,0,12.324,0
2011,8,16,0,0,8.167,0
2011,8,16,6,0,14.713,0
2011,8,16,12,0,21.241,0
2011,8,16,18,0,12.093,0
2011,8,17,0,0,8.287,0
2011,8,17,6,0,14.87,0
2011,8,17,12,0,20.352,0
2011,8,17,18,0,12.009,0
2011,8,18,0,0,9.148,0
2011,8,18,6,0,15.13,0
2011,8,18,12,0,21.565,0
2011,8,18,18,0,13.787,0
2011,8,19,0,0,10.083,0
2011,8,19,6,0,17.5,0
2011,8,19,12,0,24.87,0
2011,8,19,18,0,13.926,0
2011,8,20,0,0,9.861,0
2011,8,20,6,0,18.639,0
2011,8,20,12,0,25.241,0
2011,8,20,18,0,17.111,0
2011,8,21,0,0,13.731,0
2011,8,21,6,0,19.593,0
2011,8,21,12,0,22.287,0
2011,8,21,18,0,17.102,0
2011,8,22,0,0,15.306,0
2011,8,22,6,4.8514,18.417,0
2011,8,22,12,11.9634,18.639,0
2011,8,22,18,0.6858,16.954,0
2011,8,23,0,1.5494,16.111,0
2011,8,23,6,0.1016,18.13,0
2011,8,23,12,0,22.981,0
2011,8,23,18,0,16.759,0
2011,8,24,0,0,12.676,0
2011,8,24,6,0,19.213,0
2011,8,24,12,0,23.935,0
2011,8,24,18,0,14.963,0
2011,8,25,0,0,12.407,0
2011,8,25,6,0,18.898,0
2011,8,25,12,0,24.593,0
2011,8,25,18,0,16,0
2011,8,26,0,0,12.343,0
2011,8,26,6,0,19.481,0
2011,8,26,12,0,23.944,0
2011,8,26,18,0,16.463,0
2011,8,27,0,0,12.519,0
2011,8,27,6,0,18.519,0
2011,8,27,12,0,23.944,0
2011,8,27,18,0,15.13,0
2011,8,28,0,0,10.657,0
2011,8,28,6,0,16.602,0
2011,8,28,12,0,21.444,0
2011,8,28,18,0,14.259,0
2011,8,29,0,0,11.926,0
2011,8,29,6,0,15.731,0
2011,8,29,12,0,19.583,0
2011,8,29,18,0,13.519,0
2011,8,30,0,0,11.657,0
2011,8,30,6,0,15.759,0
2011,8,30,12,0,18.157,0
2011,8,30,18,0,12.676,0
2011,8,31,0,0,11.028,0
2011,8,31,6,0,13.389,0
2011,8,31,12,0,16.954,0
2011,8,31,18,0,10.787,0
2011,9,1,0,0,7.944,0
2011,9,1,6,0,14.13,0
2011,9,1,12,0,18.583,0
2011,9,1,18,0,13.528,0
2011,9,2,0,0,9.565,0
2011,9,2,6,0,14.898,0
2011,9,2,12,0,21.306,0
2011,9,2,18,0,11.046,0
2011,9,3,0,0,6.972,0
2011,9,3,6,0,15.463,0
2011,9,3,12,0,23.944,0
2011,9,3,18,0,13.361,0
2011,9,4,0,0,8.528,0
2011,9,4,6,0,17.019,0
2011,9,4,12,0,22.407,0
2011,9,4,18,0,12.889,0
2011,9,5,0,0,9.37,0
2011,9,5,6,0,17.778,0
2011,9,5,12,0,23.685,0
2011,9,5,18,0,13.991,0
2011,9,6,0,0,9.065,0
2011,9,6,6,0,17.954,0
2011,9,6,12,0,25.213,0
2011,9,6,18,0,14.546,0
2011,9,7,0,0,8.972,0
2011,9,7,6,0,17.435,0
2011,9,7,12,0,25.713,0
2011,9,7,18,0,14.231,0
2011,9,8,0,0,10.389,0
2011,9,8,6,0,18.657,0
2011,9,8,12,0,24.889,0
2011,9,8,18,0,14.602,0
2011,9,9,0,0,10.231,0
2011,9,9,6,0,17.315,0
2011,9,9,12,0,24.38,0
2011,9,9,18,0,14.509,0
2011,9,10,0,0,10.546,0
2011,9,10,6,0,17.806,0
2011,9,10,12,0,25.009,0
2011,9,10,18,0,14.907,0
2011,9,11,0,0,10.861,0
2011,9,11,6,0,16.861,0
2011,9,11,12,0,21.481,0
2011,9,11,18,0,14.435,0
2011,9,12,0,0,11.611,0
2011,9,12,6,0,15.38,0
2011,9,12,12,0,18.87,0
2011,9,12,18,0,13.546,0
2011,9,13,0,0,11.843,0
2011,9,13,6,0,15.296,0
2011,9,13,12,0,18.63,0
2011,9,13,18,0,14.38,0
2011,9,14,0,0,12.231,0
2011,9,14,6,0,14.667,0
2011,9,14,12,0,16.12,0
2011,9,14,18,0,12.88,0
2011,9,15,0,0,11.926,0
2011,9,15,6,0,13.815,0
2011,9,15,12,0,14.722,0
2011,9,15,18,0,10.565,0
2011,9,16,0,0,8.37,0
2011,9,16,6,0,11.509,0
2011,9,16,12,0,15.139,0
2011,9,16,18,0,9.37,0
2011,9,17,0,0,8.667,0
2011,9,17,6,0.1016,12.741,0
2011,9,17,12,0,15.343,0
2011,9,17,18,0.2032,10.991,0
2011,9,18,0,0.1016,11.815,0
2011,9,18,6,0.9652,13.88,0
2011,9,18,12,0.635,16.333,0
2011,9,18,18,0.381,13.037,0
2011,9,19,0,0.0254,10.269,0
2011,9,19,6,0,13.491,0
2011,9,19,12,0,18.991,0
2011,9,19,18,0,10.093,0
2011,9,20,0,0,7.157,0
2011,9,20,6,0,13.676,0
2011,9,20,12,0,20.333,0
2011,9,20,18,0,11.731,0
2011,9,21,0,0,10.593,0
2011,9,21,6,0,15.963,0
2011,9,21,12,0,19.741,0
2011,9,21,18,0.508,15.148,0
2011,9,22,0,2.921,14.824,0
2011,9,22,6,15.367,18.056,0
2011,9,22,12,2.667,21.417,0
2011,9,22,18,0.635,17.593,0
2011,9,23,0,0.0508,16.37,0
2011,9,23,6,0,18.5,0
2011,9,23,12,0,22.287,0
2011,9,23,18,0,17.333,0
2011,9,24,0,0,14.111,0
2011,9,24,6,0,15.583,0
2011,9,24,12,0,20.713,0
2011,9,24,18,0,17.102,0
2011,9,25,0,0.5588,14.713,0
2011,9,25,6,1.778,13.593,0
2011,9,25,12,3.7084,13.963,0
2011,9,25,18,0.2286,11.204,0
2011,9,26,0,0.0762,10.12,0
2011,9,26,6,8.2296,12.167,0
2011,9,26,12,5.8166,15.491,0
2011,9,26,18,11.7856,14.843,0
2011,9,27,0,4.699,11.417,0
2011,9,27,6,1.8542,12.139,0
2011,9,27,12,1.6256,16.426,0
2011,9,27,18,0.7366,11.037,0
2011,9,28,0,0.0508,6.454,0
2011,9,28,6,0,10.435,0
2011,9,28,12,0,18.019,0
2011,9,28,18,0,8.537,0
2011,9,29,0,0,7.657,0
2011,9,29,6,0,11.972,0
2011,9,29,12,0,16.519,0
2011,9,29,18,0,12.139,0
2011,9,30,0,0,10.176,0
2011,9,30,6,0,11.806,0
2011,9,30,12,0,13.185,0
2011,9,30,18,0,10.139,0
2011,10,1,0,0.1778,9.463,0
2011,10,1,6,0.381,12.407,0
2011,10,1,12,0.4064,13.296,0
2011,10,1,18,0.508,9.657,0
2011,10,2,0,0.254,7.676,0
2011,10,2,6,0,10.519,0
2011,10,2,12,1.1938,14.25,0
2011,10,2,18,3.683,11.722,0
2011,10,3,0,3.4544,11.407,0
2011,10,3,6,0.9398,13.037,0
2011,10,3,12,0.4318,13.991,0
2011,10,3,18,0.3048,10.361,0
2011,10,4,0,0,10.028,0
2011,10,4,6,0.0762,10.648,0
2011,10,4,12,0.0508,13.38,0
2011,10,4,18,0.127,10.62,0
2011,10,5,0,1.1176,10.028,0
2011,10,5,6,7.747,10.889,0
2011,10,5,12,3.048,11.648,0
2011,10,5,18,0.0254,9.148,0
2011,10,6,0,0.4318,8.389,0
2011,10,6,6,0.127,9.657,0
2011,10,6,12,0,12.102,0
2011,10,6,18,0.381,8.056,0
2011,10,7,0,0.7112,7.602,0
2011,10,7,6,0.4826,10.519,0
2011,10,7,12,0.127,13.417,0
2011,10,7,18,0.4826,7.009,0
2011,10,8,0,0.508,5.111,0
2011,10,8,6,0,9.056,0
2011,10,8,12,0,14.139,0
2011,10,8,18,0.508,10.704,0
2011,10,9,0,0.8128,9.315,0
2011,10,9,6,0.0762,9.769,0
2011,10,9,12,0,12.565,0
2011,10,9,18,0.3302,8.667,0
2011,10,10,0,0.1016,9.63,0
2011,10,10,6,2.794,10.519,0
2011,10,10,12,3.9624,11.731,0
2011,10,10,18,5.9944,10.528,0
2011,10,11,0,9.6012,10.287,0
2011,10,11,6,6.5786,10.963,0
2011,10,11,12,4.191,11.676,0
2011,10,11,18,4.0894,9.472,0
2011,10,12,0,4.0386,7.324,0
2011,10,12,6,1.143,9.991,0
2011,10,12,12,0.5334,11.861,0
2011,10,12,18,0.0762,5.972,0
2011,10,13,0,0.0508,3.417,0
2011,10,13,6,0,6.963,0
2011,10,13,12,0.0254,12.083,0
2011,10,13,18,0,4.287,0.00833333333333333
2011,10,14,0,0,3.157,0.0383333333333333
2011,10,14,6,0,6.306,0.035
2011,10,14,12,0,12.009,0
2011,10,14,18,0,3.435,0.133333333333333
2011,10,15,0,0,0.176,0.9
2011,10,15,6,0,4.481,0.333333333333333
2011,10,15,12,0,10.87,0
2011,10,15,18,0,1.241,0.718333333333333
2011,10,16,0,0,-1.12,1
2011,10,16,6,0,5.241,0.325
2011,10,16,12,0,11.694,0
2011,10,16,18,0,2.639,0.18
2011,10,17,0,0,3.528,0.00333333333333333
2011,10,17,6,0,7.972,0
2011,10,17,12,0,14.546,0
2011,10,17,18,0,5.269,0.005
2011,10,18,0,0,3.315,0.00333333333333333
2011,10,18,6,0,7.259,0.00666666666666667
2011,10,18,12,0,14.37,0
2011,10,18,18,0,6.139,0
2011,10,19,0,0,4.296,0
2011,10,19,6,0,7.759,0
2011,10,19,12,0.254,12.528,0
2011,10,19,18,0.762,9.343,0
2011,10,20,0,1.4732,8.491,0
2011,10,20,6,0.9906,9.444,0
2011,10,20,12,0.7366,11.435,0
2011,10,20,18,0,8.12,0
2011,10,21,0,0.1778,8.38,0
2011,10,21,6,3.9624,10.611,0
2011,10,21,12,2.8702,11.389,0
2011,10,21,18,0.3302,8.917,0
2011,10,22,0,2.6416,8.565,0
2011,10,22,6,10.6934,9.944,0
2011,10,22,12,8.001,11.574,0
2011,10,22,18,3.048,8.972,0
2011,10,23,0,0,6.111,0
2011,10,23,6,0,6.565,0
2011,10,23,12,0,10.972,0
2011,10,23,18,0,4.991,0
2011,10,24,0,0,4.157,0
2011,10,24,6,0,6.657,0.00166666666666667
2011,10,24,12,0,10.5,0
2011,10,24,18,0,5.778,0
2011,10,25,0,0,2.241,0.135
2011,10,25,6,0,3.722,0.173333333333333
2011,10,25,12,0,7.5,0
2011,10,25,18,0,1.13,0.718333333333333
2011,10,26,0,0,0.778,0.93
2011,10,26,6,0.0254,5.639,0.101666666666667
2011,10,26,12,0.0508,6.593,0
2011,10,26,18,0,5.093,0
2011,10,27,0,0,2.972,0.00666666666666667
2011,10,27,6,0,4.157,0.0666666666666667
2011,10,27,12,0,8.657,0
2011,10,27,18,0,5.056,0
2011,10,28,0,0.1524,6.157,0
2011,10,28,6,2.413,8.648,0.00333333333333333
2011,10,28,12,18.288,9.759,0
2011,10,28,18,2.8702,6.611,0
2011,10,29,0,0.2794,3.944,0
2011,10,29,6,0,5.167,0.00333333333333333
2011,10,29,12,0,9.602,0
2011,10,29,18,0,4.907,0
2011,10,30,0,1.397,5.991,0
2011,10,30,6,7.5184,8.176,0
2011,10,30,12,5.6134,9.296,0
2011,10,30,18,0.127,6.722,0
2011,10,31,0,0.2286,4.426,0.00166666666666667
2011,10,31,6,0.1524,4.722,0.0116666666666667
2011,10,31,12,0.0508,7.889,0
2011,10,31,18,0,4.954,0
2011,11,1,0,0,1,0.515
2011,11,1,6,0,3.102,0.343333333333333
2011,11,1,12,0,7.463,0
2011,11,1,18,0,1.639,0.573333333333333
2011,11,2,0,0,1.306,0.89
2011,11,2,6,0.0254,4.5,0.336666666666667
2011,11,2,12,1.4224,7.648,0
2011,11,2,18,9.017,2.694,0.025
2011,11,3,0,3.0226,1.491,0.215
2011,11,3,6,2.5146,3.926,0.0366666666666667
2011,11,3,12,0.1016,6.269,0
2011,11,3,18,0,1.065,0.545
2011,11,4,0,0,-1.231,1
2011,11,4,6,0,1.528,0.476666666666667
2011,11,4,12,0,6.111,0
2011,11,4,18,0,-0.528,0.896666666666667
2011,11,5,0,0,-1.426,1
2011,11,5,6,0,0.972,0.541666666666667
2011,11,5,12,0,5.204,0.0116666666666667
2011,11,5,18,0,-1.574,0.966666666666667
2011,11,6,0,0,-2.63,1
2011,11,6,6,0,0.315,0.581666666666667
2011,11,6,12,0,4.815,0.00833333333333333
2011,11,6,18,0,-0.574,0.901666666666667
2011,11,7,0,0,0.685,0.546666666666667
2011,11,7,6,0.4064,4.648,0.01
2011,11,7,12,1.8288,7.037,0
2011,11,7,18,1.3716,5.722,0
2011,11,8,0,1.2446,4.509,0
2011,11,8,6,0.0508,6.537,0
2011,11,8,12,0,8.463,0
2011,11,8,18,0,5.398,0
2011,11,9,0,0.0508,6.231,0
2011,11,9,6,0,7.454,0
2011,11,9,12,0,8.926,0
2011,11,9,18,0,7.556,0
2011,11,10,0,0,5.981,0
2011,11,10,6,0,7.093,0
2011,11,10,12,0,8.444,0
2011,11,10,18,0,3.278,0.126666666666667
2011,11,11,0,0.0254,2.306,0.216666666666667
2011,11,11,6,15.9512,5.111,0
2011,11,11,12,10.6934,4.528,0
2011,11,11,18,1.2192,1.963,0.168333333333333
2011,11,12,0,0.0508,1.009,0.465
2011,11,12,6,0.4064,2.38,0.148333333333333
2011,11,12,12,2.7432,4.898,0
2011,11,12,18,2.7178,5.509,0
2011,11,13,0,0.7874,5.12,0
2011,11,13,6,0,3.046,0.01
2011,11,13,12,0.508,4.694,0
2011,11,13,18,0.4064,3.926,0
2011,11,14,0,0.2032,3.056,0.00666666666666667
2011,11,14,6,0.1778,3.472,0.00666666666666667
2011,11,14,12,0.2286,4.639,0.00333333333333333
2011,11,14,18,0.0508,1,0.555
2011,11,15,0,0.1016,0.037,0.87
2011,11,15,6,0,0.963,0.548333333333333
2011,11,15,12,0,3.833,0.103333333333333
2011,11,15,18,0,-1.37,0.968333333333333
2011,11,16,0,0,-2.5,1
2011,11,16,6,0.4318,2.38,0.455
2011,11,16,12,7.366,6.204,0
2011,11,16,18,9.906,5.75,0
2011,11,17,0,6.5786,2.324,0.316666666666667
2011,11,17,6,1.7272,0.102,0.845
2011,11,17,12,1.8288,2.028,0.3
2011,11,17,18,2.0828,-0.12,0.881666666666667
2011,11,18,0,3.0226,-1.463,1
2011,11,18,6,1.8034,-0.407,0.76
2011,11,18,12,0.5842,0.583,0.633333333333333
2011,11,18,18,0.127,-2.056,1
2011,11,19,0,0,-3.333,1
2011,11,19,6,0,-3.241,1
2011,11,19,12,0,-0.972,0.973333333333333
2011,11,19,18,0,-2.778,1
2011,11,20,0,0,-5.278,1
2011,11,20,6,0,-1.685,0.72
2011,11,20,12,0,3.102,0.0983333333333333
2011,11,20,18,0,0.065,0.851666666666667
2011,11,21,0,0.127,2.278,0.373333333333333
2011,11,21,6,1.3208,4.62,0.025
2011,11,21,12,0.635,4.481,0.01
2011,11,21,18,1.1684,4.898,0.00333333333333333
2011,11,22,0,4.1656,5.546,0
2011,11,22,6,12.6238,4.88,0.00333333333333333
2011,11,22,12,4.4958,4.574,0.00833333333333333
2011,11,22,18,13.9954,3.843,0.01
2011,11,23,0,23.368,4.583,0
2011,11,23,6,15.1384,4.463,0
2011,11,23,12,1.778,3.324,0.0433333333333333
2011,11,23,18,1.1938,1.167,0.365
2011,11,24,0,0.6858,1.176,0.338333333333333
2011,11,24,6,0.4572,2.194,0.153333333333333
2011,11,24,12,3.0734,4.833,0
2011,11,24,18,2.8194,3,0.0483333333333333
2011,11,25,0,0.8382,0.88,0.555
2011,11,25,6,0,1.944,0.351666666666667
2011,11,25,12,0,4.463,0.0733333333333333
2011,11,25,18,0,2.75,0.223333333333333
2011,11,26,0,0.3302,3.639,0.0916666666666667
2011,11,26,6,1.3208,5.704,0
2011,11,26,12,1.8796,7.259,0
2011,11,26,18,8.5344,7.963,0
2011,11,27,0,10.3124,8.37,0
2011,11,27,6,13.6398,7.63,0
2011,11,27,12,5.461,6.574,0
2011,11,27,18,0.3556,3.102,0.0633333333333333
2011,11,28,0,0.1524,1.157,0.413333333333333
2011,11,28,6,0,1.926,0.266666666666667
2011,11,28,12,0,3.426,0.085
2011,11,28,18,0,-0.269,0.88
2011,11,29,0,0,1.417,0.338333333333333
2011,11,29,6,0.0762,3.231,0.0466666666666667
2011,11,29,12,0.7366,4.056,0.01
2011,11,29,18,2.5654,1.759,0.19
2011,11,30,0,0.2032,0.861,0.466666666666667
2011,11,30,6,0.0254,1.713,0.343333333333333
2011,11,30,12,0,2.213,0.355
2011,11,30,18,0,-1.037,0.996666666666667
2011,12,1,0,0,-0.685,1
2011,12,1,6,0,1.722,0.685
2011,12,1,12,0,3.056,0.296666666666667
2011,12,1,18,0,1,0.651666666666667
2011,12,2,0,0,0.639,0.491666666666667
2011,12,2,6,0,1.213,0.486666666666667
2011,12,2,12,0,3.065,0.133333333333333
2011,12,2,18,0,0,0.87
2011,12,3,0,0,-0.472,0.955
2011,12,3,6,0,0.731,0.576666666666667
2011,12,3,12,0,2.176,0.263333333333333
2011,12,3,18,0,-1.472,0.995
2011,12,4,0,0,-0.898,1
2011,12,4,6,0,0.611,0.7
2011,12,4,12,0,0.769,0.57
2011,12,4,18,0,-2.861,1
2011,12,5,0,0,-3.185,1
2011,12,5,6,0,-1.944,0.983333333333333
2011,12,5,12,0,0.593,0.841666666666667
2011,12,5,18,0,-2.194,1
2011,12,6,0,0,-2.389,1
2011,12,6,6,0,-1.5,0.936666666666667
2011,12,6,12,0,1.204,0.425
2011,12,6,18,0,-0.815,0.95
2011,12,7,0,0.0762,-0.759,0.97
2011,12,7,6,0.1524,-0.046,0.701666666666667
2011,12,7,12,0,0.935,0.456666666666667
2011,12,7,18,0,-2.648,1
2011,12,8,0,0,-3.889,1
2011,12,8,6,0,-2.074,0.973333333333333
2011,12,8,12,0,0.176,0.86
2011,12,8,18,0,-3.12,1
2011,12,9,0,0,-3.676,1
2011,12,9,6,0,-1.731,1
2011,12,9,12,0,0.917,0.885
2011,12,9,18,0,-1.361,1
2011,12,10,0,0,-3.167,1
2011,12,10,6,0,-2.444,0.996666666666667
2011,12,10,12,0,-0.648,0.935
2011,12,10,18,0,-2.194,0.998333333333333
2011,12,11,0,0,-0.87,0.953333333333333
2011,12,11,6,0,0.176,0.708333333333333
2011,12,11,12,0,1.444,0.343333333333333
2011,12,11,18,0,-1.444,0.985
2011,12,12,0,0,-2.954,1
2011,12,12,6,0,-2.741,0.996666666666667
2011,12,12,12,0,-0.435,0.878333333333333
2011,12,12,18,0,-2.944,1
2011,12,13,0,0,-1.657,1
2011,12,13,6,0,-0.167,0.96
2011,12,13,12,0,1.278,0.698333333333333
2011,12,13,18,0,-1.287,0.975
2011,12,14,0,0,-1.398,1
2011,12,14,6,0,0.139,0.708333333333333
2011,12,14,12,0.0254,2.556,0.08
2011,12,14,18,0.0254,-0.148,0.848333333333333
2011,12,15,0,0.1778,0.296,0.715
2011,12,15,6,0.5588,1.731,0.276666666666667
2011,12,15,12,0,3.741,0
2011,12,15,18,0,2.593,0.0266666666666667
2011,12,16,0,1.0922,3.306,0.00166666666666667
2011,12,16,6,0.7874,3.796,0
2011,12,16,12,0,4.852,0
2011,12,16,18,0,4.296,0
2011,12,17,0,0,3.722,0
2011,12,17,6,0.2032,4.38,0
2011,12,17,12,0.0254,6.139,0
2011,12,17,18,2.4384,4.435,0.0116666666666667
2011,12,18,0,9.5504,5.38,0
2011,12,18,6,2.6924,5.028,0
2011,12,18,12,0.7112,6.074,0
2011,12,18,18,0,3.157,0.0216666666666667
2011,12,19,0,0.2286,3.389,0.00833333333333333
2011,12,19,6,0,3.778,0.00666666666666667
2011,12,19,12,0,5.185,0
2011,12,19,18,0.3302,3.361,0
2011,12,20,0,0.0762,3.88,0
2011,12,20,6,0.4318,4.296,0
2011,12,20,12,0.4826,4.074,0
2011,12,20,18,0.6604,0.5,0.601666666666667
2011,12,21,0,0.4318,-2.269,1
2011,12,21,6,0,-0.907,0.823333333333333
2011,12,21,12,0,0.676,0.666666666666667
2011,12,21,18,0,-3.574,1
2011,12,22,0,0,-4.444,1
2011,12,22,6,0,-1.87,0.981666666666667
2011,12,22,12,0,2.167,0.64
2011,12,22,18,0,-1.343,1
2011,12,23,0,0,0.037,0.838333333333333
2011,12,23,6,0.0762,2.574,0.221666666666667
2011,12,23,12,0,2.491,0.113333333333333
2011,12,23,18,0,2.583,0.07
2011,12,24,0,1.2954,5.185,0
2011,12,24,6,11.557,6.435,0
2011,12,24,12,3.4544,7.389,0
2011,12,24,18,0,3.667,0.015
2011,12,25,0,0,6.111,0
2011,12,25,6,1.0414,6.611,0
2011,12,25,12,2.6162,3.88,0.00166666666666667
2011,12,25,18,0.4826,1.398,0.323333333333333
2011,12,26,0,0.0254,1.444,0.255
2011,12,26,6,0.1524,2.426,0.095
2011,12,26,12,0.889,4.769,0.00166666666666667
2011,12,26,18,4.0894,2.583,0.06
2011,12,27,0,2.9972,4.093,0.00666666666666667
2011,12,27,6,1.4986,5.593,0
2011,12,27,12,3.1496,6.926,0
2011,12,27,18,13.8684,7.963,0
2011,12,28,0,5.5118,7.963,0
2011,12,28,6,4.7752,6.991,0
2011,12,28,12,7.1628,8.176,0
2011,12,28,18,6.4008,7.25,0
2011,12,29,0,1.9812,4.463,0
2011,12,29,6,0.1524,3.296,0.00333333333333333
2011,12,29,12,0.7874,5.741,0
2011,12,29,18,3.6576,4.537,0
2011,12,30,0,2.5146,5.5,0
2011,12,30,6,2.1844,3.574,0
2011,12,30,12,1.651,3.222,0.00666666666666667
2011,12,30,18,0.7874,1.676,0.283333333333333
2011,12,31,0,0.4572,0.944,0.528333333333333
2011,12,31,6,0,1.648,0.37
2011,12,31,12,0,2.611,0.206666666666667
2011,12,31,18,0,0.278,0.871666666666667
2012,1,1,0,0,1.676,0.42
2012,1,1,6,0,3.685,0.075
2012,1,1,12,0,6.398,0
2012,1,1,18,0,5.25,0.0316666666666667
2012,1,2,0,0,6.065,0
2012,1,2,6,0,6.426,0.02
2012,1,2,12,2.8448,8.046,0
2012,1,2,18,10.287,5.546,0
2012,1,3,0,1.2192,5.593,0
2012,1,3,6,0.381,6.537,0
2012,1,3,12,9.1694,8.62,0
2012,1,3,18,5.4864,7.546,0
2012,1,4,0,0.3556,9.611,0
2012,1,4,6,20.828,8.75,0
2012,1,4,12,10.414,7.574,0
2012,1,4,18,8.5598,6.778,0
2012,1,5,0,4.7752,5.204,0
2012,1,5,6,1.143,3.815,0
2012,1,5,12,1.8288,3.954,0.00166666666666667
2012,1,5,18,0.0762,1.88,0.186666666666667
2012,1,6,0,0.0254,0.019,0.77
2012,1,6,6,0,0.019,0.776666666666667
2012,1,6,12,0,2.176,0.158333333333333
2012,1,6,18,0,0.602,0.601666666666667
2012,1,7,0,0,0.657,0.503333333333333
2012,1,7,6,0.2794,0.62,0.568333333333333
2012,1,7,12,0.4572,3.398,0.0433333333333333
2012,1,7,18,0.0254,3.019,0.0283333333333333
2012,1,8,0,0.2032,3.426,0.00833333333333333
2012,1,8,6,0.762,4.481,0
2012,1,8,12,0.1016,6.25,0
2012,1,8,18,0.127,5.028,0
2012,1,9,0,0.7874,5.62,0
2012,1,9,6,0.8382,5.37,0
2012,1,9,12,0.5588,5.389,0
2012,1,9,18,1.016,3.769,0.00166666666666667
2012,1,10,0,0.0762,2.222,0.0983333333333333
2012,1,10,6,0,1.13,0.515
2012,1,10,12,0,2.306,0.371666666666667
2012,1,10,18,0,-2.278,1
2012,1,11,0,0,-3.546,1
2012,1,11,6,0,-1.222,0.981666666666667
2012,1,11,12,0,2.028,0.563333333333333
2012,1,11,18,0,-2.889,1
2012,1,12,0,0,-3.704,1
2012,1,12,6,0,-1.62,1
2012,1,12,12,0,1.194,0.878333333333333
2012,1,12,18,0,-3.102,1
2012,1,13,0,0,-4.935,1
2012,1,13,6,0,-3.343,1
2012,1,13,12,0,1.139,0.836666666666667
2012,1,13,18,2.4638,-0.565,1
2012,1,14,0,11.3284,-1.056,1
2012,1,14,6,5.8166,-1.324,0.998333333333333
2012,1,14,12,2.54,-1.074,0.986666666666667
2012,1,14,18,1.4986,-2.324,1
2012,1,15,0,2.159,-2.222,1
2012,1,15,6,0.254,-2.796,1
2012,1,15,12,0,-1.065,1
2012,1,15,18,0,-6.713,1
2012,1,16,0,0.127,-8.787,1
2012,1,16,6,0.9144,-6.083,1
2012,1,16,12,1.397,-3.593,1
2012,1,16,18,2.0066,-4.62,1
2012,1,17,0,3.3274,-5.204,1
2012,1,17,6,5.6642,-6.602,1
2012,1,17,12,1.5748,-7.713,1
2012,1,17,18,0.9906,-11.463,1
2012,1,18,0,1.0668,-13.509,1
2012,1,18,6,8.3312,-11.426,1
2012,1,18,12,2.3622,-8.824,1
2012,1,18,18,0.4826,-10.157,1
2012,1,19,0,0.0254,-10.065,1
2012,1,19,6,0,-7.556,1
2012,1,19,12,0.0508,-3.324,0.983333333333333
2012,1,19,18,0.5842,-4.917,1
2012,1,20,0,2.4384,-4.509,1
2012,1,20,6,2.8194,-1.407,0.87
2012,1,20,12,8.001,2.046,0.313333333333333
2012,1,20,18,13.1572,2.574,0.175
2012,1,21,0,14.3764,3.139,0.05
2012,1,21,6,10.7696,2.861,0.0583333333333333
2012,1,21,12,3.175,1.852,0.226666666666667
2012,1,21,18,1.4732,0.833,0.473333333333333
2012,1,22,0,0.4826,0.824,0.495
2012,1,22,6,1.1176,2.75,0.125
2012,1,22,12,3.429,5.315,0
2012,1,22,18,5.2832,3.481,0.0266666666666667
2012,1,23,0,1.2192,1.093,0.428333333333333
2012,1,23,6,0,1.648,0.333333333333333
2012,1,23,12,0,6.306,0
2012,1,23,18,0,1.861,0.346666666666667
2012,1,24,0,0.381,1.981,0.446666666666667
2012,1,24,6,3.7084,2.287,0.293333333333333
2012,1,24,12,4.0386,5.963,0
2012,1,24,18,4.6228,7.269,0
2012,1,25,0,2.3114,4.546,0.0216666666666667
2012,1,25,6,1.8288,1.398,0.366666666666667
2012,1,25,12,2.3622,3.111,0.0266666666666667
2012,1,25,18,2.8956,2.333,0.025
2012,1,26,0,2.5654,4.565,0
2012,1,26,6,0.5334,2.463,0.0766666666666667
2012,1,26,12,0.3048,2.046,0.16
2012,1,26,18,0,0.806,0.576666666666667
2012,1,27,0,0,-0.889,0.906666666666667
2012,1,27,6,0,-0.065,0.665
2012,1,27,12,0,2.269,0.16
2012,1,27,18,0,-1.694,0.996666666666667
2012,1,28,0,0,-0.028,0.795
2012,1,28,6,1.4732,1.796,0.33
2012,1,28,12,1.0668,4.083,0.00666666666666667
2012,1,28,18,4.318,5.102,0
2012,1,29,0,8.8646,5.241,0
2012,1,29,6,4.6482,4.944,0
2012,1,29,12,19.4564,5.741,0
2012,1,29,18,5.2832,5.426,0
2012,1,30,0,0.4572,5.417,0
2012,1,30,6,0,4.685,0
2012,1,30,12,0.1016,5.38,0
2012,1,30,18,0.1524,4.009,0
2012,1,31,0,1.2192,4.102,0
2012,1,31,6,3.1242,4.324,0
2012,1,31,12,1.7018,5.454,0
2012,1,31,18,4.191,5.306,0
2012,2,1,0,17.7038,5.213,0
2012,2,1,6,11.3538,4.38,0
2012,2,1,12,1.0668,4.204,0.0133333333333333
2012,2,1,18,0.1016,0.444,0.508333333333333
2012,2,2,0,0.0762,1.519,0.281666666666667
2012,2,2,6,0,3.972,0.025
2012,2,2,12,0,6.657,0
2012,2,2,18,0,5.435,0.015
2012,2,3,0,0,4.639,0.025
2012,2,3,6,0,4.731,0.0916666666666667
2012,2,3,12,0,8.685,0
2012,2,3,18,0,3.722,0.39
2012,2,4,0,0,1.065,0.951666666666667
2012,2,4,6,0,3.343,0.438333333333333
2012,2,4,12,0,8.917,0
2012,2,4,18,0,1.944,0.725
2012,2,5,0,0,-0.361,1
2012,2,5,6,0,4.093,0.421666666666667
2012,2,5,12,0,11.056,0
2012,2,5,18,0,0,0.836666666666667
2012,2,6,0,0,-1,1
2012,2,6,6,0,3.963,0.438333333333333
2012,2,6,12,0,10.991,0
2012,2,6,18,0,5.537,0.0683333333333333
2012,2,7,0,0,1.824,0.715
2012,2,7,6,0,4.602,0.258333333333333
2012,2,7,12,0,7.889,0.00166666666666667
2012,2,7,18,0,2.546,0.55
2012,2,8,0,0.0254,3.759,0.106666666666667
2012,2,8,6,0.127,5.194,0
2012,2,8,12,0.2794,6.324,0
2012,2,8,18,0,4.435,0
2012,2,9,0,0,2.75,0.0583333333333333
2012,2,9,6,0.5842,5.574,0.00166666666666667
2012,2,9,12,3.2004,7.954,0
2012,2,9,18,0.508,6.241,0
2012,2,10,0,0.2032,5.602,0
2012,2,10,6,0.8128,6.074,0
2012,2,10,12,0.254,8.287,0
2012,2,10,18,0.1016,6.556,0
2012,2,11,0,0.4826,6.25,0
2012,2,11,6,0.4572,6.037,0
2012,2,11,12,0.0762,6.417,0
2012,2,11,18,0.127,4.944,0
2012,2,12,0,0.6604,3.963,0
2012,2,12,6,0.254,3.806,0.00666666666666667
2012,2,12,12,0.7874,6.241,0
2012,2,12,18,2.0066,2.954,0.00833333333333333
2012,2,13,0,2.3876,2.889,0.00166666666666667
2012,2,13,6,0.1016,4.37,0
2012,2,13,12,0,5.593,0
2012,2,13,18,0,0.87,0.503333333333333
2012,2,14,0,0.8128,0.676,0.476666666666667
2012,2,14,6,0.889,3.185,0.025
2012,2,14,12,0,5.074,0
2012,2,14,18,0,-0.074,0.83
2012,2,15,0,0,-1.222,1
2012,2,15,6,0,1,0.495
2012,2,15,12,0,3.852,0.00666666666666667
2012,2,15,18,0,0.213,0.795
2012,2,16,0,0.4064,0.528,0.648333333333333
2012,2,16,6,2.1082,4.157,0.01
2012,2,16,12,2.1844,5.63,0
2012,2,16,18,0.508,2.167,0.0883333333333333
2012,2,17,0,0.0254,2.407,0.0683333333333333
2012,2,17,6,0,3.787,0.0216666666666667
2012,2,17,12,6.0452,6.176,0
2012,2,17,18,10.1854,3.639,0.0133333333333333
2012,2,18,0,5.5372,1.38,0.308333333333333
2012,2,18,6,4.3942,2.472,0.168333333333333
2012,2,18,12,6.4262,4.426,0.00166666666666667
2012,2,18,18,0.889,2.296,0.0566666666666667
2012,2,19,0,3.175,1.176,0.343333333333333
2012,2,19,6,0.635,1.046,0.533333333333333
2012,2,19,12,1.6256,4.472,0.0133333333333333
2012,2,19,18,0.127,0.963,0.55
2012,2,20,0,0.3048,-0.602,0.978333333333333
2012,2,20,6,0.127,3.019,0.248333333333333
2012,2,20,12,0.4572,5.648,0
2012,2,20,18,3.9116,3.704,0.005
2012,2,21,0,5.715,4.37,0
2012,2,21,6,14.224,4.954,0
2012,2,21,12,15.2654,6.741,0
2012,2,21,18,11.0744,6.065,0
2012,2,22,0,12.827,6.407,0
2012,2,22,6,0.5588,5.704,0
2012,2,22,12,0.762,4.981,0
2012,2,22,18,0.4318,3.713,0.00666666666666667
2012,2,23,0,0.6858,3.194,0.00166666666666667
2012,2,23,6,0.4064,3.556,0.01
2012,2,23,12,0.0254,4.157,0.0116666666666667
2012,2,23,18,0.0254,1.306,0.333333333333333
2012,2,24,0,0.889,1.306,0.308333333333333
2012,2,24,6,5.7404,2.787,0.0516666666666667
2012,2,24,12,15.6718,4.019,0.0116666666666667
2012,2,24,18,9.017,2.296,0.0766666666666667
2012,2,25,0,11.2522,1.398,0.26
2012,2,25,6,8.636,1.167,0.378333333333333
2012,2,25,12,4.4958,2.685,0.123333333333333
2012,2,25,18,4.8006,0.361,0.793333333333333
2012,2,26,0,1.8288,-0.852,0.99
2012,2,26,6,0.254,-0.685,0.94
2012,2,26,12,0.1778,2.157,0.5
2012,2,26,18,0,-0.898,0.981666666666667
2012,2,27,0,0,-3.991,1
2012,2,27,6,0,-1.861,0.906666666666667
2012,2,27,12,0,3,0.203333333333333
2012,2,27,18,0,-2.111,0.998333333333333
2012,2,28,0,0,-1.806,1
2012,2,28,6,0,0.676,0.723333333333333
2012,2,28,12,0.0254,2.62,0.203333333333333
2012,2,28,18,0.4826,1.769,0.37
2012,2,29,0,0.6858,0.833,0.588333333333333
2012,2,29,6,0.4572,-0.074,0.845
2012,2,29,12,2.2606,1.269,0.426666666666667
2012,2,29,18,3.8862,0.287,0.703333333333333
2012,3,1,0,2.5654,0.296,0.65
2012,3,1,6,0.9652,1.306,0.335
2012,3,1,12,0.889,2.444,0.126666666666667
2012,3,1,18,0.3048,-0.37,0.773333333333333
2012,3,2,0,0.1778,1.583,0.231666666666667
2012,3,2,6,0.6096,2.556,0.0983333333333333
2012,3,2,12,1.9812,4.667,0.00333333333333333
2012,3,2,18,1.6764,4.065,0.01
2012,3,3,0,1.9558,4.176,0.005
2012,3,3,6,3.5306,5.25,0
2012,3,3,12,2.1336,6.241,0
2012,3,3,18,2.0828,4.935,0
2012,3,4,0,0.7874,4.889,0
2012,3,4,6,1.9304,4.602,0.005
2012,3,4,12,2.2098,5.472,0
2012,3,4,18,6.6548,3.713,0
2012,3,5,0,9.398,3.157,0.015
2012,3,5,6,14.3256,3.815,0
2012,3,5,12,2.1082,2.87,0.123333333333333
2012,3,5,18,2.5146,-0.12,0.878333333333333
2012,3,6,0,7.2898,-2.62,1
2012,3,6,6,0.508,0.12,0.731666666666667
2012,3,6,12,0,2.981,0.243333333333333
2012,3,6,18,0,-4.231,1
2012,3,7,0,0,-2.778,1
2012,3,7,6,0,0.926,0.533333333333333
2012,3,7,12,0,6.306,0
2012,3,7,18,0,-1.102,0.85
2012,3,8,0,0,-0.148,0.853333333333333
2012,3,8,6,0,3.176,0.225
2012,3,8,12,0,6.546,0
2012,3,8,18,0,5.009,0.0333333333333333
2012,3,9,0,0,3.259,0.111666666666667
2012,3,9,6,3.048,3.546,0.085
2012,3,9,12,3.8862,5.102,0
2012,3,9,18,7.112,3.898,0.005
2012,3,10,0,7.4422,3.787,0.005
2012,3,10,6,4.826,3.731,0.0133333333333333
2012,3,10,12,4.3434,4.194,0.0166666666666667
2012,3,10,18,1.905,4.435,0.00333333333333333
2012,3,11,0,2.159,3.935,0.00333333333333333
2012,3,11,6,5.5372,3.37,0.04
2012,3,11,12,3.2766,4.491,0.0466666666666667
2012,3,11,18,0.6604,0.935,0.586666666666667
2012,3,12,0,1.5494,1.444,0.433333333333333
2012,3,12,6,2.0574,3,0.0983333333333333
2012,3,12,12,4.6482,4.352,0
2012,3,12,18,4.1148,2.574,0.0566666666666667
2012,3,13,0,3.8354,0.426,0.603333333333333
2012,3,13,6,2.1336,0.287,0.748333333333333
2012,3,13,12,1.397,2.25,0.323333333333333
2012,3,13,18,1.0414,0.333,0.745
2012,3,14,0,0,-0.417,0.855
2012,3,14,6,2.4638,2.593,0.295
2012,3,14,12,4.1402,5.806,0.00166666666666667
2012,3,14,18,2.7178,4.62,0.005
2012,3,15,0,8.0264,5.417,0
2012,3,15,6,8.8392,6.537,0
2012,3,15,12,3.2004,7.056,0
2012,3,15,18,5.2832,3.648,0.01
2012,3,16,0,7.8994,2.935,0.045
2012,3,16,6,4.953,4.417,0.015
2012,3,16,12,1.2954,5.074,0.015
2012,3,16,18,0,0.5,0.725
2012,3,17,0,0.5842,2.583,0.15
2012,3,17,6,3.556,3.12,0.0366666666666667
2012,3,17,12,2.6162,4.472,0.00833333333333333
2012,3,17,18,0.5588,0.157,0.701666666666667
2012,3,18,0,2.1082,-0.778,0.948333333333333
2012,3,18,6,0.5588,2.759,0.111666666666667
2012,3,18,12,0.4318,5.102,0.0116666666666667
2012,3,18,18,0.6858,-0.824,0.881666666666667
2012,3,19,0,0.6096,-1.537,0.998333333333333
2012,3,19,6,0,0.926,0.556666666666667
2012,3,19,12,0,4.5,0.0316666666666667
2012,3,19,18,0.635,1.991,0.271666666666667
2012,3,20,0,1.4732,3.454,0.02
2012,3,20,6,2.5908,3.213,0.05
2012,3,20,12,2.8448,5.75,0.00333333333333333
2012,3,20,18,1.9558,1.954,0.26
2012,3,21,0,1.9558,-0.296,0.845
2012,3,21,6,0.4826,2.898,0.215
2012,3,21,12,0,6.694,0.00666666666666667
2012,3,21,18,0,-1.019,0.913333333333333
2012,3,22,0,0.2286,0,0.801666666666667
2012,3,22,6,0.1524,3.231,0.213333333333333
2012,3,22,12,0.4064,8.111,0
2012,3,22,18,0.0762,1.009,0.561666666666667
2012,3,23,0,0.4318,-1.463,1
2012,3,23,6,0,3.741,0.235
2012,3,23,12,0,9.991,0
2012,3,23,18,0,-0.806,0.883333333333333
2012,3,24,0,0,-1.259,1
2012,3,24,6,0,5.157,0.301666666666667
2012,3,24,12,0,11.407,0
2012,3,24,18,0,5.102,0.0866666666666667
2012,3,25,0,0,1.194,0.66
2012,3,25,6,0,5.454,0.0466666666666667
2012,3,25,12,0,9.222,0
2012,3,25,18,0.254,5.435,0.0266666666666667
2012,3,26,0,0.127,3.796,0.075
2012,3,26,6,0.7366,6.398,0.00166666666666667
2012,3,26,12,1.0922,8.167,0
2012,3,26,18,0.0508,4.333,0.0366666666666667
2012,3,27,0,1.0922,4.583,0.0116666666666667
2012,3,27,6,0.8382,6.88,0
2012,3,27,12,0.508,9.898,0
2012,3,27,18,2.7432,6.741,0
2012,3,28,0,2.7178,6.259,0
2012,3,28,6,0.127,7.167,0
2012,3,28,12,0.7874,7.741,0
2012,3,28,18,0.762,4.287,0.0183333333333333
2012,3,29,0,2.032,4.287,0.00666666666666667
2012,3,29,6,5.2578,5.139,0
2012,3,29,12,11.684,7.509,0
2012,3,29,18,2.9718,5.407,0
2012,3,30,0,3.556,2.824,0.055
2012,3,30,6,3.8862,4.102,0.0166666666666667
2012,3,30,12,7.0358,5.648,0
2012,3,30,18,1.27,1.843,0.268333333333333
2012,3,31,0,0,0.694,0.631666666666667
2012,3,31,6,3.048,4.167,0.09
2012,3,31,12,8.3566,6.769,0
2012,3,31,18,0.9398,2.139,0.176666666666667
2012,4,1,0,6.6548,1.639,0.191666666666667
2012,4,1,6,5.08,3.833,0.123333333333333
2012,4,1,12,1.2954,7.704,0
2012,4,1,18,0.6858,3.019,0.105
2012,4,2,0,0.508,3.083,0.0816666666666667
2012,4,2,6,0,5.528,0.005
2012,4,2,12,0,9.176,0
2012,4,2,18,0.0762,6.676,0
2012,4,3,0,0.3556,5.62,0
2012,4,3,6,8.0518,7.102,0
2012,4,3,12,9.4488,5.898,0
2012,4,3,18,4.2418,2.028,0.171666666666667
2012,4,4,0,0.4572,0.13,0.716666666666667
2012,4,4,6,0,3.083,0.195
2012,4,4,12,0,7.037,0
2012,4,4,18,0,0.139,0.788333333333333
2012,4,5,0,0.0508,-1.083,1
2012,4,5,6,0.5842,3.824,0.283333333333333
2012,4,5,12,1.3716,8.231,0
2012,4,5,18,0.0762,0.935,0.626666666666667
2012,4,6,0,0.1016,-1.481,0.991666666666667
2012,4,6,6,0,5.009,0.0933333333333333
2012,4,6,12,0,10.861,0
2012,4,6,18,0,1.676,0.548333333333333
2012,4,7,0,0,-1.398,1
2012,4,7,6,0,6.704,0.191666666666667
2012,4,7,12,0,14.528,0
2012,4,7,18,0,3.12,0.483333333333333
2012,4,8,0,0,0.37,0.981666666666667
2012,4,8,6,0,8.296,0.0933333333333333
2012,4,8,12,0,16.102,0
2012,4,8,18,0,7.731,0.0116666666666667
2012,4,9,0,0,4.667,0.09
2012,4,9,6,0,10.583,0
2012,4,9,12,0,13.778,0
2012,4,9,18,0,8.333,0
2012,4,10,0,0,6.056,0.015
2012,4,10,6,0,10.324,0
2012,4,10,12,0,13.037,0
2012,4,10,18,0,7.574,0
2012,4,11,0,0.2032,5.491,0
2012,4,11,6,0.762,9.213,0
2012,4,11,12,4.191,11.167,0
2012,4,11,18,0.5588,7.074,0
2012,4,12,0,0.2794,5.139,0
2012,4,12,6,0.0254,7.519,0
2012,4,12,12,1.3208,11.509,0
2012,4,12,18,0.254,6.093,0
2012,4,13,0,0,2.269,0.178333333333333
2012,4,13,6,0,6.806,0.00333333333333333
2012,4,13,12,0,11.991,0
2012,4,13,18,0,4.472,0.0583333333333333
2012,4,14,0,0,2.5,0.19
2012,4,14,6,0,7.556,0
2012,4,14,12,0,12.37,0
2012,4,14,18,0,6.657,0
2012,4,15,0,0.0254,4.065,0.0116666666666667
2012,4,15,6,0,8.472,0
2012,4,15,12,0,10.741,0
2012,4,15,18,0.5588,5.537,0.0133333333333333
2012,4,16,0,6.2992,4.25,0.0183333333333333
2012,4,16,6,5.8674,7.269,0
2012,4,16,12,5.9944,8.796,0
2012,4,16,18,0.6096,4.093,0.0233333333333333
2012,4,17,0,0,1.454,0.321666666666667
2012,4,17,6,0,5.065,0.0333333333333333
2012,4,17,12,0.6096,9.602,0
2012,4,17,18,0.3048,4.435,0.0216666666666667
2012,4,18,0,0.3048,3.519,0.02
2012,4,18,6,1.8796,7.287,0
2012,4,18,12,1.0668,10.398,0
2012,4,18,18,0.9652,6.12,0
2012,4,19,0,0.2286,3.278,0.0216666666666667
2012,4,19,6,0.0254,7.343,0
2012,4,19,12,9.3726,10.898,0
2012,4,19,18,18.9992,6.944,0
2012,4,20,0,14.8082,6.333,0
2012,4,20,6,1.1176,6.796,0
2012,4,20,12,0.508,12.713,0
2012,4,20,18,0,4.398,0.17
2012,4,21,0,0,1.713,0.498333333333333
2012,4,21,6,0,9.306,0
2012,4,21,12,0,16.287,0
2012,4,21,18,0,7.509,0.00333333333333333
2012,4,22,0,0,5.639,0.005
2012,4,22,6,0,12.694,0
2012,4,22,12,0,17.093,0
2012,4,22,18,0,9.38,0
2012,4,23,0,0,6.398,0
2012,4,23,6,0.127,11.648,0
2012,4,23,12,0.1524,14.278,0
2012,4,23,18,0.635,10.87,0
2012,4,24,0,1.4224,9.537,0
2012,4,24,6,11.049,10.102,0
2012,4,24,12,5.1054,10.574,0
2012,4,24,18,1.2192,8.75,0
2012,4,25,0,3.3274,8.657,0
2012,4,25,6,6.2738,9.787,0
2012,4,25,12,3.3782,11.852,0
2012,4,25,18,3.6322,10.231,0
2012,4,26,0,8.4836,8.963,0
2012,4,26,6,4.318,9.13,0
2012,4,26,12,2.0828,9.815,0
2012,4,26,18,1.778,6.444,0
2012,4,27,0,3.5306,5.639,0
2012,4,27,6,0.5842,7.315,0
2012,4,27,12,0.1778,11.296,0
2012,4,27,18,0.5842,7.583,0
2012,4,28,0,0.0508,5.88,0
2012,4,28,6,0,9.157,0
2012,4,28,12,0.0254,12.565,0
2012,4,28,18,0.4826,9.083,0
2012,4,29,0,0.1524,7.213,0
2012,4,29,6,0,10.111,0
2012,4,29,12,0,12.398,0
2012,4,29,18,1.3208,8.796,0
2012,4,30,0,4.5466,6.463,0
2012,4,30,6,3.2766,7.796,0
2012,4,30,12,4.8514,9.028,0
2012,4,30,18,3.5814,6.731,0
2012,5,1,0,2.5908,5.815,0
2012,5,1,6,1.651,6.713,0
2012,5,1,12,0.9652,8.852,0
2012,5,1,18,0.9398,6.185,0
2012,5,2,0,0.6858,3.602,0.005
2012,5,2,6,0,5.63,0
2012,5,2,12,0,9.083,0
2012,5,2,18,0.1778,4.824,0.0133333333333333
2012,5,3,0,0.4318,4.824,0.00166666666666667
2012,5,3,6,2.54,7.824,0
2012,5,3,12,5.2578,10.231,0
2012,5,3,18,4.0894,6.389,0
2012,5,4,0,2.159,4.667,0
2012,5,4,6,0.4572,7.509,0
2012,5,4,12,0.127,10.519,0
2012,5,4,18,0.1524,6.778,0
2012,5,5,0,0.0762,4.25,0.00166666666666667
2012,5,5,6,0.7874,7.889,0
2012,5,5,12,0.0254,12.519,0
2012,5,5,18,0,7.231,0.0116666666666667
2012,5,6,0,0,1.843,0.213333333333333
2012,5,6,6,0,10.13,0
2012,5,6,12,0,17.407,0
2012,5,6,18,0,7.694,0.03
2012,5,7,0,0,3.296,0.111666666666667
2012,5,7,6,0.5842,12,0
2012,5,7,12,0,16.546,0
2012,5,7,18,0,9.352,0
2012,5,8,0,0.0254,6.222,0
2012,5,8,6,0,10.963,0
2012,5,8,12,0,13.565,0
2012,5,8,18,0,8,0
2012,5,9,0,0,3.926,0.0266666666666667
2012,5,9,6,0,8.231,0
2012,5,9,12,0,11.13,0
2012,5,9,18,0,5.815,0.00333333333333333
2012,5,10,0,0,3.065,0.0533333333333333
2012,5,10,6,0,8.824,0
2012,5,10,12,0,13.296,0
2012,5,10,18,0.0254,5.306,0.22
2012,5,11,0,0,0.63,0.815
2012,5,11,6,0,10.463,0
2012,5,11,12,0,18.065,0
2012,5,11,18,0,6.843,0.251666666666667
2012,5,12,0,0,1.741,0.821666666666667
2012,5,12,6,0,13.269,0
2012,5,12,12,0,20.843,0
2012,5,12,18,0,10.63,0
2012,5,13,0,0,4.565,0.118333333333333
2012,5,13,6,0,15.278,0
2012,5,13,12,0,21.63,0
2012,5,13,18,0,12.037,0
2012,5,14,0,0,5.648,0.0816666666666667
2012,5,14,6,0,14.926,0
2012,5,14,12,0,20.25,0
2012,5,14,18,0,12.556,0
2012,5,15,0,0,7.944,0
2012,5,15,6,0,14.602,0
2012,5,15,12,0,17.787,0
2012,5,15,18,0,10.907,0
2012,5,16,0,0,6.37,0
2012,5,16,6,0,12.843,0
2012,5,16,12,0,15.528,0
2012,5,16,18,0,8.407,0
2012,5,17,0,0,4.287,0.0166666666666667
2012,5,17,6,0,11.139,0
2012,5,17,12,0,14.13,0
2012,5,17,18,0,8.509,0
2012,5,18,0,0,5.028,0.00166666666666667
2012,5,18,6,0,11.009,0
2012,5,18,12,0,15.722,0
2012,5,18,18,0,7.935,0.00166666666666667
2012,5,19,0,0,3.009,0.128333333333333
2012,5,19,6,0,11,0
2012,5,19,12,0,15.472,0
2012,5,19,18,0,9.509,0
2012,5,20,0,0,8.426,0
2012,5,20,6,0.3556,13.63,0
2012,5,20,12,7.7724,12.361,0
2012,5,20,18,4.8768,9.546,0
2012,5,21,0,4.3434,8.907,0
2012,5,21,6,5.2832,11.806,0
2012,5,21,12,9.2456,12.926,0
2012,5,21,18,7.366,9.787,0
2012,5,22,0,6.1214,7.565,0
2012,5,22,6,3.4036,9.38,0
2012,5,22,12,2.2606,12.407,0
2012,5,22,18,1.7018,9.528,0
2012,5,23,0,3.5814,7.667,0
2012,5,23,6,0.6858,10.944,0
2012,5,23,12,0.4826,14.676,0
2012,5,23,18,0.1016,9.907,0
2012,5,24,0,0,5.407,0
2012,5,24,6,0,10.556,0
2012,5,24,12,0,17.898,0
2012,5,24,18,0,11.407,0
2012,5,25,0,0,6.278,0
2012,5,25,6,0,14.611,0
2012,5,25,12,0,19.833,0
2012,5,25,18,0,13.111,0
2012,5,26,0,0,7.704,0
2012,5,26,6,0,14.731,0
2012,5,26,12,0,18.343,0
2012,5,26,18,0,12.907,0
2012,5,27,0,0,9.333,0
2012,5,27,6,0,13.343,0
2012,5,27,12,0,15.731,0
2012,5,27,18,0,11.12,0
2012,5,28,0,0,9.148,0
2012,5,28,6,0,11.463,0
2012,5,28,12,0,13.806,0
2012,5,28,18,0,10.463,0
2012,5,29,0,0,7.981,0
2012,5,29,6,0,10.944,0
2012,5,29,12,0,13.907,0
2012,5,29,18,0,9.713,0
2012,5,30,0,0.2286,8.167,0
2012,5,30,6,0.127,10.778,0
2012,5,30,12,0,13.38,0
2012,5,30,18,5.3848,12.019,0
2012,5,31,0,2.6416,9.769,0
2012,5,31,6,2.4892,12.481,0
2012,5,31,12,0.2286,14.694,0
2012,5,31,18,0.8128,11.824,0
2012,6,1,0,6.604,10.537,0
2012,6,1,6,4.6228,12.593,0
2012,6,1,12,4.5974,14.843,0
2012,6,1,18,5.3086,11.593,0
2012,6,2,0,0.3556,9.111,0
2012,6,2,6,0.1778,11.407,0
2012,6,2,12,0.3556,13.667,0
2012,6,2,18,0.5842,9.491,0
2012,6,3,0,0.2286,6.352,0
2012,6,3,6,0,10.565,0
2012,6,3,12,0,10.546,0
2012,6,3,18,0,8.38,0
2012,6,4,0,0.127,5.787,0
2012,6,4,6,0.8636,9.528,0
2012,6,4,12,1.8796,12.38,0
2012,6,4,18,1.6256,10.472,0
2012,6,5,0,3.6322,8.213,0
2012,6,5,6,2.8702,9.102,0
2012,6,5,12,0.762,10.898,0
2012,6,5,18,0.0254,8.491,0
2012,6,6,0,0,6.778,0
2012,6,6,6,0,9.167,0
2012,6,6,12,0,12.398,0
2012,6,6,18,0,9.306,0
2012,6,7,0,0.3556,7.333,0
2012,6,7,6,6.4262,10.343,0
2012,6,7,12,3.2004,12.833,0
2012,6,7,18,2.1844,7.981,0
2012,6,8,0,0.6096,5.565,0
2012,6,8,6,0.4318,9.778,0
2012,6,8,12,1.143,13.898,0
2012,6,8,18,0.1524,8.898,0
2012,6,9,0,0.3048,6.213,0
2012,6,9,6,0,10.315,0
2012,6,9,12,0,14.111,0
2012,6,9,18,0,11.398,0
2012,6,10,0,0,8.472,0
2012,6,10,6,0,12.259,0
2012,6,10,12,0,17.926,0
2012,6,10,18,0,12.343,0
2012,6,11,0,0,6.046,0
2012,6,11,6,0,13.944,0
2012,6,11,12,0,17.991,0
2012,6,11,18,0,12.806,0
2012,6,12,0,0,11.269,0
2012,6,12,6,0,13.37,0
2012,6,12,12,1.1176,15.361,0
2012,6,12,18,1.2192,12.056,0
2012,6,13,0,0.8382,9.361,0
2012,6,13,6,0.5842,10.194,0
2012,6,13,12,0.254,13.898,0
2012,6,13,18,0,9.389,0
2012,6,14,0,0.127,5.917,0
2012,6,14,6,0,10.287,0
2012,6,14,12,0,16.009,0
2012,6,14,18,0,9.806,0
2012,6,15,0,0,4.593,0
2012,6,15,6,0,12.12,0
2012,6,15,12,0,16.398,0
2012,6,15,18,0,12.426,0
2012,6,16,0,1.0668,10.37,0
2012,6,16,6,3.2512,13.574,0
2012,6,16,12,8.7376,14.917,0
2012,6,16,18,14.8844,11.981,0
2012,6,17,0,5.1562,11.731,0
2012,6,17,6,2.1336,13.472,0
2012,6,17,12,2.1082,13.861,0
2012,6,17,18,2.1844,10.898,0
2012,6,18,0,3.048,8.787,0
2012,6,18,6,0.889,10.759,0
2012,6,18,12,0.1016,13.972,0
2012,6,18,18,0.0254,11.713,0
2012,6,19,0,0.1778,8.389,0
2012,6,19,6,0.1778,12.731,0
2012,6,19,12,0.1524,17.102,0
2012,6,19,18,0,11.722,0
2012,6,20,0,0.0508,7.065,0
2012,6,20,6,0,14.167,0
2012,6,20,12,0,19.296,0
2012,6,20,18,0,13.593,0
2012,6,21,0,0,9.787,0
2012,6,21,6,0,14.602,0
2012,6,21,12,0,17.528,0
2012,6,21,18,0,14.556,0
2012,6,22,0,0,10.333,0
2012,6,22,6,0.7874,14.019,0
2012,6,22,12,16.637,13.472,0
2012,6,22,18,3.937,11.731,0
2012,6,23,0,8.509,10.528,0
2012,6,23,6,0.6604,12.269,0
2012,6,23,12,8.8138,15.028,0
2012,6,23,18,0.4826,8.954,0
2012,6,24,0,0,5.306,0
2012,6,24,6,0.0508,12.213,0
2012,6,24,12,0,17.065,0
2012,6,24,18,0,10.648,0
2012,6,25,0,0,5.491,0
2012,6,25,6,0,12.806,0
2012,6,25,12,0,15.343,0
2012,6,25,18,0,10.361,0
2012,6,26,0,0.127,8.213,0
2012,6,26,6,1.4986,13.87,0
2012,6,26,12,1.27,16.972,0
2012,6,26,18,0.2286,13.074,0
2012,6,27,0,0,8.602,0
2012,6,27,6,0,13.63,0
2012,6,27,12,0,19.315,0
2012,6,27,18,0,14.157,0
2012,6,28,0,0,9.361,0
2012,6,28,6,0,15.843,0
2012,6,28,12,0.1524,19.398,0
2012,6,28,18,0.7366,14.157,0
2012,6,29,0,0.508,12.315,0
2012,6,29,6,0.254,14.657,0
2012,6,29,12,0,17.139,0
2012,6,29,18,0.7366,14.5,0
2012,6,30,0,3.683,12.833,0
2012,6,30,6,4.1656,14.083,0
2012,6,30,12,3.3274,16.046,0
2012,6,30,18,6.223,13.093,0
2012,7,1,0,2.794,11,0
2012,7,1,6,0.254,13.009,0
2012,7,1,12,0,15.648,0
2012,7,1,18,0,12.407,0
2012,7,2,0,0,10.074,0
2012,7,2,6,0,13.222,0
2012,7,2,12,0.6604,14.13,0
2012,7,2,18,3.3274,11.417,0
2012,7,3,0,6.7818,9.917,0
2012,7,3,6,17.653,11.796,0
2012,7,3,12,4.5466,15.917,0
2012,7,3,18,0.8382,11.917,0
2012,7,4,0,0,7.546,0
2012,7,4,6,0,13.926,0
2012,7,4,12,0,19.37,0
2012,7,4,18,0,13.38,0
2012,7,5,0,0,6.667,0
2012,7,5,6,0,15.046,0
2012,7,5,12,0,21.111,0
2012,7,5,18,0,14.815,0
2012,7,6,0,0,8.519,0
2012,7,6,6,0,16.417,0
2012,7,6,12,0,22.296,0
2012,7,6,18,0,15.463,0
2012,7,7,0,0,9.213,0
2012,7,7,6,0,17.343,0
2012,7,7,12,0,23.861,0
2012,7,7,18,0,17.528,0
2012,7,8,0,0,11.676,0
2012,7,8,6,0,18.231,0
2012,7,8,12,0,22.222,0
2012,7,8,18,0,17.296,0
2012,7,9,0,0.381,12.898,0
2012,7,9,6,0,16.704,0
2012,7,9,12,0,19.528,0
2012,7,9,18,0,14.991,0
2012,7,10,0,0,10.75,0
2012,7,10,6,0,16.111,0
2012,7,10,12,0,21.426,0
2012,7,10,18,0,16.537,0
2012,7,11,0,0,11.259,0
2012,7,11,6,0,18.074,0
2012,7,11,12,0,22.139,0
2012,7,11,18,0,16.37,0
2012,7,12,0,0,11.241,0
2012,7,12,6,0,17.602,0
2012,7,12,12,0,21.167,0
2012,7,12,18,0,16.25,0
2012,7,13,0,0,12.287,0
2012,7,13,6,0,16.806,0
2012,7,13,12,0,21.148,0
2012,7,13,18,0.0254,15.935,0
2012,7,14,0,0,12.269,0
2012,7,14,6,0,16.62,0
2012,7,14,12,0,19.88,0
2012,7,14,18,0,16.056,0
2012,7,15,0,0.1016,12.824,0
2012,7,15,6,0.9906,15.454,0
2012,7,15,12,0.1524,20.759,0
2012,7,15,18,0,15.796,0
2012,7,16,0,0,13.204,0
2012,7,16,6,0.3302,18.213,0
2012,7,16,12,0,22.907,0
2012,7,16,18,0.1016,17.796,0
2012,7,17,0,0.9398,13.917,0
2012,7,17,6,0.0508,18.389,0
2012,7,17,12,0,21.065,0
2012,7,17,18,0.3556,17.241,0
2012,7,18,0,0.5842,14.185,0
2012,7,18,6,0,17.528,0
2012,7,18,12,0,20.852,0
2012,7,18,18,0,16.139,0
2012,7,19,0,0,12.611,0
2012,7,19,6,0,16.574,0
2012,7,19,12,0,21.796,0
2012,7,19,18,0,18.972,0
2012,7,20,0,1.016,15.611,0
2012,7,20,6,8.128,17.269,0
2012,7,20,12,3.0988,16.88,0
2012,7,20,18,1.27,14.296,0
2012,7,21,0,1.1938,12.694,0
2012,7,21,6,0,15.5,0
2012,7,21,12,0,19.148,0
2012,7,21,18,0,15.12,0
2012,7,22,0,0,11.639,0
2012,7,22,6,0.4572,14.759,0
2012,7,22,12,0.7874,15.861,0
2012,7,22,18,1.9812,11.898,0
2012,7,23,0,1.778,10.648,0
2012,7,23,6,5.461,12.111,0
2012,7,23,12,1.143,15.713,0
2012,7,23,18,0,13.824,0
2012,7,24,0,0.0254,11.519,0
2012,7,24,6,0.1524,15.463,0
2012,7,24,12,0.1524,20.676,0
2012,7,24,18,0.1524,15.75,0
2012,7,25,0,0.127,10.88,0
2012,7,25,6,0,17.343,0
2012,7,25,12,0,21.222,0
2012,7,25,18,0,16.537,0
2012,7,26,0,0,12.472,0
2012,7,26,6,0,16.713,0
2012,7,26,12,0,19.75,0
2012,7,26,18,0,15.389,0
2012,7,27,0,0,12.13,0
2012,7,27,6,0,15.426,0
2012,7,27,12,0,19.028,0
2012,7,27,18,0,15.074,0
2012,7,28,0,0,11.769,0
2012,7,28,6,0,15.204,0
2012,7,28,12,0,19.287,0
2012,7,28,18,0,14.889,0
2012,7,29,0,0,10.824,0
2012,7,29,6,0,15.222,0
2012,7,29,12,0,18.75,0
2012,7,29,18,0,14.769,0
2012,7,30,0,0,11.639,0
2012,7,30,6,0,16.565,0
2012,7,30,12,0,19.38,0
2012,7,30,18,0,15.806,0
2012,7,31,0,0,12.824,0
2012,7,31,6,0,15.787,0
2012,7,31,12,0,18.815,0
2012,7,31,18,0,14.315,0
2012,8,1,0,0,10.472,0
2012,8,1,6,0,15.898,0
2012,8,1,12,0,19.519,0
2012,8,1,18,0,14.435,0
2012,8,2,0,0,12.463,0
2012,8,2,6,0,16.852,0
2012,8,2,12,0,22.037,0
2012,8,2,18,0,16.185,0
2012,8,3,0,0,11.037,0
2012,8,3,6,0,18.194,0
2012,8,3,12,0,25.759,0
2012,8,3,18,0,18.157,0
2012,8,4,0,0,12.935,0
2012,8,4,6,0,21.12,0
2012,8,4,12,0,27.389,0
2012,8,4,18,0,20.491,0
2012,8,5,0,0,15.306,0
2012,8,5,6,0,20.926,0
2012,8,5,12,0,24.398,0
2012,8,5,18,0,18.796,0
2012,8,6,0,0,15.083,0
2012,8,6,6,0,18.583,0
2012,8,6,12,0,20.676,0
2012,8,6,18,0,16.139,0
2012,8,7,0,0,14.046,0
2012,8,7,6,0,16.667,0
2012,8,7,12,0,19.741,0
2012,8,7,18,0,16.454,0
2012,8,8,0,0,13.37,0
2012,8,8,6,0.0254,15.972,0
2012,8,8,12,0,20.093,0
2012,8,8,18,0,14.981,0
2012,8,9,0,0,10.611,0
2012,8,9,6,0,15.889,0
2012,8,9,12,0,20.62,0
2012,8,9,18,0,14.278,0
2012,8,10,0,0,9.824,0
2012,8,10,6,0,16.509,0
2012,8,10,12,0,22.611,0
2012,8,10,18,0,14.546,0
2012,8,11,0,0,9.704,0
2012,8,11,6,0,17.287,0
2012,8,11,12,0,24.139,0
2012,8,11,18,0,16.213,0
2012,8,12,0,0,11.778,0
2012,8,12,6,0,18.361,0
2012,8,12,12,0,23.269,0
2012,8,12,18,0,16.315,0
2012,8,13,0,0,12.852,0
2012,8,13,6,0,18.537,0
2012,8,13,12,0,22.074,0
2012,8,13,18,0,15.509,0
2012,8,14,0,0,13.185,0
2012,8,14,6,0,20.056,0
2012,8,14,12,0,25.806,0
2012,8,14,18,0,19.546,0
2012,8,15,0,0,14.444,0
2012,8,15,6,0,20.426,0
2012,8,15,12,0,28.037,0
2012,8,15,18,0,18.481,0
2012,8,16,0,0,13.648,0
2012,8,16,6,0,22.546,0
2012,8,16,12,0,27.944,0
2012,8,16,18,0,18.611,0
2012,8,17,0,0,14.046,0
2012,8,17,6,0,20.463,0
2012,8,17,12,0,24.435,0
2012,8,17,18,0,18.157,0
2012,8,18,0,0,13.787,0
2012,8,18,6,0,18.306,0
2012,8,18,12,0,21.574,0
2012,8,18,18,0,15.565,0
2012,8,19,0,0,13.102,0
2012,8,19,6,0,16.306,0
2012,8,19,12,0,21.093,0
2012,8,19,18,0,16.065,0
2012,8,20,0,0,12.713,0
2012,8,20,6,0,15.602,0
2012,8,20,12,0,19.296,0
2012,8,20,18,0,13.574,0
2012,8,21,0,0,10.759,0
2012,8,21,6,0,15.324,0
2012,8,21,12,0,18.907,0
2012,8,21,18,0,13.463,0
2012,8,22,0,0,11.519,0
2012,8,22,6,0,14.907,0
2012,8,22,12,0,18.38,0
2012,8,22,18,0,13.444,0
2012,8,23,0,0,11.019,0
2012,8,23,6,0,15.157,0
2012,8,23,12,0,18.463,0
2012,8,23,18,0,12.361,0
2012,8,24,0,0,9.481,0
2012,8,24,6,0,15.435,0
2012,8,24,12,0,20.741,0
2012,8,24,18,0,12.37,0
2012,8,25,0,0,9.12,0
2012,8,25,6,0,15.472,0
2012,8,25,12,0,20.398,0
2012,8,25,18,0,12.315,0
2012,8,26,0,0,9.639,0
2012,8,26,6,0,15.657,0
2012,8,26,12,0,20.444,0
2012,8,26,18,0,14.343,0
2012,8,27,0,0,12.046,0
2012,8,27,6,0,14.815,0
2012,8,27,12,0,19.648,0
2012,8,27,18,0,14.157,0
2012,8,28,0,0,11.287,0
2012,8,28,6,0,16.472,0
2012,8,28,12,0,19.13,0
2012,8,28,18,0,14.148,0
2012,8,29,0,0,12.417,0
2012,8,29,6,0.0254,16.222,0
2012,8,29,12,0.0254,19.796,0
2012,8,29,18,0,13.583,0
2012,8,30,0,0.0254,11.278,0
2012,8,30,6,0,15.787,0
2012,8,30,12,0,19.667,0
2012,8,30,18,0,12.13,0
2012,8,31,0,0,8.435,0
2012,8,31,6,0,13.574,0
2012,8,31,12,0,18.685,0
2012,8,31,18,0,10.333,0
2012,9,1,0,0,7.176,0
2012,9,1,6,0,13.241,0
2012,9,1,12,0,18.12,0
2012,9,1,18,0,10.556,0
2012,9,2,0,0,8.296,0
2012,9,2,6,0,12.926,0
2012,9,2,12,0,18.083,0
2012,9,2,18,0,9.981,0
2012,9,3,0,0,6.583,0
2012,9,3,6,0,13.083,0
2012,9,3,12,0,19.648,0
2012,9,3,18,0,11.759,0
2012,9,4,0,0,8.722,0
2012,9,4,6,0,14.815,0
2012,9,4,12,0,19.917,0
2012,9,4,18,0,11.704,0
2012,9,5,0,0,8.833,0
2012,9,5,6,0,16.093,0
2012,9,5,12,0,22.972,0
2012,9,5,18,0,12.204,0
2012,9,6,0,0,8.833,0
2012,9,6,6,0,15.509,0
2012,9,6,12,0,24.333,0
2012,9,6,18,0,12.972,0
2012,9,7,0,0,8.463,0
2012,9,7,6,0,16.685,0
2012,9,7,12,0,24.222,0
2012,9,7,18,0,14.88,0
2012,9,8,0,0,11.259,0
2012,9,8,6,0,17.185,0
2012,9,8,12,0,22.593,0
2012,9,8,18,0,14.861,0
2012,9,9,0,0,11.907,0
2012,9,9,6,0,14.13,0
2012,9,9,12,0,16.759,0
2012,9,9,18,2.7686,13.157,0
2012,9,10,0,3.0734,10.5,0
2012,9,10,6,0,11.546,0
2012,9,10,12,0,15.333,0
2012,9,10,18,0,10.694,0
2012,9,11,0,0,7.667,0
2012,9,11,6,0,12.269,0
2012,9,11,12,0,17.296,0
2012,9,11,18,0,7.565,0
2012,9,12,0,0,4.389,0
2012,9,12,6,0,11.991,0
2012,9,12,12,0,20.241,0
2012,9,12,18,0,9.046,0
2012,9,13,0,0,4.963,0.0116666666666667
2012,9,13,6,0,13.213,0
2012,9,13,12,0,20.852,0
2012,9,13,18,0,9.806,0
2012,9,14,0,0,6.009,0.00666666666666667
2012,9,14,6,0,13.398,0
2012,9,14,12,0,19.731,0
2012,9,14,18,0,10.324,0
2012,9,15,0,0,7.222,0
2012,9,15,6,0,14.62,0
2012,9,15,12,0,20.435,0
2012,9,15,18,0,10.481,0
2012,9,16,0,0,6.88,0
2012,9,16,6,0,14.111,0
2012,9,16,12,0,21.981,0
2012,9,16,18,0,10.472,0
2012,9,17,0,0,6.778,0
2012,9,17,6,0,14.213,0
2012,9,17,12,0,22.241,0
2012,9,17,18,0,11.519,0
2012,9,18,0,0,8.083,0
2012,9,18,6,0,14.361,0
2012,9,18,12,0,20.676,0
2012,9,18,18,0,11.194,0
2012,9,19,0,0,7.824,0
2012,9,19,6,0,13.398,0
2012,9,19,12,0,20.583,0
2012,9,19,18,0,10.583,0
2012,9,20,0,0,7.009,0
2012,9,20,6,0,11.639,0
2012,9,20,12,0,18.37,0
2012,9,20,18,0,11.75,0
2012,9,21,0,0,9.75,0
2012,9,21,6,0,13.111,0
2012,9,21,12,0,18.056,0
2012,9,21,18,0,10.926,0
2012,9,22,0,0,9.463,0
2012,9,22,6,0,12.806,0
2012,9,22,12,0,15.954,0
2012,9,22,18,0,10.278,0
2012,9,23,0,0,8.13,0
2012,9,23,6,0,12.565,0
2012,9,23,12,0,17.065,0
2012,9,23,18,0,10.037,0
2012,9,24,0,0,7.065,0
2012,9,24,6,0,11.454,0
2012,9,24,12,0,16.278,0
2012,9,24,18,0,10.093,0
2012,9,25,0,0,8.315,0
2012,9,25,6,0,11.676,0
2012,9,25,12,0,16.361,0
2012,9,25,18,0,8.954,0
2012,9,26,0,0,5.519,0
2012,9,26,6,0,10.731,0
2012,9,26,12,0,18.194,0
2012,9,26,18,0,9.046,0
2012,9,27,0,0,6,0
2012,9,27,6,0,12.25,0
2012,9,27,12,0,18.963,0
2012,9,27,18,0,11.778,0
2012,9,28,0,0,10.204,0
2012,9,28,6,0,14.102,0
2012,9,28,12,0,17.139,0
2012,9,28,18,0,12.38,0
2012,9,29,0,0,10.704,0
2012,9,29,6,0,12.454,0
2012,9,29,12,0,16.176,0
2012,9,29,18,0,8.491,0
2012,9,30,0,0,4.204,0.0116666666666667
2012,9,30,6,0,9.796,0
2012,9,30,12,0,17.167,0
2012,9,30,18,0,7.167,0
2012,10,1,0,0,4.722,0
2012,10,1,6,0,10.565,0
2012,10,1,12,0,16.083,0
2012,10,1,18,0,11.454,0
2012,10,2,0,0,8.426,0
2012,10,2,6,0,10.611,0
2012,10,2,12,0,15.417,0
2012,10,2,18,0,8.815,0
2012,10,3,0,0,5.065,0.005
2012,10,3,6,0,9.315,0.00333333333333333
2012,10,3,12,0,16.574,0
2012,10,3,18,0,5.463,0.113333333333333
2012,10,4,0,0,0.769,0.975
2012,10,4,6,0,8.102,0.33
2012,10,4,12,0,17.324,0
2012,10,4,18,0,6.093,0.035
2012,10,5,0,0,2.12,0.775
2012,10,5,6,0,9.083,0.248333333333333
2012,10,5,12,0,17.935,0
2012,10,5,18,0,5.611,0.118333333333333
2012,10,6,0,0,1.278,0.951666666666667
2012,10,6,6,0,8.648,0.283333333333333
2012,10,6,12,0,18.676,0
2012,10,6,18,0,7.019,0.0116666666666667
2012,10,7,0,0,2.574,0.61
2012,10,7,6,0,9.389,0.13
2012,10,7,12,0,18.398,0
2012,10,7,18,0,6.713,0.00166666666666667
2012,10,8,0,0,3.111,0.423333333333333
2012,10,8,6,0,8.231,0.0816666666666667
2012,10,8,12,0,14.157,0
2012,10,8,18,0,6.074,0
2012,10,9,0,0,4.009,0.07
2012,10,9,6,0,6.75,0.07
2012,10,9,12,0,11.769,0
2012,10,9,18,0,5.935,0
2012,10,10,0,0,3.75,0.0216666666666667
2012,10,10,6,0,6.815,0.00666666666666667
2012,10,10,12,0,11.435,0
2012,10,10,18,0,6.259,0
2012,10,11,0,0,5.259,0
2012,10,11,6,0,8.657,0
2012,10,11,12,0,14.491,0
2012,10,11,18,0,9.102,0
2012,10,12,0,0.4826,7.843,0
2012,10,12,6,0.8382,9.056,0
2012,10,12,12,3.6068,10.889,0
2012,10,12,18,6.0452,10.75,0
2012,10,13,0,4.318,11.657,0
2012,10,13,6,3.3528,12.713,0
2012,10,13,12,3.3274,14.491,0
2012,10,13,18,8.2296,11.685,0
2012,10,14,0,8.1026,13.407,0
2012,10,14,6,7.112,13.759,0
2012,10,14,12,13.7414,13.713,0
2012,10,14,18,5.0292,11.88,0
2012,10,15,0,0.4064,10.278,0
2012,10,15,6,1.2192,10.074,0
2012,10,15,12,11.4554,12.963,0
2012,10,15,18,10.7188,10.472,0
2012,10,16,0,3.8354,8.611,0
2012,10,16,6,0,9.009,0
2012,10,16,12,0.0762,10.389,0
2012,10,16,18,0,7.398,0
2012,10,17,0,0,6.593,0
2012,10,17,6,0,7.926,0
2012,10,17,12,0,10.62,0
2012,10,17,18,0,7.222,0
2012,10,18,0,0.0508,7.407,0
2012,10,18,6,1.5494,9.954,0
2012,10,18,12,18.2626,12.981,0
2012,10,18,18,25.527,10.12,0
2012,10,19,0,4.6228,9.861,0
2012,10,19,6,4.9276,9.444,0
2012,10,19,12,5.0292,8.824,0
2012,10,19,18,2.2098,6.639,0
2012,10,20,0,1.4732,4.694,0
2012,10,20,6,5.5372,5.324,0
2012,10,20,12,1.7272,7.444,0
2012,10,20,18,4.7752,4.389,0
2012,10,21,0,2.1844,3.481,0.00166666666666667
2012,10,21,6,6.1468,3.62,0.0433333333333333
2012,10,21,12,0.254,7.435,0
2012,10,21,18,0.3048,3.491,0.00666666666666667
2012,10,22,0,0,1.741,0.37
2012,10,22,6,0,4.565,0.06
2012,10,22,12,0.9144,6.944,0
2012,10,22,18,4.1656,3.898,0
2012,10,23,0,6.9088,3.722,0
2012,10,23,6,3.8862,4.38,0
2012,10,23,12,0.127,6.315,0
2012,10,23,18,0.0762,4.38,0
2012,10,24,0,0.0508,3.713,0
2012,10,24,6,0.9906,6,0
2012,10,24,12,1.2954,8.269,0
2012,10,24,18,0.762,4.296,0
2012,10,25,0,0.3556,2.991,0.00833333333333333
2012,10,25,6,0,4.852,0.005
2012,10,25,12,0,7.296,0
2012,10,25,18,0,4.639,0
2012,10,26,0,0.1778,4.87,0
2012,10,26,6,3.302,6.602,0
2012,10,26,12,2.9972,7.25,0
2012,10,26,18,3.937,5.426,0
2012,10,27,0,3.9624,6.889,0
2012,10,27,6,9.017,8.102,0
2012,10,27,12,4.7244,9.509,0
2012,10,27,18,13.4112,8.722,0
2012,10,28,0,10.6172,9.157,0
2012,10,28,6,3.1496,9.824,0
2012,10,28,12,0.9652,12.685,0
2012,10,28,18,3.4798,7.944,0
2012,10,29,0,10.414,9.593,0
2012,10,29,6,13.2588,11.602,0
2012,10,29,12,6.3246,12.269,0
2012,10,29,18,6.1214,10.306,0
2012,10,30,0,13.335,9.361,0
2012,10,30,6,11.176,10.241,0
2012,10,30,12,18.7452,11.583,0
2012,10,30,18,14.9606,10.417,0
2012,10,31,0,14.0208,10.852,0
2012,10,31,6,6.1722,11.139,0
2012,10,31,12,6.4008,11.444,0
2012,10,31,18,2.9464,8.444,0
2012,11,1,0,2.3114,8.444,0
2012,11,1,6,1.8542,9.815,0
2012,11,1,12,0.3302,12.602,0
2012,11,1,18,2.1844,9.824,0
2012,11,2,0,1.6002,8.62,0
2012,11,2,6,0,10.176,0
2012,11,2,12,0.1016,12.028,0
2012,11,2,18,1.1684,9.556,0
2012,11,3,0,1.2192,9.435,0
2012,11,3,6,1.7526,10.546,0
2012,11,3,12,1.905,13.389,0
2012,11,3,18,1.6002,10.38,0
2012,11,4,0,0.4826,9.796,0
2012,11,4,6,0.0254,10.926,0
2012,11,4,12,1.7526,13.315,0
2012,11,4,18,7.4168,11.88,0
2012,11,5,0,0.7366,8.361,0
2012,11,5,6,0,7.343,0
2012,11,5,12,0,9.852,0
2012,11,5,18,0,5.722,0
2012,11,6,0,0.0508,5.426,0
2012,11,6,6,0.3556,7.537,0
2012,11,6,12,2.286,9.222,0
2012,11,6,18,0.5588,7.324,0
2012,11,7,0,0.4064,4.685,0
2012,11,7,6,0,4.602,0.00166666666666667
2012,11,7,12,0,7.62,0
2012,11,7,18,0,2.88,0.11
2012,11,8,0,0,0.472,0.785
2012,11,8,6,0,2.62,0.428333333333333
2012,11,8,12,0,6.083,0.00333333333333333
2012,11,8,18,0,1.731,0.573333333333333
2012,11,9,0,0,-0.833,0.995
2012,11,9,6,0,0.917,0.688333333333333
2012,11,9,12,0,3.074,0.448333333333333
2012,11,9,18,0,-1.63,1
2012,11,10,0,0,-2.231,1
2012,11,10,6,0,-0.713,0.943333333333333
2012,11,10,12,0,2.231,0.83
2012,11,10,18,0,-2.213,1
2012,11,11,0,0,-3.287,1
2012,11,11,6,0,0.269,0.725
2012,11,11,12,2.0066,3.731,0.0583333333333333
2012,11,11,18,15.7734,3.898,0
2012,11,12,0,3.683,3.75,0
2012,11,12,6,0.635,4.815,0
2012,11,12,12,2.0066,6.065,0
2012,11,12,18,0.8636,3.917,0.005
2012,11,13,0,1.8542,3.861,0
2012,11,13,6,2.5146,4.306,0.00166666666666667
2012,11,13,12,1.4986,6.481,0
2012,11,13,18,2.4892,3.583,0
2012,11,14,0,2.286,3.065,0.00166666666666667
2012,11,14,6,0.6604,4.491,0
2012,11,14,12,0.127,7.157,0
2012,11,14,18,0,2.602,0.131666666666667
2012,11,15,0,0,0.63,0.678333333333333
2012,11,15,6,0,2.528,0.363333333333333
2012,11,15,12,0,6.12,0
2012,11,15,18,0,2.222,0.115
2012,11,16,0,0,1.75,0.178333333333333
2012,11,16,6,0,4.407,0.045
2012,11,16,12,0.0254,8.472,0
2012,11,16,18,2.3368,6.315,0
2012,11,17,0,1.5748,6.713,0
2012,11,17,6,1.397,7.731,0
2012,11,17,12,14.605,7.991,0
2012,11,17,18,2.5146,5.231,0
2012,11,18,0,1.524,4.787,0
2012,11,18,6,1.1176,5.685,0
2012,11,18,12,0.7112,7.241,0
2012,11,18,18,1.5494,6.75,0
2012,11,19,0,1.651,6.13,0
2012,11,19,6,19.7104,7.287,0
2012,11,19,12,18.0848,8.731,0
2012,11,19,18,11.049,7.046,0
2012,11,20,0,1.3716,4.694,0
2012,11,20,6,0.127,5.389,0
2012,11,20,12,1.3462,6.935,0
2012,11,20,18,0.5588,4.176,0
2012,11,21,0,2.413,3.333,0
2012,11,21,6,11.2014,4.583,0
2012,11,21,12,4.0894,4.38,0.00333333333333333
2012,11,21,18,2.4384,3.028,0.0233333333333333
2012,11,22,0,0.0254,1.019,0.488333333333333
2012,11,22,6,0,2.343,0.263333333333333
2012,11,22,12,0.3556,5.491,0
2012,11,22,18,1.0414,5.398,0.00833333333333333
2012,11,23,0,6.0706,4.565,0
2012,11,23,6,8.2804,4.546,0
2012,11,23,12,4.1402,6.019,0
2012,11,23,18,3.9878,3.796,0
2012,11,24,0,0.4318,1.417,0.288333333333333
2012,11,24,6,0,2.574,0.273333333333333
2012,11,24,12,0,3.565,0.12
2012,11,24,18,0,0.204,0.803333333333333
2012,11,25,0,0,-0.454,0.981666666666667
2012,11,25,6,0.1778,1.324,0.401666666666667
2012,11,25,12,0,2.898,0.253333333333333
2012,11,25,18,0,-0.917,0.996666666666667
2012,11,26,0,0,-0.287,1
2012,11,26,6,0,0.602,0.856666666666667
2012,11,26,12,0,3.139,0.443333333333333
2012,11,26,18,0,-0.796,1
2012,11,27,0,0,0.333,1
2012,11,27,6,0,1.63,0.56
2012,11,27,12,0,4.63,0.03
2012,11,27,18,0,1.454,0.345
2012,11,28,0,0,2.037,0.226666666666667
2012,11,28,6,0,4.741,0.0416666666666667
2012,11,28,12,1.4478,7.926,0
2012,11,28,18,0.9144,6.38,0
2012,11,29,0,0.1524,6.426,0
2012,11,29,6,0.8636,7.861,0
2012,11,29,12,0.889,8.657,0
2012,11,29,18,0,7.324,0
2012,11,30,0,1.0414,8.056,0
2012,11,30,6,4.1148,8.704,0
2012,11,30,12,10.3632,9.093,0
2012,11,30,18,9.5758,7.593,0
2012,12,1,0,4.3942,7.528,0
2012,12,1,6,4.064,6.731,0
2012,12,1,12,6.1214,7.176,0
2012,12,1,18,2.921,6.602,0
2012,12,2,0,5.4102,6.926,0
2012,12,2,6,7.9756,6.472,0
2012,12,2,12,5.1562,6.731,0
2012,12,2,18,4.7498,6.435,0
2012,12,3,0,5.5118,5.75,0
2012,12,3,6,2.7178,5.704,0
2012,12,3,12,0.889,6.565,0
2012,12,3,18,3.175,7.037,0
2012,12,4,0,4.572,7.861,0
2012,12,4,6,4.1656,7.843,0
2012,12,4,12,2.5146,6.463,0
2012,12,4,18,3.3528,5.463,0
2012,12,5,0,5.1562,4.222,0
2012,12,5,6,1.1938,3.426,0.00833333333333333
2012,12,5,12,0.4826,4.472,0
2012,12,5,18,2.0828,3.5,0
2012,12,6,0,3.2512,3.148,0
2012,12,6,6,8.255,3.306,0
2012,12,6,12,3.6322,3.426,0.01
2012,12,6,18,1.4224,1.972,0.103333333333333
2012,12,7,0,6.0706,2.37,0.025
2012,12,7,6,5.4864,2.981,0.00333333333333333
2012,12,7,12,1.3462,2.343,0.153333333333333
2012,12,7,18,0.5842,0.37,0.76
2012,12,8,0,0.6858,0,0.915
2012,12,8,6,0.127,0.685,0.7
2012,12,8,12,0,1.194,0.636666666666667
2012,12,8,18,0,-0.472,0.925
2012,12,9,0,0.0254,-0.204,0.885
2012,12,9,6,0.9144,0.917,0.51
2012,12,9,12,0.4318,2.556,0.0216666666666667
2012,12,9,18,0.0508,2.454,0.0233333333333333
2012,12,10,0,0,2.398,0.0483333333333333
2012,12,10,6,0.2032,2.472,0.0883333333333333
2012,12,10,12,0.4064,3.454,0.025
2012,12,10,18,0.0254,1.88,0.155
2012,12,11,0,0,3.204,0.02
2012,12,11,6,1.8542,3.62,0.00666666666666667
2012,12,11,12,4.4958,3.722,0
2012,12,11,18,0.8636,3.407,0
2012,12,12,0,1.4224,3.019,0.015
2012,12,12,6,1.0922,3.25,0.00666666666666667
2012,12,12,12,0,3.639,0.00333333333333333
2012,12,12,18,0,2.065,0.118333333333333
2012,12,13,0,0,1.056,0.395
2012,12,13,6,0,1.426,0.298333333333333
2012,12,13,12,0.7112,3.269,0.00666666666666667
2012,12,13,18,3.175,2.093,0.0683333333333333
2012,12,14,0,3.556,2.25,0.0283333333333333
2012,12,14,6,1.4732,1.444,0.225
2012,12,14,12,0,0.852,0.536666666666667
2012,12,14,18,0,-1.676,0.998333333333333
2012,12,15,0,0,-0.565,0.963333333333333
2012,12,15,6,1.6764,1.417,0.41
2012,12,15,12,3.7846,3.037,0.0283333333333333
2012,12,15,18,1.905,0.898,0.405
2012,12,16,0,2.032,0.38,0.726666666666667
2012,12,16,6,3.3274,0.296,0.74
2012,12,16,12,3.0734,2.398,0.11
2012,12,16,18,14.5796,2.204,0.07
2012,12,17,0,9.398,3.241,0
2012,12,17,6,7.874,2.333,0.0416666666666667
2012,12,17,12,3.2766,1.454,0.375
2012,12,17,18,2.667,0.185,0.858333333333333
2012,12,18,0,1.9558,-0.093,0.918333333333333
2012,12,18,6,2.4384,0.565,0.653333333333333
2012,12,18,12,1.27,0.972,0.528333333333333
2012,12,18,18,0.4572,-0.324,0.885
2012,12,19,0,0.8382,0.352,0.735
2012,12,19,6,3.1242,1.861,0.218333333333333
2012,12,19,12,3.5052,3.898,0
2012,12,19,18,2.8194,3.102,0.00666666666666667
2012,12,20,0,3.2258,3.38,0.00166666666666667
2012,12,20,6,7.8232,3.472,0
2012,12,20,12,6.1468,2.694,0.0683333333333333
2012,12,20,18,0.6604,1.231,0.385
2012,12,21,0,0,-0.602,0.916666666666667
2012,12,21,6,0.2032,1.13,0.613333333333333
2012,12,21,12,0.508,3.019,0.055
2012,12,21,18,0,-0.25,0.886666666666667
2012,12,22,0,0.4318,1.963,0.275
2012,12,22,6,1.9812,3.389,0.03
2012,12,22,12,1.651,3.519,0.0216666666666667
2012,12,22,18,1.7018,1.731,0.248333333333333
2012,12,23,0,0.5588,1.361,0.4
2012,12,23,6,0.6604,1.889,0.25
2012,12,23,12,0.9652,2.426,0.116666666666667
2012,12,23,18,2.0828,0.009,0.853333333333333
2012,12,24,0,1.1684,-0.426,0.963333333333333
2012,12,24,6,0.508,0.796,0.463333333333333
2012,12,24,12,0.3302,0.935,0.441666666666667
2012,12,24,18,0,-1.37,0.996666666666667
2012,12,25,0,0,-0.028,0.891666666666667
2012,12,25,6,0.889,0.963,0.651666666666667
2012,12,25,12,3.7846,1.444,0.38
2012,12,25,18,0.8128,1.12,0.436666666666667
2012,12,26,0,0.7366,0.991,0.445
2012,12,26,6,1.6002,1.454,0.273333333333333
2012,12,26,12,0.508,2.083,0.111666666666667
2012,12,26,18,2.8956,1.13,0.265
2012,12,27,0,0.9144,0.5,0.56
2012,12,27,6,0.7112,1.574,0.191666666666667
2012,12,27,12,1.0668,1.852,0.121666666666667
2012,12,27,18,0.4826,-0.019,0.761666666666667
2012,12,28,0,0.4826,-0.611,0.89
2012,12,28,6,0,0.824,0.46
2012,12,28,12,0,2.398,0.0516666666666667
2012,12,28,18,0,0.194,0.798333333333333
2012,12,29,0,0.381,0.917,0.511666666666667
2012,12,29,6,4.0894,1.157,0.305
2012,12,29,12,0.6604,1.528,0.171666666666667
2012,12,29,18,0,-0.62,0.915
2012,12,30,0,0,-2.593,1
2012,12,30,6,0,-2.056,0.986666666666667
2012,12,30,12,0,-0.194,0.843333333333333
2012,12,30,18,0,-2.806,1
2012,12,31,0,0,-3.389,1
2012,12,31,6,0,-0.611,0.908333333333333
2012,12,31,12,0,0.815,0.525
2012,12,31,18,0,-4.463,1
2013,1,1,0,0,-5.269,1
2013,1,1,6,0,-2.269,0.915
2013,1,1,12,0,1.287,0.518333333333333
2013,1,1,18,0,-3.176,1
2013,1,2,0,0,-3.296,1
2013,1,2,6,0,-0.296,0.795
2013,1,2,12,0,2.241,0.366666666666667
2013,1,2,18,0,-1.722,1
2013,1,3,0,0,-3.139,1
2013,1,3,6,0,-1.639,0.911666666666667
2013,1,3,12,0,1.241,0.626666666666667
2013,1,3,18,0.7874,-0.074,0.881666666666667
2013,1,4,0,1.4478,1.37,0.325
2013,1,4,6,5.969,1.87,0.176666666666667
2013,1,4,12,0.9144,1.796,0.171666666666667
2013,1,4,18,0,-0.167,0.748333333333333
2013,1,5,0,0.254,2.333,0.203333333333333
2013,1,5,6,3.4544,2.926,0.0616666666666667
2013,1,5,12,1.0922,3.12,0.0366666666666667
2013,1,5,18,3.556,2.194,0.111666666666667
2013,1,6,0,0.254,2.231,0.0883333333333333
2013,1,6,6,0.6604,2.528,0.08
2013,1,6,12,1.5494,5.019,0.00333333333333333
2013,1,6,18,3.2512,3.556,0.0183333333333333
2013,1,7,0,4.7752,3.88,0.00166666666666667
2013,1,7,6,7.7216,4.139,0
2013,1,7,12,3.8354,5.87,0
2013,1,7,18,0.762,3.981,0.00166666666666667
2013,1,8,0,0.8382,2.324,0.128333333333333
2013,1,8,6,4.8514,2.991,0.0683333333333333
2013,1,8,12,14.5034,5.537,0
2013,1,8,18,19.685,6.519,0
2013,1,9,0,21.2598,4.75,0
2013,1,9,6,2.9972,3.269,0.01
2013,1,9,12,1.1938,2.065,0.178333333333333
2013,1,9,18,0.7112,-0.944,0.963333333333333
2013,1,10,0,0.4572,-1.491,1
2013,1,10,6,4.5212,-0.25,0.805
2013,1,10,12,0.5588,0.463,0.726666666666667
2013,1,10,18,0,-2.222,1
2013,1,11,0,0,-4.454,1
2013,1,11,6,0,-4.167,1
2013,1,11,12,0,-2.028,1
2013,1,11,18,0,-5.657,1
2013,1,12,0,0,-6.657,1
2013,1,12,6,0,-4.991,1
2013,1,12,12,0,-2.583,1
2013,1,12,18,0,-7.778,1
2013,1,13,0,0,-8.074,1
2013,1,13,6,0,-4.954,1
2013,1,13,12,0,-1.787,1
2013,1,13,18,0,-3.241,1
2013,1,14,0,0,-3.454,1
2013,1,14,6,0,-2.139,0.996666666666667
2013,1,14,12,0,-0.037,0.755
2013,1,14,18,0,-3.222,1
2013,1,15,0,0,-3.824,1
2013,1,15,6,0,-1.648,0.875
2013,1,15,12,0,1.407,0.356666666666667
2013,1,15,18,0,-1.778,0.998333333333333
2013,1,16,0,0,-2.222,1
2013,1,16,6,0,-1.398,0.865
2013,1,16,12,0,1.315,0.483333333333333
2013,1,16,18,0,-3.352,1
2013,1,17,0,0,-4.389,1
2013,1,17,6,0,-1.815,0.935
2013,1,17,12,0,0.444,0.831666666666667
2013,1,17,18,0,-1,1
2013,1,18,0,0,-2.926,1
2013,1,18,6,0,-1.898,1
2013,1,18,12,0,-0.528,0.991666666666667
2013,1,18,18,0,-3.222,1
2013,1,19,0,0,-3.806,1
2013,1,19,6,0,-1.639,0.966666666666667
2013,1,19,12,0,1.102,0.84
2013,1,19,18,0,-1.833,1
2013,1,20,0,0,-2.63,1
2013,1,20,6,0,-0.778,0.88
2013,1,20,12,0,3,0.371666666666667
2013,1,20,18,0,-3.213,1
2013,1,21,0,0,-5.944,1
2013,1,21,6,0,-1.88,0.936666666666667
2013,1,21,12,0,0.769,0.871666666666667
2013,1,21,18,0,-4.157,1
2013,1,22,0,0,-4.63,1
2013,1,22,6,0,-1.361,0.946666666666667
2013,1,22,12,0,1.889,0.661666666666667
2013,1,22,18,0,1.111,0.906666666666667
2013,1,23,0,0.3048,2.537,0.511666666666667
2013,1,23,6,3.2512,2.222,0.288333333333333
2013,1,23,12,9.3472,2.343,0.143333333333333
2013,1,23,18,3.6576,1.685,0.166666666666667
2013,1,24,0,0,1.667,0.176666666666667
2013,1,24,6,0.0508,0.889,0.448333333333333
2013,1,24,12,1.0922,3.676,0.0183333333333333
2013,1,24,18,4.953,3,0.0183333333333333
2013,1,25,0,3.3528,2.935,0.00333333333333333
2013,1,25,6,0.4064,2.815,0.03
2013,1,25,12,0.0254,3.611,0.00333333333333333
2013,1,25,18,0.0762,1.528,0.215
2013,1,26,0,0.0762,1.806,0.176666666666667
2013,1,26,6,3.7084,1.88,0.13
2013,1,26,12,3.3274,2.491,0.0266666666666667
2013,1,26,18,3.1496,1.176,0.223333333333333
2013,1,27,0,2.8194,1.083,0.311666666666667
2013,1,27,6,0.4318,1.611,0.191666666666667
2013,1,27,12,2.0828,2.731,0.0333333333333333
2013,1,27,18,1.2192,1.519,0.156666666666667
2013,1,28,0,0.6604,1.556,0.175
2013,1,28,6,1.2192,2.167,0.123333333333333
2013,1,28,12,2.413,3.954,0.00166666666666667
2013,1,28,18,2.2352,2.241,0.09
2013,1,29,0,0.6858,1.917,0.103333333333333
2013,1,29,6,0.1016,2.852,0.04
2013,1,29,12,1.397,5.083,0
2013,1,29,18,4.2672,4.806,0
2013,1,30,0,0.9398,4.648,0
2013,1,30,6,0.4826,5.398,0
2013,1,30,12,0.6096,5.769,0
2013,1,30,18,1.1684,4.62,0.01
2013,1,31,0,0.8636,5.824,0
2013,1,31,6,1.4732,6.296,0
2013,1,31,12,1.778,6.583,0
2013,1,31,18,0.4826,4.12,0.00666666666666667
2013,2,1,0,0.2286,2.731,0.07
2013,2,1,6,0,3.528,0.055
2013,2,1,12,0,5.537,0
2013,2,1,18,0,3.407,0.0366666666666667
2013,2,2,0,0,2.778,0.143333333333333
2013,2,2,6,0,4,0.17
2013,2,2,12,0,6.269,0
2013,2,2,18,0,3.324,0.126666666666667
2013,2,3,0,0,1.361,0.551666666666667
2013,2,3,6,0,2.63,0.166666666666667
2013,2,3,12,1.0668,5.38,0
2013,2,3,18,1.8288,4.352,0
2013,2,4,0,0.1016,3.898,0.005
2013,2,4,6,0,4.509,0
2013,2,4,12,0,5.843,0
2013,2,4,18,0,4.824,0.00333333333333333
2013,2,5,0,0.4826,6.083,0
2013,2,5,6,1.143,5.444,0
2013,2,5,12,0.7112,6.259,0
2013,2,5,18,2.7432,4.343,0
2013,2,6,0,1.4732,3.944,0
2013,2,6,6,0.5588,4.111,0.00166666666666667
2013,2,6,12,1.4986,5.87,0
2013,2,6,18,1.7526,4.454,0
2013,2,7,0,1.6764,4.213,0.00166666666666667
2013,2,7,6,0.4318,3.019,0.0366666666666667
2013,2,7,12,0.5842,4.417,0.00833333333333333
2013,2,7,18,0,-0.296,0.848333333333333
2013,2,8,0,0,-2.389,1
2013,2,8,6,0,-0.269,0.625
2013,2,8,12,0,3.491,0.00333333333333333
2013,2,8,18,0,0.389,0.64
2013,2,9,0,0,0.009,0.785
2013,2,9,6,0,1.667,0.288333333333333
2013,2,9,12,0,3.806,0.015
2013,2,9,18,0,0.704,0.551666666666667
2013,2,10,0,0,0.185,0.765
2013,2,10,6,0,1.5,0.448333333333333
2013,2,10,12,0,5.343,0
2013,2,10,18,0.1778,0.593,0.671666666666667
2013,2,11,0,0.0762,0.269,0.671666666666667
2013,2,11,6,0,2.722,0.106666666666667
2013,2,11,12,0,5.231,0
2013,2,11,18,0,4.046,0.00333333333333333
2013,2,12,0,0.1016,4.556,0
2013,2,12,6,0.508,4.407,0
2013,2,12,12,0.5588,5.676,0
2013,2,12,18,1.016,5.722,0
2013,2,13,0,0.0762,5.269,0
2013,2,13,6,0,4.88,0
2013,2,13,12,0,5.556,0
2013,2,13,18,0,3.093,0.015
2013,2,14,0,0.6096,3.269,0.005
2013,2,14,6,1.6764,5.657,0
2013,2,14,12,0.0508,8.083,0
2013,2,14,18,0,4.611,0
2013,2,15,0,0.0508,2.204,0.0716666666666667
2013,2,15,6,0,4.278,0.0616666666666667
2013,2,15,12,0,9.056,0
2013,2,15,18,0,4.102,0.005
2013,2,16,0,1.778,4.713,0
2013,2,16,6,3.4544,6.435,0
2013,2,16,12,1.778,6.056,0
2013,2,16,18,1.524,3.62,0.01
2013,2,17,0,0.8128,2.824,0.0216666666666667
2013,2,17,6,0,4.148,0.00166666666666667
2013,2,17,12,0,5.602,0.00166666666666667
2013,2,17,18,0,1.583,0.326666666666667
2013,2,18,0,0,1.046,0.47
2013,2,18,6,0,2.639,0.323333333333333
2013,2,18,12,0,5.852,0.005
2013,2,18,18,0,2.806,0.0983333333333333
2013,2,19,0,0.0254,-0.528,0.891666666666667
2013,2,19,6,0.3556,1.046,0.575
2013,2,19,12,0.1524,4.833,0.0633333333333333
2013,2,19,18,0.1524,-0.731,0.946666666666667
2013,2,20,0,0.127,-2.065,1
2013,2,20,6,0.0762,0.75,0.526666666666667
2013,2,20,12,0.127,4.204,0.0383333333333333
2013,2,20,18,0,0.157,0.755
2013,2,21,0,0.1524,0.306,0.696666666666667
2013,2,21,6,2.8956,2.231,0.15
2013,2,21,12,2.0574,4.352,0.0166666666666667
2013,2,21,18,0.3048,2.722,0.06
2013,2,22,0,1.9304,3.241,0.035
2013,2,22,6,7.0612,4.954,0.00333333333333333
2013,2,22,12,6.3754,6.306,0
2013,2,22,18,1.7526,3.13,0.0483333333333333
2013,2,23,0,1.8034,2.491,0.0633333333333333
2013,2,23,6,0.0254,4.167,0.015
2013,2,23,12,0,6.037,0
2013,2,23,18,0,3.602,0.0216666666666667
2013,2,24,0,0.1524,3.157,0.025
2013,2,24,6,0.4064,3.852,0.015
2013,2,24,12,0.7366,5.556,0
2013,2,24,18,1.8796,4.833,0.00166666666666667
2013,2,25,0,4.318,4.769,0
2013,2,25,6,12.5476,3.787,0.01
2013,2,25,12,7.3152,5.407,0.00666666666666667
2013,2,25,18,3.0988,3.759,0.0216666666666667
2013,2,26,0,0.4318,2.13,0.131666666666667
2013,2,26,6,0,2.907,0.168333333333333
2013,2,26,12,0.3556,5.944,0
2013,2,26,18,1.3208,3.685,0.0316666666666667
2013,2,27,0,1.2192,1.796,0.275
2013,2,27,6,0.0254,2.648,0.206666666666667
2013,2,27,12,0,6.157,0
2013,2,27,18,0.381,2.741,0.105
2013,2,28,0,0,2.454,0.0833333333333333
2013,2,28,6,5.4102,4.407,0.03
2013,2,28,12,9.6012,7.231,0
2013,2,28,18,10.0838,6.62,0
2013,3,1,0,13.5382,7.176,0
2013,3,1,6,7.5946,7.491,0
2013,3,1,12,1.4986,8.074,0
2013,3,1,18,3.2258,7.565,0
2013,3,2,0,1.8034,6.926,0
2013,3,2,6,2.2098,7.917,0
2013,3,2,12,14.2748,7.75,0
2013,3,2,18,2.667,3.667,0.0216666666666667
2013,3,3,0,0.635,1.537,0.288333333333333
2013,3,3,6,0.0254,2.167,0.36
2013,3,3,12,0,7.194,0
2013,3,3,18,0,1.046,0.59
2013,3,4,0,0,-1.787,0.996666666666667
2013,3,4,6,0,1.639,0.521666666666667
2013,3,4,12,0,6.843,0.00833333333333333
2013,3,4,18,0,1.204,0.783333333333333
2013,3,5,0,0,1.704,0.793333333333333
2013,3,5,6,0,3.694,0.248333333333333
2013,3,5,12,0,5.787,0.00333333333333333
2013,3,5,18,0,2.787,0.175
2013,3,6,0,0,2.38,0.2
2013,3,6,6,1.8542,3.139,0.0983333333333333
2013,3,6,12,4.4704,5.093,0
2013,3,6,18,4.0386,2.463,0.065
2013,3,7,0,2.5146,1.62,0.145
2013,3,7,6,3.5052,3.389,0.0666666666666667
2013,3,7,12,0.1016,7.028,0
2013,3,7,18,0,2.935,0.116666666666667
2013,3,8,0,0,0.111,0.791666666666667
2013,3,8,6,0,2.519,0.403333333333333
2013,3,8,12,0,8.139,0
2013,3,8,18,0,-0.472,0.811666666666667
2013,3,9,0,0,-2.667,1
2013,3,9,6,0,1.509,0.508333333333333
2013,3,9,12,0,6.37,0.00166666666666667
2013,3,9,18,0,0.954,0.626666666666667
2013,3,10,0,0,1.056,0.508333333333333
2013,3,10,6,0,4.269,0.005
2013,3,10,12,0,6.491,0
2013,3,10,18,0,3.148,0.075
2013,3,11,0,0,0.463,0.606666666666667
2013,3,11,6,0,3.12,0.3
2013,3,11,12,0.0508,7.852,0
2013,3,11,18,4.8768,3.889,0.0216666666666667
2013,3,12,0,9.4488,3.889,0.00666666666666667
2013,3,12,6,12.0396,7.009,0
2013,3,12,12,8.4582,9.148,0
2013,3,12,18,11.557,7.213,0
2013,3,13,0,10.5918,7.037,0
2013,3,13,6,0.2032,8.444,0
2013,3,13,12,6.096,9.852,0
2013,3,13,18,3.81,7.843,0
2013,3,14,0,0.5588,7.361,0
2013,3,14,6,0.6858,8.38,0
2013,3,14,12,2.8448,9.843,0
2013,3,14,18,4.953,6.917,0
2013,3,15,0,0.9652,5.806,0
2013,3,15,6,1.6256,6.157,0
2013,3,15,12,2.3876,9.139,0
2013,3,15,18,7.7978,5.954,0
2013,3,16,0,3.429,4.639,0
2013,3,16,6,4.7752,5.861,0
2013,3,16,12,7.2644,6.13,0
2013,3,16,18,2.6162,2.898,0.0666666666666667
2013,3,17,0,1.524,2.833,0.07
2013,3,17,6,1.7018,3.528,0.0483333333333333
2013,3,17,12,1.27,5.333,0.005
2013,3,17,18,1.1938,1.648,0.328333333333333
2013,3,18,0,4.6482,0.769,0.498333333333333
2013,3,18,6,1.143,3.657,0.0833333333333333
2013,3,18,12,0.7366,6.583,0.005
2013,3,18,18,0.0508,1.12,0.518333333333333
2013,3,19,0,0,-1.463,1
2013,3,19,6,0,3.528,0.386666666666667
2013,3,19,12,1.2446,7.824,0
2013,3,19,18,4.191,3.722,0.0816666666666667
2013,3,20,0,7.1882,3.917,0.01
2013,3,20,6,8.3058,6.685,0
2013,3,20,12,6.8326,6.269,0
2013,3,20,18,1.6002,2.333,0.18
2013,3,21,0,1.1938,0.343,0.695
2013,3,21,6,0.1778,2.019,0.37
2013,3,21,12,0.2032,4.417,0.05
2013,3,21,18,0.4318,0.648,0.663333333333333
2013,3,22,0,0.1524,-0.963,0.946666666666667
2013,3,22,6,0.0508,0.694,0.661666666666667
2013,3,22,12,0,5.62,0.0216666666666667
2013,3,22,18,0,-0.231,0.921666666666667
2013,3,23,0,0,-2.398,1
2013,3,23,6,0,2.407,0.456666666666667
2013,3,23,12,0,7.963,0
2013,3,23,18,0,-0.639,0.865
2013,3,24,0,0,-2.056,1
2013,3,24,6,0,4.046,0.351666666666667
2013,3,24,12,0,10.944,0
2013,3,24,18,0,2.139,0.493333333333333
2013,3,25,0,0,0.028,0.93
2013,3,25,6,0,4.639,0.28
2013,3,25,12,0,11.472,0
2013,3,25,18,0,1.778,0.616666666666667
2013,3,26,0,0,-0.843,0.998333333333333
2013,3,26,6,0,5.907,0.158333333333333
2013,3,26,12,0,11.88,0
2013,3,26,18,0,3.12,0.278333333333333
2013,3,27,0,0,-0.009,0.915
2013,3,27,6,0,6.074,0.106666666666667
2013,3,27,12,0,12.537,0
2013,3,27,18,0,4.38,0.055
2013,3,28,0,0,2.213,0.218333333333333
2013,3,28,6,0,6.806,0.03
2013,3,28,12,0,13.296,0
2013,3,28,18,0,5.157,0.0333333333333333
2013,3,29,0,0,2.731,0.106666666666667
2013,3,29,6,0,7.389,0.005
2013,3,29,12,0,13.324,0
2013,3,29,18,0,3.176,0.216666666666667
2013,3,30,0,0,1.083,0.64
2013,3,30,6,0,5.769,0.163333333333333
2013,3,30,12,0,14.843,0
2013,3,30,18,0,3.185,0.59
2013,3,31,0,0,1.25,0.923333333333333
2013,3,31,6,0,3.556,0.238333333333333
2013,3,31,12,0,11.63,0
2013,3,31,18,0,5.824,0.0533333333333333
2013,4,1,0,0,2.759,0.47
2013,4,1,6,0,6.009,0.00833333333333333
2013,4,1,12,0,10.87,0
2013,4,1,18,0,6.944,0
2013,4,2,0,0,6.778,0
2013,4,2,6,0,8.287,0
2013,4,2,12,0,10.889,0
2013,4,2,18,0,7.269,0
2013,4,3,0,0,5.917,0
2013,4,3,6,0,8.269,0
2013,4,3,12,0,11.583,0
2013,4,3,18,0,8.019,0
2013,4,4,0,0.1016,7.898,0
2013,4,4,6,0.7874,10.083,0
2013,4,4,12,5.207,10.565,0
2013,4,4,18,4.0894,8.815,0
2013,4,5,0,4.0894,7.963,0
2013,4,5,6,8.6106,8.546,0
2013,4,5,12,1.6002,10.426,0
2013,4,5,18,2.032,9.231,0
2013,4,6,0,5.2578,7.954,0
2013,4,6,6,11.0998,7.139,0
2013,4,6,12,3.2512,7.815,0
2013,4,6,18,5.8674,4.722,0
2013,4,7,0,3.2258,3.796,0.00166666666666667
2013,4,7,6,9.3218,5.806,0
2013,4,7,12,5.842,8.083,0
2013,4,7,18,2.8702,4.204,0.00166666666666667
2013,4,8,0,1.5748,3.963,0
2013,4,8,6,0.254,5.583,0
2013,4,8,12,0.1524,8.806,0
2013,4,8,18,0.508,4.861,0
2013,4,9,0,2.6924,3.454,0.0133333333333333
2013,4,9,6,0.254,7.139,0
2013,4,9,12,0.127,9.704,0
2013,4,9,18,0.3302,6.343,0
2013,4,10,0,1.4224,7.602,0
2013,4,10,6,16.3322,8.926,0
2013,4,10,12,2.9718,9.444,0
2013,4,10,18,0.9398,7.102,0
2013,4,11,0,1.524,4.741,0
2013,4,11,6,0.5334,5.389,0
2013,4,11,12,0.2032,7.157,0
2013,4,11,18,0,2.88,0.0916666666666667
2013,4,12,0,0.0254,2.491,0.0916666666666667
2013,4,12,6,0.1524,4.769,0.00833333333333333
2013,4,12,12,3.5306,4.796,0.00166666666666667
2013,4,12,18,2.9718,2.435,0.0716666666666667
2013,4,13,0,0.6604,1.602,0.28
2013,4,13,6,2.1082,2.472,0.141666666666667
2013,4,13,12,0.9398,6.398,0
2013,4,13,18,0.3302,4.87,0.005
2013,4,14,0,0.762,1.648,0.295
2013,4,14,6,0.9144,4.796,0.0216666666666667
2013,4,14,12,2.6162,9.333,0
2013,4,14,18,0.7112,3.565,0.0833333333333333
2013,4,15,0,0.6858,1.722,0.336666666666667
2013,4,15,6,0.254,6.537,0.00333333333333333
2013,4,15,12,1.4224,11.833,0
2013,4,15,18,0,4.713,0.0833333333333333
2013,4,16,0,0,-0.083,0.901666666666667
2013,4,16,6,0,6.463,0.0733333333333333
2013,4,16,12,0,11.12,0
2013,4,16,18,0,3.398,0.375
2013,4,17,0,0,0.657,0.946666666666667
2013,4,17,6,0,7.269,0.0166666666666667
2013,4,17,12,0,9.102,0
2013,4,17,18,0,4.111,0.015
2013,4,18,0,0.2286,4.037,0.01
2013,4,18,6,0.0762,6.028,0
2013,4,18,12,2.5146,7.917,0
2013,4,18,18,5.9436,6.361,0
2013,4,19,0,6.5278,6.87,0
2013,4,19,6,3.302,8.787,0
2013,4,19,12,2.5654,9.759,0
2013,4,19,18,2.0066,6.472,0
2013,4,20,0,5.2578,5.917,0
2013,4,20,6,2.032,7.435,0
2013,4,20,12,1.1938,9.583,0
2013,4,20,18,0.9652,5.648,0
2013,4,21,0,2.3876,3.296,0.02
2013,4,21,6,10.7188,8.083,0
2013,4,21,12,2.8194,11.639,0
2013,4,21,18,0.3556,4.926,0.108333333333333
2013,4,22,0,0.2032,0.074,0.938333333333333
2013,4,22,6,0,6.343,0.1
2013,4,22,12,0,12.519,0
2013,4,22,18,0,2.25,0.668333333333333
2013,4,23,0,0,0.759,0.921666666666667
2013,4,23,6,0,8.407,0
2013,4,23,12,0,12.981,0
2013,4,23,18,0,3.713,0.341666666666667
2013,4,24,0,0,0.926,0.92
2013,4,24,6,0,8.602,0.0116666666666667
2013,4,24,12,0,14.787,0
2013,4,24,18,0,6.065,0.0116666666666667
2013,4,25,0,0,2.417,0.425
2013,4,25,6,0,9.806,0
2013,4,25,12,0,14.435,0
2013,4,25,18,0,7.509,0
2013,4,26,0,0,4.75,0.0116666666666667
2013,4,26,6,0,9.185,0
2013,4,26,12,0,12.722,0
2013,4,26,18,0,8.583,0
2013,4,27,0,0,6.509,0
2013,4,27,6,1.2192,9.241,0
2013,4,27,12,5.334,8.722,0
2013,4,27,18,0.381,6.861,0
2013,4,28,0,0.1016,5.815,0
2013,4,28,6,0.2286,6.935,0
2013,4,28,12,0.4064,8.917,0
2013,4,28,18,6.7564,6.648,0
2013,4,29,0,3.1242,4.944,0
2013,4,29,6,0.5842,5.694,0
2013,4,29,12,0.1524,9.241,0
2013,4,29,18,0.508,5.287,0
2013,4,30,0,0.2032,2.75,0.131666666666667
2013,4,30,6,0,5.648,0.0183333333333333
2013,4,30,12,0,11.287,0
2013,4,30,18,0,3.546,0.283333333333333
2013,5,1,0,0,-0.296,0.936666666666667
2013,5,1,6,0,7.917,0.01
2013,5,1,12,0,13.972,0
2013,5,1,18,0,3.917,0.398333333333333
2013,5,2,0,0,1.944,0.701666666666667
2013,5,2,6,0,10.991,0
2013,5,2,12,0,16.843,0
2013,5,2,18,0,8.148,0.00333333333333333
2013,5,3,0,0,2.898,0.126666666666667
2013,5,3,6,0,12.787,0
2013,5,3,12,0,20.417,0
2013,5,3,18,0,11.63,0
2013,5,4,0,0,5.361,0.00666666666666667
2013,5,4,6,0,14.194,0
2013,5,4,12,0,22.472,0
2013,5,4,18,0,12.852,0
2013,5,5,0,0,7.111,0
2013,5,5,6,0,17.315,0
2013,5,5,12,0,23.907,0
2013,5,5,18,0,14.269,0
2013,5,6,0,0,8.435,0
2013,5,6,6,0,15.463,0
2013,5,6,12,0,20.046,0
2013,5,6,18,0,11.343,0
2013,5,7,0,0,7.37,0
2013,5,7,6,0,13.389,0
2013,5,7,12,0,16.361,0
2013,5,7,18,0,10.759,0
2013,5,8,0,0,7.593,0
2013,5,8,6,0,12.528,0
2013,5,8,12,0,16.778,0
2013,5,8,18,0,10.889,0
2013,5,9,0,0,6.824,0
2013,5,9,6,0,13.435,0
2013,5,9,12,0,19.38,0
2013,5,9,18,0,11.972,0
2013,5,10,0,0,7.602,0
2013,5,10,6,0,15.75,0
2013,5,10,12,0,21.139,0
2013,5,10,18,0,13.815,0
2013,5,11,0,0,9.639,0
2013,5,11,6,0,15.38,0
2013,5,11,12,0,18.611,0
2013,5,11,18,4.4958,14.019,0
2013,5,12,0,12.9794,11.306,0
2013,5,12,6,10.3124,13.741,0
2013,5,12,12,2.667,15.824,0
2013,5,12,18,7.2898,11.806,0
2013,5,13,0,4.9784,9.685,0
2013,5,13,6,3.2004,13.324,0
2013,5,13,12,8.5852,13.491,0
2013,5,13,18,1.1176,8.63,0
2013,5,14,0,0.4318,7.111,0
2013,5,14,6,0,10.713,0
2013,5,14,12,0,15.185,0
2013,5,14,18,0,10.222,0
2013,5,15,0,0.127,6.417,0
2013,5,15,6,0.4318,11.352,0
2013,5,15,12,0.0254,15.333,0
2013,5,15,18,0.5842,11.296,0
2013,5,16,0,0.5588,8.259,0
2013,5,16,6,0.2032,11.315,0
2013,5,16,12,0.508,14.824,0
2013,5,16,18,0.0508,10.611,0
2013,5,17,0,0.2286,8.139,0
2013,5,17,6,0.0508,11.796,0
2013,5,17,12,1.5494,13.704,0
2013,5,17,18,0.9652,10.398,0
2013,5,18,0,2.667,8.63,0
2013,5,18,6,1.27,12.704,0
2013,5,18,12,0.5334,13.315,0
2013,5,18,18,0.1016,10.13,0
2013,5,19,0,0,8.12,0
2013,5,19,6,0,11.241,0
2013,5,19,12,0,15.565,0
2013,5,19,18,0,10.028,0
2013,5,20,0,0.0254,5.741,0
2013,5,20,6,0.0508,10.861,0
2013,5,20,12,0,14.074,0
2013,5,20,18,0.7112,9.593,0
2013,5,21,0,12.5222,6.898,0
2013,5,21,6,9.9568,9.12,0
2013,5,21,12,4.0894,10.667,0
2013,5,21,18,0.7112,7.194,0
2013,5,22,0,1.9558,6.194,0
2013,5,22,6,0.0762,8.759,0
2013,5,22,12,0.6604,12.083,0
2013,5,22,18,4.7752,8.537,0
2013,5,23,0,0.1016,4.889,0.005
2013,5,23,6,0,9.13,0
2013,5,23,12,0.3302,13.509,0
2013,5,23,18,0.0508,7.778,0.00166666666666667
2013,5,24,0,0,3.343,0.0383333333333333
2013,5,24,6,0.0508,11.157,0
2013,5,24,12,0.4572,14.806,0
2013,5,24,18,0.2286,9.111,0
2013,5,25,0,0.3556,6.074,0
2013,5,25,6,0.5334,11.63,0
2013,5,25,12,0.2794,13.75,0
2013,5,25,18,0.0254,10.287,0
2013,5,26,0,0.8128,7.935,0
2013,5,26,6,13.0556,11.361,0
2013,5,26,12,1.9558,13.537,0
2013,5,26,18,0.381,10.454,0
2013,5,27,0,0.1524,7.972,0
2013,5,27,6,0.4064,12.009,0
2013,5,27,12,3.302,13.556,0
2013,5,27,18,1.1176,10.444,0
2013,5,28,0,0.6858,8.769,0
2013,5,28,6,0.6096,11.213,0
2013,5,28,12,0.9652,12.481,0
2013,5,28,18,0.9144,9.833,0
2013,5,29,0,0,7.852,0
2013,5,29,6,0.4572,11.37,0
2013,5,29,12,1.4478,13.167,0
2013,5,29,18,0.9652,10.315,0
2013,5,30,0,2.8956,8.241,0
2013,5,30,6,1.651,11.38,0
2013,5,30,12,0.9144,14.833,0
2013,5,30,18,2.5146,10.407,0
2013,5,31,0,2.5146,7.074,0
2013,5,31,6,0.0762,11.315,0
2013,5,31,12,0,16.139,0
2013,5,31,18,0.0508,10.917,0
2013,6,1,0,0.4572,7.417,0
2013,6,1,6,0,14.676,0
2013,6,1,12,0,16.093,0
2013,6,1,18,0,11.694,0
2013,6,2,0,0,9.111,0
2013,6,2,6,0,12.787,0
2013,6,2,12,0,17.509,0
2013,6,2,18,0,12.602,0
2013,6,3,0,0,7.093,0
2013,6,3,6,0,14.852,0
2013,6,3,12,0,20.806,0
2013,6,3,18,0,12.852,0
2013,6,4,0,0,7.315,0
2013,6,4,6,0,16.148,0
2013,6,4,12,0,20.917,0
2013,6,4,18,0,13.306,0
2013,6,5,0,0,9.074,0
2013,6,5,6,0,16.407,0
2013,6,5,12,0,20.769,0
2013,6,5,18,0,14.056,0
2013,6,6,0,0,8.639,0
2013,6,6,6,0,15.796,0
2013,6,6,12,0,19,0
2013,6,6,18,0,13.528,0
2013,6,7,0,0,10.731,0
2013,6,7,6,0.8128,13.407,0
2013,6,7,12,0.254,15.778,0
2013,6,7,18,0.0254,12.185,0
2013,6,8,0,0,8.139,0
2013,6,8,6,0,13.167,0
2013,6,8,12,0,16.269,0
2013,6,8,18,0,13.139,0
2013,6,9,0,0,8.519,0
2013,6,9,6,0,13.12,0
2013,6,9,12,0,17.343,0
2013,6,9,18,0,10.917,0
2013,6,10,0,0,5.167,0
2013,6,10,6,0,12.231,0
2013,6,10,12,0,16.87,0
2013,6,10,18,0,12.935,0
2013,6,11,0,0,10.213,0
2013,6,11,6,0.1016,13.407,0
2013,6,11,12,0,14.611,0
2013,6,11,18,0.2032,11.769,0
2013,6,12,0,1.1176,9.731,0
2013,6,12,6,1.5748,12.657,0
2013,6,12,12,4.0386,16.194,0
2013,6,12,18,1.016,12.694,0
2013,6,13,0,0.254,8.287,0
2013,6,13,6,0.0508,13.611,0
2013,6,13,12,0.127,16.019,0
2013,6,13,18,0.3048,11.685,0
2013,6,14,0,0.3048,9.676,0
2013,6,14,6,0.1778,12.056,0
2013,6,14,12,0,17.046,0
2013,6,14,18,0.0254,13.593,0
2013,6,15,0,0,7.861,0
2013,6,15,6,0,15.194,0
2013,6,15,12,0,19.593,0
2013,6,15,18,0,15.306,0
2013,6,16,0,0,10.444,0
2013,6,16,6,0,16.204,0
2013,6,16,12,0.127,19.861,0
2013,6,16,18,0.8636,15.13,0
2013,6,17,0,0.4826,10.398,0
2013,6,17,6,0.1524,16.065,0
2013,6,17,12,0.127,19.352,0
2013,6,17,18,0.4572,15.12,0
2013,6,18,0,0.9652,11.213,0
2013,6,18,6,0.254,14.148,0
2013,6,18,12,0.1016,17.222,0
2013,6,18,18,0.0254,13.019,0
2013,6,19,0,0.127,10.074,0
2013,6,19,6,2.0066,12.509,0
2013,6,19,12,1.6256,14.139,0
2013,6,19,18,3.3528,11.843,0
2013,6,20,0,9.1186,10.074,0
2013,6,20,6,21.2852,11.574,0
2013,6,20,12,13.0048,14.833,0
2013,6,20,18,1.27,11.843,0
2013,6,21,0,0.3048,9.694,0
2013,6,21,6,0.2794,13.583,0
2013,6,21,12,0,18.731,0
2013,6,21,18,0,14.361,0
2013,6,22,0,0,9.306,0
2013,6,22,6,0,14.824,0
2013,6,22,12,0,18.926,0
2013,6,22,18,0,14.324,0
2013,6,23,0,0,10.602,0
2013,6,23,6,0.1016,16.111,0
2013,6,23,12,0.5842,17.389,0
2013,6,23,18,0.9906,15.019,0
2013,6,24,0,2.159,13.444,0
2013,6,24,6,1.1176,14.537,0
2013,6,24,12,1.1938,15.954,0
2013,6,24,18,0.0762,13.167,0
2013,6,25,0,0.4318,11.648,0
2013,6,25,6,1.9558,14.87,0
2013,6,25,12,1.0922,18.648,0
2013,6,25,18,2.0066,16.222,0
2013,6,26,0,0.1016,12.639,0
2013,6,26,6,0.4064,16.417,0
2013,6,26,12,0.1778,18.38,0
2013,6,26,18,0.0254,15.083,0
2013,6,27,0,0.381,12.75,0
2013,6,27,6,2.54,15.639,0
2013,6,27,12,0.762,18.722,0
2013,6,27,18,0.0762,16.213,0
2013,6,28,0,0.1524,13.139,0
2013,6,28,6,0,17.861,0
2013,6,28,12,0,22.806,0
2013,6,28,18,0,18.037,0
2013,6,29,0,0,13.657,0
2013,6,29,6,0,20.565,0
2013,6,29,12,0,26.389,0
2013,6,29,18,0,19.194,0
2013,6,30,0,0,13.157,0
2013,6,30,6,0,21.148,0
2013,6,30,12,0,26.361,0
2013,6,30,18,0,20.148,0
2013,7,1,0,0,15.509,0
2013,7,1,6,0,20.991,0
2013,7,1,12,0,24.056,0
2013,7,1,18,0,19.056,0
2013,7,2,0,0,14.472,0
2013,7,2,6,0,19.519,0
2013,7,2,12,0,22.157,0
2013,7,2,18,0,16.287,0
2013,7,3,0,0,11.324,0
2013,7,3,6,0,16.685,0
2013,7,3,12,0,19.935,0
2013,7,3,18,0,15.009,0
2013,7,4,0,0,10.685,0
2013,7,4,6,0,16.491,0
2013,7,4,12,0,19.917,0
2013,7,4,18,0,15.315,0
2013,7,5,0,0,10.63,0
2013,7,5,6,0,16.352,0
2013,7,5,12,0,21.204,0
2013,7,5,18,0,15.463,0
2013,7,6,0,0,9.926,0
2013,7,6,6,0,16.815,0
2013,7,6,12,0,21.88,0
2013,7,6,18,0,16.463,0
2013,7,7,0,0,12.287,0
2013,7,7,6,0,18.194,0
2013,7,7,12,0,22.12,0
2013,7,7,18,0,16.843,0
2013,7,8,0,0,12.287,0
2013,7,8,6,0,19.093,0
2013,7,8,12,0,24.333,0
2013,7,8,18,0,18.787,0
2013,7,9,0,0,12.398,0
2013,7,9,6,0,18.778,0
2013,7,9,12,0,22.269,0
2013,7,9,18,0,16.87,0
2013,7,10,0,0,12.12,0
2013,7,10,6,0,16.62,0
2013,7,10,12,0,18.88,0
2013,7,10,18,0,14.639,0
2013,7,11,0,0,10.769,0
2013,7,11,6,0,14.148,0
2013,7,11,12,0,18.435,0
2013,7,11,18,0,12.741,0
2013,7,12,0,0,7.796,0
2013,7,12,6,0,14.611,0
2013,7,12,12,0,20.019,0
2013,7,12,18,0,13.333,0
2013,7,13,0,0,7.481,0
2013,7,13,6,0,15.713,0
2013,7,13,12,0,21.741,0
2013,7,13,18,0,15.074,0
2013,7,14,0,0,8.889,0
2013,7,14,6,0,18.426,0
2013,7,14,12,0,24.028,0
2013,7,14,18,0,16.38,0
2013,7,15,0,0,9.898,0
2013,7,15,6,0,19.204,0
2013,7,15,12,0,27.083,0
2013,7,15,18,0,19.917,0
2013,7,16,0,0,12.852,0
2013,7,16,6,0,20.102,0
2013,7,16,12,0,24.481,0
2013,7,16,18,0,19.111,0
2013,7,17,0,1.3716,17.065,0
2013,7,17,6,0.1016,19.12,0
2013,7,17,12,0,22.352,0
2013,7,17,18,0,18.815,0
2013,7,18,0,0,14.741,0
2013,7,18,6,0,18.574,0
2013,7,18,12,0,22.037,0
2013,7,18,18,0,16.731,0
2013,7,19,0,0,12.472,0
2013,7,19,6,0,17.157,0
2013,7,19,12,0,20.352,0
2013,7,19,18,0,15.593,0
2013,7,20,0,0,11.861,0
2013,7,20,6,0,16.648,0
2013,7,20,12,0,19.843,0
2013,7,20,18,0,15.065,0
2013,7,21,0,0,11.315,0
2013,7,21,6,0,16.917,0
2013,7,21,12,0,21.185,0
2013,7,21,18,0,16.259,0
2013,7,22,0,0,12.37,0
2013,7,22,6,0,18.519,0
2013,7,22,12,0,23.741,0
2013,7,22,18,0,16.648,0
2013,7,23,0,0,11.907,0
2013,7,23,6,0,17.546,0
2013,7,23,12,0,24.037,0
2013,7,23,18,0,16.324,0
2013,7,24,0,0,11.565,0
2013,7,24,6,0,18.944,0
2013,7,24,12,0,23.741,0
2013,7,24,18,0,16.574,0
2013,7,25,0,0,10.769,0
2013,7,25,6,0,18.676,0
2013,7,25,12,0,23.204,0
2013,7,25,18,0,15.787,0
2013,7,26,0,0,11.407,0
2013,7,26,6,0,18.435,0
2013,7,26,12,0,22.259,0
2013,7,26,18,0,16.389,0
2013,7,27,0,0,11.991,0
2013,7,27,6,0,16.972,0
2013,7,27,12,0,20.824,0
2013,7,27,18,0,14.648,0
2013,7,28,0,0,10.519,0
2013,7,28,6,0,15.861,0
2013,7,28,12,0,20.185,0
2013,7,28,18,0,14.583,0
2013,7,29,0,0,11.389,0
2013,7,29,6,0,16.361,0
2013,7,29,12,0,19.815,0
2013,7,29,18,0,15.065,0
2013,7,30,0,0,11.5,0
2013,7,30,6,0,15.88,0
2013,7,30,12,0,19.361,0
2013,7,30,18,0,15.13,0
2013,7,31,0,0,11.824,0
2013,7,31,6,0.0254,15.75,0
2013,7,31,12,0.2032,18.685,0
2013,7,31,18,0.1778,15.083,0
2013,8,1,0,0.3048,12.491,0
2013,8,1,6,0,14.713,0
2013,8,1,12,0.0762,17.741,0
2013,8,1,18,0.0254,14.602,0
2013,8,2,0,0.5588,13.028,0
2013,8,2,6,4.8514,14.139,0
2013,8,2,12,1.2446,16.741,0
2013,8,2,18,0,14.722,0
2013,8,3,0,0,13.102,0
2013,8,3,6,0,16.787,0
2013,8,3,12,0,22.12,0
2013,8,3,18,0,17.407,0
2013,8,4,0,0,12.796,0
2013,8,4,6,0,18.528,0
2013,8,4,12,0,23.981,0
2013,8,4,18,0,17.648,0
2013,8,5,0,0,12.769,0
2013,8,5,6,0,18.981,0
2013,8,5,12,0,23.63,0
2013,8,5,18,0,15.833,0
2013,8,6,0,0,11.009,0
2013,8,6,6,0,17.88,0
2013,8,6,12,0,23.167,0
2013,8,6,18,0,16.185,0
2013,8,7,0,0,11.556,0
2013,8,7,6,0,18.926,0
2013,8,7,12,0,22.713,0
2013,8,7,18,0,16.62,0
2013,8,8,0,0,12.833,0
2013,8,8,6,0,18.704,0
2013,8,8,12,0,24.13,0
2013,8,8,18,0,16.231,0
2013,8,9,0,0,11.556,0
2013,8,9,6,0,18.426,0
2013,8,9,12,0,23.491,0
2013,8,9,18,0,17.222,0
2013,8,10,0,0,13.796,0
2013,8,10,6,0,17.667,0
2013,8,10,12,0,20.741,0
2013,8,10,18,0,16.611,0
2013,8,11,0,0.2794,13.806,0
2013,8,11,6,0.127,17.481,0
2013,8,11,12,0.1524,20.38,0
2013,8,11,18,0.2286,16.861,0
2013,8,12,0,0,13.667,0
2013,8,12,6,0,17.333,0
2013,8,12,12,0,21.528,0
2013,8,12,18,0,15.769,0
2013,8,13,0,0,12,0
2013,8,13,6,0,16.917,0
2013,8,13,12,0,22.944,0
2013,8,13,18,0,15.315,0
2013,8,14,0,0,11.75,0
2013,8,14,6,0,18.019,0
2013,8,14,12,0.2286,21.157,0
2013,8,14,18,2.2352,16.917,0
2013,8,15,0,0.1524,15.556,0
2013,8,15,6,0.0254,18.25,0
2013,8,15,12,0.5588,20.657,0
2013,8,15,18,0.0254,17.528,0
2013,8,16,0,0,14.824,0
2013,8,16,6,0,19.315,0
2013,8,16,12,0,22.722,0
2013,8,16,18,0,18.204,0
2013,8,17,0,0.1778,15.926,0
2013,8,17,6,0.1524,18.944,0
2013,8,17,12,0.0508,21.537,0
2013,8,17,18,0,17.259,0
2013,8,18,0,0,15.12,0
2013,8,18,6,0,18.343,0
2013,8,18,12,0,20.815,0
2013,8,18,18,0,16.75,0
2013,8,19,0,0,13.676,0
2013,8,19,6,0,18.213,0
2013,8,19,12,0,21.519,0
2013,8,19,18,0,15.269,0
2013,8,20,0,0.1016,9.481,0
2013,8,20,6,0,16.528,0
2013,8,20,12,0,23.019,0
2013,8,20,18,0,13.333,0
2013,8,21,0,0,8.306,0
2013,8,21,6,0,16.889,0
2013,8,21,12,0,24.444,0
2013,8,21,18,0,14.454,0
2013,8,22,0,0,9.843,0
2013,8,22,6,0,18.083,0
2013,8,22,12,0,22.667,0
2013,8,22,18,0,14.806,0
2013,8,23,0,0,12.426,0
2013,8,23,6,0.0254,17.185,0
2013,8,23,12,0,20.88,0
2013,8,23,18,0.2032,16.324,0
2013,8,24,0,1.2192,14.037,0
2013,8,24,6,0.3556,16.87,0
2013,8,24,12,0.762,20.481,0
2013,8,24,18,0.1016,14.731,0
2013,8,25,0,0.254,10.657,0
2013,8,25,6,0,16.306,0
2013,8,25,12,0.1778,21.833,0
2013,8,25,18,0.1778,15.435,0
2013,8,26,0,0.1778,13.694,0
2013,8,26,6,0,18.194,0
2013,8,26,12,0.0254,22.037,0
2013,8,26,18,0.0254,16.157,0
2013,8,27,0,0.0254,14.417,0
2013,8,27,6,0.3556,17.815,0
2013,8,27,12,0.3302,22.519,0
2013,8,27,18,6.6294,17.241,0
2013,8,28,0,5.6388,15.046,0
2013,8,28,6,0.3048,18.759,0
2013,8,28,12,0,21.833,0
2013,8,28,18,1.9812,16.787,0
2013,8,29,0,5.8928,16.102,0
2013,8,29,6,8.7884,20.333,0
2013,8,29,12,5.588,21.102,0
2013,8,29,18,1.651,17.019,0
2013,8,30,0,3.81,15.009,0
2013,8,30,6,0.4318,16.963,0
2013,8,30,12,0.1016,22.778,0
2013,8,30,18,0,14.787,0
2013,8,31,0,0,11.824,0
2013,8,31,6,0,17.556,0
2013,8,31,12,0,23.194,0
2013,8,31,18,0,14.407,0
2013,9,1,0,0,11.231,0
2013,9,1,6,0,17.019,0
2013,9,1,12,0,22.157,0
2013,9,1,18,0,15.926,0
2013,9,2,0,0,13.213,0
2013,9,2,6,0,17.25,0
2013,9,2,12,0,20.685,0
2013,9,2,18,0,15.194,0
2013,9,3,0,0.9144,12.796,0
2013,9,3,6,7.4168,17.713,0
2013,9,3,12,1.1938,20.065,0
2013,9,3,18,0.0508,15.167,0
2013,9,4,0,0.2794,12.231,0
2013,9,4,6,0,15.556,0
2013,9,4,12,0,17.731,0
2013,9,4,18,0,12.954,0
2013,9,5,0,0,11.676,0
2013,9,5,6,1.9812,14.907,0
2013,9,5,12,0.8382,18.472,0
2013,9,5,18,2.7432,15.861,0
2013,9,6,0,7.4168,14.787,0
2013,9,6,6,3.048,16.352,0
2013,9,6,12,0,17.611,0
2013,9,6,18,0.2032,14.852,0
2013,9,7,0,2.5654,14.565,0
2013,9,7,6,1.016,16.685,0
2013,9,7,12,0,19.12,0
2013,9,7,18,0.1016,15.324,0
2013,9,8,0,0.1016,12.481,0
2013,9,8,6,0,17.306,0
2013,9,8,12,0,21.398,0
2013,9,8,18,0,14.917,0
2013,9,9,0,0,12.38,0
2013,9,9,6,0,17.898,0
2013,9,9,12,0,22.806,0
2013,9,9,18,0,14.731,0
2013,9,10,0,0,11.398,0
2013,9,10,6,0,18.602,0
2013,9,10,12,0,26.009,0
2013,9,10,18,0,16,0
2013,9,11,0,0,12,0
2013,9,11,6,0,18.278,0
2013,9,11,12,0,24.546,0
2013,9,11,18,0,16.5,0
2013,9,12,0,0,12.981,0
2013,9,12,6,0,17.139,0
2013,9,12,12,0,20.278,0
2013,9,12,18,0,14.509,0
2013,9,13,0,0,12.296,0
2013,9,13,6,0,15.898,0
2013,9,13,12,0,18.963,0
2013,9,13,18,0,14.667,0
2013,9,14,0,0,13.287,0
2013,9,14,6,0,15.704,0
2013,9,14,12,0,18.611,0
2013,9,14,18,0,14.509,0
2013,9,15,0,0.3302,12.602,0
2013,9,15,6,1.016,15.741,0
2013,9,15,12,2.5146,20.12,0
2013,9,15,18,2.9464,14.75,0
2013,9,16,0,4.2418,11.991,0
2013,9,16,6,5.588,12.426,0
2013,9,16,12,4.4958,14.009,0
2013,9,16,18,1.778,12.889,0
2013,9,17,0,0,12.148,0
2013,9,17,6,0,13.741,0
2013,9,17,12,0,15.046,0
2013,9,17,18,0,11.63,0
2013,9,18,0,0,9.417,0
2013,9,18,6,0,12.417,0
2013,9,18,12,0,18.852,0
2013,9,18,18,0,11.963,0
2013,9,19,0,0,9.287,0
2013,9,19,6,0,14.407,0
2013,9,19,12,0,20.296,0
2013,9,19,18,0,13.435,0
2013,9,20,0,0,9.833,0
2013,9,20,6,0,14.694,0
2013,9,20,12,0,18.157,0
2013,9,20,18,1.016,12.852,0
2013,9,21,0,1.9812,11.944,0
2013,9,21,6,1.1176,13.343,0
2013,9,21,12,0.9652,15.593,0
2013,9,21,18,0.4826,12.944,0
2013,9,22,0,4.2418,11.944,0
2013,9,22,6,2.7432,12.315,0
2013,9,22,12,2.6924,13.111,0
2013,9,22,18,2.4892,11.5,0
2013,9,23,0,2.667,10.306,0
2013,9,23,6,7.5946,11.046,0
2013,9,23,12,2.6162,12.907,0
2013,9,23,18,1.1176,10.639,0
2013,9,24,0,2.5908,8.13,0
2013,9,24,6,0.7366,10.12,0
2013,9,24,12,0.508,14.667,0
2013,9,24,18,0.8636,8.315,0
2013,9,25,0,0.127,6.593,0
2013,9,25,6,0,9.194,0
2013,9,25,12,0,15.065,0
2013,9,25,18,0,7.731,0
2013,9,26,0,0,5.296,0.00166666666666667
2013,9,26,6,0,8.796,0
2013,9,26,12,0,13.583,0
2013,9,26,18,0,8.25,0
2013,9,27,0,0.7366,7.537,0
2013,9,27,6,4.0386,9.667,0
2013,9,27,12,3.1496,12.12,0
2013,9,27,18,4.0386,10.102,0
2013,9,28,0,2.8702,10.546,0
2013,9,28,6,10.8712,12.093,0
2013,9,28,12,12.1666,13.194,0
2013,9,28,18,7.8232,10.528,0
2013,9,29,0,3.2766,9.278,0
2013,9,29,6,3.8354,10.546,0
2013,9,29,12,3.81,11.593,0
2013,9,29,18,6.4262,11.278,0
2013,9,30,0,1.524,8.759,0
2013,9,30,6,3.3782,9.537,0
2013,9,30,12,5.7404,11.12,0
2013,9,30,18,4.8768,8.944,0
2013,10,1,0,1.778,7.648,0
2013,10,1,6,1.0922,8.222,0
2013,10,1,12,0.6604,9.731,0
2013,10,1,18,2.3622,7.38,0
2013,10,2,0,7.3152,7.12,0
2013,10,2,6,7.747,8.361,0
2013,10,2,12,2.1336,10.472,0
2013,10,2,18,0,7.056,0
2013,10,3,0,0,4.75,0
2013,10,3,6,0,7.509,0
2013,10,3,12,0.0254,12.444,0
2013,10,3,18,0.0762,4.824,0.00333333333333333
2013,10,4,0,0,2.306,0.141666666666667
2013,10,4,6,0,8.546,0
2013,10,4,12,0,14.87,0
2013,10,4,18,0,9.111,0
2013,10,5,0,0,8.139,0
2013,10,5,6,0,11.231,0
2013,10,5,12,0,16.139,0
2013,10,5,18,0,10.398,0
2013,10,6,0,0,8.704,0
2013,10,6,6,0.0508,12.389,0
2013,10,6,12,0,17.481,0
2013,10,6,18,0.381,12.648,0
2013,10,7,0,3.6322,11.343,0
2013,10,7,6,9.0932,9.694,0
2013,10,7,12,3.7846,10.37,0
2013,10,7,18,5.842,9.5,0
2013,10,8,0,4.4704,7.907,0
2013,10,8,6,3.302,7.648,0
2013,10,8,12,0.9398,10.546,0
2013,10,8,18,0.0254,6.343,0
2013,10,9,0,0,3.167,0.005
2013,10,9,6,0,6.926,0
2013,10,9,12,0,11.352,0
2013,10,9,18,0,4.954,0
2013,10,10,0,0,4.657,0
2013,10,10,6,0,6.944,0
2013,10,10,12,0,10.194,0
2013,10,10,18,0,4.259,0.00166666666666667
2013,10,11,0,0,1.417,0.308333333333333
2013,10,11,6,0,4.954,0.131666666666667
2013,10,11,12,0,11.148,0
2013,10,11,18,0,3.806,0.0183333333333333
2013,10,12,0,0,2.611,0.0883333333333333
2013,10,12,6,0,6.583,0
2013,10,12,12,0,12.157,0
2013,10,12,18,0,5.176,0.00666666666666667
2013,10,13,0,0,2.102,0.316666666666667
2013,10,13,6,0,5.565,0.171666666666667
2013,10,13,12,0,12.315,0
2013,10,13,18,0,4.074,0.06
2013,10,14,0,0,0.972,0.69
2013,10,14,6,0,5.62,0.215
2013,10,14,12,0,12.315,0
2013,10,14,18,0,4.648,0.075
2013,10,15,0,0,2.343,0.331666666666667
2013,10,15,6,0,7.093,0.0216666666666667
2013,10,15,12,0,12.537,0
2013,10,15,18,0,6.315,0
2013,10,16,0,0,4.917,0
2013,10,16,6,0,8.315,0
2013,10,16,12,0,12.815,0
2013,10,16,18,0,6.843,0
2013,10,17,0,0,5.065,0
2013,10,17,6,0,7.944,0
2013,10,17,12,0,12.657,0
2013,10,17,18,0,6.676,0
2013,10,18,0,0,4.361,0.00333333333333333
2013,10,18,6,0,6.981,0
2013,10,18,12,0,10.88,0
2013,10,18,18,0,6.25,0
2013,10,19,0,0,3.75,0.0333333333333333
2013,10,19,6,0,6.176,0.01
2013,10,19,12,0,9.667,0
2013,10,19,18,0,6.417,0
2013,10,20,0,0,5.833,0
2013,10,20,6,0,7.454,0
2013,10,20,12,0,9.981,0
2013,10,20,18,0,7.13,0
2013,10,21,0,0,5.796,0
2013,10,21,6,0,7.778,0
2013,10,21,12,0,11.741,0
2013,10,21,18,0,7,0
2013,10,22,0,0,4.694,0.0183333333333333
2013,10,22,6,0,7.926,0.0133333333333333
2013,10,22,12,0,13.454,0
2013,10,22,18,0,5.843,0.005
2013,10,23,0,0,2.213,0.553333333333333
2013,10,23,6,0,5.796,0.285
2013,10,23,12,0,12.056,0
2013,10,23,18,0,4.796,0.01
2013,10,24,0,0,2.491,0.34
2013,10,24,6,0,5.759,0.1
2013,10,24,12,0,10.88,0
2013,10,24,18,0,6.528,0
2013,10,25,0,0,5.352,0
2013,10,25,6,0,7.759,0
2013,10,25,12,0,11.926,0
2013,10,25,18,0,7.407,0
2013,10,26,0,0,5.87,0
2013,10,26,6,0.0508,8.361,0
2013,10,26,12,0,12.954,0
2013,10,26,18,0.0254,8.435,0
2013,10,27,0,0.127,8.491,0
2013,10,27,6,3.8862,8.148,0
2013,10,27,12,0,11.361,0
2013,10,27,18,0.0254,10.972,0
2013,10,28,0,0.127,8.685,0
2013,10,28,6,0,7.259,0
2013,10,28,12,0,10.194,0
2013,10,28,18,0,3.13,0.37
2013,10,29,0,0,-0.352,0.998333333333333
2013,10,29,6,0,4.389,0.39
2013,10,29,12,0,9.074,0
2013,10,29,18,0,1.287,0.793333333333333
2013,10,30,0,0,-0.269,0.976666666666667
2013,10,30,6,0,5.167,0.0766666666666667
2013,10,30,12,0.1778,9.111,0
2013,10,30,18,2.7432,6.269,0
2013,10,31,0,6.223,6.889,0
2013,10,31,6,0.2794,8.676,0
2013,10,31,12,0.1016,9.574,0
2013,10,31,18,0.2794,8.148,0
2013,11,1,0,0.635,7.574,0
2013,11,1,6,0.8636,7.926,0
2013,11,1,12,1.0668,9.074,0
2013,11,1,18,0.8128,8.167,0
2013,11,2,0,10.287,7.074,0
2013,11,2,6,8.4582,7.019,0
2013,11,2,12,11.3284,6.481,0
2013,11,2,18,5.2324,5.176,0
2013,11,3,0,1.9304,3.778,0.0116666666666667
2013,11,3,6,0,2.991,0.216666666666667
2013,11,3,12,0,5.898,0
2013,11,3,18,0,0.083,0.82
2013,11,4,0,0,-1.731,1
2013,11,4,6,0,1.259,0.53
2013,11,4,12,0,4.204,0.00833333333333333
2013,11,4,18,0.0254,2.296,0.133333333333333
2013,11,5,0,0.4572,4.074,0
2013,11,5,6,2.8702,5.491,0
2013,11,5,12,3.7592,6.407,0
2013,11,5,18,0.8128,5.426,0
2013,11,6,0,0,3.991,0
2013,11,6,6,0,5.481,0
2013,11,6,12,0.0762,7.5,0
2013,11,6,18,1.4224,6.361,0
2013,11,7,0,13.5636,7.759,0
2013,11,7,6,18.4658,9.167,0
2013,11,7,12,5.2832,8.556,0
2013,11,7,18,3.3528,7.389,0
2013,11,8,0,5.1816,6.065,0
2013,11,8,6,1.4478,5.926,0
2013,11,8,12,1.6002,6.269,0
2013,11,8,18,0.1524,5.204,0
2013,11,9,0,0.1016,4.139,0
2013,11,9,6,0,5.25,0
2013,11,9,12,0,7.556,0
2013,11,9,18,0,4.824,0
2013,11,10,0,0,3.88,0
2013,11,10,6,0,5.194,0
2013,11,10,12,0,8.963,0
2013,11,10,18,0.0508,5.778,0
2013,11,11,0,0,5.806,0
2013,11,11,6,0,7.722,0
2013,11,11,12,0,11.333,0
2013,11,11,18,0,9.491,0
2013,11,12,0,0.254,9.787,0
2013,11,12,6,2.5146,8.435,0
2013,11,12,12,0.9144,9.083,0
2013,11,12,18,2.286,7.861,0
2013,11,13,0,1.8034,7.602,0
2013,11,13,6,0.127,7.787,0
2013,11,13,12,0.0508,8.722,0
2013,11,13,18,0.127,6.602,0
2013,11,14,0,0.254,5.037,0
2013,11,14,6,0.1778,5.972,0
2013,11,14,12,0,6.704,0
2013,11,14,18,0,4.611,0
2013,11,15,0,0.2794,3.954,0
2013,11,15,6,6.0198,4.083,0
2013,11,15,12,8.4074,4.889,0
2013,11,15,18,9.9822,4.361,0
2013,11,16,0,3.2766,4.13,0
2013,11,16,6,0.9906,3.907,0.0116666666666667
2013,11,16,12,0.5842,5.852,0
2013,11,16,18,0.3048,2.546,0.0816666666666667
2013,11,17,0,0.381,3.269,0.0183333333333333
2013,11,17,6,1.1684,4.843,0
2013,11,17,12,1.4224,5.787,0
2013,11,17,18,0.8382,4.935,0
2013,11,18,0,0.9906,4.519,0
2013,11,18,6,8.382,4.639,0
2013,11,18,12,16.3068,5.111,0
2013,11,18,18,17.145,4.13,0
2013,11,19,0,12.4714,3.537,0
2013,11,19,6,0.381,2.537,0.0516666666666667
2013,11,19,12,0.1016,0.898,0.615
2013,11,19,18,0,-2.315,1
2013,11,20,0,0,-3.639,1
2013,11,20,6,0,-3.056,1
2013,11,20,12,0,-0.259,0.986666666666667
2013,11,20,18,0,-5.37,1
2013,11,21,0,0,-6.065,1
2013,11,21,6,0,-2.676,0.968333333333333
2013,11,21,12,0,1.556,0.595
2013,11,21,18,0,-3.741,1
2013,11,22,0,0,-4.389,1
2013,11,22,6,0,-0.111,0.733333333333333
2013,11,22,12,0,3.241,0.326666666666667
2013,11,22,18,0,-1.102,1
2013,11,23,0,0,-2.093,1
2013,11,23,6,0,0.87,0.71
2013,11,23,12,0,3.87,0.171666666666667
2013,11,23,18,0,0.417,0.873333333333333
2013,11,24,0,0,-1.037,1
2013,11,24,6,0,1.75,0.626666666666667
2013,11,24,12,0,4.306,0.315
2013,11,24,18,0,0.509,0.991666666666667
2013,11,25,0,0,-0.972,1
2013,11,25,6,0,2.185,0.576666666666667
2013,11,25,12,0,3.861,0.341666666666667
2013,11,25,18,0,-1.287,0.998333333333333
2013,11,26,0,0,-2.472,1
2013,11,26,6,0,1.315,0.593333333333333
2013,11,26,12,0,5.009,0.166666666666667
2013,11,26,18,0,0.741,0.771666666666667
2013,11,27,0,0,1.222,0.546666666666667
2013,11,27,6,0,4.796,0.0116666666666667
2013,11,27,12,0,6.454,0.00166666666666667
2013,11,27,18,0,1.963,0.416666666666667
2013,11,28,0,0,0.824,0.823333333333333
2013,11,28,6,0,3,0.335
2013,11,28,12,0,5.833,0
2013,11,28,18,0.5334,4.657,0
2013,11,29,0,0.635,5.009,0
2013,11,29,6,1.0922,5.287,0
2013,11,29,12,0.4064,5.787,0
2013,11,29,18,1.3208,5.185,0
2013,11,30,0,2.4384,5.13,0
2013,11,30,6,3.3782,5.509,0
2013,11,30,12,5.5372,6.083,0
2013,11,30,18,7.0358,6.176,0
2013,12,1,0,11.6586,6.694,0
2013,12,1,6,5.1816,6.685,0
2013,12,1,12,4.2164,5.389,0
2013,12,1,18,2.1336,2,0.213333333333333
2013,12,2,0,0.8382,-1,0.966666666666667
2013,12,2,6,1.0414,-1.093,0.946666666666667
2013,12,2,12,2.4892,1.028,0.6
2013,12,2,18,0.2794,-1.019,1
2013,12,3,0,0,-2.833,1
2013,12,3,6,0,-2.306,1
2013,12,3,12,0,-1.37,1
2013,12,3,18,0,-3.898,1
2013,12,4,0,0.127,-5.315,1
2013,12,4,6,0,-4.176,1
2013,12,4,12,0,-3.139,1
2013,12,4,18,0,-7.259,1
2013,12,5,0,0,-6.898,1
2013,12,5,6,0,-4.935,1
2013,12,5,12,0,-4,1
2013,12,5,18,0,-6.046,1
2013,12,6,0,0,-8.093,1
2013,12,6,6,0,-7.259,1
2013,12,6,12,0,-6.111,1
2013,12,6,18,0,-9.231,1
2013,12,7,0,0,-11.13,1
2013,12,7,6,0,-8.667,1
2013,12,7,12,0,-5.917,1
2013,12,7,18,0,-11.565,1
2013,12,8,0,0,-9.667,1
2013,12,8,6,0,-5.954,1
2013,12,8,12,0,-4.241,1
2013,12,8,18,0,-7.741,1
2013,12,9,0,0,-5.88,1
2013,12,9,6,0,-4.611,1
2013,12,9,12,0,-2.556,1
2013,12,9,18,0,-3.981,1
2013,12,10,0,0,-3.315,1
2013,12,10,6,0,-1.185,0.966666666666667
2013,12,10,12,0,-0.565,0.888333333333333
2013,12,10,18,0,-2.75,1
2013,12,11,0,0,-3.611,1
2013,12,11,6,0,-1.741,0.936666666666667
2013,12,11,12,0,1.148,0.466666666666667
2013,12,11,18,0,0.167,0.963333333333333
2013,12,12,0,0,-0.556,1
2013,12,12,6,0,0.88,0.698333333333333
2013,12,12,12,4.1402,2.491,0.21
2013,12,12,18,1.5748,2.37,0.123333333333333
2013,12,13,0,2.0574,2.861,0.0316666666666667
2013,12,13,6,2.921,2.833,0.025
2013,12,13,12,1.4986,3.574,0.00833333333333333
2013,12,13,18,0.3048,2.741,0.0683333333333333
2013,12,14,0,1.6256,3.676,0
2013,12,14,6,0.0508,3.287,0.0316666666666667
2013,12,14,12,0.508,4.231,0.00833333333333333
2013,12,14,18,1.6002,5.824,0
2013,12,15,0,3.3274,5.185,0
2013,12,15,6,1.6764,5.213,0
2013,12,15,12,0.5334,5.741,0
2013,12,15,18,0,2.833,0
2013,12,16,0,0,2.287,0.025
2013,12,16,6,0,1.861,0.245
2013,12,16,12,0,2.019,0.118333333333333
2013,12,16,18,0,0.602,0.566666666666667
2013,12,17,0,0,3.435,0.00333333333333333
2013,12,17,6,0.6858,1.954,0.29
2013,12,17,12,1.4224,3.157,0
2013,12,17,18,2.6416,2.528,0
2013,12,18,0,2.3876,2.37,0
2013,12,18,6,4.3688,1.722,0.11
2013,12,18,12,1.524,1.593,0.265
2013,12,18,18,0,-1.435,0.991666666666667
2013,12,19,0,0,-3.491,1
2013,12,19,6,0,-3.12,1
2013,12,19,12,0,-0.38,0.996666666666667
2013,12,19,18,0,-1.88,1
2013,12,20,0,1.0922,-2.62,1
2013,12,20,6,5.8674,-1.907,1
2013,12,20,12,6.985,-0.565,0.981666666666667
2013,12,20,18,2.8194,-0.185,0.888333333333333
2013,12,21,0,0.2032,-0.037,0.818333333333333
2013,12,21,6,0.2794,-0.537,0.923333333333333
2013,12,21,12,2.286,0.111,0.778333333333333
2013,12,21,18,3.9878,0.065,0.758333333333333
2013,12,22,0,3.7846,1.361,0.208333333333333
2013,12,22,6,2.2606,2.13,0.0366666666666667
2013,12,22,12,2.0574,2.75,0.005
2013,12,22,18,7.5946,3.278,0
2013,12,23,0,16.5354,4.148,0
2013,12,23,6,6.8834,4.861,0
2013,12,23,12,2.5146,4.37,0
2013,12,23,18,1.0668,3.269,0
2013,12,24,0,1.1176,2.167,0.08
2013,12,24,6,0,2.074,0.115
2013,12,24,12,0,2.843,0.0683333333333333
2013,12,24,18,0,-1.093,0.885
2013,12,25,0,0,-2.278,1
2013,12,25,6,0,0.972,0.581666666666667
2013,12,25,12,0.1524,3.491,0.01
2013,12,25,18,0.889,1.5,0.403333333333333
2013,12,26,0,1.0668,2.815,0.005
2013,12,26,6,0.4826,2.685,0
2013,12,26,12,0.0508,2.889,0
2013,12,26,18,0,2.602,0.045
2013,12,27,0,0,3.944,0
2013,12,27,6,5.0292,4.389,0
2013,12,27,12,7.3914,3.611,0
2013,12,27,18,2.9464,2.213,0.00833333333333333
2013,12,28,0,0.6858,1.861,0.0983333333333333
2013,12,28,6,0.0254,2.713,0.118333333333333
2013,12,28,12,0,3.907,0
2013,12,28,18,0,1.954,0.135
2013,12,29,0,0,3.102,0.00333333333333333
2013,12,29,6,0.2286,3.907,0
2013,12,29,12,0,3.185,0.00166666666666667
2013,12,29,18,0,1.852,0.0883333333333333
2013,12,30,0,0,3.037,0
2013,12,30,6,0,4.194,0
2013,12,30,12,0.1524,4.898,0
2013,12,30,18,0,3.954,0
2013,12,31,0,0.4318,4.046,0
2013,12,31,6,1.9558,4.667,0
2013,12,31,12,0.7366,5.056,0
2013,12,31,18,0,2.491,0.0516666666666667
2014,1,1,0,0,1.88,0.0983333333333333
2014,1,1,6,0,4.185,0.00666666666666667
2014,1,1,12,0,5.324,0
2014,1,1,18,0.3556,4.046,0
2014,1,2,0,2.4384,3.944,0
2014,1,2,6,7.874,4.12,0
2014,1,2,12,14.6812,4.861,0
2014,1,2,18,13.7414,3.713,0
2014,1,3,0,1.4224,0.944,0.493333333333333
2014,1,3,6,0.0762,0.759,0.573333333333333
2014,1,3,12,0.2286,2.639,0.0983333333333333
2014,1,3,18,0,-1.213,0.978333333333333
2014,1,4,0,0,-2.528,1
2014,1,4,6,0,-1.139,0.855
2014,1,4,12,0,1.833,0.48
2014,1,4,18,0,-2.361,1
2014,1,5,0,0,-3.472,1
2014,1,5,6,0,-1.194,0.955
2014,1,5,12,0,1.667,0.61
2014,1,5,18,0,-2.639,1
2014,1,6,0,0,-2.639,1
2014,1,6,6,0,1.148,0.688333333333333
2014,1,6,12,0,3.296,0.216666666666667
2014,1,6,18,0,-0.454,0.976666666666667
2014,1,7,0,0.4826,1.648,0.461666666666667
2014,1,7,6,7.2136,4.185,0.0216666666666667
2014,1,7,12,1.5748,5.278,0
2014,1,7,18,0.8382,3.204,0
2014,1,8,0,0.6604,3.861,0
2014,1,8,6,0.9906,5.13,0
2014,1,8,12,4.7498,6.037,0
2014,1,8,18,2.5146,5.056,0
2014,1,9,0,0.889,4.491,0
2014,1,9,6,0.4826,3.87,0.0133333333333333
2014,1,9,12,1.4986,6.019,0
2014,1,9,18,2.5146,4.583,0
2014,1,10,0,1.9304,5.361,0
2014,1,10,6,2.8194,6.12,0
2014,1,10,12,3.7592,5.907,0
2014,1,10,18,14.5034,5.111,0
2014,1,11,0,20.9296,7.815,0
2014,1,11,6,9.8044,6.093,0
2014,1,11,12,10.4902,5.87,0
2014,1,11,18,7.8232,5.231,0
2014,1,12,0,1.4224,4.056,0
2014,1,12,6,2.4892,5.093,0
2014,1,12,12,5.4102,7.694,0
2014,1,12,18,4.4704,7.074,0
2014,1,13,0,2.54,6.694,0
2014,1,13,6,0.2286,7.667,0
2014,1,13,12,0,8.019,0
2014,1,13,18,0,7.556,0
2014,1,14,0,0.0508,6.741,0
2014,1,14,6,0,5.824,0
2014,1,14,12,0,6.731,0
2014,1,14,18,0,3.778,0
2014,1,15,0,0.0254,3.861,0.00166666666666667
2014,1,15,6,0,3.426,0.0366666666666667
2014,1,15,12,0,5.657,0
2014,1,15,18,0,0.463,0.706666666666667
2014,1,16,0,0,-0.176,0.976666666666667
2014,1,16,6,0,2.13,0.45
2014,1,16,12,0,4.769,0.0133333333333333
2014,1,16,18,0,0.481,0.901666666666667
2014,1,17,0,0,-0.361,1
2014,1,17,6,0,1.546,0.656666666666667
2014,1,17,12,0,3.972,0.09
2014,1,17,18,0,1.694,0.955
2014,1,18,0,0,2.75,0.686666666666667
2014,1,18,6,0,3.991,0.0966666666666667
2014,1,18,12,0,3.731,0.07
2014,1,18,18,0,0.157,0.856666666666667
2014,1,19,0,0,0.194,0.895
2014,1,19,6,0,2.972,0.146666666666667
2014,1,19,12,0,4.759,0.00833333333333333
2014,1,19,18,0,0.713,0.786666666666667
2014,1,20,0,0,0.12,0.946666666666667
2014,1,20,6,0,1.324,0.618333333333333
2014,1,20,12,0,4.176,0.00833333333333333
2014,1,20,18,0,0.639,0.84
2014,1,21,0,0,-1.565,1
2014,1,21,6,0,1.731,0.541666666666667
2014,1,21,12,0,5.111,0.00333333333333333
2014,1,21,18,0,0.574,0.805
2014,1,22,0,0,-0.083,0.851666666666667
2014,1,22,6,0,1.435,0.446666666666667
2014,1,22,12,0,5.324,0
2014,1,22,18,0,1.528,0.445
2014,1,23,0,0,-1.241,0.983333333333333
2014,1,23,6,0,2.713,0.311666666666667
2014,1,23,12,0,7.352,0
2014,1,23,18,0,0.981,0.746666666666667
2014,1,24,0,0,0.25,0.931666666666667
2014,1,24,6,0,3.028,0.4
2014,1,24,12,0,7.704,0
2014,1,24,18,0,4.176,0.165
2014,1,25,0,0,1.741,0.851666666666667
2014,1,25,6,0,1.435,0.613333333333333
2014,1,25,12,0,5.037,0.0383333333333333
2014,1,25,18,0,-0.296,0.966666666666667
2014,1,26,0,0,-2.009,1
2014,1,26,6,0,0.352,0.633333333333333
2014,1,26,12,0,3.815,0.0333333333333333
2014,1,26,18,0,-0.241,0.898333333333333
2014,1,27,0,0,-0.963,1
2014,1,27,6,0,1.389,0.505
2014,1,27,12,0,4.185,0.00166666666666667
2014,1,27,18,0,2.083,0.283333333333333
2014,1,28,0,0.254,3.37,0.00833333333333333
2014,1,28,6,0.5334,3.898,0
2014,1,28,12,0.0254,4.454,0
2014,1,28,18,0.381,2.278,0.0266666666666667
2014,1,29,0,5.3594,3,0
2014,1,29,6,5.0546,3.639,0
2014,1,29,12,6.5532,3.417,0
2014,1,29,18,1.7018,2.352,0.00833333333333333
2014,1,30,0,4.064,2.676,0.00333333333333333
2014,1,30,6,4.318,2.741,0.0116666666666667
2014,1,30,12,1.7272,3.315,0.00166666666666667
2014,1,30,18,0.9144,0.731,0.501666666666667
2014,1,31,0,1.0668,-1.824,0.995
2014,1,31,6,0.2794,-0.806,0.865
2014,1,31,12,0,0.75,0.625
2014,1,31,18,0,-3.481,1
2014,2,1,0,0.381,-4.324,1
2014,2,1,6,0.0762,-1.657,0.886666666666667
2014,2,1,12,0,1.241,0.406666666666667
2014,2,1,18,0,-2.287,1
2014,2,2,0,0,-3.046,1
2014,2,2,6,0,-1.722,0.98
2014,2,2,12,0,0.528,0.845
2014,2,2,18,0,-1.046,0.995
2014,2,3,0,0,-3.139,1
2014,2,3,6,0,-3.537,1
2014,2,3,12,0,-1.926,1
2014,2,3,18,0,-5,1
2014,2,4,0,0,-6.102,1
2014,2,4,6,0,-4.148,1
2014,2,4,12,0,-2.88,1
2014,2,4,18,0,-4.185,1
2014,2,5,0,0,-6.787,1
2014,2,5,6,0,-6.315,1
2014,2,5,12,0,-3.25,1
2014,2,5,18,0,-7.093,1
2014,2,6,0,0,-9,1
2014,2,6,6,0,-6.731,1
2014,2,6,12,0,-1.667,1
2014,2,6,18,0,-3.657,1
2014,2,7,0,0,-6.667,1
2014,2,7,6,0.0254,-5.185,1
2014,2,7,12,0,-0.157,0.99
2014,2,7,18,0.0762,-5.306,1
2014,2,8,0,0,-6.148,1
2014,2,8,6,0,-3.796,1
2014,2,8,12,0,-0.185,0.998333333333333
2014,2,8,18,0,-2.787,1
2014,2,9,0,0.6604,-2.704,1
2014,2,9,6,0,-1.148,0.956666666666667
2014,2,9,12,0,2.176,0.28
2014,2,9,18,0,-1.037,0.883333333333333
2014,2,10,0,0.635,2.065,0.191666666666667
2014,2,10,6,4.8768,4.074,0.005
2014,2,10,12,7.62,5.269,0
2014,2,10,18,5.0546,4.685,0
2014,2,11,0,2.413,2.833,0.0516666666666667
2014,2,11,6,0.2032,2.648,0.153333333333333
2014,2,11,12,0.7874,6.102,0
2014,2,11,18,11.2522,6.639,0
2014,2,12,0,10.7442,5.759,0
2014,2,12,6,1.524,6.417,0
2014,2,12,12,0.2286,7.093,0
2014,2,12,18,4.1402,4.843,0
2014,2,13,0,3.4544,5.481,0
2014,2,13,6,2.54,5.213,0
2014,2,13,12,0.889,6.926,0
2014,2,13,18,0.0508,4.009,0.05
2014,2,14,0,1.4986,5.898,0
2014,2,14,6,1.6002,7.444,0
2014,2,14,12,2.1844,7.694,0
2014,2,14,18,0.508,5.167,0.00166666666666667
2014,2,15,0,0.2286,1.944,0.17
2014,2,15,6,0,3.713,0.14
2014,2,15,12,5.9436,7.056,0
2014,2,15,18,8.5598,5.87,0
2014,2,16,0,4.8514,2.593,0.08
2014,2,16,6,3.5306,2.62,0.12
2014,2,16,12,5.1562,5.787,0.00166666666666667
2014,2,16,18,9.652,5.12,0
2014,2,17,0,4.8006,2.796,0.0283333333333333
2014,2,17,6,2.4384,4,0.0116666666666667
2014,2,17,12,3.556,5.454,0.00166666666666667
2014,2,17,18,1.8288,2.676,0.0666666666666667
2014,2,18,0,1.651,2.583,0.0583333333333333
2014,2,18,6,5.5372,4.38,0.005
2014,2,18,12,5.7658,5.546,0
2014,2,18,18,3.175,2.843,0.0466666666666667
2014,2,19,0,2.794,1.824,0.165
2014,2,19,6,0.8636,2.611,0.113333333333333
2014,2,19,12,0.8636,5.139,0.015
2014,2,19,18,1.5494,3.028,0.04
2014,2,20,0,2.3622,4.12,0
2014,2,20,6,2.159,4.63,0
2014,2,20,12,1.4478,5.157,0.00333333333333333
2014,2,20,18,0.5842,2.639,0.045
2014,2,21,0,0.2794,1.435,0.271666666666667
2014,2,21,6,0,1.519,0.325
2014,2,21,12,0,2.194,0.22
2014,2,21,18,0,-2.435,1
2014,2,22,0,0.2794,-4.278,1
2014,2,22,6,0.3048,-1.602,0.966666666666667
2014,2,22,12,1.4224,-0.611,0.976666666666667
2014,2,22,18,2.3368,-1.954,1
2014,2,23,0,4.0132,-1.778,1
2014,2,23,6,6.223,-1.796,1
2014,2,23,12,6.8072,-0.926,1
2014,2,23,18,2.9972,-2.741,1
2014,2,24,0,2.8194,-3.296,1
2014,2,24,6,12.3952,-1.231,0.911666666666667
2014,2,24,12,11.176,1.546,0.33
2014,2,24,18,8.1534,2.009,0.168333333333333
2014,2,25,0,0.3556,0.713,0.545
2014,2,25,6,0.0508,0.38,0.68
2014,2,25,12,0.5588,4.407,0.04
2014,2,25,18,0,-1.083,0.958333333333333
2014,2,26,0,0.2032,-0.241,0.998333333333333
2014,2,26,6,0,2.694,0.41
2014,2,26,12,0,5.935,0
2014,2,26,18,0,4.185,0.00666666666666667
2014,2,27,0,0,1.602,0.536666666666667
2014,2,27,6,1.1176,3.176,0.358333333333333
2014,2,27,12,0.5334,7.278,0
2014,2,27,18,2.1082,4.287,0.00666666666666667
2014,2,28,0,0.5334,3.611,0.0266666666666667
2014,2,28,6,0,3.139,0.0733333333333333
2014,2,28,12,0,4.63,0.01
2014,2,28,18,0,0.741,0.72
2014,3,1,0,0.0508,-1.611,0.998333333333333
2014,3,1,6,0,-1.62,1
2014,3,1,12,0.0254,-0.898,0.978333333333333
2014,3,1,18,0.4064,-1.676,1
2014,3,2,0,1.6764,-1.454,1
2014,3,2,6,10.8458,-0.463,0.858333333333333
2014,3,2,12,9.1948,0.657,0.553333333333333
2014,3,2,18,9.1694,0.898,0.385
2014,3,3,0,11.811,1.093,0.29
2014,3,3,6,3.7846,1.574,0.201666666666667
2014,3,3,12,6.9342,2.759,0.09
2014,3,3,18,4.3942,2.065,0.113333333333333
2014,3,4,0,2.7686,1.63,0.168333333333333
2014,3,4,6,3.7846,2.296,0.145
2014,3,4,12,5.08,3.824,0.055
2014,3,4,18,3.302,3.593,0.0116666666666667
2014,3,5,0,10.668,3.333,0.005
2014,3,5,6,10.287,5.352,0
2014,3,5,12,3.5052,7.278,0
2014,3,5,18,4.4196,6.87,0
2014,3,6,0,21.6662,6.398,0
2014,3,6,6,8.89,7.435,0
2014,3,6,12,8.5344,7.685,0
2014,3,6,18,4.5212,6.62,0
2014,3,7,0,3.2004,6.796,0
2014,3,7,6,0.9906,7,0
2014,3,7,12,0,8.519,0
2014,3,7,18,0.1016,4.463,0.00833333333333333
2014,3,8,0,0.1016,4.981,0.00333333333333333
2014,3,8,6,3.2258,7.611,0
2014,3,8,12,18.2118,7.759,0
2014,3,8,18,16.4846,8.231,0
2014,3,9,0,9.8806,7.019,0
2014,3,9,6,0.4572,7.528,0
2014,3,9,12,1.6256,9.38,0
2014,3,9,18,1.27,6.185,0
2014,3,10,0,1.524,4.648,0
2014,3,10,6,1.4478,6.278,0.00166666666666667
2014,3,10,12,0.9652,10.009,0
2014,3,10,18,0.635,5.62,0.005
2014,3,11,0,0.0254,1.148,0.39
2014,3,11,6,0,3.87,0.326666666666667
2014,3,11,12,0,10.843,0
2014,3,11,18,0,2.12,0.485
2014,3,12,0,0,-1.389,0.998333333333333
2014,3,12,6,0,4.556,0.4
2014,3,12,12,0,10.491,0
2014,3,12,18,0,3.787,0.128333333333333
2014,3,13,0,0,2.148,0.395
2014,3,13,6,0,6.333,0.0883333333333333
2014,3,13,12,0,10.491,0
2014,3,13,18,0.0508,5.648,0.00666666666666667
2014,3,14,0,3.0734,5.241,0
2014,3,14,6,4.2164,9.176,0
2014,3,14,12,1.8542,9.917,0
2014,3,14,18,0.3048,5.63,0
2014,3,15,0,0.2032,4.565,0.00166666666666667
2014,3,15,6,1.524,7.056,0
2014,3,15,12,6.2484,8.759,0
2014,3,15,18,15.9258,7.806,0
2014,3,16,0,16.4084,6.491,0
2014,3,16,6,13.7414,6.611,0
2014,3,16,12,7.0612,7.148,0
2014,3,16,18,5.9182,3.954,0.0133333333333333
2014,3,17,0,2.4384,2.343,0.111666666666667
2014,3,17,6,0.8128,4.083,0.07
2014,3,17,12,0.3048,6.926,0
2014,3,17,18,0,1.593,0.375
2014,3,18,0,0.4826,-0.074,0.775
2014,3,18,6,0,4.25,0.0566666666666667
2014,3,18,12,0,7.278,0
2014,3,18,18,0.1016,3.472,0.0383333333333333
2014,3,19,0,1.8796,3.611,0.00833333333333333
2014,3,19,6,6.5532,5.852,0
2014,3,19,12,2.032,7.102,0
2014,3,19,18,2.7686,2.815,0.113333333333333
2014,3,20,0,2.159,0.472,0.631666666666667
2014,3,20,6,1.0414,2.593,0.371666666666667
2014,3,20,12,0.5588,6.759,0.00666666666666667
2014,3,20,18,0.1524,1.324,0.55
2014,3,21,0,0.0254,-0.639,0.961666666666667
2014,3,21,6,0.0508,1.222,0.6
2014,3,21,12,0,4.926,0.106666666666667
2014,3,21,18,0,-1.926,0.983333333333333
2014,3,22,0,0,-1.5,1
2014,3,22,6,0,3.63,0.386666666666667
2014,3,22,12,0.0508,4.676,0.04
2014,3,22,18,0,2.537,0.105
2014,3,23,0,0,0.537,0.528333333333333
2014,3,23,6,0,4.315,0.185
2014,3,23,12,0,10.787,0
2014,3,23,18,0,3.278,0.193333333333333
2014,3,24,0,0,3.602,0.141666666666667
2014,3,24,6,0,7.398,0.01
2014,3,24,12,0,11.519,0
2014,3,24,18,0,7.278,0
2014,3,25,0,0.1016,5.769,0.00166666666666667
2014,3,25,6,1.0922,8.898,0
2014,3,25,12,1.3716,9.481,0
2014,3,25,18,3.048,6.676,0
2014,3,26,0,1.1684,5.065,0
2014,3,26,6,0.7112,6.361,0
2014,3,26,12,0.9144,9.37,0
2014,3,26,18,2.1844,5.694,0
2014,3,27,0,0.635,4.583,0
2014,3,27,6,0.4826,6.556,0
2014,3,27,12,0.7112,8.75,0
2014,3,27,18,1.9304,5.815,0
2014,3,28,0,1.1684,4.889,0
2014,3,28,6,2.0574,6.759,0
2014,3,28,12,2.9972,8.907,0
2014,3,28,18,2.8448,6.88,0
2014,3,29,0,0.508,5.667,0
2014,3,29,6,2.8702,7.25,0
2014,3,29,12,0.5588,8.611,0
2014,3,29,18,1.905,5.306,0
2014,3,30,0,3.2512,3.537,0.0133333333333333
2014,3,30,6,1.6002,6.407,0.01
2014,3,30,12,0.1778,11.509,0
2014,3,30,18,0.1016,5.167,0.0316666666666667
2014,3,31,0,0,0.713,0.61
2014,3,31,6,0.3302,6.157,0.113333333333333
2014,3,31,12,0,12.556,0
2014,3,31,18,0,4.259,0.0733333333333333
2014,4,1,0,0,1.12,0.65
2014,4,1,6,0,7.167,0.04
2014,4,1,12,0,11.565,0
2014,4,1,18,0,3.63,0.173333333333333
2014,4,2,0,0,1.352,0.545
2014,4,2,6,0,6.287,0.0266666666666667
2014,4,2,12,0,10.333,0
2014,4,2,18,0,3.176,0.228333333333333
2014,4,3,0,0,2.204,0.348333333333333
2014,4,3,6,0.0254,6.722,0.00166666666666667
2014,4,3,12,2.159,9.509,0
2014,4,3,18,1.2446,5.38,0
2014,4,4,0,1.9558,4.176,0.00333333333333333
2014,4,4,6,1.5494,6.38,0
2014,4,4,12,0.635,9.056,0
2014,4,4,18,1.143,5.5,0
2014,4,5,0,0.9144,5.13,0
2014,4,5,6,0.5588,7.528,0
2014,4,5,12,3.0226,9.435,0
2014,4,5,18,4.4958,6.815,0
2014,4,6,0,0.762,5.491,0
2014,4,6,6,0.0508,8.537,0
2014,4,6,12,0,13.333,0
2014,4,6,18,0.1016,8.991,0
2014,4,7,0,1.0668,7.38,0
2014,4,7,6,0.0254,9.093,0
2014,4,7,12,0,13.315,0
2014,4,7,18,0,9.537,0
2014,4,8,0,0.0762,7.444,0
2014,4,8,6,1.1938,9.333,0
2014,4,8,12,5.588,9.889,0
2014,4,8,18,1.0414,6.204,0
2014,4,9,0,0,2.917,0.05
2014,4,9,6,0,6.861,0
2014,4,9,12,0,10.824,0
2014,4,9,18,0,4.333,0.0533333333333333
2014,4,10,0,0,1.769,0.396666666666667
2014,4,10,6,0,8.361,0
2014,4,10,12,0,11.583,0
2014,4,10,18,0,4.694,0.0283333333333333
2014,4,11,0,0,4.491,0.0133333333333333
2014,4,11,6,0,8.907,0
2014,4,11,12,0,13.287,0
2014,4,11,18,0,6.611,0.00166666666666667
2014,4,12,0,0,2.806,0.1
2014,4,12,6,0,8.963,0
2014,4,12,12,0,15.074,0
2014,4,12,18,0,7.343,0.00333333333333333
2014,4,13,0,0,1.852,0.633333333333333
2014,4,13,6,0,9.222,0.0166666666666667
2014,4,13,12,0,15.435,0
2014,4,13,18,0,5.333,0.225
2014,4,14,0,0,1.843,0.88
2014,4,14,6,0,9.852,0.00833333333333333
2014,4,14,12,0,13.102,0
2014,4,14,18,0,6.352,0
2014,4,15,0,0,5.019,0
2014,4,15,6,0,7.37,0
2014,4,15,12,0.2286,9.796,0
2014,4,15,18,0.889,6.148,0
2014,4,16,0,1.4986,5.815,0
2014,4,16,6,3.048,7.269,0
2014,4,16,12,1.8796,9.713,0
2014,4,16,18,2.032,7.176,0
2014,4,17,0,6.1468,5.926,0
2014,4,17,6,3.1242,8.333,0
2014,4,17,12,4.5974,10.194,0
2014,4,17,18,8.0518,6.907,0
2014,4,18,0,0.635,4.444,0
2014,4,18,6,0.3556,5.185,0.00333333333333333
2014,4,18,12,0.127,9.111,0
2014,4,18,18,0,4.194,0.0433333333333333
2014,4,19,0,0,4.583,0.0166666666666667
2014,4,19,6,0.1016,9.139,0
2014,4,19,12,1.7526,8.824,0
2014,4,19,18,3.3782,5.546,0
2014,4,20,0,1.2446,3.843,0.005
2014,4,20,6,0,6.528,0
2014,4,20,12,0,11.481,0
2014,4,20,18,0,6.907,0
2014,4,21,0,0,4.037,0.00666666666666667
2014,4,21,6,0,8.444,0
2014,4,21,12,0.254,11.296,0
2014,4,21,18,0.889,7.722,0
2014,4,22,0,9.525,6.231,0
2014,4,22,6,1.1684,7.685,0
2014,4,22,12,0.3556,10.296,0
2014,4,22,18,0.4318,6.167,0
2014,4,23,0,4.0132,4.917,0
2014,4,23,6,2.0574,6.241,0
2014,4,23,12,0.1016,9.315,0
2014,4,23,18,3.7338,6.667,0
2014,4,24,0,22.3012,6.176,0
2014,4,24,6,13.1064,9.306,0
2014,4,24,12,9.525,11.306,0
2014,4,24,18,7.9248,7.852,0
2014,4,25,0,3.3528,4.037,0.01
2014,4,25,6,0.508,8.25,0
2014,4,25,12,0.8636,11.481,0
2014,4,25,18,0.0254,5.306,0.0216666666666667
2014,4,26,0,0.1016,1.278,0.498333333333333
2014,4,26,6,0.4826,6.954,0.00166666666666667
2014,4,26,12,0,10.657,0
2014,4,26,18,0.1016,3.704,0.0483333333333333
2014,4,27,0,0.8382,2.722,0.06
2014,4,27,6,1.2954,3.972,0.0416666666666667
2014,4,27,12,1.4732,9.306,0
2014,4,27,18,1.0668,6.324,0
2014,4,28,0,0.2032,3.713,0.0116666666666667
2014,4,28,6,0,7,0
2014,4,28,12,0,14.398,0
2014,4,28,18,0,8.463,0
2014,4,29,0,0,6.944,0
2014,4,29,6,0,12.963,0
2014,4,29,12,0,19.167,0
2014,4,29,18,0,9.852,0.00666666666666667
2014,4,30,0,0,5.38,0.0483333333333333
2014,4,30,6,0,15.306,0
2014,4,30,12,0,22.611,0
2014,4,30,18,0,11.13,0
2014,5,1,0,0,7.667,0
2014,5,1,6,0,14.815,0
2014,5,1,12,0,20.657,0
2014,5,1,18,0,11.648,0
2014,5,2,0,0,7.87,0
2014,5,2,6,0,13.019,0
2014,5,2,12,0,15.685,0
2014,5,2,18,1.7272,9.315,0
2014,5,3,0,1.8034,7.611,0
2014,5,3,6,2.2352,8.657,0
2014,5,3,12,1.397,11.528,0
2014,5,3,18,2.9972,8.602,0
2014,5,4,0,3.048,7.556,0
2014,5,4,6,5.9182,9.648,0
2014,5,4,12,4.0894,11.176,0
2014,5,4,18,2.3114,8.241,0
2014,5,5,0,8.382,6.991,0
2014,5,5,6,1.9558,10.167,0
2014,5,5,12,1.1684,12.481,0
2014,5,5,18,0.8382,10.083,0
2014,5,6,0,0.6604,7.37,0
2014,5,6,6,0,11.935,0
2014,5,6,12,0,14.583,0
2014,5,6,18,0,9.537,0
2014,5,7,0,0,5.306,0
2014,5,7,6,0,11.463,0
2014,5,7,12,0,14.972,0
2014,5,7,18,0,7.954,0
2014,5,8,0,0,5.519,0
2014,5,8,6,0,12.481,0
2014,5,8,12,3.8354,12.037,0
2014,5,8,18,11.176,8.898,0
2014,5,9,0,11.049,7.361,0
2014,5,9,6,10.1854,9.556,0
2014,5,9,12,3.7846,11.917,0
2014,5,9,18,1.27,7.648,0
2014,5,10,0,0.6096,5.972,0
2014,5,10,6,0.254,7.991,0
2014,5,10,12,0,13.741,0
2014,5,10,18,0,10.222,0
2014,5,11,0,0,6.917,0
2014,5,11,6,0,12.435,0
2014,5,11,12,0,18.907,0
2014,5,11,18,0,11.361,0
2014,5,12,0,0,6.843,0
2014,5,12,6,0,16.417,0
2014,5,12,12,0,21.583,0
2014,5,12,18,0,12.935,0
2014,5,13,0,0,10.102,0
2014,5,13,6,0,16.75,0
2014,5,13,12,0,22.333,0
2014,5,13,18,0,13.491,0
2014,5,14,0,0,8.546,0
2014,5,14,6,0,16.926,0
2014,5,14,12,0,23.028,0
2014,5,14,18,0,13.694,0
2014,5,15,0,0,10.731,0
2014,5,15,6,0,16.565,0
2014,5,15,12,0,21.324,0
2014,5,15,18,0.0254,14.296,0
2014,5,16,0,0,10.537,0
2014,5,16,6,0,15.574,0
2014,5,16,12,0,18.019,0
2014,5,16,18,0,13.278,0
2014,5,17,0,0.0508,10.25,0
2014,5,17,6,0.4064,13.315,0
2014,5,17,12,0,15.444,0
2014,5,17,18,0.0762,12.12,0
2014,5,18,0,0.127,8.815,0
2014,5,18,6,0.1524,13.204,0
2014,5,18,12,0.2794,16.722,0
2014,5,18,18,0.3048,11.889,0
2014,5,19,0,0.254,9.185,0
2014,5,19,6,0,13.546,0
2014,5,19,12,0,17.25,0
2014,5,19,18,0,14,0
2014,5,20,0,0,10.12,0
2014,5,20,6,0,14.333,0
2014,5,20,12,0,17.25,0
2014,5,20,18,0,11.796,0
2014,5,21,0,0,7.796,0
2014,5,21,6,0,14.926,0
2014,5,21,12,0,18.213,0
2014,5,21,18,0,12.713,0
2014,5,22,0,0,8.269,0
2014,5,22,6,0,14.37,0
2014,5,22,12,0,18.185,0
2014,5,22,18,0,13.574,0
2014,5,23,0,1.4986,10.843,0
2014,5,23,6,15.4686,13.213,0
2014,5,23,12,8.7122,16.009,0
2014,5,23,18,0.7112,13.287,0
2014,5,24,0,0.0254,8.741,0
2014,5,24,6,0,12.139,0
2014,5,24,12,0,14.769,0
2014,5,24,18,0,10.593,0
2014,5,25,0,0.1778,8.093,0
2014,5,25,6,3.5814,13.37,0
2014,5,25,12,4.4704,13.463,0
2014,5,25,18,0.7112,9.222,0
2014,5,26,0,1.6256,7.426,0
2014,5,26,6,3.6068,10.083,0
2014,5,26,12,0.4572,15.046,0
2014,5,26,18,0.2032,10.713,0
2014,5,27,0,0,6.213,0
2014,5,27,6,0,11.667,0
2014,5,27,12,0,15.231,0
2014,5,27,18,0,8.574,0
2014,5,28,0,0.0508,5.102,0
2014,5,28,6,0.9398,11.796,0
2014,5,28,12,0.3048,14.324,0
2014,5,28,18,0.4826,8.648,0
2014,5,29,0,0.3048,6.083,0
2014,5,29,6,0,8.417,0
2014,5,29,12,0,15.25,0
2014,5,29,18,0,10.898,0
2014,5,30,0,0,5.25,0
2014,5,30,6,0,12.741,0
2014,5,30,12,0,18.704,0
2014,5,30,18,0,12.241,0
2014,5,31,0,0,6.213,0
2014,5,31,6,0,14.102,0
2014,5,31,12,0,19.222,0
2014,5,31,18,0,13.046,0
2014,6,1,0,0,7.917,0
2014,6,1,6,0,15.25,0
2014,6,1,12,0,19.917,0
2014,6,1,18,0,13.056,0
2014,6,2,0,0,7.787,0
2014,6,2,6,0,14.861,0
2014,6,2,12,0,18.87,0
2014,6,2,18,0,13.75,0
2014,6,3,0,0,9.528,0
2014,6,3,6,0,14.389,0
2014,6,3,12,0,17.204,0
2014,6,3,18,0,13.343,0
2014,6,4,0,0,9.583,0
2014,6,4,6,0,14.843,0
2014,6,4,12,0,18.62,0
2014,6,4,18,0,12.852,0
2014,6,5,0,0,7.343,0
2014,6,5,6,0,14.926,0
2014,6,5,12,0,20.065,0
2014,6,5,18,0,12,0
2014,6,6,0,0,6.37,0.005
2014,6,6,6,0,15.481,0
2014,6,6,12,0,19.75,0
2014,6,6,18,0,11.972,0
2014,6,7,0,0,7.815,0
2014,6,7,6,0,16.75,0
2014,6,7,12,0,19.694,0
2014,6,7,18,0,14.204,0
2014,6,8,0,0,9.852,0
2014,6,8,6,0,15.741,0
2014,6,8,12,0,19.213,0
2014,6,8,18,0,15.37,0
2014,6,9,0,0,11.676,0
2014,6,9,6,0,14.537,0
2014,6,9,12,0,16.907,0
2014,6,9,18,0,12.296,0
2014,6,10,0,0,8.796,0
2014,6,10,6,1.0414,14.704,0
2014,6,10,12,0,18.25,0
2014,6,10,18,0,12.88,0
2014,6,11,0,0,7.148,0
2014,6,11,6,0,15.12,0
2014,6,11,12,0,19.111,0
2014,6,11,18,0,13.676,0
2014,6,12,0,0,10.944,0
2014,6,12,6,0,15.981,0
2014,6,12,12,0.3302,16.398,0
2014,6,12,18,0.7874,12.231,0
2014,6,13,0,3.2004,10.5,0
2014,6,13,6,4.8768,11.843,0
2014,6,13,12,2.286,13.861,0
2014,6,13,18,1.8034,11.556,0
2014,6,14,0,0.5588,10.037,0
2014,6,14,6,0.0508,11.583,0
2014,6,14,12,0,14.463,0
2014,6,14,18,0,11.898,0
2014,6,15,0,0.127,10.139,0
2014,6,15,6,0.4572,12.639,0
2014,6,15,12,0.7112,14.333,0
2014,6,15,18,0.6604,11.602,0
2014,6,16,0,0.2286,8.981,0
2014,6,16,6,0.4318,12.148,0
2014,6,16,12,0.3556,14.991,0
2014,6,16,18,0.0762,12.037,0
2014,6,17,0,0.1016,10.204,0
2014,6,17,6,0,13.5,0
2014,6,17,12,0,15.963,0
2014,6,17,18,0,12.204,0
2014,6,18,0,0.0508,10.481,0
2014,6,18,6,0,13.241,0
2014,6,18,12,0,17.083,0
2014,6,18,18,0,13.722,0
2014,6,19,0,0.0508,9.963,0
2014,6,19,6,0.4064,12.407,0
2014,6,19,12,0.1778,17.454,0
2014,6,19,18,5.842,13.87,0
2014,6,20,0,1.3462,9.5,0
2014,6,20,6,0,12.806,0
2014,6,20,12,0,16.898,0
2014,6,20,18,0,10.787,0
2014,6,21,0,0,5.509,0
2014,6,21,6,0,14,0
2014,6,21,12,0,19.87,0
2014,6,21,18,0,12.991,0
2014,6,22,0,0,7.139,0
2014,6,22,6,0,16.306,0
2014,6,22,12,0,19.981,0
2014,6,22,18,0,14.593,0
2014,6,23,0,0,10.787,0
2014,6,23,6,0,17.231,0
2014,6,23,12,0,20.491,0
2014,6,23,18,0,15.685,0
2014,6,24,0,0,11.685,0
2014,6,24,6,0.0254,15.667,0
2014,6,24,12,0.3048,21.074,0
2014,6,24,18,0,14.213,0
2014,6,25,0,0,9.528,0
2014,6,25,6,0,16.148,0
2014,6,25,12,0,21.083,0
2014,6,25,18,0,15.352,0
2014,6,26,0,0,10.481,0
2014,6,26,6,0,18.037,0
2014,6,26,12,0.0254,17.861,0
2014,6,26,18,0.1524,14.565,0
2014,6,27,0,0.127,11.759,0
2014,6,27,6,1.3462,14.491,0
2014,6,27,12,1.6002,16.722,0
2014,6,27,18,2.1082,12.917,0
2014,6,28,0,1.27,11.167,0
2014,6,28,6,1.9558,14.398,0
2014,6,28,12,3.048,16.815,0
2014,6,28,18,1.7018,12.37,0
2014,6,29,0,1.4478,10.13,0
2014,6,29,6,0.4064,13.787,0
2014,6,29,12,0,18.62,0
2014,6,29,18,0,13.926,0
2014,6,30,0,0,7.648,0
2014,6,30,6,0,16.028,0
2014,6,30,12,0,24.574,0
2014,6,30,18,0,17.389,0
2014,7,1,0,0,10.574,0
2014,7,1,6,0,19.5,0
2014,7,1,12,0,24.556,0
2014,7,1,18,0,19.269,0
2014,7,2,0,0,14.676,0
2014,7,2,6,0,18.796,0
2014,7,2,12,0,20.694,0
2014,7,2,18,0,15.963,0
2014,7,3,0,0,12.361,0
2014,7,3,6,0,15.278,0
2014,7,3,12,0,19.074,0
2014,7,3,18,0,14.759,0
2014,7,4,0,0,10.509,0
2014,7,4,6,0,15.694,0
2014,7,4,12,0.0508,18.741,0
2014,7,4,18,0.1778,14.602,0
2014,7,5,0,0,12.593,0
2014,7,5,6,0,17.509,0
2014,7,5,12,0,20.231,0
2014,7,5,18,0,16.694,0
2014,7,6,0,0,13.343,0
2014,7,6,6,0,17.583,0
2014,7,6,12,0.0762,22.157,0
2014,7,6,18,0,19.167,0
2014,7,7,0,0,13.889,0
2014,7,7,6,0,19.491,0
2014,7,7,12,0,24.204,0
2014,7,7,18,0,18.019,0
2014,7,8,0,0,12.306,0
2014,7,8,6,0,19.028,0
2014,7,8,12,0,23.796,0
2014,7,8,18,0,17.667,0
2014,7,9,0,0,12.065,0
2014,7,9,6,0,19.426,0
2014,7,9,12,0,23.509,0
2014,7,9,18,0,16.722,0
2014,7,10,0,0,10.722,0
2014,7,10,6,0,18.833,0
2014,7,10,12,0,24.861,0
2014,7,10,18,0,17.5,0
2014,7,11,0,0,11.37,0
2014,7,11,6,0,18.806,0
2014,7,11,12,0,25.389,0
2014,7,11,18,0,19.306,0
2014,7,12,0,0,13.565,0
2014,7,12,6,0,22.111,0
2014,7,12,12,0,27.62,0
2014,7,12,18,0,20.907,0
2014,7,13,0,0,13.806,0
2014,7,13,6,0,21.769,0
2014,7,13,12,0,25.824,0
2014,7,13,18,0,19.815,0
2014,7,14,0,0,15.241,0
2014,7,14,6,0,21.046,0
2014,7,14,12,0,24.861,0
2014,7,14,18,0,18.657,0
2014,7,15,0,0,13.213,0
2014,7,15,6,0,20.444,0
2014,7,15,12,0,25.556,0
2014,7,15,18,0,19.074,0
2014,7,16,0,0,12.954,0
2014,7,16,6,0,19.981,0
2014,7,16,12,0,24.056,0
2014,7,16,18,0,17.88,0
2014,7,17,0,0,12.991,0
2014,7,17,6,0,18.306,0
2014,7,17,12,0,21.75,0
2014,7,17,18,0,16.648,0
2014,7,18,0,0,12.5,0
2014,7,18,6,0,18.13,0
2014,7,18,12,0,20.472,0
2014,7,18,18,0.0508,16.685,0
2014,7,19,0,0.6858,15.333,0
2014,7,19,6,3.1496,17.657,0
2014,7,19,12,1.1176,19.139,0
2014,7,19,18,0.254,16.481,0
2014,7,20,0,0,13.815,0
2014,7,20,6,0,16.38,0
2014,7,20,12,0,19.546,0
2014,7,20,18,0,13.889,0
2014,7,21,0,0,10.102,0
2014,7,21,6,0,14.917,0
2014,7,21,12,0,19.639,0
2014,7,21,18,0,14.833,0
2014,7,22,0,0,9.88,0
2014,7,22,6,0,16.111,0
2014,7,22,12,0.4318,17.278,0
2014,7,22,18,0,14.889,0
2014,7,23,0,0.762,13.25,0
2014,7,23,6,7.874,16.806,0
2014,7,23,12,26.3906,15.352,0
2014,7,23,18,12.0142,12.917,0
2014,7,24,0,3.7846,11.657,0
2014,7,24,6,9.0678,13.611,0
2014,7,24,12,2.921,17.741,0
2014,7,24,18,0.1778,14.741,0
2014,7,25,0,0,10.556,0
2014,7,25,6,0,15.593,0
2014,7,25,12,0,20.824,0
2014,7,25,18,0,14.611,0
2014,7,26,0,0,9.583,0
2014,7,26,6,0,16.981,0
2014,7,26,12,0,23.037,0
2014,7,26,18,0,16.269,0
2014,7,27,0,0,10.176,0
2014,7,27,6,0,18.074,0
2014,7,27,12,0,24.787,0
2014,7,27,18,0,17.787,0
2014,7,28,0,0,11.944,0
2014,7,28,6,0,19.204,0
2014,7,28,12,0,25.231,0
2014,7,28,18,0,17.269,0
2014,7,29,0,0,11.935,0
2014,7,29,6,0,20.12,0
2014,7,29,12,0,24.861,0
2014,7,29,18,0,17.287,0
2014,7,30,0,0,12.481,0
2014,7,30,6,0,18.833,0
2014,7,30,12,0,25.12,0
2014,7,30,18,0,17.907,0
2014,7,31,0,0,12.13,0
2014,7,31,6,0,19.333,0
2014,7,31,12,0,25.25,0
2014,7,31,18,0,16.574,0
2014,8,1,0,0,11.833,0
2014,8,1,6,0,19.074,0
2014,8,1,12,0,25.88,0
2014,8,1,18,0,17.75,0
2014,8,2,0,0,12.87,0
2014,8,2,6,0,21.167,0
2014,8,2,12,0,26.111,0
2014,8,2,18,0,18.037,0
2014,8,3,0,0,13.25,0
2014,8,3,6,0,20.852,0
2014,8,3,12,0,26.546,0
2014,8,3,18,0,18.194,0
2014,8,4,0,0,13.102,0
2014,8,4,6,0,19.907,0
2014,8,4,12,0,24.204,0
2014,8,4,18,0,16.639,0
2014,8,5,0,0,12.704,0
2014,8,5,6,0,18.13,0
2014,8,5,12,0,22.259,0
2014,8,5,18,0,16.324,0
2014,8,6,0,0,12.602,0
2014,8,6,6,0,17.963,0
2014,8,6,12,0,22,0
2014,8,6,18,0,16.343,0
2014,8,7,0,0,11.824,0
2014,8,7,6,0,17.454,0
2014,8,7,12,0,21.269,0
2014,8,7,18,0,15.111,0
2014,8,8,0,0,11.028,0
2014,8,8,6,0,17.287,0
2014,8,8,12,0,22.5,0
2014,8,8,18,0,14.815,0
2014,8,9,0,0,9.435,0
2014,8,9,6,0,17.926,0
2014,8,9,12,0,24.88,0
2014,8,9,18,0,15.796,0
2014,8,10,0,0,10.389,0
2014,8,10,6,0,19.352,0
2014,8,10,12,0,27.343,0
2014,8,10,18,0,18.713,0
2014,8,11,0,0,13.583,0
2014,8,11,6,0,20.963,0
2014,8,11,12,0,26.278,0
2014,8,11,18,0,19.333,0
2014,8,12,0,0.3302,16.296,0
2014,8,12,6,1.1176,20.963,0
2014,8,12,12,0,22.25,0
2014,8,12,18,1.0414,17.944,0
2014,8,13,0,26.0604,15.481,0
2014,8,13,6,7.6454,16.704,0
2014,8,13,12,0.5842,19.694,0
2014,8,13,18,0,16.861,0
2014,8,14,0,0,14.167,0
2014,8,14,6,0.0254,17.444,0
2014,8,14,12,1.905,19.898,0
2014,8,14,18,6.0452,16.435,0
2014,8,15,0,0,14.778,0
2014,8,15,6,0.0254,18.389,0
2014,8,15,12,0.0254,20.556,0
2014,8,15,18,0.0762,16.676,0
2014,8,16,0,0.0762,15.259,0
2014,8,16,6,0,17.963,0
2014,8,16,12,0,22.028,0
2014,8,16,18,0,17.472,0
2014,8,17,0,0,13.852,0
2014,8,17,6,0,19.065,0
2014,8,17,12,0,23.954,0
2014,8,17,18,0,17.741,0
2014,8,18,0,0,14.139,0
2014,8,18,6,0,19.898,0
2014,8,18,12,0,24.62,0
2014,8,18,18,0,18.713,0
2014,8,19,0,0,15.37,0
2014,8,19,6,0,19.787,0
2014,8,19,12,0,22.287,0
2014,8,19,18,0,16.981,0
2014,8,20,0,0,14.028,0
2014,8,20,6,0,16.917,0
2014,8,20,12,0,20.37,0
2014,8,20,18,0,15.12,0
2014,8,21,0,0,11.426,0
2014,8,21,6,0,15.935,0
2014,8,21,12,0,21.296,0
2014,8,21,18,0,14.037,0
2014,8,22,0,0,10.37,0
2014,8,22,6,0.0508,17.815,0
2014,8,22,12,0.0254,23.63,0
2014,8,22,18,0,15.583,0
2014,8,23,0,0,11.019,0
2014,8,23,6,0,18.315,0
2014,8,23,12,0,23.88,0
2014,8,23,18,0,15,0
2014,8,24,0,0,11.157,0
2014,8,24,6,0,18.731,0
2014,8,24,12,0,23.954,0
2014,8,24,18,0,15.981,0
2014,8,25,0,0,11.676,0
2014,8,25,6,0,19.954,0
2014,8,25,12,0,25.5,0
2014,8,25,18,0,16.444,0
2014,8,26,0,0,13.139,0
2014,8,26,6,0,20.648,0
2014,8,26,12,0,25.75,0
2014,8,26,18,0,17.565,0
2014,8,27,0,0,13.704,0
2014,8,27,6,0,19.472,0
2014,8,27,12,0,23.083,0
2014,8,27,18,0,16.491,0
2014,8,28,0,0,13.704,0
2014,8,28,6,0,18.139,0
2014,8,28,12,0,20.546,0
2014,8,28,18,0,15.519,0
2014,8,29,0,0,14.37,0
2014,8,29,6,0.0254,18.185,0
2014,8,29,12,0,17.917,0
2014,8,29,18,0,14.444,0
2014,8,30,0,0.0762,13.926,0
2014,8,30,6,0.889,16.741,0
2014,8,30,12,0.2032,19.407,0
2014,8,30,18,0.254,15.296,0
2014,8,31,0,0.1778,13.454,0
2014,8,31,6,0.127,17.222,0
2014,8,31,12,0.0508,18.731,0
2014,8,31,18,0,14.231,0
2014,9,1,0,0,13.426,0
2014,9,1,6,0,15.722,0
2014,9,1,12,0,17.769,0
2014,9,1,18,0,12.537,0
2014,9,2,0,0.127,11.426,0
2014,9,2,6,1.3462,15.528,0
2014,9,2,12,19.177,15.37,0
2014,9,2,18,5.4356,12.102,0
2014,9,3,0,0.6604,11.25,0
2014,9,3,6,0,14.176,0
2014,9,3,12,0,18.852,0
2014,9,3,18,0,11.5,0
2014,9,4,0,0,7.676,0
2014,9,4,6,0,14.954,0
2014,9,4,12,0,22.269,0
2014,9,4,18,0,12.185,0
2014,9,5,0,0,9.046,0
2014,9,5,6,0,16.972,0
2014,9,5,12,0,24.787,0
2014,9,5,18,0,13.907,0
2014,9,6,0,0,9.62,0
2014,9,6,6,0,17.713,0
2014,9,6,12,0,24.713,0
2014,9,6,18,0,14.907,0
2014,9,7,0,0,10.009,0
2014,9,7,6,0,17.12,0
2014,9,7,12,0,21.426,0
2014,9,7,18,0,13,0
2014,9,8,0,0,10.426,0
2014,9,8,6,0,15.38,0
2014,9,8,12,0,19.056,0
2014,9,8,18,0,12.667,0
2014,9,9,0,0,11.25,0
2014,9,9,6,0,15.491,0
2014,9,9,12,0,18.407,0
2014,9,9,18,0,12.815,0
2014,9,10,0,0,11.231,0
2014,9,10,6,0,15.028,0
2014,9,10,12,0,20.472,0
2014,9,10,18,0,14.62,0
2014,9,11,0,0,9.306,0
2014,9,11,6,0,14.611,0
2014,9,11,12,0,21.583,0
2014,9,11,18,0,10.259,0
2014,9,12,0,0,4.981,0.0383333333333333
2014,9,12,6,0,14.176,0
2014,9,12,12,0,22.583,0
2014,9,12,18,0,9.944,0
2014,9,13,0,0,4.991,0.015
2014,9,13,6,0,14.398,0
2014,9,13,12,0,23.898,0
2014,9,13,18,0,12.065,0
2014,9,14,0,0,7.463,0
2014,9,14,6,0,15.972,0
2014,9,14,12,0,25.102,0
2014,9,14,18,0,13.574,0
2014,9,15,0,0,8.426,0
2014,9,15,6,0,15.509,0
2014,9,15,12,0,22.481,0
2014,9,15,18,0,12.065,0
2014,9,16,0,0,8.787,0
2014,9,16,6,0,14.787,0
2014,9,16,12,0,19.917,0
2014,9,16,18,0,13.037,0
2014,9,17,0,0,12.315,0
2014,9,17,6,0.0254,15.417,0
2014,9,17,12,0.3556,18.102,0
2014,9,17,18,1.4478,15.315,0
2014,9,18,0,1.5494,14.148,0
2014,9,18,6,0.5588,14.981,0
2014,9,18,12,1.1176,16.954,0
2014,9,18,18,0.6858,14.528,0
2014,9,19,0,1.0414,13.935,0
2014,9,19,6,0,15.88,0
2014,9,19,12,0,19.167,0
2014,9,19,18,0,13.787,0
2014,9,20,0,0,11.389,0
2014,9,20,6,0,16.537,0
2014,9,20,12,0,23.083,0
2014,9,20,18,0,13.731,0
2014,9,21,0,0,10.361,0
2014,9,21,6,0,16.194,0
2014,9,21,12,0,21.148,0
2014,9,21,18,0,14.25,0
2014,9,22,0,0,12.806,0
2014,9,22,6,0.3302,15.472,0
2014,9,22,12,0.0254,18.417,0
2014,9,22,18,0,14.157,0
2014,9,23,0,0,13.074,0
2014,9,23,6,1.2954,16.148,0
2014,9,23,12,4.9022,17.481,0
2014,9,23,18,5.2832,14.167,0
2014,9,24,0,6.7818,14.324,0
2014,9,24,6,4.9784,14.713,0
2014,9,24,12,1.6764,17.324,0
2014,9,24,18,0.127,14.389,0
2014,9,25,0,0.127,12.38,0
2014,9,25,6,0.254,14.509,0
2014,9,25,12,0.3556,15.75,0
2014,9,25,18,0.6604,12.426,0
2014,9,26,0,3.8354,11.731,0
2014,9,26,6,4.8006,13.38,0
2014,9,26,12,4.8768,15.537,0
2014,9,26,18,0.9144,12.231,0
2014,9,27,0,0,10.287,0
2014,9,27,6,0,13.102,0
2014,9,27,12,0,16.944,0
2014,9,27,18,0,11.315,0
2014,9,28,0,0,9.093,0
2014,9,28,6,0,12.417,0
2014,9,28,12,0,17.398,0
2014,9,28,18,0,12.278,0
2014,9,29,0,0,9.907,0
2014,9,29,6,0.3048,13.426,0
2014,9,29,12,0.8636,15.269,0
2014,9,29,18,0.3556,12.565,0
2014,9,30,0,0.889,11.454,0
2014,9,30,6,0.3048,12.102,0
2014,9,30,12,0.2032,14.343,0
2014,9,30,18,0.0254,10.444,0
2014,10,1,0,0.0508,9.389,0
2014,10,1,6,0,11.741,0
2014,10,1,12,0,15.028,0
2014,10,1,18,0,9.426,0
2014,10,2,0,0,6.343,0
2014,10,2,6,0,10.213,0
2014,10,2,12,0,16.907,0
2014,10,2,18,0,9.926,0
2014,10,3,0,0,6.889,0
2014,10,3,6,0,12.157,0
2014,10,3,12,0,17.463,0
2014,10,3,18,0.127,12.13,0
2014,10,4,0,0.3302,11.241,0
2014,10,4,6,0,15.398,0
2014,10,4,12,0,18.741,0
2014,10,4,18,0,14.333,0
2014,10,5,0,0,12.556,0
2014,10,5,6,0,14.889,0
2014,10,5,12,0,19.037,0
2014,10,5,18,0,12.583,0
2014,10,6,0,0,10.315,0
2014,10,6,6,0,14.148,0
2014,10,6,12,0,18.102,0
2014,10,6,18,0,12.611,0
2014,10,7,0,0,10.315,0
2014,10,7,6,0,12.861,0
2014,10,7,12,0,15.62,0
2014,10,7,18,0,10.861,0
2014,10,8,0,0,9.861,0
2014,10,8,6,0,12.87,0
2014,10,8,12,0,17.194,0
2014,10,8,18,0,12.593,0
2014,10,9,0,0,9.157,0
2014,10,9,6,0,11.833,0
2014,10,9,12,0,15.991,0
2014,10,9,18,0,10.352,0
2014,10,10,0,0,7.759,0
2014,10,10,6,0,11.491,0
2014,10,10,12,0,14.824,0
2014,10,10,18,0.5334,12.5,0
2014,10,11,0,0.1524,11.056,0
2014,10,11,6,3.937,11.176,0
2014,10,11,12,2.7686,13.333,0
2014,10,11,18,1.016,10.509,0
2014,10,12,0,0.635,9.083,0
2014,10,12,6,0.508,12.185,0
2014,10,12,12,0.9398,15.565,0
2014,10,12,18,0.6858,11.898,0
2014,10,13,0,0,10.389,0
2014,10,13,6,0.1016,12.685,0
2014,10,13,12,4.9784,13.87,0
2014,10,13,18,15.2654,11.944,0
2014,10,14,0,10.8204,10.648,0
2014,10,14,6,1.5494,10.352,0
2014,10,14,12,0.1016,12.954,0
2014,10,14,18,0.0508,9.954,0
2014,10,15,0,1.1684,9.88,0
2014,10,15,6,1.2954,11.611,0
2014,10,15,12,5.9182,12.491,0
2014,10,15,18,2.7178,10.037,0
2014,10,16,0,2.4384,9.056,0
2014,10,16,6,0,10.926,0
2014,10,16,12,0,13.917,0
2014,10,16,18,0,11.083,0
2014,10,17,0,0.5842,11.046,0
2014,10,17,6,3.0988,11.657,0
2014,10,17,12,5.2578,13.685,0
2014,10,17,18,2.2098,12.667,0
2014,10,18,0,0.2032,11.731,0
2014,10,18,6,0.4572,13.917,0
2014,10,18,12,0.0254,18.713,0
2014,10,18,18,0,13.019,0
2014,10,19,0,0,11.648,0
2014,10,19,6,0,14.741,0
2014,10,19,12,0,18.083,0
2014,10,19,18,0.8128,14.435,0
2014,10,20,0,5.2578,13.009,0
2014,10,20,6,3.429,14.231,0
2014,10,20,12,6.8834,14.907,0
2014,10,20,18,5.3594,12.324,0
2014,10,21,0,3.5814,11.269,0
2014,10,21,6,1.0668,12.583,0
2014,10,21,12,0.0508,13.148,0
2014,10,21,18,0.635,10.435,0
2014,10,22,0,4.7752,11.12,0
2014,10,22,6,5.0546,11.639,0
2014,10,22,12,10.414,12.352,0
2014,10,22,18,7.4676,10.815,0
2014,10,23,0,6.2738,8.796,0
2014,10,23,6,7.493,10.019,0
2014,10,23,12,5.8928,10.935,0
2014,10,23,18,3.0734,7.694,0
2014,10,24,0,0.762,6.083,0
2014,10,24,6,0,7.991,0
2014,10,24,12,0,11.75,0
2014,10,24,18,2.3368,8.213,0
2014,10,25,0,2.4892,7.102,0
2014,10,25,6,1.2954,8.917,0
2014,10,25,12,5.7404,10.352,0
2014,10,25,18,15.0368,8,0
2014,10,26,0,3.0226,6.204,0
2014,10,26,6,11.5316,7.639,0
2014,10,26,12,4.572,10.028,0
2014,10,26,18,0.3302,4.991,0
2014,10,27,0,0.381,4.778,0
2014,10,27,6,0,6.991,0
2014,10,27,12,0,10.444,0
2014,10,27,18,0.8382,7.843,0
2014,10,28,0,3.8354,8.213,0
2014,10,28,6,3.2512,11.194,0
2014,10,28,12,0.8636,12.176,0
2014,10,28,18,1.4732,9.537,0
2014,10,29,0,6.3246,9.88,0
2014,10,29,6,5.0038,10.417,0
2014,10,29,12,0.6604,11.593,0
2014,10,29,18,0,8.37,0
2014,10,30,0,0,8.88,0
2014,10,30,6,2.3622,10.444,0
2014,10,30,12,8.0518,11.287,0
2014,10,30,18,11.811,9.63,0
2014,10,31,0,5.9182,7.88,0
2014,10,31,6,8.9154,8.935,0
2014,10,31,12,4.572,9.102,0
2014,10,31,18,0.889,6.435,0
2014,11,1,0,0.6604,4.287,0
2014,11,1,6,0,5.815,0
2014,11,1,12,0,9.139,0
2014,11,1,18,0,4.509,0
2014,11,2,0,0.0762,4.065,0
2014,11,2,6,0.0762,7.009,0
2014,11,2,12,0.6096,10.065,0
2014,11,2,18,1.1938,8.407,0
2014,11,3,0,1.016,8.519,0
2014,11,3,6,3.2258,10.38,0
2014,11,3,12,8.382,10.75,0
2014,11,3,18,14.3256,9.954,0
2014,11,4,0,8.9154,9.972,0
2014,11,4,6,4.2164,10.204,0
2014,11,4,12,1.0668,10.25,0
2014,11,4,18,0,8.259,0
2014,11,5,0,0.1778,8.667,0
2014,11,5,6,0.5334,9.454,0
2014,11,5,12,2.159,11.991,0
2014,11,5,18,2.5908,11.611,0
2014,11,6,0,8.9408,11.722,0
2014,11,6,6,3.1496,12.704,0
2014,11,6,12,3.429,11.083,0
2014,11,6,18,1.651,9.056,0
2014,11,7,0,0,7.287,0
2014,11,7,6,0,6.148,0
2014,11,7,12,0,8.741,0
2014,11,7,18,0,3.907,0
2014,11,8,0,0,2.565,0.126666666666667
2014,11,8,6,0,4.676,0.07
2014,11,8,12,0,8.056,0
2014,11,8,18,0,5.935,0
2014,11,9,0,2.1844,6.157,0
2014,11,9,6,4.5974,5.519,0
2014,11,9,12,2.5654,6.88,0
2014,11,9,18,0,5.796,0
2014,11,10,0,0,2.731,0.175
2014,11,10,6,0,2.843,0.3
2014,11,10,12,0,5.5,0.00333333333333333
2014,11,10,18,0,2.435,0.28
2014,11,11,0,0,1.185,0.956666666666667
2014,11,11,6,0,2.509,0.73
2014,11,11,12,0,2.704,0.766666666666667
2014,11,11,18,0,-0.593,1
2014,11,12,0,0,-2.315,1
2014,11,12,6,0,-0.38,1
2014,11,12,12,0,3.898,0.78
2014,11,12,18,0,-0.593,1
2014,11,13,0,0,-2.352,1
2014,11,13,6,0.0254,-0.222,1
2014,11,13,12,0,2.926,0.941666666666667
2014,11,13,18,0,-1.5,1
2014,11,14,0,0,-3.296,1
2014,11,14,6,0,-1.213,1
2014,11,14,12,0,2.278,0.948333333333333
2014,11,14,18,0,-1.981,1
2014,11,15,0,0,-3.907,1
2014,11,15,6,0,-1.639,0.988333333333333
2014,11,15,12,0,1.38,0.876666666666667
2014,11,15,18,0,-2.593,1
2014,11,16,0,0,-3.324,1
2014,11,16,6,0,0.046,0.93
2014,11,16,12,0,2.944,0.685
2014,11,16,18,0,-3.426,1
2014,11,17,0,0,-5.454,1
2014,11,17,6,0,-1.38,0.931666666666667
2014,11,17,12,0,3.333,0.556666666666667
2014,11,17,18,0,-2.204,1
2014,11,18,0,0,-2.935,1
2014,11,18,6,0,0.713,0.793333333333333
2014,11,18,12,0,4.991,0.208333333333333
2014,11,18,18,0,0.148,0.993333333333333
2014,11,19,0,0,0.083,1
2014,11,19,6,0,3.139,0.625
2014,11,19,12,0,6.546,0
2014,11,19,18,0,4.694,0.0383333333333333
2014,11,20,0,0.8128,4.019,0.0266666666666667
2014,11,20,6,1.651,4.565,0
2014,11,20,12,0.4318,6.213,0
2014,11,20,18,1.4986,5.556,0
2014,11,21,0,1.2954,6.056,0
2014,11,21,6,3.5052,7.176,0
2014,11,21,12,12.446,7.759,0
2014,11,21,18,6.1976,7.306,0
2014,11,22,0,0.4572,5.241,0
2014,11,22,6,1.4478,4.778,0
2014,11,22,12,0.6096,5.88,0
2014,11,22,18,1.905,5.63,0
2014,11,23,0,3.1242,6.509,0
2014,11,23,6,3.3274,6.398,0
2014,11,23,12,1.4224,5.824,0
2014,11,23,18,0.5334,4.222,0.00166666666666667
2014,11,24,0,0.0508,3.565,0.00833333333333333
2014,11,24,6,0.0762,4.102,0.0266666666666667
2014,11,24,12,7.2644,5.093,0
2014,11,24,18,5.9182,5.028,0
2014,11,25,0,6.5278,5.593,0
2014,11,25,6,6.985,4.62,0
2014,11,25,12,10.795,5.602,0
2014,11,25,18,12.7762,4.676,0
2014,11,26,0,16.7132,4.972,0
2014,11,26,6,1.6764,6.833,0
2014,11,26,12,1.016,8.972,0
2014,11,26,18,1.8796,8.667,0
2014,11,27,0,2.9464,8.509,0
2014,11,27,6,4.3942,9,0
2014,11,27,12,6.3754,7.972,0
2014,11,27,18,6.9342,5.574,0
2014,11,28,0,9.652,4.815,0
2014,11,28,6,14.1224,4.157,0
2014,11,28,12,1.3208,2.278,0.168333333333333
2014,11,28,18,5.8928,-1.389,0.973333333333333
2014,11,29,0,2.1844,-4.546,1
2014,11,29,6,0.0508,-6.185,1
2014,11,29,12,0.0762,-4.972,1
2014,11,29,18,0,-9.333,1
2014,11,30,0,0,-9.639,1
2014,11,30,6,0,-5.852,1
2014,11,30,12,0,-2.759,1
2014,11,30,18,0,-6.352,1
2014,12,1,0,0,-7.231,1
2014,12,1,6,0,-4.796,1
2014,12,1,12,0,-1.259,0.963333333333333
2014,12,1,18,0,-6.333,1
2014,12,2,0,0,-6.537,1
2014,12,2,6,0,-3.269,0.93
2014,12,2,12,0,1.491,0.516666666666667
2014,12,2,18,0,-3.222,1
2014,12,3,0,0,-2.87,1
2014,12,3,6,0,-1.093,0.89
2014,12,3,12,0,1.454,0.611666666666667
2014,12,3,18,0,-2.139,1
2014,12,4,0,0,-2.176,1
2014,12,4,6,0.0508,1.13,0.446666666666667
2014,12,4,12,0.0254,2.37,0.0616666666666667
2014,12,4,18,1.9812,1.759,0.165
2014,12,5,0,0.4826,2.676,0.015
2014,12,5,6,2.0066,2.75,0.005
2014,12,5,12,1.5494,3.204,0.00333333333333333
2014,12,5,18,0,4.259,0
2014,12,6,0,4.2164,4.722,0
2014,12,6,6,4.572,4,0
2014,12,6,12,5.6896,5.176,0
2014,12,6,18,1.4986,3.537,0
2014,12,7,0,0.6096,2.38,0.0166666666666667
2014,12,7,6,0,4.074,0.00166666666666667
2014,12,7,12,0,8.602,0
2014,12,7,18,0,7.935,0
2014,12,8,0,0,5.676,0
2014,12,8,6,0,6.241,0
2014,12,8,12,3.4544,10.491,0
2014,12,8,18,15.2146,9.093,0
2014,12,9,0,7.6454,11.611,0
2014,12,9,6,8.4328,14.389,0
2014,12,9,12,3.6576,12.306,0
2014,12,9,18,0.2032,8.861,0
2014,12,10,0,7.874,10.046,0
2014,12,10,6,6.1468,12.315,0
2014,12,10,12,10.16,11.722,0
2014,12,10,18,8.7122,9.259,0
2014,12,11,0,3.175,7.398,0
2014,12,11,6,1.016,7.472,0
2014,12,11,12,10.287,9.444,0
2014,12,11,18,1.0922,9.676,0
2014,12,12,0,1.5748,6.63,0
2014,12,12,6,1.0922,6.074,0
2014,12,12,12,0.508,6.796,0
2014,12,12,18,0.4572,3.731,0
2014,12,13,0,0.2032,1.852,0.106666666666667
2014,12,13,6,0,3.426,0.00333333333333333
2014,12,13,12,0,4.333,0.00666666666666667
2014,12,13,18,0,0.324,0.713333333333333
2014,12,14,0,0,-1.269,0.995
2014,12,14,6,0,0.222,0.73
2014,12,14,12,0,3.148,0.303333333333333
2014,12,14,18,0,-0.037,0.996666666666667
2014,12,15,0,0,-0.593,1
2014,12,15,6,0,1.009,0.705
2014,12,15,12,0,4.574,0.0166666666666667
2014,12,15,18,0,2.509,0.165
2014,12,16,0,0,2.398,0.205
2014,12,16,6,0,3.556,0.0216666666666667
2014,12,16,12,0.127,4.87,0
2014,12,16,18,0,3.926,0
2014,12,17,0,0,2.222,0.113333333333333
2014,12,17,6,0.0508,4.5,0.00166666666666667
2014,12,17,12,0.6858,5.833,0
2014,12,17,18,0.8128,4.75,0
2014,12,18,0,1.651,4.407,0
2014,12,18,6,0.1016,4.269,0
2014,12,18,12,1.0414,6.741,0
2014,12,18,18,3.2258,6.787,0
2014,12,19,0,4.3942,6.435,0
2014,12,19,6,3.9116,5.537,0
2014,12,19,12,0.889,6.13,0
2014,12,19,18,0.2794,5.241,0
2014,12,20,0,1.1176,6.028,0
2014,12,20,6,3.5814,6.824,0
2014,12,20,12,7.8994,7.833,0
2014,12,20,18,10.0584,7.611,0
2014,12,21,0,3.9116,7.278,0
2014,12,21,6,0,6.611,0
2014,12,21,12,0,6.75,0
2014,12,21,18,0,5.556,0
2014,12,22,0,0,5.333,0
2014,12,22,6,0,5.546,0
2014,12,22,12,0,5.537,0
2014,12,22,18,0,3.056,0.0483333333333333
2014,12,23,0,0,4.213,0.00166666666666667
2014,12,23,6,2.0828,5.759,0
2014,12,23,12,12.4206,6.611,0
2014,12,23,18,4.826,4.759,0
2014,12,24,0,2.3876,4.167,0
2014,12,24,6,0.1778,3.935,0
2014,12,24,12,0,4.343,0
2014,12,24,18,0,1.731,0.13
2014,12,25,0,0.127,0.37,0.631666666666667
2014,12,25,6,1.3208,1.472,0.388333333333333
2014,12,25,12,0.5588,3.398,0.00666666666666667
2014,12,25,18,0.1778,0.574,0.563333333333333
2014,12,26,0,0.2032,-0.778,0.95
2014,12,26,6,0,2.204,0.173333333333333
2014,12,26,12,0,4.463,0
2014,12,26,18,0,2.463,0.0166666666666667
2014,12,27,0,0.8636,3.167,0
2014,12,27,6,5.0038,4.046,0
2014,12,27,12,3.9116,3.898,0.00166666666666667
2014,12,27,18,3.0988,1.787,0.113333333333333
2014,12,28,0,0.635,1,0.418333333333333
2014,12,28,6,1.4478,1.352,0.32
2014,12,28,12,1.4478,1.796,0.263333333333333
2014,12,28,18,0.0508,-0.398,0.975
2014,12,29,0,0,-0.815,1
2014,12,29,6,0,-0.713,1
2014,12,29,12,0,-1.509,1
2014,12,29,18,0,-4.463,1
2014,12,30,0,0,-6.741,1
2014,12,30,6,0,-5.139,1
2014,12,30,12,0,-2.037,1
2014,12,30,18,0,-5.056,1
2014,12,31,0,0,-3.731,1
2014,12,31,6,0,-2.917,1
2014,12,31,12,0,-1.185,0.996666666666667
2014,12,31,18,0,-4.63,1
2015,1,1,0,0,-5.25,1
2015,1,1,6,0,-2.426,0.981666666666667
2015,1,1,12,0,-0.093,0.895
2015,1,1,18,0,-2.546,1
2015,1,2,0,0,-2.12,1
2015,1,2,6,0.5334,-0.843,0.936666666666667
2015,1,2,12,1.8796,0.065,0.77
2015,1,2,18,1.0922,-0.981,0.918333333333333
2015,1,3,0,0.0254,-1.648,0.955
2015,1,3,6,0,-1.287,0.881666666666666
2015,1,3,12,0,0.824,0.531666666666667
2015,1,3,18,0.6604,-1.12,0.896666666666667
2015,1,4,0,0.7874,-1.185,0.903333333333333
2015,1,4,6,3.5052,0.028,0.698333333333333
2015,1,4,12,11.4808,1.556,0.326666666666667
2015,1,4,18,22.3266,1.639,0.195
2015,1,5,0,30.8102,2.019,0.108333333333333
2015,1,5,6,23.5458,1.87,0.183333333333333
2015,1,5,12,10.5156,3.722,0.0133333333333333
2015,1,5,18,1.1684,3.435,0.00166666666666667
2015,1,6,0,0.5334,2.231,0.0583333333333333
2015,1,6,6,0,1.769,0.24
2015,1,6,12,0,4.472,0.0266666666666667
2015,1,6,18,0,2.954,0.17
2015,1,7,0,0,3.815,0.0183333333333333
2015,1,7,6,0,2.528,0.0633333333333333
2015,1,7,12,0,3.009,0.06
2015,1,7,18,0,1.407,0.596666666666667
2015,1,8,0,0,1.509,0.568333333333333
2015,1,8,6,0,2.37,0.22
2015,1,8,12,0,4.583,0.00666666666666667
2015,1,8,18,0,3.13,0.14
2015,1,9,0,0,1.722,0.495
2015,1,9,6,0,2.407,0.28
2015,1,9,12,0.0254,3.759,0.00666666666666667
2015,1,9,18,0,2.972,0.0333333333333333
2015,1,10,0,0.6096,3.074,0.00333333333333333
2015,1,10,6,1.1176,2.88,0.00166666666666667
2015,1,10,12,0.5588,3.213,0.00166666666666667
2015,1,10,18,0.2286,2.731,0.00833333333333333
2015,1,11,0,0.508,3.12,0
2015,1,11,6,1.27,3.417,0
2015,1,11,12,0.127,4.38,0
2015,1,11,18,0.2286,3.648,0
2015,1,12,0,0.0254,2.009,0.0966666666666667
2015,1,12,6,0,3.509,0.015
2015,1,12,12,0,4.25,0.0116666666666667
2015,1,12,18,0,0.741,0.55
2015,1,13,0,0,-0.361,0.921666666666667
2015,1,13,6,0,0.87,0.54
2015,1,13,12,0,4.472,0.005
2015,1,13,18,0,0.602,0.756666666666667
2015,1,14,0,0,-0.157,1
2015,1,14,6,0,0.806,0.65
2015,1,14,12,0,4.537,0.0133333333333333
2015,1,14,18,0,2.537,0.258333333333333
2015,1,15,0,0,0.287,0.921666666666667
2015,1,15,6,0.635,2.389,0.406666666666667
2015,1,15,12,0.7874,5.259,0.00333333333333333
2015,1,15,18,6.3246,4.741,0
2015,1,16,0,1.6764,4.287,0
2015,1,16,6,0.5334,3.954,0
2015,1,16,12,0.0254,4.333,0.0133333333333333
2015,1,16,18,0,0.685,0.571666666666667
2015,1,17,0,0,2.843,0.0916666666666667
2015,1,17,6,0.0254,4.593,0.0483333333333333
2015,1,17,12,0.8128,4.63,0
2015,1,17,18,3.4036,5.213,0
2015,1,18,0,5.3848,7.639,0
2015,1,18,6,5.334,6.111,0
2015,1,18,12,3.0988,5.398,0
2015,1,18,18,1.397,3.519,0.00166666666666667
2015,1,19,0,3.7084,3.352,0.04
2015,1,19,6,0.9906,5.361,0
2015,1,19,12,0.6096,5.389,0
2015,1,19,18,0.4572,1.259,0.318333333333333
2015,1,20,0,0,-0.426,0.853333333333333
2015,1,20,6,0,1.12,0.481666666666667
2015,1,20,12,0,4.231,0.035
2015,1,20,18,0,-0.602,0.956666666666667
2015,1,21,0,0,-1.102,1
2015,1,21,6,0,1.278,0.631666666666667
2015,1,21,12,0.1016,4.833,0.01
2015,1,21,18,0,4.889,0
2015,1,22,0,0.8382,2.454,0.21
2015,1,22,6,1.8796,3.5,0.0316666666666667
2015,1,22,12,0.1016,4.741,0
2015,1,22,18,0.4826,5.639,0
2015,1,23,0,0.5334,5.954,0
2015,1,23,6,3.7592,8.056,0
2015,1,23,12,10.6934,9.731,0
2015,1,23,18,2.921,9.759,0
2015,1,24,0,0.9906,9.13,0
2015,1,24,6,3.4798,9.028,0
2015,1,24,12,0.6604,10.778,0
2015,1,24,18,0.7874,9.556,0
2015,1,25,0,0.0762,9.463,0
2015,1,25,6,0,8.343,0
2015,1,25,12,0,10.667,0
2015,1,25,18,0,4.944,0.0183333333333333
2015,1,26,0,0,4.472,0.00833333333333333
2015,1,26,6,0,6.12,0
2015,1,26,12,0,8.611,0
2015,1,26,18,0,6.657,0
2015,1,27,0,0,6.324,0
2015,1,27,6,0,7.157,0
2015,1,27,12,0,8.407,0
2015,1,27,18,0,4.148,0
2015,1,28,0,0,2.463,0.0916666666666667
2015,1,28,6,0,4.019,0.0266666666666667
2015,1,28,12,0,7.454,0
2015,1,28,18,0,2.019,0.366666666666667
2015,1,29,0,0,0.222,0.955
2015,1,29,6,0,3.556,0.126666666666667
2015,1,29,12,0,7.296,0
2015,1,29,18,0,0.769,0.595
2015,1,30,0,0,-1.787,1
2015,1,30,6,0,1.444,0.503333333333333
2015,1,30,12,0,6.361,0
2015,1,30,18,0,0.787,0.751666666666667
2015,1,31,0,0,-0.972,0.995
2015,1,31,6,0,2,0.41
2015,1,31,12,0,5.843,0
2015,1,31,18,0,3.5,0.035
2015,2,1,0,0.2286,4.407,0
2015,2,1,6,4.9276,5.056,0
2015,2,1,12,0.2032,4.88,0
2015,2,1,18,0,3.667,0.0166666666666667
2015,2,2,0,0,3.759,0.0266666666666667
2015,2,2,6,0.8382,5.491,0
2015,2,2,12,1.9558,5.991,0
2015,2,2,18,1.6002,5.343,0
2015,2,3,0,1.0668,5.204,0
2015,2,3,6,0.1778,5.241,0
2015,2,3,12,0.254,5.944,0
2015,2,3,18,0.0508,4.185,0
2015,2,4,0,0,2.556,0.0416666666666667
2015,2,4,6,0.0254,4.333,0.0166666666666667
2015,2,4,12,1.2192,7.426,0
2015,2,4,18,3.0226,5.259,0
2015,2,5,0,12.827,6.426,0
2015,2,5,6,5.1054,8.685,0
2015,2,5,12,2.6924,10.935,0
2015,2,5,18,2.6416,8.565,0
2015,2,6,0,2.9464,9.574,0
2015,2,6,6,2.286,10.833,0
2015,2,6,12,5.1308,10.963,0
2015,2,6,18,1.1684,8.63,0
2015,2,7,0,1.6256,8.398,0
2015,2,7,6,7.8994,9.583,0
2015,2,7,12,20.5994,10.694,0
2015,2,7,18,3.7592,7.917,0
2015,2,8,0,3.0734,7.398,0
2015,2,8,6,0.1524,7.907,0
2015,2,8,12,0,10.435,0
2015,2,8,18,0.4572,7.796,0
2015,2,9,0,0.1778,6.806,0
2015,2,9,6,0.9144,8.62,0
2015,2,9,12,0.5334,9.62,0
2015,2,9,18,0.254,7.065,0
2015,2,10,0,3.1496,7.028,0
2015,2,10,6,1.2192,9.176,0
2015,2,10,12,0.6096,9.315,0
2015,2,10,18,0,5.361,0
2015,2,11,0,0.0762,5.519,0
2015,2,11,6,0,7.278,0
2015,2,11,12,0,9.046,0
2015,2,11,18,0,7.176,0
2015,2,12,0,0,6.954,0
2015,2,12,6,0.2794,7.472,0
2015,2,12,12,0.508,10.13,0
2015,2,12,18,0.254,6.972,0
2015,2,13,0,0,6.722,0
2015,2,13,6,0,8.389,0
2015,2,13,12,0.6858,10.176,0
2015,2,13,18,1.9558,6.13,0
2015,2,14,0,0.4826,4.685,0
2015,2,14,6,0,7.093,0
2015,2,14,12,0,9.204,0
2015,2,14,18,0,2.889,0.0916666666666667
2015,2,15,0,0,0.769,0.55
2015,2,15,6,0,4.444,0.11
2015,2,15,12,0,9.556,0
2015,2,15,18,0,1.63,0.66
2015,2,16,0,0,0.556,0.978333333333333
2015,2,16,6,0,4.87,0.23
2015,2,16,12,0,11.065,0
2015,2,16,18,0,2.491,0.478333333333333
2015,2,17,0,0,0.352,0.955
2015,2,17,6,0,3.111,0.458333333333333
2015,2,17,12,0,10.056,0
2015,2,17,18,0,3.796,0.383333333333333
2015,2,18,0,0,2.361,0.628333333333333
2015,2,18,6,0,5.361,0.0733333333333333
2015,2,18,12,0,8.639,0
2015,2,18,18,0.0762,4.5,0
2015,2,19,0,0.0254,3.12,0.0333333333333333
2015,2,19,6,0.0508,5.454,0.00333333333333333
2015,2,19,12,0.2032,7.981,0
2015,2,19,18,0,5.843,0
2015,2,20,0,0,5.139,0
2015,2,20,6,0.4064,7.009,0
2015,2,20,12,0.4318,9.269,0
2015,2,20,18,0.1016,3.315,0.0316666666666667
2015,2,21,0,0,0.111,0.715
2015,2,21,6,0,3.389,0.305
2015,2,21,12,0,8.954,0
2015,2,21,18,0,2.861,0.425
2015,2,22,0,0,-1.287,1
2015,2,22,6,0,2.185,0.521666666666667
2015,2,22,12,0,8.574,0
2015,2,22,18,0,0.639,0.795
2015,2,23,0,0,-2.657,1
2015,2,23,6,0,3.315,0.433333333333333
2015,2,23,12,0,8.565,0
2015,2,23,18,0,2.269,0.561666666666667
2015,2,24,0,0,-1.398,0.995
2015,2,24,6,0,2.046,0.493333333333333
2015,2,24,12,0,6.639,0
2015,2,24,18,0,0.648,0.661666666666667
2015,2,25,0,0.0508,-0.343,0.878333333333333
2015,2,25,6,0,3.074,0.266666666666667
2015,2,25,12,0,6.63,0
2015,2,25,18,0,4.907,0
2015,2,26,0,0.127,4.204,0
2015,2,26,6,0.2032,5.056,0
2015,2,26,12,0.254,7.75,0
2015,2,26,18,0.9144,4.657,0
2015,2,27,0,1.0668,4.824,0
2015,2,27,6,0.0762,5.648,0
2015,2,27,12,0.0254,9.019,0
2015,2,27,18,0,6.546,0
2015,2,28,0,0,3.648,0.1
2015,2,28,6,0,2.759,0.46
2015,2,28,12,0,7.639,0
2015,2,28,18,0,-0.75,0.91
2015,3,1,0,0,-0.981,1
2015,3,1,6,0,3.269,0.451666666666667
2015,3,1,12,0,7.417,0
2015,3,1,18,0,3.231,0.0583333333333333
2015,3,2,0,0,1.685,0.275
2015,3,2,6,0,3.38,0.123333333333333
2015,3,2,12,0,6.87,0
2015,3,2,18,0,3.5,0.103333333333333
2015,3,3,0,0,-0.167,0.911666666666667
2015,3,3,6,0,0.898,0.651666666666667
2015,3,3,12,0,6.343,0.01
2015,3,3,18,0,-0.352,0.94
2015,3,4,0,0,-2.176,1
2015,3,4,6,0,1.093,0.593333333333333
2015,3,4,12,0,7.88,0
2015,3,4,18,0,-0.278,0.785
2015,3,5,0,0,-2.315,1
2015,3,5,6,0,3.676,0.401666666666667
2015,3,5,12,0,9.963,0
2015,3,5,18,0,0.204,0.773333333333333
2015,3,6,0,0,-0.444,0.953333333333333
2015,3,6,6,0,4.796,0.21
2015,3,6,12,0,11.509,0
2015,3,6,18,0,1.037,0.763333333333333
2015,3,7,0,0,-0.019,0.958333333333333
2015,3,7,6,0,1.935,0.528333333333333
2015,3,7,12,0,10.824,0
2015,3,7,18,0,2.565,0.541666666666667
2015,3,8,0,0,-0.787,0.99
2015,3,8,6,0,3.602,0.413333333333333
2015,3,8,12,0,10.935,0
2015,3,8,18,0,3.009,0.426666666666667
2015,3,9,0,0,-0.407,0.956666666666667
2015,3,9,6,0,3.704,0.42
2015,3,9,12,0,11.509,0
2015,3,9,18,0,2.991,0.243333333333333
2015,3,10,0,0,0.852,0.733333333333333
2015,3,10,6,0,4.815,0.213333333333333
2015,3,10,12,0,12.611,0
2015,3,10,18,0,9.713,0
2015,3,11,0,0.1016,5.315,0.00666666666666667
2015,3,11,6,1.2446,8.12,0
2015,3,11,12,1.3462,12.741,0
2015,3,11,18,5.1054,10.685,0
2015,3,12,0,0.7112,9.759,0
2015,3,12,6,0,10.704,0
2015,3,12,12,0,12.565,0
2015,3,12,18,0,8.074,0
2015,3,13,0,0,6.769,0
2015,3,13,6,0,10.889,0
2015,3,13,12,0,14.324,0
2015,3,13,18,0.8382,9.88,0
2015,3,14,0,11.5824,7.5,0
2015,3,14,6,10.9474,9.185,0
2015,3,14,12,2.3368,9.935,0
2015,3,14,18,0.0762,6.296,0
2015,3,15,0,2.2098,4.722,0
2015,3,15,6,9.6266,7.185,0
2015,3,15,12,21.3106,9.148,0
2015,3,15,18,4.4958,7.074,0
2015,3,16,0,0.5334,4.657,0.00166666666666667
2015,3,16,6,2.413,4.454,0.045
2015,3,16,12,1.2192,10.398,0
2015,3,16,18,1.2192,4.759,0.03
2015,3,17,0,1.0922,1.852,0.365
2015,3,17,6,0,6.194,0.0283333333333333
2015,3,17,12,0,11.602,0
2015,3,17,18,0,6.009,0
2015,3,18,0,0,3.843,0.00833333333333333
2015,3,18,6,0,6.213,0.00166666666666667
2015,3,18,12,0,10.426,0
2015,3,18,18,0,6.407,0
2015,3,19,0,0.0762,6.009,0
2015,3,19,6,1.4732,7.667,0
2015,3,19,12,1.9558,9.972,0
2015,3,19,18,3.5814,8.667,0
2015,3,20,0,3.3528,7.657,0
2015,3,20,6,0.8382,8.611,0
2015,3,20,12,2.4892,10.12,0
2015,3,20,18,1.8034,8.111,0
2015,3,21,0,3.5052,6.694,0
2015,3,21,6,5.8674,7.963,0
2015,3,21,12,1.143,9.157,0
2015,3,21,18,0.2286,3.898,0.015
2015,3,22,0,0.0254,2.713,0.0716666666666667
2015,3,22,6,0,5.611,0.00166666666666667
2015,3,22,12,0.7366,8.176,0
2015,3,22,18,1.2954,4.657,0
2015,3,23,0,0.7112,3.444,0.01
2015,3,23,6,0,6.12,0
2015,3,23,12,2.1336,8.926,0
2015,3,23,18,2.9718,6.046,0
2015,3,24,0,2.1082,4.556,0
2015,3,24,6,0.1016,5.639,0
2015,3,24,12,0.0254,8.852,0
2015,3,24,18,0.0762,5.537,0
2015,3,25,0,1.905,6.287,0
2015,3,25,6,2.4892,7.954,0
2015,3,25,12,1.7526,11.917,0
2015,3,25,18,1.3462,9.546,0
2015,3,26,0,0.1524,8.63,0
2015,3,26,6,0,10.583,0
2015,3,26,12,0,14.333,0
2015,3,26,18,0,7.528,0
2015,3,27,0,0,6.407,0
2015,3,27,6,0.0508,10.148,0
2015,3,27,12,0.381,14.111,0
2015,3,27,18,3.81,10.435,0
2015,3,28,0,3.2766,7.546,0
2015,3,28,6,0.4826,7.574,0
2015,3,28,12,0.0508,10.685,0
2015,3,28,18,0.508,7.694,0
2015,3,29,0,0.6858,7.111,0
2015,3,29,6,2.9718,9.417,0
2015,3,29,12,1.1684,12.843,0
2015,3,29,18,0.254,8.519,0
2015,3,30,0,0.2032,7.139,0
2015,3,30,6,0,8.907,0
2015,3,30,12,0,12.769,0
2015,3,30,18,0.0762,9.537,0
2015,3,31,0,3.7592,6.889,0
2015,3,31,6,0.4826,6.926,0
2015,3,31,12,0.7366,9.565,0
2015,3,31,18,1.5748,5.046,0
2015,4,1,0,1.5748,4.009,0.00333333333333333
2015,4,1,6,0.9652,5.583,0.00333333333333333
2015,4,1,12,0.7874,9.37,0
2015,4,1,18,0.7366,5.528,0
2015,4,2,0,0.4318,2.639,0.0466666666666667
2015,4,2,6,0,5.537,0.00166666666666667
2015,4,2,12,0,9.25,0
2015,4,2,18,0,4.157,0.00833333333333333
2015,4,3,0,0.0254,3.083,0.0283333333333333
2015,4,3,6,0,6.287,0
2015,4,3,12,3.683,9.38,0
2015,4,3,18,0.4318,4.602,0.00166666666666667
2015,4,4,0,0.508,1.667,0.27
2015,4,4,6,0,5.63,0.01
2015,4,4,12,0,10.426,0
2015,4,4,18,0,3.796,0.101666666666667
2015,4,5,0,0,0.037,0.871666666666667
2015,4,5,6,0,5.491,0.04
2015,4,5,12,0,10.259,0
2015,4,5,18,0,4.278,0.1
2015,4,6,0,0.0508,0.065,0.871666666666667
2015,4,6,6,0.1524,6.306,0.0783333333333333
2015,4,6,12,0.1524,10.963,0
2015,4,6,18,0.1778,2.62,0.2
2015,4,7,0,0.1778,0.731,0.718333333333333
2015,4,7,6,0,6.213,0.025
2015,4,7,12,0,12.25,0
2015,4,7,18,0,4.25,0.133333333333333
2015,4,8,0,0,1.269,0.655
2015,4,8,6,0,7.287,0.015
2015,4,8,12,0,13.704,0
2015,4,8,18,0,3.454,0.276666666666667
2015,4,9,0,0.0254,0.574,0.805
2015,4,9,6,0.1524,7.648,0.0233333333333333
2015,4,9,12,1.016,13.009,0
2015,4,9,18,2.8194,5.296,0.03
2015,4,10,0,1.016,2.407,0.193333333333333
2015,4,10,6,0,8.287,0
2015,4,10,12,4.318,10.333,0
2015,4,10,18,2.0828,5.352,0
2015,4,11,0,0.8636,3.731,0.005
2015,4,11,6,1.3462,4.676,0.00333333333333333
2015,4,11,12,1.1176,7.204,0
2015,4,11,18,1.0922,4.722,0
2015,4,12,0,0.381,3.704,0.0116666666666667
2015,4,12,6,0.3556,5.259,0.00166666666666667
2015,4,12,12,0.2032,7.787,0
2015,4,12,18,0.2286,4.12,0.0133333333333333
2015,4,13,0,0.508,3.796,0.0133333333333333
2015,4,13,6,2.0828,6.491,0
2015,4,13,12,5.8928,8.972,0
2015,4,13,18,1.016,3.963,0.0266666666666667
2015,4,14,0,0.9652,1.389,0.331666666666667
2015,4,14,6,0.127,4.407,0.035
2015,4,14,12,0.2032,9.593,0
2015,4,14,18,0.1016,2.389,0.333333333333333
2015,4,15,0,0,0.093,0.816666666666667
2015,4,15,6,0,6.231,0.0566666666666667
2015,4,15,12,0,12.046,0
2015,4,15,18,0,2,0.525
2015,4,16,0,0,-0.065,0.92
2015,4,16,6,0,7.472,0.0233333333333333
2015,4,16,12,0,14.722,0
2015,4,16,18,0,5.556,0.0366666666666667
2015,4,17,0,0,2.361,0.3
2015,4,17,6,0,8.509,0.00166666666666667
2015,4,17,12,0,15.148,0
2015,4,17,18,0,6.065,0.0133333333333333
2015,4,18,0,0,2.352,0.366666666666667
2015,4,18,6,0,8.537,0.00666666666666667
2015,4,18,12,0,15.833,0
2015,4,18,18,0,7.148,0.0283333333333333
2015,4,19,0,0,2.5,0.516666666666667
2015,4,19,6,0,10.833,0.00166666666666667
2015,4,19,12,0,17.648,0
2015,4,19,18,0,8.398,0.00166666666666667
2015,4,20,0,0,4.028,0.156666666666667
2015,4,20,6,0,11.009,0
2015,4,20,12,0,15.861,0
2015,4,20,18,0,8.963,0
2015,4,21,0,0,5.537,0
2015,4,21,6,0.0508,11.519,0
2015,4,21,12,0,12.694,0
2015,4,21,18,1.2446,7.519,0
2015,4,22,0,0.127,4.611,0
2015,4,22,6,0,6.528,0
2015,4,22,12,0,9.602,0
2015,4,22,18,0,5.426,0
2015,4,23,0,0.1016,4.611,0
2015,4,23,6,0.7112,7.287,0
2015,4,23,12,2.54,8.12,0
2015,4,23,18,2.9972,5.491,0
2015,4,24,0,1.2446,4.287,0
2015,4,24,6,1.8796,5.102,0
2015,4,24,12,1.524,8.324,0
2015,4,24,18,3.683,5.657,0
2015,4,25,0,1.27,2.556,0.125
2015,4,25,6,0.2032,4.574,0.0316666666666667
2015,4,25,12,0.127,10.324,0
2015,4,25,18,0.0254,4.407,0.145
2015,4,26,0,0,1.111,0.55
2015,4,26,6,0,10.12,0
2015,4,26,12,0,15.083,0
2015,4,26,18,0,8.583,0
2015,4,27,0,0,6.917,0
2015,4,27,6,0,10.907,0
2015,4,27,12,0,15.12,0
2015,4,27,18,0,13.278,0
2015,4,28,0,0,11.639,0
2015,4,28,6,0.9906,13.667,0
2015,4,28,12,0.635,12.481,0
2015,4,28,18,0,7.944,0
2015,4,29,0,0.1016,6.5,0
2015,4,29,6,0.4826,9.269,0
2015,4,29,12,0.8128,12.537,0
2015,4,29,18,0.7366,8.611,0
2015,4,30,0,0.4064,6.713,0
2015,4,30,6,0,9.046,0
2015,4,30,12,0,13.685,0
2015,4,30,18,0,8.639,0
2015,5,1,0,0,5.685,0
2015,5,1,6,0,10.824,0
2015,5,1,12,0,14.444,0
2015,5,1,18,0,9.13,0
2015,5,2,0,0,5.157,0.00166666666666667
2015,5,2,6,0,11.12,0
2015,5,2,12,0,15.963,0
2015,5,2,18,0,6.861,0.07
2015,5,3,0,0,1.75,0.621666666666667
2015,5,3,6,0,10.111,0.00166666666666667
2015,5,3,12,0,15.444,0
2015,5,3,18,0,7.833,0.00333333333333333
2015,5,4,0,0,3.519,0.0616666666666667
2015,5,4,6,0,11.13,0
2015,5,4,12,0.6858,13.139,0
2015,5,4,18,2.667,7.37,0
2015,5,5,0,5.715,4.87,0
2015,5,5,6,9.0424,6.954,0
2015,5,5,12,1.4224,12.917,0
2015,5,5,18,1.143,7.38,0
2015,5,6,0,0,3.537,0.03
2015,5,6,6,0,9.769,0
2015,5,6,12,0,15.583,0
2015,5,6,18,0.127,7.12,0.015
2015,5,7,0,0,2.333,0.216666666666667
2015,5,7,6,0,11.917,0
2015,5,7,12,0,19.259,0
2015,5,7,18,0,10.306,0
2015,5,8,0,0,4.759,0.0166666666666667
2015,5,8,6,0,12.861,0
2015,5,8,12,0,20.796,0
2015,5,8,18,0,10.565,0
2015,5,9,0,0,5.62,0.0166666666666667
2015,5,9,6,0,14.574,0
2015,5,9,12,0,19.917,0
2015,5,9,18,0,12.083,0
2015,5,10,0,0,7.778,0
2015,5,10,6,0,14.435,0
2015,5,10,12,0,16.852,0
2015,5,10,18,0,11.704,0
2015,5,11,0,0,8.528,0
2015,5,11,6,0,12,0
2015,5,11,12,0,15.491,0
2015,5,11,18,0,10.287,0
2015,5,12,0,0,6.389,0
2015,5,12,6,0,11.333,0
2015,5,12,12,2.413,14.463,0
2015,5,12,18,1.0668,10.667,0
2015,5,13,0,3.2258,8.602,0
2015,5,13,6,1.2192,10.88,0
2015,5,13,12,0.5334,13.296,0
2015,5,13,18,0.4064,10.565,0
2015,5,14,0,0,8.907,0
2015,5,14,6,0,10.741,0
2015,5,14,12,0,15.537,0
2015,5,14,18,0,11.009,0
2015,5,15,0,0,7.111,0
2015,5,15,6,0,12.889,0
2015,5,15,12,0,15.88,0
2015,5,15,18,0,10.963,0
2015,5,16,0,0,9.074,0
2015,5,16,6,0,12.917,0
2015,5,16,12,0,17.056,0
2015,5,16,18,0,12.824,0
2015,5,17,0,0,9.833,0
2015,5,17,6,0,15.102,0
2015,5,17,12,0,20.296,0
2015,5,17,18,0,14.12,0
2015,5,18,0,0,9.676,0
2015,5,18,6,0,15.509,0
2015,5,18,12,0,19.63,0
2015,5,18,18,0,13.074,0
2015,5,19,0,0,8.944,0
2015,5,19,6,0,15.917,0
2015,5,19,12,0,20.352,0
2015,5,19,18,0,13.222,0
2015,5,20,0,0,8.62,0
2015,5,20,6,0,16.556,0
2015,5,20,12,0.0254,21.574,0
2015,5,20,18,0,14.398,0
2015,5,21,0,0.0254,9.472,0
2015,5,21,6,0.1778,16.37,0
2015,5,21,12,0.3556,19.222,0
2015,5,21,18,0.5334,14.009,0
2015,5,22,0,0.2032,10.398,0
2015,5,22,6,0,14.269,0
2015,5,22,12,0.889,15.306,0
2015,5,22,18,0.4826,11.722,0
2015,5,23,0,0.1016,10.546,0
2015,5,23,6,0.127,13.13,0
2015,5,23,12,0.0508,15.481,0
2015,5,23,18,0,12.38,0
2015,5,24,0,0.0762,9.917,0
2015,5,24,6,0,12.62,0
2015,5,24,12,0,14.981,0
2015,5,24,18,0,11.741,0
2015,5,25,0,0.1524,9.528,0
2015,5,25,6,1.6764,12.204,0
2015,5,25,12,0.2794,16.185,0
2015,5,25,18,0.0508,13.111,0
2015,5,26,0,0,10.102,0
2015,5,26,6,0,15.5,0
2015,5,26,12,0,19.37,0
2015,5,26,18,0,14.796,0
2015,5,27,0,0,10.37,0
2015,5,27,6,0,16.324,0
2015,5,27,12,0,21.722,0
2015,5,27,18,0,14.806,0
2015,5,28,0,0,9.074,0
2015,5,28,6,0,17.231,0
2015,5,28,12,0,22.426,0
2015,5,28,18,0,15.222,0
2015,5,29,0,0,10.204,0
2015,5,29,6,0,17.389,0
2015,5,29,12,0,20.972,0
2015,5,29,18,0,15.194,0
2015,5,30,0,0,10.472,0
2015,5,30,6,0,16.389,0
2015,5,30,12,0,20.278,0
2015,5,30,18,0,13.417,0
2015,5,31,0,0,7.324,0
2015,5,31,6,0,14.62,0
2015,5,31,12,0,18.407,0
2015,5,31,18,0,13.398,0
2015,6,1,0,0,10.565,0
2015,6,1,6,0.0762,14.75,0
2015,6,1,12,1.5748,16.046,0
2015,6,1,18,2.4384,13.12,0
2015,6,2,0,3.5052,11.62,0
2015,6,2,6,1.524,11.944,0
2015,6,2,12,1.3208,12.815,0
2015,6,2,18,0.508,12.38,0
2015,6,3,0,0.3556,11.944,0
2015,6,3,6,0,13.796,0
2015,6,3,12,0,15.787,0
2015,6,3,18,0,13.398,0
2015,6,4,0,0,11.148,0
2015,6,4,6,0,14.009,0
2015,6,4,12,0,19.75,0
2015,6,4,18,0,14.472,0
2015,6,5,0,0,8.833,0
2015,6,5,6,0,17.37,0
2015,6,5,12,0,22.954,0
2015,6,5,18,0,15.37,0
2015,6,6,0,0,9.796,0
2015,6,6,6,0,18.667,0
2015,6,6,12,0,24.944,0
2015,6,6,18,0,17.491,0
2015,6,7,0,0,10.759,0
2015,6,7,6,0,19.806,0
2015,6,7,12,0,25.287,0
2015,6,7,18,0,18.269,0
2015,6,8,0,0,12.046,0
2015,6,8,6,0,20.204,0
2015,6,8,12,0,23.667,0
2015,6,8,18,0,17.167,0
2015,6,9,0,0,11.648,0
2015,6,9,6,0,18.593,0
2015,6,9,12,0,21.63,0
2015,6,9,18,0,15.046,0
2015,6,10,0,0,9.63,0
2015,6,10,6,0,17.139,0
2015,6,10,12,0,20.556,0
2015,6,10,18,0,14.296,0
2015,6,11,0,0,9.324,0
2015,6,11,6,0,16.491,0
2015,6,11,12,0,18.806,0
2015,6,11,18,0,13.537,0
2015,6,12,0,0,9.463,0
2015,6,12,6,0,14.574,0
2015,6,12,12,0,19.13,0
2015,6,12,18,0,12.306,0
2015,6,13,0,0,6,0
2015,6,13,6,0,15.528,0
2015,6,13,12,0,22.259,0
2015,6,13,18,0,12.713,0
2015,6,14,0,0,6.352,0
2015,6,14,6,0,18.157,0
2015,6,14,12,0,24.917,0
2015,6,14,18,0,16.972,0
2015,6,15,0,0,9.63,0
2015,6,15,6,0,18.796,0
2015,6,15,12,0,22.806,0
2015,6,15,18,0,15.648,0
2015,6,16,0,0,9.759,0
2015,6,16,6,0,17.065,0
2015,6,16,12,0,20.556,0
2015,6,16,18,0,14.111,0
2015,6,17,0,0,9.546,0
2015,6,17,6,0,16.324,0
2015,6,17,12,0,20.083,0
2015,6,17,18,0,13.833,0
2015,6,18,0,0.0762,10.12,0
2015,6,18,6,0,15.796,0
2015,6,18,12,0.3302,19.028,0
2015,6,18,18,1.2954,15.593,0
2015,6,19,0,0.8128,11.87,0
2015,6,19,6,0,14.657,0
2015,6,19,12,0,19.491,0
2015,6,19,18,0,13.741,0
2015,6,20,0,0,7.519,0
2015,6,20,6,0,16.287,0
2015,6,20,12,0,21.88,0
2015,6,20,18,0,14.185,0
2015,6,21,0,0,8.602,0
2015,6,21,6,0,16.463,0
2015,6,21,12,0,21.333,0
2015,6,21,18,0,14.991,0
2015,6,22,0,0,9.843,0
2015,6,22,6,0,16.861,0
2015,6,22,12,0,20.917,0
2015,6,22,18,0,14.278,0
2015,6,23,0,0,8.75,0
2015,6,23,6,0,16.259,0
2015,6,23,12,0,21.222,0
2015,6,23,18,0,14.37,0
2015,6,24,0,0,9.861,0
2015,6,24,6,0,20.176,0
2015,6,24,12,0,22.944,0
2015,6,24,18,0,16.667,0
2015,6,25,0,0,10.083,0
2015,6,25,6,0,20.083,0
2015,6,25,12,0,26.907,0
2015,6,25,18,0,18.991,0
2015,6,26,0,0,12.287,0
2015,6,26,6,0,21.037,0
2015,6,26,12,0,27.815,0
2015,6,26,18,0,19.907,0
2015,6,27,0,0,12.87,0
2015,6,27,6,0,21.593,0
2015,6,27,12,0,27.241,0
2015,6,27,18,0,20.426,0
2015,6,28,0,0,14.769,0
2015,6,28,6,0,22.509,0
2015,6,28,12,0,26.481,0
2015,6,28,18,0,19.694,0
2015,6,29,0,0.3048,15.898,0
2015,6,29,6,0.1524,21.407,0
2015,6,29,12,0,25.676,0
2015,6,29,18,0,19.37,0
2015,6,30,0,0,13.519,0
2015,6,30,6,0,21.926,0
2015,6,30,12,0,26.685,0
2015,6,30,18,0,19.352,0
2015,7,1,0,0,13.519,0
2015,7,1,6,0,20.963,0
2015,7,1,12,0,27.074,0
2015,7,1,18,0,20.407,0
2015,7,2,0,0,14.667,0
2015,7,2,6,0,21.981,0
2015,7,2,12,0,26.87,0
2015,7,2,18,0,20.75,0
2015,7,3,0,0,15.435,0
2015,7,3,6,0,22.463,0
2015,7,3,12,0,26.463,0
2015,7,3,18,0,20.074,0
2015,7,4,0,0,13.731,0
2015,7,4,6,0,22.315,0
2015,7,4,12,0,29,0
2015,7,4,18,0,20.907,0
2015,7,5,0,0,13.907,0
2015,7,5,6,0,20.259,0
2015,7,5,12,0,26.278,0
2015,7,5,18,0,19.065,0
2015,7,6,0,0,13.306,0
2015,7,6,6,0,19.861,0
2015,7,6,12,0,22.981,0
2015,7,6,18,0,17.185,0
2015,7,7,0,0,12.685,0
2015,7,7,6,0,19.065,0
2015,7,7,12,0,23.981,0
2015,7,7,18,0,18.167,0
2015,7,8,0,0,12.806,0
2015,7,8,6,0,20.481,0
2015,7,8,12,0,25.12,0
2015,7,8,18,0,18.213,0
2015,7,9,0,0,13.12,0
2015,7,9,6,0,19.074,0
2015,7,9,12,0,22.185,0
2015,7,9,18,0,17.287,0
2015,7,10,0,0,13.907,0
2015,7,10,6,0,17.287,0
2015,7,10,12,0,20.713,0
2015,7,10,18,0,17.25,0
2015,7,11,0,0.2794,14.75,0
2015,7,11,6,0.4064,16.5,0
2015,7,11,12,0,18.222,0
2015,7,11,18,0.1524,15.194,0
2015,7,12,0,0.3048,14.667,0
2015,7,12,6,0.0762,17.731,0
2015,7,12,12,0.0508,21.398,0
2015,7,12,18,0.0762,17.556,0
2015,7,13,0,2.5654,13.769,0
2015,7,13,6,4.8514,17.611,0
2015,7,13,12,0.5588,21.907,0
2015,7,13,18,0,17.037,0
2015,7,14,0,0,11.056,0
2015,7,14,6,0,17.222,0
2015,7,14,12,0,21.981,0
2015,7,14,18,0,15.824,0
2015,7,15,0,0,11.287,0
2015,7,15,6,0,18.028,0
2015,7,15,12,0,21.37,0
2015,7,15,18,0,16.454,0
2015,7,16,0,0,13.593,0
2015,7,16,6,0,17.769,0
2015,7,16,12,0,23.222,0
2015,7,16,18,0,16.833,0
2015,7,17,0,0,11.185,0
2015,7,17,6,0,20.222,0
2015,7,17,12,0,26.954,0
2015,7,17,18,0,18.981,0
2015,7,18,0,0,12.25,0
2015,7,18,6,0,22.157,0
2015,7,18,12,0,29.093,0
2015,7,18,18,0,21.815,0
2015,7,19,0,0,15.546,0
2015,7,19,6,0,22.972,0
2015,7,19,12,0,26.685,0
2015,7,19,18,0,20.731,0
2015,7,20,0,0,16.222,0
2015,7,20,6,0,20.278,0
2015,7,20,12,0,21.944,0
2015,7,20,18,0,17.083,0
2015,7,21,0,0,13.435,0
2015,7,21,6,0,16.907,0
2015,7,21,12,0,20.259,0
2015,7,21,18,0,15.583,0
2015,7,22,0,0,11.63,0
2015,7,22,6,0,16.231,0
2015,7,22,12,0,20.704,0
2015,7,22,18,0,16.343,0
2015,7,23,0,0,12.426,0
2015,7,23,6,0,16.435,0
2015,7,23,12,0,19.148,0
2015,7,23,18,0,15.093,0
2015,7,24,0,0.0254,12.185,0
2015,7,24,6,2.9464,15.87,0
2015,7,24,12,1.6002,17.343,0
2015,7,24,18,8.4328,15.796,0
2015,7,25,0,6.604,13.25,0
2015,7,25,6,0,15.546,0
2015,7,25,12,0.0254,17.824,0
2015,7,25,18,0.0254,14.352,0
2015,7,26,0,0.2032,12.611,0
2015,7,26,6,0.7874,16.417,0
2015,7,26,12,1.4224,19.019,0
2015,7,26,18,0.4572,15.389,0
2015,7,27,0,0.127,11.389,0
2015,7,27,6,0,16.352,0
2015,7,27,12,0,21.583,0
2015,7,27,18,0,15.324,0
2015,7,28,0,0,11.296,0
2015,7,28,6,0,17.574,0
2015,7,28,12,0,24.75,0
2015,7,28,18,0,17.167,0
2015,7,29,0,0,10.991,0
2015,7,29,6,0,20.38,0
2015,7,29,12,0,27.546,0
2015,7,29,18,0,18.046,0
2015,7,30,0,0,11.444,0
2015,7,30,6,0,20.991,0
2015,7,30,12,0,28.148,0
2015,7,30,18,0,18.056,0
2015,7,31,0,0,11.75,0
2015,7,31,6,0,21.324,0
2015,7,31,12,0,27.815,0
2015,7,31,18,0,18.102,0
2015,8,1,0,0,11.852,0
2015,8,1,6,0,20.806,0
2015,8,1,12,0,26.824,0
2015,8,1,18,0,18.63,0
2015,8,2,0,0,13.565,0
2015,8,2,6,0,20.241,0
2015,8,2,12,0,24.944,0
2015,8,2,18,0,17.5,0
2015,8,3,0,0,12.889,0
2015,8,3,6,0,19.148,0
2015,8,3,12,0,23.102,0
2015,8,3,18,0,16.611,0
2015,8,4,0,0,12.352,0
2015,8,4,6,0,17.694,0
2015,8,4,12,0,21.5,0
2015,8,4,18,0,15.926,0
2015,8,5,0,0.1016,11.935,0
2015,8,5,6,1.5748,18.065,0
2015,8,5,12,6.1214,19.231,0
2015,8,5,18,2.286,15.583,0
2015,8,6,0,2.2098,12.657,0
2015,8,6,6,0,16.944,0
2015,8,6,12,0,22.37,0
2015,8,6,18,0,14.926,0
2015,8,7,0,0,9.88,0
2015,8,7,6,0,17.5,0
2015,8,7,12,0,22.611,0
2015,8,7,18,0,15.111,0
2015,8,8,0,0,12.102,0
2015,8,8,6,0,18.852,0
2015,8,8,12,0,23.13,0
2015,8,8,18,0,17.722,0
2015,8,9,0,0,14.426,0
2015,8,9,6,0,17.843,0
2015,8,9,12,0,24.12,0
2015,8,9,18,0,16.88,0
2015,8,10,0,0,12.093,0
2015,8,10,6,0,18.926,0
2015,8,10,12,0,26.278,0
2015,8,10,18,0,17.667,0
2015,8,11,0,0,11.778,0
2015,8,11,6,0,19.361,0
2015,8,11,12,0,26.13,0
2015,8,11,18,0,18.259,0
2015,8,12,0,0,13.741,0
2015,8,12,6,0,20.593,0
2015,8,12,12,0,25.944,0
2015,8,12,18,0,18.259,0
2015,8,13,0,0,13.556,0
2015,8,13,6,0,18.694,0
2015,8,13,12,0,23.046,0
2015,8,13,18,0,17.491,0
2015,8,14,0,0.0254,14.037,0
2015,8,14,6,1.27,18.009,0
2015,8,14,12,7.239,17.269,0
2015,8,14,18,1.9304,14.009,0
2015,8,15,0,0.3302,13.694,0
2015,8,15,6,0,15.556,0
2015,8,15,12,0,19.231,0
2015,8,15,18,0,15.167,0
2015,8,16,0,0,11.935,0
2015,8,16,6,0,16.981,0
2015,8,16,12,0,22.806,0
2015,8,16,18,0,15.75,0
2015,8,17,0,0,10.657,0
2015,8,17,6,0,17.87,0
2015,8,17,12,0,25.194,0
2015,8,17,18,0,16.222,0
2015,8,18,0,0,11.639,0
2015,8,18,6,0,20.028,0
2015,8,18,12,0,26.398,0
2015,8,18,18,0,17.667,0
2015,8,19,0,0,13.204,0
2015,8,19,6,0,20.37,0
2015,8,19,12,0,24.296,0
2015,8,19,18,0,17.12,0
2015,8,20,0,0,13.917,0
2015,8,20,6,0,18.037,0
2015,8,20,12,0,21.046,0
2015,8,20,18,0,16.13,0
2015,8,21,0,0,13,0
2015,8,21,6,0,16.028,0
2015,8,21,12,0,21.509,0
2015,8,21,18,0,14.389,0
2015,8,22,0,0,10.185,0
2015,8,22,6,0,17.157,0
2015,8,22,12,0,24.185,0
2015,8,22,18,0,14.306,0
2015,8,23,0,0,9.324,0
2015,8,23,6,0,17.38,0
2015,8,23,12,0,22.463,0
2015,8,23,18,0,13.556,0
2015,8,24,0,0,9.593,0
2015,8,24,6,0,16.833,0
2015,8,24,12,0,22.63,0
2015,8,24,18,0,12.444,0
2015,8,25,0,0,7.806,0
2015,8,25,6,0,15.861,0
2015,8,25,12,0,23.167,0
2015,8,25,18,0,11.611,0
2015,8,26,0,0,7.861,0
2015,8,26,6,0,17.241,0
2015,8,26,12,0,24.694,0
2015,8,26,18,0,14.111,0
2015,8,27,0,0,10.759,0
2015,8,27,6,0,18.528,0
2015,8,27,12,0,24.065,0
2015,8,27,18,0,15.185,0
2015,8,28,0,0.7366,13.63,0
2015,8,28,6,1.27,14.685,0
2015,8,28,12,0,21.5,0
2015,8,28,18,0.5842,16.917,0
2015,8,29,0,7.7216,15.611,0
2015,8,29,6,8.382,18.935,0
2015,8,29,12,4.3942,18.611,0
2015,8,29,18,15.2654,15.25,0
2015,8,30,0,9.7536,13.704,0
2015,8,30,6,1.4986,14.769,0
2015,8,30,12,0.8382,17.222,0
2015,8,30,18,2.3114,15.157,0
2015,8,31,0,3.6576,13.685,0
2015,8,31,6,9.1694,14.843,0
2015,8,31,12,9.906,16.185,0
2015,8,31,18,5.3594,14.102,0
2015,9,1,0,4.3942,13.5,0
2015,9,1,6,4.8006,14.5,0
2015,9,1,12,12.5222,14.815,0
2015,9,1,18,15.0114,11.722,0
2015,9,2,0,7.9502,9.241,0
2015,9,2,6,2.032,9.907,0
2015,9,2,12,2.6416,13.657,0
2015,9,2,18,2.667,9.731,0
2015,9,3,0,3.1242,8.352,0
2015,9,3,6,0.6604,11.556,0
2015,9,3,12,1.0668,15.194,0
2015,9,3,18,0.1778,9.472,0
2015,9,4,0,0,6.704,0
2015,9,4,6,0,11.602,0
2015,9,4,12,0.1016,16.815,0
2015,9,4,18,0.2032,9.157,0
2015,9,5,0,0,6.333,0
2015,9,5,6,0,11.713,0
2015,9,5,12,0,16.093,0
2015,9,5,18,0,9.87,0
2015,9,6,0,2.2098,9.185,0
2015,9,6,6,1.2446,13.037,0
2015,9,6,12,0,16.796,0
2015,9,6,18,0,10.333,0
2015,9,7,0,0.1778,9.722,0
2015,9,7,6,0,14.074,0
2015,9,7,12,0,17.454,0
2015,9,7,18,0,13.222,0
2015,9,8,0,2.032,13.287,0
2015,9,8,6,4.699,15.361,0
2015,9,8,12,1.9812,18.537,0
2015,9,8,18,0.0508,14.528,0
2015,9,9,0,0,11.75,0
2015,9,9,6,0,16.194,0
2015,9,9,12,0,20.704,0
2015,9,9,18,0,12.491,0
2015,9,10,0,0,9.509,0
2015,9,10,6,0,15.583,0
2015,9,10,12,0,22.815,0
2015,9,10,18,0,13.148,0
2015,9,11,0,0,10.056,0
2015,9,11,6,0,16.38,0
2015,9,11,12,0,22.139,0
2015,9,11,18,0,13.722,0
2015,9,12,0,0,10.574,0
2015,9,12,6,0,15.259,0
2015,9,12,12,0,19.472,0
2015,9,12,18,0,13.093,0
2015,9,13,0,0,10.361,0
2015,9,13,6,0,13.602,0
2015,9,13,12,0,15.398,0
2015,9,13,18,0,10.111,0
2015,9,14,0,0,7.546,0
2015,9,14,6,0,11.37,0
2015,9,14,12,0,14.824,0
2015,9,14,18,0,9.241,0
2015,9,15,0,0.1524,7.731,0
2015,9,15,6,0.5588,11.361,0
2015,9,15,12,0.0254,15.935,0
2015,9,15,18,0,9.361,0
2015,9,16,0,0,7.167,0
2015,9,16,6,0,12,0
2015,9,16,12,0.1016,16.074,0
2015,9,16,18,0.0762,10.824,0
2015,9,17,0,1.9558,9.981,0
2015,9,17,6,0,12.463,0
2015,9,17,12,0.6604,14.88,0
2015,9,17,18,0.5842,11.269,0
2015,9,18,0,0.9144,10.944,0
2015,9,18,6,0,13.278,0
2015,9,18,12,0.6858,15.148,0
2015,9,18,18,0.5588,13.343,0
2015,9,19,0,0.381,13.185,0
2015,9,19,6,2.4638,14.315,0
2015,9,19,12,3.0988,15.352,0
2015,9,19,18,3.2258,13.787,0
2015,9,20,0,5.1816,13.824,0
2015,9,20,6,7.0612,15.213,0
2015,9,20,12,18.9738,15.176,0
2015,9,20,18,0.7112,11.713,0
2015,9,21,0,0,7.796,0
2015,9,21,6,0,10.509,0
2015,9,21,12,0,15.185,0
2015,9,21,18,0,7.676,0
2015,9,22,0,0,4.407,0.0116666666666667
2015,9,22,6,0,9.278,0
2015,9,22,12,0,16.074,0
2015,9,22,18,0,7.083,0
2015,9,23,0,0,5.185,0
2015,9,23,6,0,10.917,0
2015,9,23,12,0,17.139,0
2015,9,23,18,0,11.537,0
2015,9,24,0,0,10.046,0
2015,9,24,6,0.508,12.63,0
2015,9,24,12,1.0414,15.602,0
2015,9,24,18,3.4036,11.741,0
2015,9,25,0,2.8448,10.278,0
2015,9,25,6,0.9652,10.843,0
2015,9,25,12,0.5842,13.898,0
2015,9,25,18,0,9.222,0
2015,9,26,0,0,7,0
2015,9,26,6,0.2032,9.259,0
2015,9,26,12,0.2032,13.88,0
2015,9,26,18,0,6.213,0
2015,9,27,0,0,3.259,0.0666666666666667
2015,9,27,6,0,8.639,0.00166666666666667
2015,9,27,12,0,16.583,0
2015,9,27,18,0,6.259,0.00666666666666667
2015,9,28,0,0,3.037,0.161666666666667
2015,9,28,6,0,9.731,0.00333333333333333
2015,9,28,12,0,18.148,0
2015,9,28,18,0,8.444,0
2015,9,29,0,0,4.778,0.0133333333333333
2015,9,29,6,0,10.444,0
2015,9,29,12,0,18.231,0
2015,9,29,18,0,8.463,0
2015,9,30,0,0,5.111,0.00166666666666667
2015,9,30,6,0,10.333,0
2015,9,30,12,0,17.019,0
2015,9,30,18,0,7.741,0
2015,10,1,0,0,5.5,0
2015,10,1,6,0,9.713,0
2015,10,1,12,0,15.259,0
2015,10,1,18,0,10.639,0
2015,10,2,0,0,8.343,0
2015,10,2,6,0.0254,11.704,0
2015,10,2,12,0.1778,13.898,0
2015,10,2,18,0,10.259,0
2015,10,3,0,0,9.731,0
2015,10,3,6,0,11.481,0
2015,10,3,12,0,17.907,0
2015,10,3,18,0,10.694,0
2015,10,4,0,0,7.593,0
2015,10,4,6,0,11.63,0
2015,10,4,12,0,18.157,0
2015,10,4,18,0,8.685,0
2015,10,5,0,0,5.5,0
2015,10,5,6,0,9.935,0
2015,10,5,12,0,16.343,0
2015,10,5,18,0,8.343,0
2015,10,6,0,0,6.231,0
2015,10,6,6,0,10.269,0
2015,10,6,12,0,14.417,0
2015,10,6,18,0,10.602,0
2015,10,7,0,0.762,9.917,0
2015,10,7,6,5.0546,11.139,0
2015,10,7,12,7.9756,12.769,0
2015,10,7,18,6.1722,11.917,0
2015,10,8,0,1.4224,11.907,0
2015,10,8,6,0,13.019,0
2015,10,8,12,0,17.528,0
2015,10,8,18,0,13.88,0
2015,10,9,0,0,13.398,0
2015,10,9,6,0,15.25,0
2015,10,9,12,0,16.074,0
2015,10,9,18,0,14.815,0
2015,10,10,0,0.254,14.407,0
2015,10,10,6,1.7018,14.972,0
2015,10,10,12,10.668,14.343,0
2015,10,10,18,7.1628,11.306,0
2015,10,11,0,0.3556,9.676,0
2015,10,11,6,0,10.833,0
2015,10,11,12,0,13.676,0
2015,10,11,18,0,11.019,0
2015,10,12,0,0,9.963,0
2015,10,12,6,2.4638,11.343,0
2015,10,12,12,2.8956,13.361,0
2015,10,12,18,0.6604,10.593,0
2015,10,13,0,0.8382,9.491,0
2015,10,13,6,0,10.157,0
2015,10,13,12,0,13.343,0
2015,10,13,18,0,6.944,0
2015,10,14,0,0,3.75,0.00833333333333333
2015,10,14,6,0,8.324,0.00166666666666667
2015,10,14,12,0,15.685,0
2015,10,14,18,0,6.565,0
2015,10,15,0,0,5.111,0
2015,10,15,6,0,10.62,0
2015,10,15,12,0,16.935,0
2015,10,15,18,0,8.194,0
2015,10,16,0,0,6.333,0
2015,10,16,6,0,10.5,0
2015,10,16,12,0,15.296,0
2015,10,16,18,0,8.769,0
2015,10,17,0,0,7.972,0
2015,10,17,6,0,11.204,0
2015,10,17,12,0,14.083,0
2015,10,17,18,0.127,10.556,0
2015,10,18,0,0,10.13,0
2015,10,18,6,0.0254,11.62,0
2015,10,18,12,0.0762,13.583,0
2015,10,18,18,0,11.62,0
2015,10,19,0,0.2032,9.778,0
2015,10,19,6,2.2352,11.194,0
2015,10,19,12,4.064,13.5,0
2015,10,19,18,0.3048,10.213,0
2015,10,20,0,0,8.046,0
2015,10,20,6,0,9.12,0
2015,10,20,12,0,12.519,0
2015,10,20,18,0,7.093,0
2015,10,21,0,0,5.5,0
2015,10,21,6,0,9.343,0
2015,10,21,12,0.1016,12.806,0
2015,10,21,18,0.0762,8.648,0
2015,10,22,0,0.1016,6.5,0
2015,10,22,6,0,8.278,0
2015,10,22,12,0,11.889,0
2015,10,22,18,0,5.204,0
2015,10,23,0,0,2.972,0.0133333333333333
2015,10,23,6,0,6.704,0
2015,10,23,12,0,10.815,0
2015,10,23,18,0,3.907,0.143333333333333
2015,10,24,0,0,1.815,0.575
2015,10,24,6,0,7.343,0.163333333333333
2015,10,24,12,0,13.611,0
2015,10,24,18,0,9.056,0
2015,10,25,0,0,6.954,0
2015,10,25,6,0,10.278,0
2015,10,25,12,0.127,13.019,0
2015,10,25,18,6.5024,9.491,0
2015,10,26,0,1.2192,9.324,0
2015,10,26,6,0,11.111,0
2015,10,26,12,0,13.028,0
2015,10,26,18,0,10.176,0
2015,10,27,0,0,6.676,0
2015,10,27,6,0,8.259,0
2015,10,27,12,0,11.852,0
2015,10,27,18,0,8.213,0
2015,10,28,0,0.5842,7.556,0
2015,10,28,6,7.3406,8.806,0
2015,10,28,12,7.1374,10.287,0
2015,10,28,18,6.6802,9.241,0
2015,10,29,0,3.7338,9.278,0
2015,10,29,6,0.9398,10.574,0
2015,10,29,12,1.0922,12.389,0
2015,10,29,18,1.2954,9.769,0
2015,10,30,0,21.1836,10.343,0
2015,10,30,6,6.0198,11.287,0
2015,10,30,12,1.524,13.083,0
2015,10,30,18,1.6002,9.667,0
2015,10,31,0,9.7536,10.12,0
2015,10,31,6,12.4968,11.787,0
2015,10,31,12,5.8928,10.491,0
2015,10,31,18,2.5654,8.398,0
2015,11,1,0,8.255,7.12,0
2015,11,1,6,3.7592,7.565,0
2015,11,1,12,5.1054,9.102,0
2015,11,1,18,1.8288,5.685,0
2015,11,2,0,1.143,5.028,0
2015,11,2,6,0.889,6.352,0
2015,11,2,12,0.3048,8.093,0
2015,11,2,18,0,4.491,0
2015,11,3,0,0,2.481,0.0383333333333333
2015,11,3,6,0,5.546,0
2015,11,3,12,0,7.611,0
2015,11,3,18,0,1.852,0.36
2015,11,4,0,0,0.38,0.811666666666667
2015,11,4,6,0,3.509,0.24
2015,11,4,12,0,7.722,0
2015,11,4,18,0.0254,5.398,0
2015,11,5,0,0.4318,5.139,0
2015,11,5,6,0.4572,6.528,0
2015,11,5,12,0,8.019,0
2015,11,5,18,0.0508,4.278,0
2015,11,6,0,0.2032,3.083,0.02
2015,11,6,6,0.6096,5.009,0
2015,11,6,12,0.7112,7.167,0
2015,11,6,18,2.2606,7.37,0
2015,11,7,0,8.4582,7.333,0
2015,11,7,6,14.6812,7.657,0
2015,11,7,12,13.3604,7.583,0
2015,11,7,18,10.0584,4.935,0
2015,11,8,0,0.9144,4.37,0
2015,11,8,6,0,5.139,0
2015,11,8,12,0.1778,6.306,0
2015,11,8,18,0,3.824,0
2015,11,9,0,0.1524,3.546,0.00333333333333333
2015,11,9,6,0,5.102,0
2015,11,9,12,0,6.306,0
2015,11,9,18,0,1.556,0.405
2015,11,10,0,0,-0.38,0.935
2015,11,10,6,0,2.593,0.381666666666667
2015,11,10,12,0,7.37,0
2015,11,10,18,0.8382,7.361,0
2015,11,11,0,2.1336,6.074,0
2015,11,11,6,0,4.787,0.00166666666666667
2015,11,11,12,0,7.88,0
2015,11,11,18,0,3.898,0
2015,11,12,0,0.0254,3.722,0
2015,11,12,6,0.8636,4.87,0
2015,11,12,12,4.3434,6.759,0
2015,11,12,18,17.5514,7.25,0
2015,11,13,0,34.8488,8.741,0
2015,11,13,6,23.5458,9.065,0
2015,11,13,12,12.6746,8.185,0
2015,11,13,18,4.2164,6.5,0
2015,11,14,0,6.7818,6.194,0
2015,11,14,6,8.509,6.12,0
2015,11,14,12,3.3274,6.75,0
2015,11,14,18,7.9756,4.176,0
2015,11,15,0,7.9502,3.519,0
2015,11,15,6,3.3782,3.417,0.00166666666666667
2015,11,15,12,3.175,3.463,0.08
2015,11,15,18,1.8288,1.528,0.403333333333333
2015,11,16,0,0.508,-0.148,0.938333333333333
2015,11,16,6,0.0762,2.546,0.341666666666667
2015,11,16,12,5.9436,6.278,0
2015,11,16,18,3.6322,5.213,0
2015,11,17,0,11.7094,5.111,0
2015,11,17,6,27.5082,7.565,0
2015,11,17,12,14.5288,7.361,0
2015,11,17,18,1.524,3.019,0.0466666666666667
2015,11,18,0,0.4318,1.519,0.33
2015,11,18,6,0.0254,3.287,0.121666666666667
2015,11,18,12,0.3048,5.472,0
2015,11,18,18,0.4064,2.083,0.0733333333333333
2015,11,19,0,0.1778,1.037,0.38
2015,11,19,6,0,1.62,0.385
2015,11,19,12,0,3.481,0.1
2015,11,19,18,0.0762,-1.056,0.966666666666667
2015,11,20,0,0,-3.287,1
2015,11,20,6,0,-0.5,0.723333333333333
2015,11,20,12,0,2.796,0.333333333333333
2015,11,20,18,0,-2.306,1
2015,11,21,0,0,-2.065,1
2015,11,21,6,0,0.241,0.64
2015,11,21,12,0,3.056,0.291666666666667
2015,11,21,18,0,-0.102,0.985
2015,11,22,0,0,-0.694,1
2015,11,22,6,0,1.176,0.6
2015,11,22,12,0,3.074,0.0916666666666667
2015,11,22,18,0,2.593,0.161666666666667
2015,11,23,0,0,1.426,0.548333333333333
2015,11,23,6,0.4318,2.13,0.273333333333333
2015,11,23,12,2.9972,2.602,0.0983333333333333
2015,11,23,18,2.8702,1.917,0.103333333333333
2015,11,24,0,0.9652,2.333,0.0866666666666667
2015,11,24,6,0,2.537,0.185
2015,11,24,12,0,3.315,0.141666666666667
2015,11,24,18,0,1.102,0.77
2015,11,25,0,0,-0.194,0.993333333333333
2015,11,25,6,0,0.769,0.835
2015,11,25,12,0,2.87,0.396666666666667
2015,11,25,18,0,-2.88,1
2015,11,26,0,0,-3.324,1
2015,11,26,6,0,-0.389,0.806666666666667
2015,11,26,12,0,2.12,0.503333333333333
2015,11,26,18,0,-2.889,1
2015,11,27,0,0,-4.352,1
2015,11,27,6,0,-1.157,0.763333333333333
2015,11,27,12,0,0.88,0.641666666666667
2015,11,27,18,0,-3.509,1
2015,11,28,0,0,-5.287,1
2015,11,28,6,0,-2.278,0.9
2015,11,28,12,0,0.463,0.751666666666667
2015,11,28,18,0,-3.824,1
2015,11,29,0,0,-5.852,1
2015,11,29,6,0,-2.833,0.945
2015,11,29,12,0,0.287,0.82
2015,11,29,18,0,-4.444,1
2015,11,30,0,0,-4.87,1
2015,11,30,6,0,-1.769,0.833333333333333
2015,11,30,12,0,2.824,0.368333333333333
2015,11,30,18,0,0.741,0.69
2015,12,1,0,0,3.907,0.0366666666666667
2015,12,1,6,0,4.852,0.00333333333333333
2015,12,1,12,0.4572,6.5,0
2015,12,1,18,6.8072,5.769,0
2015,12,2,0,2.3114,3.852,0
2015,12,2,6,0,5.546,0.00166666666666667
2015,12,2,12,0,9.204,0
2015,12,2,18,0.5334,7.222,0
2015,12,3,0,4.1148,7.648,0
2015,12,3,6,5.2578,8.713,0
2015,12,3,12,2.1082,9.62,0
2015,12,3,18,7.2136,6.769,0
2015,12,4,0,0.7366,5.648,0
2015,12,4,6,1.9304,5.815,0
2015,12,4,12,1.9812,5.778,0
2015,12,4,18,0.9398,5.426,0
2015,12,5,0,0.127,5.667,0
2015,12,5,6,2.8448,6.093,0
2015,12,5,12,5.9436,7.231,0
2015,12,5,18,3.9116,8.009,0
2015,12,6,0,7.3914,7.88,0
2015,12,6,6,5.1562,8.167,0
2015,12,6,12,1.1176,7.648,0
2015,12,6,18,2.9464,6.741,0
2015,12,7,0,2.4892,7.593,0
2015,12,7,6,0.4064,8.037,0
2015,12,7,12,0.9906,8.759,0
2015,12,7,18,0,6.37,0
2015,12,8,0,10.033,7.509,0
2015,12,8,6,18.2118,9.287,0
2015,12,8,12,11.6078,9.343,0
2015,12,8,18,6.3246,6.713,0
2015,12,9,0,8.9916,6.241,0
2015,12,9,6,4.2164,5.75,0
2015,12,9,12,1.5494,5.407,0
2015,12,9,18,0.1016,4,0
2015,12,10,0,1.4986,4.333,0
2015,12,10,6,1.778,5.806,0
2015,12,10,12,4.3434,6.694,0
2015,12,10,18,0.6858,2.806,0.03
2015,12,11,0,0.0254,1.417,0.271666666666667
2015,12,11,6,0,2.731,0.0883333333333333
2015,12,11,12,0.0508,4.37,0.0166666666666667
2015,12,11,18,0,0.259,0.711666666666667
2015,12,12,0,0.0254,-0.13,0.795
2015,12,12,6,1.8288,1.926,0.28
2015,12,12,12,6.2992,4.537,0
2015,12,12,18,1.8796,3.917,0
2015,12,13,0,2.8194,3.657,0
2015,12,13,6,4.7498,4.13,0
2015,12,13,12,5.9436,4.917,0
2015,12,13,18,3.81,3.796,0
2015,12,14,0,2.3876,3.694,0
2015,12,14,6,1.1684,3.444,0.0166666666666667
2015,12,14,12,0.127,4.102,0.0266666666666667
2015,12,14,18,0,0.389,0.666666666666667
2015,12,15,0,0.1016,0,0.743333333333333
2015,12,15,6,0.9652,1.88,0.131666666666667
2015,12,15,12,2.2098,3.333,0
2015,12,15,18,3.0988,3.12,0
2015,12,16,0,0.9906,1.972,0.116666666666667
2015,12,16,6,0,-0.148,0.921666666666667
2015,12,16,12,0,-1.028,0.93
2015,12,16,18,0,-3.417,1
2015,12,17,0,0,0.389,0.975
2015,12,17,6,1.1938,1.63,0.493333333333333
2015,12,17,12,4.9276,2.537,0.025
2015,12,17,18,15.7226,2.62,0.00666666666666667
2015,12,18,0,13.1826,3.167,0
2015,12,18,6,8.509,3.019,0.0116666666666667
2015,12,18,12,5.3848,2.519,0.0766666666666667
2015,12,18,18,2.3114,1.12,0.383333333333333
2015,12,19,0,0.635,1.093,0.4
2015,12,19,6,0,1.074,0.435
2015,12,19,12,0,4.315,0
2015,12,19,18,0.1016,3.815,0.00166666666666667
2015,12,20,0,1.2446,4.269,0
2015,12,20,6,2.921,3.815,0
2015,12,20,12,2.2098,3.333,0.03
2015,12,20,18,2.8448,1.741,0.163333333333333
2015,12,21,0,1.4478,0.796,0.476666666666667
2015,12,21,6,0.6858,1.667,0.215
2015,12,21,12,1.8288,2.435,0.0316666666666667
2015,12,21,18,3.7846,1.611,0.146666666666667
2015,12,22,0,3.2766,1.139,0.358333333333333
2015,12,22,6,1.397,0.944,0.493333333333333
2015,12,22,12,1.651,1.639,0.295
2015,12,22,18,1.4732,-0.13,0.883333333333333
2015,12,23,0,2.8702,0.185,0.698333333333333
2015,12,23,6,1.9558,0.074,0.748333333333333
2015,12,23,12,2.032,1.278,0.378333333333333
2015,12,23,18,1.5494,0.157,0.76
2015,12,24,0,1.6002,0.407,0.653333333333333
2015,12,24,6,3.8862,1.241,0.371666666666667
2015,12,24,12,3.81,1.639,0.34
2015,12,24,18,0.635,-0.852,0.988333333333333
2015,12,25,0,0.0254,-2.509,1
2015,12,25,6,0,-0.991,0.903333333333333
2015,12,25,12,0,0.352,0.7
2015,12,25,18,0,-2.731,1
2015,12,26,0,0,-2.815,1
2015,12,26,6,0,-0.611,0.936666666666667
2015,12,26,12,0.0508,1.241,0.581666666666667
2015,12,26,18,0.3302,-0.139,0.93
2015,12,27,0,0.9144,-1.009,1
2015,12,27,6,5.5118,0.639,0.825
2015,12,27,12,8.4328,1.787,0.181666666666667
2015,12,27,18,3.429,0.472,0.555
2015,12,28,0,0.2286,0.593,0.47
2015,12,28,6,0.0254,0.315,0.635
2015,12,28,12,0,1.352,0.341666666666667
2015,12,28,18,0,-0.259,0.858333333333333
2015,12,29,0,0,-1.907,1
2015,12,29,6,0,-1.38,0.951666666666667
2015,12,29,12,0,1.231,0.638333333333333
2015,12,29,18,0,-0.833,1
2015,12,30,0,0,-2.093,1
2015,12,30,6,0.3302,-2.287,1
2015,12,30,12,0.0762,0.056,0.981666666666667
2015,12,30,18,0.127,-2.028,1
2015,12,31,0,0.0762,-3.102,1
2015,12,31,6,0,-2.102,1
2015,12,31,12,0,1.259,0.938333333333333
2015,12,31,18,0,0.185,1
2016,1,1,0,0,-0.259,1
2016,1,1,6,0,0.074,1
2016,1,1,12,0,3.713,0.375
2016,1,1,18,0,1.519,1
2016,1,2,0,0,0.083,1
2016,1,2,6,0,-0.269,1
2016,1,2,12,0,2.454,0.718333333333333
2016,1,2,18,0,-0.25,1
2016,1,3,0,0,-1.417,1
2016,1,3,6,0,-1.593,1
2016,1,3,12,0,1.463,0.846666666666667
2016,1,3,18,0,-0.102,1
2016,1,4,0,0.0254,-0.704,1
2016,1,4,6,0.3302,-0.602,0.976666666666667
2016,1,4,12,0.2032,1.306,0.618333333333333
2016,1,4,18,0.0254,0.926,0.685
2016,1,5,0,0.4826,1.593,0.286666666666667
2016,1,5,6,0.7366,2.444,0.0966666666666667
2016,1,5,12,0.8128,3.898,0
2016,1,5,18,0.6604,3.407,0.005
2016,1,6,0,0,3.778,0.04
2016,1,6,6,0,4.417,0.0266666666666667
2016,1,6,12,0,6.056,0.00333333333333333
2016,1,6,18,0,4,0.0966666666666667
2016,1,7,0,0,2.676,0.386666666666667
2016,1,7,6,0,2.898,0.305
2016,1,7,12,0,4.009,0.00166666666666667
2016,1,7,18,0,2.148,0.153333333333333
2016,1,8,0,0,1.972,0.205
2016,1,8,6,0,2.759,0.113333333333333
2016,1,8,12,0,4.583,0.005
2016,1,8,18,0,2.37,0.473333333333333
2016,1,9,0,0,1.583,0.838333333333333
2016,1,9,6,0,1.852,0.738333333333333
2016,1,9,12,0,4.315,0.0616666666666667
2016,1,9,18,0,1.917,0.83
2016,1,10,0,0,1.398,0.806666666666667
2016,1,10,6,0,2.046,0.505
2016,1,10,12,0,4.611,0.0616666666666667
2016,1,10,18,0.2286,2.889,0.628333333333333
2016,1,11,0,0,1.759,0.933333333333333
2016,1,11,6,0.2794,2.12,0.778333333333333
2016,1,11,12,4.6228,3.87,0.00666666666666667
2016,1,11,18,4.5212,3.917,0.00333333333333333
2016,1,12,0,0.5588,3.907,0.00333333333333333
2016,1,12,6,0.5842,5.407,0
2016,1,12,12,2.5908,6.361,0
2016,1,12,18,4.8768,6.056,0
2016,1,13,0,2.3876,6.537,0
2016,1,13,6,4.826,4.972,0
2016,1,13,12,0.1524,4.741,0
2016,1,13,18,0.9144,2.324,0.07
2016,1,14,0,0.5842,1.935,0.035
2016,1,14,6,0.0508,1.963,0.205
2016,1,14,12,0,4.056,0
2016,1,14,18,0,1.722,0.635
2016,1,15,0,0,0.583,0.955
2016,1,15,6,0,1.204,0.723333333333333
2016,1,15,12,0.0508,3.963,0
2016,1,15,18,0.3556,3.481,0.0133333333333333
2016,1,16,0,2.2352,4.046,0
2016,1,16,6,4.5466,5.704,0
2016,1,16,12,1.8034,6.306,0
2016,1,16,18,2.2098,5.602,0
2016,1,17,0,0.3302,5.611,0
2016,1,17,6,2.6924,6.889,0
2016,1,17,12,4.826,6.306,0
2016,1,17,18,4.953,5.037,0
2016,1,18,0,3.048,4.565,0
2016,1,18,6,0.5334,5.083,0
2016,1,18,12,0.4064,6.954,0
2016,1,18,18,1.7526,6.269,0
2016,1,19,0,0.7112,5.028,0
2016,1,19,6,0,4.361,0.015
2016,1,19,12,0.1778,6.593,0
2016,1,19,18,1.8288,4.056,0
2016,1,20,0,0.635,2.852,0.00833333333333333
2016,1,20,6,0.1016,3.981,0.005
2016,1,20,12,0,6.065,0
2016,1,20,18,1.2954,5.806,0
2016,1,21,0,8.89,6.648,0
2016,1,21,6,4.0386,8.241,0
2016,1,21,12,2.794,10.074,0
2016,1,21,18,1.6764,9.435,0
2016,1,22,0,1.7526,9.38,0
2016,1,22,6,10.922,8.241,0
2016,1,22,12,8.9916,7.731,0
2016,1,22,18,0.6604,5.426,0
2016,1,23,0,0,5.241,0
2016,1,23,6,0.5334,4.833,0
2016,1,23,12,2.2352,4.787,0
2016,1,23,18,2.794,4.148,0
2016,1,24,0,2.0828,3.759,0
2016,1,24,6,1.8796,2.676,0.0483333333333333
2016,1,24,12,0.0762,5.324,0
2016,1,24,18,0,2.769,0.0733333333333333
2016,1,25,0,0.0508,1.991,0.553333333333333
2016,1,25,6,0,3.444,0.125
2016,1,25,12,0,6.861,0
2016,1,25,18,0,5.25,0
2016,1,26,0,1.6256,6.889,0
2016,1,26,6,11.0744,7.852,0
2016,1,26,12,4.3434,8.519,0
2016,1,26,18,1.3208,8.12,0
2016,1,27,0,1.6764,8.296,0
2016,1,27,6,0.3556,9.667,0
2016,1,27,12,2.8956,11.519,0
2016,1,27,18,14.8844,10.435,0
2016,1,28,0,13.2588,10.583,0
2016,1,28,6,10.668,8.574,0
2016,1,28,12,1.8034,7.556,0
2016,1,28,18,0.8636,4.185,0
2016,1,29,0,0.2286,4.296,0
2016,1,29,6,2.4384,4.907,0
2016,1,29,12,6.6802,4.574,0
2016,1,29,18,2.54,3.037,0.0116666666666667
2016,1,30,0,3.7592,2.306,0.0733333333333333
2016,1,30,6,3.2766,1.954,0.215
2016,1,30,12,2.5654,3.602,0.0283333333333333
2016,1,30,18,1.397,2.935,0.0616666666666667
2016,1,31,0,1.0668,2.306,0.251666666666667
2016,1,31,6,0.9652,2.287,0.168333333333333
2016,1,31,12,2.4892,3.009,0.0333333333333333
2016,1,31,18,3.048,1.88,0.151666666666667
2016,2,1,0,0.5588,1.065,0.383333333333333
2016,2,1,6,0.5334,1.222,0.418333333333333
2016,2,1,12,1.0922,2.75,0.0616666666666667
2016,2,1,18,0.5842,0.778,0.566666666666667
2016,2,2,0,0.508,0.713,0.66
2016,2,2,6,0,1.861,0.363333333333333
2016,2,2,12,0.0762,4.435,0.015
2016,2,2,18,0.5588,1.75,0.546666666666667
2016,2,3,0,0.4064,2.037,0.428333333333333
2016,2,3,6,0.0762,3.481,0.115
2016,2,3,12,3.2512,5.028,0
2016,2,3,18,5.9944,4.12,0
2016,2,4,0,2.9972,3.796,0
2016,2,4,6,2.4638,4.648,0
2016,2,4,12,1.7272,6.12,0
2016,2,4,18,1.7018,5.676,0
2016,2,5,0,0.3048,6.278,0
2016,2,5,6,0.6096,7.824,0
2016,2,5,12,8.128,9.778,0
2016,2,5,18,5.5372,5.991,0
2016,2,6,0,2.0828,3.472,0.00166666666666667
2016,2,6,6,1.8796,3.731,0.00666666666666667
2016,2,6,12,0.0762,5.491,0.00166666666666667
2016,2,6,18,0,2.093,0.301666666666667
2016,2,7,0,0,2.287,0.353333333333333
2016,2,7,6,0,3.778,0.231666666666667
2016,2,7,12,0,8.019,0
2016,2,7,18,0,7.37,0
2016,2,8,0,0,7.269,0
2016,2,8,6,0,8.75,0
2016,2,8,12,0,12.713,0
2016,2,8,18,0,10.102,0.00333333333333333
2016,2,9,0,0,9.37,0.0433333333333333
2016,2,9,6,0,9.87,0.015
2016,2,9,12,0,13.574,0
2016,2,9,18,0,9.963,0
2016,2,10,0,0.0254,9.25,0
2016,2,10,6,3.048,9.056,0
2016,2,10,12,3.6322,9.222,0
2016,2,10,18,0.8636,6.991,0
2016,2,11,0,0,4.75,0.00333333333333333
2016,2,11,6,0.127,8.231,0
2016,2,11,12,3.5052,9.944,0
2016,2,11,18,8.0518,8.963,0
2016,2,12,0,11.0236,8.954,0
2016,2,12,6,16.256,9.12,0
2016,2,12,12,7.4676,9.472,0
2016,2,12,18,9.7028,6.417,0
2016,2,13,0,11.4046,5.278,0
2016,2,13,6,4.3688,5.148,0
2016,2,13,12,6.8834,6.093,0
2016,2,13,18,5.2324,5.38,0
2016,2,14,0,2.4638,5.574,0
2016,2,14,6,4.3942,6.481,0
2016,2,14,12,7.9756,8.472,0
2016,2,14,18,13.1572,7.731,0
2016,2,15,0,9.8552,6.741,0
2016,2,15,6,8.4328,6.509,0
2016,2,15,12,9.652,7.407,0
2016,2,15,18,15.748,7.565,0
2016,2,16,0,1.6256,5.944,0
2016,2,16,6,0.5842,5.944,0
2016,2,16,12,0.7112,8.528,0
2016,2,16,18,1.0668,6.556,0
2016,2,17,0,4.3434,7.556,0
2016,2,17,6,1.1938,8.704,0
2016,2,17,12,0.7366,11.028,0
2016,2,17,18,3.6322,7.944,0
2016,2,18,0,7.239,5.852,0
2016,2,18,6,2.0574,5.639,0
2016,2,18,12,0.4318,7.222,0
2016,2,18,18,0.3556,5.593,0
2016,2,19,0,1.27,5.167,0
2016,2,19,6,3.2512,5.815,0
2016,2,19,12,5.842,6.944,0
2016,2,19,18,8.255,4.074,0.00333333333333333
2016,2,20,0,4.318,2.981,0.0366666666666667
2016,2,20,6,2.5908,3.593,0.03
2016,2,20,12,0.381,6,0
2016,2,20,18,0,3.333,0.07
2016,2,21,0,0,2.528,0.685
2016,2,21,6,0,4.315,0.28
2016,2,21,12,2.159,6.546,0
2016,2,21,18,1.1938,4.213,0
2016,2,22,0,0.508,3.222,0.015
2016,2,22,6,0.1524,3.287,0.04
2016,2,22,12,0,5.907,0
2016,2,22,18,0,2.593,0.166666666666667
2016,2,23,0,0,1.704,0.748333333333333
2016,2,23,6,0,3.241,0.471666666666667
2016,2,23,12,0,9.25,0
2016,2,23,18,0,5.722,0.015
2016,2,24,0,0,5.38,0.0166666666666667
2016,2,24,6,0,6.981,0.0283333333333333
2016,2,24,12,0,10.935,0
2016,2,24,18,0,6.667,0
2016,2,25,0,0,5.204,0
2016,2,25,6,0,7.019,0
2016,2,25,12,0,12.13,0
2016,2,25,18,0,8.315,0
2016,2,26,0,0,6.861,0
2016,2,26,6,0,8.981,0
2016,2,26,12,0.1778,12.648,0
2016,2,26,18,1.143,7.676,0
2016,2,27,0,1.0414,6.509,0
2016,2,27,6,1.016,6.935,0
2016,2,27,12,0.6858,9.306,0
2016,2,27,18,0.3302,6.787,0
2016,2,28,0,2.2098,6.602,0
2016,2,28,6,2.6416,7.333,0
2016,2,28,12,4.1402,6.907,0
2016,2,28,18,5.8674,4.537,0
2016,2,29,0,2.1336,3.731,0.00666666666666667
2016,2,29,6,0.508,4.704,0.00833333333333333
2016,2,29,12,0,7.944,0
2016,2,29,18,0.0254,5.889,0.00166666666666667
2016,3,1,0,1.9558,5.87,0
2016,3,1,6,17.1704,6.972,0
2016,3,1,12,10.6172,8.824,0
2016,3,1,18,2.794,5.454,0
2016,3,2,0,4.572,5,0
2016,3,2,6,1.9558,6.685,0
2016,3,2,12,0.2032,9.63,0
2016,3,2,18,5.4356,8.944,0
2016,3,3,0,5.2832,7.509,0
2016,3,3,6,2.921,7.306,0
2016,3,3,12,1.397,9.704,0
2016,3,3,18,0.0254,7.25,0
2016,3,4,0,0,7.472,0
2016,3,4,6,0,9.722,0
2016,3,4,12,1.397,10.583,0
2016,3,4,18,1.778,7.713,0
2016,3,5,0,6.7818,8.519,0
2016,3,5,6,2.1844,9.13,0
2016,3,5,12,0.1016,12.917,0
2016,3,5,18,1.8796,10.676,0
2016,3,6,0,5.969,9.417,0
2016,3,6,6,4.0386,7.102,0
2016,3,6,12,3.9116,8.417,0
2016,3,6,18,1.0668,5.806,0
2016,3,7,0,0.6858,5.306,0
2016,3,7,6,1.6002,4.778,0
2016,3,7,12,5.2832,5.315,0
2016,3,7,18,1.8288,4.269,0.00333333333333333
2016,3,8,0,1.8796,3.231,0.025
2016,3,8,6,0,4.611,0.03
2016,3,8,12,0.0762,7.657,0
2016,3,8,18,0.254,4.713,0.0116666666666667
2016,3,9,0,2.3622,4,0.01
2016,3,9,6,0.0762,6.028,0.00333333333333333
2016,3,9,12,6.7564,8.139,0
2016,3,9,18,14.8844,7.824,0
2016,3,10,0,4.9022,8.796,0
2016,3,10,6,3.0226,7.926,0
2016,3,10,12,2.9464,8.083,0
2016,3,10,18,3.7592,5.602,0
2016,3,11,0,0,4.417,0.015
2016,3,11,6,0,7,0.0266666666666667
2016,3,11,12,3.4036,10.194,0
2016,3,11,18,2.8448,7.481,0
2016,3,12,0,2.8702,7.074,0
2016,3,12,6,1.9558,5.981,0
2016,3,12,12,3.2004,6.769,0
2016,3,12,18,4.826,4.176,0.0133333333333333
2016,3,13,0,0.4318,3.769,0.0383333333333333
2016,3,13,6,0.381,5.528,0.00333333333333333
2016,3,13,12,5.6642,6.444,0
2016,3,13,18,7.5438,3.546,0.0183333333333333
2016,3,14,0,2.9972,2.806,0.0533333333333333
2016,3,14,6,2.3114,3.269,0.0516666666666667
2016,3,14,12,3.3528,5.667,0
2016,3,14,18,4.6482,3.444,0.0166666666666667
2016,3,15,0,2.2098,2.046,0.115
2016,3,15,6,1.778,3.806,0.0366666666666667
2016,3,15,12,0.381,6.648,0
2016,3,15,18,0.4572,4.028,0.0166666666666667
2016,3,16,0,2.1844,3.148,0.02
2016,3,16,6,0,3.843,0.02
2016,3,16,12,0,6.907,0.00166666666666667
2016,3,16,18,0,2.75,0.47
2016,3,17,0,0,1.491,0.898333333333333
2016,3,17,6,0,4.315,0.396666666666667
2016,3,17,12,0,9.861,0
2016,3,17,18,0,5.472,0.333333333333333
2016,3,18,0,0,3.546,0.903333333333333
2016,3,18,6,0,6.833,0.325
2016,3,18,12,0,12.435,0
2016,3,18,18,0,7.731,0
2016,3,19,0,0,6.157,0.0233333333333333
2016,3,19,6,0,9.111,0.00333333333333333
2016,3,19,12,0,13.981,0
2016,3,19,18,0,10.019,0
2016,3,20,0,0.1016,9.139,0
2016,3,20,6,0.254,10.37,0
2016,3,20,12,1.4732,11.204,0
2016,3,20,18,0.4318,9.157,0
2016,3,21,0,0.381,7.694,0
2016,3,21,6,0.9398,8.704,0
2016,3,21,12,2.1844,10.593,0
2016,3,21,18,3.2004,7.546,0
2016,3,22,0,3.6576,5.639,0
2016,3,22,6,0.8636,6.454,0
2016,3,22,12,1.5748,9.315,0
2016,3,22,18,3.2258,6.935,0
2016,3,23,0,2.8702,6.019,0
2016,3,23,6,1.6002,6.676,0
2016,3,23,12,4.6482,7.759,0
2016,3,23,18,8.255,6.824,0
2016,3,24,0,3.8608,4.528,0
2016,3,24,6,2.7178,5.037,0
2016,3,24,12,2.54,6.833,0
2016,3,24,18,3.7592,4.769,0
2016,3,25,0,3.7592,3.806,0
2016,3,25,6,1.2446,4.907,0.00166666666666667
2016,3,25,12,1.2954,7.602,0
2016,3,25,18,0,4.63,0.0183333333333333
2016,3,26,0,0,3.935,0.0316666666666667
2016,3,26,6,0,6.88,0.0216666666666667
2016,3,26,12,0,11.759,0
2016,3,26,18,1.8288,8.509,0
2016,3,27,0,6.0706,6.269,0
2016,3,27,6,9.4488,5.361,0
2016,3,27,12,2.5654,6.213,0
2016,3,27,18,1.8796,4.537,0.00333333333333333
2016,3,28,0,0.6858,3.259,0.005
2016,3,28,6,0.2286,5.25,0
2016,3,28,12,0,9.972,0
2016,3,28,18,0,6.556,0
2016,3,29,0,0,4.778,0.005
2016,3,29,6,0,8.611,0.00166666666666667
2016,3,29,12,0,14.907,0
2016,3,29,18,0,10.5,0
2016,3,30,0,0,8.685,0
2016,3,30,6,0,11.657,0
2016,3,30,12,0,16.648,0
2016,3,30,18,0,12.509,0
2016,3,31,0,0,9.917,0
2016,3,31,6,0,12.528,0
2016,3,31,12,0,17.574,0
2016,3,31,18,0,13.065,0
2016,4,1,0,0,9.917,0
2016,4,1,6,0,12.204,0
2016,4,1,12,0,17.241,0
2016,4,1,18,0,12.037,0
2016,4,2,0,0,9.741,0
2016,4,2,6,0,10.287,0
2016,4,2,12,0,13.315,0
2016,4,2,18,0,9.093,0
2016,4,3,0,0,7.167,0
2016,4,3,6,0,10.528,0
2016,4,3,12,0,16.269,0
2016,4,3,18,2.1844,12.75,0
2016,4,4,0,7.9502,8.593,0
2016,4,4,6,5.1816,7.444,0
2016,4,4,12,1.3716,9.694,0
2016,4,4,18,0.3556,6.019,0
2016,4,5,0,0.254,4.944,0
2016,4,5,6,0.127,6.565,0
2016,4,5,12,0,9.435,0
2016,4,5,18,0,7.694,0
2016,4,6,0,0,7.343,0
2016,4,6,6,0,10.176,0
2016,4,6,12,0,15.185,0
2016,4,6,18,0,11.926,0
2016,4,7,0,0,11.111,0
2016,4,7,6,0,15.259,0
2016,4,7,12,0,22.231,0
2016,4,7,18,0,16.509,0
2016,4,8,0,0,13.333,0
2016,4,8,6,0,16.491,0
2016,4,8,12,0,19.926,0
2016,4,8,18,0,13.148,0
2016,4,9,0,0,8.898,0
2016,4,9,6,0,11.083,0
2016,4,9,12,0,15.315,0
2016,4,9,18,0,10.861,0
2016,4,10,0,0,7.87,0
2016,4,10,6,0,9.102,0
2016,4,10,12,0,12.148,0
2016,4,10,18,0,9.037,0
2016,4,11,0,0.0508,7.148,0
2016,4,11,6,0,8.083,0
2016,4,11,12,0.2032,10.528,0
2016,4,11,18,0,7.954,0
2016,4,12,0,0.0508,6.759,0
2016,4,12,6,0.4572,9.009,0
2016,4,12,12,8.6106,10.019,0
2016,4,12,18,6.0198,6.963,0
2016,4,13,0,2.7686,4.87,0
2016,4,13,6,0,6.713,0
2016,4,13,12,0,10.444,0
2016,4,13,18,0,7.87,0
2016,4,14,0,0.2286,6.731,0
2016,4,14,6,2.286,6.806,0
2016,4,14,12,1.6764,8.546,0
2016,4,14,18,0.1778,7.046,0
2016,4,15,0,0.0254,5.917,0
2016,4,15,6,0,8.324,0
2016,4,15,12,0,10.444,0
2016,4,15,18,0,7.676,0
2016,4,16,0,0,5.833,0
2016,4,16,6,0,9.657,0
2016,4,16,12,0,15,0
2016,4,16,18,0,11.491,0
2016,4,17,0,0,9.463,0
2016,4,17,6,0,14.185,0
2016,4,17,12,0,20.556,0
2016,4,17,18,0,16.769,0
2016,4,18,0,0,14.157,0
2016,4,18,6,0,18.389,0
2016,4,18,12,0,24.417,0
2016,4,18,18,0,18.694,0
2016,4,19,0,0,14.944,0
2016,4,19,6,0,17.972,0
2016,4,19,12,0,22.963,0
2016,4,19,18,0,17.954,0
2016,4,20,0,0,14.731,0
2016,4,20,6,0,18.62,0
2016,4,20,12,0,24,0
2016,4,20,18,0,17.954,0
2016,4,21,0,0.3302,13.704,0
2016,4,21,6,0.2794,15.065,0
2016,4,21,12,0.0508,18,0
2016,4,21,18,0.254,14.065,0
2016,4,22,0,0,11.426,0
2016,4,22,6,0.1016,12.75,0
2016,4,22,12,1.016,13.694,0
2016,4,22,18,0.3302,10.426,0
2016,4,23,0,0.6604,9.352,0
2016,4,23,6,2.0066,9.972,0
2016,4,23,12,0,11.981,0
2016,4,23,18,3.8354,10.083,0
2016,4,24,0,6.5532,7.741,0
2016,4,24,6,4.6736,7.852,0
2016,4,24,12,4.1656,9.13,0
2016,4,24,18,1.905,7.046,0
2016,4,25,0,0.3302,5.454,0
2016,4,25,6,0,7.62,0
2016,4,25,12,0,10.648,0
2016,4,25,18,0,7.278,0
2016,4,26,0,0,4.824,0.00166666666666667
2016,4,26,6,0,7.787,0
2016,4,26,12,0,11.861,0
2016,4,26,18,0,8.444,0
2016,4,27,0,0,6.389,0
2016,4,27,6,0,9.296,0
2016,4,27,12,0,12.657,0
2016,4,27,18,0,9.713,0
2016,4,28,0,0,7.815,0
2016,4,28,6,0,10.917,0
2016,4,28,12,0,14.185,0
2016,4,28,18,0,10.241,0
2016,4,29,0,0.1524,8.009,0
2016,4,29,6,1.27,8.509,0
2016,4,29,12,0.5334,12.481,0
2016,4,29,18,0.1778,9.861,0
2016,4,30,0,0,6.602,0
2016,4,30,6,0,10.824,0
2016,4,30,12,0,16.093,0
2016,4,30,18,0,11.935,0
2016,5,1,0,0,9.602,0
2016,5,1,6,0,15.009,0
2016,5,1,12,0,21.454,0
2016,5,1,18,0,16.694,0
2016,5,2,0,0,13.389,0
2016,5,2,6,0,19.009,0
2016,5,2,12,0,25.917,0
2016,5,2,18,0,19.333,0
2016,5,3,0,0,14.704,0
2016,5,3,6,0.0254,16.62,0
2016,5,3,12,0,19.38,0
2016,5,3,18,0,14.194,0
2016,5,4,0,0,11.046,0
2016,5,4,6,0.5588,9.676,0
2016,5,4,12,0.2032,13.417,0
2016,5,4,18,0,10.88,0
2016,5,5,0,0,8.315,0
2016,5,5,6,0,11.667,0
2016,5,5,12,0,17.028,0
2016,5,5,18,0,13.639,0
2016,5,6,0,0,10.889,0
2016,5,6,6,0,16.833,0
2016,5,6,12,0,22.241,0
2016,5,6,18,0,16.963,0
2016,5,7,0,0,13.454,0
2016,5,7,6,0,17.815,0
2016,5,7,12,0,22.009,0
2016,5,7,18,0,14.833,0
2016,5,8,0,0.0254,10.046,0
2016,5,8,6,0.5842,10.148,0
2016,5,8,12,0,13.528,0
2016,5,8,18,0.6604,9.593,0
2016,5,9,0,0,6.111,0
2016,5,9,6,0,10.731,0
2016,5,9,12,0,15.944,0
2016,5,9,18,0,11.704,0
2016,5,10,0,0,8.435,0
2016,5,10,6,0,14.204,0
2016,5,10,12,0,19.667,0
2016,5,10,18,0,14.333,0
2016,5,11,0,0,11.676,0
2016,5,11,6,0,16.093,0
2016,5,11,12,0,19.583,0
2016,5,11,18,0,14.944,0
2016,5,12,0,0,10.917,0
2016,5,12,6,0,14.787,0
2016,5,12,12,0,19.481,0
2016,5,12,18,0,15.056,0
2016,5,13,0,0,11.824,0
2016,5,13,6,0,18.204,0
2016,5,13,12,0,23.944,0
2016,5,13,18,0,19.093,0
2016,5,14,0,0,15.093,0
2016,5,14,6,0,18.111,0
2016,5,14,12,0,18.463,0
2016,5,14,18,0,12.843,0
2016,5,15,0,0,10.713,0
2016,5,15,6,0,12.148,0
2016,5,15,12,0,13.907,0
2016,5,15,18,0,11.361,0
2016,5,16,0,0,10.185,0
2016,5,16,6,0,11.685,0
2016,5,16,12,0,13.806,0
2016,5,16,18,0,11.519,0
2016,5,17,0,0,9.731,0
2016,5,17,6,0,13.565,0
2016,5,17,12,0,17.667,0
2016,5,17,18,0,14.287,0
2016,5,18,0,0,11.667,0
2016,5,18,6,0.4064,14.481,0
2016,5,18,12,1.2446,14.176,0
2016,5,18,18,4.8514,10.102,0
2016,5,19,0,4.445,7.694,0
2016,5,19,6,2.7178,8.306,0
2016,5,19,12,0.8382,11.213,0
2016,5,19,18,0.0508,8.907,0
2016,5,20,0,1.4478,7.898,0
2016,5,20,6,0,11.028,0
2016,5,20,12,0,15.287,0
2016,5,20,18,0,12.528,0
2016,5,21,0,0.1524,10.315,0
2016,5,21,6,0.7874,11.824,0
2016,5,21,12,0.635,13.574,0
2016,5,21,18,1.9558,11.426,0
2016,5,22,0,1.0668,9.685,0
2016,5,22,6,0.8128,11.463,0
2016,5,22,12,0.4064,14.657,0
2016,5,22,18,0.1524,11.62,0
2016,5,23,0,0.5842,9.685,0
2016,5,23,6,1.6256,10.759,0
2016,5,23,12,0.0762,13.269,0
2016,5,23,18,0,11.694,0
2016,5,24,0,0,10.269,0
2016,5,24,6,0,13.037,0
2016,5,24,12,0,15.481,0
2016,5,24,18,0,12.796,0
2016,5,25,0,0,10.185,0
2016,5,25,6,0,13.556,0
2016,5,25,12,0,16.593,0
2016,5,25,18,0,12.528,0
2016,5,26,0,0,9.546,0
2016,5,26,6,0,10.657,0
2016,5,26,12,0.2794,12.546,0
2016,5,26,18,0.0254,9.444,0
2016,5,27,0,0.381,7.269,0
2016,5,27,6,1.651,9.167,0
2016,5,27,12,1.8288,12.417,0
2016,5,27,18,0.635,9.796,0
2016,5,28,0,2.3114,7.667,0
2016,5,28,6,4.0894,9.037,0
2016,5,28,12,4.1402,11.815,0
2016,5,28,18,4.0386,10.963,0
2016,5,29,0,2.5654,9.556,0
2016,5,29,6,1.2954,10.694,0
2016,5,29,12,0.5588,14,0
2016,5,29,18,0,11.037,0
2016,5,30,0,0,7.556,0
2016,5,30,6,0,12.833,0
2016,5,30,12,0,18.037,0
2016,5,30,18,0,13.991,0
2016,5,31,0,0,11.417,0
2016,5,31,6,0,17.019,0
2016,5,31,12,0,22.611,0
2016,5,31,18,0,17.778,0
2016,6,1,0,0,14.12,0
2016,6,1,6,0,17.074,0
2016,6,1,12,0.2286,19.028,0
2016,6,1,18,5.8674,14.565,0
2016,6,2,0,6.4516,12.731,0
2016,6,2,6,1.2954,12.954,0
2016,6,2,12,0.3048,15.87,0
2016,6,2,18,0.0762,13.722,0
2016,6,3,0,0.0508,11.787,0
2016,6,3,6,0,16.685,0
2016,6,3,12,0,22.5,0
2016,6,3,18,0,18.731,0
2016,6,4,0,0,15.806,0
2016,6,4,6,0,21.306,0
2016,6,4,12,0,27.176,0
2016,6,4,18,0,22.787,0
2016,6,5,0,0,19.657,0
2016,6,5,6,0,24.546,0
2016,6,5,12,0,29.5,0
2016,6,5,18,0,23.38,0
2016,6,6,0,0,18.139,0
2016,6,6,6,0,22.148,0
2016,6,6,12,0,25.111,0
2016,6,6,18,0,19.769,0
2016,6,7,0,0,14.685,0
2016,6,7,6,0,19.352,0
2016,6,7,12,0,23.731,0
2016,6,7,18,0,19.009,0
2016,6,8,0,0,15.176,0
2016,6,8,6,0,17.444,0
2016,6,8,12,0.1016,16.472,0
2016,6,8,18,0,11.898,0
2016,6,9,0,0.0254,9.398,0
2016,6,9,6,0,12.056,0
2016,6,9,12,0.2794,14.667,0
2016,6,9,18,0.0762,12.426,0
2016,6,10,0,0.635,10.028,0
2016,6,10,6,0.4572,10.935,0
2016,6,10,12,0.5588,14.454,0
2016,6,10,18,0.127,11.157,0
2016,6,11,0,0.3048,8.611,0
2016,6,11,6,0.2286,10.935,0
2016,6,11,12,0.0508,13.315,0
2016,6,11,18,0,11.389,0
2016,6,12,0,0,8.898,0
2016,6,12,6,0,12.917,0
2016,6,12,12,0,16.602,0
2016,6,12,18,0,12.935,0
2016,6,13,0,0.0254,10.63,0
2016,6,13,6,1.4224,11.407,0
2016,6,13,12,1.3462,11.981,0
2016,6,13,18,1.7272,9.574,0
2016,6,14,0,0.8382,6.917,0
2016,6,14,6,2.286,9.139,0
2016,6,14,12,0.9652,11.648,0
2016,6,14,18,1.1176,9.046,0
2016,6,15,0,0.6096,6.667,0
2016,6,15,6,0,10.12,0
2016,6,15,12,0.0254,13.491,0
2016,6,15,18,0,10.361,0
2016,6,16,0,0,6.463,0
2016,6,16,6,0,11.472,0
2016,6,16,12,0,15.352,0
2016,6,16,18,0,11.787,0
2016,6,17,0,0,7.713,0
2016,6,17,6,0,13.972,0
2016,6,17,12,0,19.083,0
2016,6,17,18,0.2032,14.185,0
2016,6,18,0,1.5494,10.843,0
2016,6,18,6,3.556,11.537,0
2016,6,18,12,6.9342,11.991,0
2016,6,18,18,1.016,10.38,0
2016,6,19,0,0.127,9.009,0
2016,6,19,6,0,12.176,0
2016,6,19,12,0,16.657,0
2016,6,19,18,0,14.63,0
2016,6,20,0,0,11.889,0
2016,6,20,6,0,16.769,0
2016,6,20,12,0,20.5,0
2016,6,20,18,0,15.722,0
2016,6,21,0,0,12.083,0
2016,6,21,6,0,13.648,0
2016,6,21,12,0,16.833,0
2016,6,21,18,0,13.954,0
2016,6,22,0,0,11.343,0
2016,6,22,6,0.127,15.935,0
2016,6,22,12,0,19.806,0
2016,6,22,18,0.1778,15.611,0
2016,6,23,0,1.1938,12.343,0
2016,6,23,6,1.2446,13.657,0
2016,6,23,12,2.3876,15.074,0
2016,6,23,18,2.921,12.231,0
2016,6,24,0,0.7366,9.704,0
2016,6,24,6,0.0762,11.565,0
2016,6,24,12,0,15.537,0
2016,6,24,18,0,13.148,0
2016,6,25,0,0,11.435,0
2016,6,25,6,0,14.185,0
2016,6,25,12,0,17.898,0
2016,6,25,18,0,15.037,0
2016,6,26,0,0,12,0
2016,6,26,6,0,17.731,0
2016,6,26,12,0,23.222,0
2016,6,26,18,0,19.787,0
2016,6,27,0,0,16.611,0
2016,6,27,6,0,21.713,0
2016,6,27,12,0,25.546,0
2016,6,27,18,0,19.713,0
2016,6,28,0,0,15.222,0
2016,6,28,6,0,18.583,0
2016,6,28,12,0,22.546,0
2016,6,28,18,0,18.306,0
2016,6,29,0,0,14.722,0
2016,6,29,6,0,18.083,0
2016,6,29,12,0,21.37,0
2016,6,29,18,0,16.778,0
2016,6,30,0,0,12.676,0
2016,6,30,6,0,15.519,0
2016,6,30,12,0,18.991,0
2016,6,30,18,0,15.593,0
2016,7,1,0,0,12.417,0
2016,7,1,6,0,15.824,0
2016,7,1,12,0,19.157,0
2016,7,1,18,0,16.361,0
2016,7,2,0,0,13.759,0
2016,7,2,6,0,17.417,0
2016,7,2,12,0,20.787,0
2016,7,2,18,0,16.222,0
2016,7,3,0,0.1778,12.722,0
2016,7,3,6,0.6604,13.972,0
2016,7,3,12,0.0762,17.917,0
2016,7,3,18,0,13.991,0
2016,7,4,0,0.762,11.685,0
2016,7,4,6,0.9398,12.889,0
2016,7,4,12,1.016,15.361,0
2016,7,4,18,0.2286,13.083,0
2016,7,5,0,0.4826,10.833,0
2016,7,5,6,0.8382,12.565,0
2016,7,5,12,0.635,14.509,0
2016,7,5,18,0.1016,12.815,0
2016,7,6,0,0.1016,10.519,0
2016,7,6,6,0,15.074,0
2016,7,6,12,0,19.315,0
2016,7,6,18,0,15.574,0
2016,7,7,0,0,13.065,0
2016,7,7,6,0.889,15.843,0
2016,7,7,12,0.762,16.519,0
2016,7,7,18,1.8796,14.769,0
2016,7,8,0,0.762,13.574,0
2016,7,8,6,1.0668,15.796,0
2016,7,8,12,0.5588,19.38,0
2016,7,8,18,0.889,16.343,0
2016,7,9,0,2.5146,13.148,0
2016,7,9,6,0.0762,14.657,0
2016,7,9,12,0.0762,18,0
2016,7,9,18,0.2286,14.63,0
2016,7,10,0,0,12.574,0
2016,7,10,6,0.2286,15.185,0
2016,7,10,12,0.3048,18.13,0
2016,7,10,18,0.2032,15.481,0
2016,7,11,0,0.0508,12.481,0
2016,7,11,6,0,14.12,0
2016,7,11,12,0,17.861,0
2016,7,11,18,0,14.87,0
2016,7,12,0,0,12.944,0
2016,7,12,6,0.0254,15.898,0
2016,7,12,12,0.5588,19.12,0
2016,7,12,18,0.254,16.25,0
2016,7,13,0,0.0762,13.148,0
2016,7,13,6,0,15.537,0
2016,7,13,12,0,19.333,0
2016,7,13,18,0,15.537,0
2016,7,14,0,0,12.213,0
2016,7,14,6,0,15.852,0
2016,7,14,12,0.2286,19.222,0
2016,7,14,18,0.8382,14.63,0
2016,7,15,0,0,11.287,0
2016,7,15,6,0,14.454,0
2016,7,15,12,0,18.593,0
2016,7,15,18,0,16.602,0
2016,7,16,0,0.6858,14.509,0
2016,7,16,6,0,15.222,0
2016,7,16,12,0,18.324,0
2016,7,16,18,0,16.287,0
2016,7,17,0,0,13.796,0
2016,7,17,6,0.0508,17.565,0
2016,7,17,12,1.3208,21.194,0
2016,7,17,18,0.0508,18.037,0
2016,7,18,0,0.1778,14.694,0
2016,7,18,6,0,18.639,0
2016,7,18,12,0.2286,20.75,0
2016,7,18,18,0.2286,16.694,0
2016,7,19,0,0.0254,14.5,0
2016,7,19,6,0,16.444,0
2016,7,19,12,0,19.981,0
2016,7,19,18,0,16.306,0
2016,7,20,0,0,13.102,0
2016,7,20,6,0,17.435,0
2016,7,20,12,0,21.667,0
2016,7,20,18,0,17.824,0
2016,7,21,0,0,13.963,0
2016,7,21,6,0,19.648,0
2016,7,21,12,0,25.204,0
2016,7,21,18,0,20.102,0
2016,7,22,0,0,15.426,0
2016,7,22,6,0.127,16.333,0
2016,7,22,12,0,18.852,0
2016,7,22,18,0,15.111,0
2016,7,23,0,0,12.87,0
2016,7,23,6,0,15.88,0
2016,7,23,12,0,19.296,0
2016,7,23,18,0,15.87,0
2016,7,24,0,0,12.935,0
2016,7,24,6,0,17.926,0
2016,7,24,12,0,23.574,0
2016,7,24,18,0,19.787,0
2016,7,25,0,0,16.426,0
2016,7,25,6,0,20.759,0
2016,7,25,12,0,24.519,0
2016,7,25,18,0,20.546,0
2016,7,26,0,0,16.074,0
2016,7,26,6,0,18.824,0
2016,7,26,12,0,22.769,0
2016,7,26,18,0,18.898,0
2016,7,27,0,0,15.287,0
2016,7,27,6,0,19.546,0
2016,7,27,12,0,25.019,0
2016,7,27,18,0,20.815,0
2016,7,28,0,0,16.87,0
2016,7,28,6,0,21.074,0
2016,7,28,12,0,26.519,0
2016,7,28,18,0,21.731,0
2016,7,29,0,0,17.324,0
2016,7,29,6,0,21.63,0
2016,7,29,12,0,26.417,0
2016,7,29,18,0,21.028,0
2016,7,30,0,0,15.704,0
2016,7,30,6,0,17.306,0
2016,7,30,12,0,21.056,0
2016,7,30,18,0,16.741,0
2016,7,31,0,0,13.065,0
2016,7,31,6,0,15.593,0
2016,7,31,12,0,19.463,0
2016,7,31,18,0,16.278,0
2016,8,1,0,0,12.861,0
2016,8,1,6,0,16.852,0
2016,8,1,12,0,21.713,0
2016,8,1,18,0,16.676,0
2016,8,2,0,0,13.093,0
2016,8,2,6,0,14.056,0
2016,8,2,12,0,15.796,0
2016,8,2,18,0,14.417,0
2016,8,3,0,0,13.046,0
2016,8,3,6,0,14.176,0
2016,8,3,12,0,18.241,0
2016,8,3,18,0,15.722,0
2016,8,4,0,0,12.852,0
2016,8,4,6,0,17.25,0
2016,8,4,12,0,22.519,0
2016,8,4,18,0,18.074,0
2016,8,5,0,0,13.769,0
2016,8,5,6,0,17.898,0
2016,8,5,12,0,21.315,0
2016,8,5,18,0,15.565,0
2016,8,6,0,0,11.667,0
2016,8,6,6,0,14.352,0
2016,8,6,12,0,18.38,0
2016,8,6,18,0,14.037,0
2016,8,7,0,0,11.352,0
2016,8,7,6,0,14.407,0
2016,8,7,12,0,17.426,0
2016,8,7,18,0,14.139,0
2016,8,8,0,0.1524,11.759,0
2016,8,8,6,0.8636,14.611,0
2016,8,8,12,0,18.028,0
2016,8,8,18,0,14.574,0
2016,8,9,0,0.0254,13.426,0
2016,8,9,6,0,14.954,0
2016,8,9,12,0,17.778,0
2016,8,9,18,0,15.481,0
2016,8,10,0,0,13.667,0
2016,8,10,6,0,16.602,0
2016,8,10,12,0,20.306,0
2016,8,10,18,0,16.778,0
2016,8,11,0,0,13.917,0
2016,8,11,6,0,18.889,0
2016,8,11,12,0,24.574,0
2016,8,11,18,0,20.296,0
2016,8,12,0,0,16.759,0
2016,8,12,6,0,21.954,0
2016,8,12,12,0,27.796,0
2016,8,12,18,0,22.574,0
2016,8,13,0,0,18.583,0
2016,8,13,6,0,23.019,0
2016,8,13,12,0,27.491,0
2016,8,13,18,0,21.574,0
2016,8,14,0,0,16.676,0
2016,8,14,6,0,19.546,0
2016,8,14,12,0,24.389,0
2016,8,14,18,0,19.083,0
2016,8,15,0,0,15.426,0
2016,8,15,6,0,19.269,0
2016,8,15,12,0,24.389,0
2016,8,15,18,0,19.176,0
2016,8,16,0,0,15.426,0
2016,8,16,6,0,18.648,0
2016,8,16,12,0,24.185,0
2016,8,16,18,0,18.935,0
2016,8,17,0,0,14.704,0
2016,8,17,6,0,18.63,0
2016,8,17,12,0,24.148,0
2016,8,17,18,0,19.935,0
2016,8,18,0,0,18.074,0
2016,8,18,6,0,23.472,0
2016,8,18,12,0,30.185,0
2016,8,18,18,0,24.435,0
2016,8,19,0,0,21.13,0
2016,8,19,6,0,25.167,0
2016,8,19,12,0,30.38,0
2016,8,19,18,0,23.741,0
2016,8,20,0,0,19.241,0
2016,8,20,6,0,23.398,0
2016,8,20,12,0,28.704,0
2016,8,20,18,0,22.13,0
2016,8,21,0,0,17.306,0
2016,8,21,6,0,18.185,0
2016,8,21,12,0,18.824,0
2016,8,21,18,0,14.204,0
2016,8,22,0,0,12.083,0
2016,8,22,6,0,13.602,0
2016,8,22,12,0,17.759,0
2016,8,22,18,0,14.231,0
2016,8,23,0,0,11.213,0
2016,8,23,6,0,16.194,0
2016,8,23,12,0,22.639,0
2016,8,23,18,0,17.87,0
2016,8,24,0,0,15.417,0
2016,8,24,6,0,20.167,0
2016,8,24,12,0,27.306,0
2016,8,24,18,0,20.778,0
2016,8,25,0,0,18.056,0
2016,8,25,6,0,22.509,0
2016,8,25,12,0,29.157,0
2016,8,25,18,0,22.083,0
2016,8,26,0,0,18.028,0
2016,8,26,6,0,22.13,0
2016,8,26,12,0,28.704,0
2016,8,26,18,0,22.602,0
2016,8,27,0,0,18.444,0
2016,8,27,6,0,17.778,0
2016,8,27,12,0,19.38,0
2016,8,27,18,0,14.741,0
2016,8,28,0,0,12.556,0
2016,8,28,6,0,14.981,0
2016,8,28,12,0.508,17.685,0
2016,8,28,18,0.0508,15.269,0
2016,8,29,0,0,13.509,0
2016,8,29,6,0,16.731,0
2016,8,29,12,0,23.37,0
2016,8,29,18,0,17.12,0
2016,8,30,0,0,13.657,0
2016,8,30,6,0,15.954,0
2016,8,30,12,0,19.63,0
2016,8,30,18,0,14.944,0
2016,8,31,0,0,13.417,0
2016,8,31,6,1.524,15.639,0
2016,8,31,12,2.1336,16.852,0
2016,8,31,18,9.4488,14.417,0
2016,9,1,0,8.4582,12.731,0
2016,9,1,6,0.3048,13.824,0
2016,9,1,12,0.508,15.917,0
2016,9,1,18,1.0668,13.074,0
2016,9,2,0,1.3462,11.5,0
2016,9,2,6,2.7686,12.444,0
2016,9,2,12,0.4826,15.611,0
2016,9,2,18,1.4986,12.537,0
2016,9,3,0,0.127,11.278,0
2016,9,3,6,0,12.519,0
2016,9,3,12,0,15.62,0
2016,9,3,18,0,11.824,0
2016,9,4,0,0,9.685,0
2016,9,4,6,0,12.537,0
2016,9,4,12,0.3048,16.926,0
2016,9,4,18,0,12.778,0
2016,9,5,0,0,11.241,0
2016,9,5,6,0,12.231,0
2016,9,5,12,0,15.046,0
2016,9,5,18,0.0508,12.241,0
2016,9,6,0,0.254,11.509,0
2016,9,6,6,0.0508,12.426,0
2016,9,6,12,0,15.676,0
2016,9,6,18,0.4064,12.991,0
2016,9,7,0,0.4572,12.167,0
2016,9,7,6,0.381,13.63,0
2016,9,7,12,1.651,14.315,0
2016,9,7,18,0.9398,12.306,0
2016,9,8,0,0.5842,11.926,0
2016,9,8,6,0.1016,13.343,0
2016,9,8,12,0,16.861,0
2016,9,8,18,0.0508,12.426,0
2016,9,9,0,0.1016,9.861,0
2016,9,9,6,0,13.333,0
2016,9,9,12,0,19.981,0
2016,9,9,18,0,15.231,0
2016,9,10,0,0,13.843,0
2016,9,10,6,0,16.074,0
2016,9,10,12,0,19.796,0
2016,9,10,18,0,14.926,0
2016,9,11,0,0,12.546,0
2016,9,11,6,0,13.37,0
2016,9,11,12,0,17.972,0
2016,9,11,18,0,13.009,0
2016,9,12,0,0,11.491,0
2016,9,12,6,0,14.833,0
2016,9,12,12,0,20.88,0
2016,9,12,18,0,14.574,0
2016,9,13,0,0,11.546,0
2016,9,13,6,0,15.019,0
2016,9,13,12,0,21.065,0
2016,9,13,18,0,15.25,0
2016,9,14,0,0,12.657,0
2016,9,14,6,0,15.343,0
2016,9,14,12,0,21.324,0
2016,9,14,18,0,15.667,0
2016,9,15,0,0,12.574,0
2016,9,15,6,0,14.352,0
2016,9,15,12,0,20.463,0
2016,9,15,18,0,14.824,0
2016,9,16,0,0,12.694,0
2016,9,16,6,0,15.731,0
2016,9,16,12,0,20.333,0
2016,9,16,18,1.1684,14.759,0
2016,9,17,0,2.794,12.769,0
2016,9,17,6,6.8326,13.157,0
2016,9,17,12,7.2898,14.565,0
2016,9,17,18,2.2606,12.269,0
2016,9,18,0,0.4064,10.417,0
2016,9,18,6,0.381,11.991,0
2016,9,18,12,0.6096,16.343,0
2016,9,18,18,1.0414,12.509,0
2016,9,19,0,2.5146,11.204,0
2016,9,19,6,7.0104,11.769,0
2016,9,19,12,2.6416,14.62,0
2016,9,19,18,1.016,11.102,0
2016,9,20,0,0.7112,10.241,0
2016,9,20,6,0,12.102,0
2016,9,20,12,0,16.13,0
2016,9,20,18,0,11.556,0
2016,9,21,0,0,9.204,0
2016,9,21,6,0,12.12,0
2016,9,21,12,0,18.333,0
2016,9,21,18,0,12.852,0
2016,9,22,0,0,10.037,0
2016,9,22,6,0,11.852,0
2016,9,22,12,0,17.287,0
2016,9,22,18,0,12.093,0
2016,9,23,0,0.9652,10.87,0
2016,9,23,6,3.683,11.546,0
2016,9,23,12,0.5588,12.667,0
2016,9,23,18,1.397,11.537,0
2016,9,24,0,0.127,10.398,0
2016,9,24,6,0.127,11.093,0
2016,9,24,12,0,14.759,0
2016,9,24,18,0,12.657,0
2016,9,25,0,0.3302,12.287,0
2016,9,25,6,0,14.435,0
2016,9,25,12,0,19.537,0
2016,9,25,18,0.0254,14.981,0
2016,9,26,0,0,13.667,0
2016,9,26,6,0,16.843,0
2016,9,26,12,0,21.981,0
2016,9,26,18,0,16.889,0
2016,9,27,0,0,13.889,0
2016,9,27,6,0,13.435,0
2016,9,27,12,0,16.444,0
2016,9,27,18,0,12.157,0
2016,9,28,0,0,10.222,0
2016,9,28,6,0,12.481,0
2016,9,28,12,0,17.296,0
2016,9,28,18,0,11.444,0
2016,9,29,0,0,9.213,0
2016,9,29,6,0,11.315,0
2016,9,29,12,0,15.12,0
2016,9,29,18,0.0254,10.222,0
2016,9,30,0,0.0508,7.463,0
2016,9,30,6,0,9.63,0
2016,9,30,12,0,14.778,0
2016,9,30,18,0,9.259,0
2016,10,1,0,0.0152146,7.852,0
2016,10,1,6,0,10.463,0
2016,10,1,12,0.076073,12.926,0
2016,10,1,18,0.0456438,9.509,0
2016,10,2,0,0,8.157,0
2016,10,2,6,0,10.991,0
2016,10,2,12,0.0304292,15.361,0
2016,10,2,18,0,10.139,0
2016,10,3,0,0,7.731,0
2016,10,3,6,0,10.352,0
2016,10,3,12,0,13.852,0
2016,10,3,18,0.2130044,10.407,0
2016,10,4,0,1.1106658,9.157,0
2016,10,4,6,0.1977898,10.611,0
2016,10,4,12,0.152146,13.102,0
2016,10,4,18,0.0152146,10.843,0
2016,10,5,0,0.1065022,10.491,0
2016,10,5,6,0,12.491,0
2016,10,5,12,0.0456438,15.583,0
2016,10,5,18,0.0608584,11.056,0
2016,10,6,0,1.217168,9.981,0
2016,10,6,6,1.1867388,10.806,0
2016,10,6,12,0.1673606,12.833,0
2016,10,6,18,3.9101522,10.667,0
2016,10,7,0,1.1867388,11.194,0
2016,10,7,6,3.6667186,10.5,0
2016,10,7,12,1.065022,12.722,0
2016,10,7,18,0.0456438,9.648,0
2016,10,8,0,2.3430484,9.083,0
2016,10,8,6,11.5326668,10.843,0
2016,10,8,12,6.7552824,12.593,0
2016,10,8,18,6.8009262,10.463,0
2016,10,9,0,0.4412234,8.028,0
2016,10,9,6,0,8.565,0
2016,10,9,12,0.0152146,11.296,0
2016,10,9,18,0.4107942,7.639,0
2016,10,10,0,0.8976614,5.463,0
2016,10,10,6,0,7.463,0
2016,10,10,12,0,10.769,0
2016,10,10,18,0,7.046,0
2016,10,11,0,0,4.972,0.0666666666666667
2016,10,11,6,0,7.157,0.07
2016,10,11,12,0,12.37,0
2016,10,11,18,0,7.481,0
2016,10,12,0,0,4.759,0.0616666666666667
2016,10,12,6,0,7.472,0.0233333333333333
2016,10,12,12,0,13.417,0
2016,10,12,18,0.912876,11.398,0
2016,10,13,0,7.1812912,10.315,0
2016,10,13,6,11.715242,10.741,0
2016,10,13,12,2.890774,11.657,0
2016,10,13,18,7.8507336,11.315,0
2016,10,14,0,9.1439746,10.269,0
2016,10,14,6,12.2021092,10.194,0
2016,10,14,12,15.3819606,10.546,0
2016,10,14,18,6.466205,9.315,0
2016,10,15,0,1.4301724,8.574,0
2016,10,15,6,1.3845286,9.472,0
2016,10,15,12,4.944745,11.343,0
2016,10,15,18,4.2448734,10.213,0
2016,10,16,0,0.836803,9.139,0
2016,10,16,6,4.4426632,10.13,0
2016,10,16,12,1.3540994,11.722,0
2016,10,16,18,1.8866104,9.556,0
2016,10,17,0,3.499358,8.463,0
2016,10,17,6,2.2365462,9.028,0
2016,10,17,12,2.0387564,10.463,0
2016,10,17,18,1.0193782,9.056,0
2016,10,18,0,1.293241,8.287,0
2016,10,18,6,2.966847,8.907,0
2016,10,18,12,1.749679,9.833,0
2016,10,18,18,0.7150862,8.593,0
2016,10,19,0,0.5020818,7.657,0
2016,10,19,6,0,9.194,0
2016,10,19,12,0.836803,12.593,0
2016,10,19,18,5.629402,10.259,0
2016,10,20,0,11.867388,10.287,0
2016,10,20,6,7.6073,10.907,0
2016,10,20,12,3.1342076,12.231,0
2016,10,20,18,0.5781548,8.38,0
2016,10,21,0,0.608584,7.426,0
2016,10,21,6,0,8.833,0
2016,10,21,12,1.6431768,11.491,0
2016,10,21,18,2.6169112,8.324,0
2016,10,22,0,1.0498074,6.389,0
2016,10,22,6,0,7.528,0
2016,10,22,12,0,11.269,0
2016,10,22,18,0.1673606,9.833,0
2016,10,23,0,0.152146,9.185,0
2016,10,23,6,0,10.139,0
2016,10,23,12,0,13.333,0
2016,10,23,18,0.228219,11.556,0
2016,10,24,0,0.0456438,11.62,0
2016,10,24,6,0.0912876,13.694,0
2016,10,24,12,0.6694424,14.38,0
2016,10,24,18,0.5172964,10.278,0
2016,10,25,0,0.1369314,9.602,0
2016,10,25,6,0.1977898,11.481,0
2016,10,25,12,0.1065022,13.583,0
2016,10,25,18,0,9.167,0
2016,10,26,0,0,7.611,0
2016,10,26,6,10.1633528,7.815,0
2016,10,26,12,4.0775128,9.991,0
2016,10,26,18,3.9862252,9.241,0
2016,10,27,0,0.1673606,8.981,0
2016,10,27,6,0.8520176,11.12,0
2016,10,27,12,1.4910308,11.213,0
2016,10,27,18,1.3845286,9.574,0
2016,10,28,0,0.5477256,9.241,0
2016,10,28,6,0.152146,10.426,0
2016,10,28,12,0,13.991,0
2016,10,28,18,0,9.87,0
2016,10,29,0,0,8.648,0
2016,10,29,6,1.6279622,9.981,0
2016,10,29,12,1.7801082,9.889,0
2016,10,29,18,0.076073,7.713,0
2016,10,30,0,0,5.917,0
2016,10,30,6,0,7.991,0
2016,10,30,12,0.0456438,11.87,0
2016,10,30,18,3.2559244,8.972,0
2016,10,31,0,3.7732208,8.491,0
2016,10,31,6,3.955796,8.861,0
2016,10,31,12,5.5837582,8.815,0
2016,10,31,18,0.3499358,7.63,0
2016,11,1,0,2.130044,7.222,0
2016,11,1,6,1.6888206,7.824,0
2016,11,1,12,3.5297872,9.824,0
2016,11,1,18,5.7967626,9.148,0
2016,11,2,0,4.1231566,9.435,0
2016,11,2,6,5.020818,9.843,0
2016,11,2,12,3.4841434,11.389,0
2016,11,2,18,7.1356474,10.917,0
2016,11,3,0,1.6127476,9.852,0
2016,11,3,6,0.0152146,10.935,0
2016,11,3,12,0,13.741,0
2016,11,3,18,0.8976614,10.88,0
2016,11,4,0,0.2586482,9.546,0
2016,11,4,6,0,11.093,0
2016,11,4,12,0,14.417,0
2016,11,4,18,0.3195066,13.815,0
2016,11,5,0,4.5491654,12.676,0
2016,11,5,6,7.2117204,11.639,0
2016,11,5,12,5.249037,11.704,0
2016,11,5,18,13.464921,9.63,0
2016,11,6,0,5.0056034,7.935,0
2016,11,6,6,0.5629402,8.694,0
2016,11,6,12,0.0304292,10.843,0
2016,11,6,18,0.0912876,9.435,0
2016,11,7,0,3.3624266,9.944,0
2016,11,7,6,0.684657,11.361,0
2016,11,7,12,0.0152146,13.343,0
2016,11,7,18,0,12.833,0
2016,11,8,0,0,13.602,0
2016,11,8,6,0,14.602,0
2016,11,8,12,0,17.481,0
2016,11,8,18,0,15.231,0
2016,11,9,0,1.8105374,13.787,0
2016,11,9,6,4.5339508,12.639,0
2016,11,9,12,0.4260088,13.278,0
2016,11,9,18,0,11.343,0
2016,11,10,0,0,10.833,0
2016,11,10,6,0,12.167,0
2016,11,10,12,0,15.602,0
2016,11,10,18,1.3388848,12.611,0
2016,11,11,0,0.0152146,11.38,0
2016,11,11,6,0,12.065,0
2016,11,11,12,0,14.213,0
2016,11,11,18,0.5172964,12.889,0
2016,11,12,0,2.053971,12.417,0
2016,11,12,6,8.672322,11.898,0
2016,11,12,12,3.3015682,10.843,0
2016,11,12,18,0.3195066,7.954,0
2016,11,13,0,0.1369314,7.528,0
2016,11,13,6,2.0691856,8.37,0
2016,11,13,12,5.1425348,9.574,0
2016,11,13,18,8.3832446,9.38,0
2016,11,14,0,4.031869,8.463,0
2016,11,14,6,0.2586482,7.398,0
2016,11,14,12,0.1977898,9.194,0
2016,11,14,18,0.1673606,6.75,0
2016,11,15,0,2.6473404,7.204,0
2016,11,15,6,3.4384996,6.315,0
2016,11,15,12,2.0996148,7.694,0
2016,11,15,18,4.7621698,5.676,0
2016,11,16,0,0.7911592,4.556,0
2016,11,16,6,0.4716526,4.583,0
2016,11,16,12,0.1977898,6.259,0
2016,11,16,18,0.2738628,4.981,0
2016,11,17,0,1.3540994,4.435,0
2016,11,17,6,0,4.926,0
2016,11,17,12,0,6.444,0
2016,11,17,18,0,3.898,0.0233333333333333
2016,11,18,0,0,2.731,0.215
2016,11,18,6,0,4.769,0.0816666666666667
2016,11,18,12,0.3651504,7.546,0
2016,11,18,18,0.1825752,6.722,0
2016,11,19,0,1.445387,6.509,0
2016,11,19,6,0.5477256,7.148,0
2016,11,19,12,0.3347212,8.926,0
2016,11,19,18,0.3499358,8.046,0
2016,11,20,0,1.2323826,8.676,0
2016,11,20,6,1.7648936,9.093,0
2016,11,20,12,0.988949,9.472,0
2016,11,20,18,3.04292,8.167,0
2016,11,21,0,1.9474688,7.167,0
2016,11,21,6,0.9737344,7.315,0
2016,11,21,12,0.8063738,8.093,0
2016,11,21,18,0.0152146,5.352,0
2016,11,22,0,0,5.463,0
2016,11,22,6,0.2890774,7.102,0
2016,11,22,12,1.1258804,7.954,0
2016,11,22,18,2.6929842,6.176,0
2016,11,23,0,2.7842718,4.787,0
2016,11,23,6,1.3084556,5.213,0
2016,11,23,12,0.532511,6.407,0
2016,11,23,18,1.4149578,5.88,0
2016,11,24,0,2.2365462,6.991,0
2016,11,24,6,4.3665902,7.056,0
2016,11,24,12,5.1121056,6.778,0
2016,11,24,18,6.5879218,6.065,0
2016,11,25,0,1.5823184,5.537,0
2016,11,25,6,0.2738628,5.111,0
2016,11,25,12,0.0152146,7.157,0
2016,11,25,18,2.0691856,5.685,0
2016,11,26,0,9.7221294,6.389,0
2016,11,26,6,10.8175806,7.361,0
2016,11,26,12,7.6529438,6.389,0
2016,11,26,18,2.0083272,4.546,0
2016,11,27,0,0.152146,3.528,0
2016,11,27,6,0.4260088,3.704,0.00333333333333333
2016,11,27,12,2.1756878,5.074,0
2016,11,27,18,3.118993,4.315,0
2016,11,28,0,0.7911592,3.361,0.0116666666666667
2016,11,28,6,2.206117,3.889,0.0133333333333333
2016,11,28,12,1.977898,5.87,0
2016,11,28,18,0.2130044,4.435,0
2016,11,29,0,0,3.676,0.00666666666666667
2016,11,29,6,0.0152146,3.944,0.0116666666666667
2016,11,29,12,0.0456438,5.926,0
2016,11,29,18,0.0152146,4.815,0.00166666666666667
2016,11,30,0,1.8866104,5.019,0
2016,11,30,6,3.0277054,5.537,0
2016,11,30,12,5.0056034,5.13,0
2016,11,30,18,0.5933694,3.954,0.00166666666666667
2016,12,1,0,0.6542278,2.769,0.0516666666666667
2016,12,1,6,0.7759446,2.472,0.121666666666667
2016,12,1,12,1.4301724,5,0
2016,12,1,18,1.0193782,4.167,0
2016,12,2,0,0.6694424,4.509,0
2016,12,2,6,2.0844002,6.065,0
2016,12,2,12,3.3167828,7.083,0
2016,12,2,18,1.1106658,5.519,0
2016,12,3,0,0.2130044,4.231,0.00333333333333333
2016,12,3,6,0.4107942,4.389,0.00166666666666667
2016,12,3,12,2.8299156,5.639,0
2016,12,3,18,4.4426632,4.231,0.00166666666666667
2016,12,4,0,1.2019534,2.713,0.0416666666666667
2016,12,4,6,0.5477256,1.509,0.396666666666667
2016,12,4,12,0.3651504,2.111,0.338333333333333
2016,12,4,18,0.6237986,-0.139,0.935
2016,12,5,0,0.836803,0.083,0.92
2016,12,5,6,0.1977898,0.352,0.823333333333333
2016,12,5,12,0.1217168,1.037,0.576666666666667
2016,12,5,18,0,-1.009,1
2016,12,6,0,0,-2.009,1
2016,12,6,6,0,-2.204,1
2016,12,6,12,0,-0.778,1
2016,12,6,18,0,-3.852,1
2016,12,7,0,0,-5.398,1
2016,12,7,6,0,-5.093,1
2016,12,7,12,0,-2.852,1
2016,12,7,18,0,-5.333,1
2016,12,8,0,0,-5.37,1
2016,12,8,6,0,-4.843,1
2016,12,8,12,0,-0.861,1
2016,12,8,18,0.0152146,-2.065,1
2016,12,9,0,1.8409666,-1.954,1
2016,12,9,6,0.8063738,-1.065,0.996666666666667
2016,12,9,12,0.9280906,-0.093,0.9
2016,12,9,18,0.608584,-0.528,0.995
2016,12,10,0,0.532511,-0.5,0.99
2016,12,10,6,0.304292,-0.75,0.975
2016,12,10,12,0.9433052,1.176,0.438333333333333
2016,12,10,18,2.1604732,1.222,0.38
2016,12,11,0,2.966847,1.343,0.333333333333333
2016,12,11,6,2.9972762,1.685,0.178333333333333
2016,12,11,12,1.7648936,1.63,0.305
2016,12,11,18,1.8105374,-0.093,0.901666666666667
2016,12,12,0,3.3167828,-1.148,1
2016,12,12,6,3.6971478,-1.463,0.996666666666667
2016,12,12,12,0.6237986,-0.861,1
2016,12,12,18,0,-2.435,1
2016,12,13,0,0,-3.157,1
2016,12,13,6,0.0608584,-3.519,1
2016,12,13,12,0,-1.5,1
2016,12,13,18,0,-4.546,1
2016,12,14,0,0,-4.954,1
2016,12,14,6,0,-4.472,1
2016,12,14,12,0,-2.259,1
2016,12,14,18,0,-3.963,1
2016,12,15,0,0,-4.87,1
2016,12,15,6,0,-5.611,1
2016,12,15,12,0,-3.13,1
2016,12,15,18,0,-6.213,1
2016,12,16,0,0,-6.787,1
2016,12,16,6,0,-6.806,1
2016,12,16,12,0,-4.324,1
2016,12,16,18,0,-7.519,1
2016,12,17,0,0,-8.435,1
2016,12,17,6,0,-6.843,1
2016,12,17,12,0,-4.231,1
2016,12,17,18,0,-5.963,1
2016,12,18,0,0.0456438,-4.444,1
2016,12,18,6,0.1673606,-2.889,1
2016,12,18,12,0.1369314,-0.574,0.998333333333333
2016,12,18,18,0.152146,0.222,0.933333333333333
2016,12,19,0,3.1037784,1.352,0.351666666666667
2016,12,19,6,4.0927274,2.176,0.105
2016,12,19,12,0.8215884,3.074,0.0383333333333333
2016,12,19,18,1.3388848,2.157,0.15
2016,12,20,0,4.3665902,3.62,0.015
2016,12,20,6,2.662555,3.806,0.00833333333333333
2016,12,20,12,1.7344644,4.685,0
2016,12,20,18,0.3499358,2.593,0.0233333333333333
2016,12,21,0,1.1258804,2.028,0.0833333333333333
2016,12,21,6,0.0608584,2.38,0.133333333333333
2016,12,21,12,0,4.287,0.105
2016,12,21,18,0,2.593,0.678333333333333
2016,12,22,0,0,3.231,0.668333333333333
2016,12,22,6,0.5477256,3.287,0.471666666666667
2016,12,22,12,1.1563096,4.204,0.00333333333333333
2016,12,22,18,0.0304292,2.269,0.045
2016,12,23,0,2.6473404,1.37,0.17
2016,12,23,6,5.4620414,0.546,0.54
2016,12,23,12,3.5450018,0.259,0.728333333333333
2016,12,23,18,1.065022,-0.806,1
2016,12,24,0,0.7759446,-0.815,1
2016,12,24,6,1.3084556,-0.954,0.968333333333333
2016,12,24,12,0.0304292,-0.074,0.811666666666667
2016,12,24,18,0,-2.389,1
2016,12,25,0,0.0152146,-3.676,1
2016,12,25,6,0.0912876,-3.713,1
2016,12,25,12,0.0912876,-1.093,1
2016,12,25,18,0.0912876,-3.093,1
2016,12,26,0,0.076073,-2.75,1
2016,12,26,6,0.076073,-1.046,0.973333333333333
2016,12,26,12,1.9931126,1.259,0.378333333333333
2016,12,26,18,2.8603448,2.185,0.113333333333333
2016,12,27,0,1.5671038,1.685,0.156666666666667
2016,12,27,6,2.4647652,1.583,0.181666666666667
2016,12,27,12,1.6279622,1.593,0.186666666666667
2016,12,27,18,1.3084556,1.259,0.308333333333333
2016,12,28,0,0.5781548,0.926,0.51
2016,12,28,6,1.2475972,1.667,0.355
2016,12,28,12,0.456438,3.019,0.103333333333333
2016,12,28,18,0.076073,2,0.493333333333333
2016,12,29,0,0.836803,2.435,0.421666666666667
2016,12,29,6,3.879723,3.528,0.005
2016,12,29,12,5.6902604,3.546,0
2016,12,29,18,1.8713958,2.009,0.105
2016,12,30,0,0.380365,0.806,0.646666666666667
2016,12,30,6,0.988949,0.713,0.576666666666667
2016,12,30,12,0.0304292,1.898,0.168333333333333
2016,12,30,18,0,-0.315,0.906666666666667
2016,12,31,0,0,-0.287,0.958333333333333
2016,12,31,6,0,-0.926,0.953333333333333
2016,12,31,12,0.4107942,0.213,0.833333333333333
2016,12,31,18,0.4412234,-0.565,0.978333333333333
2017,1,1,0,0.6998716,-1.722,1
2017,1,1,6,0.2738628,-1.37,1
2017,1,1,12,0,-0.898,1
2017,1,1,18,0,-3.204,1
2017,1,2,0,0,-4.611,1
2017,1,2,6,0,-4.935,1
2017,1,2,12,0,-3.046,1
2017,1,2,18,0,-5.907,1
2017,1,3,0,0,-6.537,1
2017,1,3,6,0,-6.519,1
2017,1,3,12,0,-4.12,1
2017,1,3,18,0,-5.981,1
2017,1,4,0,0,-5.472,1
2017,1,4,6,0,-3.87,1
2017,1,4,12,0,-1.046,1
2017,1,4,18,0,-3.213,1
2017,1,5,0,0,-4.111,1
2017,1,5,6,0,-3.519,1
2017,1,5,12,0,-1.185,1
2017,1,5,18,0,-3.324,1
2017,1,6,0,0,-2.852,1
2017,1,6,6,0,-1.963,1
2017,1,6,12,0,0.611,0.995
2017,1,6,18,0,-1.259,1
2017,1,7,0,0,-2.13,1
2017,1,7,6,0,-1.861,1
2017,1,7,12,0,1.222,1
2017,1,7,18,0.0456438,-0.009,1
2017,1,8,0,0.5629402,0.917,0.996666666666667
2017,1,8,6,0,3.074,0.548333333333333
2017,1,8,12,5.477256,3.593,0.00833333333333333
2017,1,8,18,5.5381144,2.343,0.01
2017,1,9,0,3.195066,2.111,0.0716666666666667
2017,1,9,6,3.8188646,0.833,0.576666666666667
2017,1,9,12,0.2738628,2.019,0.33
2017,1,9,18,0,-0.917,0.991666666666667
2017,1,10,0,0.0304292,-1.972,1
2017,1,10,6,0.1825752,-2.417,1
2017,1,10,12,0.1825752,-1.519,1
2017,1,10,18,0.1825752,-5.065,1
2017,1,11,0,0.152146,-5.463,1
2017,1,11,6,0,-4.741,1
2017,1,11,12,0,-2.389,1
2017,1,11,18,0,-6.028,1
2017,1,12,0,0,-6.361,1
2017,1,12,6,0,-5.815,1
2017,1,12,12,0,-2.287,1
2017,1,12,18,0,-5.37,1
2017,1,13,0,0,-6.037,1
2017,1,13,6,0,-4.907,1
2017,1,13,12,0,-0.574,1
2017,1,13,18,0,-1.824,1
2017,1,14,0,0,-2.185,1
2017,1,14,6,0,-2.028,1
2017,1,14,12,0,2.056,0.755
2017,1,14,18,0,-0.426,1
2017,1,15,0,0,-0.463,1
2017,1,15,6,0,-0.37,0.975
2017,1,15,12,0,2.796,0.263333333333333
2017,1,15,18,0,0.509,0.995
2017,1,16,0,0,1.324,0.88
2017,1,16,6,0,2.898,0.543333333333333
2017,1,16,12,0.0152146,6.426,0
2017,1,16,18,1.6583914,6.074,0
2017,1,17,0,2.28219,6.333,0
2017,1,17,6,3.3319974,8.139,0
2017,1,17,12,9.3874082,8.25,0
2017,1,17,18,16.964279,7.917,0
2017,1,18,0,5.1425348,7.963,0
2017,1,18,6,6.2836298,7.546,0
2017,1,18,12,1.6279622,8.778,0
2017,1,18,18,5.553329,6.519,0
2017,1,19,0,3.3319974,5.352,0
2017,1,19,6,3.8188646,5.417,0
2017,1,19,12,3.7123624,5.815,0
2017,1,19,18,2.586482,4.5,0
2017,1,20,0,0.152146,3.287,0.08
2017,1,20,6,0,3.398,0.218333333333333
2017,1,20,12,0,6.778,0
2017,1,20,18,0.76073,4.63,0.00166666666666667
2017,1,21,0,1.1258804,3.843,0
2017,1,21,6,0,4.009,0
2017,1,21,12,0.076073,6.648,0
2017,1,21,18,0.608584,3.88,0.00833333333333333
2017,1,22,0,0.0152146,2.611,0.18
2017,1,22,6,0,3.722,0.18
2017,1,22,12,0,4.667,0
2017,1,22,18,0,2.194,0.34
2017,1,23,0,0,1.111,0.836666666666667
2017,1,23,6,0,1.157,0.748333333333333
2017,1,23,12,0,4.398,0.00166666666666667
2017,1,23,18,0.0152146,0.722,0.731666666666667
2017,1,24,0,0.2130044,-0.083,0.993333333333333
2017,1,24,6,0,0.343,0.825
2017,1,24,12,0,2.213,0.101666666666667
2017,1,24,18,0,0.324,0.823333333333333
2017,1,25,0,0,-0.056,0.993333333333333
2017,1,25,6,0,0.861,0.796666666666667
2017,1,25,12,0,3.417,0.0433333333333333
2017,1,25,18,0,1.713,0.318333333333333
2017,1,26,0,0,1.148,0.616666666666667
2017,1,26,6,0,0.963,0.68
2017,1,26,12,0,4.63,0.005
2017,1,26,18,0,1.306,0.538333333333333
2017,1,27,0,0,0.852,0.816666666666667
2017,1,27,6,0,2.287,0.365
2017,1,27,12,0,6.389,0
2017,1,27,18,0,4.278,0.0766666666666667
2017,1,28,0,0,3.37,0.468333333333333
2017,1,28,6,0,4.343,0.316666666666667
2017,1,28,12,0,7.806,0
2017,1,28,18,0,5.306,0.0316666666666667
2017,1,29,0,0,4.75,0.0516666666666667
2017,1,29,6,0,5.278,0.0433333333333333
2017,1,29,12,2.0235418,6.398,0
2017,1,29,18,0.0456438,4.972,0
2017,1,30,0,0.3195066,2.759,0.0383333333333333
2017,1,30,6,0.2434336,2.491,0.0883333333333333
2017,1,30,12,0,4.019,0.00166666666666667
2017,1,30,18,0,1.065,0.511666666666667
2017,1,31,0,0.0304292,-0.528,0.99
2017,1,31,6,0.1825752,-1.185,1
2017,1,31,12,0.1825752,2.204,0.968333333333333
2017,1,31,18,0.1825752,-0.861,1
2017,2,1,0,0.152146,-1.88,1
2017,2,1,6,0,-1.204,1
2017,2,1,12,0,2.463,1
2017,2,1,18,0,-0.704,1
2017,2,2,0,0,-1.537,1
2017,2,2,6,0,-0.926,1
2017,2,2,12,0,3.546,0.9
2017,2,2,18,0,-0.241,1
2017,2,3,0,0.3499358,-0.25,1
2017,2,3,6,1.3388848,-0.75,0.975
2017,2,3,12,2.814701,1.389,0.318333333333333
2017,2,3,18,2.6929842,0.824,0.498333333333333
2017,2,4,0,3.118993,0.87,0.451666666666667
2017,2,4,6,5.5381144,0.769,0.45
2017,2,4,12,2.5560528,1.241,0.276666666666667
2017,2,4,18,1.977898,1.009,0.431666666666667
2017,2,5,0,3.727577,-0.574,0.915
2017,2,5,6,1.0345928,-1.407,0.978333333333333
2017,2,5,12,0.6694424,-0.648,0.941666666666667
2017,2,5,18,1.2780264,-2.481,1
2017,2,6,0,1.9322542,-3.769,1
2017,2,6,6,0.5477256,-4.222,1
2017,2,6,12,0.4107942,-1.417,1
2017,2,6,18,2.6473404,-2.861,1
2017,2,7,0,0.7303008,-3.435,1
2017,2,7,6,0.1065022,-3.648,1
2017,2,7,12,0.0456438,-0.5,1
2017,2,7,18,0.3651504,-3.704,1
2017,2,8,0,0.532511,-3.741,1
2017,2,8,6,0.1369314,-2.463,1
2017,2,8,12,1.5062454,-0.046,0.873333333333333
2017,2,8,18,6.5270634,0.509,0.655
2017,2,9,0,10.5285032,3.778,0.0333333333333333
2017,2,9,6,9.6917002,5.102,0.00833333333333333
2017,2,9,12,3.651504,6.611,0
2017,2,9,18,2.053971,4.75,0
2017,2,10,0,0.152146,3.981,0.00333333333333333
2017,2,10,6,0.8215884,4.556,0.005
2017,2,10,12,4.7013114,3.796,0.02
2017,2,10,18,1.8409666,1.185,0.441666666666667
2017,2,11,0,1.217168,0.833,0.543333333333333
2017,2,11,6,0.912876,1.602,0.45
2017,2,11,12,0.912876,4.176,0.015
2017,2,11,18,0.1369314,1.426,0.59
2017,2,12,0,0,0.657,0.851666666666667
2017,2,12,6,0,1.935,0.548333333333333
2017,2,12,12,0,6.417,0.00166666666666667
2017,2,12,18,0,2.972,0.525
2017,2,13,0,0,3.13,0.733333333333333
2017,2,13,6,0,5.074,0.3
2017,2,13,12,0,9.935,0
2017,2,13,18,0,7.185,0.03
2017,2,14,0,0,6.009,0.123333333333333
2017,2,14,6,0,7.148,0.115
2017,2,14,12,0,11.315,0
2017,2,14,18,6.009767,8.454,0
2017,2,15,0,10.8936536,8.509,0
2017,2,15,6,5.553329,9.028,0
2017,2,15,12,7.3942956,9.278,0
2017,2,15,18,1.9170396,10.259,0
2017,2,16,0,1.4758162,9.472,0
2017,2,16,6,1.9322542,7.333,0
2017,2,16,12,4.0622982,7.556,0
2017,2,16,18,0.4260088,4.37,0.01
2017,2,17,0,3.195066,3.63,0.0116666666666667
2017,2,17,6,0.0912876,4.454,0.02
2017,2,17,12,0,7.833,0
2017,2,17,18,0,3.63,0.0333333333333333
2017,2,18,0,0.0608584,2.833,0.133333333333333
2017,2,18,6,0.5020818,3.722,0.04
2017,2,18,12,1.6127476,5.481,0
2017,2,18,18,0.988949,3.62,0.00333333333333333
2017,2,19,0,0.228219,2.926,0.0283333333333333
2017,2,19,6,0.608584,3.972,0.0116666666666667
2017,2,19,12,1.2323826,6.38,0
2017,2,19,18,3.1494222,4.463,0
2017,2,20,0,0.2890774,3.704,0.00833333333333333
2017,2,20,6,0.1369314,4.157,0.04
2017,2,20,12,1.5518892,6.25,0
2017,2,20,18,1.2019534,3.972,0.00166666666666667
2017,2,21,0,0.0456438,2.796,0.025
2017,2,21,6,0.0152146,2.889,0.03
2017,2,21,12,0.0304292,5.231,0.00166666666666667
2017,2,21,18,0.3195066,2.185,0.291666666666667
2017,2,22,0,0.0912876,0.62,0.765
2017,2,22,6,0,1.148,0.586666666666667
2017,2,22,12,0.0304292,2.935,0.146666666666667
2017,2,22,18,0,-0.019,0.916666666666667
2017,2,23,0,0,-0.806,0.998333333333333
2017,2,23,6,0,-0.389,0.868333333333333
2017,2,23,12,0.8215884,3,0.206666666666667
2017,2,23,18,0.2586482,-0.704,0.965
2017,2,24,0,0.2738628,-0.991,1
2017,2,24,6,0.0304292,0.222,0.858333333333333
2017,2,24,12,0,3.815,0.185
2017,2,24,18,0,-0.343,0.966666666666667
2017,2,25,0,0,-2.213,1
2017,2,25,6,0,-0.889,0.89
2017,2,25,12,0.3499358,2.537,0.276666666666667
2017,2,25,18,2.3430484,0.5,0.726666666666667
2017,2,26,0,1.8105374,-0.509,0.966666666666667
2017,2,26,6,1.3540994,0.556,0.746666666666667
2017,2,26,12,0,4.111,0.206666666666667
2017,2,26,18,0,-0.13,1
2017,2,27,0,0,-1.759,1
2017,2,27,6,0.4868672,-1.315,0.983333333333333
2017,2,27,12,1.1258804,-0.083,0.9
2017,2,27,18,0.0608584,-2.444,1
2017,2,28,0,0,-3.75,1
2017,2,28,6,0,-1.537,0.951666666666667
2017,2,28,12,0.456438,1.954,0.456666666666667
2017,2,28,18,2.0083272,1.861,0.481666666666667
2017,3,1,0,3.9405814,2.296,0.055
2017,3,1,6,3.80365,3.352,0.0133333333333333
2017,3,1,12,2.9820616,4.796,0
2017,3,1,18,1.369314,3.241,0.00666666666666667
2017,3,2,0,0.6237986,2.898,0.0183333333333333
2017,3,2,6,0.912876,4.083,0.00333333333333333
2017,3,2,12,2.4039068,5.593,0
2017,3,2,18,1.7648936,4.546,0
2017,3,3,0,1.1563096,4.87,0
2017,3,3,6,3.727577,5.407,0
2017,3,3,12,4.1535858,5.778,0
2017,3,3,18,4.8382428,2.009,0.168333333333333
2017,3,4,0,3.4384996,-0.148,0.87
2017,3,4,6,2.9212032,-0.213,0.838333333333333
2017,3,4,12,0.4107942,2.583,0.208333333333333
2017,3,4,18,0.0304292,0.741,0.938333333333333
2017,3,5,0,1.1258804,0.435,0.976666666666667
2017,3,5,6,1.0954512,0.694,0.805
2017,3,5,12,1.141095,2.472,0.386666666666667
2017,3,5,18,2.9364178,0.324,0.87
2017,3,6,0,1.1867388,-0.315,0.948333333333333
2017,3,6,6,0.228219,0.074,0.87
2017,3,6,12,0.4260088,1.519,0.42
2017,3,6,18,0.2586482,-0.519,0.961666666666667
2017,3,7,0,0.1977898,-0.25,0.995
2017,3,7,6,0.5933694,0.889,0.781666666666667
2017,3,7,12,2.5712674,1.833,0.141666666666667
2017,3,7,18,2.3126192,1.63,0.165
2017,3,8,0,0.8976614,-0.278,0.86
2017,3,8,6,4.184015,0.194,0.715
2017,3,8,12,2.0235418,2.907,0.171666666666667
2017,3,8,18,1.9626834,0.833,0.646666666666667
2017,3,9,0,0.9433052,0.296,0.87
2017,3,9,6,0,0.556,0.561666666666667
2017,3,9,12,2.7234134,2.398,0.0166666666666667
2017,3,9,18,2.4191214,3.648,0
2017,3,10,0,4.8991012,4.5,0
2017,3,10,6,2.6929842,5.741,0
2017,3,10,12,1.1563096,6.231,0
2017,3,10,18,0.0912876,4.556,0.00666666666666667
2017,3,11,0,0.0608584,4.287,0.00333333333333333
2017,3,11,6,1.3845286,6.5,0
2017,3,11,12,3.5602164,6.444,0
2017,3,11,18,5.2033932,6.093,0
2017,3,12,0,0.8520176,5.435,0
2017,3,12,6,0.2434336,6.38,0
2017,3,12,12,0.6542278,7.981,0
2017,3,12,18,0.4716526,7.426,0
2017,3,13,0,2.3734776,7.463,0
2017,3,13,6,5.857621,7.713,0
2017,3,13,12,0.9585198,9.12,0
2017,3,13,18,0,7.676,0
2017,3,14,0,3.2407098,7.63,0
2017,3,14,6,6.0706254,8.981,0
2017,3,14,12,4.2296588,10.361,0
2017,3,14,18,6.1314838,8.574,0
2017,3,15,0,10.193782,7.074,0
2017,3,15,6,2.738628,7.324,0
2017,3,15,12,1.8713958,8.852,0
2017,3,15,18,5.5989728,6.454,0
2017,3,16,0,2.586482,3.676,0.0366666666666667
2017,3,16,6,0.4868672,3.731,0.075
2017,3,16,12,0.076073,6.926,0
2017,3,16,18,0,4.13,0.148333333333333
2017,3,17,0,0,2.769,0.513333333333333
2017,3,17,6,0,5.065,0.286666666666667
2017,3,17,12,0.912876,6.741,0
2017,3,17,18,4.3665902,5.204,0
2017,3,18,0,6.4814196,7.639,0
2017,3,18,6,9.1744038,4.88,0
2017,3,18,12,0.9433052,4.667,0.00833333333333333
2017,3,18,18,0.8215884,1.731,0.631666666666667
2017,3,19,0,0.456438,0.602,0.895
2017,3,19,6,0.2130044,1.935,0.456666666666667
2017,3,19,12,0.1217168,5.565,0.00833333333333333
2017,3,19,18,0,2.241,0.65
2017,3,20,0,0,2.185,0.905
2017,3,20,6,0,5.204,0.408333333333333
2017,3,20,12,0.076073,10.667,0
2017,3,20,18,1.217168,6.259,0
2017,3,21,0,0.2130044,6.204,0
2017,3,21,6,2.1756878,7.796,0
2017,3,21,12,1.5518892,10.954,0
2017,3,21,18,0.1217168,7.759,0
2017,3,22,0,0.9737344,6.648,0
2017,3,22,6,0.3347212,8.722,0
2017,3,22,12,2.6929842,10,0
2017,3,22,18,4.0470836,5.278,0
2017,3,23,0,0.3499358,3.778,0.01
2017,3,23,6,0,6.111,0.005
2017,3,23,12,0,10.519,0
2017,3,23,18,1.901825,7.25,0
2017,3,24,0,2.053971,6.028,0
2017,3,24,6,0.5629402,7.111,0
2017,3,24,12,2.4647652,9.324,0
2017,3,24,18,5.9641232,6.065,0
2017,3,25,0,1.6888206,4.898,0
2017,3,25,6,4.3665902,5.13,0
2017,3,25,12,1.4606016,7.491,0
2017,3,25,18,0.1217168,4.565,0.005
2017,3,26,0,0,3.481,0.035
2017,3,26,6,0.2890774,5.056,0.00166666666666667
2017,3,26,12,0.608584,7.917,0
2017,3,26,18,1.4149578,5.611,0
2017,3,27,0,1.9322542,4.796,0
2017,3,27,6,1.0193782,6.435,0
2017,3,27,12,1.1867388,9.38,0
2017,3,27,18,1.1715242,6.481,0
2017,3,28,0,3.80365,5.435,0
2017,3,28,6,4.107942,6.343,0
2017,3,28,12,5.857621,7.444,0
2017,3,28,18,3.1342076,6.926,0
2017,3,29,0,6.3597028,5.917,0
2017,3,29,6,7.5007978,6.657,0
2017,3,29,12,7.0443598,8.861,0
2017,3,29,18,1.3084556,5.991,0
2017,3,30,0,3.9405814,4.296,0.00166666666666667
2017,3,30,6,1.141095,5.185,0
2017,3,30,12,0.2738628,8.787,0
2017,3,30,18,0,5.315,0.00333333333333333
2017,3,31,0,0,3.093,0.0533333333333333
2017,3,31,6,0,5.898,0.0133333333333333
2017,3,31,12,0,10.083,0
2017,3,31,18,0,7.63,0
2017,4,1,0,1.3845286,6.454,0
2017,4,1,6,1.3997432,6.833,0
2017,4,1,12,1.3084556,9.639,0
2017,4,1,18,1.141095,7.204,0
2017,4,2,0,0.8976614,4.361,0.00166666666666667
2017,4,2,6,0.2738628,5.37,0.0116666666666667
2017,4,2,12,0.3651504,8.491,0
2017,4,2,18,0.2738628,4.194,0.0366666666666667
2017,4,3,0,0.0152146,2.028,0.253333333333333
2017,4,3,6,0,4.657,0.07
2017,4,3,12,0,9.704,0
2017,4,3,18,0,5.648,0.00666666666666667
2017,4,4,0,0,4.333,0.0933333333333333
2017,4,4,6,0,8.62,0.00166666666666667
2017,4,4,12,0.152146,12.806,0
2017,4,4,18,1.2475972,9.259,0
2017,4,5,0,1.7192498,8.204,0
2017,4,5,6,3.6362894,8.435,0
2017,4,5,12,1.369314,9.806,0
2017,4,5,18,0.5933694,7.796,0
2017,4,6,0,0.0152146,7.204,0
2017,4,6,6,1.673606,8.37,0
2017,4,6,12,1.2780264,10.241,0
2017,4,6,18,0.0152146,7.389,0
2017,4,7,0,2.0844002,8.306,0
2017,4,7,6,1.3388848,9.769,0
2017,4,7,12,2.4951944,10.759,0
2017,4,7,18,3.3015682,7.278,0
2017,4,8,0,2.2517608,5.204,0
2017,4,8,6,1.445387,5.917,0
2017,4,8,12,1.369314,7.343,0
2017,4,8,18,1.8866104,4.528,0
2017,4,9,0,1.5366746,3.185,0.01
2017,4,9,6,0.0152146,5.509,0.005
2017,4,9,12,0,10.13,0
2017,4,9,18,0.0152146,6.898,0
2017,4,10,0,1.445387,5.5,0
2017,4,10,6,0.304292,6.167,0
2017,4,10,12,0.9585198,9.037,0
2017,4,10,18,0.912876,5.417,0
2017,4,11,0,0.152146,3.824,0.0166666666666667
2017,4,11,6,0,6.185,0.0233333333333333
2017,4,11,12,0,12.648,0
2017,4,11,18,0,8.963,0
2017,4,12,0,0.9280906,8.287,0
2017,4,12,6,3.3319974,8.556,0
2017,4,12,12,1.1106658,12.306,0
2017,4,12,18,0.836803,9.083,0
2017,4,13,0,3.7123624,6.278,0
2017,4,13,6,0.3195066,7.222,0
2017,4,13,12,0.684657,10.361,0
2017,4,13,18,2.1909024,6.028,0
2017,4,14,0,0.5629402,4.231,0.00333333333333333
2017,4,14,6,0.6998716,6.093,0.00166666666666667
2017,4,14,12,1.5366746,9.426,0
2017,4,14,18,1.9322542,6.102,0
2017,4,15,0,1.7192498,4.426,0
2017,4,15,6,0.6542278,6.037,0
2017,4,15,12,0.4412234,9.472,0
2017,4,15,18,0.0152146,5.852,0
2017,4,16,0,0,3.852,0.035
2017,4,16,6,0,9.194,0.00666666666666667
2017,4,16,12,0,15.88,0
2017,4,16,18,0.0912876,10.657,0
2017,4,17,0,0,8.472,0
2017,4,17,6,0.988949,10.389,0
2017,4,17,12,0.2738628,12.667,0
2017,4,17,18,0.6694424,9.009,0
2017,4,18,0,0.3347212,8.111,0
2017,4,18,6,1.0193782,9.444,0
2017,4,18,12,1.3236702,11.861,0
2017,4,18,18,0.76073,8.241,0
2017,4,19,0,0,6.583,0
2017,4,19,6,0.3955796,9.778,0
2017,4,19,12,1.7801082,10.843,0
2017,4,19,18,0.5933694,8.676,0
2017,4,20,0,0.8672322,6.639,0
2017,4,20,6,0.4868672,8.046,0
2017,4,20,12,0.456438,11.093,0
2017,4,20,18,1.4149578,8.287,0
2017,4,21,0,0.7150862,6.139,0
2017,4,21,6,0.4716526,9.296,0
2017,4,21,12,0,16.074,0
2017,4,21,18,0.0152146,12.12,0
2017,4,22,0,0,9.954,0
2017,4,22,6,0,13.731,0
2017,4,22,12,1.1715242,11.787,0
2017,4,22,18,0.4412234,9.463,0
2017,4,23,0,0.076073,7.657,0
2017,4,23,6,0.3347212,9.269,0
2017,4,23,12,0.5020818,10.963,0
2017,4,23,18,1.0954512,7.222,0
2017,4,24,0,0.2130044,5.694,0
2017,4,24,6,0,7.63,0
2017,4,24,12,0,11.63,0
2017,4,24,18,0,8.407,0
2017,4,25,0,0.1369314,7.111,0
2017,4,25,6,0.3499358,8.981,0
2017,4,25,12,0.0304292,11.963,0
2017,4,25,18,0.5933694,9.065,0
2017,4,26,0,1.8866104,7.472,0
2017,4,26,6,3.6210748,8.769,0
2017,4,26,12,2.3734776,11.685,0
2017,4,26,18,0.988949,7.343,0
2017,4,27,0,1.6279622,5.148,0
2017,4,27,6,0.912876,6.398,0
2017,4,27,12,0.608584,9.287,0
2017,4,27,18,0.3955796,6.472,0
2017,4,28,0,0.0912876,5.009,0
2017,4,28,6,0.0304292,7.954,0
2017,4,28,12,0.0304292,11.537,0
2017,4,28,18,0.0152146,7.824,0
2017,4,29,0,0,4.694,0.00166666666666667
2017,4,29,6,0,8.157,0
2017,4,29,12,2.4951944,9.528,0
2017,4,29,18,1.2323826,7.546,0
2017,4,30,0,0.5629402,6.083,0
2017,4,30,6,0.1217168,7.731,0
2017,4,30,12,0.228219,11.519,0
2017,4,30,18,0.0304292,7.435,0
2017,5,1,0,0,5.259,0
2017,5,1,6,0.304292,7.167,0
2017,5,1,12,0.608584,8.12,0
2017,5,1,18,0.1065022,6.343,0
2017,5,2,0,0.1217168,4.12,0
2017,5,2,6,0,9.417,0
2017,5,2,12,0,15.065,0
2017,5,2,18,0.6390132,12.296,0
2017,5,3,0,2.2365462,11.5,0
2017,5,3,6,2.8755594,12.13,0
2017,5,3,12,1.0041636,14.87,0
2017,5,3,18,0,13.815,0
2017,5,4,0,0,12.519,0
2017,5,4,6,0,17.389,0
2017,5,4,12,0.3195066,22.685,0
2017,5,4,18,8.5353906,16.296,0
2017,5,5,0,0.4868672,13.954,0
2017,5,5,6,2.3430484,12.657,0
2017,5,5,12,2.434336,10.583,0
2017,5,5,18,0.684657,6.889,0
2017,5,6,0,0.3347212,4.444,0
2017,5,6,6,0,7.287,0
2017,5,6,12,0,11.296,0
2017,5,6,18,0,7.148,0
2017,5,7,0,0,4.13,0.005
2017,5,7,6,0,7.907,0
2017,5,7,12,0,12.824,0
2017,5,7,18,0,8.694,0
2017,5,8,0,0,6.324,0
2017,5,8,6,0,10.157,0
2017,5,8,12,0,14.676,0
2017,5,8,18,0,10.685,0
2017,5,9,0,0,6.861,0
2017,5,9,6,0,11.75,0
2017,5,9,12,0,16.259,0
2017,5,9,18,0,12.556,0
2017,5,10,0,0,10.046,0
2017,5,10,6,0.0456438,13.583,0
2017,5,10,12,0.0456438,17.556,0
2017,5,10,18,0.0456438,14.019,0
2017,5,11,0,0.3499358,11.62,0
2017,5,11,6,0.5781548,13.852,0
2017,5,11,12,6.4509904,10.685,0
2017,5,11,18,0.6694424,8.13,0
2017,5,12,0,0.0608584,5.926,0
2017,5,12,6,0.2130044,8.935,0
2017,5,12,12,0.9737344,10.824,0
2017,5,12,18,0.304292,6.824,0
2017,5,13,0,0,4.833,0
2017,5,13,6,0.3651504,7.417,0
2017,5,13,12,0.8824468,10.565,0
2017,5,13,18,0.4716526,7.38,0
2017,5,14,0,0.3347212,5.398,0
2017,5,14,6,0.1825752,8.398,0
2017,5,14,12,0.6390132,11.463,0
2017,5,14,18,0.7911592,8.352,0
2017,5,15,0,0.7303008,6.472,0
2017,5,15,6,0.912876,8.074,0
2017,5,15,12,2.0844002,8.704,0
2017,5,15,18,2.6777696,6.5,0
2017,5,16,0,5.9793378,5.343,0
2017,5,16,6,1.7801082,6.25,0
2017,5,16,12,0.608584,8.694,0
2017,5,16,18,0.3651504,6.963,0
2017,5,17,0,0.2738628,6.222,0
2017,5,17,6,0,8.602,0
2017,5,17,12,0,12.343,0
2017,5,17,18,0,10.333,0
2017,5,18,0,0,8.917,0
2017,5,18,6,0,11.278,0
2017,5,18,12,0,14.981,0
2017,5,18,18,0,11.991,0
2017,5,19,0,0,8.639,0
2017,5,19,6,0,13.093,0
2017,5,19,12,0,17.231,0
2017,5,19,18,0,13.843,0
2017,5,20,0,0,10.565,0
2017,5,20,6,0,14.343,0
2017,5,20,12,0,18.648,0
2017,5,20,18,0,15.111,0
2017,5,21,0,0,11.407,0
2017,5,21,6,0,16.907,0
2017,5,21,12,0,22.222,0
2017,5,21,18,0,16.935,0
2017,5,22,0,0,13.565,0
2017,5,22,6,0,18.741,0
2017,5,22,12,0,24.296,0
2017,5,22,18,0,19.083,0
2017,5,23,0,0,14.352,0
2017,5,23,6,0,18.685,0
2017,5,23,12,0,20.13,0
2017,5,23,18,0,11.139,0
2017,5,24,0,0,7.454,0
2017,5,24,6,0.0608584,8.389,0
2017,5,24,12,0,11.917,0
2017,5,24,18,0,10.148,0
2017,5,25,0,0,7.241,0
2017,5,25,6,0,12.38,0
2017,5,25,12,0,17.602,0
2017,5,25,18,0,14.37,0
2017,5,26,0,0,11.139,0
2017,5,26,6,0,16.074,0
2017,5,26,12,0,21.731,0
2017,5,26,18,0,17.185,0
2017,5,27,0,0,13.639,0
2017,5,27,6,0,18.296,0
2017,5,27,12,0,24.13,0
2017,5,27,18,0,19.278,0
2017,5,28,0,0,15.102,0
2017,5,28,6,0,20.611,0
2017,5,28,12,0,25.657,0
2017,5,28,18,0,20.102,0
2017,5,29,0,0,15.657,0
2017,5,29,6,0,19.009,0
2017,5,29,12,0,25.13,0
2017,5,29,18,0,18.63,0
2017,5,30,0,0.0912876,12.87,0
2017,5,30,6,0.3651504,13.833,0
2017,5,30,12,0.4107942,13.093,0
2017,5,30,18,0.7455154,11.065,0
2017,5,31,0,0.3347212,10.037,0
2017,5,31,6,0,11.963,0
2017,5,31,12,0,16.926,0
2017,5,31,18,0.6694424,14.37,0
2017,6,1,0,1.7192498,12.444,0
2017,6,1,6,0.3955796,13.704,0
2017,6,1,12,0.0456438,15.481,0
2017,6,1,18,0.0456438,12.852,0
2017,6,2,0,0,11.102,0
2017,6,2,6,0,13.593,0
2017,6,2,12,0,16.806,0
2017,6,2,18,0,13.815,0
2017,6,3,0,0,11.083,0
2017,6,3,6,0,12.324,0
2017,6,3,12,0,14.565,0
2017,6,3,18,0,11.398,0
2017,6,4,0,0,8.63,0
2017,6,4,6,0,11.713,0
2017,6,4,12,0,15.231,0
2017,6,4,18,0,10.991,0
2017,6,5,0,0,7.352,0
2017,6,5,6,0,13.148,0
2017,6,5,12,0,19.259,0
2017,6,5,18,0,14.981,0
2017,6,6,0,0,12.148,0
2017,6,6,6,0,18.509,0
2017,6,6,12,0,24.565,0
2017,6,6,18,0,19.13,0
2017,6,7,0,0,14.63,0
2017,6,7,6,0,19.472,0
2017,6,7,12,0,24.602,0
2017,6,7,18,0.3651504,18.574,0
2017,6,8,0,0.2738628,13.833,0
2017,6,8,6,2.9364178,13.667,0
2017,6,8,12,2.4039068,12.778,0
2017,6,8,18,1.2475972,9.398,0
2017,6,9,0,0.5020818,8.324,0
2017,6,9,6,0.7150862,10.546,0
2017,6,9,12,1.1106658,14.185,0
2017,6,9,18,1.1106658,11.287,0
2017,6,10,0,0.6998716,8.731,0
2017,6,10,6,0.0608584,10.639,0
2017,6,10,12,0.076073,13.87,0
2017,6,10,18,0,12.019,0
2017,6,11,0,0,9.759,0
2017,6,11,6,0,13.037,0
2017,6,11,12,0,16.537,0
2017,6,11,18,0,13.741,0
2017,6,12,0,0,11.435,0
2017,6,12,6,0,12.556,0
2017,6,12,12,0,15.648,0
2017,6,12,18,0,11.917,0
2017,6,13,0,0,9.278,0
2017,6,13,6,0,11.37,0
2017,6,13,12,0,13.889,0
2017,6,13,18,0,11.13,0
2017,6,14,0,0.1673606,8.852,0
2017,6,14,6,0.2586482,10.537,0
2017,6,14,12,0,13.639,0
2017,6,14,18,0,11.935,0
2017,6,15,0,0.3651504,10.167,0
2017,6,15,6,2.28219,12.481,0
2017,6,15,12,8.3223862,13.676,0
2017,6,15,18,2.966847,12.963,0
2017,6,16,0,1.2780264,11.491,0
2017,6,16,6,0.6390132,12.5,0
2017,6,16,12,0.532511,15.528,0
2017,6,16,18,0.304292,12.019,0
2017,6,17,0,0.1369314,9.231,0
2017,6,17,6,0.1369314,12.741,0
2017,6,17,12,0.0912876,14.991,0
2017,6,17,18,0.2586482,12.157,0
2017,6,18,0,0.5020818,10.62,0
2017,6,18,6,1.0041636,12.009,0
2017,6,18,12,1.0193782,14.343,0
2017,6,18,18,0.152146,14.13,0
2017,6,19,0,0,13.046,0
2017,6,19,6,0,16.556,0
2017,6,19,12,0,19.713,0
2017,6,19,18,0,16.139,0
2017,6,20,0,0.0152146,14.083,0
2017,6,20,6,0.1977898,16.269,0
2017,6,20,12,0.152146,17.315,0
2017,6,20,18,0,13.722,0
2017,6,21,0,0,10.046,0
2017,6,21,6,0,12.38,0
2017,6,21,12,0,15.935,0
2017,6,21,18,0,12.611,0
2017,6,22,0,0,8.704,0
2017,6,22,6,0,14.611,0
2017,6,22,12,0,19.759,0
2017,6,22,18,0,15.944,0
2017,6,23,0,0,12.093,0
2017,6,23,6,0,17.806,0
2017,6,23,12,0,23.435,0
2017,6,23,18,0,18.778,0
2017,6,24,0,0,15.287,0
2017,6,24,6,0,21.583,0
2017,6,24,12,0,28.361,0
2017,6,24,18,0,22.963,0
2017,6,25,0,0,19.139,0
2017,6,25,6,0,24.574,0
2017,6,25,12,0,29.731,0
2017,6,25,18,0,22.657,0
2017,6,26,0,0,18.204,0
2017,6,26,6,0,19.593,0
2017,6,26,12,0,21.722,0
2017,6,26,18,0,16.056,0
2017,6,27,0,0,11.861,0
2017,6,27,6,0,14.657,0
2017,6,27,12,0,18.481,0
2017,6,27,18,0,15.269,0
2017,6,28,0,0,11.917,0
2017,6,28,6,0,14.62,0
2017,6,28,12,0,18.185,0
2017,6,28,18,0,15.407,0
2017,6,29,0,0,12.398,0
2017,6,29,6,0,16.306,0
2017,6,29,12,0,21.574,0
2017,6,29,18,0,18.185,0
2017,6,30,0,0,14.444,0
2017,6,30,6,0,19.537,0
2017,6,30,12,0,24.889,0
2017,6,30,18,0,19.537,0
2017,7,1,0,0,14.787,0
2017,7,1,6,0,16.157,0
2017,7,1,12,0,19.519,0
2017,7,1,18,0,15.87,0
2017,7,2,0,0,12.898,0
2017,7,2,6,0,17.009,0
2017,7,2,12,0,21.25,0
2017,7,2,18,0,17.019,0
2017,7,3,0,0,12.463,0
2017,7,3,6,0,14.685,0
2017,7,3,12,0,18.213,0
2017,7,3,18,0,14.602,0
2017,7,4,0,0,10.546,0
2017,7,4,6,0,15.898,0
2017,7,4,12,0,21.37,0
2017,7,4,18,0,16.926,0
2017,7,5,0,0,12.75,0
2017,7,5,6,0,18.944,0
2017,7,5,12,0,25.287,0
2017,7,5,18,0,20.481,0
2017,7,6,0,0,16.231,0
2017,7,6,6,0,20.204,0
2017,7,6,12,0,25.741,0
2017,7,6,18,0,20.398,0
2017,7,7,0,0,16.102,0
2017,7,7,6,0,18.222,0
2017,7,7,12,0,20.213,0
2017,7,7,18,0,15.741,0
2017,7,8,0,0,12.287,0
2017,7,8,6,0,17.343,0
2017,7,8,12,0,22.602,0
2017,7,8,18,0,18.185,0
2017,7,9,0,0,14.583,0
2017,7,9,6,0,18.519,0
2017,7,9,12,0,22.204,0
2017,7,9,18,0,17.62,0
2017,7,10,0,0,13.278,0
2017,7,10,6,0,16.593,0
2017,7,10,12,0,19.046,0
2017,7,10,18,0,14.231,0
2017,7,11,0,0,10.685,0
2017,7,11,6,0,14.593,0
2017,7,11,12,0,19.472,0
2017,7,11,18,0,15.769,0
2017,7,12,0,0,12.352,0
2017,7,12,6,0,16.472,0
2017,7,12,12,0,20.694,0
2017,7,12,18,0,16.648,0
2017,7,13,0,0,13.926,0
2017,7,13,6,0,15.352,0
2017,7,13,12,0,18.694,0
2017,7,13,18,0,15,0
2017,7,14,0,0,11.13,0
2017,7,14,6,0,16.352,0
2017,7,14,12,0,22.63,0
2017,7,14,18,0,17.741,0
2017,7,15,0,0,13.796,0
2017,7,15,6,0,16.87,0
2017,7,15,12,0,20.639,0
2017,7,15,18,0,15.583,0
2017,7,16,0,0,11.324,0
2017,7,16,6,0,14.056,0
2017,7,16,12,0,18.102,0
2017,7,16,18,0,13.972,0
2017,7,17,0,0,10.194,0
2017,7,17,6,0,15.741,0
2017,7,17,12,0,21.324,0
2017,7,17,18,0,16.741,0
2017,7,18,0,0,12.731,0
2017,7,18,6,0,17.759,0
2017,7,18,12,0,23.444,0
2017,7,18,18,0,18.093,0
2017,7,19,0,0,13.861,0
2017,7,19,6,0,17.213,0
2017,7,19,12,0,21.62,0
2017,7,19,18,0,16.991,0
2017,7,20,0,0.4107942,14.176,0
2017,7,20,6,1.9170396,14.389,0
2017,7,20,12,0.8063738,18.13,0
2017,7,20,18,0.076073,15.324,0
2017,7,21,0,0,12.037,0
2017,7,21,6,0,16.157,0
2017,7,21,12,0.0152146,18.259,0
2017,7,21,18,0.152146,16.5,0
2017,7,22,0,0.0912876,15.759,0
2017,7,22,6,0,17.269,0
2017,7,22,12,0,21.287,0
2017,7,22,18,0,18.278,0
2017,7,23,0,0,15.694,0
2017,7,23,6,0,16.907,0
2017,7,23,12,0,20.056,0
2017,7,23,18,0,16.194,0
2017,7,24,0,0,12.704,0
2017,7,24,6,0,18.102,0
2017,7,24,12,0,23.333,0
2017,7,24,18,0,18.926,0
2017,7,25,0,0,14.722,0
2017,7,25,6,0,19.778,0
2017,7,25,12,0,25.009,0
2017,7,25,18,0,20,0
2017,7,26,0,0,15.472,0
2017,7,26,6,0,19.528,0
2017,7,26,12,0,23.852,0
2017,7,26,18,0,18.565,0
2017,7,27,0,0,14.806,0
2017,7,27,6,0,16.139,0
2017,7,27,12,0,19.019,0
2017,7,27,18,0,14.898,0
2017,7,28,0,0,11.843,0
2017,7,28,6,0,16.056,0
2017,7,28,12,0,21.12,0
2017,7,28,18,0,17.139,0
2017,7,29,0,0,13.472,0
2017,7,29,6,0,17.815,0
2017,7,29,12,0,23.259,0
2017,7,29,18,0,18.889,0
2017,7,30,0,0,15.454,0
2017,7,30,6,0,18.12,0
2017,7,30,12,0,22.685,0
2017,7,30,18,0,17.741,0
2017,7,31,0,0,13.787,0
2017,7,31,6,0,18.481,0
2017,7,31,12,0,24.796,0
2017,7,31,18,0,19.935,0
2017,8,1,0,0,16.296,0
2017,8,1,6,0,21.583,0
2017,8,1,12,0,27.389,0
2017,8,1,18,0,22.222,0
2017,8,2,0,0,19.343,0
2017,8,2,6,0,23.62,0
2017,8,2,12,0,29.583,0
2017,8,2,18,0,23.287,0
2017,8,3,0,0,20.157,0
2017,8,3,6,0,23.759,0
2017,8,3,12,0,29.231,0
2017,8,3,18,0,22.704,0
2017,8,4,0,0,18.852,0
2017,8,4,6,0,22.685,0
2017,8,4,12,0,26.778,0
2017,8,4,18,0,20.954,0
2017,8,5,0,0,17.38,0
2017,8,5,6,0,20.102,0
2017,8,5,12,0,24.38,0
2017,8,5,18,0,19.102,0
2017,8,6,0,0,16.056,0
2017,8,6,6,0,19.565,0
2017,8,6,12,0,25.731,0
2017,8,6,18,0,20.287,0
2017,8,7,0,0,16.167,0
2017,8,7,6,0,20.352,0
2017,8,7,12,0,26.62,0
2017,8,7,18,0,21,0
2017,8,8,0,0,16.843,0
2017,8,8,6,0,21.046,0
2017,8,8,12,0,26.972,0
2017,8,8,18,0,21.481,0
2017,8,9,0,0,17.981,0
2017,8,9,6,0,22.333,0
2017,8,9,12,0,27.769,0
2017,8,9,18,0,21.824,0
2017,8,10,0,0,18.028,0
2017,8,10,6,0,22.009,0
2017,8,10,12,0,28.278,0
2017,8,10,18,0,22.009,0
2017,8,11,0,0,18.083,0
2017,8,11,6,0,21.796,0
2017,8,11,12,0,27.222,0
2017,8,11,18,0,19.722,0
2017,8,12,0,0,16.194,0
2017,8,12,6,0,17.694,0
2017,8,12,12,0,22.046,0
2017,8,12,18,0.5781548,17.157,0
2017,8,13,0,0.5172964,14.833,0
2017,8,13,6,0.2130044,15.102,0
2017,8,13,12,0,18.046,0
2017,8,13,18,0,13.861,0
2017,8,14,0,0,12,0
2017,8,14,6,0,14.176,0
2017,8,14,12,0,18.389,0
2017,8,14,18,0,14.148,0
2017,8,15,0,0,10.981,0
2017,8,15,6,0,15.287,0
2017,8,15,12,0,21.083,0
2017,8,15,18,0,16.546,0
2017,8,16,0,0,13.5,0
2017,8,16,6,0,17.019,0
2017,8,16,12,0,20.796,0
2017,8,16,18,0,17.019,0
2017,8,17,0,0,14.12,0
2017,8,17,6,0,16.917,0
2017,8,17,12,0,21.102,0
2017,8,17,18,0,16.824,0
2017,8,18,0,0,13.981,0
2017,8,18,6,0,16.667,0
2017,8,18,12,0,19.75,0
2017,8,18,18,0,15.546,0
2017,8,19,0,0,12.38,0
2017,8,19,6,0,15.269,0
2017,8,19,12,0,19.769,0
2017,8,19,18,0,15.102,0
2017,8,20,0,0,12.481,0
2017,8,20,6,0,16.157,0
2017,8,20,12,0,21.454,0
2017,8,20,18,0,16.083,0
2017,8,21,0,0,13.213,0
2017,8,21,6,0,17.222,0
2017,8,21,12,0,24.389,0
2017,8,21,18,0,19.167,0
2017,8,22,0,0,16.472,0
2017,8,22,6,0,20.907,0
2017,8,22,12,0,26.88,0
2017,8,22,18,0,20.704,0
2017,8,23,0,0,16.574,0
2017,8,23,6,0,18.065,0
2017,8,23,12,0,22.333,0
2017,8,23,18,0,17.287,0
2017,8,24,0,0,13.481,0
2017,8,24,6,0,14.25,0
2017,8,24,12,0,18.556,0
2017,8,24,18,0,13.981,0
2017,8,25,0,0,10.546,0
2017,8,25,6,0,14.417,0
2017,8,25,12,0,20.028,0
2017,8,25,18,0,15.028,0
2017,8,26,0,0,11.833,0
2017,8,26,6,0,16.704,0
2017,8,26,12,0,24.417,0
2017,8,26,18,0,18.796,0
2017,8,27,0,0,15.602,0
2017,8,27,6,0,20.417,0
2017,8,27,12,0,27.537,0
2017,8,27,18,0,21.361,0
2017,8,28,0,0,18.352,0
2017,8,28,6,0,22.537,0
2017,8,28,12,0,29.694,0
2017,8,28,18,0,22.824,0
2017,8,29,0,0,19.667,0
2017,8,29,6,0,24.148,0
2017,8,29,12,0,29.093,0
2017,8,29,18,0,20.213,0
2017,8,30,0,0,15.167,0
2017,8,30,6,0,16.509,0
2017,8,30,12,0,20.602,0
2017,8,30,18,0.152146,17.204,0
2017,8,31,0,0,15.426,0
2017,8,31,6,0,16.713,0
2017,8,31,12,0,21.065,0
2017,8,31,18,0,16.185,0
2017,9,1,0,0,13.417,0
2017,9,1,6,0,17.231,0
2017,9,1,12,0,24.556,0
2017,9,1,18,0,19.648,0
2017,9,2,0,0,16.861,0
2017,9,2,6,0,20.954,0
2017,9,2,12,0,28.083,0
2017,9,2,18,0,21.759,0
2017,9,3,0,0,18.204,0
2017,9,3,6,0,22.278,0
2017,9,3,12,0,29.167,0
2017,9,3,18,0,21.63,0
2017,9,4,0,0,19,0
2017,9,4,6,0,23.5,0
2017,9,4,12,0,30.935,0
2017,9,4,18,0,25.13,0
2017,9,5,0,0,22.565,0
2017,9,5,6,0,26.963,0
2017,9,5,12,0,30,0
2017,9,5,18,0,23.343,0
2017,9,6,0,0,20.778,0
2017,9,6,6,0,22.907,0
2017,9,6,12,0,26.981,0
2017,9,6,18,0,20.444,0
2017,9,7,0,0,17.546,0
2017,9,7,6,0,19.583,0
2017,9,7,12,0,23.037,0
2017,9,7,18,0,17.667,0
2017,9,8,0,0,16.148,0
2017,9,8,6,1.3540994,16.194,0
2017,9,8,12,0,18.583,0
2017,9,8,18,0.228219,16.148,0
2017,9,9,0,0.2738628,13.898,0
2017,9,9,6,0.7303008,13.324,0
2017,9,9,12,1.5823184,13.63,0
2017,9,9,18,0.2586482,12.25,0
2017,9,10,0,0.3499358,10.222,0
2017,9,10,6,0,13,0
2017,9,10,12,0,18.278,0
2017,9,10,18,0,13.593,0
2017,9,11,0,0,11.731,0
2017,9,11,6,0,16.231,0
2017,9,11,12,0,23.898,0
2017,9,11,18,0,17.435,0
2017,9,12,0,0,14.574,0
2017,9,12,6,0,16.074,0
2017,9,12,12,0,18.583,0
2017,9,12,18,0,13.843,0
2017,9,13,0,0,10.537,0
2017,9,13,6,0,12.685,0
2017,9,13,12,0,17.778,0
2017,9,13,18,0,12.917,0
2017,9,14,0,0,11.463,0
2017,9,14,6,0,15.657,0
2017,9,14,12,0,21.185,0
2017,9,14,18,0,14.213,0
2017,9,15,0,0,11.148,0
2017,9,15,6,0,14.815,0
2017,9,15,12,0,20.667,0
2017,9,15,18,0,13.917,0
2017,9,16,0,0,11.037,0
2017,9,16,6,0,14.454,0
2017,9,16,12,0,20.954,0
2017,9,16,18,0,14.639,0
2017,9,17,0,0,11.306,0
2017,9,17,6,0.152146,14.417,0
2017,9,17,12,0.8520176,13.75,0
2017,9,17,18,0.5933694,9.278,0
2017,9,18,0,0.0912876,7.454,0
2017,9,18,6,1.5671038,8.565,0
2017,9,18,12,0.608584,11.87,0
2017,9,18,18,1.4910308,9.472,0
2017,9,19,0,3.271139,8.25,0
2017,9,19,6,2.4039068,8.704,0
2017,9,19,12,1.293241,10.981,0
2017,9,19,18,3.423285,8.611,0
2017,9,20,0,0.684657,7.389,0
2017,9,20,6,0.076073,8.843,0
2017,9,20,12,0.228219,11.944,0
2017,9,20,18,0.3955796,9.25,0
2017,9,21,0,1.4910308,8.343,0
2017,9,21,6,0,10.12,0
2017,9,21,12,0,14.259,0
2017,9,21,18,0,10.954,0
2017,9,22,0,0,9.843,0
2017,9,22,6,0,12.537,0
2017,9,22,12,0,16.583,0
2017,9,22,18,0,12.167,0
2017,9,23,0,0,10.815,0
2017,9,23,6,0,12.528,0
2017,9,23,12,0,17.019,0
2017,9,23,18,0,11.657,0
2017,9,24,0,0,9.296,0
2017,9,24,6,0,12.769,0
2017,9,24,12,0,17.778,0
2017,9,24,18,0,13.574,0
2017,9,25,0,0.1065022,12.648,0
2017,9,25,6,0.2130044,13.028,0
2017,9,25,12,0.1065022,15.583,0
2017,9,25,18,0,13.481,0
2017,9,26,0,0,11.63,0
2017,9,26,6,0,14.046,0
2017,9,26,12,0,19,0
2017,9,26,18,0,14.065,0
2017,9,27,0,0,12.898,0
2017,9,27,6,0,16.741,0
2017,9,27,12,0,22.778,0
2017,9,27,18,0,17.491,0
2017,9,28,0,0,15.574,0
2017,9,28,6,0,19.12,0
2017,9,28,12,0,25.565,0
2017,9,28,18,0,19.204,0
2017,9,29,0,0.0152146,15.556,0
2017,9,29,6,1.7192498,15.102,0
2017,9,29,12,1.3236702,14.667,0
2017,9,29,18,0.0304292,10.769,0
2017,9,30,0,0.5933694,9,0
2017,9,30,6,1.5823184,10.389,0
2017,9,30,12,2.9820616,11.565,0
2017,9,30,18,0.988949,9.213,0
2017,10,1,0,0.304292,8.472,0
2017,10,1,6,0.0152146,9.259,0
2017,10,1,12,0.2890774,11.796,0
2017,10,1,18,0,8.231,0
2017,10,2,0,0,6.639,0
2017,10,2,6,0,9.435,0
2017,10,2,12,0,15.593,0
2017,10,2,18,0,11.343,0
2017,10,3,0,0,8.741,0
2017,10,3,6,0,11.667,0
2017,10,3,12,0,16.639,0
2017,10,3,18,0,10.889,0
2017,10,4,0,0,8.389,0
2017,10,4,6,0,11.12,0
2017,10,4,12,0,16.565,0
2017,10,4,18,0,11.315,0
2017,10,5,0,0,8.574,0
2017,10,5,6,0,11.583,0
2017,10,5,12,0,17.167,0
2017,10,5,18,0,11.102,0
2017,10,6,0,0,8.833,0
2017,10,6,6,0.0304292,10.463,0
2017,10,6,12,2.662555,11.176,0
2017,10,6,18,2.4191214,10.389,0
2017,10,7,0,0.152146,7.389,0
2017,10,7,6,0.684657,8.046,0
2017,10,7,12,0.8976614,10.296,0
2017,10,7,18,0.9433052,7.574,0
2017,10,8,0,0.2890774,6.685,0
2017,10,8,6,0,8.324,0
2017,10,8,12,0,12.139,0
2017,10,8,18,0,7.481,0
2017,10,9,0,0,5.62,0
2017,10,9,6,0,7.935,0
2017,10,9,12,0,13.574,0
2017,10,9,18,0,8.843,0
2017,10,10,0,0,7.667,0
2017,10,10,6,0.228219,8.269,0
2017,10,10,12,0.7455154,9.037,0
2017,10,10,18,0.1217168,5.593,0
2017,10,11,0,0.456438,4.389,0
2017,10,11,6,0.3347212,5.898,0
2017,10,11,12,0.3195066,7.898,0
2017,10,11,18,0.4107942,5.019,0
2017,10,12,0,0.988949,4.185,0
2017,10,12,6,0.4107942,5.602,0
2017,10,12,12,0.7150862,7.454,0
2017,10,12,18,1.7192498,5.454,0
2017,10,13,0,3.1037784,4.685,0
2017,10,13,6,1.825752,4.639,0
2017,10,13,12,0.0152146,7.472,0
2017,10,13,18,0,4.102,0.00333333333333333
2017,10,14,0,0,2.981,0.015
2017,10,14,6,0,5.991,0
2017,10,14,12,0,8.88,0
2017,10,14,18,0,7.139,0
2017,10,15,0,0,6.861,0
2017,10,15,6,0,9.435,0
2017,10,15,12,0,14.213,0
2017,10,15,18,0,9.981,0
2017,10,16,0,0.0456438,9.667,0
2017,10,16,6,0.076073,10.593,0
2017,10,16,12,2.2213316,11.537,0
2017,10,16,18,1.9322542,11.25,0
2017,10,17,0,4.4578778,12.009,0
2017,10,17,6,8.2006694,10.13,0
2017,10,17,12,0.152146,10.12,0
2017,10,17,18,0,6.907,0
2017,10,18,0,0.0152146,6.556,0
2017,10,18,6,4.1535858,8.528,0
2017,10,18,12,12.0347486,11.731,0
2017,10,18,18,8.6571074,10.63,0
2017,10,19,0,2.358263,9.454,0
2017,10,19,6,2.0235418,10.065,0
2017,10,19,12,4.3818048,9.815,0
2017,10,19,18,5.4316122,7.889,0
2017,10,20,0,2.7538426,6.509,0
2017,10,20,6,0.1065022,7.111,0
2017,10,20,12,0.4260088,7.954,0
2017,10,20,18,0,5.398,0
2017,10,21,0,0.076073,5.028,0
2017,10,21,6,1.9626834,6.37,0
2017,10,21,12,5.781548,8.056,0
2017,10,21,18,8.9461848,9.167,0
2017,10,22,0,5.3859684,9.241,0
2017,10,22,6,0.2890774,8.87,0
2017,10,22,12,0.2586482,10.833,0
2017,10,22,18,0.076073,8.167,0
2017,10,23,0,0,7.065,0
2017,10,23,6,0,8.843,0
2017,10,23,12,0,13.13,0
2017,10,23,18,0,10.5,0
2017,10,24,0,0,8.574,0
2017,10,24,6,0,10.241,0
2017,10,24,12,0,15.528,0
2017,10,24,18,0,10.694,0
2017,10,25,0,0,9.694,0
2017,10,25,6,3.8492938,10.519,0
2017,10,25,12,1.065022,11.019,0
2017,10,25,18,0,9.093,0
2017,10,26,0,0.1217168,8.398,0
2017,10,26,6,0,9.148,0
2017,10,26,12,0,12.87,0
2017,10,26,18,0,10.185,0
2017,10,27,0,0,10.204,0
2017,10,27,6,0,12.861,0
2017,10,27,12,0,17.593,0
2017,10,27,18,0,14.333,0
2017,10,28,0,0,12.722,0
2017,10,28,6,0,13.398,0
2017,10,28,12,0,17.139,0
2017,10,28,18,0,12.157,0
2017,10,29,0,0,10.139,0
2017,10,29,6,0,11.685,0
2017,10,29,12,0,16.574,0
2017,10,29,18,0,11.935,0
2017,10,30,0,0,9.389,0
2017,10,30,6,0,9.037,0
2017,10,30,12,0,12.426,0
2017,10,30,18,0,7.972,0
2017,10,31,0,0,6.176,0.00333333333333333
2017,10,31,6,0,7.509,0.00333333333333333
2017,10,31,12,0,11.528,0
2017,10,31,18,0,8.694,0
2017,11,1,0,0.1369314,6.769,0
2017,11,1,6,1.217168,6.815,0
2017,11,1,12,1.369314,8.139,0
2017,11,1,18,0.304292,6.111,0
2017,11,2,0,0.7303008,5.63,0
2017,11,2,6,1.7953228,5.926,0
2017,11,2,12,6.7552824,3.694,0.0333333333333333
2017,11,2,18,1.2628118,0.796,0.753333333333333
2017,11,3,0,1.0193782,-0.556,0.978333333333333
2017,11,3,6,0.8976614,-0.407,0.958333333333333
2017,11,3,12,0.1065022,1.25,0.921666666666667
2017,11,3,18,0,-1.13,1
2017,11,4,0,0.0304292,-1.639,1
2017,11,4,6,0,-1.25,0.966666666666667
2017,11,4,12,0.304292,0.083,0.866666666666667
2017,11,4,18,0.0456438,-0.972,1
2017,11,5,0,0.3651504,-0.056,1
2017,11,5,6,0.1217168,0.519,0.945
2017,11,5,12,0,2.417,0.843333333333333
2017,11,5,18,0,-0.259,1
2017,11,6,0,0,-0.815,1
2017,11,6,6,0,-0.139,0.933333333333333
2017,11,6,12,0,3.389,0.386666666666667
2017,11,6,18,0,0.417,1
2017,11,7,0,0,0.287,1
2017,11,7,6,0,2.241,0.741666666666667
2017,11,7,12,0,5.667,0.0366666666666667
2017,11,7,18,0,3.907,0.186666666666667
2017,11,8,0,0,4.944,0.01
2017,11,8,6,0,7.463,0
2017,11,8,12,0,9.731,0
2017,11,8,18,0,7.907,0
2017,11,9,0,0.1369314,6.639,0
2017,11,9,6,0.0152146,6.287,0
2017,11,9,12,0.3347212,7.157,0
2017,11,9,18,0.1825752,5.944,0
2017,11,10,0,0,5.019,0
2017,11,10,6,0,5.824,0
2017,11,10,12,0,8.102,0
2017,11,10,18,0.0304292,4.296,0
2017,11,11,0,0,3.694,0.00166666666666667
2017,11,11,6,0.0152146,5.787,0
2017,11,11,12,0.3195066,7.722,0
2017,11,11,18,0.456438,7.509,0
2017,11,12,0,3.5297872,7.787,0
2017,11,12,6,1.6583914,7.676,0
2017,11,12,12,4.5948092,8.546,0
2017,11,12,18,3.6210748,7.704,0
2017,11,13,0,2.2517608,7.991,0
2017,11,13,6,0.6542278,7.333,0
2017,11,13,12,2.814701,7.398,0
2017,11,13,18,3.271139,6.148,0
2017,11,14,0,1.3845286,5.37,0
2017,11,14,6,1.2323826,6.611,0
2017,11,14,12,2.9059886,7.935,0
2017,11,14,18,1.9170396,7.731,0
2017,11,15,0,2.7994864,6.824,0
2017,11,15,6,2.434336,6,0
2017,11,15,12,0.3499358,6.574,0
2017,11,15,18,0.5172964,4.861,0
2017,11,16,0,2.7690572,4.278,0
2017,11,16,6,1.2475972,4.352,0.00333333333333333
2017,11,16,12,0.9280906,5.315,0
2017,11,16,18,1.5823184,4.028,0.005
2017,11,17,0,1.3845286,3.176,0.015
2017,11,17,6,0.3955796,3.593,0.0216666666666667
2017,11,17,12,0.1065022,5.083,0.00333333333333333
2017,11,17,18,0.0304292,3.806,0.01
2017,11,18,0,0.2890774,4.491,0.005
2017,11,18,6,0,5.991,0
2017,11,18,12,0,7.639,0
2017,11,18,18,0,5.926,0
2017,11,19,0,0.152146,6.509,0
2017,11,19,6,1.3845286,7.167,0
2017,11,19,12,3.9101522,6.491,0
2017,11,19,18,2.1756878,5.046,0
2017,11,20,0,1.369314,5.491,0
2017,11,20,6,7.6377292,5.62,0
2017,11,20,12,0.1977898,5.954,0
2017,11,20,18,0,3.481,0.01
2017,11,21,0,0.0152146,2.88,0.115
2017,11,21,6,7.911592,5.796,0
2017,11,21,12,8.8853264,10.315,0
2017,11,21,18,3.6667186,11.5,0
2017,11,22,0,2.1148294,11.148,0
2017,11,22,6,0.912876,13.537,0
2017,11,22,12,2.0083272,15.491,0
2017,11,22,18,7.1204328,13.917,0
2017,11,23,0,5.857621,11.222,0
2017,11,23,6,4.2753026,9.222,0
2017,11,23,12,1.369314,8.352,0
2017,11,23,18,1.597533,6.898,0
2017,11,24,0,1.7953228,6.361,0
2017,11,24,6,0.304292,6.25,0
2017,11,24,12,0.608584,7.37,0
2017,11,24,18,0.2738628,7.074,0
2017,11,25,0,0.1065022,7.426,0
2017,11,25,6,0.456438,7.574,0
2017,11,25,12,0.1065022,9.444,0
2017,11,25,18,1.3540994,8.769,0
2017,11,26,0,0.7303008,12.407,0
2017,11,26,6,3.8188646,11.065,0
2017,11,26,12,7.5616562,6.259,0
2017,11,26,18,1.3388848,4.361,0
2017,11,27,0,1.597533,3.972,0
2017,11,27,6,0.1065022,4.056,0.00333333333333333
2017,11,27,12,0.0304292,5.704,0
2017,11,27,18,0,4.037,0.0133333333333333
2017,11,28,0,0.6542278,5.444,0
2017,11,28,6,1.597533,6.204,0
2017,11,28,12,1.52146,4.611,0
2017,11,28,18,0.4412234,3.444,0.00166666666666667
2017,11,29,0,0.2586482,3.491,0
2017,11,29,6,0.0456438,4.296,0
2017,11,29,12,0.152146,6.278,0
2017,11,29,18,0.1673606,6.028,0
2017,11,30,0,1.1258804,6.157,0
2017,11,30,6,2.890774,5.398,0
2017,11,30,12,1.2628118,5.111,0
2017,11,30,18,1.3997432,4.731,0
2017,12,1,0,0.8063738,4.63,0
2017,12,1,6,3.2254952,4.843,0
2017,12,1,12,3.3015682,4.269,0.00333333333333333
2017,12,1,18,1.3236702,3.963,0.00333333333333333
2017,12,2,0,0.836803,3.352,0.00833333333333333
2017,12,2,6,0.380365,4.204,0.005
2017,12,2,12,1.4758162,4.028,0.00333333333333333
2017,12,2,18,1.1715242,2.528,0.0316666666666667
2017,12,3,0,0.4260088,2.083,0.0683333333333333
2017,12,3,6,0,2.343,0.0866666666666667
2017,12,3,12,0,3.056,0.0316666666666667
2017,12,3,18,0,0.713,0.533333333333333
2017,12,4,0,0,0.454,0.798333333333333
2017,12,4,6,0,0.611,0.571666666666667
2017,12,4,12,0,2.63,0.09
2017,12,4,18,0,0.685,0.593333333333333
2017,12,5,0,0,-0.389,1
2017,12,5,6,0,0.574,0.811666666666667
2017,12,5,12,0,4.417,0
2017,12,5,18,0,3.593,0.0583333333333333
2017,12,6,0,0,4.102,0.123333333333333
2017,12,6,6,0,4.991,0.0866666666666667
2017,12,6,12,0,8.648,0
2017,12,6,18,0,6.454,0.00666666666666667
2017,12,7,0,0,5.565,0.0283333333333333
2017,12,7,6,0,6.398,0.0366666666666667
2017,12,7,12,0,9.37,0
2017,12,7,18,0,6.509,0.0283333333333333
2017,12,8,0,0,5.481,0.135
2017,12,8,6,0,5.463,0.203333333333333
2017,12,8,12,0,8.343,0
2017,12,8,18,0,6.056,0.0616666666666667
2017,12,9,0,0,5.491,0.151666666666667
2017,12,9,6,0,6.102,0.15
2017,12,9,12,0,9.176,0
2017,12,9,18,0,6.593,0.055
2017,12,10,0,0,5.898,0.0383333333333333
2017,12,10,6,0,6.676,0.025
2017,12,10,12,0,10.074,0
2017,12,10,18,0,8.333,0.00333333333333333
2017,12,11,0,0,6.398,0.0616666666666667
2017,12,11,6,0,6.102,0.0883333333333333
2017,12,11,12,0,8.944,0
2017,12,11,18,0,6.519,0.01
2017,12,12,0,0,5.093,0.0466666666666667
2017,12,12,6,0,5.565,0
2017,12,12,12,0,6.704,0
2017,12,12,18,0,4.241,0
2017,12,13,0,0,3.954,0.025
2017,12,13,6,0,4.509,0.0816666666666667
2017,12,13,12,0,7.852,0
2017,12,13,18,0,6.185,0
2017,12,14,0,0,4.787,0.02
2017,12,14,6,0,5.296,0.00333333333333333
2017,12,14,12,0,7.676,0
2017,12,14,18,0,5.315,0.00666666666666667
2017,12,15,0,0.6237986,4.065,0
2017,12,15,6,1.369314,3.435,0
2017,12,15,12,0.684657,3.389,0.00166666666666667
2017,12,15,18,1.0041636,2.315,0.0166666666666667
2017,12,16,0,0.4260088,1.833,0.0533333333333333
2017,12,16,6,0.4716526,2.333,0.045
2017,12,16,12,0,4.194,0
2017,12,16,18,0.2130044,3.417,0.00166666666666667
2017,12,17,0,0.5629402,4.222,0
2017,12,17,6,2.3126192,4.769,0
2017,12,17,12,5.629402,5.917,0
2017,12,17,18,9.356979,6.37,0
2017,12,18,0,5.7663334,5.944,0
2017,12,18,6,0.2434336,4.667,0
2017,12,18,12,0.2738628,4.926,0
2017,12,18,18,3.423285,3.565,0.00833333333333333
2017,12,19,0,2.4799798,2.861,0.00666666666666667
2017,12,19,6,13.5257794,3.352,0.00333333333333333
2017,12,19,12,4.7773844,2.787,0.241666666666667
2017,12,19,18,2.2213316,0.13,0.83
2017,12,20,0,0.1217168,-0.5,0.991666666666667
2017,12,20,6,0,-0.093,1
2017,12,20,12,0,1.287,0.976666666666667
2017,12,20,18,0,-1.657,1
2017,12,21,0,0,-2.343,1
2017,12,21,6,0,-1.62,1
2017,12,21,12,0,0.296,0.998333333333333
2017,12,21,18,0,-0.583,1
2017,12,22,0,0,-0.824,1
2017,12,22,6,0,-0.852,0.998333333333333
2017,12,22,12,0,0.361,0.993333333333333
2017,12,22,18,0,-2.343,1
2017,12,23,0,0,-3.787,1
2017,12,23,6,0,-3.444,1
2017,12,23,12,0,-0.843,1
2017,12,23,18,0,-3.417,1
2017,12,24,0,0,-3.185,1
2017,12,24,6,0,-1.713,1
2017,12,24,12,0,-0.176,1
2017,12,24,18,0,-1.75,1
2017,12,25,0,0,-2.019,1
2017,12,25,6,0,-2.417,1
2017,12,25,12,0,-1.056,1
2017,12,25,18,0,-2.824,1
2017,12,26,0,0,-3.38,1
2017,12,26,6,0,-2.556,1
2017,12,26,12,0,-0.731,1
2017,12,26,18,0,-2.213,1
2017,12,27,0,0,-2.519,1
2017,12,27,6,0.1977898,-1.389,0.991666666666667
2017,12,27,12,0.4716526,0.074,0.843333333333333
2017,12,27,18,0.8672322,0.185,0.808333333333333
2017,12,28,0,2.2213316,1.065,0.385
2017,12,28,6,5.2186078,2.176,0.0883333333333333
2017,12,28,12,4.3665902,4.102,0
2017,12,28,18,2.9364178,3.481,0.00333333333333333
2017,12,29,0,0.4868672,1.981,0.141666666666667
2017,12,29,6,2.3734776,1.907,0.198333333333333
2017,12,29,12,4.0622982,2.861,0.0916666666666667
2017,12,29,18,6.3292736,3.713,0.116666666666667
2017,12,30,0,3.5602164,2.528,0.0383333333333333
2017,12,30,6,1.4910308,1.13,0.356666666666667
2017,12,30,12,0.4107942,0.852,0.528333333333333
2017,12,30,18,0,-0.889,0.996666666666667
2017,12,31,0,0,-1.269,1
2017,12,31,6,0,-0.713,0.996666666666667
2017,12,31,12,0,1.343,0.82
2017,12,31,18,0,-1.935,1
2018,1,1,0,0,-1.593,1
2018,1,1,6,0,0.88,0.66
2018,1,1,12,0,3.528,0.113333333333333
2018,1,1,18,0,1.315,0.813333333333333
2018,1,2,0,0,0.75,0.933333333333333
2018,1,2,6,0,3.324,0.2
2018,1,2,12,0,5.389,0
2018,1,2,18,0,3.37,0.101666666666667
2018,1,3,0,0,0.685,0.825
2018,1,3,6,0.0152146,2.065,0.506666666666667
2018,1,3,12,0,4.398,0.00166666666666667
2018,1,3,18,0,2.87,0.295
2018,1,4,0,0,3.065,0.16
2018,1,4,6,0,4.102,0.0266666666666667
2018,1,4,12,0.1065022,5.009,0
2018,1,4,18,0.0456438,4.861,0
2018,1,5,0,1.3540994,4.981,0
2018,1,5,6,1.7040352,5.565,0
2018,1,5,12,1.217168,5.833,0
2018,1,5,18,0.6237986,5.093,0
2018,1,6,0,0.4412234,4.648,0
2018,1,6,6,1.0498074,4.12,0
2018,1,6,12,0.2586482,3.759,0
2018,1,6,18,0,1.778,0.17
2018,1,7,0,0.0912876,1.519,0.17
2018,1,7,6,1.445387,2.37,0.126666666666667
2018,1,7,12,2.2213316,3.5,0
2018,1,7,18,0.076073,4.602,0
2018,1,8,0,3.8340792,4.722,0
2018,1,8,6,2.1604732,4.556,0
2018,1,8,12,0,6.648,0
2018,1,8,18,0.532511,5.12,0
2018,1,9,0,4.260088,4.546,0
2018,1,9,6,2.0387564,4.63,0.00166666666666667
2018,1,9,12,0.0304292,4.667,0.01
2018,1,9,18,0.1825752,3.213,0.0233333333333333
2018,1,10,0,0.1369314,2.435,0.0566666666666667
2018,1,10,6,0.0304292,2.37,0.0983333333333333
2018,1,10,12,0.1065022,4.204,0.0216666666666667
2018,1,10,18,0,2.426,0.138333333333333
2018,1,11,0,2.130044,2.25,0.103333333333333
2018,1,11,6,3.0733492,2.278,0.11
2018,1,11,12,5.0512472,2.907,0.0383333333333333
2018,1,11,18,2.814701,2.102,0.138333333333333
2018,1,12,0,0.8520176,2.361,0.0966666666666667
2018,1,12,6,0.0152146,3.583,0.02
2018,1,12,12,3.423285,4.694,0
2018,1,12,18,6.8617846,4.278,0.00333333333333333
2018,1,13,0,3.0277054,5.139,0
2018,1,13,6,0.0304292,5.231,0
2018,1,13,12,0,7.148,0
2018,1,13,18,0,6.352,0
2018,1,14,0,0,6.917,0
2018,1,14,6,0,8.037,0
2018,1,14,12,0,11.546,0
2018,1,14,18,0,9.148,0
2018,1,15,0,0,8,0
2018,1,15,6,0,8.194,0
2018,1,15,12,0,11.028,0
2018,1,15,18,0.152146,9.685,0
2018,1,16,0,0.0152146,8.083,0
2018,1,16,6,0.076073,7.602,0
2018,1,16,12,0.2890774,8.204,0
2018,1,16,18,0,6,0
2018,1,17,0,0,6.259,0
2018,1,17,6,0,7.111,0
2018,1,17,12,7.3334372,10.25,0
2018,1,17,18,2.358263,8.907,0
2018,1,18,0,7.4855832,6.417,0
2018,1,18,6,0.0152146,5.398,0.00666666666666667
2018,1,18,12,0.5629402,6.333,0.00333333333333333
2018,1,18,18,0.228219,4.556,0.0166666666666667
2018,1,19,0,0,4.185,0.02
2018,1,19,6,0.0304292,4.537,0.0233333333333333
2018,1,19,12,1.1563096,5.389,0.01
2018,1,19,18,2.5712674,4.435,0.01
2018,1,20,0,1.5518892,3.185,0.04
2018,1,20,6,1.1106658,3.361,0.0583333333333333
2018,1,20,12,0.076073,5.194,0.01
2018,1,20,18,0,5.843,0.00666666666666667
2018,1,21,0,0,6.87,0
2018,1,21,6,0,7.083,0
2018,1,21,12,0.0304292,5.583,0.005
2018,1,21,18,5.3859684,3.648,0.0266666666666667
2018,1,22,0,2.890774,3.722,0.02
2018,1,22,6,1.7648936,3.287,0.035
2018,1,22,12,0.380365,4.731,0.025
2018,1,22,18,0,2.25,0.226666666666667
2018,1,23,0,0,2.537,0.156666666666667
2018,1,23,6,0.7455154,4.102,0.01
2018,1,23,12,2.1604732,5.343,0
2018,1,23,18,11.5174522,4.611,0
2018,1,24,0,0.4260088,5.528,0
2018,1,24,6,0.8063738,5.713,0
2018,1,24,12,0.1977898,6.056,0
2018,1,24,18,2.3430484,4.519,0.0116666666666667
2018,1,25,0,2.130044,2.185,0.17
2018,1,25,6,0.2586482,1.963,0.533333333333333
2018,1,25,12,1.3540994,2.444,0.125
2018,1,25,18,0.5933694,1.787,0.231666666666667
2018,1,26,0,1.0954512,1.389,0.278333333333333
2018,1,26,6,0.8520176,1.898,0.248333333333333
2018,1,26,12,0.4412234,2.981,0.123333333333333
2018,1,26,18,0.4412234,1.87,0.296666666666667
2018,1,27,0,2.890774,2.917,0.0283333333333333
2018,1,27,6,0.3347212,5.019,0.00166666666666667
2018,1,27,12,2.7081988,4.389,0.00833333333333333
2018,1,27,18,0.0304292,3,0.02
2018,1,28,0,1.293241,3.611,0.005
2018,1,28,6,0.228219,5.574,0
2018,1,28,12,1.8409666,7.991,0
2018,1,28,18,0.9433052,8.148,0
2018,1,29,0,2.4039068,8.657,0
2018,1,29,6,6.1314838,8.685,0
2018,1,29,12,8.672322,8.38,0
2018,1,29,18,1.901825,4.519,0.01
2018,1,30,0,0.6237986,3.306,0.0233333333333333
2018,1,30,6,1.749679,3.213,0.0316666666666667
2018,1,30,12,0.076073,4.5,0.0233333333333333
2018,1,30,18,0.3499358,2.62,0.0866666666666667
2018,1,31,0,0.152146,1.639,0.21
2018,1,31,6,0.1065022,2.148,0.158333333333333
2018,1,31,12,1.5366746,3.694,0.055
2018,1,31,18,2.4647652,3.009,0.025
2018,2,1,0,1.141095,3.231,0.0183333333333333
2018,2,1,6,0.7303008,3.685,0.015
2018,2,1,12,1.293241,5.083,0
2018,2,1,18,1.7953228,4.259,0
2018,2,2,0,0.0456438,5.037,0
2018,2,2,6,4.3057318,6.509,0
2018,2,2,12,0.2130044,8.13,0
2018,2,2,18,2.5560528,6.898,0
2018,2,3,0,1.9474688,6.935,0
2018,2,3,6,0.2586482,6.944,0
2018,2,3,12,0.7150862,8.009,0
2018,2,3,18,6.8009262,7.25,0
2018,2,4,0,7.3942956,7.426,0
2018,2,4,6,7.8811628,7.907,0
2018,2,4,12,1.6127476,8.574,0
2018,2,4,18,0.0304292,7.213,0
2018,2,5,0,1.2475972,6.213,0
2018,2,5,6,1.3236702,6.093,0
2018,2,5,12,0.7759446,6.574,0
2018,2,5,18,0.1825752,5.528,0
2018,2,6,0,0.0912876,4.972,0
2018,2,6,6,0.0152146,5.269,0
2018,2,6,12,0.6237986,6.491,0
2018,2,6,18,0.6390132,5.88,0
2018,2,7,0,0.2434336,6.278,0
2018,2,7,6,0.0608584,6.917,0
2018,2,7,12,1.369314,8.287,0
2018,2,7,18,0.076073,8.5,0
2018,2,8,0,0.7911592,8.889,0
2018,2,8,6,0.5781548,7.88,0
2018,2,8,12,1.1867388,8.046,0
2018,2,8,18,0.7303008,4.796,0.00666666666666667
2018,2,9,0,0,3.222,0.0666666666666667
2018,2,9,6,0.152146,2.37,0.18
2018,2,9,12,0.076073,3.259,0.14
2018,2,9,18,0,0.843,0.933333333333333
2018,2,10,0,0,-0.426,1
2018,2,10,6,0,-0.426,0.981666666666667
2018,2,10,12,0,3.028,0.485
2018,2,10,18,0,-0.019,0.985
2018,2,11,0,0,-0.685,1
2018,2,11,6,0,0.12,0.841666666666667
2018,2,11,12,0,3.722,0.415
2018,2,11,18,0,0.083,0.996666666666667
2018,2,12,0,0,-1.167,1
2018,2,12,6,0,-0.806,1
2018,2,12,12,0,3.241,0.93
2018,2,12,18,0,-0.407,1
2018,2,13,0,0,-1.667,1
2018,2,13,6,0,0.009,0.943333333333333
2018,2,13,12,0,4.148,0.365
2018,2,13,18,0.7759446,2.046,0.658333333333333
2018,2,14,0,2.28219,0.602,0.553333333333333
2018,2,14,6,1.0193782,0.444,0.636666666666667
2018,2,14,12,0.0304292,2.463,0.115
2018,2,14,18,0.304292,0.519,0.59
2018,2,15,0,0.3651504,0.519,0.561666666666667
2018,2,15,6,0,0.454,0.668333333333333
2018,2,15,12,0,2.694,0.128333333333333
2018,2,15,18,0.304292,0.935,0.498333333333333
2018,2,16,0,1.4301724,1.611,0.193333333333333
2018,2,16,6,4.2296588,2.454,0.105
2018,2,16,12,0.380365,4.407,0.02
2018,2,16,18,0.0304292,2.759,0.0433333333333333
2018,2,17,0,2.3886922,2.769,0.0183333333333333
2018,2,17,6,6.1010546,3.231,0.0183333333333333
2018,2,17,12,0.2890774,4.648,0.0233333333333333
2018,2,17,18,1.673606,2.194,0.19
2018,2,18,0,0.6998716,-0.861,0.94
2018,2,18,6,0.2130044,-2.5,1
2018,2,18,12,0,-1.269,1
2018,2,18,18,0,-4.704,1
2018,2,19,0,0,-5.722,1
2018,2,19,6,0,-4.963,1
2018,2,19,12,0.0456438,-1,1
2018,2,19,18,0,-4.444,1
2018,2,20,0,0,-5.5,1
2018,2,20,6,0,-4.315,1
2018,2,20,12,0,-0.463,1
2018,2,20,18,0,-3.741,1
2018,2,21,0,0,-5.528,1
2018,2,21,6,0,-4.454,1
2018,2,21,12,0.1065022,-2.222,1
2018,2,21,18,0.076073,-4.361,1
2018,2,22,0,0.076073,-6.083,1
2018,2,22,6,0,-4.407,1
2018,2,22,12,0,0.361,1
2018,2,22,18,0,-3.833,1
2018,2,23,0,0,-4.426,1
2018,2,23,6,0.0152146,-3.12,1
2018,2,23,12,0.3651504,-1.111,1
2018,2,23,18,0.2130044,-1.389,1
2018,2,24,0,0.988949,-0.694,1
2018,2,24,6,0.1977898,-0.769,0.92
2018,2,24,12,0,1.528,0.375
2018,2,24,18,1.0345928,0.62,0.696666666666667
2018,2,25,0,1.1867388,1.565,0.295
2018,2,25,6,1.4910308,2.019,0.175
2018,2,25,12,0.304292,2.824,0.243333333333333
2018,2,25,18,0.1977898,-0.852,0.96
2018,2,26,0,0.2738628,-1.167,0.988333333333333
2018,2,26,6,0,-0.296,0.82
2018,2,26,12,0,2.278,0.283333333333333
2018,2,26,18,0.0152146,-0.019,0.918333333333333
2018,2,27,0,2.1148294,0.796,0.645
2018,2,27,6,1.5366746,2.111,0.248333333333333
2018,2,27,12,1.445387,3.611,0.0383333333333333
2018,2,27,18,0,1.509,0.44
2018,2,28,0,0.3651504,1.12,0.56
2018,2,28,6,0.0304292,2.741,0.265
2018,2,28,12,1.5366746,4.648,0.0166666666666667
2018,2,28,18,1.9474688,4.222,0.015
2018,3,1,0,3.2102806,3.519,0.035
2018,3,1,6,0.3651504,2.722,0.208333333333333
2018,3,1,12,0,5.657,0.0183333333333333
2018,3,1,18,0,2.417,0.403333333333333
2018,3,2,0,0,2.259,0.586666666666667
2018,3,2,6,0.152146,2.204,0.19
2018,3,2,12,0.0608584,3.102,0.0766666666666667
2018,3,2,18,0,1.602,0.338333333333333
2018,3,3,0,0,0.843,0.71
2018,3,3,6,0.0304292,1.685,0.618333333333333
2018,3,3,12,0,5.481,0.0233333333333333
2018,3,3,18,0,0.806,0.768333333333333
2018,3,4,0,0,0.481,0.968333333333333
2018,3,4,6,0.1065022,1.722,0.508333333333333
2018,3,4,12,0.0456438,4.333,0.0266666666666667
2018,3,4,18,0,1.287,0.473333333333333
2018,3,5,0,0.0152146,0.25,0.746666666666667
2018,3,5,6,0.1825752,1.722,0.443333333333333
2018,3,5,12,0.2434336,4.806,0.035
2018,3,5,18,0,1.833,0.431666666666667
2018,3,6,0,0,1.102,0.628333333333333
2018,3,6,6,0,2.75,0.4
2018,3,6,12,0,6.861,0.01
2018,3,6,18,0,2.5,0.355
2018,3,7,0,0,0.333,0.966666666666667
2018,3,7,6,0,0.296,0.635
2018,3,7,12,0,4.685,0
2018,3,7,18,0,4.028,0.118333333333333
2018,3,8,0,1.673606,4.167,0.00666666666666667
2018,3,8,6,1.6583914,4.361,0
2018,3,8,12,5.8119772,4.722,0
2018,3,8,18,6.1010546,4.222,0
2018,3,9,0,1.0041636,2.852,0.085
2018,3,9,6,0.2586482,2.815,0.19
2018,3,9,12,0.1977898,5.074,0.106666666666667
2018,3,9,18,0,-1.565,0.991666666666667
2018,3,10,0,0,-2.676,1
2018,3,10,6,0.0152146,0.12,0.656666666666667
2018,3,10,12,0,4.5,0.02
2018,3,10,18,0,1.333,0.798333333333333
2018,3,11,0,0,0.25,0.985
2018,3,11,6,0,3.231,0.351666666666667
2018,3,11,12,0,9.5,0
2018,3,11,18,0,8.602,0
2018,3,12,0,0,7.157,0
2018,3,12,6,0,9.935,0
2018,3,12,12,0,16.852,0
2018,3,12,18,0,11.056,0
2018,3,13,0,0.0152146,10.491,0
2018,3,13,6,0.0304292,12.537,0
2018,3,13,12,1.3084556,11.602,0
2018,3,13,18,4.6860968,6.593,0.00166666666666667
2018,3,14,0,0.0456438,5.583,0
2018,3,14,6,1.3540994,5.657,0
2018,3,14,12,1.673606,6,0.005
2018,3,14,18,0,3.889,0.0283333333333333
2018,3,15,0,0,1.472,0.483333333333333
2018,3,15,6,0,3.722,0.285
2018,3,15,12,0,9.769,0
2018,3,15,18,0,4.926,0.00333333333333333
2018,3,16,0,0,3.12,0.193333333333333
2018,3,16,6,0,5.093,0.151666666666667
2018,3,16,12,0,11.12,0
2018,3,16,18,0,5.843,0.005
2018,3,17,0,0,3,0.203333333333333
2018,3,17,6,0,4.435,0.226666666666667
2018,3,17,12,0,9.62,0
2018,3,17,18,0,5.333,0
2018,3,18,0,0,3.259,0.015
2018,3,18,6,0,4.759,0.00833333333333333
2018,3,18,12,0,7.843,0
2018,3,18,18,0,4.593,0.00333333333333333
2018,3,19,0,0,2.935,0.05
2018,3,19,6,0,4.593,0.01
2018,3,19,12,0,8.37,0
2018,3,19,18,0,4.481,0.01
2018,3,20,0,0,3.037,0.03
2018,3,20,6,0,5.361,0.005
2018,3,20,12,0,8.231,0
2018,3,20,18,0,4.407,0.0266666666666667
2018,3,21,0,0,3.111,0.095
2018,3,21,6,0,6.667,0.02
2018,3,21,12,0,12.565,0
2018,3,21,18,0.1977898,8.741,0
2018,3,22,0,0.5629402,7.222,0
2018,3,22,6,3.4689288,6.639,0
2018,3,22,12,3.9253668,4.472,0.0333333333333333
2018,3,22,18,1.0041636,1.213,0.466666666666667
2018,3,23,0,0.0912876,1.213,0.741666666666667
2018,3,23,6,0.0304292,3.148,0.225
2018,3,23,12,0.5020818,5.343,0.0516666666666667
2018,3,23,18,0,2.12,0.446666666666667
2018,3,24,0,0.1065022,1.157,0.578333333333333
2018,3,24,6,0.8520176,1.574,0.231666666666667
2018,3,24,12,0.1673606,4.463,0.0566666666666667
2018,3,24,18,0,1.657,0.54
2018,3,25,0,0,-0.574,1
2018,3,25,6,0,1.907,0.493333333333333
2018,3,25,12,0,6.611,0.0216666666666667
2018,3,25,18,0,3.62,0.0533333333333333
2018,3,26,0,0.0304292,3.389,0.0566666666666667
2018,3,26,6,1.141095,4.074,0.0233333333333333
2018,3,26,12,1.4149578,6.019,0
2018,3,26,18,2.130044,5.417,0
2018,3,27,0,2.1909024,5.778,0
2018,3,27,6,4.8991012,6.722,0
2018,3,27,12,0.4716526,8.759,0
2018,3,27,18,0,6.352,0
2018,3,28,0,0.0456438,4.787,0
2018,3,28,6,0.0304292,5.444,0.00666666666666667
2018,3,28,12,0,8.343,0
2018,3,28,18,0,5.213,0.005
2018,3,29,0,0,4.398,0.0116666666666667
2018,3,29,6,0.076073,5.194,0.00333333333333333
2018,3,29,12,0.6390132,6.731,0
2018,3,29,18,0.8063738,6.278,0
2018,3,30,0,1.0345928,5.852,0
2018,3,30,6,0.0912876,6.898,0
2018,3,30,12,0,9.889,0
2018,3,30,18,0.1217168,6.093,0
2018,3,31,0,0.0608584,3.463,0.03
2018,3,31,6,0,6.269,0.0416666666666667
2018,3,31,12,0,11.435,0
2018,3,31,18,0,6.343,0
2018,4,1,0,0.1369314,4.602,0.005
2018,4,1,6,1.3845286,4.944,0.025
2018,4,1,12,0.8672322,5.759,0.04
2018,4,1,18,0.532511,0.991,0.603333333333333
2018,4,2,0,1.0954512,0.315,0.726666666666667
2018,4,2,6,0.076073,2.37,0.368333333333333
2018,4,2,12,0.0456438,6.648,0.03
2018,4,2,18,0.1825752,3.843,0.095
2018,4,3,0,0.6390132,2.509,0.126666666666667
2018,4,3,6,0.1217168,4.241,0.0683333333333333
2018,4,3,12,0.0152146,7.167,0.0116666666666667
2018,4,3,18,0,4.083,0.075
2018,4,4,0,0,3.213,0.0366666666666667
2018,4,4,6,0.0456438,5.546,0.01
2018,4,4,12,0.8672322,7.056,0
2018,4,4,18,1.9474688,5.583,0
2018,4,5,0,1.7192498,6.12,0
2018,4,5,6,1.8105374,8.074,0
2018,4,5,12,1.6888206,9.444,0
2018,4,5,18,1.825752,8.148,0
2018,4,6,0,0,8.241,0
2018,4,6,6,0.076073,9.37,0
2018,4,6,12,0,13.481,0
2018,4,6,18,0.0304292,10.852,0
2018,4,7,0,1.7344644,10.444,0
2018,4,7,6,3.4537142,10.37,0
2018,4,7,12,0.380365,11.454,0
2018,4,7,18,1.8561812,8.417,0
2018,4,8,0,1.2628118,7.148,0
2018,4,8,6,1.0193782,7.417,0
2018,4,8,12,0.5020818,9.389,0
2018,4,8,18,1.3997432,8.083,0
2018,4,9,0,0.2130044,6.657,0
2018,4,9,6,0,8.259,0
2018,4,9,12,0,13.222,0
2018,4,9,18,0,11.593,0
2018,4,10,0,0.1065022,11.398,0
2018,4,10,6,1.52146,11.333,0
2018,4,10,12,2.206117,9.852,0
2018,4,10,18,0.380365,7.676,0
2018,4,11,0,0.532511,6.583,0
2018,4,11,6,0,8.694,0
2018,4,11,12,0.8824468,9.806,0
2018,4,11,18,2.0083272,6.083,0.00166666666666667
2018,4,12,0,0.4260088,3.472,0.0266666666666667
2018,4,12,6,0.0608584,5.407,0.0133333333333333
2018,4,12,12,0.8063738,7.917,0
2018,4,12,18,0.1369314,5.222,0.00833333333333333
2018,4,13,0,1.9322542,4.833,0.005
2018,4,13,6,2.7842718,6.815,0
2018,4,13,12,1.9931126,8.713,0
2018,4,13,18,5.6141874,7.75,0
2018,4,14,0,3.423285,5.741,0
2018,4,14,6,0.836803,6.731,0
2018,4,14,12,1.065022,9.046,0
2018,4,14,18,4.5491654,5.824,0
2018,4,15,0,0.9585198,4.463,0
2018,4,15,6,0,6.324,0.00166666666666667
2018,4,15,12,0,9.88,0
2018,4,15,18,1.065022,7.546,0
2018,4,16,0,2.6321258,6.12,0
2018,4,16,6,1.8713958,5.37,0.00666666666666667
2018,4,16,12,2.0844002,6.278,0
2018,4,16,18,1.293241,5.306,0
2018,4,17,0,2.5560528,4.972,0
2018,4,17,6,0.2738628,6.12,0.00833333333333333
2018,4,17,12,0.0456438,8.704,0
2018,4,17,18,0.0304292,5.491,0.005
2018,4,18,0,0,3.769,0.0166666666666667
2018,4,18,6,0,7.019,0.00166666666666667
2018,4,18,12,0.0456438,11.259,0
2018,4,18,18,0,7.639,0
2018,4,19,0,0,4.528,0.01
2018,4,19,6,0,8.472,0.00166666666666667
2018,4,19,12,0,12.972,0
2018,4,19,18,0,8.25,0
2018,4,20,0,0,6.361,0
2018,4,20,6,0,10.074,0
2018,4,20,12,0.0152146,12.907,0
2018,4,20,18,0.1825752,8.694,0
2018,4,21,0,0.5477256,6.065,0
2018,4,21,6,0.2738628,7.139,0.00166666666666667
2018,4,21,12,0.0152146,10.454,0
2018,4,21,18,0,6.296,0.00333333333333333
2018,4,22,0,0,3.574,0.03
2018,4,22,6,0,7.519,0.00166666666666667
2018,4,22,12,0,12.213,0
2018,4,22,18,0,8.046,0
2018,4,23,0,0,5.565,0.005
2018,4,23,6,0,10.87,0
2018,4,23,12,0,17.139,0
2018,4,23,18,0,12.722,0
2018,4,24,0,0,9.361,0
2018,4,24,6,0,14.491,0
2018,4,24,12,0,19.926,0
2018,4,24,18,0,14.185,0
2018,4,25,0,0,10.241,0
2018,4,25,6,0,15.389,0
2018,4,25,12,0,21.546,0
2018,4,25,18,0,15.769,0
2018,4,26,0,0,12.639,0
2018,4,26,6,0,17.546,0
2018,4,26,12,0,23.417,0
2018,4,26,18,0,17.63,0
2018,4,27,0,0,13.75,0
2018,4,27,6,0,15.38,0
2018,4,27,12,0,16.009,0
2018,4,27,18,0,11.139,0
2018,4,28,0,0.6237986,8.944,0
2018,4,28,6,1.6279622,8.426,0
2018,4,28,12,1.4301724,9.37,0
2018,4,28,18,0,7.852,0
2018,4,29,0,0.0152146,6.713,0
2018,4,29,6,0.228219,8.241,0
2018,4,29,12,0.3347212,10.759,0
2018,4,29,18,0.7455154,8.537,0
2018,4,30,0,0.4868672,7.352,0
2018,4,30,6,0.3955796,8.259,0
2018,4,30,12,0.0608584,10.417,0
2018,4,30,18,0.0304292,9.046,0
2018,5,1,0,0,7.889,0
2018,5,1,6,0,9.519,0
2018,5,1,12,0,13.278,0
2018,5,1,18,0,9.87,0
2018,5,2,0,0,7.472,0
2018,5,2,6,0,11.509,0
2018,5,2,12,0,16.593,0
2018,5,2,18,0,12.296,0
2018,5,3,0,0,9.259,0
2018,5,3,6,0,14.389,0
2018,5,3,12,0,19.306,0
2018,5,3,18,0,14.389,0
2018,5,4,0,0,9.213,0
2018,5,4,6,0,10.926,0
2018,5,4,12,0,13.194,0
2018,5,4,18,0,10.519,0
2018,5,5,0,0,7.806,0
2018,5,5,6,0,12.954,0
2018,5,5,12,0,18.685,0
2018,5,5,18,0,15.583,0
2018,5,6,0,0,13.602,0
2018,5,6,6,0,17.88,0
2018,5,6,12,0,21.843,0
2018,5,6,18,0,16.463,0
2018,5,7,0,0,11.898,0
2018,5,7,6,0,13.352,0
2018,5,7,12,0,17.472,0
2018,5,7,18,0,14.593,0
2018,5,8,0,0,11.731,0
2018,5,8,6,0,16.852,0
2018,5,8,12,0,23.167,0
2018,5,8,18,1.3084556,15.963,0
2018,5,9,0,0.0152146,13.139,0
2018,5,9,6,0,13.111,0
2018,5,9,12,0.3651504,14.546,0
2018,5,9,18,1.369314,11.481,0
2018,5,10,0,1.2780264,8.454,0
2018,5,10,6,0.912876,9.907,0
2018,5,10,12,0.0608584,12.398,0
2018,5,10,18,0.0304292,10.102,0
2018,5,11,0,0,8.398,0
2018,5,11,6,0,11.861,0
2018,5,11,12,0,16.065,0
2018,5,11,18,0,13.157,0
2018,5,12,0,0,10.056,0
2018,5,12,6,0,15.435,0
2018,5,12,12,0,20.991,0
2018,5,12,18,0,16.87,0
2018,5,13,0,0,13.815,0
2018,5,13,6,0,19.704,0
2018,5,13,12,0,24.815,0
2018,5,13,18,0,19.611,0
2018,5,14,0,0,16.111,0
2018,5,14,6,0,21.056,0
2018,5,14,12,0,26.343,0
2018,5,14,18,0,20.574,0
2018,5,15,0,0,16.167,0
2018,5,15,6,0,19.278,0
2018,5,15,12,0,22.222,0
2018,5,15,18,0,16.556,0
2018,5,16,0,0,12.491,0
2018,5,16,6,0,13.417,0
2018,5,16,12,0,17.417,0
2018,5,16,18,0,13.611,0
2018,5,17,0,0,10.88,0
2018,5,17,6,0,12.38,0
2018,5,17,12,0,15.361,0
2018,5,17,18,0,13.157,0
2018,5,18,0,0,11.444,0
2018,5,18,6,0,13.769,0
2018,5,18,12,0,16.213,0
2018,5,18,18,0,13.611,0
2018,5,19,0,0,12.139,0
2018,5,19,6,0.152146,14.87,0
2018,5,19,12,0.4868672,17.583,0
2018,5,19,18,0.0152146,14.546,0
2018,5,20,0,0.2738628,12.259,0
2018,5,20,6,0.2130044,13.407,0
2018,5,20,12,0.0152146,15.315,0
2018,5,20,18,0,12.176,0
2018,5,21,0,0,10.074,0
2018,5,21,6,0,12.935,0
2018,5,21,12,0,17.565,0
2018,5,21,18,0,14.231,0
2018,5,22,0,0,10.815,0
2018,5,22,6,0,16.741,0
2018,5,22,12,0,22.593,0
2018,5,22,18,0,17.972,0
2018,5,23,0,0,14.259,0
2018,5,23,6,0,18.759,0
2018,5,23,12,0,23.111,0
2018,5,23,18,0,17.454,0
2018,5,24,0,0,13.407,0
2018,5,24,6,0,14.241,0
2018,5,24,12,0,17.343,0
2018,5,24,18,0,14.222,0
2018,5,25,0,0,11.731,0
2018,5,25,6,0,14.62,0
2018,5,25,12,0,17.296,0
2018,5,25,18,0,12.009,0
2018,5,26,0,0,8.787,0
2018,5,26,6,0,12.333,0
2018,5,26,12,0,15.574,0
2018,5,26,18,0,10.981,0
2018,5,27,0,0,8.509,0
2018,5,27,6,0,13.954,0
2018,5,27,12,0,18.444,0
2018,5,27,18,0,13.157,0
2018,5,28,0,0,9.398,0
2018,5,28,6,0,13.898,0
2018,5,28,12,0,17.139,0
2018,5,28,18,0,12.444,0
2018,5,29,0,0,8.352,0
2018,5,29,6,0,11.111,0
2018,5,29,12,0,14.463,0
2018,5,29,18,0,10.519,0
2018,5,30,0,0,7.037,0
2018,5,30,6,0,10.833,0
2018,5,30,12,0,14.759,0
2018,5,30,18,0,11.315,0
2018,5,31,0,0,7.778,0
2018,5,31,6,0.0304292,11.769,0
2018,5,31,12,0.0304292,14.583,0
2018,5,31,18,0,10.806,0
2018,6,1,0,0,7.657,0
2018,6,1,6,0.0304292,10.898,0
2018,6,1,12,0,14.019,0
2018,6,1,18,0.0152146,12.028,0
2018,6,2,0,0,10.537,0
2018,6,2,6,0,14.926,0
2018,6,2,12,0,19.519,0
2018,6,2,18,0,15.389,0
2018,6,3,0,0,11.87,0
2018,6,3,6,0.6390132,14.148,0
2018,6,3,12,5.4468268,12.222,0
2018,6,3,18,1.0193782,9.5,0
2018,6,4,0,0.0152146,7.648,0
2018,6,4,6,0,10.694,0
2018,6,4,12,0,14.63,0
2018,6,4,18,0,10.694,0
2018,6,5,0,0,7.898,0
2018,6,5,6,0,12.176,0
2018,6,5,12,0,15.88,0
2018,6,5,18,0,13.13,0
2018,6,6,0,0,9.806,0
2018,6,6,6,0,14.991,0
2018,6,6,12,0,19.037,0
2018,6,6,18,0,14.519,0
2018,6,7,0,0,10.667,0
2018,6,7,6,0,13.685,0
2018,6,7,12,0,15.574,0
2018,6,7,18,0,13.315,0
2018,6,8,0,0,11.926,0
2018,6,8,6,0.5172964,14.037,0
2018,6,8,12,3.4689288,13.519,0
2018,6,8,18,3.499358,10.241,0
2018,6,9,0,3.8340792,8.667,0
2018,6,9,6,0.4412234,10.574,0
2018,6,9,12,0.5020818,14.324,0
2018,6,9,18,0.152146,10.491,0
2018,6,10,0,0.1369314,7.481,0
2018,6,10,6,0.4260088,10.333,0
2018,6,10,12,0.8520176,13.046,0
2018,6,10,18,0.5477256,9.667,0
2018,6,11,0,0.9585198,7.139,0
2018,6,11,6,0.456438,10.306,0
2018,6,11,12,0.0304292,15.194,0
2018,6,11,18,0,11.778,0
2018,6,12,0,0,8.194,0
2018,6,12,6,0,13.667,0
2018,6,12,12,0,16.898,0
2018,6,12,18,0,13.972,0
2018,6,13,0,0.0912876,11.843,0
2018,6,13,6,3.2254952,11.093,0
2018,6,13,12,0.7303008,13.574,0
2018,6,13,18,0.304292,11.75,0
2018,6,14,0,0.228219,9.454,0
2018,6,14,6,0.2586482,11.769,0
2018,6,14,12,0,15.398,0
2018,6,14,18,0,12.574,0
2018,6,15,0,0,9.815,0
2018,6,15,6,0,13.639,0
2018,6,15,12,0,16.713,0
2018,6,15,18,0,14.259,0
2018,6,16,0,0,11.537,0
2018,6,16,6,0,17.472,0
2018,6,16,12,0,23.574,0
2018,6,16,18,0,19.287,0
2018,6,17,0,0,15.565,0
2018,6,17,6,0,21.259,0
2018,6,17,12,0,25.898,0
2018,6,17,18,0,21.407,0
2018,6,18,0,0,17.037,0
2018,6,18,6,0,22.074,0
2018,6,18,12,0,26.824,0
2018,6,18,18,0,22.472,0
2018,6,19,0,0,17.907,0
2018,6,19,6,0,20.87,0
2018,6,19,12,0,25.491,0
2018,6,19,18,0,21.083,0
2018,6,20,0,0,18.065,0
2018,6,20,6,0,22.917,0
2018,6,20,12,0,26.704,0
2018,6,20,18,0,21.926,0
2018,6,21,0,0,16.611,0
2018,6,21,6,0,15.778,0
2018,6,21,12,0,18.861,0
2018,6,21,18,0,15.574,0
2018,6,22,0,0,12.556,0
2018,6,22,6,0,14.509,0
2018,6,22,12,0.0152146,16.222,0
2018,6,22,18,0,13.944,0
2018,6,23,0,0,12.343,0
2018,6,23,6,0,13.991,0
2018,6,23,12,0,18.065,0
2018,6,23,18,0,15.657,0
2018,6,24,0,0,11.796,0
2018,6,24,6,0,17.546,0
2018,6,24,12,0,22.963,0
2018,6,24,18,1.6127476,16.009,0
2018,6,25,0,3.4841434,12.074,0
2018,6,25,6,0.3499358,12.935,0
2018,6,25,12,0.1673606,15.833,0
2018,6,25,18,0.0608584,12.843,0
2018,6,26,0,0.6237986,10.38,0
2018,6,26,6,0.1065022,12.806,0
2018,6,26,12,0.0152146,17.324,0
2018,6,26,18,0,13.972,0
2018,6,27,0,0,10.602,0
2018,6,27,6,0,14.852,0
2018,6,27,12,0,18,0
2018,6,27,18,0,14.148,0
2018,6,28,0,0,11.565,0
2018,6,28,6,0,12.861,0
2018,6,28,12,0,14.898,0
2018,6,28,18,0,13.065,0
2018,6,29,0,0,11.852,0
2018,6,29,6,0.8063738,13.593,0
2018,6,29,12,0.9433052,14.963,0
2018,6,29,18,0,14.556,0
2018,6,30,0,0,12.657,0
2018,6,30,6,2.2365462,13.861,0
2018,6,30,12,0.9585198,14.009,0
2018,6,30,18,0,13.509,0
2018,7,1,0,0,11.972,0
2018,7,1,6,0,13.972,0
2018,7,1,12,0,16.12,0
2018,7,1,18,1.0802366,12.917,0
2018,7,2,0,3.1342076,10.083,0
2018,7,2,6,1.6127476,11.417,0
2018,7,2,12,0.076073,15.028,0
2018,7,2,18,0,12.954,0
2018,7,3,0,0,10.352,0
2018,7,3,6,0,14.352,0
2018,7,3,12,0,19.028,0
2018,7,3,18,0,16.213,0
2018,7,4,0,0,13.833,0
2018,7,4,6,0,20.583,0
2018,7,4,12,0,25.815,0
2018,7,4,18,0,20.176,0
2018,7,5,0,0,17.926,0
2018,7,5,6,0,21.963,0
2018,7,5,12,0,25.648,0
2018,7,5,18,0,19.944,0
2018,7,6,0,0,16.944,0
2018,7,6,6,0,20.065,0
2018,7,6,12,0.076073,22.63,0
2018,7,6,18,0.6694424,17.25,0
2018,7,7,0,0.3955796,13.565,0
2018,7,7,6,0,15.269,0
2018,7,7,12,0,17.713,0
2018,7,7,18,0,15.454,0
2018,7,8,0,0,12,0
2018,7,8,6,0,17.361,0
2018,7,8,12,0,22.194,0
2018,7,8,18,0,17.685,0
2018,7,9,0,0,13.88,0
2018,7,9,6,0,17.972,0
2018,7,9,12,0,19.796,0
2018,7,9,18,0.0304292,15.343,0
2018,7,10,0,0,13.278,0
2018,7,10,6,0,14.611,0
2018,7,10,12,0,17.806,0
2018,7,10,18,0,15.991,0
2018,7,11,0,0,13.361,0
2018,7,11,6,0,17.991,0
2018,7,11,12,0,22.676,0
2018,7,11,18,0,18.657,0
2018,7,12,0,0,13.824,0
2018,7,12,6,0,19.269,0
2018,7,12,12,0,24.509,0
2018,7,12,18,0,19.713,0
2018,7,13,0,0,14.759,0
2018,7,13,6,0,18.972,0
2018,7,13,12,0,23.426,0
2018,7,13,18,0,19.009,0
2018,7,14,0,0,14.759,0
2018,7,14,6,0,20.509,0
2018,7,14,12,0,27.185,0
2018,7,14,18,0,20.981,0
2018,7,15,0,0,15.63,0
2018,7,15,6,0,21.731,0
2018,7,15,12,0,27.667,0
2018,7,15,18,0,21.259,0
2018,7,16,0,0,15.278,0
2018,7,16,6,0,21.426,0
2018,7,16,12,0,27.556,0
2018,7,16,18,0,21.685,0
2018,7,17,0,0,16.12,0
2018,7,17,6,0,21.583,0
2018,7,17,12,0,26.444,0
2018,7,17,18,0,20.713,0
2018,7,18,0,0,15.454,0
2018,7,18,6,0,16.546,0
2018,7,18,12,0,20.398,0
2018,7,18,18,0,16.731,0
2018,7,19,0,0,13.417,0
2018,7,19,6,0,14.648,0
2018,7,19,12,0,16.852,0
2018,7,19,18,0,14.444,0
2018,7,20,0,0,12.324,0
2018,7,20,6,0,14.481,0
2018,7,20,12,0,18.361,0
2018,7,20,18,0,14.481,0
2018,7,21,0,0,10.25,0
2018,7,21,6,0,15.38,0
2018,7,21,12,0,19.972,0
2018,7,21,18,0,16.278,0
2018,7,22,0,0,12.676,0
2018,7,22,6,0,19.148,0
2018,7,22,12,0,25.574,0
2018,7,22,18,0,20.565,0
2018,7,23,0,0,15.176,0
2018,7,23,6,0,21.444,0
2018,7,23,12,0,27.278,0
2018,7,23,18,0,21.046,0
2018,7,24,0,0,15.741,0
2018,7,24,6,0,20.546,0
2018,7,24,12,0,26.481,0
2018,7,24,18,0,21.25,0
2018,7,25,0,0,16.481,0
2018,7,25,6,0,21.787,0
2018,7,25,12,0,27.463,0
2018,7,25,18,0,21.676,0
2018,7,26,0,0,16.898,0
2018,7,26,6,0,21.704,0
2018,7,26,12,0,27.278,0
2018,7,26,18,0,21.972,0
2018,7,27,0,0,17.37,0
2018,7,27,6,0,21.472,0
2018,7,27,12,0,26.917,0
2018,7,27,18,0,21.167,0
2018,7,28,0,0,17.639,0
2018,7,28,6,0,20.843,0
2018,7,28,12,0,26.491,0
2018,7,28,18,0,21.343,0
2018,7,29,0,0,17.046,0
2018,7,29,6,0,22.704,0
2018,7,29,12,0,30.083,0
2018,7,29,18,0,24.611,0
2018,7,30,0,0,19.546,0
2018,7,30,6,0,24.63,0
2018,7,30,12,0,30.685,0
2018,7,30,18,0,22.889,0
2018,7,31,0,0,17.898,0
2018,7,31,6,0,19.898,0
2018,7,31,12,0,24.269,0
2018,7,31,18,0,18.898,0
2018,8,1,0,0,14.593,0
2018,8,1,6,0,16.037,0
2018,8,1,12,0,19.694,0
2018,8,1,18,0,16.231,0
2018,8,2,0,0,13.13,0
2018,8,2,6,0,14.491,0
2018,8,2,12,0,17.065,0
2018,8,2,18,0,14.806,0
2018,8,3,0,0,13.194,0
2018,8,3,6,0,14.963,0
2018,8,3,12,0,18.778,0
2018,8,3,18,0,15.546,0
2018,8,4,0,0,12.315,0
2018,8,4,6,0,16.5,0
2018,8,4,12,0,22.343,0
2018,8,4,18,0,18.12,0
2018,8,5,0,0,14.278,0
2018,8,5,6,0,19.278,0
2018,8,5,12,0,25.407,0
2018,8,5,18,0,20.315,0
2018,8,6,0,0,15.954,0
2018,8,6,6,0,20.991,0
2018,8,6,12,0,26.935,0
2018,8,6,18,0,20.472,0
2018,8,7,0,0,16.167,0
2018,8,7,6,0,20.972,0
2018,8,7,12,0,27.611,0
2018,8,7,18,0,22.093,0
2018,8,8,0,0,17.759,0
2018,8,8,6,0,23.611,0
2018,8,8,12,0,30.796,0
2018,8,8,18,0,24.444,0
2018,8,9,0,0,19.972,0
2018,8,9,6,0,23.593,0
2018,8,9,12,0,29.565,0
2018,8,9,18,0,23.185,0
2018,8,10,0,0,18.111,0
2018,8,10,6,0,22.361,0
2018,8,10,12,0,26.824,0
2018,8,10,18,0,20.259,0
2018,8,11,0,0,15.611,0
2018,8,11,6,0.0152146,16.065,0
2018,8,11,12,1.0041636,18.148,0
2018,8,11,18,0.0152146,15.426,0
2018,8,12,0,0.0152146,13.991,0
2018,8,12,6,0,15.546,0
2018,8,12,12,0,19.389,0
2018,8,12,18,0,15.574,0
2018,8,13,0,0,12.546,0
2018,8,13,6,0,17.824,0
2018,8,13,12,0,24.157,0
2018,8,13,18,0,18.407,0
2018,8,14,0,0,15.13,0
2018,8,14,6,0,19.898,0
2018,8,14,12,0,26.639,0
2018,8,14,18,0,19.935,0
2018,8,15,0,0,15.454,0
2018,8,15,6,0,20.509,0
2018,8,15,12,0,26.806,0
2018,8,15,18,0,19.926,0
2018,8,16,0,0,15.704,0
2018,8,16,6,0,18.731,0
2018,8,16,12,0,23.333,0
2018,8,16,18,0,17.083,0
2018,8,17,0,0,13.213,0
2018,8,17,6,0,15.63,0
2018,8,17,12,0,20.111,0
2018,8,17,18,0,15.722,0
2018,8,18,0,0,11.769,0
2018,8,18,6,0,16.269,0
2018,8,18,12,0,22.704,0
2018,8,18,18,0,17.046,0
2018,8,19,0,0,13.972,0
2018,8,19,6,0,18.241,0
2018,8,19,12,0,24.241,0
2018,8,19,18,0,17.685,0
2018,8,20,0,0,16.352,0
2018,8,20,6,0,20.824,0
2018,8,20,12,0,28.426,0
2018,8,20,18,0,21.546,0
2018,8,21,0,0,17.093,0
2018,8,21,6,0,21.056,0
2018,8,21,12,0,28.102,0
2018,8,21,18,0,20.815,0
2018,8,22,0,0,16.417,0
2018,8,22,6,0,20.148,0
2018,8,22,12,0,26.222,0
2018,8,22,18,0,19.676,0
2018,8,23,0,0,14.565,0
2018,8,23,6,0,14.806,0
2018,8,23,12,0,16.519,0
2018,8,23,18,0,12.833,0
2018,8,24,0,0,10.676,0
2018,8,24,6,0,13.454,0
2018,8,24,12,0,17.676,0
2018,8,24,18,0,13.519,0
2018,8,25,0,0,10.38,0
2018,8,25,6,0.0152146,12.713,0
2018,8,25,12,0.7150862,13.481,0
2018,8,25,18,0,11.954,0
2018,8,26,0,0,11.213,0
2018,8,26,6,4.868672,12.463,0
2018,8,26,12,0.2130044,13.648,0
2018,8,26,18,0.1065022,12.13,0
2018,8,27,0,0.2130044,10.519,0
2018,8,27,6,0,14.833,0
2018,8,27,12,0,21.231,0
2018,8,27,18,0.1217168,15.398,0
2018,8,28,0,0.1217168,11.935,0
2018,8,28,6,0,16.13,0
2018,8,28,12,0,22.806,0
2018,8,28,18,0,17.194,0
2018,8,29,0,0,13.444,0
2018,8,29,6,0.5933694,15.509,0
2018,8,29,12,0,18.306,0
2018,8,29,18,0,14.278,0
2018,8,30,0,0,12.231,0
2018,8,30,6,0,14.611,0
2018,8,30,12,0,18.278,0
2018,8,30,18,0,15.25,0
2018,8,31,0,0,12.361,0
2018,8,31,6,0,14.759,0
2018,8,31,12,0,17.37,0
2018,8,31,18,0,13.157,0
2018,9,1,0,0,11.722,0
2018,9,1,6,0,13.37,0
2018,9,1,12,0,16.889,0
2018,9,1,18,0,12.62,0
2018,9,2,0,0,9.796,0
2018,9,2,6,0,13.843,0
2018,9,2,12,0,19.602,0
2018,9,2,18,0,15.139,0
2018,9,3,0,0,13.102,0
2018,9,3,6,0,14.278,0
2018,9,3,12,0,18.111,0
2018,9,3,18,0,13.194,0
2018,9,4,0,0,9.787,0
2018,9,4,6,0,14.38,0
2018,9,4,12,0,21.713,0
2018,9,4,18,0,15.5,0
2018,9,5,0,0,11.991,0
2018,9,5,6,0,16.685,0
2018,9,5,12,0,24.5,0
2018,9,5,18,0,17.287,0
2018,9,6,0,0,13.639,0
2018,9,6,6,0,18.065,0
2018,9,6,12,0,25.148,0
2018,9,6,18,0,18.417,0
2018,9,7,0,0,13.806,0
2018,9,7,6,0,15.62,0
2018,9,7,12,0.532511,18.25,0
2018,9,7,18,2.2974046,13.231,0
2018,9,8,0,0.0304292,12.713,0
2018,9,8,6,0.0152146,14.083,0
2018,9,8,12,0.152146,16.546,0
2018,9,8,18,2.0387564,13.639,0
2018,9,9,0,0.1065022,12.954,0
2018,9,9,6,0,14.537,0
2018,9,9,12,6.0706254,15.694,0
2018,9,9,18,3.1646368,13.361,0
2018,9,10,0,0.3955796,11.648,0
2018,9,10,6,0,12.907,0
2018,9,10,12,0.3499358,16.389,0
2018,9,10,18,0.3955796,13.231,0
2018,9,11,0,0.0304292,11.278,0
2018,9,11,6,0.1217168,13.009,0
2018,9,11,12,4.336161,14.731,0
2018,9,11,18,1.749679,11.806,0
2018,9,12,0,1.141095,10.63,0
2018,9,12,6,0.4716526,11.843,0
2018,9,12,12,0.0912876,14.361,0
2018,9,12,18,0.0456438,11.648,0
2018,9,13,0,0.0304292,10.676,0
2018,9,13,6,0.4412234,12.759,0
2018,9,13,12,0.532511,15.426,0
2018,9,13,18,0.1825752,12.259,0
2018,9,14,0,0.3195066,10.269,0
2018,9,14,6,1.0498074,10.935,0
2018,9,14,12,0.2738628,14.204,0
2018,9,14,18,0.4716526,11.787,0
2018,9,15,0,0.1977898,10.676,0
2018,9,15,6,0.3499358,12.074,0
2018,9,15,12,1.0345928,13.556,0
2018,9,15,18,0.0456438,11.704,0
2018,9,16,0,0.152146,11.204,0
2018,9,16,6,5.0816764,11.917,0
2018,9,16,12,2.8299156,12.741,0
2018,9,16,18,0.0304292,10.444,0
2018,9,17,0,0,8.889,0
2018,9,17,6,0,11.056,0
2018,9,17,12,0,14.38,0
2018,9,17,18,0,9.861,0
2018,9,18,0,0.0152146,7.5,0
2018,9,18,6,0.0152146,10.13,0
2018,9,18,12,0,14.917,0
2018,9,18,18,0.0456438,10.426,0
2018,9,19,0,0.076073,7.75,0
2018,9,19,6,0.0152146,10.704,0
2018,9,19,12,0,15.593,0
2018,9,19,18,0.076073,11.657,0
2018,9,20,0,0.5172964,10.046,0
2018,9,20,6,0.1217168,11.519,0
2018,9,20,12,1.52146,12.537,0
2018,9,20,18,1.3236702,11.63,0
2018,9,21,0,1.4910308,12.296,0
2018,9,21,6,0,13.37,0
2018,9,21,12,2.814701,15.407,0
2018,9,21,18,1.3388848,13.759,0
2018,9,22,0,0.0456438,13.222,0
2018,9,22,6,4.3665902,13.241,0
2018,9,22,12,0.4716526,15.12,0
2018,9,22,18,0.6390132,11.602,0
2018,9,23,0,0.2738628,9.787,0
2018,9,23,6,0,10.315,0
2018,9,23,12,0,12.37,0
2018,9,23,18,0.0456438,9.185,0
2018,9,24,0,0.0456438,7.963,0
2018,9,24,6,0,10.009,0
2018,9,24,12,0,14.676,0
2018,9,24,18,0,10.241,0
2018,9,25,0,0,7.528,0
2018,9,25,6,0,10.694,0
2018,9,25,12,0,16.565,0
2018,9,25,18,0,11.463,0
2018,9,26,0,0,8.981,0
2018,9,26,6,0,11.463,0
2018,9,26,12,0,16.963,0
2018,9,26,18,0,12.111,0
2018,9,27,0,0,10.102,0
2018,9,27,6,0,13.167,0
2018,9,27,12,0,19.963,0
2018,9,27,18,0,16.463,0
2018,9,28,0,0,14.333,0
2018,9,28,6,0,16.194,0
2018,9,28,12,0,20.87,0
2018,9,28,18,0,15.759,0
2018,9,29,0,0,13.907,0
2018,9,29,6,0,15.565,0
2018,9,29,12,0.1977898,16.759,0
2018,9,29,18,0.9585198,13.796,0
2018,9,30,0,2.28219,11.852,0
2018,9,30,6,3.3624266,11.778,0
2018,9,30,12,0.836803,13.083,0
2018,9,30,18,0.0152146,12.546,0
2018,10,1,0,0.9585198,13.231,0
2018,10,1,6,3.1342076,12.667,0
2018,10,1,12,6.7248532,13.093,0
2018,10,1,18,0.988949,11.963,0
2018,10,2,0,1.4149578,11.389,0
2018,10,2,6,0.5933694,10.713,0
2018,10,2,12,0.5781548,10.565,0
2018,10,2,18,0.7455154,5.861,0.00833333333333333
2018,10,3,0,0.5477256,3.407,0.151666666666667
2018,10,3,6,0,5.954,0.0866666666666667
2018,10,3,12,0,9.954,0
2018,10,3,18,0,6.435,0.00166666666666667
2018,10,4,0,0,4.185,0.0483333333333333
2018,10,4,6,0,6.648,0.0283333333333333
2018,10,4,12,0,11.444,0
2018,10,4,18,0,6.463,0.00333333333333333
2018,10,5,0,0,4.917,0.00666666666666667
2018,10,5,6,0.152146,8.176,0
2018,10,5,12,0.0912876,10.833,0
2018,10,5,18,0,7.602,0
2018,10,6,0,0.0304292,4.593,0.00166666666666667
2018,10,6,6,0,6.843,0.005
2018,10,6,12,0,12.472,0
2018,10,6,18,0.1673606,7.907,0
2018,10,7,0,0.0608584,7.056,0
2018,10,7,6,1.0954512,8.611,0
2018,10,7,12,0.7150862,10.296,0
2018,10,7,18,0.0608584,9.046,0
2018,10,8,0,0.1825752,8.787,0
2018,10,8,6,1.445387,9.537,0
2018,10,8,12,0.1825752,10.444,0
2018,10,8,18,1.5518892,9.481,0
2018,10,9,0,3.4689288,8.889,0
2018,10,9,6,0,10.148,0
2018,10,9,12,0,14.574,0
2018,10,9,18,0,9.13,0
2018,10,10,0,0,7.157,0
2018,10,10,6,0,9.63,0
2018,10,10,12,0,13.75,0
2018,10,10,18,0,8.88,0
2018,10,11,0,0,5.787,0.00333333333333333
2018,10,11,6,0,7.991,0.00333333333333333
2018,10,11,12,0,13.139,0
2018,10,11,18,0,8.398,0
2018,10,12,0,0,7.972,0
2018,10,12,6,0,9.657,0
2018,10,12,12,0,12.13,0
2018,10,12,18,0,8.343,0
2018,10,13,0,0,7.907,0
2018,10,13,6,0,9.37,0
2018,10,13,12,0,14.111,0
2018,10,13,18,0,9.407,0
2018,10,14,0,0,6.407,0.0583333333333333
2018,10,14,6,0,8.296,0.05
2018,10,14,12,0,13.88,0
2018,10,14,18,0,8.167,0
2018,10,15,0,0,6.324,0.005
2018,10,15,6,0,9.648,0
2018,10,15,12,0,16.148,0
2018,10,15,18,0,10.565,0
2018,10,16,0,0,8.972,0
2018,10,16,6,0,11.981,0
2018,10,16,12,0,18.963,0
2018,10,16,18,0,12.454,0
2018,10,17,0,0,9.667,0.00166666666666667
2018,10,17,6,0,12.009,0
2018,10,17,12,0,18.12,0
2018,10,17,18,0,11.861,0
2018,10,18,0,0,8.843,0.00166666666666667
2018,10,18,6,0,11.13,0
2018,10,18,12,0,16.472,0
2018,10,18,18,0,10.602,0
2018,10,19,0,0,8.148,0
2018,10,19,6,0,10.481,0
2018,10,19,12,0,16.556,0
2018,10,19,18,0,10.722,0
2018,10,20,0,0,6.611,0
2018,10,20,6,0,8.046,0
2018,10,20,12,0,13.454,0
2018,10,20,18,0,8.731,0
2018,10,21,0,0,6.537,0.00666666666666667
2018,10,21,6,0,8.667,0.02
2018,10,21,12,0,14.963,0
2018,10,21,18,0,9.407,0
2018,10,22,0,0,6.75,0.0133333333333333
2018,10,22,6,0,9.037,0.0133333333333333
2018,10,22,12,0,15.731,0
2018,10,22,18,0,10.62,0
2018,10,23,0,0,8.657,0.00333333333333333
2018,10,23,6,0,10.148,0
2018,10,23,12,0,13.102,0
2018,10,23,18,1.5366746,10.333,0
2018,10,24,0,1.3236702,9,0
2018,10,24,6,0.1065022,9.278,0
2018,10,24,12,0.076073,12.204,0
2018,10,24,18,0.1673606,10.537,0
2018,10,25,0,0.152146,11.148,0
2018,10,25,6,0,11.574,0
2018,10,25,12,2.4495506,11.537,0
2018,10,25,18,2.6473404,11.157,0
2018,10,26,0,5.0512472,11.87,0
2018,10,26,6,5.2186078,12.815,0
2018,10,26,12,0.608584,12.713,0
2018,10,26,18,0,8.444,0
2018,10,27,0,0.0152146,5.417,0.005
2018,10,27,6,0,6.769,0.0116666666666667
2018,10,27,12,1.0802366,12.787,0
2018,10,27,18,11.0001558,10.12,0
2018,10,28,0,11.1675164,9.546,0
2018,10,28,6,5.9641232,9.065,0
2018,10,28,12,0.0912876,10.222,0
2018,10,28,18,0.304292,8.102,0
2018,10,29,0,0.6998716,7.139,0
2018,10,29,6,0.380365,7.954,0
2018,10,29,12,0.3499358,9.398,0
2018,10,29,18,1.1867388,7.444,0
2018,10,30,0,2.7994864,7.407,0
2018,10,30,6,0,7.833,0
2018,10,30,12,0,9.954,0
2018,10,30,18,2.1909024,8.565,0
2018,10,31,0,1.5518892,8.083,0
2018,10,31,6,0.1977898,8.824,0
2018,10,31,12,0.6694424,9.87,0
2018,10,31,18,0.912876,10.176,0
2018,11,1,0,7.3942956,10.361,0
2018,11,1,6,7.683373,11.556,0
2018,11,1,12,7.0443598,12.75,0
2018,11,1,18,5.249037,12.426,0
2018,11,2,0,12.3846844,11.685,0
2018,11,2,6,0.0152146,11.546,0
2018,11,2,12,0,12.009,0
2018,11,2,18,0,9.361,0
2018,11,3,0,2.4799798,8.519,0
2018,11,3,6,2.28219,9.157,0
2018,11,3,12,2.9972762,9.926,0
2018,11,3,18,6.922643,9.759,0
2018,11,4,0,5.3707538,9.88,0
2018,11,4,6,1.0954512,10.065,0
2018,11,4,12,0.0608584,10.648,0
2018,11,4,18,0,8.213,0
2018,11,5,0,0.8672322,7.602,0
2018,11,5,6,2.3430484,7.861,0
2018,11,5,12,0.1065022,9.491,0
2018,11,5,18,0.152146,7.491,0
2018,11,6,0,0.0152146,6.778,0
2018,11,6,6,0.380365,7.389,0
2018,11,6,12,0.456438,8.611,0
2018,11,6,18,0.2434336,5.185,0.00833333333333333
2018,11,7,0,0,4.241,0.0133333333333333
2018,11,7,6,0,4.796,0.055
2018,11,7,12,0,7.667,0.00166666666666667
2018,11,7,18,0,3.093,0.196666666666667
2018,11,8,0,0,1.157,0.893333333333333
2018,11,8,6,0,2.759,0.536666666666667
2018,11,8,12,0,6.306,0.00333333333333333
2018,11,8,18,0,2.343,0.246666666666667
2018,11,9,0,0.0152146,2.759,0.406666666666667
2018,11,9,6,1.9322542,4.037,0.0416666666666667
2018,11,9,12,0.0304292,4.361,0.01
2018,11,9,18,0.0152146,3.407,0.0183333333333333
2018,11,10,0,0,3.315,0.0116666666666667
2018,11,10,6,0,3.917,0.0116666666666667
2018,11,10,12,0.0152146,6.454,0.00166666666666667
2018,11,10,18,0,2.611,0.161666666666667
2018,11,11,0,0,0.889,0.703333333333333
2018,11,11,6,0,2.361,0.526666666666667
2018,11,11,12,0,7.454,0
2018,11,11,18,0,3.259,0.195
2018,11,12,0,0,2.5,0.443333333333333
2018,11,12,6,0,4.157,0.3
2018,11,12,12,0,9.435,0
2018,11,12,18,0,5.343,0.0533333333333333
2018,11,13,0,0,4.991,0.126666666666667
2018,11,13,6,0,6.528,0.0766666666666667
2018,11,13,12,0,10.25,0
2018,11,13,18,2.6777696,8.083,0
2018,11,14,0,2.2669754,8.12,0
2018,11,14,6,5.3555392,8.083,0
2018,11,14,12,0,9.574,0
2018,11,14,18,0,7.426,0
2018,11,15,0,0.2890774,7,0
2018,11,15,6,0,7.944,0
2018,11,15,12,1.1715242,9.241,0
2018,11,15,18,0.5477256,8.907,0
2018,11,16,0,0.3955796,8.083,0
2018,11,16,6,0.0608584,8.213,0
2018,11,16,12,0,9.87,0
2018,11,16,18,0,5.787,0.0233333333333333
2018,11,17,0,0,3.065,0.416666666666667
2018,11,17,6,0,3.065,0.498333333333333
2018,11,17,12,0,6.87,0.005
2018,11,17,18,0,2.778,0.483333333333333
2018,11,18,0,0,1.38,0.921666666666667
2018,11,18,6,0,2.204,0.643333333333333
2018,11,18,12,0,7.259,0
2018,11,18,18,0,3.176,0.181666666666667
2018,11,19,0,0,2.528,0.415
2018,11,19,6,0,3.38,0.41
2018,11,19,12,0,9.111,0
2018,11,19,18,0,5.463,0.07
2018,11,20,0,0,3.898,0.19
2018,11,20,6,0,4.963,0.215
2018,11,20,12,0,9.981,0
2018,11,20,18,0,6.769,0.00833333333333333
2018,11,21,0,0.0152146,7.278,0.00333333333333333
2018,11,21,6,1.673606,8.491,0
2018,11,21,12,0.76073,9.213,0
2018,11,21,18,2.3734776,7.917,0
2018,11,22,0,6.2988444,7.315,0
2018,11,22,6,2.7994864,7.333,0
2018,11,22,12,2.28219,7.972,0
2018,11,22,18,1.3997432,5.491,0
2018,11,23,0,0.9737344,5.537,0
2018,11,23,6,2.3886922,5.361,0
2018,11,23,12,1.6583914,5.694,0
2018,11,23,18,0.76073,4.222,0.01
2018,11,24,0,0.8976614,3.731,0.015
2018,11,24,6,0.0912876,4.37,0.00833333333333333
2018,11,24,12,0.0152146,5.935,0
2018,11,24,18,0,3.556,0.0266666666666667
2018,11,25,0,0.0152146,3.296,0.0316666666666667
2018,11,25,6,0,5.139,0.02
2018,11,25,12,1.2628118,8.741,0
2018,11,25,18,0.4868672,7.343,0
2018,11,26,0,2.3278338,8.843,0
2018,11,26,6,7.3486518,10.593,0
2018,11,26,12,3.9862252,11.528,0
2018,11,26,18,8.3071716,10.722,0
2018,11,27,0,9.1135454,10.435,0
2018,11,27,6,7.683373,9.917,0
2018,11,27,12,0.152146,10.444,0
2018,11,27,18,1.9626834,8.139,0
2018,11,28,0,2.890774,7.037,0
2018,11,28,6,0.3651504,6.37,0
2018,11,28,12,1.0041636,7.389,0
2018,11,28,18,0.9585198,6.306,0
2018,11,29,0,0.456438,5.787,0
2018,11,29,6,0,5.981,0
2018,11,29,12,0,6.972,0
2018,11,29,18,0.1217168,5,0.005
2018,11,30,0,0.4868672,4.796,0
2018,11,30,6,0.5781548,4.843,0.00333333333333333
2018,11,30,12,0.3651504,5.806,0.00166666666666667
2018,11,30,18,0.2738628,4.12,0.0133333333333333
2018,12,1,0,0.076073,3.213,0.0266666666666667
2018,12,1,6,0.1369314,3.398,0.0266666666666667
2018,12,1,12,0,4.88,0.00833333333333333
2018,12,1,18,0,2.139,0.151666666666667
2018,12,2,0,0,0.685,0.643333333333333
2018,12,2,6,0,0.824,0.713333333333333
2018,12,2,12,0,3.435,0.0883333333333333
2018,12,2,18,0,0.398,0.795
2018,12,3,0,0,-0.435,1
2018,12,3,6,0,-0.194,0.848333333333333
2018,12,3,12,0,2.991,0.326666666666667
2018,12,3,18,0,0.352,0.995
2018,12,4,0,0,-1.426,1
2018,12,4,6,0,-1.389,0.998333333333333
2018,12,4,12,0,1.546,0.793333333333333
2018,12,4,18,0,-1.574,1
2018,12,5,0,0,-2.361,1
2018,12,5,6,0,-1.333,0.978333333333333
2018,12,5,12,0,2.62,0.58
2018,12,5,18,0,-1.528,1
2018,12,6,0,0,-3.37,1
2018,12,6,6,0,-2.907,1
2018,12,6,12,0,1.157,0.968333333333333
2018,12,6,18,0,-2.269,1
2018,12,7,0,0,-3.519,1
2018,12,7,6,0,-2.102,1
2018,12,7,12,0,2.324,0.835
2018,12,7,18,0.1369314,1,0.94
2018,12,8,0,0,2.759,0.468333333333333
2018,12,8,6,0,3.62,0.045
2018,12,8,12,0,4.824,0
2018,12,8,18,0,3.87,0.0266666666666667
2018,12,9,0,0,4.926,0.02
2018,12,9,6,0.836803,5.898,0
2018,12,9,12,4.6100238,5.694,0
2018,12,9,18,3.6362894,4.852,0.00333333333333333
2018,12,10,0,0.1673606,4.75,0
2018,12,10,6,1.0041636,4.25,0.01
2018,12,10,12,1.2323826,4.926,0.0133333333333333
2018,12,10,18,0,2.731,0.0966666666666667
2018,12,11,0,2.7690572,4.843,0.01
2018,12,11,6,4.9295304,5.944,0.00166666666666667
2018,12,11,12,7.4247248,6.62,0
2018,12,11,18,1.3236702,4.833,0.01
2018,12,12,0,0,2.602,0.0766666666666667
2018,12,12,6,0.0304292,1.88,0.211666666666667
2018,12,12,12,0.2130044,4.852,0.0183333333333333
2018,12,12,18,1.825752,5.37,0.01
2018,12,13,0,6.6487802,5.537,0.00333333333333333
2018,12,13,6,5.3403246,6.194,0
2018,12,13,12,2.7538426,7.306,0
2018,12,13,18,0.2130044,8.093,0
2018,12,14,0,0.6390132,8.38,0
2018,12,14,6,0.076073,9.667,0
2018,12,14,12,0.1977898,9.861,0
2018,12,14,18,1.1867388,6.019,0.0216666666666667
2018,12,15,0,0.8824468,2.963,0.0766666666666667
2018,12,15,6,0.0456438,2.75,0.146666666666667
2018,12,15,12,0,5.454,0.0233333333333333
2018,12,15,18,0.2130044,5.204,0.0216666666666667
2018,12,16,0,2.9059886,6.241,0
2018,12,16,6,1.3540994,7.685,0
2018,12,16,12,1.7648936,8.287,0
2018,12,16,18,4.7621698,7.852,0
2018,12,17,0,0.76073,6.583,0
2018,12,17,6,0.4107942,7.12,0
2018,12,17,12,0.8976614,8.065,0
2018,12,17,18,3.4537142,6.704,0.00166666666666667
2018,12,18,0,1.4910308,6.667,0
2018,12,18,6,3.651504,6.843,0
2018,12,18,12,1.2780264,6.898,0
2018,12,18,18,0.9433052,5.528,0
2018,12,19,0,0.5629402,5.417,0.00833333333333333
2018,12,19,6,0.2738628,5.731,0.00833333333333333
2018,12,19,12,0,6.509,0.00166666666666667
2018,12,19,18,0,5.361,0.00666666666666667
2018,12,20,0,4.5948092,7.296,0
2018,12,20,6,4.412234,9.815,0
2018,12,20,12,1.6279622,7.806,0.005
2018,12,20,18,1.3236702,4.065,0.0716666666666667
2018,12,21,0,0.5781548,1.231,0.456666666666667
2018,12,21,6,0,0.37,0.681666666666667
2018,12,21,12,0,2.704,0.266666666666667
2018,12,21,18,0,-0.231,0.921666666666667
2018,12,22,0,0.1065022,1.157,0.698333333333333
2018,12,22,6,0.9433052,2.62,0.158333333333333
2018,12,22,12,0.608584,5.13,0.01
2018,12,22,18,1.749679,4.148,0.0133333333333333
2018,12,23,0,1.8105374,4.722,0.0116666666666667
2018,12,23,6,2.6777696,4.056,0.025
2018,12,23,12,2.206117,4.648,0.01
2018,12,23,18,0.0152146,3.213,0.035
2018,12,24,0,0,3.222,0.0283333333333333
2018,12,24,6,0,3.528,0.035
2018,12,24,12,0,5.296,0.0166666666666667
2018,12,24,18,0,1.991,0.27
2018,12,25,0,0,0.556,0.87
2018,12,25,6,0,1.009,0.64
2018,12,25,12,0,2.12,0.193333333333333
2018,12,25,18,0,0.769,0.501666666666667
2018,12,26,0,0.1217168,1.62,0.296666666666667
2018,12,26,6,2.6929842,1.898,0.193333333333333
2018,12,26,12,0.608584,1.926,0.218333333333333
2018,12,26,18,0.7150862,1.13,0.321666666666667
2018,12,27,0,0.152146,1.056,0.291666666666667
2018,12,27,6,0.2130044,1.352,0.241666666666667
2018,12,27,12,0.1065022,2.472,0.136666666666667
2018,12,27,18,0.0608584,1.565,0.226666666666667
2018,12,28,0,0.1217168,1.713,0.198333333333333
2018,12,28,6,1.1563096,1.926,0.131666666666667
2018,12,28,12,5.5076852,2.648,0.0566666666666667
2018,12,28,18,5.249037,4.12,0
2018,12,29,0,3.3776412,5.991,0
2018,12,29,6,2.1604732,7.583,0
2018,12,29,12,11.5326668,7.444,0
2018,12,29,18,0.0304292,4.685,0.0166666666666667
2018,12,30,0,0.228219,3.657,0.0333333333333333
2018,12,30,6,0.6237986,2.917,0.0716666666666667
2018,12,30,12,0.0456438,3.731,0.0816666666666667
2018,12,30,18,0,0.361,0.848333333333333
2018,12,31,0,0,-0.519,1
2018,12,31,6,0,-0.602,0.946666666666667
2018,12,31,12,0,1.648,0.563333333333333
2018,12,31,18,0,-0.204,0.993333333333333
2019,1,1,0,0,-0.306,1
2019,1,1,6,0.228219,0.296,0.883333333333333
2019,1,1,12,0,2.38,0.333333333333333
2019,1,1,18,0,0.472,0.783333333333333
2019,1,2,0,0,1.62,0.581666666666667
2019,1,2,6,0,2.5,0.511666666666667
2019,1,2,12,2.7538426,4.167,0.133333333333333
2019,1,2,18,6.2836298,4.278,0.00166666666666667
2019,1,3,0,8.7940388,5.602,0
2019,1,3,6,6.1466984,7.287,0
2019,1,3,12,7.1812912,7.991,0
2019,1,3,18,4.8991012,8.176,0
2019,1,4,0,2.3278338,6.648,0
2019,1,4,6,1.0041636,6.343,0
2019,1,4,12,0.304292,7.407,0.00166666666666667
2019,1,4,18,0,5.861,0.00333333333333333
2019,1,5,0,0,4.472,0.0116666666666667
2019,1,5,6,0,6.074,0.00166666666666667
2019,1,5,12,0.0152146,8.463,0
2019,1,5,18,0.5172964,6.009,0.00166666666666667
2019,1,6,0,5.0360326,4.981,0.00833333333333333
2019,1,6,6,0.1977898,3.333,0.08
2019,1,6,12,0.684657,3.852,0.0916666666666667
2019,1,6,18,0.684657,1.296,0.3
2019,1,7,0,1.7953228,0.241,0.538333333333333
2019,1,7,6,0.380365,0.787,0.513333333333333
2019,1,7,12,0.4868672,1.759,0.361666666666667
2019,1,7,18,0,-1.056,0.996666666666667
2019,1,8,0,0,0.296,1
2019,1,8,6,0.0152146,2.315,0.703333333333333
2019,1,8,12,1.1867388,4.185,0.0233333333333333
2019,1,8,18,1.1867388,5.093,0
2019,1,9,0,1.597533,5.546,0
2019,1,9,6,1.7801082,6.102,0
2019,1,9,12,0.2738628,7.519,0
2019,1,9,18,0.8672322,8.176,0
2019,1,10,0,0.1673606,7.537,0
2019,1,10,6,0.0912876,7.759,0
2019,1,10,12,0,8.741,0
2019,1,10,18,0,7.083,0
2019,1,11,0,0,6.843,0
2019,1,11,6,0,7.5,0
2019,1,11,12,0,10.222,0
2019,1,11,18,0,6.176,0.00333333333333333
2019,1,12,0,0,4.88,0.0516666666666667
2019,1,12,6,0,4.972,0.09
2019,1,12,12,0,9.611,0
2019,1,12,18,0,5.481,0.04
2019,1,13,0,0,3.426,0.221666666666667
2019,1,13,6,0,3.861,0.193333333333333
2019,1,13,12,0,8.676,0
2019,1,13,18,0,3.991,0.12
2019,1,14,0,0,2.907,0.545
2019,1,14,6,0,3.306,0.588333333333333
2019,1,14,12,0,7.472,0
2019,1,14,18,0,3.833,0.348333333333333
2019,1,15,0,0,3.157,0.646666666666667
2019,1,15,6,0,2.889,0.651666666666667
2019,1,15,12,0,6.648,0.005
2019,1,15,18,0,2.731,0.476666666666667
2019,1,16,0,0,1.917,0.708333333333333
2019,1,16,6,0,2.139,0.635
2019,1,16,12,0,6.583,0
2019,1,16,18,0,3.648,0.141666666666667
2019,1,17,0,0.3651504,4.75,0.0333333333333333
2019,1,17,6,0.5172964,6.019,0
2019,1,17,12,0.1065022,7.648,0
2019,1,17,18,1.065022,6.667,0
2019,1,18,0,2.3430484,6.324,0
2019,1,18,6,0.532511,5.833,0
2019,1,18,12,0,7.444,0
2019,1,18,18,3.3015682,6.139,0
2019,1,19,0,0.5629402,6.731,0
2019,1,19,6,0,5.667,0.00166666666666667
2019,1,19,12,1.1715242,6.028,0.00166666666666667
2019,1,19,18,1.141095,3.546,0.025
2019,1,20,0,0,2.13,0.138333333333333
2019,1,20,6,0,2.259,0.243333333333333
2019,1,20,12,0,4.241,0.0783333333333333
2019,1,20,18,0,0.63,0.505
2019,1,21,0,0,-0.167,0.946666666666667
2019,1,21,6,0,0.639,0.685
2019,1,21,12,0.0152146,3.12,0.138333333333333
2019,1,21,18,0,1.194,0.431666666666667
2019,1,22,0,0.0456438,2.361,0.275
2019,1,22,6,0.0912876,3.694,0.04
2019,1,22,12,4.4426632,4.157,0.0116666666666667
2019,1,22,18,18.0445156,3.944,0.00666666666666667
2019,1,23,0,8.2310986,4.88,0
2019,1,23,6,0.1369314,4.269,0.00333333333333333
2019,1,23,12,0,5.583,0.00166666666666667
2019,1,23,18,0,3.63,0.0166666666666667
2019,1,24,0,0,2.583,0.0666666666666667
2019,1,24,6,0,3.019,0.0383333333333333
2019,1,24,12,0,4.778,0.01
2019,1,24,18,0,2.963,0.025
2019,1,25,0,0,2.815,0.0316666666666667
2019,1,25,6,0,3.083,0.0283333333333333
2019,1,25,12,0,5.083,0
2019,1,25,18,0,3.843,0
2019,1,26,0,0,3.481,0
2019,1,26,6,0,4.019,0.00166666666666667
2019,1,26,12,0,6.593,0
2019,1,26,18,0,2.722,0.00833333333333333
2019,1,27,0,0,1.704,0.36
2019,1,27,6,0,3.315,0.01
2019,1,27,12,0,6.222,0
2019,1,27,18,0,3.417,0.281666666666667
2019,1,28,0,0,2.389,0.786666666666667
2019,1,28,6,0,3.454,0.615
2019,1,28,12,0,7.407,0.00333333333333333
2019,1,28,18,0,2.435,0.578333333333333
2019,1,29,0,0,1.704,0.901666666666667
2019,1,29,6,0,1.917,0.78
2019,1,29,12,0,7.12,0.00166666666666667
2019,1,29,18,0,1.898,0.78
2019,1,30,0,0,0.88,0.985
2019,1,30,6,0,2.509,0.703333333333333
2019,1,30,12,0,6.759,0
2019,1,30,18,0,4.296,0.0233333333333333
2019,1,31,0,0,4.009,0.0366666666666667
2019,1,31,6,0.0456438,5.389,0.00666666666666667
2019,1,31,12,0.0304292,8.269,0
2019,1,31,18,0.5933694,6.907,0
2019,2,1,0,3.8340792,6.259,0
2019,2,1,6,5.7967626,5.926,0
2019,2,1,12,5.2033932,6.722,0
2019,2,1,18,3.5297872,5.306,0
2019,2,2,0,0.1673606,3.648,0.00833333333333333
2019,2,2,6,0.0152146,3.935,0.0133333333333333
2019,2,2,12,0,4.398,0.0216666666666667
2019,2,2,18,0,1.898,0.18
2019,2,3,0,0,0.037,0.718333333333333
2019,2,3,6,0.4260088,-1.417,0.931666666666667
2019,2,3,12,0.8824468,-4.315,0.986666666666667
2019,2,3,18,0.4412234,-6.259,1
2019,2,4,0,0.3195066,-6.444,1
2019,2,4,6,0.3499358,-6.657,1
2019,2,4,12,0,-4.204,1
2019,2,4,18,0,-6.5,1
2019,2,5,0,0,-8.111,1
2019,2,5,6,0,-7.583,1
2019,2,5,12,0.0912876,-2.62,1
2019,2,5,18,0,-7.019,1
2019,2,6,0,0,-8.352,1
2019,2,6,6,0,-6.546,1
2019,2,6,12,0,-1.13,1
2019,2,6,18,0,-5.981,1
2019,2,7,0,0,-6.907,1
2019,2,7,6,0,-4.769,1
2019,2,7,12,0,-0.019,0.978333333333333
2019,2,7,18,0,-3.806,1
2019,2,8,0,0,-4.491,1
2019,2,8,6,0.3195066,-2.991,1
2019,2,8,12,0.2738628,-1.176,0.99
2019,2,8,18,0.1825752,-4.491,1
2019,2,9,0,0.0152146,-4.88,1
2019,2,9,6,0.0152146,-4.222,1
2019,2,9,12,0,-2.259,1
2019,2,9,18,0,-5.556,1
2019,2,10,0,0,-6.972,1
2019,2,10,6,0,-6.88,1
2019,2,10,12,0.304292,-3.759,1
2019,2,10,18,1.4910308,-5.148,1
2019,2,11,0,0.5477256,-7.407,1
2019,2,11,6,0,-6.083,1
2019,2,11,12,0.8520176,-1.944,0.998333333333333
2019,2,11,18,2.738628,-2.648,1
2019,2,12,0,1.8866104,-2.898,1
2019,2,12,6,2.2974046,-2.574,0.99
2019,2,12,12,2.1909024,-0.963,0.891666666666667
2019,2,12,18,0.0456438,-1.333,0.965
2019,2,13,0,2.6929842,-2.898,1
2019,2,13,6,0.2890774,-2.296,0.995
2019,2,13,12,0,0.426,0.828333333333333
2019,2,13,18,0,-4.463,1
2019,2,14,0,0,-4.037,1
2019,2,14,6,0.0456438,-0.889,0.88
2019,2,14,12,1.141095,3.065,0.248333333333333
2019,2,14,18,2.1909024,1.213,0.345
2019,2,15,0,0.304292,1.185,0.523333333333333
2019,2,15,6,0.9280906,2.056,0.253333333333333
2019,2,15,12,0.3651504,2.63,0.128333333333333
2019,2,15,18,0.0912876,0.407,0.648333333333333
2019,2,16,0,0.0152146,-0.815,0.988333333333333
2019,2,16,6,0,0.824,0.686666666666667
2019,2,16,12,0.0304292,3.102,0.106666666666667
2019,2,16,18,0,-0.306,0.805
2019,2,17,0,0,-1.102,0.995
2019,2,17,6,0,0.037,0.83
2019,2,17,12,0,3.759,0.301666666666667
2019,2,17,18,0,-1.361,0.993333333333333
2019,2,18,0,0,-3.435,1
2019,2,18,6,0,-1.722,0.973333333333333
2019,2,18,12,0.608584,1,0.728333333333333
2019,2,18,18,0.1977898,-1.639,1
2019,2,19,0,0.1217168,-1.157,0.983333333333333
2019,2,19,6,0.0456438,-0.537,0.841666666666667
2019,2,19,12,4.336161,1.213,0.37
2019,2,19,18,2.3126192,-0.13,0.768333333333333
2019,2,20,0,0,-1.019,0.978333333333333
2019,2,20,6,0,-0.444,0.806666666666667
2019,2,20,12,0,2.778,0.228333333333333
2019,2,20,18,0,-1.296,0.99
2019,2,21,0,0,-3.065,1
2019,2,21,6,0,-1.685,0.885
2019,2,21,12,0,3.944,0.29
2019,2,21,18,0,-1.315,0.996666666666667
2019,2,22,0,0,-1.12,0.99
2019,2,22,6,0,0.63,0.735
2019,2,22,12,3.4080704,1.574,0.341666666666667
2019,2,22,18,0,-0.889,0.931666666666667
2019,2,23,0,0.0912876,-0.806,0.92
2019,2,23,6,0.5933694,0.787,0.598333333333333
2019,2,23,12,0,3.315,0.176666666666667
2019,2,23,18,0,-0.194,0.883333333333333
2019,2,24,0,0.3347212,-1.046,0.983333333333333
2019,2,24,6,0,0.657,0.773333333333333
2019,2,24,12,0,4.12,0.266666666666667
2019,2,24,18,0,-0.63,0.966666666666667
2019,2,25,0,0,-2.713,1
2019,2,25,6,0,-2.139,0.983333333333333
2019,2,25,12,0,1.519,0.81
2019,2,25,18,0,-3.435,1
2019,2,26,0,0,-4.935,1
2019,2,26,6,0,-4,1
2019,2,26,12,0,1.546,0.923333333333333
2019,2,26,18,0,-2.583,1
2019,2,27,0,0,-2.25,1
2019,2,27,6,0,0.269,0.95
2019,2,27,12,0,3.62,0.486666666666667
2019,2,27,18,0.2586482,0.463,0.933333333333333
2019,2,28,0,0,-1.787,1
2019,2,28,6,0,-1.046,0.85
2019,2,28,12,0,4.333,0.185
2019,2,28,18,0,-1.704,0.958333333333333
2019,3,1,0,0,-3.389,1
2019,3,1,6,0,-0.824,0.84
2019,3,1,12,0,4.676,0.225
2019,3,1,18,0,-0.907,0.95
2019,3,2,0,0,-2.352,1
2019,3,2,6,0,-0.25,0.848333333333333
2019,3,2,12,0,4.537,0.388333333333333
2019,3,2,18,0,-0.352,0.998333333333333
2019,3,3,0,0,-1.806,1
2019,3,3,6,0,-1.12,0.973333333333333
2019,3,3,12,0,3.833,0.543333333333333
2019,3,3,18,0,-1.157,1
2019,3,4,0,0,-3.481,1
2019,3,4,6,0,-2.537,1
2019,3,4,12,0,3.889,0.661666666666667
2019,3,4,18,0,-2.111,1
2019,3,5,0,0,-3.759,1
2019,3,5,6,0,-0.463,0.911666666666667
2019,3,5,12,0,4.815,0.331666666666667
2019,3,5,18,0,-1.065,0.998333333333333
2019,3,6,0,0,-2.806,1
2019,3,6,6,0,-0.037,0.81
2019,3,6,12,0.8976614,1.463,0.546666666666667
2019,3,6,18,0.4868672,-0.491,0.881666666666667
2019,3,7,0,0.3651504,-1.481,0.983333333333333
2019,3,7,6,0.1825752,-0.194,0.74
2019,3,7,12,0.0912876,2.648,0.25
2019,3,7,18,0,-0.593,0.906666666666667
2019,3,8,0,0.7455154,-1.194,0.99
2019,3,8,6,0.0912876,-0.315,0.761666666666667
2019,3,8,12,0.1065022,3.25,0.226666666666667
2019,3,8,18,0,-1.213,0.915
2019,3,9,0,0,-3.343,1
2019,3,9,6,0,-0.981,0.788333333333333
2019,3,9,12,0,4.861,0.155
2019,3,9,18,0,-0.574,0.816666666666667
2019,3,10,0,0,-2.75,1
2019,3,10,6,0,-0.12,0.756666666666667
2019,3,10,12,0,6.806,0.0616666666666667
2019,3,10,18,0,0.861,0.785
2019,3,11,0,0,0.481,0.936666666666667
2019,3,11,6,0,3.778,0.418333333333333
2019,3,11,12,1.4606016,5.389,0.131666666666667
2019,3,11,18,6.770497,2.194,0.156666666666667
2019,3,12,0,2.814701,0.676,0.476666666666667
2019,3,12,6,1.0041636,0.796,0.451666666666667
2019,3,12,12,0.532511,3.87,0.0983333333333333
2019,3,12,18,0.0152146,0.843,0.443333333333333
2019,3,13,0,0,-0.204,0.695
2019,3,13,6,0,2.102,0.293333333333333
2019,3,13,12,0,6.028,0.0316666666666667
2019,3,13,18,0,1.731,0.426666666666667
2019,3,14,0,0,1.352,0.648333333333333
2019,3,14,6,0,4.5,0.13
2019,3,14,12,0,8.519,0
2019,3,14,18,0,5.509,0.00833333333333333
2019,3,15,0,0,3.972,0.0183333333333333
2019,3,15,6,0,6.074,0.005
2019,3,15,12,0,10.972,0
2019,3,15,18,0,6.13,0
2019,3,16,0,0,3.833,0.00833333333333333
2019,3,16,6,0,6.444,0.05
2019,3,16,12,0,12.472,0
2019,3,16,18,0,7.065,0
2019,3,17,0,0,3.898,0.0466666666666667
2019,3,17,6,0,6.981,0.0683333333333333
2019,3,17,12,0,14.778,0
2019,3,17,18,0,8.917,0
2019,3,18,0,0,5.704,0.0266666666666667
2019,3,18,6,0,9.204,0.0533333333333333
2019,3,18,12,0,17.102,0
2019,3,18,18,0,10.296,0
2019,3,19,0,0,7.074,0.0533333333333333
2019,3,19,6,0,11.361,0.045
2019,3,19,12,0,20.102,0
2019,3,19,18,0,12.398,0
2019,3,20,0,0,8.657,0.00833333333333333
2019,3,20,6,0,11.796,0.0116666666666667
2019,3,20,12,0,19.657,0
2019,3,20,18,0,11.63,0
2019,3,21,0,0,7.352,0.0133333333333333
2019,3,21,6,0,10,0.0283333333333333
2019,3,21,12,0,14.963,0
2019,3,21,18,0,7.981,0
2019,3,22,0,0,5.926,0
2019,3,22,6,0,8.259,0
2019,3,22,12,0,14.435,0
2019,3,22,18,0.1065022,9.426,0
2019,3,23,0,0.0456438,6.352,0
2019,3,23,6,0,7.759,0
2019,3,23,12,0,11.426,0
2019,3,23,18,0,6.231,0
2019,3,24,0,0,3.741,0
2019,3,24,6,0,6.824,0
2019,3,24,12,0,10.593,0
2019,3,24,18,0,6.611,0
2019,3,25,0,0,3.648,0.00333333333333333
2019,3,25,6,0,8.87,0.005
2019,3,25,12,0,13.519,0
2019,3,25,18,1.141095,6.944,0
2019,3,26,0,1.4301724,5.185,0.005
2019,3,26,6,2.7538426,5.657,0.015
2019,3,26,12,0,10.25,0
2019,3,26,18,0,5.009,0.0983333333333333
2019,3,27,0,0,2.898,0.425
2019,3,27,6,0,7.009,0.173333333333333
2019,3,27,12,0,14.611,0
2019,3,27,18,0,8.12,0.005
2019,3,28,0,0,4.954,0.0166666666666667
2019,3,28,6,0,8.852,0.00166666666666667
2019,3,28,12,0,13.954,0
2019,3,28,18,0,8.639,0
2019,3,29,0,0,4.796,0
2019,3,29,6,0,8.269,0
2019,3,29,12,0,14.472,0
2019,3,29,18,0,8.38,0
2019,3,30,0,0,5.333,0
2019,3,30,6,0,8.528,0
2019,3,30,12,0,14.833,0
2019,3,30,18,0,8.343,0
2019,3,31,0,0,4.685,0.0233333333333333
2019,3,31,6,0,8.222,0.0433333333333333
2019,3,31,12,0,14.944,0
2019,3,31,18,0,8.102,0
2019,4,1,0,0,5.426,0.00666666666666667
2019,4,1,6,0,9.926,0.02
2019,4,1,12,0,16.815,0
2019,4,1,18,0,10.287,0
2019,4,2,0,0,6.917,0.03
2019,4,2,6,0,11.611,0.03
2019,4,2,12,0,17.481,0
2019,4,2,18,0,11.278,0
2019,4,3,0,1.7648936,8.454,0
2019,4,3,6,1.141095,9.093,0
2019,4,3,12,4.56438,10.157,0
2019,4,3,18,0.8215884,7.898,0
2019,4,4,0,0.4868672,7.074,0
2019,4,4,6,0,8.722,0
2019,4,4,12,0,13.991,0
2019,4,4,18,0.1673606,10.213,0
2019,4,5,0,0.2586482,8.611,0
2019,4,5,6,0.0912876,10.583,0
2019,4,5,12,2.738628,10.593,0
2019,4,5,18,1.3997432,6.556,0
2019,4,6,0,0,5.593,0.00833333333333333
2019,4,6,6,1.217168,7.222,0.00333333333333333
2019,4,6,12,0.6694424,9.38,0
2019,4,6,18,1.901825,6.694,0.005
2019,4,7,0,1.825752,5.074,0.00666666666666667
2019,4,7,6,0.0608584,6.407,0.00166666666666667
2019,4,7,12,0.2434336,10.843,0
2019,4,7,18,0,5.981,0.00833333333333333
2019,4,8,0,0,3.963,0.0116666666666667
2019,4,8,6,0.456438,8.019,0.00166666666666667
2019,4,8,12,4.5187362,10.315,0
2019,4,8,18,2.0387564,6.991,0
2019,4,9,0,1.5366746,5.981,0
2019,4,9,6,0.456438,6.741,0
2019,4,9,12,0,10.481,0
2019,4,9,18,0.0304292,7.509,0
2019,4,10,0,0.0456438,5.75,0
2019,4,10,6,2.3278338,6.426,0.005
2019,4,10,12,6.5574926,7.685,0
2019,4,10,18,0.9280906,5.574,0.00333333333333333
2019,4,11,0,0.1825752,3.963,0.015
2019,4,11,6,0.6237986,6.157,0.00666666666666667
2019,4,11,12,5.1273202,7.898,0
2019,4,11,18,4.5948092,6.343,0
2019,4,12,0,0,5.231,0.00333333333333333
2019,4,12,6,0,6.741,0
2019,4,12,12,0,10.37,0
2019,4,12,18,0,6.944,0
2019,4,13,0,2.5256236,5.861,0
2019,4,13,6,5.7359042,5.509,0.005
2019,4,13,12,2.1148294,7.296,0.005
2019,4,13,18,0.076073,5.37,0.015
2019,4,14,0,0.380365,3.657,0.025
2019,4,14,6,0.7150862,5.444,0.0266666666666667
2019,4,14,12,0.2434336,7.861,0.01
2019,4,14,18,0.0608584,4.093,0.0833333333333333
2019,4,15,0,0.0608584,1.796,0.26
2019,4,15,6,0,6.065,0.0483333333333333
2019,4,15,12,0,11.167,0
2019,4,15,18,0,7.343,0.00166666666666667
2019,4,16,0,0,3.528,0.0366666666666667
2019,4,16,6,0,8.028,0.00333333333333333
2019,4,16,12,0,10.333,0
2019,4,16,18,2.586482,7.667,0
2019,4,17,0,1.4910308,6.889,0
2019,4,17,6,0.6237986,9.037,0
2019,4,17,12,0,12.963,0
2019,4,17,18,0.7150862,10.722,0
2019,4,18,0,2.0083272,9.556,0
2019,4,18,6,4.640453,10.417,0
2019,4,18,12,3.9862252,11.62,0
2019,4,18,18,9.9199192,10.417,0
2019,4,19,0,3.7732208,10.593,0
2019,4,19,6,3.5906456,10.083,0
2019,4,19,12,0.2130044,11.731,0
2019,4,19,18,0.5172964,8.093,0
2019,4,20,0,0.1217168,4.926,0
2019,4,20,6,0,9.324,0
2019,4,20,12,0,13.713,0
2019,4,20,18,0,8.843,0
2019,4,21,0,0,5.389,0
2019,4,21,6,0,9.352,0
2019,4,21,12,0,12.13,0
2019,4,21,18,0,8.481,0
2019,4,22,0,0,7.509,0
2019,4,22,6,0.5172964,8.815,0
2019,4,22,12,0.9585198,8.972,0
2019,4,22,18,0.1673606,8.639,0
2019,4,23,0,0,8.259,0
2019,4,23,6,0,9.907,0
2019,4,23,12,0,12.407,0
2019,4,23,18,0,8.194,0
2019,4,24,0,0,4.954,0.00166666666666667
2019,4,24,6,0,8.231,0
2019,4,24,12,0,12.148,0
2019,4,24,18,0,7.185,0.00166666666666667
2019,4,25,0,0,3.769,0.025
2019,4,25,6,0,9.213,0
2019,4,25,12,0,14.204,0
2019,4,25,18,0,9.426,0
2019,4,26,0,0,6.574,0
2019,4,26,6,0,9.231,0
2019,4,26,12,0,11.935,0
2019,4,26,18,0,7.343,0
2019,4,27,0,0.608584,5.148,0.0266666666666667
2019,4,27,6,0.1977898,5.944,0.0516666666666667
2019,4,27,12,0.1673606,8.954,0.00833333333333333
2019,4,27,18,0,5.87,0.0266666666666667
2019,4,28,0,0,2.407,0.341666666666667
2019,4,28,6,0,7.194,0.0616666666666667
2019,4,28,12,0,12.472,0
2019,4,28,18,0,8.37,0.00333333333333333
2019,4,29,0,0,4.083,0.0666666666666667
2019,4,29,6,0,9.546,0.01
2019,4,29,12,0,14.398,0
2019,4,29,18,0,8.833,0.00166666666666667
2019,4,30,0,0,4.528,0.18
2019,4,30,6,0,10.046,0.0583333333333333
2019,4,30,12,0,15.296,0
2019,4,30,18,0,9.556,0
2019,5,1,0,0,6.13,0.0216666666666667
2019,5,1,6,0,10.5,0
2019,5,1,12,0,14.028,0
2019,5,1,18,0,8.741,0
2019,5,2,0,0.0152146,6.352,0
2019,5,2,6,0.0304292,8.398,0
2019,5,2,12,0,11.62,0
2019,5,2,18,0,8.889,0
2019,5,3,0,0.1065022,7.13,0
2019,5,3,6,0,9.194,0
2019,5,3,12,0,12.25,0
2019,5,3,18,0,9.769,0
2019,5,4,0,0,6.278,0
2019,5,4,6,0,10.519,0
2019,5,4,12,0,14.204,0
2019,5,4,18,0,10.667,0
2019,5,5,0,0,7.648,0
2019,5,5,6,0,12.444,0
2019,5,5,12,0,16.287,0
2019,5,5,18,0,12.648,0
2019,5,6,0,0,8.25,0
2019,5,6,6,0,13.824,0
2019,5,6,12,0,18.454,0
2019,5,6,18,0,13.037,0
2019,5,7,0,0,8.5,0
2019,5,7,6,0,13.806,0
2019,5,7,12,0,18.806,0
2019,5,7,18,0,14.102,0
2019,5,8,0,0,9.88,0
2019,5,8,6,0,15.287,0
2019,5,8,12,0,19.565,0
2019,5,8,18,0,15.546,0
2019,5,9,0,0,11.667,0
2019,5,9,6,0,17.509,0
2019,5,9,12,0,22.222,0
2019,5,9,18,0,16.546,0
2019,5,10,0,0,12.13,0
2019,5,10,6,0,18.148,0
2019,5,10,12,0,23.667,0
2019,5,10,18,0,18.167,0
2019,5,11,0,0,13.556,0
2019,5,11,6,0,18.88,0
2019,5,11,12,0,23.176,0
2019,5,11,18,0,16.657,0
2019,5,12,0,0,10.648,0
2019,5,12,6,0,11.852,0
2019,5,12,12,0,14.407,0
2019,5,12,18,0,11.407,0
2019,5,13,0,0,8.028,0
2019,5,13,6,0,11.648,0
2019,5,13,12,0,14.685,0
2019,5,13,18,0,11.102,0
2019,5,14,0,0,9.676,0
2019,5,14,6,4.0927274,10.769,0
2019,5,14,12,1.2628118,12.093,0
2019,5,14,18,0.1825752,11.056,0
2019,5,15,0,0.0456438,9.315,0
2019,5,15,6,0,13.009,0
2019,5,15,12,0,18.25,0
2019,5,15,18,0.304292,12.981,0
2019,5,16,0,0,11.306,0
2019,5,16,6,0.0304292,15.343,0
2019,5,16,12,0.9433052,16.444,0
2019,5,16,18,0.9433052,12.907,0
2019,5,17,0,4.9295304,10.361,0
2019,5,17,6,1.9626834,10.12,0
2019,5,17,12,0,13.083,0
2019,5,17,18,0,10.88,0
2019,5,18,0,0,9.102,0
2019,5,18,6,0,12.843,0
2019,5,18,12,0,17.611,0
2019,5,18,18,0,13.907,0
2019,5,19,0,0,10.63,0
2019,5,19,6,0,15.093,0
2019,5,19,12,0,18.639,0
2019,5,19,18,0,13.935,0
2019,5,20,0,0,11.102,0
2019,5,20,6,1.6279622,11.185,0
2019,5,20,12,1.2628118,11.194,0
2019,5,20,18,1.0193782,9.537,0
2019,5,21,0,0.6237986,8.176,0
2019,5,21,6,0,10.991,0
2019,5,21,12,0,15.028,0
2019,5,21,18,0,12.25,0
2019,5,22,0,0,9.315,0
2019,5,22,6,0,14.722,0
2019,5,22,12,0.0608584,18.944,0
2019,5,22,18,0.0152146,15.898,0
2019,5,23,0,0.0152146,12.981,0
2019,5,23,6,0,16.583,0
2019,5,23,12,0,20.093,0
2019,5,23,18,0,16.046,0
2019,5,24,0,4.1383712,11.935,0
2019,5,24,6,0.1825752,10.537,0
2019,5,24,12,0.0456438,11.87,0
2019,5,24,18,0,10.759,0
2019,5,25,0,0,10.009,0
2019,5,25,6,2.9059886,10.139,0
2019,5,25,12,4.56438,10.87,0
2019,5,25,18,0,9.852,0
2019,5,26,0,0,9.222,0
2019,5,26,6,0,14.963,0
2019,5,26,12,0,18.759,0
2019,5,26,18,0,15.38,0
2019,5,27,0,0,12.194,0
2019,5,27,6,0,17.454,0
2019,5,27,12,0,21.454,0
2019,5,27,18,0,17.296,0
2019,5,28,0,0,12.593,0
2019,5,28,6,0,13.63,0
2019,5,28,12,0,16.028,0
2019,5,28,18,0,13.491,0
2019,5,29,0,0,10.778,0
2019,5,29,6,0,12.593,0
2019,5,29,12,0,16.028,0
2019,5,29,18,0,13.731,0
2019,5,30,0,0,10.194,0
2019,5,30,6,0,15.102,0
2019,5,30,12,0,19.463,0
2019,5,30,18,0,16.454,0
2019,5,31,0,0,12.685,0
2019,5,31,6,0,17.222,0
2019,5,31,12,0,20.944,0
2019,5,31,18,0,16.454,0
2019,6,1,0,0,12.546,0
2019,6,1,6,0,16.833,0
2019,6,1,12,0,20.028,0
2019,6,1,18,0,16,0
2019,6,2,0,0,11.843,0
2019,6,2,6,0,16.204,0
2019,6,2,12,0,19.472,0
2019,6,2,18,0,14.889,0
2019,6,3,0,0,11.093,0
2019,6,3,6,0,12.685,0
2019,6,3,12,0,15.685,0
2019,6,3,18,0,11.852,0
2019,6,4,0,0,8.194,0
2019,6,4,6,0,12.981,0
2019,6,4,12,0,16.676,0
2019,6,4,18,0,13.037,0
2019,6,5,0,0,10.611,0
2019,6,5,6,0,13.907,0
2019,6,5,12,2.6016966,13.657,0
2019,6,5,18,3.6058602,10.157,0
2019,6,6,0,0.0304292,6.306,0
2019,6,6,6,0.0608584,10.269,0
2019,6,6,12,0,14.037,0
2019,6,6,18,0.3651504,10.426,0
2019,6,7,0,2.8451302,8.028,0
2019,6,7,6,0.4716526,10.407,0
2019,6,7,12,0.2738628,13.009,0
2019,6,7,18,0.0304292,10.806,0
2019,6,8,0,0.6542278,9.176,0
2019,6,8,6,0,11.306,0
2019,6,8,12,0,15.028,0
2019,6,8,18,0,11.972,0
2019,6,9,0,0,8.231,0
2019,6,9,6,0,13.731,0
2019,6,9,12,0,16.991,0
2019,6,9,18,0,14.046,0
2019,6,10,0,0,10.852,0
2019,6,10,6,0,15.611,0
2019,6,10,12,0,19.787,0
2019,6,10,18,0,16.065,0
2019,6,11,0,0,12.5,0
2019,6,11,6,0,19.713,0
2019,6,11,12,0,24.324,0
2019,6,11,18,0,20.481,0
2019,6,12,0,0,17.444,0
2019,6,12,6,0,23.213,0
2019,6,12,12,0,27.241,0
2019,6,12,18,0,22.111,0
2019,6,13,0,0,17.833,0
2019,6,13,6,0,20.083,0
2019,6,13,12,0,21.454,0
2019,6,13,18,0,15.241,0
2019,6,14,0,0,11.009,0
2019,6,14,6,0,13.38,0
2019,6,14,12,0,16.981,0
2019,6,14,18,0,13.935,0
2019,6,15,0,0,11.963,0
2019,6,15,6,0,15.194,0
2019,6,15,12,0,19.287,0
2019,6,15,18,0,15.88,0
2019,6,16,0,0,12.185,0
2019,6,16,6,0,16.12,0
2019,6,16,12,0,20.63,0
2019,6,16,18,0,17.111,0
2019,6,17,0,0,13.019,0
2019,6,17,6,0,16.731,0
2019,6,17,12,0,20.463,0
2019,6,17,18,0,16.907,0
2019,6,18,0,0,13.435,0
2019,6,18,6,0,15.787,0
2019,6,18,12,0,17.324,0
2019,6,18,18,0,13.481,0
2019,6,19,0,0,10.444,0
2019,6,19,6,0,12.241,0
2019,6,19,12,0.0152146,15.454,0
2019,6,19,18,0.0152146,11.269,0
2019,6,20,0,0.684657,9.019,0
2019,6,20,6,0.152146,11.694,0
2019,6,20,12,0.076073,15.25,0
2019,6,20,18,0.380365,12.972,0
2019,6,21,0,0.0152146,10.639,0
2019,6,21,6,0,13.204,0
2019,6,21,12,0,17.398,0
2019,6,21,18,0,14.824,0
2019,6,22,0,0,11.491,0
2019,6,22,6,0,12.954,0
2019,6,22,12,0,15.074,0
2019,6,22,18,0,12.815,0
2019,6,23,0,0,10.537,0
2019,6,23,6,0,12.426,0
2019,6,23,12,0,15.009,0
2019,6,23,18,0,11.843,0
2019,6,24,0,0,9.611,0
2019,6,24,6,0.0152146,11.926,0
2019,6,24,12,0.0304292,15.796,0
2019,6,24,18,0,12.954,0
2019,6,25,0,0,8.963,0
2019,6,25,6,0,14.704,0
2019,6,25,12,0.0456438,19.028,0
2019,6,25,18,0.1369314,14.843,0
2019,6,26,0,0.0608584,11.528,0
2019,6,26,6,0,15.833,0
2019,6,26,12,0.4412234,19.593,0
2019,6,26,18,0.7150862,14.074,0
2019,6,27,0,8.0180942,11.954,0
2019,6,27,6,1.2628118,12.815,0
2019,6,27,12,1.3236702,15.796,0
2019,6,27,18,1.673606,13.731,0
2019,6,28,0,0.684657,11.722,0
2019,6,28,6,0,13.778,0
2019,6,28,12,0.0152146,16.981,0
2019,6,28,18,0,14.028,0
2019,6,29,0,0,11.222,0
2019,6,29,6,0,15.417,0
2019,6,29,12,0,18.62,0
2019,6,29,18,0,15.611,0
2019,6,30,0,0,11.38,0
2019,6,30,6,0,16.917,0
2019,6,30,12,0,21.565,0
2019,6,30,18,0,17.556,0
2019,7,1,0,0,12.806,0
2019,7,1,6,0,17.972,0
2019,7,1,12,0,21.935,0
2019,7,1,18,0,17.194,0
2019,7,2,0,0,13.259,0
2019,7,2,6,0.9433052,12.954,0
2019,7,2,12,0.2738628,14.389,0
2019,7,2,18,0,12.833,0
2019,7,3,0,0,12.194,0
2019,7,3,6,0,14.157,0
2019,7,3,12,0,16.759,0
2019,7,3,18,0,14.722,0
2019,7,4,0,0,13.074,0
2019,7,4,6,0,14.991,0
2019,7,4,12,0,17.463,0
2019,7,4,18,0,14.935,0
2019,7,5,0,0.1369314,13.213,0
2019,7,5,6,0.3955796,14.426,0
2019,7,5,12,0.0608584,15.556,0
2019,7,5,18,0,14.13,0
2019,7,6,0,0,12.685,0
2019,7,6,6,0,15.269,0
2019,7,6,12,0,17.509,0
2019,7,6,18,0,14.769,0
2019,7,7,0,0,13.065,0
2019,7,7,6,0,14.333,0
2019,7,7,12,0,14.833,0
2019,7,7,18,0,13.056,0
2019,7,8,0,0,11.306,0
2019,7,8,6,0,15.278,0
2019,7,8,12,0,18.741,0
2019,7,8,18,0,15.778,0
2019,7,9,0,0,12.046,0
2019,7,9,6,0,17.824,0
2019,7,9,12,0.2586482,22.065,0
2019,7,9,18,3.0277054,16.972,0
2019,7,10,0,1.4910308,15.454,0
2019,7,10,6,0.380365,17.296,0
2019,7,10,12,1.7953228,18.704,0
2019,7,10,18,4.640453,16.463,0
2019,7,11,0,0.608584,14.898,0
2019,7,11,6,0,16.046,0
2019,7,11,12,0,18.898,0
2019,7,11,18,0,16.315,0
2019,7,12,0,0,12.861,0
2019,7,12,6,0,17.074,0
2019,7,12,12,0,21.481,0
2019,7,12,18,0,17.593,0
2019,7,13,0,0,14.491,0
2019,7,13,6,0,17.037,0
2019,7,13,12,0,20.611,0
2019,7,13,18,0,17.065,0
2019,7,14,0,0,13.917,0
2019,7,14,6,0,16.463,0
2019,7,14,12,0,20.648,0
2019,7,14,18,0,16.843,0
2019,7,15,0,0,13.731,0
2019,7,15,6,0,17.546,0
2019,7,15,12,0.0608584,20.463,0
2019,7,15,18,0,16.167,0
2019,7,16,0,0,12.833,0
2019,7,16,6,0,17.343,0
2019,7,16,12,0,21.037,0
2019,7,16,18,0,17.204,0
2019,7,17,0,2.3734776,14.574,0
2019,7,17,6,8.8092534,13.935,0
2019,7,17,12,0.988949,15.62,0
2019,7,17,18,1.8866104,14.704,0
2019,7,18,0,0.0152146,11.852,0
2019,7,18,6,0.0608584,14.056,0
2019,7,18,12,0.0456438,17.574,0
2019,7,18,18,1.3388848,14.185,0
2019,7,19,0,0.2130044,11.593,0
2019,7,19,6,0.4107942,13.731,0
2019,7,19,12,0.0456438,17.157,0
2019,7,19,18,0,13.685,0
2019,7,20,0,0,9.63,0
2019,7,20,6,0,15.37,0
2019,7,20,12,0,21.519,0
2019,7,20,18,0,17.824,0
2019,7,21,0,0,14.593,0
2019,7,21,6,0,20.407,0
2019,7,21,12,0,26.102,0
2019,7,21,18,0,20.898,0
2019,7,22,0,0,15.565,0
2019,7,22,6,0,18.713,0
2019,7,22,12,0,23.139,0
2019,7,22,18,0,18.019,0
2019,7,23,0,0,14.343,0
2019,7,23,6,0,17.407,0
2019,7,23,12,0,19.944,0
2019,7,23,18,0.3499358,15.574,0
2019,7,24,0,0.6390132,12.398,0
2019,7,24,6,0,14.222,0
2019,7,24,12,0,19.157,0
2019,7,24,18,0,15.62,0
2019,7,25,0,0,12.111,0
2019,7,25,6,0,17.648,0
2019,7,25,12,0,23.222,0
2019,7,25,18,0,18.481,0
2019,7,26,0,0,14.5,0
2019,7,26,6,0,19.889,0
2019,7,26,12,0,24.806,0
2019,7,26,18,0.1369314,19.833,0
2019,7,27,0,1.9170396,15.787,0
2019,7,27,6,0.608584,16.556,0
2019,7,27,12,0.1673606,20.167,0
2019,7,27,18,0,15.861,0
2019,7,28,0,0,12.12,0
2019,7,28,6,0,16.611,0
2019,7,28,12,0,21.472,0
2019,7,28,18,0,17.157,0
2019,7,29,0,0,12.778,0
2019,7,29,6,0,17.519,0
2019,7,29,12,0,22.315,0
2019,7,29,18,0,17.454,0
2019,7,30,0,0,13.806,0
2019,7,30,6,0,15.407,0
2019,7,30,12,0,19.926,0
2019,7,30,18,0,16.815,0
2019,7,31,0,0,14.778,0
2019,7,31,6,0,18.463,0
2019,7,31,12,0,22.491,0
2019,7,31,18,0,17.963,0
2019,8,1,0,0,14.454,0
2019,8,1,6,0,18.361,0
2019,8,1,12,0,23.231,0
2019,8,1,18,0,20.602,0
2019,8,2,0,6.7248532,17.389,0
2019,8,2,6,1.4758162,17.491,0
2019,8,2,12,0.0456438,21.278,0
2019,8,2,18,0,17.046,0
2019,8,3,0,0,12.843,0
2019,8,3,6,0,17.139,0
2019,8,3,12,0,22.37,0
2019,8,3,18,0,18.398,0
2019,8,4,0,0,15.065,0
2019,8,4,6,0,20.343,0
2019,8,4,12,0,26.333,0
2019,8,4,18,0,21.074,0
2019,8,5,0,0,16.546,0
2019,8,5,6,0,20.815,0
2019,8,5,12,0,26.259,0
2019,8,5,18,0,20.685,0
2019,8,6,0,0,16,0
2019,8,6,6,0,19.648,0
2019,8,6,12,0,25.574,0
2019,8,6,18,0,20.12,0
2019,8,7,0,0,15.769,0
2019,8,7,6,0,18.861,0
2019,8,7,12,0,23.704,0
2019,8,7,18,0,18.75,0
2019,8,8,0,0,14.231,0
2019,8,8,6,0,15.806,0
2019,8,8,12,0,19.898,0
2019,8,8,18,0,15.926,0
2019,8,9,0,0,14.37,0
2019,8,9,6,0.0152146,15.602,0
2019,8,9,12,0,19.259,0
2019,8,9,18,0.0152146,16.12,0
2019,8,10,0,0,14.963,0
2019,8,10,6,1.9626834,15.981,0
2019,8,10,12,0.0608584,17.796,0
2019,8,10,18,0,15.204,0
2019,8,11,0,0,13.815,0
2019,8,11,6,0,15.352,0
2019,8,11,12,0.1673606,17.185,0
2019,8,11,18,0.0152146,15.954,0
2019,8,12,0,0,13.407,0
2019,8,12,6,0,16.435,0
2019,8,12,12,0,20.889,0
2019,8,12,18,0,17.028,0
2019,8,13,0,0,13.398,0
2019,8,13,6,0,17.907,0
2019,8,13,12,0,23.157,0
2019,8,13,18,0,18.407,0
2019,8,14,0,0,15,0
2019,8,14,6,0,18.935,0
2019,8,14,12,0,23.954,0
2019,8,14,18,0,18.426,0
2019,8,15,0,0,14.963,0
2019,8,15,6,0,17.741,0
2019,8,15,12,0,22.491,0
2019,8,15,18,0,17.667,0
2019,8,16,0,0,13.963,0
2019,8,16,6,0,16.12,0
2019,8,16,12,0,18.593,0
2019,8,16,18,0,15.759,0
2019,8,17,0,0,14.546,0
2019,8,17,6,0,16.056,0
2019,8,17,12,0,18.806,0
2019,8,17,18,0,16.333,0
2019,8,18,0,0,13.648,0
2019,8,18,6,0,15.352,0
2019,8,18,12,0,19.019,0
2019,8,18,18,0,15.333,0
2019,8,19,0,0,12.713,0
2019,8,19,6,0,15.157,0
2019,8,19,12,0,19.528,0
2019,8,19,18,0,15.37,0
2019,8,20,0,0,12.269,0
2019,8,20,6,0,17.537,0
2019,8,20,12,0,23.667,0
2019,8,20,18,0,18.824,0
2019,8,21,0,0.0456438,16.194,0
2019,8,21,6,5.6598312,16.472,0
2019,8,21,12,0.4412234,16.685,0
2019,8,21,18,0,14.75,0
2019,8,22,0,0,12.361,0
2019,8,22,6,0,14.37,0
2019,8,22,12,0,18.102,0
2019,8,22,18,0,14.361,0
2019,8,23,0,0,11.704,0
2019,8,23,6,2.9516324,14,0
2019,8,23,12,0.0912876,17.343,0
2019,8,23,18,0,14.037,0
2019,8,24,0,0,11.991,0
2019,8,24,6,0,14.63,0
2019,8,24,12,0.0456438,17.759,0
2019,8,24,18,0.0152146,14.361,0
2019,8,25,0,0,12.463,0
2019,8,25,6,0,14.056,0
2019,8,25,12,0.0152146,18.694,0
2019,8,25,18,0,14.074,0
2019,8,26,0,0,10.648,0
2019,8,26,6,0,14.611,0
2019,8,26,12,0,20.648,0
2019,8,26,18,0,15.861,0
2019,8,27,0,0,13.12,0
2019,8,27,6,0,18.287,0
2019,8,27,12,0,25.315,0
2019,8,27,18,0,19.278,0
2019,8,28,0,0,15.87,0
2019,8,28,6,0,19.676,0
2019,8,28,12,0,26.13,0
2019,8,28,18,0,19.417,0
2019,8,29,0,0,15.648,0
2019,8,29,6,0,18.972,0
2019,8,29,12,0,23.907,0
2019,8,29,18,0.0304292,18.343,0
2019,8,30,0,0.684657,15.991,0
2019,8,30,6,0.1673606,16.694,0
2019,8,30,12,0.0304292,19.278,0
2019,8,30,18,0,16.861,0
2019,8,31,0,0,15.361,0
2019,8,31,6,0,17.991,0
2019,8,31,12,0,21.537,0
2019,8,31,18,0,17.972,0
2019,9,1,0,0,14.981,0
2019,9,1,6,0,17,0
2019,9,1,12,0,20.769,0
2019,9,1,18,0,16.028,0
2019,9,2,0,0,13.537,0
2019,9,2,6,0,16.843,0
2019,9,2,12,0,21.537,0
2019,9,2,18,0,17.083,0
2019,9,3,0,0,14.009,0
2019,9,3,6,0,17.278,0
2019,9,3,12,0,22.435,0
2019,9,3,18,0,16.324,0
2019,9,4,0,0,13.417,0
2019,9,4,6,0,15.741,0
2019,9,4,12,0,20.028,0
2019,9,4,18,0,15.62,0
2019,9,5,0,0,12.639,0
2019,9,5,6,0,17.639,0
2019,9,5,12,0,24.685,0
2019,9,5,18,0,18.87,0
2019,9,6,0,0,15.62,0
2019,9,6,6,0,18.704,0
2019,9,6,12,0,24.231,0
2019,9,6,18,0,17.074,0
2019,9,7,0,0,13.935,0
2019,9,7,6,0,16.389,0
2019,9,7,12,0,19.62,0
2019,9,7,18,7.1356474,14.898,0
2019,9,8,0,0.0912876,13.611,0
2019,9,8,6,0.1825752,13.889,0
2019,9,8,12,0.0456438,16.028,0
2019,9,8,18,0.0304292,14.12,0
2019,9,9,0,1.8713958,13.241,0
2019,9,9,6,3.0581346,14.296,0
2019,9,9,12,1.0041636,16.213,0
2019,9,9,18,0.0304292,13.62,0
2019,9,10,0,0.0304292,12.583,0
2019,9,10,6,0.0152146,14.148,0
2019,9,10,12,0.2130044,17.241,0
2019,9,10,18,0,13.972,0
2019,9,11,0,0,11.731,0
2019,9,11,6,0,14.259,0
2019,9,11,12,0,17.519,0
2019,9,11,18,0,14.241,0
2019,9,12,0,0,13.398,0
2019,9,12,6,0,16.676,0
2019,9,12,12,4.7469552,18.176,0
2019,9,12,18,8.9157556,14.685,0
2019,9,13,0,0.3499358,12.472,0
2019,9,13,6,0,14.343,0
2019,9,13,12,0.076073,16.306,0
2019,9,13,18,4.56438,14.194,0
2019,9,14,0,3.1037784,12.824,0
2019,9,14,6,0,13.944,0
2019,9,14,12,0,15.685,0
2019,9,14,18,1.6127476,14.056,0
2019,9,15,0,11.3500916,13.139,0
2019,9,15,6,11.4565938,12.861,0
2019,9,15,12,1.1258804,12.815,0
2019,9,15,18,3.118993,11.833,0
2019,9,16,0,0.380365,10.694,0
2019,9,16,6,0.076073,12.13,0
2019,9,16,12,0.836803,15,0
2019,9,16,18,0.836803,12.185,0
2019,9,17,0,0.0152146,11.722,0
2019,9,17,6,4.716526,12.454,0
2019,9,17,12,0.1673606,13.287,0
2019,9,17,18,0.3195066,12.009,0
2019,9,18,0,0,10.815,0
2019,9,18,6,0,12.704,0
2019,9,18,12,0,16.019,0
2019,9,18,18,0,11.88,0
2019,9,19,0,0,9.454,0
2019,9,19,6,0,11.481,0
2019,9,19,12,0,14.972,0
2019,9,19,18,0,12.213,0
2019,9,20,0,0,11.769,0
2019,9,20,6,0,12.676,0
2019,9,20,12,0,16.056,0
2019,9,20,18,0,12.157,0
2019,9,21,0,0,11.574,0
2019,9,21,6,0,13.685,0
2019,9,21,12,0,16.269,0
2019,9,21,18,0,13.824,0
2019,9,22,0,2.053971,13.546,0
2019,9,22,6,3.499358,14.056,0
2019,9,22,12,1.9322542,14.731,0
2019,9,22,18,0,13.269,0
2019,9,23,0,0,11.574,0
2019,9,23,6,2.2365462,11.361,0
2019,9,23,12,1.673606,11.472,0
2019,9,23,18,0.1369314,11.435,0
2019,9,24,0,0,12.074,0
2019,9,24,6,0,12.769,0
2019,9,24,12,0,16.102,0
2019,9,24,18,0,11.806,0
2019,9,25,0,0,9.824,0
2019,9,25,6,0,11.722,0
2019,9,25,12,0,14.796,0
2019,9,25,18,0,12.37,0
2019,9,26,0,10.1481382,12.556,0
2019,9,26,6,1.0954512,12.389,0
2019,9,26,12,0.076073,14.111,0
2019,9,26,18,0,10.13,0
2019,9,27,0,0,9.102,0
2019,9,27,6,0.7150862,9.287,0
2019,9,27,12,0.2586482,11,0
2019,9,27,18,0.076073,7.389,0
2019,9,28,0,0.5477256,5.648,0
2019,9,28,6,0,8.176,0
2019,9,28,12,0,13.676,0
2019,9,28,18,0,7.926,0.00166666666666667
2019,9,29,0,0.0152146,6.963,0.00666666666666667
2019,9,29,6,0,8.63,0.005
2019,9,29,12,0,12.444,0
2019,9,29,18,0,7.75,0.00166666666666667
2019,9,30,0,0,5.065,0.0333333333333333
2019,9,30,6,0,7.148,0.03
2019,9,30,12,0,12.065,0
2019,9,30,18,0,6.343,0
2019,10,1,0,0,4.222,0.00833333333333333
2019,10,1,6,0,7.926,0.00166666666666667
2019,10,1,12,0,12.991,0
2019,10,1,18,0,7.426,0
2019,10,2,0,0,5.704,0
2019,10,2,6,0,9.25,0
2019,10,2,12,0,13.954,0
2019,10,2,18,0.3651504,10.62,0
2019,10,3,0,0.1825752,9.62,0
2019,10,3,6,1.293241,9.889,0
2019,10,3,12,3.955796,11.972,0
2019,10,3,18,1.0193782,8.778,0
2019,10,4,0,1.0345928,8.111,0
2019,10,4,6,2.0083272,8.537,0
2019,10,4,12,1.217168,9.981,0
2019,10,4,18,0.684657,8.602,0
2019,10,5,0,0.6237986,7.13,0
2019,10,5,6,0,8.843,0
2019,10,5,12,0,12.343,0
2019,10,5,18,0,7.306,0
2019,10,6,0,0,5.194,0
2019,10,6,6,0,8.157,0
2019,10,6,12,0.3195066,13.111,0
2019,10,6,18,2.206117,10.259,0
2019,10,7,0,2.4799798,10.185,0
2019,10,7,6,6.542278,10.972,0
2019,10,7,12,4.7317406,12.731,0
2019,10,7,18,1.6279622,9.852,0
2019,10,8,0,2.5560528,6.63,0.00333333333333333
2019,10,8,6,3.5906456,5.861,0.0133333333333333
2019,10,8,12,2.0083272,6.472,0.0133333333333333
2019,10,8,18,0.1369314,3.546,0.36
2019,10,9,0,0.1369314,1.343,0.926666666666667
2019,10,9,6,0,3.343,0.621666666666667
2019,10,9,12,0,8.648,0.0366666666666667
2019,10,9,18,0,2.62,0.508333333333333
2019,10,10,0,0,0.954,0.985
2019,10,10,6,0,3.75,0.501666666666667
2019,10,10,12,0,10.056,0
2019,10,10,18,0,4.796,0
2019,10,11,0,0,3.259,0.151666666666667
2019,10,11,6,0,6.843,0.105
2019,10,11,12,0,13.287,0
2019,10,11,18,0,7.25,0
2019,10,12,0,0,5.046,0.0133333333333333
2019,10,12,6,0,8.111,0
2019,10,12,12,0.0152146,11.611,0
2019,10,12,18,1.0345928,9.009,0
2019,10,13,0,0.1825752,7.787,0
2019,10,13,6,0,8.583,0
2019,10,13,12,0,10.13,0
2019,10,13,18,0,6.593,0
2019,10,14,0,0,4.806,0
2019,10,14,6,0,7.074,0
2019,10,14,12,0,11.667,0
2019,10,14,18,0,8.046,0
2019,10,15,0,0,7.454,0
2019,10,15,6,0,10.463,0
2019,10,15,12,0.304292,11.204,0
2019,10,15,18,0.3499358,10.704,0
2019,10,16,0,1.5366746,10.806,0
2019,10,16,6,0.6542278,11.287,0
2019,10,16,12,3.2559244,12.426,0
2019,10,16,18,12.4911866,9.37,0
2019,10,17,0,0.1673606,7.454,0
2019,10,17,6,2.4039068,9.046,0
2019,10,17,12,1.6888206,10.361,0
2019,10,17,18,5.2186078,7.944,0
2019,10,18,0,3.9253668,7.167,0
2019,10,18,6,2.4495506,7.389,0
2019,10,18,12,5.0816764,8.176,0
2019,10,18,18,1.749679,7.204,0
2019,10,19,0,0.7303008,6.963,0
2019,10,19,6,0.684657,6.778,0
2019,10,19,12,6.1923422,7.333,0
2019,10,19,18,0.0608584,5.861,0
2019,10,20,0,0,5.806,0
2019,10,20,6,1.8561812,6.981,0
2019,10,20,12,2.7690572,7.861,0
2019,10,20,18,0.2130044,6.889,0
2019,10,21,0,4.1688004,7.074,0
2019,10,21,6,7.0443598,8.657,0
2019,10,21,12,17.5576484,9.324,0
2019,10,21,18,10.5589324,10.009,0
2019,10,22,0,0.0152146,9.667,0
2019,10,22,6,0,9.528,0
2019,10,22,12,0,10.87,0
2019,10,22,18,0,6.917,0
2019,10,23,0,0,4.398,0
2019,10,23,6,0,6.157,0
2019,10,23,12,0,11.13,0
2019,10,23,18,0,6.815,0
2019,10,24,0,0,6.713,0
2019,10,24,6,0,9.148,0
2019,10,24,12,0.0304292,12.056,0
2019,10,24,18,0,10.611,0
2019,10,25,0,0.0912876,10.954,0
2019,10,25,6,5.5076852,10.398,0
2019,10,25,12,0,9.935,0
2019,10,25,18,0.8063738,6.787,0
2019,10,26,0,0,4.065,0.00833333333333333
2019,10,26,6,0,6.139,0.0116666666666667
2019,10,26,12,0,9.944,0.00166666666666667
2019,10,26,18,0,5.287,0.0816666666666667
2019,10,27,0,0,2.815,0.471666666666667
2019,10,27,6,0,4.241,0.43
2019,10,27,12,0,8.611,0.00333333333333333
2019,10,27,18,0,2.454,0.416666666666667
2019,10,28,0,0,1.491,0.79
2019,10,28,6,0,3.824,0.316666666666667
2019,10,28,12,0,7.87,0.00666666666666667
2019,10,28,18,0,3.954,0.62
2019,10,29,0,0,2.37,0.981666666666667
2019,10,29,6,0,2.009,0.791666666666667
2019,10,29,12,0,6.222,0.251666666666667
2019,10,29,18,0,0.88,0.938333333333333
2019,10,30,0,0,-0.37,1
2019,10,30,6,0,1.861,0.706666666666667
2019,10,30,12,0,7.352,0.00333333333333333
2019,10,30,18,0,2.111,0.726666666666667
2019,10,31,0,0,1.75,0.896666666666667
2019,10,31,6,0,3.398,0.471666666666667
2019,10,31,12,0,7.815,0.00166666666666667
2019,10,31,18,0,2.065,0.238333333333333
2019,11,1,0,0,1.157,0.726666666666667
2019,11,1,6,0,3.935,0.375
2019,11,1,12,0,9.509,0
2019,11,1,18,0,3.981,0.025
2019,11,2,0,0,2.278,0.323333333333333
2019,11,2,6,0,4.806,0.198333333333333
2019,11,2,12,0,10.046,0
2019,11,2,18,0,4.417,0
2019,11,3,0,0,4.148,0
2019,11,3,6,0,5.185,0
2019,11,3,12,0,9.481,0
2019,11,3,18,0,3.806,0
2019,11,4,0,0,3.407,0
2019,11,4,6,0,5.463,0
2019,11,4,12,0,8.611,0
2019,11,4,18,0,4.889,0
2019,11,5,0,0,5.009,0
2019,11,5,6,0,6.796,0
2019,11,5,12,0,8.889,0
2019,11,5,18,0,5.009,0
2019,11,6,0,0,5.389,0.025
2019,11,6,6,0,6.12,0.08
2019,11,6,12,0,11.065,0
2019,11,6,18,0,6.222,0
2019,11,7,0,0,4.5,0.0616666666666667
2019,11,7,6,0,6.093,0.0583333333333333
2019,11,7,12,0,11.194,0
2019,11,7,18,0,6.741,0
2019,11,8,0,0,5.759,0
2019,11,8,6,0,7.222,0.01
2019,11,8,12,0,12.176,0
2019,11,8,18,0.0304292,7.926,0
2019,11,9,0,0.0608584,6.87,0
2019,11,9,6,0.1825752,7.25,0
2019,11,9,12,0.076073,8.722,0
2019,11,9,18,0,7.759,0
2019,11,10,0,0,7.5,0
2019,11,10,6,0,8.157,0
2019,11,10,12,0,9.806,0
2019,11,10,18,0,6.25,0
2019,11,11,0,0,5.222,0
2019,11,11,6,0,6.907,0.00333333333333333
2019,11,11,12,0.380365,10.361,0
2019,11,11,18,0.0456438,8.213,0
2019,11,12,0,1.6583914,7.046,0
2019,11,12,6,3.5450018,6.565,0
2019,11,12,12,0.1825752,7.787,0
2019,11,12,18,0,7.25,0
2019,11,13,0,0,6.972,0
2019,11,13,6,0,7.537,0
2019,11,13,12,0,9.639,0
2019,11,13,18,0,5.926,0
2019,11,14,0,0,5.185,0
2019,11,14,6,0,7.417,0
2019,11,14,12,0,11.315,0
2019,11,14,18,0,9.287,0
2019,11,15,0,0.228219,8.019,0
2019,11,15,6,3.7884354,8.444,0
2019,11,15,12,1.901825,10.019,0
2019,11,15,18,0.0608584,6.389,0
2019,11,16,0,0.0608584,5.269,0
2019,11,16,6,0.2130044,7.056,0
2019,11,16,12,2.6169112,8.843,0
2019,11,16,18,6.0706254,9.204,0
2019,11,17,0,3.6971478,9.861,0
2019,11,17,6,9.7982024,10.185,0
2019,11,17,12,0.8520176,11.037,0
2019,11,17,18,0.3347212,8.398,0
2019,11,18,0,0.988949,7.519,0
2019,11,18,6,0.076073,7.472,0
2019,11,18,12,3.4537142,9.537,0
2019,11,18,18,9.8590608,7.889,0
2019,11,19,0,2.3886922,6.639,0
2019,11,19,6,0.1369314,6.824,0
2019,11,19,12,0.076073,8.657,0
2019,11,19,18,0,5.389,0.00666666666666667
2019,11,20,0,0,3.269,0.148333333333333
2019,11,20,6,0,4.667,0.0916666666666667
2019,11,20,12,0,7.407,0
2019,11,20,18,0,4.167,0.148333333333333
2019,11,21,0,0,3.926,0.175
2019,11,21,6,0,6.167,0.0883333333333333
2019,11,21,12,0,8.185,0
2019,11,21,18,0,2.194,0.308333333333333
2019,11,22,0,0,0.361,0.955
2019,11,22,6,0,0.657,0.73
2019,11,22,12,0,4.62,0.00666666666666667
2019,11,22,18,0,1.861,0.2
2019,11,23,0,0,3.713,0.00666666666666667
2019,11,23,6,0,4.944,0
2019,11,23,12,0.0152146,6.5,0
2019,11,23,18,1.825752,7.583,0
2019,11,24,0,3.1494222,6.991,0.00333333333333333
2019,11,24,6,0,5.343,0.00833333333333333
2019,11,24,12,0.076073,7.167,0.00166666666666667
2019,11,24,18,0,3.361,0.03
2019,11,25,0,1.8866104,3.074,0.0416666666666667
2019,11,25,6,1.2780264,2.065,0.165
2019,11,25,12,0.2738628,3.583,0.0883333333333333
2019,11,25,18,0.0152146,0.926,0.378333333333333
2019,11,26,0,0.6998716,-0.296,0.685
2019,11,26,6,0,0.843,0.61
2019,11,26,12,0,2.981,0.355
2019,11,26,18,0,0.907,0.998333333333333
2019,11,27,0,0,1.028,0.996666666666667
2019,11,27,6,0,1.898,0.906666666666667
2019,11,27,12,0,2.537,0.813333333333333
2019,11,27,18,0,0.287,1
2019,11,28,0,0,-0.806,1
2019,11,28,6,0,-0.463,1
2019,11,28,12,0,1.463,0.855
2019,11,28,18,0,-2.435,1
2019,11,29,0,0,-3.574,1
2019,11,29,6,0,-3.176,1
2019,11,29,12,0,0.426,0.943333333333333
2019,11,29,18,0,-3.565,1
2019,11,30,0,0,-4.565,1
2019,11,30,6,0,-2.907,0.998333333333333
2019,11,30,12,0,1.861,0.738333333333333
2019,11,30,18,0,-2.037,1
2019,12,1,0,0,-2.472,1
2019,12,1,6,0,-0.472,0.971666666666667
2019,12,1,12,0.0912876,2.259,0.356666666666667
2019,12,1,18,0,1.611,0.218333333333333
2019,12,2,0,0.1825752,1.861,0.0816666666666667
2019,12,2,6,0,2.667,0.0183333333333333
2019,12,2,12,0.0152146,4.204,0
2019,12,2,18,2.890774,4.148,0
2019,12,3,0,3.347212,5.306,0
2019,12,3,6,1.065022,6.463,0
2019,12,3,12,0.076073,7.491,0
2019,12,3,18,0.0608584,7.75,0
2019,12,4,0,6.1010546,7.509,0
2019,12,4,6,1.3084556,6.796,0
2019,12,4,12,0.1977898,6.009,0
2019,12,4,18,0,4.259,0
2019,12,5,0,0,3.62,0
2019,12,5,6,0,4.417,0
2019,12,5,12,0,6.648,0
2019,12,5,18,0,5.861,0
2019,12,6,0,0,6.157,0
2019,12,6,6,0,6.602,0
2019,12,6,12,0.1369314,8.481,0
2019,12,6,18,0.1065022,7.148,0
2019,12,7,0,2.28219,6.148,0
2019,12,7,6,0.4716526,6.324,0
2019,12,7,12,1.7648936,6.704,0
2019,12,7,18,0,5.917,0
2019,12,8,0,0,5.519,0
2019,12,8,6,0,5.63,0
2019,12,8,12,0,6.593,0.00166666666666667
2019,12,8,18,0,3.602,0.0133333333333333
2019,12,9,0,0,2.704,0.0533333333333333
2019,12,9,6,0,2.657,0.198333333333333
2019,12,9,12,0,4.898,0
2019,12,9,18,0,2.019,0.223333333333333
2019,12,10,0,0,1.889,0.473333333333333
2019,12,10,6,0,2.667,0.186666666666667
2019,12,10,12,0.8215884,4.352,0.00333333333333333
2019,12,10,18,0.0456438,4.102,0
2019,12,11,0,0.0456438,3.907,0.00333333333333333
2019,12,11,6,0,4.694,0.005
2019,12,11,12,1.369314,6.352,0
2019,12,11,18,3.4384996,5.769,0
2019,12,12,0,1.4149578,5.62,0
2019,12,12,6,1.5062454,5.991,0
2019,12,12,12,5.5228998,5.796,0.00333333333333333
2019,12,12,18,1.4149578,4.37,0.0116666666666667
2019,12,13,0,4.184015,4.343,0.01
2019,12,13,6,3.3015682,4.241,0.015
2019,12,13,12,0.0912876,5.093,0.0133333333333333
2019,12,13,18,0.3195066,3.491,0.0316666666666667
2019,12,14,0,0.4260088,2.861,0.0433333333333333
2019,12,14,6,1.0041636,2.63,0.075
2019,12,14,12,1.4149578,3.157,0.08
2019,12,14,18,0,2.009,0.115
2019,12,15,0,0.2434336,1.63,0.178333333333333
2019,12,15,6,0.4868672,1.704,0.203333333333333
2019,12,15,12,0.1217168,2.519,0.156666666666667
2019,12,15,18,0,0.435,0.545
2019,12,16,0,0,0.556,0.715
2019,12,16,6,0.152146,2.426,0.21
2019,12,16,12,1.3845286,3.722,0.0116666666666667
2019,12,16,18,0.2586482,4.185,0.00333333333333333
2019,12,17,0,0,4.75,0
2019,12,17,6,0.4260088,5.639,0
2019,12,17,12,0.8672322,6.407,0
2019,12,17,18,0,5.713,0.00166666666666667
2019,12,18,0,0,5.917,0.00166666666666667
2019,12,18,6,0,6.287,0.005
2019,12,18,12,0.5172964,6.593,0.0116666666666667
2019,12,18,18,1.065022,4.278,0.02
2019,12,19,0,0.2738628,3.926,0.015
2019,12,19,6,0.1977898,4.269,0.015
2019,12,19,12,5.781548,5.583,0.01
2019,12,19,18,7.683373,6.12,0
2019,12,20,0,5.8424064,6.028,0
2019,12,20,6,10.5893616,5.296,0.00166666666666667
2019,12,20,12,7.9724504,4.602,0.01
2019,12,20,18,4.8838866,4.167,0.005
2019,12,21,0,6.7248532,3.306,0.0166666666666667
2019,12,21,6,4.2144442,2.611,0.0366666666666667
2019,12,21,12,0.2890774,3.398,0.0266666666666667
2019,12,21,18,0,2.981,0.03
2019,12,22,0,0,2.676,0.0616666666666667
2019,12,22,6,0,2.63,0.143333333333333
2019,12,22,12,0,4.565,0.025
2019,12,22,18,0,1.435,0.316666666666667
2019,12,23,0,0,0.731,0.691666666666667
2019,12,23,6,0,1.259,0.493333333333333
2019,12,23,12,0,2.657,0.126666666666667
2019,12,23,18,0,1.213,0.323333333333333
2019,12,24,0,0,0.806,0.486666666666667
2019,12,24,6,0,0.583,0.756666666666667
2019,12,24,12,0,2.824,0.181666666666667
2019,12,24,18,0.0304292,1.481,0.386666666666667
2019,12,25,0,0,1.028,0.52
2019,12,25,6,0,1.806,0.423333333333333
2019,12,25,12,0,3.574,0.0733333333333333
2019,12,25,18,0,0.972,0.606666666666667
2019,12,26,0,0,-0.778,1
2019,12,26,6,0,0.222,0.898333333333333
2019,12,26,12,0,2.231,0.441666666666667
2019,12,26,18,0.8520176,1.574,0.561666666666667
2019,12,27,0,0.608584,1.704,0.245
2019,12,27,6,0.2890774,1.907,0.17
2019,12,27,12,0,3.046,0.0816666666666667
2019,12,27,18,0,1.926,0.136666666666667
2019,12,28,0,0,2.213,0.0966666666666667
2019,12,28,6,0,3.222,0.0366666666666667
2019,12,28,12,0.0304292,5.056,0.01
2019,12,28,18,0,4.454,0.00666666666666667
2019,12,29,0,0.0152146,4.843,0
2019,12,29,6,0.0152146,5.843,0
2019,12,29,12,0,8.306,0
2019,12,29,18,0.0456438,6.481,0
2019,12,30,0,0.2586482,5.519,0
2019,12,30,6,0.2738628,5.148,0
2019,12,30,12,0.0304292,5.824,0
2019,12,30,18,0.3955796,5.972,0.00166666666666667
2019,12,31,0,5.2186078,6.463,0
2019,12,31,6,11.182731,6.546,0
2019,12,31,12,6.8009262,7.139,0
2019,12,31,18,4.7773844,8.222,0
2020,1,1,0,0.0608584,7.944,0
2020,1,1,6,0.2738628,7.102,0
2020,1,1,12,1.52146,7.833,0
2020,1,1,18,0.5781548,5.083,0.0166666666666667
2020,1,2,0,0.3195066,2.639,0.131666666666667
2020,1,2,6,0.0304292,2.13,0.215
2020,1,2,12,2.4951944,2.824,0.121666666666667
2020,1,2,18,1.293241,3.685,0.0233333333333333
2020,1,3,0,2.5712674,6.713,0
2020,1,3,6,1.293241,8.889,0
2020,1,3,12,0.1065022,11.213,0
2020,1,3,18,5.4620414,8.926,0
2020,1,4,0,2.890774,4.935,0.0266666666666667
2020,1,4,6,1.0954512,3.269,0.0883333333333333
2020,1,4,12,0.5629402,3.704,0.0833333333333333
2020,1,4,18,0.4260088,3.843,0.03
2020,1,5,0,0.0304292,4.324,0.03
2020,1,5,6,0.6237986,4.593,0.0283333333333333
2020,1,5,12,0.6542278,3.889,0.09
2020,1,5,18,2.0235418,2.593,0.126666666666667
2020,1,6,0,2.2517608,2.806,0.0833333333333334
2020,1,6,6,8.4593176,3.463,0.0166666666666667
2020,1,6,12,6.9835014,4.352,0.00166666666666667
2020,1,6,18,5.9184794,5.074,0
2020,1,7,0,16.0818322,6.139,0
2020,1,7,6,3.6058602,7.676,0
2020,1,7,12,0.5933694,8.102,0
2020,1,7,18,3.5906456,6.269,0.00166666666666667
2020,1,8,0,0.6237986,3.074,0.085
2020,1,8,6,2.1756878,1.972,0.238333333333333
2020,1,8,12,4.56438,2.074,0.318333333333333
2020,1,8,18,3.271139,-0.287,0.79
2020,1,9,0,0.1825752,-1.315,0.966666666666667
2020,1,9,6,0.1673606,-1.204,0.9
2020,1,9,12,0,0.926,0.468333333333333
2020,1,9,18,0,-0.324,0.95
2020,1,10,0,1.0345928,0.093,0.906666666666667
2020,1,10,6,2.7842718,1.417,0.405
2020,1,10,12,4.6100238,2.889,0.095
2020,1,10,18,2.28219,3.093,0.0466666666666667
2020,1,11,0,4.9143158,2.991,0.035
2020,1,11,6,3.0885638,2.491,0.0633333333333333
2020,1,11,12,0.8215884,2.37,0.246666666666667
2020,1,11,18,1.7192498,1.009,0.418333333333333
2020,1,12,0,3.0885638,1.269,0.376666666666667
2020,1,12,6,6.0706254,1.88,0.178333333333333
2020,1,12,12,3.727577,1.296,0.346666666666667
2020,1,12,18,3.0885638,-4.074,0.97
2020,1,13,0,0,-7.37,1
2020,1,13,6,0,-7.741,1
2020,1,13,12,0,-6.009,1
2020,1,13,18,0,-8.972,1
2020,1,14,0,0,-9.657,1
2020,1,14,6,0.4412234,-9.463,1
2020,1,14,12,0,-7.481,1
2020,1,14,18,1.4758162,-7.824,1
2020,1,15,0,3.7884354,-5.787,1
2020,1,15,6,0,-4.667,1
2020,1,15,12,1.065022,-3.111,1
2020,1,15,18,1.9626834,-1.102,0.991666666666667
2020,1,16,0,0.152146,-0.148,0.911666666666667
2020,1,16,6,0.0152146,-1.204,0.978333333333333
2020,1,16,12,1.4910308,-0.676,0.871666666666667
2020,1,16,18,1.141095,-3.676,1
2020,1,17,0,1.8713958,-4.509,1
2020,1,17,6,0.0608584,-4.556,1
2020,1,17,12,0.0608584,-0.426,0.935
2020,1,17,18,0.0608584,-1.204,0.996666666666667
2020,1,18,0,4.336161,0.389,0.691666666666667
2020,1,18,6,0.5933694,3.009,0.0916666666666667
2020,1,18,12,0,4.083,0.00666666666666667
2020,1,18,18,0.0304292,4.176,0.00166666666666667
2020,1,19,0,0.2890774,4.065,0.00666666666666667
2020,1,19,6,0.6542278,5.509,0
2020,1,19,12,0.3347212,7.046,0
2020,1,19,18,0,7.093,0
2020,1,20,0,0.5629402,6.509,0
2020,1,20,6,0.1217168,6.139,0
2020,1,20,12,1.3084556,6.722,0
2020,1,20,18,0,6.398,0
2020,1,21,0,0.3195066,6.398,0
2020,1,21,6,1.6583914,5.907,0.00666666666666667
2020,1,21,12,0.380365,5.769,0.0133333333333333
2020,1,21,18,2.5256236,4.315,0.0166666666666667
2020,1,22,0,3.2407098,3.889,0.01
2020,1,22,6,0.1369314,4.167,0.0166666666666667
2020,1,22,12,4.6860968,4.787,0.01
2020,1,22,18,4.184015,5.565,0.00166666666666667
2020,1,23,0,5.1121056,7.296,0
2020,1,23,6,9.7221294,8.241,0
2020,1,23,12,1.6583914,8.639,0
2020,1,23,18,0.8063738,8.435,0
2020,1,24,0,2.9820616,7.528,0
2020,1,24,6,3.1646368,7.102,0
2020,1,24,12,3.8645084,6.787,0
2020,1,24,18,0,4.398,0.00666666666666667
2020,1,25,0,0.0152146,4.769,0.005
2020,1,25,6,0.8520176,5.074,0
2020,1,25,12,0,6.435,0
2020,1,25,18,0,4.62,0.00833333333333333
2020,1,26,0,1.749679,6.444,0.00333333333333333
2020,1,26,6,0.076073,6.769,0
2020,1,26,12,0.1065022,7.241,0
2020,1,26,18,1.1715242,6.102,0.005
2020,1,27,0,2.2517608,4.639,0.01
2020,1,27,6,0.1217168,4.426,0.0183333333333333
2020,1,27,12,0,6.806,0.01
2020,1,27,18,5.7511188,5.241,0.005
2020,1,28,0,1.2019534,5.259,0
2020,1,28,6,7.1052182,4.528,0.00666666666666667
2020,1,28,12,0.0456438,5.63,0.00333333333333333
2020,1,28,18,0,4.389,0.00833333333333333
2020,1,29,0,0.152146,5.472,0
2020,1,29,6,3.3319974,6.148,0.005
2020,1,29,12,2.586482,6.824,0
2020,1,29,18,0,3.324,0.095
2020,1,30,0,0,1.574,0.308333333333333
2020,1,30,6,0,3.426,0.115
2020,1,30,12,0.4412234,7.843,0.00833333333333333
2020,1,30,18,8.4745322,6.509,0
2020,1,31,0,3.195066,6.944,0
2020,1,31,6,6.466205,7.824,0
2020,1,31,12,2.4951944,10.287,0
2020,1,31,18,12.93241,10.083,0
2020,2,1,0,18.9573916,8.917,0
2020,2,1,6,2.9212032,6.852,0.00666666666666667
2020,2,1,12,0,4.278,0.1
2020,2,1,18,0,0.667,0.591666666666667
2020,2,2,0,0,-1.176,0.913333333333333
2020,2,2,6,0,-0.269,0.766666666666667
2020,2,2,12,0,2.889,0.276666666666667
2020,2,2,18,0.3499358,0.241,0.78
2020,2,3,0,1.3845286,-0.491,0.8
2020,2,3,6,0,-0.685,0.826666666666667
2020,2,3,12,0,1.148,0.48
2020,2,3,18,0,-1.796,0.993333333333333
2020,2,4,0,0,-2.463,1
2020,2,4,6,0,-0.963,0.956666666666667
2020,2,4,12,1.7192498,0.407,0.576666666666667
2020,2,4,18,3.0124908,1.009,0.346666666666667
2020,2,5,0,4.3970194,1.907,0.118333333333333
2020,2,5,6,10.1633528,2.287,0.0383333333333333
2020,2,5,12,2.206117,3.37,0.00666666666666667
2020,2,5,18,3.195066,3.639,0
2020,2,6,0,0.0304292,3.176,0.01
2020,2,6,6,2.7081988,3.583,0.015
2020,2,6,12,4.7469552,4.009,0.02
2020,2,6,18,0.3195066,3.176,0.0116666666666667
2020,2,7,0,0.0152146,2.741,0.02
2020,2,7,6,0.4107942,3.815,0.00666666666666667
2020,2,7,12,1.1715242,6.204,0
2020,2,7,18,5.3098954,4.343,0.0166666666666667
2020,2,8,0,3.2863536,3.37,0.0333333333333333
2020,2,8,6,0,3.185,0.0566666666666667
2020,2,8,12,0,5.259,0.0216666666666667
2020,2,8,18,0,2.019,0.478333333333333
2020,2,9,0,0,0.12,0.948333333333333
2020,2,9,6,0,0.333,0.781666666666667
2020,2,9,12,0,2.852,0.103333333333333
2020,2,9,18,0,1.5,0.24
2020,2,10,0,0,1.028,0.448333333333333
2020,2,10,6,0,1.5,0.54
2020,2,10,12,0,4.722,0.03
2020,2,10,18,0,1.926,0.18
2020,2,11,0,0,2.037,0.105
2020,2,11,6,0.4716526,3.296,0.0866666666666667
2020,2,11,12,0.0456438,4.824,0.0183333333333333
2020,2,11,18,0.8215884,4.444,0.01
2020,2,12,0,0.0456438,3.083,0.035
2020,2,12,6,0,3.019,0.0566666666666667
2020,2,12,12,0,5.324,0.00666666666666667
2020,2,12,18,0,3.583,0.0183333333333333
2020,2,13,0,0,2.926,0.03
2020,2,13,6,3.4384996,3.306,0.04
2020,2,13,12,1.445387,4.417,0.0433333333333333
2020,2,13,18,1.1106658,3.426,0.045
2020,2,14,0,2.0996148,2.778,0.0666666666666667
2020,2,14,6,0.1065022,2.907,0.12
2020,2,14,12,0.076073,5.065,0.0616666666666667
2020,2,14,18,1.369314,2.981,0.0716666666666667
2020,2,15,0,3.3928558,2.796,0.0783333333333333
2020,2,15,6,4.5339508,4,0.02
2020,2,15,12,0.8520176,5.37,0.01
2020,2,15,18,0.076073,4.278,0.0266666666666667
2020,2,16,0,1.2323826,2.389,0.116666666666667
2020,2,16,6,0,2.398,0.185
2020,2,16,12,1.8866104,4.157,0.075
2020,2,16,18,0.0608584,2.056,0.238333333333333
2020,2,17,0,0.228219,1.713,0.221666666666667
2020,2,17,6,0.6542278,0.991,0.391666666666667
2020,2,17,12,0.076073,3.241,0.128333333333333
2020,2,17,18,0,0.12,0.751666666666667
2020,2,18,0,0,-1.12,0.996666666666667
2020,2,18,6,0,0.037,0.766666666666667
2020,2,18,12,0,4.593,0.0733333333333333
2020,2,18,18,0,0.852,0.676666666666667
2020,2,19,0,0,-0.278,1
2020,2,19,6,0,1.324,0.655
2020,2,19,12,0,6.889,0.00166666666666667
2020,2,19,18,0,2.861,0.343333333333333
2020,2,20,0,0,0.88,0.916666666666667
2020,2,20,6,0,2.139,0.608333333333333
2020,2,20,12,0,7.741,0
2020,2,20,18,0,3.435,0.23
2020,2,21,0,0,1.676,0.725
2020,2,21,6,0,3.065,0.458333333333333
2020,2,21,12,0,8.287,0
2020,2,21,18,0,4.194,0.0483333333333333
2020,2,22,0,1.9931126,3.87,0.0283333333333333
2020,2,22,6,2.358263,3.917,0.035
2020,2,22,12,0.0456438,5.139,0.03
2020,2,22,18,0,2.704,0.0883333333333333
2020,2,23,0,0.3651504,3.63,0.045
2020,2,23,6,3.9862252,4.139,0.0533333333333333
2020,2,23,12,4.107942,4.407,0.0483333333333333
2020,2,23,18,2.5408382,4.028,0.0266666666666667
2020,2,24,0,1.1563096,2.63,0.153333333333333
2020,2,24,6,1.749679,1.685,0.285
2020,2,24,12,0.0304292,3.907,0.118333333333333
2020,2,24,18,0,1.083,0.536666666666667
2020,2,25,0,0,0.935,0.575
2020,2,25,6,0,2.38,0.346666666666667
2020,2,25,12,0.5933694,5.731,0.01
2020,2,25,18,0.0152146,3.87,0.01
2020,2,26,0,0.0152146,3.315,0.0133333333333333
2020,2,26,6,0,3.907,0.03
2020,2,26,12,0.076073,6.926,0
2020,2,26,18,0.076073,4.926,0.00833333333333333
2020,2,27,0,0.6542278,4.926,0
2020,2,27,6,0.304292,5.972,0.005
2020,2,27,12,0.0152146,8.787,0
2020,2,27,18,0,5.426,0
2020,2,28,0,0,3.676,0.005
2020,2,28,6,0,4.759,0.00666666666666667
2020,2,28,12,0.608584,7.907,0.00166666666666667
2020,2,28,18,2.9364178,3.806,0.0333333333333333
2020,2,29,0,1.8409666,3.139,0.0566666666666667
2020,2,29,6,0.0304292,3.194,0.131666666666667
2020,2,29,12,0.152146,5.287,0.0766666666666666
2020,2,29,18,0,1.676,0.405
2020,3,1,0,0,0.176,0.665
2020,3,1,6,0,1.694,0.376666666666667
2020,3,1,12,0.6694424,4.046,0.0966666666666667
2020,3,1,18,0.3195066,1.787,0.256666666666667
2020,3,2,0,0.2586482,1.935,0.233333333333333
2020,3,2,6,0.456438,3.12,0.075
2020,3,2,12,4.3513756,4.454,0.02
2020,3,2,18,5.249037,5.435,0.00333333333333333
2020,3,3,0,0.0304292,5.333,0
2020,3,3,6,0,5.769,0.00166666666666667
2020,3,3,12,2.738628,6.824,0
2020,3,3,18,1.6583914,5.519,0.005
2020,3,4,0,0.0152146,3.333,0.07
2020,3,4,6,0,3.611,0.12
2020,3,4,12,0,6.398,0.065
2020,3,4,18,0,3.648,0.126666666666667
2020,3,5,0,0,4.546,0.0616666666666667
2020,3,5,6,0.1369314,6.87,0.01
2020,3,5,12,3.4841434,7.981,0.00166666666666667
2020,3,5,18,5.5837582,3.509,0.0466666666666667
2020,3,6,0,0.5172964,2.5,0.11
2020,3,6,6,0.5477256,2.556,0.148333333333333
2020,3,6,12,0.304292,4.87,0.08
2020,3,6,18,0,1.917,0.208333333333333
2020,3,7,0,0,0.519,0.435
2020,3,7,6,0.152146,1.556,0.318333333333333
2020,3,7,12,1.7801082,4.148,0.0866666666666667
2020,3,7,18,2.1909024,0.556,0.508333333333333
2020,3,8,0,0.8976614,-0.231,0.71
2020,3,8,6,0.228219,0.352,0.566666666666667
2020,3,8,12,0.3651504,4.093,0.138333333333333
2020,3,8,18,0,-0.139,0.805
2020,3,9,0,0,-1.806,1
2020,3,9,6,0,0.065,0.728333333333333
2020,3,9,12,0,5.759,0.115
2020,3,9,18,0,0.963,0.868333333333333
2020,3,10,0,0.1065022,1.62,0.85
2020,3,10,6,0.4260088,3.287,0.201666666666667
2020,3,10,12,0.4107942,5.778,0.0466666666666667
2020,3,10,18,4.0470836,5.176,0.0116666666666667
2020,3,11,0,2.358263,4.509,0.00666666666666667
2020,3,11,6,0.8520176,3.639,0.1
2020,3,11,12,0,5.898,0.0783333333333333
2020,3,11,18,0,3.093,0.198333333333333
2020,3,12,0,0,1.213,0.515
2020,3,12,6,0,2.12,0.398333333333333
2020,3,12,12,0,5.019,0.0983333333333333
2020,3,12,18,0,1.426,0.61
2020,3,13,0,0,0.046,0.96
2020,3,13,6,0,1.491,0.623333333333333
2020,3,13,12,0,3.472,0.396666666666667
2020,3,13,18,0,-0.25,0.976666666666667
2020,3,14,0,0,-2.065,1
2020,3,14,6,0,-1.991,1
2020,3,14,12,0,1.88,0.868333333333333
2020,3,14,18,0,-1.574,1
2020,3,15,0,0,-3.38,1
2020,3,15,6,0,-0.546,0.935
2020,3,15,12,0,6.324,0.253333333333333
2020,3,15,18,0,2.269,0.865
2020,3,16,0,0,0.333,1
2020,3,16,6,0,3.139,0.618333333333333
2020,3,16,12,0,10.537,0.00166666666666667
2020,3,16,18,0,4.231,0.206666666666667
2020,3,17,0,0,1.083,0.878333333333333
2020,3,17,6,0,4.13,0.398333333333333
2020,3,17,12,0,10.25,0
2020,3,17,18,0,4.889,0.103333333333333
2020,3,18,0,0,1.398,0.708333333333333
2020,3,18,6,0,4.046,0.418333333333333
2020,3,18,12,0,10.833,0
2020,3,18,18,0,4.685,0.0383333333333333
2020,3,19,0,0,1.852,0.433333333333333
2020,3,19,6,0,4.889,0.201666666666667
2020,3,19,12,0,11.907,0
2020,3,19,18,0,6.259,0.005
2020,3,20,0,0,2.824,0.228333333333333
2020,3,20,6,0,5.88,0.0633333333333333
2020,3,20,12,0,12.148,0
2020,3,20,18,0,6.204,0.005
2020,3,21,0,0,3.213,0.136666666666667
2020,3,21,6,0,5.065,0.0833333333333333
2020,3,21,12,0,10.62,0
2020,3,21,18,0,5.111,0.0316666666666667
2020,3,22,0,0,2.306,0.213333333333333
2020,3,22,6,0,5.491,0.0633333333333333
2020,3,22,12,0,10.019,0
2020,3,22,18,0,5.694,0.00333333333333333
2020,3,23,0,0.0456438,3.704,0.03
2020,3,23,6,1.8713958,3.574,0.136666666666667
2020,3,23,12,2.5256236,6.843,0.0416666666666667
2020,3,23,18,4.2296588,2.574,0.111666666666667
2020,3,24,0,0.684657,2,0.148333333333333
2020,3,24,6,0.304292,3.324,0.101666666666667
2020,3,24,12,4.3057318,4.926,0.06
2020,3,24,18,0,2.194,0.255
2020,3,25,0,0.0152146,1.296,0.32
2020,3,25,6,0.0608584,3.278,0.195
2020,3,25,12,0.2434336,7.287,0.0383333333333333
2020,3,25,18,0,2.778,0.316666666666667
2020,3,26,0,0,1.63,0.315
2020,3,26,6,0.1065022,3.463,0.14
2020,3,26,12,0.7759446,5.148,0.0633333333333333
2020,3,26,18,0.1217168,3.657,0.035
2020,3,27,0,0.1217168,3.398,0.0316666666666667
2020,3,27,6,0.0456438,4.565,0.0316666666666667
2020,3,27,12,0.456438,7.037,0
2020,3,27,18,0.1369314,6.12,0
2020,3,28,0,3.3776412,5.778,0
2020,3,28,6,1.8409666,6.815,0
2020,3,28,12,1.6431768,8.213,0
2020,3,28,18,0.6694424,7.093,0
2020,3,29,0,4.7773844,6.13,0
2020,3,29,6,4.4730924,6.194,0.00333333333333333
2020,3,29,12,0.8672322,8.278,0
2020,3,29,18,0.1369314,6.62,0.005
2020,3,30,0,7.3942956,5.833,0.01
2020,3,30,6,2.9972762,4.343,0.065
2020,3,30,12,1.1106658,5.5,0.07
2020,3,30,18,0.6542278,2.806,0.186666666666667
2020,3,31,0,3.80365,1.139,0.338333333333333
2020,3,31,6,0.608584,2.528,0.22
2020,3,31,12,2.9059886,6.102,0.0633333333333333
2020,3,31,18,0.9585198,2.639,0.193333333333333
2020,4,1,0,0.1977898,1.12,0.39
2020,4,1,6,0.0152146,2.907,0.395
2020,4,1,12,0.0152146,6.815,0.0766666666666667
2020,4,1,18,0,2.287,0.588333333333333
2020,4,2,0,0,-0.12,0.998333333333333
2020,4,2,6,0.5172964,2.574,0.52
2020,4,2,12,1.0193782,5.528,0.0733333333333333
2020,4,2,18,0.1065022,2.944,0.193333333333333
2020,4,3,0,0.6694424,1.287,0.425
2020,4,3,6,1.3997432,2.685,0.233333333333333
2020,4,3,12,1.6431768,4.259,0.101666666666667
2020,4,3,18,0.152146,1.194,0.485
2020,4,4,0,0.076073,0.324,0.711666666666667
2020,4,4,6,0,2.87,0.346666666666667
2020,4,4,12,0,8.139,0.0383333333333333
2020,4,4,18,0,4.028,0.155
2020,4,5,0,0,2.278,0.506666666666667
2020,4,5,6,0,5.296,0.208333333333333
2020,4,5,12,0,9.667,0.00166666666666667
2020,4,5,18,0,4.398,0.0833333333333333
2020,4,6,0,0,1.398,0.558333333333333
2020,4,6,6,0,5.537,0.2
2020,4,6,12,0,10.806,0
2020,4,6,18,0,6.194,0.00833333333333333
2020,4,7,0,0,3.657,0.123333333333333
2020,4,7,6,0,5.917,0.0283333333333333
2020,4,7,12,0,9.88,0
2020,4,7,18,0,5.028,0.08
2020,4,8,0,0,2.454,0.296666666666667
2020,4,8,6,0,7.38,0.015
2020,4,8,12,0,13.602,0
2020,4,8,18,0,8.296,0
2020,4,9,0,0,5.046,0.005
2020,4,9,6,0,9.352,0
2020,4,9,12,0,15.398,0
2020,4,9,18,0,9.685,0
2020,4,10,0,0,6.407,0
2020,4,10,6,0,9.509,0
2020,4,10,12,0,13.611,0
2020,4,10,18,0,9.231,0
2020,4,11,0,0.0152146,5.88,0
2020,4,11,6,0.1369314,8.38,0.02
2020,4,11,12,0,11.898,0.00166666666666667
2020,4,11,18,0,6.213,0.248333333333333
2020,4,12,0,0,2.639,0.866666666666667
2020,4,12,6,0,7.694,0.25
2020,4,12,12,0,12.019,0.00666666666666667
2020,4,12,18,0,6.056,0.241666666666667
2020,4,13,0,0,2.667,0.786666666666667
2020,4,13,6,0,7.63,0.261666666666667
2020,4,13,12,0,13.315,0
2020,4,13,18,0,8.315,0.0133333333333333
2020,4,14,0,0,6.046,0.045
2020,4,14,6,0,9.074,0.005
2020,4,14,12,0,13.722,0
2020,4,14,18,0,9.389,0
2020,4,15,0,0,5.5,0
2020,4,15,6,0,9.787,0
2020,4,15,12,0,15.685,0
2020,4,15,18,0,10.204,0
2020,4,16,0,0,5.944,0.0583333333333333
2020,4,16,6,0,11.083,0.00166666666666667
2020,4,16,12,0,16.676,0
2020,4,16,18,0,10.463,0.00166666666666667
2020,4,17,0,0,6.565,0.00666666666666667
2020,4,17,6,0,10.676,0
2020,4,17,12,0.1065022,14.537,0
2020,4,17,18,0.0152146,10.333,0
2020,4,18,0,0.152146,8.38,0
2020,4,18,6,0.0152146,10.861,0
2020,4,18,12,0,13.333,0
2020,4,18,18,0,8.963,0
2020,4,19,0,0,7.38,0
2020,4,19,6,0,9.287,0
2020,4,19,12,0,12.676,0
2020,4,19,18,0,9.019,0
2020,4,20,0,0,5.815,0
2020,4,20,6,0,9.769,0
2020,4,20,12,0,14.583,0
2020,4,20,18,0,9.87,0
2020,4,21,0,0,7.333,0
2020,4,21,6,0,8.194,0
2020,4,21,12,0,10.324,0
2020,4,21,18,0.0152146,8.417,0
2020,4,22,0,0.3499358,7.546,0
2020,4,22,6,3.5145726,8.546,0
2020,4,22,12,5.6446166,9.444,0
2020,4,22,18,0.1825752,7.944,0
2020,4,23,0,0,6.796,0
2020,4,23,6,0.5629402,9.259,0
2020,4,23,12,0.3347212,11.759,0
2020,4,23,18,0.0912876,8.472,0
2020,4,24,0,0,5.5,0.00833333333333333
2020,4,24,6,0,9.361,0
2020,4,24,12,0,13.259,0
2020,4,24,18,0.0912876,10.778,0
2020,4,25,0,0,9.944,0
2020,4,25,6,3.8949376,11.037,0
2020,4,25,12,1.3084556,12.602,0
2020,4,25,18,0,8.444,0
2020,4,26,0,0,5.343,0.00166666666666667
2020,4,26,6,0,8.537,0
2020,4,26,12,0,12.824,0
2020,4,26,18,3.195066,10.63,0
2020,4,27,0,2.3734776,8.046,0
2020,4,27,6,1.6888206,8.981,0
2020,4,27,12,2.9059886,11.444,0
2020,4,27,18,1.7040352,8.815,0
2020,4,28,0,0.0608584,5.713,0.00166666666666667
2020,4,28,6,0,9.667,0
2020,4,28,12,0,12.417,0
2020,4,28,18,0,9.185,0
2020,4,29,0,0.2890774,7.815,0
2020,4,29,6,1.2475972,12.435,0
2020,4,29,12,0.1673606,15.741,0
2020,4,29,18,2.0235418,11.278,0
2020,4,30,0,9.9959922,7.991,0
2020,4,30,6,4.0775128,8.926,0
2020,4,30,12,0.3195066,12.111,0
2020,4,30,18,0.7150862,8.963,0
2020,5,1,0,0.152146,6.889,0
2020,5,1,6,0,10.037,0
2020,5,1,12,0,14.861,0
2020,5,1,18,0,11.435,0
2020,5,2,0,0.0152146,9.139,0
2020,5,2,6,0.0912876,12.389,0
2020,5,2,12,6.9682868,12.454,0
2020,5,2,18,4.1535858,7.639,0
2020,5,3,0,2.6777696,4.861,0.00833333333333333
2020,5,3,6,1.2323826,6.306,0.00333333333333333
2020,5,3,12,1.065022,10.037,0
2020,5,3,18,0.1369314,6.694,0.00833333333333333
2020,5,4,0,0,3.565,0.03
2020,5,4,6,0,8.944,0.00333333333333333
2020,5,4,12,0,14.694,0
2020,5,4,18,0.0152146,11.111,0
2020,5,5,0,0.0912876,8.648,0
2020,5,5,6,0,12.278,0
2020,5,5,12,0.0608584,17.593,0
2020,5,5,18,4.2448734,14.111,0
2020,5,6,0,1.8713958,9.472,0
2020,5,6,6,2.6016966,8.185,0
2020,5,6,12,0.0304292,12.222,0
2020,5,6,18,0,8.796,0
2020,5,7,0,0,5.278,0.00166666666666667
2020,5,7,6,0,10.13,0
2020,5,7,12,0,16.657,0
2020,5,7,18,0,12.815,0
2020,5,8,0,0,9.917,0
2020,5,8,6,0,16.037,0
2020,5,8,12,0,21.944,0
2020,5,8,18,0,16.88,0
2020,5,9,0,0,12.435,0
2020,5,9,6,0,18.361,0
2020,5,9,12,0,24.139,0
2020,5,9,18,0,18.454,0
2020,5,10,0,0,14.074,0
2020,5,10,6,0,19.204,0
2020,5,10,12,0,24.694,0
2020,5,10,18,0,19.324,0
2020,5,11,0,0,15.139,0
2020,5,11,6,0,19.306,0
2020,5,11,12,0.0152146,20.824,0
2020,5,11,18,1.749679,13.074,0
2020,5,12,0,5.0360326,9.972,0
2020,5,12,6,0.228219,12.389,0
2020,5,12,12,1.217168,15.37,0
2020,5,12,18,0.6694424,11.944,0
2020,5,13,0,3.04292,9.565,0
2020,5,13,6,0.1369314,10.481,0
2020,5,13,12,0,13.824,0
2020,5,13,18,0.0608584,10.852,0
2020,5,14,0,0,8.231,0
2020,5,14,6,0.7150862,11.037,0
2020,5,14,12,1.5671038,13.287,0
2020,5,14,18,0.3195066,10.574,0
2020,5,15,0,0.1217168,8.343,0
2020,5,15,6,0,11.167,0
2020,5,15,12,0,14.898,0
2020,5,15,18,0,12.009,0
2020,5,16,0,0,9.824,0
2020,5,16,6,0.5781548,13.593,0
2020,5,16,12,2.053971,14.463,0
2020,5,16,18,1.1715242,12.537,0
2020,5,17,0,4.5187362,10.556,0
2020,5,17,6,0.1217168,11.491,0
2020,5,17,12,2.2517608,14.306,0
2020,5,17,18,1.1867388,11.296,0
2020,5,18,0,0,8.019,0
2020,5,18,6,0,12.028,0
2020,5,18,12,0,15.926,0
2020,5,18,18,0,12.759,0
2020,5,19,0,0,9.63,0
2020,5,19,6,0.0304292,11.713,0
2020,5,19,12,0.076073,14.944,0
2020,5,19,18,0.0304292,12.324,0
2020,5,20,0,0.0304292,9.778,0
2020,5,20,6,0.1369314,10.704,0
2020,5,20,12,0.8672322,12.009,0
2020,5,20,18,0.1065022,9.852,0
2020,5,21,0,0.0912876,7,0
2020,5,21,6,0.1217168,8.231,0
2020,5,21,12,1.1258804,11.204,0
2020,5,21,18,0.6390132,8.556,0
2020,5,22,0,2.510409,7.38,0
2020,5,22,6,1.7192498,9.343,0
2020,5,22,12,0.0152146,12.296,0
2020,5,22,18,0,9.231,0
2020,5,23,0,0,7.315,0
2020,5,23,6,0,9.009,0
2020,5,23,12,0,12.981,0
2020,5,23,18,0,10.741,0
2020,5,24,0,0,8.907,0
2020,5,24,6,0.1825752,11.889,0
2020,5,24,12,0,15.25,0
2020,5,24,18,0.2434336,13.593,0
2020,5,25,0,0.9737344,11.778,0
2020,5,25,6,5.9184794,11.602,0
2020,5,25,12,2.8451302,13.111,0
2020,5,25,18,0,11.731,0
2020,5,26,0,0,10.259,0
2020,5,26,6,0.2434336,11.472,0
2020,5,26,12,0.1977898,15.259,0
2020,5,26,18,0,11.833,0
2020,5,27,0,0,8,0
2020,5,27,6,0,13.556,0
2020,5,27,12,0,19.611,0
2020,5,27,18,0,15.787,0
2020,5,28,0,0,13.185,0
2020,5,28,6,0,18.278,0
2020,5,28,12,0,23.324,0
2020,5,28,18,0,19.037,0
2020,5,29,0,0,15.176,0
2020,5,29,6,0,18.259,0
2020,5,29,12,0,22.019,0
2020,5,29,18,0,17.222,0
2020,5,30,0,0,13.241,0
2020,5,30,6,7.3486518,14.074,0
2020,5,30,12,2.9364178,12.556,0
2020,5,30,18,9.2352622,9.463,0
2020,5,31,0,0.0152146,8.185,0
2020,5,31,6,0.0608584,9.37,0
2020,5,31,12,0.0152146,12.889,0
2020,5,31,18,0,9.907,0
2020,6,1,0,0,7.037,0
2020,6,1,6,0,11.278,0
2020,6,1,12,0,15.204,0
2020,6,1,18,0,11.722,0
2020,6,2,0,0,8.917,0
2020,6,2,6,0,12.63,0
2020,6,2,12,3.9101522,11.389,0
2020,6,2,18,0,10.185,0
2020,6,3,0,0,8.491,0
2020,6,3,6,0,11.028,0
2020,6,3,12,0,14.537,0
2020,6,3,18,0,11.148,0
2020,6,4,0,0,8.769,0
2020,6,4,6,0.0304292,11.491,0
2020,6,4,12,0,14.685,0
2020,6,4,18,0,11.806,0
2020,6,5,0,0,8.481,0
2020,6,5,6,0,12.907,0
2020,6,5,12,0.1217168,15.722,0
2020,6,5,18,0.1825752,12.093,0
2020,6,6,0,0.4716526,8.991,0
2020,6,6,6,1.5823184,10.907,0
2020,6,6,12,1.7953228,13.204,0
2020,6,6,18,2.3886922,9.944,0
2020,6,7,0,0.2738628,8.13,0
2020,6,7,6,1.0345928,10.157,0
2020,6,7,12,0.0304292,14.537,0
2020,6,7,18,0.456438,11.731,0
2020,6,8,0,6.0706254,8.787,0
2020,6,8,6,0,10.361,0
2020,6,8,12,0.1065022,13.481,0
2020,6,8,18,0.076073,11.269,0
2020,6,9,0,3.7732208,9.389,0
2020,6,9,6,5.477256,10.648,0
2020,6,9,12,0.0152146,13.435,0
2020,6,9,18,0.0304292,12.787,0
2020,6,10,0,0,11.722,0
2020,6,10,6,0,14.12,0
2020,6,10,12,0.076073,18.565,0
2020,6,10,18,0,15.796,0
2020,6,11,0,0,13.019,0
2020,6,11,6,4.868672,13.722,0
2020,6,11,12,1.0193782,15.889,0
2020,6,11,18,0,14.222,0
2020,6,12,0,0.0152146,12.333,0
2020,6,12,6,5.629402,12.639,0
2020,6,12,12,8.672322,11.491,0
2020,6,12,18,0.0304292,10.25,0
2020,6,13,0,0.2434336,8.759,0
2020,6,13,6,0.1369314,11.157,0
2020,6,13,12,0.8063738,13.759,0
2020,6,13,18,1.8409666,10.556,0
2020,6,14,0,0.1977898,8.37,0
2020,6,14,6,0.6390132,9.926,0
2020,6,14,12,0.152146,13.204,0
2020,6,14,18,0.2738628,11.546,0
2020,6,15,0,0.3195066,10.176,0
2020,6,15,6,2.053971,11.278,0
2020,6,15,12,4.8534574,11.898,0
2020,6,15,18,0.9280906,10.231,0
2020,6,16,0,0,8.222,0
2020,6,16,6,0.0608584,10.713,0
2020,6,16,12,0,14.481,0
2020,6,16,18,0,12.519,0
2020,6,17,0,0,10.157,0
2020,6,17,6,0,13.731,0
2020,6,17,12,0,17.537,0
2020,6,17,18,0,14.417,0
2020,6,18,0,0,10.898,0
2020,6,18,6,0,15.324,0
2020,6,18,12,0,19.861,0
2020,6,18,18,0,16.38,0
2020,6,19,0,0,12.907,0
2020,6,19,6,0,17.954,0
2020,6,19,12,0,22.056,0
2020,6,19,18,0.2130044,18.139,0
2020,6,20,0,0.2890774,16.148,0
2020,6,20,6,0.684657,16.194,0
2020,6,20,12,0.152146,16.491,0
2020,6,20,18,6.466205,15.306,0
2020,6,21,0,0.8672322,13.343,0
2020,6,21,6,0.0152146,13.546,0
2020,6,21,12,0.0456438,16.176,0
2020,6,21,18,0,13.315,0
2020,6,22,0,0,10.676,0
2020,6,22,6,0,15.278,0
2020,6,22,12,0,20.639,0
2020,6,22,18,0,17.861,0
2020,6,23,0,0,14.398,0
2020,6,23,6,0.0304292,19.519,0
2020,6,23,12,0.1217168,22.685,0
2020,6,23,18,0,18.759,0
2020,6,24,0,0.912876,15.926,0
2020,6,24,6,0.4868672,17.056,0
2020,6,24,12,0.076073,19.231,0
2020,6,24,18,0,16.639,0
2020,6,25,0,0,12.972,0
2020,6,25,6,0,16.769,0
2020,6,25,12,0,20.907,0
2020,6,25,18,0,17.639,0
2020,6,26,0,0,14.778,0
2020,6,26,6,0,18.139,0
2020,6,26,12,0.0456438,19.463,0
2020,6,26,18,0.0304292,15.648,0
2020,6,27,0,0.0152146,12.574,0
2020,6,27,6,0.1065022,12.093,0
2020,6,27,12,0.1217168,13.565,0
2020,6,27,18,0.4716526,11.565,0
2020,6,28,0,0.2130044,9.954,0
2020,6,28,6,0,12.509,0
2020,6,28,12,0,17.611,0
2020,6,28,18,0,15.657,0
2020,6,29,0,0,12.213,0
2020,6,29,6,0,15.972,0
2020,6,29,12,0.0152146,19.315,0
2020,6,29,18,0.532511,16.315,0
2020,6,30,0,0.152146,12.028,0
2020,6,30,6,0,11.972,0
2020,6,30,12,1.0498074,14.62,0
2020,6,30,18,0.3195066,12.852,0
2020,7,1,0,1.6888206,11.13,0
2020,7,1,6,1.3540994,10.667,0
2020,7,1,12,7.6225146,11.944,0
2020,7,1,18,2.6929842,11.509,0
2020,7,2,0,0,10.148,0
2020,7,2,6,0,11.056,0
2020,7,2,12,0,13.546,0
2020,7,2,18,0,12.315,0
2020,7,3,0,0,10.667,0
2020,7,3,6,2.9972762,11.454,0
2020,7,3,12,5.0816764,12.481,0
2020,7,3,18,1.8713958,11.546,0
2020,7,4,0,0.0456438,10.657,0
2020,7,4,6,0,12.787,0
2020,7,4,12,0,16.481,0
2020,7,4,18,0,13.583,0
2020,7,5,0,0,9.75,0
2020,7,5,6,0,14.287,0
2020,7,5,12,0,18.5,0
2020,7,5,18,0,15.056,0
2020,7,6,0,0,11.444,0
2020,7,6,6,0,14.509,0
2020,7,6,12,0,17.444,0
2020,7,6,18,0,14.389,0
2020,7,7,0,0,12.13,0
2020,7,7,6,0,12.435,0
2020,7,7,12,0,15.398,0
2020,7,7,18,0,13.574,0
2020,7,8,0,0,11.704,0
2020,7,8,6,0,14.176,0
2020,7,8,12,0,17.194,0
2020,7,8,18,0,15.065,0
2020,7,9,0,1.5518892,12.769,0
2020,7,9,6,3.7123624,13.324,0
2020,7,9,12,0,16.315,0
2020,7,9,18,0,13.87,0
2020,7,10,0,0,11.352,0
2020,7,10,6,0,13.815,0
2020,7,10,12,0,17.528,0
2020,7,10,18,0,15.324,0
2020,7,11,0,0,12.074,0
2020,7,11,6,0,15.398,0
2020,7,11,12,1.1715242,15.963,0
2020,7,11,18,0.7455154,13.398,0
2020,7,12,0,0.1825752,12.25,0
2020,7,12,6,0.0304292,13.472,0
2020,7,12,12,0,17.083,0
2020,7,12,18,0,13.63,0
2020,7,13,0,0,10.343,0
2020,7,13,6,0,14.389,0
2020,7,13,12,0,18.269,0
2020,7,13,18,0,15.065,0
2020,7,14,0,0,11.213,0
2020,7,14,6,0,15.954,0
2020,7,14,12,0,20.907,0
2020,7,14,18,0,17.62,0
2020,7,15,0,0,14.213,0
2020,7,15,6,0,18.037,0
2020,7,15,12,0,22.157,0
2020,7,15,18,0,18.954,0
2020,7,16,0,0,15.63,0
2020,7,16,6,0,17.833,0
2020,7,16,12,0,21.185,0
2020,7,16,18,0,17.481,0
2020,7,17,0,0,14.556,0
2020,7,17,6,0.0152146,14.824,0
2020,7,17,12,0,17.926,0
2020,7,17,18,0.0152146,15.185,0
2020,7,18,0,0.0152146,13.046,0
2020,7,18,6,0,16.528,0
2020,7,18,12,0,21.046,0
2020,7,18,18,0,17.861,0
2020,7,19,0,0,14.833,0
2020,7,19,6,0,18.454,0
2020,7,19,12,0,22.556,0
2020,7,19,18,0,19.75,0
2020,7,20,0,0,16.63,0
2020,7,20,6,0,21.213,0
2020,7,20,12,0,25.815,0
2020,7,20,18,0,21.481,0
2020,7,21,0,0,17.407,0
2020,7,21,6,0,20.657,0
2020,7,21,12,0,23.833,0
2020,7,21,18,0,19.417,0
2020,7,22,0,0,15.602,0
2020,7,22,6,0,16.889,0
2020,7,22,12,0,19.111,0
2020,7,22,18,0,15.759,0
2020,7,23,0,0,13.667,0
2020,7,23,6,0,14.63,0
2020,7,23,12,0,17.296,0
2020,7,23,18,0,13.944,0
2020,7,24,0,0,11.843,0
2020,7,24,6,0.076073,12.935,0
2020,7,24,12,0.3651504,16.741,0
2020,7,24,18,0.0304292,13.75,0
2020,7,25,0,0.0304292,10.361,0
2020,7,25,6,0,14.611,0
2020,7,25,12,0,19.944,0
2020,7,25,18,0,16.648,0
2020,7,26,0,0,12.981,0
2020,7,26,6,0,19.407,0
2020,7,26,12,0,26.546,0
2020,7,26,18,0,22.157,0
2020,7,27,0,0,18.5,0
2020,7,27,6,0,22.852,0
2020,7,27,12,0,28.056,0
2020,7,27,18,0,22.741,0
2020,7,28,0,0,18.074,0
2020,7,28,6,0,19.556,0
2020,7,28,12,0,23.537,0
2020,7,28,18,0,18.509,0
2020,7,29,0,0,14.13,0
2020,7,29,6,0,18.574,0
2020,7,29,12,0,24.981,0
2020,7,29,18,0,20.87,0
2020,7,30,0,0,16.148,0
2020,7,30,6,0,21.176,0
2020,7,30,12,0,28.157,0
2020,7,30,18,0,23.37,0
2020,7,31,0,0,19.315,0
2020,7,31,6,0,20.88,0
2020,7,31,12,0,23.148,0
2020,7,31,18,0,18.287,0
2020,8,1,0,0,14.667,0
2020,8,1,6,0,16.963,0
2020,8,1,12,0,21.13,0
2020,8,1,18,0,17.426,0
2020,8,2,0,0,14.296,0
2020,8,2,6,0,17.639,0
2020,8,2,12,0,21.481,0
2020,8,2,18,0,17.824,0
2020,8,3,0,0,14.75,0
2020,8,3,6,0,17.435,0
2020,8,3,12,0,21.843,0
2020,8,3,18,0,17.991,0
2020,8,4,0,0,14.796,0
2020,8,4,6,0,18.148,0
2020,8,4,12,0,23.176,0
2020,8,4,18,0,18.861,0
2020,8,5,0,0,15.12,0
2020,8,5,6,0,18.417,0
2020,8,5,12,0,22.87,0
2020,8,5,18,0,18.194,0
2020,8,6,0,0.0304292,15.343,0
2020,8,6,6,6.4205612,13.898,0
2020,8,6,12,0.3499358,15.713,0
2020,8,6,18,0.5781548,12.944,0
2020,8,7,0,0.4868672,11.88,0
2020,8,7,6,0,14.093,0
2020,8,7,12,0,17.037,0
2020,8,7,18,0.152146,13.815,0
2020,8,8,0,0.0912876,13.028,0
2020,8,8,6,0.2586482,13.935,0
2020,8,8,12,0.304292,16.759,0
2020,8,8,18,0.0152146,13.972,0
2020,8,9,0,0.0152146,11.037,0
2020,8,9,6,0,14.731,0
2020,8,9,12,0,19.787,0
2020,8,9,18,0,16.491,0
2020,8,10,0,0,13.583,0
2020,8,10,6,0,16.944,0
2020,8,10,12,0,20.741,0
2020,8,10,18,0,16.324,0
2020,8,11,0,0,12.398,0
2020,8,11,6,0,15.481,0
2020,8,11,12,0,18.417,0
2020,8,11,18,0,13.944,0
2020,8,12,0,0,10.481,0
2020,8,12,6,0,12.435,0
2020,8,12,12,0,16.343,0
2020,8,12,18,0,12.769,0
2020,8,13,0,0,9.435,0
2020,8,13,6,0,13.361,0
2020,8,13,12,0,18.574,0
2020,8,13,18,0,14.5,0
2020,8,14,0,0,11.398,0
2020,8,14,6,0,15.537,0
2020,8,14,12,0,21.361,0
2020,8,14,18,0,17.139,0
2020,8,15,0,0,13.87,0
2020,8,15,6,0,19,0
2020,8,15,12,0,26.398,0
2020,8,15,18,0,21.324,0
2020,8,16,0,0,18.278,0
2020,8,16,6,0,23.917,0
2020,8,16,12,0,30.63,0
2020,8,16,18,0,25.046,0
2020,8,17,0,0,21.259,0
2020,8,17,6,0,21.546,0
2020,8,17,12,0,26.25,0
2020,8,17,18,0,20.704,0
2020,8,18,0,0,17.62,0
2020,8,18,6,0,19.037,0
2020,8,18,12,0,21.667,0
2020,8,18,18,0,17.241,0
2020,8,19,0,0,14.537,0
2020,8,19,6,0,17.648,0
2020,8,19,12,0.0608584,22.157,0
2020,8,19,18,0.0304292,18.759,0
2020,8,20,0,0.4868672,16.509,0
2020,8,20,6,0.5020818,17.296,0
2020,8,20,12,1.1106658,21.806,0
2020,8,20,18,0.9280906,18.62,0
2020,8,21,0,0.5781548,17.269,0
2020,8,21,6,2.0083272,18.046,0
2020,8,21,12,3.4537142,17.778,0
2020,8,21,18,4.3970194,15.296,0
2020,8,22,0,3.9101522,12.176,0
2020,8,22,6,0,14.361,0
2020,8,22,12,0,18.463,0
2020,8,22,18,0,14.361,0
2020,8,23,0,0,11.426,0
2020,8,23,6,0,14.907,0
2020,8,23,12,0,19.306,0
2020,8,23,18,0,15.25,0
2020,8,24,0,0,13.028,0
2020,8,24,6,0.2738628,14.731,0
2020,8,24,12,0,18.741,0
2020,8,24,18,0,14.685,0
2020,8,25,0,0,11.556,0
2020,8,25,6,0,15.046,0
2020,8,25,12,0,19.741,0
2020,8,25,18,0,15.352,0
2020,8,26,0,0,12.12,0
2020,8,26,6,0,15.102,0
2020,8,26,12,0,19.87,0
2020,8,26,18,0,15.352,0
2020,8,27,0,0,12.139,0
2020,8,27,6,0,15.343,0
2020,8,27,12,0,20.556,0
2020,8,27,18,0,15.556,0
2020,8,28,0,0,12.444,0
2020,8,28,6,0,15.963,0
2020,8,28,12,0,20.889,0
2020,8,28,18,0,15.519,0
2020,8,29,0,0,12.426,0
2020,8,29,6,0,14.056,0
2020,8,29,12,0,17.056,0
2020,8,29,18,0,12.546,0
2020,8,30,0,0,9.343,0
2020,8,30,6,0,12.648,0
2020,8,30,12,0.0304292,17.093,0
2020,8,30,18,0.3955796,13.241,0
2020,8,31,0,0.380365,11.065,0
2020,8,31,6,0,12.12,0
2020,8,31,12,0,16.111,0
2020,8,31,18,0,13.815,0
2020,9,1,0,0,13.88,0
2020,9,1,6,0,15.806,0
2020,9,1,12,0,20.463,0
2020,9,1,18,0,17.083,0
2020,9,2,0,0,14.861,0
2020,9,2,6,0,16.917,0
2020,9,2,12,0,20.148,0
2020,9,2,18,0,16.037,0
2020,9,3,0,0,13.315,0
2020,9,3,6,0,16.926,0
2020,9,3,12,0,23.463,0
2020,9,3,18,0,18.093,0
2020,9,4,0,0,15.5,0
2020,9,4,6,0,19.546,0
2020,9,4,12,0,25.426,0
2020,9,4,18,0,18.815,0
2020,9,5,0,0,14.972,0
2020,9,5,6,0,14.898,0
2020,9,5,12,0,17.417,0
2020,9,5,18,0,14.694,0
2020,9,6,0,0,13.361,0
2020,9,6,6,0,15.5,0
2020,9,6,12,0,20.093,0
2020,9,6,18,0,16.463,0
2020,9,7,0,0,14.991,0
2020,9,7,6,0,18.972,0
2020,9,7,12,0,24.389,0
2020,9,7,18,0,19.593,0
2020,9,8,0,0,14.185,0
2020,9,8,6,0,16.287,0
2020,9,8,12,0,22.648,0
2020,9,8,18,0,17.352,0
2020,9,9,0,0,15.019,0
2020,9,9,6,0,19.269,0
2020,9,9,12,0,26.444,0
2020,9,9,18,0,20.148,0
2020,9,10,0,0,16.944,0
2020,9,10,6,0,20.898,0
2020,9,10,12,0,27.463,0
2020,9,10,18,0,20.667,0
2020,9,11,0,0,16.843,0
2020,9,11,6,0,18.213,0
2020,9,11,12,0,22.546,0
2020,9,11,18,0,16.565,0
2020,9,12,0,0,13.5,0
2020,9,12,6,0,14.37,0
2020,9,12,12,0,18.019,0
2020,9,12,18,0,13.028,0
2020,9,13,0,0,11.907,0
2020,9,13,6,0,13.435,0
2020,9,13,12,0,16.657,0
2020,9,13,18,0,12.444,0
2020,9,14,0,0,10.741,0
2020,9,14,6,0,13.306,0
2020,9,14,12,0.0912876,17.935,0
2020,9,14,18,0.4260088,15.343,0
2020,9,15,0,0.4412234,15.009,0
2020,9,15,6,0,17.259,0
2020,9,15,12,0,22.157,0
2020,9,15,18,0.0304292,18.722,0
2020,9,16,0,0.0304292,16.287,0
2020,9,16,6,0,18.444,0
2020,9,16,12,0,22.806,0
2020,9,16,18,0,16.954,0
2020,9,17,0,0,15.222,0
2020,9,17,6,0,17.111,0
2020,9,17,12,0,21.074,0
2020,9,17,18,0,15.574,0
2020,9,18,0,0.0456438,14.157,0
2020,9,18,6,0.0152146,15.648,0
2020,9,18,12,0.076073,17.435,0
2020,9,18,18,0.4260088,14.731,0
2020,9,19,0,0.2586482,13.63,0
2020,9,19,6,0.0456438,14.537,0
2020,9,19,12,0.1065022,16.12,0
2020,9,19,18,0,13.62,0
2020,9,20,0,0,11.769,0
2020,9,20,6,0,13.296,0
2020,9,20,12,0,17.324,0
2020,9,20,18,0,13.083,0
2020,9,21,0,0,10.769,0
2020,9,21,6,0,13.519,0
2020,9,21,12,0.0152146,17.88,0
2020,9,21,18,0,14.806,0
2020,9,22,0,0.1217168,13.787,0
2020,9,22,6,0.7455154,14.491,0
2020,9,22,12,1.2019534,17.352,0
2020,9,22,18,0.1825752,14.37,0
2020,9,23,0,0.6694424,14.963,0
2020,9,23,6,2.738628,14.713,0
2020,9,23,12,7.0139306,15.287,0
2020,9,23,18,5.7206896,13.056,0
2020,9,24,0,5.9945524,12.352,0
2020,9,24,6,5.401183,12.694,0
2020,9,24,12,3.1494222,14.954,0
2020,9,24,18,1.0193782,13.204,0
2020,9,25,0,2.1756878,13.111,0
2020,9,25,6,7.6985876,12,0
2020,9,25,12,1.8866104,13.352,0
2020,9,25,18,0.912876,10.796,0
2020,9,26,0,1.1563096,10.028,0
2020,9,26,6,2.9972762,10.667,0
2020,9,26,12,3.5602164,11.75,0
2020,9,26,18,0.5629402,10.722,0
2020,9,27,0,0.3651504,9.5,0
2020,9,27,6,0,10.88,0
2020,9,27,12,0,14.694,0
2020,9,27,18,0,11.676,0
2020,9,28,0,0,10.037,0
2020,9,28,6,0,14.083,0
2020,9,28,12,0,20.019,0
2020,9,28,18,0,15.722,0
2020,9,29,0,0,14.315,0
2020,9,29,6,0,17.361,0
2020,9,29,12,0,22.75,0
2020,9,29,18,0,17.556,0
2020,9,30,0,0,15.065,0
2020,9,30,6,0,17.472,0
2020,9,30,12,0,22.731,0
2020,9,30,18,0,16.62,0
2020,10,1,0,0,14.12,0
2020,10,1,6,0,15.944,0
2020,10,1,12,0,20.148,0
2020,10,1,18,0,15.759,0
2020,10,2,0,0,13.898,0
2020,10,2,6,0,16.796,0
2020,10,2,12,0,21.213,0
2020,10,2,18,0,15.574,0
2020,10,3,0,0,12.972,0
2020,10,3,6,0,13.944,0
2020,10,3,12,0,18.185,0
2020,10,3,18,0,13.667,0
2020,10,4,0,0,12.333,0
2020,10,4,6,0,12.87,0
2020,10,4,12,0,13.565,0
2020,10,4,18,0,12.343,0
2020,10,5,0,0,11.685,0
2020,10,5,6,0,12.787,0
2020,10,5,12,0,16.648,0
2020,10,5,18,0,13.241,0
2020,10,6,0,0,11.704,0
2020,10,6,6,0,13.926,0
2020,10,6,12,0,18.509,0
2020,10,6,18,0,14.417,0
2020,10,7,0,0,12.602,0
2020,10,7,6,0,14.574,0
2020,10,7,12,0,18.185,0
2020,10,7,18,0,14.25,0
2020,10,8,0,0.0608584,13.565,0
2020,10,8,6,0.0152146,13.694,0
2020,10,8,12,0,14.5,0
2020,10,8,18,0,12.241,0
2020,10,9,0,0,12.157,0
2020,10,9,6,0,13.389,0
2020,10,9,12,2.2974046,14.731,0
2020,10,9,18,11.4413792,13.574,0
2020,10,10,0,10.117709,11.815,0
2020,10,10,6,5.020818,10.713,0
2020,10,10,12,1.8409666,11.12,0
2020,10,10,18,1.6888206,8.435,0
2020,10,11,0,1.6431768,7.204,0
2020,10,11,6,0.8672322,8.306,0
2020,10,11,12,8.1854548,9.278,0
2020,10,11,18,4.8534574,9.778,0
2020,10,12,0,4.56438,8.241,0
2020,10,12,6,2.7994864,8.37,0
2020,10,12,12,1.4910308,10.361,0
2020,10,12,18,0.1977898,8.333,0
2020,10,13,0,0.4716526,7.741,0
2020,10,13,6,1.8713958,10.398,0
2020,10,13,12,1.8866104,10.833,0
2020,10,13,18,1.2780264,8.25,0
2020,10,14,0,1.0498074,7,0
2020,10,14,6,0.0456438,8.556,0
2020,10,14,12,0.0152146,11,0
2020,10,14,18,0,7.546,0
2020,10,15,0,0.0152146,5.63,0
2020,10,15,6,0.5781548,7.38,0
2020,10,15,12,0.3195066,10.685,0
2020,10,15,18,0.2434336,9.046,0
2020,10,16,0,0.2738628,9.546,0
2020,10,16,6,1.9170396,10.852,0
2020,10,16,12,3.2254952,12.546,0
2020,10,16,18,0.836803,11.231,0
2020,10,17,0,0.7150862,9.259,0
2020,10,17,6,0.3195066,8.991,0
2020,10,17,12,1.0041636,10.5,0
2020,10,17,18,3.4080704,8.519,0
2020,10,18,0,3.1798514,7.991,0
2020,10,18,6,2.4191214,8.981,0
2020,10,18,12,1.0345928,10.537,0
2020,10,18,18,0.3955796,10.13,0
2020,10,19,0,0.5020818,9.556,0
2020,10,19,6,0.532511,9.389,0
2020,10,19,12,0.5629402,9.704,0
2020,10,19,18,0.6542278,7.556,0
2020,10,20,0,0.5477256,6.074,0
2020,10,20,6,0.912876,7.102,0
2020,10,20,12,1.369314,9.074,0
2020,10,20,18,0.3955796,6.602,0
2020,10,21,0,0.2890774,6.093,0
2020,10,21,6,0.380365,6.139,0.00833333333333333
2020,10,21,12,0.228219,7.833,0.00166666666666667
2020,10,21,18,0.1369314,4.167,0.03
2020,10,22,0,0.1369314,2.667,0.118333333333333
2020,10,22,6,0,3.796,0.16
2020,10,22,12,0,7.639,0.00666666666666667
2020,10,22,18,0,3.546,0.0783333333333333
2020,10,23,0,0.152146,3.981,0.0533333333333333
2020,10,23,6,3.7427916,3.889,0.0216666666666667
2020,10,23,12,3.1646368,4.287,0.01
2020,10,23,18,0.152146,3.843,0.0716666666666667
2020,10,24,0,0.152146,2.398,0.636666666666667
2020,10,24,6,0,2.787,0.591666666666667
2020,10,24,12,0,4.944,0.215
2020,10,24,18,0,0.917,0.98
2020,10,25,0,0,-0.333,1
2020,10,25,6,0,0.704,0.853333333333333
2020,10,25,12,0.1369314,3.759,0.386666666666667
2020,10,25,18,0.0152146,-0.093,0.983333333333333
2020,10,26,0,0.1825752,0.537,0.931666666666667
2020,10,26,6,0,2.185,0.403333333333333
2020,10,26,12,0,5.241,0.01
2020,10,26,18,0,3.444,0.0133333333333333
2020,10,27,0,0,4.194,0
2020,10,27,6,0,5.796,0
2020,10,27,12,0.0152146,8.324,0
2020,10,27,18,0.6237986,8.556,0
2020,10,28,0,0.5629402,9.63,0
2020,10,28,6,0.532511,10.13,0
2020,10,28,12,0.0152146,11.954,0
2020,10,28,18,0.1217168,9.769,0
2020,10,29,0,0.1065022,9.222,0
2020,10,29,6,1.445387,10.222,0
2020,10,29,12,1.0345928,11.704,0
2020,10,29,18,0.1673606,9.417,0
2020,10,30,0,0.7150862,9.75,0
2020,10,30,6,1.0345928,8.657,0
2020,10,30,12,0.456438,9.157,0
2020,10,30,18,0.0912876,5.657,0
2020,10,31,0,0.0912876,3.139,0.0583333333333333
2020,10,31,6,0,4.519,0.07
2020,10,31,12,0,8.787,0
2020,10,31,18,0,5.426,0
2020,11,1,0,0,4.528,0.06
2020,11,1,6,0,7.352,0.0533333333333333
2020,11,1,12,0,12.815,0
2020,11,1,18,0,8.741,0
2020,11,2,0,0,7.028,0
2020,11,2,6,0,8.685,0
2020,11,2,12,0.0456438,13.861,0
2020,11,2,18,0,10.111,0
2020,11,3,0,0.0456438,10.25,0
2020,11,3,6,15.4732482,9.528,0
2020,11,3,12,9.7677732,10.056,0
2020,11,3,18,1.4910308,10.972,0
2020,11,4,0,1.749679,11.898,0
2020,11,4,6,1.1867388,13.269,0
2020,11,4,12,1.4301724,14.046,0
2020,11,4,18,7.0443598,12.88,0
2020,11,5,0,5.3555392,10.759,0
2020,11,5,6,2.9820616,9.046,0
2020,11,5,12,0.532511,8.167,0
2020,11,5,18,0,5.019,0.0183333333333333
2020,11,6,0,0,4.87,0.0133333333333333
2020,11,6,6,0,5.713,0.045
2020,11,6,12,0,7.815,0
2020,11,6,18,0,2.611,0.213333333333333
2020,11,7,0,0,0.639,0.665
2020,11,7,6,0,1.778,0.29
2020,11,7,12,0,4.685,0.231666666666667
2020,11,7,18,0,0.889,0.96
2020,11,8,0,0,0.481,0.988333333333333
2020,11,8,6,0,1.694,0.908333333333333
2020,11,8,12,0,4.574,0.446666666666667
2020,11,8,18,0,0.806,0.99
2020,11,9,0,0,-0.898,1
2020,11,9,6,0,0.722,0.868333333333334
2020,11,9,12,0.0912876,2.509,0.318333333333333
2020,11,9,18,1.4758162,1.5,0.301666666666667
2020,11,10,0,1.2475972,1.278,0.321666666666667
2020,11,10,6,0.836803,1.426,0.286666666666667
2020,11,10,12,0.152146,2.852,0.115
2020,11,10,18,0,1.167,0.321666666666667
2020,11,11,0,0,-0.296,0.873333333333333
2020,11,11,6,0,0.417,0.668333333333333
2020,11,11,12,0.0152146,2.639,0.181666666666667
2020,11,11,18,0,0.583,0.656666666666667
2020,11,12,0,0,0.444,0.828333333333333
2020,11,12,6,0,2.444,0.37
2020,11,12,12,0.6542278,4.889,0.035
2020,11,12,18,5.2946808,4.157,0.0183333333333333
2020,11,13,0,5.1577494,4.194,0.0133333333333333
2020,11,13,6,5.0816764,5.046,0.01
2020,11,13,12,1.749679,4.602,0.0266666666666667
2020,11,13,18,1.0954512,3.019,0.0733333333333333
2020,11,14,0,1.7040352,2.074,0.146666666666667
2020,11,14,6,0.9585198,2.75,0.115
2020,11,14,12,0.152146,4.787,0.035
2020,11,14,18,2.5560528,4.389,0.02
2020,11,15,0,3.347212,5.102,0.00166666666666667
2020,11,15,6,2.2213316,5.361,0.01
2020,11,15,12,2.3278338,6.102,0.00833333333333333
2020,11,15,18,1.141095,4.991,0.00833333333333333
2020,11,16,0,0.912876,4.565,0.00833333333333333
2020,11,16,6,0.2434336,5.019,0.00666666666666667
2020,11,16,12,10.345928,5.722,0.005
2020,11,16,18,2.3126192,8.861,0
2020,11,17,0,2.3126192,10.722,0
2020,11,17,6,1.1867388,11.769,0
2020,11,17,12,4.5948092,10.287,0
2020,11,17,18,5.0056034,7.38,0
2020,11,18,0,4.56438,6.037,0
2020,11,18,6,1.8713958,5.676,0.00666666666666667
2020,11,18,12,3.1646368,6.046,0.005
2020,11,18,18,4.412234,4.769,0.01
2020,11,19,0,4.3665902,4.009,0.015
2020,11,19,6,0.3651504,3.565,0.0616666666666667
2020,11,19,12,0.380365,5.324,0.02
2020,11,19,18,0.2890774,4.963,0.0116666666666667
2020,11,20,0,0.532511,5.259,0.00833333333333333
2020,11,20,6,1.0954512,5.778,0.005
2020,11,20,12,1.0345928,7.13,0
2020,11,20,18,3.6667186,6.222,0
2020,11,21,0,3.347212,4.463,0.00666666666666667
2020,11,21,6,0,4.167,0.0216666666666667
2020,11,21,12,0,6.315,0.00166666666666667
2020,11,21,18,0,4.417,0.0183333333333333
2020,11,22,0,0,4.639,0.0383333333333333
2020,11,22,6,0,4.88,0.055
2020,11,22,12,0.4716526,5.593,0.01
2020,11,22,18,0.0456438,3.907,0.01
2020,11,23,0,0.304292,3.611,0.0133333333333333
2020,11,23,6,0.5172964,3.333,0.0416666666666667
2020,11,23,12,1.0041636,4.111,0.03
2020,11,23,18,0.0608584,3.639,0.0266666666666667
2020,11,24,0,0.2738628,4.583,0.01
2020,11,24,6,0.152146,6.37,0.00166666666666667
2020,11,24,12,6.5270634,6.519,0.00333333333333333
2020,11,24,18,1.2780264,2.778,0.0866666666666667
2020,11,25,0,1.7040352,2.824,0.0416666666666667
2020,11,25,6,1.0954512,3.333,0.0583333333333333
2020,11,25,12,0.608584,4.528,0.025
2020,11,25,18,0.1825752,3.426,0.0316666666666667
2020,11,26,0,0.152146,3.361,0.0266666666666667
2020,11,26,6,0,3.935,0.0233333333333333
2020,11,26,12,0.152146,5.454,0.0133333333333333
2020,11,26,18,0.3651504,5.491,0.005
2020,11,27,0,0.380365,5.731,0
2020,11,27,6,0,6.213,0.00333333333333333
2020,11,27,12,0,7.954,0
2020,11,27,18,1.4910308,7.343,0
2020,11,28,0,0.8672322,4.426,0.00666666666666667
2020,11,28,6,0,4.481,0.0116666666666667
2020,11,28,12,0,5.315,0.00833333333333333
2020,11,28,18,0,2.102,0.156666666666667
2020,11,29,0,0,1.824,0.356666666666667
2020,11,29,6,0,3.444,0.158333333333333
2020,11,29,12,0,7.639,0
2020,11,29,18,0.5477256,6.481,0
2020,11,30,0,1.9170396,6.88,0
2020,11,30,6,5.629402,5.407,0.00666666666666667
2020,11,30,12,1.5823184,5.954,0.01
2020,11,30,18,0.0608584,3.148,0.113333333333333
2020,12,1,0,0.0912876,1.176,0.383333333333333
2020,12,1,6,0,1.093,0.485
2020,12,1,12,0,4.352,0.0116666666666667
2020,12,1,18,0,2.259,0.241666666666667
2020,12,2,0,0,3.417,0.206666666666667
2020,12,2,6,0,5.963,0.07
2020,12,2,12,0,9.222,0
2020,12,2,18,0,6.759,0.00166666666666667
2020,12,3,0,0,4.722,0.131666666666667
2020,12,3,6,0,4.759,0.103333333333333
2020,12,3,12,0,6.694,0
2020,12,3,18,0,5.556,0
2020,12,4,0,0,4.287,0.0433333333333333
2020,12,4,6,0,4.463,0
2020,12,4,12,0,7.556,0
2020,12,4,18,0,6.333,0.035
2020,12,5,0,0,6.204,0.165
2020,12,5,6,0,6.889,0.07
2020,12,5,12,0,9.676,0
2020,12,5,18,0,6.472,0.0183333333333333
2020,12,6,0,0,6.194,0.00166666666666667
2020,12,6,6,0.0152146,6.769,0
2020,12,6,12,0.0152146,7.685,0
2020,12,6,18,0,5.898,0
2020,12,7,0,0,6.25,0
2020,12,7,6,0.304292,7.204,0
2020,12,7,12,0.304292,8.639,0
2020,12,7,18,5.7663334,8.917,0
2020,12,8,0,4.944745,8.833,0
2020,12,8,6,8.900541,8.861,0
2020,12,8,12,4.5035216,8.083,0
2020,12,8,18,1.293241,6.602,0
2020,12,9,0,1.217168,6.259,0
2020,12,9,6,1.6888206,5.639,0
2020,12,9,12,0.8672322,5.787,0
2020,12,9,18,0,3.454,0.0433333333333333
2020,12,10,0,0,2.037,0.188333333333333
2020,12,10,6,0,3.065,0.0816666666666667
2020,12,10,12,0.0304292,4.981,0.03
2020,12,10,18,0.5172964,3.25,0.0533333333333333
2020,12,11,0,0.3955796,2.38,0.0933333333333333
2020,12,11,6,0.2586482,2.435,0.145
2020,12,11,12,0.1217168,3.37,0.0683333333333333
2020,12,11,18,0,0.611,0.57
2020,12,12,0,0,-0.241,0.931666666666667
2020,12,12,6,0,-0.13,0.94
2020,12,12,12,0,2.25,0.326666666666667
2020,12,12,18,0,1.306,0.891666666666667
2020,12,13,0,0.228219,2.556,0.693333333333333
2020,12,13,6,1.3388848,2.889,0.0466666666666667
2020,12,13,12,2.6929842,3.491,0.015
2020,12,13,18,0.7911592,3.167,0.0166666666666667
2020,12,14,0,0.8520176,3.352,0.0116666666666667
2020,12,14,6,1.2323826,3.574,0.0166666666666667
2020,12,14,12,0.5020818,4.407,0.02
2020,12,14,18,0.1977898,3.204,0.055
2020,12,15,0,0.4716526,4.074,0.03
2020,12,15,6,3.8340792,4.565,0.015
2020,12,15,12,1.2019534,5.37,0.01
2020,12,15,18,1.2628118,5.361,0.005
2020,12,16,0,1.0345928,5.037,0.005
2020,12,16,6,0.3347212,5.417,0.005
2020,12,16,12,1.3997432,6.639,0
2020,12,16,18,3.5602164,6.417,0
2020,12,17,0,4.3209464,5.194,0.0116666666666667
2020,12,17,6,1.7953228,4.602,0.0133333333333333
2020,12,17,12,0.5477256,5.12,0.0133333333333333
2020,12,17,18,0.5172964,4.407,0.01
2020,12,18,0,0.456438,4.472,0.01
2020,12,18,6,1.52146,4.935,0.01
2020,12,18,12,0.5629402,6.194,0.00833333333333333
2020,12,18,18,2.358263,6.287,0
2020,12,19,0,2.3126192,5.287,0.005
2020,12,19,6,0,4.787,0.015
2020,12,19,12,2.3734776,5.38,0.01
2020,12,19,18,2.8299156,6.611,0.00166666666666667
2020,12,20,0,2.6929842,7.815,0
2020,12,20,6,0.2130044,6.028,0.00166666666666667
2020,12,20,12,0.2738628,6.88,0
2020,12,20,18,0.1065022,4.083,0.03
2020,12,21,0,0.7455154,3.62,0.0366666666666667
2020,12,21,6,5.5837582,2.981,0.0133333333333333
2020,12,21,12,8.215884,2.093,0.216666666666667
2020,12,21,18,5.5837582,-0.231,0.815
2020,12,22,0,4.9751742,-0.204,0.768333333333333
2020,12,22,6,0,-0.417,0.863333333333333
2020,12,22,12,0,0.88,0.48
2020,12,22,18,0,-1.537,0.993333333333333
2020,12,23,0,0,-1.787,1
2020,12,23,6,0,-1.352,0.996666666666667
2020,12,23,12,0,1.481,0.831666666666667
2020,12,23,18,0,0.88,0.998333333333333
2020,12,24,0,0,1.407,0.998333333333333
2020,12,24,6,0,1.917,0.871666666666667
2020,12,24,12,0,4.139,0.226666666666667
2020,12,24,18,0,3.833,0.468333333333333
2020,12,25,0,0,5.056,0.17
2020,12,25,6,1.1106658,5.13,0.00833333333333333
2020,12,25,12,0.1369314,5.519,0
2020,12,25,18,2.3734776,3.787,0.0183333333333333
2020,12,26,0,2.2213316,4.491,0.005
2020,12,26,6,1.7344644,4.778,0.01
2020,12,26,12,1.8561812,4.704,0.0116666666666667
2020,12,26,18,0.1369314,2.704,0.08
2020,12,27,0,0.304292,3.87,0.0133333333333333
2020,12,27,6,1.977898,3.935,0.015
2020,12,27,12,0.0304292,4.685,0.01
2020,12,27,18,0.0456438,4.167,0.0133333333333333
2020,12,28,0,0.0456438,2.704,0.158333333333333
2020,12,28,6,0,2.102,0.258333333333333
2020,12,28,12,0,4.139,0.0133333333333333
2020,12,28,18,0,1.426,0.318333333333333
2020,12,29,0,0,0.435,0.865
2020,12,29,6,0,0.972,0.666666666666667
2020,12,29,12,0.076073,2.37,0.108333333333333
2020,12,29,18,3.7123624,2.454,0.075
2020,12,30,0,4.0470836,3.213,0.0333333333333333
2020,12,30,6,3.118993,4.111,0.015
2020,12,30,12,1.4758162,5.139,0.01
2020,12,30,18,3.2559244,4.713,0.00666666666666667
2020,12,31,0,3.5906456,4.537,0.00333333333333333
2020,12,31,6,1.1867388,4.509,0.00166666666666667
2020,12,31,12,0.912876,5.583,0
2020,12,31,18,1.2019534,5.139,0
2021,1,1,0,0.7911592,5.852,0
2021,1,1,6,0.608584,7.259,0
2021,1,1,12,0.7759446,8.926,0
2021,1,1,18,4.6100238,6.75,0
2021,1,2,0,4.56438,6.417,0
2021,1,2,6,1.52146,6.574,0
2021,1,2,12,3.0277054,6.62,0
2021,1,2,18,6.314059,4.583,0.0266666666666667
2021,1,3,0,5.781548,2.546,0.0783333333333333
2021,1,3,6,2.358263,3.407,0.0666666666666667
2021,1,3,12,0.9433052,5.083,0.02
2021,1,3,18,0.1217168,4.75,0.0116666666666667
2021,1,4,0,0.6542278,5.324,0.00166666666666667
2021,1,4,6,3.2407098,6.352,0
2021,1,4,12,4.9143158,4.972,0.0133333333333333
2021,1,4,18,0.8215884,4.028,0.0133333333333333
2021,1,5,0,0.7455154,2.63,0.126666666666667
2021,1,5,6,0.1217168,3.815,0.04
2021,1,5,12,6.9835014,4.796,0.0166666666666667
2021,1,5,18,1.6431768,6,0.00333333333333333
2021,1,6,0,1.8409666,5.306,0.005
2021,1,6,6,0.3651504,4.824,0.00833333333333333
2021,1,6,12,0.0912876,6.324,0.00333333333333333
2021,1,6,18,0,3.796,0.0216666666666667
2021,1,7,0,0,2.194,0.161666666666667
2021,1,7,6,0,3.259,0.07
2021,1,7,12,0,5.574,0.00333333333333333
2021,1,7,18,0,4.602,0.0333333333333333
2021,1,8,0,0,5.472,0.005
2021,1,8,6,1.6279622,4.407,0.00833333333333333
2021,1,8,12,1.673606,4.574,0.015
2021,1,8,18,0,1.833,0.213333333333333
2021,1,9,0,0,1.194,0.468333333333333
2021,1,9,6,0,1.139,0.785
2021,1,9,12,0,5.083,0.0466666666666667
2021,1,9,18,0.2890774,5.009,0.0183333333333333
2021,1,10,0,0.5477256,5.25,0.00166666666666667
2021,1,10,6,1.0802366,4.815,0.005
2021,1,10,12,0,6.62,0
2021,1,10,18,0.2586482,5.815,0
2021,1,11,0,0.1369314,6.963,0
2021,1,11,6,6.8313554,6.648,0
2021,1,11,12,0.1977898,7.296,0
2021,1,11,18,4.5187362,6.241,0
2021,1,12,0,5.1577494,7.417,0
2021,1,12,6,5.8424064,8.546,0
2021,1,12,12,4.2753026,8.676,0
2021,1,12,18,3.4537142,9.88,0
2021,1,13,0,3.0124908,7.019,0.00833333333333333
2021,1,13,6,0,4.028,0.0783333333333333
2021,1,13,12,0,5.5,0.0366666666666667
2021,1,13,18,0,2.102,0.296666666666667
2021,1,14,0,0,1.75,0.483333333333333
2021,1,14,6,0,3.657,0.381666666666667
2021,1,14,12,0,8.12,0
2021,1,14,18,2.9516324,6.935,0.005
2021,1,15,0,0.1977898,6.509,0
2021,1,15,6,0.0304292,5.657,0
2021,1,15,12,0.0152146,7.259,0
2021,1,15,18,0,3.611,0.0416666666666667
2021,1,16,0,0,2.574,0.128333333333333
2021,1,16,6,0,3.204,0.0866666666666667
2021,1,16,12,0.1065022,5.657,0.0133333333333333
2021,1,16,18,1.749679,4.37,0.01
2021,1,17,0,1.141095,4.278,0
2021,1,17,6,0.1369314,4.731,0.00166666666666667
2021,1,17,12,0.0912876,5.981,0.00166666666666667
2021,1,17,18,0.0912876,4.361,0.01
2021,1,18,0,0.0456438,3.352,0.035
2021,1,18,6,0,2.898,0.045
2021,1,18,12,0,5.324,0.005
2021,1,18,18,0,1.657,0.408333333333333
2021,1,19,0,0,1.889,0.853333333333333
2021,1,19,6,0,2.361,0.548333333333333
2021,1,19,12,0,5.481,0.0233333333333333
2021,1,19,18,0,3.787,0.101666666666667
2021,1,20,0,0,2.722,0.155
2021,1,20,6,0,2.972,0.075
2021,1,20,12,0,4.759,0.015
2021,1,20,18,0,2.796,0.0616666666666667
2021,1,21,0,0,2.25,0.12
2021,1,21,6,0,2.926,0.116666666666667
2021,1,21,12,0,5.315,0.05
2021,1,21,18,0,1.63,0.79
2021,1,22,0,0,0.759,1
2021,1,22,6,0,0.519,0.941666666666667
2021,1,22,12,0,3.056,0.55
2021,1,22,18,0,-0.5,1
2021,1,23,0,0,-2.407,1
2021,1,23,6,0,-2.083,0.991666666666667
2021,1,23,12,0,1.111,0.688333333333333
2021,1,23,18,0,-0.907,0.99
2021,1,24,0,0,-0.556,0.993333333333334
2021,1,24,6,0.1369314,0.083,0.785
2021,1,24,12,0.912876,1.463,0.305
2021,1,24,18,1.6431768,0.435,0.581666666666667
2021,1,25,0,1.2475972,0.343,0.62
2021,1,25,6,0.6694424,0.593,0.55
2021,1,25,12,0.228219,2.62,0.225
2021,1,25,18,0,-0.194,0.94
2021,1,26,0,0,-0.361,0.995
2021,1,26,6,0,0.333,0.853333333333333
2021,1,26,12,0,2.963,0.548333333333333
2021,1,26,18,0.2738628,1.167,0.948333333333333
2021,1,27,0,0.1977898,1.25,0.786666666666667
2021,1,27,6,0.5629402,1,0.658333333333333
2021,1,27,12,0.2586482,2.88,0.191666666666667
2021,1,27,18,0,1.546,0.683333333333333
2021,1,28,0,0,1.639,0.543333333333333
2021,1,28,6,0.0304292,2.148,0.295
2021,1,28,12,0.532511,3.907,0.04
2021,1,28,18,0.0152146,2.037,0.17
2021,1,29,0,0.0152146,0.935,0.5
2021,1,29,6,0,1.611,0.398333333333333
2021,1,29,12,0.1977898,4.028,0.0716666666666667
2021,1,29,18,0.076073,1.815,0.37
2021,1,30,0,0.076073,2.333,0.226666666666667
2021,1,30,6,0.3651504,3.361,0.055
2021,1,30,12,1.2628118,4.991,0.01
2021,1,30,18,0.9433052,4.454,0.00833333333333333
2021,1,31,0,0.9433052,5.102,0
2021,1,31,6,1.6127476,5.833,0
2021,1,31,12,6.998716,5.713,0.005
2021,1,31,18,8.0180942,4.074,0.005
2021,2,1,0,7.1356474,4.176,0
2021,2,1,6,4.107942,5.231,0
2021,2,1,12,4.8838866,6.454,0
2021,2,1,18,6.6792094,5.12,0
2021,2,2,0,5.3859684,3.389,0.0416666666666667
2021,2,2,6,0.9585198,2.731,0.0966666666666667
2021,2,2,12,2.7081988,2.704,0.095
2021,2,2,18,0.7759446,1.935,0.21
2021,2,3,0,0.7303008,1.204,0.578333333333333
2021,2,3,6,0,1.093,0.723333333333333
2021,2,3,12,0,4.602,0.05
2021,2,3,18,0,2.139,0.178333333333333
2021,2,4,0,0.4868672,2.38,0.095
2021,2,4,6,3.4080704,2.87,0.075
2021,2,4,12,3.118993,3.37,0.055
2021,2,4,18,3.6058602,4.565,0.00666666666666667
2021,2,5,0,2.9516324,5.176,0
2021,2,5,6,0.228219,4.463,0.015
2021,2,5,12,0.0152146,5.5,0.00833333333333333
2021,2,5,18,0.2434336,4.361,0.00833333333333333
2021,2,6,0,1.2628118,4.157,0.0233333333333333
2021,2,6,6,5.1273202,3.731,0.0316666666666667
2021,2,6,12,0.988949,5.435,0.0133333333333333
2021,2,6,18,0.8976614,3.056,0.113333333333333
2021,2,7,0,0.5781548,1.917,0.281666666666667
2021,2,7,6,0,1.88,0.306666666666667
2021,2,7,12,0,3.704,0.178333333333333
2021,2,7,18,0,1.157,0.493333333333333
2021,2,8,0,0,0.157,0.74
2021,2,8,6,0.0456438,-0.815,0.841666666666667
2021,2,8,12,0.1217168,0.528,0.751666666666667
2021,2,8,18,0,-2.75,1
2021,2,9,0,0,-4.176,1
2021,2,9,6,0,-3.472,1
2021,2,9,12,0.0456438,-0.528,0.963333333333333
2021,2,9,18,0,-3.991,1
2021,2,10,0,0,-5.009,1
2021,2,10,6,0,-4.463,1
2021,2,10,12,0,-2.713,1
2021,2,10,18,0,-4.981,1
2021,2,11,0,0,-6.046,1
2021,2,11,6,0,-6.213,1
2021,2,11,12,0,-3.694,1
2021,2,11,18,0,-7,1
2021,2,12,0,0,-7.5,1
2021,2,12,6,0,-6.667,1
2021,2,12,12,0,-3.074,1
2021,2,12,18,1.3084556,-4.111,1
2021,2,13,0,0.7455154,-4.176,1
2021,2,13,6,3.9101522,-3.333,1
2021,2,13,12,1.8561812,-1.491,0.99
2021,2,13,18,0.456438,-3.769,1
2021,2,14,0,0.456438,-3.269,1
2021,2,14,6,0.380365,-1.417,0.948333333333333
2021,2,14,12,2.0235418,0.639,0.686666666666667
2021,2,14,18,1.52146,0.056,0.936666666666667
2021,2,15,0,1.7344644,0.259,0.855
2021,2,15,6,2.7994864,0.787,0.566666666666667
2021,2,15,12,2.8299156,1.444,0.195
2021,2,15,18,0.2738628,-0.056,0.728333333333333
2021,2,16,0,0.2434336,0.25,0.638333333333333
2021,2,16,6,0.1977898,1.454,0.33
2021,2,16,12,0.3955796,3.463,0.0566666666666667
2021,2,16,18,0.380365,1.713,0.206666666666667
2021,2,17,0,0.2890774,0.194,0.61
2021,2,17,6,0,0.398,0.608333333333333
2021,2,17,12,0,3.852,0.111666666666667
2021,2,17,18,0,-0.185,0.766666666666667
2021,2,18,0,0,0.083,1
2021,2,18,6,0.0912876,2.222,0.7
2021,2,18,12,0.6542278,2.954,0.121666666666667
2021,2,18,18,1.8409666,2.083,0.135
2021,2,19,0,1.901825,1.944,0.11
2021,2,19,6,0.8824468,2.361,0.203333333333333
2021,2,19,12,0.3651504,5.148,0.0566666666666667
2021,2,19,18,0.7911592,2.407,0.128333333333333
2021,2,20,0,0.8520176,1.287,0.278333333333333
2021,2,20,6,0.8976614,2.083,0.263333333333333
2021,2,20,12,1.1715242,4.602,0.0716666666666667
2021,2,20,18,0.8063738,2.556,0.106666666666667
2021,2,21,0,1.0498074,3.648,0.0216666666666667
2021,2,21,6,2.206117,4.917,0.01
2021,2,21,12,2.1452586,6.62,0
2021,2,21,18,5.9793378,6.991,0
2021,2,22,0,4.6860968,7,0
2021,2,22,6,0.608584,6.87,0
2021,2,22,12,1.7801082,6.991,0.00333333333333333
2021,2,22,18,0.5933694,3.713,0.075
2021,2,23,0,0.5172964,1.519,0.323333333333333
2021,2,23,6,0.6390132,2.222,0.273333333333333
2021,2,23,12,0.5629402,3.991,0.126666666666667
2021,2,23,18,0.0152146,0.88,0.605
2021,2,24,0,0.0152146,-1.259,0.973333333333333
2021,2,24,6,0,-0.12,0.77
2021,2,24,12,1.9170396,3.926,0.131666666666667
2021,2,24,18,0.0304292,1.741,0.553333333333333
2021,2,25,0,0.4412234,1.954,0.285
2021,2,25,6,1.6127476,2.454,0.191666666666667
2021,2,25,12,1.3236702,4.324,0.07
2021,2,25,18,0.6998716,3.213,0.08
2021,2,26,0,0.6390132,2.176,0.173333333333333
2021,2,26,6,0.2130044,2.25,0.236666666666667
2021,2,26,12,0.3499358,4.222,0.11
2021,2,26,18,0.152146,2.019,0.43
2021,2,27,0,0.152146,-0.583,0.973333333333333
2021,2,27,6,0,0.472,0.785
2021,2,27,12,0.0152146,4.731,0.126666666666667
2021,2,27,18,1.2628118,2.528,0.226666666666667
2021,2,28,0,1.141095,2.167,0.128333333333333
2021,2,28,6,0.5933694,3.454,0.05
2021,2,28,12,0,5.898,0.00833333333333333
2021,2,28,18,0,5,0.00333333333333333
2021,3,1,0,0,4.62,0
2021,3,1,6,0,5.62,0.00166666666666667
2021,3,1,12,0.5781548,9.083,0
2021,3,1,18,0.6237986,5.278,0.00333333333333333
2021,3,2,0,0.304292,3.333,0.0666666666666667
2021,3,2,6,0,2.491,0.28
2021,3,2,12,0,5.444,0.0766666666666667
2021,3,2,18,0,2.269,0.325
2021,3,3,0,0,1.741,0.343333333333333
2021,3,3,6,0,3.898,0.25
2021,3,3,12,0,9.528,0
2021,3,3,18,0,4.991,0
2021,3,4,0,0,3.815,0.07
2021,3,4,6,0,6.009,0.0316666666666667
2021,3,4,12,0.912876,9.25,0
2021,3,4,18,2.9212032,6.389,0
2021,3,5,0,2.2669754,6.981,0
2021,3,5,6,0.6694424,8.12,0
2021,3,5,12,0.8063738,8.398,0
2021,3,5,18,0.152146,5.278,0.0133333333333333
2021,3,6,0,0.152146,4.324,0.0283333333333333
2021,3,6,6,0.1825752,4.694,0.065
2021,3,6,12,0.2738628,7.185,0.01
2021,3,6,18,0.0456438,4.259,0.0433333333333333
2021,3,7,0,0.0912876,3.824,0.1
2021,3,7,6,0.3955796,3.639,0.105
2021,3,7,12,0.4107942,5.019,0.0766666666666667
2021,3,7,18,0,2.38,0.225
2021,3,8,0,0,0.898,0.781666666666667
2021,3,8,6,0,3.352,0.528333333333333
2021,3,8,12,0,10.065,0.01
2021,3,8,18,0,4.565,0.235
2021,3,9,0,0,2.741,0.4
2021,3,9,6,0,4.806,0.315
2021,3,9,12,0,8.796,0.01
2021,3,9,18,0,3.583,0.246666666666667
2021,3,10,0,0,0.981,0.68
2021,3,10,6,0,2.574,0.466666666666667
2021,3,10,12,0,6.074,0.0366666666666667
2021,3,10,18,0,1.917,0.473333333333333
2021,3,11,0,0,0.111,0.983333333333333
2021,3,11,6,0,2.565,0.605
2021,3,11,12,0,8.426,0.0133333333333333
2021,3,11,18,0,3.176,0.54
2021,3,12,0,0,1.639,0.836666666666667
2021,3,12,6,0,4.472,0.28
2021,3,12,12,0,10.056,0
2021,3,12,18,0,5.5,0.0516666666666667
2021,3,13,0,0,3.556,0.258333333333333
2021,3,13,6,0,6.204,0.183333333333333
2021,3,13,12,0,12.565,0
2021,3,13,18,0,7.037,0.00166666666666667
2021,3,14,0,0,6.074,0.00333333333333333
2021,3,14,6,0.2130044,7.352,0
2021,3,14,12,3.2254952,6.167,0.025
2021,3,14,18,0.2890774,1.926,0.241666666666667
2021,3,15,0,0.2890774,-0.685,0.8
2021,3,15,6,0,0.843,0.61
2021,3,15,12,0,5.056,0.0866666666666667
2021,3,15,18,0,1.324,0.605
2021,3,16,0,0,-1.074,0.993333333333333
2021,3,16,6,0,1.324,0.6
2021,3,16,12,0,7.361,0.0166666666666667
2021,3,16,18,0,2.593,0.38
2021,3,17,0,0,1.231,0.871666666666667
2021,3,17,6,0,5.028,0.341666666666667
2021,3,17,12,0,11.269,0
2021,3,17,18,0,7.037,0
2021,3,18,0,0,5.38,0.0116666666666667
2021,3,18,6,0.0912876,8.537,0
2021,3,18,12,1.0041636,11.019,0
2021,3,18,18,1.0041636,5.12,0.0116666666666667
2021,3,19,0,1.0498074,4.343,0.03
2021,3,19,6,0.228219,6.741,0.01
2021,3,19,12,0.2130044,9.62,0
2021,3,19,18,0.76073,6.074,0.00833333333333333
2021,3,20,0,1.2628118,4.444,0.0216666666666667
2021,3,20,6,1.2019534,4.444,0.0366666666666667
2021,3,20,12,0.7455154,6.204,0.01
2021,3,20,18,0.076073,3.556,0.0783333333333333
2021,3,21,0,0.1065022,2.185,0.186666666666667
2021,3,21,6,0.7759446,2.787,0.171666666666667
2021,3,21,12,0.9585198,4.222,0.065
2021,3,21,18,3.5906456,3.426,0.05
2021,3,22,0,2.966847,2.796,0.0633333333333333
2021,3,22,6,0.228219,3.611,0.13
2021,3,22,12,0.2586482,6.889,0.0316666666666667
2021,3,22,18,0,2.88,0.231666666666667
2021,3,23,0,0,1.296,0.475
2021,3,23,6,0.2434336,3.694,0.101666666666667
2021,3,23,12,1.6279622,7.37,0.0116666666666667
2021,3,23,18,0.152146,4.852,0.0166666666666667
2021,3,24,0,0.3651504,4.046,0.01
2021,3,24,6,4.8230282,3.852,0.0266666666666667
2021,3,24,12,1.369314,5.472,0.0133333333333333
2021,3,24,18,0.152146,4.287,0.015
2021,3,25,0,0.076073,3.454,0.0333333333333333
2021,3,25,6,0.076073,5.111,0.0166666666666667
2021,3,25,12,0.0456438,8.343,0
2021,3,25,18,0,4.185,0.0483333333333333
2021,3,26,0,0,2.667,0.111666666666667
2021,3,26,6,0,4.88,0.0183333333333333
2021,3,26,12,0,8.194,0
2021,3,26,18,0,5.898,0
2021,3,27,0,0,4.028,0.0166666666666667
2021,3,27,6,0.0608584,5.731,0.00166666666666667
2021,3,27,12,0.3195066,8.685,0
2021,3,27,18,1.5518892,6.315,0
2021,3,28,0,1.5366746,5.935,0
2021,3,28,6,2.7538426,5.148,0.0133333333333333
2021,3,28,12,3.4689288,4.028,0.0966666666666667
2021,3,28,18,0.7911592,2.25,0.283333333333333
2021,3,29,0,0.6998716,0.324,0.69
2021,3,29,6,0,2.361,0.356666666666667
2021,3,29,12,0,6.574,0.0766666666666667
2021,3,29,18,0,2.352,0.626666666666667
2021,3,30,0,0,0.324,0.875
2021,3,30,6,0,2.704,0.255
2021,3,30,12,0,7,0.03
2021,3,30,18,0,2.926,0.283333333333333
2021,3,31,0,0,0.667,0.778333333333333
2021,3,31,6,0,4.88,0.346666666666667
2021,3,31,12,0,12.009,0
2021,3,31,18,0,8.093,0
2021,4,1,0,0,5.806,0.00166666666666667
2021,4,1,6,0,7.083,0.00333333333333333
2021,4,1,12,0,10.481,0
2021,4,1,18,0,6.167,0.00666666666666667
2021,4,2,0,0,4.75,0.005
2021,4,2,6,0,5.111,0.0166666666666667
2021,4,2,12,0,8.269,0
2021,4,2,18,0,5,0.0216666666666667
2021,4,3,0,0,4.324,0.0183333333333333
2021,4,3,6,0,7.713,0
2021,4,3,12,0.456438,10.389,0
2021,4,3,18,1.8409666,7.009,0
2021,4,4,0,1.749679,4.444,0.0283333333333333
2021,4,4,6,0,4.435,0.0883333333333333
2021,4,4,12,0,7.593,0.06
2021,4,4,18,0,3.13,0.313333333333333
2021,4,5,0,0,0.5,0.851666666666667
2021,4,5,6,0,4.13,0.338333333333333
2021,4,5,12,0,9.407,0
2021,4,5,18,0,4.361,0.216666666666667
2021,4,6,0,0,1.796,0.465
2021,4,6,6,0,5.602,0.103333333333333
2021,4,6,12,0,11.194,0
2021,4,6,18,0,6.12,0
2021,4,7,0,0,4.528,0.00666666666666667
2021,4,7,6,2.5408382,4.537,0.0416666666666667
2021,4,7,12,2.6321258,5.287,0.03
2021,4,7,18,2.7842718,3.176,0.055
2021,4,8,0,2.9212032,2.065,0.2
2021,4,8,6,0.6998716,3.259,0.171666666666667
2021,4,8,12,0.0456438,7.12,0.05
2021,4,8,18,0,3.046,0.23
2021,4,9,0,0,1.509,0.438333333333333
2021,4,9,6,0.076073,3.741,0.138333333333333
2021,4,9,12,0.1217168,5.454,0.0616666666666667
2021,4,9,18,2.3278338,3.926,0.0333333333333333
2021,4,10,0,1.9322542,1.685,0.355
2021,4,10,6,0.3195066,2.361,0.39
2021,4,10,12,0.0304292,6.194,0.106666666666667
2021,4,10,18,0,1.806,0.648333333333333
2021,4,11,0,0,-0.435,0.975
2021,4,11,6,0,2.806,0.435
2021,4,11,12,0,8.222,0.0233333333333333
2021,4,11,18,0,3.148,0.335
2021,4,12,0,0,0.991,0.946666666666667
2021,4,12,6,0,6.25,0.331666666666667
2021,4,12,12,0,13,0
2021,4,12,18,0,7.25,0.075
2021,4,13,0,0,3.741,0.65
2021,4,13,6,0,8.778,0.181666666666667
2021,4,13,12,0,15.148,0
2021,4,13,18,0,9.139,0.01
2021,4,14,0,0,6.407,0.228333333333333
2021,4,14,6,0,10.454,0.0283333333333333
2021,4,14,12,0,17.824,0
2021,4,14,18,0,11.759,0
2021,4,15,0,0,9.306,0
2021,4,15,6,0,13.065,0
2021,4,15,12,0,19.806,0
2021,4,15,18,0,13.796,0
2021,4,16,0,0,10.824,0
2021,4,16,6,0,14.639,0
2021,4,16,12,0,20.954,0
2021,4,16,18,0,14.583,0
2021,4,17,0,0,11.556,0
2021,4,17,6,0,15.204,0
2021,4,17,12,0,21.963,0
2021,4,17,18,0,15.454,0
2021,4,18,0,0,11.667,0
2021,4,18,6,0,14.796,0
2021,4,18,12,0,20.556,0
2021,4,18,18,0,13.907,0
2021,4,19,0,0,11.361,0
2021,4,19,6,0,14.343,0
2021,4,19,12,0,19.333,0
2021,4,19,18,0,12.176,0
2021,4,20,0,0,8.444,0
2021,4,20,6,0,12.278,0
2021,4,20,12,0,18.139,0
2021,4,20,18,0,12.056,0
2021,4,21,0,0,8.481,0
2021,4,21,6,0,12.065,0
2021,4,21,12,0,17.065,0
2021,4,21,18,0,10.954,0
2021,4,22,0,0,6.546,0
2021,4,22,6,0,10.472,0
2021,4,22,12,0,14.611,0
2021,4,22,18,0,9.463,0
2021,4,23,0,0,6.639,0
2021,4,23,6,0.0152146,9.935,0
2021,4,23,12,0.1977898,12.833,0
2021,4,23,18,0.228219,9.259,0
2021,4,24,0,0.2586482,6.972,0
2021,4,24,6,1.3845286,7.241,0
2021,4,24,12,2.5408382,8.426,0
2021,4,24,18,1.5062454,6.296,0
2021,4,25,0,1.5518892,5.657,0
2021,4,25,6,1.3236702,7.139,0
2021,4,25,12,0.5172964,9.713,0
2021,4,25,18,0.0152146,6.917,0
2021,4,26,0,0.1825752,5.676,0
2021,4,26,6,1.4606016,7.602,0
2021,4,26,12,1.7801082,11.417,0
2021,4,26,18,0.1065022,7.907,0
2021,4,27,0,0.1065022,6.037,0
2021,4,27,6,0,9.111,0
2021,4,27,12,0,12.056,0
2021,4,27,18,0,9.194,0
2021,4,28,0,0,7.583,0
2021,4,28,6,0,10.37,0
2021,4,28,12,0.0152146,13.102,0
2021,4,28,18,0.0608584,10.306,0
2021,4,29,0,0.0608584,9.306,0
2021,4,29,6,0,13.833,0
2021,4,29,12,0.2738628,17.954,0
2021,4,29,18,0,12.954,0
2021,4,30,0,0.9585198,10,0
2021,4,30,6,1.7344644,10.954,0
2021,4,30,12,0.4107942,14.269,0
2021,4,30,18,0.1065022,10.63,0
2021,5,1,0,0.1065022,7.546,0
2021,5,1,6,0,9.556,0
2021,5,1,12,0,12.861,0
2021,5,1,18,0,8.093,0
2021,5,2,0,0,5.019,0.005
2021,5,2,6,0,8.676,0
2021,5,2,12,0,12.963,0
2021,5,2,18,0,8.704,0
2021,5,3,0,0,6.306,0
2021,5,3,6,0.1217168,9.519,0
2021,5,3,12,1.4758162,11.352,0
2021,5,3,18,1.2019534,9.102,0
2021,5,4,0,0.988949,8.12,0
2021,5,4,6,0.3347212,9.528,0
2021,5,4,12,0.0912876,13.444,0
2021,5,4,18,0,9.324,0
2021,5,5,0,0,6.157,0
2021,5,5,6,0,12.759,0
2021,5,5,12,0,18.593,0
2021,5,5,18,0,15.444,0
2021,5,6,0,0,13.815,0
2021,5,6,6,0,15.37,0
2021,5,6,12,0.5781548,15.417,0
2021,5,6,18,2.9820616,8.157,0
2021,5,7,0,2.9364178,4.472,0.0216666666666667
2021,5,7,6,0.4260088,6.602,0.00333333333333333
2021,5,7,12,0.7303008,9.852,0
2021,5,7,18,0.152146,6.972,0.00333333333333333
2021,5,8,0,0.152146,4.972,0.0116666666666667
2021,5,8,6,0.0152146,7.278,0.005
2021,5,8,12,0,10.454,0
2021,5,8,18,0,7.63,0
2021,5,9,0,0,5.213,0.005
2021,5,9,6,0,9.639,0
2021,5,9,12,0,13.194,0
2021,5,9,18,0,9.046,0
2021,5,10,0,0,5.657,0
2021,5,10,6,0,10.352,0
2021,5,10,12,0,14.102,0
2021,5,10,18,0,9.935,0
2021,5,11,0,0,6.074,0
2021,5,11,6,0,11.481,0
2021,5,11,12,0,17.296,0
2021,5,11,18,0,12.278,0
2021,5,12,0,0.0152146,10.046,0
2021,5,12,6,0.228219,11.963,0
2021,5,12,12,0.1977898,15.481,0
2021,5,12,18,0,11.935,0
2021,5,13,0,0,8.25,0
2021,5,13,6,0,13.167,0
2021,5,13,12,0,18.028,0
2021,5,13,18,0,13.454,0
2021,5,14,0,0,9.593,0
2021,5,14,6,0,14.361,0
2021,5,14,12,0,19.074,0
2021,5,14,18,0,13.944,0
2021,5,15,0,0,9.62,0
2021,5,15,6,0,14.426,0
2021,5,15,12,0,19.62,0
2021,5,15,18,0,14.491,0
2021,5,16,0,0,10.713,0
2021,5,16,6,0,15.398,0
2021,5,16,12,0,20.546,0
2021,5,16,18,0,15.13,0
2021,5,17,0,0,11.426,0
2021,5,17,6,0.4412234,11.417,0
2021,5,17,12,0.76073,12.778,0
2021,5,17,18,2.206117,9.491,0
2021,5,18,0,1.52146,5.852,0.01
2021,5,18,6,0.2890774,7.694,0.00833333333333333
2021,5,18,12,0.2130044,10.722,0
2021,5,18,18,0.0152146,7.046,0.0133333333333333
2021,5,19,0,0.0456438,4.213,0.025
2021,5,19,6,0.4107942,7.231,0.00333333333333333
2021,5,19,12,0.3955796,10.88,0
2021,5,19,18,0.0152146,6.815,0
2021,5,20,0,0.0152146,4.324,0
2021,5,20,6,0,9.398,0
2021,5,20,12,0.1825752,14.185,0
2021,5,20,18,0.0456438,10.176,0
2021,5,21,0,0.0456438,6.537,0
2021,5,21,6,0,11.074,0
2021,5,21,12,0,15.481,0
2021,5,21,18,0,11.972,0
2021,5,22,0,0,8.093,0
2021,5,22,6,0,12.278,0
2021,5,22,12,0,16.87,0
2021,5,22,18,0,12.019,0
2021,5,23,0,0,9.62,0
2021,5,23,6,0,11.648,0
2021,5,23,12,0.0152146,13.093,0
2021,5,23,18,1.141095,10.639,0
2021,5,24,0,1.445387,8.769,0
2021,5,24,6,1.5671038,9.213,0
2021,5,24,12,0.456438,11.481,0
2021,5,24,18,0.1217168,10.639,0
2021,5,25,0,0.0912876,9.204,0
2021,5,25,6,0.1065022,12.565,0
2021,5,25,12,0.1217168,14.907,0
2021,5,25,18,0.0152146,11.38,0
2021,5,26,0,0.0152146,9.231,0
2021,5,26,6,0.8215884,10.87,0
2021,5,26,12,0.076073,12.981,0
2021,5,26,18,0,11.722,0
2021,5,27,0,0.8215884,11.213,0
2021,5,27,6,2.5256236,10.907,0
2021,5,27,12,2.28219,11.954,0
2021,5,27,18,2.3886922,8.852,0
2021,5,28,0,2.1756878,7.565,0
2021,5,28,6,1.6583914,9.62,0
2021,5,28,12,0.4868672,13.352,0
2021,5,28,18,0,9.704,0
2021,5,29,0,0,5.843,0
2021,5,29,6,0,12.093,0
2021,5,29,12,0,18.37,0
2021,5,29,18,0,14.278,0
2021,5,30,0,0,10.639,0
2021,5,30,6,0,15.204,0
2021,5,30,12,0,17.787,0
2021,5,30,18,0,15.074,0
2021,5,31,0,0,11.917,0
2021,5,31,6,0,16.528,0
2021,5,31,12,0,21.611,0
2021,5,31,18,0,17.231,0
2021,6,1,0,0,13.63,0
2021,6,1,6,0,19.315,0
2021,6,1,12,0,25.176,0
2021,6,1,18,0,20.657,0
2021,6,2,0,0,16.981,0
2021,6,2,6,0,20.972,0
2021,6,2,12,0,24.861,0
2021,6,2,18,0,19.444,0
2021,6,3,0,0,14.565,0
2021,6,3,6,0,17.954,0
2021,6,3,12,0,21.231,0
2021,6,3,18,0,15.713,0
2021,6,4,0,0,10.778,0
2021,6,4,6,0,13.343,0
2021,6,4,12,0.4716526,15.481,0
2021,6,4,18,1.749679,12.861,0
2021,6,5,0,0.8824468,9.991,0
2021,6,5,6,2.2213316,10.75,0
2021,6,5,12,0.9585198,13.546,0
2021,6,5,18,0.1369314,9.676,0
2021,6,6,0,0.1825752,6.398,0
2021,6,6,6,0.3651504,8.991,0
2021,6,6,12,0.8976614,10.213,0
2021,6,6,18,1.0345928,8.213,0
2021,6,7,0,0.9433052,6.454,0
2021,6,7,6,0.1673606,8.806,0
2021,6,7,12,0.1065022,11.917,0
2021,6,7,18,0,9.537,0
2021,6,8,0,0,6.065,0
2021,6,8,6,0.0152146,11.5,0
2021,6,8,12,0.0912876,15.13,0
2021,6,8,18,0.0152146,11.241,0
2021,6,9,0,0.0152146,8.713,0
2021,6,9,6,0.1673606,11.583,0
2021,6,9,12,0.0912876,14.852,0
2021,6,9,18,0.0152146,10.87,0
2021,6,10,0,0.0152146,7.333,0
2021,6,10,6,0.1217168,11.12,0
2021,6,10,12,0.076073,14.519,0
2021,6,10,18,0,11.88,0
2021,6,11,0,0,9.519,0
2021,6,11,6,0,14.009,0
2021,6,11,12,1.8713958,13.843,0
2021,6,11,18,0.2586482,11.778,0
2021,6,12,0,0.4412234,10.306,0
2021,6,12,6,3.118993,14.444,0
2021,6,12,12,0.2434336,19.167,0
2021,6,12,18,0,16.713,0
2021,6,13,0,0.6542278,13.935,0
2021,6,13,6,2.2213316,15.083,0
2021,6,13,12,2.966847,17.139,0
2021,6,13,18,1.0041636,14.954,0
2021,6,14,0,1.0041636,13.648,0
2021,6,14,6,0.228219,14.667,0
2021,6,14,12,1.1867388,15.843,0
2021,6,14,18,0.2890774,14.139,0
2021,6,15,0,0.2738628,11.417,0
2021,6,15,6,0.3955796,13.815,0
2021,6,15,12,0.2890774,16.639,0
2021,6,15,18,0.2738628,13.611,0
2021,6,16,0,0.2130044,11.352,0
2021,6,16,6,0,14.065,0
2021,6,16,12,0,17.972,0
2021,6,16,18,0,14.556,0
2021,6,17,0,0,10.565,0
2021,6,17,6,0,15.991,0
2021,6,17,12,0,20.917,0
2021,6,17,18,0,16.63,0
2021,6,18,0,0,12.213,0
2021,6,18,6,0,15.62,0
2021,6,18,12,0,19.324,0
2021,6,18,18,0,15.148,0
2021,6,19,0,0,11.528,0
2021,6,19,6,0,14.213,0
2021,6,19,12,0,18.556,0
2021,6,19,18,0,15.657,0
2021,6,20,0,0,12.75,0
2021,6,20,6,0,19.111,0
2021,6,20,12,0,25.065,0
2021,6,20,18,0,20.593,0
2021,6,21,0,0,17.333,0
2021,6,21,6,0,22.454,0
2021,6,21,12,0,26.787,0
2021,6,21,18,0,21.917,0
2021,6,22,0,0,17.463,0
2021,6,22,6,0,20.611,0
2021,6,22,12,0,23.648,0
2021,6,22,18,0,18.898,0
2021,6,23,0,0,14.213,0
2021,6,23,6,0,16.63,0
2021,6,23,12,0,20.454,0
2021,6,23,18,0,17.769,0
2021,6,24,0,0,14.222,0
2021,6,24,6,0,18.287,0
2021,6,24,12,0,23.194,0
2021,6,24,18,0,19.926,0
2021,6,25,0,0,16.676,0
2021,6,25,6,0,22.935,0
2021,6,25,12,0,28.306,0
2021,6,25,18,0,24.537,0
2021,6,26,0,0,21.361,0
2021,6,26,6,0,26.87,0
2021,6,26,12,0,33.333,0
2021,6,26,18,0,28.88,0
2021,6,27,0,0,24.889,0
2021,6,27,6,0,29.722,0
2021,6,27,12,0,35.685,0
2021,6,27,18,0,30.63,0
2021,6,28,0,0,27.065,0
2021,6,28,6,0,31.611,0
2021,6,28,12,0,37.009,0
2021,6,28,18,0,32,0
2021,6,29,0,0,27.722,0
2021,6,29,6,0,26.991,0
2021,6,29,12,0,29.935,0
2021,6,29,18,0,21.796,0
2021,6,30,0,0,16.787,0
2021,6,30,6,0,19.37,0
2021,6,30,12,0,22.056,0
2021,6,30,18,0,17.731,0
2021,7,1,0,0,15.676,0
2021,7,1,6,0,16.852,0
2021,7,1,12,0,19.926,0
2021,7,1,18,0,17.815,0
2021,7,2,0,0,15.75,0
2021,7,2,6,0,18.194,0
2021,7,2,12,0,21.843,0
2021,7,2,18,0,18.37,0
2021,7,3,0,0,14.528,0
2021,7,3,6,0,19.102,0
2021,7,3,12,0,23.398,0
2021,7,3,18,0,19.398,0
2021,7,4,0,0,15.204,0
2021,7,4,6,0,18.676,0
2021,7,4,12,0,23.056,0
2021,7,4,18,0,19.139,0
2021,7,5,0,0,15.546,0
2021,7,5,6,0,18.037,0
2021,7,5,12,0,21.926,0
2021,7,5,18,0,18.157,0
2021,7,6,0,0,14.194,0
2021,7,6,6,0,18.778,0
2021,7,6,12,0,24.259,0
2021,7,6,18,0,20.509,0
2021,7,7,0,0,16.25,0
2021,7,7,6,0,16.5,0
2021,7,7,12,0,18.176,0
2021,7,7,18,0,14.935,0
2021,7,8,0,0,11.935,0
2021,7,8,6,0,14.815,0
2021,7,8,12,0,18.954,0
2021,7,8,18,0,16.519,0
2021,7,9,0,0,13.87,0
2021,7,9,6,0,17.944,0
2021,7,9,12,0,23.407,0
2021,7,9,18,0,19.491,0
2021,7,10,0,0,15.417,0
2021,7,10,6,0,19.269,0
2021,7,10,12,0,23.722,0
2021,7,10,18,0,18.63,0
2021,7,11,0,0,13.963,0
2021,7,11,6,0,17.963,0
2021,7,11,12,0,23.546,0
2021,7,11,18,0,19,0
2021,7,12,0,0,14.537,0
2021,7,12,6,0,18.907,0
2021,7,12,12,0,24.13,0
2021,7,12,18,0,20.194,0
2021,7,13,0,0,15.509,0
2021,7,13,6,0,19.324,0
2021,7,13,12,0,24.509,0
2021,7,13,18,0,19.417,0
2021,7,14,0,0,14.759,0
2021,7,14,6,0,17.167,0
2021,7,14,12,0,21.972,0
2021,7,14,18,0,17.185,0
2021,7,15,0,0,13.278,0
2021,7,15,6,0,15.389,0
2021,7,15,12,0,18.769,0
2021,7,15,18,0,14.611,0
2021,7,16,0,0,11.704,0
2021,7,16,6,0,14.954,0
2021,7,16,12,0,17.731,0
2021,7,16,18,0,14.944,0
2021,7,17,0,0,13.315,0
2021,7,17,6,0,15.852,0
2021,7,17,12,0,19.426,0
2021,7,17,18,0,16.148,0
2021,7,18,0,0,12.528,0
2021,7,18,6,0,16.889,0
2021,7,18,12,0,22.352,0
2021,7,18,18,0,18.139,0
2021,7,19,0,0,13.556,0
2021,7,19,6,0,18.222,0
2021,7,19,12,0,24.083,0
2021,7,19,18,0,18.722,0
2021,7,20,0,0,14.713,0
2021,7,20,6,0,16.222,0
2021,7,20,12,0,19.769,0
2021,7,20,18,0,15.009,0
2021,7,21,0,0,11.843,0
2021,7,21,6,0,14.852,0
2021,7,21,12,0,18.463,0
2021,7,21,18,0,14.259,0
2021,7,22,0,0,11.278,0
2021,7,22,6,0,15.176,0
2021,7,22,12,0,20.333,0
2021,7,22,18,0,15.898,0
2021,7,23,0,0,13.222,0
2021,7,23,6,0,17.259,0
2021,7,23,12,0,22.194,0
2021,7,23,18,0,17.861,0
2021,7,24,0,0,14.176,0
2021,7,24,6,0,19.028,0
2021,7,24,12,0,24.741,0
2021,7,24,18,0,19.861,0
2021,7,25,0,0,15.861,0
2021,7,25,6,0,19.463,0
2021,7,25,12,0,24.759,0
2021,7,25,18,0,19.333,0
2021,7,26,0,0,14.806,0
2021,7,26,6,0,18.778,0
2021,7,26,12,0,24.713,0
2021,7,26,18,0,19.759,0
2021,7,27,0,0,15.102,0
2021,7,27,6,0,19.185,0
2021,7,27,12,0,24.5,0
2021,7,27,18,0,19.574,0
2021,7,28,0,0,15.481,0
2021,7,28,6,0,20.028,0
2021,7,28,12,0,26.481,0
2021,7,28,18,0,21.12,0
2021,7,29,0,0,16.852,0
2021,7,29,6,0,20.833,0
2021,7,29,12,0,27.935,0
2021,7,29,18,0,22.694,0
2021,7,30,0,0,18.593,0
2021,7,30,6,0,22.806,0
2021,7,30,12,0,30.204,0
2021,7,30,18,0,24.759,0
2021,7,31,0,0,21.287,0
2021,7,31,6,0.2586482,22.565,0
2021,7,31,12,0,25.343,0
2021,7,31,18,0,21.759,0
2021,8,1,0,0.1065022,18.602,0
2021,8,1,6,0.2586482,20.296,0
2021,8,1,12,0.0912876,24.583,0
2021,8,1,18,0,19.593,0
2021,8,2,0,0,16.241,0
2021,8,2,6,0,19.852,0
2021,8,2,12,0,26.333,0
2021,8,2,18,0,21.157,0
2021,8,3,0,0,17.167,0
2021,8,3,6,0,21.083,0
2021,8,3,12,0,26.648,0
2021,8,3,18,0,21.102,0
2021,8,4,0,0,16.704,0
2021,8,4,6,0,20.25,0
2021,8,4,12,0,27.546,0
2021,8,4,18,0,21.731,0
2021,8,5,0,0,17.741,0
2021,8,5,6,0,21.25,0
2021,8,5,12,0,26.222,0
2021,8,5,18,0.2586482,19.963,0
2021,8,6,0,2.3126192,17.009,0
2021,8,6,6,0.5933694,18.648,0
2021,8,6,12,0.0912876,20.435,0
2021,8,6,18,0.1977898,16.63,0
2021,8,7,0,0.4716526,14.38,0
2021,8,7,6,2.0387564,14.583,0
2021,8,7,12,3.4537142,17.139,0
2021,8,7,18,0.76073,14.343,0
2021,8,8,0,0.8520176,11.889,0
2021,8,8,6,0.7911592,12.639,0
2021,8,8,12,0.1977898,16.778,0
2021,8,8,18,0,15.148,0
2021,8,9,0,0,13.667,0
2021,8,9,6,0,16.704,0
2021,8,9,12,0,20.648,0
2021,8,9,18,0,16.667,0
2021,8,10,0,0,14.639,0
2021,8,10,6,0,18.241,0
2021,8,10,12,0,24.583,0
2021,8,10,18,0,20.185,0
2021,8,11,0,0,16.889,0
2021,8,11,6,0,21.583,0
2021,8,11,12,0,28.194,0
2021,8,11,18,0,22.806,0
2021,8,12,0,0,21.259,0
2021,8,12,6,0,26.935,0
2021,8,12,12,0,34.204,0
2021,8,12,18,0,27.389,0
2021,8,13,0,0,23.537,0
2021,8,13,6,0,25.694,0
2021,8,13,12,0,30.759,0
2021,8,13,18,0,24.426,0
2021,8,14,0,0,21.37,0
2021,8,14,6,0,22.824,0
2021,8,14,12,0,27.62,0
2021,8,14,18,0,21.722,0
2021,8,15,0,0,17.991,0
2021,8,15,6,0,20.537,0
2021,8,15,12,0,25.88,0
2021,8,15,18,0,20.37,0
2021,8,16,0,0,16.778,0
2021,8,16,6,0.0152146,17.815,0
2021,8,16,12,0.6694424,18.611,0
2021,8,16,18,0.4260088,14.435,0
2021,8,17,0,0.5020818,12.426,0
2021,8,17,6,0.380365,13.13,0
2021,8,17,12,0.0608584,18.556,0
2021,8,17,18,0,15.009,0
2021,8,18,0,0,11.806,0
2021,8,18,6,0,14.935,0
2021,8,18,12,0,21.38,0
2021,8,18,18,0,15.824,0
2021,8,19,0,0,12.343,0
2021,8,19,6,0,16.389,0
2021,8,19,12,0,21.287,0
2021,8,19,18,0,16.278,0
2021,8,20,0,0,13.222,0
2021,8,20,6,0.0456438,15.074,0
2021,8,20,12,0.3195066,15.639,0
2021,8,20,18,0.1217168,13.954,0
2021,8,21,0,0.1065022,13.259,0
2021,8,21,6,0.0304292,14.37,0
2021,8,21,12,0.0912876,17.528,0
2021,8,21,18,0,14.954,0
2021,8,22,0,0.0608584,13.417,0
2021,8,22,6,0.2890774,12.648,0
2021,8,22,12,0.228219,15.565,0
2021,8,22,18,0,11.537,0
2021,8,23,0,0.0912876,10.389,0
2021,8,23,6,0.5172964,12.333,0
2021,8,23,12,0.5172964,17.361,0
2021,8,23,18,0,12.435,0
2021,8,24,0,0,9.333,0
2021,8,24,6,0,14.704,0
2021,8,24,12,0,22.546,0
2021,8,24,18,0,15.472,0
2021,8,25,0,0,11.713,0
2021,8,25,6,0,16.546,0
2021,8,25,12,0,22.88,0
2021,8,25,18,0,15.417,0
2021,8,26,0,0,12.815,0
2021,8,26,6,0,14.898,0
2021,8,26,12,0.456438,16.843,0
2021,8,26,18,1.6583914,13.824,0
2021,8,27,0,1.6127476,12.5,0
2021,8,27,6,0.5781548,12.963,0
2021,8,27,12,0.608584,16.139,0
2021,8,27,18,0.0304292,12.537,0
2021,8,28,0,0.0304292,9.519,0
2021,8,28,6,0,14.333,0
2021,8,28,12,0,21.352,0
2021,8,28,18,0,14.907,0
2021,8,29,0,0,11.407,0
2021,8,29,6,0,16.111,0
2021,8,29,12,0,22.519,0
2021,8,29,18,0,15.528,0
2021,8,30,0,0,12.074,0
2021,8,30,6,0.1825752,12.602,0
2021,8,30,12,0.0456438,14.87,0
2021,8,30,18,0,11.009,0
2021,8,31,0,0.2738628,9.546,0
2021,8,31,6,2.8451302,10.028,0
2021,8,31,12,0.6694424,13.222,0
2021,8,31,18,0,9.556,0
2021,9,1,0,0,6.843,0
2021,9,1,6,0,11.167,0
2021,9,1,12,0,18.63,0
2021,9,1,18,0,12.787,0
2021,9,2,0,0,10.093,0
2021,9,2,6,0,14.741,0
2021,9,2,12,0,21.972,0
2021,9,2,18,0,14.796,0
2021,9,3,0,0,11.213,0
2021,9,3,6,0,15.463,0
2021,9,3,12,0,20.861,0
2021,9,3,18,0,14.898,0
2021,9,4,0,0,11.398,0
2021,9,4,6,0,16.324,0
2021,9,4,12,0.2586482,19.13,0
2021,9,4,18,1.8409666,14.546,0
2021,9,5,0,1.7648936,13.944,0
2021,9,5,6,0,15.444,0
2021,9,5,12,0,18.491,0
2021,9,5,18,0,15.009,0
2021,9,6,0,0,13.519,0
2021,9,6,6,0,15.315,0
2021,9,6,12,0,20.306,0
2021,9,6,18,0,14.204,0
2021,9,7,0,0,11.741,0
2021,9,7,6,0,16.565,0
2021,9,7,12,0,24.546,0
2021,9,7,18,0,17.759,0
2021,9,8,0,0.1825752,16.157,0
2021,9,8,6,0.6694424,17.491,0
2021,9,8,12,0.2434336,21.944,0
2021,9,8,18,0,16.157,0
2021,9,9,0,0,14.296,0
2021,9,9,6,0,18.028,0
2021,9,9,12,0,24.38,0
2021,9,9,18,0,17.176,0
2021,9,10,0,0,13.62,0
2021,9,10,6,0,15.667,0
2021,9,10,12,0,19.083,0
2021,9,10,18,0,14.435,0
2021,9,11,0,0,12.074,0
2021,9,11,6,0.0304292,14.528,0
2021,9,11,12,0.0608584,16.213,0
2021,9,11,18,2.28219,14.148,0
2021,9,12,0,3.0733492,13.713,0
2021,9,12,6,4.9295304,13.722,0
2021,9,12,12,1.3845286,15.352,0
2021,9,12,18,0.0304292,11.537,0
2021,9,13,0,0.0304292,9.833,0
2021,9,13,6,0,12.287,0
2021,9,13,12,0,16.796,0
2021,9,13,18,0,11.296,0
2021,9,14,0,0,9.157,0
2021,9,14,6,0.2130044,11.889,0
2021,9,14,12,3.6058602,13.019,0
2021,9,14,18,0.0304292,12.509,0
2021,9,15,0,0.0304292,11.324,0
2021,9,15,6,0,10.87,0
2021,9,15,12,0,13.676,0
2021,9,15,18,0,8.694,0
2021,9,16,0,0,6.361,0
2021,9,16,6,0,9.463,0
2021,9,16,12,0.0912876,16.093,0
2021,9,16,18,0.0304292,11.296,0
2021,9,17,0,0.456438,10.88,0
2021,9,17,6,6.3597028,10.176,0
2021,9,17,12,4.3209464,12.269,0
2021,9,17,18,13.617067,14.074,0
2021,9,18,0,11.9738902,11.759,0
2021,9,18,6,1.9474688,12.417,0
2021,9,18,12,1.2019534,14.88,0
2021,9,18,18,0.76073,10.75,0
2021,9,19,0,0.7303008,10.111,0
2021,9,19,6,2.0844002,10.741,0
2021,9,19,12,3.0885638,12.444,0
2021,9,19,18,0.8976614,11.13,0
2021,9,20,0,0.7303008,10.111,0
2021,9,20,6,0,11.815,0
2021,9,20,12,0,15.241,0
2021,9,20,18,0,11.019,0
2021,9,21,0,0,9.009,0
2021,9,21,6,0,13,0
2021,9,21,12,0,20.157,0
2021,9,21,18,0,14.352,0
2021,9,22,0,0,12.546,0
2021,9,22,6,0.0608584,13.444,0
2021,9,22,12,0.0304292,15.333,0
2021,9,22,18,0,11.583,0
2021,9,23,0,0,10.704,0
2021,9,23,6,0,12.602,0
2021,9,23,12,0,16.981,0
2021,9,23,18,0,11.5,0
2021,9,24,0,0,9.75,0
2021,9,24,6,0,13.87,0
2021,9,24,12,0,20.667,0
2021,9,24,18,0,14.62,0
2021,9,25,0,0,12.065,0
2021,9,25,6,0,14.611,0
2021,9,25,12,0,21.083,0
2021,9,25,18,0,14.167,0
2021,9,26,0,0,11.667,0
2021,9,26,6,0.380365,12.306,0
2021,9,26,12,3.0885638,13.556,0
2021,9,26,18,4.6252384,13.046,0
2021,9,27,0,4.7317406,12.954,0
2021,9,27,6,0.5020818,12.241,0
2021,9,27,12,1.065022,13.343,0
2021,9,27,18,1.8105374,9.889,0
2021,9,28,0,1.825752,9.843,0
2021,9,28,6,2.4191214,10.519,0
2021,9,28,12,1.1715242,12.583,0
2021,9,28,18,1.2019534,9.028,0
2021,9,29,0,0.7759446,8.38,0
2021,9,29,6,0.4412234,9.565,0
2021,9,29,12,2.0996148,11.509,0
2021,9,29,18,2.130044,11.167,0
2021,9,30,0,2.4191214,13.759,0
2021,9,30,6,11.2740186,12.083,0
2021,9,30,12,3.1494222,12,0
2021,9,30,18,0.5933694,9.435,0
2021,10,1,0,0.5172964,7.361,0
2021,10,1,6,0,9.426,0
2021,10,1,12,0,13.306,0
2021,10,1,18,0,8.972,0
2021,10,2,0,0,7.889,0
2021,10,2,6,0,10.731,0
2021,10,2,12,0,14.093,0
2021,10,2,18,0,11.204,0
2021,10,3,0,0.0456438,10.991,0
2021,10,3,6,0.2586482,11.306,0
2021,10,3,12,0.0152146,12.667,0
2021,10,3,18,0,9.102,0
2021,10,4,0,0,8.204,0
2021,10,4,6,0,10.194,0
2021,10,4,12,0.0456438,13.306,0
2021,10,4,18,0,9.741,0
2021,10,5,0,0.2738628,9.37,0
2021,10,5,6,1.2323826,11.056,0
2021,10,5,12,0.8672322,11.509,0
2021,10,5,18,1.065022,7.546,0
2021,10,6,0,0.1977898,6.472,0
2021,10,6,6,1.5366746,7.852,0
2021,10,6,12,1.7040352,10.407,0
2021,10,6,18,0.608584,7.157,0
2021,10,7,0,0.5629402,5.722,0
2021,10,7,6,0,7.343,0
2021,10,7,12,0,10.074,0
2021,10,7,18,0,4.889,0.00166666666666667
2021,10,8,0,0,4.157,0.00166666666666667
2021,10,8,6,0,6.815,0
2021,10,8,12,0,11.12,0
2021,10,8,18,0,5.111,0
2021,10,9,0,0,3.889,0.0116666666666667
2021,10,9,6,0,7.741,0
2021,10,9,12,2.2669754,9.87,0
2021,10,9,18,5.32511,9.389,0
2021,10,10,0,4.5339508,8.259,0
2021,10,10,6,0.304292,8.093,0
2021,10,10,12,0.5172964,9.519,0
2021,10,10,18,0.0456438,5.259,0.00333333333333333
2021,10,11,0,0.0304292,4.556,0.0216666666666667
2021,10,11,6,0,5.028,0.02
2021,10,11,12,0,8.667,0
2021,10,11,18,0,3.639,0.0133333333333333
2021,10,12,0,0,1.741,0.275
2021,10,12,6,0.0456438,4.509,0.13
2021,10,12,12,0.7303008,7.407,0.00666666666666667
2021,10,12,18,3.3167828,4.37,0.01
2021,10,13,0,3.118993,4.481,0.01
2021,10,13,6,0.5020818,5.537,0.00833333333333333
2021,10,13,12,0.5477256,7.593,0.00333333333333333
2021,10,13,18,0.2434336,5.759,0.005
2021,10,14,0,0.532511,6.333,0
2021,10,14,6,3.879723,7.241,0
2021,10,14,12,1.5823184,9.157,0
2021,10,14,18,2.7234134,8.25,0
2021,10,15,0,2.7690572,8.796,0
2021,10,15,6,6.8922138,9.778,0
2021,10,15,12,5.4163976,10.481,0
2021,10,15,18,2.2517608,9.88,0
2021,10,16,0,3.0885638,10.093,0
2021,10,16,6,1.7040352,11.528,0
2021,10,16,12,0,14.38,0
2021,10,16,18,0,12.472,0
2021,10,17,0,0.0608584,11.157,0
2021,10,17,6,1.3236702,11.046,0
2021,10,17,12,2.4647652,10.556,0
2021,10,17,18,0.5172964,8.37,0
2021,10,18,0,0.5172964,6.537,0
2021,10,18,6,0,7.491,0
2021,10,18,12,0,9.639,0
2021,10,18,18,0,5.194,0
2021,10,19,0,0,4.167,0
2021,10,19,6,0,7.454,0
2021,10,19,12,0,13.222,0
2021,10,19,18,0,9.685,0
2021,10,20,0,0,9.991,0
2021,10,20,6,3.1342076,10.074,0
2021,10,20,12,4.2448734,10.944,0
2021,10,20,18,0,9.12,0
2021,10,21,0,0,8.352,0
2021,10,21,6,0,10.963,0
2021,10,21,12,0.0608584,14.472,0
2021,10,21,18,5.477256,11.815,0
2021,10,22,0,4.868672,10.833,0
2021,10,22,6,2.5408382,10.537,0
2021,10,22,12,4.0014398,10.741,0
2021,10,22,18,2.9212032,9.009,0
2021,10,23,0,2.738628,7.657,0
2021,10,23,6,0.380365,8.667,0
2021,10,23,12,2.4799798,10.139,0
2021,10,23,18,0,8.213,0
2021,10,24,0,0,7.787,0
2021,10,24,6,0.532511,9.37,0
2021,10,24,12,8.36803,10.176,0
2021,10,24,18,0.2434336,8.38,0
2021,10,25,0,0.3651504,9.111,0
2021,10,25,6,0.5781548,9.454,0
2021,10,25,12,2.0235418,9.843,0
2021,10,25,18,2.510409,8.333,0
2021,10,26,0,2.434336,8.176,0
2021,10,26,6,1.0345928,8.593,0
2021,10,26,12,4.7469552,9.722,0
2021,10,26,18,4.3665902,8.333,0
2021,10,27,0,4.6252384,7.574,0
2021,10,27,6,1.141095,8.259,0
2021,10,27,12,2.0387564,9.935,0
2021,10,27,18,2.7842718,7.713,0
2021,10,28,0,3.7427916,7.463,0
2021,10,28,6,8.2006694,8.019,0
2021,10,28,12,12.5672596,9.259,0
2021,10,28,18,6.1923422,7.843,0
2021,10,29,0,6.0554108,7,0
2021,10,29,6,0.228219,6.426,0.005
2021,10,29,12,0.0152146,7.065,0.005
2021,10,29,18,0,2.704,0.0516666666666667
2021,10,30,0,0,2.176,0.636666666666667
2021,10,30,6,0,3.926,0.553333333333333
2021,10,30,12,0,9.787,0.00333333333333333
2021,10,30,18,0,4.102,0.293333333333333
2021,10,31,0,0,3.398,0.651666666666667
2021,10,31,6,0,4.704,0.501666666666667
2021,10,31,12,0,9.898,0
2021,10,31,18,0,5.213,0.07
2021,11,1,0,0,4.111,0.225
2021,11,1,6,0,6.843,0.0716666666666667
2021,11,1,12,0.4716526,10.083,0
2021,11,1,18,1.4758162,7.472,0
2021,11,2,0,1.293241,6.426,0
2021,11,2,6,0,7.259,0
2021,11,2,12,3.5602164,9.185,0
2021,11,2,18,5.3859684,8.361,0
2021,11,3,0,5.3859684,9.398,0
2021,11,3,6,0.3195066,10.528,0
2021,11,3,12,4.8078136,11.028,0
2021,11,3,18,3.6971478,10.565,0
2021,11,4,0,2.3126192,11.009,0
2021,11,4,6,3.0885638,11.491,0
2021,11,4,12,6.542278,10.944,0
2021,11,4,18,1.2323826,8.333,0
2021,11,5,0,1.0954512,7.213,0
2021,11,5,6,3.9101522,7.38,0
2021,11,5,12,0.608584,7.676,0.00833333333333333
2021,11,5,18,0.0456438,4.741,0.015
2021,11,6,0,0.5020818,5.148,0.0166666666666667
2021,11,6,6,2.0235418,5.472,0.0116666666666667
2021,11,6,12,1.9322542,5.472,0.02
2021,11,6,18,0.5933694,4.713,0.0316666666666667
2021,11,7,0,0.3195066,3.991,0.0566666666666667
2021,11,7,6,0.1065022,4.713,0.0483333333333333
2021,11,7,12,1.1258804,5.444,0.0283333333333333
2021,11,7,18,0.8520176,4.139,0.035
2021,11,8,0,2.4647652,4.574,0.025
2021,11,8,6,0.2130044,5.269,0.035
2021,11,8,12,0,7.88,0.00333333333333333
2021,11,8,18,0,5.417,0.0116666666666667
2021,11,9,0,0.3651504,6.62,0
2021,11,9,6,1.6583914,6.583,0.00666666666666667
2021,11,9,12,1.3997432,6.13,0.01
2021,11,9,18,2.7081988,4.611,0.02
2021,11,10,0,3.0733492,4.769,0.02
2021,11,10,6,2.0996148,4.778,0.0216666666666667
2021,11,10,12,0.1977898,7.148,0.00833333333333333
2021,11,10,18,0.6542278,4.796,0.0333333333333333
2021,11,11,0,0.1977898,5.713,0
2021,11,11,6,0.0456438,6.963,0
2021,11,11,12,4.3818048,8.806,0
2021,11,11,18,4.7317406,9.481,0
2021,11,12,0,5.6598312,11.426,0
2021,11,12,6,2.738628,10.806,0
2021,11,12,12,6.0249816,9.546,0
2021,11,12,18,1.0041636,6.259,0
2021,11,13,0,1.0041636,4.296,0.005
2021,11,13,6,0,5.472,0.00166666666666667
2021,11,13,12,3.9101522,6.611,0.00666666666666667
2021,11,13,18,8.3223862,6.148,0.00333333333333333
2021,11,14,0,8.9461848,9.759,0
2021,11,14,6,7.759446,12.231,0
2021,11,14,12,14.149578,11.093,0
2021,11,14,18,18.181447,9.667,0
2021,11,15,0,20.2202034,11.352,0
2021,11,15,6,8.6114636,11.519,0
2021,11,15,12,11.9586756,6.102,0.0133333333333333
2021,11,15,18,3.0124908,4.019,0.0866666666666667
2021,11,16,0,2.8299156,2.963,0.17
2021,11,16,6,0.0152146,3.472,0.146666666666667
2021,11,16,12,0,4.75,0.08
2021,11,16,18,0,0.546,0.705
2021,11,17,0,0,0.491,0.823333333333333
2021,11,17,6,0,1.491,0.668333333333333
2021,11,17,12,0,4.787,0.118333333333333
2021,11,17,18,0,2.824,0.706666666666667
2021,11,18,0,0.076073,3.287,0.646666666666667
2021,11,18,6,0.4868672,3.704,0.123333333333333
2021,11,18,12,2.9820616,3.667,0.01
2021,11,18,18,0.8520176,3.389,0.00666666666666667
2021,11,19,0,0.7455154,3.407,0.01
2021,11,19,6,0,2.519,0.145
2021,11,19,12,0.0152146,4.704,0.0516666666666667
2021,11,19,18,0,2.731,0.235
2021,11,20,0,0.0152146,2.88,0.125
2021,11,20,6,0.0608584,3.759,0.0716666666666667
2021,11,20,12,0,5.12,0.0233333333333333
2021,11,20,18,0,2.917,0.118333333333333
2021,11,21,0,0,2.963,0.145
2021,11,21,6,0,2.861,0.22
2021,11,21,12,0,6.667,0.00333333333333333
2021,11,21,18,0,3.704,0.175
2021,11,22,0,0,3.259,0.503333333333333
2021,11,22,6,0,3.935,0.213333333333333
2021,11,22,12,0.5172964,6.565,0
2021,11,22,18,2.130044,6.176,0
2021,11,23,0,4.3818048,5.704,0.00333333333333333
2021,11,23,6,3.5297872,5.028,0.02
2021,11,23,12,0.4260088,5.5,0.0266666666666667
2021,11,23,18,0.2434336,2.046,0.235
2021,11,24,0,0.2434336,1.843,0.213333333333333
2021,11,24,6,0,3.194,0.148333333333333
2021,11,24,12,0.0152146,5.852,0.0183333333333333
2021,11,24,18,1.2780264,4.481,0.065
2021,11,25,0,2.5560528,4.815,0
2021,11,25,6,9.8590608,5.093,0
2021,11,25,12,9.3721936,5.787,0
2021,11,25,18,6.466205,5.944,0
2021,11,26,0,6.4357758,6.574,0
2021,11,26,6,2.2517608,7.12,0
2021,11,26,12,0.2130044,7.759,0
2021,11,26,18,0,5.037,0.00166666666666667
2021,11,27,0,0,5.361,0
2021,11,27,6,3.4384996,6.481,0
2021,11,27,12,7.0291452,7.991,0
2021,11,27,18,9.2961206,9.528,0
2021,11,28,0,9.7069148,11.204,0
2021,11,28,6,16.7056308,10.667,0
2021,11,28,12,8.9309702,9.889,0
2021,11,28,18,2.6321258,9.389,0
2021,11,29,0,2.6929842,8.898,0
2021,11,29,6,2.434336,9.028,0
2021,11,29,12,1.0345928,10.278,0
2021,11,29,18,0.380365,9.176,0
2021,11,30,0,1.8105374,8.935,0
2021,11,30,6,5.9945524,8.213,0
2021,11,30,12,5.553329,8.602,0
2021,11,30,18,4.1688004,9.574,0
2021,12,1,0,4.0014398,10.648,0
2021,12,1,6,0.3347212,10.935,0
2021,12,1,12,0.1217168,10.62,0
2021,12,1,18,2.6473404,9.87,0
2021,12,2,0,2.2974046,7.694,0
2021,12,2,6,0,5.806,0.0283333333333333
2021,12,2,12,0,5.065,0.0666666666666667
2021,12,2,18,0,1.472,0.433333333333333
2021,12,3,0,0,-0.269,0.813333333333333
2021,12,3,6,0,0.361,0.691666666666667
2021,12,3,12,0,2.889,0.216666666666667
2021,12,3,18,0.6694424,1.75,0.533333333333333
2021,12,4,0,0.8824468,2.167,0.441666666666667
2021,12,4,6,3.2254952,1.111,0.353333333333333
2021,12,4,12,1.0802366,1.843,0.261666666666667
2021,12,4,18,0.0304292,1.13,0.451666666666667
2021,12,5,0,0.0152146,-0.046,0.706666666666667
2021,12,5,6,0,-0.593,0.758333333333333
2021,12,5,12,0,1.528,0.436666666666667
2021,12,5,18,0.5933694,0.333,0.805
2021,12,6,0,1.0498074,0.222,0.761666666666667
2021,12,6,6,2.7234134,0.843,0.463333333333333
2021,12,6,12,2.0083272,1.778,0.173333333333333
2021,12,6,18,0.2434336,2.019,0.0866666666666667
2021,12,7,0,0.2890774,2.5,0.02
2021,12,7,6,0.5020818,3.148,0.0116666666666667
2021,12,7,12,0.0304292,4.759,0
2021,12,7,18,2.1148294,5.361,0
2021,12,8,0,1.4606016,5.935,0.005
2021,12,8,6,0.2586482,3.454,0.141666666666667
2021,12,8,12,0.2890774,3.667,0.198333333333333
2021,12,8,18,0.3347212,0.833,0.57
2021,12,9,0,1.3388848,1.481,0.44
2021,12,9,6,2.4799798,1.648,0.346666666666667
2021,12,9,12,1.3997432,1.759,0.366666666666667
2021,12,9,18,0.1065022,0.778,0.571666666666667
2021,12,10,0,0.2130044,0.398,0.615
2021,12,10,6,1.2628118,1.769,0.385
2021,12,10,12,0.9433052,3.333,0.126666666666667
2021,12,10,18,4.0775128,4.481,0.0216666666666667
2021,12,11,0,4.868672,5.093,0.0133333333333333
2021,12,11,6,5.0056034,4.935,0.0183333333333333
2021,12,11,12,5.1273202,4.352,0.0566666666666667
2021,12,11,18,1.7192498,2.167,0.351666666666667
2021,12,12,0,1.6888206,1.676,0.381666666666667
2021,12,12,6,0.7150862,1.907,0.388333333333333
2021,12,12,12,0.3499358,2.954,0.261666666666667
2021,12,12,18,0.2434336,1.917,0.388333333333333
2021,12,13,0,0.4412234,1.806,0.523333333333333
2021,12,13,6,0.3347212,2.972,0.161666666666667
2021,12,13,12,0.0152146,4.028,0.0916666666666667
2021,12,13,18,0.3347212,2.852,0.133333333333333
2021,12,14,0,0.3195066,1.87,0.383333333333333
2021,12,14,6,0,1.694,0.428333333333333
2021,12,14,12,0,2.639,0.358333333333333
2021,12,14,18,0.0152146,1.352,0.531666666666667
2021,12,15,0,0.0304292,1.509,0.515
2021,12,15,6,0.076073,2.454,0.373333333333333
2021,12,15,12,0.0456438,4.528,0.14
2021,12,15,18,0,2.731,0.498333333333333
2021,12,16,0,0.1977898,2.213,0.471666666666667
2021,12,16,6,1.1563096,2.185,0.223333333333333
2021,12,16,12,0.2434336,2.917,0.168333333333333
2021,12,16,18,0.0152146,0.991,0.606666666666667
2021,12,17,0,0.0152146,-1.056,0.996666666666667
2021,12,17,6,0,-0.75,0.943333333333333
2021,12,17,12,0,1.324,0.621666666666667
2021,12,17,18,4.3818048,1.12,0.538333333333333
2021,12,18,0,3.2102806,2.435,0.118333333333333
2021,12,18,6,9.4634812,4.944,0.00833333333333333
2021,12,18,12,7.835519,4.898,0.0233333333333333
2021,12,18,18,1.1106658,2.444,0.168333333333333
2021,12,19,0,0.8824468,1.926,0.241666666666667
2021,12,19,6,0,1.222,0.418333333333333
2021,12,19,12,0,2.444,0.385
2021,12,19,18,0,-0.065,0.97
2021,12,20,0,0,-0.963,1
2021,12,20,6,0,-0.991,0.993333333333333
2021,12,20,12,0,-0.083,0.965
2021,12,20,18,0,-2.935,1
2021,12,21,0,0,-2.833,1
2021,12,21,6,0,-0.963,0.98
2021,12,21,12,0.1217168,1,0.755
2021,12,21,18,8.9309702,1.991,0.188333333333333
2021,12,22,0,7.5007978,3.852,0.0116666666666667
2021,12,22,6,5.2946808,5.685,0.00833333333333333
2021,12,22,12,1.8409666,6.676,0.005
2021,12,22,18,1.4301724,6.185,0.00833333333333333
2021,12,23,0,0.9280906,3.778,0.106666666666667
2021,12,23,6,1.3540994,1.87,0.333333333333333
2021,12,23,12,0.988949,2.565,0.236666666666667
2021,12,23,18,1.217168,1.556,0.433333333333333
2021,12,24,0,1.6888206,1.167,0.518333333333333
2021,12,24,6,2.1604732,1.241,0.428333333333333
2021,12,24,12,0.304292,1.324,0.493333333333333
2021,12,24,18,0.912876,-1.315,0.981666666666667
2021,12,25,0,0.7759446,-3.25,1
2021,12,25,6,2.4191214,-3.278,0.976666666666667
2021,12,25,12,4.488307,-4.537,0.993333333333333
2021,12,25,18,1.5823184,-7.676,1
2021,12,26,0,1.4758162,-9.426,1
2021,12,26,6,0.3955796,-10.509,1
2021,12,26,12,0.8215884,-10.12,1
2021,12,26,18,0.1217168,-12.537,1
2021,12,27,0,0.1217168,-13.741,1
2021,12,27,6,0,-14.463,1
2021,12,27,12,0,-10.685,1
2021,12,27,18,0,-11.62,1
2021,12,28,0,0,-11.639,1
2021,12,28,6,0,-11.333,1
2021,12,28,12,0,-6.481,1
2021,12,28,18,0,-8.778,1
2021,12,29,0,0,-8.75,1
2021,12,29,6,0,-9.259,1
2021,12,29,12,0,-6.583,1
2021,12,29,18,2.4799798,-7.398,1
2021,12,30,0,1.1867388,-6.046,1
2021,12,30,6,1.0193782,-4.435,1
2021,12,30,12,0.0152146,-3.981,1
2021,12,30,18,0.076073,-9.417,1
2021,12,31,0,0.0608584,-8.991,1
2021,12,31,6,0,-8.019,1
2021,12,31,12,0,-5.25,1
2021,12,31,18,0,-10.12,1
2022,1,1,0,0,-9.306,1
2022,1,1,6,0,-6.12,1
2022,1,1,12,0,-2.139,1
2022,1,1,18,0,-3.509,0.998333333333333
2022,1,2,0,0.0304292,1.463,0.57
2022,1,2,6,0.3347212,1.898,0.431666666666667
2022,1,2,12,1.445387,3.833,0.0416666666666667
2022,1,2,18,2.7690572,3.306,0.11
2022,1,3,0,2.1909024,2.389,0.27
2022,1,3,6,0.2586482,2.389,0.276666666666667
2022,1,3,12,1.52146,1.398,0.44
2022,1,3,18,0.2586482,-0.25,0.803333333333333
2022,1,4,0,0.3499358,0.296,0.766666666666667
2022,1,4,6,1.4910308,1.444,0.491666666666667
2022,1,4,12,0.2434336,1.75,0.46
2022,1,4,18,0.9433052,-0.926,0.93
2022,1,5,0,0.9280906,-2.667,0.99
2022,1,5,6,0.0608584,-4.241,1
2022,1,5,12,0.152146,-3.685,1
2022,1,5,18,5.7663334,-4.648,1
2022,1,6,0,3.3319974,-2.5,0.978333333333333
2022,1,6,6,1.3845286,0.213,0.546666666666667
2022,1,6,12,3.0733492,2.593,0.125
2022,1,6,18,12.0651778,4.926,0
2022,1,7,0,11.030585,4.167,0.00666666666666667
2022,1,7,6,3.5602164,2.787,0.1
2022,1,7,12,1.369314,0.546,0.64
2022,1,7,18,1.0041636,-0.454,0.811666666666667
2022,1,8,0,0.9433052,-2.63,0.981666666666667
2022,1,8,6,0.456438,-1.028,0.806666666666667
2022,1,8,12,0.2586482,2.083,0.261666666666667
2022,1,8,18,0.304292,1.528,0.276666666666667
2022,1,9,0,0.304292,1.296,0.575
2022,1,9,6,0,2.102,0.433333333333333
2022,1,9,12,0,5.944,0
2022,1,9,18,0,3.574,0.0883333333333333
2022,1,10,0,0,2.074,0.621666666666667
2022,1,10,6,2.9059886,3.435,0.203333333333333
2022,1,10,12,2.6473404,5.231,0
2022,1,10,18,1.6127476,5.694,0
2022,1,11,0,0.7303008,6.815,0
2022,1,11,6,1.5823184,7.685,0
2022,1,11,12,7.1052182,7.769,0
2022,1,11,18,5.8424064,8.12,0
2022,1,12,0,6.6487802,8.037,0
2022,1,12,6,11.4413792,7.333,0
2022,1,12,12,2.966847,8.491,0
2022,1,12,18,0,6.704,0
2022,1,13,0,0.0456438,6.37,0
2022,1,13,6,0.380365,6.343,0
2022,1,13,12,0.2130044,8.648,0
2022,1,13,18,0,4.898,0
2022,1,14,0,0,5.037,0
2022,1,14,6,0,5.352,0
2022,1,14,12,0.1825752,8.074,0
2022,1,14,18,0.7303008,4.796,0
2022,1,15,0,0.0912876,4.704,0
2022,1,15,6,0,4.685,0
2022,1,15,12,0,6.25,0
2022,1,15,18,0,4.565,0.0216666666666667
2022,1,16,0,0,3.722,0.0783333333333334
2022,1,16,6,0,4.537,0.00833333333333333
2022,1,16,12,0,7.176,0
2022,1,16,18,0,5.065,0.005
2022,1,17,0,0,4.315,0.00833333333333333
2022,1,17,6,0.3651504,4.815,0.00333333333333333
2022,1,17,12,4.5339508,5.778,0
2022,1,17,18,2.7994864,5.046,0
2022,1,18,0,2.6016966,4.778,0
2022,1,18,6,1.0802366,4.972,0
2022,1,18,12,0.5477256,5.824,0
2022,1,18,18,0.5020818,5.111,0.00833333333333333
2022,1,19,0,0.4868672,4.806,0.00833333333333333
2022,1,19,6,0,5.343,0.00833333333333333
2022,1,19,12,0.8824468,7.852,0
2022,1,19,18,7.7746606,6.426,0
2022,1,20,0,7.8203044,7.407,0
2022,1,20,6,5.4468268,8.704,0
2022,1,20,12,1.1258804,8.093,0.00166666666666667
2022,1,20,18,0.5172964,4.898,0.0366666666666667
2022,1,21,0,0.4716526,4.713,0.0383333333333333
2022,1,21,6,0,4.611,0.0466666666666667
2022,1,21,12,0,6.157,0.00833333333333333
2022,1,21,18,0,4.37,0.02
2022,1,22,0,0,3.231,0.08
2022,1,22,6,0,3.537,0.0733333333333333
2022,1,22,12,0,6.389,0
2022,1,22,18,0,3.157,0.176666666666667
2022,1,23,0,0,3.87,0.311666666666667
2022,1,23,6,0,3.907,0.37
2022,1,23,12,0,5.417,0.0183333333333333
2022,1,23,18,0,4.509,0.00666666666666667
2022,1,24,0,0,2.981,0.12
2022,1,24,6,0,3.315,0.151666666666667
2022,1,24,12,0,5.546,0.005
2022,1,24,18,0,4.574,0.29
2022,1,25,0,0,3.407,0.616666666666667
2022,1,25,6,0,3.037,0.656666666666667
2022,1,25,12,0,4.093,0.075
2022,1,25,18,0,1.074,0.765
2022,1,26,0,0,1.574,0.733333333333333
2022,1,26,6,0,2.074,0.626666666666667
2022,1,26,12,0,4.185,0.0566666666666667
2022,1,26,18,0,2.62,0.72
2022,1,27,0,0,3.13,0.865
2022,1,27,6,0,3.176,0.831666666666667
2022,1,27,12,0,6.278,0.0816666666666667
2022,1,27,18,0,3.528,0.581666666666667
2022,1,28,0,0,2.491,0.846666666666667
2022,1,28,6,0,2.463,0.8
2022,1,28,12,0,5.231,0.0883333333333333
2022,1,28,18,0,1.463,0.765
2022,1,29,0,0,0.824,0.941666666666667
2022,1,29,6,0,1.481,0.74
2022,1,29,12,0.5172964,5.454,0.0133333333333333
2022,1,29,18,2.4951944,3.028,0.0783333333333333
2022,1,30,0,0.9737344,3.981,0.005
2022,1,30,6,0.7759446,4.87,0
2022,1,30,12,4.8534574,6.75,0
2022,1,30,18,2.7994864,3.907,0.0933333333333333
2022,1,31,0,2.7690572,2.028,0.306666666666667
2022,1,31,6,1.141095,1.769,0.41
2022,1,31,12,0.8824468,4.528,0.121666666666667
2022,1,31,18,0.076073,0.62,0.588333333333333
2022,2,1,0,0.228219,1.269,0.475
2022,2,1,6,0.6998716,1.491,0.436666666666667
2022,2,1,12,0.4412234,2.62,0.311666666666667
2022,2,1,18,0,-0.806,0.87
2022,2,2,0,0,-1.667,0.978333333333333
2022,2,2,6,0,-0.463,0.896666666666667
2022,2,2,12,0.0912876,0.88,0.57
2022,2,2,18,0.3195066,0.565,0.613333333333333
2022,2,3,0,0.3651504,1.352,0.398333333333333
2022,2,3,6,1.3236702,2.324,0.136666666666667
2022,2,3,12,0.7759446,4.222,0.0216666666666667
2022,2,3,18,0.1065022,3.657,0.0216666666666667
2022,2,4,0,0.1217168,3.519,0.0166666666666667
2022,2,4,6,1.3845286,4.389,0.0166666666666667
2022,2,4,12,1.6127476,5.907,0.00833333333333333
2022,2,4,18,1.0041636,5.639,0.00166666666666667
2022,2,5,0,0.912876,4.583,0.0133333333333333
2022,2,5,6,0.0304292,4.37,0.03
2022,2,5,12,0,6.019,0
2022,2,5,18,0,3.417,0.00833333333333333
2022,2,6,0,0,2.583,0.111666666666667
2022,2,6,6,0,4.296,0.275
2022,2,6,12,0,9.287,0
2022,2,6,18,0,5.444,0
2022,2,7,0,0.0456438,4.991,0
2022,2,7,6,0.4412234,6.204,0
2022,2,7,12,0.3499358,7.843,0
2022,2,7,18,0,4.167,0.0183333333333333
2022,2,8,0,0,3.398,0.0716666666666667
2022,2,8,6,0,4.241,0.0266666666666667
2022,2,8,12,0.3195066,6.213,0.00666666666666667
2022,2,8,18,0.1825752,4.833,0.005
2022,2,9,0,0.1825752,4.63,0
2022,2,9,6,0,5.426,0
2022,2,9,12,0,8.037,0
2022,2,9,18,0,6.676,0
2022,2,10,0,0,6.278,0
2022,2,10,6,0,5.889,0
2022,2,10,12,0,6.796,0
2022,2,10,18,0,5.019,0
2022,2,11,0,0,4.407,0.00166666666666667
2022,2,11,6,0,4.806,0.151666666666667
2022,2,11,12,0,9.13,0
2022,2,11,18,0,4.537,0.31
2022,2,12,0,0,3.296,0.92
2022,2,12,6,0,4.259,0.651666666666667
2022,2,12,12,0,9.694,0
2022,2,12,18,0,5.111,0.116666666666667
2022,2,13,0,0,3.815,0.535
2022,2,13,6,0,4.12,0.543333333333333
2022,2,13,12,0,10.787,0
2022,2,13,18,0,5.509,0.00166666666666667
2022,2,14,0,0.1977898,4.667,0.00166666666666667
2022,2,14,6,2.966847,4.574,0.01
2022,2,14,12,0.8063738,5.722,0.00666666666666667
2022,2,14,18,0.076073,2.917,0.0533333333333333
2022,2,15,0,0.076073,3.5,0.01
2022,2,15,6,0.0152146,4.111,0.00833333333333333
2022,2,15,12,0.0456438,5.398,0.0116666666666667
2022,2,15,18,0.1673606,3.731,0.0183333333333333
2022,2,16,0,0.1369314,3.565,0.03
2022,2,16,6,0,3.62,0.0483333333333333
2022,2,16,12,0,6.38,0.00333333333333333
2022,2,16,18,0,2.769,0.118333333333333
2022,2,17,0,0,2.926,0.0516666666666667
2022,2,17,6,0,4.352,0.0166666666666667
2022,2,17,12,0,5.981,0.00166666666666667
2022,2,17,18,0,4.657,0.01
2022,2,18,0,0,4.519,0.00333333333333333
2022,2,18,6,0,4.815,0.01
2022,2,18,12,0,6.991,0
2022,2,18,18,0,4.13,0.00166666666666667
2022,2,19,0,0,3.093,0.025
2022,2,19,6,4.1383712,3.389,0.0616666666666667
2022,2,19,12,3.1798514,3.898,0.0533333333333333
2022,2,19,18,2.1452586,3.62,0.035
2022,2,20,0,2.510409,2.463,0.1
2022,2,20,6,2.0083272,2.593,0.126666666666667
2022,2,20,12,1.5671038,3.5,0.111666666666667
2022,2,20,18,0.1369314,1.028,0.445
2022,2,21,0,0.0912876,0.454,0.568333333333333
2022,2,21,6,0.0152146,0.056,0.925
2022,2,21,12,0,1.028,0.853333333333333
2022,2,21,18,0,-3.722,1
2022,2,22,0,0,-5.231,1
2022,2,22,6,0,-4.926,1
2022,2,22,12,0,-1.907,1
2022,2,22,18,0,-5.343,1
2022,2,23,0,0,-7.611,1
2022,2,23,6,0,-6.241,1
2022,2,23,12,0.228219,-0.963,1
2022,2,23,18,0.1065022,-3,1
2022,2,24,0,0.2738628,-4.787,1
2022,2,24,6,0,-4.148,0.998333333333333
2022,2,24,12,0,1.667,0.74
2022,2,24,18,0,-3.583,1
2022,2,25,0,0,-5.315,1
2022,2,25,6,0,-3.639,0.936666666666667
2022,2,25,12,0,3.583,0.343333333333333
2022,2,25,18,0,-1.37,1
2022,2,26,0,0,-1.13,1
2022,2,26,6,0,1.63,0.778333333333333
2022,2,26,12,0.5629402,5.565,0.0966666666666667
2022,2,26,18,2.2974046,3.759,0.005
2022,2,27,0,2.434336,5.815,0
2022,2,27,6,3.7427916,6.917,0
2022,2,27,12,2.053971,7.898,0
2022,2,27,18,7.1052182,5.843,0.00166666666666667
2022,2,28,0,6.8161408,6.093,0
2022,2,28,6,5.3859684,5.481,0
2022,2,28,12,9.2352622,6.472,0
2022,2,28,18,3.3015682,6.694,0
2022,3,1,0,3.0124908,6.102,0
2022,3,1,6,4.0166544,7.315,0
2022,3,1,12,2.586482,10.491,0
2022,3,1,18,1.3388848,8.093,0
2022,3,2,0,3.6971478,6.796,0
2022,3,2,6,8.9613994,6.37,0
2022,3,2,12,3.3928558,7.296,0
2022,3,2,18,2.2213316,5.722,0.00166666666666667
2022,3,3,0,2.0235418,4.481,0.0166666666666667
2022,3,3,6,0.0608584,4.343,0.0533333333333333
2022,3,3,12,0.1065022,6.741,0.0216666666666667
2022,3,3,18,0,2.861,0.208333333333333
2022,3,4,0,0,2.583,0.156666666666667
2022,3,4,6,0,3.676,0.105
2022,3,4,12,0,7.75,0
2022,3,4,18,0,2.944,0.125
2022,3,5,0,0,0.796,0.676666666666667
2022,3,5,6,0,2.269,0.43
2022,3,5,12,0,8.491,0
2022,3,5,18,0,2.917,0.261666666666667
2022,3,6,0,0,-0.093,0.79
2022,3,6,6,0,2.083,0.448333333333333
2022,3,6,12,0,8.917,0
2022,3,6,18,0,3.491,0.126666666666667
2022,3,7,0,0,1.278,0.403333333333333
2022,3,7,6,0,3.389,0.0566666666666667
2022,3,7,12,0.1825752,6.694,0.00833333333333333
2022,3,7,18,0.0152146,3.926,0.0433333333333333
2022,3,8,0,0.0912876,3.491,0.0266666666666667
2022,3,8,6,0.3499358,5.157,0.0666666666666667
2022,3,8,12,0.0152146,8.861,0.108333333333333
2022,3,8,18,0,2.333,0.841666666666667
2022,3,9,0,0,0.25,1
2022,3,9,6,0,0.954,0.998333333333333
2022,3,9,12,0,5.139,0.706666666666667
2022,3,9,18,0,-0.963,1
2022,3,10,0,0,-3.194,1
2022,3,10,6,0,-0.185,0.89
2022,3,10,12,0,5.12,0.27
2022,3,10,18,0.1065022,1.981,0.625
2022,3,11,0,0,0.75,0.666666666666667
2022,3,11,6,1.4301724,1.62,0.398333333333333
2022,3,11,12,0.7150862,4.676,0.025
2022,3,11,18,0.5477256,3.352,0.0616666666666667
2022,3,12,0,0.7455154,2.907,0.0866666666666667
2022,3,12,6,0.304292,4.519,0.0433333333333333
2022,3,12,12,0.0304292,9.093,0.005
2022,3,12,18,1.0041636,4.833,0.00333333333333333
2022,3,13,0,1.1106658,4.324,0.00166666666666667
2022,3,13,6,0.1825752,5.963,0.005
2022,3,13,12,0.380365,9.574,0
2022,3,13,18,2.8603448,6.852,0
2022,3,14,0,2.358263,5.315,0.00166666666666667
2022,3,14,6,2.8603448,5.593,0.00333333333333333
2022,3,14,12,3.2863536,6.509,0.00333333333333333
2022,3,14,18,3.9101522,4.852,0.00166666666666667
2022,3,15,0,4.9751742,4.685,0
2022,3,15,6,4.4730924,6.278,0.00666666666666667
2022,3,15,12,2.053971,7.176,0.005
2022,3,15,18,1.9626834,4.778,0.01
2022,3,16,0,1.8105374,2.898,0.07
2022,3,16,6,0.1825752,4.685,0.0383333333333333
2022,3,16,12,0.1977898,8.824,0.00333333333333333
2022,3,16,18,0,4.444,0.0133333333333333
2022,3,17,0,0.152146,4.259,0.01
2022,3,17,6,2.4951944,4.722,0.01
2022,3,17,12,5.249037,5.306,0.01
2022,3,17,18,1.6431768,4.472,0.005
2022,3,18,0,1.52146,3.87,0.0133333333333333
2022,3,18,6,1.065022,5.407,0.00833333333333333
2022,3,18,12,1.6431768,8.463,0
2022,3,18,18,1.8105374,6.537,0
2022,3,19,0,1.7192498,5.5,0
2022,3,19,6,3.7123624,5.167,0.0133333333333333
2022,3,19,12,1.2780264,7.065,0.02
2022,3,19,18,0.836803,3.12,0.141666666666667
2022,3,20,0,0.8215884,1.574,0.25
2022,3,20,6,0.532511,3.167,0.196666666666667
2022,3,20,12,1.6583914,5.602,0.0233333333333333
2022,3,20,18,2.8451302,4.13,0.0233333333333333
2022,3,21,0,3.4841434,3.491,0.045
2022,3,21,6,5.553329,4.269,0.0233333333333333
2022,3,21,12,0.4260088,6.852,0
2022,3,21,18,0.1673606,6.037,0
2022,3,22,0,0.1825752,6.259,0
2022,3,22,6,0.0456438,7.722,0
2022,3,22,12,0,11.481,0
2022,3,22,18,0,9.278,0
2022,3,23,0,0,8.074,0
2022,3,23,6,0.6390132,8.972,0
2022,3,23,12,5.9032648,8.787,0
2022,3,23,18,0.076073,5.481,0.00833333333333333
2022,3,24,0,0.076073,2.074,0.21
2022,3,24,6,0,4.019,0.188333333333333
2022,3,24,12,0,10.852,0
2022,3,24,18,0,7.019,0
2022,3,25,0,0,5.25,0.0166666666666667
2022,3,25,6,0,7.278,0.00333333333333333
2022,3,25,12,0.1977898,11.296,0
2022,3,25,18,0.0304292,7.185,0
2022,3,26,0,0.3651504,5.741,0
2022,3,26,6,1.0345928,7.537,0
2022,3,26,12,0.1977898,11.185,0
2022,3,26,18,0.076073,9.009,0
2022,3,27,0,0.0456438,8.083,0
2022,3,27,6,0,10.463,0
2022,3,27,12,0.0304292,14.38,0
2022,3,27,18,0.0608584,10.028,0
2022,3,28,0,0.3347212,8.231,0
2022,3,28,6,4.8230282,8.241,0
2022,3,28,12,0.608584,10.435,0
2022,3,28,18,0.076073,7.685,0
2022,3,29,0,0.076073,5.611,0
2022,3,29,6,0,7.694,0
2022,3,29,12,0.2738628,12.056,0
2022,3,29,18,0.5477256,8.787,0
2022,3,30,0,0.532511,6.019,0.00666666666666667
2022,3,30,6,1.369314,6.083,0.0116666666666667
2022,3,30,12,0.76073,9.778,0
2022,3,30,18,0.3499358,4.954,0.0233333333333333
2022,3,31,0,0.6694424,3.944,0.0616666666666667
2022,3,31,6,1.217168,4.676,0.0616666666666667
2022,3,31,12,0.9585198,8.472,0.0116666666666667
2022,3,31,18,0.0456438,3.852,0.105
2022,4,1,0,0.0456438,1.731,0.28
2022,4,1,6,0,4.778,0.0766666666666667
2022,4,1,12,0.0608584,8.167,0
2022,4,1,18,2.2974046,5.38,0.00333333333333333
2022,4,2,0,1.3236702,3.611,0.0483333333333333
2022,4,2,6,0.076073,5.241,0.055
2022,4,2,12,0.076073,9.37,0
2022,4,2,18,0,6.315,0.00833333333333333
2022,4,3,0,0.304292,5.13,0.0133333333333333
2022,4,3,6,2.1909024,6.62,0.00833333333333333
2022,4,3,12,2.7690572,8.019,0
2022,4,3,18,4.8838866,6.398,0
2022,4,4,0,4.5187362,5.491,0.00666666666666667
2022,4,4,6,5.3403246,4.796,0.0433333333333333
2022,4,4,12,2.510409,4.88,0.0616666666666667
2022,4,4,18,3.04292,3.278,0.0966666666666667
2022,4,5,0,3.3319974,2.981,0.11
2022,4,5,6,5.096891,3.25,0.153333333333333
2022,4,5,12,2.6321258,7.009,0.0283333333333333
2022,4,5,18,0.1977898,3.139,0.205
2022,4,6,0,0.1977898,0.167,0.838333333333333
2022,4,6,6,0,3.972,0.363333333333333
2022,4,6,12,0,11.935,0
2022,4,6,18,0,8.065,0
2022,4,7,0,0,6.472,0
2022,4,7,6,0,10.333,0
2022,4,7,12,0,18.194,0
2022,4,7,18,2.0387564,13.009,0
2022,4,8,0,3.3776412,8.435,0
2022,4,8,6,1.4910308,6.907,0
2022,4,8,12,1.0345928,8.546,0.005
2022,4,8,18,0.8976614,4.667,0.04
2022,4,9,0,1.2628118,3.111,0.0983333333333333
2022,4,9,6,2.7538426,3.972,0.105
2022,4,9,12,2.4495506,6.639,0.0633333333333333
2022,4,9,18,0.1825752,2.898,0.291666666666667
2022,4,10,0,0.1977898,1.333,0.565
2022,4,10,6,0.1217168,3.435,0.268333333333333
2022,4,10,12,1.0345928,5.546,0.0916666666666667
2022,4,10,18,0.228219,1.472,0.336666666666667
2022,4,11,0,0.228219,-0.157,0.92
2022,4,11,6,0,4.907,0.38
2022,4,11,12,0,9.509,0.035
2022,4,11,18,0.0456438,4.065,0.153333333333333
2022,4,12,0,0.1369314,2.102,0.241666666666667
2022,4,12,6,0.456438,3.241,0.19
2022,4,12,12,0.2890774,4.731,0.138333333333333
2022,4,12,18,0.1673606,1.769,0.521666666666667
2022,4,13,0,0.1673606,-0.63,0.991666666666667
2022,4,13,6,0,4.259,0.463333333333333
2022,4,13,12,0.1825752,7.278,0.0766666666666667
2022,4,13,18,0.0912876,1.935,0.551666666666667
2022,4,14,0,0.0912876,-1.046,1
2022,4,14,6,0,3.074,0.53
2022,4,14,12,0,7.556,0.075
2022,4,14,18,0,2.083,0.416666666666667
2022,4,15,0,0,-0.704,0.916666666666667
2022,4,15,6,0.4107942,3.398,0.371666666666667
2022,4,15,12,0.380365,6.648,0.0516666666666667
2022,4,15,18,0,2.065,0.43
2022,4,16,0,0,-0.991,1
2022,4,16,6,0.0304292,3.722,0.438333333333333
2022,4,16,12,0.1825752,8.444,0.0233333333333333
2022,4,16,18,0.0152146,3.398,0.18
2022,4,17,0,0.0152146,1.241,0.378333333333333
2022,4,17,6,0.3195066,5.398,0.095
2022,4,17,12,0.1217168,11.185,0.00166666666666667
2022,4,17,18,0,6.917,0.02
2022,4,18,0,0.1673606,6.167,0.0183333333333333
2022,4,18,6,0.76073,6.222,0
2022,4,18,12,0.6694424,7.602,0
2022,4,18,18,4.6556676,4.056,0.04
2022,4,19,0,4.6708822,2.657,0.0933333333333333
2022,4,19,6,1.2323826,4.037,0.0766666666666667
2022,4,19,12,1.0041636,7.861,0.01
2022,4,19,18,0.0152146,3.37,0.298333333333333
2022,4,20,0,0.0152146,0.435,0.89
2022,4,20,6,0,5.935,0.233333333333333
2022,4,20,12,0.152146,10.944,0.00166666666666667
2022,4,20,18,0.3651504,6.074,0.00166666666666667
2022,4,21,0,0.380365,2.954,0.105
2022,4,21,6,0.0304292,6.176,0.005
2022,4,21,12,0.2738628,10.537,0
2022,4,21,18,0.152146,6.759,0.00333333333333333
2022,4,22,0,0.152146,4.509,0.00833333333333333
2022,4,22,6,0.0304292,7.519,0.00166666666666667
2022,4,22,12,0.1673606,11.5,0
2022,4,22,18,0,6.713,0.00333333333333333
2022,4,23,0,0,3.213,0.02
2022,4,23,6,0,7.852,0.00166666666666667
2022,4,23,12,0,13.213,0
2022,4,23,18,0,7.991,0
2022,4,24,0,0,4.046,0.0116666666666667
2022,4,24,6,0,9.759,0.005
2022,4,24,12,0,17.12,0
2022,4,24,18,1.0498074,11.25,0
2022,4,25,0,0.8520176,7.852,0
2022,4,25,6,2.6777696,7.5,0
2022,4,25,12,0.836803,9.722,0
2022,4,25,18,1.5518892,5.981,0.00833333333333333
2022,4,26,0,1.5366746,3.944,0.035
2022,4,26,6,0.1217168,6.185,0.0183333333333333
2022,4,26,12,1.749679,9.083,0
2022,4,26,18,0.0912876,4.63,0.0583333333333333
2022,4,27,0,0,2.306,0.155
2022,4,27,6,0.1673606,5.028,0.0433333333333333
2022,4,27,12,0.152146,9.769,0
2022,4,27,18,0,5.278,0.0366666666666667
2022,4,28,0,0,2.63,0.108333333333333
2022,4,28,6,0,7.019,0.0116666666666667
2022,4,28,12,0.4412234,10.222,0
2022,4,28,18,0.0456438,5.741,0.00666666666666667
2022,4,29,0,0.0456438,3.324,0.0266666666666667
2022,4,29,6,0.4260088,7.898,0.00166666666666667
2022,4,29,12,0.3499358,12.722,0
2022,4,29,18,0.0608584,9.343,0
2022,4,30,0,0.228219,7.167,0
2022,4,30,6,2.8451302,8.083,0
2022,4,30,12,0.6694424,12.213,0
2022,4,30,18,0.1369314,8.361,0
2022,5,1,0,0.1217168,4.519,0
2022,5,1,6,0.304292,9.324,0
2022,5,1,12,0.456438,12.991,0
2022,5,1,18,0,10.046,0
2022,5,2,0,0.3955796,8.704,0
2022,5,2,6,2.510409,8.639,0
2022,5,2,12,0.1369314,10.25,0
2022,5,2,18,0,8.685,0
2022,5,3,0,0.0152146,7.833,0
2022,5,3,6,0.3347212,9.009,0
2022,5,3,12,0.7759446,10.269,0
2022,5,3,18,0.228219,6.981,0
2022,5,4,0,0.6390132,6.102,0
2022,5,4,6,3.575431,8.019,0
2022,5,4,12,0.2434336,11.611,0
2022,5,4,18,2.8451302,9.481,0
2022,5,5,0,2.662555,8.463,0
2022,5,5,6,5.0664618,8.593,0
2022,5,5,12,3.9862252,7.5,0
2022,5,5,18,3.651504,6.704,0
2022,5,6,0,3.7123624,4.361,0.015
2022,5,6,6,0.1369314,7.713,0.005
2022,5,6,12,2.0691856,9.417,0
2022,5,6,18,0.8976614,7.037,0
2022,5,7,0,0.76073,5.222,0.00333333333333333
2022,5,7,6,0.4868672,7.361,0.005
2022,5,7,12,0.2890774,10.333,0
2022,5,7,18,0.1369314,6.065,0.02
2022,5,8,0,0.152146,2.491,0.161666666666667
2022,5,8,6,0.2738628,5.231,0.0516666666666667
2022,5,8,12,0.4716526,9.333,0.00333333333333333
2022,5,8,18,0.0456438,5.093,0.0333333333333333
2022,5,9,0,0.0456438,3.222,0.0366666666666667
2022,5,9,6,0.2738628,5.935,0.0116666666666667
2022,5,9,12,0.152146,10.213,0
2022,5,9,18,0,7.481,0.00166666666666667
2022,5,10,0,0.0152146,4.037,0.0283333333333333
2022,5,10,6,0.152146,7.852,0.00333333333333333
2022,5,10,12,0,12.324,0
2022,5,10,18,0,7.574,0.00666666666666667
2022,5,11,0,0,4.907,0.01
2022,5,11,6,0.1673606,9.176,0
2022,5,11,12,0.0608584,13.028,0
2022,5,11,18,0.0912876,8.759,0
2022,5,12,0,0.0304292,6.593,0.00666666666666667
2022,5,12,6,0.152146,9.056,0
2022,5,12,12,3.0124908,8.333,0
2022,5,12,18,1.597533,4.704,0.0333333333333333
2022,5,13,0,1.8713958,3.741,0.0533333333333333
2022,5,13,6,1.293241,6.269,0.0366666666666667
2022,5,13,12,0.076073,11.083,0
2022,5,13,18,0.0152146,7.889,0.00333333333333333
2022,5,14,0,0.3955796,5.954,0.00166666666666667
2022,5,14,6,2.358263,7.657,0
2022,5,14,12,0.5629402,13,0
2022,5,14,18,0.076073,10.694,0
2022,5,15,0,0.76073,8.889,0
2022,5,15,6,4.0470836,10.685,0
2022,5,15,12,5.2033932,12.435,0
2022,5,15,18,1.8866104,11.454,0
2022,5,16,0,1.9322542,10.25,0
2022,5,16,6,3.5906456,9.806,0
2022,5,16,12,1.217168,10.833,0
2022,5,16,18,0.2434336,7.426,0
2022,5,17,0,0.2434336,4.685,0.0133333333333333
2022,5,17,6,0.4412234,8.13,0.00166666666666667
2022,5,17,12,0.8976614,12.444,0
2022,5,17,18,0,9.019,0
2022,5,18,0,0.4716526,7.38,0
2022,5,18,6,2.2213316,8.407,0
2022,5,18,12,0.8672322,10.824,0
2022,5,18,18,0.6998716,7.269,0.005
2022,5,19,0,0.6694424,4.843,0.0283333333333333
2022,5,19,6,0.0456438,7.417,0.01
2022,5,19,12,0,10.852,0
2022,5,19,18,0,7.713,0.00333333333333333
2022,5,20,0,0,4.176,0.00833333333333333
2022,5,20,6,0,9.204,0
2022,5,20,12,0.1369314,14.88,0
2022,5,20,18,0.0608584,9.417,0
2022,5,21,0,0.076073,4.991,0
2022,5,21,6,0.0152146,10.981,0
2022,5,21,12,0.0912876,17.093,0
2022,5,21,18,0,11.13,0
2022,5,22,0,0,6.519,0
2022,5,22,6,0,12.556,0
2022,5,22,12,0,19.231,0
2022,5,22,18,0,13.065,0
2022,5,23,0,0,9.981,0
2022,5,23,6,0.1065022,11.472,0
2022,5,23,12,0.4260088,14.935,0
2022,5,23,18,0,10.528,0
2022,5,24,0,0,6.991,0
2022,5,24,6,0.0608584,11.213,0
2022,5,24,12,0.380365,14.713,0
2022,5,24,18,0.2890774,11.074,0
2022,5,25,0,0.2890774,9.361,0
2022,5,25,6,0.1217168,11.5,0
2022,5,25,12,0.5477256,16.574,0
2022,5,25,18,0.0304292,12.213,0
2022,5,26,0,0.0152146,8.426,0
2022,5,26,6,0,14.083,0
2022,5,26,12,1.673606,16.491,0
2022,5,26,18,4.107942,12.852,0
2022,5,27,0,4.1231566,11.426,0
2022,5,27,6,1.217168,10.37,0
2022,5,27,12,1.8713958,13.583,0
2022,5,27,18,1.0193782,10.13,0
2022,5,28,0,1.0193782,7.519,0
2022,5,28,6,0.532511,10.426,0
2022,5,28,12,0.8672322,13.843,0
2022,5,28,18,2.2517608,10.139,0
2022,5,29,0,2.6929842,8.602,0
2022,5,29,6,4.0927274,10.093,0
2022,5,29,12,14.5147284,13.62,0
2022,5,29,18,0.0608584,9.843,0
2022,5,30,0,0.1065022,7.222,0
2022,5,30,6,0.6542278,8.546,0
2022,5,30,12,0.4716526,11.796,0
2022,5,30,18,0,10.148,0
2022,5,31,0,0,9.333,0
2022,5,31,6,0,13.102,0
2022,5,31,12,0,18.537,0
2022,5,31,18,0,14.565,0
2022,6,1,0,0,11.37,0
2022,6,1,6,0,17.37,0
2022,6,1,12,0.2586482,20.167,0
2022,6,1,18,0.1369314,14.769,0
2022,6,2,0,0.1673606,12.722,0
2022,6,2,6,0.1977898,17.194,0
2022,6,2,12,0.9585198,21.417,0
2022,6,2,18,0.912876,15.259,0
2022,6,3,0,1.2019534,12.898,0
2022,6,3,6,5.5685436,13.796,0
2022,6,3,12,4.336161,14.62,0
2022,6,3,18,0.836803,12.269,0
2022,6,4,0,0.836803,10.935,0
2022,6,4,6,0.0456438,14.472,0
2022,6,4,12,1.065022,18.704,0
2022,6,4,18,2.2517608,14.25,0
2022,6,5,0,2.8451302,13.176,0
2022,6,5,6,3.3015682,14.259,0
2022,6,5,12,8.6571074,13.759,0
2022,6,5,18,3.879723,10.852,0
2022,6,6,0,3.6058602,8.574,0
2022,6,6,6,0,11.602,0
2022,6,6,12,0,15.056,0
2022,6,6,18,0,10.917,0
2022,6,7,0,0,6.778,0
2022,6,7,6,0,14.194,0
2022,6,7,12,0,21.38,0
2022,6,7,18,2.7842718,15.269,0
2022,6,8,0,1.6279622,12.287,0
2022,6,8,6,0,14.537,0
2022,6,8,12,0,17.704,0
2022,6,8,18,0,13.065,0
2022,6,9,0,0,10.954,0
2022,6,9,6,2.2213316,12.407,0
2022,6,9,12,6.5270634,12.269,0
2022,6,9,18,4.4730924,11.944,0
2022,6,10,0,4.5035216,11.972,0
2022,6,10,6,1.3084556,14.806,0
2022,6,10,12,2.966847,17.843,0
2022,6,10,18,0.8520176,13.13,0
2022,6,11,0,0.8976614,11.389,0
2022,6,11,6,0.5020818,13.204,0
2022,6,11,12,0.8824468,17.731,0
2022,6,11,18,0.1065022,13.37,0
2022,6,12,0,0.1825752,10.537,0
2022,6,12,6,1.1715242,10.806,0
2022,6,12,12,2.890774,13.333,0
2022,6,12,18,0.912876,10.935,0
2022,6,13,0,0.988949,8.87,0
2022,6,13,6,1.7040352,9.926,0
2022,6,13,12,0.4107942,13.241,0
2022,6,13,18,0.8672322,10.12,0
2022,6,14,0,0.7150862,8.306,0
2022,6,14,6,0.3651504,9.259,0
2022,6,14,12,0.1065022,13.333,0
2022,6,14,18,0.0152146,11.056,0
2022,6,15,0,0.0152146,9.037,0
2022,6,15,6,0,12.593,0
2022,6,15,12,0.7303008,14.028,0
2022,6,15,18,0.3955796,11.315,0
2022,6,16,0,0.2434336,9.824,0
2022,6,16,6,0.3955796,13.25,0
2022,6,16,12,0.6998716,16.287,0
2022,6,16,18,0.076073,12.278,0
2022,6,17,0,0.0608584,9.231,0
2022,6,17,6,0,12.88,0
2022,6,17,12,1.4758162,16.037,0
2022,6,17,18,0.4716526,12.046,0
2022,6,18,0,0.456438,10.167,0
2022,6,18,6,0.3195066,11.556,0
2022,6,18,12,0.4412234,14.352,0
2022,6,18,18,0.0456438,12.102,0
2022,6,19,0,0.076073,10.361,0
2022,6,19,6,0.380365,11.167,0
2022,6,19,12,0.3955796,14.176,0
2022,6,19,18,0.152146,12.259,0
2022,6,20,0,0.152146,10.509,0
2022,6,20,6,0,12.602,0
2022,6,20,12,0,16.593,0
2022,6,20,18,0,13.435,0
2022,6,21,0,0,10.824,0
2022,6,21,6,0,15.528,0
2022,6,21,12,0,18.343,0
2022,6,21,18,1.5671038,15.435,0
2022,6,22,0,1.2475972,13.556,0
2022,6,22,6,0.0304292,14.074,0
2022,6,22,12,0,18.38,0
2022,6,22,18,0,13.296,0
2022,6,23,0,0,10.213,0
2022,6,23,6,0,12.657,0
2022,6,23,12,0,17.343,0
2022,6,23,18,0,12.343,0
2022,6,24,0,0,8.13,0
2022,6,24,6,0,14.806,0
2022,6,24,12,0,22.231,0
2022,6,24,18,0,16.361,0
2022,6,25,0,0,12.38,0
2022,6,25,6,0,19.63,0
2022,6,25,12,0,27.157,0
2022,6,25,18,0,20.361,0
2022,6,26,0,0,15.62,0
2022,6,26,6,0,21.889,0
2022,6,26,12,0,29.111,0
2022,6,26,18,0,21.861,0
2022,6,27,0,0,17,0
2022,6,27,6,0,23.296,0
2022,6,27,12,0,30.13,0
2022,6,27,18,0.0152146,21.806,0
2022,6,28,0,0.0152146,14.657,0
2022,6,28,6,0,16.676,0
2022,6,28,12,0.456438,16.611,0
2022,6,28,18,0.6542278,12.815,0
2022,6,29,0,0.608584,12.065,0
2022,6,29,6,0,13.361,0
2022,6,29,12,0,16.167,0
2022,6,29,18,0,13.944,0
2022,6,30,0,0,10.269,0
2022,6,30,6,0,15.25,0
2022,6,30,12,0,21.204,0
2022,6,30,18,0,15.954,0
2022,7,1,0,0,11.519,0
2022,7,1,6,0,16.528,0
2022,7,1,12,0,22.306,0
2022,7,1,18,0,16.12,0
2022,7,2,0,0,11.62,0
2022,7,2,6,0,15.87,0
2022,7,2,12,0,19.954,0
2022,7,2,18,0,15.213,0
2022,7,3,0,0.0304292,12.361,0
2022,7,3,6,4.184015,12.454,0
2022,7,3,12,0.076073,12.787,0
2022,7,3,18,0.1977898,11.611,0
2022,7,4,0,0.1977898,11.009,0
2022,7,4,6,0,13.009,0
2022,7,4,12,0,16.157,0
2022,7,4,18,0,13.343,0
2022,7,5,0,0,10.861,0
2022,7,5,6,0,16.287,0
2022,7,5,12,0,21.806,0
2022,7,5,18,0.0152146,17.287,0
2022,7,6,0,0.0152146,14.37,0
2022,7,6,6,0.076073,17.435,0
2022,7,6,12,0.6390132,21.194,0
2022,7,6,18,0.8976614,16.537,0
2022,7,7,0,0.6542278,14.444,0
2022,7,7,6,0.0456438,15.917,0
2022,7,7,12,0.1673606,20.556,0
2022,7,7,18,0,16.204,0
2022,7,8,0,0,13.38,0
2022,7,8,6,0,16.565,0
2022,7,8,12,0,20.343,0
2022,7,8,18,0,15.935,0
2022,7,9,0,0,12.065,0
2022,7,9,6,0,16.25,0
2022,7,9,12,0.0152146,20.861,0
2022,7,9,18,0,16.037,0
2022,7,10,0,0,12.769,0
2022,7,10,6,0,16.139,0
2022,7,10,12,0,21.093,0
2022,7,10,18,0,16.259,0
2022,7,11,0,0,11.87,0
2022,7,11,6,0,18.231,0
2022,7,11,12,0,26.333,0
2022,7,11,18,0,20.056,0
2022,7,12,0,0,15.019,0
2022,7,12,6,0,19.907,0
2022,7,12,12,0,25.25,0
2022,7,12,18,0,17.306,0
2022,7,13,0,0,11.991,0
2022,7,13,6,0,15.565,0
2022,7,13,12,0,21.278,0
2022,7,13,18,0,15.343,0
2022,7,14,0,0,11.019,0
2022,7,14,6,0,16.528,0
2022,7,14,12,0,23.204,0
2022,7,14,18,0,16.981,0
2022,7,15,0,0,13.222,0
2022,7,15,6,0,17.13,0
2022,7,15,12,0.2586482,19.426,0
2022,7,15,18,0.0304292,16.176,0
2022,7,16,0,0.2586482,14.398,0
2022,7,16,6,0.380365,15.824,0
2022,7,16,12,0.380365,18.481,0
2022,7,16,18,0.0304292,14.556,0
2022,7,17,0,0.0304292,12.185,0
2022,7,17,6,0.152146,13.815,0
2022,7,17,12,1.3845286,16.407,0
2022,7,17,18,0.5172964,13.574,0
2022,7,18,0,0.5172964,11.944,0
2022,7,18,6,0.0456438,13.361,0
2022,7,18,12,0.1217168,17.148,0
2022,7,18,18,0,14.287,0
2022,7,19,0,0,10.75,0
2022,7,19,6,0,16.481,0
2022,7,19,12,0,23.981,0
2022,7,19,18,0,17.537,0
2022,7,20,0,0,13,0
2022,7,20,6,0,18.667,0
2022,7,20,12,0,25.713,0
2022,7,20,18,0,18.824,0
2022,7,21,0,0,13.815,0
2022,7,21,6,0,18.852,0
2022,7,21,12,0,25.12,0
2022,7,21,18,0,18.019,0
2022,7,22,0,0,13.546,0
2022,7,22,6,0,15.935,0
2022,7,22,12,0,20.639,0
2022,7,22,18,0,15.213,0
2022,7,23,0,0,11.63,0
2022,7,23,6,0,15.389,0
2022,7,23,12,0,21.463,0
2022,7,23,18,0,16.315,0
2022,7,24,0,0,12.074,0
2022,7,24,6,0,17.648,0
2022,7,24,12,0,24.981,0
2022,7,24,18,0,18.731,0
2022,7,25,0,0,14.426,0
2022,7,25,6,0,20.398,0
2022,7,25,12,0,28,0
2022,7,25,18,0,21.454,0
2022,7,26,0,0,18.231,0
2022,7,26,6,0,24.296,0
2022,7,26,12,0,31.907,0
2022,7,26,18,0,23.991,0
2022,7,27,0,0,19.491,0
2022,7,27,6,0,23.954,0
2022,7,27,12,0,30.796,0
2022,7,27,18,0,23.028,0
2022,7,28,0,0,18.648,0
2022,7,28,6,0,23.315,0
2022,7,28,12,0,31.259,0
2022,7,28,18,0,23.546,0
2022,7,29,0,0,18.741,0
2022,7,29,6,0,23.454,0
2022,7,29,12,0,32.037,0
2022,7,29,18,0,23.407,0
2022,7,30,0,0,18.343,0
2022,7,30,6,0,23.083,0
2022,7,30,12,0,30.907,0
2022,7,30,18,0,22.139,0
2022,7,31,0,0,17.454,0
2022,7,31,6,0,22.231,0
2022,7,31,12,0,30.88,0
2022,7,31,18,0,21.787,0
2022,8,1,0,0,16.694,0
2022,8,1,6,0,20.648,0
2022,8,1,12,0,25.75,0
2022,8,1,18,0,18.62,0
2022,8,2,0,0,14,0
2022,8,2,6,0,16.602,0
2022,8,2,12,0,21.426,0
2022,8,2,18,0,16.111,0
2022,8,3,0,0,12.454,0
2022,8,3,6,0,16.426,0
2022,8,3,12,0,21.583,0
2022,8,3,18,3.1798514,15.787,0
2022,8,4,0,1.9170396,12.926,0
2022,8,4,6,0.380365,13.963,0
2022,8,4,12,0.0912876,17.676,0
2022,8,4,18,0,13.37,0
2022,8,5,0,0,9.62,0
2022,8,5,6,0,15.213,0
2022,8,5,12,0,22.287,0
2022,8,5,18,0,16.806,0
2022,8,6,0,0,12.352,0
2022,8,6,6,0,17.954,0
2022,8,6,12,0,25.528,0
2022,8,6,18,0,18.398,0
2022,8,7,0,0,13.843,0
2022,8,7,6,0,19.565,0
2022,8,7,12,0,27.667,0
2022,8,7,18,0,19.843,0
2022,8,8,0,0,15.102,0
2022,8,8,6,0,20.574,0
2022,8,8,12,0,28.241,0
2022,8,8,18,0,20.5,0
2022,8,9,0,0,15.759,0
2022,8,9,6,0,19.037,0
2022,8,9,12,0.0304292,23.833,0
2022,8,9,18,0,19.25,0
2022,8,10,0,0,15.833,0
2022,8,10,6,0,18.37,0
2022,8,10,12,0,20.667,0
2022,8,10,18,0,17.046,0
2022,8,11,0,0,14.88,0
2022,8,11,6,0,17.898,0
2022,8,11,12,0,23.954,0
2022,8,11,18,0,17.556,0
2022,8,12,0,0,13.556,0
2022,8,12,6,0,18.028,0
2022,8,12,12,0,24.176,0
2022,8,12,18,0,17.537,0
2022,8,13,0,0,14.361,0
2022,8,13,6,0,16.296,0
2022,8,13,12,0,20.194,0
2022,8,13,18,0,15.361,0
2022,8,14,0,0,11.444,0
2022,8,14,6,0,16.62,0
2022,8,14,12,0,24.13,0
2022,8,14,18,0,17.231,0
2022,8,15,0,0,13.861,0
2022,8,15,6,0,18.194,0
2022,8,15,12,0,26.093,0
2022,8,15,18,0,18.667,0
2022,8,16,0,0,15.333,0
2022,8,16,6,0,19.102,0
2022,8,16,12,0,25.907,0
2022,8,16,18,0,18.574,0
2022,8,17,0,0,14.778,0
2022,8,17,6,0,20.602,0
2022,8,17,12,0,29.694,0
2022,8,17,18,0,22.63,0
2022,8,18,0,0,18.731,0
2022,8,18,6,0,22.528,0
2022,8,18,12,0,30.296,0
2022,8,18,18,0,23.667,0
2022,8,19,0,0,20.694,0
2022,8,19,6,0,21.593,0
2022,8,19,12,0,25.481,0
2022,8,19,18,0,20.306,0
2022,8,20,0,0,16.296,0
2022,8,20,6,0,18.13,0
2022,8,20,12,0,23.444,0
2022,8,20,18,0,18.583,0
2022,8,21,0,0,16.787,0
2022,8,21,6,0,18.306,0
2022,8,21,12,0,23.491,0
2022,8,21,18,0,18.102,0
2022,8,22,0,0,15.269,0
2022,8,22,6,0,19.065,0
2022,8,22,12,0,25.731,0
2022,8,22,18,0,18.111,0
2022,8,23,0,0,13.833,0
2022,8,23,6,0,17.546,0
2022,8,23,12,0,24.25,0
2022,8,23,18,0,18.296,0
2022,8,24,0,0,14.981,0
2022,8,24,6,0,19.935,0
2022,8,24,12,0,27.87,0
2022,8,24,18,0,21.278,0
2022,8,25,0,0,17.528,0
2022,8,25,6,0,21.278,0
2022,8,25,12,0,27.944,0
2022,8,25,18,0,20.954,0
2022,8,26,0,0,16.565,0
2022,8,26,6,0,16.75,0
2022,8,26,12,0,18.352,0
2022,8,26,18,0,15.88,0
2022,8,27,0,0,13.287,0
2022,8,27,6,0,14.333,0
2022,8,27,12,0,18,0
2022,8,27,18,0,13.278,0
2022,8,28,0,0,11.287,0
2022,8,28,6,0,15.398,0
2022,8,28,12,0,21.63,0
2022,8,28,18,0,15.241,0
2022,8,29,0,0,12.537,0
2022,8,29,6,0,17.806,0
2022,8,29,12,0,26.343,0
2022,8,29,18,0,19.38,0
2022,8,30,0,0,15.889,0
2022,8,30,6,0,20.917,0
2022,8,30,12,0,29.5,0
2022,8,30,18,0,21.972,0
2022,8,31,0,0,18.065,0
2022,8,31,6,0,21.435,0
2022,8,31,12,0,27.898,0
2022,8,31,18,0,21.009,0
2022,9,1,0,0,15.491,0
2022,9,1,6,0,18.12,0
2022,9,1,12,0,24.972,0
2022,9,1,18,0,18.361,0
2022,9,2,0,0,14.898,0
2022,9,2,6,0,18.759,0
2022,9,2,12,0,27.352,0
2022,9,2,18,0,19.435,0
2022,9,3,0,0,14.806,0
2022,9,3,6,0,16.074,0
2022,9,3,12,0,20.833,0
2022,9,3,18,0,15.843,0
2022,9,4,0,0,13.222,0
2022,9,4,6,0,16.472,0
2022,9,4,12,0.1217168,18.815,0
2022,9,4,18,0.1217168,14.491,0
2022,9,5,0,0.1217168,10.796,0
2022,9,5,6,0,13.944,0
2022,9,5,12,0,19.926,0
2022,9,5,18,0,12.991,0
2022,9,6,0,0,9.63,0
2022,9,6,6,0,14.722,0
2022,9,6,12,0,23.574,0
2022,9,6,18,0,15.926,0
2022,9,7,0,0,11.898,0
2022,9,7,6,0,15.213,0
2022,9,7,12,0,20.907,0
2022,9,7,18,0,13.583,0
2022,9,8,0,0,9.528,0
2022,9,8,6,0,13.093,0
2022,9,8,12,0,20.12,0
2022,9,8,18,0,13.343,0
2022,9,9,0,0,10.389,0
2022,9,9,6,0,16.824,0
2022,9,9,12,0,25.157,0
2022,9,9,18,0,17.231,0
2022,9,10,0,0,13.435,0
2022,9,10,6,0,17.926,0
2022,9,10,12,0,27.111,0
2022,9,10,18,0,18.398,0
2022,9,11,0,0,14.519,0
2022,9,11,6,0,17.954,0
2022,9,11,12,0,25.454,0
2022,9,11,18,0,16.657,0
2022,9,12,0,0,13.935,0
2022,9,12,6,0,16.269,0
2022,9,12,12,0,20.593,0
2022,9,12,18,0,14.222,0
2022,9,13,0,0,11.528,0
2022,9,13,6,0,14.528,0
2022,9,13,12,0,18.361,0
2022,9,13,18,0,13.917,0
2022,9,14,0,0,12,0
2022,9,14,6,0,14.778,0
2022,9,14,12,0,19.333,0
2022,9,14,18,0,14.444,0
2022,9,15,0,0,12.852,0
2022,9,15,6,0,14.741,0
2022,9,15,12,0,17.287,0
2022,9,15,18,0,12.787,0
2022,9,16,0,0,12.102,0
2022,9,16,6,0.152146,12.287,0
2022,9,16,12,0.076073,15.463,0
2022,9,16,18,0,10.407,0
2022,9,17,0,0,7.824,0
2022,9,17,6,0,10.926,0
2022,9,17,12,0,16.694,0
2022,9,17,18,0,11.62,0
2022,9,18,0,0,9.454,0
2022,9,18,6,0,14.111,0
2022,9,18,12,0,21.157,0
2022,9,18,18,0,12.657,0
2022,9,19,0,0,8.5,0
2022,9,19,6,0,12.704,0
2022,9,19,12,0,21.491,0
2022,9,19,18,0,14.75,0
2022,9,20,0,0,12.454,0
2022,9,20,6,0,16.648,0
2022,9,20,12,0,23.944,0
2022,9,20,18,0,15,0
2022,9,21,0,0,10.583,0
2022,9,21,6,0,14.648,0
2022,9,21,12,0,23.065,0
2022,9,21,18,0,13.509,0
2022,9,22,0,0,9.861,0
2022,9,22,6,0,13.111,0
2022,9,22,12,0,18.611,0
2022,9,22,18,0,12.593,0
2022,9,23,0,0,11.62,0
2022,9,23,6,0.0456438,12.954,0
2022,9,23,12,0.0304292,15.185,0
2022,9,23,18,0,12.213,0
2022,9,24,0,0,10.157,0
2022,9,24,6,0,13.222,0
2022,9,24,12,0,20.139,0
2022,9,24,18,0,13.694,0
2022,9,25,0,0,10.935,0
2022,9,25,6,0,15.269,0
2022,9,25,12,0,23.583,0
2022,9,25,18,0,15.796,0
2022,9,26,0,0,13.204,0
2022,9,26,6,0,17.12,0
2022,9,26,12,0,25.611,0
2022,9,26,18,0,16.778,0
2022,9,27,0,0,12.954,0
2022,9,27,6,0,16.583,0
2022,9,27,12,0,24.296,0
2022,9,27,18,0,16.296,0
2022,9,28,0,0,11.778,0
2022,9,28,6,0,13.815,0
2022,9,28,12,0.1217168,17.213,0
2022,9,28,18,0.0912876,12.963,0
2022,9,29,0,0.0912876,10.296,0
2022,9,29,6,0,12.167,0
2022,9,29,12,0,17.935,0
2022,9,29,18,0,12.824,0
