year,month,day,hour,map_mm,mat_degc,ptps
2003,10,1,0,0,5.657,0.0616666666666667
2003,10,1,6,0,9.435,0.0283333333333333
2003,10,1,12,0,17.148,0
2003,10,1,18,0,7.361,0.0233333333333333
2003,10,2,0,0,4.889,0.0783333333333333
2003,10,2,6,0,8.926,0.035
2003,10,2,12,0,16.5,0
2003,10,2,18,0,6.917,0.05
2003,10,3,0,0,4.102,0.2
2003,10,3,6,0,8.389,0.0666666666666667
2003,10,3,12,0,14.593,0
2003,10,3,18,0,7.787,0.0433333333333333
2003,10,4,0,0,6.176,0.0833333333333333
2003,10,4,6,0,9.722,0.0616666666666667
2003,10,4,12,0,15.444,0
2003,10,4,18,0,7.065,0.0566666666666667
2003,10,5,0,0,5.444,0.075
2003,10,5,6,0,8.454,0.025
2003,10,5,12,0,13.843,0
2003,10,5,18,0,8.824,0.0133333333333333
2003,10,6,0,0,8.37,0.0133333333333333
2003,10,6,6,0,11.157,0.005
2003,10,6,12,0.4318,13.315,0
2003,10,6,18,13.335,10.574,0.00333333333333333
2003,10,7,0,4.2926,9.111,0.01
2003,10,7,6,0.9906,8.194,0.0166666666666667
2003,10,7,12,0.2286,10.463,0.00666666666666667
2003,10,7,18,0.0254,8.537,0.01
2003,10,8,0,0,8.63,0.01
2003,10,8,6,1.5494,10.444,0
2003,10,8,12,1.9304,9.037,0.01
2003,10,8,18,2.5146,6.981,0.0216666666666667
2003,10,9,0,1.27,6.185,0.03
2003,10,9,6,0.2286,6.963,0.02
2003,10,9,12,0.254,8.602,0.0133333333333333
2003,10,9,18,0.3302,5.972,0.0283333333333333
2003,10,10,0,0,5.185,0.04
2003,10,10,6,0.0508,6.463,0.0216666666666667
2003,10,10,12,0,7.528,0.0116666666666667
2003,10,10,18,0,5.009,0.045
2003,10,11,0,0.1016,5.213,0.0483333333333333
2003,10,11,6,1.397,7.111,0.0216666666666667
2003,10,11,12,4.5974,8.009,0.0116666666666667
2003,10,11,18,2.3368,5.972,0.0383333333333333
2003,10,12,0,4.5212,5.5,0.045
2003,10,12,6,3.1496,7.037,0.02
2003,10,12,12,6.9342,8.611,0.01
2003,10,12,18,3.683,7.528,0.015
2003,10,13,0,0.3556,5.824,0.0283333333333333
2003,10,13,6,0,6.352,0.0266666666666667
2003,10,13,12,0,9.62,0.01
2003,10,13,18,0,4.296,0.0783333333333333
2003,10,14,0,0,3.954,0.1
2003,10,14,6,0,5.787,0.0516666666666667
2003,10,14,12,0,7.407,0.0366666666666667
2003,10,14,18,0,2.278,0.25
2003,10,15,0,0,1.759,0.325
2003,10,15,6,5.0038,6.519,0.0366666666666667
2003,10,15,12,9.779,6.944,0.0216666666666667
2003,10,15,18,2.159,4.519,0.0516666666666667
2003,10,16,0,20.1422,4.88,0.0483333333333333
2003,10,16,6,39.37,7.556,0.0166666666666667
2003,10,16,12,64.8208,10.62,0.00166666666666667
2003,10,16,18,48.8442,10.12,0.01
2003,10,17,0,29.8704,9.88,0.01
2003,10,17,6,12.9032,10.259,0.00666666666666667
2003,10,17,12,12.1412,10.611,0.00666666666666667
2003,10,17,18,0.0508,9.639,0.01
2003,10,18,0,0.2032,9.935,0.01
2003,10,18,6,0,11.361,0.00666666666666667
2003,10,18,12,0,14.343,0
2003,10,18,18,0.1016,10.787,0.00833333333333333
2003,10,19,0,11.2268,9.472,0.01
2003,10,19,6,14.9098,8.88,0.01
2003,10,19,12,3.5306,9.454,0.0116666666666667
2003,10,19,18,0.0508,8.296,0.0166666666666667
2003,10,20,0,18.5928,8.972,0.00833333333333333
2003,10,20,6,53.1876,13.056,0
2003,10,20,12,40.64,12.509,0
2003,10,20,18,29.845,10.667,0.00666666666666667
2003,10,21,0,15.4432,9.815,0.01
2003,10,21,6,10.6934,9.796,0.0116666666666667
2003,10,21,12,0.1524,13.435,0
2003,10,21,18,0,10.769,0.00833333333333333
2003,10,22,0,0,12.222,0
2003,10,22,6,0,12.602,0
2003,10,22,12,15.3924,10.75,0.00666666666666667
2003,10,22,18,22.8854,7.602,0.0183333333333333
2003,10,23,0,2.7178,4.852,0.0566666666666667
2003,10,23,6,1.0668,6.222,0.035
2003,10,23,12,0.3302,8.12,0.0166666666666667
2003,10,23,18,0,3.417,0.0833333333333333
2003,10,24,0,0,2.028,0.181666666666667
2003,10,24,6,0,4.583,0.121666666666667
2003,10,24,12,0,8.315,0.02
2003,10,24,18,0,5.213,0.06
2003,10,25,0,0,4.583,0.0633333333333333
2003,10,25,6,0,6.241,0.035
2003,10,25,12,0,10.657,0.00666666666666667
2003,10,25,18,0,3.796,0.263333333333333
2003,10,26,0,0,1.87,0.475
2003,10,26,6,0,6.389,0.11
2003,10,26,12,0,10.213,0.0183333333333333
2003,10,26,18,0,6.083,0.0583333333333333
2003,10,27,0,0.1524,5.88,0.0583333333333333
2003,10,27,6,0.9906,7,0.02
2003,10,27,12,0.0508,8.491,0.0116666666666667
2003,10,27,18,1.4732,6.528,0.0366666666666667
2003,10,28,0,22.1488,8.241,0.0166666666666667
2003,10,28,6,7.0612,9.13,0.01
2003,10,28,12,2.2606,8,0.0166666666666667
2003,10,28,18,0.7366,3.593,0.0983333333333333
2003,10,29,0,0.4318,1.37,0.3
2003,10,29,6,0.0254,2.287,0.196666666666667
2003,10,29,12,0,4.611,0.0633333333333333
2003,10,29,18,0,2.222,0.338333333333333
2003,10,30,0,0,0.157,0.89
2003,10,30,6,0,0.62,0.935
2003,10,30,12,0,2.852,0.681666666666667
2003,10,30,18,0,-0.88,1
2003,10,31,0,0,-2.815,1
2003,10,31,6,0,-2.759,1
2003,10,31,12,0,1.102,0.965
2003,10,31,18,0,-2.037,1
2003,11,1,0,0,-2.176,1
2003,11,1,6,0.1016,-0.787,0.975
2003,11,1,12,0.1016,1.259,0.681666666666667
2003,11,1,18,0.0254,-2.25,0.996666666666667
2003,11,2,0,0.0508,-2.5,1
2003,11,2,6,0.1524,-1.315,0.961666666666667
2003,11,2,12,0,1.602,0.396666666666667
2003,11,2,18,0,-1.407,0.995
2003,11,3,0,0,-3.306,1
2003,11,3,6,0,-1.759,0.961666666666667
2003,11,3,12,0,0.898,0.8
2003,11,3,18,0,-3.13,1
2003,11,4,0,0,-5.519,1
2003,11,4,6,0,-3.333,0.963333333333333
2003,11,4,12,0,1.963,0.353333333333333
2003,11,4,18,0,-4.148,1
2003,11,5,0,0,-6.593,1
2003,11,5,6,0,-3.38,0.926666666666667
2003,11,5,12,0,1.861,0.383333333333333
2003,11,5,18,0,-4.333,1
2003,11,6,0,0,-6.315,1
2003,11,6,6,0,-2.843,0.948333333333333
2003,11,6,12,0,2.88,0.35
2003,11,6,18,0,-3.324,1
2003,11,7,0,0,-5.667,1
2003,11,7,6,0,-1.778,0.846666666666667
2003,11,7,12,0,3.778,0.19
2003,11,7,18,0,-0.361,0.953333333333333
2003,11,8,0,0,-1.398,0.983333333333333
2003,11,8,6,0,0.537,0.626666666666667
2003,11,8,12,0,3.296,0.221666666666667
2003,11,8,18,0,-0.676,0.983333333333333
2003,11,9,0,0,-1.074,1
2003,11,9,6,0,1.667,0.54
2003,11,9,12,0,4.454,0.0966666666666667
2003,11,9,18,0,1,0.433333333333333
2003,11,10,0,0.1016,1.056,0.301666666666667
2003,11,10,6,6.858,2.657,0.121666666666667
2003,11,10,12,23.9014,4.398,0.065
2003,11,10,18,13.716,4.648,0.0566666666666667
2003,11,11,0,5.5372,4.759,0.0583333333333333
2003,11,11,6,0,3.759,0.09
2003,11,11,12,0,4.509,0.0783333333333333
2003,11,11,18,0,2.25,0.131666666666667
2003,11,12,0,0,1.37,0.211666666666667
2003,11,12,6,0,2.241,0.183333333333333
2003,11,12,12,0,3.833,0.101666666666667
2003,11,12,18,0,0.241,0.696666666666667
2003,11,13,0,0,-0.611,0.995
2003,11,13,6,0,2.37,0.575
2003,11,13,12,0,3.407,0.445
2003,11,13,18,0,-1.185,1
2003,11,14,0,0,-2.333,1
2003,11,14,6,0.2032,0.111,0.661666666666667
2003,11,14,12,0,3.62,0.103333333333333
2003,11,14,18,0.1778,1.389,0.295
2003,11,15,0,0.4318,2.287,0.168333333333333
2003,11,15,6,3.2512,3.009,0.123333333333333
2003,11,15,12,2.2606,4.037,0.09
2003,11,15,18,3.2258,2.426,0.135
2003,11,16,0,1.3462,1.833,0.195
2003,11,16,6,4.953,2.62,0.145
2003,11,16,12,6.731,3.426,0.0966666666666667
2003,11,16,18,9.8552,2.519,0.126666666666667
2003,11,17,0,4.5466,2.407,0.13
2003,11,17,6,2.0574,1.065,0.301666666666667
2003,11,17,12,3.9624,1.333,0.281666666666667
2003,11,17,18,20.447,2.065,0.19
2003,11,18,0,35.1536,3.167,0.0933333333333333
2003,11,18,6,16.4338,2.037,0.175
2003,11,18,12,20.4724,2.417,0.153333333333333
2003,11,18,18,47.9552,2.602,0.12
2003,11,19,0,37.7444,0.926,0.34
2003,11,19,6,4.7752,-1.204,0.975
2003,11,19,12,4.0386,-1.704,1
2003,11,19,18,4.064,-1.741,1
2003,11,20,0,2.6162,-2.537,1
2003,11,20,6,0.7112,-2.481,0.996666666666667
2003,11,20,12,1.6256,-1.602,0.993333333333333
2003,11,20,18,0,-3.361,1
2003,11,21,0,0,-4.444,1
2003,11,21,6,0,-4.454,1
2003,11,21,12,0,-4.065,1
2003,11,21,18,0,-6.231,1
2003,11,22,0,0,-7.139,1
2003,11,22,6,0,-5.491,1
2003,11,22,12,0,-2.981,1
2003,11,22,18,0,-3.528,1
2003,11,23,0,0,-4.361,1
2003,11,23,6,0.9398,-2.667,0.993333333333333
2003,11,23,12,10.922,0.111,0.568333333333333
2003,11,23,18,9.8298,-0.38,0.606666666666667
2003,11,24,0,3.175,-2.324,0.983333333333333
2003,11,24,6,0.5588,-3.222,0.996666666666667
2003,11,24,12,0.0762,-2.12,0.983333333333333
2003,11,24,18,1.0414,-2.185,0.986666666666667
2003,11,25,0,3.175,-0.769,0.788333333333333
2003,11,25,6,2.8956,0.528,0.408333333333333
2003,11,25,12,1.524,0.157,0.54
2003,11,25,18,1.4732,-0.796,0.811666666666667
2003,11,26,0,0.9144,-0.407,0.69
2003,11,26,6,0.3556,-0.685,0.818333333333333
2003,11,26,12,0.5334,-0.38,0.76
2003,11,26,18,0.0762,-1.426,0.961666666666667
2003,11,27,0,0,-1.648,0.97
2003,11,27,6,0,-0.861,0.846666666666667
2003,11,27,12,0,0.852,0.533333333333333
2003,11,27,18,0.6858,1.722,0.483333333333333
2003,11,28,0,12.7762,1.25,0.42
2003,11,28,6,70.485,0.685,0.446666666666667
2003,11,28,12,21.8694,1.954,0.178333333333333
2003,11,28,18,9.8552,1.935,0.168333333333333
2003,11,29,0,1.6002,-0.667,0.708333333333333
2003,11,29,6,0.1524,-0.472,0.758333333333333
2003,11,29,12,0,0.407,0.521666666666667
2003,11,29,18,0,-2.935,0.996666666666667
2003,11,30,0,0,-4.444,1
2003,11,30,6,0,-2.213,1
2003,11,30,12,0,0.407,0.991666666666667
2003,11,30,18,0,-1.389,1
2003,12,1,0,0,-1.75,1
2003,12,1,6,0,1.019,0.661666666666667
2003,12,1,12,0.5334,2.944,0.196666666666667
2003,12,1,18,0.254,1.565,0.228333333333333
2003,12,2,0,1.1176,2.37,0.133333333333333
2003,12,2,6,1.9558,3.769,0.0866666666666667
2003,12,2,12,4.7752,5.37,0.0583333333333333
2003,12,2,18,21.9202,3.583,0.0866666666666667
2003,12,3,0,0.5588,0.38,0.526666666666667
2003,12,3,6,0,-1.056,0.801666666666667
2003,12,3,12,0,1.815,0.443333333333333
2003,12,3,18,0,-1.157,1
2003,12,4,0,0,0.185,1
2003,12,4,6,0.381,1.657,0.843333333333333
2003,12,4,12,2.2606,4.528,0.175
2003,12,4,18,6.8072,2.5,0.161666666666667
2003,12,5,0,4.1656,1.102,0.253333333333333
2003,12,5,6,6.35,1.593,0.235
2003,12,5,12,3.5306,2.389,0.18
2003,12,5,18,6.6802,3.102,0.123333333333333
2003,12,6,0,17.78,1.981,0.18
2003,12,6,6,0.5842,-0.324,0.795
2003,12,6,12,0.381,0.5,0.57
2003,12,6,18,0.508,0.38,0.625
2003,12,7,0,0,-0.898,0.906666666666667
2003,12,7,6,0.4826,-0.63,0.866666666666667
2003,12,7,12,3.4798,1.13,0.336666666666667
2003,12,7,18,0.3302,-0.583,0.853333333333333
2003,12,8,0,1.4986,-1.176,0.983333333333333
2003,12,8,6,1.5494,0,0.64
2003,12,8,12,0.2286,0.287,0.568333333333333
2003,12,8,18,0,-2.787,0.998333333333333
2003,12,9,0,0,-2.685,1
2003,12,9,6,0,-0.463,0.996666666666667
2003,12,9,12,0,1.139,0.9
2003,12,9,18,0,-1.287,0.998333333333333
2003,12,10,0,0.508,-1.954,1
2003,12,10,6,0.6604,-1.907,1
2003,12,10,12,0.889,-0.417,0.985
2003,12,10,18,0.9652,-0.954,0.99
2003,12,11,0,1.8288,-1.074,0.981666666666667
2003,12,11,6,0.3302,-0.759,0.878333333333333
2003,12,11,12,0.889,1.139,0.386666666666667
2003,12,11,18,4.699,0.361,0.53
2003,12,12,0,6.4008,0.528,0.411666666666667
2003,12,12,6,2.5146,-0.704,0.855
2003,12,12,12,2.9972,-0.852,0.896666666666667
2003,12,12,18,0.0508,-1.602,0.978333333333333
2003,12,13,0,0.6604,-0.88,0.906666666666667
2003,12,13,6,3.8608,1.306,0.306666666666667
2003,12,13,12,6.9088,1.639,0.241666666666667
2003,12,13,18,5.2578,-0.148,0.706666666666667
2003,12,14,0,3.3274,-1.222,0.971666666666667
2003,12,14,6,1.651,-0.852,0.87
2003,12,14,12,3.048,1.398,0.251666666666667
2003,12,14,18,1.143,0.324,0.47
2003,12,15,0,0.7366,-0.306,0.75
2003,12,15,6,0,-0.046,0.655
2003,12,15,12,0.127,2.13,0.161666666666667
2003,12,15,18,0.6096,2.269,0.161666666666667
2003,12,16,0,3.5306,3.407,0.101666666666667
2003,12,16,6,7.7978,3.111,0.095
2003,12,16,12,9.0424,4.37,0.0666666666666667
2003,12,16,18,1.651,2.148,0.136666666666667
2003,12,17,0,0,0.361,0.408333333333333
2003,12,17,6,0,0.074,0.646666666666667
2003,12,17,12,0,1.824,0.421666666666667
2003,12,17,18,0,1.296,0.58
2003,12,18,0,0,2.519,0.293333333333333
2003,12,18,6,0,2.963,0.26
2003,12,18,12,0,3.519,0.153333333333333
2003,12,18,18,0,1.667,0.665
2003,12,19,0,0,-0.065,0.993333333333333
2003,12,19,6,0,3.278,0.296666666666667
2003,12,19,12,0.0508,5.102,0.103333333333333
2003,12,19,18,2.4892,3.12,0.121666666666667
2003,12,20,0,2.5654,2.713,0.106666666666667
2003,12,20,6,6.4262,2.556,0.118333333333333
2003,12,20,12,5.7404,3.222,0.1
2003,12,20,18,5.0038,3.12,0.09
2003,12,21,0,1.016,2.824,0.0983333333333333
2003,12,21,6,0,2.722,0.108333333333333
2003,12,21,12,0,1.972,0.255
2003,12,21,18,0,-1.231,0.965
2003,12,22,0,0,-0.056,0.87
2003,12,22,6,0,1.667,0.515
2003,12,22,12,0,3.463,0.156666666666667
2003,12,22,18,0,1.741,0.371666666666667
2003,12,23,0,0,2.12,0.288333333333333
2003,12,23,6,0,2.667,0.326666666666667
2003,12,23,12,1.5748,3.583,0.131666666666667
2003,12,23,18,1.0668,2.333,0.196666666666667
2003,12,24,0,1.6002,2.759,0.151666666666667
2003,12,24,6,1.6764,2.241,0.175
2003,12,24,12,0.9906,2.139,0.19
2003,12,24,18,4.4704,1.046,0.278333333333333
2003,12,25,0,4.2418,-0.046,0.576666666666667
2003,12,25,6,4.0132,0.139,0.511666666666667
2003,12,25,12,3.2766,-0.296,0.768333333333333
2003,12,25,18,1.6002,-2.815,0.998333333333333
2003,12,26,0,0.4826,-3.37,1
2003,12,26,6,0.2794,-1.574,0.995
2003,12,26,12,0,-1.111,0.973333333333333
2003,12,26,18,0,-4.593,1
2003,12,27,0,2.4384,-3.037,1
2003,12,27,6,0.762,-2.231,1
2003,12,27,12,6.1468,-1.269,0.988333333333333
2003,12,27,18,6.8834,-3.093,1
2003,12,28,0,5.8928,-3.898,1
2003,12,28,6,5.2832,-3.704,1
2003,12,28,12,1.651,-2.926,1
2003,12,28,18,0,-6.259,1
2003,12,29,0,0,-5.694,1
2003,12,29,6,0,-4.481,1
2003,12,29,12,0,-4.176,1
2003,12,29,18,0,-8.509,1
2003,12,30,0,0,-8.176,1
2003,12,30,6,0,-5.111,1
2003,12,30,12,0,-2.87,1
2003,12,30,18,1.3208,-4.278,1
2003,12,31,0,3.7084,-3.62,1
2003,12,31,6,1.778,-3.75,1
2003,12,31,12,0.508,-2.454,1
2003,12,31,18,1.7526,-3.963,1
2004,1,1,0,0.508,-4.769,1
2004,1,1,6,0,-4.907,1
2004,1,1,12,0.2032,-3.454,1
2004,1,1,18,0,-6.972,1
2004,1,2,0,0,-8.583,1
2004,1,2,6,0,-8.167,1
2004,1,2,12,0,-6.667,1
2004,1,2,18,1.0668,-8.611,1
2004,1,3,0,2.3876,-9.315,1
2004,1,3,6,0,-11.176,1
2004,1,3,12,0,-12.667,1
2004,1,3,18,0,-14.343,1
2004,1,4,0,0,-14.75,1
2004,1,4,6,0,-13.88,1
2004,1,4,12,0,-11.222,1
2004,1,4,18,0,-13.935,1
2004,1,5,0,0,-14.083,1
2004,1,5,6,0,-12.417,1
2004,1,5,12,0,-9.306,1
2004,1,5,18,0,-11.13,1
2004,1,6,0,0,-10.056,1
2004,1,6,6,7.1882,-8.343,1
2004,1,6,12,4.8768,-5.833,1
2004,1,6,18,3.2258,-5.787,1
2004,1,7,0,13.6144,-4.954,1
2004,1,7,6,3.302,-3.62,1
2004,1,7,12,4.2926,-1.389,0.928333333333333
2004,1,7,18,0.8382,-2.194,0.986666666666667
2004,1,8,0,3.937,0.667,0.44
2004,1,8,6,3.0988,-1.028,0.845
2004,1,8,12,0,-1.991,0.98
2004,1,8,18,0.0508,-0.407,0.858333333333333
2004,1,9,0,2.4892,0.667,0.501666666666667
2004,1,9,6,0.3556,2.019,0.261666666666667
2004,1,9,12,0.2794,2.481,0.171666666666667
2004,1,9,18,3.0988,1.694,0.24
2004,1,10,0,8.7884,0.778,0.331666666666667
2004,1,10,6,1.3462,0.444,0.42
2004,1,10,12,1.4224,1.472,0.27
2004,1,10,18,0,1.12,0.43
2004,1,11,0,0.0254,-0.713,0.895
2004,1,11,6,1.5494,2.343,0.231666666666667
2004,1,11,12,0.0508,2.435,0.226666666666667
2004,1,11,18,0.0254,1.454,0.325
2004,1,12,0,0.0254,2.13,0.218333333333333
2004,1,12,6,0,3.537,0.151666666666667
2004,1,12,12,1.3716,3.019,0.168333333333333
2004,1,12,18,10.033,0.935,0.331666666666667
2004,1,13,0,2.3114,1.167,0.271666666666667
2004,1,13,6,0.5588,1.972,0.228333333333333
2004,1,13,12,0.9144,3.398,0.1
2004,1,13,18,0.3556,4.259,0.0683333333333333
2004,1,14,0,6.2738,4.463,0.0683333333333333
2004,1,14,6,7.3152,5.037,0.0633333333333333
2004,1,14,12,2.921,6.019,0.0533333333333333
2004,1,14,18,1.4986,4.194,0.0683333333333333
2004,1,15,0,2.9972,4.046,0.07
2004,1,15,6,1.9812,4.491,0.0633333333333333
2004,1,15,12,0.4064,4.583,0.065
2004,1,15,18,0,1.796,0.175
2004,1,16,0,0,-0.907,0.808333333333333
2004,1,16,6,0,0.111,0.57
2004,1,16,12,0,2.926,0.123333333333333
2004,1,16,18,0,1.352,0.56
2004,1,17,0,0,0.75,0.736666666666667
2004,1,17,6,0,1.62,0.405
2004,1,17,12,2.6924,2.667,0.133333333333333
2004,1,17,18,0.2286,3.194,0.095
2004,1,18,0,5.461,3.019,0.0916666666666667
2004,1,18,6,1.2954,2.62,0.0983333333333333
2004,1,18,12,5.5372,3.509,0.085
2004,1,18,18,2.8448,3.25,0.0816666666666667
2004,1,19,0,1.143,2.407,0.0983333333333333
2004,1,19,6,0.5842,2.87,0.095
2004,1,19,12,0.2286,3.593,0.0833333333333333
2004,1,19,18,1.7526,0.528,0.55
2004,1,20,0,0.1016,-2.194,0.998333333333333
2004,1,20,6,0,-0.769,0.716666666666667
2004,1,20,12,0,1.944,0.246666666666667
2004,1,20,18,0,-2.185,0.993333333333333
2004,1,21,0,0,-3.194,1
2004,1,21,6,0,-0.185,0.715
2004,1,21,12,0,3.009,0.14
2004,1,21,18,0,1.083,0.633333333333333
2004,1,22,0,0.0508,1.565,0.383333333333333
2004,1,22,6,0,2.185,0.288333333333333
2004,1,22,12,1.8034,2.454,0.223333333333333
2004,1,22,18,10.9474,0.352,0.796666666666667
2004,1,23,0,0.7874,0.259,0.571666666666667
2004,1,23,6,0.4064,0.815,0.395
2004,1,23,12,16.256,1.907,0.145
2004,1,23,18,2.4892,0.213,0.526666666666667
2004,1,24,0,1.651,-0.704,0.848333333333333
2004,1,24,6,7.2898,-0.454,0.853333333333333
2004,1,24,12,1.2446,-0.046,0.753333333333333
2004,1,24,18,1.6002,-0.954,0.94
2004,1,25,0,2.0066,-1.213,0.993333333333333
2004,1,25,6,0.7112,-1.037,0.918333333333333
2004,1,25,12,0.7366,-0.185,0.753333333333333
2004,1,25,18,0.7874,-2.38,1
2004,1,26,0,3.937,-2.639,1
2004,1,26,6,5.9944,-1.676,0.961666666666667
2004,1,26,12,9.398,-0.704,0.868333333333333
2004,1,26,18,6.223,-1.417,0.933333333333333
2004,1,27,0,0.8128,-2.019,0.975
2004,1,27,6,0.6096,-2.222,0.975
2004,1,27,12,1.27,-1.12,0.838333333333333
2004,1,27,18,4.2672,-4.102,0.998333333333333
2004,1,28,0,10.5156,-0.676,0.771666666666667
2004,1,28,6,6.0706,0.639,0.468333333333333
2004,1,28,12,3.1242,0.685,0.406666666666667
2004,1,28,18,5.3848,0.463,0.493333333333333
2004,1,29,0,12.1666,1.917,0.15
2004,1,29,6,7.8232,1.583,0.183333333333333
2004,1,29,12,11.8618,2.093,0.14
2004,1,29,18,22.5552,3.88,0.0583333333333333
2004,1,30,0,15.9512,3.685,0.0666666666666667
2004,1,30,6,3.0988,1.176,0.328333333333333
2004,1,30,12,2.794,0.546,0.541666666666667
2004,1,30,18,1.7526,-0.065,0.705
2004,1,31,0,2.1336,-0.389,0.821666666666667
2004,1,31,6,1.6002,-0.481,0.825
2004,1,31,12,3.1242,1.491,0.26
2004,1,31,18,6.7056,-1.028,0.875
2004,2,1,0,2.1336,-2.083,0.996666666666667
2004,2,1,6,0.635,-1.5,0.968333333333333
2004,2,1,12,0.127,-0.083,0.673333333333333
2004,2,1,18,0.9652,-3.25,1
2004,2,2,0,0.0254,-2.917,1
2004,2,2,6,2.1844,-1.491,0.988333333333333
2004,2,2,12,0.1524,0.231,0.71
2004,2,2,18,0.0508,-0.88,0.968333333333333
2004,2,3,0,0.0508,-1.537,0.991666666666667
2004,2,3,6,0,-0.713,0.82
2004,2,3,12,0.3048,0.907,0.326666666666667
2004,2,3,18,2.8448,0.361,0.415
2004,2,4,0,9.1694,0.583,0.333333333333333
2004,2,4,6,0.8636,0.454,0.395
2004,2,4,12,0.0762,0.648,0.398333333333333
2004,2,4,18,0.3556,-5.111,1
2004,2,5,0,0.3302,-6.417,1
2004,2,5,6,0,-3.917,0.996666666666667
2004,2,5,12,0,1.306,0.598333333333333
2004,2,5,18,0,1.148,0.713333333333333
2004,2,6,0,0.8382,1.741,0.308333333333333
2004,2,6,6,4.7498,1.463,0.268333333333333
2004,2,6,12,2.2606,1.852,0.223333333333333
2004,2,6,18,0.0254,0.083,0.626666666666667
2004,2,7,0,2.3114,0.12,0.506666666666667
2004,2,7,6,0.4572,0.667,0.37
2004,2,7,12,0.4064,1.917,0.198333333333333
2004,2,7,18,0.5588,-0.204,0.611666666666667
2004,2,8,0,0.7874,-1.843,0.988333333333333
2004,2,8,6,0.6604,1.231,0.298333333333333
2004,2,8,12,0,2.269,0.168333333333333
2004,2,8,18,0.0254,-3.139,0.998333333333333
2004,2,9,0,0,-4.139,1
2004,2,9,6,0,-1.074,0.681666666666667
2004,2,9,12,0,4.009,0.0933333333333333
2004,2,9,18,0,-2.25,0.895
2004,2,10,0,0,-2.648,1
2004,2,10,6,0,1.926,0.541666666666667
2004,2,10,12,0,6.704,0.0683333333333333
2004,2,10,18,0,3.204,0.238333333333333
2004,2,11,0,0,-0.926,0.963333333333333
2004,2,11,6,0,1.954,0.533333333333333
2004,2,11,12,0,7.426,0.0466666666666667
2004,2,11,18,0,0.019,0.848333333333333
2004,2,12,0,0,-3.102,1
2004,2,12,6,0,2.019,0.556666666666667
2004,2,12,12,0,7.13,0.0533333333333333
2004,2,12,18,0,0.259,0.886666666666667
2004,2,13,0,0,-1.889,1
2004,2,13,6,0,0.444,0.713333333333333
2004,2,13,12,0,4.167,0.168333333333333
2004,2,13,18,0,1.398,0.631666666666667
2004,2,14,0,3.4544,1.426,0.365
2004,2,14,6,7.0866,1.519,0.255
2004,2,14,12,0.2794,2.259,0.178333333333333
2004,2,14,18,0.1524,-0.25,0.675
2004,2,15,0,0.6858,1.991,0.221666666666667
2004,2,15,6,6.096,2.046,0.195
2004,2,15,12,5.2832,2.296,0.173333333333333
2004,2,15,18,0,-0.926,0.77
2004,2,16,0,0,-0.083,0.92
2004,2,16,6,1.524,2.157,0.415
2004,2,16,12,12.446,2.907,0.15
2004,2,16,18,1.778,0.75,0.441666666666667
2004,2,17,0,0.0762,-0.481,0.828333333333333
2004,2,17,6,0,1.222,0.586666666666667
2004,2,17,12,2.5654,4.454,0.148333333333333
2004,2,17,18,3.429,3.102,0.143333333333333
2004,2,18,0,1.4986,2.083,0.201666666666667
2004,2,18,6,4.953,2.537,0.145
2004,2,18,12,2.2352,3.259,0.118333333333333
2004,2,18,18,1.4986,1.917,0.185
2004,2,19,0,0.889,1.722,0.18
2004,2,19,6,0.2286,2.815,0.121666666666667
2004,2,19,12,0.3048,4.685,0.0733333333333333
2004,2,19,18,0,-0.296,0.775
2004,2,20,0,0,-1.63,0.998333333333333
2004,2,20,6,0,2.213,0.391666666666667
2004,2,20,12,0,6.685,0.05
2004,2,20,18,0,-1.315,0.871666666666667
2004,2,21,0,0,-3.287,1
2004,2,21,6,0,0.278,0.603333333333333
2004,2,21,12,0,7.509,0.05
2004,2,21,18,0,-1.87,0.89
2004,2,22,0,0,-2.926,1
2004,2,22,6,0,0.185,0.618333333333333
2004,2,22,12,0,5.87,0.0633333333333333
2004,2,22,18,0,0.259,0.856666666666667
2004,2,23,0,0,0.611,0.711666666666667
2004,2,23,6,0.127,2.852,0.225
2004,2,23,12,0.3048,5.583,0.0683333333333333
2004,2,23,18,0.7366,1.185,0.383333333333333
2004,2,24,0,0.0762,1.778,0.283333333333333
2004,2,24,6,0.4318,2.898,0.231666666666667
2004,2,24,12,0.0254,4.907,0.0933333333333333
2004,2,24,18,0,1.333,0.36
2004,2,25,0,0,-1.056,0.966666666666667
2004,2,25,6,0,1.944,0.518333333333333
2004,2,25,12,0.635,5.546,0.0766666666666667
2004,2,25,18,0.762,2.87,0.186666666666667
2004,2,26,0,0.1778,-0.648,0.885
2004,2,26,6,0.2286,2.824,0.266666666666667
2004,2,26,12,4.699,5.454,0.0683333333333333
2004,2,26,18,2.5908,2.528,0.176666666666667
2004,2,27,0,0,0.935,0.326666666666667
2004,2,27,6,0.0762,2.546,0.183333333333333
2004,2,27,12,1.2192,4.861,0.0666666666666667
2004,2,27,18,0,1.37,0.238333333333333
2004,2,28,0,0.1524,0.935,0.291666666666667
2004,2,28,6,0.0762,2.546,0.17
2004,2,28,12,1.016,5.222,0.0666666666666667
2004,2,28,18,0.9398,0.907,0.368333333333333
2004,2,29,0,1.016,1.352,0.231666666666667
2004,2,29,6,0,2.667,0.198333333333333
2004,2,29,12,0,6.861,0.0516666666666667
2004,2,29,18,0,1.537,0.368333333333333
2004,3,1,0,0,-2.269,0.965
2004,3,1,6,0,0.639,0.573333333333333
2004,3,1,12,0,7.083,0.0466666666666667
2004,3,1,18,0,1.519,0.471666666666667
2004,3,2,0,0,-0.731,0.906666666666667
2004,3,2,6,0,-1.056,0.885
2004,3,2,12,0,3.454,0.34
2004,3,2,18,0,-3.259,1
2004,3,3,0,4.8514,-1.37,0.966666666666667
2004,3,3,6,13.2334,1.407,0.371666666666667
2004,3,3,12,6.3754,2.259,0.168333333333333
2004,3,3,18,11.6078,0.657,0.343333333333333
2004,3,4,0,12.7508,0.296,0.433333333333333
2004,3,4,6,3.556,0.074,0.545
2004,3,4,12,0.3556,1.231,0.346666666666667
2004,3,4,18,0,0.176,0.55
2004,3,5,0,1.3208,0.074,0.593333333333333
2004,3,5,6,10.9982,1.185,0.331666666666667
2004,3,5,12,3.9624,0.935,0.453333333333333
2004,3,5,18,1.5494,-1.056,0.9
2004,3,6,0,1.0668,-1.796,0.966666666666667
2004,3,6,6,0.5588,-1.593,0.95
2004,3,6,12,0.0762,0.491,0.618333333333333
2004,3,6,18,7.6962,0,0.65
2004,3,7,0,17.272,2.037,0.211666666666667
2004,3,7,6,23.5458,4.667,0.0766666666666667
2004,3,7,12,7.7978,5.843,0.0716666666666667
2004,3,7,18,8.5344,1.056,0.366666666666667
2004,3,8,0,0.8636,1.787,0.245
2004,3,8,6,0,3.926,0.138333333333333
2004,3,8,12,0,8.481,0.0266666666666667
2004,3,8,18,0,3.491,0.128333333333333
2004,3,9,0,0.4318,2.741,0.138333333333333
2004,3,9,6,11.0236,5.602,0.05
2004,3,9,12,0.3302,7.343,0.0316666666666667
2004,3,9,18,0,0.12,0.648333333333333
2004,3,10,0,0,-3.157,0.998333333333333
2004,3,10,6,0,-0.185,0.735
2004,3,10,12,0,7.685,0.0583333333333333
2004,3,10,18,0,-0.12,0.86
2004,3,11,0,0,-1.269,1
2004,3,11,6,0,2.13,0.648333333333333
2004,3,11,12,0,7.769,0.0716666666666667
2004,3,11,18,0,2.167,0.815
2004,3,12,0,0,1.889,0.433333333333333
2004,3,12,6,0,2.898,0.145
2004,3,12,12,0,5.194,0.06
2004,3,12,18,0,0.954,0.331666666666667
2004,3,13,0,0,-0.019,0.78
2004,3,13,6,0.0508,3.102,0.555
2004,3,13,12,0.0762,7.25,0.0716666666666667
2004,3,13,18,0.0762,4.389,0.218333333333333
2004,3,14,0,3.429,2.389,0.301666666666667
2004,3,14,6,2.8194,3.25,0.115
2004,3,14,12,1.5748,5.417,0.0416666666666667
2004,3,14,18,0.2286,0.231,0.62
2004,3,15,0,0,-1.102,0.89
2004,3,15,6,0.1524,2.204,0.266666666666667
2004,3,15,12,0.0254,3.63,0.116666666666667
2004,3,15,18,0.2794,0.398,0.475
2004,3,16,0,1.2954,-0.139,0.593333333333333
2004,3,16,6,1.016,1.713,0.263333333333333
2004,3,16,12,0.2286,3.75,0.0966666666666667
2004,3,16,18,0.6096,1.343,0.276666666666667
2004,3,17,0,0.6096,0.648,0.373333333333333
2004,3,17,6,2.9718,0.731,0.378333333333333
2004,3,17,12,3.8354,1.37,0.283333333333333
2004,3,17,18,1.2192,2.361,0.191666666666667
2004,3,18,0,2.7432,3.046,0.125
2004,3,18,6,4.4704,2.019,0.235
2004,3,18,12,3.5814,1.324,0.475
2004,3,18,18,4.4704,-1.13,0.903333333333333
2004,3,19,0,2.6162,-1.343,0.913333333333333
2004,3,19,6,3.6576,0.111,0.636666666666667
2004,3,19,12,1.2954,2.954,0.203333333333333
2004,3,19,18,0.0254,-2.426,0.933333333333333
2004,3,20,0,0,-2.426,0.991666666666667
2004,3,20,6,0,2.731,0.408333333333333
2004,3,20,12,0,7.361,0.0883333333333333
2004,3,20,18,0,5.472,0.136666666666667
2004,3,21,0,0,3.731,0.27
2004,3,21,6,0,6.204,0.126666666666667
2004,3,21,12,0,9.991,0.04
2004,3,21,18,0,4.62,0.126666666666667
2004,3,22,0,0,3.731,0.14
2004,3,22,6,0,5.519,0.135
2004,3,22,12,0,10.287,0.00666666666666667
2004,3,22,18,0,3.611,0.123333333333333
2004,3,23,0,0,2.185,0.18
2004,3,23,6,0,4.287,0.0683333333333333
2004,3,23,12,0.0254,5.426,0.07
2004,3,23,18,0.0508,2.167,0.223333333333333
2004,3,24,0,0.4318,1.38,0.305
2004,3,24,6,14.1732,4.343,0.0766666666666667
2004,3,24,12,5.334,4.426,0.09
2004,3,24,18,2.7686,-0.176,0.72
2004,3,25,0,0,-1.093,0.915
2004,3,25,6,1.651,1.861,0.4
2004,3,25,12,6.096,5.148,0.0783333333333333
2004,3,25,18,14.1732,2.509,0.193333333333333
2004,3,26,0,2.4384,0.981,0.361666666666667
2004,3,26,6,1.5748,0.787,0.495
2004,3,26,12,2.7432,4.185,0.11
2004,3,26,18,1.2954,2.204,0.228333333333333
2004,3,27,0,2.032,2.324,0.17
2004,3,27,6,0.6604,1.491,0.328333333333333
2004,3,27,12,0,6.519,0.065
2004,3,27,18,0,4.102,0.0916666666666667
2004,3,28,0,0,0.463,0.473333333333333
2004,3,28,6,0,4.148,0.15
2004,3,28,12,0,10.176,0.0316666666666667
2004,3,28,18,0,6.37,0.075
2004,3,29,0,0,6.352,0.095
2004,3,29,6,0,8.019,0.06
2004,3,29,12,0,11.315,0.00333333333333333
2004,3,29,18,0,6.574,0.0616666666666667
2004,3,30,0,1.8542,4.167,0.0866666666666667
2004,3,30,6,12.2174,4.241,0.0733333333333333
2004,3,30,12,7.2644,3.398,0.136666666666667
2004,3,30,18,0.3302,-0.37,0.706666666666667
2004,3,31,0,0,-1.676,0.91
2004,3,31,6,0.0508,0.63,0.561666666666667
2004,3,31,12,0,5.213,0.106666666666667
2004,3,31,18,0,-1.583,0.888333333333333
2004,4,1,0,0,-4.185,1
2004,4,1,6,0,4.037,0.29
2004,4,1,12,0,10.806,0.025
2004,4,1,18,0,-0.861,0.856666666666667
2004,4,2,0,0,-3.398,1
2004,4,2,6,0,5.13,0.288333333333333
2004,4,2,12,0,14.065,0.00833333333333333
2004,4,2,18,0,4.602,0.415
2004,4,3,0,0,0.546,0.786666666666667
2004,4,3,6,0,6.194,0.14
2004,4,3,12,0,12.019,0.00333333333333333
2004,4,3,18,0,4.352,0.175
2004,4,4,0,0,0.565,0.676666666666667
2004,4,4,6,0,4.62,0.148333333333333
2004,4,4,12,0,9.639,0.0133333333333333
2004,4,4,18,0,0.019,0.798333333333333
2004,4,5,0,0,-1.417,0.973333333333333
2004,4,5,6,0,5.38,0.165
2004,4,5,12,0,11.046,0.0116666666666667
2004,4,5,18,0,2.139,0.38
2004,4,6,0,0,-0.731,0.801666666666667
2004,4,6,6,0,4.704,0.111666666666667
2004,4,6,12,0,9.574,0.0233333333333333
2004,4,6,18,0,2.907,0.203333333333333
2004,4,7,0,0,1.935,0.23
2004,4,7,6,0,5.537,0.07
2004,4,7,12,0,10.593,0.0116666666666667
2004,4,7,18,0.0508,2.796,0.233333333333333
2004,4,8,0,0,-0.352,0.72
2004,4,8,6,0,5.361,0.126666666666667
2004,4,8,12,0,12.593,0.00833333333333333
2004,4,8,18,0,2.324,0.428333333333333
2004,4,9,0,0,0.148,0.82
2004,4,9,6,0,7.25,0.14
2004,4,9,12,0,15.981,0.00166666666666667
2004,4,9,18,0,4.324,0.286666666666667
2004,4,10,0,0,1.352,0.765
2004,4,10,6,0,8.454,0.095
2004,4,10,12,0,17.102,0.00166666666666667
2004,4,10,18,0,6.426,0.115
2004,4,11,0,0,3.88,0.246666666666667
2004,4,11,6,0,8.556,0.0816666666666667
2004,4,11,12,0,15.074,0
2004,4,11,18,0,6.5,0.095
2004,4,12,0,0,3.806,0.168333333333333
2004,4,12,6,0,7.861,0.045
2004,4,12,12,0,11.176,0.00333333333333333
2004,4,12,18,0.3556,5.537,0.0633333333333333
2004,4,13,0,0.3556,3.741,0.103333333333333
2004,4,13,6,0.1524,5.87,0.0633333333333333
2004,4,13,12,0.127,8.833,0.0133333333333333
2004,4,13,18,0,4.231,0.116666666666667
2004,4,14,0,0.1016,2.426,0.216666666666667
2004,4,14,6,0.635,4.583,0.116666666666667
2004,4,14,12,1.0922,7.315,0.0266666666666667
2004,4,14,18,0.508,3.565,0.13
2004,4,15,0,0,1.454,0.303333333333333
2004,4,15,6,0.254,4.167,0.106666666666667
2004,4,15,12,2.2098,6.657,0.0516666666666667
2004,4,15,18,0.6604,2.148,0.235
2004,4,16,0,0.3048,2.25,0.196666666666667
2004,4,16,6,0.8382,4.13,0.11
2004,4,16,12,5.6642,6.37,0.065
2004,4,16,18,2.5908,1.889,0.293333333333333
2004,4,17,0,1.0668,0.324,0.525
2004,4,17,6,0.5334,3.472,0.158333333333333
2004,4,17,12,0.4572,7.278,0.0333333333333333
2004,4,17,18,0.6096,1.546,0.406666666666667
2004,4,18,0,0.3556,-0.843,0.83
2004,4,18,6,0.1524,6.12,0.0816666666666667
2004,4,18,12,0.3556,9.056,0.025
2004,4,18,18,0.0762,0.944,0.505
2004,4,19,0,0.1524,1.565,0.315
2004,4,19,6,0.127,4.843,0.131666666666667
2004,4,19,12,0.4572,8.87,0.0166666666666667
2004,4,19,18,2.4892,4.824,0.11
2004,4,20,0,2.6416,2.296,0.241666666666667
2004,4,20,6,0,6.491,0.07
2004,4,20,12,0.127,10.454,0.0116666666666667
2004,4,20,18,0.0254,1.417,0.461666666666667
2004,4,21,0,0,-1.306,0.906666666666667
2004,4,21,6,0,5.63,0.133333333333333
2004,4,21,12,0,12.185,0.0116666666666667
2004,4,21,18,0,2.204,0.401666666666667
2004,4,22,0,0,-0.944,0.885
2004,4,22,6,0,6.019,0.131666666666667
2004,4,22,12,0,11.296,0.0116666666666667
2004,4,22,18,0,5.806,0.0983333333333333
2004,4,23,0,0,5.463,0.0866666666666667
2004,4,23,6,8.0772,6.991,0.015
2004,4,23,12,6.7056,6.278,0.025
2004,4,23,18,0.4572,2.88,0.165
2004,4,24,0,0.0508,0.75,0.393333333333333
2004,4,24,6,0,6.583,0.0566666666666667
2004,4,24,12,0,11.315,0.015
2004,4,24,18,0,2.806,0.315
2004,4,25,0,0,0.583,0.596666666666667
2004,4,25,6,0,8.583,0.0583333333333333
2004,4,25,12,0,15.25,0.005
2004,4,25,18,0,7.009,0.095
2004,4,26,0,0,4.602,0.166666666666667
2004,4,26,6,0,9.926,0.0416666666666667
2004,4,26,12,0,15.676,0.00166666666666667
2004,4,26,18,0,8.12,0.0616666666666667
2004,4,27,0,0,5.704,0.0916666666666667
2004,4,27,6,2.7686,6.852,0.0316666666666667
2004,4,27,12,2.8194,6.213,0.035
2004,4,27,18,0.3048,3.352,0.153333333333333
2004,4,28,0,0,3.435,0.195
2004,4,28,6,0,6.472,0.0933333333333333
2004,4,28,12,0,13.491,0.005
2004,4,28,18,0,3.269,0.498333333333333
2004,4,29,0,0,-0.037,0.918333333333333
2004,4,29,6,0,10.093,0.0566666666666667
2004,4,29,12,0,18.5,0
2004,4,29,18,0,6.111,0.145
2004,4,30,0,0,2.704,0.366666666666667
2004,4,30,6,0,11.963,0.0283333333333333
2004,4,30,12,0,19.519,0
2004,4,30,18,0,8.333,0.045
2004,5,1,0,0,5.444,0.0816666666666667
2004,5,1,6,0,12.509,0.00666666666666667
2004,5,1,12,0,16.259,0
2004,5,1,18,0,8.972,0.0216666666666667
2004,5,2,0,0.0508,6.38,0.055
2004,5,2,6,0,10.5,0.00833333333333333
2004,5,2,12,0,12.519,0
2004,5,2,18,0,5.833,0.0683333333333333
2004,5,3,0,0,3.769,0.111666666666667
2004,5,3,6,0,7.111,0.0333333333333333
2004,5,3,12,0.1778,8.685,0.0133333333333333
2004,5,3,18,0.3556,6.167,0.05
2004,5,4,0,0.508,4.991,0.07
2004,5,4,6,1.8542,6.833,0.0233333333333333
2004,5,4,12,3.5306,8.241,0.015
2004,5,4,18,1.4478,5.222,0.07
2004,5,5,0,0.127,2.926,0.131666666666667
2004,5,5,6,0.0762,5.963,0.0683333333333333
2004,5,5,12,0.0254,9.269,0.0183333333333333
2004,5,5,18,0.1016,3.62,0.185
2004,5,6,0,0,0.639,0.568333333333333
2004,5,6,6,0,6.389,0.09
2004,5,6,12,0,11.472,0.0133333333333333
2004,5,6,18,0,5.917,0.0933333333333333
2004,5,7,0,0,4.694,0.113333333333333
2004,5,7,6,0.2794,9.296,0.02
2004,5,7,12,0.5334,10.269,0.01
2004,5,7,18,0.2032,6.444,0.0383333333333333
2004,5,8,0,0.3048,4.565,0.0733333333333333
2004,5,8,6,0,8.815,0.0216666666666667
2004,5,8,12,0,11.315,0.01
2004,5,8,18,0,6.889,0.04
2004,5,9,0,0.1778,3.787,0.0966666666666667
2004,5,9,6,1.1176,6.889,0.045
2004,5,9,12,0.0762,9.065,0.0116666666666667
2004,5,9,18,0.127,4.704,0.0766666666666667
2004,5,10,0,0,3.074,0.108333333333333
2004,5,10,6,1.4478,7.157,0.0333333333333333
2004,5,10,12,0.6096,10.093,0.02
2004,5,10,18,1.2446,4.519,0.0783333333333333
2004,5,11,0,3.937,3.13,0.0966666666666667
2004,5,11,6,0,7.12,0.045
2004,5,11,12,0,12.185,0.01
2004,5,11,18,0,5.398,0.0716666666666667
2004,5,12,0,0,3.093,0.163333333333333
2004,5,12,6,0,8.361,0.04
2004,5,12,12,0,14.065,0.00333333333333333
2004,5,12,18,0,6.694,0.113333333333333
2004,5,13,0,0,1.519,0.56
2004,5,13,6,0,9.38,0.0316666666666667
2004,5,13,12,0,14.815,0.00166666666666667
2004,5,13,18,0,6.537,0.0766666666666667
2004,5,14,0,0,2.565,0.318333333333333
2004,5,14,6,0,9.13,0.0266666666666667
2004,5,14,12,0,13.222,0.00333333333333333
2004,5,14,18,0,6.111,0.0683333333333333
2004,5,15,0,0,2.389,0.241666666666667
2004,5,15,6,0,9.898,0.015
2004,5,15,12,0,12.148,0.01
2004,5,15,18,0,6.565,0.0433333333333333
2004,5,16,0,0,4.37,0.0783333333333333
2004,5,16,6,0,9.093,0.0216666666666667
2004,5,16,12,0,13.472,0.01
2004,5,16,18,0,5.213,0.0733333333333333
2004,5,17,0,0,3.389,0.111666666666667
2004,5,17,6,0,9.889,0.0316666666666667
2004,5,17,12,0.1524,16.028,0.00333333333333333
2004,5,17,18,0,7.444,0.0566666666666667
2004,5,18,0,0,5.343,0.0833333333333333
2004,5,18,6,0,11.12,0.0166666666666667
2004,5,18,12,0,14.778,0
2004,5,18,18,0,8.528,0.0183333333333333
2004,5,19,0,0,6.352,0.02
2004,5,19,6,0,8.852,0.015
2004,5,19,12,0,13.787,0.00166666666666667
2004,5,19,18,0,8.472,0.0183333333333333
2004,5,20,0,0,6.611,0.02
2004,5,20,6,0,10.148,0.01
2004,5,20,12,0,12.38,0.00833333333333333
2004,5,20,18,0,7.528,0.02
2004,5,21,0,0.0508,5.787,0.03
2004,5,21,6,0.254,8.537,0.0183333333333333
2004,5,21,12,0.635,11.176,0.01
2004,5,21,18,3.556,7.306,0.0266666666666667
2004,5,22,0,8.382,6.185,0.0366666666666667
2004,5,22,6,4.5974,7.759,0.025
2004,5,22,12,4.0894,11.324,0.01
2004,5,22,18,1.0414,7.306,0.0416666666666667
2004,5,23,0,0,5.509,0.0716666666666667
2004,5,23,6,0,9.407,0.0233333333333333
2004,5,23,12,0,13.213,0
2004,5,23,18,0,7.769,0.0416666666666667
2004,5,24,0,0,5.972,0.0683333333333333
2004,5,24,6,0,10.648,0.0216666666666667
2004,5,24,12,0,13.769,0.00333333333333333
2004,5,24,18,0,7.889,0.0516666666666667
2004,5,25,0,0,5.278,0.0833333333333333
2004,5,25,6,0.9398,10.157,0.0133333333333333
2004,5,25,12,12.2936,9.361,0.01
2004,5,25,18,4.0132,7.398,0.0216666666666667
2004,5,26,0,1.4732,6.806,0.0283333333333333
2004,5,26,6,2.3114,8.657,0.0116666666666667
2004,5,26,12,1.6256,9.333,0.01
2004,5,26,18,1.3208,6.537,0.035
2004,5,27,0,0.9906,4.62,0.075
2004,5,27,6,5.8166,6.565,0.0383333333333333
2004,5,27,12,13.1826,8.898,0.015
2004,5,27,18,16.4846,6.204,0.0466666666666667
2004,5,28,0,6.7564,4.426,0.08
2004,5,28,6,0.4826,6.472,0.0483333333333333
2004,5,28,12,0.9652,9.222,0.0166666666666667
2004,5,28,18,0.635,4.861,0.07
2004,5,29,0,0.0762,3.639,0.095
2004,5,29,6,0.0508,7.398,0.0316666666666667
2004,5,29,12,0.0254,10.093,0.0183333333333333
2004,5,29,18,1.1938,5.593,0.055
2004,5,30,0,2.2606,5.046,0.0633333333333333
2004,5,30,6,2.286,8.306,0.0216666666666667
2004,5,30,12,2.5146,9.741,0.0116666666666667
2004,5,30,18,0.4572,6.269,0.0316666666666667
2004,5,31,0,0.3556,4.102,0.085
2004,5,31,6,1.4986,6.796,0.035
2004,5,31,12,0.4826,9.769,0.0133333333333333
2004,5,31,18,0,6.13,0.045
2004,6,1,0,0.127,5.009,0.0583333333333333
2004,6,1,6,0.3556,8.12,0.02
2004,6,1,12,0.2032,13.398,0.00666666666666667
2004,6,1,18,0,9.139,0.0166666666666667
2004,6,2,0,0,5.926,0.04
2004,6,2,6,0,11.352,0.0116666666666667
2004,6,2,12,0,17.926,0
2004,6,2,18,0,9.12,0.03
2004,6,3,0,0,5.88,0.0633333333333333
2004,6,3,6,0,13.556,0.00666666666666667
2004,6,3,12,0,20.13,0
2004,6,3,18,0,10.861,0.0166666666666667
2004,6,4,0,0,7.093,0.04
2004,6,4,6,0,12.491,0.005
2004,6,4,12,0,17.417,0
2004,6,4,18,0.3556,11.815,0.0116666666666667
2004,6,5,0,0.7874,9.259,0.02
2004,6,5,6,2.2606,9.574,0.005
2004,6,5,12,5.7658,11.426,0
2004,6,5,18,13.7668,7.481,0.0183333333333333
2004,6,6,0,3.9878,6.769,0.0316666666666667
2004,6,6,6,1.3208,8.713,0.0183333333333333
2004,6,6,12,0.3302,11.861,0.00166666666666667
2004,6,6,18,0.0762,8.546,0.015
2004,6,7,0,0,5.741,0.035
2004,6,7,6,1.2446,10.713,0.0116666666666667
2004,6,7,12,0.2286,15.25,0
2004,6,7,18,0,8.315,0.025
2004,6,8,0,0,6.509,0.0366666666666667
2004,6,8,6,0,12.852,0.00833333333333333
2004,6,8,12,0,17.472,0
2004,6,8,18,0.0508,11.231,0.0116666666666667
2004,6,9,0,0.3556,7.991,0.0183333333333333
2004,6,9,6,0.0762,11.417,0.005
2004,6,9,12,0,14.454,0
2004,6,9,18,0.0254,9.056,0.00833333333333333
2004,6,10,0,0.6604,6.796,0.01
2004,6,10,6,4.0132,8.083,0.01
2004,6,10,12,2.9464,10.167,0.01
2004,6,10,18,1.8542,6.713,0.0233333333333333
2004,6,11,0,0.7112,5.296,0.0383333333333333
2004,6,11,6,0.1016,6.972,0.0283333333333333
2004,6,11,12,0.1524,9.694,0.0116666666666667
2004,6,11,18,0.0254,5.843,0.045
2004,6,12,0,0,3.87,0.0833333333333333
2004,6,12,6,0,7.602,0.0233333333333333
2004,6,12,12,0.2286,9.509,0.01
2004,6,12,18,8.6106,6.204,0.02
2004,6,13,0,8.2296,5.796,0.0266666666666667
2004,6,13,6,1.27,7.648,0.0183333333333333
2004,6,13,12,1.3208,10.639,0.00833333333333333
2004,6,13,18,0.9144,7.074,0.0233333333333333
2004,6,14,0,1.143,5,0.0566666666666667
2004,6,14,6,0.5842,8.37,0.0183333333333333
2004,6,14,12,0.381,13.074,0.00166666666666667
2004,6,14,18,0.2032,8.935,0.0166666666666667
2004,6,15,0,0,3.63,0.09
2004,6,15,6,0,10.074,0.015
2004,6,15,12,0,17.102,0
2004,6,15,18,0,9.417,0.0583333333333333
2004,6,16,0,0,4.417,0.176666666666667
2004,6,16,6,0,15,0.005
2004,6,16,12,0,21.815,0
2004,6,16,18,0,11.972,0.0233333333333333
2004,6,17,0,0,8.12,0.0566666666666667
2004,6,17,6,0,17.352,0.00166666666666667
2004,6,17,12,0,22.778,0
2004,6,17,18,0,13.602,0.00833333333333333
2004,6,18,0,0,8.889,0.0266666666666667
2004,6,18,6,0,17.88,0.00166666666666667
2004,6,18,12,0,23.074,0
2004,6,18,18,0,15,0.00666666666666667
2004,6,19,0,0,8.574,0.0333333333333333
2004,6,19,6,0,17.843,0.00166666666666667
2004,6,19,12,0,22.685,0
2004,6,19,18,0,13.806,0.0116666666666667
2004,6,20,0,0,7.037,0.0633333333333333
2004,6,20,6,0,17.843,0.00166666666666667
2004,6,20,12,0,23.278,0
2004,6,20,18,0,14.306,0.00666666666666667
2004,6,21,0,0,7.926,0.0316666666666667
2004,6,21,6,0,17.009,0.00166666666666667
2004,6,21,12,0,21.824,0
2004,6,21,18,0,14.148,0.00666666666666667
2004,6,22,0,0,8.185,0.0283333333333333
2004,6,22,6,0,14.435,0.00166666666666667
2004,6,22,12,0,18.574,0
2004,6,22,18,0,12.815,0.00666666666666667
2004,6,23,0,0,8.185,0.02
2004,6,23,6,0,12.519,0.00333333333333333
2004,6,23,12,0,15.806,0
2004,6,23,18,0,10.926,0.005
2004,6,24,0,0,8.833,0.0116666666666667
2004,6,24,6,0,11.796,0.00166666666666667
2004,6,24,12,0,14.5,0
2004,6,24,18,0.2032,11.472,0.005
2004,6,25,0,0,9.167,0.01
2004,6,25,6,0,12.093,0.00166666666666667
2004,6,25,12,0,16.407,0
2004,6,25,18,0,11.981,0.005
2004,6,26,0,0,8.231,0.0133333333333333
2004,6,26,6,0,11.722,0.00333333333333333
2004,6,26,12,0,15.778,0
2004,6,26,18,0,10.648,0.00833333333333333
2004,6,27,0,0,6.472,0.0233333333333333
2004,6,27,6,0,12.935,0.00166666666666667
2004,6,27,12,0,18.009,0
2004,6,27,18,0,11.167,0.00833333333333333
2004,6,28,0,0,5.806,0.045
2004,6,28,6,0,13.278,0.005
2004,6,28,12,0,19.426,0
2004,6,28,18,0,11.028,0.0133333333333333
2004,6,29,0,0,5.111,0.08
2004,6,29,6,0,13.148,0.005
2004,6,29,12,0,19.019,0
2004,6,29,18,0,10.852,0.0116666666666667
2004,6,30,0,0,5.694,0.06
2004,6,30,6,0,13.194,0.005
2004,6,30,12,0,19.222,0
2004,6,30,18,0,12.731,0.00333333333333333
2004,7,1,0,0.0508,7.981,0.01
2004,7,1,6,0.3048,13.713,0
2004,7,1,12,0.3048,16.713,0
2004,7,1,18,0.3048,11.806,0.005
2004,7,2,0,0.254,8.833,0.00833333333333333
2004,7,2,6,0.0254,14.241,0
2004,7,2,12,0,15.454,0
2004,7,2,18,0.0254,12.417,0
2004,7,3,0,0.127,10.472,0.00666666666666667
2004,7,3,6,0,13.796,0
2004,7,3,12,0,17.648,0
2004,7,3,18,0,13.472,0
2004,7,4,0,0.3556,9.454,0.00833333333333333
2004,7,4,6,3.0988,13.991,0
2004,7,4,12,0.3556,18.5,0
2004,7,4,18,0,12.389,0.00333333333333333
2004,7,5,0,0,8.065,0.0116666666666667
2004,7,5,6,0,14.315,0
2004,7,5,12,0,17.824,0
2004,7,5,18,0,12.472,0.00333333333333333
2004,7,6,0,0.1016,10.194,0.01
2004,7,6,6,5.6642,12.528,0
2004,7,6,12,1.778,14.315,0
2004,7,6,18,1.143,10.778,0.005
2004,7,7,0,10.8458,8.444,0.01
2004,7,7,6,0,9.861,0.00833333333333333
2004,7,7,12,0,12.685,0
2004,7,7,18,0,9.694,0.01
2004,7,8,0,0,8.565,0.01
2004,7,8,6,0,11.009,0.005
2004,7,8,12,0,13.889,0
2004,7,8,18,0,9.602,0.00833333333333333
2004,7,9,0,0,7.694,0.01
2004,7,9,6,0,11.009,0.005
2004,7,9,12,0,14.102,0
2004,7,9,18,0,10.519,0.00666666666666667
2004,7,10,0,0,8.296,0.01
2004,7,10,6,0.0254,13.435,0
2004,7,10,12,0.127,15.167,0
2004,7,10,18,0.1016,10.657,0.00833333333333333
2004,7,11,0,0,9.352,0.01
2004,7,11,6,0,12.87,0.00333333333333333
2004,7,11,12,0,19.731,0
2004,7,11,18,0,13.537,0.005
2004,7,12,0,0,8.278,0.0183333333333333
2004,7,12,6,0,15.843,0.00333333333333333
2004,7,12,12,0,22,0
2004,7,12,18,0,13.722,0.00666666666666667
2004,7,13,0,0,10.12,0.0183333333333333
2004,7,13,6,0.762,17.787,0.00166666666666667
2004,7,13,12,0,22.991,0
2004,7,13,18,0,14.944,0.00333333333333333
2004,7,14,0,0,10.269,0.01
2004,7,14,6,0,15.991,0.00166666666666667
2004,7,14,12,0,20.917,0
2004,7,14,18,0,14.463,0
2004,7,15,0,0,11.324,0.00833333333333333
2004,7,15,6,0,16.787,0
2004,7,15,12,0,21.306,0
2004,7,15,18,0,14.833,0
2004,7,16,0,0,11.463,0
2004,7,16,6,0,16.954,0
2004,7,16,12,0,23.639,0
2004,7,16,18,0,16.648,0
2004,7,17,0,0,11.185,0.00666666666666667
2004,7,17,6,0,18.102,0
2004,7,17,12,0,24.398,0
2004,7,17,18,0,15.759,0
2004,7,18,0,0,12.185,0.005
2004,7,18,6,0,18.704,0
2004,7,18,12,0,22.5,0
2004,7,18,18,0.0254,16.157,0
2004,7,19,0,0,13.481,0
2004,7,19,6,0,16.444,0
2004,7,19,12,0,19.426,0
2004,7,19,18,0,15.194,0
2004,7,20,0,0.127,13.139,0
2004,7,20,6,0.8128,16.333,0
2004,7,20,12,2.3114,20.463,0
2004,7,20,18,0.381,15.204,0
2004,7,21,0,0,10.38,0.005
2004,7,21,6,0,16.898,0
2004,7,21,12,0,24.444,0
2004,7,21,18,0,15.231,0.00333333333333333
2004,7,22,0,0,11.426,0.00833333333333333
2004,7,22,6,0,20.88,0
2004,7,22,12,0,28.694,0
2004,7,22,18,0,18.63,0
2004,7,23,0,0,14.231,0
2004,7,23,6,0,23.88,0
2004,7,23,12,0,29.241,0
2004,7,23,18,0,20.463,0
2004,7,24,0,0,15.435,0
2004,7,24,6,0,22.259,0
2004,7,24,12,0,24.731,0
2004,7,24,18,0,17.565,0
2004,7,25,0,0,13.25,0
2004,7,25,6,0,18.241,0
2004,7,25,12,0,20.574,0
2004,7,25,18,0,13.981,0
2004,7,26,0,0,9.981,0
2004,7,26,6,0,16.287,0
2004,7,26,12,0,21.75,0
2004,7,26,18,0,14.944,0
2004,7,27,0,0,10.954,0.00166666666666667
2004,7,27,6,0,18.38,0
2004,7,27,12,0,23.343,0
2004,7,27,18,0,16.648,0
2004,7,28,0,0,11.593,0.00166666666666667
2004,7,28,6,0,18.611,0
2004,7,28,12,0,22.935,0
2004,7,28,18,0,15.704,0
2004,7,29,0,0,11.639,0
2004,7,29,6,0,18.62,0
2004,7,29,12,0,21.991,0
2004,7,29,18,0,15.833,0
2004,7,30,0,0,12.074,0
2004,7,30,6,0,17.667,0
2004,7,30,12,0,21.917,0
2004,7,30,18,0,15.241,0
2004,7,31,0,0,11.074,0
2004,7,31,6,0,17.722,0
2004,7,31,12,0,22.491,0
2004,7,31,18,0,15.259,0
2004,8,1,0,0,10.074,0.005
2004,8,1,6,0,16.667,0
2004,8,1,12,0,21.63,0
2004,8,1,18,0,14.509,0
2004,8,2,0,0,10.083,0.00833333333333333
2004,8,2,6,0,16.917,0
2004,8,2,12,0,21.639,0
2004,8,2,18,0,15.324,0
2004,8,3,0,0,11.787,0
2004,8,3,6,0,15.954,0
2004,8,3,12,0.1778,19.102,0
2004,8,3,18,0,14.222,0
2004,8,4,0,1.6256,11.944,0
2004,8,4,6,0,14.287,0
2004,8,4,12,0,17.528,0
2004,8,4,18,0,13.694,0
2004,8,5,0,0.4826,10.694,0
2004,8,5,6,0.127,14.111,0
2004,8,5,12,0,16.194,0
2004,8,5,18,0,12.102,0
2004,8,6,0,0,10.361,0.00666666666666667
2004,8,6,6,14.2494,13.481,0
2004,8,6,12,7.6962,15.306,0
2004,8,6,18,0.0762,12.278,0
2004,8,7,0,0.1016,10.704,0
2004,8,7,6,0.508,14.926,0
2004,8,7,12,0.1016,21.185,0
2004,8,7,18,0,12.139,0.00666666666666667
2004,8,8,0,0,10.231,0.01
2004,8,8,6,0,17.583,0
2004,8,8,12,0,25.972,0
2004,8,8,18,0,14.713,0.005
2004,8,9,0,0,12.806,0.00833333333333333
2004,8,9,6,0,19.833,0
2004,8,9,12,0,26.944,0
2004,8,9,18,0,16.296,0
2004,8,10,0,0,12.639,0.005
2004,8,10,6,0,19.509,0
2004,8,10,12,0,26.259,0
2004,8,10,18,0,15.417,0
2004,8,11,0,0,10.731,0.00833333333333333
2004,8,11,6,0,18.222,0
2004,8,11,12,0,25.676,0
2004,8,11,18,0,14.685,0.00166666666666667
2004,8,12,0,0,11.222,0.01
2004,8,12,6,0,18.694,0
2004,8,12,12,0,25.435,0
2004,8,12,18,0,14.87,0
2004,8,13,0,0,11.343,0.00833333333333333
2004,8,13,6,0,17.667,0
2004,8,13,12,0,25.417,0
2004,8,13,18,0,14.87,0
2004,8,14,0,0,11.741,0.01
2004,8,14,6,0,18.963,0
2004,8,14,12,0,24.704,0
2004,8,14,18,0,17.37,0
2004,8,15,0,0,14.898,0
2004,8,15,6,0,17.898,0
2004,8,15,12,0,23.25,0
2004,8,15,18,0,16.472,0
2004,8,16,0,0,12.806,0
2004,8,16,6,0,16.889,0
2004,8,16,12,0,22.657,0
2004,8,16,18,0,16,0
2004,8,17,0,0,13.231,0
2004,8,17,6,0,18.389,0
2004,8,17,12,0,23.537,0
2004,8,17,18,0,15.556,0
2004,8,18,0,0,12.083,0
2004,8,18,6,0,17.741,0
2004,8,18,12,0,24.157,0
2004,8,18,18,0,15.611,0
2004,8,19,0,0,12.37,0
2004,8,19,6,0,18.389,0
2004,8,19,12,0,23.167,0
2004,8,19,18,0,15.361,0
2004,8,20,0,0,12.037,0
2004,8,20,6,0,16.87,0
2004,8,20,12,0,19.176,0
2004,8,20,18,0,13.426,0
2004,8,21,0,0,11.37,0
2004,8,21,6,1.0668,15.676,0
2004,8,21,12,22.9108,14.426,0
2004,8,21,18,4.572,13.88,0
2004,8,22,0,25.8064,12.991,0
2004,8,22,6,3.6322,14.046,0
2004,8,22,12,0.7112,15.583,0
2004,8,22,18,0.4572,12.5,0
2004,8,23,0,0.2032,10.806,0
2004,8,23,6,0.3556,13.176,0
2004,8,23,12,0.7366,15.815,0
2004,8,23,18,0.0762,12.222,0
2004,8,24,0,5.842,11.509,0
2004,8,24,6,4.8514,12.806,0
2004,8,24,12,15.2654,13.037,0
2004,8,24,18,29.972,11.648,0
2004,8,25,0,5.9944,11.065,0
2004,8,25,6,4.9022,12.75,0
2004,8,25,12,14.1478,13.472,0
2004,8,25,18,10.2616,11.5,0
2004,8,26,0,2.54,11.287,0
2004,8,26,6,0.4826,13.139,0
2004,8,26,12,0.0762,15.824,0
2004,8,26,18,0.1778,13.083,0
2004,8,27,0,0.1016,12.065,0
2004,8,27,6,0,13.648,0
2004,8,27,12,0,15.287,0
2004,8,27,18,0,12.454,0
2004,8,28,0,0,12.426,0
2004,8,28,6,0.8382,13.778,0
2004,8,28,12,2.54,16.38,0
2004,8,28,18,0.7112,13.935,0
2004,8,29,0,0.0508,13.111,0
2004,8,29,6,0,15.815,0
2004,8,29,12,0,19.917,0
2004,8,29,18,0,14.093,0
2004,8,30,0,0,12.454,0
2004,8,30,6,0,16.935,0
2004,8,30,12,0,20.75,0
2004,8,30,18,0,14.926,0
2004,8,31,0,0,12.287,0.005
2004,8,31,6,0,16.426,0
2004,8,31,12,0,19.222,0
2004,8,31,18,0.9906,13.315,0
2004,9,1,0,7.2644,10.639,0.00666666666666667
2004,9,1,6,7.7724,12.157,0
2004,9,1,12,3.4036,11.213,0.00333333333333333
2004,9,1,18,2.1844,8.917,0.01
2004,9,2,0,0.635,8.537,0.01
2004,9,2,6,0.9652,9.75,0.00833333333333333
2004,9,2,12,0.254,11.991,0
2004,9,2,18,0.0762,9.759,0.00833333333333333
2004,9,3,0,0.3302,8.87,0.01
2004,9,3,6,0,11.398,0.00333333333333333
2004,9,3,12,0,13.213,0
2004,9,3,18,0,10.287,0.00666666666666667
2004,9,4,0,0,9.435,0.01
2004,9,4,6,0.0508,12.333,0
2004,9,4,12,0.254,14.639,0
2004,9,4,18,0.6858,11.62,0
2004,9,5,0,0.2032,8.926,0.00833333333333333
2004,9,5,6,0,11.889,0.00333333333333333
2004,9,5,12,0,15.37,0
2004,9,5,18,0,8.361,0.0116666666666667
2004,9,6,0,0,5.917,0.0266666666666667
2004,9,6,6,0,13.093,0.00166666666666667
2004,9,6,12,0,16.852,0
2004,9,6,18,0,10.787,0.005
2004,9,7,0,0,9.065,0.01
2004,9,7,6,0,12.676,0.00333333333333333
2004,9,7,12,0,16.213,0
2004,9,7,18,0,10.315,0.00666666666666667
2004,9,8,0,0,9.519,0.01
2004,9,8,6,0.0254,13.046,0
2004,9,8,12,3.9624,15.185,0
2004,9,8,18,9.1694,11.343,0
2004,9,9,0,12.2682,10.333,0.00666666666666667
2004,9,9,6,13.1826,12.435,0.00333333333333333
2004,9,9,12,5.7912,15.296,0
2004,9,9,18,0.2032,9.667,0.00666666666666667
2004,9,10,0,0,7.722,0.01
2004,9,10,6,0,12.556,0.00166666666666667
2004,9,10,12,2.8194,14.259,0
2004,9,10,18,29.5148,11.426,0
2004,9,11,0,8.3058,12.509,0
2004,9,11,6,3.6068,11.944,0
2004,9,11,12,1.4478,12.991,0
2004,9,11,18,1.0922,9.222,0.00833333333333333
2004,9,12,0,0.4826,7.704,0.0183333333333333
2004,9,12,6,0.4064,9.491,0.00833333333333333
2004,9,12,12,0.1016,11.611,0.00166666666666667
2004,9,12,18,0,7.63,0.0183333333333333
2004,9,13,0,0.127,7.287,0.0183333333333333
2004,9,13,6,5.3086,10.194,0.005
2004,9,13,12,5.3848,10.398,0.005
2004,9,13,18,7.4168,9.148,0.01
2004,9,14,0,6.5786,8.194,0.01
2004,9,14,6,3.9116,9.324,0.00666666666666667
2004,9,14,12,2.1336,10.944,0.00166666666666667
2004,9,14,18,5.0292,7.602,0.0183333333333333
2004,9,15,0,14.732,6.889,0.02
2004,9,15,6,6.2738,8.667,0.01
2004,9,15,12,2.7432,10.167,0.005
2004,9,15,18,2.8448,7.38,0.01
2004,9,16,0,1.0668,7.093,0.01
2004,9,16,6,0,8.481,0.01
2004,9,16,12,11.049,9.611,0.01
2004,9,16,18,11.176,8.028,0.0116666666666667
2004,9,17,0,13.2588,7.278,0.02
2004,9,17,6,7.1628,7.565,0.0183333333333333
2004,9,17,12,3.5814,10.019,0.01
2004,9,17,18,1.0668,6.435,0.0283333333333333
2004,9,18,0,3.7338,6.769,0.02
2004,9,18,6,3.175,8.241,0.015
2004,9,18,12,8.8138,9.509,0.01
2004,9,18,18,0.0508,6.796,0.02
2004,9,19,0,0.2794,5.815,0.0283333333333333
2004,9,19,6,0,8.306,0.0133333333333333
2004,9,19,12,0.0254,10.63,0.00833333333333333
2004,9,19,18,0,5.731,0.03
2004,9,20,0,0,3.463,0.075
2004,9,20,6,0,7.407,0.0216666666666667
2004,9,20,12,0,11.278,0.00333333333333333
2004,9,20,18,0,5.519,0.0266666666666667
2004,9,21,0,0,5.491,0.0283333333333333
2004,9,21,6,0,8.417,0.0133333333333333
2004,9,21,12,0,10.75,0.01
2004,9,21,18,0.3302,8.009,0.0183333333333333
2004,9,22,0,0.3302,7.981,0.01
2004,9,22,6,9.525,10.62,0.00666666666666667
2004,9,22,12,0.9398,12.074,0.00166666666666667
2004,9,22,18,3.4544,9.556,0.01
2004,9,23,0,0.7874,8.898,0.01
2004,9,23,6,0,10.565,0.01
2004,9,23,12,0,13.611,0
2004,9,23,18,0.254,7.435,0.0183333333333333
2004,9,24,0,0.127,6.417,0.0233333333333333
2004,9,24,6,0,9.963,0.0116666666666667
2004,9,24,12,0,15.148,0
2004,9,24,18,0.0254,6.972,0.0283333333333333
2004,9,25,0,0.0508,6.009,0.0383333333333333
2004,9,25,6,0,10.222,0.0116666666666667
2004,9,25,12,0,15.417,0
2004,9,25,18,0,8.028,0.0116666666666667
2004,9,26,0,0,6.333,0.02
2004,9,26,6,0,9.648,0.00833333333333333
2004,9,26,12,0,14.898,0
2004,9,26,18,0,7.87,0.0166666666666667
2004,9,27,0,0,6.037,0.0433333333333333
2004,9,27,6,0,10.093,0.0183333333333333
2004,9,27,12,0,15.204,0
2004,9,27,18,0,7.731,0.0233333333333333
2004,9,28,0,0,6.269,0.0383333333333333
2004,9,28,6,0,8.954,0.0233333333333333
2004,9,28,12,0,14.593,0
2004,9,28,18,0,9.519,0.01
2004,9,29,0,0,8.176,0.0133333333333333
2004,9,29,6,0,10.296,0.0116666666666667
2004,9,29,12,0,14.593,0
2004,9,29,18,0,8.852,0.015
2004,9,30,0,0,7.111,0.0416666666666667
2004,9,30,6,0,9.898,0.0266666666666667
2004,9,30,12,0,16.074,0
2004,9,30,18,0,10.639,0.0166666666666667
2004,10,1,0,0,6.546,0.0716666666666667
2004,10,1,6,0,10.194,0.0333333333333333
2004,10,1,12,0,17.574,0
2004,10,1,18,0,7.713,0.0333333333333333
2004,10,2,0,0,3.944,0.121666666666667
2004,10,2,6,0,10.157,0.0283333333333333
2004,10,2,12,0,17.565,0
2004,10,2,18,0,6.981,0.0366666666666667
2004,10,3,0,0.1016,4.009,0.125
2004,10,3,6,0.6096,9.093,0.0566666666666667
2004,10,3,12,0.6096,16.343,0
2004,10,3,18,0.6096,7.481,0.03
2004,10,4,0,0.508,4.509,0.101666666666667
2004,10,4,6,0,8.991,0.035
2004,10,4,12,0,14.241,0
2004,10,4,18,0,5.833,0.0516666666666667
2004,10,5,0,0,3.657,0.0966666666666667
2004,10,5,6,0,9.417,0.02
2004,10,5,12,5.842,11.88,0.00166666666666667
2004,10,5,18,3.1242,8.87,0.01
2004,10,6,0,3.429,8.935,0.01
2004,10,6,6,3.8354,10.167,0.005
2004,10,6,12,0.0762,10.676,0.005
2004,10,6,18,0.127,6.926,0.025
2004,10,7,0,0.2286,4,0.0733333333333333
2004,10,7,6,0,6.426,0.0433333333333333
2004,10,7,12,0,10.519,0.00666666666666667
2004,10,7,18,0,8.546,0.01
2004,10,8,0,5.461,8.185,0.01
2004,10,8,6,26.6446,8.333,0.01
2004,10,8,12,15.9258,8.38,0.01
2004,10,8,18,19.177,6.37,0.0233333333333333
2004,10,9,0,4.9784,5.231,0.045
2004,10,9,6,3.3782,6.046,0.035
2004,10,9,12,5.6388,7.593,0.0183333333333333
2004,10,9,18,0.635,6.972,0.02
2004,10,10,0,1.9304,7.093,0.02
2004,10,10,6,0.889,9.093,0.00833333333333333
2004,10,10,12,0.1016,11.556,0
2004,10,10,18,0.0508,8.519,0.0133333333333333
2004,10,11,0,0,7.62,0.02
2004,10,11,6,0,9.741,0.01
2004,10,11,12,0,13.157,0
2004,10,11,18,0,9.102,0.00833333333333333
2004,10,12,0,0,7.731,0.01
2004,10,12,6,0,10.398,0.005
2004,10,12,12,0,13.509,0
2004,10,12,18,0,9.509,0.01
2004,10,13,0,0,8.269,0.02
2004,10,13,6,0,10.843,0.00833333333333333
2004,10,13,12,0,14.491,0
2004,10,13,18,0,8.704,0.00833333333333333
2004,10,14,0,0,6.657,0.0233333333333333
2004,10,14,6,0,8.741,0.0133333333333333
2004,10,14,12,0,11.889,0
2004,10,14,18,0,7.889,0.00833333333333333
2004,10,15,0,0,6.287,0.02
2004,10,15,6,0.4572,8.028,0.01
2004,10,15,12,1.3716,10.685,0
2004,10,15,18,2.9464,8.389,0.01
2004,10,16,0,5.1816,7.87,0.01
2004,10,16,6,6.0706,7.917,0.01
2004,10,16,12,7.8994,8.269,0.0133333333333333
2004,10,16,18,0.8636,4.583,0.0466666666666667
2004,10,17,0,4.826,4.972,0.0483333333333333
2004,10,17,6,8.2296,6.694,0.0283333333333333
2004,10,17,12,5.0038,7.861,0.0216666666666667
2004,10,17,18,3.5814,5.194,0.0466666666666667
2004,10,18,0,9.6774,3.759,0.075
2004,10,18,6,2.0574,3.88,0.08
2004,10,18,12,0.7112,5.944,0.0383333333333333
2004,10,18,18,0.2032,4.12,0.0766666666666667
2004,10,19,0,0.127,4.694,0.0683333333333333
2004,10,19,6,0.1016,6.657,0.0333333333333333
2004,10,19,12,0.5588,7.898,0.0183333333333333
2004,10,19,18,0.0762,5.324,0.0533333333333333
2004,10,20,0,1.6764,3.611,0.085
2004,10,20,6,0,4.972,0.0616666666666667
2004,10,20,12,0.0508,6.852,0.025
2004,10,20,18,1.9304,4.741,0.0583333333333333
2004,10,21,0,1.8288,3.611,0.0766666666666667
2004,10,21,6,0.2032,4.546,0.0633333333333333
2004,10,21,12,0,6.583,0.035
2004,10,21,18,1.7018,3.583,0.085
2004,10,22,0,4.7752,3.843,0.08
2004,10,22,6,0.8636,3.667,0.0883333333333333
2004,10,22,12,0.5842,4.815,0.065
2004,10,22,18,1.8034,2.361,0.163333333333333
2004,10,23,0,3.0734,0.843,0.42
2004,10,23,6,1.3208,1.972,0.325
2004,10,23,12,1.4478,3.722,0.09
2004,10,23,18,4.064,2.056,0.181666666666667
2004,10,24,0,0.4826,1.241,0.31
2004,10,24,6,0.4318,2.157,0.206666666666667
2004,10,24,12,0.0762,4.565,0.06
2004,10,24,18,0.0508,2.556,0.183333333333333
2004,10,25,0,0,2.731,0.16
2004,10,25,6,0.127,4.398,0.085
2004,10,25,12,0.5842,8.157,0.0216666666666667
2004,10,25,18,0.0762,3.824,0.126666666666667
2004,10,26,0,0.0762,3.167,0.2
2004,10,26,6,0,4.278,0.286666666666667
2004,10,26,12,0,8.296,0.025
2004,10,26,18,0,1.361,0.556666666666667
2004,10,27,0,0,-0.296,0.956666666666667
2004,10,27,6,0,2.38,0.513333333333333
2004,10,27,12,0,6.194,0.0616666666666667
2004,10,27,18,0,1.157,0.736666666666667
2004,10,28,0,0,0.148,0.91
2004,10,28,6,3.2004,3.139,0.268333333333333
2004,10,28,12,1.27,5.611,0.0533333333333333
2004,10,28,18,1.0668,2.676,0.1
2004,10,29,0,0.8636,1.62,0.198333333333333
2004,10,29,6,1.5494,3.269,0.133333333333333
2004,10,29,12,0.508,6.333,0.045
2004,10,29,18,15.1892,6.111,0.0383333333333333
2004,10,30,0,12.7254,4.519,0.0616666666666667
2004,10,30,6,0.7366,3.537,0.0833333333333333
2004,10,30,12,0.6096,4.343,0.0716666666666667
2004,10,30,18,0.8636,3.167,0.0983333333333333
2004,10,31,0,0.6858,1.944,0.188333333333333
2004,10,31,6,0,1.574,0.285
2004,10,31,12,0,3.009,0.133333333333333
2004,10,31,18,0,0.287,0.641666666666667
2004,11,1,0,0.254,1.481,0.405
2004,11,1,6,7.747,1.88,0.255
2004,11,1,12,19.1262,3.491,0.0883333333333333
2004,11,1,18,42.7736,5.148,0.0483333333333333
2004,11,2,0,31.4198,5.222,0.05
2004,11,2,6,8.8138,4.102,0.0716666666666667
2004,11,2,12,0.3048,2.759,0.143333333333333
2004,11,2,18,0.8382,0.343,0.608333333333333
2004,11,3,0,0,-1.009,0.94
2004,11,3,6,0,1.028,0.556666666666667
2004,11,3,12,0,3.722,0.136666666666667
2004,11,3,18,0,-1.824,0.983333333333333
2004,11,4,0,0,-2.528,1
2004,11,4,6,0,0.444,0.638333333333333
2004,11,4,12,0,5.046,0.0716666666666667
2004,11,4,18,0,0.019,0.78
2004,11,5,0,0,-0.472,0.876666666666667
2004,11,5,6,0,2.583,0.231666666666667
2004,11,5,12,0,4.963,0.07
2004,11,5,18,0.2286,3.444,0.0916666666666667
2004,11,6,0,5.5372,3.259,0.0916666666666667
2004,11,6,6,16.4592,4.824,0.0533333333333333
2004,11,6,12,17.4498,5.778,0.04
2004,11,6,18,7.239,4.963,0.05
2004,11,7,0,3.6576,5.38,0.0483333333333333
2004,11,7,6,1.905,6.889,0.0266666666666667
2004,11,7,12,5.1308,9.241,0.01
2004,11,7,18,0.4064,7.343,0.0233333333333333
2004,11,8,0,0.127,5.065,0.05
2004,11,8,6,0,5.815,0.045
2004,11,8,12,0.0254,7.704,0.025
2004,11,8,18,0.1778,4.25,0.0666666666666667
2004,11,9,0,0,4.25,0.0683333333333333
2004,11,9,6,0,5.491,0.0566666666666667
2004,11,9,12,0,7.806,0.0216666666666667
2004,11,9,18,0,4.667,0.0666666666666667
2004,11,10,0,0,2.241,0.218333333333333
2004,11,10,6,0,3.12,0.228333333333333
2004,11,10,12,0,6.111,0.0616666666666667
2004,11,10,18,0,1.13,0.508333333333333
2004,11,11,0,0,-0.046,0.928333333333333
2004,11,11,6,0,1.731,0.541666666666667
2004,11,11,12,0,4.167,0.178333333333333
2004,11,11,18,0,-0.972,0.991666666666667
2004,11,12,0,0,-1.157,1
2004,11,12,6,0,1.63,0.54
2004,11,12,12,0,5.176,0.06
2004,11,12,18,0.1016,3.583,0.0883333333333333
2004,11,13,0,0.4064,3.167,0.08
2004,11,13,6,1.2954,4.435,0.0566666666666667
2004,11,13,12,0.0762,6.361,0.03
2004,11,13,18,0.1016,3.241,0.1
2004,11,14,0,0.5334,4.389,0.0883333333333333
2004,11,14,6,9.9314,5.546,0.0533333333333333
2004,11,14,12,4.8768,6.759,0.04
2004,11,14,18,5.7404,6.843,0.0383333333333333
2004,11,15,0,4.191,8.287,0.0216666666666667
2004,11,15,6,20.1676,7.398,0.025
2004,11,15,12,2.667,4.361,0.075
2004,11,15,18,0.0254,1.667,0.18
2004,11,16,0,0.1524,1.019,0.265
2004,11,16,6,0,2.731,0.155
2004,11,16,12,2.8702,3.111,0.105
2004,11,16,18,0.1016,0.528,0.496666666666667
2004,11,17,0,0,-0.778,0.893333333333333
2004,11,17,6,0,-0.019,0.668333333333333
2004,11,17,12,0,2.685,0.203333333333333
2004,11,17,18,2.5146,1.713,0.303333333333333
2004,11,18,0,15.7988,1.917,0.193333333333333
2004,11,18,6,4.1148,0.157,0.593333333333333
2004,11,18,12,11.0236,2.12,0.175
2004,11,18,18,0.9906,2.287,0.125
2004,11,19,0,0.0254,0.065,0.551666666666667
2004,11,19,6,0.0254,0.454,0.49
2004,11,19,12,0,0.324,0.538333333333333
2004,11,19,18,0,-4,1
2004,11,20,0,0,-4.935,1
2004,11,20,6,0,-2.324,0.953333333333333
2004,11,20,12,0,0.139,0.773333333333333
2004,11,20,18,0,-0.787,0.921666666666667
2004,11,21,0,0,-1.593,0.998333333333333
2004,11,21,6,0,-2.083,0.965
2004,11,21,12,0.0508,0.056,0.621666666666667
2004,11,21,18,1.3462,0.769,0.3
2004,11,22,0,1.778,1.481,0.171666666666667
2004,11,22,6,1.9812,1.806,0.15
2004,11,22,12,2.921,1.028,0.335
2004,11,22,18,2.8702,-1.111,0.926666666666667
2004,11,23,0,1.1684,-0.111,0.573333333333333
2004,11,23,6,1.0414,2.565,0.125
2004,11,23,12,2.8448,4.231,0.0616666666666667
2004,11,23,18,11.3538,3.417,0.0783333333333334
2004,11,24,0,39.7256,4.074,0.0666666666666667
2004,11,24,6,30.099,5.093,0.0516666666666667
2004,11,24,12,33.782,5.315,0.055
2004,11,24,18,26.67,3.861,0.0783333333333334
2004,11,25,0,4.2672,3.009,0.105
2004,11,25,6,1.905,1.917,0.19
2004,11,25,12,1.8796,1.778,0.243333333333333
2004,11,25,18,3.1496,0.454,0.486666666666667
2004,11,26,0,0.6096,-0.343,0.763333333333333
2004,11,26,6,0.3556,-1.278,0.815
2004,11,26,12,4.4196,1.463,0.246666666666667
2004,11,26,18,3.7592,-0.194,0.671666666666667
2004,11,27,0,4.4958,-0.787,0.881666666666667
2004,11,27,6,3.1242,-0.583,0.903333333333333
2004,11,27,12,0,-1.296,0.915
2004,11,27,18,0,-4.083,1
2004,11,28,0,0,-5.37,1
2004,11,28,6,0,-4.602,1
2004,11,28,12,0,-2.324,1
2004,11,28,18,0,-4.491,1
2004,11,29,0,0,-4.741,1
2004,11,29,6,0,-3.435,1
2004,11,29,12,0.6858,-1.657,1
2004,11,29,18,6.7564,-2.657,1
2004,11,30,0,0.8382,-2.704,1
2004,11,30,6,0.0762,-1.889,0.983333333333333
2004,11,30,12,0.1778,-1.602,0.958333333333333
2004,11,30,18,1.7526,-2.167,1
2004,12,1,0,0.0254,-2.981,1
2004,12,1,6,0.1524,-1.731,0.955
2004,12,1,12,0.8382,-0.602,0.855
2004,12,1,18,0.1524,-1.241,0.988333333333333
2004,12,2,0,0.127,-1.37,0.988333333333333
2004,12,2,6,0.1016,-0.509,0.711666666666667
2004,12,2,12,0.7112,1.667,0.203333333333333
2004,12,2,18,1.3208,0.148,0.43
2004,12,3,0,0.9398,0.62,0.291666666666667
2004,12,3,6,0.508,0.815,0.326666666666667
2004,12,3,12,1.3716,1.63,0.193333333333333
2004,12,3,18,7.1374,0.843,0.298333333333333
2004,12,4,0,9.7028,0.787,0.293333333333333
2004,12,4,6,12.4968,1.417,0.208333333333333
2004,12,4,12,8.509,1.213,0.238333333333333
2004,12,4,18,10.0838,0.435,0.338333333333333
2004,12,5,0,12.065,-0.602,0.793333333333333
2004,12,5,6,0.9144,-2.491,1
2004,12,5,12,1.2192,-2.917,1
2004,12,5,18,0.254,-3.676,1
2004,12,6,0,0.0254,-2.343,1
2004,12,6,6,3.9624,-1.5,1
2004,12,6,12,2.0574,-0.796,0.981666666666667
2004,12,6,18,0.5588,-2.065,1
2004,12,7,0,6.5532,-2.213,1
2004,12,7,6,0.762,-1.352,0.976666666666667
2004,12,7,12,0.6604,0.296,0.531666666666667
2004,12,7,18,4.7752,0.926,0.325
2004,12,8,0,9.2964,2.556,0.14
2004,12,8,6,9.906,2.38,0.133333333333333
2004,12,8,12,6.477,0.889,0.363333333333333
2004,12,8,18,3.2512,0.25,0.59
2004,12,9,0,2.1336,-0.148,0.685
2004,12,9,6,0.3556,1.398,0.316666666666667
2004,12,9,12,2.7178,3.389,0.106666666666667
2004,12,9,18,18.1102,3.741,0.095
2004,12,10,0,24.0284,5.185,0.055
2004,12,10,6,9.4996,5.648,0.05
2004,12,10,12,18.1102,5.741,0.0533333333333333
2004,12,10,18,19.6088,4.556,0.0616666666666667
2004,12,11,0,3.302,2.222,0.163333333333333
2004,12,11,6,0,0.787,0.493333333333333
2004,12,11,12,0,0.852,0.571666666666667
2004,12,11,18,0,-1.5,0.988333333333333
2004,12,12,0,0,-0.926,1
2004,12,12,6,0,0.722,0.995
2004,12,12,12,0,3.315,0.828333333333333
2004,12,12,18,0,2.722,0.918333333333333
2004,12,13,0,0,2.435,0.726666666666667
2004,12,13,6,1.7272,2.509,0.351666666666667
2004,12,13,12,2.0828,3.907,0.085
2004,12,13,18,2.8448,3.944,0.08
2004,12,14,0,3.556,3.546,0.09
2004,12,14,6,6.5786,3.787,0.0783333333333333
2004,12,14,12,5.9436,4.352,0.065
2004,12,14,18,2.1844,3.333,0.0883333333333333
2004,12,15,0,0.3302,2.657,0.113333333333333
2004,12,15,6,0.2286,1.787,0.191666666666667
2004,12,15,12,0.0254,2.944,0.12
2004,12,15,18,0.381,1.806,0.215
2004,12,16,0,0,1.472,0.35
2004,12,16,6,0.0762,2.741,0.288333333333333
2004,12,16,12,0.2286,4.157,0.125
2004,12,16,18,0.508,1.269,0.308333333333333
2004,12,17,0,0,0.093,0.688333333333333
2004,12,17,6,0.7874,2.435,0.338333333333333
2004,12,17,12,0.0254,5.778,0.0466666666666667
2004,12,17,18,9.144,3.778,0.06
2004,12,18,0,0,4.454,0.0516666666666667
2004,12,18,6,0,6.157,0.04
2004,12,18,12,0,8.176,0.0233333333333333
2004,12,18,18,0,7.009,0.0316666666666667
2004,12,19,0,0.6096,7.426,0.0233333333333333
2004,12,19,6,0.6604,4.861,0.0566666666666667
2004,12,19,12,0.0762,3.009,0.1
2004,12,19,18,0.9652,1.852,0.156666666666667
2004,12,20,0,0.3048,1.574,0.171666666666667
2004,12,20,6,0,1.88,0.148333333333333
2004,12,20,12,0,3.065,0.1
2004,12,20,18,0,0.815,0.295
2004,12,21,0,0.381,1.602,0.163333333333333
2004,12,21,6,1.2192,2.074,0.133333333333333
2004,12,21,12,0,2.472,0.136666666666667
2004,12,21,18,0,0.694,0.34
2004,12,22,0,0,0.241,0.483333333333333
2004,12,22,6,0,0.296,0.575
2004,12,22,12,0,0.963,0.553333333333333
2004,12,22,18,0,-1.509,1
2004,12,23,0,0,-1.546,1
2004,12,23,6,0,-0.111,0.816666666666667
2004,12,23,12,0,0.38,0.606666666666667
2004,12,23,18,0,-3,0.998333333333333
2004,12,24,0,0,-3.074,1
2004,12,24,6,0.1016,-1.111,0.831666666666667
2004,12,24,12,0.5842,1.676,0.186666666666667
2004,12,24,18,1.7526,0.102,0.591666666666667
2004,12,25,0,12.7762,1.778,0.161666666666667
2004,12,25,6,12.0396,2.093,0.12
2004,12,25,12,13.5382,3.046,0.0866666666666667
2004,12,25,18,6.858,1.954,0.15
2004,12,26,0,0.5588,1.38,0.208333333333333
2004,12,26,6,2.0828,2.463,0.111666666666667
2004,12,26,12,0.3048,2.454,0.168333333333333
2004,12,26,18,3.9878,0.602,0.466666666666667
2004,12,27,0,1.8288,-0.37,0.89
2004,12,27,6,0,-0.296,0.891666666666667
2004,12,27,12,0,0.815,0.658333333333333
2004,12,27,18,0,-1.843,1
2004,12,28,0,0,-1.454,1
2004,12,28,6,0,0.269,0.856666666666667
2004,12,28,12,0,1.056,0.711666666666667
2004,12,28,18,0.2286,-1.491,1
2004,12,29,0,0.3556,-0.981,0.995
2004,12,29,6,5.4356,0.37,0.693333333333333
2004,12,29,12,4.1656,1.019,0.281666666666667
2004,12,29,18,3.2512,-0.111,0.62
2004,12,30,0,1.651,-1.139,0.981666666666667
2004,12,30,6,1.8034,-0.806,0.94
2004,12,30,12,1.8034,0.111,0.811666666666667
2004,12,30,18,2.032,-2.019,1
2004,12,31,0,0.254,-2.917,1
2004,12,31,6,0,-2.861,1
2004,12,31,12,0,-1.889,1
2004,12,31,18,0,-3.787,1
2005,1,1,0,0.3556,-4.417,1
2005,1,1,6,0.0508,-3.056,1
2005,1,1,12,0,-2.917,1
2005,1,1,18,0,-4.491,1
2005,1,2,0,0,-6.944,1
2005,1,2,6,0,-6.648,1
2005,1,2,12,0,-5.37,1
2005,1,2,18,0,-8.778,1
2005,1,3,0,0,-8.611,1
2005,1,3,6,0,-7.259,1
2005,1,3,12,0,-4.093,1
2005,1,3,18,0,-6.926,1
2005,1,4,0,0,-7.667,1
2005,1,4,6,0,-7.065,1
2005,1,4,12,0,-4.083,1
2005,1,4,18,0,-7.62,1
2005,1,5,0,0,-8.796,1
2005,1,5,6,0,-6.574,1
2005,1,5,12,0,-4.556,1
2005,1,5,18,0,-8.102,1
2005,1,6,0,0,-8.25,1
2005,1,6,6,0.8636,-6.843,1
2005,1,6,12,1.524,-3.741,1
2005,1,6,18,2.3622,-4.509,1
2005,1,7,0,5.2578,-4.833,1
2005,1,7,6,2.9718,-5,1
2005,1,7,12,0.1016,-4.417,1
2005,1,7,18,0.1524,-6.269,1
2005,1,8,0,1.5494,-7.454,1
2005,1,8,6,0.2794,-6.435,1
2005,1,8,12,0,-5.065,1
2005,1,8,18,0.0254,-6.843,1
2005,1,9,0,0.0254,-8.028,1
2005,1,9,6,0.1524,-7.13,1
2005,1,9,12,0,-5.185,1
2005,1,9,18,0.0508,-7.537,1
2005,1,10,0,0,-8.87,1
2005,1,10,6,0,-6.083,1
2005,1,10,12,0,-3.093,1
2005,1,10,18,0,-8.676,1
2005,1,11,0,0,-10.972,1
2005,1,11,6,0,-8.685,1
2005,1,11,12,0.0254,-4.333,1
2005,1,11,18,0.508,-3.167,1
2005,1,12,0,0.3556,-1.037,0.963333333333333
2005,1,12,6,0.5588,-2.796,1
2005,1,12,12,0.5334,-3.898,1
2005,1,12,18,0.0508,-5.87,1
2005,1,13,0,0.127,-7.213,1
2005,1,13,6,0,-6.556,1
2005,1,13,12,0,-6.454,1
2005,1,13,18,0,-10.148,1
2005,1,14,0,0,-11.435,1
2005,1,14,6,0,-10.787,1
2005,1,14,12,0,-7.259,1
2005,1,14,18,0,-11.176,1
2005,1,15,0,0,-11.954,1
2005,1,15,6,0,-8.537,1
2005,1,15,12,0.127,-3.324,1
2005,1,15,18,5.6388,-4.306,1
2005,1,16,0,8.128,-3.704,1
2005,1,16,6,7.9502,-2.009,0.991666666666667
2005,1,16,12,1.4986,-2.074,1
2005,1,16,18,0,-2.231,1
2005,1,17,0,14.5796,-0.343,0.675
2005,1,17,6,43.7642,1.787,0.165
2005,1,17,12,36.7538,3.444,0.0916666666666667
2005,1,17,18,25.0698,4.102,0.0666666666666667
2005,1,18,0,14.3256,3.241,0.0816666666666667
2005,1,18,6,12.319,4.083,0.116666666666667
2005,1,18,12,17.7292,9.491,0.0133333333333333
2005,1,18,18,13.2588,5.861,0.0283333333333333
2005,1,19,0,13.5636,7.13,0.02
2005,1,19,6,1.6256,7.056,0.0183333333333333
2005,1,19,12,17.2466,8.389,0.00666666666666667
2005,1,19,18,30.3276,5.963,0.035
2005,1,20,0,6.8326,5.694,0.0483333333333333
2005,1,20,6,8.0518,6.685,0.0166666666666667
2005,1,20,12,8.4582,6.778,0.0183333333333333
2005,1,20,18,4.5212,4.176,0.0633333333333333
2005,1,21,0,0.2032,4.204,0.0583333333333333
2005,1,21,6,0,4.657,0.05
2005,1,21,12,0,5.88,0.0383333333333333
2005,1,21,18,0,5.963,0.0383333333333333
2005,1,22,0,9.2202,5.472,0.0483333333333333
2005,1,22,6,11.5824,5.13,0.0483333333333333
2005,1,22,12,9.2456,6.722,0.0233333333333333
2005,1,22,18,2.794,5.898,0.0316666666666667
2005,1,23,0,0.9652,7.093,0.0216666666666667
2005,1,23,6,0.3048,6.898,0.0283333333333333
2005,1,23,12,0.1016,7.259,0.03
2005,1,23,18,0.2286,6.241,0.0466666666666667
2005,1,24,0,0.5588,6.343,0.0333333333333333
2005,1,24,6,0.2794,6.713,0.035
2005,1,24,12,0,7.444,0.0316666666666667
2005,1,24,18,0,5.602,0.0633333333333333
2005,1,25,0,0,4.111,0.12
2005,1,25,6,0,5.111,0.0733333333333333
2005,1,25,12,0,6.741,0.05
2005,1,25,18,0,5.926,0.05
2005,1,26,0,0.0762,5.361,0.05
2005,1,26,6,0,5.676,0.05
2005,1,26,12,0.3048,5.685,0.05
2005,1,26,18,2.8194,4.759,0.0566666666666667
2005,1,27,0,0.762,4.667,0.06
2005,1,27,6,0,4.713,0.0616666666666667
2005,1,27,12,0,5.917,0.0533333333333333
2005,1,27,18,0,2.157,0.195
2005,1,28,0,0,2.315,0.228333333333333
2005,1,28,6,0,2.815,0.29
2005,1,28,12,0,5.852,0.0483333333333333
2005,1,28,18,1.3462,5,0.0516666666666667
2005,1,29,0,0,2.704,0.136666666666667
2005,1,29,6,0,2.963,0.118333333333333
2005,1,29,12,0,5,0.0483333333333333
2005,1,29,18,1.143,2.593,0.0883333333333333
2005,1,30,0,0.9652,2.991,0.0816666666666667
2005,1,30,6,2.1336,4.454,0.0633333333333333
2005,1,30,12,1.8542,6.028,0.0383333333333333
2005,1,30,18,1.4732,6.287,0.03
2005,1,31,0,6.2992,7.111,0.0233333333333333
2005,1,31,6,2.4638,5.778,0.0433333333333333
2005,1,31,12,0.7874,5.157,0.0583333333333333
2005,1,31,18,0,2.963,0.108333333333333
2005,2,1,0,0,1.972,0.18
2005,2,1,6,0,3.75,0.0983333333333333
2005,2,1,12,0,5.343,0.0733333333333333
2005,2,1,18,1.143,4.88,0.12
2005,2,2,0,2.7686,3.75,0.105
2005,2,2,6,0.2286,3.593,0.103333333333333
2005,2,2,12,0,5.176,0.0583333333333333
2005,2,2,18,0,1.935,0.248333333333333
2005,2,3,0,0,2.722,0.146666666666667
2005,2,3,6,0,1.981,0.268333333333333
2005,2,3,12,0.4064,3.685,0.103333333333333
2005,2,3,18,2.0574,2.417,0.163333333333333
2005,2,4,0,20.6756,2.407,0.14
2005,2,4,6,16.764,2.611,0.13
2005,2,4,12,6.7056,1.306,0.266666666666667
2005,2,4,18,2.9464,-0.028,0.645
2005,2,5,0,2.8702,-0.926,0.941666666666667
2005,2,5,6,0.889,-1.093,0.958333333333333
2005,2,5,12,0.2794,-0.491,0.876666666666667
2005,2,5,18,0.0508,-2.769,1
2005,2,6,0,0.0254,-2.278,1
2005,2,6,6,10.922,-1.731,0.99
2005,2,6,12,15.6972,0.463,0.55
2005,2,6,18,0.508,-0.694,0.943333333333333
2005,2,7,0,0.0762,-1.787,1
2005,2,7,6,0,-0.389,0.736666666666667
2005,2,7,12,0,1.509,0.323333333333333
2005,2,7,18,0,-3.954,1
2005,2,8,0,0,-5.509,1
2005,2,8,6,0,-2.519,0.955
2005,2,8,12,0,2.685,0.223333333333333
2005,2,8,18,0,-3.167,0.998333333333333
2005,2,9,0,0,-4.546,1
2005,2,9,6,0,-0.537,0.72
2005,2,9,12,0,3.139,0.188333333333333
2005,2,9,18,0,-1.676,0.95
2005,2,10,0,0,-3.778,1
2005,2,10,6,0,-0.704,0.806666666666667
2005,2,10,12,0,3.426,0.298333333333333
2005,2,10,18,0,0.565,0.978333333333333
2005,2,11,0,0,-0.722,1
2005,2,11,6,0,1.222,0.838333333333333
2005,2,11,12,0,2.546,0.516666666666667
2005,2,11,18,0,0.176,0.901666666666667
2005,2,12,0,0.2794,0.815,0.393333333333333
2005,2,12,6,4.7498,1.111,0.271666666666667
2005,2,12,12,4.6736,0.75,0.41
2005,2,12,18,2.4384,-1.231,0.948333333333333
2005,2,13,0,2.4384,-2.176,0.998333333333333
2005,2,13,6,1.9304,-1.028,0.911666666666667
2005,2,13,12,1.2954,-0.62,0.916666666666667
2005,2,13,18,1.3716,-2.083,0.996666666666667
2005,2,14,0,3.7846,-1.991,1
2005,2,14,6,0.4826,-0.722,0.853333333333333
2005,2,14,12,0,1.13,0.415
2005,2,14,18,0,-5.222,1
2005,2,15,0,0,-6.102,1
2005,2,15,6,0,-3.231,0.958333333333333
2005,2,15,12,0,2.37,0.33
2005,2,15,18,0,-3.102,0.991666666666667
2005,2,16,0,0,-5.861,1
2005,2,16,6,0,-1.926,0.86
2005,2,16,12,0,5.111,0.125
2005,2,16,18,0,-2.824,0.991666666666667
2005,2,17,0,0,-5.389,1
2005,2,17,6,0,-0.907,0.751666666666667
2005,2,17,12,0,5.278,0.113333333333333
2005,2,17,18,0,-2.593,0.998333333333333
2005,2,18,0,0,-4.88,1
2005,2,18,6,0,-0.861,0.736666666666667
2005,2,18,12,0,4.907,0.166666666666667
2005,2,18,18,0,-2.87,1
2005,2,19,0,0,-5.574,1
2005,2,19,6,0,-1.13,0.7
2005,2,19,12,0,4.657,0.0966666666666667
2005,2,19,18,0,-0.648,0.893333333333333
2005,2,20,0,0,-2.667,1
2005,2,20,6,0,-1.361,0.808333333333333
2005,2,20,12,0,4.685,0.148333333333333
2005,2,20,18,0,-4,1
2005,2,21,0,0,-5.731,1
2005,2,21,6,0,-0.815,0.73
2005,2,21,12,0,6.204,0.0766666666666667
2005,2,21,18,0,-2.62,0.998333333333333
2005,2,22,0,0,-5.519,1
2005,2,22,6,0,0.519,0.698333333333333
2005,2,22,12,0,8.991,0.04
2005,2,22,18,0,-0.935,0.941666666666667
2005,2,23,0,0,-3.324,1
2005,2,23,6,0,1.602,0.67
2005,2,23,12,0,9.12,0.0483333333333333
2005,2,23,18,0,0.907,0.903333333333333
2005,2,24,0,0,-1.88,1
2005,2,24,6,0,1.481,0.638333333333333
2005,2,24,12,0,7.796,0.0433333333333333
2005,2,24,18,0,-0.602,0.968333333333333
2005,2,25,0,0,-2.324,1
2005,2,25,6,0,1.769,0.558333333333333
2005,2,25,12,0,8.935,0.0316666666666667
2005,2,25,18,0,-1.704,0.943333333333333
2005,2,26,0,0,-3.972,1
2005,2,26,6,0,2.343,0.548333333333333
2005,2,26,12,0,11.315,0.0166666666666667
2005,2,26,18,0,0.815,0.84
2005,2,27,0,0,-2.657,1
2005,2,27,6,0,2.074,0.553333333333333
2005,2,27,12,0,8.787,0.02
2005,2,27,18,0,1.759,0.775
2005,2,28,0,0,1.889,0.605
2005,2,28,6,0.127,5.204,0.11
2005,2,28,12,0.7366,5.519,0.0616666666666667
2005,2,28,18,3.2512,2.315,0.203333333333333
2005,3,1,0,7.7724,2.176,0.191666666666667
2005,3,1,6,10.4902,3.407,0.116666666666667
2005,3,1,12,0.0508,6.139,0.0533333333333333
2005,3,1,18,0,3.685,0.135
2005,3,2,0,0.0508,2.889,0.203333333333333
2005,3,2,6,0.254,6.324,0.0666666666666667
2005,3,2,12,2.3622,8.426,0.0233333333333333
2005,3,2,18,0,2.926,0.248333333333333
2005,3,3,0,0,-1.176,0.893333333333333
2005,3,3,6,0,1.898,0.501666666666667
2005,3,3,12,0,8.028,0.035
2005,3,3,18,0,0.972,0.678333333333333
2005,3,4,0,0,-0.435,0.901666666666667
2005,3,4,6,0,5.63,0.0866666666666667
2005,3,4,12,0.1524,6.833,0.0366666666666667
2005,3,4,18,0.1524,0.315,0.615
2005,3,5,0,0.2032,0.185,0.578333333333333
2005,3,5,6,0,3.102,0.385
2005,3,5,12,0,7.324,0.045
2005,3,5,18,0,5.444,0.0483333333333333
2005,3,6,0,0,2.185,0.151666666666667
2005,3,6,6,0,4.046,0.22
2005,3,6,12,0,10.194,0.015
2005,3,6,18,0.254,5.741,0.0533333333333333
2005,3,7,0,4.699,4.75,0.0633333333333333
2005,3,7,6,0.762,5.796,0.0466666666666667
2005,3,7,12,0,8.509,0.015
2005,3,7,18,0,2.731,0.218333333333333
2005,3,8,0,0,2.787,0.16
2005,3,8,6,0,6.509,0.0516666666666667
2005,3,8,12,2.159,9.75,0.0216666666666667
2005,3,8,18,3.8354,7,0.0483333333333333
2005,3,9,0,11.8618,6.537,0.0516666666666667
2005,3,9,6,4.6228,7.435,0.0416666666666667
2005,3,9,12,0.0508,11.25,0.01
2005,3,9,18,0,4.491,0.0916666666666667
2005,3,10,0,0,2.509,0.206666666666667
2005,3,10,6,0,5.954,0.08
2005,3,10,12,0,10.38,0.005
2005,3,10,18,0,4.037,0.116666666666667
2005,3,11,0,0,2.546,0.196666666666667
2005,3,11,6,0,6.111,0.126666666666667
2005,3,11,12,0,10.148,0.0116666666666667
2005,3,11,18,0,2.796,0.22
2005,3,12,0,0,1.815,0.448333333333333
2005,3,12,6,0,3.13,0.473333333333333
2005,3,12,12,0,10.583,0.02
2005,3,12,18,0,0.935,0.82
2005,3,13,0,0,-1.157,0.993333333333334
2005,3,13,6,0,4.389,0.435
2005,3,13,12,0,11.259,0.0166666666666667
2005,3,13,18,0,0.194,0.853333333333333
2005,3,14,0,0,-2.315,1
2005,3,14,6,0,2.648,0.57
2005,3,14,12,0,7.787,0.0483333333333333
2005,3,14,18,0,-0.102,0.871666666666667
2005,3,15,0,0,-1.639,0.995
2005,3,15,6,0,0.667,0.711666666666667
2005,3,15,12,0,4.796,0.17
2005,3,15,18,0,1.148,0.5
2005,3,16,0,0.508,0.435,0.731666666666667
2005,3,16,6,4.826,1.398,0.391666666666667
2005,3,16,12,10.9728,0.815,0.453333333333333
2005,3,16,18,3.9624,-0.139,0.676666666666667
2005,3,17,0,1.0668,-0.704,0.778333333333333
2005,3,17,6,0.0508,0.278,0.611666666666667
2005,3,17,12,0,3.194,0.195
2005,3,17,18,0.7874,-0.5,0.793333333333333
2005,3,18,0,3.0226,-0.009,0.618333333333333
2005,3,18,6,4.0132,0.509,0.54
2005,3,18,12,1.4986,2.176,0.283333333333333
2005,3,18,18,0.2794,-0.852,0.878333333333333
2005,3,19,0,0,-1.611,0.956666666666667
2005,3,19,6,0,0.491,0.625
2005,3,19,12,5.7658,4.417,0.0966666666666667
2005,3,19,18,16.0274,2.694,0.163333333333333
2005,3,20,0,5.5626,1.657,0.273333333333333
2005,3,20,6,22.8346,2.796,0.166666666666667
2005,3,20,12,9.7028,4.278,0.103333333333333
2005,3,20,18,11.303,1.315,0.401666666666667
2005,3,21,0,4.0894,-1.333,0.935
2005,3,21,6,3.1496,-0.731,0.781666666666667
2005,3,21,12,0.5588,3.463,0.185
2005,3,21,18,0.0254,0.528,0.55
2005,3,22,0,0,-3.62,1
2005,3,22,6,0,1,0.63
2005,3,22,12,0,5.093,0.14
2005,3,22,18,0,0.731,0.746666666666667
2005,3,23,0,0,-0.787,0.938333333333333
2005,3,23,6,0,1.509,0.533333333333333
2005,3,23,12,0,5.787,0.065
2005,3,23,18,0,1.5,0.391666666666667
2005,3,24,0,0,-1.75,0.956666666666667
2005,3,24,6,0,2.5,0.35
2005,3,24,12,0,4.639,0.118333333333333
2005,3,24,18,0,0.833,0.546666666666667
2005,3,25,0,0.0254,-0.463,0.845
2005,3,25,6,0.0762,1.222,0.478333333333333
2005,3,25,12,0,2.87,0.248333333333333
2005,3,25,18,0,0.157,0.721666666666667
2005,3,26,0,8.7376,1.13,0.433333333333333
2005,3,26,6,40.0304,2.352,0.188333333333333
2005,3,26,12,21.463,3.472,0.12
2005,3,26,18,3.7592,0.037,0.566666666666667
2005,3,27,0,9.5504,-0.259,0.62
2005,3,27,6,2.9718,1.324,0.326666666666667
2005,3,27,12,1.0922,2.639,0.195
2005,3,27,18,5.207,0.667,0.408333333333333
2005,3,28,0,4.2418,-0.861,0.79
2005,3,28,6,12.9286,0.13,0.57
2005,3,28,12,5.6134,-0.185,0.733333333333333
2005,3,28,18,2.0828,-0.213,0.665
2005,3,29,0,5.9436,0.602,0.41
2005,3,29,6,6.8326,1.12,0.323333333333333
2005,3,29,12,4.699,1.787,0.25
2005,3,29,18,5.0292,1.204,0.305
2005,3,30,0,4.2926,0.602,0.408333333333333
2005,3,30,6,0,1.028,0.383333333333333
2005,3,30,12,0,2.204,0.246666666666667
2005,3,30,18,0,-1.028,0.856666666666667
2005,3,31,0,0,-0.009,0.608333333333333
2005,3,31,6,0.2032,2.352,0.211666666666667
2005,3,31,12,1.3716,3.639,0.151666666666667
2005,3,31,18,5.4102,2.75,0.255
2005,4,1,0,12.065,2.25,0.223333333333333
2005,4,1,6,7.239,1.176,0.363333333333333
2005,4,1,12,2.8702,0.472,0.61
2005,4,1,18,1.5494,-1.231,0.873333333333333
2005,4,2,0,0,-2.056,0.98
2005,4,2,6,0.0254,-0.944,0.82
2005,4,2,12,0.2794,1.324,0.42
2005,4,2,18,0.6604,0.676,0.548333333333333
2005,4,3,0,0.4064,0.481,0.625
2005,4,3,6,7.9756,2.241,0.288333333333333
2005,4,3,12,7.5946,3.676,0.15
2005,4,3,18,4.2164,0.306,0.553333333333333
2005,4,4,0,0.4318,-0.806,0.788333333333333
2005,4,4,6,1.2192,1.269,0.4
2005,4,4,12,0.2032,2.944,0.206666666666667
2005,4,4,18,0.254,-1,0.843333333333333
2005,4,5,0,0.254,-0.333,0.755
2005,4,5,6,0.1778,2.259,0.296666666666667
2005,4,5,12,2.8956,4.648,0.105
2005,4,5,18,1.8542,3.019,0.188333333333333
2005,4,6,0,1.8034,2.583,0.236666666666667
2005,4,6,6,0,4.815,0.13
2005,4,6,12,0,8.102,0.0283333333333333
2005,4,6,18,0,3.759,0.155
2005,4,7,0,0.889,3.491,0.161666666666667
2005,4,7,6,10.4648,5.259,0.0833333333333333
2005,4,7,12,10.9728,5.046,0.065
2005,4,7,18,4.1402,1.25,0.355
2005,4,8,0,0.508,-0.398,0.688333333333333
2005,4,8,6,0,1.611,0.428333333333333
2005,4,8,12,0,5.296,0.121666666666667
2005,4,8,18,0,-2.556,0.931666666666667
2005,4,9,0,0,-3.315,0.988333333333333
2005,4,9,6,0,1.972,0.393333333333333
2005,4,9,12,0,6.028,0.0683333333333333
2005,4,9,18,0,-0.889,0.801666666666667
2005,4,10,0,0,-2.398,0.976666666666667
2005,4,10,6,0,0.657,0.588333333333333
2005,4,10,12,0.0254,5.389,0.0933333333333333
2005,4,10,18,5.2832,2.815,0.216666666666667
2005,4,11,0,15.9766,1.704,0.298333333333333
2005,4,11,6,9.0424,0.065,0.696666666666667
2005,4,11,12,13.0048,3.241,0.191666666666667
2005,4,11,18,5.7912,-0.028,0.638333333333333
2005,4,12,0,0,-3,0.99
2005,4,12,6,0.127,1.454,0.471666666666667
2005,4,12,12,2.1082,5.25,0.105
2005,4,12,18,0.9144,0.37,0.593333333333333
2005,4,13,0,0,-3.093,0.998333333333333
2005,4,13,6,0,2.185,0.413333333333333
2005,4,13,12,0.4064,6.139,0.095
2005,4,13,18,0.3048,-0.5,0.761666666666667
2005,4,14,0,0.4572,-0.713,0.733333333333333
2005,4,14,6,0,0.972,0.43
2005,4,14,12,0,3.13,0.238333333333333
2005,4,14,18,0.0508,-0.231,0.748333333333333
2005,4,15,0,0.3302,-0.602,0.821666666666667
2005,4,15,6,1.143,0.065,0.715
2005,4,15,12,5.4356,2.194,0.301666666666667
2005,4,15,18,1.7526,2.065,0.238333333333333
2005,4,16,0,15.1892,3.241,0.146666666666667
2005,4,16,6,24.2824,3.5,0.12
2005,4,16,12,0.9398,3.139,0.221666666666667
2005,4,16,18,1.651,-0.278,0.718333333333333
2005,4,17,0,0,-1.38,0.918333333333333
2005,4,17,6,1.4478,1.676,0.368333333333333
2005,4,17,12,1.651,6.824,0.0716666666666667
2005,4,17,18,1.9304,2.241,0.271666666666667
2005,4,18,0,0.1016,-1.065,0.805
2005,4,18,6,0,3.463,0.275
2005,4,18,12,0,10.694,0.02
2005,4,18,18,0.0508,1.454,0.505
2005,4,19,0,0,-1.426,0.96
2005,4,19,6,0,7.315,0.138333333333333
2005,4,19,12,0,13.657,0.0116666666666667
2005,4,19,18,0,3.889,0.375
2005,4,20,0,0,0.278,0.921666666666667
2005,4,20,6,0,7.833,0.123333333333333
2005,4,20,12,0,13.741,0.00833333333333333
2005,4,20,18,0,4.407,0.211666666666667
2005,4,21,0,0,0.778,0.73
2005,4,21,6,0,10.13,0.0466666666666667
2005,4,21,12,0,15.87,0.00166666666666667
2005,4,21,18,0,5.787,0.12
2005,4,22,0,0,2.12,0.485
2005,4,22,6,0,12.167,0.03
2005,4,22,12,0,17.685,0
2005,4,22,18,0,7.407,0.0733333333333333
2005,4,23,0,0,4.593,0.158333333333333
2005,4,23,6,0,11.778,0.0216666666666667
2005,4,23,12,0.0508,16.509,0
2005,4,23,18,1.6764,8.907,0.03
2005,4,24,0,0.2794,5.648,0.0766666666666667
2005,4,24,6,0,11.194,0.0133333333333333
2005,4,24,12,0,15.963,0
2005,4,24,18,0,8.231,0.0216666666666667
2005,4,25,0,0,3.87,0.113333333333333
2005,4,25,6,0,9.565,0.015
2005,4,25,12,0,15.407,0
2005,4,25,18,0,7,0.0466666666666667
2005,4,26,0,0,3.685,0.128333333333333
2005,4,26,6,0.1778,10.963,0.0133333333333333
2005,4,26,12,0.2032,15.944,0
2005,4,26,18,0.0762,7.222,0.0483333333333333
2005,4,27,0,0,4.583,0.105
2005,4,27,6,0.0254,7.954,0.0983333333333333
2005,4,27,12,0.0508,14.889,0.00166666666666667
2005,4,27,18,0.2032,9.13,0.0383333333333333
2005,4,28,0,0.3048,4.861,0.18
2005,4,28,6,0,9.963,0.0316666666666667
2005,4,28,12,0,14.287,0.005
2005,4,28,18,0,5.769,0.206666666666667
2005,4,29,0,0,1.426,0.77
2005,4,29,6,0.254,8.713,0.0633333333333333
2005,4,29,12,1.7018,12.037,0.01
2005,4,29,18,0.2794,4.685,0.136666666666667
2005,4,30,0,0.7112,2.25,0.266666666666667
2005,4,30,6,0,7.972,0.0383333333333333
2005,4,30,12,0.0254,13.185,0.01
2005,4,30,18,0.1778,5.87,0.105
2005,5,1,0,0.2286,1.667,0.433333333333333
2005,5,1,6,0,8.806,0.0316666666666667
2005,5,1,12,0.1524,12.5,0.01
2005,5,1,18,0.0254,6.028,0.0766666666666667
2005,5,2,0,0.1016,4.083,0.115
2005,5,2,6,0,9.611,0.015
2005,5,2,12,1.905,10.241,0.01
2005,5,2,18,0.508,6.602,0.0333333333333333
2005,5,3,0,0.1016,5.037,0.0633333333333333
2005,5,3,6,0.3302,7.824,0.0216666666666667
2005,5,3,12,0.0254,11.194,0.01
2005,5,3,18,0.4064,6.009,0.065
2005,5,4,0,0,3.787,0.12
2005,5,4,6,0.508,10.324,0.00833333333333333
2005,5,4,12,2.5146,14.435,0
2005,5,4,18,0.5334,7.741,0.0366666666666667
2005,5,5,0,0.5842,3.583,0.105
2005,5,5,6,0,9.713,0.0133333333333333
2005,5,5,12,0.0508,14.389,0
2005,5,5,18,0.0508,7.333,0.0433333333333333
2005,5,6,0,0.1778,3.083,0.188333333333333
2005,5,6,6,0,9.083,0.0166666666666667
2005,5,6,12,0,11.898,0.005
2005,5,6,18,0,5.833,0.0533333333333333
2005,5,7,0,0,2.315,0.203333333333333
2005,5,7,6,0,7.343,0.0283333333333333
2005,5,7,12,0,11.38,0.01
2005,5,7,18,0,4.491,0.115
2005,5,8,0,0,2.167,0.268333333333333
2005,5,8,6,0,10.417,0.0183333333333333
2005,5,8,12,0.0508,14.759,0
2005,5,8,18,0.9144,7.861,0.0283333333333333
2005,5,9,0,6.731,5.759,0.0416666666666667
2005,5,9,6,0.4572,10.111,0.0133333333333333
2005,5,9,12,5.715,13.583,0.00166666666666667
2005,5,9,18,1.8796,8.713,0.0183333333333333
2005,5,10,0,0.5334,6.639,0.0283333333333333
2005,5,10,6,0,10.037,0.0133333333333333
2005,5,10,12,0.2032,12.843,0.00166666666666667
2005,5,10,18,0.254,9.009,0.0133333333333333
2005,5,11,0,0.3556,6.963,0.02
2005,5,11,6,0,9.843,0.01
2005,5,11,12,0,12.676,0.00166666666666667
2005,5,11,18,0,8.352,0.0183333333333333
2005,5,12,0,0,5.694,0.04
2005,5,12,6,0,10.519,0.0133333333333333
2005,5,12,12,0,14.889,0.00166666666666667
2005,5,12,18,0,7.157,0.0366666666666667
2005,5,13,0,0,5.435,0.0633333333333333
2005,5,13,6,0,12.296,0.00833333333333333
2005,5,13,12,0,14.12,0.00166666666666667
2005,5,13,18,0.254,8.824,0.0183333333333333
2005,5,14,0,5.2578,8.176,0.02
2005,5,14,6,0.889,10.269,0.0116666666666667
2005,5,14,12,0.1016,12.685,0
2005,5,14,18,0.0254,8.37,0.0183333333333333
2005,5,15,0,4.064,7.694,0.02
2005,5,15,6,8.4582,10.444,0.01
2005,5,15,12,8.382,10.028,0.01
2005,5,15,18,3.556,6.917,0.0333333333333333
2005,5,16,0,0.4318,5.435,0.0633333333333333
2005,5,16,6,1.397,8.546,0.0166666666666667
2005,5,16,12,3.4798,8.991,0.015
2005,5,16,18,0.381,4.917,0.0633333333333333
2005,5,17,0,0.7366,3.315,0.0916666666666667
2005,5,17,6,0,6.787,0.0333333333333333
2005,5,17,12,0.0762,10.639,0.0133333333333333
2005,5,17,18,0,6.056,0.0716666666666667
2005,5,18,0,8.636,5.056,0.0783333333333333
2005,5,18,6,2.2606,8.648,0.0183333333333333
2005,5,18,12,1.9558,10.676,0.01
2005,5,18,18,5.6896,6.537,0.035
2005,5,19,0,1.1176,4.694,0.08
2005,5,19,6,1.0922,7.417,0.04
2005,5,19,12,3.7846,10.5,0.0116666666666667
2005,5,19,18,0.4318,5.944,0.0633333333333333
2005,5,20,0,0.0254,3.398,0.123333333333333
2005,5,20,6,0.0508,6.583,0.0566666666666667
2005,5,20,12,0.6604,10.556,0.0133333333333333
2005,5,20,18,3.0734,5.028,0.075
2005,5,21,0,0.4572,3.241,0.115
2005,5,21,6,0,6.111,0.0666666666666667
2005,5,21,12,0.508,10.5,0.015
2005,5,21,18,2.4892,6.38,0.0533333333333333
2005,5,22,0,0.508,3.926,0.116666666666667
2005,5,22,6,0.2032,6.343,0.0583333333333333
2005,5,22,12,0.9144,10.046,0.0133333333333333
2005,5,22,18,0.7366,6.352,0.055
2005,5,23,0,0,3.111,0.131666666666667
2005,5,23,6,0,6.074,0.06
2005,5,23,12,0.127,11.102,0.0133333333333333
2005,5,23,18,0,6.019,0.0616666666666667
2005,5,24,0,0.0508,2.13,0.218333333333333
2005,5,24,6,0,9.491,0.035
2005,5,24,12,0,17.009,0.00333333333333333
2005,5,24,18,0,6.528,0.0883333333333333
2005,5,25,0,0,3.167,0.27
2005,5,25,6,0,12.787,0.0216666666666667
2005,5,25,12,0,21.648,0
2005,5,25,18,0,8.38,0.06
2005,5,26,0,0,5.565,0.101666666666667
2005,5,26,6,0,14.481,0.0133333333333333
2005,5,26,12,0,23.602,0
2005,5,26,18,0,12.148,0.0116666666666667
2005,5,27,0,0,9.12,0.0183333333333333
2005,5,27,6,0,16.954,0.00166666666666667
2005,5,27,12,0,23.102,0
2005,5,27,18,0,12.778,0.0116666666666667
2005,5,28,0,0,9.167,0.035
2005,5,28,6,0,15.222,0.00666666666666667
2005,5,28,12,0,19.759,0
2005,5,28,18,0,11.296,0.0116666666666667
2005,5,29,0,0,8.241,0.02
2005,5,29,6,0,12.898,0.00666666666666667
2005,5,29,12,0,15.944,0
2005,5,29,18,0,9.991,0.00833333333333333
2005,5,30,0,0,8.046,0.01
2005,5,30,6,0,10.398,0.00833333333333333
2005,5,30,12,0,13.491,0.00166666666666667
2005,5,30,18,0,9.139,0.0166666666666667
2005,5,31,0,0.9144,6.769,0.0216666666666667
2005,5,31,6,5.5372,7.87,0.0133333333333333
2005,5,31,12,5.5372,8.287,0.01
2005,5,31,18,0.9906,7.602,0.015
2005,6,1,0,1.0414,7.139,0.02
2005,6,1,6,2.6416,8.38,0.0116666666666667
2005,6,1,12,1.5494,9.176,0.01
2005,6,1,18,0,7.685,0.0166666666666667
2005,6,2,0,0.3302,7.185,0.02
2005,6,2,6,0,9.454,0.01
2005,6,2,12,0,10.731,0.01
2005,6,2,18,0,7.944,0.0183333333333333
2005,6,3,0,0,6.269,0.0266666666666667
2005,6,3,6,0,8.694,0.015
2005,6,3,12,0,11.63,0.00333333333333333
2005,6,3,18,0,6.917,0.0183333333333333
2005,6,4,0,0,3.611,0.09
2005,6,4,6,0,7.556,0.0183333333333333
2005,6,4,12,0,10.741,0.01
2005,6,4,18,0,6.398,0.0483333333333333
2005,6,5,0,0,5.352,0.0633333333333333
2005,6,5,6,3.2004,8.981,0.0116666666666667
2005,6,5,12,1.4986,8.556,0.0133333333333333
2005,6,5,18,0.0254,5.204,0.05
2005,6,6,0,1.3716,2.88,0.19
2005,6,6,6,0,8.287,0.0416666666666667
2005,6,6,12,0,11.889,0.02
2005,6,6,18,0,6.75,0.045
2005,6,7,0,0,4.037,0.065
2005,6,7,6,1.0922,7.241,0.0216666666666667
2005,6,7,12,4.2164,8.343,0.0133333333333333
2005,6,7,18,2.667,6.037,0.0283333333333333
2005,6,8,0,1.143,5.593,0.03
2005,6,8,6,3.2766,7.102,0.025
2005,6,8,12,0.2032,9.907,0.0133333333333333
2005,6,8,18,0,7.046,0.0333333333333333
2005,6,9,0,4.2418,5.435,0.0516666666666667
2005,6,9,6,0,9.796,0.0133333333333333
2005,6,9,12,0,13.102,0
2005,6,9,18,0,7.028,0.02
2005,6,10,0,0,5.667,0.0283333333333333
2005,6,10,6,0.0254,8.306,0.0166666666666667
2005,6,10,12,0,11.009,0.01
2005,6,10,18,0.0508,7.389,0.0183333333333333
2005,6,11,0,2.2098,6.269,0.025
2005,6,11,6,1.8796,8.407,0.015
2005,6,11,12,1.016,10.231,0.01
2005,6,11,18,1.4478,6.315,0.0266666666666667
2005,6,12,0,1.8542,4.843,0.0466666666666667
2005,6,12,6,0.5842,6.12,0.03
2005,6,12,12,0,10.167,0.0116666666666667
2005,6,12,18,0.6096,6.315,0.0366666666666667
2005,6,13,0,0.5842,5.741,0.0316666666666667
2005,6,13,6,0.6604,8.5,0.0166666666666667
2005,6,13,12,0.6604,11.63,0.00333333333333333
2005,6,13,18,0,8.046,0.0183333333333333
2005,6,14,0,0,4.88,0.0683333333333333
2005,6,14,6,0.0254,9.796,0.0166666666666667
2005,6,14,12,0.0254,12.556,0.00833333333333333
2005,6,14,18,0,6.917,0.0283333333333333
2005,6,15,0,0,3.63,0.0933333333333333
2005,6,15,6,0,9.046,0.0166666666666667
2005,6,15,12,0,13.944,0
2005,6,15,18,0,8.889,0.0333333333333333
2005,6,16,0,0.0254,7.694,0.0466666666666667
2005,6,16,6,0,12.157,0.0166666666666667
2005,6,16,12,0.3302,15.102,0
2005,6,16,18,7.7978,9.194,0.015
2005,6,17,0,10.922,7.009,0.02
2005,6,17,6,4.5212,7.343,0.015
2005,6,17,12,1.5494,10.583,0.00833333333333333
2005,6,17,18,0.6604,8.083,0.0183333333333333
2005,6,18,0,1.524,7.417,0.02
2005,6,18,6,0.3048,9.444,0.0133333333333333
2005,6,18,12,0.127,13.176,0.00333333333333333
2005,6,18,18,0.1016,9.861,0.015
2005,6,19,0,0.0762,6.991,0.0233333333333333
2005,6,19,6,0,12.296,0.01
2005,6,19,12,0,18.306,0
2005,6,19,18,0,11.102,0.015
2005,6,20,0,0,6.722,0.0366666666666667
2005,6,20,6,0,14.194,0.005
2005,6,20,12,0,19.759,0
2005,6,20,18,0,11.769,0.0166666666666667
2005,6,21,0,0,8.37,0.0516666666666667
2005,6,21,6,0,13.537,0.00833333333333333
2005,6,21,12,1.9558,17.889,0
2005,6,21,18,5.2832,11.12,0.00833333333333333
2005,6,22,0,1.5494,8.241,0.02
2005,6,22,6,3.0988,8.352,0.015
2005,6,22,12,1.3462,12.37,0.00166666666666667
2005,6,22,18,0.381,8.444,0.015
2005,6,23,0,0.1778,5.759,0.035
2005,6,23,6,0,10.861,0.0116666666666667
2005,6,23,12,0,15.704,0
2005,6,23,18,0,9.444,0.0166666666666667
2005,6,24,0,0,6.157,0.03
2005,6,24,6,0,12.556,0.005
2005,6,24,12,0.0254,15.398,0
2005,6,24,18,0,10.315,0.00666666666666667
2005,6,25,0,0.381,7.602,0.01
2005,6,25,6,1.0922,10.981,0.00333333333333333
2005,6,25,12,0,14.491,0
2005,6,25,18,0.1524,9.13,0.0116666666666667
2005,6,26,0,1.1938,6,0.0233333333333333
2005,6,26,6,0.0508,10.157,0.00833333333333333
2005,6,26,12,0.4318,12.935,0
2005,6,26,18,2.3622,7.796,0.0116666666666667
2005,6,27,0,1.651,7.009,0.02
2005,6,27,6,2.0574,8.741,0.01
2005,6,27,12,0.9144,9.657,0.0116666666666667
2005,6,27,18,0,8.685,0.0133333333333333
2005,6,28,0,0.2286,7.417,0.02
2005,6,28,6,0,11.463,0.00666666666666667
2005,6,28,12,0,14.481,0
2005,6,28,18,0,10.352,0.0133333333333333
2005,6,29,0,0,8.713,0.02
2005,6,29,6,0,12.954,0.00333333333333333
2005,6,29,12,0,15.602,0
2005,6,29,18,0,11.935,0.005
2005,6,30,0,0,8.648,0.0166666666666667
2005,6,30,6,0,11.704,0.00166666666666667
2005,6,30,12,0,14.5,0
2005,6,30,18,0,10.028,0.00666666666666667
2005,7,1,0,0,6.639,0.0183333333333333
2005,7,1,6,0,11.074,0.00333333333333333
2005,7,1,12,0,14.648,0
2005,7,1,18,0.3302,9.454,0.0133333333333333
2005,7,2,0,0.6096,7.833,0.02
2005,7,2,6,0.3556,11.111,0.00666666666666667
2005,7,2,12,0.0762,15.898,0
2005,7,2,18,0,11.074,0.0116666666666667
2005,7,3,0,0.2286,7.963,0.0183333333333333
2005,7,3,6,0,13.583,0.00333333333333333
2005,7,3,12,0,17.481,0
2005,7,3,18,0,12.278,0.005
2005,7,4,0,0,9.556,0.0133333333333333
2005,7,4,6,0,13.046,0.00166666666666667
2005,7,4,12,0,16.972,0
2005,7,4,18,0,12.889,0.00333333333333333
2005,7,5,0,0,9.111,0.01
2005,7,5,6,0,13.602,0.00166666666666667
2005,7,5,12,6.731,14.546,0
2005,7,5,18,19.4818,11.398,0
2005,7,6,0,10.7696,11.102,0
2005,7,6,6,2.5654,11.63,0
2005,7,6,12,0.6604,13.731,0
2005,7,6,18,0.0762,10.102,0.005
2005,7,7,0,0,6.537,0.0183333333333333
2005,7,7,6,0,10.843,0.00333333333333333
2005,7,7,12,0,14.093,0
2005,7,7,18,0.1524,10.87,0.005
2005,7,8,0,10.3124,9.407,0.01
2005,7,8,6,13.589,11.389,0.00333333333333333
2005,7,8,12,2.413,12.213,0
2005,7,8,18,2.1082,9.648,0.00666666666666667
2005,7,9,0,1.778,7.88,0.01
2005,7,9,6,2.2606,11.343,0.00333333333333333
2005,7,9,12,0.6096,15.213,0
2005,7,9,18,0.127,10.333,0.00833333333333333
2005,7,10,0,1.2192,6.056,0.025
2005,7,10,6,0,12.574,0.00166666666666667
2005,7,10,12,1.016,15.935,0
2005,7,10,18,0.5588,11.296,0.005
2005,7,11,0,0,9.213,0.01
2005,7,11,6,0.1016,13.009,0
2005,7,11,12,0.4826,16.093,0
2005,7,11,18,0.5334,13.148,0
2005,7,12,0,0.1524,11.074,0
2005,7,12,6,0,14.13,0
2005,7,12,12,0,16.963,0
2005,7,12,18,0,13.454,0
2005,7,13,0,0,10.88,0
2005,7,13,6,0,14.583,0
2005,7,13,12,0,17.259,0
2005,7,13,18,0,12.148,0.00333333333333333
2005,7,14,0,0,8.519,0.01
2005,7,14,6,0,12.676,0.00166666666666667
2005,7,14,12,0,17.009,0
2005,7,14,18,0,13.204,0.00333333333333333
2005,7,15,0,0,9.944,0.01
2005,7,15,6,2.0828,13.778,0
2005,7,15,12,2.5908,14.648,0
2005,7,15,18,0,11.352,0
2005,7,16,0,0.4064,10.833,0
2005,7,16,6,0.9398,12.231,0
2005,7,16,12,0,18.426,0
2005,7,16,18,0,14.741,0
2005,7,17,0,0.0508,10.657,0.005
2005,7,17,6,0,17,0
2005,7,17,12,0,21.5,0
2005,7,17,18,0,15.324,0
2005,7,18,0,0,11.093,0.00333333333333333
2005,7,18,6,0,17.509,0
2005,7,18,12,0,20.25,0
2005,7,18,18,0,14.556,0
2005,7,19,0,0,10.019,0.005
2005,7,19,6,0,15.389,0
2005,7,19,12,0,18.796,0
2005,7,19,18,0,12.907,0.00333333333333333
2005,7,20,0,0,8.222,0.01
2005,7,20,6,0,15.296,0
2005,7,20,12,0,21,0
2005,7,20,18,0,14.056,0.00333333333333333
2005,7,21,0,0,8.519,0.015
2005,7,21,6,0,15.537,0.00166666666666667
2005,7,21,12,0,21.056,0
2005,7,21,18,0,15.981,0
2005,7,22,0,0,12.972,0
2005,7,22,6,10.5664,15.694,0
2005,7,22,12,0,15.75,0
2005,7,22,18,0,12.139,0
2005,7,23,0,0,9.491,0.005
2005,7,23,6,0,14.222,0
2005,7,23,12,0,18.389,0
2005,7,23,18,0,12.833,0.00333333333333333
2005,7,24,0,0,7.491,0.0133333333333333
2005,7,24,6,0,14.037,0
2005,7,24,12,0,19.963,0
2005,7,24,18,0,12.315,0.00333333333333333
2005,7,25,0,0,7.685,0.0166666666666667
2005,7,25,6,0,15.722,0
2005,7,25,12,0,21.296,0
2005,7,25,18,0,13.167,0.00333333333333333
2005,7,26,0,0,8.491,0.0166666666666667
2005,7,26,6,0,17.287,0
2005,7,26,12,0,22.852,0
2005,7,26,18,0,14.843,0.00166666666666667
2005,7,27,0,0,9.741,0.01
2005,7,27,6,0,17.444,0
2005,7,27,12,0,22.444,0
2005,7,27,18,0,15.407,0
2005,7,28,0,0,10.824,0.00666666666666667
2005,7,28,6,0,17.704,0
2005,7,28,12,0,21.306,0
2005,7,28,18,0,14.528,0
2005,7,29,0,0,9.324,0.00666666666666667
2005,7,29,6,0,17.148,0
2005,7,29,12,0,21.963,0
2005,7,29,18,0,15.528,0
2005,7,30,0,0,10.083,0.005
2005,7,30,6,0,17.491,0
2005,7,30,12,0,22.917,0
2005,7,30,18,0,16.954,0
2005,7,31,0,0,11.074,0
2005,7,31,6,0,16.528,0
2005,7,31,12,0,20.509,0
2005,7,31,18,0.2286,16.046,0
2005,8,1,0,4.1402,12.639,0
2005,8,1,6,1.2954,15.917,0
2005,8,1,12,0.0762,19.037,0
2005,8,1,18,0.0508,10.843,0.00666666666666667
2005,8,2,0,1.0668,7.731,0.0183333333333333
2005,8,2,6,0,13.694,0.00333333333333333
2005,8,2,12,0,20.056,0
2005,8,2,18,0,10.509,0.0133333333333333
2005,8,3,0,0,8.056,0.0233333333333333
2005,8,3,6,0,15.111,0.00666666666666667
2005,8,3,12,0,23.269,0
2005,8,3,18,0,12.444,0.0183333333333333
2005,8,4,0,0,9.25,0.0366666666666667
2005,8,4,6,0,16.537,0.00333333333333333
2005,8,4,12,0,24.25,0
2005,8,4,18,0,13.546,0.005
2005,8,5,0,0,9.648,0.015
2005,8,5,6,0,16.111,0
2005,8,5,12,0,22.593,0
2005,8,5,18,0,13.546,0
2005,8,6,0,0,10.083,0.00833333333333333
2005,8,6,6,0,16.778,0
2005,8,6,12,0,22.185,0
2005,8,6,18,0,12.917,0.00166666666666667
2005,8,7,0,0,9.796,0.01
2005,8,7,6,0,14.861,0
2005,8,7,12,0,21.62,0
2005,8,7,18,0,13.185,0.00333333333333333
2005,8,8,0,0,9.398,0.01
2005,8,8,6,0,14.935,0.00166666666666667
2005,8,8,12,0,21.157,0
2005,8,8,18,0,13.454,0.00166666666666667
2005,8,9,0,0,10.481,0.01
2005,8,9,6,0,15.343,0
2005,8,9,12,0,18.454,0
2005,8,9,18,0,12.435,0.00333333333333333
2005,8,10,0,0,10.167,0.01
2005,8,10,6,0,13.75,0
2005,8,10,12,0,18.222,0
2005,8,10,18,0,12.167,0
2005,8,11,0,0,10.231,0
2005,8,11,6,0,14.676,0
2005,8,11,12,0,19.852,0
2005,8,11,18,0,13.722,0
2005,8,12,0,0,11.361,0.00166666666666667
2005,8,12,6,0,16.87,0
2005,8,12,12,0,22.667,0
2005,8,12,18,0,14.352,0
2005,8,13,0,0,10.472,0.01
2005,8,13,6,0,18.685,0
2005,8,13,12,0,24.75,0
2005,8,13,18,0,13.583,0.00333333333333333
2005,8,14,0,0,10.5,0.01
2005,8,14,6,0,18.861,0
2005,8,14,12,0,24.62,0
2005,8,14,18,0,15.546,0
2005,8,15,0,0,11.065,0.005
2005,8,15,6,0,18.509,0
2005,8,15,12,0,21.037,0
2005,8,15,18,0,13.731,0
2005,8,16,0,0,10.88,0
2005,8,16,6,0,15.102,0
2005,8,16,12,0,17.528,0
2005,8,16,18,1.016,13.046,0
2005,8,17,0,36.9062,12.565,0
2005,8,17,6,2.413,14.037,0
2005,8,17,12,0.635,19.231,0
2005,8,17,18,0.8128,14.657,0
2005,8,18,0,0.1016,10.963,0
2005,8,18,6,0,16.176,0
2005,8,18,12,0,21.611,0
2005,8,18,18,0,13.972,0.00333333333333333
2005,8,19,0,0,10.083,0.0116666666666667
2005,8,19,6,0,17.796,0
2005,8,19,12,0,22.676,0
2005,8,19,18,0,14.472,0
2005,8,20,0,0,10.12,0.00833333333333333
2005,8,20,6,0,15.556,0
2005,8,20,12,0,21.231,0
2005,8,20,18,0,12.889,0.00166666666666667
2005,8,21,0,0,9.593,0.01
2005,8,21,6,0,15.435,0
2005,8,21,12,0,19.241,0
2005,8,21,18,0,12.954,0
2005,8,22,0,0,10.796,0.00666666666666667
2005,8,22,6,0,15.074,0
2005,8,22,12,0,18.083,0
2005,8,22,18,0,12.759,0.00166666666666667
2005,8,23,0,0,9.519,0.0116666666666667
2005,8,23,6,0,15.139,0
2005,8,23,12,0,20.259,0
2005,8,23,18,0,11.981,0.005
2005,8,24,0,0,8.333,0.0166666666666667
2005,8,24,6,0,15.343,0.00166666666666667
2005,8,24,12,0,22.889,0
2005,8,24,18,0,12.852,0.005
2005,8,25,0,0,9.296,0.0166666666666667
2005,8,25,6,0,17.713,0.00166666666666667
2005,8,25,12,0,23.917,0
2005,8,25,18,0,13.213,0.005
2005,8,26,0,0,9.111,0.0216666666666667
2005,8,26,6,0,17.574,0
2005,8,26,12,0,21.574,0
2005,8,26,18,0,11.537,0.00333333333333333
2005,8,27,0,0,7.796,0.0133333333333333
2005,8,27,6,0,13.954,0
2005,8,27,12,0,17.778,0
2005,8,27,18,0,11.759,0
2005,8,28,0,0.8382,10.333,0.00333333333333333
2005,8,28,6,8.763,13.843,0
2005,8,28,12,5.4864,16.398,0
2005,8,28,18,4.0894,12.157,0
2005,8,29,0,2.4638,9.343,0.005
2005,8,29,6,0.5334,10.722,0
2005,8,29,12,1.5494,12.194,0
2005,8,29,18,0,10.111,0.00333333333333333
2005,8,30,0,0.1016,9.898,0.005
2005,8,30,6,0.4826,12.426,0
2005,8,30,12,0.2286,15.417,0
2005,8,30,18,0.381,13.657,0
2005,8,31,0,0,10.102,0.005
2005,8,31,6,0,14.398,0
2005,8,31,12,0,18.565,0
2005,8,31,18,0,11.074,0.00333333333333333
2005,9,1,0,0,7.5,0.01
2005,9,1,6,0,13.843,0.00166666666666667
2005,9,1,12,0,17,0
2005,9,1,18,0,10.491,0.005
2005,9,2,0,0,9.417,0.01
2005,9,2,6,0,12.935,0
2005,9,2,12,0,15.491,0
2005,9,2,18,0,9.528,0.005
2005,9,3,0,0,7.269,0.01
2005,9,3,6,0,10.954,0
2005,9,3,12,0,13.204,0
2005,9,3,18,0,8.704,0.00833333333333333
2005,9,4,0,0.1016,8.352,0.01
2005,9,4,6,0.5842,12.481,0
2005,9,4,12,1.27,13.889,0
2005,9,4,18,0,9.083,0.01
2005,9,5,0,0.4318,5.954,0.0233333333333333
2005,9,5,6,0,11.38,0.005
2005,9,5,12,0,16.657,0
2005,9,5,18,0,8.704,0.0166666666666667
2005,9,6,0,0,5.62,0.05
2005,9,6,6,0,13.185,0.00333333333333333
2005,9,6,12,0,18.111,0
2005,9,6,18,0,9.056,0.015
2005,9,7,0,0,5.972,0.05
2005,9,7,6,0,12.917,0.005
2005,9,7,12,0,17.981,0
2005,9,7,18,0,8.62,0.0116666666666667
2005,9,8,0,0,6.315,0.0266666666666667
2005,9,8,6,0,12.111,0.00333333333333333
2005,9,8,12,0,15.519,0
2005,9,8,18,0,10.37,0.00333333333333333
2005,9,9,0,0.4064,7.37,0.0133333333333333
2005,9,9,6,6.8834,8.861,0.00833333333333333
2005,9,9,12,7.62,13.204,0
2005,9,9,18,5.6642,8.407,0.01
2005,9,10,0,11.1506,6.824,0.015
2005,9,10,6,1.4732,9.898,0.00666666666666667
2005,9,10,12,4.1402,15.12,0
2005,9,10,18,1.7018,9.083,0.00833333333333333
2005,9,11,0,1.27,8.787,0.01
2005,9,11,6,0,12.509,0.00166666666666667
2005,9,11,12,0,14.806,0
2005,9,11,18,0,9.954,0.00833333333333333
2005,9,12,0,0,8.852,0.01
2005,9,12,6,0,11.88,0.00166666666666667
2005,9,12,12,0,15.806,0
2005,9,12,18,0,9.926,0.005
2005,9,13,0,0,6.435,0.0166666666666667
2005,9,13,6,0,11.704,0.00166666666666667
2005,9,13,12,0,14.889,0
2005,9,13,18,0,9.5,0
2005,9,14,0,0,7.815,0.01
2005,9,14,6,0,11.278,0
2005,9,14,12,0,13.741,0
2005,9,14,18,0,9.074,0.00833333333333333
2005,9,15,0,0,8.417,0.01
2005,9,15,6,0,10.546,0
2005,9,15,12,0,12.009,0
2005,9,15,18,0.6096,8.556,0.00833333333333333
2005,9,16,0,8.4328,8.213,0.01
2005,9,16,6,2.3368,9.519,0.00666666666666667
2005,9,16,12,2.1082,11.62,0
2005,9,16,18,3.6068,8.231,0.0133333333333333
2005,9,17,0,7.7724,6.546,0.025
2005,9,17,6,0,10.259,0.00666666666666667
2005,9,17,12,0,13.926,0
2005,9,17,18,0,7.769,0.015
2005,9,18,0,0,5.593,0.0266666666666667
2005,9,18,6,0,9.917,0.00666666666666667
2005,9,18,12,0,13.583,0
2005,9,18,18,0,8.704,0.0133333333333333
2005,9,19,0,0,7.259,0.0216666666666667
2005,9,19,6,0,11.546,0.00333333333333333
2005,9,19,12,0,13.241,0
2005,9,19,18,0,9.019,0.0116666666666667
2005,9,20,0,0,6.074,0.0333333333333333
2005,9,20,6,0,10.324,0.00666666666666667
2005,9,20,12,0,12.537,0.00166666666666667
2005,9,20,18,0,5.981,0.0466666666666667
2005,9,21,0,0,3.111,0.143333333333333
2005,9,21,6,0,6.898,0.0466666666666667
2005,9,21,12,0,12.093,0.00333333333333333
2005,9,21,18,0,4.833,0.085
2005,9,22,0,0,2.083,0.271666666666667
2005,9,22,6,0,7.241,0.0416666666666667
2005,9,22,12,0,13.028,0.00333333333333333
2005,9,22,18,0,4.602,0.09
2005,9,23,0,0,2.287,0.313333333333333
2005,9,23,6,0,7.287,0.0583333333333333
2005,9,23,12,0,13.194,0.00333333333333333
2005,9,23,18,0,4.065,0.196666666666667
2005,9,24,0,0,1.991,0.498333333333333
2005,9,24,6,0,7.389,0.065
2005,9,24,12,0,13.185,0.00166666666666667
2005,9,24,18,0,4.565,0.111666666666667
2005,9,25,0,0,2.194,0.418333333333333
2005,9,25,6,0,8.333,0.0566666666666667
2005,9,25,12,0,14.241,0.00166666666666667
2005,9,25,18,0,5.565,0.06
2005,9,26,0,0,3.426,0.113333333333333
2005,9,26,6,0,9.602,0.0216666666666667
2005,9,26,12,0,14.407,0
2005,9,26,18,0,6.843,0.0216666666666667
2005,9,27,0,0,4.954,0.0483333333333333
2005,9,27,6,0,8.361,0.0216666666666667
2005,9,27,12,0,13.111,0.00166666666666667
2005,9,27,18,0,5.991,0.0516666666666667
2005,9,28,0,0,4.13,0.0683333333333333
2005,9,28,6,0,8.157,0.02
2005,9,28,12,1.3208,11.62,0.00166666666666667
2005,9,28,18,10.6426,7.759,0.01
2005,9,29,0,20.2438,7.981,0.01
2005,9,29,6,45.7454,10.528,0
2005,9,29,12,41.402,11.731,0
2005,9,29,18,9.4488,9.231,0.00833333333333333
2005,9,30,0,0.889,6.593,0.02
2005,9,30,6,0.0508,7.602,0.0183333333333333
2005,9,30,12,0.2286,10.111,0.005
2005,9,30,18,0,5.75,0.0283333333333333
2005,10,1,0,0.254,4.806,0.0433333333333333
2005,10,1,6,1.143,6.194,0.0266666666666667
2005,10,1,12,0.2286,7.759,0.015
2005,10,1,18,0,3.759,0.07
2005,10,2,0,0.0508,3.454,0.075
2005,10,2,6,0,6.759,0.035
2005,10,2,12,2.5908,9.13,0.0216666666666667
2005,10,2,18,0.5588,4.917,0.05
2005,10,3,0,0.0508,3.222,0.0833333333333333
2005,10,3,6,0,6.463,0.0366666666666667
2005,10,3,12,0,10.463,0.0116666666666667
2005,10,3,18,0,2.713,0.16
2005,10,4,0,0,0.852,0.463333333333333
2005,10,4,6,0,5.315,0.08
2005,10,4,12,0,10.028,0.01
2005,10,4,18,0,5.083,0.0616666666666667
2005,10,5,0,0,5.537,0.0583333333333333
2005,10,5,6,0,7.12,0.0333333333333333
2005,10,5,12,0.0254,9.324,0.01
2005,10,5,18,0,6.944,0.025
2005,10,6,0,0,7.231,0.02
2005,10,6,6,0.0508,8.5,0.0133333333333333
2005,10,6,12,1.524,9.667,0.00666666666666667
2005,10,6,18,5.0546,7.861,0.01
2005,10,7,0,0.9144,6.565,0.0216666666666667
2005,10,7,6,0.6604,7.407,0.0166666666666667
2005,10,7,12,0.5842,9.074,0.01
2005,10,7,18,0.1778,6.37,0.0233333333333333
2005,10,8,0,0.2286,4.889,0.0383333333333333
2005,10,8,6,0.0508,6.731,0.025
2005,10,8,12,0.1778,9.704,0.01
2005,10,8,18,0.4318,6.333,0.03
2005,10,9,0,0.762,4.463,0.0683333333333333
2005,10,9,6,0,6.157,0.0366666666666667
2005,10,9,12,0,9.102,0.01
2005,10,9,18,0,7.148,0.0216666666666667
2005,10,10,0,0,7.037,0.0266666666666667
2005,10,10,6,13.6652,8.778,0.0116666666666667
2005,10,10,12,5.0292,9.222,0.01
2005,10,10,18,0.0508,7.296,0.02
2005,10,11,0,0,4.537,0.055
2005,10,11,6,0,6.287,0.0366666666666667
2005,10,11,12,0,9.444,0.01
2005,10,11,18,0,4.954,0.0566666666666667
2005,10,12,0,0,5.352,0.045
2005,10,12,6,0.1524,7.861,0.02
2005,10,12,12,10.6172,8.352,0.01
2005,10,12,18,4.826,7.037,0.0183333333333333
2005,10,13,0,0.889,5.861,0.0283333333333333
2005,10,13,6,0,6.75,0.025
2005,10,13,12,0,8.907,0.0116666666666667
2005,10,13,18,0,5.13,0.04
2005,10,14,0,3.2004,6.611,0.0233333333333333
2005,10,14,6,3.3274,8.907,0.015
2005,10,14,12,2.4638,12.231,0.005
2005,10,14,18,22.2758,10.324,0.00833333333333333
2005,10,15,0,4.3688,7.833,0.015
2005,10,15,6,0.0508,8.574,0.015
2005,10,15,12,0,10.528,0.01
2005,10,15,18,1.143,7.157,0.0183333333333333
2005,10,16,0,7.0104,6.407,0.02
2005,10,16,6,11.6078,6.583,0.0233333333333333
2005,10,16,12,19.7866,8.704,0.01
2005,10,16,18,10.2108,7.852,0.01
2005,10,17,0,17.526,9.056,0.00333333333333333
2005,10,17,6,36.9316,9.963,0.00166666666666667
2005,10,17,12,19.7612,11.074,0.00333333333333333
2005,10,17,18,4.0132,8.704,0.01
2005,10,18,0,0.0254,6.065,0.025
2005,10,18,6,0,7.694,0.0166666666666667
2005,10,18,12,0,11.667,0
2005,10,18,18,0.2794,9.009,0.00833333333333333
2005,10,19,0,7.1628,7.787,0.01
2005,10,19,6,3.556,8.278,0.01
2005,10,19,12,4.4958,8.778,0.00833333333333333
2005,10,19,18,3.4798,7.556,0.0116666666666667
2005,10,20,0,0.127,4.972,0.03
2005,10,20,6,0,6.546,0.0233333333333333
2005,10,20,12,0,10.843,0.00833333333333333
2005,10,20,18,0,6.444,0.0283333333333333
2005,10,21,0,0,6.074,0.03
2005,10,21,6,0,8.222,0.0216666666666667
2005,10,21,12,0,14.019,0
2005,10,21,18,0,8.963,0.0183333333333333
2005,10,22,0,0,6.657,0.0383333333333333
2005,10,22,6,0,7.778,0.0316666666666667
2005,10,22,12,0,11.37,0.00166666666666667
2005,10,22,18,0,6.278,0.0316666666666667
2005,10,23,0,0.7874,6.13,0.025
2005,10,23,6,2.54,8.861,0.00833333333333333
2005,10,23,12,9.0932,10.472,0.00166666666666667
2005,10,23,18,0.1016,6.407,0.0166666666666667
2005,10,24,0,0,5.407,0.03
2005,10,24,6,0,7.278,0.0216666666666667
2005,10,24,12,0,11.741,0.00166666666666667
2005,10,24,18,0,5.213,0.0833333333333333
2005,10,25,0,0,3.333,0.196666666666667
2005,10,25,6,0,8.056,0.025
2005,10,25,12,0,10,0.00166666666666667
2005,10,25,18,2.159,5.731,0.0183333333333333
2005,10,26,0,0.1778,2.769,0.13
2005,10,26,6,0,3.87,0.216666666666667
2005,10,26,12,0,7.602,0.0166666666666667
2005,10,26,18,0,1.63,0.365
2005,10,27,0,0,-0.278,0.87
2005,10,27,6,0,3.333,0.403333333333333
2005,10,27,12,0.0762,7.306,0.0416666666666667
2005,10,27,18,1.8542,5,0.0866666666666667
2005,10,28,0,12.0396,4.639,0.065
2005,10,28,6,1.0922,4.231,0.0883333333333333
2005,10,28,12,1.778,5.63,0.0516666666666667
2005,10,28,18,5.2578,4.222,0.065
2005,10,29,0,10.6426,3.824,0.0683333333333333
2005,10,29,6,3.81,4.324,0.0533333333333333
2005,10,29,12,1.3208,4.583,0.0533333333333333
2005,10,29,18,1.2446,2.583,0.12
2005,10,30,0,6.604,1.5,0.231666666666667
2005,10,30,6,0.7874,3.824,0.0833333333333333
2005,10,30,12,6.5278,5.194,0.045
2005,10,30,18,11.4554,4.509,0.055
2005,10,31,0,22.3774,4.944,0.0466666666666667
2005,10,31,6,2.8702,4.722,0.06
2005,10,31,12,2.7178,5.065,0.065
2005,10,31,18,3.9116,3.824,0.085
2005,11,1,0,6.8326,3.13,0.105
2005,11,1,6,16.6624,4.306,0.0733333333333333
2005,11,1,12,7.4422,4.593,0.075
2005,11,1,18,2.7178,2.102,0.186666666666667
2005,11,2,0,0.1778,2.417,0.146666666666667
2005,11,2,6,2.6416,3.167,0.105
2005,11,2,12,0.381,3.972,0.0883333333333333
2005,11,2,18,3.8354,2.444,0.135
2005,11,3,0,3.9116,2.704,0.121666666666667
2005,11,3,6,6.0198,3.176,0.123333333333333
2005,11,3,12,9.6012,4.056,0.0883333333333333
2005,11,3,18,2.0574,2,0.2
2005,11,4,0,1.7018,1.12,0.308333333333333
2005,11,4,6,1.9812,1.694,0.258333333333333
2005,11,4,12,5.7404,2.954,0.128333333333333
2005,11,4,18,0.7112,0.954,0.315
2005,11,5,0,1.397,0.324,0.486666666666667
2005,11,5,6,6.0706,1.574,0.268333333333333
2005,11,5,12,4.2926,3.565,0.105
2005,11,5,18,24.0538,2.537,0.13
2005,11,6,0,3.3528,1.241,0.271666666666667
2005,11,6,6,2.0066,1.074,0.306666666666667
2005,11,6,12,0.7874,2,0.236666666666667
2005,11,6,18,0.4572,0.898,0.351666666666667
2005,11,7,0,1.4224,1.074,0.301666666666667
2005,11,7,6,3.1242,1.204,0.265
2005,11,7,12,0.0762,0.991,0.358333333333333
2005,11,7,18,0.9652,-0.12,0.633333333333333
2005,11,8,0,1.7526,-0.148,0.645
2005,11,8,6,7.7216,1.046,0.316666666666667
2005,11,8,12,0.508,1.815,0.2
2005,11,8,18,1.4986,0.981,0.385
2005,11,9,0,0.254,1.528,0.418333333333333
2005,11,9,6,0.1778,1.75,0.381666666666667
2005,11,9,12,0.4572,2.583,0.176666666666667
2005,11,9,18,0.0508,4.796,0.0716666666666667
2005,11,10,0,0.4064,5.583,0.05
2005,11,10,6,3.2258,4.87,0.0566666666666667
2005,11,10,12,7.9248,3.917,0.0733333333333333
2005,11,10,18,1.0922,0.889,0.361666666666667
2005,11,11,0,0.4064,-0.056,0.738333333333333
2005,11,11,6,1.8542,0.306,0.63
2005,11,11,12,8.382,1.722,0.201666666666667
2005,11,11,18,0.9144,0.343,0.528333333333333
2005,11,12,0,0.127,-0.426,0.82
2005,11,12,6,0.2032,0.306,0.59
2005,11,12,12,0.2794,1.583,0.231666666666667
2005,11,12,18,0.7874,0.389,0.506666666666667
2005,11,13,0,10.1854,1.167,0.301666666666667
2005,11,13,6,3.5052,1.602,0.26
2005,11,13,12,2.5908,2.648,0.13
2005,11,13,18,2.5908,-0.241,0.755
2005,11,14,0,0.1016,-1.398,0.993333333333333
2005,11,14,6,0,0.435,0.676666666666667
2005,11,14,12,0.0254,1,0.663333333333333
2005,11,14,18,0,-2.028,1
2005,11,15,0,0,-1.269,1
2005,11,15,6,0.0508,-0.009,0.963333333333333
2005,11,15,12,0.3556,1.333,0.458333333333333
2005,11,15,18,0.1778,0.065,0.571666666666667
2005,11,16,0,0.7366,0.954,0.288333333333333
2005,11,16,6,0.8128,2.583,0.143333333333333
2005,11,16,12,0.0508,3.231,0.108333333333333
2005,11,16,18,0.0254,0.213,0.506666666666667
2005,11,17,0,0,-0.991,0.945
2005,11,17,6,0,1.833,0.485
2005,11,17,12,0,4.12,0.158333333333333
2005,11,17,18,0,-0.176,0.95
2005,11,18,0,0,-0.111,0.906666666666667
2005,11,18,6,0,2.741,0.295
2005,11,18,12,0,4.259,0.105
2005,11,18,18,0,-0.157,0.766666666666667
2005,11,19,0,0,-0.917,1
2005,11,19,6,0,2.361,0.511666666666667
2005,11,19,12,0,4.824,0.101666666666667
2005,11,19,18,0,0.333,0.821666666666667
2005,11,20,0,0,-1.407,1
2005,11,20,6,0,0.676,0.62
2005,11,20,12,0,3.944,0.191666666666667
2005,11,20,18,0,-1.306,0.985
2005,11,21,0,0,-2.389,1
2005,11,21,6,0,0.454,0.761666666666667
2005,11,21,12,0,3.148,0.433333333333333
2005,11,21,18,0,-1.519,1
2005,11,22,0,0,-2.63,1
2005,11,22,6,0,-0.472,0.896666666666667
2005,11,22,12,0,1.954,0.655
2005,11,22,18,0,-1.898,1
2005,11,23,0,0,-3.648,1
2005,11,23,6,0,-1.806,0.973333333333333
2005,11,23,12,0,1.13,0.743333333333333
2005,11,23,18,0,-2.019,1
2005,11,24,0,0,-1.593,1
2005,11,24,6,0,0.944,0.858333333333333
2005,11,24,12,1.4224,2.954,0.231666666666667
2005,11,24,18,0.0254,-0.389,0.828333333333333
2005,11,25,0,0,-1.37,0.985
2005,11,25,6,9.6012,1.333,0.34
2005,11,25,12,21.8186,1.759,0.221666666666667
2005,11,25,18,3.5306,-1.028,0.925
2005,11,26,0,6.6802,-2.13,1
2005,11,26,6,1.1684,-0.963,0.958333333333333
2005,11,26,12,0.0254,-0.676,0.918333333333333
2005,11,26,18,0,-3.833,1
2005,11,27,0,0,-3.056,1
2005,11,27,6,0.8128,-2.12,0.998333333333333
2005,11,27,12,0.6858,-1.139,0.971666666666667
2005,11,27,18,0,-4.12,1
2005,11,28,0,0,-6.019,1
2005,11,28,6,0,-3.463,1
2005,11,28,12,0,-2.5,1
2005,11,28,18,4.2672,-3.759,1
2005,11,29,0,8.382,-3.741,1
2005,11,29,6,2.5908,-3.12,1
2005,11,29,12,5.2832,-2.963,1
2005,11,29,18,4.6736,-4.676,1
2005,11,30,0,5.8674,-4.491,1
2005,11,30,6,2.5654,-4.019,1
2005,11,30,12,0.0254,-3.102,1
2005,11,30,18,0,-4.833,1
2005,12,1,0,0,-6.037,1
2005,12,1,6,0,-4.278,1
2005,12,1,12,4.0132,-3.398,1
2005,12,1,18,2.5146,-4.954,1
2005,12,2,0,1.0922,-5.537,1
2005,12,2,6,0.9652,-4.306,1
2005,12,2,12,0.1016,-4.204,1
2005,12,2,18,0,-6.241,1
2005,12,3,0,0,-5.593,1
2005,12,3,6,0.3048,-4.185,1
2005,12,3,12,0.1778,-3.954,1
2005,12,3,18,0,-5.954,1
2005,12,4,0,0,-5.926,1
2005,12,4,6,0,-3.028,1
2005,12,4,12,0.3556,-1.333,0.995
2005,12,4,18,0.6604,-1.685,1
2005,12,5,0,0.7366,-1.083,0.976666666666667
2005,12,5,6,1.27,-0.25,0.706666666666667
2005,12,5,12,1.8034,0.722,0.32
2005,12,5,18,0.762,-2.833,0.998333333333333
2005,12,6,0,0,-5.139,1
2005,12,6,6,0,-3.741,0.995
2005,12,6,12,0,-0.583,0.893333333333333
2005,12,6,18,0,-4.065,1
2005,12,7,0,0,-3.5,1
2005,12,7,6,0,-0.935,0.965
2005,12,7,12,0,-0.065,0.888333333333333
2005,12,7,18,0,-3.269,1
2005,12,8,0,0,-5.824,1
2005,12,8,6,0,-3.954,0.998333333333333
2005,12,8,12,0,-1.778,0.985
2005,12,8,18,0,-5.491,1
2005,12,9,0,0,-4.898,1
2005,12,9,6,0,-3.481,0.995
2005,12,9,12,0,-2.426,0.961666666666667
2005,12,9,18,0,-3.176,1
2005,12,10,0,0,-1.213,1
2005,12,10,6,0,-0.889,0.996666666666667
2005,12,10,12,0,-0.981,0.99
2005,12,10,18,0,-2.944,1
2005,12,11,0,0,-2.537,1
2005,12,11,6,0,-0.537,0.996666666666667
2005,12,11,12,0,-1.444,0.993333333333333
2005,12,11,18,0,-4.898,1
2005,12,12,0,0,-4.306,1
2005,12,12,6,0,-2.176,0.931666666666667
2005,12,12,12,1.143,-0.259,0.633333333333333
2005,12,12,18,0.254,-2.176,0.995
2005,12,13,0,0,-4.102,1
2005,12,13,6,0,-2.824,0.985
2005,12,13,12,0,-1.88,0.835
2005,12,13,18,0,-5.37,1
2005,12,14,0,0,-6.417,1
2005,12,14,6,0,-3.898,1
2005,12,14,12,0,-0.583,0.941666666666667
2005,12,14,18,0,-4.176,1
2005,12,15,0,0,-4.194,1
2005,12,15,6,0,-2.463,0.998333333333333
2005,12,15,12,0,-1.778,0.995
2005,12,15,18,0,-4.972,1
2005,12,16,0,0,-5.157,1
2005,12,16,6,0,-2.796,0.998333333333333
2005,12,16,12,0,-0.241,0.908333333333333
2005,12,16,18,0,-2.88,1
2005,12,17,0,0,-3.046,1
2005,12,17,6,0,-2.019,0.996666666666667
2005,12,17,12,0,-1.509,0.991666666666667
2005,12,17,18,0,-3.88,1
2005,12,18,0,0,-4.352,1
2005,12,18,6,0,-2.481,1
2005,12,18,12,0,-0.12,0.993333333333333
2005,12,18,18,0,-2.898,1
2005,12,19,0,0.2794,-1.028,0.941666666666667
2005,12,19,6,3.6576,1.25,0.445
2005,12,19,12,0.1524,2.056,0.155
2005,12,19,18,0.635,2.074,0.153333333333333
2005,12,20,0,3.4798,3.37,0.0866666666666667
2005,12,20,6,7.112,3.5,0.0866666666666667
2005,12,20,12,2.1336,3.981,0.0883333333333333
2005,12,20,18,4.0132,2.722,0.103333333333333
2005,12,21,0,0,2.417,0.115
2005,12,21,6,1.6764,3.917,0.0833333333333333
2005,12,21,12,2.6924,6.269,0.0516666666666667
2005,12,21,18,4.5212,5.241,0.0583333333333333
2005,12,22,0,5.8928,4.991,0.06
2005,12,22,6,9.3472,5.528,0.0566666666666667
2005,12,22,12,5.969,5.87,0.0516666666666667
2005,12,22,18,14.986,4.63,0.06
2005,12,23,0,2.6162,4.296,0.07
2005,12,23,6,0.2794,4.093,0.08
2005,12,23,12,11.8618,5.009,0.0733333333333333
2005,12,23,18,14.732,5.481,0.055
2005,12,24,0,20.7518,7.824,0.0266666666666667
2005,12,24,6,6.5024,9.537,0.0116666666666667
2005,12,24,12,1.524,9.194,0.0183333333333333
2005,12,24,18,6.5024,6.056,0.04
2005,12,25,0,18.4658,7.213,0.03
2005,12,25,6,11.1252,6.963,0.0366666666666667
2005,12,25,12,0.5588,4.926,0.0633333333333333
2005,12,25,18,2.2606,4.231,0.07
2005,12,26,0,4.3434,5.037,0.0533333333333333
2005,12,26,6,8.5344,5.88,0.05
2005,12,26,12,4.9784,5.056,0.0566666666666667
2005,12,26,18,0.254,3.565,0.0883333333333333
2005,12,27,0,6.223,4.333,0.075
2005,12,27,6,7.5946,4.769,0.06
2005,12,27,12,2.1336,3.639,0.0966666666666667
2005,12,27,18,0,0.917,0.326666666666667
2005,12,28,0,1.7272,4.676,0.111666666666667
2005,12,28,6,17.8308,5.528,0.0583333333333333
2005,12,28,12,8.9662,5.046,0.06
2005,12,28,18,6.9088,2.481,0.126666666666667
2005,12,29,0,0.8382,1.361,0.201666666666667
2005,12,29,6,0.1524,1.583,0.193333333333333
2005,12,29,12,0,2.389,0.136666666666667
2005,12,29,18,1.8542,2.13,0.193333333333333
2005,12,30,0,3.8354,3.333,0.1
2005,12,30,6,1.8542,3.019,0.0983333333333333
2005,12,30,12,1.4986,3.028,0.1
2005,12,30,18,21.0058,3.139,0.0966666666666667
2005,12,31,0,5.7912,3.019,0.0966666666666667
2005,12,31,6,7.3406,2.852,0.101666666666667
2005,12,31,12,1.4986,2.796,0.113333333333333
2005,12,31,18,7.5946,1.537,0.203333333333333
2006,1,1,0,1.9812,1.593,0.21
2006,1,1,6,0.4572,2.731,0.145
2006,1,1,12,1.3208,3.787,0.101666666666667
2006,1,1,18,0.8382,2.769,0.148333333333333
2006,1,2,0,0.5842,1.139,0.376666666666667
2006,1,2,6,1.1684,1.139,0.361666666666667
2006,1,2,12,3.0988,2.778,0.116666666666667
2006,1,2,18,0.4826,0.778,0.35
2006,1,3,0,0.0508,-0.796,0.805
2006,1,3,6,0,0.704,0.478333333333333
2006,1,3,12,1.397,3.574,0.108333333333333
2006,1,3,18,7.1628,3.472,0.0816666666666667
2006,1,4,0,1.7526,2.491,0.143333333333333
2006,1,4,6,0,0.157,0.588333333333333
2006,1,4,12,0,2.63,0.196666666666667
2006,1,4,18,0.3556,3.759,0.186666666666667
2006,1,5,0,3.2258,4.935,0.065
2006,1,5,6,17.8054,4.722,0.0616666666666667
2006,1,5,12,23.876,3.972,0.0783333333333333
2006,1,5,18,21.3868,3.426,0.0883333333333333
2006,1,6,0,4.4704,5.065,0.06
2006,1,6,6,1.27,4.269,0.0766666666666667
2006,1,6,12,5.0546,4.194,0.075
2006,1,6,18,9.1948,3.241,0.085
2006,1,7,0,2.2352,2.917,0.0916666666666667
2006,1,7,6,3.4544,3.574,0.0833333333333333
2006,1,7,12,15.9004,3.87,0.0916666666666667
2006,1,7,18,9.7028,1.38,0.271666666666667
2006,1,8,0,0,0.481,0.473333333333333
2006,1,8,6,0,0.63,0.471666666666667
2006,1,8,12,0.2032,1.093,0.373333333333333
2006,1,8,18,6.6294,1.102,0.33
2006,1,9,0,18.3134,2.333,0.136666666666667
2006,1,9,6,27.2288,2.454,0.126666666666667
2006,1,9,12,2.2098,2.556,0.13
2006,1,9,18,31.8262,1.824,0.173333333333333
2006,1,10,0,35.3314,1.657,0.18
2006,1,10,6,7.112,2.074,0.153333333333333
2006,1,10,12,11.049,2.815,0.113333333333333
2006,1,10,18,19.9136,2.463,0.113333333333333
2006,1,11,0,6.9596,1.907,0.17
2006,1,11,6,8.382,1.509,0.206666666666667
2006,1,11,12,6.7818,1.648,0.186666666666667
2006,1,11,18,4.8768,0.685,0.335
2006,1,12,0,1.6764,-0.556,0.726666666666667
2006,1,12,6,0.0762,-0.13,0.68
2006,1,12,12,13.7668,1.648,0.248333333333333
2006,1,12,18,21.9456,2.611,0.116666666666667
2006,1,13,0,10.3632,3.259,0.0816666666666667
2006,1,13,6,9.8806,2.361,0.116666666666667
2006,1,13,12,4.0386,2.185,0.151666666666667
2006,1,13,18,4.0894,0.741,0.4
2006,1,14,0,1.397,1.463,0.203333333333333
2006,1,14,6,2.3876,1.38,0.215
2006,1,14,12,0.0254,1.778,0.231666666666667
2006,1,14,18,1.2954,-0.898,0.916666666666667
2006,1,15,0,0.1524,-1.759,0.998333333333333
2006,1,15,6,0.3302,-0.148,0.655
2006,1,15,12,0.1016,1.861,0.203333333333333
2006,1,15,18,0.0254,-0.639,0.821666666666667
2006,1,16,0,4.572,-1.074,0.951666666666667
2006,1,16,6,6.5024,0.194,0.626666666666667
2006,1,16,12,18.5674,3.019,0.108333333333333
2006,1,16,18,37.1856,4.593,0.06
2006,1,17,0,7.366,2.88,0.115
2006,1,17,6,1.2446,1.602,0.205
2006,1,17,12,0.127,2.62,0.141666666666667
2006,1,17,18,0.2286,0.213,0.546666666666667
2006,1,18,0,0.2794,0.778,0.3
2006,1,18,6,0.1016,1.611,0.205
2006,1,18,12,0,2.88,0.111666666666667
2006,1,18,18,0.0508,0.509,0.458333333333333
2006,1,19,0,0.4318,0.093,0.603333333333333
2006,1,19,6,0.5842,0.778,0.361666666666667
2006,1,19,12,0.3556,1.778,0.223333333333333
2006,1,19,18,6.096,0.093,0.643333333333333
2006,1,20,0,14.3764,1.491,0.198333333333333
2006,1,20,6,2.286,1.352,0.211666666666667
2006,1,20,12,0.381,1.306,0.276666666666667
2006,1,20,18,0,-0.722,0.825
2006,1,21,0,0.4826,-0.176,0.655
2006,1,21,6,0.7874,1.398,0.256666666666667
2006,1,21,12,0.4572,3.204,0.101666666666667
2006,1,21,18,0,-0.213,0.668333333333333
2006,1,22,0,0.3048,1.389,0.215
2006,1,22,6,0.4064,2.731,0.113333333333333
2006,1,22,12,1.5748,3.954,0.075
2006,1,22,18,5.1816,2.509,0.131666666666667
2006,1,23,0,0.6858,3.639,0.0816666666666667
2006,1,23,6,0.6604,4.491,0.075
2006,1,23,12,0.3556,5.102,0.0716666666666667
2006,1,23,18,0,1.833,0.246666666666667
2006,1,24,0,0,0.88,0.405
2006,1,24,6,0,4.843,0.115
2006,1,24,12,0,7.565,0.0516666666666667
2006,1,24,18,0,4.25,0.128333333333333
2006,1,25,0,0,2.907,0.258333333333333
2006,1,25,6,0.1016,3.25,0.191666666666667
2006,1,25,12,5.4356,3.954,0.09
2006,1,25,18,0.9144,1.028,0.398333333333333
2006,1,26,0,2.921,0.463,0.575
2006,1,26,6,7.4422,1.065,0.363333333333333
2006,1,26,12,2.6416,2.583,0.138333333333333
2006,1,26,18,7.9502,1.88,0.178333333333333
2006,1,27,0,1.9812,1.259,0.261666666666667
2006,1,27,6,0.1524,1.269,0.27
2006,1,27,12,0.0762,2.009,0.178333333333333
2006,1,27,18,0.6858,0.296,0.6
2006,1,28,0,7.8232,2.157,0.185
2006,1,28,6,3.1496,1.88,0.161666666666667
2006,1,28,12,3.4544,1.75,0.205
2006,1,28,18,3.302,0.676,0.438333333333333
2006,1,29,0,1.8542,0.019,0.643333333333333
2006,1,29,6,0.889,-0.12,0.731666666666667
2006,1,29,12,11.7094,1.815,0.225
2006,1,29,18,32.4612,3.778,0.0733333333333333
2006,1,30,0,32.9438,4.611,0.0566666666666667
2006,1,30,6,7.239,3.565,0.0783333333333334
2006,1,30,12,1.3208,2.926,0.116666666666667
2006,1,30,18,3.4036,1.407,0.243333333333333
2006,1,31,0,0.8382,1,0.291666666666667
2006,1,31,6,0.6858,2.111,0.163333333333333
2006,1,31,12,7.62,2.917,0.121666666666667
2006,1,31,18,7.5438,2.88,0.13
2006,2,1,0,7.366,2.278,0.16
2006,2,1,6,0.4318,1.537,0.26
2006,2,1,12,2.7686,2.648,0.148333333333333
2006,2,1,18,4.5974,2.824,0.12
2006,2,2,0,5.6642,2.398,0.141666666666667
2006,2,2,6,5.3848,1.935,0.203333333333333
2006,2,2,12,0.508,2.556,0.151666666666667
2006,2,2,18,2.1844,0.935,0.335
2006,2,3,0,1.0922,0.759,0.345
2006,2,3,6,0.127,0.815,0.395
2006,2,3,12,3.556,2.694,0.201666666666667
2006,2,3,18,2.3622,4.148,0.0883333333333333
2006,2,4,0,8.4074,4.046,0.0933333333333333
2006,2,4,6,6.8326,1.972,0.218333333333333
2006,2,4,12,11.1506,1.093,0.311666666666667
2006,2,4,18,10.9982,0.769,0.323333333333333
2006,2,5,0,1.8034,0.704,0.335
2006,2,5,6,0,0.287,0.546666666666667
2006,2,5,12,0,1.463,0.315
2006,2,5,18,0,-0.917,0.938333333333333
2006,2,6,0,0,0.204,0.96
2006,2,6,6,0,1.241,0.641666666666667
2006,2,6,12,0,4.083,0.136666666666667
2006,2,6,18,0,0.398,0.705
2006,2,7,0,0,-0.167,0.92
2006,2,7,6,0,1.213,0.75
2006,2,7,12,0,4.602,0.165
2006,2,7,18,0.635,1.889,0.778333333333333
2006,2,8,0,5.0546,1.556,0.386666666666667
2006,2,8,6,1.397,2.75,0.175
2006,2,8,12,0.0254,4.426,0.111666666666667
2006,2,8,18,0,-2.685,0.985
2006,2,9,0,0,-3.546,1
2006,2,9,6,0,-1.333,0.978333333333333
2006,2,9,12,0,5.083,0.273333333333333
2006,2,9,18,0,-0.676,0.995
2006,2,10,0,0,-2.944,1
2006,2,10,6,0,0.167,0.955
2006,2,10,12,0,5.185,0.306666666666667
2006,2,10,18,0,-0.963,0.998333333333333
2006,2,11,0,0,-4.435,1
2006,2,11,6,0,-1.213,0.921666666666667
2006,2,11,12,0,4.815,0.261666666666667
2006,2,11,18,0,-1.537,0.998333333333333
2006,2,12,0,0,-1.75,1
2006,2,12,6,0,0.194,0.726666666666667
2006,2,12,12,0,4.241,0.14
2006,2,12,18,0,0.148,0.853333333333333
2006,2,13,0,6.5024,0.361,0.555
2006,2,13,6,2.54,2.593,0.133333333333333
2006,2,13,12,0.4572,2.065,0.241666666666667
2006,2,13,18,1.6002,-2.259,0.988333333333333
2006,2,14,0,1.1938,-2.324,1
2006,2,14,6,0,-1.157,0.86
2006,2,14,12,0,1.528,0.541666666666667
2006,2,14,18,0,-1.972,1
2006,2,15,0,0,-4.139,1
2006,2,15,6,0,-3.889,1
2006,2,15,12,0,-0.25,0.991666666666667
2006,2,15,18,0,-3.13,1
2006,2,16,0,0,-4.093,1
2006,2,16,6,0,-4.046,1
2006,2,16,12,0,-2.083,1
2006,2,16,18,0,-4.685,1
2006,2,17,0,0,-6.574,1
2006,2,17,6,0,-6.759,1
2006,2,17,12,0,-1.426,1
2006,2,17,18,0,-6.278,1
2006,2,18,0,0,-8.935,1
2006,2,18,6,0,-6.565,1
2006,2,18,12,0,-0.324,1
2006,2,18,18,0,-5.491,1
2006,2,19,0,0,-7.991,1
2006,2,19,6,0,-5.565,1
2006,2,19,12,0,-0.722,1
2006,2,19,18,0,-5.787,1
2006,2,20,0,0,-7.963,1
2006,2,20,6,0,-4.296,0.99
2006,2,20,12,0,-0.204,0.64
2006,2,20,18,0,-3.019,0.961666666666667
2006,2,21,0,0.127,-4.176,1
2006,2,21,6,0.2032,-1.806,0.873333333333333
2006,2,21,12,0.4318,0.88,0.323333333333333
2006,2,21,18,0.4826,-0.37,0.603333333333333
2006,2,22,0,0.4064,-0.139,0.545
2006,2,22,6,1.1938,-1,0.871666666666667
2006,2,22,12,3.7846,-0.213,0.655
2006,2,22,18,11.1252,-1.065,0.918333333333333
2006,2,23,0,14.224,-0.759,0.821666666666667
2006,2,23,6,18.8214,0.491,0.396666666666667
2006,2,23,12,5.1054,-0.722,0.845
2006,2,23,18,0.127,-2.889,1
2006,2,24,0,0,-5.639,1
2006,2,24,6,0,-4.731,1
2006,2,24,12,0,-1.861,1
2006,2,24,18,0,-7.38,1
2006,2,25,0,0,-6.574,1
2006,2,25,6,0.0508,-4.13,1
2006,2,25,12,1.0922,-0.398,0.981666666666667
2006,2,25,18,0.7874,-1.241,1
2006,2,26,0,1.4732,-0.963,0.995
2006,2,26,6,1.0922,-0.63,0.925
2006,2,26,12,1.0922,0.769,0.493333333333333
2006,2,26,18,10.414,1.139,0.433333333333333
2006,2,27,0,1.7272,1.843,0.226666666666667
2006,2,27,6,2.1082,2.083,0.193333333333333
2006,2,27,12,3.9624,1.611,0.253333333333333
2006,2,27,18,0.381,-0.019,0.528333333333333
2006,2,28,0,0.8382,0.361,0.438333333333333
2006,2,28,6,2.7178,1.259,0.263333333333333
2006,2,28,12,2.8956,0.259,0.57
2006,2,28,18,1.6002,-1.824,0.956666666666667
2006,3,1,0,0,-3.324,1
2006,3,1,6,0,-1.028,0.833333333333333
2006,3,1,12,0,2.389,0.281666666666667
2006,3,1,18,0,2.593,0.266666666666667
2006,3,2,0,0.2794,3.12,0.19
2006,3,2,6,2.5908,2.139,0.278333333333333
2006,3,2,12,0.1778,1.611,0.421666666666667
2006,3,2,18,0,-2.269,0.955
2006,3,3,0,0,-3.759,1
2006,3,3,6,0,-0.13,0.726666666666667
2006,3,3,12,0,4.685,0.135
2006,3,3,18,0,-1.426,0.945
2006,3,4,0,0,-1.037,0.943333333333333
2006,3,4,6,0,0.722,0.591666666666667
2006,3,4,12,0,4.222,0.133333333333333
2006,3,4,18,0,-1.704,0.98
2006,3,5,0,0,0.417,0.846666666666667
2006,3,5,6,0.0254,3.028,0.28
2006,3,5,12,0,4.463,0.118333333333333
2006,3,5,18,0,2.37,0.231666666666667
2006,3,6,0,0,2.963,0.19
2006,3,6,6,0,3.343,0.173333333333333
2006,3,6,12,0,3.056,0.215
2006,3,6,18,0,0.926,0.39
2006,3,7,0,0.4572,0.565,0.413333333333333
2006,3,7,6,4.6482,0.463,0.445
2006,3,7,12,1.9812,0.824,0.396666666666667
2006,3,7,18,0.1524,-1.167,0.838333333333333
2006,3,8,0,0.254,-1.944,0.968333333333333
2006,3,8,6,5.461,-1.231,0.858333333333333
2006,3,8,12,10.9728,0.481,0.488333333333333
2006,3,8,18,3.8354,-2.787,0.978333333333333
2006,3,9,0,2.8194,-3.944,1
2006,3,9,6,5.1562,-3.537,0.998333333333333
2006,3,9,12,4.1402,-0.852,0.926666666666667
2006,3,9,18,8.382,-3.444,1
2006,3,10,0,1.7018,-3.444,1
2006,3,10,6,0.1016,-1.889,0.913333333333333
2006,3,10,12,0.7874,2.528,0.298333333333333
2006,3,10,18,0.8382,-0.204,0.798333333333333
2006,3,11,0,0,-5.509,1
2006,3,11,6,0,-1.981,0.793333333333333
2006,3,11,12,0,4.25,0.128333333333333
2006,3,11,18,0,-2.528,0.976666666666667
2006,3,12,0,0,-5.102,1
2006,3,12,6,0,-2.454,0.865
2006,3,12,12,0,3.75,0.265
2006,3,12,18,0,-3.778,1
2006,3,13,0,0,-5.046,1
2006,3,13,6,0,-2,0.898333333333333
2006,3,13,12,0,2.546,0.398333333333333
2006,3,13,18,0,-0.176,0.941666666666667
2006,3,14,0,0.127,-0.778,0.95
2006,3,14,6,2.8194,0.148,0.706666666666667
2006,3,14,12,0.7112,-0.481,0.848333333333333
2006,3,14,18,0.635,-2.491,0.993333333333333
2006,3,15,0,0,-3.454,1
2006,3,15,6,0,-1.278,0.858333333333333
2006,3,15,12,0.0508,1.472,0.396666666666667
2006,3,15,18,0,-2.528,0.978333333333333
2006,3,16,0,0.0762,-2.426,0.998333333333333
2006,3,16,6,0.3302,0.546,0.666666666666667
2006,3,16,12,1.1176,3.102,0.196666666666667
2006,3,16,18,0.381,-0.565,0.841666666666667
2006,3,17,0,0,-1.657,0.961666666666667
2006,3,17,6,0,-0.056,0.656666666666667
2006,3,17,12,2.0574,2.009,0.268333333333333
2006,3,17,18,0.1778,-0.889,0.815
2006,3,18,0,0.3302,-1.546,0.918333333333333
2006,3,18,6,0.1016,1.157,0.461666666666667
2006,3,18,12,0.2794,4.481,0.118333333333333
2006,3,18,18,0.0508,-3.981,0.97
2006,3,19,0,0,-6.157,1
2006,3,19,6,0,-0.833,0.693333333333333
2006,3,19,12,0,6.148,0.075
2006,3,19,18,0,-1.722,0.855
2006,3,20,0,0,-4.204,1
2006,3,20,6,0,0.056,0.666666666666667
2006,3,20,12,0,5.843,0.0733333333333333
2006,3,20,18,0,-0.287,0.823333333333333
2006,3,21,0,0,-1.444,0.951666666666667
2006,3,21,6,0,1.741,0.383333333333333
2006,3,21,12,0,4.407,0.101666666666667
2006,3,21,18,0,0,0.753333333333333
2006,3,22,0,0.2794,1.019,0.458333333333333
2006,3,22,6,1.1684,4.093,0.103333333333333
2006,3,22,12,1.2954,7.454,0.0433333333333333
2006,3,22,18,0.508,2.713,0.225
2006,3,23,0,0,1.861,0.318333333333333
2006,3,23,6,0.254,4.676,0.101666666666667
2006,3,23,12,0.2286,7.991,0.0433333333333333
2006,3,23,18,0.7366,5.12,0.0866666666666667
2006,3,24,0,3.8354,3.954,0.123333333333333
2006,3,24,6,8.7122,4,0.0966666666666667
2006,3,24,12,1.397,3.315,0.18
2006,3,24,18,2.0574,-0.176,0.736666666666667
2006,3,25,0,0.7112,-1.37,0.898333333333333
2006,3,25,6,0,0.583,0.576666666666667
2006,3,25,12,0,3.62,0.215
2006,3,25,18,0.0254,-2.417,0.993333333333333
2006,3,26,0,0.3048,-2.565,0.986666666666667
2006,3,26,6,0.7112,2.102,0.343333333333333
2006,3,26,12,0.5588,7.093,0.0533333333333333
2006,3,26,18,0.127,1.806,0.37
2006,3,27,0,0,-2.519,0.993333333333333
2006,3,27,6,0,2.37,0.435
2006,3,27,12,0,6.528,0.0716666666666667
2006,3,27,18,0,0.13,0.818333333333333
2006,3,28,0,0.3302,0.556,0.708333333333333
2006,3,28,6,14.8336,4.148,0.136666666666667
2006,3,28,12,0.1524,7.435,0.0366666666666667
2006,3,28,18,0,0.37,0.583333333333333
2006,3,29,0,0.2794,-3.241,1
2006,3,29,6,0,2.796,0.421666666666667
2006,3,29,12,0,7.093,0.06
2006,3,29,18,0.1524,-0.065,0.755
2006,3,30,0,0.4064,0.417,0.5
2006,3,30,6,0.0508,3.593,0.121666666666667
2006,3,30,12,0.9652,6.074,0.0583333333333333
2006,3,30,18,1.397,2.843,0.19
2006,3,31,0,1.905,1.444,0.36
2006,3,31,6,1.1176,3.685,0.15
2006,3,31,12,0.9398,4.722,0.118333333333333
2006,3,31,18,0.0508,-0.037,0.658333333333333
2006,4,1,0,1.0414,0.13,0.631666666666667
2006,4,1,6,18.1864,3.843,0.148333333333333
2006,4,1,12,4.1656,5.491,0.0733333333333333
2006,4,1,18,0.7112,1.861,0.303333333333333
2006,4,2,0,0,-1.009,0.856666666666667
2006,4,2,6,0,4.167,0.205
2006,4,2,12,0,8.954,0.035
2006,4,2,18,0,1.12,0.53
2006,4,3,0,0,-0.472,0.826666666666667
2006,4,3,6,0.0254,5.593,0.158333333333333
2006,4,3,12,0.6858,8.565,0.0266666666666667
2006,4,3,18,5.588,2.954,0.161666666666667
2006,4,4,0,0.7112,0.667,0.5
2006,4,4,6,0,3.037,0.316666666666667
2006,4,4,12,0,9.361,0.0133333333333333
2006,4,4,18,0,1.472,0.49
2006,4,5,0,0,-1.157,0.895
2006,4,5,6,0,4.491,0.211666666666667
2006,4,5,12,0,8.731,0.0233333333333333
2006,4,5,18,0,2.731,0.226666666666667
2006,4,6,0,0,2.556,0.186666666666667
2006,4,6,6,0,5.954,0.065
2006,4,6,12,0,9.398,0.0183333333333333
2006,4,6,18,0,1.102,0.496666666666667
2006,4,7,0,0,-0.426,0.761666666666667
2006,4,7,6,0,4.657,0.186666666666667
2006,4,7,12,0,9.37,0.0216666666666667
2006,4,7,18,0,2.657,0.395
2006,4,8,0,0.1016,0.843,0.688333333333333
2006,4,8,6,0,5.87,0.106666666666667
2006,4,8,12,5.6642,6.546,0.04
2006,4,8,18,6.0198,2.065,0.21
2006,4,9,0,7.8994,1.787,0.218333333333333
2006,4,9,6,3.302,3.398,0.136666666666667
2006,4,9,12,3.5306,5.944,0.0666666666666667
2006,4,9,18,2.3876,2.944,0.146666666666667
2006,4,10,0,1.9812,1.741,0.23
2006,4,10,6,0.3556,4.213,0.123333333333333
2006,4,10,12,0.4064,7.991,0.0333333333333333
2006,4,10,18,0.2286,1.315,0.44
2006,4,11,0,0.2032,-1.269,0.873333333333333
2006,4,11,6,0,3.435,0.253333333333333
2006,4,11,12,0.3302,7.38,0.0483333333333333
2006,4,11,18,0.254,1.5,0.423333333333333
2006,4,12,0,2.7178,1.667,0.308333333333333
2006,4,12,6,3.175,3.343,0.15
2006,4,12,12,0.889,3.63,0.171666666666667
2006,4,12,18,0.381,1.306,0.325
2006,4,13,0,0,-0.417,0.663333333333333
2006,4,13,6,0.4826,0.38,0.536666666666667
2006,4,13,12,5.3086,1.491,0.331666666666667
2006,4,13,18,6.5532,0.694,0.425
2006,4,14,0,0.6096,0.944,0.348333333333333
2006,4,14,6,14.1224,1.343,0.303333333333333
2006,4,14,12,7.112,0.907,0.516666666666667
2006,4,14,18,3.9116,-2.296,0.978333333333333
2006,4,15,0,0.9906,-3.509,1
2006,4,15,6,0.4826,-0.954,0.805
2006,4,15,12,9.4742,3.787,0.191666666666667
2006,4,15,18,1.9558,-0.852,0.818333333333333
2006,4,16,0,0.254,-2.361,0.99
2006,4,16,6,0.1016,-0.167,0.703333333333333
2006,4,16,12,0,4.259,0.171666666666667
2006,4,16,18,0.2286,-0.083,0.708333333333333
2006,4,17,0,0,-2.157,0.986666666666667
2006,4,17,6,0,1.472,0.403333333333333
2006,4,17,12,0,5.5,0.09
2006,4,17,18,0,0.009,0.638333333333333
2006,4,18,0,0,-1.38,0.863333333333333
2006,4,18,6,0,3.657,0.178333333333333
2006,4,18,12,0,7.074,0.07
2006,4,18,18,0,2.648,0.338333333333333
2006,4,19,0,0,3.185,0.268333333333333
2006,4,19,6,0.1016,5.269,0.12
2006,4,19,12,0.2794,7.824,0.0366666666666667
2006,4,19,18,0.4572,3,0.215
2006,4,20,0,0.127,2.194,0.275
2006,4,20,6,0,5.222,0.09
2006,4,20,12,1.3462,8.037,0.0133333333333333
2006,4,20,18,4.7752,2.824,0.188333333333333
2006,4,21,0,5.5118,0.63,0.438333333333333
2006,4,21,6,3.937,3.546,0.218333333333333
2006,4,21,12,0.0254,7.648,0.0416666666666667
2006,4,21,18,0,1.083,0.516666666666667
2006,4,22,0,0,-3.593,1
2006,4,22,6,0,4.62,0.271666666666667
2006,4,22,12,0,13.75,0.0133333333333333
2006,4,22,18,0,4.722,0.281666666666667
2006,4,23,0,0,-1.398,0.98
2006,4,23,6,0,8.296,0.141666666666667
2006,4,23,12,0,16.972,0.00333333333333333
2006,4,23,18,0,6.102,0.17
2006,4,24,0,0,1.009,0.835
2006,4,24,6,0,8.657,0.113333333333333
2006,4,24,12,0,14.917,0.00166666666666667
2006,4,24,18,0,4.231,0.361666666666667
2006,4,25,0,0,1.75,0.573333333333333
2006,4,25,6,0,5.593,0.146666666666667
2006,4,25,12,0,9.741,0.0116666666666667
2006,4,25,18,0,3.463,0.211666666666667
2006,4,26,0,0,1.694,0.316666666666667
2006,4,26,6,0.2794,5.037,0.075
2006,4,26,12,0.7112,5.833,0.0483333333333333
2006,4,26,18,0.1016,3.62,0.118333333333333
2006,4,27,0,0,2.62,0.151666666666667
2006,4,27,6,0,6.657,0.06
2006,4,27,12,0,9.787,0.0116666666666667
2006,4,27,18,0,4.759,0.11
2006,4,28,0,0,3.38,0.156666666666667
2006,4,28,6,0,8.713,0.045
2006,4,28,12,0,12.222,0.00666666666666667
2006,4,28,18,0,4.63,0.146666666666667
2006,4,29,0,0.1016,2.352,0.248333333333333
2006,4,29,6,0.3048,6.713,0.0283333333333333
2006,4,29,12,22.1742,6.472,0.025
2006,4,29,18,0,2.426,0.2
2006,4,30,0,0,-0.685,0.703333333333333
2006,4,30,6,0,2.324,0.331666666666667
2006,4,30,12,0,6.269,0.06
2006,4,30,18,0,-0.398,0.746666666666667
2006,5,1,0,0,-2.546,1
2006,5,1,6,0.5842,-0.065,0.651666666666667
2006,5,1,12,0.0254,9.213,0.015
2006,5,1,18,0,1.972,0.49
2006,5,2,0,0,-3.648,0.998333333333333
2006,5,2,6,0,5.528,0.2
2006,5,2,12,0,12.917,0.00833333333333333
2006,5,2,18,0,1.843,0.558333333333333
2006,5,3,0,0,-1.343,0.963333333333333
2006,5,3,6,0,7.343,0.12
2006,5,3,12,0,15.426,0.00333333333333333
2006,5,3,18,0,6.167,0.141666666666667
2006,5,4,0,0,2.028,0.645
2006,5,4,6,0,9.537,0.0533333333333333
2006,5,4,12,0,15.426,0
2006,5,4,18,0,7.519,0.0716666666666667
2006,5,5,0,0,4.528,0.141666666666667
2006,5,5,6,0,9.509,0.0283333333333333
2006,5,5,12,0,11.963,0.01
2006,5,5,18,0,5.806,0.0833333333333333
2006,5,6,0,0,2.065,0.268333333333333
2006,5,6,6,2.413,4.685,0.0883333333333333
2006,5,6,12,0.1778,7.278,0.0233333333333333
2006,5,6,18,5.1054,4.861,0.0683333333333333
2006,5,7,0,7.5438,3.898,0.0916666666666667
2006,5,7,6,2.6924,3.898,0.101666666666667
2006,5,7,12,2.032,5.833,0.06
2006,5,7,18,0.2286,3.528,0.133333333333333
2006,5,8,0,1.5494,0.472,0.503333333333333
2006,5,8,6,0,3.565,0.235
2006,5,8,12,0,8.63,0.0183333333333333
2006,5,8,18,0,2.75,0.391666666666667
2006,5,9,0,0,-2.157,0.951666666666667
2006,5,9,6,0,6.12,0.0983333333333333
2006,5,9,12,0,12.157,0.00333333333333333
2006,5,9,18,0,2.981,0.43
2006,5,10,0,0,0.398,0.743333333333333
2006,5,10,6,0,7.019,0.08
2006,5,10,12,0,10.481,0.0116666666666667
2006,5,10,18,0,4.157,0.345
2006,5,11,0,0,1.889,0.623333333333333
2006,5,11,6,0,7.389,0.0366666666666667
2006,5,11,12,0,8.065,0.0216666666666667
2006,5,11,18,0,3.519,0.138333333333333
2006,5,12,0,0,-0.352,0.673333333333333
2006,5,12,6,0,4.769,0.13
2006,5,12,12,0,9.833,0.0133333333333333
2006,5,12,18,0,1.472,0.53
2006,5,13,0,0,-1.389,0.941666666666667
2006,5,13,6,0,7.148,0.118333333333333
2006,5,13,12,0,14.648,0.00666666666666667
2006,5,13,18,0,2.074,0.613333333333333
2006,5,14,0,0,0.444,0.818333333333333
2006,5,14,6,0,10.537,0.04
2006,5,14,12,0,20.778,0
2006,5,14,18,0,8.102,0.138333333333333
2006,5,15,0,0,4.593,0.248333333333333
2006,5,15,6,0,15.269,0.01
2006,5,15,12,0,22.556,0
2006,5,15,18,0,10.898,0.0333333333333333
2006,5,16,0,0,7.944,0.0616666666666667
2006,5,16,6,0,17.481,0.00166666666666667
2006,5,16,12,0,21.019,0
2006,5,16,18,0,10.676,0.0166666666666667
2006,5,17,0,0,6.574,0.0533333333333333
2006,5,17,6,0,13.694,0.00833333333333333
2006,5,17,12,0,19.972,0
2006,5,17,18,0,9.907,0.0233333333333333
2006,5,18,0,0,5.556,0.0766666666666667
2006,5,18,6,0,12.935,0.00666666666666667
2006,5,18,12,0,16.5,0
2006,5,18,18,0,9.157,0.02
2006,5,19,0,0,6.037,0.0616666666666667
2006,5,19,6,0.127,10.861,0.00833333333333333
2006,5,19,12,0.1778,12.352,0.00166666666666667
2006,5,19,18,0.4318,8.148,0.0233333333333333
2006,5,20,0,1.27,6.398,0.0433333333333333
2006,5,20,6,1.6002,7.87,0.025
2006,5,20,12,0,12.472,0
2006,5,20,18,0.0508,7.324,0.0216666666666667
2006,5,21,0,0.0254,4.583,0.07
2006,5,21,6,0,9.796,0.0183333333333333
2006,5,21,12,0.7112,12.75,0.00166666666666667
2006,5,21,18,5.4102,7.056,0.0566666666666667
2006,5,22,0,0.2032,6.361,0.065
2006,5,22,6,1.8542,9.602,0.0133333333333333
2006,5,22,12,12.7508,10.296,0.00833333333333333
2006,5,22,18,0.381,5.824,0.0683333333333333
2006,5,23,0,0.0762,5.426,0.0816666666666667
2006,5,23,6,1.9812,9.463,0.0216666666666667
2006,5,23,12,4.6482,10.833,0.01
2006,5,23,18,0.2794,6.963,0.0483333333333333
2006,5,24,0,2.1336,5.704,0.065
2006,5,24,6,1.778,9.657,0.0166666666666667
2006,5,24,12,1.2446,9.981,0.01
2006,5,24,18,2.5654,6.102,0.0433333333333333
2006,5,25,0,0.3048,4.324,0.0833333333333333
2006,5,25,6,0.3048,6.657,0.0416666666666667
2006,5,25,12,4.4958,8.556,0.02
2006,5,25,18,1.651,5.343,0.065
2006,5,26,0,0.508,4.148,0.085
2006,5,26,6,0.3048,5.926,0.05
2006,5,26,12,2.794,7.815,0.0216666666666667
2006,5,26,18,2.8448,4.87,0.0733333333333333
2006,5,27,0,1.3716,4.12,0.0883333333333333
2006,5,27,6,4.7752,6.157,0.05
2006,5,27,12,5.6388,8.5,0.0216666666666667
2006,5,27,18,0.1778,5.667,0.0566666666666667
2006,5,28,0,2.0066,5.019,0.065
2006,5,28,6,2.1082,8.574,0.0166666666666667
2006,5,28,12,2.3876,10.435,0.01
2006,5,28,18,0.9398,6.806,0.04
2006,5,29,0,1.9812,4.954,0.0683333333333333
2006,5,29,6,0.381,8.611,0.0216666666666667
2006,5,29,12,0.0254,13.87,0.00333333333333333
2006,5,29,18,0.254,7.287,0.0566666666666667
2006,5,30,0,0.3048,2.657,0.226666666666667
2006,5,30,6,0,11.741,0.0183333333333333
2006,5,30,12,0,17.787,0
2006,5,30,18,0,7.926,0.085
2006,5,31,0,0,5.926,0.0966666666666667
2006,5,31,6,0,13.546,0.00666666666666667
2006,5,31,12,0.5842,16.278,0
2006,5,31,18,4.6482,11.25,0.00833333333333333
2006,6,1,0,0.7366,8.565,0.01
2006,6,1,6,0.4318,12.657,0.00333333333333333
2006,6,1,12,7.5438,14.472,0
2006,6,1,18,3.4544,10.472,0.00833333333333333
2006,6,2,0,2.032,9.093,0.0166666666666667
2006,6,2,6,1.9304,12.713,0.00333333333333333
2006,6,2,12,8.2804,13.759,0
2006,6,2,18,3.1496,8.491,0.00833333333333333
2006,6,3,0,0.6096,6.065,0.0183333333333333
2006,6,3,6,0,9.565,0.00666666666666667
2006,6,3,12,0,12.917,0
2006,6,3,18,0.0508,8.972,0.0116666666666667
2006,6,4,0,6.4008,7.204,0.0183333333333333
2006,6,4,6,5.4356,10.056,0.005
2006,6,4,12,4.4958,11.065,0.00166666666666667
2006,6,4,18,2.5908,7.111,0.0183333333333333
2006,6,5,0,1.0668,7.407,0.0183333333333333
2006,6,5,6,0.508,10.991,0.00666666666666667
2006,6,5,12,0,15.139,0
2006,6,5,18,0.0762,8.213,0.0316666666666667
2006,6,6,0,0.1016,5.324,0.06
2006,6,6,6,0,10.787,0.00666666666666667
2006,6,6,12,0,15.241,0
2006,6,6,18,0,8.444,0.0183333333333333
2006,6,7,0,0,5.648,0.045
2006,6,7,6,0,9.917,0.01
2006,6,7,12,0,14.444,0
2006,6,7,18,0,9.176,0.015
2006,6,8,0,0.1524,6.787,0.02
2006,6,8,6,6.35,8.741,0.0116666666666667
2006,6,8,12,11.6078,9.074,0.01
2006,6,8,18,1.2192,7.611,0.0183333333333333
2006,6,9,0,0.5334,7.519,0.02
2006,6,9,6,0.0762,9.352,0.015
2006,6,9,12,0,12.843,0.005
2006,6,9,18,0.1524,9.009,0.0116666666666667
2006,6,10,0,0.0254,7.731,0.0133333333333333
2006,6,10,6,0.127,10.852,0.00833333333333333
2006,6,10,12,0.3556,15.417,0
2006,6,10,18,0,10.259,0.0116666666666667
2006,6,11,0,0,8.111,0.02
2006,6,11,6,0,13.454,0.005
2006,6,11,12,3.2766,16.361,0
2006,6,11,18,0,10.028,0.0166666666666667
2006,6,12,0,0,7.454,0.0316666666666667
2006,6,12,6,0,12.546,0.005
2006,6,12,12,0.6604,15.833,0
2006,6,12,18,3.81,10.852,0.00666666666666667
2006,6,13,0,2.1844,7.657,0.0166666666666667
2006,6,13,6,1.778,11.657,0.00333333333333333
2006,6,13,12,0.3048,13.546,0
2006,6,13,18,0.508,9.194,0.01
2006,6,14,0,1.905,7.861,0.01
2006,6,14,6,0.5842,10.204,0.01
2006,6,14,12,0.254,12.046,0.00333333333333333
2006,6,14,18,0.3048,8.454,0.0183333333333333
2006,6,15,0,0.3556,6.593,0.03
2006,6,15,6,0.0254,10.676,0.00833333333333333
2006,6,15,12,0,13.537,0
2006,6,15,18,0,9.435,0.015
2006,6,16,0,0,8.074,0.0183333333333333
2006,6,16,6,0,11.185,0.005
2006,6,16,12,0.1778,12.167,0.00333333333333333
2006,6,16,18,0.0762,8.722,0.015
2006,6,17,0,0,7.074,0.02
2006,6,17,6,0,9.435,0.0116666666666667
2006,6,17,12,0,12.444,0
2006,6,17,18,0,8.63,0.0166666666666667
2006,6,18,0,0,5.759,0.0316666666666667
2006,6,18,6,0,9.722,0.0133333333333333
2006,6,18,12,0,12.074,0
2006,6,18,18,0,8.222,0.0183333333333333
2006,6,19,0,0,5.889,0.0483333333333333
2006,6,19,6,0,10.259,0.00833333333333333
2006,6,19,12,0,12.889,0
2006,6,19,18,0,7.917,0.0283333333333333
2006,6,20,0,0,4.574,0.065
2006,6,20,6,0,9.676,0.01
2006,6,20,12,0,13.806,0
2006,6,20,18,0,7.713,0.02
2006,6,21,0,0,3.843,0.0683333333333333
2006,6,21,6,0,9.806,0.01
2006,6,21,12,0,14.185,0
2006,6,21,18,0,6.75,0.0533333333333333
2006,6,22,0,0,3.185,0.111666666666667
2006,6,22,6,0,10.815,0.0116666666666667
2006,6,22,12,0,16.269,0
2006,6,22,18,0,9.139,0.025
2006,6,23,0,0,3.25,0.158333333333333
2006,6,23,6,0,11.963,0.0116666666666667
2006,6,23,12,0,19.204,0
2006,6,23,18,0,9.315,0.05
2006,6,24,0,0,4.787,0.128333333333333
2006,6,24,6,0,15.806,0.005
2006,6,24,12,0,22.944,0
2006,6,24,18,0,12.528,0.0133333333333333
2006,6,25,0,0,8.213,0.0516666666666667
2006,6,25,6,0,18.787,0.00166666666666667
2006,6,25,12,0,24.731,0
2006,6,25,18,0,14.935,0.005
2006,6,26,0,0,10.361,0.0216666666666667
2006,6,26,6,0,18.352,0.00166666666666667
2006,6,26,12,0,22.361,0
2006,6,26,18,0,13.981,0.00833333333333333
2006,6,27,0,0,8.352,0.0633333333333333
2006,6,27,6,0,16.37,0.00166666666666667
2006,6,27,12,0,18.287,0
2006,6,27,18,0,9.796,0.01
2006,6,28,0,0,5.056,0.0566666666666667
2006,6,28,6,0,12.37,0.00333333333333333
2006,6,28,12,0,18.444,0
2006,6,28,18,0,8.259,0.045
2006,6,29,0,0,3.796,0.173333333333333
2006,6,29,6,0,12.583,0.01
2006,6,29,12,0,20.259,0
2006,6,29,18,0,9.185,0.0333333333333333
2006,6,30,0,0,5.796,0.075
2006,6,30,6,0,14.907,0.00333333333333333
2006,6,30,12,0,21.509,0
2006,6,30,18,0,12.213,0.00833333333333333
2006,7,1,0,0,7.713,0.0183333333333333
2006,7,1,6,0,15.861,0.00166666666666667
2006,7,1,12,0,22.157,0
2006,7,1,18,0,12.028,0.00833333333333333
2006,7,2,0,0,7.519,0.0283333333333333
2006,7,2,6,0,16.139,0.00333333333333333
2006,7,2,12,0,21.991,0
2006,7,2,18,0,13.343,0.005
2006,7,3,0,0,8.75,0.02
2006,7,3,6,0,16.102,0.00333333333333333
2006,7,3,12,0,21.194,0
2006,7,3,18,0,13.194,0.005
2006,7,4,0,0,8.898,0.015
2006,7,4,6,0.0508,14.028,0.00333333333333333
2006,7,4,12,0,17.963,0
2006,7,4,18,0,12.907,0.00333333333333333
2006,7,5,0,0,8.759,0.01
2006,7,5,6,0,12.963,0.00166666666666667
2006,7,5,12,0,15.509,0
2006,7,5,18,0,10.472,0.00833333333333333
2006,7,6,0,0,7.287,0.01
2006,7,6,6,0,10.843,0.00833333333333333
2006,7,6,12,0,15.231,0
2006,7,6,18,0,9.843,0.0133333333333333
2006,7,7,0,0,6.657,0.025
2006,7,7,6,0,11.426,0.00833333333333333
2006,7,7,12,0,19.009,0
2006,7,7,18,0,11.852,0.0183333333333333
2006,7,8,0,0,6.824,0.0583333333333333
2006,7,8,6,0,15.713,0.00333333333333333
2006,7,8,12,0,20.537,0
2006,7,8,18,0,13.019,0.00833333333333333
2006,7,9,0,0,10.065,0.015
2006,7,9,6,0,14.704,0
2006,7,9,12,0.0254,16.991,0
2006,7,9,18,0,13.037,0
2006,7,10,0,0,10.963,0.00166666666666667
2006,7,10,6,0,13.037,0
2006,7,10,12,0,15.75,0
2006,7,10,18,0,10.824,0.00666666666666667
2006,7,11,0,0,8.898,0.01
2006,7,11,6,0,12.204,0.005
2006,7,11,12,0,14.843,0
2006,7,11,18,0,11.25,0.00833333333333333
2006,7,12,0,0,9.75,0.01
2006,7,12,6,4.191,11.287,0.00166666666666667
2006,7,12,12,11.7856,10.981,0.00166666666666667
2006,7,12,18,1.9558,9.639,0.00833333333333333
2006,7,13,0,0.3556,9.528,0.00833333333333333
2006,7,13,6,0.381,12.241,0
2006,7,13,12,0.0254,15.639,0
2006,7,13,18,3.81,12.426,0.00333333333333333
2006,7,14,0,0.381,10.037,0.01
2006,7,14,6,0,13.944,0
2006,7,14,12,0,17.389,0
2006,7,14,18,0,12.778,0.00333333333333333
2006,7,15,0,0,9.574,0.00833333333333333
2006,7,15,6,0,15.176,0
2006,7,15,12,0,19.537,0
2006,7,15,18,0,13.065,0.00333333333333333
2006,7,16,0,0,7.778,0.0133333333333333
2006,7,16,6,0,14.213,0.00166666666666667
2006,7,16,12,0,18.25,0
2006,7,16,18,0,11.611,0.00333333333333333
2006,7,17,0,0,7.417,0.0116666666666667
2006,7,17,6,0,12.889,0.00166666666666667
2006,7,17,12,0,17.352,0
2006,7,17,18,0,11.852,0.00333333333333333
2006,7,18,0,0,8.157,0.01
2006,7,18,6,0,12.454,0.00166666666666667
2006,7,18,12,0,17.093,0
2006,7,18,18,0,10.676,0.00833333333333333
2006,7,19,0,0,7.185,0.0183333333333333
2006,7,19,6,0,14.722,0.00333333333333333
2006,7,19,12,0,21.843,0
2006,7,19,18,0,13.898,0.00333333333333333
2006,7,20,0,0,9.148,0.0116666666666667
2006,7,20,6,0,18.083,0
2006,7,20,12,0,27.454,0
2006,7,20,18,0,18.398,0.00333333333333333
2006,7,21,0,0,13.398,0.00833333333333333
2006,7,21,6,0,22.778,0
2006,7,21,12,0,29.074,0
2006,7,21,18,0,20.611,0
2006,7,22,0,0,16.102,0
2006,7,22,6,0,24.667,0
2006,7,22,12,0,27.222,0
2006,7,22,18,0,19.472,0
2006,7,23,0,0,14.991,0
2006,7,23,6,0,22.333,0
2006,7,23,12,0,25.954,0
2006,7,23,18,0,18.028,0
2006,7,24,0,0,14.12,0
2006,7,24,6,0,18.926,0
2006,7,24,12,0,23.213,0
2006,7,24,18,0,16.287,0
2006,7,25,0,0,11.972,0
2006,7,25,6,0,18.093,0
2006,7,25,12,0,21.935,0
2006,7,25,18,0,14.657,0
2006,7,26,0,0,10.509,0
2006,7,26,6,0,16.667,0
2006,7,26,12,0,21.435,0
2006,7,26,18,0,15.333,0
2006,7,27,0,0,11.769,0
2006,7,27,6,0,16.269,0
2006,7,27,12,0,18.426,0
2006,7,27,18,0,11.824,0.00166666666666667
2006,7,28,0,0,9.398,0.00833333333333333
2006,7,28,6,0,12.833,0
2006,7,28,12,0,15.426,0
2006,7,28,18,0,11.231,0
2006,7,29,0,0,9.602,0
2006,7,29,6,0,11.889,0
2006,7,29,12,0,14.537,0
2006,7,29,18,0,10.556,0.005
2006,7,30,0,0.3048,9.694,0.01
2006,7,30,6,5.5626,11.231,0.00333333333333333
2006,7,30,12,0.3302,14.111,0
2006,7,30,18,0,10.287,0.005
2006,7,31,0,0,7.028,0.01
2006,7,31,6,0,12.306,0.00166666666666667
2006,7,31,12,0,16.824,0
2006,7,31,18,0,10.546,0.00666666666666667
2006,8,1,0,0,7.88,0.01
2006,8,1,6,0,13.472,0.00166666666666667
2006,8,1,12,0,17.574,0
2006,8,1,18,0,11.333,0.005
2006,8,2,0,0,7.88,0.0116666666666667
2006,8,2,6,0,13.361,0.00166666666666667
2006,8,2,12,0,18.389,0
2006,8,2,18,0,11.028,0.00833333333333333
2006,8,3,0,0,7.176,0.02
2006,8,3,6,0,13.269,0.00333333333333333
2006,8,3,12,0,19.12,0
2006,8,3,18,0,11.167,0.005
2006,8,4,0,0,7.491,0.0133333333333333
2006,8,4,6,0,13.972,0.00166666666666667
2006,8,4,12,0,20.731,0
2006,8,4,18,0,10.722,0.00833333333333333
2006,8,5,0,0,6.62,0.025
2006,8,5,6,0,14.935,0.00333333333333333
2006,8,5,12,0,23.185,0
2006,8,5,18,0,12.769,0.00333333333333333
2006,8,6,0,0,8.259,0.0166666666666667
2006,8,6,6,0,16.407,0
2006,8,6,12,0,23.009,0
2006,8,6,18,0,12.935,0.00333333333333333
2006,8,7,0,0,8.88,0.0116666666666667
2006,8,7,6,0,15.287,0
2006,8,7,12,0,19.713,0
2006,8,7,18,0,12.167,0.005
2006,8,8,0,0,9.241,0.01
2006,8,8,6,0,14.306,0
2006,8,8,12,0,17.139,0
2006,8,8,18,1.016,12.435,0
2006,8,9,0,0.3556,11.343,0
2006,8,9,6,0.5334,13.426,0
2006,8,9,12,0.2286,15.63,0
2006,8,9,18,0,11.796,0.00333333333333333
2006,8,10,0,0.127,10.741,0.00166666666666667
2006,8,10,6,6.5786,11.778,0
2006,8,10,12,0.4064,13.685,0
2006,8,10,18,0.0254,10.981,0.005
2006,8,11,0,0,9.37,0.01
2006,8,11,6,0,12.417,0.00333333333333333
2006,8,11,12,0,16.25,0
2006,8,11,18,0,10.806,0.00666666666666667
2006,8,12,0,0,8.037,0.01
2006,8,12,6,0,14.009,0.00166666666666667
2006,8,12,12,0,19.824,0
2006,8,12,18,0,11.398,0.005
2006,8,13,0,0,7.593,0.0133333333333333
2006,8,13,6,0,15.231,0.00166666666666667
2006,8,13,12,0,21.343,0
2006,8,13,18,0,12.481,0.00333333333333333
2006,8,14,0,0,8.37,0.0166666666666667
2006,8,14,6,0,15.657,0
2006,8,14,12,0,19.472,0
2006,8,14,18,0,12.37,0.00166666666666667
2006,8,15,0,0,9.046,0.01
2006,8,15,6,0,14.287,0
2006,8,15,12,0,18.444,0
2006,8,15,18,0,10.787,0.005
2006,8,16,0,0,8.306,0.01
2006,8,16,6,0,12.454,0.00166666666666667
2006,8,16,12,0,18.157,0
2006,8,16,18,0,11.333,0.00333333333333333
2006,8,17,0,0,8.12,0.01
2006,8,17,6,0,12.843,0.00333333333333333
2006,8,17,12,0,20.176,0
2006,8,17,18,0,11.259,0.00833333333333333
2006,8,18,0,0,7.639,0.0183333333333333
2006,8,18,6,0,15.741,0.00333333333333333
2006,8,18,12,0,22.676,0
2006,8,18,18,0,12.315,0.005
2006,8,19,0,0,8.009,0.0233333333333333
2006,8,19,6,0,17.306,0.00166666666666667
2006,8,19,12,0,24.787,0
2006,8,19,18,0,13.204,0.00333333333333333
2006,8,20,0,0,8.648,0.0133333333333333
2006,8,20,6,0,17.593,0
2006,8,20,12,0,24.583,0
2006,8,20,18,0,14.037,0.00333333333333333
2006,8,21,0,0,9.454,0.0183333333333333
2006,8,21,6,0,16.231,0.00166666666666667
2006,8,21,12,0,20.028,0
2006,8,21,18,0,11.583,0.00666666666666667
2006,8,22,0,0,8.991,0.015
2006,8,22,6,0,13.176,0.00333333333333333
2006,8,22,12,0,16.204,0
2006,8,22,18,0,10.787,0.00666666666666667
2006,8,23,0,0,8.602,0.01
2006,8,23,6,0,13.296,0.00166666666666667
2006,8,23,12,0,16.667,0
2006,8,23,18,0,11.565,0
2006,8,24,0,0,9.694,0.00666666666666667
2006,8,24,6,0,14.435,0
2006,8,24,12,0,20.083,0
2006,8,24,18,0,10.713,0.00333333333333333
2006,8,25,0,0,8.269,0.01
2006,8,25,6,0,14.843,0.00166666666666667
2006,8,25,12,0,22.88,0
2006,8,25,18,0,11.62,0.005
2006,8,26,0,0,8.676,0.01
2006,8,26,6,0,17.944,0
2006,8,26,12,0,24.546,0
2006,8,26,18,0,13.741,0.00166666666666667
2006,8,27,0,0,9.481,0.01
2006,8,27,6,0,17.87,0
2006,8,27,12,0,24.435,0
2006,8,27,18,0,13.519,0.005
2006,8,28,0,0,10.093,0.0183333333333333
2006,8,28,6,0,16.981,0
2006,8,28,12,0,20.37,0
2006,8,28,18,0,12.981,0.00333333333333333
2006,8,29,0,0,9.824,0.01
2006,8,29,6,0,11.926,0.00333333333333333
2006,8,29,12,0,13.519,0
2006,8,29,18,0.1778,9.694,0.01
2006,8,30,0,11.811,8.935,0.015
2006,8,30,6,1.0668,11.046,0.00666666666666667
2006,8,30,12,0,14.713,0
2006,8,30,18,0.635,8.926,0.01
2006,8,31,0,1.1684,6.676,0.0216666666666667
2006,8,31,6,0,12.278,0.005
2006,8,31,12,0,20.204,0
2006,8,31,18,0,8.12,0.0366666666666667
2006,9,1,0,0,6.898,0.045
2006,9,1,6,0,14.009,0.00833333333333333
2006,9,1,12,0,23.917,0
2006,9,1,18,0,9.861,0.03
2006,9,2,0,0,7.028,0.0766666666666667
2006,9,2,6,0,14.861,0.0116666666666667
2006,9,2,12,0,23.796,0
2006,9,2,18,0,10.315,0.02
2006,9,3,0,0,8,0.045
2006,9,3,6,0,15.25,0.005
2006,9,3,12,0,22.25,0
2006,9,3,18,0,10.593,0.0183333333333333
2006,9,4,0,0,8.25,0.0383333333333333
2006,9,4,6,0,15.139,0.00333333333333333
2006,9,4,12,0,21.167,0
2006,9,4,18,0,9.463,0.0166666666666667
2006,9,5,0,0,7.046,0.0333333333333333
2006,9,5,6,0,13.028,0.00833333333333333
2006,9,5,12,0,20.898,0
2006,9,5,18,0,9.898,0.0116666666666667
2006,9,6,0,0,7.528,0.0233333333333333
2006,9,6,6,0,12.648,0.00833333333333333
2006,9,6,12,0,18.944,0
2006,9,6,18,0,8.824,0.0183333333333333
2006,9,7,0,0,6.574,0.0366666666666667
2006,9,7,6,0,11.88,0.00666666666666667
2006,9,7,12,0,18.167,0
2006,9,7,18,0,8.852,0.0116666666666667
2006,9,8,0,0.0508,6.528,0.02
2006,9,8,6,0,11.565,0.005
2006,9,8,12,0,16.148,0
2006,9,8,18,0.635,10.435,0.00833333333333333
2006,9,9,0,5.4356,9.074,0.01
2006,9,9,6,1.778,12.491,0.00166666666666667
2006,9,9,12,0,15.463,0
2006,9,9,18,0.0762,9.074,0.00833333333333333
2006,9,10,0,0.4318,7.407,0.0166666666666667
2006,9,10,6,0,12.056,0.005
2006,9,10,12,0,17.787,0
2006,9,10,18,0,8.148,0.0183333333333333
2006,9,11,0,0,5.787,0.0516666666666667
2006,9,11,6,0,12.491,0.00666666666666667
2006,9,11,12,0,18.972,0
2006,9,11,18,0,10.907,0.0116666666666667
2006,9,12,0,0,8.824,0.02
2006,9,12,6,0,12.435,0.00666666666666667
2006,9,12,12,0,16.806,0
2006,9,12,18,0,9.417,0.00833333333333333
2006,9,13,0,0.0762,7.213,0.0166666666666667
2006,9,13,6,0.0254,8.824,0.0116666666666667
2006,9,13,12,0.508,11.287,0.005
2006,9,13,18,2.0574,7.231,0.0183333333333333
2006,9,14,0,3.2004,6.565,0.025
2006,9,14,6,0.4826,6.889,0.0216666666666667
2006,9,14,12,1.4986,8.056,0.0116666666666667
2006,9,14,18,0.5842,6.083,0.0283333333333333
2006,9,15,0,1.7272,6.528,0.0233333333333333
2006,9,15,6,0,8.398,0.0133333333333333
2006,9,15,12,0,11.278,0.00666666666666667
2006,9,15,18,0,3.583,0.09
2006,9,16,0,0.0254,2.093,0.185
2006,9,16,6,0,7.139,0.0233333333333333
2006,9,16,12,0,10.565,0.00833333333333333
2006,9,16,18,0.1778,4.148,0.08
2006,9,17,0,0.1524,4.62,0.06
2006,9,17,6,0.3556,8.611,0.0133333333333333
2006,9,17,12,0.5334,11.722,0.00333333333333333
2006,9,17,18,0.0508,10.972,0.00833333333333333
2006,9,18,0,10.7442,7.88,0.01
2006,9,18,6,8.2296,9.426,0.01
2006,9,18,12,0.635,12.889,0
2006,9,18,18,8.9408,8.843,0.01
2006,9,19,0,4.4704,7.833,0.0116666666666667
2006,9,19,6,0.381,9.435,0.00833333333333333
2006,9,19,12,0,11.981,0
2006,9,19,18,0.7366,7.028,0.02
2006,9,20,0,0.8636,6.324,0.025
2006,9,20,6,4.064,8.417,0.0116666666666667
2006,9,20,12,13.081,8.398,0.0116666666666667
2006,9,20,18,1.016,8.62,0.01
2006,9,21,0,1.3208,8.704,0.01
2006,9,21,6,0.2286,8.324,0.0183333333333333
2006,9,21,12,0.0508,11.352,0.005
2006,9,21,18,1.27,6.222,0.03
2006,9,22,0,1.0414,4.463,0.0666666666666667
2006,9,22,6,0,7.954,0.02
2006,9,22,12,0,14.472,0
2006,9,22,18,0,6.5,0.035
2006,9,23,0,0,5.269,0.0316666666666667
2006,9,23,6,0,11.981,0.00333333333333333
2006,9,23,12,0,17.731,0
2006,9,23,18,0,8.944,0.00833333333333333
2006,9,24,0,0,6.019,0.0233333333333333
2006,9,24,6,0,11.676,0.00333333333333333
2006,9,24,12,0,18.593,0
2006,9,24,18,0,9.38,0.0133333333333333
2006,9,25,0,0,6.602,0.0433333333333333
2006,9,25,6,0,13.139,0.00333333333333333
2006,9,25,12,0,18.972,0
2006,9,25,18,0,10.213,0.00833333333333333
2006,9,26,0,0,7.954,0.0183333333333333
2006,9,26,6,0,13.907,0.00166666666666667
2006,9,26,12,0,20.009,0
2006,9,26,18,0,11.528,0.00666666666666667
2006,9,27,0,0,9.491,0.01
2006,9,27,6,0,14.009,0.00333333333333333
2006,9,27,12,0,18.694,0
2006,9,27,18,0,11,0.00666666666666667
2006,9,28,0,0,8.167,0.015
2006,9,28,6,0,12.806,0.00333333333333333
2006,9,28,12,0,17.806,0
2006,9,28,18,0,9.194,0.00666666666666667
2006,9,29,0,0,5.796,0.0266666666666667
2006,9,29,6,0,9.537,0.00833333333333333
2006,9,29,12,0,13.574,0
2006,9,29,18,0,7.602,0.0216666666666667
2006,9,30,0,0,5.657,0.0433333333333333
2006,9,30,6,0,8.694,0.0116666666666667
2006,9,30,12,0,11.5,0.00166666666666667
2006,9,30,18,0,6.12,0.0216666666666667
2006,10,1,0,0,4.583,0.045
2006,10,1,6,0,7.815,0.0216666666666667
2006,10,1,12,0,11.685,0.00166666666666667
2006,10,1,18,0,4.361,0.07
2006,10,2,0,0,1.787,0.263333333333333
2006,10,2,6,0,7.38,0.03
2006,10,2,12,0,11.407,0.00166666666666667
2006,10,2,18,0,3.454,0.09
2006,10,3,0,0,2.648,0.125
2006,10,3,6,0,7.722,0.0383333333333333
2006,10,3,12,0,14.972,0.00166666666666667
2006,10,3,18,0,4.769,0.0766666666666667
2006,10,4,0,0,3.63,0.116666666666667
2006,10,4,6,0,7.583,0.0566666666666667
2006,10,4,12,0,15.111,0
2006,10,4,18,0,5.213,0.07
2006,10,5,0,0,2.472,0.336666666666667
2006,10,5,6,0,7.843,0.0683333333333333
2006,10,5,12,0,12.389,0.00166666666666667
2006,10,5,18,0,5.204,0.0616666666666667
2006,10,6,0,0,5.157,0.055
2006,10,6,6,0.1016,8.972,0.00833333333333333
2006,10,6,12,0,11.713,0.00166666666666667
2006,10,6,18,0.3556,4.583,0.0666666666666667
2006,10,7,0,0.381,2.185,0.16
2006,10,7,6,0,5.648,0.085
2006,10,7,12,0,11.731,0.01
2006,10,7,18,0.7366,4.509,0.0833333333333333
2006,10,8,0,0.9906,2.694,0.12
2006,10,8,6,0.254,7.139,0.0283333333333333
2006,10,8,12,0,12.843,0.00166666666666667
2006,10,8,18,0.508,6.861,0.0466666666666667
2006,10,9,0,0.3556,1.019,0.713333333333333
2006,10,9,6,0,6.269,0.281666666666667
2006,10,9,12,0,14.519,0.00166666666666667
2006,10,9,18,0,3.537,0.505
2006,10,10,0,0,1.028,1
2006,10,10,6,0,7.361,0.273333333333333
2006,10,10,12,0,14.88,0.00166666666666667
2006,10,10,18,0,4.167,0.276666666666667
2006,10,11,0,0,0.815,0.781666666666667
2006,10,11,6,0,7.38,0.243333333333333
2006,10,11,12,0,15.935,0
2006,10,11,18,0,5.046,0.125
2006,10,12,0,0,2.426,0.531666666666667
2006,10,12,6,0,8.407,0.0933333333333333
2006,10,12,12,0,14.889,0
2006,10,12,18,0,4.843,0.14
2006,10,13,0,0,3.333,0.268333333333333
2006,10,13,6,0,6.093,0.198333333333333
2006,10,13,12,0,11.028,0.00166666666666667
2006,10,13,18,0,4.917,0.105
2006,10,14,0,0,3.12,0.24
2006,10,14,6,0,6.343,0.05
2006,10,14,12,0,9.083,0.01
2006,10,14,18,6.7564,6.167,0.0266666666666667
2006,10,15,0,5.2832,5.019,0.0383333333333333
2006,10,15,6,15.7734,6.815,0.02
2006,10,15,12,5.7912,8.574,0.01
2006,10,15,18,5.0546,6.407,0.025
2006,10,16,0,0.4064,5.583,0.035
2006,10,16,6,0,6.519,0.0283333333333333
2006,10,16,12,0,9.509,0.01
2006,10,16,18,0,6.657,0.0183333333333333
2006,10,17,0,0,4.815,0.0583333333333333
2006,10,17,6,0,4.565,0.116666666666667
2006,10,17,12,0,8.213,0.0166666666666667
2006,10,17,18,0,3.389,0.118333333333333
2006,10,18,0,0.5334,4.046,0.0683333333333333
2006,10,18,6,11.1252,7.102,0.0166666666666667
2006,10,18,12,0,7.583,0.0133333333333333
2006,10,18,18,0.6096,5.037,0.045
2006,10,19,0,2.3622,5.463,0.0333333333333333
2006,10,19,6,4.064,7.083,0.0166666666666667
2006,10,19,12,2.1082,9.778,0.01
2006,10,19,18,1.6764,5.306,0.035
2006,10,20,0,0.2286,3.667,0.0766666666666667
2006,10,20,6,0,5.667,0.1
2006,10,20,12,0,11.546,0.01
2006,10,20,18,0,3.38,0.263333333333333
2006,10,21,0,0,0.574,0.83
2006,10,21,6,0,4.806,0.365
2006,10,21,12,0,11.602,0.0116666666666667
2006,10,21,18,0,1.972,0.673333333333333
2006,10,22,0,0,-0.074,1
2006,10,22,6,0,4.148,0.46
2006,10,22,12,0,9.833,0.00833333333333333
2006,10,22,18,0,3.917,0.171666666666667
2006,10,23,0,0,0.685,0.643333333333333
2006,10,23,6,0,3.287,0.366666666666667
2006,10,23,12,0,7.528,0.0216666666666667
2006,10,23,18,0,1.25,0.46
2006,10,24,0,2.159,2.139,0.26
2006,10,24,6,2.6162,4.5,0.0433333333333333
2006,10,24,12,0.9144,5.148,0.0433333333333333
2006,10,24,18,0.3048,4.028,0.065
2006,10,25,0,0.2794,2.574,0.135
2006,10,25,6,0.1778,3.491,0.141666666666667
2006,10,25,12,0.7874,7.167,0.0383333333333333
2006,10,25,18,1.9558,5.296,0.0566666666666667
2006,10,26,0,1.524,5.509,0.055
2006,10,26,6,0,7.722,0.0316666666666667
2006,10,26,12,0.762,9.093,0.0233333333333333
2006,10,26,18,0.5334,6.583,0.0416666666666667
2006,10,27,0,0.3048,7.259,0.0316666666666667
2006,10,27,6,0.381,8.352,0.0216666666666667
2006,10,27,12,0.0508,10.065,0.01
2006,10,27,18,0,7.028,0.0216666666666667
2006,10,28,0,0,6.287,0.025
2006,10,28,6,0,6.463,0.0333333333333333
2006,10,28,12,0,8.509,0.0133333333333333
2006,10,28,18,0.1016,4.963,0.0466666666666667
2006,10,29,0,7.9502,2.833,0.111666666666667
2006,10,29,6,4.0132,1.954,0.193333333333333
2006,10,29,12,6.8072,2.528,0.273333333333333
2006,10,29,18,0.127,-0.38,0.958333333333333
2006,10,30,0,0,-3.38,1
2006,10,30,6,0,-2.426,0.986666666666667
2006,10,30,12,0,2.972,0.373333333333333
2006,10,30,18,0,-4.417,1
2006,10,31,0,0,-5.556,1
2006,10,31,6,0,-2.426,0.941666666666667
2006,10,31,12,0,3.519,0.296666666666667
2006,10,31,18,0,-3.046,1
2006,11,1,0,0,-3.833,1
2006,11,1,6,0,-0.944,0.981666666666667
2006,11,1,12,0,2.796,0.821666666666667
2006,11,1,18,0,-0.991,1
2006,11,2,0,0,-0.88,0.973333333333333
2006,11,2,6,8.8646,2.648,0.261666666666667
2006,11,2,12,15.2908,4.87,0.0666666666666667
2006,11,2,18,12.6238,4.361,0.075
2006,11,3,0,4.1402,4.417,0.08
2006,11,3,6,7.3406,5.917,0.0616666666666667
2006,11,3,12,10.6426,7.111,0.0466666666666667
2006,11,3,18,18.5166,5.657,0.0583333333333333
2006,11,4,0,3.6068,6.333,0.05
2006,11,4,6,10.8458,7.019,0.0433333333333333
2006,11,4,12,22.5552,8.157,0.0283333333333333
2006,11,4,18,3.6068,6.944,0.0433333333333333
2006,11,5,0,5.7404,6.083,0.05
2006,11,5,6,1.5748,6.352,0.055
2006,11,5,12,4.4958,8.102,0.0333333333333333
2006,11,5,18,29.7688,7.63,0.0266666666666667
2006,11,6,0,46.863,10.676,0.01
2006,11,6,6,75.5904,10.556,0.01
2006,11,6,12,22.6822,9.685,0.01
2006,11,6,18,5.6642,7.472,0.0216666666666667
2006,11,7,0,0.6096,7.648,0.02
2006,11,7,6,16.0528,7.537,0.02
2006,11,7,12,4.0894,6.509,0.0266666666666667
2006,11,7,18,2.032,4.509,0.0616666666666667
2006,11,8,0,0.8382,3.083,0.1
2006,11,8,6,0.6096,4.565,0.06
2006,11,8,12,0.1778,4.519,0.0666666666666667
2006,11,8,18,0.9144,0.88,0.441666666666667
2006,11,9,0,1.524,2.12,0.158333333333333
2006,11,9,6,0,2,0.181666666666667
2006,11,9,12,0.127,2.12,0.21
2006,11,9,18,0,0.037,0.711666666666667
2006,11,10,0,4.4958,1.019,0.37
2006,11,10,6,23.8506,2.593,0.161666666666667
2006,11,10,12,11.7094,3.657,0.0883333333333333
2006,11,10,18,4.2926,1.667,0.223333333333333
2006,11,11,0,2.4638,0.491,0.423333333333333
2006,11,11,6,5.8674,1.009,0.37
2006,11,11,12,4.445,2.407,0.193333333333333
2006,11,11,18,4.4958,0.704,0.348333333333333
2006,11,12,0,8.8138,0.972,0.295
2006,11,12,6,26.0096,2.111,0.153333333333333
2006,11,12,12,23.2156,3.417,0.0933333333333333
2006,11,12,18,21.844,2.917,0.116666666666667
2006,11,13,0,0.2794,2.167,0.156666666666667
2006,11,13,6,0.7112,0.343,0.518333333333333
2006,11,13,12,4.2418,2.111,0.188333333333333
2006,11,13,18,0.7366,1.491,0.243333333333333
2006,11,14,0,0,0.204,0.563333333333333
2006,11,14,6,0.6604,2.824,0.28
2006,11,14,12,0,5.157,0.09
2006,11,14,18,0.1524,1.685,0.27
2006,11,15,0,2.3114,2.398,0.216666666666667
2006,11,15,6,7.5692,5.12,0.0683333333333333
2006,11,15,12,16.8148,6.667,0.0533333333333333
2006,11,15,18,5.1054,3.537,0.128333333333333
2006,11,16,0,0,-0.065,0.616666666666667
2006,11,16,6,0,-0.074,0.695
2006,11,16,12,0,1.898,0.298333333333333
2006,11,16,18,0,0.315,0.56
2006,11,17,0,0.0762,1.13,0.33
2006,11,17,6,0.1524,1.861,0.238333333333333
2006,11,17,12,0.0762,3.481,0.106666666666667
2006,11,17,18,1.016,2.13,0.191666666666667
2006,11,18,0,2.6162,1.861,0.228333333333333
2006,11,18,6,0,2.602,0.181666666666667
2006,11,18,12,0,4.852,0.095
2006,11,18,18,0,2.602,0.32
2006,11,19,0,0.2794,4.556,0.13
2006,11,19,6,11.4046,5.37,0.06
2006,11,19,12,3.2766,4.972,0.055
2006,11,19,18,0.3048,1.361,0.268333333333333
2006,11,20,0,3.302,1.13,0.288333333333333
2006,11,20,6,1.4986,2.028,0.198333333333333
2006,11,20,12,6.6802,3.398,0.13
2006,11,20,18,4.6482,1.083,0.306666666666667
2006,11,21,0,18.6182,2.269,0.188333333333333
2006,11,21,6,9.4996,2.963,0.123333333333333
2006,11,21,12,3.1496,1.639,0.323333333333333
2006,11,21,18,1.0414,0.056,0.696666666666667
2006,11,22,0,2.4892,0.278,0.543333333333333
2006,11,22,6,3.1496,1.157,0.316666666666667
2006,11,22,12,6.7818,2.083,0.216666666666667
2006,11,22,18,4.6228,0.472,0.435
2006,11,23,0,3.7846,-0.38,0.693333333333333
2006,11,23,6,3.175,-0.185,0.695
2006,11,23,12,6.223,0.463,0.478333333333333
2006,11,23,18,6.0198,-1.565,0.98
2006,11,24,0,9.2202,-2.259,1
2006,11,24,6,6.7056,-2.343,1
2006,11,24,12,6.477,-1.352,0.98
2006,11,24,18,2.2098,-2.833,1
2006,11,25,0,3.8354,-4.13,1
2006,11,25,6,0.2286,-5.852,1
2006,11,25,12,0.4064,-5.815,1
2006,11,25,18,3.2766,-6.852,1
2006,11,26,0,3.3274,-6.787,1
2006,11,26,6,17.6276,-6.537,1
2006,11,26,12,25.7556,-6.296,1
2006,11,26,18,9.4488,-9.176,1
2006,11,27,0,1.143,-10.361,1
2006,11,27,6,0.9652,-10.926,1
2006,11,27,12,0.0254,-11.481,1
2006,11,27,18,0,-13.352,1
2006,11,28,0,0,-14.352,1
2006,11,28,6,0,-14.778,1
2006,11,28,12,0,-13.343,1
2006,11,28,18,0,-17.398,1
2006,11,29,0,0,-16.935,1
2006,11,29,6,0.1778,-11.778,1
2006,11,29,12,1.016,-7.472,1
2006,11,29,18,7.6708,-6.028,1
2006,11,30,0,4.5466,-4.852,1
2006,11,30,6,0.127,-5.463,1
2006,11,30,12,1.2192,-4.611,1
2006,11,30,18,0,-5.296,1
2006,12,1,0,0.3556,-3.833,1
2006,12,1,6,0.6604,-3.093,1
2006,12,1,12,0,-3.222,1
2006,12,1,18,0,-7.333,1
2006,12,2,0,0,-7.75,1
2006,12,2,6,0,-5.009,1
2006,12,2,12,0,-1.87,1
2006,12,2,18,0,-4.889,1
2006,12,3,0,0,-4.713,1
2006,12,3,6,0,-2.259,0.998333333333333
2006,12,3,12,0,-0.87,0.99
2006,12,3,18,0,-1.426,1
2006,12,4,0,0.9144,-0.991,0.995
2006,12,4,6,2.7686,-1.343,0.998333333333333
2006,12,4,12,0.381,-0.87,0.961666666666667
2006,12,4,18,0.4064,-1.259,0.975
2006,12,5,0,0,-3.556,0.998333333333333
2006,12,5,6,0,-2.259,0.976666666666667
2006,12,5,12,0,-0.324,0.818333333333333
2006,12,5,18,0,-0.083,0.855
2006,12,6,0,0,0.741,0.516666666666667
2006,12,6,6,0,0.528,0.665
2006,12,6,12,0,1.139,0.52
2006,12,6,18,0,1.028,0.538333333333333
2006,12,7,0,0,0.731,0.636666666666667
2006,12,7,6,0,1.13,0.655
2006,12,7,12,0,1.056,0.578333333333333
2006,12,7,18,0.0508,0.935,0.798333333333333
2006,12,8,0,0.6096,1.546,0.426666666666667
2006,12,8,6,0.1524,2.241,0.353333333333333
2006,12,8,12,0,3.528,0.221666666666667
2006,12,8,18,0,1.417,0.835
2006,12,9,0,0,0.037,0.975
2006,12,9,6,0.0762,1.12,0.743333333333333
2006,12,9,12,1.7018,1.685,0.345
2006,12,9,18,0.0508,0.028,0.571666666666667
2006,12,10,0,0.0254,0.731,0.491666666666667
2006,12,10,6,2.1844,2.63,0.223333333333333
2006,12,10,12,1.4478,3.417,0.13
2006,12,10,18,0.3302,1.417,0.261666666666667
2006,12,11,0,4.4958,2.306,0.173333333333333
2006,12,11,6,12.5984,4.444,0.0783333333333333
2006,12,11,12,6.2738,6.25,0.0533333333333333
2006,12,11,18,2.9972,2.343,0.161666666666667
2006,12,12,0,9.7282,1.657,0.185
2006,12,12,6,4.064,1.528,0.215
2006,12,12,12,0.1524,1.796,0.23
2006,12,12,18,9.4488,0.898,0.475
2006,12,13,0,11.9126,4.509,0.0666666666666667
2006,12,13,6,6.8072,2.963,0.101666666666667
2006,12,13,12,3.175,2.13,0.151666666666667
2006,12,13,18,1.8796,0.444,0.496666666666667
2006,12,14,0,0.1778,-1.231,0.816666666666667
2006,12,14,6,10.1854,-1.148,0.845
2006,12,14,12,40.9448,2.796,0.126666666666667
2006,12,14,18,13.97,2.926,0.115
2006,12,15,0,29.2354,1.056,0.321666666666667
2006,12,15,6,2.3622,-0.62,0.87
2006,12,15,12,0.1016,-0.926,0.973333333333333
2006,12,15,18,0,-3.296,1
2006,12,16,0,0,-3.139,1
2006,12,16,6,0,-1.991,0.993333333333334
2006,12,16,12,0,-0.685,0.97
2006,12,16,18,0,-2.269,1
2006,12,17,0,0,-3.13,1
2006,12,17,6,0,-3.537,1
2006,12,17,12,0,-3.009,0.998333333333333
2006,12,17,18,0,-5.194,1
2006,12,18,0,0,-3.028,1
2006,12,18,6,0.0254,-1.352,0.996666666666667
2006,12,18,12,0.1016,0.528,0.573333333333333
2006,12,18,18,0.1016,-0.065,0.825
2006,12,19,0,2.1336,0.324,0.575
2006,12,19,6,0.0762,0.204,0.52
2006,12,19,12,0.0254,1.296,0.226666666666667
2006,12,19,18,0,2.509,0.136666666666667
2006,12,20,0,0.9398,3.176,0.125
2006,12,20,6,1.1176,0.694,0.491666666666667
2006,12,20,12,2.3114,2.63,0.165
2006,12,20,18,4.5466,3.444,0.103333333333333
2006,12,21,0,5.3086,3.611,0.09
2006,12,21,6,2.9718,1.944,0.183333333333333
2006,12,21,12,1.7018,1.657,0.23
2006,12,21,18,6.1976,0.954,0.286666666666667
2006,12,22,0,0.6604,-0.194,0.653333333333333
2006,12,22,6,0.0508,-0.583,0.82
2006,12,22,12,0,0.537,0.55
2006,12,22,18,0.8636,-0.296,0.9
2006,12,23,0,10.7442,1.259,0.436666666666667
2006,12,23,6,17.7292,0.917,0.29
2006,12,23,12,2.4638,1.222,0.216666666666667
2006,12,23,18,0.7366,-1.546,0.813333333333333
2006,12,24,0,0,-1.657,0.988333333333333
2006,12,24,6,0.5334,1.389,0.571666666666667
2006,12,24,12,16.4592,3.444,0.135
2006,12,24,18,19.8882,3.463,0.101666666666667
2006,12,25,0,5.6134,1.481,0.255
2006,12,25,6,0,-0.509,0.78
2006,12,25,12,0,1.176,0.3
2006,12,25,18,0,0.25,0.606666666666667
2006,12,26,0,0,-0.759,0.896666666666667
2006,12,26,6,0,-0.167,0.675
2006,12,26,12,8.7884,1.991,0.181666666666667
2006,12,26,18,8.4836,0.213,0.551666666666667
2006,12,27,0,6.35,-0.352,0.83
2006,12,27,6,1.143,-0.472,0.923333333333333
2006,12,27,12,0.1778,-0.694,0.98
2006,12,27,18,0,-3.667,1
2006,12,28,0,0,-6.509,1
2006,12,28,6,0,-4.38,1
2006,12,28,12,0,-2.306,0.998333333333333
2006,12,28,18,0,-2.639,1
2006,12,29,0,0,-0.194,0.995
2006,12,29,6,0,0.769,0.908333333333333
2006,12,29,12,0.7112,0.731,0.581666666666667
2006,12,29,18,0.0254,-2.722,0.99
2006,12,30,0,0,-5.444,1
2006,12,30,6,0,-2.509,0.976666666666667
2006,12,30,12,0,0.796,0.59
2006,12,30,18,0,0.889,0.568333333333333
2006,12,31,0,0,0.194,0.83
2006,12,31,6,0,-0.037,0.693333333333333
2006,12,31,12,0,0.685,0.436666666666667
2006,12,31,18,0,-1.009,0.918333333333333
2007,1,1,0,0.3556,0.574,0.515
2007,1,1,6,3.9624,1.287,0.375
2007,1,1,12,6.9596,3.352,0.123333333333333
2007,1,1,18,7.0104,3.75,0.085
2007,1,2,0,12.0904,3.917,0.075
2007,1,2,6,39.2684,4.917,0.06
2007,1,2,12,25.8318,4.167,0.0766666666666667
2007,1,2,18,0.4572,2.213,0.153333333333333
2007,1,3,0,13.3604,2.417,0.12
2007,1,3,6,11.7856,2.593,0.105
2007,1,3,12,2.921,1.806,0.186666666666667
2007,1,3,18,3.8608,0.704,0.366666666666667
2007,1,4,0,4.5974,-0.056,0.653333333333333
2007,1,4,6,0,0.481,0.455
2007,1,4,12,0,0.62,0.496666666666667
2007,1,4,18,0,-2.074,0.996666666666667
2007,1,5,0,0.2286,-2.694,1
2007,1,5,6,4.4196,-1.056,0.798333333333333
2007,1,5,12,12.7,1.481,0.218333333333333
2007,1,5,18,26.797,2.694,0.1
2007,1,6,0,4.2672,0.222,0.571666666666667
2007,1,6,6,0.2794,-1.194,0.915
2007,1,6,12,1.143,1.324,0.385
2007,1,6,18,2.5908,-0.463,0.723333333333333
2007,1,7,0,7.0104,2.583,0.186666666666667
2007,1,7,6,39.2176,4.972,0.0583333333333333
2007,1,7,12,5.6896,4.306,0.0683333333333333
2007,1,7,18,0.9652,2.435,0.141666666666667
2007,1,8,0,0,-1.944,0.841666666666667
2007,1,8,6,0,-2.065,0.843333333333333
2007,1,8,12,0.0254,1.648,0.221666666666667
2007,1,8,18,0.254,3.185,0.105
2007,1,9,0,0.127,4.731,0.0533333333333333
2007,1,9,6,0.0762,3.741,0.0766666666666667
2007,1,9,12,8.255,2.38,0.163333333333333
2007,1,9,18,1.3462,-3.269,0.991666666666667
2007,1,10,0,2.667,-5.25,1
2007,1,10,6,5.0546,-4.759,1
2007,1,10,12,2.286,-4.454,1
2007,1,10,18,0.127,-7.194,1
2007,1,11,0,0,-8.963,1
2007,1,11,6,0,-8.546,1
2007,1,11,12,0,-7.713,1
2007,1,11,18,0,-11.583,1
2007,1,12,0,0,-12.472,1
2007,1,12,6,0,-10.528,1
2007,1,12,12,0,-7.204,1
2007,1,12,18,0,-10.667,1
2007,1,13,0,0,-9.981,1
2007,1,13,6,0,-7.704,1
2007,1,13,12,0,-5.833,1
2007,1,13,18,0,-10.25,1
2007,1,14,0,0,-12.139,1
2007,1,14,6,0,-9.389,1
2007,1,14,12,0,-4.111,1
2007,1,14,18,0,-9.148,1
2007,1,15,0,0,-10.463,1
2007,1,15,6,0,-7.593,1
2007,1,15,12,0,-2.62,1
2007,1,15,18,0,-3.889,1
2007,1,16,0,2.54,-2.954,1
2007,1,16,6,8.4074,-3.204,1
2007,1,16,12,0,-1.991,1
2007,1,16,18,0,-4.287,1
2007,1,17,0,0,-5.694,1
2007,1,17,6,0,-3.917,1
2007,1,17,12,0,-1.583,1
2007,1,17,18,1.8288,-2.806,1
2007,1,18,0,4.4958,-3.056,1
2007,1,18,6,8.9916,-2.815,1
2007,1,18,12,8.4328,-1.009,0.996666666666667
2007,1,18,18,0.7112,-0.241,0.778333333333333
2007,1,19,0,2.286,0.667,0.35
2007,1,19,6,13.3604,-0.333,0.826666666666667
2007,1,19,12,0.8636,-0.509,0.83
2007,1,19,18,3.0734,-2.083,1
2007,1,20,0,2.159,-1.87,1
2007,1,20,6,0,-1.648,0.99
2007,1,20,12,0,-0.204,0.791666666666667
2007,1,20,18,0,-2.528,1
2007,1,21,0,0,-2.944,1
2007,1,21,6,0,-1.444,0.988333333333333
2007,1,21,12,0.2286,-0.333,0.91
2007,1,21,18,0.2794,-0.954,0.958333333333333
2007,1,22,0,0.9144,0.713,0.365
2007,1,22,6,1.2192,1.157,0.235
2007,1,22,12,9.8044,1.833,0.156666666666667
2007,1,22,18,3.5814,0.713,0.328333333333333
2007,1,23,0,12.5476,1.769,0.18
2007,1,23,6,7.9248,2.185,0.148333333333333
2007,1,23,12,0.2032,2.269,0.133333333333333
2007,1,23,18,0,2.019,0.146666666666667
2007,1,24,0,0,1.046,0.325
2007,1,24,6,0,1.426,0.42
2007,1,24,12,0,3.5,0.208333333333333
2007,1,24,18,0,2,0.566666666666667
2007,1,25,0,0,-0.676,0.968333333333333
2007,1,25,6,0.127,-0.935,0.876666666666667
2007,1,25,12,0.0508,0.926,0.438333333333333
2007,1,25,18,0,-2.12,0.998333333333333
2007,1,26,0,0.0254,-2.361,1
2007,1,26,6,0,-0.657,0.936666666666667
2007,1,26,12,0,2.565,0.413333333333333
2007,1,26,18,0,-2.074,0.998333333333333
2007,1,27,0,0,-3.593,1
2007,1,27,6,0,-0.981,0.848333333333333
2007,1,27,12,0,3.315,0.293333333333333
2007,1,27,18,0,-2.537,0.998333333333333
2007,1,28,0,0,-4.796,1
2007,1,28,6,0,-0.963,0.793333333333333
2007,1,28,12,0,2.657,0.41
2007,1,28,18,0,-2.102,1
2007,1,29,0,0,-1.944,1
2007,1,29,6,0,2.037,0.583333333333333
2007,1,29,12,0,3.88,0.143333333333333
2007,1,29,18,0,1.333,0.551666666666667
2007,1,30,0,0,-0.093,0.871666666666667
2007,1,30,6,0,-0.12,0.701666666666667
2007,1,30,12,0,4.546,0.0916666666666667
2007,1,30,18,0,1.157,0.598333333333333
2007,1,31,0,0,-2.194,1
2007,1,31,6,0,-0.759,0.751666666666667
2007,1,31,12,0,4.611,0.106666666666667
2007,1,31,18,0,-0.833,0.926666666666667
2007,2,1,0,0,-3.324,1
2007,2,1,6,0,-0.685,0.898333333333333
2007,2,1,12,0,1.889,0.435
2007,2,1,18,0,-4.167,1
2007,2,2,0,0,-5.519,1
2007,2,2,6,0,-2.444,0.918333333333333
2007,2,2,12,0,0.954,0.708333333333333
2007,2,2,18,0,-4.556,1
2007,2,3,0,0,-5.87,1
2007,2,3,6,0,-3.426,0.998333333333333
2007,2,3,12,3.8862,-0.213,0.896666666666667
2007,2,3,18,0.127,-2.861,0.995
2007,2,4,0,0.0254,-1.315,0.816666666666667
2007,2,4,6,6.35,1.194,0.271666666666667
2007,2,4,12,8.0772,2.556,0.128333333333333
2007,2,4,18,0.0762,1.509,0.198333333333333
2007,2,5,0,0,1.185,0.236666666666667
2007,2,5,6,0,1.398,0.246666666666667
2007,2,5,12,0,3.037,0.131666666666667
2007,2,5,18,0,0.278,0.8
2007,2,6,0,0,-0.602,0.978333333333333
2007,2,6,6,0,0.833,0.698333333333333
2007,2,6,12,0.6604,3.741,0.14
2007,2,6,18,0,1.102,0.395
2007,2,7,0,0,0.944,0.36
2007,2,7,6,1.5494,2.796,0.141666666666667
2007,2,7,12,3.2766,4.352,0.09
2007,2,7,18,1.0922,2.926,0.121666666666667
2007,2,8,0,8.4328,2.324,0.13
2007,2,8,6,4.5466,2.685,0.125
2007,2,8,12,0,3.296,0.108333333333333
2007,2,8,18,0.8382,0.907,0.298333333333333
2007,2,9,0,0.635,0.917,0.358333333333333
2007,2,9,6,1.4986,2.074,0.405
2007,2,9,12,0.4572,4.944,0.0733333333333333
2007,2,9,18,0.1778,4.019,0.0933333333333333
2007,2,10,0,0.6858,3.139,0.121666666666667
2007,2,10,6,0,2.491,0.21
2007,2,10,12,0,5.185,0.08
2007,2,10,18,0.0254,1.213,0.471666666666667
2007,2,11,0,4.7244,2.278,0.178333333333333
2007,2,11,6,1.7272,3.343,0.101666666666667
2007,2,11,12,0.0508,4.926,0.0733333333333333
2007,2,11,18,1.5748,3.102,0.115
2007,2,12,0,1.651,1.935,0.198333333333333
2007,2,12,6,0,1.38,0.32
2007,2,12,12,0,3.519,0.125
2007,2,12,18,0,1.444,0.266666666666667
2007,2,13,0,1.2954,1.093,0.295
2007,2,13,6,0.127,1.037,0.356666666666667
2007,2,13,12,3.1242,2.787,0.146666666666667
2007,2,13,18,0.6096,0.111,0.515
2007,2,14,0,1.2446,-0.87,0.815
2007,2,14,6,0.508,0.611,0.465
2007,2,14,12,21.336,3.38,0.105
2007,2,14,18,5.2832,2.509,0.128333333333333
2007,2,15,0,2.3622,2.889,0.113333333333333
2007,2,15,6,18.0848,4.491,0.0616666666666667
2007,2,15,12,4.2164,4.907,0.06
2007,2,15,18,0.2286,2.778,0.125
2007,2,16,0,0.1016,1.648,0.211666666666667
2007,2,16,6,0,0.667,0.485
2007,2,16,12,0.7366,3.102,0.17
2007,2,16,18,0.6604,2.111,0.223333333333333
2007,2,17,0,0.0254,2.611,0.136666666666667
2007,2,17,6,0,2.648,0.206666666666667
2007,2,17,12,0,5.056,0.085
2007,2,17,18,3.429,2.944,0.133333333333333
2007,2,18,0,1.1684,1.306,0.258333333333333
2007,2,18,6,1.1684,0.204,0.525
2007,2,18,12,0.508,0.676,0.391666666666667
2007,2,18,18,0.0508,0,0.533333333333333
2007,2,19,0,0.4572,-0.056,0.558333333333333
2007,2,19,6,5.9436,0.657,0.391666666666667
2007,2,19,12,14.5288,2.611,0.151666666666667
2007,2,19,18,19.1262,2.093,0.173333333333333
2007,2,20,0,9.9568,0.963,0.336666666666667
2007,2,20,6,2.6162,-1.074,0.943333333333333
2007,2,20,12,2.3114,-0.731,0.943333333333333
2007,2,20,18,2.0828,-0.926,0.9
2007,2,21,0,0.2794,-0.981,0.91
2007,2,21,6,0,-0.435,0.741666666666667
2007,2,21,12,0,0.907,0.42
2007,2,21,18,0,-0.833,0.975
2007,2,22,0,2.3876,-0.037,0.78
2007,2,22,6,0.9652,-0.065,0.635
2007,2,22,12,1.2954,0.954,0.43
2007,2,22,18,0.2032,-4.194,0.998333333333333
2007,2,23,0,4.5974,-2.806,0.996666666666667
2007,2,23,6,2.4384,-1.306,0.98
2007,2,23,12,0.3556,-0.565,0.943333333333333
2007,2,23,18,0.0762,-5.019,1
2007,2,24,0,0.0762,-3.778,1
2007,2,24,6,9.9314,-0.324,0.708333333333333
2007,2,24,12,7.747,1.546,0.225
2007,2,24,18,1.6002,0.102,0.626666666666667
2007,2,25,0,1.4986,-0.093,0.791666666666667
2007,2,25,6,0.2032,0.12,0.663333333333333
2007,2,25,12,5.8928,1.148,0.305
2007,2,25,18,0.635,0.093,0.596666666666667
2007,2,26,0,1.4224,-0.407,0.798333333333333
2007,2,26,6,1.4224,0.231,0.596666666666667
2007,2,26,12,0.3302,1.222,0.38
2007,2,26,18,0.0254,-3.046,0.998333333333333
2007,2,27,0,0,-4.806,1
2007,2,27,6,0,-0.796,0.801666666666667
2007,2,27,12,0.762,1.352,0.49
2007,2,27,18,0.8382,-3.13,1
2007,2,28,0,0.3302,-4.028,1
2007,2,28,6,3.683,-2.639,0.998333333333333
2007,2,28,12,3.0226,-2.528,0.996666666666667
2007,2,28,18,4.9784,-5.111,1
2007,3,1,0,2.3368,-5.694,1
2007,3,1,6,2.3876,-5.111,1
2007,3,1,12,1.8796,-3.528,1
2007,3,1,18,0,-8.759,1
2007,3,2,0,0.0254,-9.222,1
2007,3,2,6,3.6322,-4.37,0.995
2007,3,2,12,5.7404,-0.38,0.806666666666667
2007,3,2,18,4.2418,-0.852,0.865
2007,3,3,0,3.81,-0.37,0.643333333333333
2007,3,3,6,1.778,-0.759,0.705
2007,3,3,12,0.6604,0.25,0.465
2007,3,3,18,0.381,-1.25,0.751666666666667
2007,3,4,0,0.4064,-1.398,0.88
2007,3,4,6,0,1.639,0.326666666666667
2007,3,4,12,0.127,2.491,0.208333333333333
2007,3,4,18,0.6858,3.056,0.136666666666667
2007,3,5,0,6.7056,2.704,0.15
2007,3,5,6,9.652,2.083,0.181666666666667
2007,3,5,12,2.2606,2.889,0.133333333333333
2007,3,5,18,0,1.593,0.238333333333333
2007,3,6,0,0,2.509,0.205
2007,3,6,6,0,4.435,0.106666666666667
2007,3,6,12,0,5.343,0.08
2007,3,6,18,0,5.352,0.09
2007,3,7,0,2.5654,5.139,0.0816666666666667
2007,3,7,6,21.082,4.454,0.0733333333333333
2007,3,7,12,2.1082,4.083,0.0816666666666667
2007,3,7,18,5.9436,2.907,0.13
2007,3,8,0,4.0386,1.315,0.295
2007,3,8,6,1.0414,1.259,0.318333333333333
2007,3,8,12,2.5654,3.324,0.138333333333333
2007,3,8,18,3.4036,3.093,0.128333333333333
2007,3,9,0,0.4318,1.63,0.256666666666667
2007,3,9,6,0.3556,2.611,0.171666666666667
2007,3,9,12,0.9144,4.222,0.105
2007,3,9,18,0.1524,4.426,0.09
2007,3,10,0,0.0762,3.75,0.106666666666667
2007,3,10,6,0.3048,2.269,0.206666666666667
2007,3,10,12,13.6906,4.491,0.0983333333333333
2007,3,10,18,23.5712,4.296,0.0783333333333333
2007,3,11,0,22.987,4.731,0.0616666666666667
2007,3,11,6,23.0378,5.843,0.0416666666666667
2007,3,11,12,13.9954,7.889,0.02
2007,3,11,18,40.3352,5.065,0.0433333333333333
2007,3,12,0,6.2992,3.491,0.0933333333333333
2007,3,12,6,0.3556,2.917,0.125
2007,3,12,12,0,2.898,0.16
2007,3,12,18,0.1778,0.463,0.521666666666667
2007,3,13,0,0.6858,-1.12,0.896666666666667
2007,3,13,6,0.254,-0.194,0.651666666666667
2007,3,13,12,3.0226,2.731,0.171666666666667
2007,3,13,18,3.5052,1.102,0.325
2007,3,14,0,1.2192,-1.861,0.935
2007,3,14,6,0,0.593,0.526666666666667
2007,3,14,12,0,1.981,0.308333333333333
2007,3,14,18,0,-4.139,0.998333333333333
2007,3,15,0,0,-6.019,1
2007,3,15,6,0,-2.861,0.93
2007,3,15,12,0.2032,0.991,0.595
2007,3,15,18,9.9314,0.398,0.611666666666667
2007,3,16,0,12.4968,0.657,0.401666666666667
2007,3,16,6,8.9408,1,0.308333333333333
2007,3,16,12,0.508,2.185,0.208333333333333
2007,3,16,18,0.4318,2.343,0.19
2007,3,17,0,1.397,2.491,0.175
2007,3,17,6,12.8016,2.546,0.173333333333333
2007,3,17,12,27.2796,3.63,0.106666666666667
2007,3,17,18,8.9916,2.444,0.158333333333333
2007,3,18,0,0.4064,2.63,0.135
2007,3,18,6,0.1524,3.611,0.111666666666667
2007,3,18,12,0.5842,6.259,0.06
2007,3,18,18,0.0508,3.981,0.0966666666666667
2007,3,19,0,2.7686,2.639,0.17
2007,3,19,6,9.6266,3.843,0.113333333333333
2007,3,19,12,20.701,4.546,0.0733333333333333
2007,3,19,18,3.4036,2.769,0.14
2007,3,20,0,10.2362,1.111,0.333333333333333
2007,3,20,6,0.9906,-0.148,0.743333333333333
2007,3,20,12,2.6924,-0.111,0.76
2007,3,20,18,0.2032,-1.917,0.973333333333333
2007,3,21,0,0.1524,-2.63,0.996666666666667
2007,3,21,6,0,-1.333,0.863333333333333
2007,3,21,12,0.1524,0.37,0.558333333333333
2007,3,21,18,0.8128,-0.63,0.783333333333333
2007,3,22,0,0.508,-0.056,0.593333333333333
2007,3,22,6,3.0734,0.083,0.608333333333333
2007,3,22,12,16.002,1.935,0.256666666666667
2007,3,22,18,3.1496,0.713,0.396666666666667
2007,3,23,0,0.1016,0.491,0.428333333333333
2007,3,23,6,2.8956,1.546,0.291666666666667
2007,3,23,12,12.3952,2.343,0.22
2007,3,23,18,12.2682,2.25,0.196666666666667
2007,3,24,0,13.3096,3.167,0.125
2007,3,24,6,16.1544,3.694,0.11
2007,3,24,12,19.431,4.241,0.0866666666666667
2007,3,24,18,11.0998,1.509,0.281666666666667
2007,3,25,0,0.5334,-0.593,0.768333333333333
2007,3,25,6,0.1778,1.306,0.536666666666667
2007,3,25,12,1.7272,5.352,0.111666666666667
2007,3,25,18,0.2286,0.157,0.623333333333333
2007,3,26,0,0.0508,-3.111,1
2007,3,26,6,0.1524,1.602,0.593333333333333
2007,3,26,12,3.6322,6.565,0.0766666666666667
2007,3,26,18,1.6256,1.213,0.636666666666667
2007,3,27,0,1.6256,-1.898,0.986666666666667
2007,3,27,6,1.6256,2.972,0.235
2007,3,27,12,0.9906,5.398,0.075
2007,3,27,18,0.0508,-1.685,0.896666666666667
2007,3,28,0,0.4318,-3.444,1
2007,3,28,6,0,1.62,0.448333333333333
2007,3,28,12,0,5.565,0.116666666666667
2007,3,28,18,0,-1.75,0.971666666666667
2007,3,29,0,0,-0.269,0.888333333333333
2007,3,29,6,0,2.833,0.433333333333333
2007,3,29,12,0,7.519,0.0616666666666667
2007,3,29,18,0,1.898,0.713333333333333
2007,3,30,0,0.0254,0.593,0.86
2007,3,30,6,0.6604,3.148,0.486666666666667
2007,3,30,12,0.0254,4.907,0.111666666666667
2007,3,30,18,2.794,1.778,0.23
2007,3,31,0,4.572,1.481,0.228333333333333
2007,3,31,6,0.1524,2.491,0.256666666666667
2007,3,31,12,0.1778,4.528,0.173333333333333
2007,3,31,18,0.5588,-1.028,0.89
2007,4,1,0,0.1524,-2.75,1
2007,4,1,6,1.7526,-0.324,0.758333333333333
2007,4,1,12,1.1176,0.88,0.575
2007,4,1,18,0.889,-3.537,1
2007,4,2,0,1.4224,-3.537,1
2007,4,2,6,1.9304,-0.361,0.673333333333333
2007,4,2,12,1.4224,3.417,0.185
2007,4,2,18,0,-4.028,0.98
2007,4,3,0,0,-5.907,1
2007,4,3,6,0,-1.139,0.831666666666667
2007,4,3,12,0,4.296,0.246666666666667
2007,4,3,18,0.0254,-1.083,0.906666666666667
2007,4,4,0,0,-1.704,0.968333333333333
2007,4,4,6,0,4.731,0.178333333333333
2007,4,4,12,0,8.315,0.0466666666666667
2007,4,4,18,0,0.37,0.638333333333333
2007,4,5,0,0,0.519,0.563333333333333
2007,4,5,6,0,6.611,0.0766666666666667
2007,4,5,12,0,13.25,0.00666666666666667
2007,4,5,18,0,4.352,0.145
2007,4,6,0,0,3.231,0.26
2007,4,6,6,0,7.602,0.0716666666666667
2007,4,6,12,0,12.926,0.00333333333333333
2007,4,6,18,0.1016,5.13,0.131666666666667
2007,4,7,0,0.3302,3.898,0.17
2007,4,7,6,0.3556,8.481,0.045
2007,4,7,12,0.4064,9.185,0.0116666666666667
2007,4,7,18,1.9558,5.056,0.0783333333333333
2007,4,8,0,4.9276,3.991,0.106666666666667
2007,4,8,6,0.0762,4.463,0.12
2007,4,8,12,0.127,8.231,0.0133333333333333
2007,4,8,18,14.2494,5.241,0.0766666666666667
2007,4,9,0,2.9718,3.935,0.115
2007,4,9,6,11.9888,2.88,0.173333333333333
2007,4,9,12,4.0894,2.676,0.215
2007,4,9,18,1.4224,1.269,0.328333333333333
2007,4,10,0,1.1938,1.083,0.338333333333333
2007,4,10,6,0.2286,3,0.165
2007,4,10,12,0.0508,5.019,0.0733333333333333
2007,4,10,18,0,0.62,0.511666666666667
2007,4,11,0,0,-1.991,0.971666666666667
2007,4,11,6,0,3.611,0.355
2007,4,11,12,0.0254,7.611,0.0816666666666667
2007,4,11,18,0.0254,0.491,0.806666666666667
2007,4,12,0,0.1524,-0.991,0.948333333333333
2007,4,12,6,0.0254,4.231,0.156666666666667
2007,4,12,12,0.127,4.75,0.113333333333333
2007,4,12,18,0.0508,0.389,0.508333333333333
2007,4,13,0,0.0254,0.769,0.426666666666667
2007,4,13,6,2.9972,2.519,0.231666666666667
2007,4,13,12,1.8542,6.019,0.0733333333333333
2007,4,13,18,1.1684,4.593,0.095
2007,4,14,0,8.7376,3.444,0.116666666666667
2007,4,14,6,1.3208,3.815,0.121666666666667
2007,4,14,12,1.397,6.926,0.0583333333333333
2007,4,14,18,2.8702,1.787,0.315
2007,4,15,0,0.4572,-0.204,0.673333333333333
2007,4,15,6,0,2.222,0.305
2007,4,15,12,0,4.907,0.116666666666667
2007,4,15,18,0,0.157,0.646666666666667
2007,4,16,0,0,0.667,0.505
2007,4,16,6,1.9812,2.713,0.276666666666667
2007,4,16,12,5.0546,4.352,0.123333333333333
2007,4,16,18,2.54,1.241,0.341666666666667
2007,4,17,0,3.8354,-0.963,0.805
2007,4,17,6,8.636,2.278,0.285
2007,4,17,12,3.8354,5.361,0.0916666666666667
2007,4,17,18,0.1778,-0.741,0.793333333333333
2007,4,18,0,0.508,-2.815,0.998333333333333
2007,4,18,6,0.3048,2.444,0.331666666666667
2007,4,18,12,0.9398,6.083,0.0816666666666667
2007,4,18,18,0.381,-1.037,0.81
2007,4,19,0,0.2794,-3.704,1
2007,4,19,6,0,2.731,0.316666666666667
2007,4,19,12,0,7.287,0.0516666666666667
2007,4,19,18,0,-2.102,0.861666666666667
2007,4,20,0,0,-4.898,1
2007,4,20,6,0,3.398,0.346666666666667
2007,4,20,12,0,9.102,0.0283333333333333
2007,4,20,18,0,1.213,0.563333333333333
2007,4,21,0,0,-2.38,0.998333333333333
2007,4,21,6,0,3.806,0.336666666666667
2007,4,21,12,0.762,9.389,0.0266666666666667
2007,4,21,18,0.4572,3.241,0.253333333333333
2007,4,22,0,0.8128,1.222,0.393333333333333
2007,4,22,6,0,5.12,0.115
2007,4,22,12,0,10.176,0.0116666666666667
2007,4,22,18,0,2.398,0.336666666666667
2007,4,23,0,0,-1.546,0.943333333333333
2007,4,23,6,0.127,4.787,0.145
2007,4,23,12,0,9.63,0.0116666666666667
2007,4,23,18,0,1.694,0.461666666666667
2007,4,24,0,1.8034,0.769,0.526666666666667
2007,4,24,6,13.3858,5.509,0.05
2007,4,24,12,4.2926,5.87,0.0366666666666667
2007,4,24,18,1.5748,2.306,0.223333333333333
2007,4,25,0,0.0508,2.046,0.223333333333333
2007,4,25,6,0.9906,4.074,0.118333333333333
2007,4,25,12,1.5494,5.306,0.0933333333333333
2007,4,25,18,3.3782,2.148,0.233333333333333
2007,4,26,0,1.5748,2.093,0.225
2007,4,26,6,1.5494,4.259,0.118333333333333
2007,4,26,12,1.7018,5.88,0.07
2007,4,26,18,1.2446,2.944,0.168333333333333
2007,4,27,0,0.508,2.593,0.186666666666667
2007,4,27,6,3.937,5.333,0.08
2007,4,27,12,8.5598,8.287,0.0283333333333333
2007,4,27,18,10.9474,5.704,0.0566666666666667
2007,4,28,0,3.3782,1.509,0.398333333333333
2007,4,28,6,0,3.481,0.26
2007,4,28,12,0,8.796,0.03
2007,4,28,18,0,1.676,0.545
2007,4,29,0,0,-0.343,0.895
2007,4,29,6,0.0762,5.889,0.106666666666667
2007,4,29,12,0,9.306,0.015
2007,4,29,18,0.0762,0.259,0.666666666666667
2007,4,30,0,0,-1.759,0.965
2007,4,30,6,0.0508,4.324,0.206666666666667
2007,4,30,12,0,8.093,0.0233333333333333
2007,4,30,18,0.9144,3.296,0.191666666666667
2007,5,1,0,0.5334,1.87,0.251666666666667
2007,5,1,6,0.1524,3.463,0.133333333333333
2007,5,1,12,0,7.028,0.0366666666666667
2007,5,1,18,0.8636,3.417,0.148333333333333
2007,5,2,0,4.445,3.593,0.131666666666667
2007,5,2,6,4.6482,6.426,0.045
2007,5,2,12,1.524,6.981,0.0416666666666667
2007,5,2,18,1.905,3.231,0.16
2007,5,3,0,0,1.648,0.268333333333333
2007,5,3,6,0.4064,3.574,0.148333333333333
2007,5,3,12,0.4318,6.852,0.0416666666666667
2007,5,3,18,0.0254,3.593,0.131666666666667
2007,5,4,0,0.0762,0.815,0.413333333333333
2007,5,4,6,0.635,3.88,0.111666666666667
2007,5,4,12,0.0254,7.259,0.0316666666666667
2007,5,4,18,0,3.917,0.106666666666667
2007,5,5,0,0,1.796,0.27
2007,5,5,6,0,5.852,0.0583333333333333
2007,5,5,12,0,7.861,0.0233333333333333
2007,5,5,18,0,2.787,0.171666666666667
2007,5,6,0,0,2.815,0.141666666666667
2007,5,6,6,0.0254,7.741,0.035
2007,5,6,12,0.6858,11.574,0.01
2007,5,6,18,0.7874,6.361,0.0566666666666667
2007,5,7,0,0.5588,4.87,0.0733333333333333
2007,5,7,6,0,8.889,0.0183333333333333
2007,5,7,12,0,15,0
2007,5,7,18,0,5.898,0.103333333333333
2007,5,8,0,0,2.472,0.31
2007,5,8,6,0,9.731,0.0383333333333333
2007,5,8,12,0,11.88,0.00333333333333333
2007,5,8,18,0,3.019,0.23
2007,5,9,0,0,-0.907,0.805
2007,5,9,6,0,5.537,0.0983333333333333
2007,5,9,12,0,11.676,0.00666666666666667
2007,5,9,18,0,3.37,0.385
2007,5,10,0,0,-1.639,0.983333333333333
2007,5,10,6,0,6.676,0.161666666666667
2007,5,10,12,0,12.435,0.01
2007,5,10,18,0,3.148,0.383333333333333
2007,5,11,0,0,-0.944,0.935
2007,5,11,6,0,6.167,0.113333333333333
2007,5,11,12,0,12.093,0.01
2007,5,11,18,0,2.75,0.471666666666667
2007,5,12,0,0,0.194,0.798333333333333
2007,5,12,6,0,6.935,0.09
2007,5,12,12,0,10.852,0.01
2007,5,12,18,0,4.981,0.085
2007,5,13,0,0,2.213,0.205
2007,5,13,6,0,5.398,0.09
2007,5,13,12,0,10.75,0.0216666666666667
2007,5,13,18,0,3.074,0.32
2007,5,14,0,0,0.278,0.645
2007,5,14,6,0,8.389,0.0583333333333333
2007,5,14,12,0,16.5,0.00666666666666667
2007,5,14,18,0,6.639,0.213333333333333
2007,5,15,0,0,2.87,0.478333333333333
2007,5,15,6,0,11.556,0.03
2007,5,15,12,0,16.194,0
2007,5,15,18,0,9.167,0.0216666666666667
2007,5,16,0,0,5.056,0.0816666666666667
2007,5,16,6,0,9.731,0.0116666666666667
2007,5,16,12,0,12.269,0.00166666666666667
2007,5,16,18,0,5.426,0.0616666666666667
2007,5,17,0,0,2.074,0.235
2007,5,17,6,0,8.917,0.0233333333333333
2007,5,17,12,0,13.157,0
2007,5,17,18,0,4.417,0.246666666666667
2007,5,18,0,0,-0.352,0.75
2007,5,18,6,0.1524,6.972,0.0533333333333333
2007,5,18,12,0,9.685,0.01
2007,5,18,18,2.0574,3.435,0.12
2007,5,19,0,0,2.963,0.153333333333333
2007,5,19,6,1.143,5.704,0.0516666666666667
2007,5,19,12,2.286,7.463,0.0183333333333333
2007,5,19,18,2.3622,4.287,0.0916666666666667
2007,5,20,0,1.7272,2.935,0.148333333333333
2007,5,20,6,9.3472,5.639,0.0566666666666667
2007,5,20,12,13.5382,7.63,0.0266666666666667
2007,5,20,18,8.3312,4.139,0.106666666666667
2007,5,21,0,5.2324,1.037,0.358333333333333
2007,5,21,6,0,5.426,0.0933333333333333
2007,5,21,12,0,10.38,0.0133333333333333
2007,5,21,18,0,4.454,0.141666666666667
2007,5,22,0,0,0.407,0.623333333333333
2007,5,22,6,0,7.157,0.05
2007,5,22,12,0,12.731,0.00333333333333333
2007,5,22,18,0,5.454,0.0816666666666667
2007,5,23,0,0,1.435,0.356666666666667
2007,5,23,6,0,9.269,0.025
2007,5,23,12,0,15.361,0
2007,5,23,18,0,6.87,0.085
2007,5,24,0,0,1.398,0.488333333333333
2007,5,24,6,0,10.13,0.025
2007,5,24,12,0,16.352,0
2007,5,24,18,0,7.889,0.065
2007,5,25,0,0,3.407,0.338333333333333
2007,5,25,6,0,12.009,0.0166666666666667
2007,5,25,12,0,14.176,0.00166666666666667
2007,5,25,18,0,7.861,0.0466666666666667
2007,5,26,0,0,6.38,0.0583333333333333
2007,5,26,6,0,10.148,0.00833333333333333
2007,5,26,12,0,11.148,0.00166666666666667
2007,5,26,18,0,6.565,0.04
2007,5,27,0,0.1016,4.25,0.0866666666666667
2007,5,27,6,0.5334,7.407,0.0333333333333333
2007,5,27,12,0,10.935,0.0116666666666667
2007,5,27,18,0,5.648,0.0616666666666667
2007,5,28,0,0,2.944,0.131666666666667
2007,5,28,6,0,7.556,0.0466666666666667
2007,5,28,12,0,15.722,0.00333333333333333
2007,5,28,18,0,5.917,0.155
2007,5,29,0,0,2.102,0.385
2007,5,29,6,0,12.722,0.02
2007,5,29,12,0,20.083,0
2007,5,29,18,0,10.741,0.0266666666666667
2007,5,30,0,0,5.62,0.0983333333333333
2007,5,30,6,0,15.472,0.005
2007,5,30,12,0,20.37,0
2007,5,30,18,0,10.843,0.0216666666666667
2007,5,31,0,0,6.176,0.075
2007,5,31,6,0,14.722,0.00333333333333333
2007,5,31,12,0,19.38,0
2007,5,31,18,0,10.796,0.0116666666666667
2007,6,1,0,0,5.741,0.0616666666666667
2007,6,1,6,0,13.315,0.005
2007,6,1,12,0,20.315,0
2007,6,1,18,0,11.398,0.00833333333333333
2007,6,2,0,0,6.5,0.0383333333333333
2007,6,2,6,0,15.046,0.00166666666666667
2007,6,2,12,0,21.074,0
2007,6,2,18,0,12.491,0.00833333333333333
2007,6,3,0,0,7.824,0.0266666666666667
2007,6,3,6,0,15.898,0.00166666666666667
2007,6,3,12,0,18.648,0
2007,6,3,18,0.9398,12.907,0.00333333333333333
2007,6,4,0,2.5146,9.593,0.01
2007,6,4,6,0.2032,12.574,0.00166666666666667
2007,6,4,12,2.9464,12.5,0
2007,6,4,18,0.254,9.611,0.005
2007,6,5,0,1.1684,6.454,0.0216666666666667
2007,6,5,6,2.3368,8.148,0.0133333333333333
2007,6,5,12,1.9558,8.102,0.0116666666666667
2007,6,5,18,1.9812,5.833,0.0283333333333333
2007,6,6,0,5.207,4.963,0.045
2007,6,6,6,2.4638,5.639,0.0333333333333333
2007,6,6,12,0.254,8.185,0.0116666666666667
2007,6,6,18,0.1524,6.222,0.0283333333333333
2007,6,7,0,0.4318,4.88,0.0466666666666667
2007,6,7,6,0,7.796,0.0166666666666667
2007,6,7,12,0,10,0.00333333333333333
2007,6,7,18,0,5.898,0.025
2007,6,8,0,0,3.259,0.111666666666667
2007,6,8,6,0,8.796,0.015
2007,6,8,12,0,12.315,0.00166666666666667
2007,6,8,18,0,7.556,0.0216666666666667
2007,6,9,0,0,5.954,0.03
2007,6,9,6,10.414,7.093,0.02
2007,6,9,12,9.398,8.917,0.01
2007,6,9,18,0.2032,7.648,0.0166666666666667
2007,6,10,0,0.254,6.731,0.025
2007,6,10,6,0.6858,8.093,0.0166666666666667
2007,6,10,12,2.9972,9.454,0.01
2007,6,10,18,1.5748,6.13,0.04
2007,6,11,0,0.254,4.093,0.08
2007,6,11,6,0.0762,8.352,0.0166666666666667
2007,6,11,12,0.254,10.63,0.01
2007,6,11,18,0.2286,6.796,0.025
2007,6,12,0,0.1524,4.685,0.055
2007,6,12,6,0.254,8.12,0.0166666666666667
2007,6,12,12,0,10.509,0.01
2007,6,12,18,0,7.778,0.0233333333333333
2007,6,13,0,0.0762,6.306,0.0366666666666667
2007,6,13,6,0,8.824,0.0133333333333333
2007,6,13,12,0,11.444,0.00166666666666667
2007,6,13,18,0,7.509,0.0166666666666667
2007,6,14,0,0,5.074,0.0366666666666667
2007,6,14,6,0,7.611,0.0166666666666667
2007,6,14,12,0,11.435,0.00333333333333333
2007,6,14,18,0,7.519,0.0233333333333333
2007,6,15,0,0.5588,5.463,0.0466666666666667
2007,6,15,6,3.302,8.25,0.015
2007,6,15,12,0.8128,9.713,0.00666666666666667
2007,6,15,18,0,6.833,0.0233333333333333
2007,6,16,0,0,5.435,0.0533333333333333
2007,6,16,6,0.3048,7.361,0.0233333333333333
2007,6,16,12,0.2286,8.37,0.0116666666666667
2007,6,16,18,0.2032,5.954,0.0283333333333333
2007,6,17,0,0.5842,4.907,0.03
2007,6,17,6,3.2258,5.435,0.0333333333333333
2007,6,17,12,0.9398,8.102,0.02
2007,6,17,18,0.3302,5.954,0.05
2007,6,18,0,0.0254,4.5,0.0716666666666667
2007,6,18,6,0,7.731,0.0266666666666667
2007,6,18,12,0,12.5,0.01
2007,6,18,18,0,6.426,0.075
2007,6,19,0,0,3.037,0.16
2007,6,19,6,0,10.213,0.0133333333333333
2007,6,19,12,0,16.065,0
2007,6,19,18,0,8.769,0.0383333333333333
2007,6,20,0,0,4.065,0.11
2007,6,20,6,0,11.907,0.005
2007,6,20,12,0,15.333,0
2007,6,20,18,0,10.435,0.01
2007,6,21,0,0.0254,6.611,0.0433333333333333
2007,6,21,6,0.0254,9.62,0.0116666666666667
2007,6,21,12,0,13.352,0
2007,6,21,18,0,9.065,0.01
2007,6,22,0,1.1684,6.102,0.02
2007,6,22,6,2.1844,8.954,0.01
2007,6,22,12,1.3716,11.491,0
2007,6,22,18,3.302,8.176,0.015
2007,6,23,0,0.6096,5.639,0.0266666666666667
2007,6,23,6,0.762,8.491,0.0133333333333333
2007,6,23,12,0.2032,10.213,0.00833333333333333
2007,6,23,18,0.8382,5.972,0.03
2007,6,24,0,0.1778,3.972,0.0816666666666667
2007,6,24,6,0.2794,6.907,0.02
2007,6,24,12,5.3848,9.963,0.01
2007,6,24,18,6.35,5.991,0.0316666666666667
2007,6,25,0,0.1016,3.352,0.118333333333333
2007,6,25,6,0,7.074,0.0366666666666667
2007,6,25,12,0,13.861,0.005
2007,6,25,18,0.0508,6.852,0.115
2007,6,26,0,0.2794,3.037,0.255
2007,6,26,6,0,10.713,0.02
2007,6,26,12,0,16.398,0
2007,6,26,18,0,10.12,0.0166666666666667
2007,6,27,0,0,5.704,0.101666666666667
2007,6,27,6,0,10.713,0.0116666666666667
2007,6,27,12,0,14.787,0
2007,6,27,18,0,9.759,0.00666666666666667
2007,6,28,0,0.4318,6.787,0.015
2007,6,28,6,0.8382,11,0.005
2007,6,28,12,2.1844,12.25,0
2007,6,28,18,0.6858,9.981,0.00666666666666667
2007,6,29,0,0.1524,7.463,0.015
2007,6,29,6,0.0508,10.407,0.00833333333333333
2007,6,29,12,3.0988,12.898,0.00166666666666667
2007,6,29,18,4.191,8.111,0.015
2007,6,30,0,0.0508,5.519,0.0316666666666667
2007,6,30,6,0,9.88,0.01
2007,6,30,12,0,14.907,0
2007,6,30,18,0,9.093,0.0183333333333333
2007,7,1,0,0,6.481,0.035
2007,7,1,6,0,12.741,0.00333333333333333
2007,7,1,12,0,17.574,0
2007,7,1,18,0,12.287,0.00333333333333333
2007,7,2,0,0,8.574,0.01
2007,7,2,6,0,13.241,0.00166666666666667
2007,7,2,12,0,18.407,0
2007,7,2,18,0,13.287,0.00166666666666667
2007,7,3,0,0,9.5,0.01
2007,7,3,6,0,14.62,0
2007,7,3,12,0,20,0
2007,7,3,18,0,14.472,0.00333333333333333
2007,7,4,0,0,8.778,0.01
2007,7,4,6,0,15.704,0
2007,7,4,12,0,21.019,0
2007,7,4,18,0,13.907,0.00333333333333333
2007,7,5,0,0,8.38,0.0166666666666667
2007,7,5,6,0,15.444,0.00166666666666667
2007,7,5,12,0,19.509,0
2007,7,5,18,0,12.009,0.005
2007,7,6,0,0,7.519,0.0166666666666667
2007,7,6,6,0,13.907,0.00166666666666667
2007,7,6,12,0,18.796,0
2007,7,6,18,0,11.565,0.00666666666666667
2007,7,7,0,0,6.944,0.0233333333333333
2007,7,7,6,0,13.935,0.00333333333333333
2007,7,7,12,0,18.185,0
2007,7,7,18,0,11.602,0.00666666666666667
2007,7,8,0,0,8.583,0.0183333333333333
2007,7,8,6,0,15.148,0.00166666666666667
2007,7,8,12,0,19.019,0
2007,7,8,18,0,12.037,0.005
2007,7,9,0,0,7.213,0.0166666666666667
2007,7,9,6,0,14.676,0.00333333333333333
2007,7,9,12,0,23.481,0
2007,7,9,18,0,15.009,0.005
2007,7,10,0,0,8.824,0.0233333333333333
2007,7,10,6,0,17.972,0.00166666666666667
2007,7,10,12,0,27.361,0
2007,7,10,18,0,17.713,0.00166666666666667
2007,7,11,0,0,12.333,0.00833333333333333
2007,7,11,6,0,21.463,0
2007,7,11,12,0,26.898,0
2007,7,11,18,0,18.593,0
2007,7,12,0,0,13.454,0.00166666666666667
2007,7,12,6,0,19.185,0
2007,7,12,12,0,21.907,0
2007,7,12,18,0,14.713,0
2007,7,13,0,0,11.63,0
2007,7,13,6,0.3302,16.556,0
2007,7,13,12,0,20.028,0
2007,7,13,18,0,13.63,0
2007,7,14,0,0,10.463,0.00166666666666667
2007,7,14,6,0,15.639,0
2007,7,14,12,0,20.056,0
2007,7,14,18,0,15.056,0
2007,7,15,0,0,12.602,0
2007,7,15,6,0,17.093,0
2007,7,15,12,0,20.444,0
2007,7,15,18,0,14.889,0
2007,7,16,0,0,11.102,0
2007,7,16,6,0,15.361,0
2007,7,16,12,0,19.759,0
2007,7,16,18,0,15.333,0
2007,7,17,0,8.2296,12.528,0
2007,7,17,6,2.2098,14.676,0
2007,7,17,12,3.7592,16.176,0
2007,7,17,18,0.0254,13.815,0
2007,7,18,0,2.4638,11.694,0
2007,7,18,6,12.7508,15.194,0
2007,7,18,12,10.3124,16.963,0
2007,7,18,18,0.3048,12.954,0
2007,7,19,0,0.1524,11.056,0.01
2007,7,19,6,0.2286,12.694,0
2007,7,19,12,1.0668,14.602,0
2007,7,19,18,0.3556,12.63,0
2007,7,20,0,0,11.111,0
2007,7,20,6,4.6228,14.398,0
2007,7,20,12,12.3952,14.991,0
2007,7,20,18,2.3368,12.815,0
2007,7,21,0,0.4572,11.667,0
2007,7,21,6,0.0762,14.426,0
2007,7,21,12,1.5748,16.519,0
2007,7,21,18,6.8834,14,0
2007,7,22,0,4.2164,14.398,0
2007,7,22,6,2.1844,13.611,0
2007,7,22,12,0.8636,14.472,0
2007,7,22,18,2.9718,12.093,0
2007,7,23,0,0.2032,12.704,0
2007,7,23,6,1.5494,15.259,0
2007,7,23,12,3.5306,14.148,0
2007,7,23,18,3.2766,12.361,0
2007,7,24,0,0.2032,10.213,0.00333333333333333
2007,7,24,6,0,13.194,0
2007,7,24,12,0,17.222,0
2007,7,24,18,0,11.787,0.00333333333333333
2007,7,25,0,0,7.935,0.01
2007,7,25,6,0,13.389,0.00166666666666667
2007,7,25,12,0,18.231,0
2007,7,25,18,0,13,0
2007,7,26,0,0,9.148,0.01
2007,7,26,6,0,14.194,0
2007,7,26,12,0,18.796,0
2007,7,26,18,0,12.852,0
2007,7,27,0,0,9.222,0.00333333333333333
2007,7,27,6,0,14.917,0
2007,7,27,12,0,18.639,0
2007,7,27,18,0,13.398,0
2007,7,28,0,0,9.898,0
2007,7,28,6,0,14.139,0
2007,7,28,12,0,17.426,0
2007,7,28,18,0,13.722,0
2007,7,29,0,0,11.287,0
2007,7,29,6,0,14.648,0
2007,7,29,12,0,16.685,0
2007,7,29,18,0,12.5,0
2007,7,30,0,0,9.157,0.01
2007,7,30,6,0,13.426,0
2007,7,30,12,0,17.787,0
2007,7,30,18,0,11.796,0.00333333333333333
2007,7,31,0,0,6.898,0.0166666666666667
2007,7,31,6,0,14.093,0.00166666666666667
2007,7,31,12,0,20.037,0
2007,7,31,18,0,11.657,0.00833333333333333
2007,8,1,0,0,7.176,0.0366666666666667
2007,8,1,6,0,15.37,0.00166666666666667
2007,8,1,12,0,21.602,0
2007,8,1,18,0,13.148,0.00333333333333333
2007,8,2,0,0,8.407,0.0166666666666667
2007,8,2,6,0,15.713,0
2007,8,2,12,0,19.824,0
2007,8,2,18,0,13.917,0
2007,8,3,0,0,10.741,0.00333333333333333
2007,8,3,6,0,14.63,0
2007,8,3,12,0,18.278,0
2007,8,3,18,0,13.102,0.00166666666666667
2007,8,4,0,0,9.62,0.01
2007,8,4,6,0,14.713,0
2007,8,4,12,0,19.056,0
2007,8,4,18,0,12.12,0.00333333333333333
2007,8,5,0,0,8.463,0.01
2007,8,5,6,0,14.63,0
2007,8,5,12,0,18.963,0
2007,8,5,18,0,12.472,0.00333333333333333
2007,8,6,0,0,9.25,0.01
2007,8,6,6,0,13.731,0
2007,8,6,12,0,16.722,0
2007,8,6,18,0,12.12,0
2007,8,7,0,0,9.306,0.00166666666666667
2007,8,7,6,0,13.426,0
2007,8,7,12,0,15.38,0
2007,8,7,18,0,12.491,0
2007,8,8,0,0.0254,10.731,0
2007,8,8,6,0,12.472,0
2007,8,8,12,0,15.102,0
2007,8,8,18,0.0508,10.556,0.00333333333333333
2007,8,9,0,0.0254,7.454,0.0116666666666667
2007,8,9,6,0,11.009,0.00166666666666667
2007,8,9,12,0,15.019,0
2007,8,9,18,0,10.111,0.005
2007,8,10,0,0,7.074,0.0133333333333333
2007,8,10,6,0,11.981,0.00166666666666667
2007,8,10,12,0,16.444,0
2007,8,10,18,0,9.481,0.00833333333333333
2007,8,11,0,0,5.602,0.035
2007,8,11,6,0,12.417,0.00333333333333333
2007,8,11,12,0,16.722,0
2007,8,11,18,0,12.407,0.00166666666666667
2007,8,12,0,0.3556,8.648,0.0116666666666667
2007,8,12,6,0,12.62,0.00333333333333333
2007,8,12,12,0,16.787,0
2007,8,12,18,0,10.157,0.01
2007,8,13,0,0,5.87,0.0266666666666667
2007,8,13,6,0,12.38,0.005
2007,8,13,12,0,19.361,0
2007,8,13,18,0,10.685,0.00833333333333333
2007,8,14,0,0,6.972,0.0316666666666667
2007,8,14,6,0,15.731,0.00166666666666667
2007,8,14,12,0,22.593,0
2007,8,14,18,0,13.472,0.00333333333333333
2007,8,15,0,0,8.343,0.0233333333333333
2007,8,15,6,0,16.472,0
2007,8,15,12,0,22.241,0
2007,8,15,18,0,15,0
2007,8,16,0,0,10.333,0.00833333333333333
2007,8,16,6,0,16.815,0
2007,8,16,12,0,18,0
2007,8,16,18,0,11.759,0.00166666666666667
2007,8,17,0,0,9.62,0.01
2007,8,17,6,0,13.694,0
2007,8,17,12,0,17.759,0
2007,8,17,18,0,11.778,0.00333333333333333
2007,8,18,0,0,8.972,0.01
2007,8,18,6,0.4064,14.019,0
2007,8,18,12,2.8956,16.009,0
2007,8,18,18,0.635,10.741,0.005
2007,8,19,0,3.0734,9.731,0.01
2007,8,19,6,5.6642,11.759,0
2007,8,19,12,0.508,13.898,0
2007,8,19,18,0.127,11.694,0
2007,8,20,0,0.0254,11,0.00166666666666667
2007,8,20,6,0.5588,14.139,0
2007,8,20,12,0.762,15.352,0
2007,8,20,18,0.0508,12.306,0
2007,8,21,0,0.0762,11.12,0.00333333333333333
2007,8,21,6,0.508,13.676,0
2007,8,21,12,0.5334,17.287,0
2007,8,21,18,0.635,12.676,0.00166666666666667
2007,8,22,0,0.8128,10.333,0.00833333333333333
2007,8,22,6,0,15.037,0
2007,8,22,12,0,19.222,0
2007,8,22,18,0,11.972,0
2007,8,23,0,0,8.944,0.00166666666666667
2007,8,23,6,0,15.296,0
2007,8,23,12,0,20.509,0
2007,8,23,18,0,11.602,0.00333333333333333
2007,8,24,0,0,8.676,0.01
2007,8,24,6,0,14.102,0
2007,8,24,12,0,18.13,0
2007,8,24,18,0,12.306,0
2007,8,25,0,0,9.944,0
2007,8,25,6,0.2794,13.676,0
2007,8,25,12,1.905,15.37,0
2007,8,25,18,3.4798,11.537,0
2007,8,26,0,0.8128,9.25,0.00666666666666667
2007,8,26,6,1.1684,12.306,0
2007,8,26,12,0.7874,15.315,0
2007,8,26,18,0.127,9.213,0.01
2007,8,27,0,0.9652,5.352,0.0266666666666667
2007,8,27,6,0,11.574,0.005
2007,8,27,12,0,17.148,0
2007,8,27,18,0,8.602,0.015
2007,8,28,0,0,5.537,0.045
2007,8,28,6,0,14.417,0.00166666666666667
2007,8,28,12,0,21.278,0
2007,8,28,18,0,10.463,0.015
2007,8,29,0,0,7.731,0.0283333333333333
2007,8,29,6,0,16.657,0.00166666666666667
2007,8,29,12,0,23.444,0
2007,8,29,18,0,13.833,0.00333333333333333
2007,8,30,0,0,9.704,0.0133333333333333
2007,8,30,6,0,15.917,0
2007,8,30,12,0,19.352,0
2007,8,30,18,0,12.231,0
2007,8,31,0,0,10.157,0.00333333333333333
2007,8,31,6,0,14.713,0
2007,8,31,12,0,15.463,0
2007,8,31,18,0,9.796,0.00666666666666667
2007,9,1,0,0,7.204,0.015
2007,9,1,6,0,11.731,0.00333333333333333
2007,9,1,12,0,16.361,0
2007,9,1,18,0,11.037,0.00166666666666667
2007,9,2,0,0,8,0.015
2007,9,2,6,0,13.185,0.00166666666666667
2007,9,2,12,0,16.796,0
2007,9,2,18,0,12.481,0
2007,9,3,0,0,9.648,0.00833333333333333
2007,9,3,6,0,13.111,0
2007,9,3,12,1.0668,16.306,0
2007,9,3,18,2.032,12.509,0
2007,9,4,0,5.7658,10.611,0
2007,9,4,6,0,14.324,0
2007,9,4,12,0,16.324,0
2007,9,4,18,1.016,11.75,0
2007,9,5,0,2.6416,10.102,0
2007,9,5,6,0,13.333,0
2007,9,5,12,0,16.593,0
2007,9,5,18,0,12.778,0
2007,9,6,0,0,10.185,0
2007,9,6,6,0,13.204,0
2007,9,6,12,0,16.5,0
2007,9,6,18,0,10.324,0.00333333333333333
2007,9,7,0,0,7.426,0.01
2007,9,7,6,0,12.389,0.00166666666666667
2007,9,7,12,0,17.185,0
2007,9,7,18,0,9.556,0.0116666666666667
2007,9,8,0,0,5.889,0.0483333333333333
2007,9,8,6,0,12.926,0.00666666666666667
2007,9,8,12,0,18.88,0
2007,9,8,18,0,7.611,0.045
2007,9,9,0,0,5.852,0.0766666666666667
2007,9,9,6,0,12.565,0.015
2007,9,9,12,0,21.769,0
2007,9,9,18,0,9.741,0.0316666666666667
2007,9,10,0,0,6.333,0.085
2007,9,10,6,0,15.028,0.005
2007,9,10,12,0,22.898,0
2007,9,10,18,0,12.157,0.005
2007,9,11,0,0,7.648,0.035
2007,9,11,6,0,15.157,0.00166666666666667
2007,9,11,12,0,19.333,0
2007,9,11,18,0,10.463,0.00333333333333333
2007,9,12,0,0,7.333,0.015
2007,9,12,6,0,13.565,0.00166666666666667
2007,9,12,12,0,18.685,0
2007,9,12,18,0,9.704,0.015
2007,9,13,0,0,6.306,0.045
2007,9,13,6,0,12,0.00666666666666667
2007,9,13,12,0,17.37,0
2007,9,13,18,0,8.694,0.0166666666666667
2007,9,14,0,0,6.907,0.0333333333333333
2007,9,14,6,0,10.963,0.01
2007,9,14,12,0,16.417,0
2007,9,14,18,0,9.25,0.00833333333333333
2007,9,15,0,0,7.222,0.0166666666666667
2007,9,15,6,0,11.204,0.005
2007,9,15,12,0,15.472,0
2007,9,15,18,0,9.519,0.00833333333333333
2007,9,16,0,0,8.037,0.01
2007,9,16,6,1.1176,10.194,0.005
2007,9,16,12,3.556,10.444,0
2007,9,16,18,0.0508,8.778,0.01
2007,9,17,0,0.4064,8.028,0.01
2007,9,17,6,0.0254,9.806,0.00333333333333333
2007,9,17,12,0,11.25,0
2007,9,17,18,0.4826,6.111,0.0216666666666667
2007,9,18,0,0.508,3.926,0.055
2007,9,18,6,0,8.824,0.0133333333333333
2007,9,18,12,1.016,11.722,0.00833333333333333
2007,9,18,18,0.7112,4.111,0.0616666666666667
2007,9,19,0,1.524,2.343,0.195
2007,9,19,6,0,6.639,0.03
2007,9,19,12,0,11.648,0.00166666666666667
2007,9,19,18,0,5.463,0.0766666666666667
2007,9,20,0,0.0762,5.167,0.0766666666666667
2007,9,20,6,4.2926,7.139,0.0216666666666667
2007,9,20,12,0,8.806,0.0116666666666667
2007,9,20,18,0,5.139,0.045
2007,9,21,0,1.5748,4.685,0.055
2007,9,21,6,0,8.389,0.0183333333333333
2007,9,21,12,10.033,10.861,0.00333333333333333
2007,9,21,18,4.7498,8.352,0.01
2007,9,22,0,1.4478,7.13,0.015
2007,9,22,6,0,7.435,0.0183333333333333
2007,9,22,12,0,10.306,0.0116666666666667
2007,9,22,18,0,4.981,0.0516666666666667
2007,9,23,0,0,2.991,0.0883333333333333
2007,9,23,6,0,6.463,0.0333333333333333
2007,9,23,12,0,11.046,0.01
2007,9,23,18,0,4.731,0.0616666666666667
2007,9,24,0,0.2286,3.37,0.095
2007,9,24,6,0.0254,7.12,0.0283333333333333
2007,9,24,12,0,10.259,0.01
2007,9,24,18,3.429,7.287,0.0183333333333333
2007,9,25,0,0.4064,6.907,0.02
2007,9,25,6,0,8.13,0.015
2007,9,25,12,0,10.389,0.01
2007,9,25,18,0.127,6.407,0.0183333333333333
2007,9,26,0,0.1524,6.009,0.02
2007,9,26,6,0,8.463,0.00666666666666667
2007,9,26,12,0,10.815,0
2007,9,26,18,0,5.954,0.0233333333333333
2007,9,27,0,0.0254,6.028,0.0216666666666667
2007,9,27,6,0.0254,9.009,0.005
2007,9,27,12,8.001,9.194,0.00333333333333333
2007,9,27,18,19.5834,6.898,0.01
2007,9,28,0,3.556,5.602,0.0233333333333333
2007,9,28,6,0,5.583,0.03
2007,9,28,12,0.0762,7.528,0.0183333333333333
2007,9,28,18,0.889,4.343,0.0666666666666667
2007,9,29,0,0.762,2.685,0.155
2007,9,29,6,0,4.852,0.0733333333333333
2007,9,29,12,4.191,6.963,0.0283333333333333
2007,9,29,18,12.9032,4.861,0.06
2007,9,30,0,16.7132,5.546,0.0416666666666667
2007,9,30,6,15.4432,6.519,0.0266666666666667
2007,9,30,12,14.3256,8.148,0.0166666666666667
2007,9,30,18,11.8872,6.398,0.0283333333333333
2007,10,1,0,8.763,5.944,0.0366666666666667
2007,10,1,6,1.2954,5.806,0.0433333333333333
2007,10,1,12,0.9906,7.528,0.0233333333333333
2007,10,1,18,7.8994,5.963,0.035
2007,10,2,0,6.35,6.324,0.0216666666666667
2007,10,2,6,8.9916,7.417,0.0133333333333333
2007,10,2,12,8.9662,7.056,0.0183333333333333
2007,10,2,18,3.302,4.935,0.0483333333333333
2007,10,3,0,2.6924,4.019,0.0666666666666667
2007,10,3,6,0.508,4.898,0.055
2007,10,3,12,0.1778,6.259,0.04
2007,10,3,18,4.9276,2.769,0.131666666666667
2007,10,4,0,1.3716,1.62,0.231666666666667
2007,10,4,6,0.6096,3.648,0.143333333333333
2007,10,4,12,0.9652,7.13,0.0383333333333333
2007,10,4,18,1.778,2.222,0.176666666666667
2007,10,5,0,2.0066,0.333,0.578333333333333
2007,10,5,6,0,2.537,0.311666666666667
2007,10,5,12,0,6.713,0.0233333333333333
2007,10,5,18,0.1016,2.269,0.163333333333333
2007,10,6,0,0.2032,3.185,0.0983333333333333
2007,10,6,6,0.127,5.009,0.055
2007,10,6,12,0.2794,6.676,0.0366666666666667
2007,10,6,18,3.8862,6.676,0.0333333333333333
2007,10,7,0,1.0414,7.38,0.0183333333333333
2007,10,7,6,0.4318,7.972,0.015
2007,10,7,12,18.7706,8.435,0.0133333333333333
2007,10,7,18,0.2286,4.296,0.0666666666666667
2007,10,8,0,0.7366,2.148,0.141666666666667
2007,10,8,6,0,5.417,0.0616666666666667
2007,10,8,12,0,10.139,0.0183333333333333
2007,10,8,18,0,6.741,0.0683333333333333
2007,10,9,0,0,7.713,0.0316666666666667
2007,10,9,6,0,10.204,0.00833333333333333
2007,10,9,12,0,11.37,0
2007,10,9,18,0.254,7.713,0.01
2007,10,10,0,0.7874,6.306,0.0183333333333333
2007,10,10,6,2.54,8.269,0.0133333333333333
2007,10,10,12,0.762,9.009,0.01
2007,10,10,18,1.3462,5.343,0.035
2007,10,11,0,0.3556,4.62,0.045
2007,10,11,6,0,6,0.0333333333333333
2007,10,11,12,0,9.972,0.01
2007,10,11,18,0,5.981,0.0433333333333333
2007,10,12,0,0,3.602,0.0933333333333333
2007,10,12,6,0,6.287,0.045
2007,10,12,12,0,10.463,0.0116666666666667
2007,10,12,18,0,2.472,0.286666666666667
2007,10,13,0,0,0.556,0.678333333333333
2007,10,13,6,0,5.315,0.196666666666667
2007,10,13,12,0,11.843,0.00166666666666667
2007,10,13,18,0,4.843,0.0916666666666667
2007,10,14,0,0,2.5,0.27
2007,10,14,6,0,7.389,0.0433333333333333
2007,10,14,12,0,10.815,0.00166666666666667
2007,10,14,18,0,5.815,0.03
2007,10,15,0,0,4.519,0.045
2007,10,15,6,0,6.944,0.0216666666666667
2007,10,15,12,2.9972,8.806,0.01
2007,10,15,18,2.54,6.167,0.0183333333333333
2007,10,16,0,1.651,4.815,0.0383333333333333
2007,10,16,6,0.0254,5.25,0.0483333333333333
2007,10,16,12,3.7338,6.639,0.025
2007,10,16,18,3.2004,3.231,0.118333333333333
2007,10,17,0,0.2286,1.648,0.281666666666667
2007,10,17,6,3.7084,3.843,0.118333333333333
2007,10,17,12,0.0508,5.25,0.055
2007,10,17,18,0.0508,2.898,0.14
2007,10,18,0,1.1176,2.204,0.193333333333333
2007,10,18,6,15.4178,3.583,0.118333333333333
2007,10,18,12,4.445,5.241,0.05
2007,10,18,18,5.207,4.926,0.05
2007,10,19,0,17.5768,4.685,0.05
2007,10,19,6,17.0434,4.843,0.0566666666666667
2007,10,19,12,9.271,5.231,0.0583333333333333
2007,10,19,18,2.667,3.194,0.116666666666667
2007,10,20,0,1.778,3.148,0.103333333333333
2007,10,20,6,1.397,4.278,0.075
2007,10,20,12,1.0922,5.62,0.0466666666666667
2007,10,20,18,2.2352,3.287,0.09
2007,10,21,0,0.381,3.333,0.0866666666666667
2007,10,21,6,2.2352,4.481,0.0716666666666667
2007,10,21,12,14.4272,6.315,0.045
2007,10,21,18,17.2974,4.222,0.0733333333333333
2007,10,22,0,4.699,5.574,0.0516666666666667
2007,10,22,6,4.4196,8.194,0.0233333333333333
2007,10,22,12,3.0226,10.667,0.0166666666666667
2007,10,22,18,0.3302,7.759,0.0283333333333333
2007,10,23,0,0.2794,5.75,0.0383333333333333
2007,10,23,6,0,8.167,0.0183333333333333
2007,10,23,12,0,12.343,0
2007,10,23,18,0,8.944,0.005
2007,10,24,0,0,6.315,0.0133333333333333
2007,10,24,6,9.271,6.509,0.02
2007,10,24,12,5.461,6.102,0.0216666666666667
2007,10,24,18,1.4986,3.074,0.101666666666667
2007,10,25,0,1.1176,0.759,0.43
2007,10,25,6,0,2.083,0.376666666666667
2007,10,25,12,0,6.231,0.05
2007,10,25,18,0,0.12,0.768333333333333
2007,10,26,0,0,-1.343,1
2007,10,26,6,0,2.167,0.573333333333333
2007,10,26,12,0,6.213,0.075
2007,10,26,18,0,-0.833,0.933333333333333
2007,10,27,0,0,-1.593,1
2007,10,27,6,0,2.139,0.673333333333333
2007,10,27,12,0,5.278,0.146666666666667
2007,10,27,18,0,0.852,0.915
2007,10,28,0,0,1.352,0.693333333333333
2007,10,28,6,0,4.259,0.105
2007,10,28,12,0,6.259,0.0316666666666667
2007,10,28,18,0,3.009,0.198333333333333
2007,10,29,0,0,2.352,0.208333333333333
2007,10,29,6,2.8702,4.491,0.045
2007,10,29,12,0.4572,5.37,0.0416666666666667
2007,10,29,18,0.0762,0.074,0.718333333333333
2007,10,30,0,0.1016,-1.537,0.998333333333333
2007,10,30,6,0,1.315,0.558333333333333
2007,10,30,12,0,4.769,0.123333333333333
2007,10,30,18,0,-1.815,0.998333333333333
2007,10,31,0,0,-2.019,1
2007,10,31,6,0,1.157,0.681666666666667
2007,10,31,12,0,4.731,0.111666666666667
2007,10,31,18,0,1.944,0.223333333333333
2007,11,1,0,0,1.204,0.248333333333333
2007,11,1,6,0,1.139,0.506666666666667
2007,11,1,12,0,3.472,0.143333333333333
2007,11,1,18,0,-2.741,0.998333333333333
2007,11,2,0,0,-3.796,1
2007,11,2,6,0,1.861,0.52
2007,11,2,12,0.1016,5.463,0.0733333333333333
2007,11,2,18,2.3114,0.991,0.513333333333333
2007,11,3,0,2.4384,1.157,0.343333333333333
2007,11,3,6,0.2032,3.981,0.0883333333333333
2007,11,3,12,0.3048,7.028,0.0366666666666667
2007,11,3,18,0.4572,5.981,0.05
2007,11,4,0,1.3716,5.593,0.05
2007,11,4,6,0.0762,4.269,0.075
2007,11,4,12,0.2286,6.444,0.0483333333333333
2007,11,4,18,0.0508,-0.176,0.851666666666667
2007,11,5,0,0,-0.204,0.881666666666667
2007,11,5,6,0,2.259,0.57
2007,11,5,12,0,5.769,0.0866666666666667
2007,11,5,18,0,0.731,0.835
2007,11,6,0,0,0.731,0.74
2007,11,6,6,0.1778,3.278,0.205
2007,11,6,12,1.3462,6.167,0.0583333333333333
2007,11,6,18,3.5814,4.093,0.095
2007,11,7,0,0.508,3.981,0.085
2007,11,7,6,5.9944,4.361,0.0716666666666667
2007,11,7,12,0.3556,5.509,0.05
2007,11,7,18,0,4.861,0.06
2007,11,8,0,3.7846,4.972,0.055
2007,11,8,6,2.5654,6.676,0.0383333333333333
2007,11,8,12,0.8382,7.954,0.025
2007,11,8,18,0,6.25,0.0483333333333333
2007,11,9,0,5.334,6.278,0.0483333333333333
2007,11,9,6,3.9624,5.426,0.05
2007,11,9,12,0.2286,6.713,0.0383333333333333
2007,11,9,18,4.9022,4.898,0.055
2007,11,10,0,15.7226,6.176,0.0366666666666667
2007,11,10,6,1.5494,3.907,0.0833333333333333
2007,11,10,12,0.1524,3.944,0.103333333333333
2007,11,10,18,0,1.667,0.288333333333333
2007,11,11,0,2.3876,1.944,0.226666666666667
2007,11,11,6,0,2.704,0.155
2007,11,11,12,0.1524,4.769,0.0783333333333333
2007,11,11,18,0.508,4.769,0.0783333333333333
2007,11,12,0,2.1082,6.194,0.0566666666666667
2007,11,12,6,12.2936,5.278,0.0633333333333333
2007,11,12,12,6.3754,4.676,0.0716666666666667
2007,11,12,18,1.4478,1.343,0.273333333333333
2007,11,13,0,0.9906,1.648,0.238333333333333
2007,11,13,6,0,1.778,0.206666666666667
2007,11,13,12,0,2.315,0.17
2007,11,13,18,0,-1.861,0.953333333333333
2007,11,14,0,0,-1.815,0.996666666666667
2007,11,14,6,0,2.12,0.613333333333333
2007,11,14,12,0.6858,5.389,0.105
2007,11,14,18,2.8702,4.167,0.0933333333333333
2007,11,15,0,1.6764,4.787,0.065
2007,11,15,6,0.5334,3.574,0.1
2007,11,15,12,10.922,4.778,0.0733333333333333
2007,11,15,18,29.8958,4.38,0.0766666666666667
2007,11,16,0,9.9822,4.556,0.0666666666666667
2007,11,16,6,4.2418,3.398,0.0933333333333333
2007,11,16,12,0.889,3.87,0.09
2007,11,16,18,0,2.019,0.163333333333333
2007,11,17,0,0.0254,1.37,0.23
2007,11,17,6,3.0226,1.889,0.185
2007,11,17,12,10.9474,2.778,0.116666666666667
2007,11,17,18,1.0922,0.278,0.585
2007,11,18,0,0.0508,-2.065,0.983333333333333
2007,11,18,6,0,-1.343,0.925
2007,11,18,12,1.9558,0.472,0.788333333333333
2007,11,18,18,6.4008,-2.787,1
2007,11,19,0,0,-3.444,1
2007,11,19,6,3.0734,-2.074,0.98
2007,11,19,12,3.3274,0.324,0.845
2007,11,19,18,0.1524,-1.287,0.995
2007,11,20,0,0,-2.75,1
2007,11,20,6,0,-2.324,0.955
2007,11,20,12,0,-0.167,0.775
2007,11,20,18,0,-4.806,1
2007,11,21,0,0,-4.954,1
2007,11,21,6,0,-2.657,0.998333333333333
2007,11,21,12,0,-0.028,0.916666666666667
2007,11,21,18,0,-3.926,1
2007,11,22,0,0,-4.769,1
2007,11,22,6,0,-3.111,1
2007,11,22,12,0,-0.565,0.985
2007,11,22,18,0,-4.528,1
2007,11,23,0,0,-5.75,1
2007,11,23,6,0,-3.398,1
2007,11,23,12,0,-0.343,0.996666666666667
2007,11,23,18,0,-3.333,1
2007,11,24,0,0,-3.13,1
2007,11,24,6,0,-1.157,0.995
2007,11,24,12,0,-0.102,0.975
2007,11,24,18,0,-2.472,1
2007,11,25,0,0,-4.685,1
2007,11,25,6,0,-3.676,1
2007,11,25,12,0,-1.861,0.998333333333333
2007,11,25,18,0,-4.102,1
2007,11,26,0,0,-2.657,1
2007,11,26,6,0.254,0.241,0.99
2007,11,26,12,15.5702,0.528,0.913333333333333
2007,11,26,18,10.4648,-2.509,1
2007,11,27,0,3.1242,-2.463,1
2007,11,27,6,8.0518,-2.361,1
2007,11,27,12,2.9718,-1.574,0.993333333333333
2007,11,27,18,0.7112,-5.398,1
2007,11,28,0,0.5334,-5.528,1
2007,11,28,6,1.5748,-1.361,0.923333333333333
2007,11,28,12,7.0358,0.306,0.52
2007,11,28,18,5.1054,-1.222,0.955
2007,11,29,0,0.0508,-1.852,1
2007,11,29,6,0,-0.981,0.971666666666667
2007,11,29,12,0,-1.389,0.936666666666667
2007,11,29,18,0,-5.944,1
2007,11,30,0,0,-5.287,1
2007,11,30,6,0,-3.343,1
2007,11,30,12,0,-1.528,0.983333333333333
2007,11,30,18,0,-4.454,1
2007,12,1,0,0.4572,-6.491,1
2007,12,1,6,1.4732,-6.352,1
2007,12,1,12,2.5654,-4.843,1
2007,12,1,18,5.1308,-4.556,1
2007,12,2,0,2.0828,-4.509,1
2007,12,2,6,6.731,-3.713,0.998333333333333
2007,12,2,12,18.8214,0.713,0.501666666666667
2007,12,2,18,13.716,2.731,0.13
2007,12,3,0,42.164,2.907,0.106666666666667
2007,12,3,6,47.371,6.796,0.0433333333333333
2007,12,3,12,16.8402,7.694,0.0416666666666667
2007,12,3,18,10.8966,4.213,0.065
2007,12,4,0,21.3614,5.204,0.06
2007,12,4,6,8.382,5.806,0.055
2007,12,4,12,2.5654,4.713,0.0583333333333333
2007,12,4,18,0.1778,3.343,0.0783333333333334
2007,12,5,0,2.286,2.87,0.08
2007,12,5,6,0.3302,2.694,0.0983333333333333
2007,12,5,12,0,2.019,0.16
2007,12,5,18,0,-1.009,0.821666666666667
2007,12,6,0,0,-3.046,1
2007,12,6,6,0,-1.407,0.891666666666667
2007,12,6,12,0,0.62,0.553333333333333
2007,12,6,18,0,-2.259,1
2007,12,7,0,0,-3.759,1
2007,12,7,6,0,-2.741,1
2007,12,7,12,0,-2.648,0.998333333333333
2007,12,7,18,0,-5.704,1
2007,12,8,0,0,-5.796,1
2007,12,8,6,0,-5.815,1
2007,12,8,12,0,-4.231,1
2007,12,8,18,0,-7.019,1
2007,12,9,0,0,-6.333,1
2007,12,9,6,1.7526,-3.509,1
2007,12,9,12,0.0508,-2.167,1
2007,12,9,18,0,-3.269,1
2007,12,10,0,0,-5.528,1
2007,12,10,6,0,-4.398,1
2007,12,10,12,0,-2.778,0.998333333333333
2007,12,10,18,0,-4.713,1
2007,12,11,0,0.0254,-3.009,1
2007,12,11,6,0,-1.889,1
2007,12,11,12,0.6858,-0.722,0.993333333333333
2007,12,11,18,3.1496,-2.583,1
2007,12,12,0,0.0762,-2.778,1
2007,12,12,6,0,-2.296,0.998333333333333
2007,12,12,12,0,-1.889,0.986666666666667
2007,12,12,18,0.0254,-2.787,1
2007,12,13,0,0.127,-3.269,1
2007,12,13,6,1.8034,-2.528,1
2007,12,13,12,23.7236,-0.509,0.828333333333333
2007,12,13,18,5.8166,-0.926,0.93
2007,12,14,0,1.016,-1.824,0.99
2007,12,14,6,0.635,-0.676,0.725
2007,12,14,12,0.6858,1.083,0.3
2007,12,14,18,4.7752,1.25,0.298333333333333
2007,12,15,0,10.668,1.87,0.196666666666667
2007,12,15,6,0.635,-0.361,0.696666666666667
2007,12,15,12,0.8382,0.167,0.548333333333333
2007,12,15,18,0.6096,-1.037,0.888333333333333
2007,12,16,0,0.5334,-0.444,0.748333333333333
2007,12,16,6,0.0762,0.657,0.545
2007,12,16,12,0.2032,3.37,0.146666666666667
2007,12,16,18,1.4478,0.731,0.456666666666667
2007,12,17,0,2.5654,0.241,0.555
2007,12,17,6,3.4798,0.157,0.526666666666667
2007,12,17,12,0,-0.676,0.9
2007,12,17,18,0,-2.407,1
2007,12,18,0,2.3622,-3.583,1
2007,12,18,6,21.7424,0.204,0.586666666666667
2007,12,18,12,5.3086,1.315,0.233333333333333
2007,12,18,18,3.4544,0.676,0.3
2007,12,19,0,4.2418,-1.102,0.891666666666667
2007,12,19,6,5.2578,-0.009,0.618333333333333
2007,12,19,12,1.1176,1.324,0.261666666666667
2007,12,19,18,4.9276,1.157,0.26
2007,12,20,0,0.127,-0.093,0.745
2007,12,20,6,0.0508,-0.278,0.851666666666667
2007,12,20,12,0.4064,-0.037,0.726666666666667
2007,12,20,18,0.0508,-3.787,1
2007,12,21,0,0,-5.296,1
2007,12,21,6,0,-2.343,0.865
2007,12,21,12,0,1.046,0.313333333333333
2007,12,21,18,0.127,-1.991,0.948333333333333
2007,12,22,0,2.2098,-1.454,0.973333333333333
2007,12,22,6,28.2956,1.648,0.256666666666667
2007,12,22,12,3.7846,2.111,0.168333333333333
2007,12,22,18,1.778,-1.352,0.91
2007,12,23,0,0.1524,-1.028,0.89
2007,12,23,6,8.6868,0.185,0.58
2007,12,23,12,18.9738,2.935,0.0983333333333333
2007,12,23,18,6.4008,0.722,0.426666666666667
2007,12,24,0,1.5748,-1.176,0.986666666666667
2007,12,24,6,0,-0.731,0.851666666666667
2007,12,24,12,0,0.889,0.32
2007,12,24,18,0,-0.926,0.905
2007,12,25,0,0,-3.056,1
2007,12,25,6,0.0254,-1.12,0.976666666666667
2007,12,25,12,7.2898,0.009,0.773333333333333
2007,12,25,18,7.6454,-1.269,0.996666666666667
2007,12,26,0,5.461,-1.556,1
2007,12,26,6,4.5212,-1.611,0.996666666666667
2007,12,26,12,5.4864,-1.13,0.988333333333333
2007,12,26,18,0.381,-2.565,1
2007,12,27,0,2.4384,-3.139,1
2007,12,27,6,0.6858,-2.944,1
2007,12,27,12,7.5438,-1.213,0.991666666666667
2007,12,27,18,14.605,-1.528,0.998333333333333
2007,12,28,0,15.9258,-1.139,0.973333333333333
2007,12,28,6,4.2926,-0.185,0.661666666666667
2007,12,28,12,4.7244,-0.269,0.72
2007,12,28,18,3.4798,-1.38,0.978333333333333
2007,12,29,0,1.4224,-2.194,0.993333333333333
2007,12,29,6,0,-2.12,0.975
2007,12,29,12,0.6858,0.231,0.506666666666667
2007,12,29,18,1.1938,-0.62,0.841666666666667
2007,12,30,0,0.6604,-1.565,0.988333333333333
2007,12,30,6,0.5842,-1.361,0.965
2007,12,30,12,0.1016,0.315,0.525
2007,12,30,18,0,-0.537,0.86
2007,12,31,0,0,-0.546,0.873333333333333
2007,12,31,6,0,-1.37,0.98
2007,12,31,12,0,-2.472,0.963333333333333
2007,12,31,18,0,-4.806,1
2008,1,1,0,0,-1.37,0.996666666666667
2008,1,1,6,0,0.509,0.881666666666667
2008,1,1,12,0,2.241,0.418333333333333
2008,1,1,18,0.0508,1.157,0.89
2008,1,2,0,2.5908,1.685,0.375
2008,1,2,6,1.3462,0.63,0.416666666666667
2008,1,2,12,0,0.602,0.446666666666667
2008,1,2,18,0.0508,-0.75,0.736666666666667
2008,1,3,0,0,1.407,0.321666666666667
2008,1,3,6,0,2.481,0.178333333333333
2008,1,3,12,0,3.537,0.115
2008,1,3,18,0,0.935,0.445
2008,1,4,0,0,0.148,0.631666666666667
2008,1,4,6,5.6896,3.213,0.166666666666667
2008,1,4,12,1.9812,3.676,0.145
2008,1,4,18,3.9878,2,0.3
2008,1,5,0,3.1242,0.296,0.648333333333333
2008,1,5,6,1.6256,-0.685,0.91
2008,1,5,12,1.27,-0.241,0.751666666666667
2008,1,5,18,0.2286,-0.713,0.863333333333333
2008,1,6,0,0,-2.426,0.995
2008,1,6,6,0.1778,-1.37,0.921666666666667
2008,1,6,12,0.2286,-0.296,0.783333333333333
2008,1,6,18,0,-2.639,0.996666666666667
2008,1,7,0,0.0762,-3.713,1
2008,1,7,6,0.3556,-2.824,0.996666666666667
2008,1,7,12,0,-1.296,0.978333333333333
2008,1,7,18,0.2032,-3.528,1
2008,1,8,0,8.2296,-2.824,1
2008,1,8,6,2.794,-0.259,0.741666666666667
2008,1,8,12,2.0828,0.861,0.373333333333333
2008,1,8,18,5.4864,-2.074,0.998333333333333
2008,1,9,0,2.4892,-2.074,0.99
2008,1,9,6,1.1938,-1.38,0.945
2008,1,9,12,0.0254,-1.815,0.988333333333333
2008,1,9,18,9.5758,-2.75,0.998333333333333
2008,1,10,0,11.4808,-0.796,0.828333333333333
2008,1,10,6,12.9794,-0.056,0.595
2008,1,10,12,4.6228,0.454,0.451666666666667
2008,1,10,18,16.5354,0.333,0.465
2008,1,11,0,11.5062,1.185,0.303333333333333
2008,1,11,6,15.5956,0.926,0.37
2008,1,11,12,0.6096,0.167,0.595
2008,1,11,18,0,-1.398,0.828333333333333
2008,1,12,0,0,-0.778,0.753333333333333
2008,1,12,6,10.4394,1.639,0.29
2008,1,12,12,6.1468,2.296,0.14
2008,1,12,18,1.905,1.315,0.221666666666667
2008,1,13,0,0.8382,-0.444,0.635
2008,1,13,6,0,-1.62,0.891666666666667
2008,1,13,12,0,0.759,0.505
2008,1,13,18,0,1.444,0.513333333333333
2008,1,14,0,1.7526,2.639,0.23
2008,1,14,6,5.207,2.472,0.136666666666667
2008,1,14,12,28.6004,0.685,0.436666666666667
2008,1,14,18,5.842,-2.463,0.998333333333333
2008,1,15,0,2.3368,-4.333,1
2008,1,15,6,0,-4.426,1
2008,1,15,12,0,-2.574,1
2008,1,15,18,0,-4.343,1
2008,1,16,0,0,-5.102,1
2008,1,16,6,0,-4.074,1
2008,1,16,12,0,-2.352,1
2008,1,16,18,0,-4.38,1
2008,1,17,0,0,-4.537,1
2008,1,17,6,0,-3.12,1
2008,1,17,12,0,-1,0.943333333333333
2008,1,17,18,0,-4.019,1
2008,1,18,0,0,-3.583,1
2008,1,18,6,0,-1.889,0.966666666666667
2008,1,18,12,0,0.278,0.646666666666667
2008,1,18,18,0,-3.398,1
2008,1,19,0,0.4318,-4.343,1
2008,1,19,6,4.5974,-2.259,1
2008,1,19,12,3.5814,-1.315,0.991666666666667
2008,1,19,18,0.4572,-2.528,1
2008,1,20,0,0,-1.787,1
2008,1,20,6,0,-1.12,0.981666666666667
2008,1,20,12,0,-2.704,1
2008,1,20,18,0,-5.509,1
2008,1,21,0,0,-6.889,1
2008,1,21,6,0,-5.88,1
2008,1,21,12,0,-2.278,1
2008,1,21,18,0,-6.769,1
2008,1,22,0,0,-7.861,1
2008,1,22,6,0,-4.935,1
2008,1,22,12,0,-1.241,1
2008,1,22,18,0,-6.398,1
2008,1,23,0,0,-8.361,1
2008,1,23,6,0,-4.991,1
2008,1,23,12,0,-1.12,0.998333333333333
2008,1,23,18,0,-6.019,1
2008,1,24,0,0,-6.556,1
2008,1,24,6,0,-4.185,1
2008,1,24,12,0,-0.741,1
2008,1,24,18,0,-5.917,1
2008,1,25,0,0,-7.426,1
2008,1,25,6,0,-5.417,1
2008,1,25,12,0,-1.546,1
2008,1,25,18,0,-5.231,1
2008,1,26,0,0,-4.481,1
2008,1,26,6,0.0254,-2.287,1
2008,1,26,12,2.921,-1.074,1
2008,1,26,18,1.143,-2.963,1
2008,1,27,0,0.6858,-4.167,1
2008,1,27,6,0.1524,-3.676,1
2008,1,27,12,0.1016,-2.88,1
2008,1,27,18,0,-6.741,1
2008,1,28,0,0,-7.861,1
2008,1,28,6,0,-6.176,1
2008,1,28,12,0.5334,-3.676,1
2008,1,28,18,4.4704,-5.787,1
2008,1,29,0,11.9126,-4.352,1
2008,1,29,6,9.6774,-3.148,1
2008,1,29,12,7.6708,-2.565,1
2008,1,29,18,1.4732,-6.741,1
2008,1,30,0,1.8034,-6.065,1
2008,1,30,6,0.5842,-4.12,1
2008,1,30,12,2.2606,-1.731,0.993333333333333
2008,1,30,18,10.5918,-1.083,0.888333333333333
2008,1,31,0,6.6294,-0.815,0.765
2008,1,31,6,6.096,-2.546,0.998333333333333
2008,1,31,12,5.4102,-1.083,0.935
2008,1,31,18,2.3368,-3.028,1
2008,2,1,0,5.8166,-2.926,1
2008,2,1,6,3.7592,-1.87,0.985
2008,2,1,12,4.2672,-1.704,0.981666666666667
2008,2,1,18,1.6002,-3.519,1
2008,2,2,0,4.191,-3.602,1
2008,2,2,6,2.4638,-2.843,0.998333333333333
2008,2,2,12,0,-0.907,0.955
2008,2,2,18,0.381,-4.194,1
2008,2,3,0,0,-6.056,1
2008,2,3,6,0,-4.102,1
2008,2,3,12,0,-2.287,0.998333333333333
2008,2,3,18,0,-6.843,1
2008,2,4,0,0,-6.806,1
2008,2,4,6,0,-4.361,0.998333333333333
2008,2,4,12,0.2286,-0.991,0.923333333333333
2008,2,4,18,0.2032,-3.657,0.998333333333333
2008,2,5,0,1.0668,-3.324,1
2008,2,5,6,7.1882,-0.519,0.766666666666667
2008,2,5,12,15.0622,-0.176,0.706666666666667
2008,2,5,18,3.5306,-2.25,0.998333333333333
2008,2,6,0,0.9906,-2.519,1
2008,2,6,6,2.159,-2.185,0.99
2008,2,6,12,4.5974,-0.028,0.661666666666667
2008,2,6,18,9.9822,-0.361,0.695
2008,2,7,0,15.5194,1.741,0.223333333333333
2008,2,7,6,9.017,0.546,0.39
2008,2,7,12,5.969,1.361,0.27
2008,2,7,18,7.3406,0.361,0.433333333333333
2008,2,8,0,11.684,-0.343,0.64
2008,2,8,6,6.3246,0.37,0.426666666666667
2008,2,8,12,9.4488,0.676,0.375
2008,2,8,18,6.2484,-0.25,0.573333333333333
2008,2,9,0,3.2258,-0.574,0.643333333333333
2008,2,9,6,3.3528,0.5,0.385
2008,2,9,12,1.9558,1.704,0.236666666666667
2008,2,9,18,3.0988,0.685,0.375
2008,2,10,0,7.8994,1.407,0.251666666666667
2008,2,10,6,2.667,0.62,0.358333333333333
2008,2,10,12,7.3406,0.417,0.431666666666667
2008,2,10,18,0.254,-1.259,0.903333333333333
2008,2,11,0,1.651,-1.907,0.975
2008,2,11,6,6.35,-0.611,0.745
2008,2,11,12,1.0922,0.778,0.336666666666667
2008,2,11,18,0.4318,0.231,0.418333333333333
2008,2,12,0,3.429,1.583,0.223333333333333
2008,2,12,6,0,1.833,0.248333333333333
2008,2,12,12,10.033,1.741,0.206666666666667
2008,2,12,18,2.2098,-0.796,0.866666666666667
2008,2,13,0,1.1176,-1.315,0.988333333333333
2008,2,13,6,1.651,-0.509,0.715
2008,2,13,12,0,1.139,0.325
2008,2,13,18,0,-4.111,1
2008,2,14,0,0,-5.241,1
2008,2,14,6,0,-2.065,0.928333333333333
2008,2,14,12,0,0.565,0.466666666666667
2008,2,14,18,0,-0.87,0.896666666666667
2008,2,15,0,0,-0.62,0.816666666666667
2008,2,15,6,1.7272,0.352,0.611666666666667
2008,2,15,12,5.0038,0.963,0.32
2008,2,15,18,2.667,-0.639,0.816666666666667
2008,2,16,0,0.0254,-2.898,0.993333333333333
2008,2,16,6,0.0508,-1.278,0.723333333333333
2008,2,16,12,0.0254,1.602,0.29
2008,2,16,18,0,-4.028,0.996666666666667
2008,2,17,0,0,-3.787,1
2008,2,17,6,0,-0.528,0.785
2008,2,17,12,0,2.935,0.271666666666667
2008,2,17,18,0,-0.759,0.996666666666667
2008,2,18,0,0,-1.407,1
2008,2,18,6,0,1.287,0.763333333333333
2008,2,18,12,0,3.898,0.273333333333333
2008,2,18,18,0,-1.167,0.996666666666667
2008,2,19,0,0,-3.648,1
2008,2,19,6,0,-0.398,0.74
2008,2,19,12,0,3.741,0.231666666666667
2008,2,19,18,0,-1.019,0.988333333333333
2008,2,20,0,0,-1.13,0.886666666666667
2008,2,20,6,0,1.917,0.333333333333333
2008,2,20,12,0,4.778,0.0783333333333333
2008,2,20,18,0,-1.537,0.848333333333333
2008,2,21,0,0,-3.38,0.998333333333333
2008,2,21,6,0,0.463,0.598333333333333
2008,2,21,12,0,5.509,0.105
2008,2,21,18,0,-1.463,0.93
2008,2,22,0,0,-1.815,0.99
2008,2,22,6,0,2.694,0.316666666666667
2008,2,22,12,0,5.315,0.0733333333333333
2008,2,22,18,0.1016,1.75,0.301666666666667
2008,2,23,0,0,0.861,0.413333333333333
2008,2,23,6,0,2.843,0.163333333333333
2008,2,23,12,0,5.806,0.055
2008,2,23,18,0,-1.963,0.896666666666667
2008,2,24,0,0,-3.139,1
2008,2,24,6,0,1.333,0.53
2008,2,24,12,0,5.194,0.0766666666666667
2008,2,24,18,0,-1.296,0.918333333333333
2008,2,25,0,0,-3.241,1
2008,2,25,6,0,3.519,0.188333333333333
2008,2,25,12,0,5.389,0.0616666666666667
2008,2,25,18,0,1.12,0.283333333333333
2008,2,26,0,0,-1.194,0.921666666666667
2008,2,26,6,0,2.12,0.295
2008,2,26,12,0,3.87,0.128333333333333
2008,2,26,18,0,2.565,0.268333333333333
2008,2,27,0,0,2.981,0.211666666666667
2008,2,27,6,0.381,2.741,0.33
2008,2,27,12,0,3.204,0.198333333333333
2008,2,27,18,0,1.981,0.188333333333333
2008,2,28,0,0,2.148,0.158333333333333
2008,2,28,6,0,2.435,0.176666666666667
2008,2,28,12,0,5.491,0.0666666666666667
2008,2,28,18,0,0.694,0.708333333333333
2008,2,29,0,0,3.657,0.221666666666667
2008,2,29,6,4.064,5.093,0.0716666666666667
2008,2,29,12,9.906,4.852,0.0683333333333333
2008,2,29,18,8.9154,2.204,0.183333333333333
2008,3,1,0,3.7084,-0.231,0.691666666666667
2008,3,1,6,6.0198,-0.019,0.615
2008,3,1,12,1.7272,3.083,0.113333333333333
2008,3,1,18,3.0226,1.204,0.293333333333333
2008,3,2,0,0.635,-0.176,0.611666666666667
2008,3,2,6,0,-0.463,0.656666666666667
2008,3,2,12,0,1.667,0.288333333333333
2008,3,2,18,0,-1.028,0.88
2008,3,3,0,0.4572,-1.13,0.931666666666667
2008,3,3,6,9.3472,0.472,0.526666666666667
2008,3,3,12,3.7084,1.546,0.251666666666667
2008,3,3,18,1.7018,-0.926,0.838333333333333
2008,3,4,0,0.635,-0.741,0.808333333333333
2008,3,4,6,0,1.546,0.318333333333333
2008,3,4,12,0,3.694,0.116666666666667
2008,3,4,18,0,-2.685,0.96
2008,3,5,0,0,-4.537,1
2008,3,5,6,0,-0.537,0.686666666666667
2008,3,5,12,0,4.926,0.108333333333333
2008,3,5,18,0,-2.12,0.973333333333333
2008,3,6,0,0,-3,1
2008,3,6,6,0,1.926,0.598333333333333
2008,3,6,12,0,5.287,0.115
2008,3,6,18,0.0508,-1.472,0.975
2008,3,7,0,0.3302,0.009,0.703333333333333
2008,3,7,6,0,0.833,0.511666666666667
2008,3,7,12,0.0762,5.111,0.0816666666666667
2008,3,7,18,2.8448,3.648,0.138333333333333
2008,3,8,0,1.8288,1.102,0.336666666666667
2008,3,8,6,1.9812,3.583,0.105
2008,3,8,12,0.6096,4.778,0.101666666666667
2008,3,8,18,0,-1.426,0.901666666666667
2008,3,9,0,0,-2.204,0.995
2008,3,9,6,0,2.704,0.333333333333333
2008,3,9,12,0,5.333,0.116666666666667
2008,3,9,18,0,1.194,0.558333333333333
2008,3,10,0,4.4958,2.12,0.268333333333333
2008,3,10,6,15.5194,3.046,0.151666666666667
2008,3,10,12,2.6924,5.213,0.0766666666666667
2008,3,10,18,8.0518,2.731,0.163333333333333
2008,3,11,0,2.7432,0.852,0.451666666666667
2008,3,11,6,10.414,1.111,0.32
2008,3,11,12,3.7592,1.537,0.295
2008,3,11,18,0.2794,-0.13,0.625
2008,3,12,0,0,-3.444,0.993333333333333
2008,3,12,6,0,-1.519,0.773333333333333
2008,3,12,12,0,1.556,0.373333333333333
2008,3,12,18,0,-0.63,0.908333333333333
2008,3,13,0,0.127,-1.463,0.981666666666667
2008,3,13,6,0.5842,0.065,0.721666666666667
2008,3,13,12,2.1082,1.37,0.381666666666667
2008,3,13,18,1.4478,-0.583,0.793333333333333
2008,3,14,0,0.762,-0.648,0.808333333333333
2008,3,14,6,4.064,0.676,0.501666666666667
2008,3,14,12,4.4704,2.444,0.238333333333333
2008,3,14,18,0.381,-0.111,0.631666666666667
2008,3,15,0,0.7112,-1.019,0.848333333333333
2008,3,15,6,0.4572,0.37,0.52
2008,3,15,12,0.635,1.741,0.305
2008,3,15,18,0.5334,-1.352,0.921666666666667
2008,3,16,0,0.0254,-1.648,0.938333333333333
2008,3,16,6,0,-1.444,0.84
2008,3,16,12,0.0254,1.083,0.475
2008,3,16,18,3.9878,-1.574,0.925
2008,3,17,0,5.6896,-3.009,0.991666666666667
2008,3,17,6,2.1082,-0.926,0.743333333333333
2008,3,17,12,2.1336,1.815,0.241666666666667
2008,3,17,18,1.4986,-0.083,0.593333333333333
2008,3,18,0,0.1778,-1.444,0.91
2008,3,18,6,1.651,0.065,0.596666666666667
2008,3,18,12,1.8288,1.759,0.293333333333333
2008,3,18,18,0.5334,-2.361,0.981666666666667
2008,3,19,0,0.127,-3.269,0.998333333333333
2008,3,19,6,0.3302,-0.185,0.69
2008,3,19,12,1.0922,2.657,0.241666666666667
2008,3,19,18,6.1976,-1.657,0.945
2008,3,20,0,5.6134,-2.472,0.99
2008,3,20,6,0.254,-1.519,0.82
2008,3,20,12,0.1778,2.528,0.223333333333333
2008,3,20,18,1.651,0.009,0.693333333333333
2008,3,21,0,5.2578,-1.537,0.903333333333333
2008,3,21,6,1.8542,-2.083,0.901666666666667
2008,3,21,12,0.7112,1.426,0.366666666666667
2008,3,21,18,0,-2.935,0.99
2008,3,22,0,0,-3.87,1
2008,3,22,6,0,-0.065,0.765
2008,3,22,12,0,4.148,0.191666666666667
2008,3,22,18,0,2.176,0.511666666666667
2008,3,23,0,2.6162,0.324,0.845
2008,3,23,6,13.0048,1.176,0.355
2008,3,23,12,7.9248,1.685,0.266666666666667
2008,3,23,18,2.54,-1.972,0.938333333333333
2008,3,24,0,1.1684,-2.843,1
2008,3,24,6,0.254,-1.176,0.878333333333333
2008,3,24,12,0.5334,0.852,0.51
2008,3,24,18,0.0508,-4.102,0.998333333333333
2008,3,25,0,0,-5.315,1
2008,3,25,6,0.0508,-1.083,0.813333333333333
2008,3,25,12,0.6858,1.278,0.446666666666667
2008,3,25,18,3.0988,-0.5,0.845
2008,3,26,0,4.445,-1.898,0.955
2008,3,26,6,7.5692,-0.704,0.82
2008,3,26,12,0.9652,0.519,0.68
2008,3,26,18,3.0226,-3.519,1
2008,3,27,0,1.2446,-3.861,1
2008,3,27,6,3.048,-3.148,1
2008,3,27,12,2.5908,-1.306,0.951666666666667
2008,3,27,18,0.127,-4.435,1
2008,3,28,0,0.0254,-5.519,1
2008,3,28,6,3.2258,-3.435,0.998333333333333
2008,3,28,12,1.4986,-0.898,0.936666666666667
2008,3,28,18,0.8382,-4.204,1
2008,3,29,0,1.397,-4.546,1
2008,3,29,6,2.5654,-2.065,0.95
2008,3,29,12,3.2512,-0.25,0.816666666666667
2008,3,29,18,0.7874,-3.528,1
2008,3,30,0,1.1176,-3.917,1
2008,3,30,6,0,-0.731,0.788333333333333
2008,3,30,12,0,1.37,0.375
2008,3,30,18,0,-4.306,0.998333333333333
2008,3,31,0,0.9144,-2.713,0.985
2008,3,31,6,1.2192,0.037,0.636666666666667
2008,3,31,12,0.7366,2.167,0.261666666666667
2008,3,31,18,0,-1.324,0.873333333333333
2008,4,1,0,0,-5.315,1
2008,4,1,6,0,-0.87,0.688333333333333
2008,4,1,12,0,3.435,0.181666666666667
2008,4,1,18,0,-2.88,0.961666666666667
2008,4,2,0,0,-6.435,1
2008,4,2,6,0,0.389,0.558333333333333
2008,4,2,12,0,4.917,0.0916666666666667
2008,4,2,18,0,-3.315,0.975
2008,4,3,0,0,-6.019,1
2008,4,3,6,0,0.602,0.545
2008,4,3,12,0,4.546,0.105
2008,4,3,18,0,-3.13,0.973333333333333
2008,4,4,0,0.0508,-1.833,0.878333333333333
2008,4,4,6,1.8796,3.833,0.126666666666667
2008,4,4,12,0.7366,3.417,0.146666666666667
2008,4,4,18,0,-1.093,0.77
2008,4,5,0,0,-1.528,0.855
2008,4,5,6,0,1.463,0.34
2008,4,5,12,0,3.639,0.146666666666667
2008,4,5,18,0.127,-0.565,0.765
2008,4,6,0,2.5908,-0.111,0.651666666666667
2008,4,6,6,2.6924,2.074,0.243333333333333
2008,4,6,12,0.381,4.38,0.113333333333333
2008,4,6,18,4.1402,-0.222,0.658333333333333
2008,4,7,0,0.1016,-0.38,0.696666666666667
2008,4,7,6,2.4384,2.009,0.258333333333333
2008,4,7,12,0.1524,3.917,0.123333333333333
2008,4,7,18,1.6256,-0.139,0.626666666666667
2008,4,8,0,1.524,-1.315,0.855
2008,4,8,6,1.27,0.583,0.526666666666667
2008,4,8,12,1.9558,3.278,0.178333333333333
2008,4,8,18,0.0762,-0.667,0.721666666666667
2008,4,9,0,0,-2.889,0.998333333333333
2008,4,9,6,0,1.139,0.431666666666667
2008,4,9,12,0.254,3.954,0.151666666666667
2008,4,9,18,0.6604,-1.833,0.933333333333333
2008,4,10,0,2.0574,-1.426,0.88
2008,4,10,6,1.2446,1.741,0.365
2008,4,10,12,0.0762,5.889,0.0716666666666667
2008,4,10,18,0,-0.898,0.786666666666667
2008,4,11,0,0.1524,-0.981,0.768333333333333
2008,4,11,6,0,5.37,0.09
2008,4,11,12,0,8.759,0.0233333333333333
2008,4,11,18,0,3.204,0.228333333333333
2008,4,12,0,0,3.528,0.196666666666667
2008,4,12,6,0,8,0.055
2008,4,12,12,0,12.315,0.00833333333333333
2008,4,12,18,0,5.611,0.143333333333333
2008,4,13,0,0,1.241,0.443333333333333
2008,4,13,6,0,4.315,0.151666666666667
2008,4,13,12,0.0508,6.759,0.0366666666666667
2008,4,13,18,0.4826,1.278,0.473333333333333
2008,4,14,0,0.6096,0.176,0.611666666666667
2008,4,14,6,0.381,3.13,0.15
2008,4,14,12,0.635,2.954,0.196666666666667
2008,4,14,18,0.2032,0.398,0.518333333333333
2008,4,15,0,1.6256,-0.935,0.805
2008,4,15,6,4.826,0.417,0.5
2008,4,15,12,2.4638,2.63,0.198333333333333
2008,4,15,18,0,-0.065,0.553333333333333
2008,4,16,0,0.0508,-0.759,0.711666666666667
2008,4,16,6,0,2.194,0.241666666666667
2008,4,16,12,0,4.852,0.1
2008,4,16,18,0,0.667,0.42
2008,4,17,0,0,-0.259,0.58
2008,4,17,6,0,2.935,0.181666666666667
2008,4,17,12,0,4.898,0.095
2008,4,17,18,0,0.769,0.42
2008,4,18,0,0.4064,-1.454,0.856666666666667
2008,4,18,6,3.2512,-0.583,0.818333333333333
2008,4,18,12,4.0132,0.037,0.731666666666667
2008,4,18,18,1.2192,-2.907,1
2008,4,19,0,0.3048,-3.583,1
2008,4,19,6,0,-1.917,0.95
2008,4,19,12,0.2286,0.981,0.651666666666667
2008,4,19,18,0,-3.102,0.988333333333333
2008,4,20,0,0.0254,-4.491,1
2008,4,20,6,0.2032,-0.574,0.731666666666667
2008,4,20,12,0.254,2.852,0.235
2008,4,20,18,0,-2.685,0.931666666666667
2008,4,21,0,0,-5.537,1
2008,4,21,6,0,0.352,0.6
2008,4,21,12,0.0254,4.731,0.14
2008,4,21,18,0,-3.63,0.97
2008,4,22,0,0,-5.796,1
2008,4,22,6,0,1.407,0.528333333333333
2008,4,22,12,0,5.778,0.103333333333333
2008,4,22,18,0,0.491,0.681666666666667
2008,4,23,0,0.0254,-0.741,0.936666666666667
2008,4,23,6,0.3048,2.194,0.376666666666667
2008,4,23,12,0.127,5.296,0.101666666666667
2008,4,23,18,0.0254,1.694,0.283333333333333
2008,4,24,0,0.4572,0.306,0.51
2008,4,24,6,1.1176,1.713,0.305
2008,4,24,12,1.3208,3.556,0.186666666666667
2008,4,24,18,0.4826,-0.278,0.661666666666667
2008,4,25,0,0,-2.417,0.965
2008,4,25,6,0,0.315,0.603333333333333
2008,4,25,12,0,7.472,0.085
2008,4,25,18,0,-1.444,0.796666666666667
2008,4,26,0,0.0508,-4.25,1
2008,4,26,6,0,3.898,0.39
2008,4,26,12,0,10.333,0.035
2008,4,26,18,0,1.676,0.753333333333333
2008,4,27,0,0,0.713,0.79
2008,4,27,6,0,7.593,0.0883333333333333
2008,4,27,12,0.4826,9.75,0.0116666666666667
2008,4,27,18,0.2286,3.148,0.165
2008,4,28,0,1.0414,2.417,0.206666666666667
2008,4,28,6,2.8194,6.602,0.0416666666666667
2008,4,28,12,1.9812,7.306,0.0233333333333333
2008,4,28,18,6.8834,3.824,0.116666666666667
2008,4,29,0,10.0584,1.426,0.325
2008,4,29,6,6.3246,1.806,0.336666666666667
2008,4,29,12,1.9558,4,0.14
2008,4,29,18,5.461,-0.167,0.68
2008,4,30,0,4.3942,-1.083,0.788333333333333
2008,4,30,6,1.2446,1.769,0.318333333333333
2008,4,30,12,2.2606,4.667,0.095
2008,4,30,18,0.7366,2.417,0.198333333333333
2008,5,1,0,0.1016,-0.509,0.691666666666667
2008,5,1,6,0,3.602,0.171666666666667
2008,5,1,12,0,7.648,0.0283333333333333
2008,5,1,18,0,0.343,0.653333333333333
2008,5,2,0,0,-1.065,0.92
2008,5,2,6,0,5.407,0.123333333333333
2008,5,2,12,0,7.417,0.0316666666666667
2008,5,2,18,0,2.713,0.26
2008,5,3,0,0.0762,1.778,0.278333333333333
2008,5,3,6,0.7874,4.333,0.105
2008,5,3,12,0.2032,8.019,0.0366666666666667
2008,5,3,18,0,3.593,0.143333333333333
2008,5,4,0,0,1.306,0.365
2008,5,4,6,0,6.704,0.0616666666666667
2008,5,4,12,0,10.926,0.0116666666666667
2008,5,4,18,0,3.315,0.285
2008,5,5,0,0,1.037,0.523333333333333
2008,5,5,6,0,6.528,0.0683333333333333
2008,5,5,12,0,10.074,0.0116666666666667
2008,5,5,18,0,3.917,0.115
2008,5,6,0,0,1.231,0.343333333333333
2008,5,6,6,0,5.176,0.0733333333333333
2008,5,6,12,0,7.87,0.0216666666666667
2008,5,6,18,0,3.287,0.153333333333333
2008,5,7,0,0,1.704,0.245
2008,5,7,6,0,4.102,0.121666666666667
2008,5,7,12,0,6.37,0.05
2008,5,7,18,0,2.269,0.27
2008,5,8,0,0,-0.148,0.635
2008,5,8,6,0,3.435,0.196666666666667
2008,5,8,12,0,6.981,0.0516666666666667
2008,5,8,18,0,-0.333,0.686666666666667
2008,5,9,0,0,-1.972,0.93
2008,5,9,6,0,2.444,0.316666666666667
2008,5,9,12,0,7.417,0.02
2008,5,9,18,0,1.454,0.46
2008,5,10,0,0,1.593,0.388333333333333
2008,5,10,6,0.2286,3.852,0.145
2008,5,10,12,0.0508,6.676,0.0233333333333333
2008,5,10,18,3.1496,3.713,0.126666666666667
2008,5,11,0,4.5974,1.528,0.286666666666667
2008,5,11,6,1.2954,2.352,0.255
2008,5,11,12,0.4826,6.426,0.0383333333333333
2008,5,11,18,0,3.861,0.103333333333333
2008,5,12,0,0,0.935,0.388333333333333
2008,5,12,6,0,3.278,0.17
2008,5,12,12,0,6.759,0.045
2008,5,12,18,0,3.185,0.205
2008,5,13,0,0,2.259,0.233333333333333
2008,5,13,6,2.54,4.528,0.101666666666667
2008,5,13,12,3.6322,7.009,0.0366666666666667
2008,5,13,18,2.1844,3.806,0.115
2008,5,14,0,2.159,4.991,0.0783333333333333
2008,5,14,6,3.5306,7.87,0.0316666666666667
2008,5,14,12,2.3114,11.306,0.0116666666666667
2008,5,14,18,0.3048,6.639,0.0533333333333333
2008,5,15,0,0.3048,4.306,0.0783333333333333
2008,5,15,6,0,10.648,0.0283333333333333
2008,5,15,12,0,18.019,0
2008,5,15,18,0,8.25,0.0716666666666667
2008,5,16,0,0,4.657,0.198333333333333
2008,5,16,6,0,14.759,0.0133333333333333
2008,5,16,12,0,21.944,0
2008,5,16,18,0,10.185,0.0633333333333333
2008,5,17,0,0,5.75,0.176666666666667
2008,5,17,6,0,16.833,0.005
2008,5,17,12,0,21.009,0
2008,5,17,18,0,11.593,0.005
2008,5,18,0,0,7.296,0.0233333333333333
2008,5,18,6,0,12.639,0.00166666666666667
2008,5,18,12,0,16.435,0
2008,5,18,18,0,9.528,0.0166666666666667
2008,5,19,0,0,7.389,0.0283333333333333
2008,5,19,6,0.2032,9.667,0.01
2008,5,19,12,4.318,11.935,0
2008,5,19,18,2.794,8.481,0.01
2008,5,20,0,6.985,6.176,0.025
2008,5,20,6,15.1892,7.648,0.0116666666666667
2008,5,20,12,1.8034,8.519,0.0133333333333333
2008,5,20,18,0.6096,4.611,0.07
2008,5,21,0,0.9652,3.639,0.095
2008,5,21,6,2.8702,5.935,0.0483333333333333
2008,5,21,12,2.8194,8.38,0.02
2008,5,21,18,1.5494,5.167,0.06
2008,5,22,0,0.508,3.722,0.0916666666666667
2008,5,22,6,0,6.028,0.06
2008,5,22,12,0,10.907,0.0133333333333333
2008,5,22,18,0,4,0.121666666666667
2008,5,23,0,0,4.343,0.0966666666666666
2008,5,23,6,0,8.657,0.04
2008,5,23,12,0,13.63,0.0116666666666667
2008,5,23,18,0,7.222,0.0633333333333333
2008,5,24,0,0,4.963,0.0933333333333333
2008,5,24,6,0,11.074,0.02
2008,5,24,12,0,17.537,0
2008,5,24,18,0.1016,10.407,0.0166666666666667
2008,5,25,0,0.2794,7.546,0.0433333333333333
2008,5,25,6,0,13.37,0.00333333333333333
2008,5,25,12,0.9398,15.722,0
2008,5,25,18,0.5588,10.204,0.0116666666666667
2008,5,26,0,0,7.269,0.0266666666666667
2008,5,26,6,0.1524,10.491,0.01
2008,5,26,12,0.4064,14.778,0
2008,5,26,18,0.5842,9.88,0.0133333333333333
2008,5,27,0,0.1016,7.296,0.025
2008,5,27,6,0,11.824,0.00666666666666667
2008,5,27,12,0,15.685,0
2008,5,27,18,0,9.769,0.0166666666666667
2008,5,28,0,0.254,6.426,0.0333333333333333
2008,5,28,6,0,10.259,0.00833333333333333
2008,5,28,12,0.0762,13.019,0
2008,5,28,18,0.1016,7.648,0.0166666666666667
2008,5,29,0,0.127,4.537,0.0616666666666667
2008,5,29,6,0,7.815,0.0166666666666667
2008,5,29,12,0,10.63,0.0116666666666667
2008,5,29,18,0,5.38,0.0616666666666667
2008,5,30,0,0,2.093,0.193333333333333
2008,5,30,6,0,6.722,0.0433333333333333
2008,5,30,12,0,12.759,0.005
2008,5,30,18,0,4.87,0.226666666666667
2008,5,31,0,0.2032,0.565,0.741666666666667
2008,5,31,6,0.6604,8.13,0.0583333333333333
2008,5,31,12,0.0508,11.861,0.00333333333333333
2008,5,31,18,0.762,5.435,0.108333333333333
2008,6,1,0,2.3368,3.991,0.113333333333333
2008,6,1,6,0.0254,6.907,0.04
2008,6,1,12,0,8.75,0.0116666666666667
2008,6,1,18,0,5.509,0.0633333333333333
2008,6,2,0,0.1778,4.222,0.085
2008,6,2,6,0,5.694,0.0483333333333333
2008,6,2,12,0,8.389,0.01
2008,6,2,18,0.0254,5.454,0.0616666666666667
2008,6,3,0,1.9812,4.259,0.08
2008,6,3,6,13.4112,6.444,0.0266666666666667
2008,6,3,12,9.652,7.333,0.0166666666666667
2008,6,3,18,7.3152,4.833,0.055
2008,6,4,0,7.6962,3.769,0.0883333333333333
2008,6,4,6,1.651,5.361,0.0466666666666667
2008,6,4,12,0.1524,7.194,0.02
2008,6,4,18,0.0254,4.38,0.0983333333333333
2008,6,5,0,0.4064,2.889,0.153333333333333
2008,6,5,6,8.7884,5.565,0.0466666666666667
2008,6,5,12,9.2456,6.306,0.0366666666666667
2008,6,5,18,6.4516,4.602,0.0766666666666667
2008,6,6,0,6.3754,3.602,0.101666666666667
2008,6,6,6,2.5654,5.602,0.0433333333333333
2008,6,6,12,0.4064,6.62,0.025
2008,6,6,18,0.127,4.407,0.085
2008,6,7,0,0.9652,4.509,0.0716666666666667
2008,6,7,6,1.778,6.574,0.0316666666666667
2008,6,7,12,0.508,8.528,0.0116666666666667
2008,6,7,18,0.3048,4.667,0.0683333333333333
2008,6,8,0,0.7874,2.574,0.166666666666667
2008,6,8,6,0,5.843,0.04
2008,6,8,12,0,9.009,0.01
2008,6,8,18,0,4.528,0.0983333333333333
2008,6,9,0,0,2.88,0.158333333333333
2008,6,9,6,5.4356,5.111,0.0466666666666667
2008,6,9,12,4.7244,5.991,0.025
2008,6,9,18,6.3246,2.278,0.258333333333333
2008,6,10,0,0,0.352,0.54
2008,6,10,6,0.0254,2.472,0.246666666666667
2008,6,10,12,0,6.296,0.04
2008,6,10,18,0.0508,4.398,0.0766666666666667
2008,6,11,0,0.508,3.787,0.095
2008,6,11,6,0.9652,6.278,0.045
2008,6,11,12,0.2794,9.139,0.0133333333333333
2008,6,11,18,0,5.769,0.0666666666666667
2008,6,12,0,0.508,3.787,0.116666666666667
2008,6,12,6,0,8.083,0.03
2008,6,12,12,0,11.676,0.00166666666666667
2008,6,12,18,0,6.843,0.0233333333333333
2008,6,13,0,0.127,5.333,0.0283333333333333
2008,6,13,6,0,9.102,0.01
2008,6,13,12,0.0254,12.065,0
2008,6,13,18,0.0254,6.537,0.04
2008,6,14,0,0.2286,2.167,0.245
2008,6,14,6,0,7.917,0.02
2008,6,14,12,0,13.083,0
2008,6,14,18,0,6.537,0.0533333333333333
2008,6,15,0,0,2.231,0.273333333333333
2008,6,15,6,0,9.38,0.015
2008,6,15,12,0,14.491,0
2008,6,15,18,0,7.5,0.045
2008,6,16,0,0,2.306,0.313333333333333
2008,6,16,6,0,9.278,0.0166666666666667
2008,6,16,12,0,12.722,0
2008,6,16,18,0,7.241,0.035
2008,6,17,0,0,4,0.09
2008,6,17,6,0,8.102,0.0133333333333333
2008,6,17,12,0,9.889,0.00333333333333333
2008,6,17,18,0,5.796,0.0416666666666667
2008,6,18,0,0,3.38,0.0933333333333333
2008,6,18,6,0,7.602,0.02
2008,6,18,12,0,10.861,0.01
2008,6,18,18,0,5.407,0.0966666666666667
2008,6,19,0,0,2.769,0.213333333333333
2008,6,19,6,0,9.093,0.025
2008,6,19,12,0,13.963,0.00666666666666667
2008,6,19,18,0,7.593,0.06
2008,6,20,0,0,5.176,0.0883333333333333
2008,6,20,6,0,11.898,0.0116666666666667
2008,6,20,12,0,16.787,0
2008,6,20,18,0,9.435,0.03
2008,6,21,0,0,6.111,0.0766666666666667
2008,6,21,6,0,12.019,0.00333333333333333
2008,6,21,12,0,14.324,0
2008,6,21,18,0,8.806,0.0116666666666667
2008,6,22,0,0,5.231,0.0283333333333333
2008,6,22,6,0,8.537,0.01
2008,6,22,12,0,12.685,0
2008,6,22,18,0,5.731,0.131666666666667
2008,6,23,0,0,0.769,0.69
2008,6,23,6,0,8.306,0.04
2008,6,23,12,0,12.398,0.00666666666666667
2008,6,23,18,0,5.722,0.113333333333333
2008,6,24,0,0,2.269,0.265
2008,6,24,6,0,8.481,0.025
2008,6,24,12,0,14.185,0
2008,6,24,18,0,7.602,0.0483333333333333
2008,6,25,0,0,2.463,0.266666666666667
2008,6,25,6,0,9.241,0.0166666666666667
2008,6,25,12,0,12.944,0
2008,6,25,18,0,7.185,0.035
2008,6,26,0,0,4.111,0.09
2008,6,26,6,0,10.741,0.00833333333333333
2008,6,26,12,0,13.972,0.00166666666666667
2008,6,26,18,0,7.148,0.0583333333333333
2008,6,27,0,0,2.667,0.175
2008,6,27,6,0,10.583,0.0166666666666667
2008,6,27,12,0,19.528,0
2008,6,27,18,0,10.361,0.0583333333333333
2008,6,28,0,0,5.028,0.155
2008,6,28,6,0,15.806,0.00666666666666667
2008,6,28,12,0,23.565,0
2008,6,28,18,0,12.759,0.0166666666666667
2008,6,29,0,0,8.602,0.06
2008,6,29,6,0,17.667,0.00166666666666667
2008,6,29,12,0,23.315,0
2008,6,29,18,0,14.713,0.00333333333333333
2008,6,30,0,0,10.741,0.0133333333333333
2008,6,30,6,0,16.843,0
2008,6,30,12,0,20.648,0
2008,6,30,18,0,14.417,0
2008,7,1,0,0,10.731,0.01
2008,7,1,6,0,14.843,0.00333333333333333
2008,7,1,12,0,21.111,0
2008,7,1,18,0,13.333,0.005
2008,7,2,0,0,9.13,0.01
2008,7,2,6,0,15,0.00166666666666667
2008,7,2,12,0,19.741,0
2008,7,2,18,0.1778,14.102,0.00166666666666667
2008,7,3,0,0.3048,11.25,0.01
2008,7,3,6,14.986,15.352,0
2008,7,3,12,3.81,16.685,0
2008,7,3,18,0.0254,13.389,0
2008,7,4,0,0.0254,11.074,0.005
2008,7,4,6,0,13.546,0
2008,7,4,12,0.0254,16.296,0
2008,7,4,18,0.0254,11.75,0.00333333333333333
2008,7,5,0,0,9.046,0.01
2008,7,5,6,1.524,12.778,0
2008,7,5,12,2.413,14.907,0
2008,7,5,18,1.9304,11.491,0.00333333333333333
2008,7,6,0,0.1016,9.259,0.01
2008,7,6,6,0,12.481,0.00166666666666667
2008,7,6,12,0,15.731,0
2008,7,6,18,0,10.778,0.005
2008,7,7,0,0,6.778,0.0116666666666667
2008,7,7,6,0,13.213,0.00166666666666667
2008,7,7,12,0,18.472,0
2008,7,7,18,0,11.954,0.005
2008,7,8,0,0,6.639,0.02
2008,7,8,6,0,14.852,0.00166666666666667
2008,7,8,12,0,19.972,0
2008,7,8,18,0,12.824,0.00333333333333333
2008,7,9,0,0,7.843,0.0166666666666667
2008,7,9,6,0,14.306,0
2008,7,9,12,0,17.87,0
2008,7,9,18,0,11.926,0.00333333333333333
2008,7,10,0,0,7.333,0.02
2008,7,10,6,0,12.426,0.00333333333333333
2008,7,10,12,0,17.296,0
2008,7,10,18,0,9.741,0.0233333333333333
2008,7,11,0,0,4.13,0.0933333333333333
2008,7,11,6,0,13.324,0.005
2008,7,11,12,0,20.296,0
2008,7,11,18,0,12.019,0.0233333333333333
2008,7,12,0,0,5.676,0.0833333333333333
2008,7,12,6,0,16.63,0.00166666666666667
2008,7,12,12,0,21.241,0
2008,7,12,18,0,11.435,0.0116666666666667
2008,7,13,0,0,6.991,0.0383333333333333
2008,7,13,6,0,15.472,0.00166666666666667
2008,7,13,12,0,20.343,0
2008,7,13,18,0,11.88,0.005
2008,7,14,0,0,6.88,0.0216666666666667
2008,7,14,6,0,14.157,0.00333333333333333
2008,7,14,12,0,19.213,0
2008,7,14,18,0,11.046,0.0166666666666667
2008,7,15,0,0,5.898,0.065
2008,7,15,6,0,15.102,0.00166666666666667
2008,7,15,12,0,20.028,0
2008,7,15,18,0,12.13,0.00666666666666667
2008,7,16,0,0,7.167,0.0216666666666667
2008,7,16,6,0,14.139,0.00166666666666667
2008,7,16,12,0,18.769,0
2008,7,16,18,0,12.028,0.00333333333333333
2008,7,17,0,0,7.481,0.015
2008,7,17,6,0,13.63,0.00166666666666667
2008,7,17,12,0,16.935,0
2008,7,17,18,0,11.648,0.00333333333333333
2008,7,18,0,0,8.241,0.01
2008,7,18,6,0,12.444,0.00166666666666667
2008,7,18,12,0,17.222,0
2008,7,18,18,0,11.676,0.005
2008,7,19,0,0,7.704,0.01
2008,7,19,6,0,13.12,0.00166666666666667
2008,7,19,12,0,18.157,0
2008,7,19,18,0,11.472,0.005
2008,7,20,0,0,6.981,0.0166666666666667
2008,7,20,6,0,13.741,0.00166666666666667
2008,7,20,12,0,18.833,0
2008,7,20,18,0,12.176,0.00333333333333333
2008,7,21,0,0,7.694,0.015
2008,7,21,6,0,14.019,0.00166666666666667
2008,7,21,12,0,17.62,0
2008,7,21,18,0,12.287,0.00333333333333333
2008,7,22,0,0,8.87,0.01
2008,7,22,6,0,12.815,0
2008,7,22,12,0,14.639,0
2008,7,22,18,0,11.435,0.005
2008,7,23,0,0,9.63,0.0133333333333333
2008,7,23,6,0,12.324,0.00333333333333333
2008,7,23,12,0,15.352,0
2008,7,23,18,0,10.343,0.015
2008,7,24,0,0,7.139,0.0333333333333333
2008,7,24,6,0,13.5,0.00333333333333333
2008,7,24,12,0,18.833,0
2008,7,24,18,0,12.713,0.00333333333333333
2008,7,25,0,0,9.019,0.01
2008,7,25,6,0,15.037,0
2008,7,25,12,0,17.713,0
2008,7,25,18,0,11.426,0.00333333333333333
2008,7,26,0,0,8.278,0.01
2008,7,26,6,0,13.991,0
2008,7,26,12,0,17.13,0
2008,7,26,18,0,12,0.00333333333333333
2008,7,27,0,0.0254,9.954,0.01
2008,7,27,6,0,14,0
2008,7,27,12,0,16.407,0
2008,7,27,18,0,10.833,0.005
2008,7,28,0,0,5.935,0.02
2008,7,28,6,0,11.028,0.00333333333333333
2008,7,28,12,0,15.833,0
2008,7,28,18,0,10.694,0.00333333333333333
2008,7,29,0,0,9.194,0.00166666666666667
2008,7,29,6,6.8072,12.194,0
2008,7,29,12,4.8006,13.102,0
2008,7,29,18,2.8194,10.185,0.005
2008,7,30,0,0.4826,8.185,0.01
2008,7,30,6,0,9.435,0.00833333333333333
2008,7,30,12,0,12.139,0
2008,7,30,18,0,8.185,0.0166666666666667
2008,7,31,0,0,6.324,0.0283333333333333
2008,7,31,6,0,11.111,0.005
2008,7,31,12,6.4008,12.861,0
2008,7,31,18,6.7818,10.352,0.00333333333333333
2008,8,1,0,0.8128,9.944,0.01
2008,8,1,6,1.8034,11.019,0.00833333333333333
2008,8,1,12,1.7526,14.278,0
2008,8,1,18,6.4516,10.944,0.005
2008,8,2,0,1.8288,9.278,0.01
2008,8,2,6,1.2954,12.62,0
2008,8,2,12,0.3302,15.231,0
2008,8,2,18,0.0508,10.315,0.00666666666666667
2008,8,3,0,0,6.685,0.0183333333333333
2008,8,3,6,0,13.009,0.00166666666666667
2008,8,3,12,0,18.889,0
2008,8,3,18,0,11.889,0.00333333333333333
2008,8,4,0,0,8.009,0.0116666666666667
2008,8,4,6,0,17.009,0
2008,8,4,12,0,23.194,0
2008,8,4,18,0,14.12,0.00333333333333333
2008,8,5,0,0,9.306,0.0183333333333333
2008,8,5,6,0,18.213,0
2008,8,5,12,0,24.806,0
2008,8,5,18,0,15.157,0.00333333333333333
2008,8,6,0,0,10.343,0.0166666666666667
2008,8,6,6,0,19.75,0
2008,8,6,12,0,23.315,0
2008,8,6,18,0,16.176,0
2008,8,7,0,0,11.176,0.00166666666666667
2008,8,7,6,0,16.222,0
2008,8,7,12,0,19.806,0
2008,8,7,18,0,13.759,0
2008,8,8,0,0,10.287,0
2008,8,8,6,0,13.991,0
2008,8,8,12,0,17.222,0
2008,8,8,18,0,12.861,0
2008,8,9,0,0,10.028,0
2008,8,9,6,1.3716,12.546,0
2008,8,9,12,5.3848,14.833,0
2008,8,9,18,9.5504,11.454,0
2008,8,10,0,3.556,9.528,0.00666666666666667
2008,8,10,6,1.524,11.759,0
2008,8,10,12,0.381,15.62,0
2008,8,10,18,0,10.537,0.005
2008,8,11,0,0.1524,7.593,0.01
2008,8,11,6,0,13.898,0
2008,8,11,12,0,18.833,0
2008,8,11,18,0,11.87,0.00333333333333333
2008,8,12,0,0,8.019,0.01
2008,8,12,6,0,16.38,0
2008,8,12,12,0,20.852,0
2008,8,12,18,0,13.5,0.00166666666666667
2008,8,13,0,0,10.343,0.00833333333333333
2008,8,13,6,0,17.398,0
2008,8,13,12,0,22.954,0
2008,8,13,18,0,14.352,0
2008,8,14,0,0,11.667,0
2008,8,14,6,0,19.463,0
2008,8,14,12,0,25.204,0
2008,8,14,18,0,16.556,0
2008,8,15,0,0,12.565,0.00333333333333333
2008,8,15,6,0,21.704,0
2008,8,15,12,0,26.991,0
2008,8,15,18,0,18.685,0
2008,8,16,0,0,13.815,0
2008,8,16,6,0,21.509,0
2008,8,16,12,0,25.593,0
2008,8,16,18,0,17.259,0
2008,8,17,0,0,13.028,0
2008,8,17,6,0,19.306,0
2008,8,17,12,0,21.806,0
2008,8,17,18,0,16.176,0
2008,8,18,0,0.0508,14.222,0
2008,8,18,6,0.508,17.611,0
2008,8,18,12,1.8796,16.778,0
2008,8,18,18,0.3302,13.704,0
2008,8,19,0,1.0922,12.222,0
2008,8,19,6,1.2192,13.306,0
2008,8,19,12,0.0254,14.315,0
2008,8,19,18,7.1628,12.426,0
2008,8,20,0,6.731,12.157,0
2008,8,20,6,1.3716,13.37,0
2008,8,20,12,9.4742,13.62,0
2008,8,20,18,21.2852,10.815,0
2008,8,21,0,25.1206,9.769,0.00166666666666667
2008,8,21,6,15.875,11.444,0
2008,8,21,12,0.381,14.426,0
2008,8,21,18,0.508,10.25,0.00833333333333333
2008,8,22,0,0.5334,8.074,0.0183333333333333
2008,8,22,6,0,14.093,0.00166666666666667
2008,8,22,12,0,18.62,0
2008,8,22,18,0,12.139,0.005
2008,8,23,0,0,9.546,0.0166666666666667
2008,8,23,6,0,14.574,0.00166666666666667
2008,8,23,12,0,18.667,0
2008,8,23,18,0,12.583,0.00333333333333333
2008,8,24,0,0,10.685,0.00833333333333333
2008,8,24,6,1.3208,15.167,0
2008,8,24,12,15.9004,14.843,0
2008,8,24,18,1.397,12.12,0
2008,8,25,0,0,10.009,0.00166666666666667
2008,8,25,6,0,12.611,0
2008,8,25,12,0.2032,14.398,0
2008,8,25,18,0.762,10.806,0.00166666666666667
2008,8,26,0,0.5334,9.019,0.01
2008,8,26,6,0,11.926,0.00166666666666667
2008,8,26,12,0,14.593,0
2008,8,26,18,7.7216,10.907,0.00166666666666667
2008,8,27,0,1.4732,8.398,0.0116666666666667
2008,8,27,6,2.7178,11.213,0.00333333333333333
2008,8,27,12,0.6096,12.685,0
2008,8,27,18,0,10.037,0.00833333333333333
2008,8,28,0,1.1938,9.361,0.01
2008,8,28,6,4.6482,10.602,0.00833333333333333
2008,8,28,12,1.016,13.528,0
2008,8,28,18,1.1176,11.815,0.005
2008,8,29,0,4.3942,11.815,0
2008,8,29,6,4.1402,13.63,0
2008,8,29,12,9.5504,13.889,0
2008,8,29,18,0.381,10.806,0.00333333333333333
2008,8,30,0,0.0254,7.556,0.0166666666666667
2008,8,30,6,0,10.667,0.005
2008,8,30,12,0,12.759,0.00333333333333333
2008,8,30,18,0,7.87,0.02
2008,8,31,0,0,5.241,0.0483333333333333
2008,8,31,6,0,9.75,0.0116666666666667
2008,8,31,12,0.1778,12.148,0.00166666666666667
2008,8,31,18,0.1778,6.167,0.0383333333333333
2008,9,1,0,0.2032,4.167,0.0733333333333333
2008,9,1,6,0,8.407,0.0116666666666667
2008,9,1,12,0,12.25,0.00166666666666667
2008,9,1,18,0,5.815,0.045
2008,9,2,0,0,4.278,0.075
2008,9,2,6,0,10.398,0.00666666666666667
2008,9,2,12,0,13.231,0
2008,9,2,18,0,7.556,0.0166666666666667
2008,9,3,0,0,5.102,0.0383333333333333
2008,9,3,6,0,10.519,0.00666666666666667
2008,9,3,12,0,14.926,0
2008,9,3,18,0,7.324,0.015
2008,9,4,0,0,5.463,0.0283333333333333
2008,9,4,6,0,10.481,0.00666666666666667
2008,9,4,12,0,14.583,0
2008,9,4,18,0,8.315,0.00833333333333333
2008,9,5,0,0,7.315,0.01
2008,9,5,6,0,12.102,0.00166666666666667
2008,9,5,12,0,14.796,0
2008,9,5,18,0,10.407,0.00833333333333333
2008,9,6,0,0,9.259,0.01
2008,9,6,6,0,13.454,0.00166666666666667
2008,9,6,12,0,17.593,0
2008,9,6,18,0,10.361,0.00666666666666667
2008,9,7,0,0,7.944,0.0116666666666667
2008,9,7,6,0,12.722,0.00333333333333333
2008,9,7,12,0,18.917,0
2008,9,7,18,0,9.833,0.01
2008,9,8,0,0,6.444,0.035
2008,9,8,6,0,13.139,0.00166666666666667
2008,9,8,12,0,16.657,0
2008,9,8,18,0,8.75,0.015
2008,9,9,0,0,6.25,0.05
2008,9,9,6,0,12.75,0.00166666666666667
2008,9,9,12,0,16.667,0
2008,9,9,18,0,9.176,0.0116666666666667
2008,9,10,0,0,5.157,0.065
2008,9,10,6,0,11.046,0.01
2008,9,10,12,0,17.509,0
2008,9,10,18,0,7.556,0.0433333333333333
2008,9,11,0,0,4.759,0.106666666666667
2008,9,11,6,0,12.046,0.00833333333333333
2008,9,11,12,0,17.25,0
2008,9,11,18,0,8.583,0.0233333333333333
2008,9,12,0,0,5.398,0.07
2008,9,12,6,0,12.278,0.005
2008,9,12,12,0,17.463,0
2008,9,12,18,0,8.269,0.015
2008,9,13,0,0,5.278,0.055
2008,9,13,6,0,11.194,0.0133333333333333
2008,9,13,12,0,18.407,0
2008,9,13,18,0,6.972,0.0783333333333333
2008,9,14,0,0,4.722,0.158333333333333
2008,9,14,6,0,12.25,0.0133333333333333
2008,9,14,12,0,19.852,0
2008,9,14,18,0,9.204,0.0416666666666667
2008,9,15,0,0,5.75,0.163333333333333
2008,9,15,6,0,13.463,0.0116666666666667
2008,9,15,12,0,20.306,0
2008,9,15,18,0,8.787,0.0366666666666667
2008,9,16,0,0,5.648,0.115
2008,9,16,6,0,12.463,0.0116666666666667
2008,9,16,12,0,19.157,0
2008,9,16,18,0,9.648,0.0383333333333333
2008,9,17,0,0,6.926,0.105
2008,9,17,6,0,11.731,0.0183333333333333
2008,9,17,12,0,16.389,0
2008,9,17,18,0,9.426,0.0116666666666667
2008,9,18,0,0,5.889,0.035
2008,9,18,6,0,9.815,0.00666666666666667
2008,9,18,12,0,14.574,0
2008,9,18,18,0,7.324,0.015
2008,9,19,0,0,5.231,0.0383333333333333
2008,9,19,6,0,9.694,0.0116666666666667
2008,9,19,12,0,15.148,0
2008,9,19,18,0,8.426,0.0166666666666667
2008,9,20,0,0.0254,7.481,0.02
2008,9,20,6,0.7112,9.111,0.01
2008,9,20,12,9.525,10.435,0.00166666666666667
2008,9,20,18,14.8082,8.241,0.01
2008,9,21,0,3.429,8.269,0.01
2008,9,21,6,0.4826,9.546,0.00666666666666667
2008,9,21,12,0.4572,10.731,0.00166666666666667
2008,9,21,18,1.7526,8.148,0.0116666666666667
2008,9,22,0,1.0922,6.407,0.02
2008,9,22,6,5.4864,6.778,0.02
2008,9,22,12,0.0508,9.111,0.0133333333333333
2008,9,22,18,1.8542,3.583,0.0833333333333333
2008,9,23,0,2.3114,2,0.186666666666667
2008,9,23,6,0,5.25,0.0666666666666667
2008,9,23,12,0,9.25,0.01
2008,9,23,18,0,6.685,0.0483333333333333
2008,9,24,0,0,6.444,0.0633333333333333
2008,9,24,6,0.4064,7.546,0.0466666666666667
2008,9,24,12,3.8354,7.676,0.0133333333333333
2008,9,24,18,0.2032,7.407,0.01
2008,9,25,0,0,7.824,0.01
2008,9,25,6,3.4036,8.12,0.01
2008,9,25,12,1.524,9.574,0.01
2008,9,25,18,0.0762,7.63,0.02
2008,9,26,0,0.3302,6.556,0.0283333333333333
2008,9,26,6,0,10.148,0.00666666666666667
2008,9,26,12,0,13.083,0
2008,9,26,18,0,9.343,0.00833333333333333
2008,9,27,0,0,8.491,0.015
2008,9,27,6,0,10.704,0.005
2008,9,27,12,0,13.63,0
2008,9,27,18,0,7.481,0.0266666666666667
2008,9,28,0,0,5.509,0.065
2008,9,28,6,0,10.491,0.02
2008,9,28,12,0,16.426,0
2008,9,28,18,0,8.472,0.0633333333333333
2008,9,29,0,0,5.593,0.241666666666667
2008,9,29,6,0,10.157,0.065
2008,9,29,12,0,16.796,0
2008,9,29,18,0,8.167,0.0783333333333333
2008,9,30,0,0,5.806,0.171666666666667
2008,9,30,6,0,10.37,0.0483333333333333
2008,9,30,12,0,16.037,0
2008,9,30,18,0,9.435,0.0216666666666667
2008,10,1,0,0,6.352,0.0766666666666667
2008,10,1,6,0,9.583,0.04
2008,10,1,12,0,15.861,0
2008,10,1,18,0,10.148,0.0116666666666667
2008,10,2,0,0,8.148,0.02
2008,10,2,6,0,11.213,0.00333333333333333
2008,10,2,12,0.254,11.491,0.00166666666666667
2008,10,2,18,0.0508,8.963,0.01
2008,10,3,0,0.0508,7.778,0.01
2008,10,3,6,0.254,9.389,0.00666666666666667
2008,10,3,12,2.032,10.824,0
2008,10,3,18,1.3208,9.639,0.01
2008,10,4,0,0.762,9.843,0.01
2008,10,4,6,8.255,10.231,0.005
2008,10,4,12,11.5824,10.509,0.00166666666666667
2008,10,4,18,1.9558,7.259,0.0166666666666667
2008,10,5,0,0.2032,5.056,0.045
2008,10,5,6,0,5.926,0.035
2008,10,5,12,0,7.88,0.02
2008,10,5,18,0.0508,4.935,0.0483333333333333
2008,10,6,0,0.0254,4.148,0.0683333333333333
2008,10,6,6,0.0254,7.889,0.0216666666666667
2008,10,6,12,8.636,10.63,0.005
2008,10,6,18,27.0002,7.898,0.0166666666666667
2008,10,7,0,3.7592,6.12,0.0366666666666667
2008,10,7,6,4.6736,4.88,0.055
2008,10,7,12,0.8636,6.981,0.0266666666666667
2008,10,7,18,0.889,4.38,0.065
2008,10,8,0,0.6096,1.963,0.228333333333333
2008,10,8,6,0,3.213,0.17
2008,10,8,12,0,6.852,0.0266666666666667
2008,10,8,18,0,1.398,0.525
2008,10,9,0,0,-0.667,0.971666666666667
2008,10,9,6,0,3.398,0.266666666666667
2008,10,9,12,0,6.833,0.0533333333333333
2008,10,9,18,0,-0.889,0.871666666666667
2008,10,10,0,0,-1.222,0.996666666666667
2008,10,10,6,0,3.019,0.426666666666667
2008,10,10,12,0,8.102,0.0416666666666667
2008,10,10,18,0,-0.37,0.898333333333333
2008,10,11,0,0,-2.157,1
2008,10,11,6,0,2.833,0.506666666666667
2008,10,11,12,0,8.481,0.045
2008,10,11,18,0,2.315,0.681666666666667
2008,10,12,0,0,2.148,0.466666666666667
2008,10,12,6,0,4.852,0.125
2008,10,12,12,0,8.333,0.0183333333333333
2008,10,12,18,0,3.917,0.0816666666666667
2008,10,13,0,0.7874,4.065,0.0683333333333333
2008,10,13,6,6.1722,6.157,0.0233333333333333
2008,10,13,12,18.1102,8.167,0.005
2008,10,13,18,18.1356,4.583,0.0466666666666667
2008,10,14,0,1.5748,1.639,0.223333333333333
2008,10,14,6,0,2.833,0.195
2008,10,14,12,0,6.611,0.045
2008,10,14,18,0,-0.102,0.881666666666667
2008,10,15,0,0,-0.648,0.985
2008,10,15,6,0,2.176,0.515
2008,10,15,12,0,6.25,0.0483333333333333
2008,10,15,18,3.4544,2.065,0.226666666666667
2008,10,16,0,0.8382,1.463,0.286666666666667
2008,10,16,6,0.0254,3.741,0.12
2008,10,16,12,1.8288,7.806,0.0216666666666667
2008,10,16,18,2.8194,5.046,0.0566666666666667
2008,10,17,0,0.8128,5.574,0.04
2008,10,17,6,2.032,7,0.015
2008,10,17,12,6.9342,8.611,0.01
2008,10,17,18,2.4892,6.259,0.015
2008,10,18,0,0.4064,3.454,0.055
2008,10,18,6,0,4.444,0.085
2008,10,18,12,0,7.491,0.0183333333333333
2008,10,18,18,0,-0.611,0.858333333333333
2008,10,19,0,0,-1.722,1
2008,10,19,6,0,2.574,0.496666666666667
2008,10,19,12,0,7.806,0.0366666666666667
2008,10,19,18,0,2.648,0.356666666666667
2008,10,20,0,0.0762,1.62,0.406666666666667
2008,10,20,6,9.9822,6.222,0.035
2008,10,20,12,1.905,6.213,0.0416666666666667
2008,10,20,18,0.8128,1.037,0.416666666666667
2008,10,21,0,0,0.019,0.705
2008,10,21,6,0,2.722,0.311666666666667
2008,10,21,12,0,7.194,0.0366666666666667
2008,10,21,18,0,1.741,0.431666666666667
2008,10,22,0,0,2.167,0.471666666666667
2008,10,22,6,0,4.787,0.178333333333333
2008,10,22,12,0,9.213,0.0116666666666667
2008,10,22,18,0,5.574,0.055
2008,10,23,0,0.1524,3.824,0.09
2008,10,23,6,0,3.741,0.148333333333333
2008,10,23,12,0,6.75,0.0266666666666667
2008,10,23,18,0,0.62,0.576666666666667
2008,10,24,0,0,0.796,0.473333333333333
2008,10,24,6,0,4.722,0.105
2008,10,24,12,0.5842,5.583,0.0616666666666667
2008,10,24,18,1.8542,2.593,0.146666666666667
2008,10,25,0,0.9652,2.444,0.135
2008,10,25,6,0,3.074,0.243333333333333
2008,10,25,12,0,7.065,0.045
2008,10,25,18,0.1016,0.657,0.771666666666667
2008,10,26,0,0.0508,0.028,0.976666666666667
2008,10,26,6,0,3.87,0.486666666666667
2008,10,26,12,0,8.481,0.045
2008,10,26,18,0,0.963,0.881666666666667
2008,10,27,0,0,-0.852,1
2008,10,27,6,0,3.759,0.545
2008,10,27,12,0,9.148,0.0233333333333333
2008,10,27,18,0,2.519,0.78
2008,10,28,0,0,0.491,1
2008,10,28,6,0,3.407,0.53
2008,10,28,12,0,9.046,0.0183333333333333
2008,10,28,18,0,1.861,0.395
2008,10,29,0,0,0.806,0.45
2008,10,29,6,0,3.574,0.165
2008,10,29,12,0,7.556,0.015
2008,10,29,18,0,2.972,0.113333333333333
2008,10,30,0,0,2.574,0.148333333333333
2008,10,30,6,0.0508,6.37,0.0566666666666667
2008,10,30,12,2.7686,7.602,0.0233333333333333
2008,10,30,18,1.3716,7.083,0.0283333333333333
2008,10,31,0,0.3048,7.176,0.0216666666666667
2008,10,31,6,8.7376,6.815,0.025
2008,10,31,12,8.9408,7.537,0.0233333333333333
2008,10,31,18,0.0508,4.204,0.085
2008,11,1,0,0.0508,4.574,0.085
2008,11,1,6,0.3048,8.62,0.0283333333333333
2008,11,1,12,13.97,9.991,0.0116666666666667
2008,11,1,18,0.254,7.204,0.0216666666666667
2008,11,2,0,0.0254,6.259,0.03
2008,11,2,6,6.7056,6.546,0.025
2008,11,2,12,10.0838,5.981,0.0333333333333333
2008,11,2,18,4.8006,3.185,0.1
2008,11,3,0,10.922,2.991,0.1
2008,11,3,6,1.3716,4.148,0.0733333333333333
2008,11,3,12,0.2032,5.991,0.0516666666666667
2008,11,3,18,1.778,3.639,0.0866666666666667
2008,11,4,0,8.128,3.491,0.09
2008,11,4,6,15.494,2.676,0.116666666666667
2008,11,4,12,2.4638,2.333,0.193333333333333
2008,11,4,18,0.8128,0.778,0.401666666666667
2008,11,5,0,0.381,0.324,0.521666666666667
2008,11,5,6,0,1.176,0.475
2008,11,5,12,0,2.815,0.231666666666667
2008,11,5,18,0,0.028,0.906666666666667
2008,11,6,0,2.286,0.491,0.613333333333333
2008,11,6,6,24.8158,2.12,0.191666666666667
2008,11,6,12,31.8008,5.296,0.0516666666666667
2008,11,6,18,17.0942,4.824,0.055
2008,11,7,0,17.7292,4.12,0.0733333333333333
2008,11,7,6,17.2466,4.574,0.0683333333333333
2008,11,7,12,14.1986,6.657,0.0333333333333333
2008,11,7,18,13.7922,5.815,0.0483333333333333
2008,11,8,0,8.0264,5.963,0.045
2008,11,8,6,4.064,6.602,0.0366666666666667
2008,11,8,12,3.937,7.194,0.0266666666666667
2008,11,8,18,0.7366,5.769,0.0483333333333333
2008,11,9,0,4.9784,5.204,0.05
2008,11,9,6,4.0894,5.787,0.0416666666666667
2008,11,9,12,0.254,7.306,0.0233333333333333
2008,11,9,18,0.1016,5.537,0.0433333333333333
2008,11,10,0,2.4638,5.843,0.0416666666666667
2008,11,10,6,0.4318,4.759,0.0516666666666667
2008,11,10,12,0.0762,4.806,0.06
2008,11,10,18,0,3.5,0.0883333333333333
2008,11,11,0,10.3124,3.269,0.0966666666666667
2008,11,11,6,5.8166,4.167,0.0733333333333333
2008,11,11,12,0.0762,5.713,0.045
2008,11,11,18,23.4696,5.194,0.045
2008,11,12,0,42.7482,7.519,0.0133333333333333
2008,11,12,6,14.4272,5.981,0.0266666666666667
2008,11,12,12,8.0264,5.741,0.035
2008,11,12,18,2.3622,4.176,0.065
2008,11,13,0,1.5494,2.361,0.14
2008,11,13,6,4.3434,2.778,0.141666666666667
2008,11,13,12,0.635,4.148,0.0983333333333333
2008,11,13,18,0.3556,0.167,0.83
2008,11,14,0,0,-0.148,0.946666666666667
2008,11,14,6,0,2.269,0.383333333333333
2008,11,14,12,0,3.676,0.131666666666667
2008,11,14,18,0,2.667,0.133333333333333
2008,11,15,0,0,4.037,0.0733333333333333
2008,11,15,6,0,5.565,0.05
2008,11,15,12,0,6.417,0.0383333333333333
2008,11,15,18,0,3.907,0.0866666666666667
2008,11,16,0,0,4.87,0.0583333333333333
2008,11,16,6,0,5.065,0.0633333333333333
2008,11,16,12,0,6.639,0.04
2008,11,16,18,0,2.454,0.228333333333333
2008,11,17,0,0,2.148,0.316666666666667
2008,11,17,6,0,4.676,0.21
2008,11,17,12,0,7.176,0.0516666666666667
2008,11,17,18,0,3.148,0.146666666666667
2008,11,18,0,0,1.852,0.175
2008,11,18,6,0,2.278,0.145
2008,11,18,12,0,3.111,0.131666666666667
2008,11,18,18,0,0.704,0.49
2008,11,19,0,0,0.389,0.878333333333333
2008,11,19,6,0,1.537,0.926666666666667
2008,11,19,12,0,3.852,0.57
2008,11,19,18,0,2.306,0.975
2008,11,20,0,0,2.815,0.6
2008,11,20,6,1.3716,4.898,0.116666666666667
2008,11,20,12,6.6294,3.38,0.116666666666667
2008,11,20,18,2.2606,0.537,0.42
2008,11,21,0,0.0762,0.028,0.581666666666667
2008,11,21,6,0,0.769,0.478333333333333
2008,11,21,12,0.7112,3.009,0.171666666666667
2008,11,21,18,6.1468,2.093,0.228333333333333
2008,11,22,0,0.4064,0.519,0.43
2008,11,22,6,0.5588,0.574,0.431666666666667
2008,11,22,12,0.381,1.046,0.385
2008,11,22,18,0,-1.287,0.945
2008,11,23,0,0,-2.963,1
2008,11,23,6,0,-0.63,0.811666666666667
2008,11,23,12,0,2.907,0.3
2008,11,23,18,0,0.009,0.943333333333333
2008,11,24,0,0,-1.222,1
2008,11,24,6,0,0.269,0.926666666666667
2008,11,24,12,0,1.676,0.67
2008,11,24,18,0,-0.935,0.998333333333333
2008,11,25,0,0,0.62,0.801666666666667
2008,11,25,6,0.6858,2.019,0.245
2008,11,25,12,6.5532,1.491,0.27
2008,11,25,18,0,-2.37,0.98
2008,11,26,0,0,-4.583,1
2008,11,26,6,0,-2.454,0.996666666666667
2008,11,26,12,0,0.611,0.965
2008,11,26,18,0,-0.537,1
2008,11,27,0,0,-0.833,1
2008,11,27,6,0,-0.037,0.995
2008,11,27,12,0,0.741,0.903333333333333
2008,11,27,18,0,-1.454,0.981666666666667
2008,11,28,0,0.1524,-1.148,0.916666666666667
2008,11,28,6,4.0132,0.333,0.471666666666667
2008,11,28,12,16.0528,1.843,0.198333333333333
2008,11,28,18,4.2164,1.324,0.241666666666667
2008,11,29,0,5.842,1.815,0.19
2008,11,29,6,7.1374,2.704,0.123333333333333
2008,11,29,12,15.7226,3.694,0.0866666666666667
2008,11,29,18,3.6576,3.398,0.09
2008,11,30,0,1.4986,3.657,0.0783333333333333
2008,11,30,6,0,4.287,0.065
2008,11,30,12,0,5.398,0.05
2008,11,30,18,0.0508,3.935,0.0766666666666667
2008,12,1,0,0,3.574,0.08
2008,12,1,6,0.0254,5.315,0.0516666666666667
2008,12,1,12,1.0668,5.852,0.0383333333333333
2008,12,1,18,5.969,4,0.0533333333333333
2008,12,2,0,1.524,3.759,0.0516666666666667
2008,12,2,6,6.9088,3.898,0.055
2008,12,2,12,4.2926,4.5,0.0533333333333333
2008,12,2,18,0.127,1.546,0.176666666666667
2008,12,3,0,0,0.5,0.396666666666667
2008,12,3,6,0,1.648,0.266666666666667
2008,12,3,12,0,2.87,0.188333333333333
2008,12,3,18,0,-1.204,0.986666666666667
2008,12,4,0,0,-2.63,1
2008,12,4,6,0,-1.333,0.996666666666667
2008,12,4,12,0,1.63,0.8
2008,12,4,18,0,-0.287,0.998333333333333
2008,12,5,0,0,-0.343,1
2008,12,5,6,0,0.556,0.925
2008,12,5,12,0,1.694,0.366666666666667
2008,12,5,18,0,1.13,0.545
2008,12,6,0,0,2.148,0.208333333333333
2008,12,6,6,3.1242,2.176,0.398333333333333
2008,12,6,12,4.2926,3.435,0.113333333333333
2008,12,6,18,3.2258,2.574,0.11
2008,12,7,0,9.8044,3.407,0.08
2008,12,7,6,9.017,3.806,0.0683333333333333
2008,12,7,12,6.0452,3.694,0.0733333333333333
2008,12,7,18,0.6604,2.241,0.136666666666667
2008,12,8,0,0.6858,0.102,0.485
2008,12,8,6,0.0254,0.519,0.473333333333333
2008,12,8,12,0.127,2.833,0.101666666666667
2008,12,8,18,0.0508,1.583,0.176666666666667
2008,12,9,0,0.1016,1.602,0.188333333333333
2008,12,9,6,1.2954,1.194,0.26
2008,12,9,12,3.302,1.787,0.195
2008,12,9,18,1.397,2.111,0.155
2008,12,10,0,0.4826,2.62,0.1
2008,12,10,6,0.635,2.157,0.133333333333333
2008,12,10,12,0.1016,3.306,0.085
2008,12,10,18,0,1.056,0.281666666666667
2008,12,11,0,0,-0.815,0.926666666666667
2008,12,11,6,0,-0.037,0.816666666666667
2008,12,11,12,0,0.657,0.683333333333333
2008,12,11,18,0,-2.102,1
2008,12,12,0,0,-1.435,1
2008,12,12,6,8.4836,-0.306,0.866666666666667
2008,12,12,12,10.8204,-1.324,0.956666666666667
2008,12,12,18,4.1402,-3.741,1
2008,12,13,0,1.016,-4.046,1
2008,12,13,6,0.0254,-4.694,1
2008,12,13,12,0.7366,-5.685,1
2008,12,13,18,1.9558,-6.028,1
2008,12,14,0,1.397,-6.083,1
2008,12,14,6,0,-7.88,1
2008,12,14,12,0,-7.935,1
2008,12,14,18,0,-9.583,1
2008,12,15,0,0,-10.565,1
2008,12,15,6,0,-9.315,1
2008,12,15,12,0,-7.278,1
2008,12,15,18,0,-10.722,1
2008,12,16,0,0,-11.722,1
2008,12,16,6,0,-9.194,1
2008,12,16,12,0,-5.5,1
2008,12,16,18,0,-8.704,1
2008,12,17,0,0.3302,-8.343,1
2008,12,17,6,2.5908,-6.861,1
2008,12,17,12,9.0932,-6.407,1
2008,12,17,18,1.0414,-8.667,1
2008,12,18,0,4.8514,-8.62,1
2008,12,18,6,0.1778,-8.139,1
2008,12,18,12,0.2286,-7.778,1
2008,12,18,18,0.0254,-10.111,1
2008,12,19,0,0.0254,-11.759,1
2008,12,19,6,0,-12.12,1
2008,12,19,12,0,-10.935,1
2008,12,19,18,0,-14.657,1
2008,12,20,0,0,-16.87,1
2008,12,20,6,0,-15.889,1
2008,12,20,12,0,-9.583,1
2008,12,20,18,10.8966,-8.769,1
2008,12,21,0,8.7122,-8.972,1
2008,12,21,6,1.905,-7.546,1
2008,12,21,12,1.397,-4.852,1
2008,12,21,18,3.2766,-5.787,1
2008,12,22,0,3.0734,-6.009,1
2008,12,22,6,0.762,-7.222,1
2008,12,22,12,0,-5.102,1
2008,12,22,18,0,-8.861,1
2008,12,23,0,0,-10.991,1
2008,12,23,6,0,-9.028,1
2008,12,23,12,0,-6.657,1
2008,12,23,18,0.0254,-7.037,1
2008,12,24,0,1.651,-6.037,1
2008,12,24,6,5.1562,-5.12,1
2008,12,24,12,4.2926,-3.481,1
2008,12,24,18,1.3716,-5.981,1
2008,12,25,0,3.7084,-6.667,1
2008,12,25,6,1.7526,-5.778,1
2008,12,25,12,0.0508,-4.185,1
2008,12,25,18,0,-7.491,1
2008,12,26,0,0,-9.583,1
2008,12,26,6,0.6858,-5.741,1
2008,12,26,12,7.4422,-2.593,1
2008,12,26,18,10.6426,-2.463,1
2008,12,27,0,16.891,-1.176,0.866666666666667
2008,12,27,6,10.9728,0.12,0.488333333333333
2008,12,27,12,2.9464,0.213,0.44
2008,12,27,18,12.2936,-1.648,0.97
2008,12,28,0,10.8966,-2.352,1
2008,12,28,6,4.4196,-2.194,0.995
2008,12,28,12,3.048,-0.88,0.78
2008,12,28,18,0.7874,-2.37,1
2008,12,29,0,1.27,-1.87,1
2008,12,29,6,4.3434,0.204,0.583333333333333
2008,12,29,12,13.9446,-0.148,0.658333333333333
2008,12,29,18,3.683,-3.074,1
2008,12,30,0,1.7272,-3.12,1
2008,12,30,6,0,-1.778,0.955
2008,12,30,12,0,0.843,0.378333333333333
2008,12,30,18,2.0066,-0.185,0.871666666666667
2008,12,31,0,3.6576,0.343,0.53
2008,12,31,6,2.3876,-2.148,0.998333333333333
2008,12,31,12,0.6604,-3.167,1
2008,12,31,18,4.1402,-3.241,1
2009,1,1,0,7.747,-2.306,0.998333333333333
2009,1,1,6,16.2052,-1.944,1
2009,1,1,12,1.1938,-1.787,0.996666666666667
2009,1,1,18,0.1524,-4.481,1
2009,1,2,0,0,-6.38,1
2009,1,2,6,0,-4.093,1
2009,1,2,12,0,-4.398,1
2009,1,2,18,0,-8.963,1
2009,1,3,0,0,-7.194,1
2009,1,3,6,0,-3.954,1
2009,1,3,12,0.127,-2.481,1
2009,1,3,18,0.1524,-3.167,1
2009,1,4,0,0.0508,-4.074,1
2009,1,4,6,0.0508,-4.194,1
2009,1,4,12,6.7056,-2.25,0.993333333333333
2009,1,4,18,12.7,-3.87,1
2009,1,5,0,6.985,-2.565,0.985
2009,1,5,6,7.112,-0.861,0.755
2009,1,5,12,0.9144,0.148,0.53
2009,1,5,18,2.1844,-2.12,0.966666666666667
2009,1,6,0,7.747,-1.657,0.915
2009,1,6,6,10.2362,-0.954,0.795
2009,1,6,12,36.4236,1.389,0.29
2009,1,6,18,41.402,3.093,0.108333333333333
2009,1,7,0,52.2224,3.62,0.0816666666666667
2009,1,7,6,45.1866,2.102,0.148333333333333
2009,1,7,12,34.6202,1.583,0.201666666666667
2009,1,7,18,22.8092,1.657,0.171666666666667
2009,1,8,0,20.5232,2.204,0.123333333333333
2009,1,8,6,13.4112,1.843,0.153333333333333
2009,1,8,12,13.9192,1.556,0.19
2009,1,8,18,0.6604,-0.954,0.83
2009,1,9,0,0.4064,-4.213,1
2009,1,9,6,0.0508,-3.111,0.998333333333333
2009,1,9,12,0.9144,-1.037,0.975
2009,1,9,18,0.3556,-1.741,0.993333333333334
2009,1,10,0,1.397,-0.463,0.896666666666667
2009,1,10,6,4.8768,-0.62,0.825
2009,1,10,12,6.0198,0.25,0.555
2009,1,10,18,4.7244,-1.148,0.92
2009,1,11,0,0.127,-0.537,0.726666666666667
2009,1,11,6,0.127,0.213,0.476666666666667
2009,1,11,12,0.6858,0.574,0.37
2009,1,11,18,1.1176,-0.315,0.641666666666667
2009,1,12,0,0.127,-0.519,0.681666666666667
2009,1,12,6,0.508,1.704,0.181666666666667
2009,1,12,12,0.7874,2.389,0.126666666666667
2009,1,12,18,0.635,0.787,0.343333333333333
2009,1,13,0,0.1778,0.324,0.445
2009,1,13,6,0,0.694,0.431666666666667
2009,1,13,12,0,0.981,0.396666666666667
2009,1,13,18,0,-3.667,0.991666666666667
2009,1,14,0,0,-3.648,1
2009,1,14,6,0,0.333,0.7
2009,1,14,12,0,1.435,0.475
2009,1,14,18,0,-0.167,0.991666666666667
2009,1,15,0,0,-1.759,1
2009,1,15,6,0,-0.657,0.983333333333333
2009,1,15,12,0,0.009,0.856666666666667
2009,1,15,18,0,-6.352,1
2009,1,16,0,0,-7.12,1
2009,1,16,6,0,-4.333,1
2009,1,16,12,0,-0.287,0.99
2009,1,16,18,0,-4.741,1
2009,1,17,0,0,-5.741,1
2009,1,17,6,0,-2.157,0.99
2009,1,17,12,0,1.5,0.716666666666667
2009,1,17,18,0,-4.843,1
2009,1,18,0,0,-4.981,1
2009,1,18,6,0,-0.481,0.985
2009,1,18,12,0,3.361,0.691666666666667
2009,1,18,18,0,-1.537,1
2009,1,19,0,0,-2.593,1
2009,1,19,6,0,-0.194,0.993333333333333
2009,1,19,12,0,2.194,0.83
2009,1,19,18,0,-1.556,1
2009,1,20,0,0,-3.361,1
2009,1,20,6,0,-2.278,1
2009,1,20,12,0,0.343,0.998333333333333
2009,1,20,18,0,-4.731,1
2009,1,21,0,0,-6,1
2009,1,21,6,0,-3.722,1
2009,1,21,12,0,-0.296,0.998333333333333
2009,1,21,18,0,-5.509,1
2009,1,22,0,0,-6.269,1
2009,1,22,6,0,-3.648,1
2009,1,22,12,0,0.028,0.963333333333333
2009,1,22,18,0,-5.111,1
2009,1,23,0,0,-6.009,1
2009,1,23,6,0,-4.843,1
2009,1,23,12,0,-1.139,1
2009,1,23,18,0,-6.093,1
2009,1,24,0,0,-6.889,1
2009,1,24,6,0,-5.083,1
2009,1,24,12,0,-2.046,1
2009,1,24,18,0,-5.139,1
2009,1,25,0,0,-5.843,1
2009,1,25,6,0,-4.694,1
2009,1,25,12,0,-3,1
2009,1,25,18,0,-6.685,1
2009,1,26,0,0,-10.176,1
2009,1,26,6,0,-7.722,1
2009,1,26,12,0,-3.093,1
2009,1,26,18,0,-5.907,1
2009,1,27,0,0.5588,-4.676,1
2009,1,27,6,3.3782,-3.454,1
2009,1,27,12,3.175,-0.046,0.608333333333333
2009,1,27,18,1.9304,-0.444,0.716666666666667
2009,1,28,0,1.5748,-1.38,0.94
2009,1,28,6,2.1082,-0.435,0.731666666666667
2009,1,28,12,0.8128,0.602,0.438333333333333
2009,1,28,18,1.016,-1.981,0.985
2009,1,29,0,0.9144,-1.296,0.955
2009,1,29,6,0,-1.13,0.926666666666667
2009,1,29,12,0,-0.167,0.728333333333333
2009,1,29,18,0,-2.324,0.998333333333333
2009,1,30,0,0,-1.806,0.986666666666667
2009,1,30,6,0,2.833,0.255
2009,1,30,12,1.2192,4.407,0.0883333333333333
2009,1,30,18,1.8034,-0.019,0.601666666666667
2009,1,31,0,0.0762,-2.444,1
2009,1,31,6,0,-2.657,1
2009,1,31,12,0,-1.157,0.976666666666667
2009,1,31,18,0,-2.861,1
2009,2,1,0,0,-3.343,1
2009,2,1,6,1.1938,-2.417,0.996666666666667
2009,2,1,12,2.4638,-1.537,0.981666666666667
2009,2,1,18,6.5786,-2.389,0.996666666666667
2009,2,2,0,5.1562,-1.963,1
2009,2,2,6,0,-0.667,0.838333333333333
2009,2,2,12,0,2.037,0.278333333333333
2009,2,2,18,0,-1.898,0.931666666666667
2009,2,3,0,0,-2.991,1
2009,2,3,6,0,0.519,0.866666666666667
2009,2,3,12,0,3.63,0.326666666666667
2009,2,3,18,0,1.769,0.815
2009,2,4,0,0,-1.593,0.995
2009,2,4,6,0,-0.37,0.76
2009,2,4,12,0,3.056,0.378333333333333
2009,2,4,18,0,-2.204,1
2009,2,5,0,0,-3.602,1
2009,2,5,6,0,-0.769,0.875
2009,2,5,12,0.0762,2.426,0.325
2009,2,5,18,1.7526,-0.62,0.985
2009,2,6,0,2.3622,-1.694,1
2009,2,6,6,7.2898,0.185,0.53
2009,2,6,12,1.905,1.481,0.261666666666667
2009,2,6,18,0,-2.713,0.991666666666667
2009,2,7,0,0,-4.528,1
2009,2,7,6,0,-1.759,0.93
2009,2,7,12,0,1.731,0.381666666666667
2009,2,7,18,0,-2.157,0.995
2009,2,8,0,0,-2.907,1
2009,2,8,6,0,-0.167,0.88
2009,2,8,12,0.1778,1.315,0.56
2009,2,8,18,1.3462,-1.37,0.998333333333333
2009,2,9,0,2.7432,-2.407,1
2009,2,9,6,0.0254,-1.815,0.995
2009,2,9,12,0.1524,-1.157,0.99
2009,2,9,18,0,-3.981,1
2009,2,10,0,0,-4.704,1
2009,2,10,6,0,-4.083,1
2009,2,10,12,0.0762,-0.574,0.968333333333333
2009,2,10,18,0.0762,-1.63,1
2009,2,11,0,0.0254,-2.407,1
2009,2,11,6,0,-0.435,0.708333333333333
2009,2,11,12,0,1.509,0.303333333333333
2009,2,11,18,0,-3.935,1
2009,2,12,0,0,-5.333,1
2009,2,12,6,0,-2.63,0.853333333333333
2009,2,12,12,0,2.185,0.231666666666667
2009,2,12,18,0,-4.157,1
2009,2,13,0,0,-5.222,1
2009,2,13,6,0,-2.38,0.861666666666667
2009,2,13,12,0,2.324,0.245
2009,2,13,18,0,-2.509,0.996666666666667
2009,2,14,0,0,-3.963,1
2009,2,14,6,0,-0.306,0.71
2009,2,14,12,0,3.37,0.145
2009,2,14,18,0,0.287,0.628333333333333
2009,2,15,0,0,-2.491,1
2009,2,15,6,0,-1.491,0.743333333333333
2009,2,15,12,0,3.944,0.11
2009,2,15,18,0,0.204,0.73
2009,2,16,0,0.0508,-2.278,1
2009,2,16,6,0.127,-0.685,0.675
2009,2,16,12,0,3.093,0.148333333333333
2009,2,16,18,0,-1.731,0.96
2009,2,17,0,0.0254,-2.111,0.998333333333333
2009,2,17,6,0,1.88,0.313333333333333
2009,2,17,12,0,3.537,0.138333333333333
2009,2,17,18,0,-2.62,0.976666666666667
2009,2,18,0,0,-5.204,1
2009,2,18,6,0,-0.176,0.585
2009,2,18,12,0,5.037,0.0783333333333333
2009,2,18,18,0,-3.972,0.993333333333333
2009,2,19,0,0,-5.157,1
2009,2,19,6,0,-0.843,0.678333333333333
2009,2,19,12,0,5.574,0.08
2009,2,19,18,0,-3.139,0.993333333333333
2009,2,20,0,0,-5.472,1
2009,2,20,6,0,-2,0.741666666666667
2009,2,20,12,0,5.13,0.141666666666667
2009,2,20,18,0,-4.741,1
2009,2,21,0,0,-5.907,1
2009,2,21,6,0,-0.657,0.78
2009,2,21,12,0,4.491,0.19
2009,2,21,18,0,0.435,0.975
2009,2,22,0,0,0.509,0.951666666666667
2009,2,22,6,1.3716,3.389,0.266666666666667
2009,2,22,12,0.508,4.907,0.0916666666666667
2009,2,22,18,1.1938,1.667,0.253333333333333
2009,2,23,0,1.2954,0.741,0.353333333333333
2009,2,23,6,0,1.722,0.266666666666667
2009,2,23,12,1.905,4.565,0.0983333333333333
2009,2,23,18,3.2004,1.852,0.22
2009,2,24,0,0.5588,0.537,0.448333333333333
2009,2,24,6,1.5494,0.398,0.528333333333333
2009,2,24,12,4.2418,0.713,0.438333333333333
2009,2,24,18,5.6642,-1.167,0.965
2009,2,25,0,5.7404,-1.778,0.998333333333333
2009,2,25,6,14.0208,-1.269,0.966666666666667
2009,2,25,12,20.1422,-1.704,0.99
2009,2,25,18,6.4008,-5.093,1
2009,2,26,0,0.8636,-5.62,1
2009,2,26,6,2.032,-6.398,1
2009,2,26,12,0,-2.667,1
2009,2,26,18,0,-7.731,1
2009,2,27,0,0.0254,-7.694,1
2009,2,27,6,0.1524,-4.37,0.998333333333333
2009,2,27,12,0.1524,0.944,0.545
2009,2,27,18,0.1524,-3.139,1
2009,2,28,0,0.127,-4.611,1
2009,2,28,6,0,-3.13,0.963333333333333
2009,2,28,12,1.143,1.343,0.576666666666667
2009,2,28,18,1.2446,0.917,0.675
2009,3,1,0,7.0612,1.296,0.41
2009,3,1,6,0.2794,1.352,0.345
2009,3,1,12,0.6604,2.731,0.218333333333333
2009,3,1,18,2.0066,2.176,0.208333333333333
2009,3,2,0,2.2606,2.944,0.133333333333333
2009,3,2,6,12.5476,3.352,0.128333333333333
2009,3,2,12,0.381,4.352,0.106666666666667
2009,3,2,18,0,0.889,0.548333333333333
2009,3,3,0,0,-1.954,0.998333333333333
2009,3,3,6,0.4064,0.676,0.596666666666667
2009,3,3,12,0.0508,3.278,0.143333333333333
2009,3,3,18,0,-2.954,0.98
2009,3,4,0,0,-4.231,1
2009,3,4,6,0,-1.685,0.715
2009,3,4,12,0,2.611,0.163333333333333
2009,3,4,18,4.0132,0.269,0.53
2009,3,5,0,6.8834,-0.991,0.855
2009,3,5,6,7.2898,-0.065,0.661666666666667
2009,3,5,12,0.1016,1.093,0.521666666666667
2009,3,5,18,0,-2.898,0.996666666666667
2009,3,6,0,0,-6.889,1
2009,3,6,6,0,-4.546,1
2009,3,6,12,0,0.778,0.895
2009,3,6,18,0,-3.111,0.998333333333333
2009,3,7,0,0.2032,-1.556,0.93
2009,3,7,6,0.8382,-0.852,0.858333333333333
2009,3,7,12,1.4478,-1.241,0.955
2009,3,7,18,0.5588,-3.333,1
2009,3,8,0,0.1524,-4.565,1
2009,3,8,6,0.1778,-4.639,1
2009,3,8,12,0,-2.417,1
2009,3,8,18,0,-7.241,1
2009,3,9,0,0.1524,-7.213,1
2009,3,9,6,1.4986,-5.62,1
2009,3,9,12,1.651,-4.611,1
2009,3,9,18,0,-7.713,1
2009,3,10,0,0,-10.5,1
2009,3,10,6,0,-9.5,1
2009,3,10,12,0,-3.046,1
2009,3,10,18,0,-9.148,1
2009,3,11,0,0,-11.463,1
2009,3,11,6,0,-6.194,0.995
2009,3,11,12,0,1.167,0.553333333333333
2009,3,11,18,0,-5.852,1
2009,3,12,0,0,-7.741,1
2009,3,12,6,0,-2.407,0.921666666666667
2009,3,12,12,0,3.167,0.253333333333333
2009,3,12,18,0,-3.815,0.988333333333333
2009,3,13,0,0,-5.778,1
2009,3,13,6,0,-0.426,0.698333333333333
2009,3,13,12,0,3.13,0.25
2009,3,13,18,0.6096,-1.741,0.993333333333333
2009,3,14,0,3.3274,-1.602,0.961666666666667
2009,3,14,6,7.5438,0.194,0.535
2009,3,14,12,3.5814,0.417,0.498333333333333
2009,3,14,18,5.1054,-1.565,0.923333333333333
2009,3,15,0,1.016,-2.954,1
2009,3,15,6,2.7432,-2.352,0.96
2009,3,15,12,7.6454,-0.278,0.758333333333333
2009,3,15,18,2.667,-3.019,0.998333333333333
2009,3,16,0,2.159,-3.148,1
2009,3,16,6,1.1176,-2.481,0.963333333333333
2009,3,16,12,3.4036,0.157,0.623333333333333
2009,3,16,18,9.6774,-3.176,0.993333333333333
2009,3,17,0,2.8194,-4.676,1
2009,3,17,6,8.4328,-1.963,0.863333333333333
2009,3,17,12,1.0414,0.639,0.56
2009,3,17,18,2.0574,-1.981,0.973333333333333
2009,3,18,0,0.635,-2.009,0.975
2009,3,18,6,0.5334,-0.593,0.773333333333333
2009,3,18,12,0.508,0.824,0.383333333333333
2009,3,18,18,0.4064,0.37,0.48
2009,3,19,0,3.8862,0.361,0.49
2009,3,19,6,11.2014,0.25,0.496666666666667
2009,3,19,12,5.0292,0.769,0.37
2009,3,19,18,0.381,1.046,0.328333333333333
2009,3,20,0,2.921,1.611,0.25
2009,3,20,6,4.2926,2.435,0.178333333333333
2009,3,20,12,11.6078,2.315,0.195
2009,3,20,18,2.7686,-2.046,0.876666666666667
2009,3,21,0,0,-5.111,1
2009,3,21,6,0,-1.37,0.801666666666667
2009,3,21,12,0,4.259,0.131666666666667
2009,3,21,18,0,-1.444,0.891666666666667
2009,3,22,0,0,-4.306,1
2009,3,22,6,0,0.722,0.526666666666667
2009,3,22,12,0.381,3.231,0.123333333333333
2009,3,22,18,1.7018,-1.009,0.83
2009,3,23,0,0.5842,-2.222,0.975
2009,3,23,6,0.0254,-1.333,0.863333333333333
2009,3,23,12,0.381,1.759,0.345
2009,3,23,18,0.8636,-1.667,0.938333333333333
2009,3,24,0,3.302,-1.889,0.956666666666667
2009,3,24,6,7.239,0.685,0.383333333333333
2009,3,24,12,6.2484,2.065,0.208333333333333
2009,3,24,18,6.6548,-1.25,0.841666666666667
2009,3,25,0,5.207,-2.593,0.99
2009,3,25,6,2.54,0.352,0.55
2009,3,25,12,0.1524,2.991,0.216666666666667
2009,3,25,18,0,-3.139,0.99
2009,3,26,0,0,-4.75,1
2009,3,26,6,0,1.046,0.53
2009,3,26,12,0,4.472,0.103333333333333
2009,3,26,18,0.0762,-1.157,0.855
2009,3,27,0,0.127,-2.185,0.968333333333333
2009,3,27,6,0.3048,0.361,0.541666666666667
2009,3,27,12,0.0762,3.241,0.118333333333333
2009,3,27,18,1.016,-0.028,0.605
2009,3,28,0,0.4826,-1.926,0.963333333333333
2009,3,28,6,1.4224,0.889,0.47
2009,3,28,12,1.6002,1.361,0.355
2009,3,28,18,0.0762,-3.324,0.995
2009,3,29,0,0.4064,-3.046,1
2009,3,29,6,0,-0.435,0.93
2009,3,29,12,0,1.769,0.655
2009,3,29,18,0,-3.667,1
2009,3,30,0,0,-2.815,1
2009,3,30,6,0.127,-0.296,0.73
2009,3,30,12,3.6068,0.963,0.388333333333333
2009,3,30,18,5.8674,0.981,0.411666666666667
2009,3,31,0,20.955,0.093,0.605
2009,3,31,6,8.3566,0.519,0.476666666666667
2009,3,31,12,0.9652,0.667,0.475
2009,3,31,18,0.5334,-3,0.958333333333333
2009,4,1,0,0.4064,-4.546,1
2009,4,1,6,3.048,-2.417,0.991666666666667
2009,4,1,12,2.1336,-1.352,0.896666666666667
2009,4,1,18,15.3416,-0.324,0.6
2009,4,2,0,11.0236,-0.972,0.785
2009,4,2,6,6.7564,-0.694,0.738333333333333
2009,4,2,12,1.4732,0.417,0.475
2009,4,2,18,0.9906,-1.028,0.795
2009,4,3,0,1.8542,-1.519,0.878333333333333
2009,4,3,6,0.0762,0.13,0.566666666666667
2009,4,3,12,0.5334,3.972,0.155
2009,4,3,18,0,0.509,0.523333333333333
2009,4,4,0,0,-4.148,1
2009,4,4,6,0,2.62,0.338333333333333
2009,4,4,12,0,8,0.05
2009,4,4,18,0,-0.139,0.761666666666667
2009,4,5,0,0,0.222,0.805
2009,4,5,6,0,4.991,0.188333333333333
2009,4,5,12,0,10.815,0.0383333333333333
2009,4,5,18,0,1.806,0.661666666666667
2009,4,6,0,0,-1.194,0.98
2009,4,6,6,0,6.852,0.183333333333333
2009,4,6,12,0,13.889,0.00333333333333333
2009,4,6,18,0,2.333,0.678333333333333
2009,4,7,0,0,-1.222,0.996666666666667
2009,4,7,6,0,4.472,0.385
2009,4,7,12,0,10.611,0.0233333333333333
2009,4,7,18,0,3.306,0.588333333333333
2009,4,8,0,0,0.824,0.751666666666667
2009,4,8,6,0,4.574,0.128333333333333
2009,4,8,12,0,6.352,0.04
2009,4,8,18,0,0.602,0.468333333333333
2009,4,9,0,0,0.861,0.355
2009,4,9,6,0,3.491,0.148333333333333
2009,4,9,12,0,6.065,0.0533333333333333
2009,4,9,18,0,1.25,0.47
2009,4,10,0,0,-0.444,0.811666666666667
2009,4,10,6,0,4.352,0.156666666666667
2009,4,10,12,0,6.889,0.0583333333333333
2009,4,10,18,0,1.343,0.335
2009,4,11,0,0.1016,0.361,0.456666666666667
2009,4,11,6,2.54,2.954,0.165
2009,4,11,12,0.7874,5.222,0.0733333333333333
2009,4,11,18,0.0254,1.12,0.406666666666667
2009,4,12,0,6.4262,1.361,0.321666666666667
2009,4,12,6,19.5326,3.074,0.181666666666667
2009,4,12,12,17.399,4.361,0.103333333333333
2009,4,12,18,9.3472,1.259,0.37
2009,4,13,0,1.524,-1.037,0.83
2009,4,13,6,2.4638,0.444,0.588333333333333
2009,4,13,12,1.7272,4.5,0.131666666666667
2009,4,13,18,1.016,-1.315,0.816666666666667
2009,4,14,0,0.1778,-3.269,1
2009,4,14,6,0,-0.139,0.696666666666667
2009,4,14,12,0.0762,5.926,0.108333333333333
2009,4,14,18,0,-1.528,0.935
2009,4,15,0,0,-3.574,1
2009,4,15,6,0,1.759,0.511666666666667
2009,4,15,12,0,7.806,0.0583333333333333
2009,4,15,18,0,-0.565,0.823333333333333
2009,4,16,0,0,-2.574,0.993333333333333
2009,4,16,6,0,4.065,0.205
2009,4,16,12,0,8.111,0.035
2009,4,16,18,0.9652,2.139,0.403333333333333
2009,4,17,0,11.6586,1.481,0.475
2009,4,17,6,12.2428,6.824,0.05
2009,4,17,12,2.6924,6.62,0.065
2009,4,17,18,0.1016,-0.056,0.718333333333333
2009,4,18,0,0.0508,-2.278,0.985
2009,4,18,6,0,4.009,0.25
2009,4,18,12,0,8.546,0.07
2009,4,18,18,0,0.806,0.82
2009,4,19,0,0,1.648,0.508333333333333
2009,4,19,6,0,7.222,0.0833333333333333
2009,4,19,12,0,12.444,0.00833333333333333
2009,4,19,18,0,3.185,0.225
2009,4,20,0,0,2.009,0.276666666666667
2009,4,20,6,0,7.694,0.0483333333333333
2009,4,20,12,0,14.083,0
2009,4,20,18,0,5.287,0.118333333333333
2009,4,21,0,0,0.963,0.65
2009,4,21,6,0,7.75,0.06
2009,4,21,12,0,11.63,0.00166666666666667
2009,4,21,18,0,4.194,0.126666666666667
2009,4,22,0,0,0.806,0.431666666666667
2009,4,22,6,0,5.333,0.095
2009,4,22,12,0,7.704,0.03
2009,4,22,18,0,-0.972,0.82
2009,4,23,0,0,-3.296,1
2009,4,23,6,0,1.611,0.521666666666667
2009,4,23,12,0,6.352,0.101666666666667
2009,4,23,18,0,-1.343,0.848333333333333
2009,4,24,0,0,-5.13,1
2009,4,24,6,0,2.87,0.455
2009,4,24,12,0,7.713,0.0533333333333333
2009,4,24,18,0,1.213,0.603333333333333
2009,4,25,0,0,-1.75,0.961666666666667
2009,4,25,6,0,3.935,0.19
2009,4,25,12,0,7.611,0.0366666666666667
2009,4,25,18,0,-0.083,0.623333333333333
2009,4,26,0,0,-3.028,0.99
2009,4,26,6,0,3.204,0.26
2009,4,26,12,0,9.269,0.0383333333333333
2009,4,26,18,0,-0.444,0.786666666666667
2009,4,27,0,0,-2.074,0.993333333333333
2009,4,27,6,0,3.12,0.476666666666667
2009,4,27,12,0,10.741,0.025
2009,4,27,18,0,3.38,0.376666666666667
2009,4,28,0,0,0.944,0.731666666666667
2009,4,28,6,0,5.954,0.153333333333333
2009,4,28,12,0,10.731,0.0133333333333333
2009,4,28,18,0,4.602,0.188333333333333
2009,4,29,0,0,-0.306,0.891666666666667
2009,4,29,6,0,4.093,0.313333333333333
2009,4,29,12,0,10.611,0.0233333333333333
2009,4,29,18,0,2.565,0.388333333333333
2009,4,30,0,0,-0.62,0.898333333333333
2009,4,30,6,0,7.306,0.115
2009,4,30,12,0,14.296,0.00833333333333333
2009,4,30,18,0,5.398,0.246666666666667
2009,5,1,0,0,-0.259,0.93
2009,5,1,6,0,7.528,0.128333333333333
2009,5,1,12,0,14.13,0.00333333333333333
2009,5,1,18,0,3.491,0.443333333333333
2009,5,2,0,0,0.944,0.768333333333333
2009,5,2,6,0.4318,9.176,0.0483333333333333
2009,5,2,12,3.1496,11.787,0.00166666666666667
2009,5,2,18,4.6482,6.324,0.055
2009,5,3,0,2.6162,1.269,0.408333333333333
2009,5,3,6,0.1524,1.694,0.425
2009,5,3,12,0.1524,9.917,0.015
2009,5,3,18,1.6256,2.13,0.391666666666667
2009,5,4,0,0.6096,0.222,0.648333333333333
2009,5,4,6,0.1524,5.12,0.123333333333333
2009,5,4,12,1.0414,9.806,0.0133333333333333
2009,5,4,18,7.3914,4.241,0.106666666666667
2009,5,5,0,7.9502,1.907,0.278333333333333
2009,5,5,6,4.1148,3.639,0.145
2009,5,5,12,6.477,5.565,0.0683333333333333
2009,5,5,18,17.1196,1.731,0.298333333333333
2009,5,6,0,0.0762,0.491,0.508333333333333
2009,5,6,6,4.4704,2.796,0.213333333333333
2009,5,6,12,17.4244,5.398,0.0833333333333333
2009,5,6,18,14.7828,2.815,0.181666666666667
2009,5,7,0,10.7442,0.87,0.393333333333333
2009,5,7,6,2.5908,3.685,0.201666666666667
2009,5,7,12,0.6604,6.491,0.0466666666666667
2009,5,7,18,0.127,2.5,0.343333333333333
2009,5,8,0,0,-1.361,0.85
2009,5,8,6,0,3.796,0.195
2009,5,8,12,0,9.63,0.015
2009,5,8,18,0,2.296,0.408333333333333
2009,5,9,0,0,-0.981,0.87
2009,5,9,6,0,6.676,0.0783333333333333
2009,5,9,12,0,12.898,0.00666666666666667
2009,5,9,18,0,4.944,0.111666666666667
2009,5,10,0,0,0.639,0.663333333333333
2009,5,10,6,0,7.519,0.045
2009,5,10,12,0,11.574,0.00333333333333333
2009,5,10,18,0.6096,4.611,0.13
2009,5,11,0,2.6162,2.019,0.255
2009,5,11,6,3.048,5.398,0.0733333333333333
2009,5,11,12,3.302,7.157,0.025
2009,5,11,18,5.2832,2.398,0.233333333333333
2009,5,12,0,9.3726,-0.269,0.681666666666667
2009,5,12,6,1.1684,0.87,0.491666666666667
2009,5,12,12,0.6096,5.528,0.05
2009,5,12,18,0.1778,3.769,0.108333333333333
2009,5,13,0,0.0254,0.843,0.385
2009,5,13,6,0,3.769,0.126666666666667
2009,5,13,12,5.4356,6.5,0.0516666666666667
2009,5,13,18,10.7696,2.417,0.208333333333333
2009,5,14,0,7.9502,0.778,0.411666666666667
2009,5,14,6,1.8288,3.398,0.171666666666667
2009,5,14,12,0.0254,8.944,0.0266666666666667
2009,5,14,18,0,3.741,0.221666666666667
2009,5,15,0,0,-0.046,0.703333333333333
2009,5,15,6,0,6.926,0.0566666666666667
2009,5,15,12,0,13.194,0.00666666666666667
2009,5,15,18,0,3.981,0.323333333333333
2009,5,16,0,0,1.944,0.495
2009,5,16,6,0,8.028,0.04
2009,5,16,12,0,13.722,0.00333333333333333
2009,5,16,18,0,7.722,0.0583333333333333
2009,5,17,0,0,3.593,0.173333333333333
2009,5,17,6,0,10.796,0.01
2009,5,17,12,0,15.12,0
2009,5,17,18,1.016,7.148,0.0383333333333333
2009,5,18,0,0.3556,4.296,0.085
2009,5,18,6,0,8.537,0.0116666666666667
2009,5,18,12,0.5588,10.583,0.00333333333333333
2009,5,18,18,12.3444,6.593,0.02
2009,5,19,0,4.318,3.87,0.0883333333333333
2009,5,19,6,0.1524,3.324,0.138333333333333
2009,5,19,12,0.2286,7.824,0.025
2009,5,19,18,1.1684,4.111,0.0933333333333333
2009,5,20,0,0.3302,2.093,0.203333333333333
2009,5,20,6,0.0508,4.269,0.128333333333333
2009,5,20,12,0.0762,9.87,0.0216666666666667
2009,5,20,18,0.0762,3.806,0.255
2009,5,21,0,0.2286,0.204,0.701666666666667
2009,5,21,6,0,7.657,0.0633333333333333
2009,5,21,12,0,14,0.00666666666666667
2009,5,21,18,0,5.491,0.206666666666667
2009,5,22,0,0,0.759,0.811666666666667
2009,5,22,6,0,9.306,0.0466666666666667
2009,5,22,12,0,15,0.00166666666666667
2009,5,22,18,0,5.454,0.15
2009,5,23,0,0,1.454,0.536666666666667
2009,5,23,6,0,9.463,0.0266666666666667
2009,5,23,12,0,14.954,0
2009,5,23,18,0,6.083,0.0916666666666667
2009,5,24,0,0,1.713,0.478333333333333
2009,5,24,6,0,9.361,0.0266666666666667
2009,5,24,12,0,14.685,0
2009,5,24,18,0,6.741,0.0583333333333333
2009,5,25,0,0,2.324,0.288333333333333
2009,5,25,6,0,10.769,0.0183333333333333
2009,5,25,12,0,14.111,0
2009,5,25,18,0,6.528,0.0566666666666667
2009,5,26,0,0.1524,4.898,0.075
2009,5,26,6,2.286,9.778,0.0116666666666667
2009,5,26,12,0.6096,13.046,0
2009,5,26,18,0.0762,8.315,0.0233333333333333
2009,5,27,0,0,4.63,0.0683333333333333
2009,5,27,6,0,10.269,0.0116666666666667
2009,5,27,12,0,15.389,0
2009,5,27,18,0,7.463,0.0833333333333333
2009,5,28,0,0,1.787,0.593333333333333
2009,5,28,6,0,11.194,0.025
2009,5,28,12,0,18.935,0
2009,5,28,18,0,9.324,0.055
2009,5,29,0,0,5.074,0.128333333333333
2009,5,29,6,0,15.463,0.005
2009,5,29,12,0,19.574,0
2009,5,29,18,0,9.565,0.0266666666666667
2009,5,30,0,0,4.574,0.095
2009,5,30,6,0,13.056,0.005
2009,5,30,12,0,19.074,0
2009,5,30,18,0,9.889,0.03
2009,5,31,0,0,5.861,0.0833333333333333
2009,5,31,6,0,15.491,0.00333333333333333
2009,5,31,12,0,20.954,0
2009,5,31,18,0,12.028,0.0133333333333333
2009,6,1,0,0,7.037,0.055
2009,6,1,6,0,15.278,0.005
2009,6,1,12,0,23.13,0
2009,6,1,18,0,12.083,0.0166666666666667
2009,6,2,0,0,7.306,0.065
2009,6,2,6,0,17.796,0.00166666666666667
2009,6,2,12,0,24.972,0
2009,6,2,18,0,14.407,0.00333333333333333
2009,6,3,0,0,8.907,0.02
2009,6,3,6,0,18.139,0.00166666666666667
2009,6,3,12,0,24.565,0
2009,6,3,18,0,14.065,0.00666666666666667
2009,6,4,0,0,8.731,0.0316666666666667
2009,6,4,6,0,17.259,0.00166666666666667
2009,6,4,12,0,21.778,0
2009,6,4,18,0,13.509,0.00666666666666667
2009,6,5,0,0,9.093,0.03
2009,6,5,6,0,13.843,0.00333333333333333
2009,6,5,12,0,16.972,0
2009,6,5,18,0,11.426,0.00166666666666667
2009,6,6,0,0.0254,8.75,0.01
2009,6,6,6,0.2032,11.704,0.00166666666666667
2009,6,6,12,0,14.657,0
2009,6,6,18,0.1016,10.87,0.00666666666666667
2009,6,7,0,0.0254,9.037,0.01
2009,6,7,6,0,12.62,0
2009,6,7,12,0,15.167,0
2009,6,7,18,0,10.907,0.005
2009,6,8,0,0,8.296,0.01
2009,6,8,6,0,12.13,0.00166666666666667
2009,6,8,12,0,16.954,0
2009,6,8,18,0,10.407,0.01
2009,6,9,0,0,5.741,0.0366666666666667
2009,6,9,6,0,12.546,0.00166666666666667
2009,6,9,12,0,17.667,0
2009,6,9,18,0,10.75,0.00833333333333333
2009,6,10,0,0,6.046,0.035
2009,6,10,6,0,12.889,0.00166666666666667
2009,6,10,12,0.0254,17.083,0
2009,6,10,18,0,10.759,0.005
2009,6,11,0,0,7.352,0.0166666666666667
2009,6,11,6,0,12.417,0.00166666666666667
2009,6,11,12,0,17.13,0
2009,6,11,18,0,11.454,0.005
2009,6,12,0,0,7.796,0.0133333333333333
2009,6,12,6,0,12.694,0.00166666666666667
2009,6,12,12,0,17.37,0
2009,6,12,18,0,10.704,0.00666666666666667
2009,6,13,0,0,6.685,0.0216666666666667
2009,6,13,6,0,12.111,0.00333333333333333
2009,6,13,12,0,15.454,0
2009,6,13,18,0,10.259,0.005
2009,6,14,0,0,7.25,0.015
2009,6,14,6,0,11.056,0.00333333333333333
2009,6,14,12,0,14.444,0
2009,6,14,18,0,9.315,0.0116666666666667
2009,6,15,0,0,6.074,0.02
2009,6,15,6,0,10.685,0.005
2009,6,15,12,0,14.963,0
2009,6,15,18,0,9.407,0.01
2009,6,16,0,0,5.139,0.0316666666666667
2009,6,16,6,0,11.259,0.00333333333333333
2009,6,16,12,0,14.898,0
2009,6,16,18,0,9.343,0.0116666666666667
2009,6,17,0,0.1016,7.593,0.02
2009,6,17,6,2.8194,10.981,0.005
2009,6,17,12,0.9652,14.046,0
2009,6,17,18,0.3302,10.806,0.00666666666666667
2009,6,18,0,0.6604,8.667,0.01
2009,6,18,6,0,12.083,0.00166666666666667
2009,6,18,12,0,14.38,0
2009,6,18,18,0,10.204,0.00666666666666667
2009,6,19,0,0.0254,7.5,0.0133333333333333
2009,6,19,6,1.5748,10.343,0.00333333333333333
2009,6,19,12,0.1016,12.231,0
2009,6,19,18,0.8382,7.593,0.0133333333333333
2009,6,20,0,0.1524,4.722,0.0366666666666667
2009,6,20,6,0.0762,7.63,0.0166666666666667
2009,6,20,12,0,10.981,0.00333333333333333
2009,6,20,18,0.1016,6.546,0.0266666666666667
2009,6,21,0,0.1778,4.213,0.0633333333333333
2009,6,21,6,0.381,8.37,0.0133333333333333
2009,6,21,12,1.3462,10.463,0.01
2009,6,21,18,1.778,6,0.0383333333333333
2009,6,22,0,1.8034,5.102,0.0533333333333333
2009,6,22,6,0.5842,8.065,0.0216666666666667
2009,6,22,12,0,12.074,0.01
2009,6,22,18,0.2794,6.38,0.0583333333333333
2009,6,23,0,0.8128,2.065,0.243333333333333
2009,6,23,6,0,8.083,0.0283333333333333
2009,6,23,12,0,12.185,0
2009,6,23,18,0,6.852,0.0316666666666667
2009,6,24,0,0,5.861,0.0533333333333333
2009,6,24,6,1.5494,8.417,0.0133333333333333
2009,6,24,12,2.6416,12.019,0
2009,6,24,18,0.2032,9.222,0.01
2009,6,25,0,0.2286,6.824,0.02
2009,6,25,6,0.7874,8.824,0.0116666666666667
2009,6,25,12,0.381,11.546,0.005
2009,6,25,18,0.0254,8.398,0.015
2009,6,26,0,0,5.352,0.0366666666666667
2009,6,26,6,0,9.417,0.015
2009,6,26,12,0,14.25,0
2009,6,26,18,0,6.972,0.075
2009,6,27,0,0,2.185,0.358333333333333
2009,6,27,6,0,9.704,0.0216666666666667
2009,6,27,12,0,14.935,0
2009,6,27,18,0,8.435,0.0183333333333333
2009,6,28,0,0,5.444,0.0516666666666667
2009,6,28,6,0,9.769,0.01
2009,6,28,12,0,14.37,0
2009,6,28,18,0,6.963,0.0616666666666667
2009,6,29,0,0,1.704,0.423333333333333
2009,6,29,6,0,9.796,0.0183333333333333
2009,6,29,12,0,15.093,0
2009,6,29,18,0,7.537,0.04
2009,6,30,0,0,2.926,0.223333333333333
2009,6,30,6,0,10.926,0.0133333333333333
2009,6,30,12,0,17.296,0
2009,6,30,18,0,8.991,0.0333333333333333
2009,7,1,0,0,3.75,0.121666666666667
2009,7,1,6,0,12.907,0.00833333333333333
2009,7,1,12,0,19.657,0
2009,7,1,18,0,9.713,0.0383333333333333
2009,7,2,0,0,4.991,0.126666666666667
2009,7,2,6,0,14.722,0.00833333333333333
2009,7,2,12,0,21.935,0
2009,7,2,18,0,12.222,0.0133333333333333
2009,7,3,0,0,6.907,0.0666666666666667
2009,7,3,6,0,15.648,0.00333333333333333
2009,7,3,12,0,22.546,0
2009,7,3,18,0,12.861,0.005
2009,7,4,0,0,7.843,0.0183333333333333
2009,7,4,6,0,16.426,0.00166666666666667
2009,7,4,12,0,21.991,0
2009,7,4,18,0,13.694,0.00333333333333333
2009,7,5,0,0,9.139,0.0116666666666667
2009,7,5,6,0,16.12,0
2009,7,5,12,0,19.731,0
2009,7,5,18,0,14.139,0
2009,7,6,0,0.0508,10.269,0.00666666666666667
2009,7,6,6,0.4064,11.241,0.00333333333333333
2009,7,6,12,16.256,12.222,0
2009,7,6,18,4.3688,9.12,0.00833333333333333
2009,7,7,0,0.6858,7.954,0.01
2009,7,7,6,1.6256,9.12,0.01
2009,7,7,12,3.3274,10.583,0.01
2009,7,7,18,4.1656,8.926,0.01
2009,7,8,0,0.6604,7.528,0.01
2009,7,8,6,0.4572,10.185,0.01
2009,7,8,12,0.2032,13.167,0.00333333333333333
2009,7,8,18,0,10.639,0.00833333333333333
2009,7,9,0,0,6.944,0.0166666666666667
2009,7,9,6,0,12.806,0.00333333333333333
2009,7,9,12,0,18.13,0
2009,7,9,18,0,10.685,0.01
2009,7,10,0,0,6.25,0.02
2009,7,10,6,0,14.287,0.00166666666666667
2009,7,10,12,0,21.306,0
2009,7,10,18,0,13.25,0.00666666666666667
2009,7,11,0,0,7.713,0.0266666666666667
2009,7,11,6,0,15.343,0.00166666666666667
2009,7,11,12,0,20.556,0
2009,7,11,18,0,13.556,0.00333333333333333
2009,7,12,0,0,9.5,0.0133333333333333
2009,7,12,6,0.0254,14.343,0
2009,7,12,12,1.2192,13.843,0
2009,7,12,18,0.0762,10.019,0.005
2009,7,13,0,7.1374,8.019,0.0116666666666667
2009,7,13,6,4.8006,10.093,0.00666666666666667
2009,7,13,12,0,13.25,0
2009,7,13,18,0,9.769,0.00666666666666667
2009,7,14,0,0,7.602,0.01
2009,7,14,6,0,11.38,0.005
2009,7,14,12,0,16.741,0
2009,7,14,18,0,11.537,0.005
2009,7,15,0,0,8.269,0.015
2009,7,15,6,0,14.88,0.00166666666666667
2009,7,15,12,0,21.009,0
2009,7,15,18,0,14.935,0.00166666666666667
2009,7,16,0,0,9.88,0.00833333333333333
2009,7,16,6,0,18.426,0
2009,7,16,12,0,23.796,0
2009,7,16,18,0,16.315,0
2009,7,17,0,0,10.398,0.00666666666666667
2009,7,17,6,0,18.231,0
2009,7,17,12,0,23,0
2009,7,17,18,0,15.315,0
2009,7,18,0,0,10.602,0.00666666666666667
2009,7,18,6,0,17.843,0
2009,7,18,12,0,20.481,0
2009,7,18,18,0,13.343,0.00166666666666667
2009,7,19,0,0,8.741,0.01
2009,7,19,6,0,14.657,0
2009,7,19,12,0,21.269,0
2009,7,19,18,0,13.185,0.005
2009,7,20,0,0,7.759,0.0183333333333333
2009,7,20,6,0,16.167,0.00166666666666667
2009,7,20,12,0,23.065,0
2009,7,20,18,0,14.343,0.00333333333333333
2009,7,21,0,0,9.426,0.015
2009,7,21,6,0,19.306,0
2009,7,21,12,0,22.954,0
2009,7,21,18,0,15.093,0
2009,7,22,0,0,10.5,0.005
2009,7,22,6,0,15.315,0
2009,7,22,12,0,18.981,0
2009,7,22,18,0,13.444,0
2009,7,23,0,0,10.296,0
2009,7,23,6,0,14.361,0
2009,7,23,12,0,18.083,0
2009,7,23,18,0,13.741,0
2009,7,24,0,0,11.556,0
2009,7,24,6,0,15.361,0
2009,7,24,12,0.1016,20.574,0
2009,7,24,18,0.6096,15.824,0
2009,7,25,0,0.6096,13.12,0
2009,7,25,6,0.0762,18.796,0
2009,7,25,12,2.0828,21.824,0
2009,7,25,18,1.3716,16.667,0
2009,7,26,0,0.254,14.963,0
2009,7,26,6,0,19.62,0
2009,7,26,12,0,24.806,0
2009,7,26,18,0,18.611,0
2009,7,27,0,0,15.037,0
2009,7,27,6,0,21.472,0
2009,7,27,12,0,27.509,0
2009,7,27,18,0,20.481,0
2009,7,28,0,0,16.63,0
2009,7,28,6,0,23.157,0
2009,7,28,12,0,29.491,0
2009,7,28,18,0,21.75,0
2009,7,29,0,0,17.056,0
2009,7,29,6,0,24.333,0
2009,7,29,12,0.127,30.13,0
2009,7,29,18,0.1524,22.528,0
2009,7,30,0,0.3048,18.046,0
2009,7,30,6,0,23.889,0
2009,7,30,12,0,26.222,0
2009,7,30,18,0,18.944,0
2009,7,31,0,0,14.481,0
2009,7,31,6,0,18.602,0
2009,7,31,12,0,24.139,0
2009,7,31,18,0,17.102,0
2009,8,1,0,0,12.463,0
2009,8,1,6,0,19.454,0
2009,8,1,12,0,24.519,0
2009,8,1,18,0,17.148,0
2009,8,2,0,0,12.704,0
2009,8,2,6,0,20.398,0
2009,8,2,12,0,24.269,0
2009,8,2,18,0,16.667,0
2009,8,3,0,0,11.648,0.00166666666666667
2009,8,3,6,0,17.667,0
2009,8,3,12,0,21.352,0
2009,8,3,18,0,14.231,0
2009,8,4,0,0,10.037,0.005
2009,8,4,6,0,14.713,0
2009,8,4,12,0,17.731,0
2009,8,4,18,0,12.685,0
2009,8,5,0,0,9.611,0.005
2009,8,5,6,0,13.25,0
2009,8,5,12,0,15.731,0
2009,8,5,18,0,11.509,0.00333333333333333
2009,8,6,0,0,8.87,0.01
2009,8,6,6,0,12.259,0
2009,8,6,12,0,14.991,0
2009,8,6,18,0.127,11.648,0
2009,8,7,0,0.7366,9.704,0
2009,8,7,6,0.7874,11.87,0
2009,8,7,12,0.127,14.963,0
2009,8,7,18,0.0508,11.667,0
2009,8,8,0,0.8128,9.352,0
2009,8,8,6,0,13.176,0
2009,8,8,12,0,16.25,0
2009,8,8,18,0,12.519,0
2009,8,9,0,0,10.769,0
2009,8,9,6,0,14.222,0
2009,8,9,12,0,16.352,0
2009,8,9,18,0,12.046,0
2009,8,10,0,0.0508,10.361,0
2009,8,10,6,5.0292,12.833,0
2009,8,10,12,21.2344,15.185,0
2009,8,10,18,12.1666,12.648,0
2009,8,11,0,5.0292,10.806,0
2009,8,11,6,0.9144,12.389,0
2009,8,11,12,0.0254,16.694,0
2009,8,11,18,0.3556,11.12,0.00333333333333333
2009,8,12,0,0.508,8.639,0.005
2009,8,12,6,0.127,13.019,0
2009,8,12,12,0.0762,15.694,0
2009,8,12,18,0.1016,11.537,0
2009,8,13,0,0.3556,8.556,0.00833333333333333
2009,8,13,6,0.6096,11.787,0
2009,8,13,12,3.8862,12.407,0
2009,8,13,18,8.255,9.148,0.01
2009,8,14,0,5.2832,8.861,0.01
2009,8,14,6,0.7366,10.759,0.005
2009,8,14,12,0,13.213,0
2009,8,14,18,0.0254,10.12,0.0116666666666667
2009,8,15,0,0.0762,8.657,0.02
2009,8,15,6,0,12.333,0.00333333333333333
2009,8,15,12,0,15.704,0
2009,8,15,18,0,10.12,0.00666666666666667
2009,8,16,0,0,7.759,0.01
2009,8,16,6,0,13.741,0.00166666666666667
2009,8,16,12,0,18.926,0
2009,8,16,18,0,11.741,0.00333333333333333
2009,8,17,0,0,9.083,0.01
2009,8,17,6,0,16.528,0
2009,8,17,12,0,21.25,0
2009,8,17,18,0,13.389,0
2009,8,18,0,0,10.037,0.00833333333333333
2009,8,18,6,0,17.926,0
2009,8,18,12,0,23.241,0
2009,8,18,18,0,14.148,0
2009,8,19,0,0,11.417,0
2009,8,19,6,0,18,0
2009,8,19,12,0,23.546,0
2009,8,19,18,0,16.796,0
2009,8,20,0,0,13.13,0
2009,8,20,6,0,17.972,0
2009,8,20,12,0,20.944,0
2009,8,20,18,0,15.954,0
2009,8,21,0,0,12.852,0
2009,8,21,6,0,15.815,0
2009,8,21,12,0,18.056,0
2009,8,21,18,0,12.935,0
2009,8,22,0,0,9.093,0.00333333333333333
2009,8,22,6,0,13.491,0
2009,8,22,12,0,17.315,0
2009,8,22,18,0,10.574,0.005
2009,8,23,0,0,7.019,0.0166666666666667
2009,8,23,6,0,12.935,0.00166666666666667
2009,8,23,12,0,18.194,0
2009,8,23,18,0,9.065,0.0116666666666667
2009,8,24,0,0,5.824,0.0283333333333333
2009,8,24,6,0,12.167,0.005
2009,8,24,12,0,17.704,0
2009,8,24,18,0,10.139,0.00833333333333333
2009,8,25,0,0,7.259,0.0233333333333333
2009,8,25,6,0,13.185,0.00333333333333333
2009,8,25,12,0,17.398,0
2009,8,25,18,0,9.435,0.01
2009,8,26,0,0,6.796,0.0183333333333333
2009,8,26,6,0,13.463,0.00166666666666667
2009,8,26,12,0,21.176,0
2009,8,26,18,0,10.176,0.055
2009,8,27,0,0,7.12,0.143333333333333
2009,8,27,6,0,15.602,0.00666666666666667
2009,8,27,12,0,22.731,0
2009,8,27,18,0,12.843,0.00666666666666667
2009,8,28,0,0,8.426,0.0316666666666667
2009,8,28,6,0,16.639,0.00166666666666667
2009,8,28,12,0,20.463,0
2009,8,28,18,0,13.148,0
2009,8,29,0,0,11.25,0
2009,8,29,6,0,15.435,0
2009,8,29,12,0,20.787,0
2009,8,29,18,0,11.787,0
2009,8,30,0,0,8.824,0.00833333333333333
2009,8,30,6,0,15.056,0
2009,8,30,12,0,20.352,0
2009,8,30,18,0,12.583,0
2009,8,31,0,0,9.722,0
2009,8,31,6,0,14.481,0
2009,8,31,12,0,18.528,0
2009,8,31,18,0,11.602,0
2009,9,1,0,0,10.009,0.005
2009,9,1,6,0,15.611,0
2009,9,1,12,0,18.333,0
2009,9,1,18,0.3302,12.463,0
2009,9,2,0,0.0508,10.889,0
2009,9,2,6,0,14.593,0
2009,9,2,12,0,18.157,0
2009,9,2,18,0,13,0
2009,9,3,0,11.4554,10.843,0
2009,9,3,6,5.0292,14.157,0
2009,9,3,12,0.4572,15.602,0
2009,9,3,18,0.1524,9.944,0.00666666666666667
2009,9,4,0,0.3556,9.343,0.00833333333333333
2009,9,4,6,0,13.519,0
2009,9,4,12,0,16.935,0
2009,9,4,18,0,12.426,0
2009,9,5,0,2.0574,10.667,0
2009,9,5,6,2.3876,14.074,0
2009,9,5,12,0.0508,13.87,0
2009,9,5,18,0.2794,10.287,0.00333333333333333
2009,9,6,0,3.3528,9.102,0.01
2009,9,6,6,8.9154,10.824,0.005
2009,9,6,12,10.6426,11.694,0
2009,9,6,18,23.7998,8.769,0.01
2009,9,7,0,18.7198,7.991,0.01
2009,9,7,6,1.1176,10.213,0.005
2009,9,7,12,1.27,13.065,0
2009,9,7,18,0.254,9.157,0.015
2009,9,8,0,0.635,7.213,0.0233333333333333
2009,9,8,6,0,10.389,0.00666666666666667
2009,9,8,12,0,13.454,0
2009,9,8,18,0,9.407,0.00833333333333333
2009,9,9,0,1.524,8.972,0.01
2009,9,9,6,3.429,11.639,0.00166666666666667
2009,9,9,12,2.6416,15.213,0
2009,9,9,18,0.5334,12.389,0.00166666666666667
2009,9,10,0,0.4572,9.38,0.01
2009,9,10,6,0,13.806,0.00166666666666667
2009,9,10,12,0,19.556,0
2009,9,10,18,0,11.861,0.005
2009,9,11,0,0,8.843,0.015
2009,9,11,6,0,15.519,0.00166666666666667
2009,9,11,12,0,22.565,0
2009,9,11,18,0,12.648,0.00666666666666667
2009,9,12,0,0,9.815,0.015
2009,9,12,6,0,16.519,0.00166666666666667
2009,9,12,12,0,22.5,0
2009,9,12,18,0,12.852,0.00166666666666667
2009,9,13,0,0,9.444,0.0133333333333333
2009,9,13,6,0,15.417,0
2009,9,13,12,0,18.287,0
2009,9,13,18,0,11.491,0
2009,9,14,0,0,9.954,0
2009,9,14,6,0,13.13,0
2009,9,14,12,0,16.25,0
2009,9,14,18,0,11.167,0
2009,9,15,0,0,9.213,0.00166666666666667
2009,9,15,6,0,12.769,0
2009,9,15,12,0,17,0
2009,9,15,18,0,11.537,0
2009,9,16,0,0.0254,10.333,0.005
2009,9,16,6,0,14.065,0
2009,9,16,12,0.6858,15.991,0
2009,9,16,18,1.6256,10.796,0
2009,9,17,0,0.127,8.287,0.00833333333333333
2009,9,17,6,0,13.12,0
2009,9,17,12,0,17.843,0
2009,9,17,18,0.0254,10.657,0.00833333333333333
2009,9,18,0,0,10.565,0.01
2009,9,18,6,0.0254,13.843,0
2009,9,18,12,0,17.546,0
2009,9,18,18,0.1524,11.87,0.00333333333333333
2009,9,19,0,14.351,9.546,0.00833333333333333
2009,9,19,6,11.0744,12.713,0
2009,9,19,12,0.5842,13.87,0
2009,9,19,18,1.3462,10.38,0.005
2009,9,20,0,1.905,8.278,0.0133333333333333
2009,9,20,6,0,10.519,0.005
2009,9,20,12,0,14.019,0.00166666666666667
2009,9,20,18,0,7.87,0.0266666666666667
2009,9,21,0,0,6.713,0.055
2009,9,21,6,0,12.444,0.015
2009,9,21,12,0,19.213,0
2009,9,21,18,0,9.611,0.0433333333333333
2009,9,22,0,0,6.574,0.09
2009,9,22,6,0,13.824,0.02
2009,9,22,12,0,21.306,0
2009,9,22,18,0,11.657,0.02
2009,9,23,0,0,8.25,0.0766666666666667
2009,9,23,6,0,13.75,0.01
2009,9,23,12,0,18.639,0
2009,9,23,18,0,10.056,0.00666666666666667
2009,9,24,0,0,6.463,0.02
2009,9,24,6,0,10.991,0.005
2009,9,24,12,0,15.63,0
2009,9,24,18,0,7.176,0.015
2009,9,25,0,0,4.546,0.0566666666666667
2009,9,25,6,0,9.213,0.0116666666666667
2009,9,25,12,0,14.13,0
2009,9,25,18,0,7.176,0.0316666666666667
2009,9,26,0,0,5.287,0.0616666666666667
2009,9,26,6,0,9.741,0.01
2009,9,26,12,0,14.037,0.00166666666666667
2009,9,26,18,0,4.13,0.108333333333333
2009,9,27,0,0,1.889,0.39
2009,9,27,6,0,5.963,0.203333333333333
2009,9,27,12,0,13.361,0.00333333333333333
2009,9,27,18,0,4.639,0.496666666666667
2009,9,28,0,0,4.139,0.69
2009,9,28,6,0,8.815,0.0766666666666667
2009,9,28,12,0.0254,9.824,0.005
2009,9,28,18,4.0386,5.667,0.0216666666666667
2009,9,29,0,1.9304,3.833,0.085
2009,9,29,6,1.397,4.667,0.0533333333333333
2009,9,29,12,5.715,6.389,0.0233333333333333
2009,9,29,18,0.5334,3.981,0.0833333333333333
2009,9,30,0,3.2258,3.667,0.085
2009,9,30,6,0.0762,5.241,0.0516666666666667
2009,9,30,12,0.1016,7.204,0.0316666666666667
2009,9,30,18,2.1082,3.296,0.135
2009,10,1,0,0.1778,4.593,0.0583333333333333
2009,10,1,6,3.6576,6.25,0.0266666666666667
2009,10,1,12,4.3434,7.898,0.015
2009,10,1,18,1.143,5.593,0.0433333333333333
2009,10,2,0,1.778,4.157,0.0616666666666667
2009,10,2,6,0.4826,5.685,0.0366666666666667
2009,10,2,12,0,7.944,0.0233333333333333
2009,10,2,18,2.2098,1.926,0.231666666666667
2009,10,3,0,1.7272,0.898,0.441666666666667
2009,10,3,6,0.0254,4.907,0.173333333333333
2009,10,3,12,0,10.796,0.0216666666666667
2009,10,3,18,0.3302,4.361,0.155
2009,10,4,0,0.6604,2.981,0.228333333333333
2009,10,4,6,0,6.028,0.193333333333333
2009,10,4,12,0,12.667,0.00833333333333333
2009,10,4,18,0.127,7.491,0.0483333333333333
2009,10,5,0,0.3048,2.759,0.315
2009,10,5,6,0,6.648,0.0966666666666667
2009,10,5,12,0,10.991,0.005
2009,10,5,18,0,2.917,0.375
2009,10,6,0,0,0.75,0.838333333333333
2009,10,6,6,0,5.593,0.265
2009,10,6,12,0,10.769,0.0116666666666667
2009,10,6,18,0,3.102,0.123333333333333
2009,10,7,0,0,1.37,0.251666666666667
2009,10,7,6,0,5.37,0.135
2009,10,7,12,0,11.019,0.0116666666666667
2009,10,7,18,0,3.148,0.251666666666667
2009,10,8,0,0,-0.398,0.98
2009,10,8,6,0,4.972,0.305
2009,10,8,12,0,10.028,0.0116666666666667
2009,10,8,18,0,3.972,0.0833333333333333
2009,10,9,0,0,3.25,0.16
2009,10,9,6,0,5.167,0.118333333333333
2009,10,9,12,0,9.074,0.0216666666666667
2009,10,9,18,0,3.333,0.358333333333333
2009,10,10,0,0,2.176,0.573333333333333
2009,10,10,6,0,5.093,0.25
2009,10,10,12,0,8.435,0.04
2009,10,10,18,0,0.852,0.875
2009,10,11,0,0,-2.481,1
2009,10,11,6,0,1.889,0.75
2009,10,11,12,0,6.75,0.163333333333333
2009,10,11,18,0,-1.037,1
2009,10,12,0,0,-2.657,1
2009,10,12,6,0,3.065,0.63
2009,10,12,12,0,5.62,0.188333333333333
2009,10,12,18,0,1.315,0.863333333333333
2009,10,13,0,0,0.731,0.82
2009,10,13,6,2.9972,5.296,0.161666666666667
2009,10,13,12,8.2042,7.87,0.0533333333333333
2009,10,13,18,1.8542,4.815,0.105
2009,10,14,0,16.002,4.157,0.0933333333333333
2009,10,14,6,7.8232,6.787,0.0366666666666667
2009,10,14,12,4.5212,8.065,0.0216666666666667
2009,10,14,18,11.557,5.861,0.0483333333333333
2009,10,15,0,0.2794,5.519,0.055
2009,10,15,6,0.0508,7.444,0.0333333333333333
2009,10,15,12,0,10.926,0.01
2009,10,15,18,1.8796,8.583,0.0166666666666667
2009,10,16,0,1.4478,8.194,0.01
2009,10,16,6,15.0368,9.87,0.01
2009,10,16,12,3.5814,10.426,0.005
2009,10,16,18,15.7988,9.787,0.00833333333333333
2009,10,17,0,35.5092,10.602,0
2009,10,17,6,37.5666,11.241,0
2009,10,17,12,32.2072,10.204,0.005
2009,10,17,18,11.3538,7.389,0.02
2009,10,18,0,1.5748,7.25,0.0116666666666667
2009,10,18,6,0.5334,7.926,0.00833333333333333
2009,10,18,12,0.0508,9.648,0.00333333333333333
2009,10,18,18,1.0414,6.009,0.0233333333333333
2009,10,19,0,1.1938,4.778,0.0433333333333333
2009,10,19,6,0.0254,6.343,0.0366666666666667
2009,10,19,12,0,9.62,0.01
2009,10,19,18,0.0762,5.963,0.03
2009,10,20,0,0.0762,4.685,0.0466666666666667
2009,10,20,6,0,6.287,0.0283333333333333
2009,10,20,12,0,10.176,0.01
2009,10,20,18,0,7.463,0.0216666666666667
2009,10,21,0,1.0922,6.537,0.0266666666666667
2009,10,21,6,6.3754,8.102,0.0133333333333333
2009,10,21,12,4.4704,8.306,0.01
2009,10,21,18,0.508,5.731,0.0333333333333333
2009,10,22,0,0.127,3.88,0.0666666666666667
2009,10,22,6,0.0508,5.5,0.045
2009,10,22,12,0,8.231,0.0133333333333333
2009,10,22,18,0.8636,5.389,0.0416666666666667
2009,10,23,0,12.6746,5.204,0.04
2009,10,23,6,18.4658,6.852,0.0183333333333333
2009,10,23,12,11.176,7.87,0.0116666666666667
2009,10,23,18,4.8768,4.917,0.0366666666666667
2009,10,24,0,0.635,2.417,0.15
2009,10,24,6,0,3.241,0.153333333333333
2009,10,24,12,0,5.546,0.04
2009,10,24,18,0,0.333,0.65
2009,10,25,0,0,-0.074,0.823333333333333
2009,10,25,6,0.4064,3.102,0.341666666666667
2009,10,25,12,4.9276,6.111,0.0633333333333333
2009,10,25,18,12.3952,3.648,0.075
2009,10,26,0,14.605,6.019,0.025
2009,10,26,6,28.6004,5.352,0.035
2009,10,26,12,5.0292,3.87,0.0866666666666667
2009,10,26,18,3.5306,1.352,0.27
2009,10,27,0,1.905,0.935,0.35
2009,10,27,6,0.5334,2.185,0.185
2009,10,27,12,0.0254,3.074,0.118333333333333
2009,10,27,18,0.4318,0.593,0.52
2009,10,28,0,0.4572,-0.889,0.953333333333333
2009,10,28,6,0,1.13,0.608333333333333
2009,10,28,12,0.0762,3.176,0.268333333333333
2009,10,28,18,2.8956,-0.269,0.825
2009,10,29,0,2.794,-0.093,0.73
2009,10,29,6,1.778,1.296,0.34
2009,10,29,12,7.7724,4.704,0.0883333333333333
2009,10,29,18,3.8354,5.787,0.055
2009,10,30,0,6.8326,4.722,0.05
2009,10,30,6,3.5814,5.981,0.03
2009,10,30,12,4.7244,8.444,0.015
2009,10,30,18,17.1196,6.824,0.025
2009,10,31,0,9.2202,5.778,0.0383333333333333
2009,10,31,6,6.7818,4.37,0.0733333333333333
2009,10,31,12,1.4986,5.13,0.0533333333333333
2009,10,31,18,0.3048,2.75,0.118333333333333
2009,11,1,0,0.3048,0.269,0.551666666666667
2009,11,1,6,0.0254,2.509,0.241666666666667
2009,11,1,12,0,5.667,0.0583333333333333
2009,11,1,18,0,1.269,0.406666666666667
2009,11,2,0,0,2.5,0.308333333333333
2009,11,2,6,0.3556,4.87,0.11
2009,11,2,12,2.9718,5.352,0.0766666666666667
2009,11,2,18,0.0762,1.37,0.285
2009,11,3,0,0,0.046,0.576666666666667
2009,11,3,6,0,1.926,0.36
2009,11,3,12,0.0508,6.185,0.0766666666666667
2009,11,3,18,0,2.537,0.701666666666667
2009,11,4,0,0,2.954,0.761666666666667
2009,11,4,6,0,4.602,0.306666666666667
2009,11,4,12,0,7.556,0.0633333333333333
2009,11,4,18,0,5.787,0.0966666666666667
2009,11,5,0,0.0254,5.787,0.0816666666666667
2009,11,5,6,10.2362,5.296,0.0666666666666667
2009,11,5,12,22.479,6.639,0.0383333333333333
2009,11,5,18,19.2024,5.056,0.0533333333333333
2009,11,6,0,13.208,2.667,0.148333333333333
2009,11,6,6,4.6482,2.148,0.195
2009,11,6,12,4.9276,3.046,0.123333333333333
2009,11,6,18,5.0038,2.454,0.151666666666667
2009,11,7,0,3.9116,2.019,0.178333333333333
2009,11,7,6,14.0462,2.435,0.15
2009,11,7,12,10.3886,3.278,0.113333333333333
2009,11,7,18,3.5306,1.25,0.28
2009,11,8,0,5.5372,0.139,0.546666666666667
2009,11,8,6,0.6858,1.454,0.325
2009,11,8,12,0,3.648,0.12
2009,11,8,18,0,2.287,0.195
2009,11,9,0,0,2.528,0.176666666666667
2009,11,9,6,5.3594,3.806,0.1
2009,11,9,12,8.255,4.704,0.0666666666666667
2009,11,9,18,5.2324,2.083,0.193333333333333
2009,11,10,0,5.9436,1.574,0.241666666666667
2009,11,10,6,2.9464,1.722,0.26
2009,11,10,12,6.5024,3.731,0.106666666666667
2009,11,10,18,11.4554,2.454,0.146666666666667
2009,11,11,0,5.969,2.185,0.166666666666667
2009,11,11,6,2.1844,2.083,0.191666666666667
2009,11,11,12,1.7526,3.546,0.0983333333333333
2009,11,11,18,0.0508,0.824,0.348333333333333
2009,11,12,0,0,-0.259,0.755
2009,11,12,6,0,0.38,0.616666666666667
2009,11,12,12,0,2.407,0.221666666666667
2009,11,12,18,0,-0.917,0.916666666666667
2009,11,13,0,1.4986,-0.519,0.86
2009,11,13,6,7.1374,1.315,0.253333333333333
2009,11,13,12,3.4544,0.111,0.676666666666667
2009,11,13,18,2.2606,-1.565,0.995
2009,11,14,0,0.0254,-2.87,1
2009,11,14,6,0,-1.694,0.81
2009,11,14,12,0.1524,0.62,0.576666666666667
2009,11,14,18,0.7366,-1.111,0.961666666666667
2009,11,15,0,4.6228,0.741,0.436666666666667
2009,11,15,6,10.9474,2.111,0.185
2009,11,15,12,6.2992,3.343,0.105
2009,11,15,18,9.9568,3.444,0.101666666666667
2009,11,16,0,3.7338,3.704,0.1
2009,11,16,6,18.415,4,0.09
2009,11,16,12,21.0566,4.287,0.0766666666666667
2009,11,16,18,16.3322,3.546,0.0966666666666667
2009,11,17,0,27.6606,4.481,0.0683333333333333
2009,11,17,6,8.0264,2.12,0.225
2009,11,17,12,10.5664,1.185,0.385
2009,11,17,18,7.1628,-0.12,0.718333333333333
2009,11,18,0,2.2352,-0.398,0.85
2009,11,18,6,0.381,-0.889,0.915
2009,11,18,12,1.8034,0.907,0.46
2009,11,18,18,5.2578,1.167,0.365
2009,11,19,0,5.6896,2.093,0.2
2009,11,19,6,12.4206,1.991,0.213333333333333
2009,11,19,12,14.5796,3.028,0.138333333333333
2009,11,19,18,6.7564,3.583,0.11
2009,11,20,0,7.9502,4.204,0.1
2009,11,20,6,8.2296,3.611,0.116666666666667
2009,11,20,12,0.3048,2.898,0.188333333333333
2009,11,20,18,6.0706,0.343,0.51
2009,11,21,0,4.8006,-0.787,0.848333333333333
2009,11,21,6,0.4064,-1.241,0.953333333333333
2009,11,21,12,2.8956,0.472,0.543333333333333
2009,11,21,18,10.16,1.472,0.31
2009,11,22,0,12.9032,1.509,0.27
2009,11,22,6,9.652,1.361,0.261666666666667
2009,11,22,12,4.2164,0.741,0.341666666666667
2009,11,22,18,5.4102,-0.343,0.671666666666667
2009,11,23,0,0.1016,-0.926,0.883333333333333
2009,11,23,6,0.9652,0.426,0.471666666666667
2009,11,23,12,4.8768,1.963,0.213333333333333
2009,11,23,18,2.5908,1.75,0.208333333333333
2009,11,24,0,0.0762,0.657,0.316666666666667
2009,11,24,6,0,1.324,0.263333333333333
2009,11,24,12,0.6604,2.963,0.128333333333333
2009,11,24,18,1.6256,3.306,0.105
2009,11,25,0,0.0508,2.935,0.111666666666667
2009,11,25,6,1.4986,3.556,0.106666666666667
2009,11,25,12,19.558,4.38,0.0816666666666667
2009,11,25,18,27.4574,3.231,0.0983333333333333
2009,11,26,0,25.908,2.898,0.11
2009,11,26,6,10.414,3.139,0.108333333333333
2009,11,26,12,0.1016,3.306,0.108333333333333
2009,11,26,18,0.381,1.889,0.231666666666667
2009,11,27,0,0,0.704,0.601666666666667
2009,11,27,6,0.0254,0.731,0.628333333333333
2009,11,27,12,0,1.843,0.438333333333333
2009,11,27,18,0,-1.019,0.956666666666667
2009,11,28,0,5.2578,0.296,0.5
2009,11,28,6,6.9342,1.815,0.231666666666667
2009,11,28,12,3.7084,2.861,0.126666666666667
2009,11,28,18,2.6416,2.046,0.173333333333333
2009,11,29,0,2.7432,2.157,0.16
2009,11,29,6,2.794,2.972,0.116666666666667
2009,11,29,12,1.6256,3.333,0.11
2009,11,29,18,2.2098,2.074,0.161666666666667
2009,11,30,0,0.8636,2.463,0.131666666666667
2009,11,30,6,6.2992,3.38,0.0916666666666667
2009,11,30,12,5.1054,3.157,0.1
2009,11,30,18,0.5588,-0.417,0.798333333333333
2009,12,1,0,0,-1.204,0.996666666666667
2009,12,1,6,0,-0.528,0.95
2009,12,1,12,0.0254,0.88,0.66
2009,12,1,18,0,-2.398,1
2009,12,2,0,0,-3.167,1
2009,12,2,6,0,-1.667,1
2009,12,2,12,0,-0.38,0.978333333333333
2009,12,2,18,0,-3.685,1
2009,12,3,0,0,-3.935,1
2009,12,3,6,0,-2.028,0.998333333333333
2009,12,3,12,0,0.148,0.958333333333333
2009,12,3,18,0,-3.611,1
2009,12,4,0,0,-3.278,1
2009,12,4,6,0,-2.491,0.998333333333333
2009,12,4,12,0,-0.843,0.985
2009,12,4,18,0,-1.944,1
2009,12,5,0,0,-3.028,1
2009,12,5,6,0,-3.546,1
2009,12,5,12,0,-2.657,1
2009,12,5,18,0,-3.537,1
2009,12,6,0,0,-2.648,1
2009,12,6,6,0,-3.454,1
2009,12,6,12,0,-3.509,1
2009,12,6,18,0,-5.787,1
2009,12,7,0,0,-7.657,1
2009,12,7,6,0,-7.111,1
2009,12,7,12,0,-6.009,1
2009,12,7,18,0,-9.528,1
2009,12,8,0,0,-10.944,1
2009,12,8,6,0,-8.741,1
2009,12,8,12,0,-6.333,1
2009,12,8,18,0,-10.907,1
2009,12,9,0,0,-10.648,1
2009,12,9,6,0,-7.75,1
2009,12,9,12,0,-6.954,1
2009,12,9,18,0,-11.602,1
2009,12,10,0,0,-12.722,1
2009,12,10,6,0,-9.75,1
2009,12,10,12,0,-6.13,1
2009,12,10,18,0,-9.157,1
2009,12,11,0,0,-9.315,1
2009,12,11,6,0,-7.259,1
2009,12,11,12,0,-4.759,1
2009,12,11,18,0,-8.352,1
2009,12,12,0,0,-8.491,1
2009,12,12,6,0,-6.231,1
2009,12,12,12,0,-4.556,1
2009,12,12,18,0,-8.694,1
2009,12,13,0,0,-10.444,1
2009,12,13,6,0.0254,-7.713,1
2009,12,13,12,0.3556,-4.926,1
2009,12,13,18,0.2794,-5.407,1
2009,12,14,0,0,-7.398,1
2009,12,14,6,0,-9.333,1
2009,12,14,12,0,-6.185,1
2009,12,14,18,7.0104,-4.593,1
2009,12,15,0,2.032,-1.75,0.996666666666667
2009,12,15,6,0.508,-1.731,0.998333333333333
2009,12,15,12,12.6238,-1.13,0.951666666666667
2009,12,15,18,5.5372,-0.426,0.753333333333333
2009,12,16,0,2.6416,-0.296,0.738333333333333
2009,12,16,6,6.4262,0.519,0.485
2009,12,16,12,17.0942,1.176,0.283333333333333
2009,12,16,18,10.6934,0.889,0.306666666666667
2009,12,17,0,1.016,0.5,0.406666666666667
2009,12,17,6,0.7366,-0.028,0.595
2009,12,17,12,0.0254,1.093,0.335
2009,12,17,18,0.3556,1.843,0.196666666666667
2009,12,18,0,0.0762,2.306,0.13
2009,12,18,6,1.397,2.204,0.13
2009,12,18,12,2.286,2.037,0.131666666666667
2009,12,18,18,2.6416,1.565,0.151666666666667
2009,12,19,0,4.7498,1.694,0.145
2009,12,19,6,0.0508,1.731,0.14
2009,12,19,12,0,1.546,0.193333333333333
2009,12,19,18,9.3472,1.361,0.201666666666667
2009,12,20,0,2.2352,2.269,0.118333333333333
2009,12,20,6,7.5438,3.111,0.0916666666666667
2009,12,20,12,4.2164,3.991,0.0716666666666667
2009,12,20,18,6.2738,2.472,0.103333333333333
2009,12,21,0,10.2108,3.426,0.0816666666666667
2009,12,21,6,16.5354,3.333,0.0816666666666667
2009,12,21,12,7.1374,1.269,0.333333333333333
2009,12,21,18,1.6002,-1.12,0.97
2009,12,22,0,0,-2.333,1
2009,12,22,6,0,-1.5,0.963333333333333
2009,12,22,12,0,-0.269,0.731666666666667
2009,12,22,18,0.0508,-4.407,1
2009,12,23,0,0,-4.907,1
2009,12,23,6,0,-4.287,1
2009,12,23,12,0,-2.194,1
2009,12,23,18,0,-3.611,1
2009,12,24,0,0,-3.278,1
2009,12,24,6,0,-1.213,0.983333333333333
2009,12,24,12,0,0.481,0.801666666666667
2009,12,24,18,0,-2.852,1
2009,12,25,0,0,-4.065,1
2009,12,25,6,0,-2.88,0.998333333333333
2009,12,25,12,0,0.5,0.971666666666667
2009,12,25,18,0,-1.315,1
2009,12,26,0,0,-2.648,1
2009,12,26,6,0,-1.083,0.986666666666667
2009,12,26,12,0,0.833,0.841666666666667
2009,12,26,18,0,-3.296,1
2009,12,27,0,0,-5,1
2009,12,27,6,0,-3.481,1
2009,12,27,12,0,-1.704,0.985
2009,12,27,18,0,-5.083,1
2009,12,28,0,0,-5.815,1
2009,12,28,6,0,-3.296,1
2009,12,28,12,0.0762,-0.62,0.961666666666667
2009,12,28,18,0,-1.25,0.993333333333334
2009,12,29,0,0,-2.333,1
2009,12,29,6,0,-3.213,1
2009,12,29,12,0,-1.491,0.996666666666667
2009,12,29,18,0,-3,1
2009,12,30,0,0.7366,-2.528,1
2009,12,30,6,3.7592,-1.824,0.991666666666667
2009,12,30,12,5.08,-0.231,0.715
2009,12,30,18,1.6002,-1.269,0.976666666666667
2009,12,31,0,0.1778,-1.907,0.99
2009,12,31,6,0,-1.611,0.988333333333333
2009,12,31,12,5.9182,0.25,0.71
2009,12,31,18,3.8354,1.083,0.33
2010,1,1,0,0.5842,1.602,0.211666666666667
2010,1,1,6,12.8016,2.12,0.183333333333333
2010,1,1,12,9.1948,2.241,0.165
2010,1,1,18,20.8788,1.991,0.17
2010,1,2,0,15.7988,1.87,0.178333333333333
2010,1,2,6,2.794,2.269,0.135
2010,1,2,12,3.8862,2.583,0.11
2010,1,2,18,0.1016,2.13,0.128333333333333
2010,1,3,0,0.1016,-0.769,0.673333333333333
2010,1,3,6,0,-1.083,0.775
2010,1,3,12,0,1.694,0.261666666666667
2010,1,3,18,1.3462,2.065,0.198333333333333
2010,1,4,0,2.286,2.611,0.118333333333333
2010,1,4,6,22.6568,2.713,0.101666666666667
2010,1,4,12,20.701,2.509,0.12
2010,1,4,18,1.3716,2.333,0.118333333333333
2010,1,5,0,1.7272,2.759,0.0966666666666667
2010,1,5,6,0.3302,2.787,0.1
2010,1,5,12,0.0254,1.778,0.295
2010,1,5,18,0,-2.259,0.996666666666667
2010,1,6,0,0,-2.056,1
2010,1,6,6,0,-1.62,0.998333333333333
2010,1,6,12,0,-0.148,0.881666666666667
2010,1,6,18,0,-3.074,1
2010,1,7,0,0,-3.157,1
2010,1,7,6,0,-1.296,0.995
2010,1,7,12,0,0.907,0.75
2010,1,7,18,0.127,0.241,0.8
2010,1,8,0,5.8674,0.231,0.641666666666667
2010,1,8,6,7.8486,0.593,0.455
2010,1,8,12,5.9944,2.713,0.181666666666667
2010,1,8,18,23.2664,1.241,0.275
2010,1,9,0,0.127,1.75,0.183333333333333
2010,1,9,6,0.0254,2.472,0.156666666666667
2010,1,9,12,0.0762,4.296,0.0716666666666667
2010,1,9,18,0,1.333,0.218333333333333
2010,1,10,0,0,3.093,0.09
2010,1,10,6,0,4.167,0.0883333333333333
2010,1,10,12,0,5.944,0.0583333333333333
2010,1,10,18,2.4892,4.593,0.0733333333333333
2010,1,11,0,7.62,6.843,0.0416666666666667
2010,1,11,6,17.2212,5.583,0.055
2010,1,11,12,21.3868,5.444,0.0566666666666667
2010,1,11,18,3.6576,6.926,0.0466666666666667
2010,1,12,0,14.6558,5.546,0.0566666666666667
2010,1,12,6,10.7442,4.852,0.0633333333333333
2010,1,12,12,5.5372,5.62,0.0533333333333333
2010,1,12,18,5.4864,3.759,0.0783333333333334
2010,1,13,0,0,3.009,0.103333333333333
2010,1,13,6,7.112,4.444,0.065
2010,1,13,12,4.8768,4.769,0.06
2010,1,13,18,3.81,3.185,0.0883333333333333
2010,1,14,0,8.1534,2.769,0.0983333333333333
2010,1,14,6,2.286,2.213,0.173333333333333
2010,1,14,12,9.8044,3.38,0.101666666666667
2010,1,14,18,10.7188,3.583,0.0816666666666667
2010,1,15,0,11.0236,4.676,0.0616666666666667
2010,1,15,6,26.7462,4.25,0.07
2010,1,15,12,4.3434,3.454,0.0866666666666667
2010,1,15,18,0.3556,0.148,0.516666666666667
2010,1,16,0,0,-1.861,0.945
2010,1,16,6,0,-1.065,0.795
2010,1,16,12,0,2.009,0.258333333333333
2010,1,16,18,0.1016,1.407,0.315
2010,1,17,0,1.9304,3.204,0.0983333333333333
2010,1,17,6,0.508,2.972,0.116666666666667
2010,1,17,12,0,3.926,0.0916666666666667
2010,1,17,18,0.4318,4.176,0.08
2010,1,18,0,0.3556,4.222,0.0816666666666667
2010,1,18,6,0.0508,4.185,0.0783333333333334
2010,1,18,12,0,4.13,0.09
2010,1,18,18,0,3.565,0.136666666666667
2010,1,19,0,0.0508,4.148,0.0983333333333333
2010,1,19,6,0.6604,5.13,0.0683333333333333
2010,1,19,12,0,6.306,0.0516666666666667
2010,1,19,18,0.4064,4.972,0.0683333333333333
2010,1,20,0,0.127,2.852,0.143333333333333
2010,1,20,6,0,4.25,0.0766666666666667
2010,1,20,12,0,5.435,0.06
2010,1,20,18,0,2.676,0.186666666666667
2010,1,21,0,0,2.296,0.213333333333333
2010,1,21,6,0,3.537,0.121666666666667
2010,1,21,12,0,5.602,0.0533333333333333
2010,1,21,18,0,3.713,0.0966666666666667
2010,1,22,0,0,0.083,0.888333333333333
2010,1,22,6,0,2.046,0.456666666666667
2010,1,22,12,0,4.574,0.0816666666666667
2010,1,22,18,0,-0.435,0.918333333333333
2010,1,23,0,0,-2.056,1
2010,1,23,6,0,-0.12,0.633333333333333
2010,1,23,12,0,2.917,0.115
2010,1,23,18,0,-1.731,0.963333333333333
2010,1,24,0,0,-2.287,1
2010,1,24,6,0,0.509,0.671666666666667
2010,1,24,12,3.175,3.019,0.173333333333333
2010,1,24,18,3.5052,2.278,0.171666666666667
2010,1,25,0,1.27,2.185,0.166666666666667
2010,1,25,6,0.0508,1.065,0.443333333333333
2010,1,25,12,0.0254,2.398,0.205
2010,1,25,18,0.0254,0.954,0.403333333333333
2010,1,26,0,0,-0.306,0.845
2010,1,26,6,0,0.75,0.553333333333333
2010,1,26,12,0,4.083,0.0766666666666667
2010,1,26,18,0,0.194,0.703333333333333
2010,1,27,0,0,-0.917,0.968333333333333
2010,1,27,6,0,0.278,0.581666666666667
2010,1,27,12,0,4.648,0.075
2010,1,27,18,0,1.722,0.463333333333333
2010,1,28,0,0,1.194,0.586666666666667
2010,1,28,6,0,3.13,0.181666666666667
2010,1,28,12,0,5.602,0.075
2010,1,28,18,0,1.991,0.75
2010,1,29,0,0,2.981,0.346666666666667
2010,1,29,6,0,4.306,0.151666666666667
2010,1,29,12,0.0254,5.519,0.0683333333333333
2010,1,29,18,0.2286,3.676,0.0933333333333333
2010,1,30,0,0.7874,3.639,0.0833333333333333
2010,1,30,6,2.6416,4.417,0.0583333333333333
2010,1,30,12,0.762,5.194,0.05
2010,1,30,18,0.2286,3.407,0.0733333333333333
2010,1,31,0,0.6096,3,0.08
2010,1,31,6,0.508,3.407,0.0716666666666667
2010,1,31,12,0.4826,3.815,0.0733333333333333
2010,1,31,18,0.0508,2.009,0.153333333333333
2010,2,1,0,0,1.037,0.266666666666667
2010,2,1,6,0,1.343,0.333333333333333
2010,2,1,12,0.762,3.398,0.131666666666667
2010,2,1,18,1.1938,2.389,0.176666666666667
2010,2,2,0,0.254,2.065,0.183333333333333
2010,2,2,6,1.143,2.583,0.141666666666667
2010,2,2,12,0,4.269,0.085
2010,2,2,18,0,0.639,0.48
2010,2,3,0,0,-0.769,0.953333333333333
2010,2,3,6,0,1.25,0.493333333333333
2010,2,3,12,0.1524,4.769,0.0933333333333333
2010,2,3,18,0.2286,1.213,0.363333333333333
2010,2,4,0,0.3302,0.75,0.353333333333333
2010,2,4,6,0,1.546,0.323333333333333
2010,2,4,12,0,5.167,0.085
2010,2,4,18,0.0508,2.463,0.226666666666667
2010,2,5,0,1.27,2.843,0.141666666666667
2010,2,5,6,1.9812,4.806,0.0716666666666667
2010,2,5,12,0,5.898,0.0583333333333333
2010,2,5,18,0,0.25,0.721666666666667
2010,2,6,0,0,0.222,0.843333333333333
2010,2,6,6,0,2.583,0.288333333333333
2010,2,6,12,0,4.87,0.0866666666666667
2010,2,6,18,0,1.676,0.251666666666667
2010,2,7,0,0.6604,0.065,0.593333333333333
2010,2,7,6,5.0292,1.963,0.311666666666667
2010,2,7,12,0.7112,4.583,0.075
2010,2,7,18,0.4064,0.657,0.426666666666667
2010,2,8,0,0.6858,1,0.273333333333333
2010,2,8,6,0,2.796,0.165
2010,2,8,12,0,5.167,0.0583333333333333
2010,2,8,18,0.0254,-1.296,0.885
2010,2,9,0,0,-3.5,1
2010,2,9,6,0,-0.028,0.6
2010,2,9,12,0,4.111,0.103333333333333
2010,2,9,18,0,-2.194,0.983333333333333
2010,2,10,0,0,-2.676,1
2010,2,10,6,0,0.231,0.646666666666667
2010,2,10,12,0.2032,2.278,0.231666666666667
2010,2,10,18,0.1016,-0.083,0.723333333333333
2010,2,11,0,0.0254,0.824,0.391666666666667
2010,2,11,6,6.0706,2.565,0.168333333333333
2010,2,11,12,6.9596,4.12,0.095
2010,2,11,18,9.1694,4.157,0.0883333333333333
2010,2,12,0,4.191,3.602,0.113333333333333
2010,2,12,6,1.4478,2.056,0.248333333333333
2010,2,12,12,3.9116,4.028,0.105
2010,2,12,18,4.064,2.37,0.17
2010,2,13,0,1.651,1.472,0.248333333333333
2010,2,13,6,0.127,1.944,0.24
2010,2,13,12,2.0066,3.5,0.136666666666667
2010,2,13,18,1.016,4.176,0.0866666666666667
2010,2,14,0,5.8674,4.981,0.0633333333333333
2010,2,14,6,15.2146,4.389,0.0716666666666667
2010,2,14,12,4.5212,3.324,0.125
2010,2,14,18,0,-1.296,0.888333333333333
2010,2,15,0,0,-2.463,0.993333333333333
2010,2,15,6,0,0.12,0.641666666666667
2010,2,15,12,0.0254,4.657,0.111666666666667
2010,2,15,18,2.159,3.935,0.128333333333333
2010,2,16,0,8.4582,4.296,0.0733333333333333
2010,2,16,6,13.4874,4.75,0.07
2010,2,16,12,0.6096,4.185,0.0966666666666667
2010,2,16,18,0,0.194,0.555
2010,2,17,0,0,-2.148,0.995
2010,2,17,6,0,1.907,0.46
2010,2,17,12,0,6.343,0.0616666666666667
2010,2,17,18,0,2.759,0.241666666666667
2010,2,18,0,0,0.389,0.71
2010,2,18,6,0,3.315,0.338333333333333
2010,2,18,12,0,7.324,0.06
2010,2,18,18,0,0.352,0.848333333333333
2010,2,19,0,0,-1.694,1
2010,2,19,6,0,2.167,0.521666666666667
2010,2,19,12,0,7.519,0.05
2010,2,19,18,0,-0.685,0.873333333333333
2010,2,20,0,0,-2.963,1
2010,2,20,6,0,1.713,0.515
2010,2,20,12,0,7.333,0.0416666666666667
2010,2,20,18,0,-1.38,0.88
2010,2,21,0,0,-4.287,1
2010,2,21,6,0,0.194,0.603333333333333
2010,2,21,12,0,6.972,0.0616666666666667
2010,2,21,18,0,-1.648,0.955
2010,2,22,0,0,-4.731,1
2010,2,22,6,0,-0.241,0.695
2010,2,22,12,0,5.944,0.1
2010,2,22,18,0,-2.546,0.996666666666667
2010,2,23,0,0,-3.833,1
2010,2,23,6,0.0508,0.065,0.716666666666667
2010,2,23,12,5.334,3.741,0.185
2010,2,23,18,2.6924,1.259,0.411666666666667
2010,2,24,0,5.6896,1.315,0.325
2010,2,24,6,16.1798,1.713,0.275
2010,2,24,12,2.3114,2.778,0.168333333333333
2010,2,24,18,25.5524,1.806,0.213333333333333
2010,2,25,0,6.8326,1.889,0.205
2010,2,25,6,3.2512,1.944,0.205
2010,2,25,12,0,2.602,0.18
2010,2,25,18,0,1.426,0.381666666666667
2010,2,26,0,6.3246,3.222,0.198333333333333
2010,2,26,6,13.0556,3.843,0.0966666666666667
2010,2,26,12,7.112,4.398,0.0833333333333333
2010,2,26,18,1.0922,3.194,0.106666666666667
2010,2,27,0,7.4168,3.343,0.101666666666667
2010,2,27,6,0.7366,4.083,0.0866666666666667
2010,2,27,12,0.381,4.694,0.0766666666666667
2010,2,27,18,0.889,4.222,0.0716666666666667
2010,2,28,0,0.2794,4.102,0.0716666666666667
2010,2,28,6,0.0254,4.241,0.08
2010,2,28,12,0.0254,6.546,0.0533333333333333
2010,2,28,18,0,2.102,0.268333333333333
2010,3,1,0,0,2,0.346666666666667
2010,3,1,6,0,5.083,0.178333333333333
2010,3,1,12,0,7.806,0.0566666666666667
2010,3,1,18,0,3.454,0.206666666666667
2010,3,2,0,0.0254,1.352,0.491666666666667
2010,3,2,6,0.6604,3.778,0.206666666666667
2010,3,2,12,0.5334,5.694,0.0716666666666667
2010,3,2,18,2.0828,1.194,0.368333333333333
2010,3,3,0,2.794,0.722,0.441666666666667
2010,3,3,6,5.8928,3.843,0.121666666666667
2010,3,3,12,1.524,5.324,0.075
2010,3,3,18,0.2032,0.333,0.548333333333333
2010,3,4,0,0.1524,-1.463,0.918333333333333
2010,3,4,6,0,0.861,0.55
2010,3,4,12,0.0254,6.231,0.0616666666666667
2010,3,4,18,0,-0.407,0.78
2010,3,5,0,0,-1.889,0.983333333333333
2010,3,5,6,0,1.806,0.508333333333333
2010,3,5,12,0,7.648,0.0466666666666667
2010,3,5,18,0,-1.037,0.861666666666667
2010,3,6,0,0,-2.833,1
2010,3,6,6,0,0.463,0.66
2010,3,6,12,0,6,0.0816666666666667
2010,3,6,18,0,-1.88,0.975
2010,3,7,0,0.0254,-3.861,1
2010,3,7,6,0,-0.62,0.771666666666667
2010,3,7,12,4.318,2.685,0.285
2010,3,7,18,6.6548,-0.324,0.725
2010,3,8,0,0.1524,-2.111,0.965
2010,3,8,6,0.8382,-2.565,0.956666666666667
2010,3,8,12,1.9812,0.685,0.753333333333333
2010,3,8,18,0.4064,-3.398,1
2010,3,9,0,0,-5.139,1
2010,3,9,6,0,-2.148,0.94
2010,3,9,12,0,1.833,0.433333333333333
2010,3,9,18,0,-2.407,0.976666666666667
2010,3,10,0,0.0762,-3.139,1
2010,3,10,6,0,-0.759,0.695
2010,3,10,12,0,1.204,0.455
2010,3,10,18,0,-1.648,0.981666666666667
2010,3,11,0,2.4892,-1.824,0.981666666666666
2010,3,11,6,13.716,0.574,0.481666666666667
2010,3,11,12,7.9502,1.074,0.341666666666667
2010,3,11,18,4.2164,-0.491,0.79
2010,3,12,0,8.2296,-0.093,0.625
2010,3,12,6,10.795,1.981,0.225
2010,3,12,12,2.3368,2.213,0.26
2010,3,12,18,0.5842,-1.398,0.946666666666667
2010,3,13,0,1.3462,-1.815,0.973333333333333
2010,3,13,6,1.6764,-0.5,0.736666666666667
2010,3,13,12,0.889,2.741,0.171666666666667
2010,3,13,18,0.7874,-0.333,0.72
2010,3,14,0,0,-1.722,0.976666666666667
2010,3,14,6,0,1.306,0.551666666666667
2010,3,14,12,0.9652,4.565,0.12
2010,3,14,18,1.8288,2.731,0.208333333333333
2010,3,15,0,0.381,2.241,0.283333333333333
2010,3,15,6,0.5842,2.759,0.196666666666667
2010,3,15,12,0,6.398,0.0733333333333333
2010,3,15,18,6.096,5.63,0.0833333333333333
2010,3,16,0,0.4064,3.917,0.18
2010,3,16,6,0.254,6.185,0.0783333333333333
2010,3,16,12,5.08,5.685,0.05
2010,3,16,18,4.1148,1.926,0.251666666666667
2010,3,17,0,8.6614,0.333,0.605
2010,3,17,6,2.4384,1.972,0.271666666666667
2010,3,17,12,0.1524,5.037,0.08
2010,3,17,18,0,-2.269,0.911666666666667
2010,3,18,0,0,-5,1
2010,3,18,6,0,0.324,0.61
2010,3,18,12,0,7.167,0.0733333333333333
2010,3,18,18,0,-1.306,0.945
2010,3,19,0,0,-3.926,1
2010,3,19,6,0,0.787,0.686666666666667
2010,3,19,12,0,8.213,0.06
2010,3,19,18,0,-0.648,0.9
2010,3,20,0,0,-2.528,1
2010,3,20,6,0,3.852,0.541666666666667
2010,3,20,12,0,8.019,0.0533333333333333
2010,3,20,18,0,1.602,0.473333333333333
2010,3,21,0,0.8636,0.519,0.545
2010,3,21,6,2.9718,4.815,0.0916666666666667
2010,3,21,12,5.8166,5.25,0.0783333333333333
2010,3,21,18,6.35,1.574,0.266666666666667
2010,3,22,0,7.3406,0.87,0.396666666666667
2010,3,22,6,0.9906,2.148,0.228333333333333
2010,3,22,12,0.889,4.889,0.08
2010,3,22,18,0.6096,1.87,0.208333333333333
2010,3,23,0,0.3048,-0.296,0.668333333333333
2010,3,23,6,0,2.306,0.306666666666667
2010,3,23,12,0,8.065,0.0483333333333333
2010,3,23,18,0,1.843,0.536666666666667
2010,3,24,0,0,0.463,0.856666666666667
2010,3,24,6,0,3.926,0.356666666666667
2010,3,24,12,0,8.556,0.0233333333333333
2010,3,24,18,0,2.148,0.59
2010,3,25,0,0.0254,0.324,0.855
2010,3,25,6,4.3434,4.463,0.133333333333333
2010,3,25,12,4.7498,5.435,0.0633333333333333
2010,3,25,18,2.5908,1.898,0.241666666666667
2010,3,26,0,14.7574,0.806,0.355
2010,3,26,6,8.001,2.843,0.148333333333333
2010,3,26,12,0.9906,5.556,0.0683333333333333
2010,3,26,18,1.3462,0.269,0.536666666666667
2010,3,27,0,0.3302,0.296,0.481666666666667
2010,3,27,6,0,2.676,0.22
2010,3,27,12,0.0762,7.639,0.0516666666666667
2010,3,27,18,0.1778,5.269,0.126666666666667
2010,3,28,0,5.588,3.343,0.188333333333333
2010,3,28,6,2.8448,3.259,0.148333333333333
2010,3,28,12,6.8834,4.991,0.0816666666666667
2010,3,28,18,8.2804,2.009,0.255
2010,3,29,0,11.684,2.602,0.178333333333333
2010,3,29,6,12.9794,2.25,0.228333333333333
2010,3,29,12,5.5372,2.037,0.291666666666667
2010,3,29,18,3.6576,-0.148,0.728333333333333
2010,3,30,0,1.397,-0.796,0.83
2010,3,30,6,0.6096,1.75,0.341666666666667
2010,3,30,12,1.8796,3.741,0.165
2010,3,30,18,1.9304,-0.87,0.851666666666667
2010,3,31,0,0.635,-2.222,0.98
2010,3,31,6,0.254,0.759,0.54
2010,3,31,12,3.0988,4.417,0.136666666666667
2010,3,31,18,0.1524,-1.407,0.906666666666667
2010,4,1,0,0,-2.593,0.973333333333333
2010,4,1,6,0,1.083,0.416666666666667
2010,4,1,12,0.2286,3.444,0.2
2010,4,1,18,0.0508,-1.611,0.95
2010,4,2,0,0.381,-1.324,0.948333333333333
2010,4,2,6,3.2766,0.426,0.675
2010,4,2,12,2.3622,1.87,0.383333333333333
2010,4,2,18,3.5306,-0.741,0.826666666666667
2010,4,3,0,5.7404,-1.63,0.933333333333333
2010,4,3,6,7.112,-0.519,0.71
2010,4,3,12,1.6002,4.148,0.131666666666667
2010,4,3,18,1.5748,-1.389,0.851666666666667
2010,4,4,0,0.127,-2.046,0.981666666666667
2010,4,4,6,0,2,0.406666666666667
2010,4,4,12,0,5.991,0.0966666666666667
2010,4,4,18,0.0762,2.5,0.321666666666667
2010,4,5,0,0.4064,-0.657,0.845
2010,4,5,6,1.3716,2.593,0.3
2010,4,5,12,0.6604,4.991,0.105
2010,4,5,18,0.9906,0.593,0.521666666666667
2010,4,6,0,2.9464,-0.639,0.755
2010,4,6,6,2.4638,0.824,0.493333333333333
2010,4,6,12,2.6924,3.537,0.15
2010,4,6,18,0.5334,0.315,0.538333333333333
2010,4,7,0,1.143,-1,0.828333333333333
2010,4,7,6,0,0.917,0.46
2010,4,7,12,2.7686,3.111,0.196666666666667
2010,4,7,18,8.6614,1.963,0.24
2010,4,8,0,9.6012,-0.38,0.653333333333333
2010,4,8,6,6.1722,-1.926,0.966666666666667
2010,4,8,12,3.7084,1.546,0.426666666666667
2010,4,8,18,4.6228,-2.157,0.968333333333333
2010,4,9,0,3.937,-2.546,0.998333333333333
2010,4,9,6,0.5842,0.63,0.553333333333333
2010,4,9,12,1.8542,4.231,0.145
2010,4,9,18,0.3048,-3.444,0.95
2010,4,10,0,0.1778,-4.361,1
2010,4,10,6,0,2,0.556666666666667
2010,4,10,12,0,7.556,0.0783333333333333
2010,4,10,18,0,1.037,0.626666666666667
2010,4,11,0,0,-1.306,0.985
2010,4,11,6,0,3.565,0.405
2010,4,11,12,0,9.722,0.0316666666666667
2010,4,11,18,0,2.019,0.391666666666667
2010,4,12,0,0,1.194,0.501666666666667
2010,4,12,6,0,5.241,0.135
2010,4,12,12,0.762,8.269,0.0283333333333333
2010,4,12,18,0.4318,2.333,0.24
2010,4,13,0,0.7112,1.491,0.301666666666667
2010,4,13,6,0.9398,4.12,0.138333333333333
2010,4,13,12,2.3114,7.315,0.045
2010,4,13,18,0.4572,3.898,0.105
2010,4,14,0,0.6096,2.241,0.191666666666667
2010,4,14,6,0,4.537,0.108333333333333
2010,4,14,12,0,8.926,0.0233333333333333
2010,4,14,18,0,2.157,0.42
2010,4,15,0,0,0.481,0.841666666666667
2010,4,15,6,0,6.731,0.123333333333333
2010,4,15,12,0,10.065,0.0266666666666667
2010,4,15,18,0,0.352,0.661666666666667
2010,4,16,0,0,-1.241,0.975
2010,4,16,6,0,4.509,0.276666666666667
2010,4,16,12,0,9.991,0.0233333333333333
2010,4,16,18,0,3.343,0.273333333333333
2010,4,17,0,0.0254,1.583,0.363333333333333
2010,4,17,6,0.3556,7.417,0.06
2010,4,17,12,0.6604,10.852,0.0116666666666667
2010,4,17,18,0.1016,5.463,0.0816666666666667
2010,4,18,0,0,3.074,0.168333333333333
2010,4,18,6,0.0254,8.204,0.0466666666666667
2010,4,18,12,0.1016,15.093,0.00333333333333333
2010,4,18,18,0.508,5.38,0.161666666666667
2010,4,19,0,1.7526,3.509,0.256666666666667
2010,4,19,6,0,9.472,0.0433333333333333
2010,4,19,12,0,14.222,0
2010,4,19,18,0,5.759,0.131666666666667
2010,4,20,0,0.3556,3.611,0.178333333333333
2010,4,20,6,1.4224,5.861,0.055
2010,4,20,12,2.1336,8.37,0.0116666666666667
2010,4,20,18,3.7084,3.556,0.121666666666667
2010,4,21,0,10.8204,2.213,0.203333333333333
2010,4,21,6,8.255,4.037,0.111666666666667
2010,4,21,12,4.572,5.269,0.0583333333333333
2010,4,21,18,0,2.046,0.22
2010,4,22,0,0,0.37,0.441666666666667
2010,4,22,6,0.0508,4.25,0.11
2010,4,22,12,0,6.917,0.04
2010,4,22,18,0,0.194,0.685
2010,4,23,0,0,-2.787,0.995
2010,4,23,6,0,4.806,0.18
2010,4,23,12,0.2032,6.889,0.0433333333333333
2010,4,23,18,0.9652,3.056,0.176666666666667
2010,4,24,0,0.762,0.102,0.585
2010,4,24,6,3.048,0.944,0.515
2010,4,24,12,2.9972,6.63,0.0683333333333333
2010,4,24,18,1.6256,2.806,0.21
2010,4,25,0,0.889,-0.065,0.598333333333333
2010,4,25,6,0,4.278,0.155
2010,4,25,12,0,9.343,0.04
2010,4,25,18,1.0668,2.389,0.423333333333333
2010,4,26,0,1.5748,2.639,0.395
2010,4,26,6,0,6.861,0.123333333333333
2010,4,26,12,0.2032,10.759,0.0133333333333333
2010,4,26,18,0.2794,4.907,0.14
2010,4,27,0,2.159,2.426,0.231666666666667
2010,4,27,6,0.635,5.278,0.0783333333333333
2010,4,27,12,2.6416,7.898,0.0266666666666667
2010,4,27,18,5.3086,3.352,0.158333333333333
2010,4,28,0,2.3114,2.231,0.205
2010,4,28,6,1.143,3.87,0.111666666666667
2010,4,28,12,1.4732,6.019,0.055
2010,4,28,18,0.635,3.194,0.158333333333333
2010,4,29,0,1.2192,1.398,0.28
2010,4,29,6,2.5146,3.593,0.143333333333333
2010,4,29,12,0.4572,6.722,0.0483333333333333
2010,4,29,18,2.4638,3.491,0.128333333333333
2010,4,30,0,0.8128,2.204,0.191666666666667
2010,4,30,6,1.1938,4.148,0.106666666666667
2010,4,30,12,0.3302,7.102,0.04
2010,4,30,18,3.3528,3.324,0.13
2010,5,1,0,2.7432,1.167,0.306666666666667
2010,5,1,6,0.762,3.176,0.145
2010,5,1,12,0.9398,5.898,0.0383333333333333
2010,5,1,18,0.8382,2.778,0.161666666666667
2010,5,2,0,0.7874,1.528,0.263333333333333
2010,5,2,6,1.4478,3.963,0.11
2010,5,2,12,5.0546,5.574,0.0466666666666667
2010,5,2,18,15.367,2.843,0.166666666666667
2010,5,3,0,11.4046,2.602,0.176666666666667
2010,5,3,6,6.0198,1.38,0.338333333333333
2010,5,3,12,7.9248,3.111,0.186666666666667
2010,5,3,18,3.9878,-0.009,0.625
2010,5,4,0,3.1496,-2.287,0.975
2010,5,4,6,2.5654,0.648,0.563333333333333
2010,5,4,12,3.6068,4.5,0.126666666666667
2010,5,4,18,0.889,-1.444,0.815
2010,5,5,0,0.127,-2.685,0.993333333333333
2010,5,5,6,0,1.778,0.398333333333333
2010,5,5,12,0,5.398,0.0816666666666667
2010,5,5,18,0,1.667,0.348333333333333
2010,5,6,0,0,-1.324,0.86
2010,5,6,6,0,3.481,0.22
2010,5,6,12,0,9.454,0.0216666666666667
2010,5,6,18,0,2.028,0.47
2010,5,7,0,0,-1.565,0.966666666666667
2010,5,7,6,0.0762,6.25,0.126666666666667
2010,5,7,12,0.6604,10.889,0.0183333333333333
2010,5,7,18,0,2.611,0.478333333333333
2010,5,8,0,0,-1.315,0.965
2010,5,8,6,0,7.13,0.105
2010,5,8,12,0.0254,11.759,0.0116666666666667
2010,5,8,18,0,3.676,0.296666666666667
2010,5,9,0,0,-0.907,0.901666666666667
2010,5,9,6,0,6.343,0.0916666666666667
2010,5,9,12,0,11.185,0.0116666666666667
2010,5,9,18,0,2.824,0.488333333333333
2010,5,10,0,0,0.565,0.765
2010,5,10,6,0,7.037,0.0716666666666667
2010,5,10,12,0,10.241,0.0166666666666667
2010,5,10,18,0,2.787,0.241666666666667
2010,5,11,0,0,0.111,0.716666666666667
2010,5,11,6,0,5.324,0.121666666666667
2010,5,11,12,0,10.981,0.01
2010,5,11,18,0,4.88,0.101666666666667
2010,5,12,0,0,2.065,0.255
2010,5,12,6,0,6.426,0.055
2010,5,12,12,0,12.093,0.005
2010,5,12,18,0,3.722,0.295
2010,5,13,0,0,-0.361,0.848333333333333
2010,5,13,6,0,8.065,0.07
2010,5,13,12,0,14.722,0.00166666666666667
2010,5,13,18,0,5.037,0.205
2010,5,14,0,0,0.537,0.751666666666666
2010,5,14,6,0,10.389,0.0266666666666667
2010,5,14,12,0,15.907,0
2010,5,14,18,0,5.926,0.116666666666667
2010,5,15,0,0,1.657,0.451666666666667
2010,5,15,6,0,10.093,0.0266666666666667
2010,5,15,12,0,16.102,0
2010,5,15,18,0,6.731,0.0633333333333333
2010,5,16,0,0,3.38,0.128333333333333
2010,5,16,6,0,10.833,0.015
2010,5,16,12,0,15.88,0
2010,5,16,18,0,8.407,0.0333333333333333
2010,5,17,0,0,4.593,0.108333333333333
2010,5,17,6,0,10.074,0.0133333333333333
2010,5,17,12,0,13.259,0
2010,5,17,18,0,7.657,0.0216666666666667
2010,5,18,0,0.0508,5.944,0.0416666666666667
2010,5,18,6,6.4008,9.648,0.0133333333333333
2010,5,18,12,7.874,12.074,0.01
2010,5,18,18,6.2484,7.037,0.0416666666666667
2010,5,19,0,0.4064,4.046,0.09
2010,5,19,6,0,7.602,0.0233333333333333
2010,5,19,12,2.4892,11.333,0
2010,5,19,18,3.8354,5.157,0.0633333333333333
2010,5,20,0,3.3274,2.463,0.226666666666667
2010,5,20,6,0.8382,5.074,0.116666666666667
2010,5,20,12,3.8354,9.269,0.015
2010,5,20,18,0.762,3.491,0.193333333333333
2010,5,21,0,0.2286,0.639,0.503333333333333
2010,5,21,6,0.0762,5.194,0.111666666666667
2010,5,21,12,0.0508,8.454,0.0283333333333333
2010,5,21,18,0,3.028,0.228333333333333
2010,5,22,0,0.0254,0.259,0.606666666666667
2010,5,22,6,0,5.417,0.0766666666666667
2010,5,22,12,0.0508,8.389,0.0216666666666667
2010,5,22,18,0.0762,3.491,0.133333333333333
2010,5,23,0,0.3302,2.37,0.166666666666667
2010,5,23,6,0,5.102,0.0766666666666667
2010,5,23,12,0,9.509,0.015
2010,5,23,18,0,5.241,0.111666666666667
2010,5,24,0,0,1.62,0.323333333333333
2010,5,24,6,0,7.583,0.0383333333333333
2010,5,24,12,0,11.75,0.0116666666666667
2010,5,24,18,0,4.639,0.135
2010,5,25,0,0,2.769,0.213333333333333
2010,5,25,6,0.0254,8.093,0.03
2010,5,25,12,0.254,11.241,0.01
2010,5,25,18,0,5.481,0.0966666666666667
2010,5,26,0,0.2286,4.194,0.141666666666667
2010,5,26,6,4.064,8.5,0.0216666666666667
2010,5,26,12,4.9022,9.343,0.0116666666666667
2010,5,26,18,3.2004,5.37,0.0633333333333333
2010,5,27,0,0.4318,4.861,0.07
2010,5,27,6,0.127,6.935,0.0333333333333333
2010,5,27,12,1.5748,9.389,0.00333333333333333
2010,5,27,18,20.5232,6.25,0.0266666666666667
2010,5,28,0,10.4648,5.38,0.0433333333333333
2010,5,28,6,3.048,6.907,0.0266666666666667
2010,5,28,12,1.2192,7.843,0.0166666666666667
2010,5,28,18,1.4478,5.519,0.04
2010,5,29,0,0.9652,4.843,0.0483333333333333
2010,5,29,6,0.3556,7.009,0.0216666666666667
2010,5,29,12,2.8702,8.065,0.0216666666666667
2010,5,29,18,0.889,5.565,0.0583333333333333
2010,5,30,0,0.1016,3.806,0.1
2010,5,30,6,0,8.25,0.0283333333333333
2010,5,30,12,0.8128,11.685,0.005
2010,5,30,18,0.9906,7.833,0.0183333333333333
2010,5,31,0,6.3246,7.278,0.02
2010,5,31,6,3.3274,9.194,0.0133333333333333
2010,5,31,12,3.1242,11.046,0.00833333333333333
2010,5,31,18,5.588,8.361,0.0116666666666667
2010,6,1,0,0.3302,6.583,0.02
2010,6,1,6,0.0254,9.676,0.00833333333333333
2010,6,1,12,0.1016,11.843,0.00166666666666667
2010,6,1,18,3.556,7.685,0.0166666666666667
2010,6,2,0,13.6906,6.778,0.0166666666666667
2010,6,2,6,4.3688,9.491,0.00833333333333333
2010,6,2,12,4.1656,9.333,0.01
2010,6,2,18,6.1468,6.241,0.0283333333333333
2010,6,3,0,0.381,3.963,0.0766666666666667
2010,6,3,6,0.0762,6.185,0.0366666666666667
2010,6,3,12,0.5588,9.991,0.00833333333333333
2010,6,3,18,2.3622,5.907,0.0516666666666667
2010,6,4,0,2.6416,5.389,0.06
2010,6,4,6,1.1938,9.176,0.0116666666666667
2010,6,4,12,0.2794,11.537,0.01
2010,6,4,18,1.524,7.083,0.0383333333333333
2010,6,5,0,0,2.611,0.138333333333333
2010,6,5,6,0,7.602,0.0233333333333333
2010,6,5,12,0,12.759,0
2010,6,5,18,0,8.102,0.04
2010,6,6,0,0.5334,6.361,0.065
2010,6,6,6,4.0894,10.861,0.00333333333333333
2010,6,6,12,5.588,11.074,0.00166666666666667
2010,6,6,18,1.5748,8.435,0.015
2010,6,7,0,1.778,7.093,0.02
2010,6,7,6,2.921,8.352,0.0183333333333333
2010,6,7,12,0.0254,12.611,0.00166666666666667
2010,6,7,18,1.5494,8.565,0.0133333333333333
2010,6,8,0,4.8768,4.083,0.08
2010,6,8,6,0,9.352,0.0166666666666667
2010,6,8,12,0,13.954,0
2010,6,8,18,0.4572,8.157,0.035
2010,6,9,0,3.048,5.37,0.0666666666666667
2010,6,9,6,3.175,8.463,0.0133333333333333
2010,6,9,12,2.794,10.361,0.00166666666666667
2010,6,9,18,2.2606,7.102,0.02
2010,6,10,0,1.143,5.843,0.0283333333333333
2010,6,10,6,3.6322,8.139,0.015
2010,6,10,12,3.6322,10.167,0.01
2010,6,10,18,0.1778,6.769,0.0233333333333333
2010,6,11,0,0.8636,5.935,0.03
2010,6,11,6,1.2192,6.981,0.0216666666666667
2010,6,11,12,0,11.917,0.005
2010,6,11,18,0.0254,7.481,0.02
2010,6,12,0,0,4.898,0.0283333333333333
2010,6,12,6,0,10.944,0.005
2010,6,12,12,0,15.352,0
2010,6,12,18,0,8.75,0.02
2010,6,13,0,0,4.917,0.0816666666666667
2010,6,13,6,0,10.704,0.00333333333333333
2010,6,13,12,0,13.407,0
2010,6,13,18,0,7.065,0.035
2010,6,14,0,0,3.5,0.108333333333333
2010,6,14,6,0,8.444,0.0133333333333333
2010,6,14,12,0,10.88,0.00166666666666667
2010,6,14,18,0.0762,5.556,0.0566666666666667
2010,6,15,0,0.1778,3.389,0.11
2010,6,15,6,0.2286,7.213,0.0183333333333333
2010,6,15,12,0.8382,9.944,0.01
2010,6,15,18,2.0574,4.843,0.08
2010,6,16,0,0.1778,3.139,0.121666666666667
2010,6,16,6,0,6.537,0.0416666666666667
2010,6,16,12,0,9.259,0.00833333333333333
2010,6,16,18,0,5.694,0.0516666666666667
2010,6,17,0,0,5.25,0.06
2010,6,17,6,0.0762,7.954,0.025
2010,6,17,12,0,10.787,0.01
2010,6,17,18,0,7.472,0.0316666666666667
2010,6,18,0,0,5.056,0.0483333333333333
2010,6,18,6,0,7.954,0.02
2010,6,18,12,0.4318,12.852,0.00333333333333333
2010,6,18,18,0.381,9.806,0.00833333333333333
2010,6,19,0,0,5.713,0.0416666666666667
2010,6,19,6,0.1016,11.333,0.00166666666666667
2010,6,19,12,0,12.787,0
2010,6,19,18,0.8128,8.481,0.01
2010,6,20,0,0.7874,6.259,0.0233333333333333
2010,6,20,6,0,9.093,0.00833333333333333
2010,6,20,12,0,10.343,0
2010,6,20,18,0,7.417,0.015
2010,6,21,0,0,6.185,0.0216666666666667
2010,6,21,6,0,8.287,0.0166666666666667
2010,6,21,12,0,11.954,0.01
2010,6,21,18,0,9.333,0.0183333333333333
2010,6,22,0,0,6.019,0.0466666666666667
2010,6,22,6,0,11.731,0.00666666666666667
2010,6,22,12,0,16.769,0
2010,6,22,18,0,11.5,0.00833333333333333
2010,6,23,0,0,7.676,0.0166666666666667
2010,6,23,6,0,15.287,0
2010,6,23,12,0,17.62,0
2010,6,23,18,0,11.472,0.00333333333333333
2010,6,24,0,0,7.926,0.015
2010,6,24,6,0,13.981,0
2010,6,24,12,0,16.12,0
2010,6,24,18,0,10.917,0.00333333333333333
2010,6,25,0,0,7.019,0.015
2010,6,25,6,0,11.481,0.00166666666666667
2010,6,25,12,0,13.796,0
2010,6,25,18,0,9.361,0.005
2010,6,26,0,0,5.546,0.0216666666666667
2010,6,26,6,0,9.278,0.00333333333333333
2010,6,26,12,0,11.713,0
2010,6,26,18,0,8.028,0.01
2010,6,27,0,0,5.185,0.0283333333333333
2010,6,27,6,0.0508,8.676,0.005
2010,6,27,12,1.0668,10.537,0
2010,6,27,18,0.0254,8.056,0.0116666666666667
2010,6,28,0,0.0762,6.259,0.025
2010,6,28,6,0.2286,9.861,0.00333333333333333
2010,6,28,12,0,11.87,0
2010,6,28,18,0,8.843,0.005
2010,6,29,0,0,5.685,0.0183333333333333
2010,6,29,6,0,9.824,0.00333333333333333
2010,6,29,12,0,12.102,0
2010,6,29,18,0,7.657,0.0116666666666667
2010,6,30,0,0.0254,4.13,0.0566666666666667
2010,6,30,6,0,7.083,0.015
2010,6,30,12,0,10.833,0
2010,6,30,18,0,7.065,0.0383333333333333
2010,7,1,0,0.1016,5.435,0.0416666666666667
2010,7,1,6,0.9652,10.37,0.005
2010,7,1,12,0.3302,10.444,0.00833333333333333
2010,7,1,18,0.0254,6.954,0.02
2010,7,2,0,0,6.213,0.02
2010,7,2,6,0,9.074,0.01
2010,7,2,12,0,11.565,0.00333333333333333
2010,7,2,18,0,9.074,0.01
2010,7,3,0,0,7.37,0.0166666666666667
2010,7,3,6,0,9.88,0.01
2010,7,3,12,0,12.204,0
2010,7,3,18,0,9.056,0.0116666666666667
2010,7,4,0,0,6.991,0.025
2010,7,4,6,0,10.38,0.01
2010,7,4,12,0,11.889,0.00833333333333333
2010,7,4,18,0,9.176,0.01
2010,7,5,0,0,7.602,0.015
2010,7,5,6,0,9.537,0.0116666666666667
2010,7,5,12,0,14.954,0.00166666666666667
2010,7,5,18,0,10.685,0.0116666666666667
2010,7,6,0,0,5.222,0.05
2010,7,6,6,0,15.481,0.00166666666666667
2010,7,6,12,0,22.583,0
2010,7,6,18,0,15.204,0.00666666666666667
2010,7,7,0,0,7.917,0.035
2010,7,7,6,0,19.037,0.00166666666666667
2010,7,7,12,0,25.787,0
2010,7,7,18,0,18.046,0.00166666666666667
2010,7,8,0,0,10.963,0.0133333333333333
2010,7,8,6,0,21.083,0
2010,7,8,12,0,25.778,0
2010,7,8,18,0,18.407,0
2010,7,9,0,0,11.769,0.005
2010,7,9,6,0,19.815,0
2010,7,9,12,0,23.398,0
2010,7,9,18,0,15.657,0
2010,7,10,0,0,11.778,0.00166666666666667
2010,7,10,6,0,17.213,0
2010,7,10,12,0,20.426,0
2010,7,10,18,0,14.852,0
2010,7,11,0,0,10.167,0
2010,7,11,6,0,15.463,0
2010,7,11,12,0,17.667,0
2010,7,11,18,0,12.917,0
2010,7,12,0,0,8.861,0.005
2010,7,12,6,0,11.009,0.00333333333333333
2010,7,12,12,0,14.037,0
2010,7,12,18,0,10.306,0.00666666666666667
2010,7,13,0,0,7.815,0.0116666666666667
2010,7,13,6,0,11.324,0.005
2010,7,13,12,0.0254,16.13,0
2010,7,13,18,0,10.472,0.00833333333333333
2010,7,14,0,0,5.556,0.025
2010,7,14,6,0,12.722,0.00166666666666667
2010,7,14,12,0,19.019,0
2010,7,14,18,0,11.898,0.00333333333333333
2010,7,15,0,0,6.426,0.0216666666666667
2010,7,15,6,0,14.815,0
2010,7,15,12,0,19.046,0
2010,7,15,18,0,12.815,0.00333333333333333
2010,7,16,0,0,8.083,0.01
2010,7,16,6,0,14.454,0
2010,7,16,12,0,18,0
2010,7,16,18,0,12.25,0.00333333333333333
2010,7,17,0,0,7.87,0.01
2010,7,17,6,0,13.407,0
2010,7,17,12,0,17.056,0
2010,7,17,18,0,12.009,0
2010,7,18,0,0,8.417,0.00833333333333333
2010,7,18,6,0,13.491,0
2010,7,18,12,0,16.759,0
2010,7,18,18,0,12.176,0.00166666666666667
2010,7,19,0,0,7.972,0.01
2010,7,19,6,0,13.306,0
2010,7,19,12,0,17.454,0
2010,7,19,18,0,12.222,0.00333333333333333
2010,7,20,0,0,8.972,0.00833333333333333
2010,7,20,6,0,15.352,0
2010,7,20,12,0,19.222,0
2010,7,20,18,0,14.12,0
2010,7,21,0,0,9.648,0.00833333333333333
2010,7,21,6,0,15.694,0
2010,7,21,12,0,18.324,0
2010,7,21,18,0,13.917,0
2010,7,22,0,0,11.083,0
2010,7,22,6,0,15.028,0
2010,7,22,12,0,18.167,0
2010,7,22,18,0,13.352,0
2010,7,23,0,0,9.148,0.00666666666666667
2010,7,23,6,0,15.028,0
2010,7,23,12,0,20.639,0
2010,7,23,18,0,14.556,0.00166666666666667
2010,7,24,0,0,9.009,0.00833333333333333
2010,7,24,6,0,17.509,0
2010,7,24,12,0,22.185,0
2010,7,24,18,0,14.324,0.00333333333333333
2010,7,25,0,0,9.278,0.0116666666666667
2010,7,25,6,0,17.167,0
2010,7,25,12,0,22.213,0
2010,7,25,18,0,14.611,0
2010,7,26,0,0,9.176,0.00833333333333333
2010,7,26,6,0,16.769,0
2010,7,26,12,0,22.157,0
2010,7,26,18,0,14.898,0
2010,7,27,0,0.0254,10.444,0.005
2010,7,27,6,0.0508,16.472,0
2010,7,27,12,0.0254,20.778,0
2010,7,27,18,0.1524,14.13,0
2010,7,28,0,0.1524,10.037,0.00166666666666667
2010,7,28,6,0,15.435,0
2010,7,28,12,0,19.278,0
2010,7,28,18,0,13.611,0
2010,7,29,0,0,9.278,0.00333333333333333
2010,7,29,6,0,14.5,0
2010,7,29,12,0,19.019,0
2010,7,29,18,0,13.139,0
2010,7,30,0,0,9,0.00833333333333333
2010,7,30,6,0,14.111,0
2010,7,30,12,0,18.111,0
2010,7,30,18,0,12.519,0
2010,7,31,0,0,9,0.00666666666666667
2010,7,31,6,0,14.046,0
2010,7,31,12,0,16.065,0
2010,7,31,18,0,12.417,0
2010,8,1,0,0,10.204,0
2010,8,1,6,0,13.954,0
2010,8,1,12,0,18.204,0
2010,8,1,18,0,13.769,0
2010,8,2,0,0,10.574,0
2010,8,2,6,0,15.472,0
2010,8,2,12,0,19.546,0
2010,8,2,18,0,14.185,0
2010,8,3,0,0,10.157,0
2010,8,3,6,0.0762,15.87,0
2010,8,3,12,0.2286,20.815,0
2010,8,3,18,0.0254,15.269,0
2010,8,4,0,0.0254,11.222,0.00333333333333333
2010,8,4,6,0.0508,17.028,0
2010,8,4,12,4.2672,22.639,0
2010,8,4,18,4.6228,16.852,0
2010,8,5,0,1.8288,13.565,0
2010,8,5,6,0,17.435,0
2010,8,5,12,0,20.528,0
2010,8,5,18,0,15.389,0
2010,8,6,0,0,11.454,0
2010,8,6,6,0,14.491,0
2010,8,6,12,0,16.139,0
2010,8,6,18,0,12.694,0
2010,8,7,0,0,10.75,0
2010,8,7,6,1.9304,13.361,0
2010,8,7,12,3.1242,14.12,0
2010,8,7,18,0.1016,11.935,0
2010,8,8,0,0,10.843,0
2010,8,8,6,0,12.454,0
2010,8,8,12,0,15.315,0
2010,8,8,18,0,11.981,0
2010,8,9,0,0.0254,9.796,0.00833333333333333
2010,8,9,6,0.4572,13.833,0
2010,8,9,12,9.0678,15.046,0
2010,8,9,18,0.1016,12.13,0
2010,8,10,0,0.635,10.759,0
2010,8,10,6,0,12.296,0
2010,8,10,12,0,16.157,0
2010,8,10,18,0,12.657,0
2010,8,11,0,0,9.5,0.00333333333333333
2010,8,11,6,0,14.565,0
2010,8,11,12,0,18.935,0
2010,8,11,18,0,13.056,0
2010,8,12,0,0,9.694,0.00166666666666667
2010,8,12,6,0,16.565,0
2010,8,12,12,0,22.37,0
2010,8,12,18,0,12.731,0
2010,8,13,0,0,10.389,0.00666666666666667
2010,8,13,6,0,18.139,0
2010,8,13,12,0,26.639,0
2010,8,13,18,0,19.565,0
2010,8,14,0,0,12.519,0.00666666666666667
2010,8,14,6,0,21.935,0
2010,8,14,12,0,28.269,0
2010,8,14,18,0,18.296,0
2010,8,15,0,0,12.843,0.00333333333333333
2010,8,15,6,0,22.676,0
2010,8,15,12,0,27.87,0
2010,8,15,18,0,17.648,0
2010,8,16,0,0,12.954,0.00333333333333333
2010,8,16,6,0,22.296,0
2010,8,16,12,0,26.194,0
2010,8,16,18,0,16.38,0
2010,8,17,0,0,11.741,0.00166666666666667
2010,8,17,6,0,19.38,0
2010,8,17,12,0,21.843,0
2010,8,17,18,0,14.306,0
2010,8,18,0,0,10.574,0.00333333333333333
2010,8,18,6,0,14.611,0
2010,8,18,12,0,17.111,0
2010,8,18,18,0,11.389,0
2010,8,19,0,0,9.157,0.00666666666666667
2010,8,19,6,0,12.972,0
2010,8,19,12,0,16.38,0
2010,8,19,18,0,10.731,0.00333333333333333
2010,8,20,0,0,7.12,0.0116666666666667
2010,8,20,6,0,12.139,0.00166666666666667
2010,8,20,12,0,16.954,0
2010,8,20,18,0,9.926,0.00666666666666667
2010,8,21,0,0,6.611,0.0233333333333333
2010,8,21,6,0,12.852,0.00166666666666667
2010,8,21,12,0,16.231,0
2010,8,21,18,0,9.907,0.00666666666666667
2010,8,22,0,0,7.981,0.0183333333333333
2010,8,22,6,0,12.704,0.00333333333333333
2010,8,22,12,0,16.509,0
2010,8,22,18,0,10.889,0.00833333333333333
2010,8,23,0,0,7.361,0.0216666666666667
2010,8,23,6,0,13.944,0.00333333333333333
2010,8,23,12,0,20.389,0
2010,8,23,18,0,11.009,0.0166666666666667
2010,8,24,0,0,7.426,0.055
2010,8,24,6,0,16.565,0.00333333333333333
2010,8,24,12,0,23.435,0
2010,8,24,18,0,12.759,0.00833333333333333
2010,8,25,0,0,8.75,0.025
2010,8,25,6,0,16.296,0
2010,8,25,12,0,21.065,0
2010,8,25,18,0,14.574,0
2010,8,26,0,0,11.139,0.005
2010,8,26,6,19.2024,13.481,0
2010,8,26,12,2.8702,13.065,0
2010,8,26,18,1.8288,10.12,0.00833333333333333
2010,8,27,0,2.54,8.954,0.01
2010,8,27,6,6.8326,10.944,0.00833333333333333
2010,8,27,12,2.1336,14.769,0.00166666666666667
2010,8,27,18,0.8636,8.25,0.0233333333333333
2010,8,28,0,1.3208,5.62,0.045
2010,8,28,6,0,10.796,0.00833333333333333
2010,8,28,12,0,15.389,0
2010,8,28,18,0,7.861,0.0233333333333333
2010,8,29,0,0,5.176,0.06
2010,8,29,6,0,11.926,0.00666666666666667
2010,8,29,12,0,15.907,0
2010,8,29,18,0,6.972,0.0283333333333333
2010,8,30,0,0,5.093,0.0466666666666667
2010,8,30,6,0,10.315,0.00666666666666667
2010,8,30,12,0,14.713,0
2010,8,30,18,0,8.852,0.00833333333333333
2010,8,31,0,0.3302,8.815,0.01
2010,8,31,6,12.5476,10.741,0.005
2010,8,31,12,17.7292,12.185,0.00333333333333333
2010,8,31,18,8.89,10.509,0.01
2010,9,1,0,0.6858,8.741,0.01
2010,9,1,6,0.7112,11.25,0.00333333333333333
2010,9,1,12,0.0254,16.019,0
2010,9,1,18,0.6096,8.509,0.0266666666666667
2010,9,2,0,1.0668,6.278,0.0433333333333333
2010,9,2,6,0,12.944,0.00666666666666667
2010,9,2,12,0,20.056,0
2010,9,2,18,0,10.639,0.01
2010,9,3,0,0.0508,8.009,0.0183333333333333
2010,9,3,6,0,14.62,0.00166666666666667
2010,9,3,12,0,18.417,0
2010,9,3,18,1.1684,11.546,0
2010,9,4,0,1.2192,9.083,0.005
2010,9,4,6,0,12,0
2010,9,4,12,0,14.213,0
2010,9,4,18,0,9.102,0.00666666666666667
2010,9,5,0,0,7.009,0.0166666666666667
2010,9,5,6,0,9.75,0.00333333333333333
2010,9,5,12,0,11.343,0
2010,9,5,18,0,7.444,0.0166666666666667
2010,9,6,0,0.0508,8.204,0.0116666666666667
2010,9,6,6,1.3208,9.574,0.00833333333333333
2010,9,6,12,7.0358,11.722,0
2010,9,6,18,0.6096,9.046,0.01
2010,9,7,0,0.762,8.426,0.0116666666666667
2010,9,7,6,0.1524,11.324,0.00333333333333333
2010,9,7,12,3.4036,13.38,0
2010,9,7,18,0.8636,8.694,0.01
2010,9,8,0,0.9906,8.231,0.01
2010,9,8,6,0.635,10.731,0.00333333333333333
2010,9,8,12,1.143,14.028,0
2010,9,8,18,0.4318,9.12,0.00833333333333333
2010,9,9,0,0.2032,7.861,0.01
2010,9,9,6,0,10.731,0.00333333333333333
2010,9,9,12,0,12.593,0
2010,9,9,18,0,8.731,0.01
2010,9,10,0,0.0508,8.157,0.01
2010,9,10,6,0.0254,10.167,0.005
2010,9,10,12,0.635,12.167,0
2010,9,10,18,0.4318,7.926,0.01
2010,9,11,0,1.4478,6.296,0.01
2010,9,11,6,0,9.602,0.005
2010,9,11,12,0,11.519,0
2010,9,11,18,1.4224,8.583,0.00833333333333333
2010,9,12,0,6.604,8.639,0.01
2010,9,12,6,18.9484,10.454,0.00333333333333333
2010,9,12,12,12.9286,12.444,0
2010,9,12,18,6.9088,10.296,0
2010,9,13,0,1.8288,9.324,0.00166666666666667
2010,9,13,6,0,11.889,0
2010,9,13,12,0,15.194,0
2010,9,13,18,0,9.824,0.00833333333333333
2010,9,14,0,0,8.148,0.0133333333333333
2010,9,14,6,0,12.852,0.00166666666666667
2010,9,14,12,0,16.093,0
2010,9,14,18,0,10.333,0.005
2010,9,15,0,0.0508,8.685,0.01
2010,9,15,6,0.127,14.139,0
2010,9,15,12,8.2042,16.056,0
2010,9,15,18,1.524,11.833,0
2010,9,16,0,1.524,10.87,0
2010,9,16,6,0,13.852,0
2010,9,16,12,1.2954,16.611,0
2010,9,16,18,5.1054,12.574,0
2010,9,17,0,0.6858,11.778,0
2010,9,17,6,0.0762,13.75,0
2010,9,17,12,0,16.685,0
2010,9,17,18,2.6416,13.213,0
2010,9,18,0,8.128,12.056,0
2010,9,18,6,1.27,12.852,0
2010,9,18,12,0,15.13,0
2010,9,18,18,6.2992,12.185,0
2010,9,19,0,20.4216,11.843,0
2010,9,19,6,2.032,12.481,0
2010,9,19,12,28.321,12.157,0
2010,9,19,18,12.1412,10.306,0
2010,9,20,0,3.1242,9.796,0
2010,9,20,6,21.1582,10.824,0
2010,9,20,12,12.3952,10.528,0.00833333333333333
2010,9,20,18,1.2446,7.565,0.0183333333333333
2010,9,21,0,3.2766,5.991,0.02
2010,9,21,6,0,8.481,0.00833333333333333
2010,9,21,12,0,12.426,0.00166666666666667
2010,9,21,18,0,6.639,0.02
2010,9,22,0,0,4.935,0.0433333333333333
2010,9,22,6,0,8.787,0.0116666666666667
2010,9,22,12,0,12.074,0
2010,9,22,18,0,6.963,0.025
2010,9,23,0,0,7.546,0.0183333333333333
2010,9,23,6,0.8636,8.528,0.01
2010,9,23,12,0.635,9.259,0.01
2010,9,23,18,5.6388,7.37,0.0166666666666667
2010,9,24,0,2.032,7.407,0.02
2010,9,24,6,1.2192,9.731,0.0133333333333333
2010,9,24,12,1.3716,12.296,0.01
2010,9,24,18,0,9.759,0.01
2010,9,25,0,0.0254,8.463,0.01
2010,9,25,6,0,11.731,0.005
2010,9,25,12,0.1016,15.824,0
2010,9,25,18,0.254,12.731,0
2010,9,26,0,19.8628,12.306,0
2010,9,26,6,4.699,12.778,0
2010,9,26,12,0.6096,14.5,0
2010,9,26,18,0.3302,11.37,0
2010,9,27,0,1.3462,11.694,0
2010,9,27,6,0.4318,13.778,0
2010,9,27,12,7.3152,15.611,0
2010,9,27,18,10.1854,13.667,0
2010,9,28,0,10.7188,12.667,0
2010,9,28,6,0.6604,12.685,0
2010,9,28,12,0,13.333,0
2010,9,28,18,0.5588,9.028,0.0116666666666667
2010,9,29,0,0.762,6.981,0.02
2010,9,29,6,0,10.528,0.00833333333333333
2010,9,29,12,0,16.38,0
2010,9,29,18,0,9.574,0.00833333333333333
2010,9,30,0,0,7.102,0.015
2010,9,30,6,0,10.694,0.00833333333333333
2010,9,30,12,0,17.25,0
2010,9,30,18,0,10.194,0.0116666666666667
2010,10,1,0,0,8.028,0.0266666666666667
2010,10,1,6,0,13.407,0.00333333333333333
2010,10,1,12,0,17.315,0
2010,10,1,18,0,10.852,0.00333333333333333
2010,10,2,0,0,8.685,0.01
2010,10,2,6,0,11.454,0.00333333333333333
2010,10,2,12,0,14.926,0
2010,10,2,18,0,10.62,0.00166666666666667
2010,10,3,0,0,9.361,0.01
2010,10,3,6,0,10.194,0.00333333333333333
2010,10,3,12,0,11.694,0
2010,10,3,18,0,7.917,0.00833333333333333
2010,10,4,0,0,5.972,0.0166666666666667
2010,10,4,6,0.0254,9.157,0.005
2010,10,4,12,0.0254,11.537,0.00166666666666667
2010,10,4,18,0.6604,5.231,0.0366666666666667
2010,10,5,0,1.778,2.185,0.156666666666667
2010,10,5,6,0,7.037,0.035
2010,10,5,12,0,13.713,0.00166666666666667
2010,10,5,18,0,4.694,0.248333333333333
2010,10,6,0,0,2.63,0.646666666666667
2010,10,6,6,0,7.713,0.0933333333333333
2010,10,6,12,0,13.991,0.00166666666666667
2010,10,6,18,0.127,7.176,0.0966666666666667
2010,10,7,0,0.1016,5.13,0.155
2010,10,7,6,0,9.648,0.0283333333333333
2010,10,7,12,0,13.074,0
2010,10,7,18,0,7.75,0.02
2010,10,8,0,0,6.454,0.0283333333333333
2010,10,8,6,0.1016,9.463,0.00666666666666667
2010,10,8,12,0,12.722,0
2010,10,8,18,2.0066,10.093,0.00833333333333333
2010,10,9,0,12.573,9.546,0.01
2010,10,9,6,5.1562,9.954,0.005
2010,10,9,12,12.065,12.102,0
2010,10,9,18,6.858,10.898,0.00166666666666667
2010,10,10,0,25.146,11.407,0
2010,10,10,6,5.969,9.611,0.005
2010,10,10,12,0,9.241,0.01
2010,10,10,18,1.6764,5.491,0.0316666666666667
2010,10,11,0,1.2954,3.935,0.0666666666666667
2010,10,11,6,0,7.019,0.0266666666666667
2010,10,11,12,0.1778,9.528,0.01
2010,10,11,18,0.9906,6.843,0.02
2010,10,12,0,0.0254,5.148,0.0416666666666667
2010,10,12,6,0,7.157,0.0266666666666667
2010,10,12,12,0,11.87,0.005
2010,10,12,18,0,5.648,0.0483333333333333
2010,10,13,0,0,4.25,0.09
2010,10,13,6,0,6.75,0.0683333333333333
2010,10,13,12,0,10.639,0.0116666666666667
2010,10,13,18,0,5.583,0.218333333333333
2010,10,14,0,0,2.741,0.461666666666667
2010,10,14,6,0,5.731,0.0666666666666667
2010,10,14,12,0.4826,9.167,0.005
2010,10,14,18,0.127,4.648,0.05
2010,10,15,0,0.508,2.259,0.163333333333333
2010,10,15,6,0,3.75,0.085
2010,10,15,12,0,8.019,0.015
2010,10,15,18,0,-0.009,0.845
2010,10,16,0,0,-1.463,1
2010,10,16,6,0,2.75,0.555
2010,10,16,12,0,7.815,0.06
2010,10,16,18,0,-1.287,0.98
2010,10,17,0,0,-2.37,1
2010,10,17,6,0,2.361,0.578333333333333
2010,10,17,12,0,7.815,0.0333333333333333
2010,10,17,18,0,1.102,0.86
2010,10,18,0,0,0.546,0.951666666666667
2010,10,18,6,0,6.37,0.138333333333333
2010,10,18,12,0,10.815,0.0133333333333333
2010,10,18,18,0,5.259,0.065
2010,10,19,0,0,3.583,0.085
2010,10,19,6,0,5.75,0.0966666666666667
2010,10,19,12,0,13.074,0.00166666666666667
2010,10,19,18,0,4.694,0.171666666666667
2010,10,20,0,0,1.806,0.48
2010,10,20,6,0,6.833,0.106666666666667
2010,10,20,12,0,12.759,0.00166666666666667
2010,10,20,18,0,4.556,0.111666666666667
2010,10,21,0,0,1.472,0.605
2010,10,21,6,0,5.935,0.215
2010,10,21,12,0,11.5,0.00166666666666667
2010,10,21,18,0.0254,7.546,0.0266666666666667
2010,10,22,0,0.0762,6.676,0.0383333333333333
2010,10,22,6,0,7.287,0.0133333333333333
2010,10,22,12,0,8.741,0.0116666666666667
2010,10,22,18,0,5.148,0.0566666666666667
2010,10,23,0,0,4.509,0.0733333333333333
2010,10,23,6,0.0254,6.63,0.045
2010,10,23,12,5.3848,8.435,0.0116666666666667
2010,10,23,18,14.0716,6.343,0.0283333333333333
2010,10,24,0,15.0622,5.861,0.035
2010,10,24,6,3.3782,6.176,0.0333333333333333
2010,10,24,12,1.9812,5.944,0.0466666666666667
2010,10,24,18,2.1844,3.935,0.0783333333333334
2010,10,25,0,4.2418,4.12,0.07
2010,10,25,6,12.0904,5.157,0.0516666666666667
2010,10,25,12,9.906,5.287,0.0583333333333333
2010,10,25,18,5.0038,3.546,0.0883333333333333
2010,10,26,0,1.8288,3.157,0.1
2010,10,26,6,1.9558,4.167,0.08
2010,10,26,12,0.6858,7,0.04
2010,10,26,18,0.6604,4.704,0.06
2010,10,27,0,0.8128,2.963,0.095
2010,10,27,6,0,4.444,0.06
2010,10,27,12,0,7.361,0.02
2010,10,27,18,0,4.759,0.0883333333333333
2010,10,28,0,0.3048,4.778,0.09
2010,10,28,6,8.4582,5.685,0.05
2010,10,28,12,6.9342,7.435,0.02
2010,10,28,18,1.0414,5.963,0.0316666666666667
2010,10,29,0,1.6256,4.315,0.055
2010,10,29,6,0,5.324,0.0416666666666667
2010,10,29,12,0,7.657,0.0233333333333333
2010,10,29,18,0,3.083,0.103333333333333
2010,10,30,0,0.127,2.435,0.155
2010,10,30,6,0.0762,5.176,0.08
2010,10,30,12,2.4384,6.815,0.0366666666666667
2010,10,30,18,5.4864,5.009,0.0583333333333333
2010,10,31,0,15.9512,4.444,0.0683333333333333
2010,10,31,6,1.143,3.472,0.101666666666667
2010,10,31,12,0.0762,5.824,0.0633333333333333
2010,10,31,18,1.4224,3.852,0.0983333333333333
2010,11,1,0,10.8204,5.713,0.0583333333333333
2010,11,1,6,33.6296,7.917,0.0316666666666667
2010,11,1,12,10.0584,8.509,0.0283333333333333
2010,11,1,18,9.906,6.046,0.05
2010,11,2,0,2.9718,4.565,0.0633333333333333
2010,11,2,6,0,5.704,0.0683333333333333
2010,11,2,12,0,9.463,0.0233333333333333
2010,11,2,18,0,5.093,0.138333333333333
2010,11,3,0,0,5.324,0.148333333333333
2010,11,3,6,0,7.361,0.0966666666666667
2010,11,3,12,0,10.065,0.0283333333333333
2010,11,3,18,0,5.694,0.0983333333333333
2010,11,4,0,0,2.852,0.253333333333333
2010,11,4,6,0,5.194,0.113333333333333
2010,11,4,12,0,8.417,0.025
2010,11,4,18,0,5.769,0.0516666666666667
2010,11,5,0,0,3.926,0.0766666666666667
2010,11,5,6,0.889,4.648,0.0616666666666667
2010,11,5,12,8.4328,6.111,0.035
2010,11,5,18,4.7244,4.139,0.0566666666666667
2010,11,6,0,0.889,5.056,0.05
2010,11,6,6,0.2032,5.769,0.0416666666666667
2010,11,6,12,0.9398,7.463,0.025
2010,11,6,18,14.9098,6.611,0.0316666666666667
2010,11,7,0,12.2682,5.176,0.0533333333333333
2010,11,7,6,5.715,4.25,0.0766666666666667
2010,11,7,12,0.4318,5.028,0.0616666666666667
2010,11,7,18,6.5786,3.602,0.0866666666666667
2010,11,8,0,10.414,2.38,0.141666666666667
2010,11,8,6,0.0254,2.148,0.166666666666667
2010,11,8,12,0,2.935,0.123333333333333
2010,11,8,18,0.1016,1.213,0.266666666666667
2010,11,9,0,0,0.648,0.381666666666667
2010,11,9,6,1.3716,1.75,0.316666666666667
2010,11,9,12,2.0574,4.611,0.0983333333333333
2010,11,9,18,0.1524,1.917,0.215
2010,11,10,0,0,0.463,0.555
2010,11,10,6,0,1.454,0.413333333333333
2010,11,10,12,0,3.287,0.148333333333333
2010,11,10,18,0,-1.056,0.958333333333333
2010,11,11,0,0,-1.417,0.976666666666667
2010,11,11,6,0,2.704,0.258333333333333
2010,11,11,12,3.2766,5.065,0.0633333333333333
2010,11,11,18,1.1684,2.713,0.123333333333333
2010,11,12,0,0.0508,2.056,0.153333333333333
2010,11,12,6,0,2.972,0.101666666666667
2010,11,12,12,0,3.528,0.101666666666667
2010,11,12,18,0,0.824,0.328333333333333
2010,11,13,0,1.524,2.509,0.136666666666667
2010,11,13,6,0.1016,2.667,0.125
2010,11,13,12,2.794,3.972,0.08
2010,11,13,18,7.1374,3.102,0.09
2010,11,14,0,3.048,4.037,0.0716666666666667
2010,11,14,6,0.9906,5.426,0.0516666666666667
2010,11,14,12,1.6256,6.111,0.045
2010,11,14,18,2.159,4.667,0.06
2010,11,15,0,2.159,3.685,0.0783333333333334
2010,11,15,6,2.921,4.611,0.065
2010,11,15,12,26.1874,6.704,0.0316666666666667
2010,11,15,18,14.605,5.5,0.045
2010,11,16,0,2.8956,4,0.0716666666666667
2010,11,16,6,3.4544,4.287,0.0616666666666667
2010,11,16,12,1.5748,4.444,0.0633333333333333
2010,11,16,18,0.6858,1.657,0.22
2010,11,17,0,3.8608,0.741,0.451666666666667
2010,11,17,6,8.7884,1.963,0.215
2010,11,17,12,10.4394,1.722,0.26
2010,11,17,18,3.8608,-1.593,0.958333333333333
2010,11,18,0,14.351,-2.88,1
2010,11,18,6,3.8608,-2.389,1
2010,11,18,12,6.1468,-1.62,1
2010,11,18,18,0.4572,-3.667,1
2010,11,19,0,0.9398,-3.889,1
2010,11,19,6,0,-3.417,1
2010,11,19,12,0,-2.685,1
2010,11,19,18,0.0254,-3.722,1
2010,11,20,0,0,-4.065,1
2010,11,20,6,0,-4.62,1
2010,11,20,12,0,-3.75,1
2010,11,20,18,0,-5.667,1
2010,11,21,0,0.381,-6.63,1
2010,11,21,6,1.905,-6.62,1
2010,11,21,12,1.1684,-6.602,1
2010,11,21,18,0.1524,-8.065,1
2010,11,22,0,0,-9.639,1
2010,11,22,6,1.3716,-9.583,1
2010,11,22,12,4.7752,-8.87,1
2010,11,22,18,2.3114,-10.509,1
2010,11,23,0,0,-11.62,1
2010,11,23,6,0,-11.287,1
2010,11,23,12,0,-10.593,1
2010,11,23,18,0,-14.065,1
2010,11,24,0,0,-14.083,1
2010,11,24,6,0,-10.056,1
2010,11,24,12,0,-7.648,1
2010,11,24,18,0,-8.463,1
2010,11,25,0,0.508,-8.296,1
2010,11,25,6,1.9304,-6.046,1
2010,11,25,12,2.0828,-3.037,0.998333333333333
2010,11,25,18,0,-2.63,0.998333333333333
2010,11,26,0,5.207,-1.602,0.96
2010,11,26,6,4.7498,-1.5,0.966666666666667
2010,11,26,12,2.2352,-1.463,0.941666666666667
2010,11,26,18,5.334,-2.019,0.99
2010,11,27,0,0.8128,-1.694,0.991666666666667
2010,11,27,6,0,-2.093,0.995
2010,11,27,12,0.127,-1.426,0.975
2010,11,27,18,0,-4.13,1
2010,11,28,0,0.7874,-3.546,1
2010,11,28,6,1.778,-2.13,0.97
2010,11,28,12,0.4318,-0.685,0.828333333333333
2010,11,28,18,0,-5.111,1
2010,11,29,0,0.0254,-5.815,1
2010,11,29,6,0,-3.843,0.996666666666667
2010,11,29,12,1.143,-1.111,0.983333333333333
2010,11,29,18,6.5024,-1.472,0.988333333333333
2010,11,30,0,13.1318,-0.019,0.726666666666667
2010,11,30,6,8.001,0.593,0.448333333333333
2010,11,30,12,3.048,0.352,0.47
2010,11,30,18,6.5278,-0.148,0.593333333333333
2010,12,1,0,0.4318,-1.444,0.845
2010,12,1,6,0,-1.296,0.85
2010,12,1,12,0,-0.509,0.753333333333333
2010,12,1,18,0,-0.759,0.873333333333333
2010,12,2,0,0.1524,-0.944,0.905
2010,12,2,6,0,-1.685,0.843333333333333
2010,12,2,12,0,0.713,0.373333333333333
2010,12,2,18,0.0508,-1.704,0.953333333333333
2010,12,3,0,0.127,-1.269,0.973333333333333
2010,12,3,6,0.1016,0.111,0.525
2010,12,3,12,0,0.185,0.553333333333333
2010,12,3,18,0,-3.13,0.998333333333333
2010,12,4,0,0,-2.787,1
2010,12,4,6,0,-1.87,0.991666666666667
2010,12,4,12,0,-0.046,0.916666666666667
2010,12,4,18,0,-2.12,1
2010,12,5,0,0,-3.528,1
2010,12,5,6,0,-0.25,0.841666666666667
2010,12,5,12,0,1,0.495
2010,12,5,18,0,-0.602,0.918333333333333
2010,12,6,0,0,0.481,0.71
2010,12,6,6,0,-0.037,0.723333333333333
2010,12,6,12,0,2.222,0.226666666666667
2010,12,6,18,0,0.481,0.543333333333333
2010,12,7,0,0.2794,1.13,0.35
2010,12,7,6,1.3208,3.472,0.106666666666667
2010,12,7,12,1.016,4.194,0.0916666666666667
2010,12,7,18,7.239,3.139,0.113333333333333
2010,12,8,0,8.3058,3.259,0.101666666666667
2010,12,8,6,5.8928,2.778,0.12
2010,12,8,12,4.9022,2.75,0.138333333333333
2010,12,8,18,16.1798,2.287,0.146666666666667
2010,12,9,0,14.6812,2.778,0.106666666666667
2010,12,9,6,4.6228,2.657,0.113333333333333
2010,12,9,12,7.6962,2.852,0.116666666666667
2010,12,9,18,5.6896,1.333,0.255
2010,12,10,0,8.8138,1.083,0.275
2010,12,10,6,3.8354,1.546,0.213333333333333
2010,12,10,12,0.4064,2.463,0.126666666666667
2010,12,10,18,1.27,1.194,0.286666666666667
2010,12,11,0,0,-1.037,0.795
2010,12,11,6,0.0762,-0.926,0.825
2010,12,11,12,5.9436,1.444,0.373333333333333
2010,12,11,18,22.9362,2.287,0.175
2010,12,12,0,33.3502,4.287,0.065
2010,12,12,6,37.6428,4.491,0.0683333333333333
2010,12,12,12,24.5364,4.139,0.085
2010,12,12,18,33.0708,2.472,0.151666666666667
2010,12,13,0,9.0678,1.361,0.285
2010,12,13,6,0.1778,1.102,0.438333333333333
2010,12,13,12,0.0254,3.435,0.106666666666667
2010,12,13,18,7.1882,2.917,0.11
2010,12,14,0,13.2334,2.657,0.123333333333333
2010,12,14,6,3.7084,0.694,0.475
2010,12,14,12,6.8326,0.574,0.543333333333333
2010,12,14,18,4.9276,-1.009,0.953333333333333
2010,12,15,0,2.3622,-0.852,0.915
2010,12,15,6,0.9906,-0.009,0.641666666666667
2010,12,15,12,0.4064,0.981,0.355
2010,12,15,18,0.635,-0.222,0.808333333333333
2010,12,16,0,0.2286,-0.38,0.85
2010,12,16,6,0,-0.611,0.856666666666667
2010,12,16,12,0,2.009,0.191666666666667
2010,12,16,18,0,1.398,0.323333333333333
2010,12,17,0,0,-0.102,0.893333333333333
2010,12,17,6,0,-1.398,0.976666666666667
2010,12,17,12,0,-0.324,0.778333333333333
2010,12,17,18,0,-2.13,1
2010,12,18,0,0,-2.148,1
2010,12,18,6,0.8636,-1.056,0.978333333333333
2010,12,18,12,1.3462,0.907,0.488333333333333
2010,12,18,18,0.4572,-1.426,0.933333333333333
2010,12,19,0,0.0762,-3.5,1
2010,12,19,6,0.0508,-0.806,0.875
2010,12,19,12,0,-0.426,0.718333333333333
2010,12,19,18,0,-3.583,1
2010,12,20,0,0.1016,-1.648,0.988333333333333
2010,12,20,6,0.0254,-1.204,0.921666666666667
2010,12,20,12,0.0762,1.222,0.368333333333333
2010,12,20,18,0,0.611,0.55
2010,12,21,0,0,-0.046,0.768333333333333
2010,12,21,6,0,1.12,0.448333333333333
2010,12,21,12,0,2.426,0.246666666666667
2010,12,21,18,0,2.139,0.32
2010,12,22,0,0.0254,2.398,0.228333333333333
2010,12,22,6,0.1524,2.074,0.211666666666667
2010,12,22,12,0,1.694,0.26
2010,12,22,18,0,-1.102,0.868333333333333
2010,12,23,0,0.3048,-0.741,0.855
2010,12,23,6,6.4008,0.509,0.586666666666667
2010,12,23,12,7.5438,2.213,0.215
2010,12,23,18,3.048,2.935,0.123333333333333
2010,12,24,0,1.651,3.241,0.126666666666667
2010,12,24,6,2.1336,2.759,0.186666666666667
2010,12,24,12,3.0226,3,0.15
2010,12,24,18,4.1148,2.194,0.156666666666667
2010,12,25,0,3.7084,2.713,0.12
2010,12,25,6,1.3462,3.565,0.1
2010,12,25,12,0.0508,4.815,0.0833333333333333
2010,12,25,18,0.6096,4.074,0.1
2010,12,26,0,1.27,3.306,0.095
2010,12,26,6,0.3302,2.917,0.101666666666667
2010,12,26,12,6.7056,2.815,0.126666666666667
2010,12,26,18,3.048,0.731,0.41
2010,12,27,0,3.0734,0.046,0.68
2010,12,27,6,0.5842,0.139,0.623333333333333
2010,12,27,12,0.8636,1.398,0.256666666666667
2010,12,27,18,1.5748,2.194,0.16
2010,12,28,0,1.4478,3.352,0.0783333333333333
2010,12,28,6,4.699,2.861,0.09
2010,12,28,12,0.7112,0.389,0.538333333333333
2010,12,28,18,0,-3.25,1
2010,12,29,0,2.1336,-2.065,0.998333333333333
2010,12,29,6,0.1524,-0.231,0.858333333333333
2010,12,29,12,0,-0.815,0.87
2010,12,29,18,0,-4.324,1
2010,12,30,0,0,-6.38,1
2010,12,30,6,0,-5.713,1
2010,12,30,12,0,-3.981,1
2010,12,30,18,0,-7.963,1
2010,12,31,0,0,-8.991,1
2010,12,31,6,0,-7.019,1
2010,12,31,12,0,-3.491,1
2010,12,31,18,0,-5.898,1
2011,1,1,0,0,-5.954,1
2011,1,1,6,0,-5.278,1
2011,1,1,12,0,-3.361,1
2011,1,1,18,0,-7.306,1
2011,1,2,0,0,-7.907,1
2011,1,2,6,0,-5.917,1
2011,1,2,12,0,-2.556,0.98
2011,1,2,18,0,-7.287,1
2011,1,3,0,0,-9.009,1
2011,1,3,6,0,-6.435,1
2011,1,3,12,0,-3.435,1
2011,1,3,18,0,-7.139,1
2011,1,4,0,0,-6.88,1
2011,1,4,6,0,-4.037,1
2011,1,4,12,0,-2.176,0.993333333333333
2011,1,4,18,0,-4.519,1
2011,1,5,0,0.5842,-4.157,1
2011,1,5,6,7.1628,-2.546,0.983333333333333
2011,1,5,12,11.7602,-1.056,0.828333333333333
2011,1,5,18,11.557,-0.287,0.658333333333333
2011,1,6,0,11.5062,-0.083,0.605
2011,1,6,6,7.1882,-0.759,0.751666666666667
2011,1,6,12,5.6134,-0.481,0.7
2011,1,6,18,11.5062,0.241,0.505
2011,1,7,0,11.1252,1.204,0.241666666666667
2011,1,7,6,19.558,1.528,0.19
2011,1,7,12,5.842,1.333,0.23
2011,1,7,18,4.0894,-1.639,0.96
2011,1,8,0,0.889,-2.519,1
2011,1,8,6,0.0254,-2.454,1
2011,1,8,12,0,-1.352,0.998333333333333
2011,1,8,18,0.0508,-3.38,1
2011,1,9,0,0.4064,-4.556,1
2011,1,9,6,0.1016,-3.583,1
2011,1,9,12,0,-3.333,1
2011,1,9,18,0,-5.648,1
2011,1,10,0,0,-5.065,1
2011,1,10,6,0,-3.139,1
2011,1,10,12,0.0254,-2.981,1
2011,1,10,18,0.0508,-3.954,1
2011,1,11,0,0,-7.472,1
2011,1,11,6,0,-5.843,1
2011,1,11,12,0.9906,-2.231,0.998333333333333
2011,1,11,18,5.1562,-2.954,1
2011,1,12,0,16.6878,-1.12,0.825
2011,1,12,6,14.7828,1.759,0.246666666666667
2011,1,12,12,3.7846,1.093,0.33
2011,1,12,18,2.1082,-1.926,0.9
2011,1,13,0,9.9314,1.13,0.383333333333333
2011,1,13,6,13.3858,3.352,0.133333333333333
2011,1,13,12,5.8928,3.667,0.131666666666667
2011,1,13,18,4.9022,1.361,0.331666666666667
2011,1,14,0,11.7602,1.685,0.266666666666667
2011,1,14,6,17.399,3.111,0.145
2011,1,14,12,5.4864,4.667,0.0783333333333333
2011,1,14,18,8.2042,3.111,0.14
2011,1,15,0,9.779,2.861,0.153333333333333
2011,1,15,6,2.286,2.583,0.188333333333333
2011,1,15,12,2.6416,3.935,0.106666666666667
2011,1,15,18,13.7414,3.509,0.095
2011,1,16,0,22.5298,4.491,0.07
2011,1,16,6,22.606,5.509,0.055
2011,1,16,12,21.1582,5.546,0.055
2011,1,16,18,34.3662,3.741,0.075
2011,1,17,0,25.527,3.639,0.0733333333333333
2011,1,17,6,20.2438,3.704,0.0783333333333334
2011,1,17,12,3.2004,3.056,0.09
2011,1,17,18,1.8542,1.222,0.233333333333333
2011,1,18,0,1.016,-0.852,0.905
2011,1,18,6,5.8166,0.278,0.553333333333333
2011,1,18,12,5.1308,1.056,0.296666666666667
2011,1,18,18,0,-1.407,0.958333333333333
2011,1,19,0,0,-2.815,1
2011,1,19,6,0,-1.87,0.988333333333333
2011,1,19,12,0,0.13,0.783333333333333
2011,1,19,18,0,-2.157,0.998333333333333
2011,1,20,0,0.4572,-0.509,0.845
2011,1,20,6,5.207,0.102,0.661666666666667
2011,1,20,12,1.9304,0.491,0.5
2011,1,20,18,0.2032,0.583,0.418333333333333
2011,1,21,0,5.3594,1.556,0.196666666666667
2011,1,21,6,14.5542,2.639,0.0966666666666667
2011,1,21,12,4.2926,3.278,0.0833333333333333
2011,1,21,18,1.2192,1.519,0.23
2011,1,22,0,0.508,-1.694,0.901666666666667
2011,1,22,6,0,-1.25,0.745
2011,1,22,12,0,2.444,0.136666666666667
2011,1,22,18,0.0762,2.37,0.201666666666667
2011,1,23,0,0.381,2.63,0.13
2011,1,23,6,0.3556,2.12,0.14
2011,1,23,12,0,2.472,0.113333333333333
2011,1,23,18,0.4826,1.815,0.193333333333333
2011,1,24,0,8.3058,3.333,0.0783333333333333
2011,1,24,6,9.906,4.083,0.0616666666666667
2011,1,24,12,14.1478,4.306,0.06
2011,1,24,18,2.54,3.25,0.0866666666666667
2011,1,25,0,1.2192,2.778,0.0983333333333333
2011,1,25,6,2.2352,3.139,0.0816666666666667
2011,1,25,12,0.1524,3.472,0.0766666666666667
2011,1,25,18,0.0762,2.361,0.14
2011,1,26,0,0,3.417,0.0916666666666667
2011,1,26,6,0,4.685,0.07
2011,1,26,12,0,5.148,0.06
2011,1,26,18,0,0.361,0.891666666666667
2011,1,27,0,0,-1.037,1
2011,1,27,6,0,2.889,0.463333333333333
2011,1,27,12,0,4.12,0.126666666666667
2011,1,27,18,0,-0.426,0.971666666666667
2011,1,28,0,0,-0.824,0.991666666666667
2011,1,28,6,3.7846,2.435,0.311666666666667
2011,1,28,12,8.0518,2.481,0.128333333333333
2011,1,28,18,6.9342,1.509,0.176666666666667
2011,1,29,0,4.3434,1.676,0.156666666666667
2011,1,29,6,5.0292,2.074,0.125
2011,1,29,12,6.9596,2.296,0.126666666666667
2011,1,29,18,6.858,0.361,0.506666666666667
2011,1,30,0,0.1016,-1.528,0.996666666666667
2011,1,30,6,0,-2.074,1
2011,1,30,12,0,-0.62,0.995
2011,1,30,18,0,-4.843,1
2011,1,31,0,0,-5.315,1
2011,1,31,6,0,-3.38,0.998333333333333
2011,1,31,12,0,-0.454,0.836666666666667
2011,1,31,18,0,-5.398,1
2011,2,1,0,0,-6.065,1
2011,2,1,6,0,-4.843,1
2011,2,1,12,0,-0.833,0.975
2011,2,1,18,0,-4.787,1
2011,2,2,0,0,-6.769,1
2011,2,2,6,0,-3.417,0.988333333333333
2011,2,2,12,0,0.259,0.653333333333333
2011,2,2,18,0,-3.528,0.998333333333333
2011,2,3,0,0.3556,-0.037,0.565
2011,2,3,6,8.3312,2.231,0.19
2011,2,3,12,13.3604,0.769,0.311666666666667
2011,2,3,18,2.7686,0.38,0.391666666666667
2011,2,4,0,16.2306,2.333,0.161666666666667
2011,2,4,6,24.1046,3.12,0.11
2011,2,4,12,6.0452,3.75,0.0883333333333333
2011,2,4,18,2.7432,2.491,0.126666666666667
2011,2,5,0,0.3302,0.981,0.29
2011,2,5,6,0,0.398,0.513333333333333
2011,2,5,12,0,3.157,0.123333333333333
2011,2,5,18,0,1.62,0.221666666666667
2011,2,6,0,0.5842,0.546,0.37
2011,2,6,6,6.8834,2.028,0.181666666666667
2011,2,6,12,3.2258,3.593,0.0916666666666667
2011,2,6,18,7.5184,2.407,0.125
2011,2,7,0,2.2606,0.759,0.335
2011,2,7,6,5.5626,0.778,0.325
2011,2,7,12,0.508,1.981,0.188333333333333
2011,2,7,18,0.0254,-0.287,0.748333333333333
2011,2,8,0,0,-1.361,0.978333333333333
2011,2,8,6,0,0.676,0.545
2011,2,8,12,0,1.574,0.37
2011,2,8,18,0,-3.63,1
2011,2,9,0,0,-5.315,1
2011,2,9,6,0,-2.843,0.828333333333333
2011,2,9,12,0,1.713,0.293333333333333
2011,2,9,18,0,-2.935,0.998333333333333
2011,2,10,0,0,-4.963,1
2011,2,10,6,0,-2.583,0.97
2011,2,10,12,0,0.204,0.646666666666667
2011,2,10,18,0,-3.139,1
2011,2,11,0,0,-0.37,0.833333333333333
2011,2,11,6,2.0066,1.37,0.4
2011,2,11,12,5.715,1.537,0.413333333333333
2011,2,11,18,8.4582,0.528,0.703333333333333
2011,2,12,0,2.3368,1.194,0.411666666666667
2011,2,12,6,7.2136,1.926,0.465
2011,2,12,12,18.2626,2.898,0.163333333333333
2011,2,12,18,11.2268,1.833,0.226666666666667
2011,2,13,0,4.3942,-0.009,0.588333333333333
2011,2,13,6,0.6604,0.546,0.441666666666667
2011,2,13,12,0,2.62,0.183333333333333
2011,2,13,18,1.143,1.315,0.323333333333333
2011,2,14,0,7.7724,3.546,0.108333333333333
2011,2,14,6,8.1788,4.093,0.0983333333333333
2011,2,14,12,9.9568,3.454,0.118333333333333
2011,2,14,18,6.5024,1.917,0.235
2011,2,15,0,0.5842,-0.148,0.756666666666667
2011,2,15,6,0.0762,-0.056,0.683333333333333
2011,2,15,12,3.7592,2.056,0.265
2011,2,15,18,2.5146,-0.25,0.775
2011,2,16,0,3.1242,-1.278,0.968333333333333
2011,2,16,6,0.0762,-0.519,0.85
2011,2,16,12,0.2032,1.157,0.441666666666667
2011,2,16,18,0.381,-1.648,0.98
2011,2,17,0,0.2794,-2.759,0.998333333333333
2011,2,17,6,0,-1.648,0.89
2011,2,17,12,0,0.889,0.511666666666667
2011,2,17,18,0.1016,-1.139,0.968333333333333
2011,2,18,0,0,-2.861,1
2011,2,18,6,0,-1.509,0.983333333333333
2011,2,18,12,0.127,0.778,0.61
2011,2,18,18,0,-1.602,1
2011,2,19,0,0.0762,-3.389,1
2011,2,19,6,0.4572,-3.63,0.998333333333333
2011,2,19,12,1.9812,0.509,0.755
2011,2,19,18,0.5334,-4.398,1
2011,2,20,0,0.381,-6.926,1
2011,2,20,6,0,-4.565,1
2011,2,20,12,0,-0.917,0.99
2011,2,20,18,0,-5.583,1
2011,2,21,0,0,-6.38,1
2011,2,21,6,0.254,-3.509,0.985
2011,2,21,12,3.4544,-0.324,0.745
2011,2,21,18,3.937,-2.417,0.983333333333333
2011,2,22,0,1.6256,-3.685,1
2011,2,22,6,0.7874,-2.63,1
2011,2,22,12,1.0922,-2.009,1
2011,2,22,18,1.1684,-5.157,1
2011,2,23,0,1.27,-7.222,1
2011,2,23,6,0.1524,-5.815,1
2011,2,23,12,0.2286,-4.463,1
2011,2,23,18,0.3048,-7.852,1
2011,2,24,0,2.8956,-8.519,1
2011,2,24,6,4.7752,-7.63,1
2011,2,24,12,0,-6.028,1
2011,2,24,18,0,-8.426,1
2011,2,25,0,0,-11.676,1
2011,2,25,6,0,-10.88,1
2011,2,25,12,0,-6.426,1
2011,2,25,18,0,-11.5,1
2011,2,26,0,0,-10.62,1
2011,2,26,6,0.0254,-7.204,1
2011,2,26,12,0.1524,-5.491,1
2011,2,26,18,0.889,-6.176,1
2011,2,27,0,4.0132,-5.574,1
2011,2,27,6,10.287,-3.398,0.986666666666666
2011,2,27,12,8.128,-1.806,0.92
2011,2,27,18,15.0622,-3.074,0.996666666666667
2011,2,28,0,12.9794,-3.935,1
2011,2,28,6,9.1948,-3.676,1
2011,2,28,12,8.128,-2.833,1
2011,2,28,18,9.6774,-4.833,1
2011,3,1,0,3.2766,-5.231,1
2011,3,1,6,0,-3.713,1
2011,3,1,12,0.0762,-1.306,0.946666666666667
2011,3,1,18,0.2794,-1.213,0.865
2011,3,2,0,0.889,1.287,0.39
2011,3,2,6,3.7592,2.009,0.245
2011,3,2,12,4.7498,-0.176,0.708333333333333
2011,3,2,18,3.6576,-3.241,0.998333333333333
2011,3,3,0,2.8702,-3.259,1
2011,3,3,6,1.397,-1.546,0.923333333333333
2011,3,3,12,1.27,0.5,0.615
2011,3,3,18,4.064,-2.093,0.973333333333333
2011,3,4,0,0,-5.824,1
2011,3,4,6,0,-5.056,0.998333333333333
2011,3,4,12,3.5814,0.176,0.743333333333334
2011,3,4,18,5.08,0.815,0.461666666666667
2011,3,5,0,3.8354,0.306,0.461666666666667
2011,3,5,6,1.524,-0.37,0.645
2011,3,5,12,0.381,0.361,0.501666666666667
2011,3,5,18,0,-3.056,0.993333333333333
2011,3,6,0,0.4318,-2.657,0.996666666666667
2011,3,6,6,0.0508,-0.981,0.736666666666667
2011,3,6,12,0.2032,2.648,0.185
2011,3,6,18,0.0254,-2.769,0.951666666666667
2011,3,7,0,0.127,-5.185,1
2011,3,7,6,0,-1.991,0.735
2011,3,7,12,0,2.139,0.28
2011,3,7,18,0,-3.13,0.996666666666667
2011,3,8,0,0.1778,-0.278,0.703333333333333
2011,3,8,6,1.524,2.12,0.245
2011,3,8,12,0.508,2.824,0.175
2011,3,8,18,0.1778,-1.509,0.898333333333333
2011,3,9,0,2.032,-0.833,0.763333333333333
2011,3,9,6,11.0744,2.935,0.166666666666667
2011,3,9,12,5.2832,2.639,0.195
2011,3,9,18,2.0066,0.324,0.513333333333333
2011,3,10,0,9.1186,1.685,0.27
2011,3,10,6,7.2898,1.565,0.296666666666667
2011,3,10,12,14.8082,1.454,0.316666666666667
2011,3,10,18,11.557,-0.157,0.616666666666667
2011,3,11,0,6.604,-1.88,0.961666666666666
2011,3,11,6,0.5842,-0.843,0.79
2011,3,11,12,0.508,1.139,0.388333333333333
2011,3,11,18,0.7112,-0.315,0.77
2011,3,12,0,2.1336,0.685,0.503333333333333
2011,3,12,6,6.3246,2.065,0.275
2011,3,12,12,3.6068,2.296,0.248333333333333
2011,3,12,18,1.143,-0.88,0.806666666666667
2011,3,13,0,0.889,-0.861,0.835
2011,3,13,6,7.6962,2.389,0.245
2011,3,13,12,8.6614,3.676,0.125
2011,3,13,18,6.9088,1.694,0.295
2011,3,14,0,9.4234,0.648,0.45
2011,3,14,6,3.6068,2.583,0.205
2011,3,14,12,2.2606,2.926,0.195
2011,3,14,18,0.8382,0.75,0.453333333333333
2011,3,15,0,6.2738,2.63,0.231666666666667
2011,3,15,6,7.6454,2.963,0.163333333333333
2011,3,15,12,8.4074,3.481,0.143333333333333
2011,3,15,18,9.0678,1.102,0.37
2011,3,16,0,5.969,-0.787,0.816666666666667
2011,3,16,6,2.3368,0.917,0.451666666666667
2011,3,16,12,2.3622,2.204,0.268333333333333
2011,3,16,18,1.524,-2.824,0.978333333333333
2011,3,17,0,0.7112,-4.519,1
2011,3,17,6,0.127,-1.231,0.74
2011,3,17,12,0,2.926,0.213333333333333
2011,3,17,18,0.0254,-3.056,0.99
2011,3,18,0,0,-2.537,1
2011,3,18,6,0,0.62,0.696666666666667
2011,3,18,12,0.4064,3.63,0.181666666666667
2011,3,18,18,2.7432,-0.139,0.75
2011,3,19,0,3.3528,-2.324,0.968333333333333
2011,3,19,6,0.2032,2.241,0.3
2011,3,19,12,0.0254,5.009,0.0816666666666667
2011,3,19,18,0,-1.093,0.821666666666667
2011,3,20,0,0,-3.306,1
2011,3,20,6,0,1.185,0.57
2011,3,20,12,0,5.361,0.09
2011,3,20,18,0,1.231,0.52
2011,3,21,0,0.4572,0.204,0.698333333333333
2011,3,21,6,0.7112,3.694,0.106666666666667
2011,3,21,12,3.175,3.306,0.121666666666667
2011,3,21,18,4.064,-0.37,0.726666666666667
2011,3,22,0,3.7084,-0.889,0.841666666666667
2011,3,22,6,0,1.213,0.451666666666667
2011,3,22,12,0,5.352,0.0783333333333333
2011,3,22,18,0,0.546,0.545
2011,3,23,0,0,-3.722,1
2011,3,23,6,0,1.75,0.488333333333333
2011,3,23,12,0,8.102,0.055
2011,3,23,18,3.1496,2.426,0.373333333333333
2011,3,24,0,0.3302,0.13,0.793333333333333
2011,3,24,6,0,4.009,0.203333333333333
2011,3,24,12,0,7.102,0.0566666666666667
2011,3,24,18,0,-0.213,0.763333333333333
2011,3,25,0,0,0.148,0.66
2011,3,25,6,0.8636,4.565,0.0916666666666667
2011,3,25,12,0.2286,6.074,0.0633333333333333
2011,3,25,18,0.2794,0.769,0.448333333333333
2011,3,26,0,0,-1.185,0.888333333333333
2011,3,26,6,0,2.38,0.401666666666667
2011,3,26,12,0.2794,6.37,0.0683333333333333
2011,3,26,18,0.2286,-0.537,0.83
2011,3,27,0,0.0762,-0.231,0.631666666666667
2011,3,27,6,0,2.093,0.298333333333333
2011,3,27,12,0.3302,5.917,0.065
2011,3,27,18,0.381,1.185,0.383333333333333
2011,3,28,0,0.4064,0.185,0.505
2011,3,28,6,0.4826,1.787,0.275
2011,3,28,12,0.4826,4.222,0.0933333333333333
2011,3,28,18,1.1938,0.565,0.515
2011,3,29,0,2.54,0.722,0.423333333333333
2011,3,29,6,0.9398,1.898,0.258333333333333
2011,3,29,12,1.9304,4.278,0.0966666666666667
2011,3,29,18,4.318,1.546,0.271666666666667
2011,3,30,0,18.0086,2.481,0.188333333333333
2011,3,30,6,17.6022,3.38,0.125
2011,3,30,12,5.715,5,0.0816666666666667
2011,3,30,18,12.6746,2.63,0.163333333333333
2011,3,31,0,18.4404,3.5,0.103333333333333
2011,3,31,6,7.6454,4.176,0.0866666666666667
2011,3,31,12,2.0574,3.87,0.12
2011,3,31,18,0.127,1.028,0.388333333333333
2011,4,1,0,1.8796,0.074,0.531666666666667
2011,4,1,6,5.1816,2.417,0.215
2011,4,1,12,5.6134,3.907,0.116666666666667
2011,4,1,18,3.1496,1.611,0.255
2011,4,2,0,2.0828,-0.324,0.625
2011,4,2,6,3.0226,-0.009,0.601666666666667
2011,4,2,12,1.9558,1.722,0.298333333333333
2011,4,2,18,1.6256,-0.148,0.645
2011,4,3,0,1.6002,-1,0.783333333333333
2011,4,3,6,0.1524,0.722,0.466666666666667
2011,4,3,12,0.127,2.306,0.28
2011,4,3,18,0.8636,-0.833,0.825
2011,4,4,0,4.1402,-1.944,0.971666666666667
2011,4,4,6,7.9248,-0.62,0.723333333333333
2011,4,4,12,8.5598,1.222,0.328333333333333
2011,4,4,18,9.906,0.463,0.421666666666667
2011,4,5,0,3.7084,-1.722,0.908333333333333
2011,4,5,6,4.2672,-1.167,0.833333333333333
2011,4,5,12,6.35,0.806,0.41
2011,4,5,18,8.1534,-0.083,0.57
2011,4,6,0,10.8712,-0.704,0.741666666666667
2011,4,6,6,6.6802,0.389,0.55
2011,4,6,12,3.3274,2.898,0.231666666666667
2011,4,6,18,1.1176,-1.176,0.803333333333333
2011,4,7,0,0.3556,-4.046,1
2011,4,7,6,0,-0.361,0.668333333333333
2011,4,7,12,0,4.796,0.106666666666667
2011,4,7,18,0,1.194,0.511666666666667
2011,4,8,0,0,-3.037,1
2011,4,8,6,0,2.046,0.5
2011,4,8,12,0,6.019,0.115
2011,4,8,18,0,-0.657,0.911666666666667
2011,4,9,0,0,-1.25,0.921666666666667
2011,4,9,6,0,1.704,0.351666666666667
2011,4,9,12,0,4.306,0.123333333333333
2011,4,9,18,0,0.343,0.491666666666667
2011,4,10,0,0.127,0.481,0.455
2011,4,10,6,3.2004,2.639,0.23
2011,4,10,12,4.3942,4.343,0.13
2011,4,10,18,5.0546,2.944,0.193333333333333
2011,4,11,0,7.0866,0.722,0.481666666666667
2011,4,11,6,2.8956,-0.278,0.738333333333333
2011,4,11,12,1.4478,3.759,0.185
2011,4,11,18,0.8636,0.093,0.636666666666667
2011,4,12,0,0.5588,-1.843,0.948333333333333
2011,4,12,6,0,0.574,0.618333333333333
2011,4,12,12,0,5.13,0.143333333333333
2011,4,12,18,0.0254,0.093,0.796666666666667
2011,4,13,0,0.0508,-1.167,0.933333333333333
2011,4,13,6,0.762,1.843,0.426666666666667
2011,4,13,12,3.7846,3.343,0.258333333333333
2011,4,13,18,3.5052,-1.315,0.918333333333333
2011,4,14,0,2.4892,-3.25,1
2011,4,14,6,3.2258,-2.537,0.975
2011,4,14,12,5.8674,2.176,0.35
2011,4,14,18,5.0038,-0.787,0.813333333333333
2011,4,15,0,1.7272,-3.093,1
2011,4,15,6,0,-0.861,0.823333333333333
2011,4,15,12,1.016,2.083,0.31
2011,4,15,18,1.4732,0.981,0.4
2011,4,16,0,2.5908,0.361,0.511666666666667
2011,4,16,6,2.1336,1.824,0.26
2011,4,16,12,0.9652,2.685,0.248333333333333
2011,4,16,18,0.0254,-1.157,0.806666666666667
2011,4,17,0,0.4318,-1,0.81
2011,4,17,6,2.4638,0.796,0.486666666666667
2011,4,17,12,2.5146,3.648,0.201666666666667
2011,4,17,18,0.7366,-1.602,0.805
2011,4,18,0,0.5588,-3.833,1
2011,4,18,6,1.1176,-0.37,0.723333333333333
2011,4,18,12,3.3782,3.778,0.203333333333333
2011,4,18,18,1.7272,-1.815,0.92
2011,4,19,0,5.0546,-2.815,0.975
2011,4,19,6,2.9464,1.759,0.328333333333333
2011,4,19,12,2.7432,4.259,0.14
2011,4,19,18,0.4064,-0.194,0.651666666666667
2011,4,20,0,0,-3.481,1
2011,4,20,6,0,1.056,0.576666666666667
2011,4,20,12,0.127,4.435,0.188333333333333
2011,4,20,18,0.762,-1.889,0.936666666666667
2011,4,21,0,1.0922,-3.806,1
2011,4,21,6,2.2352,-1.5,0.778333333333333
2011,4,21,12,1.2954,4.833,0.108333333333333
2011,4,21,18,0.2794,-0.435,0.671666666666667
2011,4,22,0,0,-3.398,1
2011,4,22,6,0,1.398,0.5
2011,4,22,12,0,8.704,0.0516666666666667
2011,4,22,18,0,-0.259,0.805
2011,4,23,0,0,-3.25,1
2011,4,23,6,0,4.63,0.305
2011,4,23,12,0,9.981,0.02
2011,4,23,18,0,0.324,0.868333333333333
2011,4,24,0,0,-1.861,0.998333333333333
2011,4,24,6,0,5.444,0.18
2011,4,24,12,3.0988,6.583,0.05
2011,4,24,18,3.5052,1.25,0.398333333333333
2011,4,25,0,3.9624,-0.176,0.596666666666667
2011,4,25,6,1.1684,4.176,0.175
2011,4,25,12,8.0264,5.769,0.09
2011,4,25,18,7.0612,1.787,0.276666666666667
2011,4,26,0,8.255,0.861,0.355
2011,4,26,6,0.6858,2.407,0.215
2011,4,26,12,0.1778,5.12,0.095
2011,4,26,18,0.6858,0.241,0.626666666666667
2011,4,27,0,3.048,-0.88,0.823333333333333
2011,4,27,6,2.7432,0.231,0.65
2011,4,27,12,3.7592,5.204,0.11
2011,4,27,18,8.2296,1.417,0.405
2011,4,28,0,6.6548,-2.176,0.98
2011,4,28,6,6.0198,0.398,0.58
2011,4,28,12,3.1496,4.806,0.121666666666667
2011,4,28,18,1.6002,-0.213,0.671666666666667
2011,4,29,0,1.9304,-1.75,0.916666666666667
2011,4,29,6,1.2446,1.75,0.335
2011,4,29,12,0.5842,5.593,0.085
2011,4,29,18,0.5842,0.157,0.588333333333333
2011,4,30,0,0.1016,-0.917,0.765
2011,4,30,6,0,4.306,0.135
2011,4,30,12,0,8.259,0.035
2011,4,30,18,0,0.435,0.583333333333333
2011,5,1,0,0,-2.602,0.985
2011,5,1,6,0,3.139,0.305
2011,5,1,12,0,8.324,0.0166666666666667
2011,5,1,18,0,2.13,0.49
2011,5,2,0,0,1.639,0.558333333333333
2011,5,2,6,2.8702,5.898,0.0833333333333333
2011,5,2,12,2.54,5.593,0.0633333333333333
2011,5,2,18,0.4318,2.028,0.245
2011,5,3,0,0.6858,1.528,0.288333333333333
2011,5,3,6,0,4.139,0.108333333333333
2011,5,3,12,0,7.046,0.0466666666666667
2011,5,3,18,0,3.361,0.196666666666667
2011,5,4,0,0,-0.019,0.61
2011,5,4,6,0,4.519,0.116666666666667
2011,5,4,12,0,8.676,0.0133333333333333
2011,5,4,18,0,3.63,0.275
2011,5,5,0,2.921,2.324,0.346666666666667
2011,5,5,6,1.3462,3.889,0.121666666666667
2011,5,5,12,0.4572,5.787,0.0266666666666667
2011,5,5,18,0.6604,3.481,0.115
2011,5,6,0,2.2098,3.028,0.125
2011,5,6,6,2.1336,4.259,0.08
2011,5,6,12,1.016,4.926,0.0716666666666667
2011,5,6,18,6.4008,3.491,0.116666666666667
2011,5,7,0,5.1562,2.435,0.178333333333333
2011,5,7,6,6.8834,4.019,0.101666666666667
2011,5,7,12,5.8166,5.657,0.065
2011,5,7,18,0.2032,3.167,0.141666666666667
2011,5,8,0,0,1.185,0.32
2011,5,8,6,0,4.204,0.121666666666667
2011,5,8,12,0.0762,7.398,0.03
2011,5,8,18,0,3.139,0.158333333333333
2011,5,9,0,0,1.676,0.245
2011,5,9,6,0,5.389,0.0733333333333333
2011,5,9,12,0,9.333,0.015
2011,5,9,18,0,3.648,0.138333333333333
2011,5,10,0,0,2.306,0.185
2011,5,10,6,0,5.898,0.0433333333333333
2011,5,10,12,0,8.769,0.00833333333333333
2011,5,10,18,0,4.806,0.0866666666666667
2011,5,11,0,3.6576,2.898,0.185
2011,5,11,6,6.6802,5.806,0.0483333333333333
2011,5,11,12,16.9926,8.065,0.0216666666666667
2011,5,11,18,4.2418,3.5,0.141666666666667
2011,5,12,0,1.1176,-0.565,0.74
2011,5,12,6,0,2.009,0.436666666666667
2011,5,12,12,0,11.093,0.0233333333333333
2011,5,12,18,0,4.398,0.143333333333333
2011,5,13,0,0,0.296,0.625
2011,5,13,6,0,6.704,0.08
2011,5,13,12,0,12.444,0.00666666666666667
2011,5,13,18,0,5.444,0.206666666666667
2011,5,14,0,0,3.796,0.238333333333333
2011,5,14,6,0.4572,7.481,0.0433333333333333
2011,5,14,12,0.508,11.046,0
2011,5,14,18,0.8636,6.435,0.0333333333333333
2011,5,15,0,0.0254,4.731,0.0933333333333333
2011,5,15,6,0.6604,6.546,0.0483333333333333
2011,5,15,12,4.7498,7.083,0.0166666666666667
2011,5,15,18,3.0226,3.787,0.0933333333333333
2011,5,16,0,5.0038,2.917,0.14
2011,5,16,6,4.9022,4.972,0.0766666666666667
2011,5,16,12,2.3876,6.944,0.045
2011,5,16,18,0.5334,3.472,0.131666666666667
2011,5,17,0,0,0.694,0.493333333333333
2011,5,17,6,0,5.102,0.128333333333333
2011,5,17,12,0,10.833,0.0183333333333333
2011,5,17,18,0,3.361,0.428333333333333
2011,5,18,0,0,-1.241,0.976666666666667
2011,5,18,6,0,7.343,0.11
2011,5,18,12,0,12.907,0.00833333333333333
2011,5,18,18,0,3.157,0.446666666666667
2011,5,19,0,0,-0.935,0.96
2011,5,19,6,0,8.287,0.0883333333333333
2011,5,19,12,0,14.204,0.00333333333333333
2011,5,19,18,0,4.083,0.386666666666667
2011,5,20,0,0,0.37,0.881666666666667
2011,5,20,6,0,8.361,0.0416666666666667
2011,5,20,12,0,12.306,0.00166666666666667
2011,5,20,18,0,6.009,0.116666666666667
2011,5,21,0,0.1016,3.519,0.173333333333333
2011,5,21,6,0.9906,7.296,0.0266666666666667
2011,5,21,12,1.1938,8.25,0.0116666666666667
2011,5,21,18,0.8128,4.963,0.0683333333333333
2011,5,22,0,0.5334,4.269,0.0833333333333333
2011,5,22,6,0.127,6.685,0.0483333333333333
2011,5,22,12,0.0254,9.13,0.0183333333333333
2011,5,22,18,0,4.389,0.0866666666666667
2011,5,23,0,0,2.796,0.126666666666667
2011,5,23,6,0,5.593,0.06
2011,5,23,12,0,8.88,0.02
2011,5,23,18,0,5.102,0.08
2011,5,24,0,0.0762,3.657,0.1
2011,5,24,6,0.6096,6.231,0.0516666666666667
2011,5,24,12,0,9.241,0.0133333333333333
2011,5,24,18,0.0254,5.306,0.0916666666666667
2011,5,25,0,0.0254,3.361,0.173333333333333
2011,5,25,6,0,7.25,0.0466666666666667
2011,5,25,12,3.7084,9.13,0.0116666666666667
2011,5,25,18,6.096,5,0.0716666666666667
2011,5,26,0,8.3566,2.991,0.148333333333333
2011,5,26,6,1.3716,4.435,0.0983333333333333
2011,5,26,12,0.9398,7.269,0.0283333333333333
2011,5,26,18,0.2032,5.213,0.0733333333333333
2011,5,27,0,0.9906,5.065,0.0633333333333333
2011,5,27,6,2.286,6.361,0.035
2011,5,27,12,1.8288,8.056,0.0233333333333333
2011,5,27,18,0.9652,5.231,0.07
2011,5,28,0,1.7018,3.287,0.108333333333333
2011,5,28,6,0.889,7.009,0.0283333333333333
2011,5,28,12,0.1778,9.444,0.015
2011,5,28,18,0,5.861,0.0483333333333333
2011,5,29,0,0,2.852,0.116666666666667
2011,5,29,6,0,7.778,0.03
2011,5,29,12,0,10.657,0.0116666666666667
2011,5,29,18,0,6.019,0.0433333333333333
2011,5,30,0,0.3048,5.019,0.0533333333333333
2011,5,30,6,0.9398,8.259,0.0216666666666667
2011,5,30,12,0,11.944,0.01
2011,5,30,18,0.0762,6.481,0.0616666666666667
2011,5,31,0,0.2794,3.88,0.115
2011,5,31,6,0.3302,8.63,0.0333333333333333
2011,5,31,12,6.2484,11.287,0.00833333333333333
2011,5,31,18,1.0922,6.593,0.04
2011,6,1,0,0.2032,4.694,0.0683333333333333
2011,6,1,6,2.921,7.843,0.0166666666666667
2011,6,1,12,1.7526,8.796,0.0116666666666667
2011,6,1,18,0.8382,5.787,0.0483333333333333
2011,6,2,0,1.7526,5.213,0.0533333333333333
2011,6,2,6,1.1176,7.833,0.0133333333333333
2011,6,2,12,1.397,11.333,0
2011,6,2,18,0.5334,8.287,0.0166666666666667
2011,6,3,0,0.2794,4.676,0.065
2011,6,3,6,0,9.343,0.0133333333333333
2011,6,3,12,0,16.194,0
2011,6,3,18,0,8.667,0.045
2011,6,4,0,0,3.87,0.14
2011,6,4,6,0,12.157,0.01
2011,6,4,12,0,18.454,0
2011,6,4,18,0,9.204,0.04
2011,6,5,0,0,4.694,0.19
2011,6,5,6,0,13.222,0.005
2011,6,5,12,0,17.611,0
2011,6,5,18,0,9.241,0.0266666666666667
2011,6,6,0,0,5.917,0.065
2011,6,6,6,0,11.12,0.00666666666666667
2011,6,6,12,0,15.352,0
2011,6,6,18,0,9.806,0.00833333333333333
2011,6,7,0,0.6604,6.306,0.02
2011,6,7,6,3.2258,8.398,0.0116666666666667
2011,6,7,12,3.9116,10.657,0.005
2011,6,7,18,0.2032,7.019,0.0183333333333333
2011,6,8,0,2.5654,6.028,0.0233333333333333
2011,6,8,6,1.4986,7.769,0.0183333333333333
2011,6,8,12,0,11.87,0.00333333333333333
2011,6,8,18,0.1524,8.565,0.0116666666666667
2011,6,9,0,0.3302,7.185,0.02
2011,6,9,6,0,9.593,0.01
2011,6,9,12,0,12.111,0
2011,6,9,18,0,8.509,0.0166666666666667
2011,6,10,0,0,6.852,0.02
2011,6,10,6,0,9.861,0.00833333333333333
2011,6,10,12,0.0254,12.176,0
2011,6,10,18,0,8.222,0.015
2011,6,11,0,0,6.25,0.0233333333333333
2011,6,11,6,0,9.778,0.01
2011,6,11,12,0,13.852,0
2011,6,11,18,0,8.833,0.0116666666666667
2011,6,12,0,0.0254,5.204,0.0333333333333333
2011,6,12,6,0.0508,9.907,0.01
2011,6,12,12,0,13.213,0.00166666666666667
2011,6,12,18,0.1016,7.287,0.0383333333333333
2011,6,13,0,0.4572,5.444,0.0583333333333333
2011,6,13,6,1.5748,9.278,0.01
2011,6,13,12,2.0574,11.954,0
2011,6,13,18,0.4572,7.796,0.0133333333333333
2011,6,14,0,0.0254,4.287,0.0466666666666667
2011,6,14,6,0.4318,7.981,0.0133333333333333
2011,6,14,12,0.1778,10.824,0.005
2011,6,14,18,1.1176,6.074,0.035
2011,6,15,0,1.778,4.583,0.0683333333333333
2011,6,15,6,0.6858,7.019,0.0216666666666667
2011,6,15,12,0.0508,10.037,0.00833333333333333
2011,6,15,18,0,6.722,0.03
2011,6,16,0,0,4.843,0.0466666666666667
2011,6,16,6,0,8.731,0.015
2011,6,16,12,0,11.491,0.00666666666666667
2011,6,16,18,0,7.204,0.0216666666666667
2011,6,17,0,0,4.176,0.0766666666666667
2011,6,17,6,0,8.491,0.0216666666666667
2011,6,17,12,0,12.62,0.0116666666666667
2011,6,17,18,0,8.009,0.0316666666666667
2011,6,18,0,4.2164,6.13,0.0333333333333333
2011,6,18,6,6.2484,7.231,0.0166666666666667
2011,6,18,12,5.5626,7.704,0.01
2011,6,18,18,1.4986,6.481,0.02
2011,6,19,0,0.6858,6.046,0.02
2011,6,19,6,0.0762,8.944,0.0183333333333333
2011,6,19,12,0,11.759,0.00833333333333333
2011,6,19,18,0,7.87,0.0233333333333333
2011,6,20,0,0,5.787,0.0416666666666667
2011,6,20,6,0,10.787,0.0116666666666667
2011,6,20,12,0,15.713,0
2011,6,20,18,0,10.389,0.0133333333333333
2011,6,21,0,0,6.139,0.0333333333333333
2011,6,21,6,0,11.259,0.00833333333333333
2011,6,21,12,0,15.87,0
2011,6,21,18,0,9.509,0.0333333333333333
2011,6,22,0,0,6.019,0.075
2011,6,22,6,0,10.685,0.01
2011,6,22,12,0,14.222,0
2011,6,22,18,0,9.398,0.0116666666666667
2011,6,23,0,0.1016,5.787,0.0266666666666667
2011,6,23,6,0.762,7.204,0.02
2011,6,23,12,0.635,9.009,0.01
2011,6,23,18,0.6096,7.019,0.0183333333333333
2011,6,24,0,0.508,5.778,0.0283333333333333
2011,6,24,6,0.3048,8.259,0.0116666666666667
2011,6,24,12,0.3302,10.148,0.00666666666666667
2011,6,24,18,0.0254,6.991,0.0316666666666667
2011,6,25,0,0,3.907,0.0866666666666667
2011,6,25,6,0,9.074,0.0133333333333333
2011,6,25,12,0,12.898,0.00166666666666667
2011,6,25,18,0,6.565,0.0466666666666667
2011,6,26,0,0.0254,1.944,0.31
2011,6,26,6,0,9.241,0.0233333333333333
2011,6,26,12,0,15.509,0
2011,6,26,18,0,8.009,0.0683333333333333
2011,6,27,0,0.1016,5.843,0.09
2011,6,27,6,0,11.231,0.00833333333333333
2011,6,27,12,0.0508,14,0
2011,6,27,18,0,9.417,0.03
2011,6,28,0,0,7.176,0.0616666666666667
2011,6,28,6,0,11.259,0.0116666666666667
2011,6,28,12,1.0414,12.731,0
2011,6,28,18,1.4732,8.315,0.02
2011,6,29,0,1.6764,7.435,0.02
2011,6,29,6,1.778,8.361,0.0116666666666667
2011,6,29,12,2.1082,8.333,0.015
2011,6,29,18,0.5588,6.537,0.0283333333333333
2011,6,30,0,1.0414,6.25,0.03
2011,6,30,6,0.2032,7.759,0.0216666666666667
2011,6,30,12,0,10.583,0.01
2011,6,30,18,0,8.519,0.0183333333333333
2011,7,1,0,0,6.954,0.02
2011,7,1,6,0,10.361,0.01
2011,7,1,12,0,15.148,0.00166666666666667
2011,7,1,18,0,10.981,0.0233333333333333
2011,7,2,0,0,6.648,0.0633333333333333
2011,7,2,6,0,13.611,0.00333333333333333
2011,7,2,12,0,17.417,0
2011,7,2,18,0.0254,11.037,0.01
2011,7,3,0,0.7874,7.556,0.0233333333333333
2011,7,3,6,0.2794,11.25,0.00666666666666667
2011,7,3,12,0,16.5,0
2011,7,3,18,0.0254,9.074,0.025
2011,7,4,0,0.0762,4.963,0.075
2011,7,4,6,0,12.528,0.00666666666666667
2011,7,4,12,0,18.954,0
2011,7,4,18,0,10.694,0.02
2011,7,5,0,0,5.639,0.0666666666666667
2011,7,5,6,0,15.491,0.00166666666666667
2011,7,5,12,0,20.62,0
2011,7,5,18,0,12.796,0.005
2011,7,6,0,0,7.37,0.0216666666666667
2011,7,6,6,0,14.574,0.00166666666666667
2011,7,6,12,0,18.056,0
2011,7,6,18,0,11.731,0.00333333333333333
2011,7,7,0,0,8.324,0.0133333333333333
2011,7,7,6,0.1778,12.491,0
2011,7,7,12,0.6096,13.231,0
2011,7,7,18,0.0762,8.954,0.00833333333333333
2011,7,8,0,0.127,6.639,0.0166666666666667
2011,7,8,6,0.4318,9.028,0.0116666666666667
2011,7,8,12,0.0254,12.537,0.01
2011,7,8,18,0,7.546,0.0316666666666667
2011,7,9,0,0.0254,3.556,0.0833333333333333
2011,7,9,6,0,10.306,0.0116666666666667
2011,7,9,12,0,15.611,0
2011,7,9,18,0,9.231,0.0266666666666667
2011,7,10,0,0,5.287,0.0633333333333333
2011,7,10,6,0,12.287,0.00666666666666667
2011,7,10,12,0,16.481,0
2011,7,10,18,0,10.102,0.01
2011,7,11,0,0,5.694,0.03
2011,7,11,6,0,12.38,0.00333333333333333
2011,7,11,12,0,15.935,0
2011,7,11,18,0,9.731,0.0116666666666667
2011,7,12,0,0,7.009,0.0283333333333333
2011,7,12,6,0.7366,11.87,0.00333333333333333
2011,7,12,12,0.5334,14.657,0
2011,7,12,18,2.5908,10.491,0.00666666666666667
2011,7,13,0,3.6068,9.259,0.01
2011,7,13,6,1.27,11.306,0.00166666666666667
2011,7,13,12,2.159,13.231,0
2011,7,13,18,1.143,10.454,0.005
2011,7,14,0,5.7912,9.565,0.01
2011,7,14,6,12.0904,11.389,0.00833333333333333
2011,7,14,12,0.9652,13.222,0.00166666666666667
2011,7,14,18,1.9812,11.167,0.00833333333333333
2011,7,15,0,0.6604,9.787,0.01
2011,7,15,6,0.254,12.389,0.00166666666666667
2011,7,15,12,0.0762,15.019,0
2011,7,15,18,0.1016,12.361,0
2011,7,16,0,0.1778,11.222,0.00833333333333333
2011,7,16,6,4.3434,13.287,0
2011,7,16,12,3.9116,14.111,0
2011,7,16,18,5.8674,12.176,0
2011,7,17,0,0.2032,10.593,0
2011,7,17,6,0.0508,14.463,0
2011,7,17,12,0.3302,16.287,0
2011,7,17,18,0.762,13.556,0
2011,7,18,0,0,10.861,0
2011,7,18,6,1.3716,13.602,0
2011,7,18,12,0,16.435,0
2011,7,18,18,0,12.046,0
2011,7,19,0,0.0254,9.278,0.00333333333333333
2011,7,19,6,0.3556,13.167,0
2011,7,19,12,0.9906,14.37,0
2011,7,19,18,0.762,11.611,0
2011,7,20,0,0.7874,10.611,0
2011,7,20,6,0,12.75,0
2011,7,20,12,0,14.778,0
2011,7,20,18,0.1778,11.454,0
2011,7,21,0,2.5908,10.167,0
2011,7,21,6,1.3208,11.435,0
2011,7,21,12,0.6604,14.472,0
2011,7,21,18,0.508,11.148,0.005
2011,7,22,0,0,8.667,0.01
2011,7,22,6,0,11.759,0.00333333333333333
2011,7,22,12,0,15.417,0
2011,7,22,18,0,10.009,0.01
2011,7,23,0,0,6.315,0.02
2011,7,23,6,0,13.093,0.00333333333333333
2011,7,23,12,0,20.148,0
2011,7,23,18,0,12.954,0.00833333333333333
2011,7,24,0,0,8.481,0.0283333333333333
2011,7,24,6,0,15.648,0.00166666666666667
2011,7,24,12,0,19.648,0
2011,7,24,18,0,13.611,0.00333333333333333
2011,7,25,0,0,9.685,0.01
2011,7,25,6,0.0254,13.917,0
2011,7,25,12,0.6096,14.065,0
2011,7,25,18,0,10.5,0.00166666666666667
2011,7,26,0,0,8.741,0.01
2011,7,26,6,0,11.704,0.00166666666666667
2011,7,26,12,0,14.389,0
2011,7,26,18,0,10.833,0.005
2011,7,27,0,0,8.898,0.01
2011,7,27,6,0,12.769,0.00166666666666667
2011,7,27,12,0,16.546,0
2011,7,27,18,0,11.426,0.005
2011,7,28,0,0,7.694,0.01
2011,7,28,6,0,13.769,0
2011,7,28,12,0,18.333,0
2011,7,28,18,0,13.093,0.00166666666666667
2011,7,29,0,0,10.296,0.01
2011,7,29,6,0,15.444,0
2011,7,29,12,0,19.176,0
2011,7,29,18,0,12.806,0.00333333333333333
2011,7,30,0,0,8.583,0.01
2011,7,30,6,0,13.944,0
2011,7,30,12,0,17.824,0
2011,7,30,18,0,12.231,0.00333333333333333
2011,7,31,0,0.3556,10.315,0.01
2011,7,31,6,0,13.833,0
2011,7,31,12,0,17.815,0
2011,7,31,18,0.0254,11.667,0.005
2011,8,1,0,0.2032,7.111,0.02
2011,8,1,6,0,13.426,0.00333333333333333
2011,8,1,12,0,19.037,0
2011,8,1,18,0,13.556,0.00333333333333333
2011,8,2,0,0,9.704,0.015
2011,8,2,6,0,17.056,0
2011,8,2,12,0,19.935,0
2011,8,2,18,0,13.028,0.00333333333333333
2011,8,3,0,0,8.769,0.01
2011,8,3,6,0,15.593,0
2011,8,3,12,0,20.676,0
2011,8,3,18,0,14.231,0.00166666666666667
2011,8,4,0,0,9.222,0.0116666666666667
2011,8,4,6,0,14.898,0
2011,8,4,12,0,19.213,0
2011,8,4,18,0,13.435,0
2011,8,5,0,0,9.546,0.00666666666666667
2011,8,5,6,0,14.833,0
2011,8,5,12,0,18.25,0
2011,8,5,18,0,13.796,0
2011,8,6,0,0,10.824,0.00166666666666667
2011,8,6,6,0,15.009,0
2011,8,6,12,0,18.361,0
2011,8,6,18,0,12.417,0
2011,8,7,0,0,9.231,0.00333333333333333
2011,8,7,6,0,13.741,0
2011,8,7,12,0,17.481,0
2011,8,7,18,0,11.972,0.00166666666666667
2011,8,8,0,0,9.102,0.01
2011,8,8,6,0,13.019,0
2011,8,8,12,0,16.176,0
2011,8,8,18,0,11.222,0.00333333333333333
2011,8,9,0,0,8.824,0.01
2011,8,9,6,0,11.5,0
2011,8,9,12,0,14.222,0
2011,8,9,18,0,10.778,0.00333333333333333
2011,8,10,0,0,9.13,0.01
2011,8,10,6,0,12.25,0.00333333333333333
2011,8,10,12,0,15.019,0
2011,8,10,18,0,11.083,0.00666666666666667
2011,8,11,0,0,8.796,0.01
2011,8,11,6,0,13.139,0.00166666666666667
2011,8,11,12,0,17.407,0
2011,8,11,18,0,11.287,0.005
2011,8,12,0,0,7.704,0.015
2011,8,12,6,0,12.713,0.00333333333333333
2011,8,12,12,0,17.176,0
2011,8,12,18,0,10.843,0.005
2011,8,13,0,0,8,0.0116666666666667
2011,8,13,6,0,11.861,0.00166666666666667
2011,8,13,12,0,15.963,0
2011,8,13,18,0,10.843,0.005
2011,8,14,0,0,9.065,0.01
2011,8,14,6,0,12.63,0.00166666666666667
2011,8,14,12,0,16.009,0
2011,8,14,18,0,11.037,0.00333333333333333
2011,8,15,0,0,8.481,0.01
2011,8,15,6,0,12.796,0
2011,8,15,12,0,17.954,0
2011,8,15,18,0,9.657,0.015
2011,8,16,0,0,5.926,0.0516666666666667
2011,8,16,6,0,12.417,0.00666666666666667
2011,8,16,12,0,18.778,0
2011,8,16,18,0,9.38,0.0183333333333333
2011,8,17,0,0,5.833,0.065
2011,8,17,6,0,13.037,0.005
2011,8,17,12,0,18.361,0
2011,8,17,18,0,9.639,0.01
2011,8,18,0,0,6.444,0.0283333333333333
2011,8,18,6,0,12.787,0.00333333333333333
2011,8,18,12,0,18.824,0
2011,8,18,18,0,10.231,0.0116666666666667
2011,8,19,0,0,6.741,0.0316666666666667
2011,8,19,6,0,14.546,0.005
2011,8,19,12,0,21.556,0
2011,8,19,18,0,10.769,0.0133333333333333
2011,8,20,0,0,7.824,0.0316666666666667
2011,8,20,6,0,17.139,0.00166666666666667
2011,8,20,12,0,23.324,0
2011,8,20,18,0,14.537,0.005
2011,8,21,0,0,10.657,0.0166666666666667
2011,8,21,6,0,18.139,0
2011,8,21,12,0,20.389,0
2011,8,21,18,0,13.769,0
2011,8,22,0,0,11.926,0
2011,8,22,6,4.6228,16.611,0
2011,8,22,12,13.7414,16.278,0
2011,8,22,18,0.7874,13.528,0
2011,8,23,0,1.6256,12.972,0
2011,8,23,6,0.2794,15.556,0
2011,8,23,12,0,20.676,0
2011,8,23,18,0,14.213,0
2011,8,24,0,0,10.398,0.00666666666666667
2011,8,24,6,0,17.25,0
2011,8,24,12,0,21.944,0
2011,8,24,18,0,12.824,0.00333333333333333
2011,8,25,0,0,10.176,0.00833333333333333
2011,8,25,6,0,17.046,0
2011,8,25,12,0,22.176,0
2011,8,25,18,0,13.398,0
2011,8,26,0,0,10.556,0.00166666666666667
2011,8,26,6,0,18.019,0
2011,8,26,12,0,22.102,0
2011,8,26,18,0,13.667,0
2011,8,27,0,0,9.926,0.01
2011,8,27,6,0,16.5,0
2011,8,27,12,0,21.62,0
2011,8,27,18,0,12.519,0.00333333333333333
2011,8,28,0,0,8.657,0.0116666666666667
2011,8,28,6,0,14.741,0.00166666666666667
2011,8,28,12,0,19.148,0
2011,8,28,18,0,11.454,0.005
2011,8,29,0,0,9.093,0.01
2011,8,29,6,0,13.519,0
2011,8,29,12,0,17.194,0
2011,8,29,18,0,11.13,0
2011,8,30,0,0,9.778,0.00333333333333333
2011,8,30,6,0,13.972,0
2011,8,30,12,0,15.963,0
2011,8,30,18,0,10.491,0.005
2011,8,31,0,0,9.287,0.00833333333333333
2011,8,31,6,0,11.389,0
2011,8,31,12,0,14.083,0
2011,8,31,18,0,8.796,0.00833333333333333
2011,9,1,0,0,6.481,0.0133333333333333
2011,9,1,6,0,11.685,0.00166666666666667
2011,9,1,12,0,15.13,0
2011,9,1,18,0,11.056,0
2011,9,2,0,0,7.25,0.0116666666666667
2011,9,2,6,0,12.343,0.00333333333333333
2011,9,2,12,0,17.898,0
2011,9,2,18,0,8.009,0.0266666666666667
2011,9,3,0,0,5.231,0.0716666666666667
2011,9,3,6,0,13.259,0.00666666666666667
2011,9,3,12,0,21.185,0
2011,9,3,18,0,11.148,0.0133333333333333
2011,9,4,0,0.0254,6.75,0.0716666666666667
2011,9,4,6,0,15.454,0.00166666666666667
2011,9,4,12,0,20.926,0
2011,9,4,18,0,10.417,0.0183333333333333
2011,9,5,0,0,6.806,0.0716666666666667
2011,9,5,6,0,16.343,0.00166666666666667
2011,9,5,12,0,21.315,0
2011,9,5,18,0,10.796,0.00833333333333333
2011,9,6,0,0,6.611,0.0283333333333333
2011,9,6,6,0,15.917,0.00166666666666667
2011,9,6,12,0,22.769,0
2011,9,6,18,0,11.833,0.01
2011,9,7,0,0,7.148,0.0516666666666667
2011,9,7,6,0,15.778,0.00166666666666667
2011,9,7,12,0,23.722,0
2011,9,7,18,0,11.685,0.0116666666666667
2011,9,8,0,0,8.056,0.0516666666666667
2011,9,8,6,0,16.954,0.00166666666666667
2011,9,8,12,0,22.889,0
2011,9,8,18,0,12.028,0.00833333333333333
2011,9,9,0,0,8.111,0.0333333333333333
2011,9,9,6,0,15.722,0.00166666666666667
2011,9,9,12,0,22.259,0
2011,9,9,18,0,11.731,0.005
2011,9,10,0,0,8.463,0.0183333333333333
2011,9,10,6,0,16.167,0.00166666666666667
2011,9,10,12,0,23.287,0
2011,9,10,18,0,12.574,0.01
2011,9,11,0,0,8.917,0.0383333333333333
2011,9,11,6,0,15.917,0.00166666666666667
2011,9,11,12,0,20.759,0
2011,9,11,18,0,12.278,0.00333333333333333
2011,9,12,0,0,9.167,0.015
2011,9,12,6,0,13.648,0
2011,9,12,12,0,17.176,0
2011,9,12,18,0,11.148,0
2011,9,13,0,0,9.139,0.00166666666666667
2011,9,13,6,0,12.787,0
2011,9,13,12,0,16.083,0
2011,9,13,18,0,11.537,0
2011,9,14,0,0,9.481,0.00333333333333333
2011,9,14,6,0,12.167,0
2011,9,14,12,0,13.963,0
2011,9,14,18,0,10.352,0.00166666666666667
2011,9,15,0,0,9.333,0.01
2011,9,15,6,0.0508,10.796,0
2011,9,15,12,0.0508,11.111,0.00166666666666667
2011,9,15,18,0,7.62,0.015
2011,9,16,0,0,5.787,0.025
2011,9,16,6,0,8.759,0.01
2011,9,16,12,0,11.583,0.00166666666666667
2011,9,16,18,0.0254,6.722,0.0233333333333333
2011,9,17,0,0.0762,6.259,0.0316666666666667
2011,9,17,6,0.0254,9.546,0.01
2011,9,17,12,0,11.361,0.005
2011,9,17,18,0.127,7.824,0.02
2011,9,18,0,0.0762,8.611,0.0116666666666667
2011,9,18,6,0.5588,10.63,0.005
2011,9,18,12,0.3302,12.481,0
2011,9,18,18,0.2794,9.954,0.00666666666666667
2011,9,19,0,0.0508,8.426,0.01
2011,9,19,6,0,10.815,0.005
2011,9,19,12,0,15.083,0
2011,9,19,18,0,7.787,0.0183333333333333
2011,9,20,0,0,5.787,0.0383333333333333
2011,9,20,6,0,11.583,0.00833333333333333
2011,9,20,12,0,17.074,0
2011,9,20,18,0,8.833,0.0266666666666667
2011,9,21,0,0,8,0.0333333333333333
2011,9,21,6,0,12.648,0.00666666666666667
2011,9,21,12,0,15.537,0
2011,9,21,18,0.4826,11.454,0
2011,9,22,0,4.445,11.25,0
2011,9,22,6,24.9174,13.963,0
2011,9,22,12,5.9182,16.241,0
2011,9,22,18,0.635,13.157,0
2011,9,23,0,0.127,13.083,0
2011,9,23,6,0,14.769,0
2011,9,23,12,0,17.444,0
2011,9,23,18,0,13.611,0
2011,9,24,0,0,11.213,0
2011,9,24,6,0,12.444,0
2011,9,24,12,0,16.194,0
2011,9,24,18,0,13.074,0
2011,9,25,0,0.7366,11.065,0
2011,9,25,6,3.9878,10.537,0
2011,9,25,12,8.128,10.667,0
2011,9,25,18,0.8128,8.241,0.0116666666666667
2011,9,26,0,0.1016,7.25,0.0166666666666667
2011,9,26,6,14.351,9.231,0.01
2011,9,26,12,16.5354,11.074,0
2011,9,26,18,24.1046,10.361,0.00333333333333333
2011,9,27,0,11.5316,8.852,0.01
2011,9,27,6,5.4356,8.972,0.01
2011,9,27,12,4.1656,11.028,0.01
2011,9,27,18,2.159,7.917,0.025
2011,9,28,0,0.1778,4.731,0.0566666666666667
2011,9,28,6,0,7.648,0.0283333333333333
2011,9,28,12,0,13.398,0.00166666666666667
2011,9,28,18,0,6.815,0.0683333333333333
2011,9,29,0,0.0254,6.204,0.0816666666666667
2011,9,29,6,0,9.37,0.03
2011,9,29,12,0,13.065,0
2011,9,29,18,0,9.296,0.0116666666666667
2011,9,30,0,0,7.019,0.0383333333333333
2011,9,30,6,0,8.833,0.025
2011,9,30,12,0,10.833,0
2011,9,30,18,0,7.917,0.00833333333333333
2011,10,1,0,0.254,7.843,0.01
2011,10,1,6,0.8636,10.065,0
2011,10,1,12,1.6002,10.222,0.00166666666666667
2011,10,1,18,1.1938,6.926,0.0266666666666667
2011,10,2,0,0.6096,5.204,0.0666666666666667
2011,10,2,6,0,7.944,0.0216666666666667
2011,10,2,12,0.8128,11.315,0
2011,10,2,18,2.7178,8.685,0.01
2011,10,3,0,2.1336,8.25,0.01
2011,10,3,6,1.2446,9.731,0.00833333333333333
2011,10,3,12,0.6858,10.139,0.01
2011,10,3,18,0.4826,6.889,0.02
2011,10,4,0,0.0254,6.806,0.02
2011,10,4,6,0,7.278,0.0166666666666667
2011,10,4,12,0,10.148,0.01
2011,10,4,18,0,7.954,0.0166666666666667
2011,10,5,0,1.1684,7.694,0.015
2011,10,5,6,12.5222,8.231,0.01
2011,10,5,12,5.6134,8.444,0.0116666666666667
2011,10,5,18,0.381,6.241,0.0283333333333333
2011,10,6,0,0.7366,5.704,0.035
2011,10,6,6,0.127,6.889,0.0216666666666667
2011,10,6,12,0,8.88,0.00833333333333333
2011,10,6,18,0.8128,5.769,0.0333333333333333
2011,10,7,0,1.9304,6.046,0.0233333333333333
2011,10,7,6,0.127,8.259,0.0133333333333333
2011,10,7,12,0,9.694,0.0116666666666667
2011,10,7,18,0.1524,4.537,0.055
2011,10,8,0,0.2032,3.287,0.0766666666666667
2011,10,8,6,0.0508,6.491,0.03
2011,10,8,12,0,10.889,0.00166666666666667
2011,10,8,18,1.4224,7.907,0.01
2011,10,9,0,2.5146,6.5,0.02
2011,10,9,6,1.1684,7.028,0.0216666666666667
2011,10,9,12,0.0508,9.315,0.0116666666666667
2011,10,9,18,0.6096,5.519,0.045
2011,10,10,0,0.1524,6.796,0.0233333333333333
2011,10,10,6,3.9878,7.574,0.0166666666666667
2011,10,10,12,7.6962,8.648,0.01
2011,10,10,18,10.4648,7.278,0.02
2011,10,11,0,14.9352,7.185,0.02
2011,10,11,6,12.5984,7.759,0.015
2011,10,11,12,8.7376,8.407,0.01
2011,10,11,18,8.509,6.806,0.0233333333333333
2011,10,12,0,7.5946,5.204,0.0366666666666667
2011,10,12,6,2.5908,7.093,0.0233333333333333
2011,10,12,12,1.3716,7.991,0.0216666666666667
2011,10,12,18,0.254,3.963,0.07
2011,10,13,0,0.0762,2.046,0.166666666666667
2011,10,13,6,0,4.796,0.065
2011,10,13,12,0.0254,8.907,0.015
2011,10,13,18,0.0762,2.75,0.296666666666667
2011,10,14,0,0,1.769,0.55
2011,10,14,6,0,4.361,0.291666666666667
2011,10,14,12,0,8.861,0.0233333333333333
2011,10,14,18,0,1.306,0.686666666666667
2011,10,15,0,0.0254,-1.065,1
2011,10,15,6,0,3.157,0.44
2011,10,15,12,0,8.889,0.0183333333333333
2011,10,15,18,0,-0.426,0.886666666666667
2011,10,16,0,0,-1.991,1
2011,10,16,6,0,4.528,0.355
2011,10,16,12,0,9.13,0.0183333333333333
2011,10,16,18,0,0.398,0.77
2011,10,17,0,0,1.685,0.278333333333333
2011,10,17,6,0,5.648,0.08
2011,10,17,12,0,11.204,0.01
2011,10,17,18,0,3.157,0.251666666666667
2011,10,18,0,0,2.074,0.385
2011,10,18,6,0,5.731,0.176666666666667
2011,10,18,12,0,11.898,0.00333333333333333
2011,10,18,18,0,4.231,0.218333333333333
2011,10,19,0,0,2.722,0.351666666666667
2011,10,19,6,0,6,0.11
2011,10,19,12,0.6604,10.324,0.00333333333333333
2011,10,19,18,1.397,6.972,0.015
2011,10,20,0,2.7178,5.981,0.02
2011,10,20,6,2.667,6.926,0.015
2011,10,20,12,1.6256,8.648,0.0116666666666667
2011,10,20,18,0,5.333,0.05
2011,10,21,0,0.3048,5.815,0.035
2011,10,21,6,9.0932,7.935,0.0116666666666667
2011,10,21,12,6.9342,8.324,0.01
2011,10,21,18,1.397,5.898,0.0316666666666667
2011,10,22,0,3.2004,5.639,0.0316666666666667
2011,10,22,6,11.7348,7.343,0.015
2011,10,22,12,12.192,8.463,0.0133333333333333
2011,10,22,18,5.6388,5.981,0.0283333333333333
2011,10,23,0,0.3048,3.769,0.07
2011,10,23,6,0,4.389,0.108333333333333
2011,10,23,12,0,8.12,0.0183333333333333
2011,10,23,18,0,2.676,0.135
2011,10,24,0,0.0254,2.093,0.155
2011,10,24,6,0,4.583,0.133333333333333
2011,10,24,12,0,7.454,0.0233333333333333
2011,10,24,18,0,3.472,0.0833333333333333
2011,10,25,0,0,0.204,0.601666666666667
2011,10,25,6,0,1.787,0.428333333333333
2011,10,25,12,0,5.167,0.0783333333333333
2011,10,25,18,0,-0.62,0.938333333333333
2011,10,26,0,0,-0.046,0.985
2011,10,26,6,0.0762,3.75,0.44
2011,10,26,12,0.0254,3.204,0.178333333333333
2011,10,26,18,0,1.981,0.18
2011,10,27,0,0,0.528,0.441666666666667
2011,10,27,6,0,1.491,0.456666666666667
2011,10,27,12,0,5.259,0.07
2011,10,27,18,0,3.056,0.428333333333333
2011,10,28,0,0.2794,4.139,0.343333333333333
2011,10,28,6,2.0574,5.704,0.326666666666667
2011,10,28,12,22.9108,6.204,0.0333333333333333
2011,10,28,18,5.4864,3.472,0.085
2011,10,29,0,1.2446,1.583,0.226666666666667
2011,10,29,6,0,2.426,0.263333333333333
2011,10,29,12,0,6.509,0.0233333333333333
2011,10,29,18,0,2.583,0.193333333333333
2011,10,30,0,1.5494,3.778,0.12
2011,10,30,6,9.9822,5.546,0.0383333333333333
2011,10,30,12,8.2042,6.463,0.025
2011,10,30,18,0.4064,3.528,0.09
2011,10,31,0,0.7874,1.657,0.263333333333333
2011,10,31,6,1.016,2.546,0.216666666666667
2011,10,31,12,0.6096,5.083,0.055
2011,10,31,18,0.127,2.602,0.118333333333333
2011,11,1,0,0,-1.222,0.933333333333333
2011,11,1,6,0,0.787,0.581666666666667
2011,11,1,12,0,4.269,0.108333333333333
2011,11,1,18,0,-0.333,0.893333333333333
2011,11,2,0,0,0.435,0.996666666666667
2011,11,2,6,0.127,3.315,0.695
2011,11,2,12,1.1176,5.315,0.161666666666667
2011,11,2,18,13.2588,1.167,0.338333333333333
2011,11,3,0,7.4676,-0.093,0.725
2011,11,3,6,4.2418,0.917,0.451666666666667
2011,11,3,12,0.1524,2.269,0.221666666666667
2011,11,3,18,0,-1.231,0.906666666666667
2011,11,4,0,0,-2.222,1
2011,11,4,6,0,-0.287,0.648333333333333
2011,11,4,12,0.0762,3.083,0.153333333333333
2011,11,4,18,0,-2.667,0.998333333333333
2011,11,5,0,0,-3.389,1
2011,11,5,6,0,-1.083,0.72
2011,11,5,12,0,2.778,0.226666666666667
2011,11,5,18,0,-3.37,1
2011,11,6,0,0,-4.065,1
2011,11,6,6,0,-1.648,0.756666666666667
2011,11,6,12,0,2.065,0.285
2011,11,6,18,0,-3.194,1
2011,11,7,0,0.0508,-2.278,0.988333333333333
2011,11,7,6,1.3716,1.231,0.39
2011,11,7,12,5.0038,3.056,0.111666666666667
2011,11,7,18,4.318,2.074,0.161666666666667
2011,11,8,0,4.1656,1.019,0.288333333333333
2011,11,8,6,0.2794,2.759,0.133333333333333
2011,11,8,12,0,4.694,0.075
2011,11,8,18,0,1.954,0.246666666666667
2011,11,9,0,0.2032,3.241,0.113333333333333
2011,11,9,6,0,4.704,0.0666666666666667
2011,11,9,12,0,6.296,0.05
2011,11,9,18,0,4.963,0.0583333333333333
2011,11,10,0,0,2.63,0.168333333333333
2011,11,10,6,0,4.102,0.0916666666666667
2011,11,10,12,0,5.398,0.065
2011,11,10,18,0,0.454,0.84
2011,11,11,0,0.127,-0.019,0.888333333333333
2011,11,11,6,23.7744,3.074,0.111666666666667
2011,11,11,12,18.6182,2.056,0.201666666666667
2011,11,11,18,3.0988,-0.963,0.946666666666667
2011,11,12,0,0.4064,-2.269,0.998333333333333
2011,11,12,6,1.3208,-0.676,0.741666666666667
2011,11,12,12,4.9276,1.63,0.215
2011,11,12,18,5.461,2.046,0.176666666666667
2011,11,13,0,2.4638,2.083,0.168333333333333
2011,11,13,6,0.5334,0.287,0.501666666666667
2011,11,13,12,0.9906,1.333,0.243333333333333
2011,11,13,18,1.0414,1.278,0.245
2011,11,14,0,0.6858,1.157,0.25
2011,11,14,6,0.8128,0.75,0.356666666666667
2011,11,14,12,0.7874,1.083,0.401666666666667
2011,11,14,18,0.3556,-0.472,0.898333333333333
2011,11,15,0,0.6096,-0.981,0.945
2011,11,15,6,0,-1.204,0.811666666666667
2011,11,15,12,0,0.139,0.65
2011,11,15,18,0,-4.398,1
2011,11,16,0,0,-4.713,1
2011,11,16,6,0.381,-0.491,0.883333333333333
2011,11,16,12,9.6012,2.611,0.19
2011,11,16,18,14.4526,2.38,0.148333333333333
2011,11,17,0,11.1252,-0.907,0.755
2011,11,17,6,2.5908,-3.028,1
2011,11,17,12,2.3876,-1.472,0.99
2011,11,17,18,2.5654,-2.38,1
2011,11,18,0,4.699,-3.37,1
2011,11,18,6,6.1214,-2.935,1
2011,11,18,12,1.9304,-2.222,0.998333333333333
2011,11,18,18,0.5842,-4.167,1
2011,11,19,0,0,-5.269,1
2011,11,19,6,0,-5.417,1
2011,11,19,12,0,-3.519,1
2011,11,19,18,0,-4.648,1
2011,11,20,0,0,-7.389,1
2011,11,20,6,0,-5.185,0.996666666666667
2011,11,20,12,0,-1.306,0.911666666666667
2011,11,20,18,0,-3.444,0.998333333333333
2011,11,21,0,0.254,-2.009,0.968333333333333
2011,11,21,6,2.7178,-0.065,0.633333333333333
2011,11,21,12,1.651,0.241,0.513333333333333
2011,11,21,18,2.54,1.065,0.35
2011,11,22,0,6.1722,2.019,0.208333333333333
2011,11,22,6,20.5232,0.417,0.463333333333333
2011,11,22,12,7.9502,-0.278,0.631666666666667
2011,11,22,18,21.3614,0.769,0.343333333333333
2011,11,23,0,38.3286,1.722,0.196666666666667
2011,11,23,6,26.67,1.38,0.235
2011,11,23,12,4.3942,-0.213,0.68
2011,11,23,18,2.4892,-2.259,0.996666666666667
2011,11,24,0,1.905,-2.083,0.993333333333334
2011,11,24,6,0.4318,-0.843,0.851666666666667
2011,11,24,12,5.5372,1.981,0.216666666666667
2011,11,24,18,5.3594,0.583,0.475
2011,11,25,0,1.9304,-1.509,0.983333333333333
2011,11,25,6,0,-1.407,0.943333333333333
2011,11,25,12,0,-0.481,0.806666666666667
2011,11,25,18,0,-1.611,0.986666666666667
2011,11,26,0,0.4064,-0.667,0.926666666666667
2011,11,26,6,1.6256,1.62,0.333333333333333
2011,11,26,12,3.3782,3.278,0.115
2011,11,26,18,16.1036,4.352,0.0766666666666667
2011,11,27,0,21.1328,4.843,0.065
2011,11,27,6,29.2608,4.296,0.0733333333333333
2011,11,27,12,12.8778,2.917,0.146666666666667
2011,11,27,18,1.4986,-0.389,0.705
2011,11,28,0,0.7366,-2.009,0.996666666666667
2011,11,28,6,0,-0.981,0.8
2011,11,28,12,0,0.565,0.586666666666667
2011,11,28,18,0,-2.565,1
2011,11,29,0,0,-1.093,0.976666666666667
2011,11,29,6,0.1016,0.157,0.715
2011,11,29,12,2.2098,0.907,0.456666666666667
2011,11,29,18,2.8956,-0.463,0.855
2011,11,30,0,0.127,-1.278,0.925
2011,11,30,6,0.0508,-0.741,0.813333333333333
2011,11,30,12,0.0508,-0.352,0.861666666666667
2011,11,30,18,0,-3.519,1
2011,12,1,0,0,-3.065,1
2011,12,1,6,0,-0.324,0.988333333333333
2011,12,1,12,0,1.102,0.828333333333333
2011,12,1,18,0,-1.019,0.996666666666667
2011,12,2,0,0,-2.25,0.993333333333333
2011,12,2,6,0,-1.537,0.905
2011,12,2,12,0,0.417,0.711666666666667
2011,12,2,18,0,-2.806,1
2011,12,3,0,0,-3.065,1
2011,12,3,6,0,-1.583,0.921666666666667
2011,12,3,12,0,-0.028,0.663333333333333
2011,12,3,18,0,-3.63,1
2011,12,4,0,0,-1.926,1
2011,12,4,6,0,-0.787,0.995
2011,12,4,12,0,-1.25,0.92
2011,12,4,18,0,-4.361,1
2011,12,5,0,0,-4.991,1
2011,12,5,6,0,-3.722,1
2011,12,5,12,0,-1.167,1
2011,12,5,18,0,-3.685,1
2011,12,6,0,0,-4.083,1
2011,12,6,6,0,-3.713,1
2011,12,6,12,0,-1.25,0.97
2011,12,6,18,0.0254,-3.648,1
2011,12,7,0,0.0508,-3.593,1
2011,12,7,6,0.0762,-3.009,0.996666666666667
2011,12,7,12,0,-1.556,0.935
2011,12,7,18,0,-5.12,1
2011,12,8,0,0,-6.019,1
2011,12,8,6,0,-4.028,1
2011,12,8,12,0,-1.75,0.998333333333333
2011,12,8,18,0,-3.88,1
2011,12,9,0,0,-3.639,1
2011,12,9,6,0,-1.981,1
2011,12,9,12,0,-0.019,0.995
2011,12,9,18,0,-2.056,1
2011,12,10,0,0,-4.352,1
2011,12,10,6,0,-4.306,1
2011,12,10,12,0,-3.111,1
2011,12,10,18,0,-5.065,1
2011,12,11,0,0,-3.491,1
2011,12,11,6,0,-2.25,0.996666666666667
2011,12,11,12,0,-0.759,0.978333333333333
2011,12,11,18,0,-3.5,1
2011,12,12,0,0,-5.176,1
2011,12,12,6,0,-5.25,1
2011,12,12,12,0,-2.88,0.998333333333333
2011,12,12,18,0,-4.796,1
2011,12,13,0,0,-3.565,1
2011,12,13,6,0,-2.528,1
2011,12,13,12,0,-1.389,1
2011,12,13,18,0,-3.694,1
2011,12,14,0,0,-3.852,1
2011,12,14,6,0,-2.38,0.995
2011,12,14,12,0.0254,-0.213,0.773333333333333
2011,12,14,18,0.0254,-2.722,1
2011,12,15,0,0.2286,-2.528,1
2011,12,15,6,1.016,-1.185,0.888333333333333
2011,12,15,12,0,1.028,0.295
2011,12,15,18,0.1524,-0.389,0.706666666666667
2011,12,16,0,1.9558,0.704,0.351666666666667
2011,12,16,6,0.381,1.306,0.243333333333333
2011,12,16,12,0,2.843,0.0983333333333333
2011,12,16,18,0,2.074,0.14
2011,12,17,0,0,0.861,0.283333333333333
2011,12,17,6,0.4064,1.602,0.248333333333333
2011,12,17,12,0.0508,3.833,0.108333333333333
2011,12,17,18,2.5654,2.62,0.383333333333333
2011,12,18,0,8.9154,3.778,0.085
2011,12,18,6,4.3688,2.981,0.09
2011,12,18,12,0.762,3.37,0.115
2011,12,18,18,0,-0.157,0.631666666666667
2011,12,19,0,0.2032,0.463,0.468333333333333
2011,12,19,6,0,1.259,0.331666666666667
2011,12,19,12,0,3.241,0.0983333333333333
2011,12,19,18,0.254,1.62,0.186666666666667
2011,12,20,0,0.254,2.565,0.101666666666667
2011,12,20,6,0.8382,2.787,0.0916666666666667
2011,12,20,12,0.9906,2.074,0.143333333333333
2011,12,20,18,1.0668,-1.074,0.898333333333333
2011,12,21,0,0.6604,-3.037,1
2011,12,21,6,0,-1.963,0.991666666666667
2011,12,21,12,0,-0.954,0.94
2011,12,21,18,0,-4.417,1
2011,12,22,0,0,-5.259,1
2011,12,22,6,0,-3.185,1
2011,12,22,12,0,0.278,0.983333333333333
2011,12,22,18,0,-2.602,1
2011,12,23,0,0,-2.602,1
2011,12,23,6,0.0508,-1.546,0.913333333333333
2011,12,23,12,0,-1.102,0.923333333333333
2011,12,23,18,0,-1.009,0.855
2011,12,24,0,1.2954,1.954,0.216666666666667
2011,12,24,6,11.049,3.519,0.0933333333333333
2011,12,24,12,3.5814,3.611,0.121666666666667
2011,12,24,18,0,1.574,0.45
2011,12,25,0,0.0762,3.611,0.191666666666667
2011,12,25,6,1.8542,4.074,0.148333333333333
2011,12,25,12,4.826,1.62,0.24
2011,12,25,18,0.8382,-1.056,0.96
2011,12,26,0,0.1524,-0.907,0.953333333333333
2011,12,26,6,0.0762,-0.148,0.706666666666667
2011,12,26,12,0.7112,1.398,0.315
2011,12,26,18,3.6068,-0.204,0.783333333333333
2011,12,27,0,3.5052,0.778,0.393333333333333
2011,12,27,6,3.3274,1.954,0.188333333333333
2011,12,27,12,5.5118,3.185,0.118333333333333
2011,12,27,18,22.5298,4.361,0.085
2011,12,28,0,11.7094,4.62,0.0766666666666667
2011,12,28,6,9.5504,3.75,0.0833333333333333
2011,12,28,12,12.8524,5.074,0.07
2011,12,28,18,12.7,4.639,0.0716666666666667
2011,12,29,0,4.1148,2.065,0.168333333333333
2011,12,29,6,0.5334,1.222,0.23
2011,12,29,12,1.1938,3.037,0.108333333333333
2011,12,29,18,6.7564,3.231,0.0966666666666667
2011,12,30,0,6.6548,4.12,0.0583333333333333
2011,12,30,6,5.2832,1.806,0.136666666666667
2011,12,30,12,4.572,1.148,0.286666666666667
2011,12,30,18,2.1082,-0.546,0.926666666666667
2011,12,31,0,1.2446,-1.056,0.991666666666667
2011,12,31,6,0,-0.833,0.915
2011,12,31,12,0,-0.417,0.851666666666667
2011,12,31,18,0,-2.287,1
2012,1,1,0,0,-1.12,0.978333333333333
2012,1,1,6,0,0.833,0.616666666666667
2012,1,1,12,0,3.5,0.145
2012,1,1,18,0,2.602,0.575
2012,1,2,0,0,3.093,0.363333333333333
2012,1,2,6,0,3.12,0.531666666666667
2012,1,2,12,4.1402,4.278,0.18
2012,1,2,18,14.8082,2.278,0.206666666666667
2012,1,3,0,2.1336,1.556,0.263333333333333
2012,1,3,6,0.8128,1.926,0.271666666666667
2012,1,3,12,11.7094,3.981,0.106666666666667
2012,1,3,18,10.5664,3.806,0.11
2012,1,4,0,1.4478,5.787,0.0583333333333333
2012,1,4,6,34.544,5.694,0.05
2012,1,4,12,23.749,5.296,0.05
2012,1,4,18,18.9992,4.454,0.0633333333333333
2012,1,5,0,10.9982,2.722,0.11
2012,1,5,6,3.6068,1.38,0.248333333333333
2012,1,5,12,4.5212,1.435,0.258333333333333
2012,1,5,18,1.0922,-0.315,0.773333333333333
2012,1,6,0,0.4064,-2.093,1
2012,1,6,6,0,-2.028,0.996666666666667
2012,1,6,12,0,0.037,0.77
2012,1,6,18,0,-1.657,1
2012,1,7,0,0,-1.796,1
2012,1,7,6,0.0508,-2.528,0.963333333333333
2012,1,7,12,0.127,0.222,0.668333333333333
2012,1,7,18,0,0.333,0.548333333333333
2012,1,8,0,0.2794,0.954,0.351666666666667
2012,1,8,6,1.4986,1.676,0.233333333333333
2012,1,8,12,0.7112,2.806,0.143333333333333
2012,1,8,18,0.508,2.056,0.178333333333333
2012,1,9,0,1.397,3.102,0.11
2012,1,9,6,1.27,2.991,0.103333333333333
2012,1,9,12,1.4986,2.87,0.103333333333333
2012,1,9,18,3.175,1.426,0.188333333333333
2012,1,10,0,0.4064,0.019,0.606666666666667
2012,1,10,6,0,-0.861,0.891666666666667
2012,1,10,12,0,-0.102,0.823333333333333
2012,1,10,18,0,-4.269,1
2012,1,11,0,0,-4.565,1
2012,1,11,6,0,-2.333,1
2012,1,11,12,0,0.204,0.963333333333333
2012,1,11,18,0,-4.333,1
2012,1,12,0,0,-5.231,1
2012,1,12,6,0,-2.722,1
2012,1,12,12,0,-0.37,1
2012,1,12,18,0,-4.796,1
2012,1,13,0,0,-6.389,1
2012,1,13,6,0,-5.009,1
2012,1,13,12,0,-0.824,1
2012,1,13,18,3.4798,-1.778,1
2012,1,14,0,12.954,-2.787,1
2012,1,14,6,7.6454,-3.454,1
2012,1,14,12,4.445,-3.75,1
2012,1,14,18,2.3876,-4.806,1
2012,1,15,0,2.667,-4.306,1
2012,1,15,6,0.2794,-4.991,1
2012,1,15,12,0,-2.843,1
2012,1,15,18,0,-8.741,1
2012,1,16,0,0.3302,-11.306,1
2012,1,16,6,1.9812,-8.741,1
2012,1,16,12,2.3368,-5.333,1
2012,1,16,18,3.6322,-6.315,1
2012,1,17,0,5.3594,-6.565,1
2012,1,17,6,7.112,-7.704,1
2012,1,17,12,2.1844,-8.769,1
2012,1,17,18,1.6256,-12.287,1
2012,1,18,0,1.7018,-15.315,1
2012,1,18,6,13.97,-12.815,1
2012,1,18,12,4.4958,-9.556,1
2012,1,18,18,1.8288,-11.62,1
2012,1,19,0,0.3302,-11.907,1
2012,1,19,6,0,-9.5,1
2012,1,19,12,0.2032,-6.204,1
2012,1,19,18,0.762,-7.537,1
2012,1,20,0,2.6924,-6.704,1
2012,1,20,6,4.0386,-4.481,1
2012,1,20,12,9.2456,-1.685,0.953333333333333
2012,1,20,18,17.4244,-1.046,0.871666666666667
2012,1,21,0,20.6756,-0.222,0.701666666666667
2012,1,21,6,18.2118,-0.463,0.735
2012,1,21,12,7.6454,-1.63,0.94
2012,1,21,18,4.2164,-3.056,0.99
2012,1,22,0,1.4224,-2.944,0.993333333333333
2012,1,22,6,2.8956,-0.38,0.753333333333333
2012,1,22,12,5.8928,2.343,0.215
2012,1,22,18,5.715,0.361,0.603333333333333
2012,1,23,0,2.1336,-1.778,0.965
2012,1,23,6,0.0254,-1.222,0.82
2012,1,23,12,0.0508,3.407,0.12
2012,1,23,18,0,-1.037,0.856666666666667
2012,1,24,0,0.5842,-1.204,0.99
2012,1,24,6,7.9502,-0.472,0.755
2012,1,24,12,9.398,3.676,0.0933333333333333
2012,1,24,18,10.414,4.926,0.0533333333333333
2012,1,25,0,5.7912,1.907,0.311666666666667
2012,1,25,6,3.302,-1.259,0.961666666666667
2012,1,25,12,4.1148,0.389,0.56
2012,1,25,18,4.6228,0.731,0.338333333333333
2012,1,26,0,4.8768,2.852,0.0983333333333333
2012,1,26,6,1.9812,0.731,0.49
2012,1,26,12,1.2446,0.12,0.75
2012,1,26,18,0,-1.148,0.973333333333333
2012,1,27,0,0,-3.556,1
2012,1,27,6,0,-2.648,0.956666666666667
2012,1,27,12,0,0.417,0.651666666666667
2012,1,27,18,0,-4.269,1
2012,1,28,0,0,-2.898,1
2012,1,28,6,1.905,-1.13,0.946666666666667
2012,1,28,12,1.4224,1.667,0.325
2012,1,28,18,4.826,2.722,0.12
2012,1,29,0,11.176,2.778,0.108333333333333
2012,1,29,6,10.1092,2.343,0.125
2012,1,29,12,28.9814,2.667,0.111666666666667
2012,1,29,18,7.2644,2.889,0.1
2012,1,30,0,0.9652,2.981,0.0933333333333333
2012,1,30,6,0.4572,2.009,0.151666666666667
2012,1,30,12,0.5842,2.583,0.121666666666667
2012,1,30,18,0.5842,0.917,0.39
2012,1,31,0,3.0988,1.343,0.253333333333333
2012,1,31,6,4.953,1.694,0.186666666666667
2012,1,31,12,2.1082,2.657,0.133333333333333
2012,1,31,18,8.6868,2.843,0.141666666666667
2012,2,1,0,18.4404,2.87,0.113333333333333
2012,2,1,6,14.9352,1.63,0.201666666666667
2012,2,1,12,1.6256,0.444,0.456666666666667
2012,2,1,18,0.1016,-4.519,0.993333333333333
2012,2,2,0,0.0254,-3.12,0.985
2012,2,2,6,0,-0.12,0.676666666666667
2012,2,2,12,0,1.843,0.265
2012,2,2,18,0,2.37,0.258333333333333
2012,2,3,0,0,2.38,0.305
2012,2,3,6,0,1.972,0.485
2012,2,3,12,0,3.194,0.285
2012,2,3,18,0,-0.093,0.888333333333333
2012,2,4,0,0,-1.583,1
2012,2,4,6,0,0.481,0.68
2012,2,4,12,0,4.102,0.153333333333333
2012,2,4,18,0,-0.954,0.955
2012,2,5,0,0,-3.148,1
2012,2,5,6,0,1.083,0.566666666666667
2012,2,5,12,0,6.62,0.0666666666666667
2012,2,5,18,0,-1.472,0.915
2012,2,6,0,0,-1.981,1
2012,2,6,6,0,1.602,0.58
2012,2,6,12,0,6.62,0.08
2012,2,6,18,0,2.704,0.446666666666667
2012,2,7,0,0,-0.685,0.986666666666667
2012,2,7,6,0,2.25,0.535
2012,2,7,12,0,3.759,0.216666666666667
2012,2,7,18,0,-1.111,0.991666666666667
2012,2,8,0,0,0.176,0.783333333333333
2012,2,8,6,0.0762,1.657,0.366666666666667
2012,2,8,12,0.3048,2.713,0.17
2012,2,8,18,0.0762,0.954,0.335
2012,2,9,0,0,-1.13,0.886666666666667
2012,2,9,6,0.8128,1.741,0.338333333333333
2012,2,9,12,3.3528,3.593,0.121666666666667
2012,2,9,18,1.0922,3.046,0.126666666666667
2012,2,10,0,0.7874,2.472,0.175
2012,2,10,6,1.9812,2.463,0.21
2012,2,10,12,0.7112,4.287,0.101666666666667
2012,2,10,18,0.1524,3.343,0.111666666666667
2012,2,11,0,1.0668,3.028,0.116666666666667
2012,2,11,6,2.8448,2.722,0.128333333333333
2012,2,11,12,0.762,3.176,0.103333333333333
2012,2,11,18,0.8128,2.167,0.143333333333333
2012,2,12,0,2.2352,1.278,0.211666666666667
2012,2,12,6,0.0254,1.111,0.316666666666667
2012,2,12,12,0.8382,3.694,0.0933333333333333
2012,2,12,18,2.1082,0.889,0.323333333333333
2012,2,13,0,2.2352,1.185,0.238333333333333
2012,2,13,6,0,2.852,0.103333333333333
2012,2,13,12,0,3.676,0.1
2012,2,13,18,0,-0.528,0.813333333333333
2012,2,14,0,0.254,-0.741,0.858333333333333
2012,2,14,6,0.3302,1.741,0.216666666666667
2012,2,14,12,0,2.963,0.123333333333333
2012,2,14,18,0,-1.574,0.953333333333333
2012,2,15,0,0,-3.019,1
2012,2,15,6,0,-1.176,0.768333333333333
2012,2,15,12,0,1.343,0.303333333333333
2012,2,15,18,0,-2.204,0.993333333333333
2012,2,16,0,0.4826,-2.25,0.998333333333333
2012,2,16,6,2.667,0.815,0.426666666666667
2012,2,16,12,2.5654,1.657,0.235
2012,2,16,18,0.5334,-1,0.858333333333333
2012,2,17,0,0,-0.972,0.878333333333333
2012,2,17,6,0,0.435,0.578333333333333
2012,2,17,12,5.2578,2.185,0.238333333333333
2012,2,17,18,12.1158,0.444,0.506666666666667
2012,2,18,0,7.0104,-1.333,0.983333333333333
2012,2,18,6,5.6896,-0.685,0.8
2012,2,18,12,7.8994,0.481,0.45
2012,2,18,18,1.778,-0.722,0.785
2012,2,19,0,5.6388,-1.472,0.981666666666667
2012,2,19,6,1.6764,-1.565,0.938333333333333
2012,2,19,12,3.9116,0.472,0.581666666666667
2012,2,19,18,0.508,-1.944,0.98
2012,2,20,0,0.9906,-3.167,1
2012,2,20,6,0.4318,-0.361,0.716666666666667
2012,2,20,12,0.5334,1.278,0.326666666666667
2012,2,20,18,2.6924,0.204,0.491666666666667
2012,2,21,0,6.2484,0.889,0.308333333333333
2012,2,21,6,20.574,1.296,0.263333333333333
2012,2,21,12,24.1046,2.787,0.141666666666667
2012,2,21,18,18.288,2.463,0.148333333333333
2012,2,22,0,22.479,2.935,0.12
2012,2,22,6,2.0828,1.704,0.238333333333333
2012,2,22,12,2.3368,0.759,0.4
2012,2,22,18,1.7526,0.139,0.531666666666667
2012,2,23,0,1.9558,0.204,0.481666666666667
2012,2,23,6,0.3302,0.333,0.495
2012,2,23,12,0.0254,0.713,0.466666666666667
2012,2,23,18,0.0254,-2.352,0.99
2012,2,24,0,0.635,-2.028,0.991666666666667
2012,2,24,6,7.3406,-0.176,0.683333333333333
2012,2,24,12,22.0218,0.889,0.41
2012,2,24,18,13.7668,-0.639,0.858333333333333
2012,2,25,0,14.8844,-1.454,0.981666666666667
2012,2,25,6,11.6332,-1.981,0.996666666666667
2012,2,25,12,6.7818,-1.231,0.963333333333333
2012,2,25,18,7.747,-2.519,1
2012,2,26,0,2.7432,-3.37,1
2012,2,26,6,0.508,-3.176,1
2012,2,26,12,0.381,-1.204,1
2012,2,26,18,0,-3.556,1
2012,2,27,0,0,-6.481,1
2012,2,27,6,0,-4.648,1
2012,2,27,12,0,-0.306,0.971666666666667
2012,2,27,18,0,-4.907,1
2012,2,28,0,0,-4.556,1
2012,2,28,6,0,-2.491,1
2012,2,28,12,0.2794,-0.546,0.983333333333333
2012,2,28,18,2.1336,-1.278,1
2012,2,29,0,1.5748,-2.472,1
2012,2,29,6,0.4064,-3.435,1
2012,2,29,12,3.2766,-1.88,0.996666666666667
2012,2,29,18,4.7752,-3.352,1
2012,3,1,0,3.0988,-3.509,1
2012,3,1,6,0.3048,-2.37,0.975
2012,3,1,12,0.3302,-1.315,0.936666666666667
2012,3,1,18,0.1524,-5.194,1
2012,3,2,0,0.254,-2.991,0.993333333333334
2012,3,2,6,1.3462,-1.759,0.901666666666667
2012,3,2,12,3.6068,0.194,0.516666666666667
2012,3,2,18,2.3114,-0.444,0.645
2012,3,3,0,3.2258,0,0.533333333333333
2012,3,3,6,8.382,0.917,0.32
2012,3,3,12,5.3594,1.407,0.265
2012,3,3,18,5.1562,0.343,0.423333333333333
2012,3,4,0,1.8542,0.759,0.345
2012,3,4,6,2.1844,0.287,0.456666666666667
2012,3,4,12,3.0988,1.241,0.291666666666667
2012,3,4,18,9.4996,0.472,0.43
2012,3,5,0,14.8844,0.324,0.488333333333333
2012,3,5,6,23.114,0.491,0.433333333333333
2012,3,5,12,4.3688,-0.944,0.893333333333333
2012,3,5,18,3.556,-3.648,1
2012,3,6,0,8.7884,-5.565,1
2012,3,6,6,1.016,-2.722,0.995
2012,3,6,12,0,-0.611,0.961666666666667
2012,3,6,18,0,-6.843,1
2012,3,7,0,0,-5.565,1
2012,3,7,6,0,-2.361,0.895
2012,3,7,12,0,2.167,0.255
2012,3,7,18,0,-4.315,0.988333333333333
2012,3,8,0,0,-3.056,0.996666666666667
2012,3,8,6,0,0.5,0.706666666666667
2012,3,8,12,0,3.62,0.243333333333333
2012,3,8,18,0,2.046,0.671666666666667
2012,3,9,0,0.0254,-0.833,0.973333333333333
2012,3,9,6,6.4516,-0.602,0.81
2012,3,9,12,11.5824,1.102,0.38
2012,3,9,18,12.3698,-0.343,0.636666666666667
2012,3,10,0,12.8524,-0.583,0.671666666666667
2012,3,10,6,7.6454,-0.843,0.75
2012,3,10,12,6.8834,-0.731,0.798333333333333
2012,3,10,18,5.334,0.241,0.573333333333333
2012,3,11,0,3.9624,0.296,0.52
2012,3,11,6,8.9662,-0.852,0.856666666666667
2012,3,11,12,6.096,-0.694,0.871666666666667
2012,3,11,18,1.651,-3.63,0.998333333333333
2012,3,12,0,3.048,-2.63,0.998333333333333
2012,3,12,6,4.0132,-0.306,0.746666666666667
2012,3,12,12,7.5946,1.204,0.381666666666667
2012,3,12,18,7.8994,-0.157,0.696666666666667
2012,3,13,0,5.969,-2.88,0.981666666666667
2012,3,13,6,3.683,-3.815,1
2012,3,13,12,2.159,-2.63,0.996666666666667
2012,3,13,18,1.7018,-4.574,1
2012,3,14,0,0.0254,-5.556,1
2012,3,14,6,3.6576,-2.778,0.958333333333333
2012,3,14,12,7.0104,0.148,0.586666666666667
2012,3,14,18,3.5814,-0.343,0.651666666666667
2012,3,15,0,12.1666,1.148,0.348333333333333
2012,3,15,6,14.3002,1.611,0.271666666666667
2012,3,15,12,5.334,1.259,0.345
2012,3,15,18,7.6962,-0.62,0.708333333333333
2012,3,16,0,10.287,-1.046,0.826666666666667
2012,3,16,6,7.0612,-0.611,0.756666666666667
2012,3,16,12,2.6162,-0.065,0.72
2012,3,16,18,0,-4.019,0.998333333333333
2012,3,17,0,0.8128,-1.37,0.965
2012,3,17,6,4.1402,-0.509,0.746666666666667
2012,3,17,12,3.5814,0.417,0.55
2012,3,17,18,0.4572,-3.417,0.995
2012,3,18,0,1.5494,-4.324,1
2012,3,18,6,0.7366,-1.009,0.821666666666667
2012,3,18,12,0.889,0.815,0.49
2012,3,18,18,1.3208,-4.509,1
2012,3,19,0,1.2446,-4.852,1
2012,3,19,6,0,-3.222,0.976666666666667
2012,3,19,12,0.0254,-0.176,0.796666666666667
2012,3,19,18,1.6256,-2.231,0.985
2012,3,20,0,3.3274,0.75,0.465
2012,3,20,6,6.604,-0.426,0.771666666666667
2012,3,20,12,6.8834,0.75,0.523333333333333
2012,3,20,18,4.5974,-2.241,0.981666666666667
2012,3,21,0,4.7498,-3.796,1
2012,3,21,6,1.7272,-0.972,0.793333333333333
2012,3,21,12,0.127,1.926,0.398333333333333
2012,3,21,18,0.0254,-4.62,1
2012,3,22,0,1.7018,-3.083,1
2012,3,22,6,0.5842,-0.407,0.72
2012,3,22,12,1.0922,3.602,0.166666666666667
2012,3,22,18,0.2032,-2.37,0.836666666666667
2012,3,23,0,1.3462,-4.398,1
2012,3,23,6,0,1.185,0.546666666666667
2012,3,23,12,0,6.25,0.095
2012,3,23,18,0,-4.093,0.996666666666667
2012,3,24,0,0,-3.37,1
2012,3,24,6,0,2.833,0.48
2012,3,24,12,0,8.194,0.04
2012,3,24,18,0,1.898,0.498333333333333
2012,3,25,0,0,-2.12,0.995
2012,3,25,6,0,2.935,0.303333333333333
2012,3,25,12,0.0254,6.463,0.065
2012,3,25,18,0.6604,1.019,0.738333333333333
2012,3,26,0,0.4318,-1.065,0.903333333333333
2012,3,26,6,1.5494,3.028,0.206666666666667
2012,3,26,12,2.032,4.537,0.08
2012,3,26,18,0.127,0.157,0.581666666666667
2012,3,27,0,2.7686,0.38,0.643333333333333
2012,3,27,6,3.3528,2.981,0.201666666666667
2012,3,27,12,1.1176,5.713,0.075
2012,3,27,18,5.4864,2.741,0.203333333333333
2012,3,28,0,5.2324,2.037,0.253333333333333
2012,3,28,6,0.254,2.852,0.218333333333333
2012,3,28,12,1.9304,3.093,0.25
2012,3,28,18,2.4638,-0.278,0.786666666666667
2012,3,29,0,5.1562,0.222,0.643333333333333
2012,3,29,6,11.4554,1.056,0.39
2012,3,29,12,16.2814,2.704,0.211666666666667
2012,3,29,18,4.9784,0.907,0.351666666666667
2012,3,30,0,5.969,-1.093,0.823333333333333
2012,3,30,6,6.3246,0.046,0.605
2012,3,30,12,8.9662,1.481,0.368333333333333
2012,3,30,18,2.5908,-1.944,0.923333333333333
2012,3,31,0,0.0508,-3.019,1
2012,3,31,6,5.4864,0.259,0.72
2012,3,31,12,9.6266,2.602,0.256666666666667
2012,3,31,18,1.1176,-1.463,0.883333333333333
2012,4,1,0,5.0038,-1.861,0.953333333333333
2012,4,1,6,5.7658,-0.222,0.665
2012,4,1,12,1.4224,3.472,0.183333333333333
2012,4,1,18,0.9652,-1.981,0.948333333333333
2012,4,2,0,0.5588,-1.778,0.94
2012,4,2,6,0,1.269,0.463333333333333
2012,4,2,12,0,5.204,0.095
2012,4,2,18,0.254,2.37,0.373333333333333
2012,4,3,0,0.4826,1.676,0.443333333333333
2012,4,3,6,2.9972,4.028,0.141666666666667
2012,4,3,12,8.1534,2.556,0.228333333333333
2012,4,3,18,3.2512,-1.111,0.856666666666667
2012,4,4,0,0.2794,-2.87,0.998333333333333
2012,4,4,6,0,0.083,0.713333333333333
2012,4,4,12,0,3.5,0.23
2012,4,4,18,0,-3.028,0.985
2012,4,5,0,0,-3.926,1
2012,4,5,6,0.1016,1.019,0.593333333333333
2012,4,5,12,0.3048,4.704,0.145
2012,4,5,18,0.0254,-2.315,0.933333333333333
2012,4,6,0,0,-4.426,1
2012,4,6,6,0,1.806,0.433333333333333
2012,4,6,12,0,6.648,0.0883333333333333
2012,4,6,18,0,-1.556,0.911666666666667
2012,4,7,0,0,-3.685,1
2012,4,7,6,0,3.769,0.393333333333333
2012,4,7,12,0,9.806,0.0533333333333333
2012,4,7,18,0,-0.694,0.848333333333333
2012,4,8,0,0,-2.546,1
2012,4,8,6,0,4.565,0.423333333333333
2012,4,8,12,0,12.676,0.02
2012,4,8,18,0,3.778,0.421666666666667
2012,4,9,0,0,0.694,0.826666666666667
2012,4,9,6,0,7.815,0.13
2012,4,9,12,0,11.981,0.00666666666666667
2012,4,9,18,0,4.852,0.173333333333333
2012,4,10,0,0,2.407,0.465
2012,4,10,6,0,8.12,0.0783333333333333
2012,4,10,12,0,10.843,0.00833333333333333
2012,4,10,18,0,3.352,0.238333333333333
2012,4,11,0,0.0508,0.935,0.488333333333333
2012,4,11,6,0.1524,6.167,0.0983333333333333
2012,4,11,12,1.3208,8.231,0.0283333333333333
2012,4,11,18,0.1524,3.417,0.133333333333333
2012,4,12,0,0.0762,1.426,0.296666666666667
2012,4,12,6,0.0508,4.389,0.131666666666667
2012,4,12,12,2.159,8.556,0.025
2012,4,12,18,0.6858,2.88,0.22
2012,4,13,0,0,-0.602,0.79
2012,4,13,6,0,4.009,0.215
2012,4,13,12,0,9.046,0.025
2012,4,13,18,0,0.583,0.725
2012,4,14,0,0,-1.361,0.953333333333333
2012,4,14,6,0,4.324,0.16
2012,4,14,12,0,8.926,0.0233333333333333
2012,4,14,18,0,2.639,0.283333333333333
2012,4,15,0,0.127,-0.093,0.671666666666667
2012,4,15,6,0.0508,5.037,0.111666666666667
2012,4,15,12,0,7.343,0.0466666666666667
2012,4,15,18,0.4064,1.194,0.595
2012,4,16,0,5.0546,0.611,0.693333333333333
2012,4,16,6,6.4008,4.759,0.0866666666666667
2012,4,16,12,7.6708,5.37,0.0616666666666667
2012,4,16,18,1.0922,0.528,0.536666666666667
2012,4,17,0,0,-1.935,0.97
2012,4,17,6,0,1.556,0.48
2012,4,17,12,1.9304,5.917,0.101666666666667
2012,4,17,18,0.5334,0.667,0.606666666666667
2012,4,18,0,0.3556,-0.389,0.758333333333333
2012,4,18,6,2.2098,3.852,0.206666666666667
2012,4,18,12,1.3208,6.287,0.06
2012,4,18,18,0.9906,2.472,0.218333333333333
2012,4,19,0,0.3048,-0.102,0.623333333333333
2012,4,19,6,0.2286,3.611,0.193333333333333
2012,4,19,12,9.0932,7.389,0.0466666666666667
2012,4,19,18,18.9992,4.167,0.095
2012,4,20,0,16.002,3.565,0.115
2012,4,20,6,3.6576,3.389,0.2
2012,4,20,12,1.143,9.065,0.0366666666666667
2012,4,20,18,0,0.593,0.683333333333333
2012,4,21,0,0,-1.278,0.966666666666667
2012,4,21,6,0,5.954,0.141666666666667
2012,4,21,12,0,12.519,0.0133333333333333
2012,4,21,18,0,3.269,0.313333333333333
2012,4,22,0,0,1.87,0.391666666666667
2012,4,22,6,0,9.833,0.0283333333333333
2012,4,22,12,0,15.333,0
2012,4,22,18,0,6.102,0.0833333333333333
2012,4,23,0,0,2.593,0.273333333333333
2012,4,23,6,0.0254,9.509,0.01
2012,4,23,12,0.0254,12.519,0
2012,4,23,18,0.1524,6.694,0.045
2012,4,24,0,0.6096,4.787,0.0833333333333333
2012,4,24,6,11.9126,6.593,0.0266666666666667
2012,4,24,12,5.0292,7.046,0.03
2012,4,24,18,1.2954,4.157,0.101666666666667
2012,4,25,0,3.683,4.148,0.0916666666666667
2012,4,25,6,10.6172,5.139,0.075
2012,4,25,12,6.5024,7.417,0.0316666666666667
2012,4,25,18,4.1656,5.843,0.0633333333333333
2012,4,26,0,12.3698,4.694,0.0866666666666667
2012,4,26,6,7.5692,5.111,0.0766666666666667
2012,4,26,12,4.4958,5.491,0.08
2012,4,26,18,2.8702,2.13,0.253333333333333
2012,4,27,0,6.7818,1.491,0.288333333333333
2012,4,27,6,2.4892,2.824,0.216666666666667
2012,4,27,12,0.8128,6.917,0.06
2012,4,27,18,1.397,3.315,0.168333333333333
2012,4,28,0,0.4064,1.537,0.278333333333333
2012,4,28,6,0,5.12,0.101666666666667
2012,4,28,12,0,9.231,0.02
2012,4,28,18,0.1016,5.12,0.0766666666666667
2012,4,29,0,0.0254,3.009,0.13
2012,4,29,6,0,6.194,0.0516666666666667
2012,4,29,12,0.0254,8.481,0.0216666666666667
2012,4,29,18,1.397,4.667,0.09
2012,4,30,0,6.1468,2.546,0.173333333333333
2012,4,30,6,5.588,4.241,0.0983333333333333
2012,4,30,12,10.1092,5.213,0.0683333333333333
2012,4,30,18,6.9342,2.63,0.175
2012,5,1,0,4.699,1.472,0.281666666666667
2012,5,1,6,3.7592,2.278,0.23
2012,5,1,12,1.8288,4.62,0.0983333333333333
2012,5,1,18,1.5748,2.269,0.223333333333333
2012,5,2,0,1.143,-0.287,0.67
2012,5,2,6,0,1.806,0.336666666666667
2012,5,2,12,0,5.472,0.0733333333333333
2012,5,2,18,0.0762,0.972,0.595
2012,5,3,0,0.2286,1.102,0.56
2012,5,3,6,1.778,4.241,0.143333333333333
2012,5,3,12,4.5466,6.472,0.0433333333333333
2012,5,3,18,4.8768,2.824,0.155
2012,5,4,0,3.0988,1.472,0.286666666666667
2012,5,4,6,0.9652,3.981,0.143333333333333
2012,5,4,12,0.635,6.602,0.0466666666666667
2012,5,4,18,0.5334,3.102,0.153333333333333
2012,5,5,0,0.3302,0.907,0.405
2012,5,5,6,2.2352,3.833,0.128333333333333
2012,5,5,12,0.1778,7.611,0.0416666666666667
2012,5,5,18,0,3.046,0.333333333333333
2012,5,6,0,0,-1.287,0.866666666666667
2012,5,6,6,0,6.472,0.0833333333333333
2012,5,6,12,0,12.981,0.0116666666666667
2012,5,6,18,0,3.685,0.405
2012,5,7,0,0.0508,-0.046,0.85
2012,5,7,6,1.3462,9.315,0.0383333333333333
2012,5,7,12,0.2794,14.25,0
2012,5,7,18,0.254,5.778,0.118333333333333
2012,5,8,0,0.3048,2.296,0.281666666666667
2012,5,8,6,0,8.444,0.0216666666666667
2012,5,8,12,0,11.454,0.00166666666666667
2012,5,8,18,0,5.074,0.101666666666667
2012,5,9,0,0,0.87,0.63
2012,5,9,6,0,5.037,0.135
2012,5,9,12,0,7.722,0.0333333333333333
2012,5,9,18,0,2.435,0.358333333333333
2012,5,10,0,0,-0.185,0.738333333333333
2012,5,10,6,0,5.13,0.13
2012,5,10,12,0.0254,8.944,0.0466666666666667
2012,5,10,18,0.0762,1.204,0.561666666666667
2012,5,11,0,0,-2.639,0.995
2012,5,11,6,0,7.046,0.176666666666667
2012,5,11,12,0,14.167,0.015
2012,5,11,18,0,3.019,0.545
2012,5,12,0,0,-1.037,0.968333333333333
2012,5,12,6,0,11.037,0.0583333333333333
2012,5,12,12,0,18.509,0
2012,5,12,18,0,7.676,0.178333333333333
2012,5,13,0,0,1.667,0.78
2012,5,13,6,0,13.435,0.0166666666666667
2012,5,13,12,0,19.694,0
2012,5,13,18,0,9.167,0.191666666666667
2012,5,14,0,0,2.898,0.813333333333333
2012,5,14,6,0,12.935,0.0183333333333333
2012,5,14,12,0,18.389,0
2012,5,14,18,0,9.509,0.055
2012,5,15,0,0,3.944,0.385
2012,5,15,6,0,12.213,0.00666666666666667
2012,5,15,12,0,15.62,0
2012,5,15,18,0,7.583,0.04
2012,5,16,0,0,2.981,0.22
2012,5,16,6,0,10.213,0.00833333333333333
2012,5,16,12,0,12.806,0
2012,5,16,18,0,4.944,0.181666666666667
2012,5,17,0,0,0.574,0.688333333333333
2012,5,17,6,0,8.185,0.0333333333333333
2012,5,17,12,0,11.194,0.01
2012,5,17,18,0,4.815,0.146666666666667
2012,5,18,0,0,1.167,0.508333333333333
2012,5,18,6,0,7.537,0.0433333333333333
2012,5,18,12,0,12.028,0.01
2012,5,18,18,0,4.463,0.256666666666667
2012,5,19,0,0,-0.065,0.773333333333333
2012,5,19,6,0,7.87,0.0433333333333333
2012,5,19,12,0,12.241,0.00833333333333333
2012,5,19,18,0,5.407,0.173333333333333
2012,5,20,0,0,4.185,0.168333333333333
2012,5,20,6,0.4826,9.824,0.0133333333333333
2012,5,20,12,7.8994,8.963,0.0116666666666667
2012,5,20,18,5.4102,5.676,0.035
2012,5,21,0,4.3434,5.426,0.0366666666666667
2012,5,21,6,5.461,7.944,0.015
2012,5,21,12,9.3472,8.731,0.0133333333333333
2012,5,21,18,8.5598,5.991,0.035
2012,5,22,0,5.2832,4.093,0.08
2012,5,22,6,3.6576,5.417,0.06
2012,5,22,12,1.9558,8.528,0.0233333333333333
2012,5,22,18,2.1844,5.63,0.06
2012,5,23,0,3.7592,4.009,0.0883333333333333
2012,5,23,6,1.6256,7.287,0.0366666666666667
2012,5,23,12,1.1938,10.491,0.02
2012,5,23,18,0.3302,6.157,0.0516666666666667
2012,5,24,0,0,2.12,0.183333333333333
2012,5,24,6,0,7.111,0.045
2012,5,24,12,0.0254,13.843,0.01
2012,5,24,18,0.0254,7.565,0.055
2012,5,25,0,0,2.991,0.186666666666667
2012,5,25,6,0,11.75,0.0133333333333333
2012,5,25,12,0,16.491,0
2012,5,25,18,0,9.648,0.0383333333333333
2012,5,26,0,0,4.139,0.231666666666667
2012,5,26,6,0,11.759,0.015
2012,5,26,12,0,15.787,0
2012,5,26,18,0,9.583,0.0216666666666667
2012,5,27,0,0,5.167,0.0866666666666667
2012,5,27,6,0,10.083,0.00833333333333333
2012,5,27,12,0,12.731,0
2012,5,27,18,0,7.593,0.03
2012,5,28,0,0,5.38,0.0566666666666667
2012,5,28,6,0.0508,8.204,0.015
2012,5,28,12,0,10.454,0.01
2012,5,28,18,0.2032,6.972,0.025
2012,5,29,0,0.0508,4.491,0.0683333333333333
2012,5,29,6,0,7.861,0.0233333333333333
2012,5,29,12,0,10.546,0.01
2012,5,29,18,0,6.009,0.0516666666666667
2012,5,30,0,0.0254,4.963,0.0666666666666667
2012,5,30,6,0.1778,7.269,0.0216666666666667
2012,5,30,12,0,9.778,0.01
2012,5,30,18,4.6228,8.787,0.0133333333333333
2012,5,31,0,2.1336,6.546,0.0266666666666667
2012,5,31,6,2.0828,8.769,0.0133333333333333
2012,5,31,12,0.3302,10.472,0.00666666666666667
2012,5,31,18,0.3048,7.87,0.0133333333333333
2012,6,1,0,7.6962,6.991,0.0183333333333333
2012,6,1,6,8.9154,8.944,0.00666666666666667
2012,6,1,12,11.176,10.935,0
2012,6,1,18,10.0584,7.759,0.015
2012,6,2,0,1.27,6.028,0.025
2012,6,2,6,0.7366,7.963,0.0133333333333333
2012,6,2,12,1.0922,10.13,0.01
2012,6,2,18,1.143,6.537,0.0266666666666667
2012,6,3,0,0.508,3.852,0.0766666666666667
2012,6,3,6,0,7.472,0.015
2012,6,3,12,0,6.898,0.02
2012,6,3,18,0,4.426,0.126666666666667
2012,6,4,0,0.2032,2.296,0.256666666666667
2012,6,4,6,1.6256,7.167,0.025
2012,6,4,12,4.8514,10,0.00666666666666667
2012,6,4,18,2.794,7.25,0.0233333333333333
2012,6,5,0,6.1214,4.611,0.0583333333333333
2012,6,5,6,5.715,5.167,0.0533333333333333
2012,6,5,12,2.3876,6.204,0.0333333333333333
2012,6,5,18,0.4064,4.065,0.09
2012,6,6,0,0.1016,2.657,0.143333333333333
2012,6,6,6,0,5.139,0.0666666666666667
2012,6,6,12,0,7.769,0.0233333333333333
2012,6,6,18,0,4.5,0.095
2012,6,7,0,0.1524,2.926,0.17
2012,6,7,6,5.461,6.269,0.04
2012,6,7,12,4.4196,7.843,0.0216666666666667
2012,6,7,18,2.5908,3.602,0.133333333333333
2012,6,8,0,0.6858,2.528,0.173333333333333
2012,6,8,6,0.1016,5.796,0.0533333333333333
2012,6,8,12,0.635,8.75,0.0216666666666667
2012,6,8,18,0.1016,4.657,0.0883333333333333
2012,6,9,0,0.2286,2.963,0.121666666666667
2012,6,9,6,0,6.315,0.0383333333333333
2012,6,9,12,0,9.231,0.0116666666666667
2012,6,9,18,0,7.019,0.0266666666666667
2012,6,10,0,0,5.074,0.0566666666666667
2012,6,10,6,0,8.37,0.0233333333333333
2012,6,10,12,0,12.954,0.00666666666666667
2012,6,10,18,0,7.861,0.0433333333333333
2012,6,11,0,0,2.88,0.145
2012,6,11,6,0,10.333,0.0116666666666667
2012,6,11,12,0,14.556,0
2012,6,11,18,0,8.537,0.025
2012,6,12,0,0.0508,6.37,0.04
2012,6,12,6,0.0508,9.62,0.00666666666666667
2012,6,12,12,1.524,11.611,0
2012,6,12,18,1.9812,8.148,0.00833333333333333
2012,6,13,0,0.9652,6.315,0.015
2012,6,13,6,0.2032,7.176,0.0133333333333333
2012,6,13,12,0.0254,9.87,0.005
2012,6,13,18,0,6.12,0.0233333333333333
2012,6,14,0,0,3.287,0.0816666666666667
2012,6,14,6,0,7.565,0.0183333333333333
2012,6,14,12,0,11.185,0.0116666666666667
2012,6,14,18,0,5.583,0.153333333333333
2012,6,15,0,0,1.398,0.421666666666667
2012,6,15,6,0,8.519,0.025
2012,6,15,12,0,12.667,0
2012,6,15,18,0,8.5,0.00666666666666667
2012,6,16,0,1.0922,5.972,0.01
2012,6,16,6,4.5974,9.38,0.01
2012,6,16,12,8.5598,10.37,0.00833333333333333
2012,6,16,18,19.05,7.815,0.0166666666666667
2012,6,17,0,8.4836,7.981,0.01
2012,6,17,6,4.5974,8.963,0.01
2012,6,17,12,4.826,9.102,0.01
2012,6,17,18,4.0894,6.787,0.0216666666666667
2012,6,18,0,3.5052,4.778,0.06
2012,6,18,6,1.2954,7.037,0.0233333333333333
2012,6,18,12,0.2794,9.278,0.0133333333333333
2012,6,18,18,0.127,7.185,0.0233333333333333
2012,6,19,0,0.2286,4.639,0.0466666666666667
2012,6,19,6,0.1524,8.713,0.0183333333333333
2012,6,19,12,0.1524,12.685,0.01
2012,6,19,18,0,7.472,0.0416666666666667
2012,6,20,0,0.1778,2.852,0.146666666666667
2012,6,20,6,0,10.491,0.0116666666666667
2012,6,20,12,0,15.917,0
2012,6,20,18,0,9.361,0.0316666666666667
2012,6,21,0,0,5.056,0.0866666666666667
2012,6,21,6,0,11.287,0.005
2012,6,21,12,0,14.5,0
2012,6,21,18,0,10.565,0.00833333333333333
2012,6,22,0,0,5.926,0.0466666666666667
2012,6,22,6,1.0922,11.037,0.00333333333333333
2012,6,22,12,18.1864,11.102,0
2012,6,22,18,2.5146,8.315,0.00666666666666667
2012,6,23,0,7.4676,6.343,0.0216666666666667
2012,6,23,6,0.2794,8.546,0.01
2012,6,23,12,5.461,11.648,0.00166666666666667
2012,6,23,18,0.3048,5.648,0.0366666666666667
2012,6,24,0,0,2.509,0.145
2012,6,24,6,0.0762,9,0.00833333333333333
2012,6,24,12,0.0762,12.611,0
2012,6,24,18,0,6.667,0.0466666666666667
2012,6,25,0,0,2.25,0.228333333333333
2012,6,25,6,0,8.824,0.00833333333333333
2012,6,25,12,0,10.861,0
2012,6,25,18,0,5.981,0.035
2012,6,26,0,0.254,3.87,0.0816666666666667
2012,6,26,6,3.1242,8.843,0.0166666666666667
2012,6,26,12,2.8448,10.88,0.0116666666666667
2012,6,26,18,0.6604,7.778,0.025
2012,6,27,0,0.0508,4.417,0.0666666666666667
2012,6,27,6,0,9.287,0.0166666666666667
2012,6,27,12,0,14.528,0
2012,6,27,18,0,9.926,0.0166666666666667
2012,6,28,0,0,5.583,0.06
2012,6,28,6,0,12.028,0.005
2012,6,28,12,0.0508,15.62,0
2012,6,28,18,0.635,9.537,0.01
2012,6,29,0,0.3556,6.917,0.0266666666666667
2012,6,29,6,0.381,9.889,0.00666666666666667
2012,6,29,12,0,12.769,0
2012,6,29,18,0.4826,9.944,0.005
2012,6,30,0,4.4958,8.796,0.01
2012,6,30,6,6.2738,10.278,0.00333333333333333
2012,6,30,12,6.5532,12.019,0
2012,6,30,18,13.6398,9.528,0.00833333333333333
2012,7,1,0,5.715,8.231,0.01
2012,7,1,6,0.0762,10.463,0.00333333333333333
2012,7,1,12,0,12.639,0
2012,7,1,18,0,9.806,0.005
2012,7,2,0,0,7.611,0.01
2012,7,2,6,0.127,10.333,0.00333333333333333
2012,7,2,12,1.27,10.713,0
2012,7,2,18,5.6896,8.278,0.00666666666666667
2012,7,3,0,9.4488,6.954,0.01
2012,7,3,6,20.066,8.583,0.01
2012,7,3,12,5.9182,11.491,0.01
2012,7,3,18,1.1938,8.278,0.0216666666666667
2012,7,4,0,0,4.778,0.055
2012,7,4,6,0,10.593,0.00833333333333333
2012,7,4,12,0,15.296,0
2012,7,4,18,0,10.306,0.0116666666666667
2012,7,5,0,0,4.5,0.0616666666666667
2012,7,5,6,0,12.593,0.00333333333333333
2012,7,5,12,0,18.074,0
2012,7,5,18,0,11.806,0.00833333333333333
2012,7,6,0,0,5.852,0.0483333333333333
2012,7,6,6,0,13.787,0.00166666666666667
2012,7,6,12,0,19.389,0
2012,7,6,18,0,12.352,0.00333333333333333
2012,7,7,0,0,6.685,0.0216666666666667
2012,7,7,6,0,14.722,0.00166666666666667
2012,7,7,12,0,20.796,0
2012,7,7,18,0,14.157,0.00333333333333333
2012,7,8,0,0,8.519,0.0183333333333333
2012,7,8,6,0,15.917,0
2012,7,8,12,0,20.194,0
2012,7,8,18,0,14.75,0.00166666666666667
2012,7,9,0,0.1016,10.194,0.01
2012,7,9,6,0,14.833,0
2012,7,9,12,0,17.87,0
2012,7,9,18,0,12.37,0.00333333333333333
2012,7,10,0,0,7.796,0.0133333333333333
2012,7,10,6,0,13.519,0.00166666666666667
2012,7,10,12,0,18.722,0
2012,7,10,18,0,13.25,0.00333333333333333
2012,7,11,0,0,8.306,0.0133333333333333
2012,7,11,6,0,15.676,0
2012,7,11,12,0,19.63,0
2012,7,11,18,0,13.259,0.00333333333333333
2012,7,12,0,0,8.611,0.0166666666666667
2012,7,12,6,0,15.574,0
2012,7,12,12,0,19.028,0
2012,7,12,18,0,13.537,0
2012,7,13,0,0,9.639,0.00833333333333333
2012,7,13,6,0,14.083,0
2012,7,13,12,0,18.093,0
2012,7,13,18,0,12.889,0
2012,7,14,0,0,9.778,0.00833333333333333
2012,7,14,6,0,14.139,0
2012,7,14,12,0,17.028,0
2012,7,14,18,0,13.361,0
2012,7,15,0,0.2286,10.435,0.00333333333333333
2012,7,15,6,2.1336,12.213,0.00333333333333333
2012,7,15,12,0.9398,15.639,0
2012,7,15,18,0,11.935,0.005
2012,7,16,0,0,10.667,0.00833333333333333
2012,7,16,6,0.254,15.287,0
2012,7,16,12,0,19.389,0
2012,7,16,18,0.5588,14.917,0
2012,7,17,0,1.9558,11.759,0
2012,7,17,6,0.1778,16.481,0
2012,7,17,12,0.0254,19.056,0
2012,7,17,18,0.635,15.324,0
2012,7,18,0,1.2192,12.63,0
2012,7,18,6,0,16.231,0
2012,7,18,12,0,19.25,0
2012,7,18,18,0,14.898,0
2012,7,19,0,0,11.065,0
2012,7,19,6,0.1016,14.87,0
2012,7,19,12,0.1524,19.63,0
2012,7,19,18,0.0762,16.648,0
2012,7,20,0,0.7112,13.222,0
2012,7,20,6,5.588,15.102,0
2012,7,20,12,1.9558,14.843,0
2012,7,20,18,0.7874,12.5,0
2012,7,21,0,0.6604,10.833,0
2012,7,21,6,0,13.333,0
2012,7,21,12,0,16.861,0
2012,7,21,18,0,12.981,0
2012,7,22,0,0.0254,9.324,0.00166666666666667
2012,7,22,6,0.6604,12.657,0
2012,7,22,12,0.9144,13.944,0
2012,7,22,18,2.3368,9.583,0.00333333333333333
2012,7,23,0,2.032,8.194,0.01
2012,7,23,6,4.3942,9.259,0.01
2012,7,23,12,0.9906,11.611,0.00166666666666667
2012,7,23,18,0,9.944,0.00666666666666667
2012,7,24,0,0.127,8.13,0.015
2012,7,24,6,0.762,12.435,0.00333333333333333
2012,7,24,12,0.7874,17.519,0
2012,7,24,18,0.8128,12.981,0.00333333333333333
2012,7,25,0,0.762,8.75,0.00833333333333333
2012,7,25,6,0,15.63,0
2012,7,25,12,0,19.343,0
2012,7,25,18,0,14.259,0
2012,7,26,0,0,10.093,0.00666666666666667
2012,7,26,6,0,15.324,0
2012,7,26,12,0,18.25,0
2012,7,26,18,0,13.481,0
2012,7,27,0,0,10.352,0
2012,7,27,6,0,13.917,0
2012,7,27,12,0,17.056,0
2012,7,27,18,0,13.231,0
2012,7,28,0,0,10.028,0
2012,7,28,6,0,13.583,0
2012,7,28,12,0,17.259,0
2012,7,28,18,0,12.926,0
2012,7,29,0,0,9.63,0
2012,7,29,6,0,13.63,0
2012,7,29,12,0,16.963,0
2012,7,29,18,0,12.87,0
2012,7,30,0,0,9.639,0
2012,7,30,6,0,14.231,0
2012,7,30,12,0,16.722,0
2012,7,30,18,0,13.241,0
2012,7,31,0,0,10.722,0
2012,7,31,6,0,13.926,0
2012,7,31,12,0,16.954,0
2012,7,31,18,0,12.685,0
2012,8,1,0,0,9.037,0.01
2012,8,1,6,0,14.231,0
2012,8,1,12,0,17.102,0
2012,8,1,18,0,11.861,0.00333333333333333
2012,8,2,0,0,10.083,0.00333333333333333
2012,8,2,6,0,14.472,0
2012,8,2,12,0,18.926,0
2012,8,2,18,0,13.194,0.00166666666666667
2012,8,3,0,0,8.944,0.01
2012,8,3,6,0,15.833,0
2012,8,3,12,0,22.639,0
2012,8,3,18,0,15.12,0.00333333333333333
2012,8,4,0,0,10.759,0.00833333333333333
2012,8,4,6,0,19.324,0
2012,8,4,12,0,25.454,0
2012,8,4,18,0,18.241,0
2012,8,5,0,0,13,0
2012,8,5,6,0,19.981,0
2012,8,5,12,0,23.796,0
2012,8,5,18,0,17.074,0
2012,8,6,0,0,13.093,0
2012,8,6,6,0,17.778,0
2012,8,6,12,0.0254,20.139,0
2012,8,6,18,0,14.435,0
2012,8,7,0,0,12.12,0
2012,8,7,6,0,15.444,0
2012,8,7,12,0,18.417,0
2012,8,7,18,0,14.528,0
2012,8,8,0,0,11.5,0
2012,8,8,6,0,14.333,0
2012,8,8,12,0,17.333,0
2012,8,8,18,0,12.102,0
2012,8,9,0,0,8.546,0.005
2012,8,9,6,0,13.769,0
2012,8,9,12,0,18.12,0
2012,8,9,18,0,11.972,0.00166666666666667
2012,8,10,0,0,7.852,0.01
2012,8,10,6,0,14.296,0
2012,8,10,12,0,19.731,0
2012,8,10,18,0,12.269,0.00166666666666667
2012,8,11,0,0,8.278,0.01
2012,8,11,6,0,15.333,0
2012,8,11,12,0,21.491,0
2012,8,11,18,0,13.806,0.00166666666666667
2012,8,12,0,0,9.898,0.01
2012,8,12,6,0,16.861,0
2012,8,12,12,0,21.528,0
2012,8,12,18,0,13.815,0.00333333333333333
2012,8,13,0,0,10.065,0.0116666666666667
2012,8,13,6,0,16.843,0
2012,8,13,12,0,20.259,0
2012,8,13,18,0,12.231,0.00333333333333333
2012,8,14,0,0,9.704,0.00833333333333333
2012,8,14,6,0,17.306,0
2012,8,14,12,0,22.5,0
2012,8,14,18,0,15.778,0
2012,8,15,0,0,12.157,0.00333333333333333
2012,8,15,6,0,17.435,0
2012,8,15,12,0,25.731,0
2012,8,15,18,0,16.537,0
2012,8,16,0,0,12,0.005
2012,8,16,6,0,21.306,0
2012,8,16,12,0,26.407,0
2012,8,16,18,0,16.481,0
2012,8,17,0,0,11.981,0.00666666666666667
2012,8,17,6,0,19.843,0
2012,8,17,12,0,24.13,0
2012,8,17,18,0,16.306,0
2012,8,18,0,0,11.898,0
2012,8,18,6,0,17.213,0
2012,8,18,12,0,20.722,0
2012,8,18,18,0,13.796,0
2012,8,19,0,0,11.167,0
2012,8,19,6,0,14.75,0
2012,8,19,12,0,19.111,0
2012,8,19,18,0,13.944,0
2012,8,20,0,0,10.296,0.00166666666666667
2012,8,20,6,0,13.602,0
2012,8,20,12,0,17.602,0
2012,8,20,18,0,11.491,0
2012,8,21,0,0,8.759,0
2012,8,21,6,0,13.583,0
2012,8,21,12,0,17.176,0
2012,8,21,18,0,11.028,0.00333333333333333
2012,8,22,0,0,9.269,0.00833333333333333
2012,8,22,6,0,13.278,0
2012,8,22,12,0,16.778,0
2012,8,22,18,0,11.426,0
2012,8,23,0,0,9.065,0.005
2012,8,23,6,0,13.426,0
2012,8,23,12,0,16.157,0
2012,8,23,18,0,10.231,0.00333333333333333
2012,8,24,0,0,7.491,0.01
2012,8,24,6,0,13.056,0.00166666666666667
2012,8,24,12,0,17.898,0
2012,8,24,18,0,9.167,0.0166666666666667
2012,8,25,0,0,6.778,0.0333333333333333
2012,8,25,6,0,13.815,0.005
2012,8,25,12,0,19.241,0
2012,8,25,18,0,9.935,0.015
2012,8,26,0,0,7.241,0.0516666666666667
2012,8,26,6,0,13.889,0.005
2012,8,26,12,0,18.398,0
2012,8,26,18,0,12.028,0
2012,8,27,0,0,9.38,0.00833333333333333
2012,8,27,6,0,12.685,0.00166666666666667
2012,8,27,12,0,17.537,0
2012,8,27,18,0,11.611,0
2012,8,28,0,0,8.917,0.00666666666666667
2012,8,28,6,0,14.343,0
2012,8,28,12,0,16.63,0
2012,8,28,18,0,11.287,0
2012,8,29,0,0,9.704,0.005
2012,8,29,6,0.0254,13.565,0
2012,8,29,12,0.0762,16.889,0
2012,8,29,18,0,10.898,0.005
2012,8,30,0,0,8.583,0.0116666666666667
2012,8,30,6,0,13.343,0.00166666666666667
2012,8,30,12,0,17.426,0
2012,8,30,18,0,9.889,0.00666666666666667
2012,8,31,0,0,5.926,0.0266666666666667
2012,8,31,6,0,11.741,0.00333333333333333
2012,8,31,12,0,16.611,0
2012,8,31,18,0,7.75,0.015
2012,9,1,0,0,4.37,0.0733333333333333
2012,9,1,6,0,10.944,0.005
2012,9,1,12,0,15.815,0
2012,9,1,18,0,7.444,0.0166666666666667
2012,9,2,0,0,5.102,0.045
2012,9,2,6,0,10.454,0.00333333333333333
2012,9,2,12,0,15.685,0
2012,9,2,18,0,8.056,0.0116666666666667
2012,9,3,0,0,4.778,0.03
2012,9,3,6,0,10.889,0.00333333333333333
2012,9,3,12,0,16.657,0
2012,9,3,18,0,8.759,0.0116666666666667
2012,9,4,0,0,5.954,0.0266666666666667
2012,9,4,6,0,12.324,0.00333333333333333
2012,9,4,12,0,17.407,0
2012,9,4,18,0,9.111,0.0116666666666667
2012,9,5,0,0,6.565,0.03
2012,9,5,6,0,14,0.00166666666666667
2012,9,5,12,0,19.63,0
2012,9,5,18,0,9.528,0.00833333333333333
2012,9,6,0,0,7.102,0.0183333333333333
2012,9,6,6,0,12.843,0.005
2012,9,6,12,0,21.583,0
2012,9,6,18,0,10.509,0.00833333333333333
2012,9,7,0,0,6.593,0.035
2012,9,7,6,0,14.861,0.00166666666666667
2012,9,7,12,0,22.713,0
2012,9,7,18,0,12.25,0.005
2012,9,8,0,0,8.194,0.0316666666666667
2012,9,8,6,0,15.278,0.00166666666666667
2012,9,8,12,0,20.852,0
2012,9,8,18,0,12.472,0
2012,9,9,0,0,9.583,0.005
2012,9,9,6,0,12.278,0
2012,9,9,12,0,14.602,0
2012,9,9,18,1.9304,10.259,0.00166666666666667
2012,9,10,0,2.2352,7.565,0.0133333333333333
2012,9,10,6,0,8.778,0.01
2012,9,10,12,0.0254,12.241,0.00166666666666667
2012,9,10,18,0,8.12,0.015
2012,9,11,0,0,5.37,0.0383333333333333
2012,9,11,6,0,9.639,0.0133333333333333
2012,9,11,12,0,13.898,0.00166666666666667
2012,9,11,18,0,5.176,0.08
2012,9,12,0,0,2.991,0.18
2012,9,12,6,0,10.139,0.025
2012,9,12,12,0,17.463,0
2012,9,12,18,0,7.315,0.0983333333333333
2012,9,13,0,0,3.481,0.425
2012,9,13,6,0,11.843,0.0216666666666667
2012,9,13,12,0,19.38,0
2012,9,13,18,0,7.741,0.0633333333333333
2012,9,14,0,0,4.065,0.376666666666667
2012,9,14,6,0,12.13,0.0166666666666667
2012,9,14,12,0,18.194,0
2012,9,14,18,0,7.741,0.0283333333333333
2012,9,15,0,0,4.88,0.0816666666666667
2012,9,15,6,0,13.185,0.00166666666666667
2012,9,15,12,0,18.509,0
2012,9,15,18,0,7.769,0.025
2012,9,16,0,0,5.278,0.06
2012,9,16,6,0,12.287,0.01
2012,9,16,12,0,19.454,0
2012,9,16,18,0,8.583,0.0333333333333333
2012,9,17,0,0,5.454,0.101666666666667
2012,9,17,6,0,12.444,0.015
2012,9,17,12,0,20.056,0
2012,9,17,18,0,9.25,0.0316666666666667
2012,9,18,0,0,5.88,0.141666666666667
2012,9,18,6,0,12.981,0.01
2012,9,18,12,0,18.843,0
2012,9,18,18,0,8.824,0.0116666666666667
2012,9,19,0,0,5.796,0.0316666666666667
2012,9,19,6,0,11.741,0.00666666666666667
2012,9,19,12,0,18.731,0
2012,9,19,18,0,8.741,0.0116666666666667
2012,9,20,0,0,5.417,0.0616666666666667
2012,9,20,6,0,10.343,0.015
2012,9,20,12,0,17.37,0
2012,9,20,18,0,10.102,0.0116666666666667
2012,9,21,0,0,7.5,0.04
2012,9,21,6,0,11.565,0.01
2012,9,21,12,0,17.806,0
2012,9,21,18,0,8.111,0.0133333333333333
2012,9,22,0,0,5.444,0.035
2012,9,22,6,0,9.435,0.01
2012,9,22,12,0,12.815,0
2012,9,22,18,0,6.278,0.04
2012,9,23,0,0,4.593,0.0633333333333333
2012,9,23,6,0,10.444,0.01
2012,9,23,12,0,15.935,0
2012,9,23,18,0,8.685,0.00833333333333333
2012,9,24,0,0,6.241,0.02
2012,9,24,6,0,10.278,0.00666666666666667
2012,9,24,12,0,13.907,0
2012,9,24,18,0,8.704,0.00833333333333333
2012,9,25,0,0,7.083,0.01
2012,9,25,6,0,9.602,0.005
2012,9,25,12,0,13.102,0
2012,9,25,18,0,6.759,0.0166666666666667
2012,9,26,0,0,4.546,0.04
2012,9,26,6,0,9.037,0.0116666666666667
2012,9,26,12,0,14.731,0.00166666666666667
2012,9,26,18,0,6.972,0.0466666666666667
2012,9,27,0,0,4.602,0.108333333333333
2012,9,27,6,0,10.222,0.0183333333333333
2012,9,27,12,0,15.713,0
2012,9,27,18,0,8.583,0.02
2012,9,28,0,0,7.222,0.0333333333333333
2012,9,28,6,0,11.509,0.00666666666666667
2012,9,28,12,0,14.333,0
2012,9,28,18,0,10.148,0
2012,9,29,0,0,8.843,0.00333333333333333
2012,9,29,6,0,10.065,0.00333333333333333
2012,9,29,12,0,12.963,0
2012,9,29,18,0,6.093,0.0333333333333333
2012,9,30,0,0,2.352,0.226666666666667
2012,9,30,6,0,7.556,0.05
2012,9,30,12,0,13.759,0.00166666666666667
2012,9,30,18,0,4.546,0.115
2012,10,1,0,0,2.639,0.211666666666667
2012,10,1,6,0,8.463,0.025
2012,10,1,12,0,13.407,0
2012,10,1,18,0,8.5,0.00666666666666667
2012,10,2,0,0,5.102,0.0466666666666667
2012,10,2,6,0,7.787,0.03
2012,10,2,12,0,12.37,0.00666666666666667
2012,10,2,18,0,5.685,0.113333333333333
2012,10,3,0,0,2.444,0.363333333333333
2012,10,3,6,0,6.676,0.148333333333333
2012,10,3,12,0,13.759,0.00333333333333333
2012,10,3,18,0,4.028,0.411666666666667
2012,10,4,0,0,-0.083,0.993333333333333
2012,10,4,6,0,6.407,0.373333333333333
2012,10,4,12,0,14.62,0.00166666666666667
2012,10,4,18,0,4.917,0.23
2012,10,5,0,0,1.176,0.875
2012,10,5,6,0,7.38,0.305
2012,10,5,12,0,15.491,0.00166666666666667
2012,10,5,18,0,4.194,0.363333333333333
2012,10,6,0,0,-0.028,0.998333333333333
2012,10,6,6,0,6.861,0.366666666666667
2012,10,6,12,0,16.593,0
2012,10,6,18,0,5.444,0.26
2012,10,7,0,0,1.093,0.946666666666667
2012,10,7,6,0,8.194,0.271666666666667
2012,10,7,12,0,16.685,0
2012,10,7,18,0,4.88,0.218333333333333
2012,10,8,0,0,1.546,0.871666666666667
2012,10,8,6,0,7.565,0.235
2012,10,8,12,0,13.12,0.00166666666666667
2012,10,8,18,0,3.963,0.186666666666667
2012,10,9,0,0,1.852,0.555
2012,10,9,6,0,5.046,0.313333333333333
2012,10,9,12,0,10.167,0.0116666666666667
2012,10,9,18,0,3.806,0.183333333333333
2012,10,10,0,0,1.759,0.51
2012,10,10,6,0,4.917,0.203333333333333
2012,10,10,12,0,8.972,0.0266666666666667
2012,10,10,18,0,4.046,0.113333333333333
2012,10,11,0,0,3.389,0.153333333333333
2012,10,11,6,0,6.204,0.095
2012,10,11,12,0,10.528,0.0266666666666667
2012,10,11,18,0,5.889,0.105
2012,10,12,0,0.5334,4.843,0.103333333333333
2012,10,12,6,1.2446,6.241,0.03
2012,10,12,12,4.064,7.787,0.0133333333333333
2012,10,12,18,7.0104,7.176,0.0216666666666667
2012,10,13,0,7.4168,7.87,0.02
2012,10,13,6,3.683,8.843,0.0133333333333333
2012,10,13,12,4.5212,10.454,0.01
2012,10,13,18,9.8806,7.639,0.025
2012,10,14,0,12.0396,9.87,0.01
2012,10,14,6,14.1224,10.25,0.005
2012,10,14,12,31.7754,10.093,0.005
2012,10,14,18,9.2202,8.824,0.01
2012,10,15,0,1.143,7.907,0.01
2012,10,15,6,1.9304,7.824,0.0116666666666667
2012,10,15,12,16.7386,10.056,0
2012,10,15,18,17.9324,8.528,0.00666666666666667
2012,10,16,0,7.9756,6.62,0.0166666666666667
2012,10,16,6,0.0254,6.028,0.0316666666666667
2012,10,16,12,0.254,6.907,0.0316666666666667
2012,10,16,18,0.0762,4.519,0.0583333333333333
2012,10,17,0,0.0508,3.833,0.0716666666666667
2012,10,17,6,0,5.139,0.0516666666666667
2012,10,17,12,0,7.843,0.025
2012,10,17,18,0,4.12,0.12
2012,10,18,0,0,4.556,0.101666666666667
2012,10,18,6,2.032,7.204,0.0533333333333333
2012,10,18,12,25.1714,10.556,0.01
2012,10,18,18,34.0106,7.898,0.01
2012,10,19,0,6.7056,7.426,0.01
2012,10,19,6,10.5664,6.648,0.02
2012,10,19,12,10.8458,6.315,0.0216666666666667
2012,10,19,18,3.3782,4.167,0.0616666666666667
2012,10,20,0,2.8194,2,0.206666666666667
2012,10,20,6,7.366,2.685,0.168333333333333
2012,10,20,12,2.2098,4.259,0.0983333333333333
2012,10,20,18,5.6134,1.491,0.271666666666667
2012,10,21,0,2.2098,1.065,0.398333333333333
2012,10,21,6,7.2136,1.046,0.486666666666667
2012,10,21,12,0.1016,3.954,0.11
2012,10,21,18,0.0762,0.454,0.586666666666667
2012,10,22,0,0,-1.037,0.988333333333333
2012,10,22,6,0.0254,1.667,0.563333333333333
2012,10,22,12,0.4572,3.824,0.26
2012,10,22,18,2.7432,0.519,0.526666666666667
2012,10,23,0,5.3848,0.185,0.495
2012,10,23,6,6.8834,1.037,0.353333333333333
2012,10,23,12,0.4064,2.861,0.163333333333333
2012,10,23,18,0.0254,0.981,0.448333333333333
2012,10,24,0,0.127,0.759,0.54
2012,10,24,6,1.5748,3.287,0.16
2012,10,24,12,3.556,5.435,0.0716666666666667
2012,10,24,18,2.5146,1.315,0.306666666666667
2012,10,25,0,1.016,-0.083,0.725
2012,10,25,6,0,2,0.366666666666667
2012,10,25,12,0,4.741,0.0683333333333333
2012,10,25,18,0,1.648,0.243333333333333
2012,10,26,0,0.3302,2.389,0.188333333333333
2012,10,26,6,3.0734,3.611,0.168333333333333
2012,10,26,12,2.032,3.556,0.115
2012,10,26,18,3.0734,2.269,0.156666666666667
2012,10,27,0,3.5306,3.537,0.095
2012,10,27,6,8.763,4.019,0.0916666666666667
2012,10,27,12,5.715,4.898,0.07
2012,10,27,18,18.1356,5.417,0.055
2012,10,28,0,17.145,6.204,0.0266666666666667
2012,10,28,6,6.5024,6.472,0.04
2012,10,28,12,1.6256,8.87,0.0183333333333333
2012,10,28,18,5.8166,5.046,0.0616666666666667
2012,10,29,0,17.8054,7.343,0.0183333333333333
2012,10,29,6,14.2494,8.833,0.01
2012,10,29,12,6.9342,8.806,0.01
2012,10,29,18,6.1976,6.833,0.0216666666666667
2012,10,30,0,13.5128,6.046,0.0283333333333333
2012,10,30,6,14.478,7.065,0.015
2012,10,30,12,16.256,8.306,0.01
2012,10,30,18,21.4376,7.444,0.0116666666666667
2012,10,31,0,19.8882,7.796,0.01
2012,10,31,6,7.5184,7.944,0.0116666666666667
2012,10,31,12,10.5156,8.444,0.0133333333333333
2012,10,31,18,4.318,5.731,0.0466666666666667
2012,11,1,0,3.7592,5.926,0.04
2012,11,1,6,2.5908,7.009,0.025
2012,11,1,12,0.7874,8.75,0.0166666666666667
2012,11,1,18,3.1496,6.741,0.0283333333333333
2012,11,2,0,2.7686,5.741,0.0466666666666667
2012,11,2,6,0,7.074,0.03
2012,11,2,12,0.0254,9.028,0.0116666666666667
2012,11,2,18,0.8636,7.037,0.02
2012,11,3,0,1.0668,6.815,0.02
2012,11,3,6,3.1242,7.565,0.0233333333333333
2012,11,3,12,3.1242,9.676,0.02
2012,11,3,18,3.8862,7.157,0.0283333333333333
2012,11,4,0,0.3048,6.972,0.03
2012,11,4,6,0.1778,8.046,0.0183333333333333
2012,11,4,12,1.8288,10.13,0.00333333333333333
2012,11,4,18,10.16,9.241,0.00833333333333333
2012,11,5,0,1.4732,6.63,0.0216666666666667
2012,11,5,6,0,5.204,0.045
2012,11,5,12,0,7.463,0.025
2012,11,5,18,0,3.787,0.0833333333333333
2012,11,6,0,0.0762,3.685,0.0883333333333333
2012,11,6,6,0.7366,5.759,0.0533333333333333
2012,11,6,12,5.1308,7.185,0.0233333333333333
2012,11,6,18,1.4224,5.157,0.0483333333333333
2012,11,7,0,1.2192,2.407,0.145
2012,11,7,6,0.0762,2.296,0.205
2012,11,7,12,0.0254,4.491,0.0916666666666667
2012,11,7,18,0,-0.185,0.806666666666667
2012,11,8,0,0,-1.407,0.998333333333333
2012,11,8,6,0,0.954,0.65
2012,11,8,12,0,3.565,0.333333333333333
2012,11,8,18,0,-0.389,0.991666666666667
2012,11,9,0,0,-3.176,1
2012,11,9,6,0,-1.407,0.996666666666667
2012,11,9,12,0,0.407,0.981666666666667
2012,11,9,18,0,-3.306,1
2012,11,10,0,0,-3.259,1
2012,11,10,6,0,-1.991,1
2012,11,10,12,0,-0.139,1
2012,11,10,18,0,-4.296,1
2012,11,11,0,0,-5.454,1
2012,11,11,6,0,-3.009,0.996666666666667
2012,11,11,12,2.1844,0.194,0.815
2012,11,11,18,18.8468,0.843,0.388333333333333
2012,11,12,0,6.604,1.009,0.313333333333333
2012,11,12,6,1.4986,1.389,0.276666666666667
2012,11,12,12,3.4798,1.62,0.3
2012,11,12,18,1.778,0.065,0.54
2012,11,13,0,3.0226,0.704,0.321666666666667
2012,11,13,6,3.8608,1.463,0.261666666666667
2012,11,13,12,2.2352,3.269,0.111666666666667
2012,11,13,18,3.8608,1.361,0.19
2012,11,14,0,4.1656,1.481,0.175
2012,11,14,6,2.0574,2.667,0.113333333333333
2012,11,14,12,0.381,4.593,0.0666666666666667
2012,11,14,18,0,0.213,0.71
2012,11,15,0,0,-1.093,0.991666666666667
2012,11,15,6,0,0.611,0.666666666666667
2012,11,15,12,0,3.241,0.211666666666667
2012,11,15,18,0,-0.148,0.863333333333333
2012,11,16,0,0,-0.907,0.961666666666667
2012,11,16,6,0,0.731,0.573333333333333
2012,11,16,12,0.4318,3.056,0.281666666666667
2012,11,16,18,7.2898,2.185,0.266666666666667
2012,11,17,0,4.0386,3.296,0.12
2012,11,17,6,2.1336,4.111,0.0866666666666667
2012,11,17,12,15.9004,4.287,0.0816666666666667
2012,11,17,18,3.9116,1.093,0.38
2012,11,18,0,3.2004,0.657,0.431666666666667
2012,11,18,6,1.8796,1.333,0.338333333333333
2012,11,18,12,1.7526,2.491,0.23
2012,11,18,18,3.5052,2.833,0.175
2012,11,19,0,3.4544,2.704,0.143333333333333
2012,11,19,6,21.8186,3.602,0.09
2012,11,19,12,22.4028,4.463,0.0766666666666667
2012,11,19,18,15.9766,2.935,0.145
2012,11,20,0,2.7178,1.343,0.295
2012,11,20,6,0.4064,2.352,0.195
2012,11,20,12,3.4544,3.5,0.141666666666667
2012,11,20,18,1.6256,1.25,0.32
2012,11,21,0,3.5814,1.056,0.333333333333333
2012,11,21,6,21.6662,1.454,0.26
2012,11,21,12,8.7376,0.38,0.563333333333333
2012,11,21,18,5.5626,-0.38,0.77
2012,11,22,0,0.4318,-1.796,0.985
2012,11,22,6,0.2286,-1.12,0.903333333333333
2012,11,22,12,2.0574,1.361,0.533333333333333
2012,11,22,18,2.9464,1.481,0.655
2012,11,23,0,9.4996,1.778,0.375
2012,11,23,6,17.1958,1.88,0.206666666666667
2012,11,23,12,8.3566,2.352,0.146666666666667
2012,11,23,18,9.1186,0.713,0.35
2012,11,24,0,1.8796,-0.333,0.823333333333333
2012,11,24,6,0,0.241,0.666666666666667
2012,11,24,12,0,0.426,0.678333333333333
2012,11,24,18,0,-1.731,1
2012,11,25,0,0,-2.278,1
2012,11,25,6,0.0254,-1.028,0.956666666666667
2012,11,25,12,0,0.148,0.9
2012,11,25,18,0,-2.602,1
2012,11,26,0,0,-1.574,1
2012,11,26,6,0,-1.306,0.998333333333333
2012,11,26,12,0,0.028,0.991666666666667
2012,11,26,18,0,-2.917,1
2012,11,27,0,0,-1.87,1
2012,11,27,6,0,-1.176,0.958333333333333
2012,11,27,12,0,0.713,0.71
2012,11,27,18,0,-1.574,0.983333333333333
2012,11,28,0,0,-0.833,0.958333333333333
2012,11,28,6,0,1.287,0.636666666666667
2012,11,28,12,1.8796,3.407,0.246666666666667
2012,11,28,18,2.286,2.093,0.266666666666667
2012,11,29,0,0.4826,1.833,0.286666666666667
2012,11,29,6,1.9558,2.991,0.206666666666667
2012,11,29,12,2.3114,3.444,0.16
2012,11,29,18,0.2286,2.528,0.221666666666667
2012,11,30,0,1.7526,3.63,0.128333333333333
2012,11,30,6,7.1374,4.343,0.0933333333333333
2012,11,30,12,15.9512,4.87,0.0733333333333333
2012,11,30,18,12.9032,4.046,0.09
2012,12,1,0,4.5466,4.093,0.085
2012,12,1,6,5.1054,3.13,0.123333333333333
2012,12,1,12,8.5598,3.741,0.0983333333333333
2012,12,1,18,3.7846,3.287,0.106666666666667
2012,12,2,0,5.1308,3.769,0.0916666666666667
2012,12,2,6,11.811,3.093,0.106666666666667
2012,12,2,12,7.7978,3.306,0.11
2012,12,2,18,6.9596,3,0.113333333333333
2012,12,3,0,9.0424,2.481,0.141666666666667
2012,12,3,6,4.1656,2.287,0.166666666666667
2012,12,3,12,1.0414,3.037,0.12
2012,12,3,18,3.8354,4.056,0.085
2012,12,4,0,5.2324,5.259,0.0616666666666667
2012,12,4,6,7.7216,5.259,0.0533333333333333
2012,12,4,12,4.445,3.657,0.09
2012,12,4,18,5.461,2.852,0.111666666666667
2012,12,5,0,9.2456,1.37,0.306666666666667
2012,12,5,6,3.0226,0.574,0.495
2012,12,5,12,1.143,1.731,0.238333333333333
2012,12,5,18,3.8608,1.028,0.295
2012,12,6,0,5.9436,0.796,0.35
2012,12,6,6,14.224,0.694,0.353333333333333
2012,12,6,12,6.5786,0.5,0.456666666666667
2012,12,6,18,2.8194,-0.241,0.736666666666667
2012,12,7,0,10.033,0.13,0.541666666666667
2012,12,7,6,9.0678,0.537,0.405
2012,12,7,12,2.8194,-0.537,0.805
2012,12,7,18,1.6256,-2.38,0.998333333333333
2012,12,8,0,1.2446,-2.269,1
2012,12,8,6,0.0762,-1.704,0.996666666666667
2012,12,8,12,0,-1.444,0.996666666666667
2012,12,8,18,0,-3.306,1
2012,12,9,0,0.0254,-3,1
2012,12,9,6,0.381,-1.648,0.986666666666667
2012,12,9,12,0.1524,0.12,0.545
2012,12,9,18,0,-0.185,0.561666666666667
2012,12,10,0,0.1016,-0.769,0.756666666666667
2012,12,10,6,0.9906,-0.861,0.836666666666667
2012,12,10,12,1.27,0.056,0.626666666666667
2012,12,10,18,0.508,-1.417,0.925
2012,12,11,0,0.1016,0.065,0.598333333333333
2012,12,11,6,2.3622,0.565,0.468333333333333
2012,12,11,12,4.8768,0.759,0.346666666666667
2012,12,11,18,1.2446,0.435,0.361666666666667
2012,12,12,0,1.4478,0.185,0.493333333333333
2012,12,12,6,0.5842,0.444,0.42
2012,12,12,12,0,0.75,0.371666666666667
2012,12,12,18,0,-0.935,0.875
2012,12,13,0,0,-2.111,0.988333333333333
2012,12,13,6,0,-1.565,0.951666666666667
2012,12,13,12,0.4572,0.778,0.433333333333333
2012,12,13,18,1.2446,-0.093,0.693333333333333
2012,12,14,0,2.032,0.222,0.473333333333333
2012,12,14,6,2.921,-0.954,0.958333333333333
2012,12,14,12,0,-1.88,0.971666666666667
2012,12,14,18,0,-4.38,1
2012,12,15,0,0.0508,-3.111,1
2012,12,15,6,2.9718,-1.111,0.961666666666667
2012,12,15,12,7.5692,0.37,0.6
2012,12,15,18,3.2258,-1.565,0.983333333333333
2012,12,16,0,2.7432,-2.398,1
2012,12,16,6,4.064,-2.676,0.998333333333333
2012,12,16,12,2.8194,-0.519,0.89
2012,12,16,18,16.0528,0.019,0.65
2012,12,17,0,10.6426,1.343,0.238333333333333
2012,12,17,6,8.0772,0.25,0.545
2012,12,17,12,4.0386,-1.148,0.98
2012,12,17,18,2.8956,-2.602,1
2012,12,18,0,2.5146,-2.731,1
2012,12,18,6,4.6482,-2.111,0.996666666666667
2012,12,18,12,2.7686,-1.769,0.995
2012,12,18,18,0.7112,-3.537,1
2012,12,19,0,1.143,-3.148,1
2012,12,19,6,5.207,-1.222,0.853333333333333
2012,12,19,12,4.953,1.074,0.338333333333333
2012,12,19,18,3.4798,0.287,0.536666666666667
2012,12,20,0,2.921,0.796,0.401666666666667
2012,12,20,6,9.7282,0.722,0.386666666666667
2012,12,20,12,9.8552,-0.417,0.758333333333333
2012,12,20,18,0.9906,-2.13,0.991666666666667
2012,12,21,0,0,-4.102,1
2012,12,21,6,0.0508,-1.935,0.976666666666667
2012,12,21,12,0.1778,0.083,0.708333333333333
2012,12,21,18,0,-3.167,1
2012,12,22,0,0.2032,-1.167,0.916666666666667
2012,12,22,6,2.6924,0.213,0.64
2012,12,22,12,2.8194,0.417,0.568333333333333
2012,12,22,18,2.3368,-1.481,0.978333333333333
2012,12,23,0,0.6604,-1.889,0.99
2012,12,23,6,0.5842,-0.889,0.955
2012,12,23,12,1.1938,0,0.79
2012,12,23,18,3.4544,-2.12,1
2012,12,24,0,2.3114,-2.435,1
2012,12,24,6,0.1524,-1.167,0.971666666666667
2012,12,24,12,0.0762,-0.917,0.873333333333333
2012,12,24,18,0,-4.139,1
2012,12,25,0,0,-2.574,1
2012,12,25,6,0.4318,-1.528,0.998333333333333
2012,12,25,12,1.6256,-0.907,0.99
2012,12,25,18,0.2032,-1.176,0.996666666666667
2012,12,26,0,0.4826,-1.324,1
2012,12,26,6,2.413,-0.907,0.943333333333333
2012,12,26,12,0.5588,-0.352,0.828333333333333
2012,12,26,18,3.4798,-1.028,0.97
2012,12,27,0,1.0414,-1.509,0.998333333333333
2012,12,27,6,0.3556,-0.815,0.916666666666667
2012,12,27,12,0.508,-0.38,0.79
2012,12,27,18,0.2286,-2.139,1
2012,12,28,0,0.2032,-2.926,1
2012,12,28,6,0,-1.065,0.86
2012,12,28,12,0,0.611,0.473333333333333
2012,12,28,18,0,-1.648,1
2012,12,29,0,0.6858,-0.824,0.996666666666667
2012,12,29,6,5.0292,-0.185,0.743333333333333
2012,12,29,12,1.4224,0.167,0.583333333333333
2012,12,29,18,0,-2.426,1
2012,12,30,0,0,-4.074,1
2012,12,30,6,0,-3.343,1
2012,12,30,12,0,-1.278,0.94
2012,12,30,18,0,-4.38,1
2012,12,31,0,0,-5.13,1
2012,12,31,6,0,-2.185,1
2012,12,31,12,0,-0.741,0.981666666666667
2012,12,31,18,0,-6.074,1
2013,1,1,0,0,-6.528,1
2013,1,1,6,0,-3.981,1
2013,1,1,12,0,-0.963,0.968333333333333
2013,1,1,18,0,-4.694,1
2013,1,2,0,0,-4.843,1
2013,1,2,6,0,-2.5,0.996666666666667
2013,1,2,12,0,-0.546,0.978333333333333
2013,1,2,18,0,-3.593,1
2013,1,3,0,0,-4.657,1
2013,1,3,6,0,-3.63,1
2013,1,3,12,0,-1.833,0.993333333333333
2013,1,3,18,0.6096,-3.12,1
2013,1,4,0,1.8542,-1.306,0.971666666666667
2013,1,4,6,8.9662,-1.157,0.933333333333333
2013,1,4,12,1.3716,-1.083,0.863333333333333
2013,1,4,18,0,-3.463,0.998333333333333
2013,1,5,0,0.3302,-0.37,0.913333333333333
2013,1,5,6,5.8928,0.5,0.726666666666667
2013,1,5,12,3.0226,0.435,0.625
2013,1,5,18,5.0292,-0.787,0.855
2013,1,6,0,0.4826,-0.861,0.81
2013,1,6,6,0.8636,-0.843,0.776666666666667
2013,1,6,12,1.9558,1.454,0.323333333333333
2013,1,6,18,2.9718,0.352,0.553333333333333
2013,1,7,0,5.4356,1.074,0.343333333333333
2013,1,7,6,14.4526,1.657,0.23
2013,1,7,12,9.4488,2.944,0.103333333333333
2013,1,7,18,2.3876,1.306,0.275
2013,1,8,0,2.3876,-0.852,0.801666666666667
2013,1,8,6,8.5598,0.167,0.57
2013,1,8,12,21.8186,3.074,0.103333333333333
2013,1,8,18,30.1752,3.944,0.08
2013,1,9,0,33.4518,2.657,0.105
2013,1,9,6,8.255,1.102,0.303333333333333
2013,1,9,12,2.921,-0.194,0.78
2013,1,9,18,1.651,-2.972,1
2013,1,10,0,0.8128,-3.111,1
2013,1,10,6,5.9436,-2.139,0.996666666666667
2013,1,10,12,0.5588,-1.491,0.996666666666667
2013,1,10,18,0,-3.861,1
2013,1,11,0,0,-5.991,1
2013,1,11,6,0,-6.25,1
2013,1,11,12,0,-4.13,1
2013,1,11,18,0,-7.481,1
2013,1,12,0,0,-8.491,1
2013,1,12,6,0,-7.157,1
2013,1,12,12,0,-4.5,1
2013,1,12,18,0,-9.111,1
2013,1,13,0,0,-9.565,1
2013,1,13,6,0,-7.204,1
2013,1,13,12,0,-4.065,1
2013,1,13,18,0,-5.454,1
2013,1,14,0,0,-5.898,1
2013,1,14,6,0,-4.648,1
2013,1,14,12,0,-2.315,1
2013,1,14,18,0,-6.694,1
2013,1,15,0,0,-7.481,1
2013,1,15,6,0,-4.583,1
2013,1,15,12,0,-0.519,0.841666666666667
2013,1,15,18,0,-3.898,1
2013,1,16,0,0,-4.222,1
2013,1,16,6,0,-3.13,1
2013,1,16,12,0,-0.88,0.988333333333333
2013,1,16,18,0,-4.611,1
2013,1,17,0,0,-4.917,1
2013,1,17,6,0,-3.12,1
2013,1,17,12,0,-1.574,1
2013,1,17,18,0,-1.565,1
2013,1,18,0,0,-4.759,1
2013,1,18,6,0,-3.204,1
2013,1,18,12,0,-1.491,1
2013,1,18,18,0,-4.935,1
2013,1,19,0,0,-5.583,1
2013,1,19,6,0,-2.602,1
2013,1,19,12,0,0.481,0.991666666666667
2013,1,19,18,0,-3.083,1
2013,1,20,0,0,-3.935,1
2013,1,20,6,0,-1.537,0.993333333333333
2013,1,20,12,0,1.963,0.88
2013,1,20,18,0,-3.639,1
2013,1,21,0,0,-6.463,1
2013,1,21,6,0,-2.194,1
2013,1,21,12,0,0.194,0.998333333333333
2013,1,21,18,0,-5.315,1
2013,1,22,0,0,-6.13,1
2013,1,22,6,0,-2.824,1
2013,1,22,12,0,0.13,0.985
2013,1,22,18,0,-0.713,1
2013,1,23,0,0.889,0.602,0.983333333333333
2013,1,23,6,5.1308,0.12,0.918333333333333
2013,1,23,12,8.6868,0.046,0.818333333333333
2013,1,23,18,4.4958,-1.111,0.871666666666667
2013,1,24,0,0.1524,-1.231,0.865
2013,1,24,6,0.2032,-2.611,0.923333333333333
2013,1,24,12,2.3114,0.769,0.516666666666667
2013,1,24,18,5.7658,0.907,0.453333333333333
2013,1,25,0,4.4958,1.13,0.283333333333333
2013,1,25,6,1.778,0.694,0.451666666666667
2013,1,25,12,0.381,1.333,0.24
2013,1,25,18,0.3302,-0.509,0.835
2013,1,26,0,0,-0.324,0.796666666666667
2013,1,26,6,3.3782,-0.111,0.648333333333333
2013,1,26,12,3.9116,0.685,0.393333333333333
2013,1,26,18,3.81,-0.972,0.855
2013,1,27,0,3.81,-1.176,0.921666666666667
2013,1,27,6,1.0668,-0.722,0.788333333333333
2013,1,27,12,3.2512,0.324,0.561666666666667
2013,1,27,18,2.0066,-0.935,0.813333333333333
2013,1,28,0,2.1082,-1.046,0.848333333333333
2013,1,28,6,2.0574,-0.463,0.743333333333334
2013,1,28,12,4.064,1.102,0.338333333333333
2013,1,28,18,3.81,-0.185,0.648333333333333
2013,1,29,0,1.3208,-0.306,0.665
2013,1,29,6,0.2286,-0.028,0.613333333333333
2013,1,29,12,3.0734,1.639,0.25
2013,1,29,18,4.8514,2.019,0.168333333333333
2013,1,30,0,0.889,2.148,0.141666666666667
2013,1,30,6,1.3208,2.185,0.15
2013,1,30,12,1.27,1.926,0.2
2013,1,30,18,2.5146,0.639,0.451666666666667
2013,1,31,0,2.3368,2.648,0.125
2013,1,31,6,2.8956,3.093,0.105
2013,1,31,12,3.5052,3.167,0.106666666666667
2013,1,31,18,1.143,0.676,0.405
2013,2,1,0,0.4826,-1.472,0.858333333333333
2013,2,1,6,0,-0.62,0.65
2013,2,1,12,0,1.528,0.265
2013,2,1,18,0,0.444,0.738333333333333
2013,2,2,0,0,0.343,0.95
2013,2,2,6,0,1.778,0.633333333333333
2013,2,2,12,0,3.574,0.196666666666667
2013,2,2,18,0,0.444,0.748333333333333
2013,2,3,0,0,-2.074,0.995
2013,2,3,6,0,-0.889,0.776666666666667
2013,2,3,12,0.6858,1.343,0.295
2013,2,3,18,0.6604,0.528,0.35
2013,2,4,0,0.0762,-0.102,0.496666666666667
2013,2,4,6,0,0.685,0.336666666666667
2013,2,4,12,0,1.602,0.266666666666667
2013,2,4,18,0,1.38,0.33
2013,2,5,0,0.7366,3.028,0.163333333333333
2013,2,5,6,2.8448,2.176,0.195
2013,2,5,12,1.4732,2.306,0.216666666666667
2013,2,5,18,5.8674,1.148,0.298333333333333
2013,2,6,0,3.2766,0.769,0.338333333333333
2013,2,6,6,0.7366,0.843,0.388333333333333
2013,2,6,12,1.4224,1.907,0.265
2013,2,6,18,2.0828,1.648,0.276666666666667
2013,2,7,0,1.524,1.843,0.28
2013,2,7,6,0.3556,0.593,0.531666666666667
2013,2,7,12,0.3302,1.306,0.425
2013,2,7,18,0,-2.546,0.998333333333333
2013,2,8,0,0,-4.074,1
2013,2,8,6,0,-2.231,0.846666666666667
2013,2,8,12,0,1.194,0.306666666666667
2013,2,8,18,0,-1.815,0.976666666666667
2013,2,9,0,0,-2.019,1
2013,2,9,6,0,-0.324,0.686666666666667
2013,2,9,12,0,1.352,0.315
2013,2,9,18,0,-2.491,0.995
2013,2,10,0,0,-3.037,1
2013,2,10,6,0,-1.315,0.781666666666667
2013,2,10,12,0,2.833,0.206666666666667
2013,2,10,18,0.0762,-2.546,0.993333333333333
2013,2,11,0,0.0254,-3.417,0.998333333333333
2013,2,11,6,0,-0.676,0.686666666666667
2013,2,11,12,0,2.287,0.165
2013,2,11,18,0,0.435,0.393333333333333
2013,2,12,0,0.1016,1.306,0.256666666666667
2013,2,12,6,0.6096,1.074,0.291666666666667
2013,2,12,12,0.8636,2.667,0.135
2013,2,12,18,1.7272,3.333,0.0883333333333333
2013,2,13,0,0.4318,2.759,0.111666666666667
2013,2,13,6,0.127,2.194,0.165
2013,2,13,12,0.1016,2.713,0.138333333333333
2013,2,13,18,0,-0.222,0.585
2013,2,14,0,0.3556,0.102,0.485
2013,2,14,6,0.7874,2.287,0.175
2013,2,14,12,0.3302,3.213,0.128333333333333
2013,2,14,18,0,0.87,0.345
2013,2,15,0,0.0254,-0.833,0.835
2013,2,15,6,0,0.935,0.521666666666667
2013,2,15,12,0,5.259,0.085
2013,2,15,18,0,1.796,0.293333333333333
2013,2,16,0,3.302,2.88,0.161666666666667
2013,2,16,6,8.8392,2.852,0.148333333333333
2013,2,16,12,4.1402,1.602,0.333333333333333
2013,2,16,18,4.5974,-0.093,0.608333333333333
2013,2,17,0,1.6256,-0.194,0.646666666666667
2013,2,17,6,0,0.778,0.391666666666667
2013,2,17,12,0,1.981,0.325
2013,2,17,18,0,-1.954,0.98
2013,2,18,0,0,-2.213,1
2013,2,18,6,0.0508,-0.926,0.818333333333333
2013,2,18,12,0.2032,1.222,0.515
2013,2,18,18,0,-1.065,0.921666666666667
2013,2,19,0,0.1524,-3.241,1
2013,2,19,6,1.0414,-1.944,0.963333333333333
2013,2,19,12,0.9144,1.25,0.703333333333333
2013,2,19,18,0.9144,-3.491,1
2013,2,20,0,0.762,-4.407,1
2013,2,20,6,0.0508,-2.574,0.941666666666667
2013,2,20,12,0.1016,0.296,0.751666666666667
2013,2,20,18,0,-2.528,0.998333333333333
2013,2,21,0,0.127,-2.583,1
2013,2,21,6,4.572,-1.62,0.921666666666667
2013,2,21,12,3.4036,-0.426,0.7
2013,2,21,18,0.6858,-1.593,0.883333333333333
2013,2,22,0,2.7686,-1.028,0.785
2013,2,22,6,9.7028,0.898,0.435
2013,2,22,12,9.1694,1.843,0.291666666666667
2013,2,22,18,4.7244,-1.231,0.831666666666667
2013,2,23,0,3.0226,-1.639,0.878333333333333
2013,2,23,6,0.3556,-0.278,0.646666666666667
2013,2,23,12,0.2286,1.167,0.415
2013,2,23,18,0.0508,-0.38,0.743333333333334
2013,2,24,0,0.4572,-0.824,0.791666666666667
2013,2,24,6,0.7112,-0.315,0.658333333333333
2013,2,24,12,1.2446,0.824,0.431666666666667
2013,2,24,18,3.1496,0.463,0.545
2013,2,25,0,9.3218,0.935,0.415
2013,2,25,6,16.002,-0.056,0.618333333333333
2013,2,25,12,12.3444,0.259,0.591666666666667
2013,2,25,18,5.3848,-0.454,0.718333333333333
2013,2,26,0,1.1176,-1.63,0.955
2013,2,26,6,0,-1.093,0.826666666666667
2013,2,26,12,0.6858,1.417,0.425
2013,2,26,18,2.5908,-0.194,0.756666666666667
2013,2,27,0,1.6764,-1.778,0.978333333333333
2013,2,27,6,0.0762,-1.019,0.836666666666667
2013,2,27,12,0.0254,1.713,0.41
2013,2,27,18,0.254,-1.157,0.921666666666667
2013,2,28,0,0,-1.278,0.915
2013,2,28,6,5.715,-0.12,0.671666666666667
2013,2,28,12,13.843,2.083,0.281666666666667
2013,2,28,18,14.986,1.833,0.265
2013,3,1,0,21.4122,2.481,0.201666666666667
2013,3,1,6,14.8082,2.472,0.218333333333333
2013,3,1,12,3.302,2.731,0.221666666666667
2013,3,1,18,4.6228,2.546,0.186666666666667
2013,3,2,0,2.3114,2.537,0.176666666666667
2013,3,2,6,2.921,4.102,0.0883333333333333
2013,3,2,12,17.2466,4.12,0.103333333333333
2013,3,2,18,5.3086,0.287,0.55
2013,3,3,0,1.7018,-1.759,0.97
2013,3,3,6,0.4064,-1,0.783333333333333
2013,3,3,12,0.0254,3.13,0.181666666666667
2013,3,3,18,0,-2.231,0.956666666666667
2013,3,4,0,0,-4.88,1
2013,3,4,6,0,-1.509,0.836666666666667
2013,3,4,12,0,3.204,0.401666666666667
2013,3,4,18,0,-1.685,0.995
2013,3,5,0,0,-1.139,1
2013,3,5,6,0,0.491,0.876666666666667
2013,3,5,12,0.0254,2.824,0.386666666666667
2013,3,5,18,0.0762,-0.824,0.966666666666667
2013,3,6,0,0,-1.204,0.973333333333333
2013,3,6,6,3.0226,-0.546,0.798333333333333
2013,3,6,12,3.429,1.5,0.38
2013,3,6,18,3.3782,-1.194,0.87
2013,3,7,0,2.54,-1.935,0.953333333333333
2013,3,7,6,1.4986,0.083,0.586666666666667
2013,3,7,12,0.1016,3.444,0.136666666666667
2013,3,7,18,0,-0.898,0.845
2013,3,8,0,0,-3.454,1
2013,3,8,6,0.1016,-0.593,0.66
2013,3,8,12,0,5.241,0.085
2013,3,8,18,0.0254,-3.259,0.975
2013,3,9,0,0.127,-5.093,1
2013,3,9,6,0,-0.602,0.695
2013,3,9,12,0,4.287,0.133333333333333
2013,3,9,18,0,-2.389,0.975
2013,3,10,0,0,-1.954,0.956666666666667
2013,3,10,6,0,1.565,0.308333333333333
2013,3,10,12,0,2.991,0.133333333333333
2013,3,10,18,0,-0.157,0.613333333333333
2013,3,11,0,0,-2.611,0.998333333333333
2013,3,11,6,0,-0.167,0.768333333333333
2013,3,11,12,0.3302,3.824,0.273333333333333
2013,3,11,18,9.8806,0.694,0.638333333333333
2013,3,12,0,22.1996,0.954,0.395
2013,3,12,6,21.7678,3.009,0.148333333333333
2013,3,12,12,15.3924,4.167,0.101666666666667
2013,3,12,18,19.0246,2.315,0.198333333333333
2013,3,13,0,16.8656,2.306,0.196666666666667
2013,3,13,6,0.2286,3.713,0.12
2013,3,13,12,8.0772,5.009,0.0733333333333333
2013,3,13,18,6.4516,3.602,0.106666666666667
2013,3,14,0,1.1938,3.852,0.0933333333333333
2013,3,14,6,2.5654,4.713,0.085
2013,3,14,12,6.5532,5.87,0.0616666666666667
2013,3,14,18,7.7216,3.037,0.118333333333333
2013,3,15,0,1.8542,2.509,0.148333333333333
2013,3,15,6,3.1496,2.981,0.173333333333333
2013,3,15,12,3.3782,5.62,0.0633333333333333
2013,3,15,18,12.0396,2.13,0.228333333333333
2013,3,16,0,5.7404,0.843,0.386666666666667
2013,3,16,6,10.3378,2.787,0.155
2013,3,16,12,16.383,2.944,0.171666666666667
2013,3,16,18,7.239,-0.75,0.828333333333333
2013,3,17,0,3.7084,-1.028,0.873333333333333
2013,3,17,6,3.2258,-0.472,0.808333333333333
2013,3,17,12,2.921,0.704,0.566666666666667
2013,3,17,18,3.0226,-2.148,0.976666666666667
2013,3,18,0,9.1694,-2.046,0.971666666666667
2013,3,18,6,3.81,0.343,0.526666666666667
2013,3,18,12,2.413,1.167,0.428333333333333
2013,3,18,18,0.1524,-4.037,0.995
2013,3,19,0,0,-5.824,1
2013,3,19,6,0,-0.935,0.93
2013,3,19,12,1.524,2.843,0.411666666666667
2013,3,19,18,5.7912,0.898,0.625
2013,3,20,0,9.9314,1.454,0.358333333333333
2013,3,20,6,17.7038,2.935,0.163333333333333
2013,3,20,12,14.6304,1.907,0.34
2013,3,20,18,4.3688,-1.898,0.953333333333333
2013,3,21,0,3.0988,-3.565,1
2013,3,21,6,0.9906,-2.083,0.961666666666667
2013,3,21,12,0.9144,-0.25,0.838333333333333
2013,3,21,18,1.1684,-3.769,1
2013,3,22,0,0.8636,-4.472,1
2013,3,22,6,0.4572,-2.963,0.99
2013,3,22,12,0.2032,0.926,0.623333333333333
2013,3,22,18,0,-4.352,1
2013,3,23,0,0,-5.741,1
2013,3,23,6,0,-1.491,0.853333333333333
2013,3,23,12,0,3.315,0.271666666666667
2013,3,23,18,0,-4.25,0.998333333333333
2013,3,24,0,0,-5.38,1
2013,3,24,6,0,0.315,0.633333333333333
2013,3,24,12,0,6.741,0.0766666666666667
2013,3,24,18,0,-1.954,0.91
2013,3,25,0,0,-4.13,1
2013,3,25,6,0,0.657,0.625
2013,3,25,12,0,7.972,0.0516666666666667
2013,3,25,18,0,-2.491,0.943333333333333
2013,3,26,0,0,-4.787,1
2013,3,26,6,0,2.62,0.453333333333333
2013,3,26,12,0,8.824,0.025
2013,3,26,18,0,-0.972,0.835
2013,3,27,0,0,-3.519,1
2013,3,27,6,0,3.37,0.386666666666667
2013,3,27,12,0,9.306,0.0266666666666667
2013,3,27,18,0,0.269,0.77
2013,3,28,0,0,-1.519,0.963333333333333
2013,3,28,6,0,3.574,0.373333333333333
2013,3,28,12,0,9.935,0.02
2013,3,28,18,0,0.648,0.601666666666667
2013,3,29,0,0,-0.963,0.89
2013,3,29,6,0,4.444,0.185
2013,3,29,12,0,10.602,0.0133333333333333
2013,3,29,18,0,0.37,0.756666666666667
2013,3,30,0,0,-1.713,0.998333333333333
2013,3,30,6,0,4.148,0.366666666666667
2013,3,30,12,0,13.009,0.01
2013,3,30,18,0,0.935,0.845
2013,3,31,0,0,-1.287,1
2013,3,31,6,0,1.991,0.576666666666667
2013,3,31,12,0,10.546,0.015
2013,3,31,18,0,2.898,0.641666666666667
2013,4,1,0,0,-0.519,0.995
2013,4,1,6,0,4.046,0.233333333333333
2013,4,1,12,0,8.519,0.0133333333333333
2013,4,1,18,0,4.593,0.0733333333333333
2013,4,2,0,0,4.102,0.0733333333333333
2013,4,2,6,0,5.657,0.0333333333333333
2013,4,2,12,0,7.722,0.0166666666666667
2013,4,2,18,0,4.046,0.09
2013,4,3,0,0,2.324,0.165
2013,4,3,6,0,5.296,0.0483333333333333
2013,4,3,12,0,8.481,0.015
2013,4,3,18,0,5.231,0.0833333333333333
2013,4,4,0,0.0254,5.528,0.0816666666666667
2013,4,4,6,1.2192,6.907,0.0533333333333333
2013,4,4,12,6.223,7.343,0.025
2013,4,4,18,5.6388,5.074,0.0633333333333333
2013,4,5,0,5.3848,3.889,0.0983333333333333
2013,4,5,6,8.4836,4.454,0.101666666666667
2013,4,5,12,2.4892,5.815,0.075
2013,4,5,18,2.3876,4.63,0.0933333333333333
2013,4,6,0,5.9436,3.889,0.118333333333333
2013,4,6,6,15.4686,3.037,0.176666666666667
2013,4,6,12,5.6642,3.528,0.18
2013,4,6,18,5.1816,0.907,0.358333333333333
2013,4,7,0,3.5052,0.222,0.561666666666667
2013,4,7,6,10.8712,1.722,0.296666666666667
2013,4,7,12,6.9596,2.639,0.266666666666667
2013,4,7,18,3.683,-0.111,0.578333333333333
2013,4,8,0,2.9972,-0.241,0.575
2013,4,8,6,2.0574,1.472,0.36
2013,4,8,12,0.9398,4.796,0.11
2013,4,8,18,0.4826,1.13,0.4
2013,4,9,0,7.6454,-0.139,0.66
2013,4,9,6,1.0922,3,0.233333333333333
2013,4,9,12,0.635,5.565,0.0966666666666667
2013,4,9,18,1.2192,2.13,0.265
2013,4,10,0,2.3622,3.917,0.135
2013,4,10,6,21.9202,5.667,0.0633333333333333
2013,4,10,12,4.6482,4.639,0.106666666666667
2013,4,10,18,1.8034,2.648,0.201666666666667
2013,4,11,0,3.3274,0.713,0.388333333333333
2013,4,11,6,1.8796,1.991,0.273333333333333
2013,4,11,12,0.1524,3.602,0.165
2013,4,11,18,0,-1.167,0.848333333333333
2013,4,12,0,0,-1.352,0.89
2013,4,12,6,0.2794,1.231,0.448333333333333
2013,4,12,12,4.5974,1.269,0.401666666666667
2013,4,12,18,3.937,-0.713,0.761666666666667
2013,4,13,0,1.3716,-2.167,0.961666666666667
2013,4,13,6,4.5974,-1,0.763333333333333
2013,4,13,12,2.4638,2.565,0.198333333333333
2013,4,13,18,1.1938,0.787,0.486666666666667
2013,4,14,0,1.3462,-2.352,0.99
2013,4,14,6,1.0414,0.611,0.551666666666667
2013,4,14,12,2.9718,5.056,0.113333333333333
2013,4,14,18,1.905,-1.176,0.853333333333333
2013,4,15,0,1.3462,-2.037,0.976666666666667
2013,4,15,6,0.508,3.019,0.27
2013,4,15,12,1.9812,7.407,0.0516666666666667
2013,4,15,18,0.1016,1.241,0.518333333333333
2013,4,16,0,0,-2.796,1
2013,4,16,6,0,3.62,0.333333333333333
2013,4,16,12,0,7.75,0.0516666666666667
2013,4,16,18,0,0.213,0.771666666666667
2013,4,17,0,0,-2.852,1
2013,4,17,6,0,4.583,0.243333333333333
2013,4,17,12,0,5.917,0.075
2013,4,17,18,0,-0.148,0.698333333333333
2013,4,18,0,0.127,-0.722,0.736666666666667
2013,4,18,6,0.0508,1.343,0.36
2013,4,18,12,1.651,3.611,0.143333333333333
2013,4,18,18,5.1816,2.352,0.188333333333333
2013,4,19,0,5.4356,2.917,0.135
2013,4,19,6,3.81,5.185,0.07
2013,4,19,12,3.556,5.926,0.0533333333333333
2013,4,19,18,3.429,3.009,0.13
2013,4,20,0,6.7818,2.648,0.15
2013,4,20,6,4.7498,3.491,0.13
2013,4,20,12,2.6162,5.12,0.09
2013,4,20,18,1.8542,2.296,0.186666666666667
2013,4,21,0,4.1148,0.472,0.466666666666667
2013,4,21,6,9.7536,4.565,0.0966666666666667
2013,4,21,12,1.9304,6.602,0.065
2013,4,21,18,0.0762,1.009,0.565
2013,4,22,0,0.0508,-2.991,1
2013,4,22,6,0,3.093,0.471666666666667
2013,4,22,12,0,9.167,0.055
2013,4,22,18,0,-0.787,0.871666666666667
2013,4,23,0,0,-1.991,0.985
2013,4,23,6,0,6.389,0.0883333333333333
2013,4,23,12,0,9.852,0.0166666666666667
2013,4,23,18,0,0.972,0.72
2013,4,24,0,0,-1.694,0.991666666666667
2013,4,24,6,0,6.13,0.166666666666667
2013,4,24,12,0,11.713,0.0133333333333333
2013,4,24,18,0,2.667,0.415
2013,4,25,0,0,-1.398,0.97
2013,4,25,6,0,7.083,0.0983333333333333
2013,4,25,12,0,12.546,0.00166666666666667
2013,4,25,18,0,3.12,0.28
2013,4,26,0,0,-0.102,0.723333333333333
2013,4,26,6,0,5.972,0.13
2013,4,26,12,0,10.917,0.00333333333333333
2013,4,26,18,0,4.213,0.168333333333333
2013,4,27,0,0.0508,1.87,0.313333333333333
2013,4,27,6,2.54,6.407,0.0733333333333333
2013,4,27,12,3.6576,5.667,0.0466666666666667
2013,4,27,18,0.635,3.306,0.136666666666667
2013,4,28,0,0.1778,2.296,0.201666666666667
2013,4,28,6,0.5588,3.509,0.133333333333333
2013,4,28,12,1.2192,5.648,0.0566666666666666
2013,4,28,18,10.2108,3.639,0.113333333333333
2013,4,29,0,5.207,1.556,0.286666666666667
2013,4,29,6,2.2098,1.713,0.388333333333333
2013,4,29,12,0.7366,5.574,0.0916666666666667
2013,4,29,18,1.1938,1.676,0.341666666666667
2013,4,30,0,0.4826,-0.861,0.813333333333333
2013,4,30,6,0.0254,1.593,0.505
2013,4,30,12,0.0254,6.657,0.0866666666666667
2013,4,30,18,0,-0.491,0.77
2013,5,1,0,0,-3.657,1
2013,5,1,6,0,4.287,0.271666666666667
2013,5,1,12,0,10.287,0.02
2013,5,1,18,0,-0.074,0.77
2013,5,2,0,0,-1.176,0.975
2013,5,2,6,0,8.278,0.131666666666667
2013,5,2,12,0,13.833,0.00333333333333333
2013,5,2,18,0,4.796,0.241666666666667
2013,5,3,0,0,-0.176,0.826666666666667
2013,5,3,6,0,10.102,0.0333333333333333
2013,5,3,12,0,17.315,0
2013,5,3,18,0,8.75,0.0366666666666667
2013,5,4,0,0,2.472,0.438333333333333
2013,5,4,6,0,10.343,0.04
2013,5,4,12,0,19.593,0
2013,5,4,18,0,10.148,0.0416666666666667
2013,5,5,0,0,4.12,0.286666666666667
2013,5,5,6,0,14.287,0.0116666666666667
2013,5,5,12,0,21.602,0
2013,5,5,18,0,11.019,0.03
2013,5,6,0,0,5.222,0.128333333333333
2013,5,6,6,0,13.972,0.005
2013,5,6,12,0,19.102,0
2013,5,6,18,0,8.583,0.0366666666666667
2013,5,7,0,0,3.981,0.155
2013,5,7,6,0,11.815,0.005
2013,5,7,12,0,15.519,0
2013,5,7,18,0,8,0.0216666666666667
2013,5,8,0,0,3.87,0.121666666666667
2013,5,8,6,0,9.778,0.01
2013,5,8,12,0,14.13,0
2013,5,8,18,0,7.074,0.0516666666666667
2013,5,9,0,0,2.88,0.263333333333333
2013,5,9,6,0,10.083,0.02
2013,5,9,12,0,16.537,0
2013,5,9,18,0,8.426,0.035
2013,5,10,0,0,4.222,0.136666666666667
2013,5,10,6,0,12.981,0.00833333333333333
2013,5,10,12,0,18.5,0
2013,5,10,18,0,9.852,0.025
2013,5,11,0,0,5.491,0.075
2013,5,11,6,0,13.093,0.00166666666666667
2013,5,11,12,0,17.417,0
2013,5,11,18,1.5494,11.944,0.00333333333333333
2013,5,12,0,8.0772,8.444,0.01
2013,5,12,6,17.78,10.417,0.005
2013,5,12,12,3.81,12.333,0.00166666666666667
2013,5,12,18,9.8806,7.861,0.015
2013,5,13,0,7.3914,5.704,0.0233333333333333
2013,5,13,6,4.6736,9.361,0.0116666666666667
2013,5,13,12,10.668,9.296,0.0133333333333333
2013,5,13,18,2.413,4.444,0.0883333333333333
2013,5,14,0,0.9144,2.88,0.143333333333333
2013,5,14,6,0,6.556,0.05
2013,5,14,12,0,10.907,0.0133333333333333
2013,5,14,18,0,6.065,0.0616666666666667
2013,5,15,0,0.1524,2.528,0.188333333333333
2013,5,15,6,1.143,7.713,0.03
2013,5,15,12,0.2794,12.472,0.00333333333333333
2013,5,15,18,0.8128,7.722,0.0266666666666667
2013,5,16,0,0.4826,3.722,0.0966666666666667
2013,5,16,6,0.2794,7.833,0.0233333333333333
2013,5,16,12,1.27,12.148,0
2013,5,16,18,0.3556,7.537,0.0283333333333333
2013,5,17,0,0.9398,4.88,0.0633333333333333
2013,5,17,6,0.5842,8.546,0.0116666666666667
2013,5,17,12,1.5748,10.222,0.01
2013,5,17,18,1.2446,6.713,0.025
2013,5,18,0,1.8034,5.194,0.0433333333333333
2013,5,18,6,1.3208,8.991,0.0133333333333333
2013,5,18,12,1.016,9.269,0.01
2013,5,18,18,0.1524,6.648,0.025
2013,5,19,0,0.0762,5.056,0.04
2013,5,19,6,0,7.824,0.0216666666666667
2013,5,19,12,0,11.537,0.01
2013,5,19,18,0,6.611,0.0466666666666667
2013,5,20,0,0.0508,2.796,0.155
2013,5,20,6,0.3556,8.231,0.0183333333333333
2013,5,20,12,0.0254,11.593,0
2013,5,20,18,1.4224,6.352,0.035
2013,5,21,0,14.9352,3.093,0.11
2013,5,21,6,12.5476,6.398,0.0333333333333333
2013,5,21,12,6.7056,7.528,0.0283333333333333
2013,5,21,18,1.143,3.667,0.108333333333333
2013,5,22,0,2.6924,2.556,0.153333333333333
2013,5,22,6,0.0508,5.157,0.0716666666666667
2013,5,22,12,1.3462,8.269,0.0266666666666667
2013,5,22,18,4.6736,5.065,0.0666666666666667
2013,5,23,0,0.0254,1.944,0.32
2013,5,23,6,0,5.611,0.08
2013,5,23,12,0.5334,9.472,0.025
2013,5,23,18,0.127,4.769,0.168333333333333
2013,5,24,0,0,0.954,0.611666666666667
2013,5,24,6,0.2794,7.954,0.03
2013,5,24,12,2.1844,10.991,0.01
2013,5,24,18,0.9652,5.741,0.05
2013,5,25,0,0.635,2.435,0.15
2013,5,25,6,1.016,8.269,0.015
2013,5,25,12,0.9144,10.167,0.01
2013,5,25,18,0.1778,6.306,0.05
2013,5,26,0,0.5588,4.019,0.1
2013,5,26,6,10.6172,7.481,0.0183333333333333
2013,5,26,12,1.651,9.37,0.01
2013,5,26,18,0.8128,6.454,0.0383333333333333
2013,5,27,0,0.0762,4.741,0.0616666666666667
2013,5,27,6,0.5588,8.204,0.0166666666666667
2013,5,27,12,3.7338,9.556,0.01
2013,5,27,18,1.2446,6.88,0.0233333333333333
2013,5,28,0,0.6604,5.398,0.0366666666666667
2013,5,28,6,0.508,7.75,0.0166666666666667
2013,5,28,12,0.7874,9.111,0.01
2013,5,28,18,0.5842,6.296,0.0383333333333333
2013,5,29,0,0,4.287,0.08
2013,5,29,6,0.508,7.731,0.025
2013,5,29,12,1.3716,8.907,0.0166666666666667
2013,5,29,18,1.0922,6.102,0.0466666666666667
2013,5,30,0,2.4892,4.546,0.0733333333333333
2013,5,30,6,2.3876,7.065,0.03
2013,5,30,12,1.2446,9.843,0.02
2013,5,30,18,3.048,6.315,0.045
2013,5,31,0,3.2512,3.852,0.0833333333333333
2013,5,31,6,0.5334,7.731,0.025
2013,5,31,12,0.0508,11.944,0.005
2013,5,31,18,0.5334,6.843,0.0533333333333333
2013,6,1,0,0.8128,3.907,0.095
2013,6,1,6,0,10.62,0.00666666666666667
2013,6,1,12,0,11.769,0.00166666666666667
2013,6,1,18,0,7.833,0.015
2013,6,2,0,0,5.481,0.035
2013,6,2,6,0,9.102,0.01
2013,6,2,12,0,13.583,0
2013,6,2,18,0,8.556,0.0116666666666667
2013,6,3,0,0,3.648,0.0916666666666667
2013,6,3,6,0,11.343,0.005
2013,6,3,12,0,16.806,0
2013,6,3,18,0,8.861,0.0416666666666667
2013,6,4,0,0,3.843,0.141666666666667
2013,6,4,6,0,13.065,0.00166666666666667
2013,6,4,12,0,17.815,0
2013,6,4,18,0,9.759,0.0233333333333333
2013,6,5,0,0,5.241,0.0683333333333333
2013,6,5,6,0,13.37,0.00166666666666667
2013,6,5,12,0,17.787,0
2013,6,5,18,0,10.843,0.00833333333333333
2013,6,6,0,0,5.648,0.0316666666666667
2013,6,6,6,0,13.176,0.00166666666666667
2013,6,6,12,0,16.343,0
2013,6,6,18,0,9.769,0.00833333333333333
2013,6,7,0,0,6.694,0.0216666666666667
2013,6,7,6,0.4064,10.185,0.00333333333333333
2013,6,7,12,0.127,13.028,0
2013,6,7,18,0,8.685,0.00833333333333333
2013,6,8,0,0.0254,4.815,0.0416666666666667
2013,6,8,6,0,10.296,0.00166666666666667
2013,6,8,12,0,13.009,0
2013,6,8,18,0,9.926,0.005
2013,6,9,0,0,5.676,0.0266666666666667
2013,6,9,6,0,10.352,0.005
2013,6,9,12,0,14.083,0
2013,6,9,18,0,7.861,0.025
2013,6,10,0,0,2.25,0.225
2013,6,10,6,0,9.222,0.0116666666666667
2013,6,10,12,0,13.722,0
2013,6,10,18,0,8.759,0.0166666666666667
2013,6,11,0,0.1016,5.231,0.07
2013,6,11,6,0.6604,9.759,0.00833333333333333
2013,6,11,12,0,10.389,0.00833333333333333
2013,6,11,18,0.8382,7.083,0.03
2013,6,12,0,2.2098,5.528,0.0316666666666667
2013,6,12,6,2.5654,8.444,0.0133333333333333
2013,6,12,12,4.8514,11.87,0.005
2013,6,12,18,1.4478,8.546,0.015
2013,6,13,0,0.4064,4.546,0.06
2013,6,13,6,0.4572,9.63,0.00833333333333333
2013,6,13,12,0.508,11.509,0.00166666666666667
2013,6,13,18,0.7112,7.565,0.015
2013,6,14,0,0.7874,6.074,0.02
2013,6,14,6,0.0508,8.537,0.0116666666666667
2013,6,14,12,0,12.769,0.00333333333333333
2013,6,14,18,0,9.176,0.0283333333333333
2013,6,15,0,0,4.398,0.085
2013,6,15,6,0,12.037,0.00666666666666667
2013,6,15,12,0,16.991,0
2013,6,15,18,0,12.157,0.00833333333333333
2013,6,16,0,0.0254,6.176,0.0733333333333333
2013,6,16,6,0,13.093,0.00166666666666667
2013,6,16,12,0.635,16.565,0
2013,6,16,18,2.3114,11.398,0.00333333333333333
2013,6,17,0,1.8542,6.926,0.015
2013,6,17,6,0.508,12.87,0
2013,6,17,12,0.7874,15.583,0
2013,6,17,18,0.635,11.269,0.00333333333333333
2013,6,18,0,1.0922,8.037,0.01
2013,6,18,6,0.9652,10.63,0.00333333333333333
2013,6,18,12,0.6858,13.148,0
2013,6,18,18,0.0254,9.315,0.005
2013,6,19,0,0.3556,6.731,0.0116666666666667
2013,6,19,6,2.9718,8.62,0.01
2013,6,19,12,2.5908,9.583,0.01
2013,6,19,18,4.8514,7.556,0.01
2013,6,20,0,10.4648,6.352,0.0166666666666667
2013,6,20,6,19.1008,7.278,0.0166666666666667
2013,6,20,12,10.0076,8.806,0.015
2013,6,20,18,1.0668,6.889,0.0266666666666667
2013,6,21,0,0.6604,5.704,0.03
2013,6,21,6,1.3716,8.787,0.0133333333333333
2013,6,21,12,0.0508,12.787,0
2013,6,21,18,0,9.676,0.0133333333333333
2013,6,22,0,0.1778,5.954,0.0333333333333333
2013,6,22,6,0,11.287,0.00333333333333333
2013,6,22,12,0,15.278,0
2013,6,22,18,0,10.722,0.005
2013,6,23,0,0,7.306,0.0166666666666667
2013,6,23,6,0.0254,12.759,0
2013,6,23,12,0.4318,13.343,0
2013,6,23,18,0.7874,10.259,0.005
2013,6,24,0,1.4224,8.472,0.01
2013,6,24,6,1.4224,10.028,0.00666666666666667
2013,6,24,12,1.8542,11.806,0.00166666666666667
2013,6,24,18,0.254,8.583,0.0133333333333333
2013,6,25,0,0.3048,6.815,0.02
2013,6,25,6,1.3208,10.5,0.005
2013,6,25,12,1.524,13.824,0
2013,6,25,18,1.3208,11.306,0.00333333333333333
2013,6,26,0,0.1016,8.13,0.0133333333333333
2013,6,26,6,1.2446,11.333,0.00166666666666667
2013,6,26,12,0.8128,12.935,0
2013,6,26,18,0.2032,9.62,0.01
2013,6,27,0,0.3302,7.491,0.0266666666666667
2013,6,27,6,2.3876,10.444,0.00833333333333333
2013,6,27,12,0.6604,13.019,0
2013,6,27,18,0.0254,10.852,0.00666666666666667
2013,6,28,0,0.1778,8.296,0.0183333333333333
2013,6,28,6,0,13,0.00166666666666667
2013,6,28,12,0,17.889,0
2013,6,28,18,0,13.287,0.00333333333333333
2013,6,29,0,0,9.463,0.00833333333333333
2013,6,29,6,0,16.269,0
2013,6,29,12,0,21.657,0
2013,6,29,18,0,14.769,0
2013,6,30,0,0,9.5,0.00833333333333333
2013,6,30,6,0,18.463,0
2013,6,30,12,0,24.713,0
2013,6,30,18,0,17.917,0
2013,7,1,0,0,12.787,0
2013,7,1,6,0,19.611,0
2013,7,1,12,0,22.796,0
2013,7,1,18,0,16.778,0
2013,7,2,0,0,11.944,0
2013,7,2,6,0,17.731,0
2013,7,2,12,0,19.889,0
2013,7,2,18,0,13.454,0
2013,7,3,0,0,8.5,0.00833333333333333
2013,7,3,6,0,14.407,0
2013,7,3,12,0,18.037,0
2013,7,3,18,0,12.204,0.00333333333333333
2013,7,4,0,0,7.157,0.02
2013,7,4,6,0,14.157,0
2013,7,4,12,0,17.806,0
2013,7,4,18,0,12.38,0.00333333333333333
2013,7,5,0,0,7.491,0.0166666666666667
2013,7,5,6,0,13.787,0
2013,7,5,12,0,18.222,0
2013,7,5,18,0,12.343,0.00333333333333333
2013,7,6,0,0,7.333,0.015
2013,7,6,6,0,13.833,0
2013,7,6,12,0,18.676,0
2013,7,6,18,0,13.009,0.00333333333333333
2013,7,7,0,0,8.917,0.01
2013,7,7,6,0,15.657,0
2013,7,7,12,0,19.38,0
2013,7,7,18,0,13.676,0
2013,7,8,0,0,9.278,0.00666666666666667
2013,7,8,6,0,16.157,0
2013,7,8,12,0,20.824,0
2013,7,8,18,0,15.148,0
2013,7,9,0,0,9.324,0.00833333333333333
2013,7,9,6,0,16.296,0
2013,7,9,12,0,20.157,0
2013,7,9,18,0,14.306,0
2013,7,10,0,0,9.306,0.00666666666666667
2013,7,10,6,0,14.583,0
2013,7,10,12,0,16.787,0
2013,7,10,18,0,11.991,0
2013,7,11,0,0,7.907,0.01
2013,7,11,6,0,11.731,0.00166666666666667
2013,7,11,12,0,15.574,0
2013,7,11,18,0,9.75,0.01
2013,7,12,0,0,5.13,0.04
2013,7,12,6,0,11.787,0.00166666666666667
2013,7,12,12,0,16.333,0
2013,7,12,18,0,10.009,0.01
2013,7,13,0,0,4.639,0.0583333333333333
2013,7,13,6,0,12.528,0.00333333333333333
2013,7,13,12,0,18.352,0
2013,7,13,18,0,11.926,0.00833333333333333
2013,7,14,0,0,6.093,0.0416666666666667
2013,7,14,6,0,16.028,0.00166666666666667
2013,7,14,12,0,20.944,0
2013,7,14,18,0,12.778,0.005
2013,7,15,0,0,6.806,0.0233333333333333
2013,7,15,6,0,15.694,0.00166666666666667
2013,7,15,12,0,23.185,0
2013,7,15,18,0,17.093,0.00166666666666667
2013,7,16,0,0,10.62,0.0183333333333333
2013,7,16,6,0,17.565,0.00166666666666667
2013,7,16,12,0,22.787,0
2013,7,16,18,0.0254,16.676,0
2013,7,17,0,3.175,14.037,0
2013,7,17,6,0.1524,17.472,0
2013,7,17,12,0,20.287,0
2013,7,17,18,0,16.213,0
2013,7,18,0,0,12.389,0
2013,7,18,6,0,16.426,0
2013,7,18,12,0,19.824,0
2013,7,18,18,0,14.296,0
2013,7,19,0,0,10.213,0.005
2013,7,19,6,0,15.5,0
2013,7,19,12,0,18.898,0
2013,7,19,18,0,13.648,0
2013,7,20,0,0,9.769,0.005
2013,7,20,6,0,15.093,0
2013,7,20,12,0,18.167,0
2013,7,20,18,0,12.75,0
2013,7,21,0,0,9,0.00833333333333333
2013,7,21,6,0,14.87,0
2013,7,21,12,0,18.796,0
2013,7,21,18,0,13.583,0
2013,7,22,0,0,10.074,0
2013,7,22,6,0,15.852,0
2013,7,22,12,0,20.167,0
2013,7,22,18,0,14.028,0
2013,7,23,0,0,9.861,0.005
2013,7,23,6,0,15.583,0
2013,7,23,12,0,21.593,0
2013,7,23,18,0,14.426,0
2013,7,24,0,0,9.981,0.00666666666666667
2013,7,24,6,0,17.935,0
2013,7,24,12,0,22.046,0
2013,7,24,18,0,14.648,0.00166666666666667
2013,7,25,0,0,9.12,0.0116666666666667
2013,7,25,6,0,17.38,0
2013,7,25,12,0,21.352,0
2013,7,25,18,0,13.222,0.00333333333333333
2013,7,26,0,0,8.852,0.0116666666666667
2013,7,26,6,0,16.639,0
2013,7,26,12,0,20.389,0
2013,7,26,18,0,13.713,0
2013,7,27,0,0,9.093,0.01
2013,7,27,6,0,14.667,0
2013,7,27,12,0,18.898,0
2013,7,27,18,0,11.972,0.00333333333333333
2013,7,28,0,0,7.593,0.0133333333333333
2013,7,28,6,0,13.676,0
2013,7,28,12,0,18.435,0
2013,7,28,18,0,11.926,0.00333333333333333
2013,7,29,0,0,8.37,0.01
2013,7,29,6,0,14.259,0
2013,7,29,12,0,18.009,0
2013,7,29,18,0,12.519,0.00333333333333333
2013,7,30,0,0,9.185,0.00833333333333333
2013,7,30,6,0,14.25,0
2013,7,30,12,0,17.972,0
2013,7,30,18,0,13.222,0
2013,7,31,0,0,9.815,0.00333333333333333
2013,7,31,6,0,14.324,0
2013,7,31,12,0.1016,17.509,0
2013,7,31,18,0.127,13.546,0
2013,8,1,0,0.1778,10.537,0
2013,8,1,6,0.1016,12.759,0
2013,8,1,12,0.762,15.38,0
2013,8,1,18,0.1524,11.741,0
2013,8,2,0,1.4732,10.426,0
2013,8,2,6,10.3124,11.694,0
2013,8,2,12,2.3876,13.935,0
2013,8,2,18,0,11.546,0.00333333333333333
2013,8,3,0,0,10.194,0.00833333333333333
2013,8,3,6,0,14.065,0
2013,8,3,12,0,19.019,0
2013,8,3,18,0,14.722,0
2013,8,4,0,0,10.88,0
2013,8,4,6,0,16.528,0
2013,8,4,12,0,21.139,0
2013,8,4,18,0,15.056,0
2013,8,5,0,0,11.009,0
2013,8,5,6,0,17.398,0
2013,8,5,12,0,21.528,0
2013,8,5,18,0,13.565,0
2013,8,6,0,0,9.204,0.00833333333333333
2013,8,6,6,0,16.611,0
2013,8,6,12,0,21.556,0
2013,8,6,18,0,13.833,0
2013,8,7,0,0,9.583,0.00833333333333333
2013,8,7,6,0,17.5,0
2013,8,7,12,0,21.222,0
2013,8,7,18,0,14.139,0
2013,8,8,0,0,10.037,0.00333333333333333
2013,8,8,6,0,16.491,0
2013,8,8,12,0,21.787,0
2013,8,8,18,0,13.333,0.00166666666666667
2013,8,9,0,0,9.213,0.00833333333333333
2013,8,9,6,0,16.407,0
2013,8,9,12,0,21.667,0
2013,8,9,18,0,14.972,0
2013,8,10,0,0.0254,11.361,0.00166666666666667
2013,8,10,6,0.0762,15.824,0
2013,8,10,12,0,19.352,0
2013,8,10,18,0.0254,14.861,0
2013,8,11,0,0.4064,12.046,0
2013,8,11,6,0.1778,15.417,0
2013,8,11,12,0.4826,17.713,0
2013,8,11,18,0.5842,14.259,0
2013,8,12,0,0,11.528,0
2013,8,12,6,0,15.111,0
2013,8,12,12,0,18.917,0
2013,8,12,18,0,13.593,0
2013,8,13,0,0,10.546,0
2013,8,13,6,0,14.917,0
2013,8,13,12,0,20.13,0
2013,8,13,18,0,12.648,0.00166666666666667
2013,8,14,0,0,9.593,0.0116666666666667
2013,8,14,6,0,16.222,0
2013,8,14,12,0.2286,18.963,0
2013,8,14,18,3.6576,13.574,0
2013,8,15,0,0.3048,12.176,0
2013,8,15,6,0.0762,15.333,0
2013,8,15,12,2.3876,18.167,0
2013,8,15,18,0.1778,14.713,0
2013,8,16,0,0,12.037,0
2013,8,16,6,0,17.074,0
2013,8,16,12,0,20.417,0
2013,8,16,18,0,15.769,0
2013,8,17,0,0.5842,13.556,0
2013,8,17,6,1.016,16.75,0
2013,8,17,12,0.4826,19.019,0
2013,8,17,18,0.1016,14.704,0
2013,8,18,0,0.2286,12.704,0
2013,8,18,6,0,16.028,0
2013,8,18,12,0,18.269,0
2013,8,18,18,0,14.13,0
2013,8,19,0,0,11.259,0
2013,8,19,6,0.127,16.102,0
2013,8,19,12,0.1524,19.019,0
2013,8,19,18,0.0508,12.694,0.00166666666666667
2013,8,20,0,0.2032,7.63,0.0133333333333333
2013,8,20,6,0,14.63,0
2013,8,20,12,0,20.546,0
2013,8,20,18,0,10.963,0.005
2013,8,21,0,0,6.954,0.0183333333333333
2013,8,21,6,0,15.269,0.00166666666666667
2013,8,21,12,0,22.278,0
2013,8,21,18,0,12.407,0.00666666666666667
2013,8,22,0,0,8.111,0.025
2013,8,22,6,0,16.981,0.00166666666666667
2013,8,22,12,0,21.296,0
2013,8,22,18,0,12.389,0.00333333333333333
2013,8,23,0,0,9.694,0.00833333333333333
2013,8,23,6,0.0762,15.574,0
2013,8,23,12,0,19.315,0
2013,8,23,18,0.0762,14.102,0
2013,8,24,0,0.4826,11.907,0
2013,8,24,6,0.3302,15.074,0
2013,8,24,12,0.635,18.352,0
2013,8,24,18,0.1524,12.704,0
2013,8,25,0,0.2032,8.463,0.01
2013,8,25,6,0,14.315,0
2013,8,25,12,0.635,19.333,0
2013,8,25,18,0.8636,12.287,0.00333333333333333
2013,8,26,0,1.016,10.546,0.01
2013,8,26,6,0,15.296,0
2013,8,26,12,0.254,18.685,0
2013,8,26,18,0.254,13.167,0
2013,8,27,0,0,11.694,0
2013,8,27,6,0.762,15.148,0
2013,8,27,12,0.9652,19.787,0
2013,8,27,18,8.3058,14.833,0
2013,8,28,0,9.017,12.491,0
2013,8,28,6,1.778,16.417,0
2013,8,28,12,0.1778,19.398,0
2013,8,28,18,2.921,14.176,0
2013,8,29,0,5.6134,13.861,0
2013,8,29,6,9.7028,17.343,0
2013,8,29,12,2.7432,16.981,0
2013,8,29,18,0.8636,13.611,0
2013,8,30,0,1.5748,12.676,0
2013,8,30,6,1.8288,14.324,0
2013,8,30,12,0.508,19.213,0
2013,8,30,18,0,11.861,0
2013,8,31,0,0,9.75,0.01
2013,8,31,6,0,15.593,0
2013,8,31,12,0,21.509,0
2013,8,31,18,0,12.352,0.00166666666666667
2013,9,1,0,0,9.194,0.00833333333333333
2013,9,1,6,0,15.435,0
2013,9,1,12,0,20.296,0
2013,9,1,18,0,13.213,0
2013,9,2,0,0,10.546,0.00166666666666667
2013,9,2,6,0,15.296,0
2013,9,2,12,0,18.88,0
2013,9,2,18,0,12.907,0
2013,9,3,0,0.889,10.806,0
2013,9,3,6,8.7122,16.009,0
2013,9,3,12,2.4638,17.537,0
2013,9,3,18,0.1778,12.426,0
2013,9,4,0,0.1016,10.463,0
2013,9,4,6,0,13.972,0
2013,9,4,12,0,15.991,0
2013,9,4,18,0,11.287,0
2013,9,5,0,0.0508,10.426,0
2013,9,5,6,2.413,13.306,0
2013,9,5,12,0.4572,16.843,0
2013,9,5,18,2.5654,14.185,0
2013,9,6,0,10.795,12.926,0
2013,9,6,6,3.1496,14.287,0
2013,9,6,12,0.1778,15.63,0
2013,9,6,18,0.4064,12.63,0
2013,9,7,0,3.3782,12.13,0
2013,9,7,6,1.4986,14.481,0
2013,9,7,12,0.1016,16.88,0
2013,9,7,18,0.0762,13.611,0
2013,9,8,0,0.0254,11.222,0
2013,9,8,6,0,15.676,0
2013,9,8,12,0,19,0
2013,9,8,18,0,13.417,0
2013,9,9,0,0,11.037,0
2013,9,9,6,0,16.426,0
2013,9,9,12,0,20.676,0
2013,9,9,18,0,12.741,0
2013,9,10,0,0,10.176,0
2013,9,10,6,0,17.102,0
2013,9,10,12,0,23.63,0
2013,9,10,18,0,14.287,0
2013,9,11,0,0,10.824,0.01
2013,9,11,6,0,17.102,0
2013,9,11,12,0,23.898,0
2013,9,11,18,0,15.222,0
2013,9,12,0,0,11.444,0.00333333333333333
2013,9,12,6,0,16.75,0
2013,9,12,12,0,20.296,0
2013,9,12,18,0,13.065,0
2013,9,13,0,0,10.306,0
2013,9,13,6,0,14.5,0
2013,9,13,12,0,17.315,0
2013,9,13,18,0,12.398,0
2013,9,14,0,0,11.231,0.00833333333333333
2013,9,14,6,0,14.074,0
2013,9,14,12,0,17.546,0
2013,9,14,18,0,12.963,0
2013,9,15,0,0.5334,11.278,0.00166666666666667
2013,9,15,6,1.7018,15.481,0
2013,9,15,12,4.2164,19.62,0
2013,9,15,18,6.4516,12.38,0
2013,9,16,0,4.2418,9.324,0.00333333333333333
2013,9,16,6,5.334,9.843,0.00166666666666667
2013,9,16,12,4.8006,11.398,0
2013,9,16,18,2.3876,10.241,0
2013,9,17,0,0,9.269,0.00166666666666667
2013,9,17,6,0,11.065,0
2013,9,17,12,0,11.889,0
2013,9,17,18,0,8.907,0.00833333333333333
2013,9,18,0,0,7.426,0.01
2013,9,18,6,0,9.778,0.005
2013,9,18,12,0,14.046,0
2013,9,18,18,0,8.231,0.015
2013,9,19,0,0,6.796,0.0216666666666667
2013,9,19,6,0,11.463,0.00833333333333333
2013,9,19,12,0,16.667,0
2013,9,19,18,0,11.389,0.00833333333333333
2013,9,20,0,0,8.102,0.03
2013,9,20,6,0,12.583,0.00333333333333333
2013,9,20,12,0.0508,15.611,0
2013,9,20,18,2.8702,9.852,0.00833333333333333
2013,9,21,0,4.0132,8.472,0.01
2013,9,21,6,0.4826,10.315,0.00333333333333333
2013,9,21,12,0.4064,12.556,0
2013,9,21,18,0.1778,9.861,0
2013,9,22,0,3.683,9.176,0.00833333333333333
2013,9,22,6,6.2738,9.241,0.00833333333333333
2013,9,22,12,7.0612,9.528,0.00166666666666667
2013,9,22,18,8.3566,8.194,0.01
2013,9,23,0,6.1214,7.185,0.015
2013,9,23,6,8.6614,7.657,0.015
2013,9,23,12,3.6068,8.324,0.02
2013,9,23,18,1.8034,7.074,0.02
2013,9,24,0,3.1496,5.454,0.0266666666666667
2013,9,24,6,0.7112,6.898,0.0183333333333333
2013,9,24,12,0.381,10.528,0.01
2013,9,24,18,0.4064,5.694,0.03
2013,9,25,0,0.0254,4.444,0.0483333333333333
2013,9,25,6,0,6.759,0.0316666666666667
2013,9,25,12,0,11.491,0.01
2013,9,25,18,0,5.454,0.0433333333333333
2013,9,26,0,0,3.583,0.121666666666667
2013,9,26,6,0,6.389,0.0466666666666667
2013,9,26,12,0,10.435,0.00666666666666667
2013,9,26,18,0,4.981,0.0633333333333333
2013,9,27,0,1.1684,4.037,0.0816666666666667
2013,9,27,6,4.8514,5.667,0.0333333333333333
2013,9,27,12,4.445,7.963,0.0116666666666667
2013,9,27,18,6.1468,6.028,0.0283333333333333
2013,9,28,0,4.572,6.426,0.0233333333333333
2013,9,28,6,22.098,8.139,0.0133333333333333
2013,9,28,12,26.3144,9.204,0.01
2013,9,28,18,17.7546,6.417,0.03
2013,9,29,0,6.5786,4.796,0.0666666666666667
2013,9,29,6,7.5438,6.204,0.0316666666666667
2013,9,29,12,5.7658,7.454,0.02
2013,9,29,18,10.4648,7.444,0.0183333333333333
2013,9,30,0,3.3528,4.481,0.08
2013,9,30,6,4.8006,5.426,0.055
2013,9,30,12,10.033,7.13,0.0266666666666667
2013,9,30,18,8.2296,4.954,0.0566666666666667
2013,10,1,0,2.8702,3.917,0.085
2013,10,1,6,1.778,4.759,0.0633333333333333
2013,10,1,12,1.27,6.241,0.0383333333333333
2013,10,1,18,3.1496,4.102,0.0716666666666667
2013,10,2,0,9.4742,4,0.07
2013,10,2,6,8.1534,5.472,0.0433333333333333
2013,10,2,12,2.3114,7.361,0.0266666666666667
2013,10,2,18,0.127,4.907,0.0516666666666667
2013,10,3,0,0.0254,3.13,0.0833333333333333
2013,10,3,6,0.7874,5.361,0.045
2013,10,3,12,0.254,9.269,0.0116666666666667
2013,10,3,18,0.4572,2.611,0.23
2013,10,4,0,0.127,0.787,0.64
2013,10,4,6,0,6.63,0.06
2013,10,4,12,0,11.481,0.0116666666666667
2013,10,4,18,0.0254,5.583,0.0916666666666667
2013,10,5,0,0,4.972,0.108333333333333
2013,10,5,6,0,8.398,0.0383333333333333
2013,10,5,12,0,13.852,0.00166666666666667
2013,10,5,18,0,6.926,0.0416666666666667
2013,10,6,0,0,5.398,0.0666666666666667
2013,10,6,6,0.0762,10.019,0.0283333333333333
2013,10,6,12,0.0762,15.028,0
2013,10,6,18,0.508,9.676,0.00833333333333333
2013,10,7,0,7.4422,8.296,0.01
2013,10,7,6,13.2334,7.093,0.0133333333333333
2013,10,7,12,4.953,7.815,0.01
2013,10,7,18,7.9756,6.694,0.0183333333333333
2013,10,8,0,6.1214,5.472,0.025
2013,10,8,6,2.8194,5.519,0.0283333333333333
2013,10,8,12,0.508,8.139,0.0133333333333333
2013,10,8,18,0.0508,3.759,0.101666666666667
2013,10,9,0,0,1.083,0.506666666666667
2013,10,9,6,0,4.694,0.13
2013,10,9,12,0,8.657,0.02
2013,10,9,18,0,2.343,0.245
2013,10,10,0,0,2.389,0.155
2013,10,10,6,0,4.759,0.05
2013,10,10,12,0,7.519,0.0183333333333333
2013,10,10,18,0,2.037,0.225
2013,10,11,0,0,-0.194,0.743333333333333
2013,10,11,6,0,3.019,0.315
2013,10,11,12,0,8.139,0.0233333333333333
2013,10,11,18,0,1.481,0.338333333333333
2013,10,12,0,0,0.639,0.481666666666667
2013,10,12,6,0,4.306,0.0866666666666667
2013,10,12,12,0,9.278,0.0116666666666667
2013,10,12,18,0,2.333,0.273333333333333
2013,10,13,0,0,-0.306,0.898333333333333
2013,10,13,6,0,3.657,0.398333333333333
2013,10,13,12,0,9.833,0.015
2013,10,13,18,0,1.824,0.495
2013,10,14,0,0,-0.333,0.978333333333333
2013,10,14,6,0,4.12,0.361666666666667
2013,10,14,12,0,9.833,0.015
2013,10,14,18,0,2.176,0.566666666666667
2013,10,15,0,0,0.065,0.995
2013,10,15,6,0,5.315,0.278333333333333
2013,10,15,12,0,10.731,0.0116666666666667
2013,10,15,18,0,3.565,0.155
2013,10,16,0,0,1.991,0.27
2013,10,16,6,0,6.241,0.065
2013,10,16,12,0,10.843,0.0116666666666667
2013,10,16,18,0,4.139,0.0933333333333333
2013,10,17,0,0,2.593,0.18
2013,10,17,6,0,6,0.08
2013,10,17,12,0,10.963,0.01
2013,10,17,18,0,4.019,0.148333333333333
2013,10,18,0,0,1.593,0.603333333333333
2013,10,18,6,0,5.204,0.263333333333333
2013,10,18,12,0,9.565,0.0116666666666667
2013,10,18,18,0,3.787,0.245
2013,10,19,0,0,1.222,0.793333333333333
2013,10,19,6,0,4.463,0.325
2013,10,19,12,0,8.704,0.0116666666666667
2013,10,19,18,0,3.861,0.176666666666667
2013,10,20,0,0,2.481,0.361666666666667
2013,10,20,6,0,5.037,0.158333333333333
2013,10,20,12,0,8.287,0.02
2013,10,20,18,0,4.213,0.176666666666667
2013,10,21,0,0,2.648,0.37
2013,10,21,6,0,5.361,0.2
2013,10,21,12,0,9.648,0.0183333333333333
2013,10,21,18,0,4.324,0.211666666666667
2013,10,22,0,0,1.898,0.708333333333333
2013,10,22,6,0,5.944,0.338333333333333
2013,10,22,12,0,11.833,0.0116666666666667
2013,10,22,18,0,4.083,0.296666666666667
2013,10,23,0,0,1.12,0.936666666666667
2013,10,23,6,0,5.315,0.406666666666667
2013,10,23,12,0,11.602,0.00333333333333333
2013,10,23,18,0,3.713,0.343333333333333
2013,10,24,0,0,1.046,0.891666666666667
2013,10,24,6,0,4.88,0.343333333333333
2013,10,24,12,0,10.083,0.00166666666666667
2013,10,24,18,0,4.463,0.0783333333333333
2013,10,25,0,0,3.12,0.138333333333333
2013,10,25,6,0,5.333,0.101666666666667
2013,10,25,12,0,8.87,0.0133333333333333
2013,10,25,18,0,4.398,0.0716666666666667
2013,10,26,0,0,2.972,0.125
2013,10,26,6,0.2286,5.565,0.0633333333333333
2013,10,26,12,0.0254,10.139,0.01
2013,10,26,18,0.127,5.509,0.05
2013,10,27,0,0.3556,5.898,0.0333333333333333
2013,10,27,6,2.3114,5.194,0.0483333333333333
2013,10,27,12,0,8.259,0.02
2013,10,27,18,0,8.278,0.02
2013,10,28,0,0,6.407,0.0466666666666667
2013,10,28,6,0,4.852,0.115
2013,10,28,12,0,8.093,0.0233333333333333
2013,10,28,18,0,1.843,0.551666666666667
2013,10,29,0,0,-2,1
2013,10,29,6,0,2.63,0.501666666666667
2013,10,29,12,0,7.111,0.03
2013,10,29,18,0,-0.75,0.928333333333333
2013,10,30,0,0,-1.898,1
2013,10,30,6,0,2.972,0.361666666666667
2013,10,30,12,0.1778,6.259,0.0516666666666667
2013,10,30,18,3.5814,3.019,0.14
2013,10,31,0,6.2992,3.361,0.0966666666666667
2013,10,31,6,0.2286,5.241,0.0516666666666667
2013,10,31,12,0.1016,6.472,0.0366666666666667
2013,10,31,18,0.3048,5,0.055
2013,11,1,0,1.0414,4.62,0.0583333333333333
2013,11,1,6,2.6416,5.148,0.0566666666666667
2013,11,1,12,2.4384,6.435,0.04
2013,11,1,18,2.0828,5.852,0.05
2013,11,2,0,19.812,5.037,0.0516666666666667
2013,11,2,6,11.8618,4.963,0.05
2013,11,2,12,13.3604,3.88,0.075
2013,11,2,18,8.6106,2.528,0.123333333333333
2013,11,3,0,3.2004,1.907,0.181666666666667
2013,11,3,6,0,1.315,0.44
2013,11,3,12,0,3.185,0.15
2013,11,3,18,0,-2.148,0.985
2013,11,4,0,0,-3.417,1
2013,11,4,6,0,-0.537,0.751666666666667
2013,11,4,12,0,1.731,0.42
2013,11,4,18,0,-0.38,0.891666666666667
2013,11,5,0,0.4572,1.593,0.248333333333333
2013,11,5,6,4.064,2.889,0.103333333333333
2013,11,5,12,5.3086,3.352,0.095
2013,11,5,18,1.7018,2.296,0.136666666666667
2013,11,6,0,0.1778,1.083,0.233333333333333
2013,11,6,6,0,2.083,0.181666666666667
2013,11,6,12,0.381,3.426,0.113333333333333
2013,11,6,18,2.921,3.259,0.12
2013,11,7,0,23.2156,5.204,0.0566666666666667
2013,11,7,6,21.8694,6.102,0.05
2013,11,7,12,6.8326,5.046,0.065
2013,11,7,18,4.0894,4,0.07
2013,11,8,0,8.2804,3.093,0.0916666666666667
2013,11,8,6,4.2926,3.019,0.11
2013,11,8,12,4.5466,3.63,0.0816666666666667
2013,11,8,18,0.4826,2.528,0.11
2013,11,9,0,0.6096,1.444,0.22
2013,11,9,6,0,2.648,0.191666666666667
2013,11,9,12,0,5.13,0.0633333333333333
2013,11,9,18,0,2.602,0.138333333333333
2013,11,10,0,0.0254,1.685,0.195
2013,11,10,6,0,2.472,0.155
2013,11,10,12,0.254,4.944,0.08
2013,11,10,18,0.254,2.583,0.138333333333333
2013,11,11,0,0,3.241,0.11
2013,11,11,6,0,5.157,0.08
2013,11,11,12,0,8.241,0.035
2013,11,11,18,0,6.5,0.06
2013,11,12,0,0.4318,6.917,0.0516666666666667
2013,11,12,6,5.4864,5.583,0.05
2013,11,12,12,2.6416,6.074,0.0433333333333333
2013,11,12,18,5.334,4.685,0.0583333333333333
2013,11,13,0,4.699,4.722,0.0516666666666667
2013,11,13,6,0.9398,5.222,0.0483333333333333
2013,11,13,12,0.6858,6.148,0.0416666666666667
2013,11,13,18,0.7874,4.352,0.0533333333333333
2013,11,14,0,1.4732,2.954,0.0833333333333333
2013,11,14,6,0.2032,3.741,0.065
2013,11,14,12,0,4.074,0.065
2013,11,14,18,0,1.917,0.156666666666667
2013,11,15,0,0.8128,0.898,0.303333333333333
2013,11,15,6,13.4112,1.176,0.288333333333333
2013,11,15,12,15.0622,2.185,0.161666666666667
2013,11,15,18,21.2852,1.639,0.221666666666667
2013,11,16,0,7.8486,0.75,0.356666666666667
2013,11,16,6,0.5588,0.287,0.543333333333333
2013,11,16,12,0.2794,1.843,0.268333333333333
2013,11,16,18,0.1016,-1.25,0.92
2013,11,17,0,0.2032,-0.398,0.726666666666667
2013,11,17,6,0.9398,0.926,0.36
2013,11,17,12,1.1684,1.88,0.213333333333333
2013,11,17,18,0.9652,1.306,0.26
2013,11,18,0,0.8636,0.981,0.296666666666667
2013,11,18,6,9.8806,1.074,0.305
2013,11,18,12,20.2692,1.926,0.201666666666667
2013,11,18,18,21.844,1.611,0.201666666666667
2013,11,19,0,17.018,1.296,0.228333333333333
2013,11,19,6,0.2794,-0.139,0.703333333333333
2013,11,19,12,0.0508,-1.824,0.993333333333333
2013,11,19,18,0,-4.417,1
2013,11,20,0,0,-5.75,1
2013,11,20,6,0,-5.5,1
2013,11,20,12,0,-2.528,1
2013,11,20,18,0,-6.806,1
2013,11,21,0,0,-7.62,1
2013,11,21,6,0,-4.917,1
2013,11,21,12,0,-1.491,0.998333333333333
2013,11,21,18,0,-5.833,1
2013,11,22,0,0,-6.38,1
2013,11,22,6,0,-2.685,0.995
2013,11,22,12,0,-0.009,0.961666666666667
2013,11,22,18,0,-3.713,1
2013,11,23,0,0,-4.759,1
2013,11,23,6,0,-1.759,0.995
2013,11,23,12,0,1,0.915
2013,11,23,18,0,-2.009,1
2013,11,24,0,0,-3.278,1
2013,11,24,6,0,-0.657,0.971666666666667
2013,11,24,12,0,1.676,0.84
2013,11,24,18,0,-1.361,1
2013,11,25,0,0,-2.13,1
2013,11,25,6,0,0.426,0.921666666666667
2013,11,25,12,0,1.019,0.816666666666667
2013,11,25,18,0,-3.296,1
2013,11,26,0,0,-4.009,1
2013,11,26,6,0,-0.944,0.86
2013,11,26,12,0,1.361,0.655
2013,11,26,18,0,-2.111,0.998333333333333
2013,11,27,0,0,-1.889,0.993333333333334
2013,11,27,6,0,1.639,0.361666666666667
2013,11,27,12,0,3.722,0.146666666666667
2013,11,27,18,0,0.25,0.913333333333333
2013,11,28,0,0,-0.991,1
2013,11,28,6,0,0.713,0.671666666666667
2013,11,28,12,0,2.713,0.276666666666667
2013,11,28,18,1.0414,1.38,0.381666666666667
2013,11,29,0,1.2954,1.787,0.23
2013,11,29,6,0.889,2,0.188333333333333
2013,11,29,12,0.3048,2.241,0.165
2013,11,29,18,0.7874,1.704,0.203333333333333
2013,11,30,0,1.651,1.769,0.186666666666667
2013,11,30,6,4.4704,2.028,0.165
2013,11,30,12,8.4582,2.944,0.103333333333333
2013,11,30,18,10.922,3.417,0.0883333333333333
2013,12,1,0,14.1478,4.241,0.0616666666666667
2013,12,1,6,10.1854,4.324,0.06
2013,12,1,12,8.2804,3.102,0.0866666666666667
2013,12,1,18,4.7244,0.38,0.538333333333333
2013,12,2,0,2.2352,-2.528,1
2013,12,2,6,1.651,-2.75,1
2013,12,2,12,3.048,-0.5,0.928333333333333
2013,12,2,18,0.2032,-2.741,1
2013,12,3,0,0.0508,-5,1
2013,12,3,6,0.3048,-4.287,1
2013,12,3,12,0.3048,-2.722,1
2013,12,3,18,0.3048,-5.519,1
2013,12,4,0,0.381,-7.667,1
2013,12,4,6,0,-6.463,1
2013,12,4,12,0,-5.241,1
2013,12,4,18,0,-9.398,1
2013,12,5,0,0,-9.028,1
2013,12,5,6,0,-6.759,1
2013,12,5,12,0,-5.657,1
2013,12,5,18,0,-7.769,1
2013,12,6,0,0,-10.259,1
2013,12,6,6,0,-9.315,1
2013,12,6,12,0,-7.963,1
2013,12,6,18,0,-10.963,1
2013,12,7,0,0,-12.491,1
2013,12,7,6,0,-10.315,1
2013,12,7,12,0,-8.231,1
2013,12,7,18,0,-13.528,1
2013,12,8,0,0,-11.935,1
2013,12,8,6,0,-8.537,1
2013,12,8,12,0,-6.907,1
2013,12,8,18,0,-9.861,1
2013,12,9,0,0,-8.583,1
2013,12,9,6,0,-7.454,1
2013,12,9,12,0,-5.713,1
2013,12,9,18,0,-7.306,1
2013,12,10,0,0,-6.75,1
2013,12,10,6,0,-4.065,1
2013,12,10,12,0,-3.426,1
2013,12,10,18,0,-6.417,1
2013,12,11,0,0,-7.954,1
2013,12,11,6,0,-5.37,1
2013,12,11,12,0,-1.37,0.996666666666667
2013,12,11,18,0,-1.787,1
2013,12,12,0,0,-2.574,1
2013,12,12,6,0,-2.148,0.996666666666667
2013,12,12,12,5.9182,-1.37,0.963333333333333
2013,12,12,18,2.3368,-1.694,0.93
2013,12,13,0,2.6924,-0.843,0.741666666666667
2013,12,13,6,1.9304,-0.741,0.713333333333333
2013,12,13,12,0.9906,-0.083,0.588333333333333
2013,12,13,18,0.2286,-0.954,0.763333333333333
2013,12,14,0,1.1938,0.278,0.465
2013,12,14,6,0.0508,-0.065,0.6
2013,12,14,12,0.254,0.435,0.486666666666667
2013,12,14,18,0.9652,1.926,0.231666666666667
2013,12,15,0,2.4384,2.287,0.163333333333333
2013,12,15,6,3.8354,2.398,0.136666666666667
2013,12,15,12,1.6256,2.889,0.108333333333333
2013,12,15,18,0.3302,0.917,0.276666666666667
2013,12,16,0,0,0.565,0.363333333333333
2013,12,16,6,0,0.222,0.555
2013,12,16,12,0,0.417,0.401666666666667
2013,12,16,18,0,-1.176,0.825
2013,12,17,0,0,2.917,0.125
2013,12,17,6,0.5842,0.843,0.631666666666667
2013,12,17,12,1.651,1.796,0.168333333333333
2013,12,17,18,3.81,1.333,0.176666666666667
2013,12,18,0,3.9116,1.019,0.206666666666667
2013,12,18,6,6.7564,-0.028,0.675
2013,12,18,12,2.6924,-0.352,0.778333333333333
2013,12,18,18,0,-3.704,1
2013,12,19,0,0,-6.259,1
2013,12,19,6,0,-5.843,1
2013,12,19,12,0,-2.444,1
2013,12,19,18,0,-4.111,1
2013,12,20,0,1.2446,-5.028,1
2013,12,20,6,6.4262,-4.241,1
2013,12,20,12,7.4168,-2.398,1
2013,12,20,18,2.8702,-1.889,1
2013,12,21,0,0.2032,-1.731,1
2013,12,21,6,0.508,-2.926,1
2013,12,21,12,2.4892,-1.843,0.998333333333333
2013,12,21,18,3.7084,-2.38,1
2013,12,22,0,3.8862,-1.139,0.901666666666667
2013,12,22,6,3.429,-0.38,0.701666666666667
2013,12,22,12,3.3274,0.241,0.45
2013,12,22,18,10.3124,0.954,0.266666666666667
2013,12,23,0,20.6248,1.917,0.14
2013,12,23,6,10.3886,2.63,0.105
2013,12,23,12,4.1402,1.481,0.23
2013,12,23,18,2.286,0.87,0.28
2013,12,24,0,1.2446,-0.046,0.565
2013,12,24,6,0.1778,-0.028,0.596666666666667
2013,12,24,12,0.0254,1.093,0.381666666666667
2013,12,24,18,0,-4.37,1
2013,12,25,0,0,-5.37,1
2013,12,25,6,0,-1.037,0.903333333333333
2013,12,25,12,0.1016,2.009,0.293333333333333
2013,12,25,18,0.4826,-0.574,0.981666666666667
2013,12,26,0,0.6604,1.065,0.306666666666667
2013,12,26,6,0.2032,0.861,0.27
2013,12,26,12,0.0254,0.815,0.281666666666667
2013,12,26,18,0,0.463,0.531666666666667
2013,12,27,0,0,2.454,0.146666666666667
2013,12,27,6,6.1214,3.25,0.0883333333333333
2013,12,27,12,10.3886,2.324,0.106666666666667
2013,12,27,18,3.8862,0.222,0.4
2013,12,28,0,0.889,-0.815,0.885
2013,12,28,6,0,-0.065,0.591666666666667
2013,12,28,12,0,1.75,0.19
2013,12,28,18,0,-0.167,0.826666666666667
2013,12,29,0,0,1.361,0.261666666666667
2013,12,29,6,0.2794,2.065,0.163333333333333
2013,12,29,12,0,1.352,0.19
2013,12,29,18,0,-0.306,0.741666666666667
2013,12,30,0,0.0254,0.935,0.266666666666667
2013,12,30,6,0.0508,2.37,0.116666666666667
2013,12,30,12,0.2286,3.12,0.0883333333333333
2013,12,30,18,0,2.324,0.15
2013,12,31,0,0.4826,2.296,0.13
2013,12,31,6,2.6924,2.722,0.103333333333333
2013,12,31,12,0.7366,3.065,0.0983333333333333
2013,12,31,18,0,-0.75,0.721666666666667
2014,1,1,0,0,-1.139,0.803333333333333
2014,1,1,6,0,2.093,0.303333333333333
2014,1,1,12,0.0254,3.407,0.108333333333333
2014,1,1,18,0.381,2.361,0.161666666666667
2014,1,2,0,2.7432,2.38,0.133333333333333
2014,1,2,6,12.6746,2.694,0.1
2014,1,2,12,27.6352,3.185,0.0816666666666667
2014,1,2,18,22.3266,2.278,0.113333333333333
2014,1,3,0,4.445,-0.741,0.83
2014,1,3,6,0.0254,-1.25,0.958333333333333
2014,1,3,12,0.0508,0.722,0.48
2014,1,3,18,0,-2.963,1
2014,1,4,0,0,-4.185,1
2014,1,4,6,0,-2.657,0.998333333333333
2014,1,4,12,0,0.194,0.86
2014,1,4,18,0,-3.389,1
2014,1,5,0,0,-4.056,1
2014,1,5,6,0,-2.222,1
2014,1,5,12,0,0.176,0.946666666666667
2014,1,5,18,0,-3.269,1
2014,1,6,0,0,-2.898,1
2014,1,6,6,0,0.176,0.956666666666667
2014,1,6,12,0,1.444,0.855
2014,1,6,18,0,-2.037,1
2014,1,7,0,0.635,-1.074,0.973333333333333
2014,1,7,6,9.3726,1.037,0.421666666666667
2014,1,7,12,3.5814,2.157,0.145
2014,1,7,18,1.7018,1.565,0.175
2014,1,8,0,1.4732,1.972,0.14
2014,1,8,6,1.4478,3.13,0.085
2014,1,8,12,5.4356,3.954,0.0683333333333333
2014,1,8,18,4.1402,2.972,0.085
2014,1,9,0,1.5494,2.074,0.136666666666667
2014,1,9,6,1.3208,1.028,0.348333333333333
2014,1,9,12,2.6162,3.213,0.095
2014,1,9,18,5.1562,2.185,0.158333333333333
2014,1,10,0,4.4958,3.204,0.0833333333333333
2014,1,10,6,5.8674,3.62,0.0683333333333333
2014,1,10,12,6.2738,2.861,0.118333333333333
2014,1,10,18,23.4442,2.954,0.128333333333333
2014,1,11,0,41.1988,5.731,0.0316666666666667
2014,1,11,6,16.3576,3.63,0.0766666666666667
2014,1,11,12,17.0942,3.389,0.0816666666666667
2014,1,11,18,12.065,3.028,0.0866666666666667
2014,1,12,0,3.556,1.833,0.168333333333333
2014,1,12,6,2.7178,3.167,0.108333333333333
2014,1,12,12,5.6134,6.111,0.025
2014,1,12,18,6.2738,5.676,0.0316666666666667
2014,1,13,0,3.9878,5.046,0.0433333333333333
2014,1,13,6,0.889,5.889,0.03
2014,1,13,12,0.127,6.065,0.03
2014,1,13,18,0.2032,5.843,0.03
2014,1,14,0,0.3556,5.019,0.0416666666666667
2014,1,14,6,0.2032,3.88,0.0633333333333333
2014,1,14,12,0,4.472,0.0566666666666667
2014,1,14,18,0,1.667,0.166666666666667
2014,1,15,0,0,2.611,0.105
2014,1,15,6,0,2.222,0.161666666666667
2014,1,15,12,0,3.676,0.095
2014,1,15,18,0,-1.306,0.948333333333333
2014,1,16,0,0,-1.398,1
2014,1,16,6,0,1.046,0.651666666666667
2014,1,16,12,0,3.5,0.163333333333333
2014,1,16,18,0,-0.926,0.998333333333333
2014,1,17,0,0,-1.981,1
2014,1,17,6,0,0.065,0.943333333333333
2014,1,17,12,0,2.602,0.606666666666667
2014,1,17,18,0,0.972,1
2014,1,18,0,0,2.5,0.918333333333333
2014,1,18,6,0,3.287,0.395
2014,1,18,12,0,1.926,0.523333333333333
2014,1,18,18,0,-2.565,1
2014,1,19,0,0,-2.065,1
2014,1,19,6,0,1.204,0.526666666666667
2014,1,19,12,0,3.102,0.191666666666667
2014,1,19,18,0,-1.491,0.993333333333333
2014,1,20,0,0,-1.778,1
2014,1,20,6,0,-0.213,0.805
2014,1,20,12,0,2.861,0.196666666666667
2014,1,20,18,0,-0.083,0.961666666666667
2014,1,21,0,0,-1.972,1
2014,1,21,6,0,1.231,0.623333333333333
2014,1,21,12,0,3.565,0.136666666666667
2014,1,21,18,0,0.056,0.92
2014,1,22,0,0,-0.167,0.9
2014,1,22,6,0,0.324,0.588333333333333
2014,1,22,12,0,3.519,0.0816666666666667
2014,1,22,18,0,1.481,0.436666666666667
2014,1,23,0,0,-1.12,0.965
2014,1,23,6,0,3.185,0.191666666666667
2014,1,23,12,0,5.991,0.0483333333333333
2014,1,23,18,0,1.37,0.701666666666667
2014,1,24,0,0,1.38,0.758333333333333
2014,1,24,6,0,3.407,0.33
2014,1,24,12,0,6.574,0.0516666666666667
2014,1,24,18,0,4.12,0.21
2014,1,25,0,0,1.657,0.913333333333333
2014,1,25,6,0,1.981,0.61
2014,1,25,12,0,4.185,0.191666666666667
2014,1,25,18,0,-1.278,1
2014,1,26,0,0,-2.222,1
2014,1,26,6,0,0.333,0.69
2014,1,26,12,0,3.287,0.115
2014,1,26,18,0,-0.231,0.918333333333333
2014,1,27,0,0,-0.861,1
2014,1,27,6,0,0.981,0.57
2014,1,27,12,0,3.185,0.113333333333333
2014,1,27,18,0,1.167,0.573333333333333
2014,1,28,0,0.1524,2.426,0.16
2014,1,28,6,0.3302,3.009,0.08
2014,1,28,12,0.0508,3.389,0.0733333333333333
2014,1,28,18,0.2032,0.778,0.323333333333333
2014,1,29,0,3.683,2.278,0.106666666666667
2014,1,29,6,7.3152,2.491,0.1
2014,1,29,12,6.9596,1.731,0.153333333333333
2014,1,29,18,2.5146,1.102,0.201666666666667
2014,1,30,0,4.5466,1.37,0.185
2014,1,30,6,4.8514,1.25,0.221666666666667
2014,1,30,12,1.6764,1.426,0.231666666666667
2014,1,30,18,0.8128,-0.75,0.868333333333333
2014,1,31,0,2.1336,-2.972,1
2014,1,31,6,0.8128,-2.194,0.998333333333333
2014,1,31,12,0.2286,-0.667,0.923333333333333
2014,1,31,18,0,-5.519,1
2014,2,1,0,1.4224,-6.204,1
2014,2,1,6,0.254,-3.315,0.968333333333333
2014,2,1,12,0.1524,-0.222,0.795
2014,2,1,18,0,-4.481,1
2014,2,2,0,0,-5.287,1
2014,2,2,6,0,-4.028,1
2014,2,2,12,0.9144,-1.546,1
2014,2,2,18,0,-2.935,1
2014,2,3,0,0,-5.046,1
2014,2,3,6,0,-5.639,1
2014,2,3,12,0,-3.63,1
2014,2,3,18,0,-7.009,1
2014,2,4,0,0,-8.148,1
2014,2,4,6,0,-5.898,1
2014,2,4,12,0,-4.731,1
2014,2,4,18,0,-6.454,1
2014,2,5,0,0,-9.648,1
2014,2,5,6,0,-9.417,1
2014,2,5,12,0,-5.917,1
2014,2,5,18,0,-9.713,1
2014,2,6,0,0,-11.796,1
2014,2,6,6,0,-9.704,1
2014,2,6,12,0,-4.815,1
2014,2,6,18,0,-6.37,1
2014,2,7,0,0,-9.333,1
2014,2,7,6,0,-8.435,1
2014,2,7,12,0,-3.491,1
2014,2,7,18,0,-8.241,1
2014,2,8,0,0,-9.306,1
2014,2,8,6,0,-7.194,1
2014,2,8,12,0,-3.12,1
2014,2,8,18,0,-6.556,1
2014,2,9,0,0.4826,-7.222,1
2014,2,9,6,0,-5.5,1
2014,2,9,12,0,-2.241,0.971666666666667
2014,2,9,18,0,-4.833,1
2014,2,10,0,0.7112,-1.556,0.873333333333333
2014,2,10,6,7.6708,0.537,0.438333333333333
2014,2,10,12,12.5476,1.083,0.323333333333333
2014,2,10,18,9.5504,0.111,0.528333333333333
2014,2,11,0,5.08,-0.861,0.748333333333333
2014,2,11,6,0.635,-1.259,0.838333333333333
2014,2,11,12,1.2192,0.88,0.405
2014,2,11,18,19.4056,2.426,0.195
2014,2,12,0,21.3106,2.759,0.136666666666667
2014,2,12,6,4.0894,2.648,0.151666666666667
2014,2,12,12,0.762,2.389,0.193333333333333
2014,2,12,18,7.3406,1.176,0.355
2014,2,13,0,8.001,2.407,0.165
2014,2,13,6,6.096,1.889,0.205
2014,2,13,12,2.2098,2.769,0.156666666666667
2014,2,13,18,0.2794,0.389,0.593333333333333
2014,2,14,0,2.8702,2.75,0.248333333333333
2014,2,14,6,2.5146,4.185,0.0866666666666667
2014,2,14,12,2.8956,3.435,0.113333333333333
2014,2,14,18,0.8128,1.37,0.305
2014,2,15,0,0.4064,-1.944,0.948333333333333
2014,2,15,6,0,0.259,0.66
2014,2,15,12,8.255,3.306,0.15
2014,2,15,18,14.4018,2.454,0.17
2014,2,16,0,9.2202,-0.889,0.833333333333333
2014,2,16,6,6.731,-1.352,0.886666666666667
2014,2,16,12,8.763,0.806,0.481666666666667
2014,2,16,18,17.78,1.167,0.331666666666667
2014,2,17,0,8.6868,-0.472,0.663333333333333
2014,2,17,6,5.3594,-0.093,0.588333333333333
2014,2,17,12,6.8072,0.778,0.416666666666667
2014,2,17,18,3.9878,-1.306,0.888333333333333
2014,2,18,0,3.6576,-1.139,0.871666666666667
2014,2,18,6,11.3538,0.722,0.408333333333333
2014,2,18,12,13.3858,1.954,0.195
2014,2,18,18,7.2136,-0.861,0.791666666666667
2014,2,19,0,6.1722,-1.926,0.975
2014,2,19,6,2.8448,-1.5,0.925
2014,2,19,12,2.5146,0.093,0.676666666666667
2014,2,19,18,3.429,-0.704,0.79
2014,2,20,0,6.0198,0.981,0.335
2014,2,20,6,6.1722,1.185,0.296666666666667
2014,2,20,12,4.5212,0.963,0.423333333333333
2014,2,20,18,2.7432,-0.509,0.783333333333333
2014,2,21,0,1.905,-1.13,0.981666666666667
2014,2,21,6,0.1016,-0.796,0.853333333333333
2014,2,21,12,0.0508,0.019,0.718333333333333
2014,2,21,18,0,-5.472,1
2014,2,22,0,0.3556,-7.769,1
2014,2,22,6,0.1016,-4.194,1
2014,2,22,12,0.6604,-2.667,1
2014,2,22,18,1.1938,-4.12,1
2014,2,23,0,2.5908,-3.898,1
2014,2,23,6,8.3566,-4.009,1
2014,2,23,12,8.3058,-2.991,1
2014,2,23,18,4.1656,-5.602,1
2014,2,24,0,3.7338,-6.583,1
2014,2,24,6,14.9352,-4.213,1
2014,2,24,12,14.732,-1.648,0.993333333333334
2014,2,24,18,9.2202,-1.398,0.985
2014,2,25,0,0.4064,-1.926,0.996666666666667
2014,2,25,6,0.0762,-2.38,0.995
2014,2,25,12,0.9652,0.454,0.711666666666667
2014,2,25,18,0.0254,-2.843,1
2014,2,26,0,0.4318,-2.278,1
2014,2,26,6,0,0.269,0.658333333333333
2014,2,26,12,0,2.898,0.181666666666667
2014,2,26,18,0,1.565,0.416666666666667
2014,2,27,0,0,-1.028,0.98
2014,2,27,6,1.397,0.481,0.581666666666667
2014,2,27,12,0.508,3.806,0.108333333333333
2014,2,27,18,2.794,0.722,0.486666666666667
2014,2,28,0,0.5842,0.852,0.471666666666667
2014,2,28,6,0,1.278,0.438333333333333
2014,2,28,12,0,1.824,0.348333333333333
2014,2,28,18,0,-2.231,0.98
2014,3,1,0,0,-4.528,1
2014,3,1,6,0,-4.315,1
2014,3,1,12,0.2286,-3.139,1
2014,3,1,18,0.635,-4.389,1
2014,3,2,0,2.54,-4.602,1
2014,3,2,6,14.986,-3.574,1
2014,3,2,12,13.8176,-2.685,1
2014,3,2,18,13.6652,-2.5,0.99
2014,3,3,0,17.8054,-2.5,0.99
2014,3,3,6,6.5024,-2.481,0.988333333333333
2014,3,3,12,12.4714,-1.954,0.956666666666667
2014,3,3,18,9.5758,-2.028,0.963333333333333
2014,3,4,0,6.4516,-2.417,0.976666666666667
2014,3,4,6,8.1026,-2.556,0.973333333333333
2014,3,4,12,9.1694,-1.648,0.888333333333333
2014,3,4,18,6.6548,-0.75,0.72
2014,3,5,0,16.002,-0.148,0.561666666666667
2014,3,5,6,16.2306,0.88,0.368333333333333
2014,3,5,12,5.461,1.25,0.363333333333333
2014,3,5,18,5.0292,2.093,0.28
2014,3,6,0,28.7782,1.815,0.26
2014,3,6,6,13.8938,2.333,0.23
2014,3,6,12,12.7254,2.278,0.22
2014,3,6,18,7.5692,1.417,0.28
2014,3,7,0,6.1468,2.056,0.2
2014,3,7,6,2.5654,2.389,0.198333333333333
2014,3,7,12,0,4,0.111666666666667
2014,3,7,18,0.127,0.102,0.728333333333333
2014,3,8,0,0.0508,1.102,0.66
2014,3,8,6,3.8354,3.593,0.231666666666667
2014,3,8,12,25.6286,3.343,0.135
2014,3,8,18,25.8826,4.019,0.0883333333333333
2014,3,9,0,16.256,3.213,0.11
2014,3,9,6,0.9144,2.889,0.153333333333333
2014,3,9,12,1.9558,3.88,0.126666666666667
2014,3,9,18,1.143,1.796,0.273333333333333
2014,3,10,0,2.2098,1.991,0.2
2014,3,10,6,2.2098,3.167,0.141666666666667
2014,3,10,12,1.4224,5.185,0.075
2014,3,10,18,0.9144,2.546,0.231666666666667
2014,3,11,0,0.1016,-1.991,0.945
2014,3,11,6,0,0.926,0.566666666666667
2014,3,11,12,0,7.38,0.0483333333333333
2014,3,11,18,0,-1.343,0.82
2014,3,12,0,0,-3.889,1
2014,3,12,6,0,2.167,0.586666666666667
2014,3,12,12,0,7.954,0.0533333333333333
2014,3,12,18,0,0.37,0.896666666666667
2014,3,13,0,0,-1.926,1
2014,3,13,6,0,3.185,0.531666666666667
2014,3,13,12,0,7.787,0.0466666666666667
2014,3,13,18,0.0254,1.722,0.64
2014,3,14,0,3.6068,2.472,0.221666666666667
2014,3,14,6,7.0358,6.648,0.0266666666666667
2014,3,14,12,3.2258,5.343,0.0716666666666667
2014,3,14,18,0.5588,1.528,0.271666666666667
2014,3,15,0,0.381,0.38,0.543333333333333
2014,3,15,6,3.048,3.176,0.35
2014,3,15,12,11.7348,4.713,0.0866666666666667
2014,3,15,18,26.035,3.833,0.0833333333333333
2014,3,16,0,26.5684,2.426,0.171666666666667
2014,3,16,6,23.114,1.806,0.251666666666667
2014,3,16,12,12.8016,2.13,0.255
2014,3,16,18,10.033,-0.546,0.72
2014,3,17,0,6.35,-1.926,0.956666666666667
2014,3,17,6,2.4892,-0.213,0.646666666666667
2014,3,17,12,0.762,1.861,0.288333333333333
2014,3,17,18,0.0762,-2.472,0.94
2014,3,18,0,0.9906,-4.204,1
2014,3,18,6,0,0.13,0.623333333333333
2014,3,18,12,0,3.102,0.178333333333333
2014,3,18,18,0.0508,-0.519,0.726666666666667
2014,3,19,0,1.8542,-0.037,0.553333333333333
2014,3,19,6,9.7536,2.574,0.146666666666667
2014,3,19,12,4.1656,2.046,0.253333333333333
2014,3,19,18,4.5466,-1.407,0.898333333333333
2014,3,20,0,3.5814,-2.546,0.988333333333333
2014,3,20,6,2.413,-1.231,0.83
2014,3,20,12,1.2446,1.685,0.426666666666667
2014,3,20,18,0.3048,-2.111,0.986666666666667
2014,3,21,0,0.1016,-3.565,1
2014,3,21,6,0.1778,-1.926,0.965
2014,3,21,12,0.0254,1.222,0.818333333333333
2014,3,21,18,0,-5.176,1
2014,3,22,0,0,-4.435,1
2014,3,22,6,0,-0.056,0.913333333333333
2014,3,22,12,0.1778,-0.148,0.848333333333333
2014,3,22,18,0,-1.472,0.936666666666667
2014,3,23,0,0,-3.259,0.99
2014,3,23,6,0,0.13,0.623333333333333
2014,3,23,12,0,5.667,0.11
2014,3,23,18,0,-1.694,0.933333333333333
2014,3,24,0,0,-0.5,0.971666666666667
2014,3,24,6,0,3.648,0.501666666666667
2014,3,24,12,0,7.722,0.075
2014,3,24,18,0,3.389,0.461666666666667
2014,3,25,0,0.1778,1.991,0.566666666666667
2014,3,25,6,1.5494,4.694,0.116666666666667
2014,3,25,12,2.9464,5.019,0.08
2014,3,25,18,5.334,2.315,0.203333333333333
2014,3,26,0,2.921,0.991,0.335
2014,3,26,6,2.3622,2.296,0.225
2014,3,26,12,1.8796,5.194,0.085
2014,3,26,18,4.2418,2,0.243333333333333
2014,3,27,0,1.4478,0.741,0.413333333333333
2014,3,27,6,1.2446,2.815,0.236666666666667
2014,3,27,12,2.794,4.269,0.103333333333333
2014,3,27,18,5.207,1.639,0.251666666666667
2014,3,28,0,3.048,0.833,0.37
2014,3,28,6,3.8862,2.685,0.193333333333333
2014,3,28,12,6.6802,4.056,0.103333333333333
2014,3,28,18,6.2992,1.676,0.298333333333333
2014,3,29,0,1.0922,0.991,0.385
2014,3,29,6,5.9436,2.407,0.243333333333333
2014,3,29,12,1.524,3.306,0.198333333333333
2014,3,29,18,3.6322,1.046,0.358333333333333
2014,3,30,0,6.858,-0.148,0.61
2014,3,30,6,1.778,2.713,0.265
2014,3,30,12,0.381,5.574,0.0883333333333333
2014,3,30,18,0.0508,0.676,0.516666666666667
2014,3,31,0,0.1016,-2.88,0.996666666666667
2014,3,31,6,1.3208,2.426,0.506666666666667
2014,3,31,12,0.5334,8.352,0.0683333333333333
2014,3,31,18,0.4826,0.685,0.725
2014,4,1,0,0.4826,-2.454,1
2014,4,1,6,0,4,0.378333333333333
2014,4,1,12,0,8.75,0.0316666666666667
2014,4,1,18,0,-0.898,0.86
2014,4,2,0,0,-3.306,1
2014,4,2,6,0,2.824,0.385
2014,4,2,12,0,7.333,0.0383333333333333
2014,4,2,18,0,-1.185,0.89
2014,4,3,0,0,-1.731,0.981666666666667
2014,4,3,6,0.3556,3.306,0.295
2014,4,3,12,3.7592,6.157,0.0783333333333333
2014,4,3,18,2.7686,1.102,0.405
2014,4,4,0,2.8194,-0.454,0.641666666666667
2014,4,4,6,2.0066,2.454,0.323333333333333
2014,4,4,12,0.8636,5.278,0.0883333333333333
2014,4,4,18,1.905,2.028,0.226666666666667
2014,4,5,0,1.651,1.935,0.221666666666667
2014,4,5,6,0.9652,3.713,0.135
2014,4,5,12,4.4196,4.88,0.101666666666667
2014,4,5,18,7.493,2.833,0.161666666666667
2014,4,6,0,2.1082,1.889,0.223333333333333
2014,4,6,6,0.3556,4.361,0.135
2014,4,6,12,0,8.87,0.0416666666666667
2014,4,6,18,0.4064,4.509,0.126666666666667
2014,4,7,0,2.1082,2.491,0.205
2014,4,7,6,0,4.889,0.0983333333333333
2014,4,7,12,0,9.898,0.0116666666666667
2014,4,7,18,0,5.556,0.065
2014,4,8,0,0.1016,3.389,0.145
2014,4,8,6,2.4638,6.648,0.025
2014,4,8,12,9.5758,6.963,0.0266666666666667
2014,4,8,18,2.9972,2.611,0.211666666666667
2014,4,9,0,0,-0.741,0.773333333333333
2014,4,9,6,0,3.306,0.248333333333333
2014,4,9,12,0,7.185,0.0516666666666667
2014,4,9,18,0,0.296,0.716666666666667
2014,4,10,0,0,-2.231,0.986666666666667
2014,4,10,6,0,4.713,0.173333333333333
2014,4,10,12,0,7.787,0.045
2014,4,10,18,0,0.222,0.77
2014,4,11,0,0,0.324,0.713333333333333
2014,4,11,6,0,4.926,0.115
2014,4,11,12,0,8.639,0.0433333333333333
2014,4,11,18,0,2.167,0.318333333333333
2014,4,12,0,0.0254,-0.519,0.733333333333333
2014,4,12,6,0,5.667,0.123333333333333
2014,4,12,12,0,10.935,0.0266666666666667
2014,4,12,18,0,3.898,0.27
2014,4,13,0,0,-1.398,0.981666666666667
2014,4,13,6,0,6.083,0.29
2014,4,13,12,0,12.694,0.0133333333333333
2014,4,13,18,0,1.185,0.79
2014,4,14,0,0,-1.556,1
2014,4,14,6,0,7.907,0.181666666666667
2014,4,14,12,0,11.194,0.005
2014,4,14,18,0.0254,2.139,0.37
2014,4,15,0,0,0.389,0.503333333333333
2014,4,15,6,0,3.176,0.18
2014,4,15,12,0.1524,6.019,0.0583333333333333
2014,4,15,18,0.4572,1.648,0.313333333333333
2014,4,16,0,0.8636,1.722,0.256666666666667
2014,4,16,6,1.8796,3.074,0.16
2014,4,16,12,1.4986,5.25,0.0766666666666667
2014,4,16,18,1.1684,3.102,0.153333333333333
2014,4,17,0,4.9784,2.204,0.205
2014,4,17,6,4.3942,4.065,0.123333333333333
2014,4,17,12,5.715,5.583,0.0833333333333333
2014,4,17,18,10.795,2.898,0.163333333333333
2014,4,18,0,2.032,0.889,0.385
2014,4,18,6,0.3302,1,0.44
2014,4,18,12,0.2032,4.713,0.135
2014,4,18,18,0,-0.12,0.753333333333333
2014,4,19,0,0,1.324,0.59
2014,4,19,6,0.1016,5.324,0.251666666666667
2014,4,19,12,3.0226,4.694,0.13
2014,4,19,18,5.969,1.194,0.355
2014,4,20,0,2.3622,-0.37,0.64
2014,4,20,6,0.0254,2.407,0.323333333333333
2014,4,20,12,0.0508,7.556,0.0516666666666667
2014,4,20,18,0,3.065,0.258333333333333
2014,4,21,0,0,0.157,0.646666666666667
2014,4,21,6,0,5.259,0.113333333333333
2014,4,21,12,1.4732,8.63,0.0133333333333333
2014,4,21,18,2.159,4.565,0.085
2014,4,22,0,9.4488,2.769,0.168333333333333
2014,4,22,6,2.54,3.991,0.143333333333333
2014,4,22,12,0.7366,6.556,0.0516666666666667
2014,4,22,18,0.4572,2.324,0.253333333333333
2014,4,23,0,6.8834,1.231,0.331666666666667
2014,4,23,6,3.0734,2.602,0.22
2014,4,23,12,0.254,5.296,0.0883333333333333
2014,4,23,18,3.3274,2.787,0.191666666666667
2014,4,24,0,26.416,3.324,0.133333333333333
2014,4,24,6,23.0886,5.741,0.055
2014,4,24,12,14.351,7.019,0.0433333333333333
2014,4,24,18,14.9606,3.769,0.143333333333333
2014,4,25,0,3.6576,0.333,0.541666666666667
2014,4,25,6,0.2794,4.583,0.141666666666667
2014,4,25,12,0.6096,7.454,0.0416666666666667
2014,4,25,18,0.0762,1.556,0.44
2014,4,26,0,0.0254,-1.991,0.973333333333333
2014,4,26,6,0.4826,3.787,0.213333333333333
2014,4,26,12,0,7.009,0.05
2014,4,26,18,0.0762,0.343,0.693333333333333
2014,4,27,0,1.1684,-0.815,0.825
2014,4,27,6,3.1496,-0.074,0.641666666666667
2014,4,27,12,3.0226,4.25,0.143333333333333
2014,4,27,18,2.2352,1.648,0.323333333333333
2014,4,28,0,0.6096,-0.407,0.69
2014,4,28,6,0,2.37,0.291666666666667
2014,4,28,12,0,9.407,0.0516666666666667
2014,4,28,18,0,3.509,0.283333333333333
2014,4,29,0,0,3.12,0.336666666666667
2014,4,29,6,0,9.278,0.0583333333333333
2014,4,29,12,0,15.537,0.005
2014,4,29,18,0,6.028,0.283333333333333
2014,4,30,0,0,1.741,0.74
2014,4,30,6,0,12.083,0.0433333333333333
2014,4,30,12,0,19.861,0
2014,4,30,18,0,7.778,0.085
2014,5,1,0,0,3.981,0.37
2014,5,1,6,0,12.519,0.0266666666666667
2014,5,1,12,0,19.204,0
2014,5,1,18,0,8.148,0.0616666666666667
2014,5,2,0,0,3.963,0.27
2014,5,2,6,0,11.231,0.00666666666666667
2014,5,2,12,0,13.639,0
2014,5,2,18,2.3876,6.204,0.035
2014,5,3,0,3.81,4.028,0.0983333333333333
2014,5,3,6,3.0226,4.926,0.0883333333333333
2014,5,3,12,1.778,7.546,0.02
2014,5,3,18,3.8608,4.231,0.0983333333333333
2014,5,4,0,2.667,3.157,0.13
2014,5,4,6,2.4638,4.944,0.0783333333333333
2014,5,4,12,2.159,6.389,0.0566666666666667
2014,5,4,18,0.9144,4.204,0.0866666666666667
2014,5,5,0,3.2766,3.528,0.095
2014,5,5,6,3.1496,5.981,0.0516666666666667
2014,5,5,12,2.6162,7.806,0.0283333333333333
2014,5,5,18,1.2446,5.806,0.055
2014,5,6,0,0.7112,3.463,0.105
2014,5,6,6,0.0254,7.833,0.0316666666666667
2014,5,6,12,0,10.111,0.0133333333333333
2014,5,6,18,0,5.676,0.06
2014,5,7,0,0.0762,2.046,0.285
2014,5,7,6,0,8.278,0.035
2014,5,7,12,0,11.519,0.01
2014,5,7,18,0,4.102,0.223333333333333
2014,5,8,0,0,1.852,0.42
2014,5,8,6,0,9.398,0.0166666666666667
2014,5,8,12,2.8194,9.454,0.01
2014,5,8,18,8.5852,5.13,0.0566666666666667
2014,5,9,0,12.2174,3.056,0.143333333333333
2014,5,9,6,23.8506,5.352,0.0716666666666667
2014,5,9,12,7.239,7.491,0.0333333333333333
2014,5,9,18,2.1844,3.62,0.118333333333333
2014,5,10,0,1.651,2.324,0.18
2014,5,10,6,0.1524,3.889,0.0966666666666667
2014,5,10,12,0.0254,8.361,0.0466666666666667
2014,5,10,18,0,5.713,0.07
2014,5,11,0,0,2.852,0.121666666666667
2014,5,11,6,0,8.324,0.035
2014,5,11,12,0,14.222,0.01
2014,5,11,18,0,6.833,0.11
2014,5,12,0,0,3.315,0.35
2014,5,12,6,0,12.731,0.0183333333333333
2014,5,12,12,0,17.63,0.00333333333333333
2014,5,12,18,0,7.935,0.0833333333333333
2014,5,13,0,0,5.222,0.12
2014,5,13,6,0,13.139,0.00666666666666667
2014,5,13,12,0,19.426,0
2014,5,13,18,0,9.917,0.0333333333333333
2014,5,14,0,0,5.361,0.0866666666666667
2014,5,14,6,0,14.907,0.00333333333333333
2014,5,14,12,0,20.713,0
2014,5,14,18,0,10.157,0.0266666666666667
2014,5,15,0,0,7.222,0.06
2014,5,15,6,0,14.611,0.005
2014,5,15,12,0,19.537,0
2014,5,15,18,0,11,0.0116666666666667
2014,5,16,0,0,7.389,0.025
2014,5,16,6,0,13.435,0.00166666666666667
2014,5,16,12,0,16.333,0
2014,5,16,18,0,10.574,0.00333333333333333
2014,5,17,0,0.1524,7.019,0.0166666666666667
2014,5,17,6,1.5494,11.12,0.00166666666666667
2014,5,17,12,0.254,13.037,0
2014,5,17,18,0.2286,8.944,0.0133333333333333
2014,5,18,0,0.2032,4.444,0.0683333333333333
2014,5,18,6,0,9.62,0.01
2014,5,18,12,0.127,12.611,0.00166666666666667
2014,5,18,18,0.1524,7.769,0.0216666666666667
2014,5,19,0,0.127,5.278,0.06
2014,5,19,6,0,10.111,0.00833333333333333
2014,5,19,12,0,13.824,0
2014,5,19,18,0,10.417,0.01
2014,5,20,0,0,6.213,0.0316666666666667
2014,5,20,6,0,10.769,0.00833333333333333
2014,5,20,12,0,13.917,0
2014,5,20,18,0,8.176,0.0283333333333333
2014,5,21,0,0,4.13,0.0933333333333333
2014,5,21,6,0,11.056,0.00666666666666667
2014,5,21,12,0,14.204,0
2014,5,21,18,0,8.75,0.0183333333333333
2014,5,22,0,0,4.417,0.0733333333333333
2014,5,22,6,0,11.306,0.00666666666666667
2014,5,22,12,0,15.537,0
2014,5,22,18,0,10.435,0.005
2014,5,23,0,0.6858,7.463,0.0133333333333333
2014,5,23,6,11.4554,9.435,0.01
2014,5,23,12,6.8834,12.435,0
2014,5,23,18,0.8128,9.324,0.01
2014,5,24,0,0,5.204,0.0366666666666667
2014,5,24,6,0,8.88,0.0116666666666667
2014,5,24,12,0,11.417,0.00333333333333333
2014,5,24,18,0,6.889,0.0366666666666667
2014,5,25,0,0.2032,4.454,0.0716666666666667
2014,5,25,6,3.5052,9.769,0.01
2014,5,25,12,4.2418,9.046,0.0133333333333333
2014,5,25,18,0.5334,5.343,0.0433333333333333
2014,5,26,0,1.6256,4.074,0.0616666666666667
2014,5,26,6,1.7018,6.694,0.025
2014,5,26,12,0.254,11.019,0.01
2014,5,26,18,0.1016,6.833,0.0433333333333333
2014,5,27,0,0,2.972,0.15
2014,5,27,6,0,8.407,0.0183333333333333
2014,5,27,12,0,11.231,0.01
2014,5,27,18,0,5.065,0.065
2014,5,28,0,0.0508,2.454,0.163333333333333
2014,5,28,6,0.4318,7.88,0.0183333333333333
2014,5,28,12,0.127,9.481,0.0133333333333333
2014,5,28,18,0.2286,4.5,0.07
2014,5,29,0,0.127,3,0.0966666666666667
2014,5,29,6,0,5.287,0.0483333333333333
2014,5,29,12,0,11.315,0.01
2014,5,29,18,0,7.222,0.0366666666666667
2014,5,30,0,0,2.62,0.145
2014,5,30,6,0,9.972,0.0116666666666667
2014,5,30,12,0,15.389,0
2014,5,30,18,0.0254,9.25,0.025
2014,5,31,0,0.0508,3.509,0.143333333333333
2014,5,31,6,0,11.352,0.00666666666666667
2014,5,31,12,0,16.083,0
2014,5,31,18,0,9.454,0.0166666666666667
2014,6,1,0,0,4.204,0.095
2014,6,1,6,0,11.685,0.00333333333333333
2014,6,1,12,0,16.213,0
2014,6,1,18,0,9.102,0.0183333333333333
2014,6,2,0,0,4.296,0.0816666666666667
2014,6,2,6,0,11.685,0.00333333333333333
2014,6,2,12,0,15.583,0
2014,6,2,18,0,10.13,0.00666666666666667
2014,6,3,0,0,5.88,0.03
2014,6,3,6,0.127,11.315,0.00166666666666667
2014,6,3,12,0.0254,14.046,0
2014,6,3,18,0,9.843,0.00666666666666667
2014,6,4,0,0,6.194,0.0233333333333333
2014,6,4,6,0,11.657,0.00166666666666667
2014,6,4,12,0,15.074,0
2014,6,4,18,0,9.694,0.00833333333333333
2014,6,5,0,0,4.704,0.0516666666666667
2014,6,5,6,0,11.954,0.00166666666666667
2014,6,5,12,0,16.528,0
2014,6,5,18,0,8.713,0.0833333333333333
2014,6,6,0,0,3.222,0.475
2014,6,6,6,0,12.667,0.005
2014,6,6,12,0,16.722,0
2014,6,6,18,0,8.574,0.025
2014,6,7,0,0,4.176,0.08
2014,6,7,6,0,13.741,0.00166666666666667
2014,6,7,12,0,16.639,0
2014,6,7,18,0,10.639,0.00666666666666667
2014,6,8,0,0,5.981,0.0266666666666667
2014,6,8,6,0,12.556,0.00166666666666667
2014,6,8,12,0,15.806,0
2014,6,8,18,0,11.62,0
2014,6,9,0,0,8.083,0.01
2014,6,9,6,0,11.694,0.00166666666666667
2014,6,9,12,0,13.769,0
2014,6,9,18,0,8.787,0.00833333333333333
2014,6,10,0,0,5.5,0.0283333333333333
2014,6,10,6,0.635,11.454,0.00166666666666667
2014,6,10,12,0,14.435,0
2014,6,10,18,0,9.241,0.015
2014,6,11,0,0.0508,3.75,0.0766666666666667
2014,6,11,6,0,11.704,0.00333333333333333
2014,6,11,12,0,15.824,0
2014,6,11,18,0,9.62,0.0116666666666667
2014,6,12,0,0,6.435,0.0266666666666667
2014,6,12,6,0,13,0
2014,6,12,12,0.3048,13.037,0
2014,6,12,18,0.4318,8.333,0.00833333333333333
2014,6,13,0,1.4732,6.815,0.0166666666666667
2014,6,13,6,3.8608,8.157,0.01
2014,6,13,12,2.4638,9.907,0
2014,6,13,18,2.7432,7.472,0.0133333333333333
2014,6,14,0,1.0922,6.139,0.0216666666666667
2014,6,14,6,0.4318,7.694,0.015
2014,6,14,12,0.1016,10.204,0.01
2014,6,14,18,0.1016,7.315,0.0216666666666667
2014,6,15,0,0.4318,5.815,0.03
2014,6,15,6,0.9144,7.917,0.0183333333333333
2014,6,15,12,1.1684,9.139,0.01
2014,6,15,18,1.4732,7.065,0.0216666666666667
2014,6,16,0,0.5842,5.185,0.04
2014,6,16,6,0.127,7.806,0.0183333333333333
2014,6,16,12,0.2286,9.815,0.01
2014,6,16,18,0.0508,7.352,0.0216666666666667
2014,6,17,0,0.0762,5.898,0.0333333333333333
2014,6,17,6,0,9.213,0.01
2014,6,17,12,0,11.324,0.00333333333333333
2014,6,17,18,0,7.62,0.0166666666666667
2014,6,18,0,0,6.352,0.0233333333333333
2014,6,18,6,0,9.167,0.0116666666666667
2014,6,18,12,0,12.454,0
2014,6,18,18,0,9.417,0.01
2014,6,19,0,0,6.537,0.02
2014,6,19,6,0.381,8.778,0.00833333333333333
2014,6,19,12,0.1524,13.389,0
2014,6,19,18,4.445,10.12,0.005
2014,6,20,0,1.8288,5.972,0.03
2014,6,20,6,0,9.269,0.00833333333333333
2014,6,20,12,0,12.25,0.00166666666666667
2014,6,20,18,0,6.296,0.065
2014,6,21,0,0,1.676,0.328333333333333
2014,6,21,6,0,9.778,0.0233333333333333
2014,6,21,12,0,15.176,0
2014,6,21,18,0,8.583,0.0466666666666667
2014,6,22,0,0,3.306,0.22
2014,6,22,6,0,12.444,0.005
2014,6,22,12,0,16.278,0
2014,6,22,18,0,10.12,0.0116666666666667
2014,6,23,0,0,6.296,0.055
2014,6,23,6,0,13.5,0.00166666666666667
2014,6,23,12,0,16.167,0
2014,6,23,18,0,11.407,0.00333333333333333
2014,6,24,0,0,7.565,0.01
2014,6,24,6,0,11.194,0.00333333333333333
2014,6,24,12,0.0254,16.148,0
2014,6,24,18,0,10.343,0.01
2014,6,25,0,0,5.917,0.0283333333333333
2014,6,25,6,0,12.648,0.00333333333333333
2014,6,25,12,0,17.435,0
2014,6,25,18,0,11.389,0.00666666666666667
2014,6,26,0,0,6.731,0.0283333333333333
2014,6,26,6,0,14.731,0
2014,6,26,12,0.0254,14.093,0
2014,6,26,18,0.1524,10.269,0.00333333333333333
2014,6,27,0,0.127,7.63,0.0116666666666667
2014,6,27,6,1.5748,10.731,0.00166666666666667
2014,6,27,12,1.9558,12.343,0
2014,6,27,18,3.1242,8.269,0.01
2014,6,28,0,1.6256,6.898,0.0183333333333333
2014,6,28,6,0.889,10.12,0.005
2014,6,28,12,1.4732,12.278,0
2014,6,28,18,0.9144,8.028,0.01
2014,6,29,0,0.9906,6.389,0.01
2014,6,29,6,1.2954,9.333,0.01
2014,6,29,12,0.4064,13.185,0.005
2014,6,29,18,0.0254,9.352,0.015
2014,6,30,0,0,4.25,0.0566666666666667
2014,6,30,6,0,12.13,0.00333333333333333
2014,6,30,12,0,20.167,0
2014,6,30,18,0,13.861,0.00333333333333333
2014,7,1,0,0,8.306,0.0183333333333333
2014,7,1,6,0,17.204,0
2014,7,1,12,0,22.944,0
2014,7,1,18,0,17.102,0
2014,7,2,0,0,11.176,0.0116666666666667
2014,7,2,6,0,16.481,0
2014,7,2,12,0,18.463,0
2014,7,2,18,0,13.417,0
2014,7,3,0,0,9.556,0.005
2014,7,3,6,0,12.704,0
2014,7,3,12,0,15.935,0
2014,7,3,18,0,11.907,0.00333333333333333
2014,7,4,0,0,8.157,0.01
2014,7,4,6,0,13.176,0
2014,7,4,12,0.0508,15.889,0
2014,7,4,18,0.2794,11.583,0.00166666666666667
2014,7,5,0,0,9.463,0.00833333333333333
2014,7,5,6,0,14.25,0
2014,7,5,12,0,16.667,0
2014,7,5,18,0,13.5,0
2014,7,6,0,0,11.194,0
2014,7,6,6,0.0762,14.574,0
2014,7,6,12,0.0508,18.796,0
2014,7,6,18,0,15.444,0
2014,7,7,0,0,10.509,0.00166666666666667
2014,7,7,6,0,16.25,0
2014,7,7,12,0,20.685,0
2014,7,7,18,0,14.519,0.00166666666666667
2014,7,8,0,0,9.454,0.00833333333333333
2014,7,8,6,0,16.426,0
2014,7,8,12,0,20.917,0
2014,7,8,18,0,14.843,0
2014,7,9,0,0,9.546,0.00666666666666667
2014,7,9,6,0,16.898,0
2014,7,9,12,0,20.546,0
2014,7,9,18,0,13.593,0.00333333333333333
2014,7,10,0,0,7.713,0.0166666666666667
2014,7,10,6,0,15.926,0
2014,7,10,12,0,21.657,0
2014,7,10,18,0,14.139,0.00333333333333333
2014,7,11,0,0,8.593,0.015
2014,7,11,6,0,16.13,0
2014,7,11,12,0,22.361,0
2014,7,11,18,0,15.815,0
2014,7,12,0,0,10.676,0.005
2014,7,12,6,0,19.731,0
2014,7,12,12,0,24.176,0
2014,7,12,18,0,17.324,0
2014,7,13,0,0,11.278,0.00666666666666667
2014,7,13,6,0,19.694,0
2014,7,13,12,0,23.815,0
2014,7,13,18,0,17.435,0
2014,7,14,0,0,12.546,0.00333333333333333
2014,7,14,6,0,19.12,0
2014,7,14,12,0,22.537,0
2014,7,14,18,0,15.981,0
2014,7,15,0,0,11.176,0
2014,7,15,6,0,18.37,0
2014,7,15,12,0,22.75,0
2014,7,15,18,0,16.157,0
2014,7,16,0,0,11.12,0
2014,7,16,6,0,18.519,0
2014,7,16,12,0,21.843,0
2014,7,16,18,0,15.62,0
2014,7,17,0,0,11.176,0
2014,7,17,6,0,16.361,0
2014,7,17,12,0,19.333,0
2014,7,17,18,0,13.981,0
2014,7,18,0,0,9.954,0
2014,7,18,6,0,15.769,0
2014,7,18,12,0,17.898,0
2014,7,18,18,0.0762,13.574,0
2014,7,19,0,1.3208,12.222,0
2014,7,19,6,6.6802,14.852,0
2014,7,19,12,2.9464,15.213,0
2014,7,19,18,1.016,12.944,0
2014,7,20,0,0.1778,11.111,0
2014,7,20,6,0.127,13.185,0
2014,7,20,12,0.0254,15.481,0
2014,7,20,18,0.0254,11.12,0.005
2014,7,21,0,0.0254,8.176,0.01
2014,7,21,6,0,12.62,0.00166666666666667
2014,7,21,12,0,16.741,0
2014,7,21,18,0,12.352,0
2014,7,22,0,0,7.926,0.01
2014,7,22,6,0,12.981,0
2014,7,22,12,0.4318,14.074,0
2014,7,22,18,0,11.954,0
2014,7,23,0,0.7112,10.611,0
2014,7,23,6,9.9568,13.648,0
2014,7,23,12,24.7142,12.019,0
2014,7,23,18,10.9474,9.593,0.00833333333333333
2014,7,24,0,4.191,8.704,0.0166666666666667
2014,7,24,6,10.414,10.389,0.005
2014,7,24,12,4.0386,12.843,0
2014,7,24,18,0.4572,10.926,0.00666666666666667
2014,7,25,0,0,8.185,0.015
2014,7,25,6,0,12.778,0.00166666666666667
2014,7,25,12,0,17.093,0
2014,7,25,18,0,12.046,0.00333333333333333
2014,7,26,0,0,8.028,0.01
2014,7,26,6,0,14.667,0
2014,7,26,12,0,19.778,0
2014,7,26,18,0,13.509,0.00166666666666667
2014,7,27,0,0,8.389,0.01
2014,7,27,6,0,15.741,0
2014,7,27,12,0,21.685,0
2014,7,27,18,0,15.157,0
2014,7,28,0,0,10.213,0.01
2014,7,28,6,0,17.287,0
2014,7,28,12,0,22.565,0
2014,7,28,18,0,14.806,0
2014,7,29,0,0,10.194,0.00833333333333333
2014,7,29,6,0,18.463,0
2014,7,29,12,0,22.343,0
2014,7,29,18,0,14.648,0
2014,7,30,0,0,10.296,0.00666666666666667
2014,7,30,6,0,16.833,0
2014,7,30,12,0,22.472,0
2014,7,30,18,0,15.324,0
2014,7,31,0,0,10.537,0.005
2014,7,31,6,0,17.657,0
2014,7,31,12,0,22.685,0
2014,7,31,18,0,14.444,0.00166666666666667
2014,8,1,0,0,10.102,0.01
2014,8,1,6,0,17.398,0
2014,8,1,12,0,23.222,0
2014,8,1,18,0,15,0
2014,8,2,0,0,10.88,0.00666666666666667
2014,8,2,6,0,18.972,0
2014,8,2,12,0,22.787,0
2014,8,2,18,0,15.065,0
2014,8,3,0,0,10.843,0.00666666666666667
2014,8,3,6,0,18.991,0
2014,8,3,12,0,23.917,0
2014,8,3,18,0,15.685,0
2014,8,4,0,0,11.102,0.005
2014,8,4,6,0,18.463,0
2014,8,4,12,0,22.463,0
2014,8,4,18,0,14.167,0.00166666666666667
2014,8,5,0,0,10.407,0.00833333333333333
2014,8,5,6,0,16.028,0
2014,8,5,12,0,19.843,0
2014,8,5,18,0,13.519,0
2014,8,6,0,0,9.981,0.00333333333333333
2014,8,6,6,0,15.583,0
2014,8,6,12,0,19.546,0
2014,8,6,18,0,13.62,0
2014,8,7,0,0,9.185,0.00666666666666667
2014,8,7,6,0,15.333,0
2014,8,7,12,0,18.981,0
2014,8,7,18,0,12.491,0
2014,8,8,0,0,8.75,0.01
2014,8,8,6,0,14.843,0
2014,8,8,12,0,19.565,0
2014,8,8,18,0,11.963,0.00333333333333333
2014,8,9,0,0,7.454,0.0133333333333333
2014,8,9,6,0,15.315,0
2014,8,9,12,0,21.63,0
2014,8,9,18,0,12.556,0.00333333333333333
2014,8,10,0,0,8.074,0.0166666666666667
2014,8,10,6,0,16.889,0
2014,8,10,12,0,24.398,0
2014,8,10,18,0,15.38,0.00333333333333333
2014,8,11,0,0,10.852,0.015
2014,8,11,6,0,19.148,0
2014,8,11,12,0,24.824,0
2014,8,11,18,0,16.75,0
2014,8,12,0,0.4064,13.472,0
2014,8,12,6,0.9906,20.241,0
2014,8,12,12,0,20.509,0
2014,8,12,18,1.8288,15.991,0
2014,8,13,0,36.4998,13.778,0
2014,8,13,6,9.7028,14.694,0
2014,8,13,12,0.4826,16.602,0
2014,8,13,18,0,14.481,0
2014,8,14,0,0,12.444,0
2014,8,14,6,0,14.963,0
2014,8,14,12,1.0922,16.926,0
2014,8,14,18,2.8702,14.13,0
2014,8,15,0,0,12.583,0
2014,8,15,6,0.0254,15.75,0
2014,8,15,12,0.0508,17.546,0
2014,8,15,18,0.0508,14.5,0
2014,8,16,0,0.0254,13.435,0
2014,8,16,6,0,16.028,0
2014,8,16,12,0,19.139,0
2014,8,16,18,0,15.009,0
2014,8,17,0,0,12.38,0
2014,8,17,6,0,16.963,0
2014,8,17,12,0,21.065,0
2014,8,17,18,0,15.426,0
2014,8,18,0,0,12.287,0
2014,8,18,6,0,18.148,0
2014,8,18,12,0,22.287,0
2014,8,18,18,0,16.472,0
2014,8,19,0,0,13.157,0
2014,8,19,6,0,18.176,0
2014,8,19,12,0,20.75,0
2014,8,19,18,0,14.639,0
2014,8,20,0,0,11.611,0
2014,8,20,6,0,15.324,0
2014,8,20,12,0,18.63,0
2014,8,20,18,0,13.083,0
2014,8,21,0,0,9.685,0
2014,8,21,6,0,13.87,0
2014,8,21,12,0,18.611,0
2014,8,21,18,0,11.926,0
2014,8,22,0,0,8.815,0.00833333333333333
2014,8,22,6,0,16.074,0
2014,8,22,12,0.0508,20.648,0
2014,8,22,18,0,12.954,0.00333333333333333
2014,8,23,0,0,9.352,0.01
2014,8,23,6,0,16.472,0
2014,8,23,12,0,21.463,0
2014,8,23,18,0,12.287,0.00333333333333333
2014,8,24,0,0,8.861,0.01
2014,8,24,6,0,16.769,0
2014,8,24,12,0,21.12,0
2014,8,24,18,0,13.306,0.00166666666666667
2014,8,25,0,0,9.657,0.01
2014,8,25,6,0,17.657,0
2014,8,25,12,0,22.176,0
2014,8,25,18,0,13.556,0
2014,8,26,0,0,10.444,0.00833333333333333
2014,8,26,6,0,18.519,0
2014,8,26,12,0,23.602,0
2014,8,26,18,0,14.778,0
2014,8,27,0,0,11.139,0
2014,8,27,6,0,17.88,0
2014,8,27,12,0,21.843,0
2014,8,27,18,0,14.435,0
2014,8,28,0,0,11.556,0
2014,8,28,6,0,16.694,0
2014,8,28,12,0,19.167,0
2014,8,28,18,0,13.028,0
2014,8,29,0,0,12.019,0
2014,8,29,6,0.0762,15.648,0
2014,8,29,12,0.1016,14.759,0
2014,8,29,18,0.0762,11.593,0
2014,8,30,0,0.0762,10.861,0
2014,8,30,6,0.508,13.667,0
2014,8,30,12,0.1778,16.12,0
2014,8,30,18,0.1524,12.13,0
2014,8,31,0,0.127,10.37,0.00833333333333333
2014,8,31,6,0.1778,13.685,0
2014,8,31,12,0.1016,14.769,0
2014,8,31,18,0,10.667,0.005
2014,9,1,0,0,9.861,0.01
2014,9,1,6,0,12.426,0
2014,9,1,12,0,14.62,0
2014,9,1,18,0,9.25,0.005
2014,9,2,0,0.2286,8.139,0.00833333333333333
2014,9,2,6,2.5908,11.954,0
2014,9,2,12,22.098,11.37,0
2014,9,2,18,6.985,9.37,0.01
2014,9,3,0,0.7874,8.444,0.01
2014,9,3,6,0,11.25,0.00333333333333333
2014,9,3,12,0,15.259,0
2014,9,3,18,0,8.62,0.0116666666666667
2014,9,4,0,0,6.019,0.025
2014,9,4,6,0,12.806,0.00333333333333333
2014,9,4,12,0,19.056,0
2014,9,4,18,0,9.889,0.0116666666666667
2014,9,5,0,0,7.574,0.0233333333333333
2014,9,5,6,0,15.028,0.00333333333333333
2014,9,5,12,0,22.25,0
2014,9,5,18,0,12.009,0.005
2014,9,6,0,0,8.111,0.0266666666666667
2014,9,6,6,0,16.009,0.00166666666666667
2014,9,6,12,0,22.833,0
2014,9,6,18,0,12.5,0.005
2014,9,7,0,0,7.833,0.0333333333333333
2014,9,7,6,0,15.741,0
2014,9,7,12,0,19.75,0
2014,9,7,18,0,10.167,0.00666666666666667
2014,9,8,0,0,7.685,0.0166666666666667
2014,9,8,6,0,13.5,0
2014,9,8,12,0,16.898,0
2014,9,8,18,0,9.537,0.00666666666666667
2014,9,9,0,0,8.528,0.00833333333333333
2014,9,9,6,0,12.852,0
2014,9,9,12,0,15.167,0
2014,9,9,18,0,10.046,0.005
2014,9,10,0,0,8.935,0.01
2014,9,10,6,0,11.417,0.005
2014,9,10,12,0,17.287,0
2014,9,10,18,0,12.926,0.005
2014,9,11,0,0,6.778,0.0716666666666667
2014,9,11,6,0,11.815,0.0233333333333333
2014,9,11,12,0,18.917,0
2014,9,11,18,0,8.398,0.0383333333333333
2014,9,12,0,0,3.63,0.411666666666667
2014,9,12,6,0,12.278,0.0216666666666667
2014,9,12,12,0,20.157,0
2014,9,12,18,0,8.75,0.0483333333333333
2014,9,13,0,0,3.611,0.338333333333333
2014,9,13,6,0,12.13,0.0216666666666667
2014,9,13,12,0,21.5,0
2014,9,13,18,0,9.824,0.0216666666666667
2014,9,14,0,0,5.648,0.0983333333333333
2014,9,14,6,0,13.963,0.01
2014,9,14,12,0,22.741,0
2014,9,14,18,0,11.259,0.0116666666666667
2014,9,15,0,0,6.722,0.065
2014,9,15,6,0,14.13,0.005
2014,9,15,12,0,21.426,0
2014,9,15,18,0,10.009,0.0166666666666667
2014,9,16,0,0,6.75,0.0566666666666667
2014,9,16,6,0,12.907,0.005
2014,9,16,12,0,17.565,0
2014,9,16,18,0,9.87,0.0133333333333333
2014,9,17,0,0,9.167,0.0116666666666667
2014,9,17,6,0.0254,12.741,0
2014,9,17,12,0.3556,15.426,0
2014,9,17,18,1.4732,12.417,0
2014,9,18,0,1.9812,11.306,0
2014,9,18,6,0.4064,11.88,0
2014,9,18,12,0.8636,13.259,0
2014,9,18,18,0.6604,11.463,0
2014,9,19,0,0.8636,11.315,0
2014,9,19,6,0,12.769,0
2014,9,19,12,0,14.806,0
2014,9,19,18,0,9.889,0.0116666666666667
2014,9,20,0,0,8.519,0.0216666666666667
2014,9,20,6,0,13.815,0.005
2014,9,20,12,0,19.824,0
2014,9,20,18,0,12.009,0.005
2014,9,21,0,0,9.269,0.01
2014,9,21,6,0,14.454,0.00166666666666667
2014,9,21,12,0,18.593,0
2014,9,21,18,0,10.898,0.005
2014,9,22,0,0.0254,9.611,0.00833333333333333
2014,9,22,6,1.0922,13.028,0
2014,9,22,12,0.4318,15.426,0
2014,9,22,18,0.1016,10.926,0
2014,9,23,0,0.1016,10.176,0
2014,9,23,6,1.524,12.889,0
2014,9,23,12,8.4836,13.639,0
2014,9,23,18,10.6172,10.907,0
2014,9,24,0,15.367,11.25,0
2014,9,24,6,10.795,11.472,0
2014,9,24,12,4.1148,12.796,0
2014,9,24,18,0.3556,10.796,0.005
2014,9,25,0,0.5334,9.454,0.01
2014,9,25,6,1.4478,11.028,0.00166666666666667
2014,9,25,12,2.1082,12.083,0
2014,9,25,18,1.1938,9.306,0.01
2014,9,26,0,6.5024,9.222,0.01
2014,9,26,6,5.9436,10.519,0.00166666666666667
2014,9,26,12,7.112,11.833,0
2014,9,26,18,1.397,9.222,0.00833333333333333
2014,9,27,0,0,7.75,0.02
2014,9,27,6,0,10.917,0.00333333333333333
2014,9,27,12,0,14.694,0
2014,9,27,18,0,8.88,0.0116666666666667
2014,9,28,0,0,7.176,0.02
2014,9,28,6,0,11.13,0.00333333333333333
2014,9,28,12,0,15.611,0
2014,9,28,18,0,9.63,0.00833333333333333
2014,9,29,0,0,7.407,0.01
2014,9,29,6,0.7366,10.722,0.00166666666666667
2014,9,29,12,3.8862,12.083,0
2014,9,29,18,1.5748,9.491,0.00333333333333333
2014,9,30,0,3.0226,8.38,0.01
2014,9,30,6,0.381,9,0.00666666666666667
2014,9,30,12,0.254,11.269,0
2014,9,30,18,0.0508,8.037,0.00833333333333333
2014,10,1,0,0.0762,7.241,0.01
2014,10,1,6,0,9.583,0.005
2014,10,1,12,0,11.981,0
2014,10,1,18,0,7.676,0.01
2014,10,2,0,0,4.75,0.0383333333333333
2014,10,2,6,0.0254,7.694,0.025
2014,10,2,12,0,13.361,0.00166666666666667
2014,10,2,18,0,6.907,0.0466666666666667
2014,10,3,0,0.0508,4.194,0.0983333333333333
2014,10,3,6,0.3302,9.546,0.025
2014,10,3,12,0.3302,14.704,0
2014,10,3,18,0.4318,8.602,0.0266666666666667
2014,10,4,0,1.4224,7.444,0.045
2014,10,4,6,0,12.241,0.00666666666666667
2014,10,4,12,0,15.583,0
2014,10,4,18,0,11.481,0
2014,10,5,0,0,10.046,0.00666666666666667
2014,10,5,6,0,12.546,0.00166666666666667
2014,10,5,12,0,17,0
2014,10,5,18,0,10.593,0.00333333333333333
2014,10,6,0,0,8.361,0.01
2014,10,6,6,0,12.75,0
2014,10,6,12,0,16.815,0
2014,10,6,18,0,11.102,0
2014,10,7,0,0,8.981,0.00666666666666667
2014,10,7,6,0,11.667,0
2014,10,7,12,0,14.509,0
2014,10,7,18,0,9.472,0.00666666666666667
2014,10,8,0,0,8.62,0.01
2014,10,8,6,0,11.343,0.00333333333333333
2014,10,8,12,0,14.88,0
2014,10,8,18,0,10.324,0.005
2014,10,9,0,0,7.259,0.015
2014,10,9,6,0,9.926,0.005
2014,10,9,12,0,13.843,0
2014,10,9,18,0,8.019,0.01
2014,10,10,0,0,5.685,0.0283333333333333
2014,10,10,6,0,9.546,0.00833333333333333
2014,10,10,12,0,12.519,0
2014,10,10,18,0.4572,10.028,0.00333333333333333
2014,10,11,0,0.4064,8.667,0.01
2014,10,11,6,7.8994,8.685,0.01
2014,10,11,12,5.0546,10.204,0.00666666666666667
2014,10,11,18,2.0574,7.769,0.015
2014,10,12,0,1.7272,7.019,0.0183333333333333
2014,10,12,6,0.8382,9.046,0.00666666666666667
2014,10,12,12,1.1176,11.213,0.00333333333333333
2014,10,12,18,0.889,8.657,0.01
2014,10,13,0,0.0254,7.685,0.0183333333333333
2014,10,13,6,0.0762,9.417,0.0133333333333333
2014,10,13,12,1.7272,10.231,0.01
2014,10,13,18,5.9436,8.861,0.01
2014,10,14,0,5.4356,7.778,0.0116666666666667
2014,10,14,6,2.5908,7.407,0.015
2014,10,14,12,0.0254,9.565,0.01
2014,10,14,18,0.3302,6.944,0.0183333333333333
2014,10,15,0,1.2192,6.926,0.02
2014,10,15,6,1.9812,8.38,0.01
2014,10,15,12,12.7762,9.056,0.01
2014,10,15,18,5.969,6.667,0.02
2014,10,16,0,5.461,5.769,0.035
2014,10,16,6,0,7.611,0.02
2014,10,16,12,0,10.306,0.01
2014,10,16,18,0,8.102,0.0183333333333333
2014,10,17,0,0.508,8.139,0.0166666666666667
2014,10,17,6,3.0226,8.528,0.01
2014,10,17,12,9.5504,9.796,0.01
2014,10,17,18,5.1562,9.269,0.01
2014,10,18,0,0.4318,8.056,0.0116666666666667
2014,10,18,6,0.3556,9.87,0.01
2014,10,18,12,0,14.176,0
2014,10,18,18,0,9.546,0.00833333333333333
2014,10,19,0,0,9.204,0.01
2014,10,19,6,0,11.88,0.00166666666666667
2014,10,19,12,0.2032,14.204,0
2014,10,19,18,0.7366,11.074,0
2014,10,20,0,9.7282,9.778,0.00666666666666667
2014,10,20,6,8.8646,10.981,0
2014,10,20,12,18.1864,11.602,0.00166666666666667
2014,10,20,18,12.8778,8.898,0.01
2014,10,21,0,10.2616,8.056,0.01
2014,10,21,6,2.6416,9.296,0.01
2014,10,21,12,0.2794,9.556,0.01
2014,10,21,18,0.9906,7.472,0.01
2014,10,22,0,9.1948,8.157,0.01
2014,10,22,6,10.5156,8.37,0.01
2014,10,22,12,17.018,8.815,0.01
2014,10,22,18,10.922,7.463,0.0116666666666667
2014,10,23,0,8.3058,5.741,0.03
2014,10,23,6,9.5504,6.907,0.0216666666666667
2014,10,23,12,7.5184,7.231,0.025
2014,10,23,18,4.318,4.148,0.0733333333333333
2014,10,24,0,1.1684,3.185,0.0966666666666667
2014,10,24,6,0.127,4.981,0.06
2014,10,24,12,0,8.222,0.0166666666666667
2014,10,24,18,2.8702,5.444,0.0516666666666667
2014,10,25,0,3.4544,4.667,0.055
2014,10,25,6,1.0668,6.306,0.025
2014,10,25,12,6.0198,7.278,0.02
2014,10,25,18,15.8242,5.361,0.03
2014,10,26,0,3.4036,3.815,0.06
2014,10,26,6,12.0396,4.972,0.0466666666666667
2014,10,26,12,4.953,6.843,0.025
2014,10,26,18,0.2032,2.806,0.105
2014,10,27,0,0.2032,2.685,0.103333333333333
2014,10,27,6,0,4.306,0.07
2014,10,27,12,0.0762,6.787,0.0316666666666667
2014,10,27,18,1.6764,4.639,0.075
2014,10,28,0,6.5786,4.981,0.0583333333333333
2014,10,28,6,2.5146,7.528,0.02
2014,10,28,12,0.6604,7.685,0.0216666666666667
2014,10,28,18,1.0414,6.417,0.0316666666666667
2014,10,29,0,5.5626,6.741,0.0216666666666667
2014,10,29,6,10.16,6.778,0.0266666666666667
2014,10,29,12,1.7018,7.87,0.015
2014,10,29,18,0,4.796,0.0533333333333333
2014,10,30,0,0,5.935,0.035
2014,10,30,6,3.7338,7.741,0.015
2014,10,30,12,15.4432,8.296,0.0133333333333333
2014,10,30,18,16.7894,6.556,0.02
2014,10,31,0,6.858,5.324,0.03
2014,10,31,6,11.3792,6.185,0.02
2014,10,31,12,5.461,6.361,0.0316666666666667
2014,10,31,18,0.762,4.25,0.0583333333333333
2014,11,1,0,0.4826,2.426,0.121666666666667
2014,11,1,6,0,3.833,0.0916666666666667
2014,11,1,12,0,6.463,0.0416666666666667
2014,11,1,18,0,2.481,0.111666666666667
2014,11,2,0,0.0762,2.343,0.115
2014,11,2,6,0.1524,4.444,0.0683333333333333
2014,11,2,12,0.3302,6.731,0.0416666666666667
2014,11,2,18,0.9906,5.278,0.05
2014,11,3,0,1.2192,5.472,0.05
2014,11,3,6,4.6736,7.12,0.03
2014,11,3,12,10.7188,7.463,0.0266666666666667
2014,11,3,18,18.923,6.852,0.0316666666666667
2014,11,4,0,13.6398,6.981,0.03
2014,11,4,6,8.255,6.694,0.04
2014,11,4,12,2.3368,6.454,0.05
2014,11,4,18,0.3556,5.009,0.055
2014,11,5,0,0.2286,5.574,0.05
2014,11,5,6,0.762,6.296,0.0416666666666667
2014,11,5,12,3.2258,8.12,0.0233333333333333
2014,11,5,18,3.556,8.204,0.0216666666666667
2014,11,6,0,14.2748,8.852,0.0166666666666667
2014,11,6,6,7.2644,9.204,0.015
2014,11,6,12,5.7912,7.306,0.0316666666666667
2014,11,6,18,3.3274,5.917,0.0483333333333333
2014,11,7,0,0.254,4.741,0.0566666666666667
2014,11,7,6,0,3.676,0.0916666666666667
2014,11,7,12,0,6.13,0.045
2014,11,7,18,0,1.833,0.243333333333333
2014,11,8,0,0,1.13,0.528333333333333
2014,11,8,6,0,3.176,0.313333333333333
2014,11,8,12,0,5.991,0.05
2014,11,8,18,0,3.796,0.0883333333333333
2014,11,9,0,2.4892,4.148,0.0683333333333333
2014,11,9,6,7.8486,3.102,0.09
2014,11,9,12,4.1656,3.25,0.0966666666666667
2014,11,9,18,0,2.306,0.233333333333333
2014,11,10,0,0,-0.019,0.82
2014,11,10,6,0,0.509,0.688333333333333
2014,11,10,12,0,3.185,0.268333333333333
2014,11,10,18,0,0.491,0.91
2014,11,11,0,0,-0.602,1
2014,11,11,6,0,-0.028,1
2014,11,11,12,0,-0.167,1
2014,11,11,18,0,-2.574,1
2014,11,12,0,0,-4.472,1
2014,11,12,6,0,-2.806,1
2014,11,12,12,0,1.556,1
2014,11,12,18,0,-2.806,1
2014,11,13,0,0,-4.667,1
2014,11,13,6,0.0762,-2.741,1
2014,11,13,12,0,0.972,1
2014,11,13,18,0,-3.157,1
2014,11,14,0,0,-5.454,1
2014,11,14,6,0,-3.5,1
2014,11,14,12,0,0.417,1
2014,11,14,18,0,-3.139,1
2014,11,15,0,0,-5.324,1
2014,11,15,6,0,-4,1
2014,11,15,12,0,-1.565,0.998333333333333
2014,11,15,18,0,-4.583,1
2014,11,16,0,0,-4.852,1
2014,11,16,6,0,-1.685,1
2014,11,16,12,0,0.75,0.995
2014,11,16,18,0,-5,1
2014,11,17,0,0,-6.926,1
2014,11,17,6,0,-3.389,1
2014,11,17,12,0,0.787,0.986666666666667
2014,11,17,18,0,-4.157,1
2014,11,18,0,0,-4.787,1
2014,11,18,6,0,-1.435,0.995
2014,11,18,12,0,2.287,0.861666666666667
2014,11,18,18,0,-1.954,1
2014,11,19,0,0.0254,-1.796,1
2014,11,19,6,0,0.787,0.966666666666667
2014,11,19,12,0,3.806,0.35
2014,11,19,18,0,2.065,0.77
2014,11,20,0,1.0922,1.241,0.716666666666667
2014,11,20,6,4.2164,1.241,0.335
2014,11,20,12,0.9652,2.435,0.148333333333333
2014,11,20,18,2.9718,1.852,0.196666666666667
2014,11,21,0,2.8702,2.528,0.148333333333333
2014,11,21,6,4.8006,3.926,0.0816666666666667
2014,11,21,12,13.7668,4.657,0.0633333333333333
2014,11,21,18,9.4996,4.037,0.0733333333333333
2014,11,22,0,1.6002,1.352,0.303333333333333
2014,11,22,6,2.5654,0.87,0.391666666666667
2014,11,22,12,1.1176,2.102,0.206666666666667
2014,11,22,18,2.9972,2.333,0.16
2014,11,23,0,5.2578,3.481,0.0933333333333333
2014,11,23,6,7.6454,3.13,0.103333333333333
2014,11,23,12,3.6576,1.769,0.243333333333333
2014,11,23,18,1.397,0.685,0.405
2014,11,24,0,0.4572,-0.019,0.663333333333333
2014,11,24,6,0.3048,0.796,0.651666666666667
2014,11,24,12,10.8204,2.019,0.211666666666667
2014,11,24,18,10.7696,2.074,0.17
2014,11,25,0,13.2588,2.5,0.14
2014,11,25,6,11.5824,0.954,0.333333333333333
2014,11,25,12,17.4752,1.537,0.265
2014,11,25,18,24.3586,0.907,0.365
2014,11,26,0,31.5722,1.722,0.253333333333333
2014,11,26,6,4.7244,3.074,0.145
2014,11,26,12,2.6924,4.306,0.0833333333333333
2014,11,26,18,5.6896,3.824,0.09
2014,11,27,0,9.3218,4.102,0.08
2014,11,27,6,14.0208,4.556,0.0566666666666667
2014,11,27,12,18.3388,4.38,0.0616666666666667
2014,11,27,18,18.542,2.667,0.133333333333333
2014,11,28,0,21.209,2.861,0.11
2014,11,28,6,25.2222,2.296,0.138333333333333
2014,11,28,12,3.6068,0.287,0.613333333333333
2014,11,28,18,9.1186,-3.204,0.996666666666667
2014,11,29,0,4.9022,-6.898,1
2014,11,29,6,0.3556,-8.259,1
2014,11,29,12,0,-6.981,1
2014,11,29,18,0,-10.833,1
2014,11,30,0,0,-11.407,1
2014,11,30,6,0,-8.259,1
2014,11,30,12,0,-5.37,1
2014,11,30,18,0,-7.815,1
2014,12,1,0,0,-8.833,1
2014,12,1,6,0,-7.204,1
2014,12,1,12,0,-4.157,1
2014,12,1,18,0,-9.019,1
2014,12,2,0,0,-9.111,1
2014,12,2,6,0,-5.815,1
2014,12,2,12,0,-1.398,0.983333333333333
2014,12,2,18,0,-4.954,1
2014,12,3,0,0,-4.574,1
2014,12,3,6,0,-3.454,0.998333333333333
2014,12,3,12,0,-1.222,0.993333333333333
2014,12,3,18,0,-4.37,1
2014,12,4,0,0,-4.861,1
2014,12,4,6,0.1524,-1.731,0.96
2014,12,4,12,0.127,-0.278,0.821666666666667
2014,12,4,18,2.9464,-0.991,0.951666666666667
2014,12,5,0,1.1176,0.13,0.52
2014,12,5,6,1.9812,0.259,0.461666666666667
2014,12,5,12,1.8796,0.537,0.405
2014,12,5,18,0.0254,1.528,0.238333333333333
2014,12,6,0,3.7592,1.815,0.203333333333333
2014,12,6,6,3.4544,1.213,0.245
2014,12,6,12,6.6548,1.593,0.22
2014,12,6,18,2.2606,1.019,0.265
2014,12,7,0,0.8128,-0.046,0.573333333333333
2014,12,7,6,0,1.278,0.308333333333333
2014,12,7,12,0,4.389,0.108333333333333
2014,12,7,18,0,4.824,0.101666666666667
2014,12,8,0,0.1016,3.454,0.101666666666667
2014,12,8,6,0.0254,3.407,0.101666666666667
2014,12,8,12,4.5974,5.574,0.08
2014,12,8,18,21.6662,4.898,0.0666666666666667
2014,12,9,0,24.7396,7.093,0.0466666666666667
2014,12,9,6,16.3068,8.648,0.0316666666666667
2014,12,9,12,7.9248,7.259,0.0466666666666667
2014,12,9,18,0.2286,5.824,0.06
2014,12,10,0,13.6906,6.935,0.0416666666666667
2014,12,10,6,10.668,8.491,0.03
2014,12,10,12,16.2306,8.176,0.0283333333333333
2014,12,10,18,13.9954,6.102,0.0483333333333333
2014,12,11,0,5.7404,4.407,0.0683333333333333
2014,12,11,6,1.8542,4.593,0.075
2014,12,11,12,14.1986,6.417,0.05
2014,12,11,18,2.8194,6.074,0.0566666666666667
2014,12,12,0,2.9464,3.722,0.08
2014,12,12,6,4.1402,3.639,0.08
2014,12,12,12,2.0066,4.222,0.0766666666666667
2014,12,12,18,1.3208,1.88,0.165
2014,12,13,0,0.8636,0.602,0.358333333333333
2014,12,13,6,0,2.037,0.131666666666667
2014,12,13,12,0,2.269,0.203333333333333
2014,12,13,18,0,-1.667,0.991666666666667
2014,12,14,0,0,-2.444,1
2014,12,14,6,0,-0.926,0.936666666666667
2014,12,14,12,0,1.065,0.691666666666667
2014,12,14,18,0,-1.074,1
2014,12,15,0,0,-1.444,1
2014,12,15,6,0,-0.852,0.981666666666667
2014,12,15,12,0,1.593,0.496666666666667
2014,12,15,18,0,-0.157,0.94
2014,12,16,0,0,-0.398,0.97
2014,12,16,6,0,0.917,0.496666666666667
2014,12,16,12,0,2.222,0.176666666666667
2014,12,16,18,0,1.704,0.191666666666667
2014,12,17,0,0.0254,-0.491,0.873333333333333
2014,12,17,6,0.2032,1.63,0.256666666666667
2014,12,17,12,0.9144,2.796,0.118333333333333
2014,12,17,18,1.6002,2.157,0.135
2014,12,18,0,2.5146,1.917,0.151666666666667
2014,12,18,6,0.2794,1.25,0.246666666666667
2014,12,18,12,1.7018,3.333,0.106666666666667
2014,12,18,18,6.223,4.287,0.0716666666666667
2014,12,19,0,6.223,3.759,0.08
2014,12,19,6,6.604,2.546,0.121666666666667
2014,12,19,12,1.8542,2.519,0.158333333333333
2014,12,19,18,0.5842,2.472,0.14
2014,12,20,0,1.6002,3.407,0.106666666666667
2014,12,20,6,5.1562,4.25,0.0766666666666667
2014,12,20,12,13.589,5.213,0.0533333333333333
2014,12,20,18,18.4912,5.269,0.05
2014,12,21,0,8.3566,4.583,0.0616666666666667
2014,12,21,6,0.2032,3.833,0.07
2014,12,21,12,0.254,4.139,0.07
2014,12,21,18,0.1524,3.787,0.0733333333333333
2014,12,22,0,0.0254,3.593,0.0816666666666667
2014,12,22,6,0,3.454,0.0933333333333333
2014,12,22,12,0,2.574,0.183333333333333
2014,12,22,18,0,0.056,0.765
2014,12,23,0,0,1.824,0.368333333333333
2014,12,23,6,1.8288,3.519,0.0983333333333333
2014,12,23,12,12.9032,4.352,0.0666666666666667
2014,12,23,18,6.2992,2.63,0.105
2014,12,24,0,2.7432,1.519,0.231666666666667
2014,12,24,6,0.2032,1.593,0.206666666666667
2014,12,24,12,0.0762,1.907,0.176666666666667
2014,12,24,18,0,-0.676,0.796666666666667
2014,12,25,0,0.0762,-1.306,0.988333333333333
2014,12,25,6,0.5588,0.102,0.586666666666667
2014,12,25,12,0.2794,1.657,0.201666666666667
2014,12,25,18,0,-1.5,0.961666666666667
2014,12,26,0,0,-2.824,1
2014,12,26,6,0,-0.019,0.591666666666667
2014,12,26,12,0,1.731,0.223333333333333
2014,12,26,18,0,0.306,0.448333333333333
2014,12,27,0,1.016,1.148,0.24
2014,12,27,6,7.1882,1.815,0.158333333333333
2014,12,27,12,6.6802,1.167,0.271666666666667
2014,12,27,18,4.6482,-0.463,0.813333333333333
2014,12,28,0,1.4732,-1.037,0.983333333333333
2014,12,28,6,2.9972,-0.639,0.865
2014,12,28,12,3.1242,0.056,0.66
2014,12,28,18,0.1524,-1.889,1
2014,12,29,0,0.0254,-2.324,1
2014,12,29,6,0.1524,-2.5,1
2014,12,29,12,0.1524,-3.324,1
2014,12,29,18,0.1524,-6.028,1
2014,12,30,0,0.127,-8.269,1
2014,12,30,6,0,-6.898,1
2014,12,30,12,0,-3.917,1
2014,12,30,18,0,-6.731,1
2014,12,31,0,0,-4.944,1
2014,12,31,6,0,-4.361,1
2014,12,31,12,0,-3.028,1
2014,12,31,18,0,-6.083,1
2015,1,1,0,0,-6.389,1
2015,1,1,6,0,-3.62,1
2015,1,1,12,0,-1.648,1
2015,1,1,18,0,-3.87,1
2015,1,2,0,0,-3.722,1
2015,1,2,6,0.3048,-3.065,1
2015,1,2,12,0.889,-2.157,1
2015,1,2,18,0.508,-3.704,1
2015,1,3,0,0.0254,-4.824,1
2015,1,3,6,0.0254,-4.389,1
2015,1,3,12,0.254,-1.759,0.993333333333333
2015,1,3,18,1.905,-4.241,1
2015,1,4,0,1.9304,-4.435,1
2015,1,4,6,7.3406,-3.093,1
2015,1,4,12,23.2156,-1.13,0.895
2015,1,4,18,34.3154,-0.917,0.795
2015,1,5,0,41.7576,-0.602,0.72
2015,1,5,6,28.9306,-1.046,0.81
2015,1,5,12,17.8816,0.583,0.43
2015,1,5,18,4.1148,0.806,0.338333333333333
2015,1,6,0,1.6764,0.278,0.49
2015,1,6,6,0,-0.778,0.855
2015,1,6,12,0,1.111,0.59
2015,1,6,18,0,0.694,0.89
2015,1,7,0,0,2.13,0.38
2015,1,7,6,0,0.75,0.545
2015,1,7,12,0.0762,1.185,0.493333333333333
2015,1,7,18,0,-0.583,0.99
2015,1,8,0,0,-0.426,0.99
2015,1,8,6,0,0.741,0.641666666666667
2015,1,8,12,0,2.843,0.148333333333333
2015,1,8,18,0,1.565,0.503333333333333
2015,1,9,0,0,-0.602,0.961666666666667
2015,1,9,6,0,0.407,0.683333333333333
2015,1,9,12,0.2032,1.935,0.233333333333333
2015,1,9,18,0,0.852,0.436666666666667
2015,1,10,0,0.3048,1.056,0.25
2015,1,10,6,0.2032,0.815,0.255
2015,1,10,12,0.4064,0.898,0.25
2015,1,10,18,0.127,0.685,0.281666666666667
2015,1,11,0,0.254,1.167,0.206666666666667
2015,1,11,6,0.508,1.639,0.158333333333333
2015,1,11,12,0.1016,2.398,0.108333333333333
2015,1,11,18,0,1.787,0.156666666666667
2015,1,12,0,0,0.389,0.498333333333333
2015,1,12,6,0,2.046,0.183333333333333
2015,1,12,12,0,2.167,0.223333333333333
2015,1,12,18,0,-1.806,0.981666666666667
2015,1,13,0,0,-2.037,1
2015,1,13,6,0,-0.454,0.683333333333333
2015,1,13,12,0,2.565,0.145
2015,1,13,18,0,-0.546,0.948333333333333
2015,1,14,0,0,-1.194,1
2015,1,14,6,0,-0.602,0.898333333333333
2015,1,14,12,0,2.213,0.295
2015,1,14,18,0,1.528,0.566666666666667
2015,1,15,0,0,-1.037,0.993333333333333
2015,1,15,6,1.016,-0.676,0.871666666666667
2015,1,15,12,1.5494,1.463,0.378333333333333
2015,1,15,18,10.795,1.796,0.195
2015,1,16,0,4.0894,1.907,0.145
2015,1,16,6,2.4384,0.991,0.285
2015,1,16,12,0.5334,0.694,0.43
2015,1,16,18,0,-2.407,0.985
2015,1,17,0,0,0.278,0.786666666666667
2015,1,17,6,0.0762,2.12,0.536666666666667
2015,1,17,12,1.2192,3.157,0.0966666666666667
2015,1,17,18,3.6576,3.917,0.0616666666666667
2015,1,18,0,4.953,4.741,0.0533333333333333
2015,1,18,6,9.7536,3.38,0.08
2015,1,18,12,6.6294,2.935,0.095
2015,1,18,18,3.1242,2.278,0.113333333333333
2015,1,19,0,5.8928,2.824,0.085
2015,1,19,6,2.413,4.222,0.0516666666666667
2015,1,19,12,1.397,3.843,0.06
2015,1,19,18,0.6858,-0.583,0.758333333333333
2015,1,20,0,0,-2.454,0.998333333333333
2015,1,20,6,0,-0.537,0.67
2015,1,20,12,0,2.917,0.148333333333333
2015,1,20,18,0,-1.046,0.995
2015,1,21,0,0,-1.694,1
2015,1,21,6,0,-0.454,0.93
2015,1,21,12,0.1016,2.361,0.331666666666667
2015,1,21,18,0.0254,2.593,0.27
2015,1,22,0,0.7874,0.944,0.746666666666667
2015,1,22,6,0.5334,1.259,0.368333333333333
2015,1,22,12,0.0762,1.389,0.27
2015,1,22,18,0.2032,2.917,0.115
2015,1,23,0,0.4572,3.583,0.085
2015,1,23,6,5.461,5.556,0.05
2015,1,23,12,22.6568,7.287,0.0316666666666667
2015,1,23,18,10.9474,7.556,0.03
2015,1,24,0,2.7686,6.704,0.0366666666666667
2015,1,24,6,2.413,6.602,0.0383333333333333
2015,1,24,12,0.508,8.611,0.02
2015,1,24,18,0.6096,7.667,0.0216666666666667
2015,1,25,0,0.0254,7.741,0.0216666666666667
2015,1,25,6,0,6.185,0.0433333333333333
2015,1,25,12,0,8.435,0.025
2015,1,25,18,0,3.25,0.311666666666667
2015,1,26,0,0,3.333,0.2
2015,1,26,6,0,5.741,0.0733333333333333
2015,1,26,12,0,6.926,0.0416666666666667
2015,1,26,18,0,4.806,0.0733333333333333
2015,1,27,0,0,4.556,0.0616666666666667
2015,1,27,6,0,5.241,0.045
2015,1,27,12,0,6.454,0.0333333333333333
2015,1,27,18,0,1.861,0.203333333333333
2015,1,28,0,0,-0.157,0.703333333333333
2015,1,28,6,0,2.333,0.295
2015,1,28,12,0,5.741,0.045
2015,1,28,18,0,1.148,0.57
2015,1,29,0,0,-0.361,0.983333333333333
2015,1,29,6,0,2.815,0.23
2015,1,29,12,0,5.796,0.0383333333333333
2015,1,29,18,0,-0.222,0.785
2015,1,30,0,0,-2.38,1
2015,1,30,6,0,1.25,0.523333333333333
2015,1,30,12,0,5.722,0.0416666666666667
2015,1,30,18,0,-0.546,0.895
2015,1,31,0,0,-2.389,1
2015,1,31,6,0,0.519,0.655
2015,1,31,12,0,3.852,0.133333333333333
2015,1,31,18,0,1.611,0.586666666666667
2015,2,1,0,0.2286,2.685,0.235
2015,2,1,6,6.2484,2.287,0.228333333333333
2015,2,1,12,3.683,1.472,0.253333333333333
2015,2,1,18,0.254,0.028,0.546666666666667
2015,2,2,0,0.0254,-0.222,0.628333333333333
2015,2,2,6,1.4986,2.296,0.203333333333333
2015,2,2,12,4.0132,2.88,0.115
2015,2,2,18,3.8354,2.241,0.158333333333333
2015,2,3,0,2.1844,2.176,0.165
2015,2,3,6,0,2.259,0.15
2015,2,3,12,0.0762,2.944,0.11
2015,2,3,18,0,1.185,0.275
2015,2,4,0,0,-0.537,0.78
2015,2,4,6,0.1016,0.889,0.483333333333333
2015,2,4,12,2.8702,3.231,0.151666666666667
2015,2,4,18,5.4356,2.417,0.158333333333333
2015,2,5,0,13.2334,3.417,0.101666666666667
2015,2,5,6,13.3858,4.343,0.0883333333333333
2015,2,5,12,7.5184,5.593,0.07
2015,2,5,18,8.001,4.852,0.075
2015,2,6,0,10.3124,5.611,0.0583333333333333
2015,2,6,6,6.7056,6.491,0.05
2015,2,6,12,11.6586,6.537,0.05
2015,2,6,18,3.7592,4.991,0.0683333333333333
2015,2,7,0,4.191,5.028,0.07
2015,2,7,6,8.1534,5.889,0.0566666666666667
2015,2,7,12,24.0792,6.5,0.05
2015,2,7,18,6.6548,4.333,0.0783333333333334
2015,2,8,0,5.3594,3.843,0.0883333333333333
2015,2,8,6,0.2286,4.426,0.08
2015,2,8,12,0,6.63,0.055
2015,2,8,18,0.3556,4.926,0.0816666666666667
2015,2,9,0,0.127,4.25,0.08
2015,2,9,6,1.016,5.75,0.055
2015,2,9,12,0.6858,6.361,0.0483333333333333
2015,2,9,18,0.4318,4.296,0.0716666666666667
2015,2,10,0,2.032,4.306,0.07
2015,2,10,6,1.143,6.148,0.0416666666666667
2015,2,10,12,0.4318,5.944,0.05
2015,2,10,18,0,2.546,0.148333333333333
2015,2,11,0,0.0508,3.25,0.126666666666667
2015,2,11,6,0,4.796,0.08
2015,2,11,12,0,6.25,0.0516666666666667
2015,2,11,18,0,5.019,0.085
2015,2,12,0,0,4.463,0.0933333333333333
2015,2,12,6,0.2032,4.556,0.085
2015,2,12,12,0.3556,7.102,0.05
2015,2,12,18,0.2286,4.667,0.0716666666666667
2015,2,13,0,0,3.991,0.0833333333333333
2015,2,13,6,0.0508,5.713,0.0533333333333333
2015,2,13,12,1.1938,8.296,0.02
2015,2,13,18,2.8194,4.546,0.0516666666666667
2015,2,14,0,0.762,3.324,0.08
2015,2,14,6,0,5.296,0.045
2015,2,14,12,0,7.083,0.025
2015,2,14,18,0,0.731,0.553333333333333
2015,2,15,0,0,-1.204,0.99
2015,2,15,6,0,2.806,0.365
2015,2,15,12,0,6.63,0.0566666666666667
2015,2,15,18,0,-0.583,0.925
2015,2,16,0,0,-1.593,1
2015,2,16,6,0,2.861,0.47
2015,2,16,12,0,7.648,0.0483333333333333
2015,2,16,18,0,0.398,0.86
2015,2,17,0,0,-1.407,1
2015,2,17,6,0,1.083,0.651666666666667
2015,2,17,12,0,6.694,0.0616666666666667
2015,2,17,18,0,2.12,0.751666666666667
2015,2,18,0,0,1.333,0.795
2015,2,18,6,0,3.935,0.166666666666667
2015,2,18,12,0,5.806,0.055
2015,2,18,18,0,1.361,0.246666666666667
2015,2,19,0,0,-0.583,0.738333333333333
2015,2,19,6,0.127,1.806,0.278333333333333
2015,2,19,12,0.2032,4.778,0.0766666666666667
2015,2,19,18,0,3.509,0.0916666666666667
2015,2,20,0,0.0762,2.935,0.101666666666667
2015,2,20,6,1.0922,4.685,0.0583333333333333
2015,2,20,12,1.0414,5.704,0.055
2015,2,20,18,0.3556,0.694,0.46
2015,2,21,0,0,-1.324,0.966666666666667
2015,2,21,6,0,1.944,0.43
2015,2,21,12,0,6,0.055
2015,2,21,18,0,0.935,0.696666666666667
2015,2,22,0,0,-3.12,1
2015,2,22,6,0,-0.083,0.711666666666667
2015,2,22,12,0,5.269,0.103333333333333
2015,2,22,18,0,-1.361,0.938333333333333
2015,2,23,0,0,-4.12,1
2015,2,23,6,0,0.981,0.725
2015,2,23,12,0,5.759,0.121666666666667
2015,2,23,18,0,-0.231,0.933333333333333
2015,2,24,0,0,-3.565,1
2015,2,24,6,0,0.222,0.625
2015,2,24,12,0,4.296,0.12
2015,2,24,18,0,-1.815,0.93
2015,2,25,0,0,-3.157,1
2015,2,25,6,0,-0.093,0.605
2015,2,25,12,0.0508,3.111,0.145
2015,2,25,18,0,1.648,0.215
2015,2,26,0,0.0508,0.861,0.283333333333333
2015,2,26,6,0.0254,1.639,0.258333333333333
2015,2,26,12,0.3556,4.278,0.0966666666666667
2015,2,26,18,0.381,2.139,0.191666666666667
2015,2,27,0,0.3048,3.074,0.116666666666667
2015,2,27,6,0,3.796,0.095
2015,2,27,12,0,5.454,0.0716666666666667
2015,2,27,18,0,3.417,0.141666666666667
2015,2,28,0,0,0.796,0.603333333333333
2015,2,28,6,0,0.157,0.72
2015,2,28,12,0,4.824,0.118333333333333
2015,2,28,18,0,-3.083,0.991666666666667
2015,3,1,0,0,-3.176,1
2015,3,1,6,0,0.787,0.661666666666667
2015,3,1,12,0,4.62,0.116666666666667
2015,3,1,18,0,0.333,0.736666666666667
2015,3,2,0,0,-1.296,0.91
2015,3,2,6,0,0.759,0.561666666666667
2015,3,2,12,0,3.843,0.111666666666667
2015,3,2,18,0,0.935,0.685
2015,3,3,0,0,-3.148,1
2015,3,3,6,0,-2.287,0.941666666666667
2015,3,3,12,0,3.139,0.341666666666667
2015,3,3,18,0,-3.435,1
2015,3,4,0,0,-4.824,1
2015,3,4,6,0,-1.231,0.786666666666667
2015,3,4,12,0,4.861,0.143333333333333
2015,3,4,18,0,-3.167,0.97
2015,3,5,0,0,-5.139,1
2015,3,5,6,0,1.213,0.581666666666667
2015,3,5,12,0,6.889,0.0566666666666667
2015,3,5,18,0,-2.972,0.956666666666667
2015,3,6,0,0,-2.62,0.991666666666667
2015,3,6,6,0,3.12,0.395
2015,3,6,12,0,8.287,0.0366666666666667
2015,3,6,18,0,-2.056,0.946666666666667
2015,3,7,0,0,-2.5,1
2015,3,7,6,0,0.157,0.65
2015,3,7,12,0,8.806,0.025
2015,3,7,18,0,0.046,0.875
2015,3,8,0,0,-3.269,1
2015,3,8,6,0,2.13,0.538333333333333
2015,3,8,12,0,9.231,0.0183333333333333
2015,3,8,18,0,-0.306,0.861666666666667
2015,3,9,0,0,-3.111,1
2015,3,9,6,0,2.185,0.531666666666667
2015,3,9,12,0,9.843,0.0166666666666667
2015,3,9,18,0,-0.417,0.843333333333333
2015,3,10,0,0,-2.62,1
2015,3,10,6,0,2.176,0.536666666666667
2015,3,10,12,0,10.25,0.0216666666666667
2015,3,10,18,0.0508,7.037,0.101666666666667
2015,3,11,0,0.3048,1.574,0.45
2015,3,11,6,2.6924,4.222,0.12
2015,3,11,12,2.2098,8.509,0.0333333333333333
2015,3,11,18,9.2964,6.759,0.045
2015,3,12,0,2.2606,5.954,0.0533333333333333
2015,3,12,6,0,7.139,0.0416666666666667
2015,3,12,12,0,8.981,0.02
2015,3,12,18,0,4.352,0.0833333333333333
2015,3,13,0,0,3.343,0.121666666666667
2015,3,13,6,0,7.676,0.055
2015,3,13,12,0,11,0.01
2015,3,13,18,1.6764,6.62,0.0366666666666667
2015,3,14,0,19.939,3.657,0.0933333333333333
2015,3,14,6,22.6314,5.944,0.0333333333333333
2015,3,14,12,6.2992,6.028,0.0383333333333333
2015,3,14,18,0.6604,2.843,0.143333333333333
2015,3,15,0,4.6228,1.648,0.241666666666667
2015,3,15,6,13.1318,3.648,0.115
2015,3,15,12,34.6456,4.796,0.0766666666666667
2015,3,15,18,7.2644,3.583,0.0933333333333333
2015,3,16,0,0.7112,1.62,0.27
2015,3,16,6,1.8542,0.972,0.55
2015,3,16,12,1.2192,6.63,0.0633333333333333
2015,3,16,18,1.2192,1.741,0.475
2015,3,17,0,5.461,-1.407,0.981666666666667
2015,3,17,6,0,2.611,0.38
2015,3,17,12,0,7.648,0.04
2015,3,17,18,0,2.148,0.211666666666667
2015,3,18,0,0,-0.352,0.65
2015,3,18,6,0,2.528,0.256666666666667
2015,3,18,12,0,6.713,0.05
2015,3,18,18,0,2.87,0.165
2015,3,19,0,0.381,2.843,0.143333333333333
2015,3,19,6,2.3368,3.676,0.138333333333333
2015,3,19,12,4.1402,5.204,0.0816666666666667
2015,3,19,18,5.9436,4.139,0.0833333333333333
2015,3,20,0,7.0358,3.981,0.0833333333333333
2015,3,20,6,1.5494,4.685,0.0733333333333333
2015,3,20,12,8.4328,5.676,0.055
2015,3,20,18,5.207,3.907,0.0866666666666667
2015,3,21,0,5.2832,2.898,0.125
2015,3,21,6,15.3162,3.731,0.1
2015,3,21,12,1.8542,4.481,0.085
2015,3,21,18,0.3556,0.315,0.573333333333333
2015,3,22,0,0.3302,-0.278,0.776666666666667
2015,3,22,6,0,2.213,0.343333333333333
2015,3,22,12,1.4732,4.352,0.121666666666667
2015,3,22,18,3.1242,1.722,0.256666666666667
2015,3,23,0,1.905,0.222,0.503333333333333
2015,3,23,6,0,2.111,0.248333333333333
2015,3,23,12,4.2164,4.63,0.0966666666666667
2015,3,23,18,5.6896,2.269,0.21
2015,3,24,0,3.81,1.259,0.303333333333333
2015,3,24,6,0.0508,2.009,0.233333333333333
2015,3,24,12,0,3.935,0.123333333333333
2015,3,24,18,0.0508,1.361,0.38
2015,3,25,0,0.9398,2.546,0.221666666666667
2015,3,25,6,1.8288,3.796,0.116666666666667
2015,3,25,12,1.778,6.694,0.05
2015,3,25,18,1.651,4.704,0.0766666666666667
2015,3,26,0,0.3048,4.509,0.0783333333333333
2015,3,26,6,0,6.37,0.0583333333333333
2015,3,26,12,0,10.148,0.0283333333333333
2015,3,26,18,0,3.491,0.135
2015,3,27,0,0.254,2.685,0.183333333333333
2015,3,27,6,0.1524,6.769,0.07
2015,3,27,12,0.7112,11.565,0.005
2015,3,27,18,7.7978,7,0.03
2015,3,28,0,6.6802,3.472,0.111666666666667
2015,3,28,6,0.7366,3.463,0.116666666666667
2015,3,28,12,0.1016,7.38,0.03
2015,3,28,18,0.381,3.593,0.121666666666667
2015,3,29,0,0.5334,2.972,0.141666666666667
2015,3,29,6,0.9144,5.148,0.0683333333333333
2015,3,29,12,0.9906,7.75,0.0466666666666667
2015,3,29,18,0.127,3.769,0.113333333333333
2015,3,30,0,0.1016,2.926,0.156666666666667
2015,3,30,6,0,4.833,0.0916666666666667
2015,3,30,12,0.0254,8.787,0.02
2015,3,30,18,0.7366,6.306,0.0483333333333333
2015,3,31,0,9.9314,4.139,0.0766666666666667
2015,3,31,6,0.9906,2.769,0.176666666666667
2015,3,31,12,2.0066,4.917,0.085
2015,3,31,18,2.3114,2.148,0.225
2015,4,1,0,3.6576,1.111,0.351666666666667
2015,4,1,6,2.032,2.139,0.293333333333333
2015,4,1,12,1.5494,5.222,0.08
2015,4,1,18,1.27,2.056,0.241666666666667
2015,4,2,0,1.0668,-0.722,0.743333333333333
2015,4,2,6,0,2.306,0.275
2015,4,2,12,0,5.611,0.0866666666666667
2015,4,2,18,0,0.5,0.546666666666667
2015,4,3,0,0,-0.37,0.683333333333333
2015,4,3,6,0,2.648,0.251666666666667
2015,4,3,12,6.5786,5.565,0.095
2015,4,3,18,0.127,1.843,0.273333333333333
2015,4,4,0,0.127,-1.278,0.843333333333333
2015,4,4,6,0,2.509,0.293333333333333
2015,4,4,12,0,6.657,0.0733333333333333
2015,4,4,18,0,0.148,0.696666666666667
2015,4,5,0,0,-2.944,0.996666666666667
2015,4,5,6,0,2.889,0.32
2015,4,5,12,0,6.741,0.0733333333333333
2015,4,5,18,0,1.25,0.565
2015,4,6,0,0,-2.991,1
2015,4,6,6,0,3.25,0.403333333333333
2015,4,6,12,0,7.546,0.0466666666666667
2015,4,6,18,0,-0.037,0.698333333333333
2015,4,7,0,0.0254,-2.074,0.986666666666667
2015,4,7,6,0,3.954,0.24
2015,4,7,12,0,8.722,0.0416666666666667
2015,4,7,18,0,1.269,0.573333333333333
2015,4,8,0,0,-1.407,0.965
2015,4,8,6,0,4.815,0.198333333333333
2015,4,8,12,0,10.398,0.0166666666666667
2015,4,8,18,0,0.102,0.75
2015,4,9,0,0,-2.648,1
2015,4,9,6,0,4.935,0.28
2015,4,9,12,0.1778,9.944,0.0133333333333333
2015,4,9,18,0.3302,1.583,0.503333333333333
2015,4,10,0,1.0668,-1.111,0.918333333333333
2015,4,10,6,0,5.157,0.15
2015,4,10,12,6.6802,7.259,0.0283333333333333
2015,4,10,18,3.9878,2.602,0.193333333333333
2015,4,11,0,2.4892,0.426,0.495
2015,4,11,6,2.6162,1.306,0.381666666666667
2015,4,11,12,2.3622,3.38,0.138333333333333
2015,4,11,18,2.2606,0.62,0.5
2015,4,12,0,0.8636,-0.102,0.62
2015,4,12,6,0.1016,1.176,0.405
2015,4,12,12,0.0508,3.269,0.206666666666667
2015,4,12,18,0.0254,0.861,0.505
2015,4,13,0,0.1524,0.796,0.513333333333333
2015,4,13,6,1.7526,3.361,0.21
2015,4,13,12,6.7564,5.194,0.0983333333333333
2015,4,13,18,2.413,0.704,0.503333333333333
2015,4,14,0,1.8288,-1.389,0.893333333333333
2015,4,14,6,0.1524,0.88,0.485
2015,4,14,12,0.1016,5.472,0.0933333333333333
2015,4,14,18,0.0762,-0.713,0.765
2015,4,15,0,0,-2.722,1
2015,4,15,6,0,2.852,0.398333333333333
2015,4,15,12,0,7.352,0.0683333333333333
2015,4,15,18,0,-1.222,0.825
2015,4,16,0,0,-2.444,0.986666666666667
2015,4,16,6,0,4.639,0.261666666666667
2015,4,16,12,0,11.426,0.0133333333333333
2015,4,16,18,0,2.065,0.498333333333333
2015,4,17,0,0,-0.889,0.945
2015,4,17,6,0,6.065,0.155
2015,4,17,12,0,12.315,0.0116666666666667
2015,4,17,18,0,2.556,0.446666666666667
2015,4,18,0,0,-1.287,0.986666666666667
2015,4,18,6,0,6.139,0.23
2015,4,18,12,0,13.602,0.005
2015,4,18,18,0,3.657,0.461666666666667
2015,4,19,0,0,-0.806,0.993333333333333
2015,4,19,6,0,8.306,0.14
2015,4,19,12,0,14.981,0.00166666666666667
2015,4,19,18,0,5.148,0.26
2015,4,20,0,0,1.093,0.853333333333333
2015,4,20,6,0,8.213,0.0716666666666667
2015,4,20,12,0,12.296,0.01
2015,4,20,18,0,5.398,0.123333333333333
2015,4,21,0,0,2.417,0.32
2015,4,21,6,0.2286,8.741,0.025
2015,4,21,12,0,10.148,0.0116666666666667
2015,4,21,18,0.4572,4.417,0.0866666666666667
2015,4,22,0,0.127,1.12,0.376666666666667
2015,4,22,6,0,3,0.235
2015,4,22,12,0,6.565,0.04
2015,4,22,18,0,1.472,0.37
2015,4,23,0,0.2032,0.731,0.405
2015,4,23,6,1.1684,3.574,0.155
2015,4,23,12,3.5814,4.676,0.0916666666666667
2015,4,23,18,4.7244,2.102,0.243333333333333
2015,4,24,0,2.4638,0.546,0.488333333333333
2015,4,24,6,3.2004,1.602,0.306666666666667
2015,4,24,12,2.2606,4.287,0.118333333333333
2015,4,24,18,6.1214,2.407,0.218333333333333
2015,4,25,0,2.3876,-0.065,0.635
2015,4,25,6,0.0762,1.907,0.37
2015,4,25,12,0.1016,5.898,0.0983333333333333
2015,4,25,18,0.0254,0.389,0.63
2015,4,26,0,0,-2.204,0.975
2015,4,26,6,0,5.852,0.151666666666667
2015,4,26,12,0,10.222,0.0333333333333333
2015,4,26,18,0,3.63,0.211666666666667
2015,4,27,0,0,2.231,0.238333333333333
2015,4,27,6,0,7.185,0.035
2015,4,27,12,0,11.963,0.00333333333333333
2015,4,27,18,0,9.796,0.0183333333333333
2015,4,28,0,0.0254,8.028,0.04
2015,4,28,6,1.8034,9.648,0.0116666666666667
2015,4,28,12,1.3208,7.926,0.0183333333333333
2015,4,28,18,0.1016,3.574,0.151666666666667
2015,4,29,0,1.0922,2.269,0.216666666666667
2015,4,29,6,0.8636,4.815,0.113333333333333
2015,4,29,12,1.0414,7.796,0.0333333333333333
2015,4,29,18,1.0922,4.222,0.115
2015,4,30,0,0.7366,2.278,0.205
2015,4,30,6,0,4.843,0.0933333333333333
2015,4,30,12,0,9.5,0.02
2015,4,30,18,0,4.787,0.0833333333333333
2015,5,1,0,0,2.287,0.165
2015,5,1,6,0,7.315,0.03
2015,5,1,12,0,10.75,0.01
2015,5,1,18,0,5.25,0.09
2015,5,2,0,0,1.407,0.438333333333333
2015,5,2,6,0,7.833,0.0416666666666667
2015,5,2,12,0,12.361,0.01
2015,5,2,18,0,2.843,0.496666666666667
2015,5,3,0,0,-1.269,0.99
2015,5,3,6,0,7.565,0.158333333333333
2015,5,3,12,0,12.704,0.00333333333333333
2015,5,3,18,0,4.074,0.318333333333333
2015,5,4,0,0.0508,0.269,0.723333333333333
2015,5,4,6,0.1016,8.907,0.0166666666666667
2015,5,4,12,0.2794,10.62,0.00166666666666667
2015,5,4,18,1.27,3.611,0.145
2015,5,5,0,3.556,0.713,0.486666666666667
2015,5,5,6,11.176,3.491,0.206666666666667
2015,5,5,12,1.651,8.806,0.02
2015,5,5,18,0.889,3.213,0.235
2015,5,6,0,0,0.12,0.63
2015,5,6,6,0,5.981,0.0783333333333333
2015,5,6,12,0.0508,10.824,0.0133333333333333
2015,5,6,18,0.5588,3.454,0.321666666666667
2015,5,7,0,0,-0.509,0.811666666666667
2015,5,7,6,0,8.519,0.045
2015,5,7,12,0,15.148,0.00333333333333333
2015,5,7,18,0,6.12,0.153333333333333
2015,5,8,0,0,1.287,0.658333333333333
2015,5,8,6,0,9.083,0.0533333333333333
2015,5,8,12,0,17.398,0
2015,5,8,18,0,7.685,0.108333333333333
2015,5,9,0,0,2.685,0.571666666666667
2015,5,9,6,0,12.083,0.0183333333333333
2015,5,9,12,0,17.528,0
2015,5,9,18,0,8.417,0.0433333333333333
2015,5,10,0,0,4.056,0.14
2015,5,10,6,0,11.806,0.00833333333333333
2015,5,10,12,0,14.204,0
2015,5,10,18,0,8.63,0.0133333333333333
2015,5,11,0,0,5.278,0.045
2015,5,11,6,0,8.806,0.015
2015,5,11,12,0,12.287,0.00333333333333333
2015,5,11,18,0,7.324,0.0166666666666667
2015,5,12,0,0.0508,3.398,0.0733333333333333
2015,5,12,6,0.2032,8.102,0.0133333333333333
2015,5,12,12,5.0038,10.417,0.01
2015,5,12,18,3.0988,6.741,0.02
2015,5,13,0,5.2324,5.259,0.03
2015,5,13,6,2.413,7.833,0.015
2015,5,13,12,1.3716,9.676,0.0116666666666667
2015,5,13,18,0.762,6.676,0.0266666666666667
2015,5,14,0,0.127,5.019,0.0483333333333333
2015,5,14,6,0,7.417,0.0216666666666667
2015,5,14,12,0.0508,12.352,0.01
2015,5,14,18,0.0254,7.898,0.0283333333333333
2015,5,15,0,0,4.444,0.0666666666666667
2015,5,15,6,0,10.167,0.00666666666666667
2015,5,15,12,0,12.954,0
2015,5,15,18,0,8.019,0.0133333333333333
2015,5,16,0,0,6.093,0.0216666666666667
2015,5,16,6,0,9.898,0.01
2015,5,16,12,0,13.083,0.00333333333333333
2015,5,16,18,0,9.194,0.015
2015,5,17,0,0,6.5,0.0283333333333333
2015,5,17,6,0,11.796,0.00666666666666667
2015,5,17,12,0,16.25,0
2015,5,17,18,0.0508,10.796,0.00833333333333333
2015,5,18,0,0,7.111,0.0216666666666667
2015,5,18,6,0,13.296,0.00166666666666667
2015,5,18,12,0,17.296,0
2015,5,18,18,0,10.685,0.00833333333333333
2015,5,19,0,0,6.194,0.04
2015,5,19,6,0,13.676,0.00166666666666667
2015,5,19,12,0,17.574,0
2015,5,19,18,0,10.111,0.0133333333333333
2015,5,20,0,0,5.833,0.0466666666666667
2015,5,20,6,0,13.556,0.00333333333333333
2015,5,20,12,0.3048,18.083,0
2015,5,20,18,0,10.963,0.00833333333333333
2015,5,21,0,0.0254,6.5,0.0466666666666667
2015,5,21,6,0.1524,13.843,0.00166666666666667
2015,5,21,12,1.4732,16.444,0
2015,5,21,18,2.9972,10.87,0.005
2015,5,22,0,0.127,7.065,0.0233333333333333
2015,5,22,6,0,11.704,0.00166666666666667
2015,5,22,12,4.3942,12.519,0
2015,5,22,18,0.2794,8.417,0.0133333333333333
2015,5,23,0,0.3556,7.167,0.02
2015,5,23,6,0.3302,10.407,0.005
2015,5,23,12,0.3556,12.546,0.00166666666666667
2015,5,23,18,0.1778,9.315,0.01
2015,5,24,0,0.4318,7,0.0166666666666667
2015,5,24,6,0,9.741,0.01
2015,5,24,12,0,11.296,0.01
2015,5,24,18,0,8.278,0.0133333333333333
2015,5,25,0,0.0508,6.63,0.02
2015,5,25,6,1.27,8.926,0.01
2015,5,25,12,0.1524,11.722,0.01
2015,5,25,18,0.0254,9.231,0.0133333333333333
2015,5,26,0,0,7.028,0.02
2015,5,26,6,0,11.704,0.00666666666666667
2015,5,26,12,0,14.648,0
2015,5,26,18,0,11.093,0.00833333333333333
2015,5,27,0,0,7.593,0.0166666666666667
2015,5,27,6,0,13.37,0.00166666666666667
2015,5,27,12,0,18.083,0
2015,5,27,18,0,11.63,0.00666666666666667
2015,5,28,0,0,6.574,0.0233333333333333
2015,5,28,6,0,14.722,0.00166666666666667
2015,5,28,12,0,19.62,0
2015,5,28,18,0,11.796,0.005
2015,5,29,0,0,7.019,0.02
2015,5,29,6,0,15.491,0
2015,5,29,12,0,18.88,0
2015,5,29,18,0,12.306,0.00333333333333333
2015,5,30,0,0,7.352,0.0183333333333333
2015,5,30,6,0,14.194,0.00166666666666667
2015,5,30,12,0,18.009,0
2015,5,30,18,0,10.324,0.0116666666666667
2015,5,31,0,0,3.954,0.0983333333333333
2015,5,31,6,0,11.963,0.005
2015,5,31,12,0,15.917,0
2015,5,31,18,0,10.324,0.005
2015,6,1,0,0,7.204,0.0233333333333333
2015,6,1,6,0.0762,11.676,0.00166666666666667
2015,6,1,12,2.2352,13.565,0
2015,6,1,18,3.7592,9.944,0.00333333333333333
2015,6,2,0,3.7084,8.176,0.01
2015,6,2,6,0.9144,8.259,0.01
2015,6,2,12,0.7874,9.204,0.00833333333333333
2015,6,2,18,0.254,8.593,0.01
2015,6,3,0,0.1524,7.759,0.01
2015,6,3,6,0,9.778,0.00833333333333333
2015,6,3,12,0,12.157,0
2015,6,3,18,0,9.528,0.00666666666666667
2015,6,4,0,0,6.991,0.0183333333333333
2015,6,4,6,0,10.074,0.00666666666666667
2015,6,4,12,0,16.241,0
2015,6,4,18,0,10.806,0.00833333333333333
2015,6,5,0,0,5.37,0.0366666666666667
2015,6,5,6,0,14.194,0.00166666666666667
2015,6,5,12,0,19.509,0
2015,6,5,18,0,11.583,0.00666666666666667
2015,6,6,0,0,6.185,0.03
2015,6,6,6,0,15.472,0
2015,6,6,12,0,21.426,0
2015,6,6,18,0,13.639,0.00333333333333333
2015,6,7,0,0,7.481,0.015
2015,6,7,6,0,16.833,0
2015,6,7,12,0,22.111,0
2015,6,7,18,0,14.537,0.00166666666666667
2015,6,8,0,0,8.565,0.0116666666666667
2015,6,8,6,0,17.472,0
2015,6,8,12,0,21.019,0
2015,6,8,18,0,13.935,0.00166666666666667
2015,6,9,0,0,8.38,0.0133333333333333
2015,6,9,6,0,16.019,0
2015,6,9,12,0,18.741,0
2015,6,9,18,0,11.88,0.00333333333333333
2015,6,10,0,0,6.38,0.045
2015,6,10,6,0,14.472,0.00166666666666667
2015,6,10,12,0,17.87,0
2015,6,10,18,0,10.907,0.00333333333333333
2015,6,11,0,0,5.926,0.0316666666666667
2015,6,11,6,0,13.852,0
2015,6,11,12,0,15.944,0
2015,6,11,18,0,10.62,0.00333333333333333
2015,6,12,0,0,6.278,0.0166666666666667
2015,6,12,6,0,11.676,0.00166666666666667
2015,6,12,12,0,15.185,0
2015,6,12,18,0,8.583,0.0316666666666667
2015,6,13,0,0,2.843,0.248333333333333
2015,6,13,6,0,12.296,0.00666666666666667
2015,6,13,12,0,18.426,0
2015,6,13,18,0,9.148,0.095
2015,6,14,0,0,3.38,0.345
2015,6,14,6,0,15.824,0.00166666666666667
2015,6,14,12,0,21.954,0
2015,6,14,18,0,13.778,0.01
2015,6,15,0,0,6.611,0.0683333333333333
2015,6,15,6,0,16.583,0.00166666666666667
2015,6,15,12,0,20.546,0
2015,6,15,18,0,12.685,0.00666666666666667
2015,6,16,0,0,6.407,0.04
2015,6,16,6,0,14.333,0.00166666666666667
2015,6,16,12,0,17.25,0
2015,6,16,18,0,10.12,0.00833333333333333
2015,6,17,0,0,5.648,0.0416666666666667
2015,6,17,6,0,12.648,0.00333333333333333
2015,6,17,12,0,16.389,0
2015,6,17,18,0,9.667,0.0133333333333333
2015,6,18,0,0.0254,6.056,0.0283333333333333
2015,6,18,6,0,12.083,0.00166666666666667
2015,6,18,12,0.1016,15.565,0
2015,6,18,18,0.5588,11.935,0
2015,6,19,0,0.381,7.796,0.0166666666666667
2015,6,19,6,0,11.093,0.00333333333333333
2015,6,19,12,0,15.593,0
2015,6,19,18,0,9.528,0.0183333333333333
2015,6,20,0,0,3.676,0.136666666666667
2015,6,20,6,0,12.5,0.005
2015,6,20,12,0,17.676,0
2015,6,20,18,0,9.574,0.03
2015,6,21,0,0,4.324,0.101666666666667
2015,6,21,6,0,12.454,0.00666666666666667
2015,6,21,12,0,17.657,0
2015,6,21,18,0,10.741,0.00833333333333333
2015,6,22,0,0,5.389,0.0483333333333333
2015,6,22,6,0,12.731,0.00166666666666667
2015,6,22,12,0,16.574,0
2015,6,22,18,0,9.565,0.0116666666666667
2015,6,23,0,0,4.481,0.075
2015,6,23,6,0,12.796,0.00166666666666667
2015,6,23,12,0,18.056,0
2015,6,23,18,0,10.417,0.025
2015,6,24,0,0,5.676,0.0616666666666667
2015,6,24,6,0,15.741,0.00166666666666667
2015,6,24,12,0,18.102,0
2015,6,24,18,0,10.833,0.0183333333333333
2015,6,25,0,0,5.352,0.0616666666666667
2015,6,25,6,0,15.741,0.00166666666666667
2015,6,25,12,0,22.639,0
2015,6,25,18,0,14.306,0.00333333333333333
2015,6,26,0,0,7.694,0.0166666666666667
2015,6,26,6,0,16.944,0
2015,6,26,12,0,23.852,0
2015,6,26,18,0,15.463,0.00333333333333333
2015,6,27,0,0,8.88,0.0183333333333333
2015,6,27,6,0,18.093,0
2015,6,27,12,0,23.759,0
2015,6,27,18,0,17.019,0
2015,6,28,0,0,11.167,0.005
2015,6,28,6,0,19.352,0
2015,6,28,12,0,22.907,0
2015,6,28,18,0,15.991,0
2015,6,29,0,0.5334,12.444,0
2015,6,29,6,1.0668,18.593,0
2015,6,29,12,0.127,22.296,0
2015,6,29,18,0,15.806,0
2015,6,30,0,0,10.296,0.00166666666666667
2015,6,30,6,0,19.074,0
2015,6,30,12,0,23.593,0
2015,6,30,18,0,16.398,0
2015,7,1,0,0,10.75,0
2015,7,1,6,0,18.324,0
2015,7,1,12,0,24.509,0
2015,7,1,18,0,17.528,0
2015,7,2,0,0,11.667,0.00333333333333333
2015,7,2,6,0,19.87,0
2015,7,2,12,0,24.963,0
2015,7,2,18,0,18.009,0
2015,7,3,0,0,12.509,0
2015,7,3,6,0,20.685,0
2015,7,3,12,0,24.611,0
2015,7,3,18,0,17.296,0
2015,7,4,0,0,10.898,0.00166666666666667
2015,7,4,6,0,20.028,0
2015,7,4,12,0,25.843,0
2015,7,4,18,0,17.935,0
2015,7,5,0,0,12,0.00166666666666667
2015,7,5,6,0,17.519,0
2015,7,5,12,0,24.361,0
2015,7,5,18,0,16.824,0
2015,7,6,0,0,10.852,0.00333333333333333
2015,7,6,6,0,18.37,0
2015,7,6,12,0,21.361,0
2015,7,6,18,0,14.435,0
2015,7,7,0,0,9.63,0.005
2015,7,7,6,0,16.704,0
2015,7,7,12,0,21.769,0
2015,7,7,18,0,15.093,0
2015,7,8,0,0,9.917,0.00666666666666667
2015,7,8,6,0,18.889,0
2015,7,8,12,0,23.426,0
2015,7,8,18,0,15.704,0
2015,7,9,0,0,10.713,0
2015,7,9,6,0,17.463,0
2015,7,9,12,0,20.639,0
2015,7,9,18,0,14.917,0
2015,7,10,0,0,11.315,0
2015,7,10,6,0,15.194,0
2015,7,10,12,0,18.167,0
2015,7,10,18,0,14.046,0
2015,7,11,0,0.4064,11.685,0
2015,7,11,6,0.8636,13.639,0
2015,7,11,12,0,15.352,0
2015,7,11,18,0.0762,11.5,0
2015,7,12,0,0.2286,10.87,0
2015,7,12,6,0.0254,14.167,0
2015,7,12,12,0.1016,17.417,0
2015,7,12,18,0.0762,13.944,0
2015,7,13,0,2.794,10.833,0
2015,7,13,6,7.8486,14.741,0
2015,7,13,12,2.286,18.407,0
2015,7,13,18,0.1016,13.972,0
2015,7,14,0,0,8.231,0.00833333333333333
2015,7,14,6,0,14.389,0
2015,7,14,12,0,18.944,0
2015,7,14,18,0,12.546,0.00333333333333333
2015,7,15,0,0,8.194,0.01
2015,7,15,6,0,15.102,0
2015,7,15,12,0,18.13,0
2015,7,15,18,0,12.824,0
2015,7,16,0,0,10.278,0.00833333333333333
2015,7,16,6,0,14.75,0
2015,7,16,12,0,19.935,0
2015,7,16,18,0,14.046,0.00333333333333333
2015,7,17,0,0,8.898,0.00833333333333333
2015,7,17,6,0,17.62,0
2015,7,17,12,0,23.685,0
2015,7,17,18,0,16.046,0.00166666666666667
2015,7,18,0,0,9.981,0.00833333333333333
2015,7,18,6,0,19.944,0
2015,7,18,12,0,26.583,0
2015,7,18,18,0,19.583,0
2015,7,19,0,0,13.38,0
2015,7,19,6,0,21.296,0
2015,7,19,12,0,25.056,0
2015,7,19,18,0,18.509,0
2015,7,20,0,0,14.093,0
2015,7,20,6,0,19.093,0
2015,7,20,12,0,20.759,0
2015,7,20,18,0,15.593,0
2015,7,21,0,0,11.972,0
2015,7,21,6,0,15.639,0
2015,7,21,12,0,18.231,0
2015,7,21,18,0,13.259,0
2015,7,22,0,0,9.537,0.00166666666666667
2015,7,22,6,0,14.269,0
2015,7,22,12,0,18.241,0
2015,7,22,18,0,13.824,0
2015,7,23,0,0,10.148,0
2015,7,23,6,0,14.241,0
2015,7,23,12,0,16.676,0
2015,7,23,18,0,12.407,0
2015,7,24,0,0.1016,9.62,0
2015,7,24,6,4.5466,13.444,0
2015,7,24,12,2.032,14.519,0
2015,7,24,18,10.5664,12.796,0
2015,7,25,0,9.8806,10.509,0
2015,7,25,6,0,12.444,0
2015,7,25,12,0,14.046,0
2015,7,25,18,0,11.38,0
2015,7,26,0,0.3556,10.213,0
2015,7,26,6,2.1082,13.306,0
2015,7,26,12,3.6322,14.731,0
2015,7,26,18,1.5494,12.574,0
2015,7,27,0,0.4318,9.583,0.00166666666666667
2015,7,27,6,0,13.657,0
2015,7,27,12,0,17.657,0
2015,7,27,18,0,12.231,0.00333333333333333
2015,7,28,0,0,8.991,0.00833333333333333
2015,7,28,6,0,14.759,0
2015,7,28,12,0,21.315,0
2015,7,28,18,0,14.222,0.00166666666666667
2015,7,29,0,0,8.972,0.00833333333333333
2015,7,29,6,0,18.463,0
2015,7,29,12,0,24.861,0
2015,7,29,18,0,15.583,0.00333333333333333
2015,7,30,0,0,9.944,0.01
2015,7,30,6,0,19.537,0
2015,7,30,12,0,26.417,0
2015,7,30,18,0,16.25,0
2015,7,31,0,0,10.167,0.00833333333333333
2015,7,31,6,0,20.194,0
2015,7,31,12,0,26.222,0
2015,7,31,18,0,16,0
2015,8,1,0,0,10.185,0.01
2015,8,1,6,0,19.648,0
2015,8,1,12,0,25.491,0
2015,8,1,18,0,16.398,0
2015,8,2,0,0,11.083,0.00833333333333333
2015,8,2,6,0,18.917,0
2015,8,2,12,0,23.463,0
2015,8,2,18,0,15.176,0
2015,8,3,0,0,10.898,0.00166666666666667
2015,8,3,6,0,17.648,0
2015,8,3,12,0,21.37,0
2015,8,3,18,0,14.787,0
2015,8,4,0,0,10.5,0
2015,8,4,6,0,16.139,0
2015,8,4,12,0,19.519,0
2015,8,4,18,0,13.241,0
2015,8,5,0,0.2032,9.019,0.00666666666666667
2015,8,5,6,3.9624,14.852,0
2015,8,5,12,10.287,14.87,0
2015,8,5,18,3.9624,12.037,0
2015,8,6,0,2.2606,9.62,0.01
2015,8,6,6,0.0762,14.074,0
2015,8,6,12,0,18.944,0
2015,8,6,18,0,11.944,0.005
2015,8,7,0,0,7.685,0.015
2015,8,7,6,0,15.046,0
2015,8,7,12,0,20.176,0
2015,8,7,18,0,12.315,0.00333333333333333
2015,8,8,0,0,9,0.00833333333333333
2015,8,8,6,0,16.389,0
2015,8,8,12,0,20.704,0
2015,8,8,18,0,15.046,0
2015,8,9,0,0,11.935,0
2015,8,9,6,0,15.963,0
2015,8,9,12,0,21.935,0
2015,8,9,18,0,14.389,0
2015,8,10,0,0,10.287,0
2015,8,10,6,0,17.231,0
2015,8,10,12,0,23.843,0
2015,8,10,18,0,15.889,0
2015,8,11,0,0,10.444,0
2015,8,11,6,0,17.657,0
2015,8,11,12,0,23.343,0
2015,8,11,18,0,15.528,0
2015,8,12,0,0,11.574,0.00666666666666667
2015,8,12,6,0,18.546,0
2015,8,12,12,0,23.324,0
2015,8,12,18,0,15.454,0
2015,8,13,0,0,11.204,0
2015,8,13,6,0,17.037,0
2015,8,13,12,0,21.278,0
2015,8,13,18,0,14.741,0
2015,8,14,0,0,11.491,0
2015,8,14,6,2.6162,16.074,0
2015,8,14,12,21.209,14.63,0
2015,8,14,18,6.2738,11.333,0
2015,8,15,0,0.9906,10.935,0
2015,8,15,6,0.1524,13.185,0
2015,8,15,12,0.0254,16.361,0
2015,8,15,18,0,12.685,0
2015,8,16,0,0,10.204,0.00833333333333333
2015,8,16,6,0,14.62,0
2015,8,16,12,0,19.88,0
2015,8,16,18,0,13.139,0
2015,8,17,0,0,8.694,0.01
2015,8,17,6,0,15.852,0
2015,8,17,12,0,22.824,0
2015,8,17,18,0,13.407,0.00333333333333333
2015,8,18,0,0,9.454,0.01
2015,8,18,6,0,18.435,0
2015,8,18,12,0,24.315,0
2015,8,18,18,0,15.389,0
2015,8,19,0,0,10.87,0.00666666666666667
2015,8,19,6,0,19.028,0
2015,8,19,12,0,22.37,0
2015,8,19,18,0,14.806,0
2015,8,20,0,0,11.833,0
2015,8,20,6,0,16.074,0
2015,8,20,12,0,18.389,0
2015,8,20,18,0,13.722,0
2015,8,21,0,0.0508,11.111,0
2015,8,21,6,0.1524,13.898,0
2015,8,21,12,0,18.593,0
2015,8,21,18,0,11.667,0.005
2015,8,22,0,0.0508,8.093,0.0166666666666667
2015,8,22,6,0,14.852,0.00333333333333333
2015,8,22,12,0,21.111,0
2015,8,22,18,0,11.741,0.01
2015,8,23,0,0,7.398,0.0383333333333333
2015,8,23,6,0,15.685,0.00333333333333333
2015,8,23,12,0,20.537,0
2015,8,23,18,0,10.935,0.005
2015,8,24,0,0,6.981,0.02
2015,8,24,6,0,15.009,0.00166666666666667
2015,8,24,12,0,20.509,0
2015,8,24,18,0,10.157,0.00666666666666667
2015,8,25,0,0,5.491,0.0366666666666667
2015,8,25,6,0,13.472,0.00333333333333333
2015,8,25,12,0,20.639,0
2015,8,25,18,0,9.324,0.0166666666666667
2015,8,26,0,0,5.472,0.0583333333333333
2015,8,26,6,0,14.907,0.00333333333333333
2015,8,26,12,0,21.824,0
2015,8,26,18,0,10.806,0.0116666666666667
2015,8,27,0,0,8.009,0.0183333333333333
2015,8,27,6,0,16.444,0
2015,8,27,12,0,21.685,0
2015,8,27,18,0,11.935,0.005
2015,8,28,0,0.7112,10.954,0.00166666666666667
2015,8,28,6,1.1684,12.574,0
2015,8,28,12,0.0762,18.778,0
2015,8,28,18,0.7112,13.852,0
2015,8,29,0,6.4516,13,0
2015,8,29,6,14.0462,15.898,0
2015,8,29,12,7.6962,14.991,0
2015,8,29,18,28.8036,12.009,0
2015,8,30,0,12.7508,10.639,0
2015,8,30,6,5.1562,11.546,0
2015,8,30,12,1.6002,13.398,0
2015,8,30,18,5.4102,11.417,0.00166666666666667
2015,8,31,0,5.6642,10.278,0.01
2015,8,31,6,12.8524,11.667,0.00166666666666667
2015,8,31,12,14.732,12.759,0
2015,8,31,18,7.7724,10.963,0
2015,9,1,0,6.4516,10.713,0
2015,9,1,6,8.7376,11.519,0
2015,9,1,12,20.3962,11.565,0
2015,9,1,18,22.6314,9.065,0.00666666666666667
2015,9,2,0,13.0048,7.157,0.0133333333333333
2015,9,2,6,3.429,7.63,0.0116666666666667
2015,9,2,12,3.81,10.241,0.01
2015,9,2,18,4.1148,7.046,0.0133333333333333
2015,9,3,0,5.9182,5.991,0.0233333333333333
2015,9,3,6,1.6764,8.583,0.0116666666666667
2015,9,3,12,3.937,11.157,0.01
2015,9,3,18,0.127,6.639,0.0233333333333333
2015,9,4,0,1.524,4.852,0.045
2015,9,4,6,0,8.981,0.015
2015,9,4,12,0.0508,13.102,0.00166666666666667
2015,9,4,18,0.1016,7.102,0.0233333333333333
2015,9,5,0,0,4.806,0.0616666666666667
2015,9,5,6,0,9.407,0.015
2015,9,5,12,0,12.657,0.00166666666666667
2015,9,5,18,0,7.398,0.0166666666666667
2015,9,6,0,1.8796,6.731,0.0183333333333333
2015,9,6,6,2.286,10.222,0.005
2015,9,6,12,0,13.5,0
2015,9,6,18,0,7.88,0.015
2015,9,7,0,0.254,7.315,0.015
2015,9,7,6,0,11.296,0.00166666666666667
2015,9,7,12,0,14.046,0
2015,9,7,18,0,9.926,0
2015,9,8,0,2.2606,10.083,0
2015,9,8,6,6.985,12.056,0
2015,9,8,12,3.2258,14.75,0
2015,9,8,18,0.3048,11.278,0
2015,9,9,0,0,9.009,0.005
2015,9,9,6,0,13.343,0
2015,9,9,12,0,17.611,0
2015,9,9,18,0,10.185,0.005
2015,9,10,0,0,8.231,0.01
2015,9,10,6,0,13.991,0.00166666666666667
2015,9,10,12,0,20.769,0
2015,9,10,18,0.0254,11.519,0.00666666666666667
2015,9,11,0,0.0254,8.731,0.02
2015,9,11,6,0,15.222,0.00166666666666667
2015,9,11,12,0,20.815,0
2015,9,11,18,0,12.037,0.00333333333333333
2015,9,12,0,0.1016,8.796,0.0116666666666667
2015,9,12,6,0.635,14.111,0
2015,9,12,12,0.6604,17.907,0
2015,9,12,18,0.6858,11.231,0
2015,9,13,0,0.508,8.935,0.00166666666666667
2015,9,13,6,0,12.454,0
2015,9,13,12,0,13.843,0
2015,9,13,18,0,8.519,0.005
2015,9,14,0,0,5.815,0.0183333333333333
2015,9,14,6,0.0508,9.352,0.00666666666666667
2015,9,14,12,0.0254,12.139,0.00166666666666667
2015,9,14,18,0.127,6.759,0.0216666666666667
2015,9,15,0,0.3302,5.565,0.035
2015,9,15,6,0.5334,8.731,0.0133333333333333
2015,9,15,12,0.0508,12.259,0.005
2015,9,15,18,0,6.676,0.0266666666666667
2015,9,16,0,0,4.935,0.0633333333333333
2015,9,16,6,0,9.213,0.0133333333333333
2015,9,16,12,0.3048,12.657,0.00166666666666667
2015,9,16,18,0.2794,7.926,0.015
2015,9,17,0,2.8448,6.917,0.0216666666666667
2015,9,17,6,0,9.352,0.00666666666666667
2015,9,17,12,1.3716,11.306,0.00166666666666667
2015,9,17,18,1.016,7.713,0.0183333333333333
2015,9,18,0,1.8034,7.111,0.02
2015,9,18,6,0.0508,9.556,0.00833333333333333
2015,9,18,12,1.5748,11.417,0
2015,9,18,18,1.397,9.704,0.01
2015,9,19,0,0.9144,9.667,0.01
2015,9,19,6,3.4036,10.75,0.005
2015,9,19,12,4.064,11.324,0
2015,9,19,18,4.1148,10.398,0
2015,9,20,0,6.8326,10.741,0
2015,9,20,6,10.2616,11.593,0
2015,9,20,12,29.6418,10.963,0.00166666666666667
2015,9,20,18,2.9972,8.611,0.01
2015,9,21,0,0.1016,5.806,0.0283333333333333
2015,9,21,6,0,8.185,0.01
2015,9,21,12,0,11.685,0.00166666666666667
2015,9,21,18,0,5.352,0.0416666666666667
2015,9,22,0,0,2.972,0.153333333333333
2015,9,22,6,0,7.111,0.035
2015,9,22,12,0,12.111,0.00166666666666667
2015,9,22,18,0,3.722,0.141666666666667
2015,9,23,0,0,2.972,0.135
2015,9,23,6,0,8.093,0.025
2015,9,23,12,0,13.194,0
2015,9,23,18,0,8.148,0.02
2015,9,24,0,0.1016,6.5,0.0466666666666667
2015,9,24,6,3.1496,9.185,0.015
2015,9,24,12,1.2446,11.935,0
2015,9,24,18,3.7084,8.796,0.00666666666666667
2015,9,25,0,4.826,7.611,0.01
2015,9,25,6,3.3528,8.287,0.01
2015,9,25,12,2.6924,9.796,0.005
2015,9,25,18,0.0762,6.426,0.015
2015,9,26,0,0.2032,5.148,0.0183333333333333
2015,9,26,6,0.5588,6.75,0.0166666666666667
2015,9,26,12,0.5334,9.648,0.0116666666666667
2015,9,26,18,0,3.704,0.115
2015,9,27,0,0,1.565,0.38
2015,9,27,6,0,6.185,0.085
2015,9,27,12,0,12.37,0.0116666666666667
2015,9,27,18,0,4.213,0.191666666666667
2015,9,28,0,0,2.009,0.511666666666667
2015,9,28,6,0,7.63,0.1
2015,9,28,12,0,14.694,0.00333333333333333
2015,9,28,18,0,6.731,0.0616666666666667
2015,9,29,0,0,3.843,0.288333333333333
2015,9,29,6,0,8.843,0.06
2015,9,29,12,0,15.352,0
2015,9,29,18,0,6.38,0.0616666666666667
2015,9,30,0,0,3.519,0.21
2015,9,30,6,0,8.667,0.0366666666666667
2015,9,30,12,0,15.241,0
2015,9,30,18,0,5.407,0.085
2015,10,1,0,0,3.361,0.2
2015,10,1,6,0,8.056,0.045
2015,10,1,12,0,13.157,0
2015,10,1,18,0,7.241,0.0333333333333333
2015,10,2,0,0,5.148,0.0666666666666667
2015,10,2,6,0.0508,9.333,0.00833333333333333
2015,10,2,12,0.127,10.63,0.01
2015,10,2,18,0,6.407,0.0283333333333333
2015,10,3,0,0,6.667,0.0316666666666667
2015,10,3,6,0,8.389,0.0283333333333333
2015,10,3,12,0,14.852,0
2015,10,3,18,0,8.769,0.0183333333333333
2015,10,4,0,0,6.102,0.05
2015,10,4,6,0,9.815,0.025
2015,10,4,12,0,16.083,0
2015,10,4,18,0,7.194,0.0366666666666667
2015,10,5,0,0,4.556,0.095
2015,10,5,6,0,8.944,0.03
2015,10,5,12,0,14.907,0
2015,10,5,18,0,7.009,0.0416666666666667
2015,10,6,0,0,4.824,0.0866666666666667
2015,10,6,6,0,8.759,0.0233333333333333
2015,10,6,12,0,12.222,0
2015,10,6,18,0,7.87,0.0116666666666667
2015,10,7,0,1.016,7.287,0.02
2015,10,7,6,6.477,8.565,0.0133333333333333
2015,10,7,12,11.1252,10.361,0.01
2015,10,7,18,8.3566,9.463,0.01
2015,10,8,0,2.9718,9.407,0.01
2015,10,8,6,0,10.13,0.00666666666666667
2015,10,8,12,0,14.343,0
2015,10,8,18,0,10.954,0.00833333333333333
2015,10,9,0,0,10.417,0.01
2015,10,9,6,0,12.037,0.00666666666666667
2015,10,9,12,0,12.574,0
2015,10,9,18,0,11.426,0.00333333333333333
2015,10,10,0,0.8382,10.676,0.01
2015,10,10,6,5.3594,11.25,0.005
2015,10,10,12,30.5054,10.741,0.00666666666666667
2015,10,10,18,18.3388,8.111,0.0166666666666667
2015,10,11,0,1.3208,6.648,0.03
2015,10,11,6,0,8.028,0.02
2015,10,11,12,0,10.343,0.01
2015,10,11,18,0,8.194,0.02
2015,10,12,0,0,7.602,0.02
2015,10,12,6,1.905,8.815,0.015
2015,10,12,12,2.3114,10.093,0.00333333333333333
2015,10,12,18,0.6604,7.63,0.0166666666666667
2015,10,13,0,0.635,6.796,0.0233333333333333
2015,10,13,6,0,7.657,0.02
2015,10,13,12,0,10.463,0.00833333333333333
2015,10,13,18,0.1016,5.269,0.0416666666666667
2015,10,14,0,0.0254,3.176,0.108333333333333
2015,10,14,6,0,6.972,0.05
2015,10,14,12,0,12.583,0.01
2015,10,14,18,0,5.509,0.113333333333333
2015,10,15,0,0,4.565,0.106666666666667
2015,10,15,6,0,8.954,0.0366666666666667
2015,10,15,12,0,13.963,0.005
2015,10,15,18,0,6.287,0.106666666666667
2015,10,16,0,0,4.546,0.25
2015,10,16,6,0,8.611,0.0783333333333333
2015,10,16,12,0,13.398,0.00166666666666667
2015,10,16,18,0,5.991,0.13
2015,10,17,0,0,5.25,0.123333333333333
2015,10,17,6,0,9.269,0.0283333333333333
2015,10,17,12,0,12.241,0
2015,10,17,18,0.4318,7.963,0.01
2015,10,18,0,0,7.787,0.01
2015,10,18,6,0.0254,9.537,0.005
2015,10,18,12,0.1016,11.306,0
2015,10,18,18,0,9.046,0.00666666666666667
2015,10,19,0,0.2286,7.324,0.015
2015,10,19,6,3.4036,9.12,0.005
2015,10,19,12,5.0546,11.324,0
2015,10,19,18,0.6858,8.167,0.00666666666666667
2015,10,20,0,0.0254,5.87,0.02
2015,10,20,6,0,7.222,0.0166666666666667
2015,10,20,12,0,10.796,0.00166666666666667
2015,10,20,18,0,5.343,0.0433333333333333
2015,10,21,0,0,4.287,0.075
2015,10,21,6,0,8.25,0.025
2015,10,21,12,0.0508,10.796,0.005
2015,10,21,18,0.0254,6.574,0.015
2015,10,22,0,0.1016,4.361,0.045
2015,10,22,6,0,6.296,0.0383333333333333
2015,10,22,12,0,9.676,0.0116666666666667
2015,10,22,18,0,2.954,0.148333333333333
2015,10,23,0,0,1.639,0.341666666666667
2015,10,23,6,0,5.389,0.08
2015,10,23,12,0,9.194,0.0116666666666667
2015,10,23,18,0,2.731,0.461666666666667
2015,10,24,0,0,1.093,0.916666666666667
2015,10,24,6,0,5.222,0.395
2015,10,24,12,0,9.676,0.045
2015,10,24,18,0,6.25,0.0716666666666667
2015,10,25,0,0,4.87,0.0966666666666667
2015,10,25,6,0,7.546,0.04
2015,10,25,12,0.762,10.454,0.00833333333333333
2015,10,25,18,13.5382,6.787,0.0183333333333333
2015,10,26,0,1.905,6.519,0.02
2015,10,26,6,0,7.991,0.0116666666666667
2015,10,26,12,0,9.481,0.01
2015,10,26,18,0,7.352,0.0116666666666667
2015,10,27,0,0,4.306,0.0483333333333333
2015,10,27,6,0,6.056,0.0383333333333333
2015,10,27,12,0,10.259,0.00333333333333333
2015,10,27,18,0,6.722,0.03
2015,10,28,0,0.3302,6.139,0.0333333333333333
2015,10,28,6,5.8674,6.463,0.02
2015,10,28,12,8.255,7.426,0.01
2015,10,28,18,4.6228,6.5,0.025
2015,10,29,0,4.572,6.463,0.03
2015,10,29,6,3.0226,7.815,0.015
2015,10,29,12,2.413,9.185,0.0116666666666667
2015,10,29,18,4.8514,6.611,0.0233333333333333
2015,10,30,0,30.226,7.917,0.0116666666666667
2015,10,30,6,14.5288,9.111,0.01
2015,10,30,12,3.81,9.981,0.00833333333333333
2015,10,30,18,2.7178,6.611,0.0216666666666667
2015,10,31,0,17.2212,7.657,0.0116666666666667
2015,10,31,6,28.7782,9.037,0.01
2015,10,31,12,12.1412,7.213,0.0216666666666667
2015,10,31,18,6.6548,5.565,0.0483333333333333
2015,11,1,0,17.6022,4.806,0.0533333333333333
2015,11,1,6,8.3566,4.491,0.07
2015,11,1,12,8.3058,5.917,0.05
2015,11,1,18,3.2766,3.833,0.0683333333333333
2015,11,2,0,2.4384,3.435,0.0683333333333333
2015,11,2,6,1.6764,4.167,0.06
2015,11,2,12,1.1938,5.361,0.0533333333333333
2015,11,2,18,0.0762,2.815,0.121666666666667
2015,11,3,0,0.127,1.185,0.273333333333333
2015,11,3,6,0,3.972,0.075
2015,11,3,12,0.0508,5.481,0.0533333333333333
2015,11,3,18,0,-0.315,0.838333333333333
2015,11,4,0,0.0254,-1.537,1
2015,11,4,6,0,1.546,0.481666666666667
2015,11,4,12,0,5.231,0.055
2015,11,4,18,0.0254,2.287,0.155
2015,11,5,0,0.8128,2.519,0.125
2015,11,5,6,1.7272,3.833,0.08
2015,11,5,12,0.1524,4.926,0.065
2015,11,5,18,0,1.25,0.313333333333333
2015,11,6,0,0.3048,-0.037,0.665
2015,11,6,6,1.3208,2.13,0.188333333333333
2015,11,6,12,1.8288,4.593,0.0633333333333333
2015,11,6,18,5.6388,4.704,0.0616666666666667
2015,11,7,0,13.3858,4.981,0.055
2015,11,7,6,24.511,5.139,0.05
2015,11,7,12,23.5712,4.843,0.06
2015,11,7,18,14.9606,2.75,0.0983333333333333
2015,11,8,0,2.6416,2.12,0.13
2015,11,8,6,0,2.796,0.118333333333333
2015,11,8,12,0.5588,4.056,0.0833333333333333
2015,11,8,18,0.127,2.083,0.15
2015,11,9,0,0.3556,2.056,0.17
2015,11,9,6,0.0254,3.278,0.0933333333333333
2015,11,9,12,0,3.63,0.103333333333333
2015,11,9,18,0,-1.028,0.901666666666667
2015,11,10,0,0,-2.88,1
2015,11,10,6,0.1016,0.222,0.581666666666667
2015,11,10,12,0,4.037,0.0983333333333333
2015,11,10,18,2.1082,3.991,0.09
2015,11,11,0,7.2898,3.315,0.138333333333333
2015,11,11,6,0.0762,1.361,0.336666666666667
2015,11,11,12,0,3.574,0.118333333333333
2015,11,11,18,0,1.102,0.323333333333333
2015,11,12,0,0.3048,1.176,0.305
2015,11,12,6,2.6416,1.444,0.288333333333333
2015,11,12,12,13.843,3.056,0.13
2015,11,12,18,32.1818,4.213,0.075
2015,11,13,0,53.1876,5.778,0.05
2015,11,13,6,38.6588,5.648,0.055
2015,11,13,12,25.7048,4.204,0.09
2015,11,13,18,10.5664,2.741,0.126666666666667
2015,11,14,0,11.9888,2.833,0.113333333333333
2015,11,14,6,8.255,2.648,0.138333333333333
2015,11,14,12,7.747,3.639,0.085
2015,11,14,18,12.954,1.5,0.201666666666667
2015,11,15,0,13.1572,1.028,0.256666666666667
2015,11,15,6,5.4356,0.407,0.436666666666667
2015,11,15,12,4.8514,-0.5,0.826666666666667
2015,11,15,18,2.794,-1.815,0.986666666666667
2015,11,16,0,0.9906,-2.861,1
2015,11,16,6,0.127,-1.204,0.853333333333333
2015,11,16,12,9.652,1.778,0.323333333333333
2015,11,16,18,7.7216,1.648,0.236666666666667
2015,11,17,0,12.7508,2.602,0.12
2015,11,17,6,32.9946,4.972,0.055
2015,11,17,12,21.1582,4.444,0.0716666666666667
2015,11,17,18,2.54,-0.009,0.675
2015,11,18,0,1.016,-1.056,0.978333333333333
2015,11,18,6,0.2794,0.222,0.643333333333333
2015,11,18,12,0.889,2.204,0.201666666666667
2015,11,18,18,1.3208,0.065,0.633333333333333
2015,11,19,0,0.635,-0.694,0.771666666666667
2015,11,19,6,0,-0.898,0.765
2015,11,19,12,0,0.676,0.6
2015,11,19,18,0.0508,-3.065,1
2015,11,20,0,0,-4.87,1
2015,11,20,6,0,-2.648,0.993333333333333
2015,11,20,12,0,0.204,0.81
2015,11,20,18,0,-4.028,1
2015,11,21,0,0,-3.843,1
2015,11,21,6,0,-1.898,0.933333333333333
2015,11,21,12,0,0.63,0.873333333333333
2015,11,21,18,0,-2.306,1
2015,11,22,0,0,-2.75,1
2015,11,22,6,0,-1.102,0.978333333333333
2015,11,22,12,0,0.352,0.916666666666667
2015,11,22,18,0,0.037,0.958333333333333
2015,11,23,0,0,-0.889,1
2015,11,23,6,0.6096,-0.454,0.971666666666667
2015,11,23,12,2.4638,-0.407,0.926666666666667
2015,11,23,18,2.3622,-1.176,0.948333333333333
2015,11,24,0,0.7366,-0.787,0.898333333333333
2015,11,24,6,0,-1.065,0.983333333333333
2015,11,24,12,0,-0.148,0.965
2015,11,24,18,0,-1.917,1
2015,11,25,0,0,-3.389,1
2015,11,25,6,0,-2.713,1
2015,11,25,12,0,-0.028,0.955
2015,11,25,18,0,-4.519,1
2015,11,26,0,0,-4.426,1
2015,11,26,6,0,-2.056,0.998333333333333
2015,11,26,12,0,-0.546,0.92
2015,11,26,18,0,-4.926,1
2015,11,27,0,0,-6.185,1
2015,11,27,6,0,-3.491,0.996666666666667
2015,11,27,12,0,-2.222,0.993333333333333
2015,11,27,18,0,-5.722,1
2015,11,28,0,0,-7.139,1
2015,11,28,6,0,-4.546,1
2015,11,28,12,0,-2.407,0.996666666666667
2015,11,28,18,0,-5.741,1
2015,11,29,0,0,-7.639,1
2015,11,29,6,0,-4.898,1
2015,11,29,12,0,-2.5,0.998333333333333
2015,11,29,18,0,-6.602,1
2015,11,30,0,0,-7.074,1
2015,11,30,6,0,-4.491,1
2015,11,30,12,0,-0.806,0.981666666666667
2015,11,30,18,0,-3.417,0.998333333333333
2015,12,1,0,0.0762,-0.509,0.708333333333333
2015,12,1,6,0.0762,1,0.396666666666667
2015,12,1,12,0.508,2.769,0.17
2015,12,1,18,5.9944,3.093,0.116666666666667
2015,12,2,0,2.54,1.102,0.265
2015,12,2,6,0.0762,1.907,0.28
2015,12,2,12,0,4.944,0.0766666666666667
2015,12,2,18,0.9906,3.954,0.0983333333333333
2015,12,3,0,7.747,4.333,0.0783333333333333
2015,12,3,6,11.8618,5.213,0.0616666666666667
2015,12,3,12,3.2004,5.796,0.0616666666666667
2015,12,3,18,12.0396,3.407,0.0983333333333333
2015,12,4,0,1.6764,2.185,0.178333333333333
2015,12,4,6,4.4196,2.528,0.125
2015,12,4,12,4.0386,2.213,0.163333333333333
2015,12,4,18,2.0066,2.139,0.176666666666667
2015,12,5,0,0.2286,2.296,0.206666666666667
2015,12,5,6,5.207,2.5,0.251666666666667
2015,12,5,12,15.1892,3.769,0.1
2015,12,5,18,10.7442,4.231,0.0866666666666667
2015,12,6,0,9.4742,3.954,0.0883333333333333
2015,12,6,6,6.604,4.037,0.0883333333333333
2015,12,6,12,1.4478,3.194,0.13
2015,12,6,18,5.2324,3.481,0.105
2015,12,7,0,3.7338,4.287,0.08
2015,12,7,6,0.762,4.398,0.085
2015,12,7,12,2.032,4.269,0.0983333333333333
2015,12,7,18,0.254,2.935,0.106666666666667
2015,12,8,0,13.589,4.611,0.0666666666666667
2015,12,8,6,30.607,6.731,0.0383333333333333
2015,12,8,12,25.6286,6.583,0.0333333333333333
2015,12,8,18,8.5852,4.611,0.05
2015,12,9,0,13.081,4.528,0.055
2015,12,9,6,10.16,3.194,0.095
2015,12,9,12,3.683,2.296,0.151666666666667
2015,12,9,18,0.3302,1.13,0.33
2015,12,10,0,1.4732,2.417,0.25
2015,12,10,6,2.1336,3.352,0.126666666666667
2015,12,10,12,6.7818,3.704,0.101666666666667
2015,12,10,18,1.1176,0.806,0.46
2015,12,11,0,0.0254,-0.37,0.903333333333333
2015,12,11,6,0.0254,1.176,0.383333333333333
2015,12,11,12,0.0508,2.12,0.223333333333333
2015,12,11,18,0,-1.889,0.998333333333333
2015,12,12,0,0.2286,-2.231,1
2015,12,12,6,0.9906,-0.148,0.676666666666667
2015,12,12,12,5.4864,2.139,0.17
2015,12,12,18,3.2512,1.731,0.186666666666667
2015,12,13,0,3.7592,1.028,0.286666666666667
2015,12,13,6,4.4196,1.417,0.226666666666667
2015,12,13,12,6.096,2.13,0.135
2015,12,13,18,4.3942,1.593,0.163333333333333
2015,12,14,0,2.4892,1.602,0.183333333333333
2015,12,14,6,0.3302,0.981,0.396666666666667
2015,12,14,12,0.0508,1.593,0.343333333333333
2015,12,14,18,0,-3.083,0.991666666666667
2015,12,15,0,0.1016,-3.185,0.995
2015,12,15,6,1.5494,-0.111,0.621666666666667
2015,12,15,12,2.4638,2.287,0.103333333333333
2015,12,15,18,3.7846,2.065,0.103333333333333
2015,12,16,0,1.6256,0.611,0.438333333333333
2015,12,16,6,0,-2.148,1
2015,12,16,12,0,-3.463,1
2015,12,16,18,0,-6.296,1
2015,12,17,0,0,-1.509,1
2015,12,17,6,0.8128,-0.361,0.938333333333333
2015,12,17,12,6.7056,0.778,0.426666666666667
2015,12,17,18,11.938,0.639,0.408333333333333
2015,12,18,0,15.1384,0.991,0.293333333333333
2015,12,18,6,11.5062,0.417,0.466666666666667
2015,12,18,12,7.7216,-0.704,0.848333333333333
2015,12,18,18,3.2258,-2.157,0.988333333333333
2015,12,19,0,0.762,-2.417,0.985
2015,12,19,6,0,-2.565,0.913333333333333
2015,12,19,12,0.1524,1.306,0.31
2015,12,19,18,0.7874,0.759,0.426666666666667
2015,12,20,0,3.3274,1.694,0.236666666666667
2015,12,20,6,5.588,1.287,0.238333333333333
2015,12,20,12,4.1148,0.546,0.496666666666667
2015,12,20,18,5.8928,-0.87,0.955
2015,12,21,0,2.8194,-1.954,0.991666666666667
2015,12,21,6,0.3556,-0.509,0.816666666666667
2015,12,21,12,1.0668,0.611,0.461666666666667
2015,12,21,18,3.2512,-0.917,0.926666666666667
2015,12,22,0,3.1242,-1.398,0.968333333333333
2015,12,22,6,1.778,-1.62,0.985
2015,12,22,12,1.9558,-0.759,0.853333333333333
2015,12,22,18,1.5748,-1.87,1
2015,12,23,0,3.1496,-1.657,0.993333333333333
2015,12,23,6,3.0734,-1.769,0.993333333333334
2015,12,23,12,2.8194,-0.815,0.965
2015,12,23,18,2.413,-1.704,1
2015,12,24,0,2.5908,-1.324,0.988333333333333
2015,12,24,6,4.064,-0.315,0.768333333333333
2015,12,24,12,4.7752,-0.028,0.728333333333333
2015,12,24,18,1.3462,-2.574,1
2015,12,25,0,0.1778,-4.676,1
2015,12,25,6,0.127,-2.565,0.973333333333333
2015,12,25,12,0,-0.787,0.821666666666667
2015,12,25,18,0,-5.269,1
2015,12,26,0,0,-5.472,1
2015,12,26,6,0,-2.509,1
2015,12,26,12,0.2794,0.065,0.955
2015,12,26,18,1.5494,-1.639,1
2015,12,27,0,1.3462,-2.88,1
2015,12,27,6,6.2484,-1.222,0.998333333333333
2015,12,27,12,7.8486,0.13,0.705
2015,12,27,18,2.5654,-1.241,0.986666666666667
2015,12,28,0,0.508,-1.148,0.971666666666667
2015,12,28,6,0.2286,-1.491,0.935
2015,12,28,12,0.0508,-0.5,0.718333333333333
2015,12,28,18,0,-2.704,1
2015,12,29,0,0,-3.991,1
2015,12,29,6,0,-3.417,1
2015,12,29,12,0,-1.833,0.961666666666667
2015,12,29,18,0,-4,1
2015,12,30,0,0,-4.509,1
2015,12,30,6,0.5842,-4.176,1
2015,12,30,12,0.2286,-2.185,1
2015,12,30,18,0.3556,-2.852,1
2015,12,31,0,0.2032,-2.694,1
2015,12,31,6,0,-0.852,1
2015,12,31,12,0,1.602,1
2015,12,31,18,0,1.315,1
2016,1,1,0,0,1.806,1
2016,1,1,6,0,2.741,0.978333333333333
2016,1,1,12,0,4.944,0.473333333333333
2016,1,1,18,0,3.38,1
2016,1,2,0,0,2.241,1
2016,1,2,6,0,1.861,1
2016,1,2,12,0,2.694,0.87
2016,1,2,18,0,0.019,1
2016,1,3,0,0,-1.63,1
2016,1,3,6,0,-2.111,1
2016,1,3,12,0,-0.741,0.99
2016,1,3,18,0,-2.167,1
2016,1,4,0,0,-2.398,1
2016,1,4,6,0.127,-2.398,0.996666666666667
2016,1,4,12,0.1778,-0.157,0.911666666666667
2016,1,4,18,0,0.046,0.916666666666667
2016,1,5,0,0.381,1.093,0.533333333333333
2016,1,5,6,0.9144,1.935,0.246666666666667
2016,1,5,12,0.8382,2.454,0.165
2016,1,5,18,0.762,2.231,0.228333333333333
2016,1,6,0,0,2.62,0.326666666666667
2016,1,6,6,0,3.037,0.24
2016,1,6,12,0,4.056,0.158333333333333
2016,1,6,18,0,2.704,0.456666666666667
2016,1,7,0,0,1.731,0.653333333333333
2016,1,7,6,0,1.324,0.651666666666667
2016,1,7,12,0,1.704,0.366666666666667
2016,1,7,18,0,0.898,0.575
2016,1,8,0,0,0.648,0.643333333333333
2016,1,8,6,0,1.111,0.518333333333333
2016,1,8,12,0,1.713,0.423333333333333
2016,1,8,18,0,0.861,0.838333333333333
2016,1,9,0,0,0.444,0.988333333333333
2016,1,9,6,0,0.815,0.955
2016,1,9,12,0,2.083,0.62
2016,1,9,18,0,0.843,0.995
2016,1,10,0,0,0.259,0.988333333333333
2016,1,10,6,0,1.278,0.745
2016,1,10,12,0,3.611,0.273333333333333
2016,1,10,18,0.0762,3.167,0.771666666666667
2016,1,11,0,0,2.37,0.995
2016,1,11,6,0.1778,2.481,0.813333333333333
2016,1,11,12,4.699,2.5,0.158333333333333
2016,1,11,18,7.0104,2.139,0.196666666666667
2016,1,12,0,0.9906,2.472,0.206666666666667
2016,1,12,6,0.4064,4.056,0.075
2016,1,12,12,2.2098,4.083,0.0833333333333333
2016,1,12,18,6.9596,3.63,0.0983333333333333
2016,1,13,0,3.937,3.806,0.0733333333333333
2016,1,13,6,9.3472,2.028,0.191666666666667
2016,1,13,12,0.6604,0.778,0.513333333333333
2016,1,13,18,1.9558,-0.769,0.845
2016,1,14,0,1.6002,-0.75,0.838333333333333
2016,1,14,6,0.4572,-0.519,0.83
2016,1,14,12,0,0.463,0.605
2016,1,14,18,0,-0.148,0.961666666666667
2016,1,15,0,0,-1.157,1
2016,1,15,6,0,-1.019,0.978333333333333
2016,1,15,12,0.0254,0.991,0.593333333333333
2016,1,15,18,0.4572,1.083,0.55
2016,1,16,0,1.7018,2.074,0.26
2016,1,16,6,4.8768,3.139,0.116666666666667
2016,1,16,12,2.413,2.88,0.11
2016,1,16,18,2.7686,2.509,0.151666666666667
2016,1,17,0,0.381,2.944,0.22
2016,1,17,6,3.9116,3.778,0.118333333333333
2016,1,17,12,5.9182,2.472,0.181666666666667
2016,1,17,18,5.8166,1.5,0.275
2016,1,18,0,4.826,1.389,0.331666666666667
2016,1,18,6,0.889,1.722,0.328333333333333
2016,1,18,12,0.508,2.87,0.22
2016,1,18,18,2.7178,2.62,0.355
2016,1,19,0,1.3716,1.324,0.463333333333333
2016,1,19,6,0,1.009,0.615
2016,1,19,12,0.381,2.528,0.353333333333333
2016,1,19,18,2.2098,0.481,0.515
2016,1,20,0,1.0922,-0.389,0.73
2016,1,20,6,0.3302,0.444,0.623333333333333
2016,1,20,12,0,1.954,0.345
2016,1,20,18,1.1176,3.009,0.263333333333333
2016,1,21,0,9.8552,4.315,0.07
2016,1,21,6,7.62,5.519,0.04
2016,1,21,12,5.7404,6.13,0.0266666666666667
2016,1,21,18,2.8448,6,0.03
2016,1,22,0,2.9718,5.741,0.04
2016,1,22,6,13.1572,4.204,0.065
2016,1,22,12,15.2908,2.602,0.126666666666667
2016,1,22,18,0.9144,2.194,0.246666666666667
2016,1,23,0,0,3.528,0.245
2016,1,23,6,0.8382,2.435,0.285
2016,1,23,12,3.2004,0.796,0.431666666666667
2016,1,23,18,3.9116,0.241,0.556666666666667
2016,1,24,0,3.8354,0.12,0.556666666666667
2016,1,24,6,3.0226,-0.435,0.803333333333333
2016,1,24,12,0.3302,0.565,0.511666666666667
2016,1,24,18,0,0.269,0.721666666666667
2016,1,25,0,0.2286,0,0.981666666666667
2016,1,25,6,0,1.056,0.646666666666667
2016,1,25,12,0.0254,3.148,0.146666666666667
2016,1,25,18,0,3.065,0.14
2016,1,26,0,1.397,5.648,0.0433333333333333
2016,1,26,6,14.3002,5.657,0.03
2016,1,26,12,6.0706,5.194,0.0383333333333333
2016,1,26,18,2.2352,5.704,0.0333333333333333
2016,1,27,0,2.3876,6.62,0.0316666666666667
2016,1,27,6,1.1684,6.769,0.0233333333333333
2016,1,27,12,3.4544,7.222,0.0283333333333333
2016,1,27,18,20.3454,6.556,0.0283333333333333
2016,1,28,0,25.2984,6.194,0.0283333333333333
2016,1,28,6,17.1196,4.352,0.0566666666666667
2016,1,28,12,4.2164,2.278,0.181666666666667
2016,1,28,18,1.651,0.62,0.496666666666667
2016,1,29,0,0.3302,1.083,0.598333333333333
2016,1,29,6,2.6162,1.528,0.431666666666667
2016,1,29,12,7.6708,0.139,0.605
2016,1,29,18,3.6322,-0.991,0.81
2016,1,30,0,5.5118,-1.806,0.933333333333333
2016,1,30,6,4.7752,-2.111,0.97
2016,1,30,12,3.3528,-1.222,0.888333333333333
2016,1,30,18,1.905,-1.676,0.95
2016,1,31,0,1.2954,-2.028,0.996666666666667
2016,1,31,6,1.016,-1.676,0.96
2016,1,31,12,2.8194,-1.389,0.893333333333333
2016,1,31,18,3.7592,-2,0.975
2016,2,1,0,1.1938,-3.028,0.993333333333333
2016,2,1,6,0.5842,-3.074,0.991666666666667
2016,2,1,12,1.0414,-1.917,0.938333333333333
2016,2,1,18,0.508,-3.231,0.998333333333333
2016,2,2,0,0.254,-3.148,1
2016,2,2,6,0,-1.667,0.961666666666667
2016,2,2,12,0.2794,-0.333,0.793333333333333
2016,2,2,18,0.8636,-1.546,0.998333333333333
2016,2,3,0,0.5842,-1.278,0.998333333333333
2016,2,3,6,0.127,0.111,0.825
2016,2,3,12,3.8354,1.676,0.37
2016,2,3,18,7.3152,0.806,0.468333333333333
2016,2,4,0,4.3688,-0.009,0.641666666666667
2016,2,4,6,3.81,0.296,0.593333333333333
2016,2,4,12,2.0828,1.333,0.43
2016,2,4,18,2.4638,2.722,0.208333333333333
2016,2,5,0,0.6858,3.926,0.195
2016,2,5,6,0.9652,5.046,0.0833333333333333
2016,2,5,12,9.1694,5.167,0.123333333333333
2016,2,5,18,7.7216,1.565,0.28
2016,2,6,0,3.7084,-0.37,0.676666666666667
2016,2,6,6,3.9878,-0.639,0.746666666666667
2016,2,6,12,0.4826,0.287,0.69
2016,2,6,18,0,-0.824,0.921666666666667
2016,2,7,0,0,0.815,0.908333333333333
2016,2,7,6,0,2.806,0.471666666666667
2016,2,7,12,0,5.926,0.0183333333333333
2016,2,7,18,0,7.38,0.00833333333333333
2016,2,8,0,0,8.509,0.00333333333333333
2016,2,8,6,0,9.759,0.005
2016,2,8,12,0,11.787,0.0133333333333333
2016,2,8,18,0,11.574,0.0483333333333333
2016,2,9,0,0,12.417,0.0433333333333333
2016,2,9,6,0,12.324,0.0183333333333333
2016,2,9,12,0,11.62,0.0116666666666667
2016,2,9,18,0,9.944,0.0333333333333333
2016,2,10,0,0.0762,8.796,0.05
2016,2,10,6,3.4798,7.769,0.0516666666666667
2016,2,10,12,4.191,5.056,0.0516666666666667
2016,2,10,18,2.2352,4.259,0.0566666666666667
2016,2,11,0,0,3.852,0.198333333333333
2016,2,11,6,0.1778,6.889,0.0816666666666667
2016,2,11,12,4.0894,6.815,0.0283333333333333
2016,2,11,18,10.2108,6.463,0.0216666666666667
2016,2,12,0,12.8016,6.222,0.0216666666666667
2016,2,12,6,15.113,5.685,0.035
2016,2,12,12,10.7696,3.981,0.0666666666666667
2016,2,12,18,12.7,2.157,0.175
2016,2,13,0,12.573,1.157,0.358333333333333
2016,2,13,6,7.2136,0.796,0.485
2016,2,13,12,8.2296,1.491,0.42
2016,2,13,18,7.8232,1.852,0.285
2016,2,14,0,4.2418,2.343,0.123333333333333
2016,2,14,6,5.2324,3.111,0.075
2016,2,14,12,9.0678,4.278,0.05
2016,2,14,18,15.0368,3.88,0.0533333333333333
2016,2,15,0,12.065,3.259,0.0616666666666667
2016,2,15,6,9.6774,2.88,0.0816666666666667
2016,2,15,12,9.7028,3.333,0.0766666666666667
2016,2,15,18,19.1262,3.602,0.0733333333333333
2016,2,16,0,3.6068,2.583,0.125
2016,2,16,6,1.6002,2.546,0.156666666666667
2016,2,16,12,2.1082,3.694,0.1
2016,2,16,18,2.286,3.287,0.248333333333333
2016,2,17,0,8.0264,5.213,0.0683333333333333
2016,2,17,6,1.6002,6.296,0.0433333333333333
2016,2,17,12,1.0922,6.759,0.04
2016,2,17,18,2.8194,5.306,0.0516666666666667
2016,2,18,0,6.4008,1.926,0.221666666666667
2016,2,18,6,3.2766,1.426,0.371666666666667
2016,2,18,12,0.7366,1.731,0.39
2016,2,18,18,0.6604,0.963,0.555
2016,2,19,0,2.3114,1.231,0.465
2016,2,19,6,3.7592,2.287,0.243333333333333
2016,2,19,12,7.3406,2.5,0.226666666666667
2016,2,19,18,12.0396,-0.213,0.646666666666667
2016,2,20,0,6.6294,-1.472,0.916666666666667
2016,2,20,6,4.1656,-1.278,0.871666666666667
2016,2,20,12,0.4318,0.296,0.625
2016,2,20,18,0,-0.361,0.861666666666667
2016,2,21,0,0,0.454,0.998333333333333
2016,2,21,6,0,2.157,0.726666666666667
2016,2,21,12,2.7686,2.009,0.468333333333333
2016,2,21,18,2.1844,-0.083,0.595
2016,2,22,0,0.7874,-0.583,0.806666666666667
2016,2,22,6,0.1778,-0.528,0.771666666666667
2016,2,22,12,0,0.676,0.503333333333333
2016,2,22,18,0,-0.231,0.798333333333333
2016,2,23,0,0,-0.12,1
2016,2,23,6,0,1.389,0.82
2016,2,23,12,0,4.463,0.306666666666667
2016,2,23,18,0,3.935,0.486666666666667
2016,2,24,0,0,4.333,0.338333333333333
2016,2,24,6,0,5.176,0.238333333333333
2016,2,24,12,0,6.611,0.0666666666666667
2016,2,24,18,0,4.676,0.0933333333333333
2016,2,25,0,0,3.963,0.12
2016,2,25,6,0,5.602,0.0616666666666667
2016,2,25,12,0,8.417,0.0316666666666667
2016,2,25,18,0,7.704,0.0516666666666667
2016,2,26,0,0,7.148,0.0633333333333333
2016,2,26,6,0,7.843,0.0466666666666667
2016,2,26,12,0.1778,7.963,0.035
2016,2,26,18,0.8382,3.759,0.0716666666666667
2016,2,27,0,0.6096,2.824,0.0883333333333333
2016,2,27,6,1.7526,3.074,0.095
2016,2,27,12,1.143,4.148,0.0766666666666667
2016,2,27,18,0.4318,3.009,0.16
2016,2,28,0,2.3622,3.231,0.246666666666667
2016,2,28,6,3.7338,3.444,0.101666666666667
2016,2,28,12,5.7912,1.426,0.311666666666667
2016,2,28,18,7.3152,-0.093,0.605
2016,2,29,0,3.3782,-0.574,0.741666666666667
2016,2,29,6,1.0922,0.148,0.685
2016,2,29,12,0,1.981,0.333333333333333
2016,2,29,18,0.0762,1.833,0.508333333333333
2016,3,1,0,2.3114,2.509,0.306666666666667
2016,3,1,6,17.7292,3.935,0.0833333333333333
2016,3,1,12,13.0048,3.907,0.0883333333333333
2016,3,1,18,4.064,0.889,0.503333333333333
2016,3,2,0,5.5372,0.981,0.423333333333333
2016,3,2,6,2.794,2.241,0.24
2016,3,2,12,0.2032,4.787,0.0933333333333333
2016,3,2,18,6.8834,4.759,0.0733333333333333
2016,3,3,0,8.89,3.519,0.075
2016,3,3,6,6.604,2.806,0.121666666666667
2016,3,3,12,2.6924,3.574,0.101666666666667
2016,3,3,18,0,3.185,0.19
2016,3,4,0,0,3.815,0.16
2016,3,4,6,0,5.343,0.0866666666666667
2016,3,4,12,1.7272,5.028,0.0733333333333333
2016,3,4,18,1.778,3.852,0.0766666666666667
2016,3,5,0,7.5184,4.907,0.0583333333333333
2016,3,5,6,4.0386,4.537,0.0616666666666667
2016,3,5,12,0.1016,6.769,0.07
2016,3,5,18,2.5146,6.722,0.0566666666666667
2016,3,6,0,7.366,5,0.0583333333333333
2016,3,6,6,5.6388,2.028,0.263333333333333
2016,3,6,12,5.08,2.611,0.29
2016,3,6,18,1.2192,1.426,0.55
2016,3,7,0,0.5588,1.398,0.565
2016,3,7,6,1.7526,0.778,0.528333333333333
2016,3,7,12,6.5024,0.324,0.581666666666667
2016,3,7,18,2.159,-0.139,0.696666666666667
2016,3,8,0,2.3622,-0.759,0.86
2016,3,8,6,0,-0.065,0.766666666666667
2016,3,8,12,0.127,1.648,0.466666666666667
2016,3,8,18,0.3048,0.315,0.74
2016,3,9,0,1.9304,-0.111,0.786666666666667
2016,3,9,6,0.2286,1.981,0.503333333333333
2016,3,9,12,6.0198,3.102,0.25
2016,3,9,18,17.7546,3.583,0.135
2016,3,10,0,7.3152,4.028,0.0633333333333333
2016,3,10,6,5.3594,2.361,0.2
2016,3,10,12,3.7846,1.88,0.278333333333333
2016,3,10,18,6.4008,0.981,0.471666666666667
2016,3,11,0,0,1.176,0.728333333333333
2016,3,11,6,0,3.87,0.513333333333333
2016,3,11,12,3.3528,4.917,0.09
2016,3,11,18,3.3528,3.824,0.0783333333333333
2016,3,12,0,4.0894,3,0.11
2016,3,12,6,2.5654,1.519,0.393333333333333
2016,3,12,12,4.6228,1.019,0.541666666666667
2016,3,12,18,6.223,-0.639,0.808333333333333
2016,3,13,0,0.7366,-0.694,0.916666666666667
2016,3,13,6,0.2286,1.231,0.593333333333333
2016,3,13,12,5.2832,1.296,0.466666666666667
2016,3,13,18,9.2964,-1.13,0.848333333333333
2016,3,14,0,4.7752,-1.731,0.946666666666667
2016,3,14,6,4.3434,-1.444,0.885
2016,3,14,12,4.953,0.241,0.63
2016,3,14,18,7.3152,-1.139,0.845
2016,3,15,0,3.3274,-2.009,0.968333333333333
2016,3,15,6,2.667,-1.074,0.85
2016,3,15,12,0.9144,0.306,0.575
2016,3,15,18,0.5334,-0.944,0.853333333333333
2016,3,16,0,3.0734,-1.157,0.871666666666667
2016,3,16,6,0.127,-0.843,0.791666666666667
2016,3,16,12,0,0.222,0.628333333333333
2016,3,16,18,0,-1.602,0.98
2016,3,17,0,0,-1.981,1
2016,3,17,6,0,0.426,0.915
2016,3,17,12,0,3.556,0.555
2016,3,17,18,0,2.13,0.92
2016,3,18,0,0,1.389,1
2016,3,18,6,0,3.843,0.725
2016,3,18,12,0,6.287,0.251666666666667
2016,3,18,18,0,5.13,0.348333333333333
2016,3,19,0,0,4.685,0.508333333333333
2016,3,19,6,0,6.546,0.165
2016,3,19,12,0,8.287,0.0283333333333333
2016,3,19,18,0,7.315,0.0316666666666667
2016,3,20,0,0.0762,7.287,0.0333333333333333
2016,3,20,6,0.2794,7.537,0.0316666666666667
2016,3,20,12,1.6764,6.491,0.0383333333333333
2016,3,20,18,0.6096,4.648,0.0583333333333333
2016,3,21,0,0.3302,3.167,0.136666666666667
2016,3,21,6,0.8382,4.056,0.1
2016,3,21,12,2.3622,4.759,0.0733333333333333
2016,3,21,18,4.3434,3.083,0.135
2016,3,22,0,3.7846,1.491,0.283333333333333
2016,3,22,6,1.7272,1.935,0.261666666666667
2016,3,22,12,2.0574,2.889,0.138333333333333
2016,3,22,18,4.1402,2.324,0.221666666666667
2016,3,23,0,4.445,1.63,0.265
2016,3,23,6,1.6764,2.111,0.248333333333333
2016,3,23,12,5.3594,3.157,0.153333333333333
2016,3,23,18,9.1694,2.759,0.165
2016,3,24,0,7.874,0.028,0.575
2016,3,24,6,5.0546,-0.028,0.596666666666667
2016,3,24,12,4.8768,0.806,0.43
2016,3,24,18,6.223,-0.074,0.641666666666667
2016,3,25,0,7.0866,-0.472,0.718333333333333
2016,3,25,6,2.413,0.38,0.568333333333333
2016,3,25,12,3.175,2.667,0.17
2016,3,25,18,0.4572,1.296,0.491666666666667
2016,3,26,0,0,1.167,0.751666666666667
2016,3,26,6,0,2.981,0.51
2016,3,26,12,0,5.463,0.0833333333333333
2016,3,26,18,1.6764,4.13,0.09
2016,3,27,0,5.969,2.315,0.18
2016,3,27,6,13.5636,0.889,0.393333333333333
2016,3,27,12,3.1496,0.954,0.453333333333333
2016,3,27,18,2.2098,0.019,0.681666666666667
2016,3,28,0,1.5494,-0.435,0.731666666666667
2016,3,28,6,1.1938,1.111,0.503333333333333
2016,3,28,12,0,3.981,0.115
2016,3,28,18,0.0254,3.556,0.21
2016,3,29,0,0.1016,2.731,0.606666666666667
2016,3,29,6,0,5.509,0.228333333333333
2016,3,29,12,0,9.148,0.035
2016,3,29,18,0,8.481,0.0366666666666667
2016,3,30,0,0,8.167,0.03
2016,3,30,6,0,9.676,0.0166666666666667
2016,3,30,12,0,11.806,0
2016,3,30,18,0,10.398,0.0133333333333333
2016,3,31,0,0,9.13,0.0366666666666667
2016,3,31,6,0,10.417,0.00666666666666667
2016,3,31,12,0,12.574,0
2016,3,31,18,0,10.787,0.00166666666666667
2016,4,1,0,0,8.954,0.00833333333333333
2016,4,1,6,0,10.037,0.00333333333333333
2016,4,1,12,0,11.648,0
2016,4,1,18,0,9.75,0.00833333333333333
2016,4,2,0,0,7.759,0.0233333333333333
2016,4,2,6,0,7.13,0.0233333333333333
2016,4,2,12,0,8.287,0.015
2016,4,2,18,0,6.509,0.0383333333333333
2016,4,3,0,0,5.694,0.0383333333333333
2016,4,3,6,0,7.565,0.02
2016,4,3,12,0,10.954,0.01
2016,4,3,18,1.7526,9.056,0.03
2016,4,4,0,6.223,4.417,0.06
2016,4,4,6,7.366,2.222,0.188333333333333
2016,4,4,12,2.1336,2.63,0.175
2016,4,4,18,0.6858,1.111,0.413333333333333
2016,4,5,0,0.6096,0.824,0.481666666666667
2016,4,5,6,0,1.889,0.261666666666667
2016,4,5,12,0,3.648,0.0833333333333333
2016,4,5,18,0,3.537,0.075
2016,4,6,0,0,3.75,0.0466666666666667
2016,4,6,6,0,6.028,0.0183333333333333
2016,4,6,12,0,9.648,0
2016,4,6,18,0,10.352,0.00166666666666667
2016,4,7,0,0,10.889,0.00833333333333333
2016,4,7,6,0,13.981,0
2016,4,7,12,0,17.583,0
2016,4,7,18,0,15.491,0
2016,4,8,0,0,13.676,0
2016,4,8,6,0,14.528,0.00166666666666667
2016,4,8,12,0,15.194,0
2016,4,8,18,0,11.037,0.01
2016,4,9,0,0,8.398,0.04
2016,4,9,6,0,9.148,0.02
2016,4,9,12,0,10.333,0
2016,4,9,18,0,8.796,0.00333333333333333
2016,4,10,0,0,6.87,0.0316666666666667
2016,4,10,6,0,6.037,0.02
2016,4,10,12,0,7.296,0
2016,4,10,18,0,6.111,0.00833333333333333
2016,4,11,0,0.0254,4.213,0.045
2016,4,11,6,0,3.787,0.04
2016,4,11,12,0.1016,4.75,0.0416666666666667
2016,4,11,18,0,4.157,0.045
2016,4,12,0,0.0254,3.176,0.0866666666666667
2016,4,12,6,1.1938,3.907,0.121666666666667
2016,4,12,12,8.9662,4.491,0.075
2016,4,12,18,6.604,2.602,0.175
2016,4,13,0,3.2512,1.019,0.396666666666667
2016,4,13,6,0,2.037,0.303333333333333
2016,4,13,12,0,4.528,0.125
2016,4,13,18,0,3.843,0.148333333333333
2016,4,14,0,0.3048,3.333,0.201666666666667
2016,4,14,6,3.2512,2.611,0.176666666666667
2016,4,14,12,1.9812,3.13,0.105
2016,4,14,18,0.4064,3.444,0.101666666666667
2016,4,15,0,0.2032,2.574,0.125
2016,4,15,6,0,3.361,0.09
2016,4,15,12,0,4.417,0.06
2016,4,15,18,0,3.38,0.105
2016,4,16,0,0,3.185,0.133333333333333
2016,4,16,6,0,6.194,0.05
2016,4,16,12,0,9.778,0.0133333333333333
2016,4,16,18,0,8.926,0.0183333333333333
2016,4,17,0,0,8.546,0.0283333333333333
2016,4,17,6,0,11.852,0
2016,4,17,12,0,16.194,0
2016,4,17,18,0,14.565,0.00166666666666667
2016,4,18,0,0,14.056,0
2016,4,18,6,0,16.167,0
2016,4,18,12,0,18.398,0
2016,4,18,18,0,16.241,0
2016,4,19,0,0,14.731,0
2016,4,19,6,0,15.815,0
2016,4,19,12,0,17.796,0
2016,4,19,18,0,15.694,0
2016,4,20,0,0,14.12,0
2016,4,20,6,0,16.13,0
2016,4,20,12,0,18.833,0
2016,4,20,18,0,15.602,0
2016,4,21,0,0.381,11.287,0.00166666666666667
2016,4,21,6,0.4826,11.759,0
2016,4,21,12,0.1016,12.37,0
2016,4,21,18,0.4826,10.981,0
2016,4,22,0,0,9.602,0.00333333333333333
2016,4,22,6,0.1778,9.583,0
2016,4,22,12,2.032,8.194,0.00833333333333333
2016,4,22,18,0.5334,6.194,0.03
2016,4,23,0,0.8382,5.324,0.035
2016,4,23,6,2.4638,5.269,0.04
2016,4,23,12,0.0508,5.972,0.0383333333333333
2016,4,23,18,3.1242,5.315,0.045
2016,4,24,0,5.9436,3.565,0.0833333333333333
2016,4,24,6,3.937,2.991,0.115
2016,4,24,12,4.5466,3.139,0.135
2016,4,24,18,2.3876,2,0.253333333333333
2016,4,25,0,0.508,1.241,0.366666666666667
2016,4,25,6,0,2.13,0.275
2016,4,25,12,0,3.787,0.108333333333333
2016,4,25,18,0,3.157,0.171666666666667
2016,4,26,0,0,2.019,0.39
2016,4,26,6,0,3.37,0.17
2016,4,26,12,0,5.241,0.0483333333333333
2016,4,26,18,0,4.157,0.0666666666666667
2016,4,27,0,0,3.213,0.14
2016,4,27,6,0.0508,4.63,0.0583333333333333
2016,4,27,12,0,6.074,0.0383333333333333
2016,4,27,18,0,5.565,0.0366666666666667
2016,4,28,0,0,4.787,0.035
2016,4,28,6,0,6.074,0.03
2016,4,28,12,0,7.287,0.0216666666666667
2016,4,28,18,0,5.574,0.0366666666666667
2016,4,29,0,0.127,4.176,0.0583333333333333
2016,4,29,6,0.8636,3.917,0.07
2016,4,29,12,0.254,5.352,0.0583333333333333
2016,4,29,18,0.127,4.806,0.0716666666666667
2016,4,30,0,0,3.157,0.156666666666667
2016,4,30,6,0,7.065,0.04
2016,4,30,12,0,10.019,0.00333333333333333
2016,4,30,18,0,8.491,0.0116666666666667
2016,5,1,0,0,7.972,0.0316666666666667
2016,5,1,6,0,11.963,0.0133333333333333
2016,5,1,12,0,15.157,0
2016,5,1,18,0,13.259,0.00166666666666667
2016,5,2,0,0,11.019,0.01
2016,5,2,6,0,14.565,0.00166666666666667
2016,5,2,12,0,17.954,0
2016,5,2,18,0,14.602,0
2016,5,3,0,0,11.843,0.00333333333333333
2016,5,3,6,0,12.852,0
2016,5,3,12,0,13.259,0
2016,5,3,18,0,9.685,0.00166666666666667
2016,5,4,0,0,7.38,0.00333333333333333
2016,5,4,6,0.5842,6.704,0.005
2016,5,4,12,0.2032,8.611,0
2016,5,4,18,0.127,7.009,0.00166666666666667
2016,5,5,0,0,5.704,0.015
2016,5,5,6,0,8.185,0.0116666666666667
2016,5,5,12,0,11.157,0
2016,5,5,18,0,10,0.00333333333333333
2016,5,6,0,0,8.963,0.0266666666666667
2016,5,6,6,0,13.315,0.00166666666666667
2016,5,6,12,0,16.435,0
2016,5,6,18,0,14.046,0
2016,5,7,0,0,12.204,0
2016,5,7,6,0,14.991,0
2016,5,7,12,0,16.139,0
2016,5,7,18,0,11.361,0
2016,5,8,0,0.0762,6.444,0.00833333333333333
2016,5,8,6,0.762,5.046,0.0466666666666667
2016,5,8,12,0.0254,6.852,0.045
2016,5,8,18,0.762,4.333,0.09
2016,5,9,0,0,2.861,0.225
2016,5,9,6,0,6.287,0.0583333333333333
2016,5,9,12,0,9.046,0.0283333333333333
2016,5,9,18,0,6.972,0.0383333333333333
2016,5,10,0,0,5.63,0.05
2016,5,10,6,0,9.62,0.0316666666666667
2016,5,10,12,0,12.37,0.00166666666666667
2016,5,10,18,0,9.509,0.00833333333333333
2016,5,11,0,0,8.083,0.0316666666666667
2016,5,11,6,0,11.231,0.00833333333333333
2016,5,11,12,0,13.037,0
2016,5,11,18,0,10.38,0.0116666666666667
2016,5,12,0,0,7.907,0.0183333333333333
2016,5,12,6,0,10.361,0.01
2016,5,12,12,0,12.472,0
2016,5,12,18,0,10.25,0.00166666666666667
2016,5,13,0,0,9.083,0.0166666666666667
2016,5,13,6,0,12.852,0.00166666666666667
2016,5,13,12,0,16.667,0
2016,5,13,18,0,14.083,0
2016,5,14,0,0,11.704,0.00166666666666667
2016,5,14,6,0,13.787,0
2016,5,14,12,0,12.806,0
2016,5,14,18,0,8.898,0
2016,5,15,0,0,6.963,0
2016,5,15,6,0,7.926,0
2016,5,15,12,0,8.667,0
2016,5,15,18,0,7.083,0
2016,5,16,0,0,6.352,0.005
2016,5,16,6,0,7.333,0.00166666666666667
2016,5,16,12,0,8.593,0
2016,5,16,18,0,7.204,0
2016,5,17,0,0,6.472,0
2016,5,17,6,0,9.148,0
2016,5,17,12,0,11.694,0
2016,5,17,18,0,10.148,0
2016,5,18,0,0,8.37,0
2016,5,18,6,0.4318,9.991,0
2016,5,18,12,1.778,8.306,0.01
2016,5,18,18,6.1214,5.324,0.04
2016,5,19,0,3.7338,3.083,0.0883333333333333
2016,5,19,6,2.7686,3.25,0.103333333333333
2016,5,19,12,0.6858,5.083,0.065
2016,5,19,18,0.1016,4.009,0.065
2016,5,20,0,1.4732,3.685,0.0666666666666667
2016,5,20,6,0,5.87,0.05
2016,5,20,12,0,8.593,0.0233333333333333
2016,5,20,18,0,7.574,0.025
2016,5,21,0,0.2032,7.176,0.0133333333333333
2016,5,21,6,1.3716,6.889,0.0283333333333333
2016,5,21,12,0.8636,7.556,0.0266666666666667
2016,5,21,18,2.667,5.898,0.0333333333333333
2016,5,22,0,1.905,4.833,0.0383333333333333
2016,5,22,6,1.4224,5.343,0.0416666666666667
2016,5,22,12,0.7112,7.333,0.035
2016,5,22,18,0.3556,5.87,0.0416666666666667
2016,5,23,0,1.0414,4.926,0.0466666666666667
2016,5,23,6,2.413,5.435,0.04
2016,5,23,12,0.1016,7.093,0.0216666666666667
2016,5,23,18,0,6.361,0.0133333333333333
2016,5,24,0,0,5.889,0.0116666666666667
2016,5,24,6,0,7.556,0.00666666666666667
2016,5,24,12,0,8.648,0
2016,5,24,18,0,7.657,0.00166666666666667
2016,5,25,0,0,6.287,0.005
2016,5,25,6,0,8.389,0
2016,5,25,12,0,9.731,0
2016,5,25,18,0,7.472,0.00666666666666667
2016,5,26,0,0,5.417,0.0266666666666667
2016,5,26,6,0,5.741,0.035
2016,5,26,12,0.1016,6.315,0.0383333333333333
2016,5,26,18,0.1524,4.074,0.0683333333333333
2016,5,27,0,0.7112,2.435,0.173333333333333
2016,5,27,6,2.0066,3.407,0.108333333333333
2016,5,27,12,2.2606,5.361,0.0633333333333333
2016,5,27,18,1.2446,3.852,0.118333333333333
2016,5,28,0,2.921,2.731,0.136666666666667
2016,5,28,6,4.5212,4.454,0.0683333333333333
2016,5,28,12,4.8768,6.491,0.0333333333333333
2016,5,28,18,5.6642,6.315,0.03
2016,5,29,0,4.1402,5.352,0.0316666666666667
2016,5,29,6,1.9304,5.454,0.045
2016,5,29,12,1.143,6.991,0.04
2016,5,29,18,0.0508,5.296,0.0533333333333333
2016,5,30,0,0,3.861,0.0666666666666667
2016,5,30,6,0,8,0.0166666666666667
2016,5,30,12,0,11.417,0
2016,5,30,18,0,9.537,0
2016,5,31,0,0,8.824,0
2016,5,31,6,0,13.009,0
2016,5,31,12,0,15.954,0
2016,5,31,18,0,13.028,0
2016,6,1,0,0,10.324,0
2016,6,1,6,0,12.12,0
2016,6,1,12,0.4064,12.861,0
2016,6,1,18,5.2832,9.63,0
2016,6,2,0,6.4262,8.222,0.00166666666666667
2016,6,2,6,2.032,7.426,0.0116666666666667
2016,6,2,12,0.6858,8.917,0.00333333333333333
2016,6,2,18,0.127,8,0.005
2016,6,3,0,0.2286,7.593,0
2016,6,3,6,0,11.102,0
2016,6,3,12,0,15.491,0
2016,6,3,18,0,13.815,0
2016,6,4,0,0,13,0
2016,6,4,6,0,17.315,0
2016,6,4,12,0,20.333,0
2016,6,4,18,0,18.167,0
2016,6,5,0,0,17.028,0
2016,6,5,6,0,19.806,0
2016,6,5,12,0,22.509,0
2016,6,5,18,0,18.25,0
2016,6,6,0,0,14.75,0
2016,6,6,6,0,17.204,0
2016,6,6,12,0,18.657,0
2016,6,6,18,0,14.991,0
2016,6,7,0,0,12.491,0
2016,6,7,6,0,15.593,0
2016,6,7,12,0,17.731,0
2016,6,7,18,0,14.454,0
2016,6,8,0,0,12.093,0
2016,6,8,6,0,13.009,0
2016,6,8,12,0,11.306,0
2016,6,8,18,0,7.185,0.0116666666666667
2016,6,9,0,0.0762,4.907,0.0333333333333333
2016,6,9,6,0.127,6.463,0.0416666666666667
2016,6,9,12,0.762,7.954,0.03
2016,6,9,18,0.0508,6.88,0.0283333333333333
2016,6,10,0,0.762,5.602,0.0266666666666667
2016,6,10,6,0.6096,5.537,0.05
2016,6,10,12,0.6096,7.278,0.0383333333333333
2016,6,10,18,0.3302,5.352,0.045
2016,6,11,0,0.508,4.037,0.0583333333333333
2016,6,11,6,0.381,5.139,0.055
2016,6,11,12,0.127,6.204,0.0383333333333333
2016,6,11,18,0,5.593,0.035
2016,6,12,0,0,4.694,0.0383333333333333
2016,6,12,6,0.0254,7.269,0.015
2016,6,12,12,0,9.62,0.00166666666666667
2016,6,12,18,0,7.722,0.005
2016,6,13,0,0.0254,6.593,0.0233333333333333
2016,6,13,6,2.1336,6.583,0.03
2016,6,13,12,2.1844,5.806,0.04
2016,6,13,18,2.9972,3.898,0.075
2016,6,14,0,1.27,2.028,0.251666666666667
2016,6,14,6,3.1496,3.62,0.12
2016,6,14,12,1.6256,4.898,0.0783333333333333
2016,6,14,18,1.4224,3.491,0.103333333333333
2016,6,15,0,0.635,2.287,0.185
2016,6,15,6,0,4.278,0.1
2016,6,15,12,0,6.278,0.055
2016,6,15,18,0,5.019,0.0616666666666667
2016,6,16,0,0,2.796,0.216666666666667
2016,6,16,6,0,5.537,0.0683333333333333
2016,6,16,12,0,7.75,0.0383333333333333
2016,6,16,18,0,6.093,0.05
2016,6,17,0,0,3.954,0.105
2016,6,17,6,0.0762,8.806,0.04
2016,6,17,12,0,11.954,0.00666666666666667
2016,6,17,18,0.0254,9.231,0.00666666666666667
2016,6,18,0,1.5494,7.13,0.0133333333333333
2016,6,18,6,2.921,6.88,0.015
2016,6,18,12,7.7216,5.944,0.04
2016,6,18,18,1.5494,5.139,0.04
2016,6,19,0,0.3302,4.426,0.055
2016,6,19,6,0,6.565,0.02
2016,6,19,12,0,10.204,0
2016,6,19,18,0,10.194,0
2016,6,20,0,0,9.519,0.00333333333333333
2016,6,20,6,0,12.787,0
2016,6,20,12,0,13.991,0
2016,6,20,18,0,10.38,0.00166666666666667
2016,6,21,0,0,7.694,0.01
2016,6,21,6,0,8.361,0.00166666666666667
2016,6,21,12,0,10.556,0
2016,6,21,18,0,8.787,0.00166666666666667
2016,6,22,0,0,8.056,0
2016,6,22,6,0,10.787,0
2016,6,22,12,0,12.907,0
2016,6,22,18,0.127,10.546,0
2016,6,23,0,1.6764,7.648,0.00833333333333333
2016,6,23,6,1.3462,8.843,0.01
2016,6,23,12,2.921,9.065,0.00666666666666667
2016,6,23,18,4.2164,7.12,0.015
2016,6,24,0,1.397,5.111,0.0383333333333333
2016,6,24,6,0.0762,5.935,0.0366666666666667
2016,6,24,12,0,8.343,0.015
2016,6,24,18,0,7.407,0.01
2016,6,25,0,0,6.963,0
2016,6,25,6,0,8.731,0
2016,6,25,12,0,11.065,0
2016,6,25,18,0,9.463,0
2016,6,26,0,0,8.685,0.00166666666666667
2016,6,26,6,0,13.454,0
2016,6,26,12,0,16.639,0
2016,6,26,18,0,14.889,0
2016,6,27,0,0,13.88,0
2016,6,27,6,0,17.12,0
2016,6,27,12,0,18.657,0
2016,6,27,18,0,14.722,0
2016,6,28,0,0,11.898,0
2016,6,28,6,0,14.824,0
2016,6,28,12,0,16.907,0
2016,6,28,18,0,13.861,0
2016,6,29,0,0,11.583,0
2016,6,29,6,0,14.056,0
2016,6,29,12,0,15.509,0
2016,6,29,18,0,12.398,0
2016,6,30,0,0,9.75,0
2016,6,30,6,0,11.491,0
2016,6,30,12,0,13.074,0
2016,6,30,18,0,10.907,0
2016,7,1,0,0,9.12,0
2016,7,1,6,0,11.481,0
2016,7,1,12,0,13.278,0
2016,7,1,18,0,11.065,0
2016,7,2,0,0,9.806,0
2016,7,2,6,0,11.972,0
2016,7,2,12,0,14.167,0
2016,7,2,18,0,11.13,0
2016,7,3,0,0.1016,8.241,0
2016,7,3,6,0.3302,8.296,0
2016,7,3,12,0,10.435,0
2016,7,3,18,0,8.222,0.01
2016,7,4,0,0.635,6.889,0.0116666666666667
2016,7,4,6,1.2954,7.306,0.02
2016,7,4,12,1.2192,8.463,0.0133333333333333
2016,7,4,18,0.3048,7.333,0.0116666666666667
2016,7,5,0,0.7366,6.296,0.0133333333333333
2016,7,5,6,1.4986,7.231,0.0183333333333333
2016,7,5,12,0.8382,8.241,0.0183333333333333
2016,7,5,18,0.2286,7.426,0.00833333333333333
2016,7,6,0,0.0762,6.574,0.01
2016,7,6,6,0.0508,9.574,0
2016,7,6,12,0,11.75,0
2016,7,6,18,0,10.25,0
2016,7,7,0,0,9.102,0.005
2016,7,7,6,0.8636,11.009,0
2016,7,7,12,0.8636,11.278,0
2016,7,7,18,1.7272,9.917,0
2016,7,8,0,0.889,9.213,0
2016,7,8,6,1.2954,10.667,0
2016,7,8,12,1.27,12.343,0
2016,7,8,18,1.3716,10.472,0
2016,7,9,0,3.937,8.25,0.00666666666666667
2016,7,9,6,0.381,9.12,0.0166666666666667
2016,7,9,12,0.3048,11.176,0.005
2016,7,9,18,0.3556,8.537,0.00833333333333333
2016,7,10,0,0,7.824,0.00833333333333333
2016,7,10,6,0.3048,8.88,0.00333333333333333
2016,7,10,12,0.6858,10.389,0
2016,7,10,18,0.508,9.074,0
2016,7,11,0,0.3048,7.833,0
2016,7,11,6,0.0762,8.75,0
2016,7,11,12,0,10.815,0
2016,7,11,18,0,9.241,0
2016,7,12,0,0.0762,8.315,0
2016,7,12,6,0.2032,10.028,0
2016,7,12,12,0.9398,11.278,0
2016,7,12,18,0.7366,9.602,0
2016,7,13,0,0.3302,8.093,0
2016,7,13,6,0,9.25,0
2016,7,13,12,0,11.639,0
2016,7,13,18,0,9.87,0
2016,7,14,0,0,8.352,0
2016,7,14,6,0,10.556,0
2016,7,14,12,0.5334,11.815,0
2016,7,14,18,2.032,8.574,0.005
2016,7,15,0,0,6.824,0.01
2016,7,15,6,0,9.037,0
2016,7,15,12,0,10.907,0
2016,7,15,18,0,9.852,0
2016,7,16,0,1.4986,9.111,0
2016,7,16,6,0,9.806,0
2016,7,16,12,0,11.685,0
2016,7,16,18,0,10.926,0
2016,7,17,0,0,10.028,0
2016,7,17,6,0.127,12.87,0
2016,7,17,12,2.6416,13.954,0
2016,7,17,18,0.3556,12.546,0
2016,7,18,0,0.4064,10.935,0
2016,7,18,6,0.0508,13.574,0
2016,7,18,12,0.5588,13.574,0
2016,7,18,18,0.127,10.963,0
2016,7,19,0,0,9.62,0
2016,7,19,6,0,10.648,0
2016,7,19,12,0,12.065,0
2016,7,19,18,0,10.093,0
2016,7,20,0,0,8.62,0
2016,7,20,6,0,11.176,0
2016,7,20,12,0,14.028,0
2016,7,20,18,0,13.889,0
2016,7,21,0,0,11.222,0
2016,7,21,6,0,14.981,0
2016,7,21,12,0,17.796,0
2016,7,21,18,0,14.037,0
2016,7,22,0,0,11.093,0
2016,7,22,6,0.0508,10.907,0
2016,7,22,12,0,11.611,0
2016,7,22,18,0,9.528,0
2016,7,23,0,0,8.093,0
2016,7,23,6,0,10.269,0
2016,7,23,12,0,12.074,0
2016,7,23,18,0,10.509,0
2016,7,24,0,0,9.806,0
2016,7,24,6,0,13.889,0
2016,7,24,12,0,17.204,0
2016,7,24,18,0,14.824,0
2016,7,25,0,0,13.12,0
2016,7,25,6,0,16.148,0
2016,7,25,12,0,18.12,0
2016,7,25,18,0,15.009,0
2016,7,26,0,0,12.787,0
2016,7,26,6,0,14.546,0
2016,7,26,12,0,16.315,0
2016,7,26,18,0,13.62,0
2016,7,27,0,0,11.87,0
2016,7,27,6,0,15.787,0
2016,7,27,12,0,18.204,0
2016,7,27,18,0,15.417,0
2016,7,28,0,0,13.861,0
2016,7,28,6,0,17.333,0
2016,7,28,12,0,19.657,0
2016,7,28,18,0,16.231,0
2016,7,29,0,0,14.278,0
2016,7,29,6,0,17.611,0
2016,7,29,12,0,19.537,0
2016,7,29,18,0,15.426,0
2016,7,30,0,0,11.843,0
2016,7,30,6,0,12.722,0
2016,7,30,12,0,14.398,0
2016,7,30,18,0,11.009,0
2016,7,31,0,0,8.278,0
2016,7,31,6,0,10.167,0
2016,7,31,12,0,12.324,0
2016,7,31,18,0,10.88,0
2016,8,1,0,0,9.324,0
2016,8,1,6,0,12.685,0
2016,8,1,12,0,15.38,0
2016,8,1,18,0,12,0.00166666666666667
2016,8,2,0,0,9.056,0
2016,8,2,6,0,8.954,0
2016,8,2,12,0,9.426,0.00166666666666667
2016,8,2,18,0,8.667,0
2016,8,3,0,0,8.157,0
2016,8,3,6,0,9.593,0
2016,8,3,12,0,12.176,0
2016,8,3,18,0,11.574,0
2016,8,4,0,0,9.907,0
2016,8,4,6,0,13.324,0
2016,8,4,12,0,16.093,0
2016,8,4,18,0,13.167,0
2016,8,5,0,0,10.954,0
2016,8,5,6,0,13.306,0
2016,8,5,12,0,14.213,0
2016,8,5,18,0,10.509,0
2016,8,6,0,0,7.944,0
2016,8,6,6,0,9.759,0
2016,8,6,12,0,11.759,0
2016,8,6,18,0,9.324,0
2016,8,7,0,0,7.87,0
2016,8,7,6,0,9.093,0
2016,8,7,12,0,10.389,0
2016,8,7,18,0,8.639,0.00166666666666667
2016,8,8,0,0.127,7.602,0
2016,8,8,6,1.8796,9.111,0
2016,8,8,12,0,10.454,0
2016,8,8,18,0,8.676,0
2016,8,9,0,0.0508,8.398,0
2016,8,9,6,0,9.528,0
2016,8,9,12,0,11.009,0
2016,8,9,18,0,9.648,0
2016,8,10,0,0,9.343,0
2016,8,10,6,0,11.509,0
2016,8,10,12,0,13.065,0
2016,8,10,18,0,11.796,0
2016,8,11,0,0,10.88,0
2016,8,11,6,0,15.13,0
2016,8,11,12,0,18,0
2016,8,11,18,0,14.991,0
2016,8,12,0,0,13.806,0
2016,8,12,6,0,17.417,0
2016,8,12,12,0,20.185,0
2016,8,12,18,0,16.991,0
2016,8,13,0,0,14.87,0
2016,8,13,6,0,17.528,0
2016,8,13,12,0,19.926,0
2016,8,13,18,0,15.37,0
2016,8,14,0,0,12.972,0
2016,8,14,6,0,15.296,0
2016,8,14,12,0,17.648,0
2016,8,14,18,0,13.593,0
2016,8,15,0,0,11.944,0
2016,8,15,6,0,15.296,0
2016,8,15,12,0,17.843,0
2016,8,15,18,0,13.944,0
2016,8,16,0,0,12.046,0
2016,8,16,6,0,14.778,0
2016,8,16,12,0,17.741,0
2016,8,16,18,0,13.713,0
2016,8,17,0,0,11.63,0
2016,8,17,6,0,15.167,0
2016,8,17,12,0,18.611,0
2016,8,17,18,0,15.824,0
2016,8,18,0,0,15.491,0
2016,8,18,6,0,18.083,0
2016,8,18,12,0,21.731,0
2016,8,18,18,0,18.315,0
2016,8,19,0,0,16.435,0
2016,8,19,6,0,18.5,0
2016,8,19,12,0,21.731,0
2016,8,19,18,0,17.343,0
2016,8,20,0,0,15.315,0
2016,8,20,6,0,18.231,0
2016,8,20,12,0,20.991,0
2016,8,20,18,0,16.324,0
2016,8,21,0,0,13.343,0
2016,8,21,6,0,14,0
2016,8,21,12,0,13.389,0
2016,8,21,18,0,10.093,0
2016,8,22,0,0,8.426,0
2016,8,22,6,0,8.861,0
2016,8,22,12,0,11.602,0
2016,8,22,18,0,10.593,0
2016,8,23,0,0,9.157,0
2016,8,23,6,0,14.083,0
2016,8,23,12,0,17.806,0
2016,8,23,18,0,15.111,0
2016,8,24,0,0,14.157,0
2016,8,24,6,0,17.639,0
2016,8,24,12,0,21.463,0
2016,8,24,18,0,17.602,0
2016,8,25,0,0,16.324,0
2016,8,25,6,0,19.713,0
2016,8,25,12,0,23.037,0
2016,8,25,18,0,18.593,0
2016,8,26,0,0,15.62,0
2016,8,26,6,0,19.509,0
2016,8,26,12,0,22.778,0
2016,8,26,18,0,18.741,0
2016,8,27,0,0,15.75,0
2016,8,27,6,0,14.38,0
2016,8,27,12,0,14.491,0
2016,8,27,18,0,11.074,0
2016,8,28,0,0,9.75,0
2016,8,28,6,0,11.991,0
2016,8,28,12,0.2794,14.537,0
2016,8,28,18,0,13.704,0
2016,8,29,0,0,12.954,0
2016,8,29,6,0,15.491,0
2016,8,29,12,0,18.898,0
2016,8,29,18,0,14.889,0
2016,8,30,0,0,11.963,0
2016,8,30,6,0,14,0
2016,8,30,12,0,16.037,0
2016,8,30,18,0,12.102,0
2016,8,31,0,0,10.426,0
2016,8,31,6,0.8128,12.574,0
2016,8,31,12,2.8702,13.481,0
2016,8,31,18,9.9822,10.907,0
2016,9,1,0,11.049,9.444,0
2016,9,1,6,0.8128,9.602,0
2016,9,1,12,1.1938,10.593,0
2016,9,1,18,1.5494,8.62,0.00166666666666667
2016,9,2,0,2.5908,7.898,0
2016,9,2,6,4.6736,8.37,0.00333333333333333
2016,9,2,12,0.8636,10.139,0.00166666666666667
2016,9,2,18,0.7112,7.889,0
2016,9,3,0,0.2032,7.435,0.00666666666666667
2016,9,3,6,0.127,8.269,0.00333333333333333
2016,9,3,12,0.1524,9.722,0
2016,9,3,18,0,8.139,0
2016,9,4,0,0,7.194,0.00166666666666667
2016,9,4,6,0.0254,9.472,0
2016,9,4,12,0.7112,10.852,0
2016,9,4,18,0.0762,8.917,0
2016,9,5,0,0.0508,7.991,0
2016,9,5,6,0,8.769,0
2016,9,5,12,0,10.565,0
2016,9,5,18,0.0762,8.306,0
2016,9,6,0,0.2032,8.157,0
2016,9,6,6,0.2032,8.759,0
2016,9,6,12,0,10.824,0
2016,9,6,18,0.6858,9.491,0
2016,9,7,0,0.7874,9.139,0
2016,9,7,6,0.381,9.972,0
2016,9,7,12,2.0828,9.713,0
2016,9,7,18,0.9398,8.444,0
2016,9,8,0,0.7112,8.759,0
2016,9,8,6,0.4826,9.046,0
2016,9,8,12,0.0254,10.593,0
2016,9,8,18,0.0762,8.574,0
2016,9,9,0,0.2794,7.296,0
2016,9,9,6,0,10.926,0
2016,9,9,12,0,15.444,0
2016,9,9,18,0,12.648,0
2016,9,10,0,0,11.704,0
2016,9,10,6,0,12.87,0
2016,9,10,12,0,14.185,0
2016,9,10,18,0,10.75,0
2016,9,11,0,0,8.5,0
2016,9,11,6,0,9.278,0
2016,9,11,12,0,12.444,0
2016,9,11,18,0,9.796,0.00166666666666667
2016,9,12,0,0,8.889,0
2016,9,12,6,0,11.583,0
2016,9,12,12,0,15.426,0
2016,9,12,18,0,11.593,0
2016,9,13,0,0,9.935,0
2016,9,13,6,0,12.972,0
2016,9,13,12,0,16.472,0
2016,9,13,18,0,13.37,0
2016,9,14,0,0,11.583,0
2016,9,14,6,0,14.315,0
2016,9,14,12,0,17.065,0
2016,9,14,18,0,12.954,0
2016,9,15,0,0,10.287,0
2016,9,15,6,0,12.759,0
2016,9,15,12,0,16.361,0
2016,9,15,18,0,12.778,0
2016,9,16,0,0,11.148,0
2016,9,16,6,0,14.009,0
2016,9,16,12,0,16.222,0
2016,9,16,18,0.6858,11.954,0
2016,9,17,0,2.54,10,0
2016,9,17,6,7.5946,10.5,0
2016,9,17,12,9.525,10.657,0
2016,9,17,18,3.5814,8.509,0
2016,9,18,0,0.4318,7.167,0.00333333333333333
2016,9,18,6,0.635,8.194,0.00666666666666667
2016,9,18,12,0.8636,10.407,0.00166666666666667
2016,9,18,18,1.6002,8.25,0
2016,9,19,0,4.8514,7.444,0.00333333333333333
2016,9,19,6,11.303,7.491,0.00333333333333333
2016,9,19,12,3.9624,8.676,0.00666666666666667
2016,9,19,18,0.9906,6.806,0.00333333333333333
2016,9,20,0,0.762,6.491,0.01
2016,9,20,6,0,8.296,0.00333333333333333
2016,9,20,12,0,10.509,0
2016,9,20,18,0,8.481,0
2016,9,21,0,0,7.111,0.00166666666666667
2016,9,21,6,0,9.611,0.00166666666666667
2016,9,21,12,0,12.852,0
2016,9,21,18,0,9.676,0
2016,9,22,0,0,8.111,0.00166666666666667
2016,9,22,6,0,9.565,0.00166666666666667
2016,9,22,12,0,11.611,0
2016,9,22,18,0,8.426,0.00166666666666667
2016,9,23,0,0.9398,7.454,0.00666666666666667
2016,9,23,6,2.7178,8.009,0.005
2016,9,23,12,0.889,8.648,0
2016,9,23,18,2.5146,7.852,0
2016,9,24,0,0.4826,6.824,0.005
2016,9,24,6,0.1524,7.148,0.00333333333333333
2016,9,24,12,0,9.63,0
2016,9,24,18,0.0254,9.074,0
2016,9,25,0,0.4318,9.519,0
2016,9,25,6,0.2286,11.667,0
2016,9,25,12,0,15.463,0
2016,9,25,18,0.0762,13.046,0
2016,9,26,0,0,12.491,0
2016,9,26,6,0,16.296,0
2016,9,26,12,0,19.13,0
2016,9,26,18,0,14.37,0
2016,9,27,0,0,11.037,0
2016,9,27,6,0,10.528,0
2016,9,27,12,0,11.88,0
2016,9,27,18,0,10.009,0
2016,9,28,0,0,8.981,0
2016,9,28,6,0,11.074,0
2016,9,28,12,0,13.648,0
2016,9,28,18,0,10.009,0
2016,9,29,0,0.0508,8.056,0
2016,9,29,6,0.3048,9.917,0
2016,9,29,12,0.3048,11.222,0
2016,9,29,18,0.3048,7.713,0.00166666666666667
2016,9,30,0,0.3302,5.565,0.0133333333333333
2016,9,30,6,0.0762,7.12,0.0116666666666667
2016,9,30,12,0,10.102,0
2016,9,30,18,0,6.417,0.0416666666666667
2016,10,1,0,0.152146,4.889,0.0316666666666667
2016,10,1,6,0,6.63,0.01
2016,10,1,12,0.1065022,8.167,0.00333333333333333
2016,10,1,18,0,5.824,0.01
2016,10,2,0,0,5.12,0.0266666666666667
2016,10,2,6,0,7.824,0.0116666666666667
2016,10,2,12,0.152146,10.12,0.00166666666666667
2016,10,2,18,0.0152146,6.833,0.005
2016,10,3,0,0,5.389,0.00666666666666667
2016,10,3,6,0,6.981,0.00333333333333333
2016,10,3,12,0,8.639,0.00333333333333333
2016,10,3,18,0.2434336,6.787,0.00333333333333333
2016,10,4,0,0.9585198,5.843,0
2016,10,4,6,0.0608584,6.981,0.00166666666666667
2016,10,4,12,0.1369314,8.435,0
2016,10,4,18,0.0304292,6.926,0
2016,10,5,0,0.076073,6.75,0
2016,10,5,6,0,8.769,0
2016,10,5,12,0.1369314,10.074,0.00166666666666667
2016,10,5,18,0.1673606,7.5,0.00666666666666667
2016,10,6,0,1.6583914,6.426,0.00166666666666667
2016,10,6,6,1.6127476,7.287,0.00333333333333333
2016,10,6,12,0.2890774,8.667,0.00666666666666667
2016,10,6,18,4.412234,7.269,0
2016,10,7,0,2.1148294,7.685,0
2016,10,7,6,4.1383712,6.019,0
2016,10,7,12,1.3540994,6.454,0.02
2016,10,7,18,0.076073,5.454,0.02
2016,10,8,0,2.9516324,5.898,0.005
2016,10,8,6,12.7498348,8.759,0
2016,10,8,12,8.4897468,9.833,0
2016,10,8,18,7.2117204,8.194,0
2016,10,9,0,0.6998716,4.917,0.0216666666666667
2016,10,9,6,0.1217168,4.944,0.0416666666666667
2016,10,9,12,0.0152146,6.676,0.00166666666666667
2016,10,9,18,0.5629402,4.463,0.0333333333333333
2016,10,10,0,0.8824468,2.935,0.213333333333333
2016,10,10,6,0,3.87,0.19
2016,10,10,12,0,5.667,0.11
2016,10,10,18,0,3.583,0.356666666666667
2016,10,11,0,0,2.806,0.578333333333333
2016,10,11,6,0,4.88,0.376666666666667
2016,10,11,12,0,8.231,0.0116666666666667
2016,10,11,18,0,5.287,0.09
2016,10,12,0,0,3.306,0.553333333333333
2016,10,12,6,0,5.852,0.211666666666667
2016,10,12,12,0,10.046,0.00333333333333333
2016,10,12,18,0.8520176,8.778,0.005
2016,10,13,0,9.0374724,7.694,0.005
2016,10,13,6,14.4082262,7.759,0
2016,10,13,12,3.118993,8.519,0
2016,10,13,18,10.5893616,8.565,0
2016,10,14,0,10.6197908,6.491,0.00333333333333333
2016,10,14,6,15.1537416,5.935,0.0133333333333333
2016,10,14,12,22.2437452,6.083,0.0116666666666667
2016,10,14,18,7.8659482,5.25,0.01
2016,10,15,0,2.2213316,4.731,0.0316666666666667
2016,10,15,6,1.3845286,6.102,0.01
2016,10,15,12,6.5270634,7.694,0.005
2016,10,15,18,6.5879218,6.13,0.00833333333333333
2016,10,16,0,1.5366746,4.843,0.04
2016,10,16,6,7.3638664,5.954,0.0233333333333333
2016,10,16,12,2.4799798,6.935,0.0133333333333333
2016,10,16,18,1.5062454,5.62,0.015
2016,10,17,0,3.3928558,4.657,0.0283333333333333
2016,10,17,6,2.0083272,5.185,0.0233333333333333
2016,10,17,12,2.5560528,6.25,0.00833333333333333
2016,10,17,18,1.6279622,5.13,0.0183333333333333
2016,10,18,0,1.4149578,4.509,0.025
2016,10,18,6,3.5145726,4.991,0.025
2016,10,18,12,1.9322542,5.343,0.0266666666666667
2016,10,18,18,1.0345928,4.759,0.0283333333333333
2016,10,19,0,0.6694424,4.12,0.0333333333333333
2016,10,19,6,0.0304292,5.657,0.0283333333333333
2016,10,19,12,0.6390132,8.556,0.01
2016,10,19,18,5.781548,7.213,0.01
2016,10,20,0,14.2104364,7.528,0
2016,10,20,6,10.3763572,7.62,0
2016,10,20,12,4.7621698,6.935,0.00166666666666667
2016,10,20,18,0.6237986,4.676,0.045
2016,10,21,0,0.5020818,3.824,0.06
2016,10,21,6,0.0304292,5.583,0.025
2016,10,21,12,1.445387,7.278,0.0183333333333333
2016,10,21,18,3.1494222,4.796,0.0283333333333333
2016,10,22,0,1.369314,3.278,0.0916666666666667
2016,10,22,6,0,4.148,0.106666666666667
2016,10,22,12,0,7.963,0.0116666666666667
2016,10,22,18,0.2130044,6.75,0.025
2016,10,23,0,0.2738628,5.796,0.0183333333333333
2016,10,23,6,0,6.657,0.01
2016,10,23,12,0,8.991,0
2016,10,23,18,0.4716526,8.667,0
2016,10,24,0,0.2130044,9.102,0
2016,10,24,6,0.0608584,10.991,0
2016,10,24,12,1.0041636,10.769,0
2016,10,24,18,1.2323826,6.519,0.0116666666666667
2016,10,25,0,0.2586482,5.926,0.0216666666666667
2016,10,25,6,0.380365,6.685,0.02
2016,10,25,12,0.1825752,7.991,0
2016,10,25,18,0.0152146,5.657,0.045
2016,10,26,0,0.0152146,4.861,0.0933333333333333
2016,10,26,6,10.726293,5.38,0.02
2016,10,26,12,7.5616562,7.463,0
2016,10,26,18,6.618351,6.278,0
2016,10,27,0,0.5477256,5.481,0.01
2016,10,27,6,1.0193782,6.787,0.00666666666666667
2016,10,27,12,2.0235418,6.852,0.005
2016,10,27,18,1.901825,5.713,0.01
2016,10,28,0,0.76073,5.481,0.01
2016,10,28,6,0.076073,6.713,0.0116666666666667
2016,10,28,12,0,9.148,0.00666666666666667
2016,10,28,18,0,7.12,0.00833333333333333
2016,10,29,0,0,6.435,0.0166666666666667
2016,10,29,6,1.5518892,7.102,0.005
2016,10,29,12,1.5518892,6.25,0.0116666666666667
2016,10,29,18,0.0456438,4.537,0.03
2016,10,30,0,0,3.759,0.103333333333333
2016,10,30,6,0,6.019,0.0666666666666667
2016,10,30,12,0.1369314,8.62,0.00333333333333333
2016,10,30,18,3.2102806,6.093,0.005
2016,10,31,0,3.8492938,5.324,0.01
2016,10,31,6,2.9972762,5.639,0.0116666666666667
2016,10,31,12,6.1771276,4.907,0.0283333333333333
2016,10,31,18,0.5781548,4.056,0.0483333333333333
2016,11,1,0,2.3734776,3.444,0.0633333333333333
2016,11,1,6,2.4799798,4.269,0.045
2016,11,1,12,4.488307,5.731,0.0216666666666667
2016,11,1,18,6.7400678,5.398,0.0216666666666667
2016,11,2,0,4.107942,6.157,0.015
2016,11,2,6,7.1204328,7.046,0.00666666666666667
2016,11,2,12,8.824468,8.537,0
2016,11,2,18,5.6598312,7.769,0
2016,11,3,0,3.1342076,6.833,0.005
2016,11,3,6,0.304292,7.815,0.0116666666666667
2016,11,3,12,0,10.009,0.00833333333333333
2016,11,3,18,2.206117,9.009,0.01
2016,11,4,0,0.1369314,9.287,0.01
2016,11,4,6,0,10.157,0.00166666666666667
2016,11,4,12,0,12.037,0
2016,11,4,18,0.2434336,10.667,0
2016,11,5,0,4.3970194,9.704,0
2016,11,5,6,13.7387838,8.565,0
2016,11,5,12,8.6114636,8.222,0
2016,11,5,18,8.5506052,6.38,0.00166666666666667
2016,11,6,0,3.5602164,4.472,0.02
2016,11,6,6,1.8713958,5.148,0.0216666666666667
2016,11,6,12,0.1673606,6.907,0.0133333333333333
2016,11,6,18,0.1217168,5.907,0.0216666666666667
2016,11,7,0,4.7469552,6.722,0.00833333333333333
2016,11,7,6,0.6998716,8.583,0
2016,11,7,12,0,10.648,0
2016,11,7,18,0,10.843,0
2016,11,8,0,0,11.056,0
2016,11,8,6,0,12.065,0
2016,11,8,12,0,13.444,0
2016,11,8,18,0,11.25,0
2016,11,9,0,1.6279622,10.157,0
2016,11,9,6,5.5076852,9.37,0
2016,11,9,12,0.4260088,9.63,0
2016,11,9,18,0,8.519,0
2016,11,10,0,0,9.417,0
2016,11,10,6,0.2130044,10.889,0
2016,11,10,12,0,13.074,0
2016,11,10,18,2.510409,11.046,0
2016,11,11,0,0.2130044,9.833,0
2016,11,11,6,0,10.556,0
2016,11,11,12,0.0304292,11.731,0
2016,11,11,18,0.6694424,10.333,0
2016,11,12,0,2.053971,9.889,0
2016,11,12,6,12.2933968,8.148,0
2016,11,12,12,4.792599,6.602,0.00166666666666667
2016,11,12,18,0.4412234,4.361,0.0416666666666667
2016,11,13,0,0.1217168,4.111,0.0316666666666667
2016,11,13,6,2.5560528,4.991,0.0333333333333333
2016,11,13,12,6.390132,6.102,0.025
2016,11,13,18,11.9586756,5.981,0.0166666666666667
2016,11,14,0,5.4163976,5.231,0.005
2016,11,14,6,0.7759446,3.741,0.0883333333333333
2016,11,14,12,0.5020818,4.333,0.103333333333333
2016,11,14,18,0.1369314,3.731,0.125
2016,11,15,0,4.0014398,4.583,0.035
2016,11,15,6,4.7621698,3.065,0.075
2016,11,15,12,2.9212032,2.759,0.168333333333333
2016,11,15,18,5.5381144,1.565,0.315
2016,11,16,0,1.217168,0.556,0.475
2016,11,16,6,0.7911592,0.593,0.501666666666667
2016,11,16,12,0.2738628,1.37,0.376666666666667
2016,11,16,18,0.3195066,0.528,0.531666666666667
2016,11,17,0,1.901825,0.444,0.598333333333333
2016,11,17,6,0.076073,0.852,0.493333333333333
2016,11,17,12,0,1.546,0.411666666666667
2016,11,17,18,0,0.148,0.776666666666667
2016,11,18,0,0,0.083,0.921666666666667
2016,11,18,6,0,2.13,0.685
2016,11,18,12,0.608584,3.87,0.291666666666667
2016,11,18,18,0.456438,3.574,0.353333333333333
2016,11,19,0,2.0691856,3.315,0.303333333333333
2016,11,19,6,1.0345928,3.806,0.108333333333333
2016,11,19,12,0.5781548,4.861,0.0483333333333333
2016,11,19,18,0.3955796,4.602,0.0533333333333333
2016,11,20,0,1.9931126,5.111,0.03
2016,11,20,6,1.9931126,4.935,0.04
2016,11,20,12,1.7192498,4.963,0.0316666666666667
2016,11,20,18,4.3513756,3.806,0.0566666666666667
2016,11,21,0,3.499358,3.259,0.08
2016,11,21,6,1.6583914,3.028,0.123333333333333
2016,11,21,12,1.4910308,2.981,0.18
2016,11,21,18,0.0152146,1.639,0.425
2016,11,22,0,0,1.815,0.453333333333333
2016,11,22,6,0.1673606,3.648,0.246666666666667
2016,11,22,12,0.9737344,4.426,0.0816666666666667
2016,11,22,18,3.118993,2.833,0.19
2016,11,23,0,3.1798514,0.991,0.45
2016,11,23,6,2.1756878,1.028,0.468333333333333
2016,11,23,12,0.8824468,1.565,0.45
2016,11,23,18,1.673606,1.435,0.458333333333333
2016,11,24,0,3.6058602,2.389,0.263333333333333
2016,11,24,6,4.8078136,2.769,0.206666666666667
2016,11,24,12,6.2684152,2.389,0.241666666666667
2016,11,24,18,7.7138022,2.231,0.27
2016,11,25,0,3.3167828,1.241,0.375
2016,11,25,6,0.5477256,1.361,0.423333333333333
2016,11,25,12,0.0152146,2.324,0.298333333333333
2016,11,25,18,3.04292,2.259,0.285
2016,11,26,0,11.3957354,3.546,0.0666666666666667
2016,11,26,6,11.943461,4.111,0.0483333333333333
2016,11,26,12,6.2532006,2.796,0.15
2016,11,26,18,1.5823184,1.481,0.296666666666667
2016,11,27,0,0.3347212,0.111,0.605
2016,11,27,6,0.608584,-0.194,0.713333333333333
2016,11,27,12,3.2254952,0.861,0.528333333333333
2016,11,27,18,4.1688004,0.259,0.631666666666667
2016,11,28,0,1.217168,-0.935,0.821666666666667
2016,11,28,6,3.195066,-0.63,0.773333333333333
2016,11,28,12,3.1494222,1.065,0.413333333333333
2016,11,28,18,0.4412234,0.537,0.496666666666667
2016,11,29,0,0,0.065,0.693333333333333
2016,11,29,6,0,0.454,0.666666666666667
2016,11,29,12,0.0608584,1.731,0.35
2016,11,29,18,0,1.824,0.478333333333333
2016,11,30,0,2.1604732,1.87,0.361666666666667
2016,11,30,6,3.3776412,1.778,0.36
2016,11,30,12,5.5228998,0.806,0.438333333333333
2016,11,30,18,1.1867388,-0.074,0.64
2016,12,1,0,1.2019534,-1.083,0.865
2016,12,1,6,1.369314,-1.509,0.918333333333333
2016,12,1,12,2.0691856,0.25,0.656666666666667
2016,12,1,18,1.2019534,0.389,0.62
2016,12,2,0,1.0041636,1.102,0.475
2016,12,2,6,2.0083272,2.528,0.2
2016,12,2,12,3.8188646,2.972,0.126666666666667
2016,12,2,18,1.8866104,1.583,0.273333333333333
2016,12,3,0,0.608584,0.361,0.583333333333333
2016,12,3,6,0.7150862,0.296,0.623333333333333
2016,12,3,12,3.6058602,0.722,0.491666666666667
2016,12,3,18,5.3555392,0.046,0.625
2016,12,4,0,1.9626834,-1.491,0.896666666666667
2016,12,4,6,0.912876,-3.722,0.996666666666667
2016,12,4,12,0.7150862,-3.38,1
2016,12,4,18,0.912876,-5.37,1
2016,12,5,0,1.2323826,-4.981,1
2016,12,5,6,0.0912876,-3.935,1
2016,12,5,12,0.1369314,-3.491,1
2016,12,5,18,0,-4.907,1
2016,12,6,0,0,-6.157,1
2016,12,6,6,0,-6.639,1
2016,12,6,12,0,-5.38,1
2016,12,6,18,0,-8.426,1
2016,12,7,0,0,-8.611,1
2016,12,7,6,0,-7.435,1
2016,12,7,12,0,-5.843,1
2016,12,7,18,0,-7.667,1
2016,12,8,0,0,-6.685,1
2016,12,8,6,0,-6.472,1
2016,12,8,12,0,-3.583,1
2016,12,8,18,0.0456438,-4.259,1
2016,12,9,0,2.4039068,-3.861,1
2016,12,9,6,1.0802366,-2.194,1
2016,12,9,12,1.1258804,-1.565,0.985
2016,12,9,18,0.7911592,-2.398,1
2016,12,10,0,0.7759446,-2.685,1
2016,12,10,6,0.4716526,-3.204,1
2016,12,10,12,1.3236702,-1.472,0.968333333333333
2016,12,10,18,2.6929842,-1.37,0.966666666666667
2016,12,11,0,3.3167828,-1.519,0.971666666666667
2016,12,11,6,3.7427916,-1.444,0.955
2016,12,11,12,1.901825,-1.472,0.955
2016,12,11,18,2.3430484,-2.611,1
2016,12,12,0,3.7884354,-3.315,1
2016,12,12,6,4.4730924,-3.528,1
2016,12,12,12,0.8672322,-2.833,1
2016,12,12,18,0.0456438,-4.065,1
2016,12,13,0,0.0608584,-5.065,1
2016,12,13,6,0.0608584,-5.389,1
2016,12,13,12,0,-3.509,1
2016,12,13,18,0,-5.861,1
2016,12,14,0,0,-5.583,1
2016,12,14,6,0,-4.417,1
2016,12,14,12,0,-2.491,1
2016,12,14,18,0,-4.019,1
2016,12,15,0,0,-5.25,1
2016,12,15,6,0,-6.481,1
2016,12,15,12,0,-5.046,1
2016,12,15,18,0,-7.426,1
2016,12,16,0,0,-8.435,1
2016,12,16,6,0,-8.454,1
2016,12,16,12,0,-6.787,1
2016,12,16,18,0,-8.713,1
2016,12,17,0,0,-9.704,1
2016,12,17,6,0,-9.046,1
2016,12,17,12,0,-7.806,1
2016,12,17,18,0,-8.556,1
2016,12,18,0,0,-6.25,1
2016,12,18,6,0.228219,-4.176,1
2016,12,18,12,0.228219,-2.222,1
2016,12,18,18,0.3195066,-1.731,0.985
2016,12,19,0,4.2144442,-1.315,0.933333333333333
2016,12,19,6,5.5685436,-0.694,0.846666666666667
2016,12,19,12,1.1715242,-0.176,0.81
2016,12,19,18,1.5366746,-0.306,0.916666666666667
2016,12,20,0,6.009767,1.722,0.35
2016,12,20,6,4.0166544,-0.222,0.648333333333333
2016,12,20,12,2.3886922,-0.194,0.66
2016,12,20,18,0.7150862,-0.528,0.845
2016,12,21,0,2.3126192,-0.972,0.903333333333333
2016,12,21,6,0.380365,-0.528,0.943333333333333
2016,12,21,12,0,2.046,0.776666666666667
2016,12,21,18,0,1.352,1
2016,12,22,0,0,2.222,0.975
2016,12,22,6,0.8215884,1.454,0.918333333333333
2016,12,22,12,1.217168,0.676,0.656666666666667
2016,12,22,18,0.0304292,-0.481,0.88
2016,12,23,0,2.4951944,-0.806,0.94
2016,12,23,6,5.0056034,-1.407,0.97
2016,12,23,12,4.0927274,-2.093,0.975
2016,12,23,18,1.1563096,-3.843,1
2016,12,24,0,1.2019534,-4.009,1
2016,12,24,6,1.8866104,-4.056,1
2016,12,24,12,0.1217168,-3.222,0.998333333333333
2016,12,24,18,0,-5.435,1
2016,12,25,0,0,-6.111,1
2016,12,25,6,0,-5.963,1
2016,12,25,12,0.0912876,-4.38,1
2016,12,25,18,0,-5.787,1
2016,12,26,0,0,-5.222,1
2016,12,26,6,0.0304292,-3.602,1
2016,12,26,12,2.6777696,-1.028,0.911666666666667
2016,12,26,18,4.716526,-0.583,0.863333333333333
2016,12,27,0,2.3886922,-1.407,0.931666666666667
2016,12,27,6,4.0470836,-1.843,0.956666666666667
2016,12,27,12,2.7842718,-2.12,0.97
2016,12,27,18,2.3886922,-2.528,0.998333333333333
2016,12,28,0,1.1563096,-2.861,1
2016,12,28,6,2.434336,-2.333,0.986666666666667
2016,12,28,12,0.836803,-1.389,0.95
2016,12,28,18,0.2130044,-1.519,1
2016,12,29,0,1.5062454,-0.352,0.951666666666667
2016,12,29,6,4.8838866,0.602,0.686666666666667
2016,12,29,12,7.4247248,0.361,0.621666666666667
2016,12,29,18,2.6929842,-1.343,0.911666666666667
2016,12,30,0,0.7150862,-2.25,0.991666666666667
2016,12,30,6,1.3236702,-2.657,1
2016,12,30,12,0.0304292,-1.981,0.956666666666667
2016,12,30,18,0,-2.907,0.993333333333333
2016,12,31,0,0,-3.454,1
2016,12,31,6,0,-4.528,1
2016,12,31,12,0.380365,-3.463,1
2016,12,31,18,0.3955796,-4.056,1
2017,1,1,0,0.532511,-5.426,1
2017,1,1,6,0.6542278,-5.519,1
2017,1,1,12,0,-5.046,1
2017,1,1,18,0,-7.009,1
2017,1,2,0,0,-7.824,1
2017,1,2,6,0,-8.194,1
2017,1,2,12,0,-6.815,1
2017,1,2,18,0,-9.028,1
2017,1,3,0,0,-9.204,1
2017,1,3,6,0,-9.38,1
2017,1,3,12,0,-7.741,1
2017,1,3,18,0,-8.583,1
2017,1,4,0,0,-6.944,1
2017,1,4,6,0,-5.435,1
2017,1,4,12,0,-3.296,1
2017,1,4,18,0,-4.481,1
2017,1,5,0,0,-5.102,1
2017,1,5,6,0,-4.861,1
2017,1,5,12,0,-3.454,1
2017,1,5,18,0,-5.657,1
2017,1,6,0,0,-5.435,1
2017,1,6,6,0,-4.602,1
2017,1,6,12,0,-2.722,1
2017,1,6,18,0,-3.241,1
2017,1,7,0,0,-3.25,1
2017,1,7,6,0,-2.796,1
2017,1,7,12,0,-0.352,1
2017,1,7,18,0.2890774,-2.157,1
2017,1,8,0,0.6542278,-0.231,1
2017,1,8,6,0,2.574,0.74
2017,1,8,12,5.9184794,1.972,0.466666666666667
2017,1,8,18,7.8507336,0.926,0.515
2017,1,9,0,3.1798514,-0.241,0.761666666666667
2017,1,9,6,5.2338224,-2.37,0.988333333333333
2017,1,9,12,0.456438,-2.315,0.98
2017,1,9,18,0,-4.009,1
2017,1,10,0,0.0608584,-4.463,1
2017,1,10,6,0.3651504,-5.241,1
2017,1,10,12,0.3651504,-5.333,1
2017,1,10,18,0.3651504,-7.648,1
2017,1,11,0,0.304292,-6.861,1
2017,1,11,6,0,-6.056,1
2017,1,11,12,0,-4.935,1
2017,1,11,18,0,-7.435,1
2017,1,12,0,0,-6.981,1
2017,1,12,6,0,-6.481,1
2017,1,12,12,0,-4.009,1
2017,1,12,18,0,-5.944,1
2017,1,13,0,0,-5.944,1
2017,1,13,6,0,-4.028,1
2017,1,13,12,0,-0.472,1
2017,1,13,18,0,-0.833,1
2017,1,14,0,0,-0.167,1
2017,1,14,6,0,0.731,1
2017,1,14,12,0,3.269,0.795
2017,1,14,18,0,1.657,1
2017,1,15,0,0,1.102,1
2017,1,15,6,0,0.528,0.991666666666667
2017,1,15,12,0,2.102,0.621666666666667
2017,1,15,18,0,1.241,0.996666666666667
2017,1,16,0,0,2.491,0.888333333333333
2017,1,16,6,0,3.954,0.403333333333333
2017,1,16,12,0.0304292,6.241,0.03
2017,1,16,18,1.7953228,5.537,0.03
2017,1,17,0,2.7538426,4.944,0.0433333333333333
2017,1,17,6,5.1577494,5.333,0.03
2017,1,17,12,11.3044478,5,0.0333333333333333
2017,1,17,18,18.8965332,4.704,0.0316666666666667
2017,1,18,0,6.6487802,4.509,0.0366666666666667
2017,1,18,6,8.5049614,4.38,0.0366666666666667
2017,1,18,12,2.8755594,4.389,0.0366666666666667
2017,1,18,18,7.531227,3.556,0.0766666666666667
2017,1,19,0,4.3665902,1.722,0.298333333333333
2017,1,19,6,5.2642516,1.833,0.355
2017,1,19,12,5.0360326,1.833,0.321666666666667
2017,1,19,18,4.0470836,0.981,0.463333333333333
2017,1,20,0,0.152146,0.648,0.765
2017,1,20,6,0,1.38,0.79
2017,1,20,12,0,3.009,0.441666666666667
2017,1,20,18,1.0193782,2.083,0.488333333333333
2017,1,21,0,1.9474688,1.222,0.55
2017,1,21,6,0.0912876,1.176,0.516666666666667
2017,1,21,12,0.076073,2.213,0.4
2017,1,21,18,0.7303008,1.287,0.708333333333333
2017,1,22,0,0,0.481,0.888333333333333
2017,1,22,6,0,1.694,0.731666666666667
2017,1,22,12,0,0.907,0.53
2017,1,22,18,0,-0.259,0.928333333333333
2017,1,23,0,0,-1.417,0.998333333333333
2017,1,23,6,0,-0.639,0.956666666666667
2017,1,23,12,0,0.898,0.636666666666667
2017,1,23,18,0.0152146,-1.074,0.991666666666667
2017,1,24,0,0.2738628,-2.148,1
2017,1,24,6,0,-2.343,0.996666666666667
2017,1,24,12,0,-1.509,0.94
2017,1,24,18,0,-2.491,0.993333333333333
2017,1,25,0,0,-2.926,1
2017,1,25,6,0,-2.231,0.986666666666667
2017,1,25,12,0,-0.759,0.883333333333333
2017,1,25,18,0,-1.417,0.993333333333333
2017,1,26,0,0,-1.75,0.998333333333333
2017,1,26,6,0,-1.361,0.953333333333333
2017,1,26,12,0,0.398,0.708333333333333
2017,1,26,18,0,-0.62,0.98
2017,1,27,0,0,-0.565,1
2017,1,27,6,0,0.38,0.888333333333333
2017,1,27,12,0,2.861,0.45
2017,1,27,18,0,3.111,0.766666666666667
2017,1,28,0,0,3.472,0.918333333333333
2017,1,28,6,0,4.509,0.706666666666667
2017,1,28,12,0,5.88,0.281666666666667
2017,1,28,18,0,4.944,0.56
2017,1,29,0,0,4.861,0.401666666666667
2017,1,29,6,0.0152146,4.352,0.483333333333333
2017,1,29,12,2.814701,2.704,0.236666666666667
2017,1,29,18,0.304292,1.269,0.33
2017,1,30,0,0.5629402,-0.12,0.715
2017,1,30,6,0.3651504,-0.944,0.898333333333333
2017,1,30,12,0.0608584,-0.491,0.763333333333333
2017,1,30,18,0.0152146,-2.046,0.995
2017,1,31,0,0.1065022,-3.62,1
2017,1,31,6,0.3651504,-4.843,1
2017,1,31,12,0.3651504,-3.306,1
2017,1,31,18,0.3651504,-5.87,1
2017,2,1,0,0.304292,-6.213,1
2017,2,1,6,0,-4.935,1
2017,2,1,12,0,-2.157,1
2017,2,1,18,0,-4.102,1
2017,2,2,0,0,-4.324,1
2017,2,2,6,0,-3.306,1
2017,2,2,12,0,0.231,1
2017,2,2,18,0,-1.583,1
2017,2,3,0,0.2738628,-1.13,1
2017,2,3,6,1.7192498,-1.065,0.978333333333333
2017,2,3,12,2.8755594,0.648,0.685
2017,2,3,18,3.3167828,-0.046,0.82
2017,2,4,0,3.6362894,0.296,0.755
2017,2,4,6,6.5574926,0.231,0.738333333333333
2017,2,4,12,3.8645084,0.102,0.768333333333333
2017,2,4,18,2.7994864,-0.509,0.855
2017,2,5,0,4.4730924,-2.796,1
2017,2,5,6,1.5366746,-4.157,1
2017,2,5,12,1.2019534,-3.37,1
2017,2,5,18,2.130044,-3.972,1
2017,2,6,0,2.7538426,-5.259,1
2017,2,6,6,0.8215884,-6.454,1
2017,2,6,12,0.6542278,-4.231,1
2017,2,6,18,2.510409,-4.685,1
2017,2,7,0,0.8063738,-5.519,1
2017,2,7,6,0.076073,-5.38,1
2017,2,7,12,0.0456438,-2.833,1
2017,2,7,18,0.380365,-5.315,1
2017,2,8,0,0.380365,-5.287,1
2017,2,8,6,0.2130044,-3.389,1
2017,2,8,12,2.1148294,-0.306,0.92
2017,2,8,18,7.2877934,1.222,0.501666666666667
2017,2,9,0,14.3169386,4.019,0.035
2017,2,9,6,12.8411224,4.352,0.0233333333333333
2017,2,9,12,4.8230282,4.204,0.0233333333333333
2017,2,9,18,2.814701,2.38,0.153333333333333
2017,2,10,0,0.456438,0.398,0.626666666666667
2017,2,10,6,1.7953228,0.176,0.735
2017,2,10,12,8.0789526,-0.509,0.785
2017,2,10,18,2.4951944,-2.5,0.996666666666667
2017,2,11,0,1.7801082,-2.667,1
2017,2,11,6,2.0844002,-2.009,0.98
2017,2,11,12,2.053971,-0.713,0.845
2017,2,11,18,0.4107942,-1.528,0.995
2017,2,12,0,0,-0.843,1
2017,2,12,6,0,1.028,0.938333333333333
2017,2,12,12,0,4.222,0.465
2017,2,12,18,0,3.019,0.988333333333333
2017,2,13,0,0,4.5,0.888333333333333
2017,2,13,6,0,7.139,0.213333333333333
2017,2,13,12,0,9.296,0.0116666666666667
2017,2,13,18,0,8.602,0.0666666666666667
2017,2,14,0,0,7.824,0.115
2017,2,14,6,0,8.176,0.095
2017,2,14,12,0,9.537,0.0266666666666667
2017,2,14,18,7.9268066,7.593,0.0233333333333333
2017,2,15,0,14.3930116,6.241,0.00333333333333333
2017,2,15,6,8.824468,5.787,0.005
2017,2,15,12,10.1024944,6.398,0
2017,2,15,18,4.9751742,6.185,0.00166666666666667
2017,2,16,0,3.8188646,4.963,0.0133333333333333
2017,2,16,6,1.8561812,3.472,0.065
2017,2,16,12,4.7621698,2.398,0.17
2017,2,16,18,0.3195066,0.778,0.503333333333333
2017,2,17,0,4.3209464,0.25,0.625
2017,2,17,6,0.3195066,0.713,0.568333333333333
2017,2,17,12,0,2.407,0.191666666666667
2017,2,17,18,0,1.611,0.678333333333333
2017,2,18,0,0.1369314,1.528,0.811666666666667
2017,2,18,6,0.5477256,1.102,0.558333333333333
2017,2,18,12,1.6127476,1.417,0.326666666666667
2017,2,18,18,1.2475972,0.028,0.701666666666667
2017,2,19,0,0.4716526,-0.37,0.9
2017,2,19,6,1.0498074,0.5,0.705
2017,2,19,12,1.6583914,1.472,0.486666666666667
2017,2,19,18,4.1688004,0.407,0.65
2017,2,20,0,0.6998716,0.093,0.813333333333333
2017,2,20,6,0.3955796,0.583,0.736666666666667
2017,2,20,12,1.9170396,1.083,0.425
2017,2,20,18,2.0387564,-0.074,0.671666666666667
2017,2,21,0,0.2434336,-0.63,0.853333333333333
2017,2,21,6,0.1825752,-0.444,0.848333333333333
2017,2,21,12,0.1673606,-0.25,0.761666666666667
2017,2,21,18,0.5477256,-2.148,0.978333333333333
2017,2,22,0,0.2890774,-3.472,1
2017,2,22,6,0,-3.472,0.995
2017,2,22,12,0,-2.537,0.978333333333333
2017,2,22,18,0,-3.917,1
2017,2,23,0,0,-4.972,1
2017,2,23,6,0,-4.565,1
2017,2,23,12,1.0498074,-2.963,0.996666666666667
2017,2,23,18,0.5781548,-4.806,1
2017,2,24,0,0.2130044,-5.269,1
2017,2,24,6,0,-4.037,1
2017,2,24,12,0,-2.074,0.988333333333333
2017,2,24,18,0,-3.852,1
2017,2,25,0,0,-5.111,1
2017,2,25,6,0,-4.657,1
2017,2,25,12,0.5172964,-3.093,0.998333333333333
2017,2,25,18,2.434336,-3.519,1
2017,2,26,0,2.1756878,-3.704,1
2017,2,26,6,1.6888206,-2.972,0.986666666666667
2017,2,26,12,0.1217168,-0.963,0.978333333333333
2017,2,26,18,0.0304292,-4.204,1
2017,2,27,0,0,-5.574,1
2017,2,27,6,0.3499358,-5.454,1
2017,2,27,12,0.8215884,-4.065,1
2017,2,27,18,0.1065022,-6.296,1
2017,2,28,0,0,-7.87,1
2017,2,28,6,0,-6.194,1
2017,2,28,12,0.8672322,-3.278,1
2017,2,28,18,3.5906456,-2.139,0.985
2017,3,1,0,5.6750458,-1.333,0.921666666666667
2017,3,1,6,5.0816764,-0.926,0.845
2017,3,1,12,4.6100238,-0.269,0.71
2017,3,1,18,2.4647652,-0.287,0.765
2017,3,2,0,1.065022,-0.093,0.841666666666667
2017,3,2,6,1.1106658,0.676,0.668333333333333
2017,3,2,12,2.434336,1.009,0.525
2017,3,2,18,2.3430484,0.963,0.573333333333333
2017,3,3,0,1.8409666,1.083,0.465
2017,3,3,6,4.3057318,1.352,0.348333333333333
2017,3,3,12,5.0816764,1.574,0.318333333333333
2017,3,3,18,5.5076852,-1.167,0.841666666666667
2017,3,4,0,4.5035216,-4.204,1
2017,3,4,6,5.020818,-4.278,1
2017,3,4,12,0.8672322,-2.556,0.993333333333333
2017,3,4,18,0.0912876,-3.213,1
2017,3,5,0,2.206117,-3.352,1
2017,3,5,6,1.1715242,-3.593,1
2017,3,5,12,1.3540994,-2.407,1
2017,3,5,18,3.2102806,-3.704,1
2017,3,6,0,1.9626834,-4.444,1
2017,3,6,6,0.4260088,-4.417,1
2017,3,6,12,0.608584,-3.315,1
2017,3,6,18,0.1977898,-5.028,1
2017,3,7,0,0.4260088,-4.833,1
2017,3,7,6,0.8520176,-2.898,0.995
2017,3,7,12,3.423285,-0.917,0.91
2017,3,7,18,3.0124908,-1.602,0.953333333333333
2017,3,8,0,1.4301724,-4.417,1
2017,3,8,6,5.5685436,-3.954,1
2017,3,8,12,2.586482,-2.222,0.988333333333333
2017,3,8,18,2.7842718,-2.713,1
2017,3,9,0,1.5823184,-2.917,0.998333333333333
2017,3,9,6,0,-2.269,0.956666666666667
2017,3,9,12,2.6777696,0.426,0.586666666666667
2017,3,9,18,3.5906456,2.093,0.203333333333333
2017,3,10,0,6.0554108,2.463,0.136666666666667
2017,3,10,6,4.1535858,2.102,0.195
2017,3,10,12,1.8105374,1.676,0.273333333333333
2017,3,10,18,0.1825752,0.963,0.533333333333333
2017,3,11,0,0.1369314,2.213,0.46
2017,3,11,6,1.1563096,4.704,0.135
2017,3,11,12,4.2144442,2.926,0.125
2017,3,11,18,6.3444882,2.361,0.138333333333333
2017,3,12,0,1.52146,1.657,0.273333333333333
2017,3,12,6,0.5933694,2.472,0.261666666666667
2017,3,12,12,1.1563096,3.361,0.103333333333333
2017,3,12,18,0.8215884,4.093,0.065
2017,3,13,0,3.118993,4.454,0.035
2017,3,13,6,7.150862,4.87,0.025
2017,3,13,12,1.5062454,5.296,0.02
2017,3,13,18,0,4.602,0.025
2017,3,14,0,3.0124908,5.185,0.0116666666666667
2017,3,14,6,8.596249,6.037,0.00333333333333333
2017,3,14,12,5.1425348,6.046,0
2017,3,14,18,6.770497,4.972,0.0116666666666667
2017,3,15,0,10.498074,3.593,0.035
2017,3,15,6,4.3970194,3.907,0.045
2017,3,15,12,3.0277054,4.472,0.0433333333333333
2017,3,15,18,7.0595744,2.667,0.145
2017,3,16,0,3.9101522,-0.667,0.745
2017,3,16,6,0.988949,-0.824,0.891666666666667
2017,3,16,12,0.2586482,1.287,0.601666666666667
2017,3,16,18,0,-0.065,0.905
2017,3,17,0,0,-0.565,1
2017,3,17,6,0,2.62,0.85
2017,3,17,12,1.065022,2.685,0.426666666666667
2017,3,17,18,5.5685436,3.009,0.116666666666667
2017,3,18,0,9.1744038,4.815,0.015
2017,3,18,6,11.9738902,1.861,0.216666666666667
2017,3,18,12,1.901825,-0.463,0.74
2017,3,18,18,0.6998716,-2.88,0.988333333333333
2017,3,19,0,1.0041636,-3.583,1
2017,3,19,6,0.4868672,-2.444,0.955
2017,3,19,12,0.1065022,-0.213,0.775
2017,3,19,18,0,-0.648,0.993333333333333
2017,3,20,0,0,0.935,1
2017,3,20,6,0,3.343,0.746666666666667
2017,3,20,12,0.0912876,5.5,0.2
2017,3,20,18,1.5518892,2.75,0.296666666666667
2017,3,21,0,0.3955796,4.287,0.0783333333333333
2017,3,21,6,2.4495506,4.944,0.0133333333333333
2017,3,21,12,2.4191214,6.185,0.0183333333333333
2017,3,21,18,0.2130044,3.972,0.0833333333333333
2017,3,22,0,1.1563096,3.574,0.138333333333333
2017,3,22,6,0.8063738,3.741,0.123333333333333
2017,3,22,12,3.1798514,3.833,0.191666666666667
2017,3,22,18,6.6792094,0.731,0.463333333333333
2017,3,23,0,0.8063738,-0.731,0.843333333333333
2017,3,23,6,0.0912876,0.926,0.655
2017,3,23,12,0.0152146,3.889,0.296666666666667
2017,3,23,18,2.0387564,2.769,0.331666666666667
2017,3,24,0,3.8492938,2.676,0.195
2017,3,24,6,1.141095,2.796,0.188333333333333
2017,3,24,12,3.3624266,3.352,0.2
2017,3,24,18,6.9378576,1.574,0.328333333333333
2017,3,25,0,2.206117,0.435,0.64
2017,3,25,6,6.1162692,0.139,0.655
2017,3,25,12,2.130044,1.315,0.486666666666667
2017,3,25,18,0.2890774,-0.176,0.748333333333333
2017,3,26,0,0,-0.407,0.908333333333333
2017,3,26,6,0.3195066,1.287,0.55
2017,3,26,12,0.76073,3.213,0.195
2017,3,26,18,1.5823184,1.639,0.318333333333333
2017,3,27,0,3.0733492,0.907,0.483333333333333
2017,3,27,6,1.8866104,1.704,0.383333333333333
2017,3,27,12,1.7801082,2.88,0.243333333333333
2017,3,27,18,1.6127476,1.694,0.315
2017,3,28,0,3.8188646,1.639,0.375
2017,3,28,6,5.3707538,2.269,0.265
2017,3,28,12,6.9074284,2.935,0.151666666666667
2017,3,28,18,3.6362894,3.111,0.095
2017,3,29,0,6.1771276,2.556,0.153333333333333
2017,3,29,6,7.9268066,3.565,0.0633333333333333
2017,3,29,12,11.106658,3.87,0.0616666666666667
2017,3,29,18,2.7842718,1.204,0.401666666666667
2017,3,30,0,5.3707538,0.037,0.65
2017,3,30,6,1.9626834,0.278,0.608333333333333
2017,3,30,12,0.5172964,2.407,0.231666666666667
2017,3,30,18,0,1.528,0.473333333333333
2017,3,31,0,0,0.222,0.848333333333333
2017,3,31,6,0,1.694,0.483333333333333
2017,3,31,12,0,4.148,0.0883333333333333
2017,3,31,18,0,3.583,0.0433333333333333
2017,4,1,0,1.0193782,3.361,0.0183333333333333
2017,4,1,6,1.4301724,2.898,0.05
2017,4,1,12,1.445387,3.843,0.0933333333333333
2017,4,1,18,1.4910308,1.87,0.3
2017,4,2,0,1.293241,-0.222,0.666666666666667
2017,4,2,6,0.3651504,-0.111,0.765
2017,4,2,12,0.5629402,1.491,0.513333333333333
2017,4,2,18,0.3347212,-0.852,0.901666666666667
2017,4,3,0,0,-1.981,0.983333333333333
2017,4,3,6,0,0.083,0.718333333333333
2017,4,3,12,0,2.852,0.266666666666667
2017,4,3,18,0,1.806,0.53
2017,4,4,0,0,1.991,0.876666666666667
2017,4,4,6,0,4.639,0.45
2017,4,4,12,0.076073,6.88,0.11
2017,4,4,18,1.1715242,4.806,0.07
2017,4,5,0,3.1798514,4.639,0.045
2017,4,5,6,4.56438,4.481,0.05
2017,4,5,12,2.2669754,5.611,0.0233333333333333
2017,4,5,18,0.836803,3.991,0.0433333333333333
2017,4,6,0,0.1065022,4.009,0.085
2017,4,6,6,2.358263,4.491,0.0533333333333333
2017,4,6,12,1.6431768,5.157,0.0466666666666667
2017,4,6,18,0.0152146,4.231,0.0766666666666667
2017,4,7,0,2.7994864,6.185,0.0133333333333333
2017,4,7,6,2.1756878,5.611,0.0316666666666667
2017,4,7,12,2.966847,4.991,0.0783333333333333
2017,4,7,18,3.9101522,2.296,0.303333333333333
2017,4,8,0,2.9516324,0.861,0.513333333333333
2017,4,8,6,1.9170396,1.111,0.538333333333333
2017,4,8,12,1.7344644,2.204,0.406666666666667
2017,4,8,18,2.358263,0.083,0.66
2017,4,9,0,2.3430484,-0.944,0.826666666666667
2017,4,9,6,0.0608584,0.463,0.675
2017,4,9,12,0,3.787,0.323333333333333
2017,4,9,18,0.0152146,2.306,0.596666666666667
2017,4,10,0,2.0083272,1.102,0.575
2017,4,10,6,0.608584,1.296,0.553333333333333
2017,4,10,12,1.1106658,3.065,0.34
2017,4,10,18,1.369314,0.759,0.565
2017,4,11,0,0.2586482,-0.463,0.798333333333333
2017,4,11,6,0,1.815,0.52
2017,4,11,12,0,6.194,0.18
2017,4,11,18,0,5,0.201666666666667
2017,4,12,0,1.065022,4.556,0.103333333333333
2017,4,12,6,3.347212,4.861,0.0433333333333333
2017,4,12,12,1.2475972,6.861,0.025
2017,4,12,18,0.8976614,5.176,0.0483333333333333
2017,4,13,0,5.0816764,2.593,0.171666666666667
2017,4,13,6,0.380365,2.333,0.34
2017,4,13,12,0.5172964,4.148,0.2
2017,4,13,18,2.053971,1.269,0.411666666666667
2017,4,14,0,0.608584,-0.148,0.758333333333333
2017,4,14,6,0.988949,1.028,0.558333333333333
2017,4,14,12,2.0844002,2.556,0.321666666666667
2017,4,14,18,2.434336,0.769,0.503333333333333
2017,4,15,0,1.9931126,-0.111,0.695
2017,4,15,6,0.9585198,0.926,0.518333333333333
2017,4,15,12,0.5781548,2.815,0.286666666666667
2017,4,15,18,0.0912876,1.602,0.456666666666667
2017,4,16,0,0,1.583,0.82
2017,4,16,6,0,5.481,0.286666666666667
2017,4,16,12,0,8.944,0.0216666666666667
2017,4,16,18,0,6.519,0.0333333333333333
2017,4,17,0,0.0152146,4.88,0.0583333333333333
2017,4,17,6,1.7648936,5.194,0.05
2017,4,17,12,0.4412234,6.833,0.0233333333333333
2017,4,17,18,1.3236702,4.731,0.0283333333333333
2017,4,18,0,0.7911592,4.074,0.05
2017,4,18,6,1.5062454,4.648,0.0433333333333333
2017,4,18,12,2.3886922,5.509,0.0466666666666667
2017,4,18,18,1.0802366,3.639,0.12
2017,4,19,0,0,2.963,0.318333333333333
2017,4,19,6,0.4260088,5.583,0.135
2017,4,19,12,2.1756878,5.731,0.0366666666666667
2017,4,19,18,0.8976614,4.602,0.0666666666666667
2017,4,20,0,1.293241,2.491,0.17
2017,4,20,6,0.9737344,2.963,0.193333333333333
2017,4,20,12,0.5477256,4.639,0.0766666666666667
2017,4,20,18,1.9931126,3.417,0.138333333333333
2017,4,21,0,0.608584,2.315,0.2
2017,4,21,6,0.6237986,4.926,0.0733333333333333
2017,4,21,12,0.0608584,9.796,0.015
2017,4,21,18,0.3651504,8.296,0.0183333333333333
2017,4,22,0,0.0608584,7.454,0.025
2017,4,22,6,0.0456438,9.676,0.00666666666666667
2017,4,22,12,1.2628118,6.556,0.0216666666666667
2017,4,22,18,1.1563096,4.565,0.0633333333333333
2017,4,23,0,0.2434336,3.056,0.171666666666667
2017,4,23,6,0.532511,4.065,0.123333333333333
2017,4,23,12,0.6998716,5.38,0.0416666666666667
2017,4,23,18,1.4910308,3.019,0.175
2017,4,24,0,0.3499358,1.491,0.373333333333333
2017,4,24,6,0,2.926,0.206666666666667
2017,4,24,12,0,5.528,0.0366666666666667
2017,4,24,18,0,4.231,0.0683333333333333
2017,4,25,0,0.2586482,3.093,0.14
2017,4,25,6,0.5781548,3.815,0.105
2017,4,25,12,0.0304292,5.806,0.0333333333333333
2017,4,25,18,0.7911592,4.435,0.0383333333333333
2017,4,26,0,3.195066,3.435,0.055
2017,4,26,6,5.32511,3.065,0.151666666666667
2017,4,26,12,3.2102806,4.389,0.128333333333333
2017,4,26,18,1.3388848,2.046,0.318333333333333
2017,4,27,0,2.0996148,0.491,0.506666666666667
2017,4,27,6,1.0345928,1.074,0.461666666666667
2017,4,27,12,0.7150862,3.231,0.233333333333333
2017,4,27,18,0.4260088,1.574,0.426666666666667
2017,4,28,0,0.1673606,1.111,0.421666666666667
2017,4,28,6,0,2.741,0.195
2017,4,28,12,0.0456438,4.62,0.0733333333333333
2017,4,28,18,0,3.213,0.236666666666667
2017,4,29,0,0,1.602,0.478333333333333
2017,4,29,6,0,4.056,0.203333333333333
2017,4,29,12,3.2254952,4.648,0.0666666666666667
2017,4,29,18,1.8561812,3.676,0.055
2017,4,30,0,1.2323826,2.315,0.185
2017,4,30,6,0.2586482,1.87,0.321666666666667
2017,4,30,12,0.380365,4.111,0.171666666666667
2017,4,30,18,0.1217168,2.417,0.29
2017,5,1,0,0,1.139,0.393333333333333
2017,5,1,6,0.5781548,2.463,0.221666666666667
2017,5,1,12,0.8215884,3.028,0.151666666666667
2017,5,1,18,0.0456438,2.435,0.195
2017,5,2,0,0.0456438,1.463,0.408333333333333
2017,5,2,6,0,5.602,0.06
2017,5,2,12,0,9.231,0.005
2017,5,2,18,0.7759446,8.287,0
2017,5,3,0,2.5560528,8.481,0
2017,5,3,6,3.3319974,8.926,0
2017,5,3,12,1.3084556,11.62,0
2017,5,3,18,0,12.185,0
2017,5,4,0,0.0152146,12.213,0
2017,5,4,6,0,15.639,0
2017,5,4,12,0.1065022,18.056,0
2017,5,4,18,11.5022376,13.046,0
2017,5,5,0,1.2780264,11.472,0
2017,5,5,6,2.662555,9.167,0
2017,5,5,12,2.9516324,6.056,0.0133333333333333
2017,5,5,18,1.2323826,2.361,0.236666666666667
2017,5,6,0,0.532511,0.361,0.588333333333333
2017,5,6,6,0,1.731,0.405
2017,5,6,12,0,4.37,0.168333333333333
2017,5,6,18,0,2.296,0.398333333333333
2017,5,7,0,0,0.861,0.6
2017,5,7,6,0,3.194,0.203333333333333
2017,5,7,12,0,5.944,0.04
2017,5,7,18,0,4.574,0.176666666666667
2017,5,8,0,0,3.806,0.318333333333333
2017,5,8,6,0,6.352,0.025
2017,5,8,12,0,8.574,0.00166666666666667
2017,5,8,18,0,6.648,0.005
2017,5,9,0,0,4.935,0.0133333333333333
2017,5,9,6,0,8.639,0.005
2017,5,9,12,0,10.528,0
2017,5,9,18,0,8.75,0
2017,5,10,0,0,7.556,0
2017,5,10,6,0.0304292,10.111,0
2017,5,10,12,0.0456438,12.546,0
2017,5,10,18,0.076073,10.528,0
2017,5,11,0,0.304292,8.657,0
2017,5,11,6,1.2628118,9.787,0
2017,5,11,12,8.4745322,6.454,0.0166666666666667
2017,5,11,18,0.8520176,4.009,0.0833333333333333
2017,5,12,0,0.0304292,1.889,0.393333333333333
2017,5,12,6,0.1825752,3.741,0.231666666666667
2017,5,12,12,0.8976614,4.778,0.106666666666667
2017,5,12,18,0.228219,2.102,0.333333333333333
2017,5,13,0,0,0.63,0.575
2017,5,13,6,0.3347212,2.852,0.216666666666667
2017,5,13,12,1.2019534,4.269,0.111666666666667
2017,5,13,18,0.7303008,2.287,0.288333333333333
2017,5,14,0,0.2890774,1.38,0.416666666666667
2017,5,14,6,0.3347212,3.519,0.166666666666667
2017,5,14,12,0.912876,5.389,0.0516666666666667
2017,5,14,18,0.988949,3.537,0.145
2017,5,15,0,1.0498074,2.472,0.255
2017,5,15,6,1.4301724,3.713,0.115
2017,5,15,12,2.4951944,4.167,0.115
2017,5,15,18,2.5560528,2.639,0.218333333333333
2017,5,16,0,6.84657,1.713,0.326666666666667
2017,5,16,6,3.6667186,1.315,0.431666666666667
2017,5,16,12,0.9433052,2.63,0.231666666666667
2017,5,16,18,0.4716526,2.352,0.255
2017,5,17,0,0.2434336,2.037,0.291666666666667
2017,5,17,6,0,4.611,0.0233333333333333
2017,5,17,12,0,6.491,0.01
2017,5,17,18,0,5.361,0.03
2017,5,18,0,0,4.676,0.04
2017,5,18,6,0,6.324,0.01
2017,5,18,12,0,9.046,0
2017,5,18,18,0,7.898,0.005
2017,5,19,0,0,6,0.0116666666666667
2017,5,19,6,0,8.963,0.00166666666666667
2017,5,19,12,0,11,0
2017,5,19,18,0,9.296,0
2017,5,20,0,0,7.648,0.00166666666666667
2017,5,20,6,0,10.389,0
2017,5,20,12,0,12.722,0
2017,5,20,18,0,11.5,0
2017,5,21,0,0,9.769,0
2017,5,21,6,0,14.741,0
2017,5,21,12,0,17.324,0
2017,5,21,18,0,14.528,0
2017,5,22,0,0,12.648,0
2017,5,22,6,0,16.833,0
2017,5,22,12,0,19.361,0
2017,5,22,18,0,16.639,0
2017,5,23,0,0,13.343,0
2017,5,23,6,0,16.231,0
2017,5,23,12,0,14.833,0
2017,5,23,18,0,6.019,0.06
2017,5,24,0,0,2.037,0.29
2017,5,24,6,0.0608584,3.056,0.17
2017,5,24,12,0,5.676,0.03
2017,5,24,18,0,6.296,0.00166666666666667
2017,5,25,0,0,5,0.00666666666666667
2017,5,25,6,0,9.185,0
2017,5,25,12,0,12.509,0
2017,5,25,18,0.1065022,11.056,0
2017,5,26,0,0,9.38,0
2017,5,26,6,0,13.491,0
2017,5,26,12,0,15.88,0
2017,5,26,18,0,13.796,0
2017,5,27,0,0,11.944,0
2017,5,27,6,0,15.731,0
2017,5,27,12,0,18.435,0
2017,5,27,18,0,16.185,0
2017,5,28,0,0,14.176,0
2017,5,28,6,0,17.981,0
2017,5,28,12,0,20.324,0
2017,5,28,18,0,17.278,0
2017,5,29,0,0,14.843,0
2017,5,29,6,0,18.389,0
2017,5,29,12,0,21.88,0
2017,5,29,18,0,18.139,0
2017,5,30,0,0.0304292,13.759,0
2017,5,30,6,0.228219,14.343,0
2017,5,30,12,0.2738628,11.343,0
2017,5,30,18,0.7150862,8.88,0
2017,5,31,0,0.2586482,7.861,0
2017,5,31,6,0,9.083,0
2017,5,31,12,0,11.991,0
2017,5,31,18,0.6694424,10.556,0
2017,6,1,0,1.7192498,9.25,0
2017,6,1,6,0.456438,10.019,0
2017,6,1,12,0.1065022,10.324,0
2017,6,1,18,0.1369314,8.296,0
2017,6,2,0,0.0152146,7.306,0
2017,6,2,6,0,8.796,0
2017,6,2,12,0,11.093,0
2017,6,2,18,0,10.491,0
2017,6,3,0,0,9.157,0
2017,6,3,6,0,8.611,0
2017,6,3,12,0,9.519,0
2017,6,3,18,0,7.426,0.00666666666666667
2017,6,4,0,0,5.417,0.02
2017,6,4,6,0,6.694,0.0133333333333333
2017,6,4,12,0,8.528,0.01
2017,6,4,18,0,6.639,0.05
2017,6,5,0,0,4.963,0.0833333333333333
2017,6,5,6,0,9.824,0.00666666666666667
2017,6,5,12,0,14.167,0
2017,6,5,18,0,12.546,0
2017,6,6,0,0,11.62,0
2017,6,6,6,0,15.778,0
2017,6,6,12,0,18.944,0
2017,6,6,18,0,16.074,0
2017,6,7,0,0,13.583,0
2017,6,7,6,0,17.963,0
2017,6,7,12,0,20.833,0
2017,6,7,18,0.1369314,16.028,0
2017,6,8,0,0.1977898,11.519,0
2017,6,8,6,3.1646368,10.796,0
2017,6,8,12,2.3734776,8.593,0
2017,6,8,18,1.6127476,5,0.0216666666666667
2017,6,9,0,0.532511,4.065,0.045
2017,6,9,6,0.5933694,5.639,0.0283333333333333
2017,6,9,12,1.0041636,8.194,0.0116666666666667
2017,6,9,18,1.0498074,6.5,0.0166666666666667
2017,6,10,0,0.532511,4.556,0.0416666666666667
2017,6,10,6,0.0152146,5.472,0.0283333333333333
2017,6,10,12,0.0152146,7.444,0.01
2017,6,10,18,0,6.972,0.00666666666666667
2017,6,11,0,0,6.241,0.01
2017,6,11,6,0,8.074,0.00166666666666667
2017,6,11,12,0,9.972,0
2017,6,11,18,0,9.102,0
2017,6,12,0,0,7.87,0
2017,6,12,6,0,8.287,0
2017,6,12,12,0,9.509,0
2017,6,12,18,0,6.87,0.0316666666666667
2017,6,13,0,0,5.167,0.065
2017,6,13,6,0,5.954,0.0166666666666667
2017,6,13,12,0,7.444,0.00666666666666667
2017,6,13,18,0,5.694,0.0333333333333333
2017,6,14,0,0.0456438,4.315,0.0666666666666667
2017,6,14,6,0.1217168,5.574,0.0233333333333333
2017,6,14,12,0,7.935,0.005
2017,6,14,18,0,7.343,0.00166666666666667
2017,6,15,0,0.228219,6.583,0.00333333333333333
2017,6,15,6,2.2365462,8.907,0
2017,6,15,12,10.4676448,9.944,0
2017,6,15,18,3.7884354,9.315,0
2017,6,16,0,1.8409666,7.796,0
2017,6,16,6,0.836803,7.898,0
2017,6,16,12,0.5020818,9.583,0.00166666666666667
2017,6,16,18,0.3195066,7.361,0.0133333333333333
2017,6,17,0,0.1673606,5.963,0.0216666666666667
2017,6,17,6,0.2586482,8.231,0.00166666666666667
2017,6,17,12,0.0912876,10.139,0
2017,6,17,18,0.2890774,7.944,0
2017,6,18,0,0.5477256,7.426,0
2017,6,18,6,1.1715242,9.333,0
2017,6,18,12,1.369314,11.537,0
2017,6,18,18,0.2738628,11.759,0
2017,6,19,0,0,11.454,0
2017,6,19,6,0,15.167,0
2017,6,19,12,0,16.796,0
2017,6,19,18,0,13.722,0
2017,6,20,0,0.0456438,11.769,0
2017,6,20,6,0.3651504,12.556,0
2017,6,20,12,0.2890774,12.148,0
2017,6,20,18,0,9.556,0
2017,6,21,0,0,7.065,0.00666666666666667
2017,6,21,6,0,7.88,0.00333333333333333
2017,6,21,12,0,9.769,0
2017,6,21,18,0,8.315,0.01
2017,6,22,0,0,6.287,0.0116666666666667
2017,6,22,6,0,11.361,0.00166666666666667
2017,6,22,12,0,14.167,0
2017,6,22,18,0,12.778,0
2017,6,23,0,0,10.546,0
2017,6,23,6,0,15.648,0
2017,6,23,12,0,18.491,0
2017,6,23,18,0,16.13,0
2017,6,24,0,0,14.38,0
2017,6,24,6,0,19.852,0
2017,6,24,12,0,23.194,0
2017,6,24,18,0,20.306,0
2017,6,25,0,0,18.157,0
2017,6,25,6,0,22.731,0
2017,6,25,12,0,25.343,0
2017,6,25,18,0,20.583,0
2017,6,26,0,0,16.824,0
2017,6,26,6,0,17.778,0
2017,6,26,12,0,17.815,0
2017,6,26,18,0,13.213,0
2017,6,27,0,0,9.843,0
2017,6,27,6,0,11.296,0
2017,6,27,12,0,13.315,0
2017,6,27,18,0,11.657,0
2017,6,28,0,0,9.537,0
2017,6,28,6,0,11.019,0
2017,6,28,12,0,12.63,0
2017,6,28,18,0,11.463,0
2017,6,29,0,0,9.685,0
2017,6,29,6,0,13.963,0
2017,6,29,12,0,17.167,0
2017,6,29,18,0,15.796,0
2017,6,30,0,0,13.361,0
2017,6,30,6,0,17.787,0
2017,6,30,12,0,20.287,0
2017,6,30,18,0,16.806,0
2017,7,1,0,0,13.463,0
2017,7,1,6,0,14.213,0
2017,7,1,12,0,16.093,0
2017,7,1,18,0,13.472,0
2017,7,2,0,0,11.213,0
2017,7,2,6,0,14.889,0
2017,7,2,12,0,17.157,0
2017,7,2,18,0,13.787,0
2017,7,3,0,0,10.38,0
2017,7,3,6,0,11.065,0
2017,7,3,12,0,13.13,0
2017,7,3,18,0,11.343,0
2017,7,4,0,0,8.926,0.00333333333333333
2017,7,4,6,0,13.583,0
2017,7,4,12,0,16.648,0
2017,7,4,18,0,14.509,0
2017,7,5,0,0,11.769,0
2017,7,5,6,0,17.435,0
2017,7,5,12,0,21.204,0
2017,7,5,18,0,18.176,0
2017,7,6,0,0,14.88,0
2017,7,6,6,0,18.657,0
2017,7,6,12,0,22.63,0
2017,7,6,18,0,19.435,0
2017,7,7,0,0,16.009,0
2017,7,7,6,0,17.398,0
2017,7,7,12,0,17.333,0
2017,7,7,18,0,13.315,0
2017,7,8,0,0,11.241,0
2017,7,8,6,0,15.352,0
2017,7,8,12,0,18.398,0
2017,7,8,18,0,15.435,0
2017,7,9,0,0,12.722,0
2017,7,9,6,0,15.065,0
2017,7,9,12,0,16.519,0
2017,7,9,18,0,13.889,0
2017,7,10,0,0,11.231,0
2017,7,10,6,0,13.046,0
2017,7,10,12,0,13.657,0
2017,7,10,18,0,10.676,0
2017,7,11,0,0,8.843,0
2017,7,11,6,0,11.148,0
2017,7,11,12,0,14.231,0
2017,7,11,18,0,12.5,0
2017,7,12,0,0,10.333,0
2017,7,12,6,0,13.315,0
2017,7,12,12,0,15.611,0
2017,7,12,18,0,13.519,0
2017,7,13,0,0,11.343,0
2017,7,13,6,0,11.676,0
2017,7,13,12,0,13.213,0
2017,7,13,18,0,11.37,0
2017,7,14,0,0,9.194,0
2017,7,14,6,0,14.361,0
2017,7,14,12,0,18.694,0
2017,7,14,18,0,15.676,0
2017,7,15,0,0,12.556,0
2017,7,15,6,0,13.917,0
2017,7,15,12,0,15.204,0
2017,7,15,18,0,10.787,0
2017,7,16,0,0,7.694,0.00333333333333333
2017,7,16,6,0,8.685,0.005
2017,7,16,12,0,11.843,0
2017,7,16,18,0,9.583,0.00166666666666667
2017,7,17,0,0,7.731,0
2017,7,17,6,0,12.556,0
2017,7,17,12,0,15.815,0
2017,7,17,18,0,13.648,0
2017,7,18,0,0,11.556,0
2017,7,18,6,0,15.435,0
2017,7,18,12,0,18.472,0
2017,7,18,18,0,14.907,0
2017,7,19,0,0,11.667,0
2017,7,19,6,0,14.296,0
2017,7,19,12,0,16.815,0
2017,7,19,18,0,13.546,0
2017,7,20,0,0.2738628,10.898,0
2017,7,20,6,1.6888206,10.491,0
2017,7,20,12,0.6694424,12.259,0
2017,7,20,18,0.0456438,10.657,0
2017,7,21,0,0,9.38,0
2017,7,21,6,0,12.287,0
2017,7,21,12,0.076073,13.481,0
2017,7,21,18,0.3499358,13.25,0
2017,7,22,0,0.228219,13.167,0
2017,7,22,6,0,14.324,0
2017,7,22,12,0,17.12,0
2017,7,22,18,0,15.333,0
2017,7,23,0,0,13.454,0
2017,7,23,6,0,14.093,0
2017,7,23,12,0,15.435,0
2017,7,23,18,0,12.88,0
2017,7,24,0,0,11.704,0
2017,7,24,6,0,16.074,0
2017,7,24,12,0,18.787,0
2017,7,24,18,0,16.222,0
2017,7,25,0,0,13.648,0
2017,7,25,6,0,17.981,0
2017,7,25,12,0,20.315,0
2017,7,25,18,0,17.352,0
2017,7,26,0,0,13.926,0
2017,7,26,6,0,17.63,0
2017,7,26,12,0,19.935,0
2017,7,26,18,0,15.991,0
2017,7,27,0,0,12.88,0
2017,7,27,6,0,13.944,0
2017,7,27,12,0,15.093,0
2017,7,27,18,0,12.306,0
2017,7,28,0,0,10.056,0
2017,7,28,6,0,13.907,0
2017,7,28,12,0,16.648,0
2017,7,28,18,0,14.111,0
2017,7,29,0,0,11.657,0
2017,7,29,6,0,15.602,0
2017,7,29,12,0,18.926,0
2017,7,29,18,0,15.806,0
2017,7,30,0,0,12.991,0
2017,7,30,6,0,14.722,0
2017,7,30,12,0,17.463,0
2017,7,30,18,0,14.602,0
2017,7,31,0,0,12.065,0
2017,7,31,6,0,16.75,0
2017,7,31,12,0,20.361,0
2017,7,31,18,0,17.519,0
2017,8,1,0,0,16.176,0
2017,8,1,6,0,20.639,0
2017,8,1,12,0,23.991,0
2017,8,1,18,0,20.574,0
2017,8,2,0,0,19.065,0
2017,8,2,6,0,22.778,0
2017,8,2,12,0,25.843,0
2017,8,2,18,0,21.759,0
2017,8,3,0,0,20.435,0
2017,8,3,6,0,23.602,0
2017,8,3,12,0,25.806,0
2017,8,3,18,0,20.824,0
2017,8,4,0,0,18.167,0
2017,8,4,6,0,21.602,0
2017,8,4,12,0,23.676,0
2017,8,4,18,0,19.306,0
2017,8,5,0,0,16.472,0
2017,8,5,6,0,19.796,0
2017,8,5,12,0,22.083,0
2017,8,5,18,0,18.231,0
2017,8,6,0,0,16.019,0
2017,8,6,6,0,19.565,0
2017,8,6,12,0,23.037,0
2017,8,6,18,0,18.917,0
2017,8,7,0,0,16.083,0
2017,8,7,6,0,20.269,0
2017,8,7,12,0,23.343,0
2017,8,7,18,0,19.426,0
2017,8,8,0,0,16.611,0
2017,8,8,6,0,21.157,0
2017,8,8,12,0,23.954,0
2017,8,8,18,0,20.333,0
2017,8,9,0,0,18.444,0
2017,8,9,6,0,22.185,0
2017,8,9,12,0,24.611,0
2017,8,9,18,0,20.269,0
2017,8,10,0,0,17.556,0
2017,8,10,6,0,21.62,0
2017,8,10,12,0,24.815,0
2017,8,10,18,0,20.759,0
2017,8,11,0,0,17.602,0
2017,8,11,6,0,21.528,0
2017,8,11,12,0,24.722,0
2017,8,11,18,0,19.056,0
2017,8,12,0,0,15.611,0
2017,8,12,6,0,17.185,0
2017,8,12,12,0,18.694,0
2017,8,12,18,0.2586482,13.954,0
2017,8,13,0,0.3347212,12.398,0
2017,8,13,6,0.4412234,11.444,0
2017,8,13,12,0.076073,12.815,0
2017,8,13,18,0,9.917,0.00166666666666667
2017,8,14,0,0,9.065,0
2017,8,14,6,0,10.352,0
2017,8,14,12,0,12.815,0
2017,8,14,18,0,10.833,0
2017,8,15,0,0,9.417,0
2017,8,15,6,0,12.546,0
2017,8,15,12,0,16.111,0
2017,8,15,18,0,13.407,0
2017,8,16,0,0,11.25,0
2017,8,16,6,0,14.602,0
2017,8,16,12,0,16.333,0
2017,8,16,18,0,13.222,0
2017,8,17,0,0,11.537,0
2017,8,17,6,0,13.593,0
2017,8,17,12,0,16.148,0
2017,8,17,18,0,13.88,0
2017,8,18,0,0,12.028,0
2017,8,18,6,0,13.991,0
2017,8,18,12,0,14.657,0
2017,8,18,18,0,11.722,0
2017,8,19,0,0,9.648,0
2017,8,19,6,0,11.25,0
2017,8,19,12,0,13.917,0
2017,8,19,18,0,11.528,0
2017,8,20,0,0,10.139,0
2017,8,20,6,0,13.454,0
2017,8,20,12,0,16.75,0
2017,8,20,18,0,13.102,0
2017,8,21,0,0,11.75,0
2017,8,21,6,0,16.324,0
2017,8,21,12,0,20.574,0
2017,8,21,18,0,17.87,0
2017,8,22,0,0,16.194,0
2017,8,22,6,0,20.046,0
2017,8,22,12,0,22.407,0
2017,8,22,18,0,17.639,0
2017,8,23,0,0,14.398,0
2017,8,23,6,0,15.954,0
2017,8,23,12,0,18.389,0
2017,8,23,18,0,14.231,0
2017,8,24,0,0,10.815,0
2017,8,24,6,0,9.991,0
2017,8,24,12,0,12.602,0
2017,8,24,18,0,10.204,0
2017,8,25,0,0,8.083,0
2017,8,25,6,0,11.194,0
2017,8,25,12,0,14.648,0
2017,8,25,18,0,12.065,0
2017,8,26,0,0,10.426,0
2017,8,26,6,0,15.102,0
2017,8,26,12,0,20.167,0
2017,8,26,18,0,16.722,0
2017,8,27,0,0,14.759,0
2017,8,27,6,0,20.009,0
2017,8,27,12,0,23.815,0
2017,8,27,18,0,19.611,0
2017,8,28,0,0,17.944,0
2017,8,28,6,0,22.157,0
2017,8,28,12,0,25.898,0
2017,8,28,18,0,21.454,0
2017,8,29,0,0,19.444,0
2017,8,29,6,0,23.083,0
2017,8,29,12,0,25.75,0
2017,8,29,18,0,19.315,0
2017,8,30,0,0,14.565,0
2017,8,30,6,0,15.074,0
2017,8,30,12,0,16.741,0
2017,8,30,18,0.6694424,13.889,0
2017,8,31,0,0.2434336,12.463,0
2017,8,31,6,0,13.324,0
2017,8,31,12,0,16.028,0
2017,8,31,18,0,13.454,0
2017,9,1,0,0,12.056,0
2017,9,1,6,0,16.231,0
2017,9,1,12,0,20.694,0
2017,9,1,18,0,17.593,0
2017,9,2,0,0,15.833,0
2017,9,2,6,0,20,0
2017,9,2,12,0,23.454,0
2017,9,2,18,0,18.88,0
2017,9,3,0,0,16.519,0
2017,9,3,6,0,20.778,0
2017,9,3,12,0,24.62,0
2017,9,3,18,0,19.509,0
2017,9,4,0,0,18.815,0
2017,9,4,6,0,23.046,0
2017,9,4,12,0,27.269,0
2017,9,4,18,0,24.352,0
2017,9,5,0,0,22.528,0
2017,9,5,6,0,26.12,0
2017,9,5,12,0,27.685,0
2017,9,5,18,0,22.861,0
2017,9,6,0,0,20.657,0
2017,9,6,6,0,23.241,0
2017,9,6,12,0,25.241,0
2017,9,6,18,0,19.787,0
2017,9,7,0,0,16.481,0
2017,9,7,6,0,18.722,0
2017,9,7,12,0,20.019,0
2017,9,7,18,0,15.889,0
2017,9,8,0,0,14.185,0
2017,9,8,6,0.3195066,13.917,0
2017,9,8,12,0,15.12,0
2017,9,8,18,0.1825752,13.324,0
2017,9,9,0,0.6237986,11.75,0
2017,9,9,6,1.9931126,10.37,0
2017,9,9,12,3.2863536,10.009,0
2017,9,9,18,0.76073,9.157,0.00166666666666667
2017,9,10,0,0.684657,7.75,0.00166666666666667
2017,9,10,6,0,10.204,0
2017,9,10,12,0,13.833,0
2017,9,10,18,0,11.472,0
2017,9,11,0,0,10.787,0
2017,9,11,6,0,15.769,0
2017,9,11,12,0,20.009,0
2017,9,11,18,0,15.454,0
2017,9,12,0,0,13.306,0
2017,9,12,6,0,14.176,0
2017,9,12,12,0,14.444,0
2017,9,12,18,0,10.574,0.00166666666666667
2017,9,13,0,0,8.194,0.00333333333333333
2017,9,13,6,0,9.435,0.00166666666666667
2017,9,13,12,0,12.769,0
2017,9,13,18,0,10.111,0.00166666666666667
2017,9,14,0,0,9.426,0.00333333333333333
2017,9,14,6,0,12.315,0.00166666666666667
2017,9,14,12,0,15.88,0
2017,9,14,18,0,11.593,0.00166666666666667
2017,9,15,0,0,9.657,0.005
2017,9,15,6,0,12.657,0.00166666666666667
2017,9,15,12,0,15.583,0
2017,9,15,18,0,11.204,0
2017,9,16,0,0,9.222,0.00166666666666667
2017,9,16,6,0,12.037,0.00166666666666667
2017,9,16,12,0,15.306,0
2017,9,16,18,0,11.769,0.00166666666666667
2017,9,17,0,0,9.37,0
2017,9,17,6,0.0912876,11.602,0
2017,9,17,12,0.6542278,10.019,0
2017,9,17,18,0.6542278,5.602,0.0333333333333333
2017,9,18,0,0.1369314,3.889,0.055
2017,9,18,6,2.4039068,4.722,0.035
2017,9,18,12,0.7759446,6.556,0.015
2017,9,18,18,1.2475972,5.528,0.0233333333333333
2017,9,19,0,3.499358,4.315,0.0383333333333333
2017,9,19,6,3.5906456,4.843,0.0266666666666667
2017,9,19,12,1.825752,6.139,0.02
2017,9,19,18,3.5145726,4.204,0.065
2017,9,20,0,0.5020818,3.333,0.118333333333333
2017,9,20,6,0.0456438,4.852,0.03
2017,9,20,12,0.3955796,6.306,0.0133333333333333
2017,9,20,18,0.5933694,4.907,0.0433333333333333
2017,9,21,0,1.6888206,4.741,0.0266666666666667
2017,9,21,6,0,6.861,0.015
2017,9,21,12,0,8.852,0
2017,9,21,18,0,7.333,0
2017,9,22,0,0,6.926,0.00166666666666667
2017,9,22,6,0,9.454,0
2017,9,22,12,0,11.278,0
2017,9,22,18,0,8.583,0.0116666666666667
2017,9,23,0,0,7.611,0
2017,9,23,6,0,8.954,0
2017,9,23,12,0,11.426,0
2017,9,23,18,0,8.537,0
2017,9,24,0,0,7.231,0
2017,9,24,6,0,10.13,0
2017,9,24,12,0,13.12,0
2017,9,24,18,0,10.38,0
2017,9,25,0,0.1065022,9.917,0
2017,9,25,6,0.2890774,9.954,0
2017,9,25,12,0.152146,10.796,0
2017,9,25,18,0,9.889,0
2017,9,26,0,0,9.046,0
2017,9,26,6,0,11.63,0
2017,9,26,12,0,14.75,0
2017,9,26,18,0,12.741,0
2017,9,27,0,0,12.25,0
2017,9,27,6,0,15.907,0
2017,9,27,12,0,19.472,0
2017,9,27,18,0,16,0
2017,9,28,0,0,14.426,0
2017,9,28,6,0,17.481,0
2017,9,28,12,0,21.046,0
2017,9,28,18,0,16.722,0
2017,9,29,0,0,13.806,0
2017,9,29,6,1.901825,12.926,0
2017,9,29,12,2.1909024,10.731,0
2017,9,29,18,0.228219,7.111,0.005
2017,9,30,0,0.988949,5.417,0.0166666666666667
2017,9,30,6,2.7538426,6.139,0.0116666666666667
2017,9,30,12,4.3209464,6.546,0.0133333333333333
2017,9,30,18,1.5671038,5.083,0.0233333333333333
2017,10,1,0,0.380365,4.583,0.035
2017,10,1,6,0,4.944,0.03
2017,10,1,12,0.1825752,6.426,0.0216666666666667
2017,10,1,18,0,4.796,0.045
2017,10,2,0,0,4.028,0.0516666666666667
2017,10,2,6,0.0152146,6.185,0.035
2017,10,2,12,0,10.5,0.00333333333333333
2017,10,2,18,0,7.917,0.0166666666666667
2017,10,3,0,0,6.907,0.02
2017,10,3,6,0,9.176,0.00833333333333333
2017,10,3,12,0,12.407,0
2017,10,3,18,0,9.481,0.00333333333333333
2017,10,4,0,0,7.88,0.0366666666666667
2017,10,4,6,0,10.25,0.01
2017,10,4,12,0,12.954,0
2017,10,4,18,0,9.759,0.00166666666666667
2017,10,5,0,0,7.815,0.00166666666666667
2017,10,5,6,0,10.917,0
2017,10,5,12,0,13.981,0
2017,10,5,18,0,9.389,0.0233333333333333
2017,10,6,0,0,7.528,0.0366666666666667
2017,10,6,6,0.1977898,8.463,0.0116666666666667
2017,10,6,12,6.5727072,6.704,0
2017,10,6,18,6.922643,6.667,0.00333333333333333
2017,10,7,0,0.6237986,3.426,0.09
2017,10,7,6,1.3997432,3.769,0.09
2017,10,7,12,2.4495506,4.676,0.0533333333333333
2017,10,7,18,1.673606,3.676,0.0733333333333333
2017,10,8,0,0.5629402,3.315,0.0916666666666667
2017,10,8,6,0,4.741,0.0466666666666667
2017,10,8,12,0,7.037,0.0133333333333333
2017,10,8,18,0,4.583,0.0733333333333333
2017,10,9,0,0,3.528,0.09
2017,10,9,6,0,6.019,0.0283333333333333
2017,10,9,12,0,9.676,0.005
2017,10,9,18,0,7.194,0.0316666666666667
2017,10,10,0,0,6.731,0.0283333333333333
2017,10,10,6,0.2890774,6.167,0.0233333333333333
2017,10,10,12,1.5823184,4.222,0.0816666666666667
2017,10,10,18,0.2890774,1.759,0.39
2017,10,11,0,0.6390132,0.63,0.496666666666667
2017,10,11,6,0.3955796,1.546,0.368333333333333
2017,10,11,12,0.5629402,2.5,0.258333333333333
2017,10,11,18,0.5933694,1.25,0.416666666666667
2017,10,12,0,1.8409666,0.944,0.435
2017,10,12,6,0.5477256,2.009,0.346666666666667
2017,10,12,12,0.836803,2.741,0.181666666666667
2017,10,12,18,1.5366746,1.13,0.358333333333333
2017,10,13,0,3.5602164,0.806,0.418333333333333
2017,10,13,6,2.4495506,0.426,0.55
2017,10,13,12,0.1217168,2.204,0.266666666666667
2017,10,13,18,0.0152146,0.824,0.531666666666667
2017,10,14,0,0,0.343,0.721666666666667
2017,10,14,6,0,2.648,0.235
2017,10,14,12,0,4.5,0.02
2017,10,14,18,0,4.278,0.015
2017,10,15,0,0,4.759,0.00666666666666667
2017,10,15,6,0,8,0.00333333333333333
2017,10,15,12,0,10.88,0
2017,10,15,18,0,7.972,0
2017,10,16,0,0.0608584,7.574,0
2017,10,16,6,0.1673606,8.13,0
2017,10,16,12,2.2213316,8.509,0
2017,10,16,18,1.7040352,8.63,0
2017,10,17,0,11.4718084,8.944,0
2017,10,17,6,13.997432,6.398,0.01
2017,10,17,12,0.380365,4.176,0.0866666666666667
2017,10,17,18,0,3.12,0.328333333333333
2017,10,18,0,0.0912876,3.861,0.261666666666667
2017,10,18,6,5.8119772,5.648,0.0683333333333333
2017,10,18,12,20.7222852,8.241,0
2017,10,18,18,14.149578,7.37,0
2017,10,19,0,4.2753026,5.639,0.00833333333333333
2017,10,19,6,2.8451302,6.074,0.0166666666666667
2017,10,19,12,4.640453,5.769,0.0166666666666667
2017,10,19,18,7.3182226,4.12,0.0333333333333333
2017,10,20,0,3.9405814,2.528,0.15
2017,10,20,6,0.304292,2.935,0.17
2017,10,20,12,0.9737344,3.324,0.121666666666667
2017,10,20,18,0.076073,1.398,0.388333333333333
2017,10,21,0,0.1369314,1.583,0.408333333333333
2017,10,21,6,3.118993,3.528,0.0933333333333333
2017,10,21,12,11.487023,5.157,0.025
2017,10,21,18,20.920075,6.435,0.00333333333333333
2017,10,22,0,12.1564654,5.407,0.01
2017,10,22,6,0.608584,4.065,0.0633333333333333
2017,10,22,12,0.2586482,5.176,0.0366666666666667
2017,10,22,18,0.1065022,4.324,0.0466666666666667
2017,10,23,0,0,3.833,0.0566666666666667
2017,10,23,6,0,5.722,0.02
2017,10,23,12,0,8.889,0
2017,10,23,18,0,8.12,0
2017,10,24,0,0,7.361,0
2017,10,24,6,0,9.917,0.00833333333333333
2017,10,24,12,0,14.222,0
2017,10,24,18,0,10.593,0.00166666666666667
2017,10,25,0,0,8.639,0.00166666666666667
2017,10,25,6,6.0401962,7.898,0
2017,10,25,12,1.9626834,7.898,0
2017,10,25,18,0,6.926,0.00166666666666667
2017,10,26,0,0.152146,6.648,0.00333333333333333
2017,10,26,6,0,8.111,0.00333333333333333
2017,10,26,12,0,11.389,0
2017,10,26,18,0,10.741,0
2017,10,27,0,0,12.102,0
2017,10,27,6,0,14.741,0
2017,10,27,12,0,17.676,0
2017,10,27,18,0,15.213,0
2017,10,28,0,0,13.046,0
2017,10,28,6,0,14.13,0
2017,10,28,12,0,15.472,0
2017,10,28,18,0,10.954,0
2017,10,29,0,0,9.741,0
2017,10,29,6,0,10.62,0
2017,10,29,12,0,12.259,0.00166666666666667
2017,10,29,18,0,8.787,0.0266666666666667
2017,10,30,0,0,7.176,0.128333333333333
2017,10,30,6,0,7.37,0.191666666666667
2017,10,30,12,0,9.917,0.0133333333333333
2017,10,30,18,0,7.769,0.106666666666667
2017,10,31,0,0,6.241,0.325
2017,10,31,6,0,7.065,0.1
2017,10,31,12,0,8.204,0
2017,10,31,18,0,5.463,0.00833333333333333
2017,11,1,0,0.1065022,3.537,0.0883333333333333
2017,11,1,6,1.0498074,2.722,0.191666666666667
2017,11,1,12,1.0193782,3.491,0.113333333333333
2017,11,1,18,0.1825752,2.389,0.206666666666667
2017,11,2,0,0.684657,1.769,0.31
2017,11,2,6,4.2753026,2.306,0.281666666666667
2017,11,2,12,8.8092534,0.954,0.506666666666667
2017,11,2,18,2.7538426,-2.435,0.996666666666667
2017,11,3,0,0.9433052,-3.824,1
2017,11,3,6,1.0193782,-3.324,0.996666666666667
2017,11,3,12,0.1977898,-1.898,0.996666666666667
2017,11,3,18,0.1977898,-4.435,1
2017,11,4,0,0.2738628,-4.315,1
2017,11,4,6,0.1065022,-4.352,1
2017,11,4,12,0.4868672,-3.398,1
2017,11,4,18,0.228219,-4.287,1
2017,11,5,0,0.7150862,-2.806,1
2017,11,5,6,0.304292,-2.963,1
2017,11,5,12,0,-1.426,1
2017,11,5,18,0,-3.87,1
2017,11,6,0,0,-4.361,1
2017,11,6,6,0,-2.963,1
2017,11,6,12,0,-0.37,0.975
2017,11,6,18,0,-1.694,1
2017,11,7,0,0,-1.537,1
2017,11,7,6,0,0.5,0.955
2017,11,7,12,0,3.324,0.686666666666667
2017,11,7,18,0,3.481,0.625
2017,11,8,0,0.0152146,4.935,0.1
2017,11,8,6,0.0304292,5.574,0.0233333333333333
2017,11,8,12,0,6.269,0.0566666666666667
2017,11,8,18,0.0456438,5.204,0.04
2017,11,9,0,0.380365,4.407,0.0516666666666667
2017,11,9,6,0.1217168,4.343,0.06
2017,11,9,12,0.5933694,3.315,0.105
2017,11,9,18,0.4260088,2.463,0.151666666666667
2017,11,10,0,0,2.194,0.22
2017,11,10,6,0,3.296,0.181666666666667
2017,11,10,12,0,3.963,0.065
2017,11,10,18,0.0608584,2.352,0.235
2017,11,11,0,0,1.843,0.376666666666667
2017,11,11,6,0.0304292,3.398,0.205
2017,11,11,12,0.608584,4.139,0.05
2017,11,11,18,0.9280906,3.954,0.0433333333333333
2017,11,12,0,2.6777696,4.287,0.0333333333333333
2017,11,12,6,5.0512472,4.324,0.0316666666666667
2017,11,12,12,6.922643,5.019,0.02
2017,11,12,18,4.2448734,4.657,0.0216666666666667
2017,11,13,0,3.1342076,4.528,0.0366666666666667
2017,11,13,6,1.4910308,2.509,0.228333333333333
2017,11,13,12,4.1231566,2.537,0.296666666666667
2017,11,13,18,7.3334372,1.926,0.24
2017,11,14,0,3.575431,1.204,0.38
2017,11,14,6,2.4495506,2.167,0.35
2017,11,14,12,5.0056034,3.083,0.168333333333333
2017,11,14,18,4.8382428,3.083,0.18
2017,11,15,0,5.020818,2.667,0.193333333333333
2017,11,15,6,3.4080704,2.037,0.301666666666667
2017,11,15,12,0.76073,1.722,0.421666666666667
2017,11,15,18,0.5933694,0.352,0.701666666666667
2017,11,16,0,3.4080704,-0.074,0.715
2017,11,16,6,2.7234134,-0.028,0.683333333333333
2017,11,16,12,1.9474688,0.444,0.633333333333333
2017,11,16,18,3.1037784,-0.287,0.765
2017,11,17,0,2.4495506,-0.917,0.846666666666667
2017,11,17,6,0.7303008,-0.981,0.833333333333333
2017,11,17,12,0.4868672,-0.315,0.711666666666667
2017,11,17,18,0.3499358,-0.38,0.77
2017,11,18,0,0.5172964,0.472,0.636666666666667
2017,11,18,6,0,1.63,0.38
2017,11,18,12,0,2.602,0.288333333333333
2017,11,18,18,0,2.074,0.438333333333333
2017,11,19,0,0.2586482,2.278,0.41
2017,11,19,6,2.3278338,2.981,0.23
2017,11,19,12,6.6031364,2.593,0.203333333333333
2017,11,19,18,3.6819332,2.009,0.256666666666667
2017,11,20,0,2.4951944,3.028,0.0533333333333333
2017,11,20,6,10.117709,2.898,0.0883333333333333
2017,11,20,12,0.6390132,1.917,0.248333333333333
2017,11,20,18,0,0.509,0.665
2017,11,21,0,0.0152146,2.537,0.655
2017,11,21,6,8.7940388,5.63,0.0333333333333333
2017,11,21,12,12.7954786,7.833,0
2017,11,21,18,6.2988444,8.481,0
2017,11,22,0,3.3167828,8.315,0
2017,11,22,6,1.5518892,9.722,0
2017,11,22,12,3.6971478,10.25,0
2017,11,22,18,12.475972,9.444,0
2017,11,23,0,8.8396826,7.167,0
2017,11,23,6,9.1135454,5.019,0.00833333333333333
2017,11,23,12,3.0733492,3.148,0.14
2017,11,23,18,3.04292,2.333,0.17
2017,11,24,0,3.499358,1.889,0.233333333333333
2017,11,24,6,0.912876,1.75,0.296666666666667
2017,11,24,12,1.0954512,2.63,0.195
2017,11,24,18,0.6237986,2.519,0.173333333333333
2017,11,25,0,0.3347212,2.787,0.158333333333333
2017,11,25,6,0.0912876,3.861,0.123333333333333
2017,11,25,12,0.4260088,5.944,0.0283333333333333
2017,11,25,18,3.0885638,6.037,0.00666666666666667
2017,11,26,0,1.6279622,7.926,0
2017,11,26,6,7.0443598,6.611,0.00333333333333333
2017,11,26,12,7.9268066,1.889,0.323333333333333
2017,11,26,18,2.2669754,0.306,0.581666666666667
2017,11,27,0,3.04292,-0.389,0.736666666666667
2017,11,27,6,0.4412234,-0.324,0.696666666666667
2017,11,27,12,0.2890774,0.287,0.59
2017,11,27,18,0.076073,-0.093,0.815
2017,11,28,0,1.4301724,2.065,0.433333333333333
2017,11,28,6,2.890774,2.62,0.198333333333333
2017,11,28,12,1.7040352,0.389,0.566666666666667
2017,11,28,18,0.988949,-0.38,0.721666666666667
2017,11,29,0,0.7150862,-0.333,0.718333333333333
2017,11,29,6,0.4868672,0.565,0.565
2017,11,29,12,0.5477256,1.778,0.378333333333333
2017,11,29,18,0.5629402,2.296,0.351666666666667
2017,11,30,0,1.2780264,2.537,0.23
2017,11,30,6,2.8299156,1.954,0.306666666666667
2017,11,30,12,1.445387,1.426,0.331666666666667
2017,11,30,18,2.2365462,1.185,0.358333333333333
2017,12,1,0,1.1258804,0.991,0.491666666666667
2017,12,1,6,4.56438,1.056,0.491666666666667
2017,12,1,12,5.020818,0.426,0.588333333333333
2017,12,1,18,2.206117,0.361,0.596666666666667
2017,12,2,0,1.5671038,-0.296,0.738333333333333
2017,12,2,6,0.2890774,0.528,0.635
2017,12,2,12,1.1867388,0.389,0.61
2017,12,2,18,1.141095,-1.046,0.908333333333333
2017,12,3,0,0.456438,-1.75,0.961666666666667
2017,12,3,6,0,-1.898,0.953333333333333
2017,12,3,12,0,-1.148,0.858333333333333
2017,12,3,18,0,-2.62,0.995
2017,12,4,0,0,-3.065,1
2017,12,4,6,0,-2.602,0.986666666666667
2017,12,4,12,0,-1.657,0.953333333333333
2017,12,4,18,0,-2.185,1
2017,12,5,0,0,-0.963,1
2017,12,5,6,0,1.667,0.77
2017,12,5,12,0,4.917,0.0383333333333333
2017,12,5,18,0,4.889,0.0566666666666667
2017,12,6,0,0,5.509,0.0716666666666667
2017,12,6,6,0,6.556,0.0333333333333333
2017,12,6,12,0,8.583,0.0116666666666667
2017,12,6,18,0,8.269,0.0133333333333333
2017,12,7,0,0,8.481,0.0166666666666667
2017,12,7,6,0,9.472,0.0166666666666667
2017,12,7,12,0,10.833,0.00833333333333333
2017,12,7,18,0,9.667,0.0566666666666667
2017,12,8,0,0,9.046,0.0966666666666667
2017,12,8,6,0,8.88,0.0933333333333333
2017,12,8,12,0,10.259,0.02
2017,12,8,18,0,9.241,0.04
2017,12,9,0,0,8.88,0.0766666666666667
2017,12,9,6,0,9.13,0.08
2017,12,9,12,0,10.324,0.0366666666666667
2017,12,9,18,0,9.528,0.0833333333333333
2017,12,10,0,0,8.861,0.0866666666666667
2017,12,10,6,0,9.463,0.0216666666666667
2017,12,10,12,0,11.352,0
2017,12,10,18,0,11.306,0.00166666666666667
2017,12,11,0,0,10.889,0.0116666666666667
2017,12,11,6,0,10.657,0.0166666666666667
2017,12,11,12,0,10.407,0.0183333333333333
2017,12,11,18,0,7.991,0.101666666666667
2017,12,12,0,0,6.176,0.156666666666667
2017,12,12,6,0,5.491,0.0166666666666667
2017,12,12,12,0,5.602,0.0266666666666667
2017,12,12,18,0,4.75,0.0483333333333333
2017,12,13,0,0,4.565,0.065
2017,12,13,6,0,5.481,0.0516666666666667
2017,12,13,12,0,7.315,0.0116666666666667
2017,12,13,18,0,7.046,0.01
2017,12,14,0,0,6.935,0.0133333333333333
2017,12,14,6,0,7.278,0.01
2017,12,14,12,0,8.065,0.00166666666666667
2017,12,14,18,0,6.63,0.0116666666666667
2017,12,15,0,0.7150862,3.843,0.0366666666666667
2017,12,15,6,2.6016966,1.852,0.171666666666667
2017,12,15,12,1.065022,0.093,0.616666666666667
2017,12,15,18,2.1148294,-0.824,0.83
2017,12,16,0,0.7455154,-1.315,0.908333333333333
2017,12,16,6,0.1673606,-0.88,0.84
2017,12,16,12,0,-0.009,0.683333333333333
2017,12,16,18,0.0456438,0.056,0.688333333333333
2017,12,17,0,0.4260088,1.472,0.343333333333333
2017,12,17,6,4.716526,2.296,0.0933333333333333
2017,12,17,12,10.7871514,2.806,0.0466666666666667
2017,12,17,18,16.051403,2.694,0.0816666666666667
2017,12,18,0,11.6239544,2.204,0.151666666666667
2017,12,18,6,1.3540994,0.713,0.47
2017,12,18,12,1.0954512,0.083,0.655
2017,12,18,18,2.3886922,-0.481,0.785
2017,12,19,0,4.1688004,0.213,0.64
2017,12,19,6,11.0001558,1.583,0.331666666666667
2017,12,19,12,5.781548,0.352,0.543333333333333
2017,12,19,18,2.5560528,-2.861,1
2017,12,20,0,0.1977898,-4.093,1
2017,12,20,6,0.0912876,-3.778,1
2017,12,20,12,0.0912876,-1.426,1
2017,12,20,18,0.0912876,-2.833,1
2017,12,21,0,0.076073,-3.537,1
2017,12,21,6,0,-3.12,1
2017,12,21,12,0,-2.417,1
2017,12,21,18,0,-3.176,1
2017,12,22,0,0,-3.454,1
2017,12,22,6,0,-4.306,1
2017,12,22,12,0,-4.065,1
2017,12,22,18,0,-6.722,1
2017,12,23,0,0,-7.139,1
2017,12,23,6,0,-6.009,1
2017,12,23,12,0,-3.259,1
2017,12,23,18,0,-3.685,1
2017,12,24,0,0,-2.491,1
2017,12,24,6,0,-0.963,1
2017,12,24,12,0,-1.259,1
2017,12,24,18,0,-3.185,1
2017,12,25,0,0,-3.352,1
2017,12,25,6,0,-4.213,1
2017,12,25,12,0,-3.972,1
2017,12,25,18,0,-5.546,1
2017,12,26,0,0,-5.583,1
2017,12,26,6,0,-4.944,1
2017,12,26,12,0,-3.759,1
2017,12,26,18,0,-4.528,1
2017,12,27,0,0.0456438,-4.722,1
2017,12,27,6,0.4107942,-3.278,1
2017,12,27,12,0.7911592,-1.824,1
2017,12,27,18,1.1258804,-0.88,0.923333333333333
2017,12,28,0,3.1798514,0.25,0.703333333333333
2017,12,28,6,8.7636096,1.111,0.42
2017,12,28,12,7.3486518,1.861,0.2
2017,12,28,18,4.3970194,1.574,0.276666666666667
2017,12,29,0,0.7911592,1.426,0.448333333333333
2017,12,29,6,2.814701,1.815,0.33
2017,12,29,12,5.0056034,2.861,0.0483333333333333
2017,12,29,18,7.6073,2.62,0.226666666666667
2017,12,30,0,5.249037,-0.648,0.795
2017,12,30,6,4.3209464,-1.713,0.955
2017,12,30,12,0.988949,-1.898,0.981666666666667
2017,12,30,18,0.0608584,-2.704,1
2017,12,31,0,0,-2.222,1
2017,12,31,6,0,-0.278,0.991666666666667
2017,12,31,12,0,0.491,0.941666666666667
2017,12,31,18,0,-4.898,1
2018,1,1,0,0.0152146,-4.731,1
2018,1,1,6,0,-1.769,0.966666666666667
2018,1,1,12,0,1.509,0.74
2018,1,1,18,0,-0.315,0.97
2018,1,2,0,0,-0.593,0.988333333333333
2018,1,2,6,0,2.185,0.491666666666667
2018,1,2,12,0,4.167,0.11
2018,1,2,18,0,1.806,0.61
2018,1,3,0,0,-1.546,0.981666666666667
2018,1,3,6,0,0.185,0.768333333333333
2018,1,3,12,0,2.861,0.3
2018,1,3,18,0,1.426,0.748333333333333
2018,1,4,0,0,1.546,0.586666666666667
2018,1,4,6,0,2.519,0.281666666666667
2018,1,4,12,0.0912876,3.102,0.11
2018,1,4,18,0.076073,3.056,0.11
2018,1,5,0,1.6431768,3.25,0.11
2018,1,5,6,2.28219,3.769,0.11
2018,1,5,12,1.6127476,3.759,0.11
2018,1,5,18,0.8215884,2.917,0.11
2018,1,6,0,0.5477256,2.324,0.11
2018,1,6,6,1.5062454,1.611,0.163333333333333
2018,1,6,12,0.2890774,0.861,0.39
2018,1,6,18,0,-1.407,0.91
2018,1,7,0,0.2890774,-1.731,0.91
2018,1,7,6,0.8976614,-0.417,0.806666666666667
2018,1,7,12,1.7953228,1.019,0.403333333333333
2018,1,7,18,0.152146,2.694,0.115
2018,1,8,0,3.5602164,3.037,0.0533333333333333
2018,1,8,6,2.7842718,2.426,0.148333333333333
2018,1,8,12,0,3.269,0.173333333333333
2018,1,8,18,0.7150862,2.806,0.133333333333333
2018,1,9,0,7.3334372,1.833,0.21
2018,1,9,6,2.3734776,1.361,0.331666666666667
2018,1,9,12,0,0.213,0.565
2018,1,9,18,0.2586482,-0.889,0.793333333333333
2018,1,10,0,0.152146,-1.528,0.9
2018,1,10,6,0.304292,-1.611,0.91
2018,1,10,12,0.304292,-0.907,0.816666666666667
2018,1,10,18,0,-1.222,0.963333333333333
2018,1,11,0,4.9751742,-0.037,0.81
2018,1,11,6,1.445387,0.972,0.508333333333333
2018,1,11,12,5.477256,1.602,0.301666666666667
2018,1,11,18,2.1756878,1.537,0.335
2018,1,12,0,0.9585198,2.009,0.253333333333333
2018,1,12,6,0.0912876,2.75,0.095
2018,1,12,12,3.271139,2.5,0.0966666666666667
2018,1,12,18,13.0389122,1.944,0.186666666666667
2018,1,13,0,3.8188646,3.093,0.05
2018,1,13,6,0.1065022,4.231,0.015
2018,1,13,12,0.0152146,5.824,0.00333333333333333
2018,1,13,18,0.0304292,7.389,0.01
2018,1,14,0,0,8.787,0.0133333333333333
2018,1,14,6,0,10.463,0.00666666666666667
2018,1,14,12,0,11.731,0.00166666666666667
2018,1,14,18,0,10.704,0.00333333333333333
2018,1,15,0,0,9.537,0.01
2018,1,15,6,0,9.167,0.00666666666666667
2018,1,15,12,0,9.981,0.00333333333333333
2018,1,15,18,0.0608584,8.685,0.015
2018,1,16,0,0.1065022,5.5,0.0216666666666667
2018,1,16,6,0.4107942,3.741,0.0716666666666667
2018,1,16,12,1.0498074,2.713,0.265
2018,1,16,18,0.0152146,2.389,0.351666666666667
2018,1,17,0,0.0152146,4.296,0.331666666666667
2018,1,17,6,0,4.343,0.0616666666666667
2018,1,17,12,7.9572358,6.139,0.0283333333333333
2018,1,17,18,4.0775128,4.389,0.0333333333333333
2018,1,18,0,10.7567222,1.917,0.268333333333333
2018,1,18,6,0.1369314,0.694,0.563333333333333
2018,1,18,12,1.065022,1.185,0.498333333333333
2018,1,18,18,0.6998716,0.065,0.693333333333333
2018,1,19,0,0,-0.324,0.793333333333333
2018,1,19,6,0.076073,0.269,0.748333333333333
2018,1,19,12,3.0277054,0.926,0.585
2018,1,19,18,5.1121056,0.361,0.616666666666667
2018,1,20,0,4.0014398,-0.769,0.808333333333333
2018,1,20,6,3.3319974,-0.778,0.868333333333333
2018,1,20,12,0.4716526,0.843,0.601666666666667
2018,1,20,18,0.0152146,1.278,0.515
2018,1,21,0,0,2.009,0.378333333333333
2018,1,21,6,0,2.269,0.333333333333333
2018,1,21,12,0,0.778,0.52
2018,1,21,18,8.36803,-0.75,0.826666666666667
2018,1,22,0,3.4080704,-0.556,0.771666666666667
2018,1,22,6,2.9820616,-0.852,0.8
2018,1,22,12,0.9737344,-0.713,0.795
2018,1,22,18,0,-1.667,0.98
2018,1,23,0,0,-0.676,0.948333333333333
2018,1,23,6,1.7953228,1.296,0.58
2018,1,23,12,4.8534574,2.111,0.295
2018,1,23,18,17.8467258,2.148,0.22
2018,1,24,0,0.912876,2.491,0.146666666666667
2018,1,24,6,1.52146,2.12,0.295
2018,1,24,12,2.0235418,1.944,0.315
2018,1,24,18,3.3167828,0.694,0.578333333333333
2018,1,25,0,2.6321258,-1.917,0.955
2018,1,25,6,0.532511,-1.852,0.971666666666667
2018,1,25,12,2.738628,-1.38,0.896666666666667
2018,1,25,18,0.9737344,-1.944,0.986666666666667
2018,1,26,0,3.651504,-2.287,0.981666666666667
2018,1,26,6,2.2974046,-2.231,0.968333333333333
2018,1,26,12,1.3845286,-2.157,0.931666666666667
2018,1,26,18,0.5781548,-1.972,0.988333333333333
2018,1,27,0,5.0360326,0.287,0.708333333333333
2018,1,27,6,0.8824468,1.769,0.366666666666667
2018,1,27,12,4.640453,0.509,0.518333333333333
2018,1,27,18,0.3195066,-0.472,0.738333333333333
2018,1,28,0,2.5256236,1.065,0.481666666666667
2018,1,28,6,0.76073,3.75,0.0366666666666667
2018,1,28,12,2.3430484,4.935,0.03
2018,1,28,18,1.4758162,5.287,0.0266666666666667
2018,1,29,0,3.3319974,5.759,0.0216666666666667
2018,1,29,6,11.0457996,5.444,0.0233333333333333
2018,1,29,12,11.1218726,4.352,0.03
2018,1,29,18,4.2296588,0.37,0.546666666666667
2018,1,30,0,1.5671038,-0.87,0.811666666666667
2018,1,30,6,1.7040352,-1.185,0.855
2018,1,30,12,0.2434336,-1.213,0.831666666666667
2018,1,30,18,0.4260088,-1.944,0.948333333333333
2018,1,31,0,0.1977898,-2.398,0.983333333333333
2018,1,31,6,0.0912876,-2.222,0.953333333333333
2018,1,31,12,1.6888206,-0.889,0.845
2018,1,31,18,7.1660766,-0.583,0.801666666666667
2018,2,1,0,2.28219,-0.333,0.736666666666667
2018,2,1,6,0.7455154,0.278,0.653333333333333
2018,2,1,12,1.9322542,1.38,0.368333333333333
2018,2,1,18,1.9474688,1.935,0.243333333333333
2018,2,2,0,0.1369314,2.759,0.0666666666666667
2018,2,2,6,8.8396826,3.852,0.03
2018,2,2,12,0.684657,3.546,0.045
2018,2,2,18,3.347212,2.944,0.0783333333333333
2018,2,3,0,2.2974046,3.241,0.0416666666666667
2018,2,3,6,0.1369314,2.87,0.085
2018,2,3,12,0.8520176,3.389,0.055
2018,2,3,18,7.455154,3.389,0.0516666666666667
2018,2,4,0,12.2325384,4,0.0233333333333333
2018,2,4,6,11.3500916,4.361,0.0283333333333333
2018,2,4,12,1.9626834,3.657,0.0583333333333333
2018,2,4,18,0.7759446,2.75,0.133333333333333
2018,2,5,0,1.9474688,1.769,0.236666666666667
2018,2,5,6,3.423285,1.787,0.243333333333333
2018,2,5,12,1.1106658,1.944,0.225
2018,2,5,18,0.1825752,1.556,0.281666666666667
2018,2,6,0,0.1369314,1.287,0.336666666666667
2018,2,6,6,0.0304292,1.5,0.306666666666667
2018,2,6,12,1.0954512,2.065,0.235
2018,2,6,18,0.6694424,1.926,0.228333333333333
2018,2,7,0,0.2434336,2.704,0.0883333333333333
2018,2,7,6,0.0456438,3.407,0.0333333333333333
2018,2,7,12,2.4799798,4.38,0.025
2018,2,7,18,0.4868672,5.065,0.0183333333333333
2018,2,8,0,1.52146,4.769,0.0333333333333333
2018,2,8,6,0.5781548,3.148,0.0833333333333333
2018,2,8,12,2.9059886,2.417,0.183333333333333
2018,2,8,18,2.3886922,0.102,0.596666666666667
2018,2,9,0,0.076073,-1.194,0.898333333333333
2018,2,9,6,0.0304292,-1.852,0.936666666666667
2018,2,9,12,0.0152146,-1.509,0.921666666666667
2018,2,9,18,0,-3.38,1
2018,2,10,0,0,-3.398,1
2018,2,10,6,0,-2.231,1
2018,2,10,12,0,-0.741,0.998333333333333
2018,2,10,18,0,-2.972,1
2018,2,11,0,0,-3.37,1
2018,2,11,6,0,-2.833,0.986666666666667
2018,2,11,12,0,-0.778,0.985
2018,2,11,18,0,-4.426,1
2018,2,12,0,0,-4.222,1
2018,2,12,6,0,-2.731,1
2018,2,12,12,0,-0.241,1
2018,2,12,18,0,-2.315,1
2018,2,13,0,0,-2.361,1
2018,2,13,6,0,-0.917,0.983333333333333
2018,2,13,12,0,1.194,0.868333333333333
2018,2,13,18,0.8063738,-0.639,0.955
2018,2,14,0,2.3278338,-1.741,0.965
2018,2,14,6,1.1258804,-2.287,0.976666666666667
2018,2,14,12,0,-1.472,0.901666666666667
2018,2,14,18,0.2738628,-2.926,0.986666666666667
2018,2,15,0,0.9433052,-3.009,0.998333333333333
2018,2,15,6,0,-2.806,0.985
2018,2,15,12,0.0456438,-1.917,0.928333333333333
2018,2,15,18,0.6542278,-2.87,0.998333333333333
2018,2,16,0,2.1452586,-1.796,0.926666666666667
2018,2,16,6,9.3721936,-1.194,0.861666666666667
2018,2,16,12,0.9585198,-0.593,0.733333333333333
2018,2,16,18,0,-0.824,0.861666666666667
2018,2,17,0,2.9820616,-0.435,0.75
2018,2,17,6,5.6902604,0.111,0.668333333333333
2018,2,17,12,1.065022,-0.815,0.76
2018,2,17,18,1.673606,-1.861,0.933333333333333
2018,2,18,0,0.4412234,-5.093,1
2018,2,18,6,0.076073,-7.259,1
2018,2,18,12,0,-6.824,1
2018,2,18,18,0,-9.565,1
2018,2,19,0,0,-10.259,1
2018,2,19,6,0,-9.25,1
2018,2,19,12,0.1825752,-6.324,1
2018,2,19,18,0,-8.815,1
2018,2,20,0,0,-9.481,1
2018,2,20,6,0,-8.5,1
2018,2,20,12,0,-5.889,1
2018,2,20,18,0,-8.296,1
2018,2,21,0,0,-8.787,1
2018,2,21,6,0.0152146,-8.37,1
2018,2,21,12,0.532511,-7.324,1
2018,2,21,18,0.3195066,-8.435,1
2018,2,22,0,0.3195066,-9.306,1
2018,2,22,6,0,-8.519,1
2018,2,22,12,0,-5.111,1
2018,2,22,18,0,-7.333,1
2018,2,23,0,0,-7.574,1
2018,2,23,6,0.0152146,-6.981,1
2018,2,23,12,0.2434336,-4.787,1
2018,2,23,18,0.1673606,-4.491,1
2018,2,24,0,1.2323826,-3.704,1
2018,2,24,6,0.8672322,-4.38,1
2018,2,24,12,0,-3.333,0.993333333333333
2018,2,24,18,2.1909024,-3.509,1
2018,2,25,0,2.9516324,-2.019,0.958333333333333
2018,2,25,6,3.9405814,-2.519,0.973333333333333
2018,2,25,12,1.4606016,-3.259,0.99
2018,2,25,18,0.3347212,-5.074,1
2018,2,26,0,0.8520176,-5.287,1
2018,2,26,6,0,-4.639,0.998333333333333
2018,2,26,12,0,-3.278,0.99
2018,2,26,18,0,-4.38,1
2018,2,27,0,6.6335656,-3.148,0.993333333333333
2018,2,27,6,5.2642516,-1.62,0.91
2018,2,27,12,3.2407098,-1.083,0.825
2018,2,27,18,0.0152146,-2.611,0.998333333333333
2018,2,28,0,1.673606,-2.889,1
2018,2,28,6,0.0608584,-1.269,0.903333333333333
2018,2,28,12,3.499358,0.574,0.673333333333333
2018,2,28,18,5.3403246,0.611,0.683333333333333
2018,3,1,0,5.7359042,0.259,0.65
2018,3,1,6,0.4260088,-1.287,0.92
2018,3,1,12,0,0.074,0.738333333333333
2018,3,1,18,0,-0.417,0.97
2018,3,2,0,0,-0.843,0.996666666666667
2018,3,2,6,0.0608584,-1.648,0.945
2018,3,2,12,0.0304292,-1.667,0.896666666666667
2018,3,2,18,0,-2.38,0.981666666666667
2018,3,3,0,0.0152146,-2.389,1
2018,3,3,6,0.0608584,-1.685,0.948333333333333
2018,3,3,12,0.0456438,0.222,0.76
2018,3,3,18,0.0456438,-1.926,0.986666666666667
2018,3,4,0,0.0304292,-2.231,1
2018,3,4,6,0.152146,-1.843,0.945
2018,3,4,12,0.1217168,-0.861,0.791666666666667
2018,3,4,18,0.0152146,-2.537,0.99
2018,3,5,0,0.0456438,-3.157,1
2018,3,5,6,0.4107942,-2.639,0.958333333333333
2018,3,5,12,0.7759446,-1.37,0.873333333333333
2018,3,5,18,0.0912876,-2.806,0.995
2018,3,6,0,0.0912876,-3.093,1
2018,3,6,6,0,-1.639,0.9
2018,3,6,12,0,0.796,0.586666666666667
2018,3,6,18,0,-0.12,0.89
2018,3,7,0,0,-1.093,1
2018,3,7,6,0.0304292,-2.37,0.895
2018,3,7,12,0,2.046,0.45
2018,3,7,18,0.0152146,1.694,0.785
2018,3,8,0,1.0041636,2.231,0.425
2018,3,8,6,1.9626834,2.491,0.19
2018,3,8,12,6.7552824,2.435,0.11
2018,3,8,18,8.1702402,1.861,0.11
2018,3,9,0,4.5795946,-0.13,0.636666666666667
2018,3,9,6,0.3651504,-2.194,0.943333333333333
2018,3,9,12,0.0608584,-0.676,0.84
2018,3,9,18,0,-6.407,1
2018,3,10,0,0,-6.769,1
2018,3,10,6,0.0608584,-3.056,0.966666666666667
2018,3,10,12,0,1.546,0.505
2018,3,10,18,0,-1.574,0.985
2018,3,11,0,0,-2.833,1
2018,3,11,6,0,0.12,0.623333333333333
2018,3,11,12,0.0152146,5.528,0.0816666666666667
2018,3,11,18,0,6.519,0.0816666666666667
2018,3,12,0,0,6.806,0.0816666666666667
2018,3,12,6,0,8.083,0.0533333333333333
2018,3,12,12,0,10.204,0.0133333333333333
2018,3,12,18,0,8.806,0.03
2018,3,13,0,0,8.935,0.0233333333333333
2018,3,13,6,0.076073,9.75,0.005
2018,3,13,12,1.3236702,7.343,0.0166666666666667
2018,3,13,18,3.7732208,2.537,0.171666666666667
2018,3,14,0,0.5477256,1.611,0.293333333333333
2018,3,14,6,1.2475972,1.269,0.353333333333333
2018,3,14,12,1.2475972,1.102,0.468333333333333
2018,3,14,18,0.228219,-0.769,0.823333333333333
2018,3,15,0,0,-1.843,0.975
2018,3,15,6,0,0.324,0.705
2018,3,15,12,0,3.185,0.24
2018,3,15,18,0,1.204,0.565
2018,3,16,0,0,0.759,0.793333333333333
2018,3,16,6,0,2.241,0.541666666666667
2018,3,16,12,0,4.324,0.163333333333333
2018,3,16,18,0,2.278,0.451666666666667
2018,3,17,0,0,0.796,0.851666666666667
2018,3,17,6,0,1.352,0.596666666666667
2018,3,17,12,0,2.861,0.245
2018,3,17,18,0,0.935,0.463333333333333
2018,3,18,0,0.0304292,-0.065,0.698333333333333
2018,3,18,6,0.0152146,0.398,0.546666666666667
2018,3,18,12,0.0152146,1.556,0.381666666666667
2018,3,18,18,0,0.907,0.473333333333333
2018,3,19,0,0,0.037,0.683333333333333
2018,3,19,6,0,0.639,0.561666666666667
2018,3,19,12,0,1.759,0.35
2018,3,19,18,0,0.463,0.581666666666667
2018,3,20,0,0,-0.148,0.743333333333333
2018,3,20,6,0,1.046,0.503333333333333
2018,3,20,12,0,2.481,0.25
2018,3,20,18,0,1.185,0.683333333333333
2018,3,21,0,0.0304292,0.963,0.835
2018,3,21,6,0.0304292,3.75,0.393333333333333
2018,3,21,12,0,6.583,0.055
2018,3,21,18,0.5477256,4.713,0.0566666666666667
2018,3,22,0,1.3845286,4.046,0.035
2018,3,22,6,2.9212032,3.611,0.0866666666666667
2018,3,22,12,3.9710106,0.046,0.655
2018,3,22,18,0.4868672,-2.546,0.986666666666667
2018,3,23,0,0.0456438,-2.88,1
2018,3,23,6,0.2434336,-1.528,0.926666666666667
2018,3,23,12,1.2780264,-0.556,0.853333333333333
2018,3,23,18,0.0152146,-2.333,0.988333333333333
2018,3,24,0,0.0456438,-3.204,1
2018,3,24,6,0.4412234,-2.667,0.956666666666667
2018,3,24,12,0.1065022,-1.315,0.856666666666667
2018,3,24,18,0,-3.056,0.983333333333333
2018,3,25,0,0,-4.509,1
2018,3,25,6,0,-2.463,0.931666666666667
2018,3,25,12,0,-0.111,0.766666666666667
2018,3,25,18,0,-1.463,0.92
2018,3,26,0,0.3347212,-0.843,0.858333333333333
2018,3,26,6,4.0775128,0.019,0.701666666666667
2018,3,26,12,2.0996148,1.389,0.401666666666667
2018,3,26,18,2.0235418,1.648,0.281666666666667
2018,3,27,0,1.293241,2.065,0.2
2018,3,27,6,8.520176,2.519,0.143333333333333
2018,3,27,12,0.3499358,3.472,0.1
2018,3,27,18,0,2.324,0.213333333333333
2018,3,28,0,0.0456438,0.602,0.528333333333333
2018,3,28,6,0.0456438,0.648,0.576666666666667
2018,3,28,12,0.076073,2.093,0.401666666666667
2018,3,28,18,0.0152146,0.296,0.641666666666667
2018,3,29,0,0.0152146,0.204,0.668333333333333
2018,3,29,6,0.0608584,1.028,0.441666666666667
2018,3,29,12,0.6998716,2.139,0.246666666666667
2018,3,29,18,0.836803,2.167,0.201666666666667
2018,3,30,0,1.4149578,1.639,0.261666666666667
2018,3,30,6,0.2890774,1.778,0.306666666666667
2018,3,30,12,0.0304292,3.213,0.198333333333333
2018,3,30,18,0.0456438,1.62,0.428333333333333
2018,3,31,0,0,0.63,0.695
2018,3,31,6,0,2.583,0.475
2018,3,31,12,0,5.13,0.183333333333333
2018,3,31,18,0,2.167,0.445
2018,4,1,0,0.4107942,0.806,0.528333333333333
2018,4,1,6,1.6888206,-0.676,0.75
2018,4,1,12,1.445387,-0.852,0.776666666666667
2018,4,1,18,0.7150862,-4.157,0.996666666666667
2018,4,2,0,1.4910308,-4.38,1
2018,4,2,6,0.0304292,-2.574,0.946666666666667
2018,4,2,12,0.0456438,-0.426,0.798333333333333
2018,4,2,18,0.0912876,-1.824,0.94
2018,4,3,0,0.76073,-2.38,0.97
2018,4,3,6,0.4716526,-1.074,0.828333333333333
2018,4,3,12,0,0.565,0.645
2018,4,3,18,0,-1.204,0.911666666666667
2018,4,4,0,0,-1.12,0.885
2018,4,4,6,0.0912876,1.13,0.518333333333333
2018,4,4,12,0.5933694,2.574,0.188333333333333
2018,4,4,18,1.2628118,2.417,0.165
2018,4,5,0,1.5062454,3.5,0.0716666666666667
2018,4,5,6,0.8976614,4.63,0.03
2018,4,5,12,0.9280906,5.481,0.0433333333333333
2018,4,5,18,0.7455154,4.722,0.03
2018,4,6,0,0.0152146,5.102,0.0233333333333333
2018,4,6,6,0.1825752,6.019,0.0166666666666667
2018,4,6,12,0,8.019,0.00833333333333333
2018,4,6,18,0.0608584,7.5,0.02
2018,4,7,0,2.9820616,7.75,0.0116666666666667
2018,4,7,6,5.7206896,5.63,0.0266666666666667
2018,4,7,12,2.2669754,5.444,0.0666666666666667
2018,4,7,18,2.7842718,3.741,0.101666666666667
2018,4,8,0,1.445387,2.843,0.211666666666667
2018,4,8,6,2.0387564,3.37,0.143333333333333
2018,4,8,12,0.6542278,4.509,0.035
2018,4,8,18,0.7759446,3.815,0.05
2018,4,9,0,0.1825752,2.463,0.188333333333333
2018,4,9,6,0,3.685,0.138333333333333
2018,4,9,12,0,8.194,0.005
2018,4,9,18,0,9.296,0.00833333333333333
2018,4,10,0,0.1065022,9.528,0.01
2018,4,10,6,2.28219,7.102,0.0133333333333333
2018,4,10,12,1.9931126,4.556,0.0333333333333333
2018,4,10,18,0.1673606,3.083,0.286666666666667
2018,4,11,0,0.3955796,2.213,0.37
2018,4,11,6,0.076073,3.861,0.193333333333333
2018,4,11,12,0.7759446,4.704,0.0866666666666667
2018,4,11,18,1.4910308,1.898,0.32
2018,4,12,0,0.5172964,-0.778,0.788333333333333
2018,4,12,6,0.2130044,0.185,0.661666666666667
2018,4,12,12,1.4606016,1.796,0.426666666666667
2018,4,12,18,0.1369314,0.241,0.675
2018,4,13,0,2.890774,0.611,0.616666666666667
2018,4,13,6,6.08584,3.074,0.203333333333333
2018,4,13,12,4.0014398,4.194,0.0666666666666667
2018,4,13,18,9.3265498,3.296,0.095
2018,4,14,0,5.3555392,2.046,0.216666666666667
2018,4,14,6,1.0193782,2.62,0.205
2018,4,14,12,3.347212,4.083,0.126666666666667
2018,4,14,18,8.3528154,1.676,0.308333333333333
2018,4,15,0,2.053971,0.556,0.513333333333333
2018,4,15,6,0,1.574,0.371666666666667
2018,4,15,12,0.076073,4.176,0.0916666666666667
2018,4,15,18,1.3388848,3.954,0.03
2018,4,16,0,4.031869,2.444,0.183333333333333
2018,4,16,6,2.5712674,1.148,0.443333333333333
2018,4,16,12,2.890774,1.676,0.383333333333333
2018,4,16,18,1.2780264,0.954,0.413333333333333
2018,4,17,0,2.2669754,0.731,0.45
2018,4,17,6,2.2517608,0.398,0.581666666666667
2018,4,17,12,0.7455154,1.787,0.44
2018,4,17,18,0,0.352,0.615
2018,4,18,0,0.0152146,-0.417,0.77
2018,4,18,6,0.076073,2.111,0.383333333333333
2018,4,18,12,0.2890774,5.009,0.115
2018,4,18,18,0.0152146,3.593,0.19
2018,4,19,0,0.0152146,1.917,0.565
2018,4,19,6,0,4.435,0.205
2018,4,19,12,0,6.213,0.03
2018,4,19,18,0,3.898,0.241666666666667
2018,4,20,0,0,2.963,0.36
2018,4,20,6,0,5.389,0.0966666666666667
2018,4,20,12,0.1369314,7.296,0.0466666666666667
2018,4,20,18,0.2130044,4.028,0.193333333333333
2018,4,21,0,0.9737344,1.667,0.341666666666667
2018,4,21,6,1.0954512,0.935,0.48
2018,4,21,12,0.1977898,3.028,0.261666666666667
2018,4,21,18,0,1.185,0.531666666666667
2018,4,22,0,0,-0.111,0.763333333333333
2018,4,22,6,0,2.713,0.346666666666667
2018,4,22,12,0,5.806,0.07
2018,4,22,18,0,4.296,0.168333333333333
2018,4,23,0,0,3.972,0.518333333333333
2018,4,23,6,0,7.648,0.133333333333333
2018,4,23,12,0,11.787,0.00666666666666667
2018,4,23,18,0,10.528,0.015
2018,4,24,0,0,8.685,0.0366666666666667
2018,4,24,6,0,11.972,0.01
2018,4,24,12,0,14.694,0
2018,4,24,18,0,11.852,0.00166666666666667
2018,4,25,0,0,9.481,0.015
2018,4,25,6,0,12.389,0.01
2018,4,25,12,0,16.352,0
2018,4,25,18,0,13.731,0.00166666666666667
2018,4,26,0,0,12.241,0.00833333333333333
2018,4,26,6,0,15.639,0
2018,4,26,12,0,18.481,0
2018,4,26,18,0,15.667,0
2018,4,27,0,0,13.537,0.00333333333333333
2018,4,27,6,0,14.87,0
2018,4,27,12,0,12.648,0
2018,4,27,18,0,7.222,0.005
2018,4,28,0,1.3997432,4.769,0.025
2018,4,28,6,2.3278338,4.139,0.0283333333333333
2018,4,28,12,0.456438,4.324,0.03
2018,4,28,18,0,3.407,0.101666666666667
2018,4,29,0,0.1065022,2.796,0.156666666666667
2018,4,29,6,1.141095,3.231,0.128333333333333
2018,4,29,12,1.1106658,4.509,0.0333333333333333
2018,4,29,18,1.0954512,3.676,0.075
2018,4,30,0,0.8976614,3.278,0.0983333333333333
2018,4,30,6,0.7303008,3.704,0.07
2018,4,30,12,0.152146,4.833,0.03
2018,4,30,18,0.0304292,4.444,0.0433333333333333
2018,5,1,0,0.0304292,4.065,0.0366666666666667
2018,5,1,6,0,4.926,0.0333333333333333
2018,5,1,12,0,7.009,0.015
2018,5,1,18,0,6.037,0.0266666666666667
2018,5,2,0,0,5.306,0.02
2018,5,2,6,0,7.787,0.00333333333333333
2018,5,2,12,0,10.389,0
2018,5,2,18,0,8.889,0.00333333333333333
2018,5,3,0,0,7.639,0.0116666666666667
2018,5,3,6,0,10.981,0.00166666666666667
2018,5,3,12,0,13.278,0
2018,5,3,18,0,10.806,0
2018,5,4,0,0,6.806,0.00666666666666667
2018,5,4,6,0,6.713,0.00666666666666667
2018,5,4,12,0,8.296,0.00333333333333333
2018,5,4,18,0,7.398,0.00166666666666667
2018,5,5,0,0,6.639,0.005
2018,5,5,6,0,10.343,0.00666666666666667
2018,5,5,12,0,13.407,0
2018,5,5,18,0,12.574,0
2018,5,6,0,0,11.509,0
2018,5,6,6,0,14.574,0
2018,5,6,12,0,15.463,0
2018,5,6,18,0,12.185,0
2018,5,7,0,0,9.333,0
2018,5,7,6,0,10.324,0
2018,5,7,12,0,12.148,0
2018,5,7,18,0,11.62,0
2018,5,8,0,0,10.13,0.00166666666666667
2018,5,8,6,0,13.843,0
2018,5,8,12,0,17.63,0
2018,5,8,18,1.3084556,12.731,0
2018,5,9,0,0.0608584,9.407,0
2018,5,9,6,0,8.065,0.005
2018,5,9,12,0.304292,8.213,0.005
2018,5,9,18,3.5450018,6.315,0.015
2018,5,10,0,0.3955796,4.444,0.04
2018,5,10,6,0.9433052,4.769,0.0366666666666667
2018,5,10,12,0.5629402,5.824,0.03
2018,5,10,18,0.1217168,5.083,0.0366666666666667
2018,5,11,0,0.0912876,5.065,0.0116666666666667
2018,5,11,6,0,8.028,0.00666666666666667
2018,5,11,12,0,10.556,0.00333333333333333
2018,5,11,18,0,10.12,0.00166666666666667
2018,5,12,0,0,9.074,0
2018,5,12,6,0,12.944,0
2018,5,12,12,0,15.806,0
2018,5,12,18,0,12.343,0
2018,5,13,0,0,11.722,0
2018,5,13,6,0,16.333,0
2018,5,13,12,0,19.806,0
2018,5,13,18,0,16.639,0
2018,5,14,0,0,14.917,0
2018,5,14,6,0,18.361,0
2018,5,14,12,0,20.713,0
2018,5,14,18,0,17.407,0
2018,5,15,0,0,14.667,0
2018,5,15,6,0,17.333,0
2018,5,15,12,0,18.88,0
2018,5,15,18,0,14.944,0
2018,5,16,0,0,11.148,0
2018,5,16,6,0,11.481,0
2018,5,16,12,0,13.593,0
2018,5,16,18,0,10.963,0.00166666666666667
2018,5,17,0,0,8.454,0.00333333333333333
2018,5,17,6,0,9.259,0
2018,5,17,12,0,10.583,0
2018,5,17,18,0,10.148,0
2018,5,18,0,0,8.917,0
2018,5,18,6,0,10.741,0
2018,5,18,12,0,11.963,0
2018,5,18,18,0,10.75,0
2018,5,19,0,0,9.648,0
2018,5,19,6,0.0304292,11.046,0
2018,5,19,12,1.3997432,12.083,0
2018,5,19,18,0.0152146,10.333,0
2018,5,20,0,0.1977898,8.676,0
2018,5,20,6,0.2738628,8.926,0
2018,5,20,12,0.0304292,9.843,0
2018,5,20,18,0,8.463,0
2018,5,21,0,0.0304292,7.509,0
2018,5,21,6,0,9.352,0
2018,5,21,12,0,12.25,0
2018,5,21,18,0,11.324,0
2018,5,22,0,0,9.62,0
2018,5,22,6,0,15.176,0
2018,5,22,12,0,18.361,0
2018,5,22,18,0,15.056,0
2018,5,23,0,0,12.907,0
2018,5,23,6,0,16.731,0
2018,5,23,12,0,18.722,0
2018,5,23,18,0,14.824,0
2018,5,24,0,0,11.046,0
2018,5,24,6,0,11.222,0
2018,5,24,12,0,12.713,0
2018,5,24,18,0,11.176,0
2018,5,25,0,0,9.185,0
2018,5,25,6,0,10.722,0
2018,5,25,12,0,11.722,0
2018,5,25,18,0,8.213,0.0216666666666667
2018,5,26,0,0,5.602,0.0383333333333333
2018,5,26,6,0,9,0.0183333333333333
2018,5,26,12,0,12.296,0
2018,5,26,18,0,7.148,0.0366666666666667
2018,5,27,0,0,4.593,0.11
2018,5,27,6,0,10.843,0
2018,5,27,12,0,15.454,0
2018,5,27,18,0,9.639,0
2018,5,28,0,0,6.037,0.0566666666666667
2018,5,28,6,0,9.324,0.00166666666666667
2018,5,28,12,0,10.694,0.00333333333333333
2018,5,28,18,0,8.13,0.0133333333333333
2018,5,29,0,0,5.454,0.0283333333333333
2018,5,29,6,0,6.139,0.025
2018,5,29,12,0,7.685,0.0266666666666667
2018,5,29,18,0,5.231,0.108333333333333
2018,5,30,0,0,3.13,0.246666666666667
2018,5,30,6,0,5.556,0.0666666666666667
2018,5,30,12,0,8.269,0.00833333333333333
2018,5,30,18,0,7.222,0.01
2018,5,31,0,0,4.954,0.03
2018,5,31,6,0.2434336,7.185,0.0166666666666667
2018,5,31,12,0.2586482,8.046,0.01
2018,5,31,18,0,5.796,0.0483333333333333
2018,6,1,0,0,3.75,0.126666666666667
2018,6,1,6,0.228219,5.787,0.0266666666666667
2018,6,1,12,0.0456438,7.981,0.0116666666666667
2018,6,1,18,0.0456438,7.287,0.005
2018,6,2,0,0.0304292,6.537,0.0183333333333333
2018,6,2,6,0,10.185,0.00166666666666667
2018,6,2,12,0,13.602,0
2018,6,2,18,0,11.787,0
2018,6,3,0,0,9.824,0
2018,6,3,6,1.6279622,11.065,0
2018,6,3,12,7.6377292,8.787,0.005
2018,6,3,18,1.2780264,6.194,0.015
2018,6,4,0,0,4.093,0.0366666666666667
2018,6,4,6,0,5.389,0.0333333333333333
2018,6,4,12,0,8.074,0.0283333333333333
2018,6,4,18,0,6.093,0.075
2018,6,5,0,0,4.556,0.0666666666666667
2018,6,5,6,0,7.722,0.02
2018,6,5,12,0,10.102,0.0133333333333333
2018,6,5,18,0,8.435,0.01
2018,6,6,0,0,6.62,0.0116666666666667
2018,6,6,6,0,10.991,0
2018,6,6,12,0,14.25,0
2018,6,6,18,0,11.852,0
2018,6,7,0,0,8.648,0
2018,6,7,6,0,10.417,0.00166666666666667
2018,6,7,12,0,11.13,0
2018,6,7,18,0,9.287,0
2018,6,8,0,0,8.38,0
2018,6,8,6,0.4107942,10.139,0
2018,6,8,12,3.5145726,9.722,0
2018,6,8,18,2.3886922,7.269,0.00333333333333333
2018,6,9,0,5.2794662,5.315,0.0166666666666667
2018,6,9,6,0.4412234,5.491,0.03
2018,6,9,12,1.9322542,7.5,0.0233333333333333
2018,6,9,18,1.0193782,5.407,0.0366666666666667
2018,6,10,0,0.0304292,3.306,0.121666666666667
2018,6,10,6,1.1106658,4.713,0.103333333333333
2018,6,10,12,2.7842718,6.648,0.03
2018,6,10,18,0.5629402,4.213,0.095
2018,6,11,0,1.2019534,3.028,0.133333333333333
2018,6,11,6,1.0954512,4.843,0.06
2018,6,11,12,0.6998716,8.509,0.0216666666666667
2018,6,11,18,0.0608584,6.861,0.0516666666666667
2018,6,12,0,0.0608584,5.083,0.045
2018,6,12,6,0,10.315,0.005
2018,6,12,12,0,13.111,0.00166666666666667
2018,6,12,18,0,10.843,0
2018,6,13,0,0.0608584,8.472,0
2018,6,13,6,4.260088,7.861,0.005
2018,6,13,12,1.6431768,7.981,0.005
2018,6,13,18,1.7801082,6.685,0.01
2018,6,14,0,0.2434336,5.593,0.0216666666666667
2018,6,14,6,0.3651504,6.694,0.015
2018,6,14,12,0.2434336,9.111,0
2018,6,14,18,0.0304292,7.824,0.00166666666666667
2018,6,15,0,0.0152146,6.176,0.01
2018,6,15,6,0,9.074,0.00333333333333333
2018,6,15,12,0,10.398,0
2018,6,15,18,0,9.389,0
2018,6,16,0,0,8.454,0
2018,6,16,6,0,13.463,0
2018,6,16,12,0,18,0
2018,6,16,18,0,15.602,0
2018,6,17,0,0,13.926,0
2018,6,17,6,0,18.148,0
2018,6,17,12,0,20.648,0
2018,6,17,18,0,17.815,0
2018,6,18,0,0,15.463,0
2018,6,18,6,0,19.63,0
2018,6,18,12,0,21.898,0
2018,6,18,18,0,18.954,0
2018,6,19,0,0,15.5,0
2018,6,19,6,0,18.194,0
2018,6,19,12,0,21.111,0
2018,6,19,18,0,18.889,0
2018,6,20,0,0,16.565,0
2018,6,20,6,0,20.157,0
2018,6,20,12,0,21.324,0
2018,6,20,18,0,18.333,0
2018,6,21,0,0,14.787,0
2018,6,21,6,0,13.944,0
2018,6,21,12,0,14.889,0
2018,6,21,18,0,12.593,0
2018,6,22,0,0,10.389,0
2018,6,22,6,0.0456438,11.296,0
2018,6,22,12,0.0912876,11.787,0
2018,6,22,18,0.0912876,9.815,0
2018,6,23,0,0.0608584,8.648,0
2018,6,23,6,0,9.889,0
2018,6,23,12,0,12.463,0
2018,6,23,18,0,11.778,0
2018,6,24,0,0,10.083,0
2018,6,24,6,0,15.102,0
2018,6,24,12,0,19.565,0
2018,6,24,18,2.3278338,13.537,0
2018,6,25,0,3.6058602,8.759,0
2018,6,25,6,0.5933694,7.935,0.00333333333333333
2018,6,25,12,0.684657,9.352,0.00666666666666667
2018,6,25,18,0.5933694,7.435,0.0133333333333333
2018,6,26,0,0.8520176,6.231,0.0183333333333333
2018,6,26,6,0.4868672,7.306,0.00833333333333333
2018,6,26,12,0.2586482,10.713,0.00666666666666667
2018,6,26,18,0.0304292,9.185,0.01
2018,6,27,0,0,7.37,0.00666666666666667
2018,6,27,6,0,10.306,0.00166666666666667
2018,6,27,12,0,11.741,0
2018,6,27,18,0,9.389,0.005
2018,6,28,0,0,7.639,0.00166666666666667
2018,6,28,6,0,7.815,0
2018,6,28,12,0,8.907,0.00166666666666667
2018,6,28,18,0,8.093,0
2018,6,29,0,0,7.87,0
2018,6,29,6,0.7150862,9.028,0
2018,6,29,12,1.5671038,10.213,0
2018,6,29,18,0,10,0
2018,6,30,0,0,9.204,0
2018,6,30,6,3.3015682,9.972,0
2018,6,30,12,1.7648936,9.38,0.00166666666666667
2018,6,30,18,0.0152146,9.38,0.00166666666666667
2018,7,1,0,0.0456438,8.472,0
2018,7,1,6,0.0608584,9.213,0.005
2018,7,1,12,0,10.148,0.01
2018,7,1,18,1.1258804,8.074,0.00833333333333333
2018,7,2,0,7.0595744,5.639,0.0183333333333333
2018,7,2,6,2.9820616,5.991,0.0266666666666667
2018,7,2,12,0.532511,8.407,0.00666666666666667
2018,7,2,18,0.0304292,7.991,0.00833333333333333
2018,7,3,0,0.0304292,7.093,0
2018,7,3,6,0,10.296,0
2018,7,3,12,0,12.935,0
2018,7,3,18,0,12.528,0
2018,7,4,0,0,12.037,0
2018,7,4,6,0,17.213,0
2018,7,4,12,0,20.648,0
2018,7,4,18,0.1217168,16.861,0
2018,7,5,0,0,15.574,0
2018,7,5,6,0,19.176,0
2018,7,5,12,0,20.926,0
2018,7,5,18,0,16.509,0
2018,7,6,0,0,14.398,0
2018,7,6,6,0.0456438,15.759,0
2018,7,6,12,0.1217168,16.63,0
2018,7,6,18,0.152146,12.685,0
2018,7,7,0,0.3955796,9.602,0
2018,7,7,6,0,10.852,0.005
2018,7,7,12,0,11.926,0
2018,7,7,18,0,10.546,0
2018,7,8,0,0,8.889,0
2018,7,8,6,0,13.87,0
2018,7,8,12,0,17.315,0
2018,7,8,18,0,14.38,0
2018,7,9,0,0,11.565,0
2018,7,9,6,0,14.417,0
2018,7,9,12,0,15.343,0
2018,7,9,18,0.076073,11.972,0
2018,7,10,0,0.0152146,9.815,0
2018,7,10,6,0,10.074,0
2018,7,10,12,0,11.833,0
2018,7,10,18,0,11.556,0
2018,7,11,0,0,10.509,0
2018,7,11,6,0,15.269,0
2018,7,11,12,0,17.75,0
2018,7,11,18,0,15.769,0.00333333333333333
2018,7,12,0,0,12.509,0.01
2018,7,12,6,0,16.88,0.00166666666666667
2018,7,12,12,0,19.611,0
2018,7,12,18,0,16.38,0.00666666666666667
2018,7,13,0,0,13.315,0.01
2018,7,13,6,0,16.62,0
2018,7,13,12,0,18.472,0
2018,7,13,18,0,15.083,0.00666666666666667
2018,7,14,0,0,12.796,0.01
2018,7,14,6,0,17.241,0.00333333333333333
2018,7,14,12,0,21.519,0
2018,7,14,18,0,17.509,0.0116666666666667
2018,7,15,0,0,14.139,0.01
2018,7,15,6,0,19.602,0.00333333333333333
2018,7,15,12,0,22.593,0
2018,7,15,18,0,17.833,0.015
2018,7,16,0,0,13.694,0.0416666666666667
2018,7,16,6,0,19.556,0.005
2018,7,16,12,0,22.546,0
2018,7,16,18,0,18.389,0.00666666666666667
2018,7,17,0,0,14.139,0.01
2018,7,17,6,0,19.231,0.00333333333333333
2018,7,17,12,0,21.324,0
2018,7,17,18,0,17.324,0.00666666666666667
2018,7,18,0,0,12.972,0.00833333333333333
2018,7,18,6,0,14.009,0
2018,7,18,12,0,16,0
2018,7,18,18,0,13.37,0.00833333333333333
2018,7,19,0,0,10.694,0.01
2018,7,19,6,0,11.056,0.005
2018,7,19,12,0,11.833,0
2018,7,19,18,0,9.917,0.0216666666666667
2018,7,20,0,0,8.806,0.025
2018,7,20,6,0,9.37,0.0166666666666667
2018,7,20,12,0,11.778,0.01
2018,7,20,18,0,9.676,0.025
2018,7,21,0,0,7.009,0.0316666666666667
2018,7,21,6,0,11.056,0.0183333333333333
2018,7,21,12,0,13.694,0.00166666666666667
2018,7,21,18,0,12.278,0.00833333333333333
2018,7,22,0,0,11.491,0.01
2018,7,22,6,0,16.62,0.005
2018,7,22,12,0,19.889,0
2018,7,22,18,0,16.694,0.01
2018,7,23,0,0,13.583,0.0166666666666667
2018,7,23,6,0,18.75,0.00166666666666667
2018,7,23,12,0,21.472,0
2018,7,23,18,0,17.12,0.00833333333333333
2018,7,24,0,0,13.583,0.01
2018,7,24,6,0,18.269,0.005
2018,7,24,12,0,21.083,0
2018,7,24,18,0,17.565,0.00666666666666667
2018,7,25,0,0,14.991,0.01
2018,7,25,6,0,19.806,0.00333333333333333
2018,7,25,12,0,22.056,0
2018,7,25,18,0,18.046,0.00666666666666667
2018,7,26,0,0,14.944,0.01
2018,7,26,6,0,19.398,0.00333333333333333
2018,7,26,12,0.1065022,22.056,0
2018,7,26,18,0.0912876,18.435,0.005
2018,7,27,0,0.076073,15.861,0.00833333333333333
2018,7,27,6,0,20.185,0
2018,7,27,12,0,22.981,0
2018,7,27,18,0,18.278,0.00666666666666667
2018,7,28,0,0,15.657,0.00833333333333333
2018,7,28,6,0,19.574,0
2018,7,28,12,0,22.843,0
2018,7,28,18,0,19.028,0.00666666666666667
2018,7,29,0,0,16.667,0.01
2018,7,29,6,0,22.204,0.00166666666666667
2018,7,29,12,0,25.519,0
2018,7,29,18,0,21.583,0
2018,7,30,0,0,19.324,0
2018,7,30,6,0,23.574,0
2018,7,30,12,0,26.75,0
2018,7,30,18,0,20.963,0
2018,7,31,0,0,16.713,0
2018,7,31,6,0,19.204,0
2018,7,31,12,0,21.056,0
2018,7,31,18,0,16.75,0.00666666666666667
2018,8,1,0,0,12.546,0.01
2018,8,1,6,0,14.676,0.00333333333333333
2018,8,1,12,0,17.333,0
2018,8,1,18,0,14.065,0.00666666666666667
2018,8,2,0,0,10.843,0.01
2018,8,2,6,0,11.241,0.00166666666666667
2018,8,2,12,0,12.009,0
2018,8,2,18,0,10.352,0.00666666666666667
2018,8,3,0,0,9.704,0.01
2018,8,3,6,0,10.5,0.00333333333333333
2018,8,3,12,0,12.694,0
2018,8,3,18,0,10.898,0.005
2018,8,4,0,0,9.657,0.01
2018,8,4,6,0,13.435,0.00166666666666667
2018,8,4,12,0,16.889,0
2018,8,4,18,0,14.648,0.005
2018,8,5,0,0,12.38,0.01
2018,8,5,6,0,16.852,0.00166666666666667
2018,8,5,12,0,20.324,0
2018,8,5,18,0,17,0.005
2018,8,6,0,0,14.333,0.00833333333333333
2018,8,6,6,0,18.537,0
2018,8,6,12,0,21.648,0
2018,8,6,18,0,17.028,0.00666666666666667
2018,8,7,0,0,14.324,0.01
2018,8,7,6,0,18.926,0.00166666666666667
2018,8,7,12,0,22.815,0
2018,8,7,18,0,18.981,0
2018,8,8,0,0,16.898,0.00666666666666667
2018,8,8,6,0,22.204,0
2018,8,8,12,0,26.25,0
2018,8,8,18,0,21.583,0
2018,8,9,0,0,17.926,0
2018,8,9,6,0,21.315,0
2018,8,9,12,0,25,0
2018,8,9,18,0,20.463,0
2018,8,10,0,0,17.139,0
2018,8,10,6,0,21.546,0
2018,8,10,12,0,22.463,0
2018,8,10,18,0,17.639,0
2018,8,11,0,0,13.037,0.00833333333333333
2018,8,11,6,0.0152146,12.083,0
2018,8,11,12,1.5823184,12.648,0.00166666666666667
2018,8,11,18,0.0304292,10.778,0.00833333333333333
2018,8,12,0,0.0152146,10.102,0
2018,8,12,6,0,11.157,0
2018,8,12,12,0,13.685,0
2018,8,12,18,0,12.083,0.00666666666666667
2018,8,13,0,0,11.824,0.01
2018,8,13,6,0,16.824,0.00166666666666667
2018,8,13,12,0,20.269,0
2018,8,13,18,0,16.481,0.00666666666666667
2018,8,14,0,0,15.167,0.01
2018,8,14,6,0,19.167,0.00166666666666667
2018,8,14,12,0,22.37,0
2018,8,14,18,0,16.954,0.00666666666666667
2018,8,15,0,0,13.889,0.01
2018,8,15,6,0,18.713,0.00166666666666667
2018,8,15,12,0,21.991,0
2018,8,15,18,0,16.833,0.00666666666666667
2018,8,16,0,0,13.361,0.01
2018,8,16,6,0,16.88,0.00333333333333333
2018,8,16,12,0,19.583,0
2018,8,16,18,0,14.343,0.005
2018,8,17,0,0,11.093,0.01
2018,8,17,6,0,13.454,0.00166666666666667
2018,8,17,12,0,15.815,0
2018,8,17,18,0,12.787,0.005
2018,8,18,0,0,10.75,0.01
2018,8,18,6,0,15.926,0
2018,8,18,12,0,19.787,0
2018,8,18,18,0,15.639,0.005
2018,8,19,0,0,14.685,0.00666666666666667
2018,8,19,6,0,18.278,0
2018,8,19,12,0,21.417,0
2018,8,19,18,0,16.778,0.005
2018,8,20,0,0,15.852,0
2018,8,20,6,0,18.491,0
2018,8,20,12,0,22.88,0
2018,8,20,18,0,18.676,0.00666666666666667
2018,8,21,0,0,15.148,0.01
2018,8,21,6,0,18.806,0.00166666666666667
2018,8,21,12,0,22.981,0
2018,8,21,18,0,17.722,0.005
2018,8,22,0,0,14.648,0.01
2018,8,22,6,0,18.537,0.00166666666666667
2018,8,22,12,0,21.5,0
2018,8,22,18,0,16.139,0.00666666666666667
2018,8,23,0,0,12.231,0.01
2018,8,23,6,0,12.194,0.00166666666666667
2018,8,23,12,0,12.185,0
2018,8,23,18,0,9.398,0.01
2018,8,24,0,0,7.731,0.02
2018,8,24,6,0,8.944,0.01
2018,8,24,12,0,11.204,0.00666666666666667
2018,8,24,18,0,9.13,0.01
2018,8,25,0,0,6.778,0.025
2018,8,25,6,0.0608584,8.843,0.01
2018,8,25,12,0.5933694,9.148,0
2018,8,25,18,0,8.148,0.00833333333333333
2018,8,26,0,0,7.907,0.015
2018,8,26,6,4.3513756,8.5,0.0133333333333333
2018,8,26,12,0.1369314,9.148,0
2018,8,26,18,0.5477256,8.444,0.015
2018,8,27,0,0.1369314,7.806,0.0116666666666667
2018,8,27,6,0,11.352,0.0116666666666667
2018,8,27,12,0,15.741,0
2018,8,27,18,0.228219,11.583,0.0133333333333333
2018,8,28,0,0.76073,9.481,0.0183333333333333
2018,8,28,6,0,13.556,0.00333333333333333
2018,8,28,12,0,17.352,0
2018,8,28,18,0,13.62,0.00666666666666667
2018,8,29,0,0,11.194,0.01
2018,8,29,6,0.684657,12.898,0.00333333333333333
2018,8,29,12,0,13.028,0.00333333333333333
2018,8,29,18,0,10.185,0.00666666666666667
2018,8,30,0,0,9.028,0.0166666666666667
2018,8,30,6,0,10.389,0.0116666666666667
2018,8,30,12,0,11.963,0.01
2018,8,30,18,0,10.519,0.005
2018,8,31,0,0,8.815,0.0133333333333333
2018,8,31,6,0.0152146,10.213,0.00666666666666667
2018,8,31,12,0.0456438,11.574,0
2018,8,31,18,0,8.917,0.01
2018,9,1,0,0,7.944,0.015
2018,9,1,6,0,8.935,0.015
2018,9,1,12,0,10.741,0.01
2018,9,1,18,0,8.491,0.0183333333333333
2018,9,2,0,0,6.815,0.0216666666666667
2018,9,2,6,0,10.704,0.00333333333333333
2018,9,2,12,0,13.87,0
2018,9,2,18,0.0152146,10.889,0.0133333333333333
2018,9,3,0,0.0152146,9.25,0.00333333333333333
2018,9,3,6,0,9.509,0.0133333333333333
2018,9,3,12,0,11.898,0.005
2018,9,3,18,0,9.389,0.0216666666666667
2018,9,4,0,0,8.417,0.0333333333333333
2018,9,4,6,0,12.296,0.015
2018,9,4,12,0,16.037,0.00333333333333333
2018,9,4,18,0,12.713,0.0233333333333333
2018,9,5,0,0.0152146,10.722,0.0233333333333333
2018,9,5,6,0,15.139,0.00333333333333333
2018,9,5,12,0,19.306,0
2018,9,5,18,0,14.546,0.00666666666666667
2018,9,6,0,0,12.324,0.01
2018,9,6,6,0,16.407,0.00333333333333333
2018,9,6,12,0,19.833,0
2018,9,6,18,0,14.806,0.00666666666666667
2018,9,7,0,0,10.926,0.005
2018,9,7,6,0,13.269,0.00166666666666667
2018,9,7,12,0.5477256,14.907,0
2018,9,7,18,2.358263,10.806,0.00166666666666667
2018,9,8,0,0.0608584,9.38,0.0116666666666667
2018,9,8,6,0.5933694,10,0.0116666666666667
2018,9,8,12,0.3955796,10.917,0.005
2018,9,8,18,1.6127476,9.296,0.0166666666666667
2018,9,9,0,0.0456438,9.213,0.015
2018,9,9,6,0,10.352,0.01
2018,9,9,12,7.8203044,11.556,0.005
2018,9,9,18,6.009767,9.796,0
2018,9,10,0,1.5823184,7.889,0.0116666666666667
2018,9,10,6,0.0456438,8.185,0.025
2018,9,10,12,0.4260088,10.343,0.02
2018,9,10,18,0.8824468,8.657,0.02
2018,9,11,0,0.1217168,7.491,0.03
2018,9,11,6,0,8.5,0.025
2018,9,11,12,4.3818048,9.361,0.02
2018,9,11,18,0.7303008,7.491,0.0283333333333333
2018,9,12,0,0.8063738,6.657,0.03
2018,9,12,6,0.0912876,7.611,0.025
2018,9,12,12,0.304292,8.769,0.02
2018,9,12,18,0.076073,7.407,0.03
2018,9,13,0,0.076073,6.75,0.03
2018,9,13,6,0.8672322,7.889,0.0266666666666667
2018,9,13,12,1.4149578,9.37,0.0266666666666667
2018,9,13,18,0.1217168,7.722,0.03
2018,9,14,0,0.8520176,6.213,0.03
2018,9,14,6,1.6431768,6.741,0.0283333333333333
2018,9,14,12,0.4107942,8.759,0.02
2018,9,14,18,0.5477256,7.324,0.03
2018,9,15,0,0.6237986,6.62,0.03
2018,9,15,6,0.3499358,7.731,0.0266666666666667
2018,9,15,12,1.3540994,8.62,0.0216666666666667
2018,9,15,18,0.2586482,7.389,0.03
2018,9,16,0,0.1065022,7.028,0.03
2018,9,16,6,4.6252384,7.833,0.0283333333333333
2018,9,16,12,2.9972762,7.769,0.0283333333333333
2018,9,16,18,0.1217168,6.009,0.03
2018,9,17,0,0,5.056,0.0433333333333333
2018,9,17,6,0.0152146,6.583,0.0316666666666667
2018,9,17,12,0,8.741,0.02
2018,9,17,18,0.0456438,6.426,0.0383333333333333
2018,9,18,0,0.1369314,4.519,0.0783333333333333
2018,9,18,6,0.0152146,7.176,0.045
2018,9,18,12,0,10.213,0.01
2018,9,18,18,0.4868672,7.787,0.0283333333333333
2018,9,19,0,0.380365,5.685,0.055
2018,9,19,6,0.0152146,7.843,0.0316666666666667
2018,9,19,12,0,10.028,0.0166666666666667
2018,9,19,18,0.076073,7.278,0.0283333333333333
2018,9,20,0,0.2738628,6.352,0.03
2018,9,20,6,0.1217168,6.991,0.0283333333333333
2018,9,20,12,2.4647652,7.611,0.0216666666666667
2018,9,20,18,1.6583914,7.907,0.01
2018,9,21,0,2.3430484,8.713,0
2018,9,21,6,0.0304292,9.843,0.00166666666666667
2018,9,21,12,9.0983308,11.713,0.00166666666666667
2018,9,21,18,3.2407098,10.194,0
2018,9,22,0,0.5629402,8.889,0.00833333333333333
2018,9,22,6,7.2421496,9.296,0.00666666666666667
2018,9,22,12,5.1121056,9.639,0.01
2018,9,22,18,0.8672322,7.435,0.0266666666666667
2018,9,23,0,0.1673606,5.333,0.03
2018,9,23,6,0,5.62,0.03
2018,9,23,12,0,6.972,0.03
2018,9,23,18,0.0304292,5.37,0.05
2018,9,24,0,0.0456438,4.75,0.0416666666666667
2018,9,24,6,0,7.315,0.0233333333333333
2018,9,24,12,0,10.398,0.01
2018,9,24,18,0,7.528,0.03
2018,9,25,0,0,5.833,0.0433333333333333
2018,9,25,6,0,9.352,0.02
2018,9,25,12,0,12.861,0.00666666666666667
2018,9,25,18,0,9.38,0.02
2018,9,26,0,0,7.981,0.0216666666666667
2018,9,26,6,0,10.833,0.01
2018,9,26,12,0,14.5,0
2018,9,26,18,0,11.222,0
2018,9,27,0,0,10.741,0.00666666666666667
2018,9,27,6,0,13.528,0.00333333333333333
2018,9,27,12,0,17.185,0
2018,9,27,18,0,13.88,0.00666666666666667
2018,9,28,0,0,11.907,0.01
2018,9,28,6,0,13.426,0.00333333333333333
2018,9,28,12,0,15.981,0
2018,9,28,18,0,12.463,0.00833333333333333
2018,9,29,0,0,10.833,0.00833333333333333
2018,9,29,6,0.0304292,11.778,0
2018,9,29,12,0.3651504,11.954,0
2018,9,29,18,1.3388848,9.759,0.005
2018,9,30,0,2.662555,8.63,0.01
2018,9,30,6,5.0664618,8.509,0.02
2018,9,30,12,1.5823184,8.981,0.015
2018,9,30,18,0.1977898,8.685,0.0116666666666667
2018,10,1,0,1.825752,9.065,0.01
2018,10,1,6,7.0443598,8.861,0.01
2018,10,1,12,8.063738,8.88,0.005
2018,10,1,18,5.5989728,8.389,0.00666666666666667
2018,10,2,0,1.7192498,7.63,0.0216666666666667
2018,10,2,6,2.5256236,5.787,0.03
2018,10,2,12,2.130044,4.148,0.143333333333333
2018,10,2,18,0.4260088,1.454,0.528333333333333
2018,10,3,0,0.8520176,0.361,0.893333333333333
2018,10,3,6,0,3.259,0.498333333333333
2018,10,3,12,0,6.139,0.0383333333333333
2018,10,3,18,0,3.722,0.273333333333333
2018,10,4,0,0,2.287,0.486666666666667
2018,10,4,6,0,4.241,0.248333333333333
2018,10,4,12,0,6.481,0.03
2018,10,4,18,0,3.157,0.25
2018,10,5,0,0,2.037,0.378333333333333
2018,10,5,6,0.228219,4.38,0.0733333333333333
2018,10,5,12,0.3955796,6.019,0.03
2018,10,5,18,0.0608584,4.528,0.0583333333333333
2018,10,6,0,0.076073,3.065,0.203333333333333
2018,10,6,6,0,5.093,0.09
2018,10,6,12,0,7.88,0.03
2018,10,6,18,0.4716526,4.333,0.103333333333333
2018,10,7,0,0.228219,3.602,0.176666666666667
2018,10,7,6,0.6694424,4.898,0.06
2018,10,7,12,1.2780264,6.213,0.0283333333333333
2018,10,7,18,0,5.843,0.0283333333333333
2018,10,8,0,0.6694424,5.889,0.025
2018,10,8,6,1.7040352,6.62,0.0183333333333333
2018,10,8,12,0.4716526,7.13,0.015
2018,10,8,18,1.7953228,6.176,0.025
2018,10,9,0,1.7801082,5.287,0.03
2018,10,9,6,0,6.741,0.03
2018,10,9,12,0,9.843,0.03
2018,10,9,18,0.0608584,5.806,0.0516666666666667
2018,10,10,0,0.0456438,4.519,0.0866666666666667
2018,10,10,6,0,6.352,0.0483333333333333
2018,10,10,12,0,8.778,0.03
2018,10,10,18,0.0152146,5.491,0.0983333333333333
2018,10,11,0,0.0152146,3.602,0.325
2018,10,11,6,0,5.87,0.146666666666667
2018,10,11,12,0,8.593,0.01
2018,10,11,18,0,5.528,0.075
2018,10,12,0,0,5.75,0.0233333333333333
2018,10,12,6,0,7.157,0.0266666666666667
2018,10,12,12,0,7.741,0.03
2018,10,12,18,0,5.417,0.04
2018,10,13,0,0,4.694,0.185
2018,10,13,6,0,6.093,0.156666666666667
2018,10,13,12,0,9.148,0.0366666666666667
2018,10,13,18,0.0304292,6.472,0.213333333333333
2018,10,14,0,0,5.463,0.461666666666667
2018,10,14,6,0,7.028,0.241666666666667
2018,10,14,12,0,10.083,0.0233333333333333
2018,10,14,18,0,6.87,0.0483333333333333
2018,10,15,0,0,6.185,0.11
2018,10,15,6,0,10.315,0.0366666666666667
2018,10,15,12,0,14.269,0.01
2018,10,15,18,0,9.898,0.04
2018,10,16,0,0,9.463,0.06
2018,10,16,6,0,12.389,0.0366666666666667
2018,10,16,12,0,16.472,0.01
2018,10,16,18,0,11.028,0.0433333333333333
2018,10,17,0,0,8.63,0.123333333333333
2018,10,17,6,0,11.12,0.08
2018,10,17,12,0,15.028,0.01
2018,10,17,18,0,9.63,0.0683333333333333
2018,10,18,0,0,7.426,0.168333333333333
2018,10,18,6,0,9.981,0.075
2018,10,18,12,0,13.574,0.0133333333333333
2018,10,18,18,0,8.944,0.035
2018,10,19,0,0,7.574,0.0966666666666667
2018,10,19,6,0,10.556,0.0633333333333333
2018,10,19,12,0,14.935,0.00666666666666667
2018,10,19,18,0,10.269,0.03
2018,10,20,0,0,6.963,0.146666666666667
2018,10,20,6,0,8.222,0.108333333333333
2018,10,20,12,0,12.731,0.005
2018,10,20,18,0,9.009,0.0383333333333333
2018,10,21,0,0,7.963,0.1
2018,10,21,6,0,9.88,0.07
2018,10,21,12,0,13.639,0.01
2018,10,21,18,0,8.963,0.0366666666666667
2018,10,22,0,0,6.574,0.181666666666667
2018,10,22,6,0,9.074,0.108333333333333
2018,10,22,12,0,14.222,0.00666666666666667
2018,10,22,18,0,10.204,0.035
2018,10,23,0,0,8.806,0.0533333333333333
2018,10,23,6,0,10.435,0.0333333333333333
2018,10,23,12,0,11.213,0.025
2018,10,23,18,3.2254952,7.444,0.03
2018,10,24,0,2.4495506,5.769,0.03
2018,10,24,6,0.3651504,5.731,0.04
2018,10,24,12,0.2586482,7.519,0.03
2018,10,24,18,0.4260088,6.694,0.03
2018,10,25,0,0.3195066,7.185,0.03
2018,10,25,6,0,8.287,0.0133333333333333
2018,10,25,12,2.4495506,8.361,0.015
2018,10,25,18,3.9710106,8.009,0.0166666666666667
2018,10,26,0,6.1162692,9,0.005
2018,10,26,6,7.6529438,8.889,0.005
2018,10,26,12,1.7040352,7.343,0.03
2018,10,26,18,0,4.852,0.06
2018,10,27,0,0,2.759,0.315
2018,10,27,6,0,5.204,0.275
2018,10,27,12,1.0041636,9.417,0.03
2018,10,27,18,18.3640222,7.519,0.0216666666666667
2018,10,28,0,10.117709,6.704,0.0266666666666667
2018,10,28,6,12.019534,4.731,0.0366666666666667
2018,10,28,12,0,4.63,0.095
2018,10,28,18,0.228219,3.63,0.146666666666667
2018,10,29,0,1.3997432,3.046,0.136666666666667
2018,10,29,6,0.5629402,3.472,0.141666666666667
2018,10,29,12,2.206117,4.213,0.101666666666667
2018,10,29,18,0.912876,3.287,0.153333333333333
2018,10,30,0,2.9059886,3.417,0.11
2018,10,30,6,0,3.852,0.0966666666666667
2018,10,30,12,0.0152146,4.769,0.0816666666666667
2018,10,30,18,2.7690572,4.352,0.0783333333333333
2018,10,31,0,2.586482,4.546,0.03
2018,10,31,6,0.7759446,5.778,0.015
2018,10,31,12,0.836803,6.454,0.0183333333333333
2018,10,31,18,3.9101522,7.009,0.0233333333333333
2018,11,1,0,9.6764856,7.139,0.0183333333333333
2018,11,1,6,11.3957354,8.417,0
2018,11,1,12,10.9240828,9.019,0
2018,11,1,18,6.5270634,9.148,0.00333333333333333
2018,11,2,0,22.9436168,8.093,0.0116666666666667
2018,11,2,6,1.3236702,6.981,0.03
2018,11,2,12,0,6.491,0.03
2018,11,2,18,0.0304292,5.306,0.03
2018,11,3,0,4.8991012,4.565,0.03
2018,11,3,6,1.4606016,4.806,0.03
2018,11,3,12,2.2517608,5.287,0.03
2018,11,3,18,9.3113352,5.704,0.03
2018,11,4,0,10.65022,5.898,0.03
2018,11,4,6,2.738628,5.278,0.03
2018,11,4,12,0.1369314,4.935,0.05
2018,11,4,18,0.0152146,4.13,0.0683333333333333
2018,11,5,0,0.3499358,3.509,0.105
2018,11,5,6,5.781548,3.324,0.14
2018,11,5,12,0.3651504,3.852,0.116666666666667
2018,11,5,18,0.5933694,3.389,0.128333333333333
2018,11,6,0,0.6390132,2.833,0.175
2018,11,6,6,0.2738628,2.722,0.215
2018,11,6,12,1.217168,2.88,0.213333333333333
2018,11,6,18,0.2738628,1.093,0.485
2018,11,7,0,0.1065022,0.843,0.596666666666667
2018,11,7,6,0,1.463,0.678333333333333
2018,11,7,12,0,3.259,0.413333333333333
2018,11,7,18,0,1.083,0.838333333333333
2018,11,8,0,0,0.176,0.995
2018,11,8,6,0,1.426,0.85
2018,11,8,12,0,3.843,0.31
2018,11,8,18,0,1.426,0.835
2018,11,9,0,0.0304292,2.333,0.843333333333333
2018,11,9,6,2.5712674,1.852,0.356666666666667
2018,11,9,12,0,0.713,0.495
2018,11,9,18,0,-0.62,0.678333333333333
2018,11,10,0,0,-0.454,0.685
2018,11,10,6,0,1.065,0.595
2018,11,10,12,0.1977898,2.898,0.331666666666667
2018,11,10,18,0,0.472,0.77
2018,11,11,0,0,0.12,0.973333333333333
2018,11,11,6,0,1.944,0.758333333333333
2018,11,11,12,0,5.037,0.228333333333333
2018,11,11,18,0,2.5,0.791666666666667
2018,11,12,0,0,2.333,0.785
2018,11,12,6,0,4.907,0.423333333333333
2018,11,12,12,0,8.352,0.0433333333333333
2018,11,12,18,0,5.454,0.215
2018,11,13,0,0,6.278,0.236666666666667
2018,11,13,6,0,7.102,0.211666666666667
2018,11,13,12,0,7.944,0.103333333333333
2018,11,13,18,2.2669754,5.63,0.0533333333333333
2018,11,14,0,2.8755594,5.472,0.03
2018,11,14,6,9.3265498,4.833,0.03
2018,11,14,12,0.0152146,4.676,0.05
2018,11,14,18,0,3.944,0.0616666666666667
2018,11,15,0,0.6998716,3.454,0.103333333333333
2018,11,15,6,0.076073,4,0.0933333333333333
2018,11,15,12,2.0844002,4.898,0.03
2018,11,15,18,1.3997432,5.25,0.03
2018,11,16,0,1.4301724,4.444,0.065
2018,11,16,6,0.0456438,4.352,0.146666666666667
2018,11,16,12,0,5.509,0.208333333333333
2018,11,16,18,0,2.63,0.713333333333333
2018,11,17,0,0,1.463,0.926666666666667
2018,11,17,6,0,1.843,0.861666666666667
2018,11,17,12,0,4.269,0.38
2018,11,17,18,0,2.5,0.948333333333333
2018,11,18,0,0,1.685,0.99
2018,11,18,6,0,2.889,0.716666666666667
2018,11,18,12,0,6.454,0.0816666666666667
2018,11,18,18,0,3.546,0.428333333333333
2018,11,19,0,0,2.88,0.606666666666667
2018,11,19,6,0,4.157,0.453333333333333
2018,11,19,12,0,7.972,0.0516666666666667
2018,11,19,18,0,5.037,0.315
2018,11,20,0,0,4.296,0.471666666666667
2018,11,20,6,0,5.824,0.355
2018,11,20,12,0,9.306,0.0383333333333333
2018,11,20,18,0,6.546,0.155
2018,11,21,0,0.4107942,6.056,0.128333333333333
2018,11,21,6,3.195066,5.611,0.0516666666666667
2018,11,21,12,1.2780264,5.065,0.03
2018,11,21,18,2.1756878,4.25,0.0366666666666667
2018,11,22,0,5.8728356,3.639,0.0833333333333333
2018,11,22,6,2.6929842,3.222,0.188333333333333
2018,11,22,12,2.1452586,3.843,0.198333333333333
2018,11,22,18,1.5823184,1.259,0.381666666666667
2018,11,23,0,1.9474688,1.009,0.45
2018,11,23,6,3.0277054,1.185,0.441666666666667
2018,11,23,12,2.8451302,0.676,0.443333333333333
2018,11,23,18,0.6694424,-0.287,0.618333333333333
2018,11,24,0,0.6237986,-0.63,0.668333333333333
2018,11,24,6,0.2130044,-0.074,0.586666666666667
2018,11,24,12,0.0456438,0.972,0.448333333333333
2018,11,24,18,0,0.148,0.686666666666667
2018,11,25,0,0.0912876,0.222,0.726666666666667
2018,11,25,6,0,2.787,0.398333333333333
2018,11,25,12,2.5408382,6.176,0.0283333333333333
2018,11,25,18,1.3540994,4.991,0.03
2018,11,26,0,4.0775128,6.491,0.02
2018,11,26,6,16.9947082,7.5,0.02
2018,11,26,12,12.019534,7.583,0.0233333333333333
2018,11,26,18,14.0126466,7.139,0.025
2018,11,27,0,10.8480098,6.657,0.03
2018,11,27,6,10.9849412,5.787,0.03
2018,11,27,12,1.6279622,5.13,0.0433333333333333
2018,11,27,18,3.6362894,3.963,0.065
2018,11,28,0,4.1383712,3.028,0.146666666666667
2018,11,28,6,0.456438,2.315,0.268333333333333
2018,11,28,12,1.3997432,2.889,0.186666666666667
2018,11,28,18,0.5781548,2.12,0.246666666666667
2018,11,29,0,0.608584,1.741,0.318333333333333
2018,11,29,6,0.0912876,2.333,0.243333333333333
2018,11,29,12,0,2.944,0.201666666666667
2018,11,29,18,0.1825752,1.287,0.408333333333333
2018,11,30,0,1.0498074,0.824,0.438333333333333
2018,11,30,6,1.749679,0.509,0.49
2018,11,30,12,0.2586482,0.944,0.453333333333333
2018,11,30,18,0.5020818,-0.241,0.638333333333333
2018,12,1,0,0.076073,-0.963,0.75
2018,12,1,6,0.1825752,-0.343,0.665
2018,12,1,12,0.0456438,0.602,0.5
2018,12,1,18,0.0304292,-1.111,0.823333333333333
2018,12,2,0,0.0304292,-2.694,0.99
2018,12,2,6,0,-2.13,0.951666666666667
2018,12,2,12,0,-0.407,0.748333333333333
2018,12,2,18,0,-2.907,0.978333333333333
2018,12,3,0,0,-4.083,1
2018,12,3,6,0,-3.241,0.975
2018,12,3,12,0.0912876,-1,0.875
2018,12,3,18,0,-3.843,1
2018,12,4,0,0,-4.093,1
2018,12,4,6,0,-2.657,1
2018,12,4,12,0.0304292,-0.074,0.996666666666667
2018,12,4,18,0,-2.213,1
2018,12,5,0,0,-0.796,1
2018,12,5,6,0,-0.528,0.998333333333333
2018,12,5,12,0,0.565,0.963333333333333
2018,12,5,18,0,-2.63,1
2018,12,6,0,0,-3.519,1
2018,12,6,6,0,-2.491,1
2018,12,6,12,0,-0.148,1
2018,12,6,18,0,-2.907,1
2018,12,7,0,0,-3.324,1
2018,12,7,6,0,-2.278,1
2018,12,7,12,0,1.241,0.97
2018,12,7,18,0.4716526,-0.204,0.97
2018,12,8,0,0,1.074,0.756666666666667
2018,12,8,6,0,1.491,0.405
2018,12,8,12,0,2.565,0.245
2018,12,8,18,0,1.778,0.475
2018,12,9,0,0,3.37,0.376666666666667
2018,12,9,6,1.8713958,4.204,0.131666666666667
2018,12,9,12,5.7967626,3.037,0.208333333333333
2018,12,9,18,5.5076852,1.556,0.391666666666667
2018,12,10,0,0.1065022,1.185,0.383333333333333
2018,12,10,6,1.7344644,0.463,0.52
2018,12,10,12,2.0235418,0.25,0.565
2018,12,10,18,0,-0.444,0.765
2018,12,11,0,5.5381144,1.241,0.51
2018,12,11,6,10.0264214,2.556,0.263333333333333
2018,12,11,12,9.2656914,2.694,0.168333333333333
2018,12,11,18,3.4689288,0.472,0.5
2018,12,12,0,0.2130044,-0.694,0.688333333333333
2018,12,12,6,0.076073,-1.194,0.773333333333333
2018,12,12,12,0.5020818,-0.093,0.636666666666667
2018,12,12,18,3.5602164,0.907,0.518333333333333
2018,12,13,0,10.2850696,1.889,0.393333333333333
2018,12,13,6,7.6377292,2.694,0.225
2018,12,13,12,4.412234,3.389,0.125
2018,12,13,18,0.7303008,4.417,0.1
2018,12,14,0,2.9820616,4.907,0.306666666666667
2018,12,14,6,0.2130044,6.509,0.278333333333333
2018,12,14,12,0.304292,5.88,0.193333333333333
2018,12,14,18,2.358263,0.991,0.511666666666667
2018,12,15,0,1.1106658,-1.685,0.795
2018,12,15,6,0.0912876,-1.037,0.81
2018,12,15,12,0,0.963,0.715
2018,12,15,18,0.7911592,1.065,0.655
2018,12,16,0,3.4841434,2.954,0.236666666666667
2018,12,16,6,3.5145726,4.685,0.0783333333333333
2018,12,16,12,5.7967626,5.111,0.0616666666666667
2018,12,16,18,6.5879218,3.62,0.108333333333333
2018,12,17,0,1.5823184,2.278,0.245
2018,12,17,6,0.8520176,2.343,0.328333333333333
2018,12,17,12,0.9280906,2.741,0.321666666666667
2018,12,17,18,5.7663334,2.769,0.296666666666667
2018,12,18,0,3.6971478,2.676,0.193333333333333
2018,12,18,6,5.9489086,2.509,0.193333333333333
2018,12,18,12,2.3126192,1.935,0.271666666666667
2018,12,18,18,1.7040352,1.194,0.39
2018,12,19,0,2.053971,0.796,0.461666666666667
2018,12,19,6,1.6583914,1.056,0.453333333333333
2018,12,19,12,0,1.657,0.42
2018,12,19,18,0,1.463,0.518333333333333
2018,12,20,0,9.6004126,4.231,0.08
2018,12,20,6,7.2117204,5.704,0.045
2018,12,20,12,2.9059886,2.583,0.303333333333333
2018,12,20,18,3.04292,-1.194,0.74
2018,12,21,0,1.6279622,-3.046,0.953333333333333
2018,12,21,6,0.0152146,-3.537,0.985
2018,12,21,12,0.0456438,-2.796,0.958333333333333
2018,12,21,18,0,-3.75,1
2018,12,22,0,0.076073,-2.861,0.998333333333333
2018,12,22,6,1.6279622,-0.491,0.835
2018,12,22,12,1.6127476,1.815,0.483333333333333
2018,12,22,18,2.3126192,1.056,0.558333333333333
2018,12,23,0,3.8645084,0.75,0.55
2018,12,23,6,5.6446166,0.065,0.625
2018,12,23,12,2.6321258,0.343,0.555
2018,12,23,18,0,-0.713,0.74
2018,12,24,0,0.0152146,-1.111,0.766666666666667
2018,12,24,6,0,-1.12,0.746666666666667
2018,12,24,12,0,0.648,0.618333333333333
2018,12,24,18,0,-1.824,0.955
2018,12,25,0,0,-2.231,0.993333333333333
2018,12,25,6,0,-2.667,0.968333333333333
2018,12,25,12,0,-2.083,0.851666666666667
2018,12,25,18,0,-3.269,0.973333333333333
2018,12,26,0,0.2738628,-2.306,0.946666666666667
2018,12,26,6,4.5948092,-1.398,0.848333333333333
2018,12,26,12,1.0193782,-1.935,0.851666666666667
2018,12,26,18,0.6542278,-3.102,0.968333333333333
2018,12,27,0,0.4412234,-3.565,0.971666666666667
2018,12,27,6,0.6998716,-3.222,0.948333333333333
2018,12,27,12,0.3347212,-2.056,0.856666666666667
2018,12,27,18,0.076073,-3.167,0.933333333333333
2018,12,28,0,0.1217168,-1.926,0.941666666666667
2018,12,28,6,1.445387,-0.87,0.808333333333333
2018,12,28,12,2.8755594,0.509,0.56
2018,12,28,18,5.5076852,2.167,0.203333333333333
2018,12,29,0,7.3334372,3.204,0.06
2018,12,29,6,4.2753026,3.546,0.0866666666666667
2018,12,29,12,14.3473678,3.12,0.125
2018,12,29,18,1.3236702,0.167,0.535
2018,12,30,0,1.5062454,-1.009,0.723333333333333
2018,12,30,6,1.1715242,-1.731,0.796666666666667
2018,12,30,12,0.1369314,-1.407,0.796666666666667
2018,12,30,18,0,-3.463,0.998333333333333
2018,12,31,0,0,-3.981,1
2018,12,31,6,0,-3.796,1
2018,12,31,12,0,-2.056,0.97
2018,12,31,18,0,-4.111,1
2019,1,1,0,0,-3.454,1
2019,1,1,6,0.7303008,-2.704,0.993333333333333
2019,1,1,12,0,-0.648,0.92
2019,1,1,18,0.0152146,-1.824,0.96
2019,1,2,0,0,0.25,0.835
2019,1,2,6,0,1.333,0.793333333333333
2019,1,2,12,3.1494222,2.176,0.516666666666667
2019,1,2,18,8.8396826,2.935,0.116666666666667
2019,1,3,0,12.5216158,3.769,0.065
2019,1,3,6,11.6695982,4.269,0.0533333333333333
2019,1,3,12,11.8521734,4.102,0.0716666666666667
2019,1,3,18,8.7331804,3.824,0.085
2019,1,4,0,3.1037784,2.528,0.205
2019,1,4,6,3.4689288,1.722,0.351666666666667
2019,1,4,12,0.4412234,1.778,0.386666666666667
2019,1,4,18,0.0152146,1.231,0.475
2019,1,5,0,0.0152146,1.37,0.626666666666667
2019,1,5,6,0,3.611,0.346666666666667
2019,1,5,12,0.1825752,4.389,0.205
2019,1,5,18,0.7303008,2.407,0.366666666666667
2019,1,6,0,6.161913,1.315,0.45
2019,1,6,6,1.6127476,-1.815,0.813333333333333
2019,1,6,12,1.7953228,-1.694,0.816666666666667
2019,1,6,18,0.2586482,-3.083,0.955
2019,1,7,0,3.9101522,-3.509,0.99
2019,1,7,6,0.988949,-4.296,0.99
2019,1,7,12,0.4107942,-3.694,0.956666666666667
2019,1,7,18,0,-6.167,1
2019,1,8,0,0,-2.176,1
2019,1,8,6,0.0304292,0.185,0.931666666666667
2019,1,8,12,2.4495506,2.481,0.291666666666667
2019,1,8,18,3.3624266,3.741,0.0666666666666667
2019,1,9,0,4.9751742,3.759,0.075
2019,1,9,6,5.3098954,3.704,0.0883333333333333
2019,1,9,12,2.4951944,4.139,0.0916666666666667
2019,1,9,18,3.7427916,3.704,0.111666666666667
2019,1,10,0,1.8105374,3.176,0.131666666666667
2019,1,10,6,0.3955796,3.389,0.125
2019,1,10,12,0.0152146,3.926,0.15
2019,1,10,18,0,3.463,0.171666666666667
2019,1,11,0,0,4.12,0.241666666666667
2019,1,11,6,0,5.204,0.196666666666667
2019,1,11,12,0,7.037,0.0516666666666667
2019,1,11,18,0,5.602,0.118333333333333
2019,1,12,0,0,5.343,0.235
2019,1,12,6,0,5.481,0.263333333333333
2019,1,12,12,0,7.444,0.0733333333333333
2019,1,12,18,0,5.12,0.253333333333333
2019,1,13,0,0,3.806,0.485
2019,1,13,6,0,4.269,0.408333333333333
2019,1,13,12,0,7.556,0.095
2019,1,13,18,0,4.37,0.558333333333333
2019,1,14,0,0,4.861,0.683333333333333
2019,1,14,6,0,5.759,0.68
2019,1,14,12,0,7.889,0.155
2019,1,14,18,0,4.648,0.803333333333333
2019,1,15,0,0,5.417,0.656666666666667
2019,1,15,6,0,3.833,0.735
2019,1,15,12,0,4.62,0.326666666666667
2019,1,15,18,0,1.602,0.805
2019,1,16,0,0,0.796,0.916666666666667
2019,1,16,6,0,1.611,0.761666666666667
2019,1,16,12,0,4.213,0.286666666666667
2019,1,16,18,0,2.676,0.548333333333333
2019,1,17,0,0.380365,3.278,0.34
2019,1,17,6,0.7455154,3.602,0.175
2019,1,17,12,0.1673606,4.093,0.14
2019,1,17,18,1.4910308,2.963,0.208333333333333
2019,1,18,0,4.5035216,2.074,0.261666666666667
2019,1,18,6,0.4107942,1.537,0.381666666666667
2019,1,18,12,0,2.639,0.4
2019,1,18,18,6.1314838,3.167,0.21
2019,1,19,0,1.2323826,3.722,0.101666666666667
2019,1,19,6,0.0912876,1.435,0.395
2019,1,19,12,2.6321258,1.009,0.445
2019,1,19,18,2.8755594,0.046,0.59
2019,1,20,0,0,-1.056,0.785
2019,1,20,6,0,-0.343,0.855
2019,1,20,12,0,0.37,0.653333333333333
2019,1,20,18,0,-2.639,0.948333333333333
2019,1,21,0,0,-3.917,1
2019,1,21,6,0,-3.917,0.985
2019,1,21,12,0.0152146,-1.676,0.818333333333333
2019,1,21,18,0,-2.389,0.951666666666667
2019,1,22,0,0.2586482,-1.194,0.938333333333333
2019,1,22,6,0.684657,0.546,0.623333333333333
2019,1,22,12,4.2296588,0.963,0.473333333333333
2019,1,22,18,19.246469,1.546,0.318333333333333
2019,1,23,0,9.1591892,2.37,0.145
2019,1,23,6,0.380365,1.676,0.361666666666667
2019,1,23,12,0,2.556,0.316666666666667
2019,1,23,18,0,-0.435,0.746666666666667
2019,1,24,0,0,-0.667,0.796666666666667
2019,1,24,6,0,-0.565,0.77
2019,1,24,12,0,0.935,0.506666666666667
2019,1,24,18,0,-0.194,0.741666666666667
2019,1,25,0,0,-0.667,0.765
2019,1,25,6,0,0.065,0.693333333333333
2019,1,25,12,0,1.759,0.273333333333333
2019,1,25,18,0,1.074,0.413333333333333
2019,1,26,0,0,1.657,0.306666666666667
2019,1,26,6,0,3.204,0.185
2019,1,26,12,0,5.509,0.03
2019,1,26,18,0,3.046,0.176666666666667
2019,1,27,0,0,3.083,0.355
2019,1,27,6,0,3.074,0.223333333333333
2019,1,27,12,0,5.324,0.12
2019,1,27,18,0,3,0.735
2019,1,28,0,0,3.028,0.951666666666667
2019,1,28,6,0,2.806,0.848333333333333
2019,1,28,12,0,4.954,0.28
2019,1,28,18,0,2.213,0.94
2019,1,29,0,0,2.88,0.99
2019,1,29,6,0,2.509,0.875
2019,1,29,12,0,5,0.321666666666667
2019,1,29,18,0,1.704,0.956666666666667
2019,1,30,0,0,1.148,0.996666666666667
2019,1,30,6,0,2.88,0.783333333333333
2019,1,30,12,0,5.889,0.153333333333333
2019,1,30,18,0,4.148,0.575
2019,1,31,0,0,4.269,0.451666666666667
2019,1,31,6,0.2890774,4.843,0.228333333333333
2019,1,31,12,0.076073,6.352,0.0583333333333333
2019,1,31,18,1.4301724,4.87,0.0766666666666667
2019,2,1,0,5.172964,4.204,0.0633333333333333
2019,2,1,6,7.8507336,2.815,0.208333333333333
2019,2,1,12,8.4136738,3.148,0.121666666666667
2019,2,1,18,6.618351,2.009,0.238333333333333
2019,2,2,0,0.4716526,0.954,0.41
2019,2,2,6,0,0.37,0.545
2019,2,2,12,0,0.491,0.601666666666667
2019,2,2,18,0,-1.648,0.838333333333333
2019,2,3,0,0,-2.806,0.965
2019,2,3,6,0.6998716,-4.028,0.996666666666667
2019,2,3,12,1.3388848,-5.991,1
2019,2,3,18,0.2890774,-6.991,1
2019,2,4,0,0.2130044,-6.954,1
2019,2,4,6,0.0608584,-7.704,1
2019,2,4,12,0,-5.704,1
2019,2,4,18,0,-7.361,1
2019,2,5,0,0,-8.407,1
2019,2,5,6,0,-8.269,1
2019,2,5,12,0.0456438,-6.157,1
2019,2,5,18,0,-9.769,1
2019,2,6,0,0,-10.296,1
2019,2,6,6,0,-7.917,1
2019,2,6,12,0,-5.028,1
2019,2,6,18,0,-8.944,1
2019,2,7,0,0,-9.056,1
2019,2,7,6,0,-7.009,1
2019,2,7,12,0,-3.37,1
2019,2,7,18,0,-7.37,1
2019,2,8,0,0,-8.583,1
2019,2,8,6,0.6390132,-6.954,1
2019,2,8,12,0.4716526,-6.713,1
2019,2,8,18,0.1217168,-9.472,1
2019,2,9,0,0.0608584,-9.056,1
2019,2,9,6,0,-8.019,1
2019,2,9,12,0,-6.028,1
2019,2,9,18,0,-7.472,1
2019,2,10,0,0,-8.87,1
2019,2,10,6,0,-9.611,1
2019,2,10,12,0.3499358,-7.509,1
2019,2,10,18,2.4495506,-7.907,1
2019,2,11,0,0.5477256,-10.12,1
2019,2,11,6,0,-9.389,1
2019,2,11,12,0.6542278,-4.269,1
2019,2,11,18,4.7773844,-4.37,1
2019,2,12,0,4.640453,-4.556,1
2019,2,12,6,2.6321258,-3.88,0.996666666666667
2019,2,12,12,5.5989728,-2.648,0.975
2019,2,12,18,0.228219,-3.787,1
2019,2,13,0,4.0927274,-5.231,1
2019,2,13,6,1.0498074,-5.083,1
2019,2,13,12,0.1065022,-2.824,0.991666666666667
2019,2,13,18,0,-6.306,1
2019,2,14,0,0,-4.37,1
2019,2,14,6,0.0152146,-1.019,0.951666666666667
2019,2,14,12,2.1909024,1.306,0.606666666666667
2019,2,14,18,3.04292,-0.361,0.726666666666667
2019,2,15,0,0.5020818,-1.741,0.918333333333333
2019,2,15,6,0.8976614,-1.028,0.813333333333333
2019,2,15,12,0.4412234,-0.63,0.725
2019,2,15,18,0.6237986,-2.787,0.941666666666667
2019,2,16,0,0.2890774,-4.407,1
2019,2,16,6,0,-2.796,0.941666666666667
2019,2,16,12,0,-1.185,0.746666666666667
2019,2,16,18,0,-3.704,0.986666666666667
2019,2,17,0,0,-4.769,1
2019,2,17,6,0,-3.472,0.961666666666667
2019,2,17,12,0,-1.12,0.896666666666667
2019,2,17,18,0,-4.954,1
2019,2,18,0,0,-6.176,1
2019,2,18,6,0,-5.102,1
2019,2,18,12,1.3997432,-3.185,0.981666666666667
2019,2,18,18,1.0954512,-5.102,1
2019,2,19,0,0.8672322,-4.528,1
2019,2,19,6,0,-3.926,0.986666666666667
2019,2,19,12,3.955796,-2.602,0.906666666666667
2019,2,19,18,1.5062454,-3.546,0.991666666666667
2019,2,20,0,0,-5.5,1
2019,2,20,6,0,-4.444,0.975
2019,2,20,12,0,-1.639,0.851666666666667
2019,2,20,18,0,-4.593,1
2019,2,21,0,0,-5.398,1
2019,2,21,6,0,-4.639,0.993333333333333
2019,2,21,12,0,-2.046,0.91
2019,2,21,18,0,-5.37,1
2019,2,22,0,0,-4.88,1
2019,2,22,6,0,-3.324,0.978333333333333
2019,2,22,12,4.3209464,-2.972,0.92
2019,2,22,18,0.0608584,-4.38,1
2019,2,23,0,0.1977898,-4.231,1
2019,2,23,6,0.304292,-3.602,0.961666666666667
2019,2,23,12,0.1065022,-1.852,0.85
2019,2,23,18,0,-4.611,1
2019,2,24,0,0.0456438,-5.241,1
2019,2,24,6,0,-3.963,0.983333333333333
2019,2,24,12,0,-1.519,0.908333333333334
2019,2,24,18,0,-5.759,1
2019,2,25,0,0,-6.704,1
2019,2,25,6,0,-6.491,1
2019,2,25,12,0,-4.111,0.996666666666667
2019,2,25,18,0.0304292,-9.157,1
2019,2,26,0,0.0152146,-10.398,1
2019,2,26,6,0,-8.519,1
2019,2,26,12,0,-4.259,1
2019,2,26,18,0,-8.046,1
2019,2,27,0,0,-5.972,1
2019,2,27,6,0,-3,0.995
2019,2,27,12,0,-0.009,0.866666666666667
2019,2,27,18,0.5020818,-3.741,1
2019,2,28,0,0.1369314,-6.102,1
2019,2,28,6,0,-6.037,0.991666666666667
2019,2,28,12,0,-2.241,0.886666666666667
2019,2,28,18,0,-6.519,1
2019,3,1,0,0,-7.537,1
2019,3,1,6,0,-4.667,0.973333333333333
2019,3,1,12,0,-1.287,0.84
2019,3,1,18,0,-4.87,1
2019,3,2,0,0,-5.407,1
2019,3,2,6,0,-4,0.978333333333333
2019,3,2,12,0,-1.481,0.906666666666667
2019,3,2,18,0,-5.426,1
2019,3,3,0,0,-7.481,1
2019,3,3,6,0,-6.019,0.998333333333333
2019,3,3,12,0,-2.833,0.983333333333333
2019,3,3,18,0,-6.454,1
2019,3,4,0,0,-8.546,1
2019,3,4,6,0,-6.731,1
2019,3,4,12,0,-2.5,0.993333333333333
2019,3,4,18,0,-6.417,1
2019,3,5,0,0,-6.778,1
2019,3,5,6,0,-4.546,0.993333333333333
2019,3,5,12,0,-1.167,0.933333333333333
2019,3,5,18,0,-4.852,1
2019,3,6,0,0,-4.815,1
2019,3,6,6,0,-1.602,0.936666666666667
2019,3,6,12,1.3236702,-0.63,0.825
2019,3,6,18,1.0802366,-2.991,0.986666666666667
2019,3,7,0,1.2019534,-5.454,1
2019,3,7,6,0.7303008,-5.019,0.988333333333333
2019,3,7,12,0.4412234,-3.148,0.938333333333333
2019,3,7,18,0.1825752,-6.648,1
2019,3,8,0,0.532511,-6.343,1
2019,3,8,6,0,-5.083,0.98
2019,3,8,12,0.0152146,-2.926,0.928333333333333
2019,3,8,18,0.0152146,-6.38,1
2019,3,9,0,0,-8.019,1
2019,3,9,6,0,-4.63,0.956666666666667
2019,3,9,12,0,-1.222,0.801666666666667
2019,3,9,18,0,-4.537,0.988333333333333
2019,3,10,0,0,-5.815,1
2019,3,10,6,0,-2.769,0.948333333333333
2019,3,10,12,0,0.593,0.686666666666667
2019,3,10,18,0,-2.833,0.99
2019,3,11,0,0,-2.667,1
2019,3,11,6,0,0.472,0.915
2019,3,11,12,2.662555,0.667,0.8
2019,3,11,18,6.618351,-0.852,0.8
2019,3,12,0,1.7344644,-1.796,0.898333333333333
2019,3,12,6,0.5781548,-2.861,0.95
2019,3,12,12,1.0802366,-1.639,0.776666666666667
2019,3,12,18,0.1977898,-3.194,0.941666666666667
2019,3,13,0,0.5020818,-3.676,0.985
2019,3,13,6,0,-2.463,0.878333333333333
2019,3,13,12,0,-0.157,0.653333333333333
2019,3,13,18,0,-2.648,0.898333333333333
2019,3,14,0,0,-3.019,0.993333333333333
2019,3,14,6,0,0.037,0.751666666666667
2019,3,14,12,0,2.565,0.395
2019,3,14,18,0,0.898,0.581666666666667
2019,3,15,0,0,0.713,0.561666666666667
2019,3,15,6,0,2.231,0.321666666666667
2019,3,15,12,0,5.269,0.115
2019,3,15,18,0,2.426,0.425
2019,3,16,0,0,1.815,0.575
2019,3,16,6,0,4.278,0.311666666666667
2019,3,16,12,0,7.981,0.03
2019,3,16,18,0,4.5,0.14
2019,3,17,0,0,3.667,0.305
2019,3,17,6,0,6.519,0.113333333333333
2019,3,17,12,0,10.833,0.03
2019,3,17,18,0,7.269,0.11
2019,3,18,0,0,6.88,0.195
2019,3,18,6,0,9.157,0.0966666666666667
2019,3,18,12,0,12.722,0.03
2019,3,18,18,0,8.898,0.116666666666667
2019,3,19,0,0,8.037,0.191666666666667
2019,3,19,6,0,10.991,0.0716666666666667
2019,3,19,12,0,14.5,0.0283333333333333
2019,3,19,18,0,11.019,0.04
2019,3,20,0,0,9.815,0.095
2019,3,20,6,0,11.556,0.05
2019,3,20,12,0,14.852,0.0183333333333333
2019,3,20,18,0,9.574,0.0683333333333333
2019,3,21,0,0,6.676,0.238333333333333
2019,3,21,6,0,8.009,0.18
2019,3,21,12,0,10.111,0.0266666666666667
2019,3,21,18,0,4.833,0.133333333333333
2019,3,22,0,0,2.546,0.351666666666667
2019,3,22,6,0,4.787,0.123333333333333
2019,3,22,12,0.0152146,8.176,0.04
2019,3,22,18,0.0912876,4.574,0.0983333333333333
2019,3,23,0,0.0456438,2.389,0.225
2019,3,23,6,0,2.861,0.201666666666667
2019,3,23,12,0,5.306,0.0933333333333333
2019,3,23,18,0,2.565,0.29
2019,3,24,0,0,1.546,0.401666666666667
2019,3,24,6,0,3.824,0.22
2019,3,24,12,0,5.25,0.0516666666666667
2019,3,24,18,0,3.12,0.245
2019,3,25,0,0,2.056,0.36
2019,3,25,6,0,6.435,0.153333333333333
2019,3,25,12,0.1825752,8.843,0.0533333333333333
2019,3,25,18,1.445387,2.843,0.226666666666667
2019,3,26,0,2.0691856,0.917,0.446666666666667
2019,3,26,6,3.0581346,0.62,0.543333333333333
2019,3,26,12,0,2.981,0.335
2019,3,26,18,0,0.296,0.763333333333333
2019,3,27,0,0,0.722,0.918333333333333
2019,3,27,6,0,4.389,0.506666666666667
2019,3,27,12,0,7.907,0.121666666666667
2019,3,27,18,0,4.12,0.491666666666667
2019,3,28,0,0,1.926,0.595
2019,3,28,6,0,4.528,0.256666666666667
2019,3,28,12,0,7.028,0.0766666666666667
2019,3,28,18,0,3.787,0.266666666666667
2019,3,29,0,0,2.889,0.273333333333333
2019,3,29,6,0,5.472,0.133333333333333
2019,3,29,12,0,8.139,0.03
2019,3,29,18,0,4.287,0.21
2019,3,30,0,0,2.528,0.341666666666667
2019,3,30,6,0,5.352,0.158333333333333
2019,3,30,12,0,8.556,0.0316666666666667
2019,3,30,18,0,4.611,0.231666666666667
2019,3,31,0,0,2.593,0.47
2019,3,31,6,0,5.38,0.233333333333333
2019,3,31,12,0,8.546,0.0333333333333333
2019,3,31,18,0,4.593,0.255
2019,4,1,0,0,4.648,0.285
2019,4,1,6,0,7.63,0.126666666666667
2019,4,1,12,0,10.806,0.03
2019,4,1,18,0,7.083,0.208333333333333
2019,4,2,0,0,5.963,0.306666666666667
2019,4,2,6,0,8.602,0.18
2019,4,2,12,0,11.259,0.0366666666666667
2019,4,2,18,0,6.639,0.13
2019,4,3,0,0.5477256,4.361,0.12
2019,4,3,6,0.7303008,4.889,0.06
2019,4,3,12,6.2988444,5.019,0.0633333333333333
2019,4,3,18,0.8976614,3.194,0.133333333333333
2019,4,4,0,0.2738628,2.574,0.218333333333333
2019,4,4,6,0,4,0.133333333333333
2019,4,4,12,0,7.954,0.0366666666666667
2019,4,4,18,0.0152146,5.648,0.055
2019,4,5,0,0.152146,4.546,0.0633333333333333
2019,4,5,6,0.0152146,6.056,0.065
2019,4,5,12,5.3707538,5.75,0.08
2019,4,5,18,0.6390132,1.759,0.356666666666667
2019,4,6,0,0.0304292,0.954,0.565
2019,4,6,6,1.4910308,2.417,0.406666666666667
2019,4,6,12,2.6169112,3.157,0.286666666666667
2019,4,6,18,2.1604732,1.657,0.438333333333333
2019,4,7,0,2.1452586,0.713,0.538333333333333
2019,4,7,6,0.3347212,1.694,0.358333333333333
2019,4,7,12,0.6998716,3.991,0.155
2019,4,7,18,0,1.176,0.575
2019,4,8,0,0,1.241,0.633333333333333
2019,4,8,6,0.9737344,4.602,0.236666666666667
2019,4,8,12,6.314059,6.102,0.04
2019,4,8,18,2.4039068,3.194,0.171666666666667
2019,4,9,0,1.065022,2.204,0.26
2019,4,9,6,0.6998716,2.157,0.268333333333333
2019,4,9,12,0.0304292,3.685,0.143333333333333
2019,4,9,18,0.0152146,2.639,0.203333333333333
2019,4,10,0,0.1065022,1.287,0.401666666666667
2019,4,10,6,5.8119772,1.509,0.411666666666667
2019,4,10,12,8.2615278,1.963,0.335
2019,4,10,18,0.1369314,0.935,0.46
2019,4,11,0,0.0608584,0.037,0.613333333333333
2019,4,11,6,0.2890774,1.574,0.453333333333333
2019,4,11,12,5.096891,3.25,0.176666666666667
2019,4,11,18,4.1992296,2.046,0.276666666666667
2019,4,12,0,0,0.778,0.468333333333333
2019,4,12,6,0,2.537,0.293333333333333
2019,4,12,12,0.076073,4.259,0.116666666666667
2019,4,12,18,0,2.074,0.356666666666667
2019,4,13,0,1.6279622,1.694,0.371666666666667
2019,4,13,6,6.4509904,1.472,0.428333333333333
2019,4,13,12,3.2863536,2.185,0.345
2019,4,13,18,0.6390132,-0.046,0.611666666666667
2019,4,14,0,0.4107942,-0.62,0.666666666666667
2019,4,14,6,2.4495506,-0.074,0.623333333333333
2019,4,14,12,1.2780264,0.944,0.498333333333333
2019,4,14,18,0.4868672,-1.694,0.835
2019,4,15,0,0.4412234,-2.815,0.953333333333333
2019,4,15,6,0,0.296,0.613333333333333
2019,4,15,12,0,4.602,0.183333333333333
2019,4,15,18,0,2.269,0.476666666666667
2019,4,16,0,0,0.565,0.668333333333333
2019,4,16,6,0,3.25,0.298333333333333
2019,4,16,12,0.0152146,4.241,0.115
2019,4,16,18,4.3818048,3.269,0.128333333333333
2019,4,17,0,1.7040352,2.806,0.141666666666667
2019,4,17,6,0.4868672,3.852,0.126666666666667
2019,4,17,12,0,6.278,0.0433333333333333
2019,4,17,18,1.2019534,5.639,0.0333333333333333
2019,4,18,0,5.7359042,5.537,0.0216666666666667
2019,4,18,6,5.6446166,6.722,0.02
2019,4,18,12,5.5228998,8.167,0.0116666666666667
2019,4,18,18,12.2325384,7.324,0.0183333333333333
2019,4,19,0,6.922643,7.231,0.02
2019,4,19,6,7.9268066,6.056,0.0266666666666667
2019,4,19,12,0.2890774,6.019,0.04
2019,4,19,18,0.3499358,3.694,0.2
2019,4,20,0,0.076073,1.889,0.333333333333333
2019,4,20,6,0,5.528,0.0983333333333333
2019,4,20,12,0,8.444,0.045
2019,4,20,18,0,4.426,0.196666666666667
2019,4,21,0,0,2.269,0.388333333333333
2019,4,21,6,0,4.769,0.133333333333333
2019,4,21,12,0,6.593,0.03
2019,4,21,18,0,3.87,0.255
2019,4,22,0,0,3.769,0.201666666666667
2019,4,22,6,0.4868672,5.213,0.0583333333333333
2019,4,22,12,1.6431768,5.176,0.025
2019,4,22,18,0.1977898,5.019,0.0383333333333333
2019,4,23,0,0,4.778,0.0433333333333333
2019,4,23,6,0,5.056,0.0466666666666667
2019,4,23,12,0,5.611,0.0616666666666667
2019,4,23,18,0,3.056,0.211666666666667
2019,4,24,0,0,1.352,0.423333333333333
2019,4,24,6,0,2.907,0.27
2019,4,24,12,0,5.528,0.0883333333333333
2019,4,24,18,0,3.065,0.315
2019,4,25,0,0,2.167,0.565
2019,4,25,6,0,6.602,0.176666666666667
2019,4,25,12,0,9.454,0.03
2019,4,25,18,0,5.778,0.0883333333333333
2019,4,26,0,0,3.222,0.345
2019,4,26,6,0,4.833,0.165
2019,4,26,12,0,5.87,0.095
2019,4,26,18,0.0608584,2.435,0.301666666666667
2019,4,27,0,1.1106658,-0.028,0.58
2019,4,27,6,0.2890774,-1.176,0.73
2019,4,27,12,1.7192498,1.287,0.506666666666667
2019,4,27,18,0.0152146,0.574,0.703333333333333
2019,4,28,0,0,-0.5,0.94
2019,4,28,6,0,2.778,0.433333333333333
2019,4,28,12,0,6.046,0.145
2019,4,28,18,0,3.824,0.38
2019,4,29,0,0,1.824,0.648333333333333
2019,4,29,6,0,5.093,0.261666666666667
2019,4,29,12,0,7.63,0.13
2019,4,29,18,0,4.519,0.4
2019,4,30,0,0,2.519,0.753333333333333
2019,4,30,6,0,5.907,0.331666666666667
2019,4,30,12,0,8.565,0.0883333333333333
2019,4,30,18,0,5.241,0.263333333333333
2019,5,1,0,0,3.398,0.496666666666667
2019,5,1,6,0,5.648,0.201666666666667
2019,5,1,12,0,7.685,0.0633333333333333
2019,5,1,18,0,4.083,0.21
2019,5,2,0,0,1.917,0.38
2019,5,2,6,0.0152146,2.769,0.27
2019,5,2,12,0,4.796,0.0983333333333333
2019,5,2,18,0,3.611,0.153333333333333
2019,5,3,0,0.0304292,2.722,0.183333333333333
2019,5,3,6,0,4.519,0.065
2019,5,3,12,0,6.139,0.03
2019,5,3,18,0,5.806,0.03
2019,5,4,0,0,3.833,0.0316666666666667
2019,5,4,6,0,7.454,0.02
2019,5,4,12,0,9.574,0.0133333333333333
2019,5,4,18,0,7.12,0.03
2019,5,5,0,0,5.602,0.03
2019,5,5,6,0,8.898,0.0283333333333333
2019,5,5,12,0,11.222,0.015
2019,5,5,18,0,9.176,0.0266666666666667
2019,5,6,0,0,7.157,0.03
2019,5,6,6,0,11.426,0.0216666666666667
2019,5,6,12,0,13.787,0.01
2019,5,6,18,0,10.102,0.0416666666666667
2019,5,7,0,0,7.676,0.0416666666666667
2019,5,7,6,0,11.667,0.025
2019,5,7,12,0,13.907,0.01
2019,5,7,18,0,10.778,0.025
2019,5,8,0,0,8.769,0.03
2019,5,8,6,0,12.704,0.0166666666666667
2019,5,8,12,0,15.491,0.01
2019,5,8,18,0,12.75,0.0166666666666667
2019,5,9,0,0,10.657,0.03
2019,5,9,6,0,14.491,0.0233333333333333
2019,5,9,12,0,16.833,0.00833333333333333
2019,5,9,18,0,13.259,0.01
2019,5,10,0,0,11.009,0.02
2019,5,10,6,0,15.861,0.00833333333333333
2019,5,10,12,0,18.648,0.00333333333333333
2019,5,10,18,0,15.491,0.00833333333333333
2019,5,11,0,0,12.407,0.01
2019,5,11,6,0,16.296,0.00833333333333333
2019,5,11,12,0,18.398,0
2019,5,11,18,0,13.954,0.01
2019,5,12,0,0,9.296,0.0216666666666667
2019,5,12,6,0,9.843,0.0166666666666667
2019,5,12,12,0,11.509,0.015
2019,5,12,18,0,8.907,0.035
2019,5,13,0,0,5.796,0.0916666666666667
2019,5,13,6,0,8.546,0.0216666666666667
2019,5,13,12,0,11.241,0.0166666666666667
2019,5,13,18,0,8.796,0.025
2019,5,14,0,0.152146,7.694,0.0333333333333333
2019,5,14,6,5.1121056,7.194,0.03
2019,5,14,12,2.9364178,7.417,0.03
2019,5,14,18,0.0608584,6.815,0.03
2019,5,15,0,0,5.417,0.0433333333333333
2019,5,15,6,0,9.5,0.03
2019,5,15,12,0,14.13,0.02
2019,5,15,18,0.1369314,10.028,0.02
2019,5,16,0,0,8.509,0.02
2019,5,16,6,0,12.065,0.0116666666666667
2019,5,16,12,1.673606,11.259,0.01
2019,5,16,18,2.5712674,8.907,0.0116666666666667
2019,5,17,0,7.6377292,6.667,0.0283333333333333
2019,5,17,6,3.499358,5.75,0.03
2019,5,17,12,0,6.602,0.03
2019,5,17,18,0,5.685,0.045
2019,5,18,0,0,4.815,0.055
2019,5,18,6,0,7.574,0.0333333333333333
2019,5,18,12,0,12.009,0.0216666666666667
2019,5,18,18,0,10.157,0.025
2019,5,19,0,0,7.657,0.0366666666666667
2019,5,19,6,0,10.815,0.0283333333333333
2019,5,19,12,0,12.537,0.0166666666666667
2019,5,19,18,0,10.046,0.025
2019,5,20,0,0.0152146,7.667,0.03
2019,5,20,6,1.3540994,7.361,0.03
2019,5,20,12,1.3388848,7.713,0.0233333333333333
2019,5,20,18,1.2019534,5.889,0.03
2019,5,21,0,0.9585198,5.139,0.0433333333333333
2019,5,21,6,0,8.157,0.03
2019,5,21,12,0,10.157,0.0216666666666667
2019,5,21,18,0,8.991,0.0266666666666667
2019,5,22,0,0,7.37,0.03
2019,5,22,6,0.0304292,11.833,0.0233333333333333
2019,5,22,12,0.1217168,13.944,0.01
2019,5,22,18,0.2586482,11.917,0.0166666666666667
2019,5,23,0,0.0304292,10.278,0.015
2019,5,23,6,0.0456438,13.426,0.01
2019,5,23,12,0.0152146,15.231,0.01
2019,5,23,18,0,12.148,0.0216666666666667
2019,5,24,0,5.4316122,8.657,0.02
2019,5,24,6,0.532511,6.824,0.0216666666666667
2019,5,24,12,0.1825752,7.269,0.0233333333333333
2019,5,24,18,0,6.898,0.0266666666666667
2019,5,25,0,0,6.046,0.03
2019,5,25,6,1.3997432,6.593,0.0283333333333333
2019,5,25,12,5.096891,7.361,0.02
2019,5,25,18,0,7.343,0.025
2019,5,26,0,0,8.657,0.02
2019,5,26,6,0,12.454,0.01
2019,5,26,12,0,15,0.00666666666666667
2019,5,26,18,0,12.398,0.01
2019,5,27,0,0,9.731,0.025
2019,5,27,6,0,14.111,0.01
2019,5,27,12,0,16.426,0.00166666666666667
2019,5,27,18,0,13.759,0.01
2019,5,28,0,0,10.194,0.01
2019,5,28,6,0,11.833,0.00833333333333333
2019,5,28,12,0,13.481,0.00333333333333333
2019,5,28,18,0,11,0.00833333333333333
2019,5,29,0,0,8.648,0.01
2019,5,29,6,0,10.963,0.00333333333333333
2019,5,29,12,0,13.213,0
2019,5,29,18,0,11.694,0.01
2019,5,30,0,0,9.954,0.01
2019,5,30,6,0,13.861,0.00666666666666667
2019,5,30,12,0,16.194,0
2019,5,30,18,0,14.25,0.00666666666666667
2019,5,31,0,0,11.306,0.01
2019,5,31,6,0,15.194,0
2019,5,31,12,0,17.481,0
2019,5,31,18,0,14.046,0.015
2019,6,1,0,0,10.787,0.0266666666666667
2019,6,1,6,0,14.472,0.005
2019,6,1,12,0,16.185,0
2019,6,1,18,0,12.657,0.00833333333333333
2019,6,2,0,0,9.657,0.0166666666666667
2019,6,2,6,0,13.241,0.005
2019,6,2,12,0,15.185,0
2019,6,2,18,0,11.824,0.00833333333333333
2019,6,3,0,0,8.028,0.0233333333333333
2019,6,3,6,0,7.722,0.03
2019,6,3,12,0,10.13,0.03
2019,6,3,18,0,7.657,0.0633333333333333
2019,6,4,0,0,5.083,0.138333333333333
2019,6,4,6,0,8.731,0.0433333333333333
2019,6,4,12,0,11.287,0.02
2019,6,4,18,0,9.398,0.0283333333333333
2019,6,5,0,0,7.731,0.04
2019,6,5,6,0,9.944,0.0283333333333333
2019,6,5,12,1.8105374,9.509,0.0233333333333333
2019,6,5,18,8.596249,6.315,0.03
2019,6,6,0,0.1977898,3.111,0.181666666666667
2019,6,6,6,0,4.935,0.121666666666667
2019,6,6,12,0.1825752,7.037,0.05
2019,6,6,18,0.2130044,4.991,0.101666666666667
2019,6,7,0,5.2338224,3.13,0.155
2019,6,7,6,0.8672322,4.324,0.115
2019,6,7,12,0.5172964,6.083,0.05
2019,6,7,18,0.1065022,5.083,0.0633333333333333
2019,6,8,0,0.7455154,4.509,0.0583333333333333
2019,6,8,6,0,6.167,0.0333333333333333
2019,6,8,12,0,8.38,0.03
2019,6,8,18,0,6.907,0.045
2019,6,9,0,0,4.787,0.0966666666666667
2019,6,9,6,0,9.593,0.0266666666666667
2019,6,9,12,0,12.009,0.0133333333333333
2019,6,9,18,0,10.019,0.0233333333333333
2019,6,10,0,0,8.315,0.02
2019,6,10,6,0,11.824,0.01
2019,6,10,12,0,14.306,0.00166666666666667
2019,6,10,18,0,12.278,0.00333333333333333
2019,6,11,0,0,11.037,0.005
2019,6,11,6,0,17.194,0
2019,6,11,12,0,20.546,0
2019,6,11,18,0,18.472,0
2019,6,12,0,0,17.157,0.005
2019,6,12,6,0,20.88,0
2019,6,12,12,0,22.907,0
2019,6,12,18,0,19.278,0
2019,6,13,0,0,16.111,0
2019,6,13,6,0,17.269,0
2019,6,13,12,0,17.972,0
2019,6,13,18,0,12.546,0.0133333333333333
2019,6,14,0,0,8.611,0.03
2019,6,14,6,0,9.824,0.005
2019,6,14,12,0,11.639,0
2019,6,14,18,0,9.917,0.00666666666666667
2019,6,15,0,0,8.731,0.02
2019,6,15,6,0,11.639,0.00166666666666667
2019,6,15,12,0,14.259,0
2019,6,15,18,0,12.398,0.005
2019,6,16,0,0,9.917,0.01
2019,6,16,6,0,13.648,0.00166666666666667
2019,6,16,12,0,16.056,0
2019,6,16,18,0,13.528,0.00666666666666667
2019,6,17,0,0,10.759,0.01
2019,6,17,6,0,13.843,0.00166666666666667
2019,6,17,12,0,15.611,0
2019,6,17,18,0,13.157,0.00166666666666667
2019,6,18,0,0,10.574,0.00666666666666667
2019,6,18,6,0,10.583,0.00333333333333333
2019,6,18,12,0,11.639,0.005
2019,6,18,18,0,8.917,0.03
2019,6,19,0,0.0304292,6.361,0.03
2019,6,19,6,0,5.954,0.0466666666666667
2019,6,19,12,0.0608584,8.37,0.03
2019,6,19,18,0.1065022,5.87,0.0666666666666667
2019,6,20,0,0.5172964,4.176,0.103333333333333
2019,6,20,6,0,6.37,0.03
2019,6,20,12,1.1563096,8.556,0.03
2019,6,20,18,0.6390132,7.574,0.0316666666666667
2019,6,21,0,0.0152146,6.38,0.03
2019,6,21,6,0,8.917,0.0166666666666667
2019,6,21,12,0,11.611,0.00833333333333333
2019,6,21,18,0,9.991,0.01
2019,6,22,0,0,8.343,0.02
2019,6,22,6,0,9.426,0.01
2019,6,22,12,0,10.343,0.01
2019,6,22,18,0,8.685,0.0233333333333333
2019,6,23,0,0,7.5,0.0233333333333333
2019,6,23,6,0,8.148,0.0233333333333333
2019,6,23,12,0,8.861,0.025
2019,6,23,18,0,6.889,0.03
2019,6,24,0,0,5.907,0.03
2019,6,24,6,0.1217168,7.12,0.0283333333333333
2019,6,24,12,0.3955796,9.176,0.0233333333333333
2019,6,24,18,0.0152146,8.185,0.0266666666666667
2019,6,25,0,0.0152146,5.778,0.0366666666666667
2019,6,25,6,0,10.361,0.0266666666666667
2019,6,25,12,0.6390132,12.62,0.01
2019,6,25,18,0.6694424,10.102,0.025
2019,6,26,0,0.2130044,7.472,0.03
2019,6,26,6,0,11.019,0.0166666666666667
2019,6,26,12,3.6971478,13.741,0.00833333333333333
2019,6,26,18,1.3084556,10.12,0.01
2019,6,27,0,8.6114636,8,0.0183333333333333
2019,6,27,6,2.3886922,8.583,0.0233333333333333
2019,6,27,12,2.6016966,10.074,0.02
2019,6,27,18,1.9626834,8.565,0.0266666666666667
2019,6,28,0,0.912876,7.037,0.03
2019,6,28,6,0,8.398,0.03
2019,6,28,12,0.1065022,10.398,0.02
2019,6,28,18,0,8.806,0.0283333333333333
2019,6,29,0,0,7.019,0.03
2019,6,29,6,0,10.37,0.0183333333333333
2019,6,29,12,0,12.204,0.01
2019,6,29,18,0,11.139,0.0183333333333333
2019,6,30,0,0,8.852,0.03
2019,6,30,6,0,13.398,0.0116666666666667
2019,6,30,12,0.0304292,16.148,0.00833333333333333
2019,6,30,18,0.0912876,14.093,0.00833333333333333
2019,7,1,0,0.0152146,11.009,0.0166666666666667
2019,7,1,6,0,14.333,0.005
2019,7,1,12,0,16.25,0
2019,7,1,18,0,13.157,0.01
2019,7,2,0,0,9.87,0.01
2019,7,2,6,0.532511,9.62,0.01
2019,7,2,12,0.1977898,10.343,0.01
2019,7,2,18,0,9.583,0.01
2019,7,3,0,0,8.648,0.01
2019,7,3,6,0,10.407,0.005
2019,7,3,12,0,11.917,0
2019,7,3,18,0,10.741,0.00666666666666667
2019,7,4,0,0,9.759,0.01
2019,7,4,6,0,11.417,0
2019,7,4,12,0,13.009,0
2019,7,4,18,0,11.25,0.00666666666666667
2019,7,5,0,0.0304292,9.741,0.01
2019,7,5,6,0.1217168,11.648,0.00333333333333333
2019,7,5,12,0.0152146,12.019,0.005
2019,7,5,18,0,10.63,0.01
2019,7,6,0,0,9.343,0.015
2019,7,6,6,0,10.111,0.01
2019,7,6,12,0,11.269,0.01
2019,7,6,18,0,9.806,0.0116666666666667
2019,7,7,0,0,8.815,0.02
2019,7,7,6,0,9.861,0.01
2019,7,7,12,0,10.241,0.00833333333333333
2019,7,7,18,0,9.167,0.01
2019,7,8,0,0,7.963,0.0266666666666667
2019,7,8,6,0,11.093,0.01
2019,7,8,12,0,12.815,0.00666666666666667
2019,7,8,18,0,11.759,0.00666666666666667
2019,7,9,0,0,9.583,0.0166666666666667
2019,7,9,6,0,14.843,0.00333333333333333
2019,7,9,12,0.6237986,17.222,0
2019,7,9,18,4.56438,12.944,0
2019,7,10,0,2.7994864,11.731,0.00166666666666667
2019,7,10,6,0.5629402,13.194,0
2019,7,10,12,1.8561812,14.306,0
2019,7,10,18,3.4384996,12.583,0
2019,7,11,0,0.8976614,11.074,0.01
2019,7,11,6,0,11.889,0.00333333333333333
2019,7,11,12,0,13.139,0.00666666666666667
2019,7,11,18,0,11.602,0.00666666666666667
2019,7,12,0,0,9.565,0.0133333333333333
2019,7,12,6,0,13.194,0.005
2019,7,12,12,0,15.435,0
2019,7,12,18,0,13.204,0.00666666666666667
2019,7,13,0,0,10.935,0.01
2019,7,13,6,0,13.259,0.005
2019,7,13,12,0,14.287,0.00166666666666667
2019,7,13,18,0,12.269,0.00833333333333333
2019,7,14,0,0,10.102,0.01
2019,7,14,6,0,11.426,0.01
2019,7,14,12,0,13.926,0.00666666666666667
2019,7,14,18,0,12.148,0.0183333333333333
2019,7,15,0,0.0152146,10.426,0.0283333333333333
2019,7,15,6,0.0152146,13.269,0.01
2019,7,15,12,0.4868672,14,0.005
2019,7,15,18,0.1065022,11.574,0.01
2019,7,16,0,0.1217168,9.213,0.0133333333333333
2019,7,16,6,0,12.639,0.00833333333333333
2019,7,16,12,0,14.593,0
2019,7,16,18,0,12.639,0.00833333333333333
2019,7,17,0,1.5366746,10.657,0
2019,7,17,6,12.2629676,10.148,0.00333333333333333
2019,7,17,12,0.9737344,11.231,0.00833333333333333
2019,7,17,18,3.0581346,10.333,0.00833333333333333
2019,7,18,0,0.1977898,7.546,0.0266666666666667
2019,7,18,6,0.1977898,7.954,0.03
2019,7,18,12,0.1825752,10.343,0.0266666666666667
2019,7,18,18,2.3126192,8.602,0.03
2019,7,19,0,0.4107942,7.065,0.03
2019,7,19,6,0.8976614,8.12,0.03
2019,7,19,12,0.4107942,10.389,0.0216666666666667
2019,7,19,18,0.0152146,9.176,0.0283333333333333
2019,7,20,0,0.0152146,7.231,0.03
2019,7,20,6,0,12.593,0.02
2019,7,20,12,0,16.639,0.00833333333333333
2019,7,20,18,0,15.12,0.00666666666666667
2019,7,21,0,0,13.833,0.01
2019,7,21,6,0,17.519,0.00166666666666667
2019,7,21,12,0,20.491,0
2019,7,21,18,0,17.667,0.00333333333333333
2019,7,22,0,0,14.972,0.00166666666666667
2019,7,22,6,0,17.056,0
2019,7,22,12,0,18.5,0
2019,7,22,18,0,14.694,0.00666666666666667
2019,7,23,0,0,11.852,0.01
2019,7,23,6,0,14.343,0.005
2019,7,23,12,0.0152146,15.056,0
2019,7,23,18,0.4260088,11.148,0.005
2019,7,24,0,0.2434336,8.083,0.025
2019,7,24,6,0,9.046,0.0183333333333333
2019,7,24,12,0,12.352,0
2019,7,24,18,0,11.028,0.01
2019,7,25,0,0,9.157,0
2019,7,25,6,0,14.111,0
2019,7,25,12,0,17.926,0
2019,7,25,18,0,14.926,0
2019,7,26,0,0,13.111,0
2019,7,26,6,0,17.315,0
2019,7,26,12,0,19.713,0
2019,7,26,18,0.1065022,15.472,0
2019,7,27,0,1.6127476,12.287,0
2019,7,27,6,1.2323826,11.352,0
2019,7,27,12,0.1673606,13.222,0
2019,7,27,18,0,11.194,0.01
2019,7,28,0,0,9.259,0.00666666666666667
2019,7,28,6,0,13.306,0
2019,7,28,12,0,16.296,0
2019,7,28,18,0,13.87,0
2019,7,29,0,0,10.759,0.00333333333333333
2019,7,29,6,0,14.407,0
2019,7,29,12,0,17.083,0
2019,7,29,18,0,13.778,0.00333333333333333
2019,7,30,0,0,10.778,0.00666666666666667
2019,7,30,6,0,11.713,0
2019,7,30,12,0,14.454,0
2019,7,30,18,0,12.685,0
2019,7,31,0,0,11.037,0
2019,7,31,6,0,14.074,0
2019,7,31,12,0,16.306,0
2019,7,31,18,0,13.917,0
2019,8,1,0,0,11.639,0
2019,8,1,6,0,14.694,0
2019,8,1,12,0,18.454,0
2019,8,1,18,0,16.694,0
2019,8,2,0,7.8203044,13.787,0
2019,8,2,6,3.5602164,13.444,0
2019,8,2,12,0.5933694,15.315,0
2019,8,2,18,0,12.731,0.0133333333333333
2019,8,3,0,0,10.037,0.0233333333333333
2019,8,3,6,0,14.037,0.00333333333333333
2019,8,3,12,0,17.222,0
2019,8,3,18,0,15.241,0
2019,8,4,0,0,14.611,0.00333333333333333
2019,8,4,6,0,18.352,0
2019,8,4,12,0,21.898,0
2019,8,4,18,0,18.5,0
2019,8,5,0,0,15.713,0
2019,8,5,6,0,19.333,0
2019,8,5,12,0,22.259,0
2019,8,5,18,0,18.185,0
2019,8,6,0,0,14.917,0
2019,8,6,6,0,18.556,0
2019,8,6,12,0,22.38,0
2019,8,6,18,0,18.167,0
2019,8,7,0,0,14.602,0
2019,8,7,6,0,18.065,0
2019,8,7,12,0,21.194,0
2019,8,7,18,0,17.037,0
2019,8,8,0,0,13.065,0
2019,8,8,6,0,15.074,0
2019,8,8,12,0,17.13,0
2019,8,8,18,0,13.639,0
2019,8,9,0,0,11.824,0
2019,8,9,6,0,12.741,0
2019,8,9,12,0,15.407,0
2019,8,9,18,0,13.537,0
2019,8,10,0,0,11.713,0
2019,8,10,6,2.7234134,12.463,0
2019,8,10,12,0.0304292,14.222,0
2019,8,10,18,0,11.796,0
2019,8,11,0,0.0152146,10.194,0
2019,8,11,6,0.0152146,10.843,0
2019,8,11,12,0.1825752,11.463,0
2019,8,11,18,0.0152146,11.056,0
2019,8,12,0,0.0304292,10.157,0
2019,8,12,6,0,11.787,0
2019,8,12,12,0,14.454,0
2019,8,12,18,0,12.926,0
2019,8,13,0,0,10.713,0.00666666666666667
2019,8,13,6,0,14.685,0
2019,8,13,12,0,17.657,0
2019,8,13,18,0,14.944,0
2019,8,14,0,0,12.574,0
2019,8,14,6,0,15.472,0
2019,8,14,12,0,17.852,0
2019,8,14,18,0,14.454,0
2019,8,15,0,0,12.074,0.00333333333333333
2019,8,15,6,0,14.62,0
2019,8,15,12,0,17.093,0
2019,8,15,18,0,13.944,0
2019,8,16,0,0,11.713,0
2019,8,16,6,0,12.481,0
2019,8,16,12,0,13.056,0
2019,8,16,18,0,11.435,0
2019,8,17,0,0,10.389,0
2019,8,17,6,0,11.528,0
2019,8,17,12,0,13.009,0
2019,8,17,18,0,11.657,0
2019,8,18,0,0,10.491,0
2019,8,18,6,0,12.065,0
2019,8,18,12,0,14.611,0
2019,8,18,18,0,12.25,0
2019,8,19,0,0,10.315,0
2019,8,19,6,0,11.491,0
2019,8,19,12,0,14.417,0
2019,8,19,18,0,12.741,0
2019,8,20,0,0,12.417,0
2019,8,20,6,0,17.148,0
2019,8,20,12,0,20.046,0
2019,8,20,18,0,16.222,0
2019,8,21,0,0,13.546,0
2019,8,21,6,6.542278,13.287,0
2019,8,21,12,0.4260088,13.537,0
2019,8,21,18,0,11.815,0
2019,8,22,0,0,9.491,0.01
2019,8,22,6,0,10.741,0.00333333333333333
2019,8,22,12,0,12.861,0
2019,8,22,18,0,11.167,0
2019,8,23,0,0,9.37,0
2019,8,23,6,3.423285,11.454,0
2019,8,23,12,0.076073,13.722,0
2019,8,23,18,0,10.954,0.0116666666666667
2019,8,24,0,0,9.491,0.0133333333333333
2019,8,24,6,0,10.926,0
2019,8,24,12,0,12.028,0
2019,8,24,18,0,10.213,0.01
2019,8,25,0,0,9.259,0
2019,8,25,6,0,9.648,0.00333333333333333
2019,8,25,12,0,11.731,0
2019,8,25,18,0,9.926,0.0166666666666667
2019,8,26,0,0,7.963,0.025
2019,8,26,6,0,12.009,0.00333333333333333
2019,8,26,12,0,15.954,0
2019,8,26,18,0,13.574,0
2019,8,27,0,0,13.306,0
2019,8,27,6,0,17.722,0
2019,8,27,12,0,21.565,0
2019,8,27,18,0,17.806,0
2019,8,28,0,0,16.398,0
2019,8,28,6,0,19.259,0
2019,8,28,12,0,22.324,0
2019,8,28,18,0,17.611,0
2019,8,29,0,0,15,0
2019,8,29,6,0,17.444,0
2019,8,29,12,0.0152146,19.287,0
2019,8,29,18,0,14.907,0
2019,8,30,0,0.2586482,12.907,0
2019,8,30,6,0.0304292,13.481,0
2019,8,30,12,0,14.62,0
2019,8,30,18,0,13.787,0
2019,8,31,0,0,12.426,0
2019,8,31,6,0,14.352,0
2019,8,31,12,0,16.333,0
2019,8,31,18,0,14.083,0
2019,9,1,0,0,11.843,0
2019,9,1,6,0,13.037,0
2019,9,1,12,0,14.287,0
2019,9,1,18,0,12.324,0
2019,9,2,0,0,10.556,0
2019,9,2,6,0,13.509,0
2019,9,2,12,0,16.593,0
2019,9,2,18,0,14.778,0
2019,9,3,0,0,13,0
2019,9,3,6,0,14.981,0
2019,9,3,12,0,16.407,0
2019,9,3,18,0,12.648,0
2019,9,4,0,0,10.815,0
2019,9,4,6,0,12.231,0
2019,9,4,12,0,15.093,0
2019,9,4,18,0,12.972,0
2019,9,5,0,0,12.676,0
2019,9,5,6,0,17.269,0
2019,9,5,12,0,21.398,0
2019,9,5,18,0,17.667,0
2019,9,6,0,0,16,0
2019,9,6,6,0,17.139,0
2019,9,6,12,0,18.926,0
2019,9,6,18,0,14.435,0
2019,9,7,0,0,12.259,0
2019,9,7,6,0,15.139,0
2019,9,7,12,0.1065022,17.926,0
2019,9,7,18,10.269855,13.157,0
2019,9,8,0,0.5172964,11.139,0
2019,9,8,6,1.1715242,10.25,0
2019,9,8,12,0.6390132,11.296,0
2019,9,8,18,0.2434336,10.12,0
2019,9,9,0,1.3084556,9.843,0.00333333333333333
2019,9,9,6,1.5062454,10.185,0.00333333333333333
2019,9,9,12,2.510409,11.463,0
2019,9,9,18,0.1065022,9.815,0
2019,9,10,0,0.1065022,9.037,0
2019,9,10,6,0,10.204,0.00333333333333333
2019,9,10,12,0.5020818,11.602,0
2019,9,10,18,0,10.194,0
2019,9,11,0,0,9.046,0.00333333333333333
2019,9,11,6,0,10.398,0.00333333333333333
2019,9,11,12,0,12.019,0
2019,9,11,18,0,10.352,0
2019,9,12,0,0,9.648,0
2019,9,12,6,0.0304292,12.843,0
2019,9,12,12,4.7013114,14.352,0
2019,9,12,18,15.4732482,11.546,0
2019,9,13,0,0.1977898,9.157,0.0133333333333333
2019,9,13,6,0,9.75,0.0133333333333333
2019,9,13,12,0,11.204,0
2019,9,13,18,3.271139,10.194,0
2019,9,14,0,9.204833,9.157,0.00666666666666667
2019,9,14,6,0,10.194,0
2019,9,14,12,0,11.407,0
2019,9,14,18,4.1535858,10.602,0
2019,9,15,0,15.518892,9.565,0
2019,9,15,6,13.7083546,9.083,0.00333333333333333
2019,9,15,12,2.7538426,8.602,0.02
2019,9,15,18,0.8976614,7.731,0.0266666666666667
2019,9,16,0,0.1369314,6.759,0.03
2019,9,16,6,0.456438,7.796,0.0283333333333333
2019,9,16,12,1.6127476,9.481,0.02
2019,9,16,18,0.5477256,7.926,0.0266666666666667
2019,9,17,0,0.0608584,7.38,0.03
2019,9,17,6,9.280906,8.12,0.0283333333333333
2019,9,17,12,1.0193782,9.435,0.0233333333333333
2019,9,17,18,0.152146,8.194,0.0266666666666667
2019,9,18,0,0,7.306,0.03
2019,9,18,6,0,8.722,0.025
2019,9,18,12,0,10.148,0.02
2019,9,18,18,0,8.75,0.02
2019,9,19,0,0,7.611,0.025
2019,9,19,6,0,9.157,0.02
2019,9,19,12,0,10.769,0
2019,9,19,18,0,8.75,0.02
2019,9,20,0,0,8.111,0.00833333333333333
2019,9,20,6,0,8.574,0.005
2019,9,20,12,0,10.593,0
2019,9,20,18,0,8.787,0
2019,9,21,0,0,7.87,0
2019,9,21,6,0.0608584,9.657,0
2019,9,21,12,0.8520176,11.556,0
2019,9,21,18,0.0456438,10.324,0
2019,9,22,0,1.5671038,9.898,0
2019,9,22,6,5.172964,10.231,0
2019,9,22,12,3.2407098,10.574,0
2019,9,22,18,0.2738628,9.62,0.01
2019,9,23,0,0.2738628,8.167,0.02
2019,9,23,6,3.2863536,7.019,0.03
2019,9,23,12,1.1715242,7.269,0.01
2019,9,23,18,0.5172964,8.426,0
2019,9,24,0,0.532511,8.269,0.0166666666666667
2019,9,24,6,0,8.352,0.0233333333333333
2019,9,24,12,0,9.213,0.02
2019,9,24,18,0,7.907,0.0266666666666667
2019,9,25,0,0,6.62,0.0316666666666667
2019,9,25,6,0,7.704,0.025
2019,9,25,12,0,9.75,0.0166666666666667
2019,9,25,18,0,8.852,0.00333333333333333
2019,9,26,0,18.7291726,9.389,0
2019,9,26,6,2.2974046,8.972,0.00333333333333333
2019,9,26,12,0.2738628,9.046,0.025
2019,9,26,18,0,6.139,0.0366666666666667
2019,9,27,0,0,4.815,0.045
2019,9,27,6,0.4716526,3.574,0.15
2019,9,27,12,0.6694424,4.593,0.148333333333333
2019,9,27,18,0.0152146,2.63,0.29
2019,9,28,0,0.1369314,1.398,0.38
2019,9,28,6,0,4.065,0.22
2019,9,28,12,0,7.083,0.0933333333333333
2019,9,28,18,0,3.546,0.403333333333333
2019,9,29,0,0,2.444,0.463333333333333
2019,9,29,6,0,3.491,0.378333333333333
2019,9,29,12,0,5.898,0.185
2019,9,29,18,0,3.185,0.421666666666667
2019,9,30,0,0,1.926,0.655
2019,9,30,6,0,3.593,0.403333333333333
2019,9,30,12,0,5.5,0.136666666666667
2019,9,30,18,0,3.074,0.27
2019,10,1,0,0,1.991,0.445
2019,10,1,6,0,4.454,0.231666666666667
2019,10,1,12,0,7.269,0.03
2019,10,1,18,0,4.463,0.101666666666667
2019,10,2,0,0,3.37,0.166666666666667
2019,10,2,6,0,5.787,0.0783333333333333
2019,10,2,12,0,8.787,0.02
2019,10,2,18,0.7150862,6.741,0.0316666666666667
2019,10,3,0,0.456438,5.481,0.0416666666666667
2019,10,3,6,1.52146,5.75,0.045
2019,10,3,12,4.3209464,6.38,0.0383333333333333
2019,10,3,18,1.369314,4.676,0.0783333333333333
2019,10,4,0,1.2019534,3.972,0.116666666666667
2019,10,4,6,2.358263,4.213,0.0983333333333333
2019,10,4,12,1.8561812,5.62,0.0383333333333333
2019,10,4,18,1.3084556,4.593,0.0516666666666667
2019,10,5,0,1.217168,3.963,0.0833333333333333
2019,10,5,6,0,4.741,0.0816666666666667
2019,10,5,12,0,6.241,0.0516666666666667
2019,10,5,18,0,4.083,0.11
2019,10,6,0,0,3.204,0.153333333333333
2019,10,6,6,0,6.269,0.06
2019,10,6,12,0.0912876,9.685,0.0233333333333333
2019,10,6,18,4.336161,8,0.0416666666666667
2019,10,7,0,2.8755594,7.537,0.00666666666666667
2019,10,7,6,10.5132886,8.444,0
2019,10,7,12,8.4745322,8.963,0.00333333333333333
2019,10,7,18,3.1494222,5.944,0.0516666666666667
2019,10,8,0,4.640453,1.426,0.395
2019,10,8,6,6.3749174,0.333,0.535
2019,10,8,12,4.5795946,1.037,0.545
2019,10,8,18,0.304292,-1.111,0.915
2019,10,9,0,0.304292,-2,1
2019,10,9,6,0,-0.167,0.896666666666667
2019,10,9,12,0,2.889,0.708333333333333
2019,10,9,18,0,0.37,0.928333333333333
2019,10,10,0,0,-0.222,1
2019,10,10,6,0,2.148,0.723333333333333
2019,10,10,12,0,5.861,0.05
2019,10,10,18,0,3.296,0.328333333333333
2019,10,11,0,0,3.426,0.406666666666667
2019,10,11,6,0,6.639,0.176666666666667
2019,10,11,12,0,10.213,0.005
2019,10,11,18,0,6.111,0.085
2019,10,12,0,0,4.685,0.193333333333333
2019,10,12,6,0,6.889,0.0816666666666667
2019,10,12,12,0.0152146,8.981,0.0216666666666667
2019,10,12,18,0.9280906,6.426,0.03
2019,10,13,0,0.0608584,5.269,0.0366666666666667
2019,10,13,6,0.0152146,4.88,0.0383333333333333
2019,10,13,12,0,5.056,0.0666666666666667
2019,10,13,18,0,3.083,0.155
2019,10,14,0,0,2.222,0.276666666666667
2019,10,14,6,0,3.722,0.181666666666667
2019,10,14,12,0,6.565,0.0316666666666667
2019,10,14,18,0,5.731,0.0783333333333334
2019,10,15,0,0,6.787,0.0266666666666667
2019,10,15,6,0,8.843,0.03
2019,10,15,12,0.380365,7.491,0.035
2019,10,15,18,0.304292,7.685,0.0283333333333333
2019,10,16,0,2.4951944,7.87,0.035
2019,10,16,6,1.0498074,8.157,0.0333333333333333
2019,10,16,12,4.5187362,8.537,0.03
2019,10,16,18,16.2948366,6.083,0.03
2019,10,17,0,0.8824468,4.222,0.0683333333333333
2019,10,17,6,3.9405814,4.685,0.0616666666666667
2019,10,17,12,1.9170396,5.389,0.045
2019,10,17,18,7.8963774,3.657,0.116666666666667
2019,10,18,0,7.1204328,2.435,0.201666666666667
2019,10,18,6,4.7317406,2.574,0.238333333333333
2019,10,18,12,5.9184794,3.213,0.155
2019,10,18,18,2.7234134,2.639,0.206666666666667
2019,10,19,0,0.4260088,2.361,0.283333333333333
2019,10,19,6,0.228219,2.463,0.265
2019,10,19,12,7.303008,2.435,0.228333333333333
2019,10,19,18,0,1.713,0.305
2019,10,20,0,0,1.778,0.306666666666667
2019,10,20,6,3.0277054,2.5,0.31
2019,10,20,12,6.1466984,3.843,0.09
2019,10,20,18,0.8976614,2.824,0.151666666666667
2019,10,21,0,3.9253668,3.13,0.135
2019,10,21,6,3.4841434,4.056,0.101666666666667
2019,10,21,12,21.3612984,5.75,0.0266666666666667
2019,10,21,18,15.5493212,7.62,0.0133333333333333
2019,10,22,0,0.0912876,6.704,0.0266666666666667
2019,10,22,6,0,5.167,0.05
2019,10,22,12,0,5.065,0.07
2019,10,22,18,0,3.583,0.14
2019,10,23,0,0,2.454,0.263333333333333
2019,10,23,6,0,4.278,0.171666666666667
2019,10,23,12,0,7.13,0.035
2019,10,23,18,0,4.787,0.113333333333333
2019,10,24,0,0,5.093,0.075
2019,10,24,6,0,7.222,0.0116666666666667
2019,10,24,12,0.0152146,8.648,0
2019,10,24,18,0.0304292,8.296,0
2019,10,25,0,0.0304292,8.519,0.00333333333333333
2019,10,25,6,7.1660766,6.963,0.02
2019,10,25,12,0,3.926,0.155
2019,10,25,18,1.7801082,2.731,0.193333333333333
2019,10,26,0,0,1.333,0.511666666666667
2019,10,26,6,0,2.13,0.49
2019,10,26,12,0,3.981,0.356666666666667
2019,10,26,18,0,1.806,0.72
2019,10,27,0,0,1.241,0.895
2019,10,27,6,0,2.148,0.771666666666667
2019,10,27,12,0,3.546,0.411666666666667
2019,10,27,18,0,0.361,0.885
2019,10,28,0,0,-0.176,0.961666666666667
2019,10,28,6,0,1.639,0.716666666666667
2019,10,28,12,0,3.481,0.473333333333333
2019,10,28,18,0,0.37,0.968333333333333
2019,10,29,0,0,-1.176,1
2019,10,29,6,0,-1.056,0.988333333333333
2019,10,29,12,0,1.093,0.863333333333333
2019,10,29,18,0,-0.5,0.996666666666667
2019,10,30,0,0,-0.639,1
2019,10,30,6,0,2.056,0.85
2019,10,30,12,0,4.889,0.291666666666667
2019,10,30,18,0,2.231,0.9
2019,10,31,0,0,1.787,0.923333333333333
2019,10,31,6,0,2.343,0.686666666666667
2019,10,31,12,0,4.454,0.09
2019,10,31,18,0,2.241,0.451666666666667
2019,11,1,0,0,2.38,0.666666666666667
2019,11,1,6,0,4.537,0.33
2019,11,1,12,0,7.37,0.0333333333333333
2019,11,1,18,0,4.509,0.095
2019,11,2,0,0,3.843,0.245
2019,11,2,6,0,5.657,0.121666666666667
2019,11,2,12,0,7.815,0.015
2019,11,2,18,0,4.287,0.035
2019,11,3,0,0,3.167,0.128333333333333
2019,11,3,6,0,4.074,0.131666666666667
2019,11,3,12,0,6.676,0.0266666666666667
2019,11,3,18,0,3.481,0.0416666666666667
2019,11,4,0,0,3.463,0.1
2019,11,4,6,0,5,0.0583333333333333
2019,11,4,12,0,6.667,0.0166666666666667
2019,11,4,18,0,3.954,0.0416666666666667
2019,11,5,0,0,3.981,0.0833333333333333
2019,11,5,6,0,5.5,0.0583333333333333
2019,11,5,12,0,7.241,0.0316666666666667
2019,11,5,18,0,5.157,0.04
2019,11,6,0,0,6.037,0.055
2019,11,6,6,0,6.676,0.0683333333333333
2019,11,6,12,0,8.602,0.0416666666666667
2019,11,6,18,0,5.38,0.208333333333333
2019,11,7,0,0,4.38,0.276666666666667
2019,11,7,6,0,6.259,0.146666666666667
2019,11,7,12,0,9.806,0.01
2019,11,7,18,0,7.574,0.0133333333333333
2019,11,8,0,0,8.25,0
2019,11,8,6,0,9.12,0.0133333333333333
2019,11,8,12,0,10.602,0.025
2019,11,8,18,0,6.861,0.0316666666666667
2019,11,9,0,0.3347212,5.12,0.0316666666666667
2019,11,9,6,0.0608584,4.815,0.02
2019,11,9,12,0.0912876,5.852,0.0216666666666667
2019,11,9,18,0,5.546,0.025
2019,11,10,0,0,4.657,0.03
2019,11,10,6,0,4.852,0.05
2019,11,10,12,0,6.444,0.0616666666666667
2019,11,10,18,0,4.315,0.331666666666667
2019,11,11,0,0,4.352,0.316666666666667
2019,11,11,6,0,5.519,0.248333333333333
2019,11,11,12,0.228219,7.87,0.0416666666666667
2019,11,11,18,0.0152146,6.639,0.0266666666666667
2019,11,12,0,1.1867388,5.38,0.0366666666666667
2019,11,12,6,3.8949376,3.759,0.0383333333333333
2019,11,12,12,0.3499358,4.62,0.04
2019,11,12,18,0.076073,3.833,0.0433333333333333
2019,11,13,0,0.0304292,3.287,0.115
2019,11,13,6,0,4.148,0.085
2019,11,13,12,0,6.704,0.04
2019,11,13,18,0,4.907,0.113333333333333
2019,11,14,0,0,5.093,0.11
2019,11,14,6,0,6.778,0.0666666666666667
2019,11,14,12,0,9.278,0.02
2019,11,14,18,0,7.991,0.02
2019,11,15,0,0.1825752,6.194,0.0316666666666667
2019,11,15,6,6.8617846,4.954,0.0316666666666667
2019,11,15,12,2.8755594,4.972,0.0416666666666667
2019,11,15,18,0.0912876,3.954,0.0866666666666667
2019,11,16,0,0.0912876,2.935,0.146666666666667
2019,11,16,6,0.0608584,3.741,0.113333333333333
2019,11,16,12,1.8866104,5.185,0.0316666666666667
2019,11,16,18,12.3542552,6.546,0.0166666666666667
2019,11,17,0,4.944745,7.25,0.00333333333333333
2019,11,17,6,14.834235,7.296,0.0133333333333333
2019,11,17,12,1.0193782,7.231,0.0266666666666667
2019,11,17,18,0.2738628,4.796,0.08
2019,11,18,0,0.6390132,4.009,0.0966666666666667
2019,11,18,6,0.1217168,5.241,0.0533333333333333
2019,11,18,12,3.1037784,6.37,0.0566666666666667
2019,11,18,18,10.878439,4.519,0.0516666666666667
2019,11,19,0,2.4039068,3.278,0.095
2019,11,19,6,0.9280906,3.167,0.176666666666667
2019,11,19,12,0.0912876,4.435,0.166666666666667
2019,11,19,18,0,2.009,0.438333333333333
2019,11,20,0,0,-0.019,0.878333333333333
2019,11,20,6,0,1.454,0.695
2019,11,20,12,0,4.037,0.25
2019,11,20,18,0,1.25,0.878333333333333
2019,11,21,0,0,1.454,0.91
2019,11,21,6,0,3.787,0.593333333333333
2019,11,21,12,0,6.417,0.111666666666667
2019,11,21,18,0,2.574,0.65
2019,11,22,0,0,0.778,0.981666666666667
2019,11,22,6,0,0.657,0.853333333333333
2019,11,22,12,0,3.176,0.438333333333333
2019,11,22,18,0,1.62,0.728333333333333
2019,11,23,0,0,2.333,0.308333333333333
2019,11,23,6,0,2.769,0.11
2019,11,23,12,0,3.343,0.101666666666667
2019,11,23,18,3.5450018,4.102,0.0683333333333333
2019,11,24,0,7.5768708,2.815,0.203333333333333
2019,11,24,6,0,0.731,0.505
2019,11,24,12,0.4412234,1.481,0.396666666666667
2019,11,24,18,0,0.306,0.528333333333333
2019,11,25,0,4.5339508,-0.685,0.683333333333333
2019,11,25,6,0.2434336,-1.602,0.781666666666667
2019,11,25,12,0.3195066,-1.593,0.79
2019,11,25,18,0.0152146,-3.009,0.91
2019,11,26,0,1.217168,-4.389,0.991666666666667
2019,11,26,6,0,-3.361,0.966666666666667
2019,11,26,12,0,-1.898,0.938333333333333
2019,11,26,18,0,-3.509,1
2019,11,27,0,0,-4.028,1
2019,11,27,6,0,-3.694,1
2019,11,27,12,0,-3.046,0.998333333333333
2019,11,27,18,0,-4.056,1
2019,11,28,0,0,-4.611,1
2019,11,28,6,0,-3.731,1
2019,11,28,12,0,-2.204,0.993333333333333
2019,11,28,18,0,-4.602,1
2019,11,29,0,0,-4.778,1
2019,11,29,6,0,-4.204,1
2019,11,29,12,0,-2.417,1
2019,11,29,18,0,-5.157,1
2019,11,30,0,0,-5.361,1
2019,11,30,6,0,-3.917,1
2019,11,30,12,0,-1.222,0.96
2019,11,30,18,0,-3.62,1
2019,12,1,0,0,-3.481,1
2019,12,1,6,0,-2.102,0.988333333333333
2019,12,1,12,0.0304292,0.046,0.79
2019,12,1,18,0,-0.278,0.745
2019,12,2,0,0.380365,0.102,0.675
2019,12,2,6,0.532511,0.787,0.503333333333333
2019,12,2,12,0.3955796,1.852,0.22
2019,12,2,18,3.3319974,2.444,0.125
2019,12,3,0,5.7206896,3.204,0.0733333333333333
2019,12,3,6,0.836803,3.62,0.065
2019,12,3,12,0.0304292,3.806,0.075
2019,12,3,18,0.684657,3.944,0.065
2019,12,4,0,13.69314,3.907,0.05
2019,12,4,6,2.7842718,3.398,0.085
2019,12,4,12,0.1977898,3.083,0.113333333333333
2019,12,4,18,0,1.454,0.31
2019,12,5,0,0,1.417,0.385
2019,12,5,6,0,2.389,0.27
2019,12,5,12,0,3.991,0.0766666666666667
2019,12,5,18,0,3.602,0.0916666666666667
2019,12,6,0,0,4.676,0.0533333333333333
2019,12,6,6,0.0152146,5.083,0.0483333333333333
2019,12,6,12,0.1369314,6.083,0.04
2019,12,6,18,0.1369314,4.769,0.05
2019,12,7,0,2.1452586,3.657,0.0833333333333333
2019,12,7,6,0.1977898,3.12,0.143333333333333
2019,12,7,12,1.977898,2.889,0.175
2019,12,7,18,0.0152146,2.185,0.251666666666667
2019,12,8,0,0.0152146,1.611,0.335
2019,12,8,6,0,2.046,0.408333333333333
2019,12,8,12,0,2.259,0.375
2019,12,8,18,0,0.444,0.683333333333333
2019,12,9,0,0,0.093,0.816666666666667
2019,12,9,6,0,1.25,0.728333333333333
2019,12,9,12,0,3.204,0.315
2019,12,9,18,0,1.63,0.838333333333333
2019,12,10,0,0,1.991,0.825
2019,12,10,6,0,2.065,0.618333333333333
2019,12,10,12,0.4412234,2.361,0.331666666666667
2019,12,10,18,0.1673606,0.954,0.42
2019,12,11,0,0.152146,0.25,0.528333333333333
2019,12,11,6,0,0.648,0.568333333333333
2019,12,11,12,1.369314,2.759,0.26
2019,12,11,18,5.0360326,2.352,0.313333333333333
2019,12,12,0,3.1342076,1.88,0.313333333333333
2019,12,12,6,2.8299156,1.472,0.383333333333333
2019,12,12,12,7.8963774,1.509,0.395
2019,12,12,18,3.651504,0.13,0.575
2019,12,13,0,8.1854548,0.176,0.566666666666667
2019,12,13,6,7.911592,0.028,0.595
2019,12,13,12,0.3347212,0.185,0.568333333333333
2019,12,13,18,0.0608584,-1.333,0.753333333333333
2019,12,14,0,1.065022,-1.713,0.778333333333333
2019,12,14,6,0.5781548,-1.648,0.79
2019,12,14,12,1.0498074,-1.315,0.751666666666667
2019,12,14,18,0,-2.954,0.873333333333333
2019,12,15,0,0.6998716,-2.852,0.916666666666667
2019,12,15,6,0.152146,-3.167,0.923333333333333
2019,12,15,12,0.0304292,-2.648,0.866666666666667
2019,12,15,18,0,-4.176,0.995
2019,12,16,0,0,-4.083,1
2019,12,16,6,0.0304292,-1.028,0.868333333333334
2019,12,16,12,3.1494222,1.306,0.415
2019,12,16,18,0.5933694,1.824,0.278333333333333
2019,12,17,0,0.2586482,2.769,0.248333333333333
2019,12,17,6,0.2890774,3.056,0.261666666666667
2019,12,17,12,1.7344644,3.12,0.205
2019,12,17,18,0.0456438,3.231,0.338333333333333
2019,12,18,0,0.0456438,3.102,0.451666666666667
2019,12,18,6,0.1065022,3.102,0.425
2019,12,18,12,1.3845286,2.685,0.46
2019,12,18,18,1.901825,0.537,0.683333333333333
2019,12,19,0,0.7455154,0.259,0.623333333333333
2019,12,19,6,0.2130044,0.213,0.646666666666667
2019,12,19,12,7.3942956,1.972,0.41
2019,12,19,18,12.552045,3.019,0.143333333333333
2019,12,20,0,9.3265498,2.556,0.136666666666667
2019,12,20,6,11.1370872,1.491,0.351666666666667
2019,12,20,12,13.3736334,1.315,0.386666666666667
2019,12,20,18,10.6350054,2.074,0.203333333333333
2019,12,21,0,12.5672596,0.991,0.443333333333333
2019,12,21,6,6.7248532,-0.102,0.681666666666667
2019,12,21,12,0.4260088,-0.157,0.656666666666667
2019,12,21,18,0,-1.426,0.765
2019,12,22,0,0,-2.093,0.873333333333333
2019,12,22,6,0,-1.519,0.91
2019,12,22,12,0,1.185,0.611666666666667
2019,12,22,18,0,-1.287,0.926666666666667
2019,12,23,0,0,-2.769,0.981666666666667
2019,12,23,6,0,-3.259,0.975
2019,12,23,12,0,-1.861,0.845
2019,12,23,18,0,-3.213,0.975
2019,12,24,0,0,-3.463,0.983333333333333
2019,12,24,6,0,-4.278,0.996666666666667
2019,12,24,12,0,-1.667,0.888333333333333
2019,12,24,18,0,-2.852,0.99
2019,12,25,0,0,-2.657,0.995
2019,12,25,6,0,-1.454,0.926666666666667
2019,12,25,12,0,-0.204,0.766666666666667
2019,12,25,18,0,-3.056,0.985
2019,12,26,0,0,-3.528,1
2019,12,26,6,0,-3.407,0.993333333333333
2019,12,26,12,0,-1.167,0.911666666666667
2019,12,26,18,1.369314,-2.148,0.973333333333333
2019,12,27,0,1.2475972,-2,0.906666666666667
2019,12,27,6,1.4301724,-1.796,0.865
2019,12,27,12,0.0608584,-1.231,0.786666666666667
2019,12,27,18,0.0152146,-1.88,0.886666666666667
2019,12,28,0,0,-1.852,0.905
2019,12,28,6,0,0.25,0.678333333333333
2019,12,28,12,0,2.685,0.193333333333333
2019,12,28,18,0,1.815,0.36
2019,12,29,0,0,2.046,0.265
2019,12,29,6,0,3.324,0.165
2019,12,29,12,0,4.88,0.0766666666666667
2019,12,29,18,0.0152146,2.926,0.178333333333333
2019,12,30,0,0.076073,2.333,0.221666666666667
2019,12,30,6,0.3195066,1.741,0.308333333333333
2019,12,30,12,0,1.833,0.375
2019,12,30,18,0.2890774,2.185,0.301666666666667
2019,12,31,0,7.759446,3.083,0.15
2019,12,31,6,17.0859958,3.444,0.08
2019,12,31,12,12.095607,3.824,0.0783333333333333
2019,12,31,18,13.1454144,4.426,0.04
2020,1,1,0,0.9280906,3.63,0.1
2020,1,1,6,2.7081988,2.546,0.2
2020,1,1,12,2.434336,2.194,0.271666666666667
2020,1,1,18,4.5339508,0.352,0.513333333333333
2020,1,2,0,0.2130044,-2.528,0.885
2020,1,2,6,0.4107942,-2.463,0.886666666666667
2020,1,2,12,4.107942,-1.259,0.81
2020,1,2,18,1.369314,1.231,0.443333333333333
2020,1,3,0,5.0056034,3.241,0.121666666666667
2020,1,3,6,2.5408382,5.148,0.0516666666666667
2020,1,3,12,0.2738628,6.259,0.065
2020,1,3,18,11.0153704,4.056,0.181666666666667
2020,1,4,0,10.1024944,-0.111,0.598333333333333
2020,1,4,6,3.9405814,-2.13,0.851666666666667
2020,1,4,12,1.0498074,-1.694,0.803333333333333
2020,1,4,18,0.5172964,-0.963,0.756666666666667
2020,1,5,0,0.5477256,-0.75,0.77
2020,1,5,6,1.749679,0.046,0.701666666666667
2020,1,5,12,0.5629402,-1.648,0.813333333333333
2020,1,5,18,4.5948092,-2.352,0.886666666666667
2020,1,6,0,5.3859684,-1.25,0.815
2020,1,6,6,11.8217442,0.824,0.478333333333333
2020,1,6,12,11.41095,2.102,0.185
2020,1,6,18,12.1260362,3.019,0.0716666666666667
2020,1,7,0,21.6199466,2.843,0.145
2020,1,7,6,5.9032648,3.454,0.116666666666667
2020,1,7,12,4.9295304,3.667,0.118333333333333
2020,1,7,18,6.0249816,2.009,0.278333333333333
2020,1,8,0,1.0498074,-1.426,0.768333333333333
2020,1,8,6,1.1258804,-3.111,0.935
2020,1,8,12,1.901825,-3.741,0.958333333333333
2020,1,8,18,0.3651504,-5.509,1
2020,1,9,0,0.7303008,-5.87,1
2020,1,9,6,0.4107942,-5.333,0.996666666666667
2020,1,9,12,0.1065022,-4.315,0.976666666666667
2020,1,9,18,0.0152146,-5.222,1
2020,1,10,0,0.6390132,-4.028,1
2020,1,10,6,5.2642516,-1.602,0.873333333333333
2020,1,10,12,5.9793378,-0.306,0.735
2020,1,10,18,0.8672322,-0.102,0.715
2020,1,11,0,3.2559244,-0.157,0.673333333333333
2020,1,11,6,0.8215884,-1.009,0.743333333333333
2020,1,11,12,0.304292,-2.926,0.908333333333333
2020,1,11,18,0.9737344,-3.481,0.991666666666667
2020,1,12,0,7.1356474,-2.417,0.956666666666667
2020,1,12,6,10.1329236,-1.759,0.83
2020,1,12,12,4.9751742,-2.759,0.901666666666667
2020,1,12,18,2.4951944,-7.185,1
2020,1,13,0,0,-10.667,1
2020,1,13,6,0,-10.769,1
2020,1,13,12,0,-8.306,1
2020,1,13,18,0,-11.639,1
2020,1,14,0,0,-11.926,1
2020,1,14,6,0.3347212,-11.88,1
2020,1,14,12,0,-10.546,1
2020,1,14,18,1.0954512,-10.259,1
2020,1,15,0,8.2463132,-6.898,1
2020,1,15,6,0,-5.917,1
2020,1,15,12,2.053971,-4.741,1
2020,1,15,18,2.6169112,-3.25,1
2020,1,16,0,0.1977898,-3.083,1
2020,1,16,6,0,-3.556,0.996666666666667
2020,1,16,12,0.608584,-3.824,0.988333333333333
2020,1,16,18,2.3886922,-6.472,1
2020,1,17,0,1.3997432,-7.731,1
2020,1,17,6,0.2738628,-7.713,1
2020,1,17,12,0.1217168,-4.185,1
2020,1,17,18,0.2586482,-4.648,1
2020,1,18,0,6.6335656,-1.491,0.923333333333333
2020,1,18,6,3.04292,0.648,0.645
2020,1,18,12,0.0608584,1.537,0.398333333333333
2020,1,18,18,0.0304292,2.065,0.276666666666667
2020,1,19,0,0.4716526,2.407,0.29
2020,1,19,6,2.4951944,4.157,0.0833333333333333
2020,1,19,12,0.4868672,5.787,0.03
2020,1,19,18,0.0304292,6.241,0.0383333333333333
2020,1,20,0,4.336161,5.194,0.1
2020,1,20,6,1.065022,4.389,0.0683333333333333
2020,1,20,12,2.2974046,4.157,0.0716666666666667
2020,1,20,18,0.0456438,4.213,0.176666666666667
2020,1,21,0,0.5477256,4.157,0.16
2020,1,21,6,2.4495506,1.944,0.358333333333333
2020,1,21,12,0.8520176,1.213,0.483333333333333
2020,1,21,18,4.7469552,0.231,0.615
2020,1,22,0,6.9530722,0.019,0.59
2020,1,22,6,0.152146,0.361,0.58
2020,1,22,12,4.3970194,1.481,0.396666666666667
2020,1,22,18,6.161913,3.167,0.113333333333333
2020,1,23,0,10.2394258,4.824,0.0366666666666667
2020,1,23,6,15.518892,5.241,0.0333333333333333
2020,1,23,12,2.9059886,5.565,0.03
2020,1,23,18,1.8561812,5.287,0.0333333333333333
2020,1,24,0,6.3597028,3.926,0.0866666666666667
2020,1,24,6,5.172964,2.991,0.178333333333333
2020,1,24,12,7.835519,2.056,0.281666666666667
2020,1,24,18,0,1.167,0.425
2020,1,25,0,0,1.102,0.508333333333333
2020,1,25,6,0.8672322,2.019,0.331666666666667
2020,1,25,12,0,2.648,0.176666666666667
2020,1,25,18,0,1.611,0.56
2020,1,26,0,4.184015,3.981,0.261666666666667
2020,1,26,6,0.4412234,2.88,0.218333333333333
2020,1,26,12,0.0608584,2.046,0.326666666666667
2020,1,26,18,3.118993,1.583,0.443333333333333
2020,1,27,0,5.3555392,0.583,0.475
2020,1,27,6,1.5366746,0.139,0.595
2020,1,27,12,0,1.861,0.51
2020,1,27,18,9.4634812,1.824,0.411666666666667
2020,1,28,0,1.3845286,2.157,0.305
2020,1,28,6,7.759446,1.278,0.41
2020,1,28,12,0.076073,1.63,0.406666666666667
2020,1,28,18,0,-0.185,0.68
2020,1,29,0,0.0456438,1.852,0.388333333333333
2020,1,29,6,5.9793378,2.417,0.308333333333333
2020,1,29,12,6.237986,2.148,0.291666666666667
2020,1,29,18,0,-0.574,0.746666666666667
2020,1,30,0,0,-2.037,0.983333333333333
2020,1,30,6,0,0.148,0.87
2020,1,30,12,1.0954512,4.38,0.466666666666667
2020,1,30,18,12.2173238,3.417,0.108333333333333
2020,1,31,0,5.2946808,4.157,0.0516666666666667
2020,1,31,6,17.2837856,4.981,0.035
2020,1,31,12,9.204833,6.472,0.03
2020,1,31,18,21.2091524,5.907,0.0316666666666667
2020,2,1,0,24.2064286,4.759,0.0366666666666667
2020,2,1,6,6.9074284,2.213,0.293333333333333
2020,2,1,12,0.0304292,-2.111,0.826666666666667
2020,2,1,18,0.0608584,-4.269,0.998333333333333
2020,2,2,0,0.152146,-5.472,1
2020,2,2,6,0.0304292,-5.602,0.991666666666667
2020,2,2,12,0.1369314,-3.019,0.935
2020,2,2,18,0.1977898,-5,1
2020,2,3,0,0.8063738,-4.907,1
2020,2,3,6,0,-5.694,0.996666666666667
2020,2,3,12,0,-4.167,0.983333333333333
2020,2,3,18,0,-7.389,1
2020,2,4,0,0,-7.454,1
2020,2,4,6,0.0456438,-4.731,0.995
2020,2,4,12,2.0083272,-1.935,0.886666666666667
2020,2,4,18,4.6556676,-0.954,0.826666666666667
2020,2,5,0,6.4053466,0.426,0.59
2020,2,5,6,13.3736334,0.815,0.508333333333333
2020,2,5,12,2.358263,1.102,0.408333333333333
2020,2,5,18,5.0664618,1.139,0.391666666666667
2020,2,6,0,0.7303008,0.759,0.491666666666667
2020,2,6,6,5.7967626,0.583,0.538333333333333
2020,2,6,12,5.020818,0.759,0.501666666666667
2020,2,6,18,0.3347212,0.648,0.516666666666667
2020,2,7,0,0,0.5,0.538333333333333
2020,2,7,6,0.3955796,1.417,0.353333333333333
2020,2,7,12,1.597533,2.528,0.158333333333333
2020,2,7,18,11.0762288,0.083,0.561666666666667
2020,2,8,0,4.5187362,-0.769,0.725
2020,2,8,6,0.0152146,-0.917,0.745
2020,2,8,12,0,0.269,0.655
2020,2,8,18,0,-2.176,0.993333333333333
2020,2,9,0,0,-3.574,1
2020,2,9,6,0,-2.907,0.963333333333333
2020,2,9,12,0,-0.62,0.8
2020,2,9,18,0,-2.361,0.955
2020,2,10,0,0,-1.685,0.983333333333333
2020,2,10,6,0,-0.148,0.893333333333333
2020,2,10,12,0,1.361,0.57
2020,2,10,18,0,-1.426,0.9
2020,2,11,0,0,-1.176,0.87
2020,2,11,6,0.5477256,-0.611,0.756666666666667
2020,2,11,12,0.5020818,0.343,0.588333333333333
2020,2,11,18,0.4868672,0.278,0.54
2020,2,12,0,0.2586482,-0.778,0.74
2020,2,12,6,0,-0.407,0.715
2020,2,12,12,0,1.306,0.406666666666667
2020,2,12,18,0,-0.093,0.65
2020,2,13,0,0,0.157,0.725
2020,2,13,6,3.4537142,0.037,0.69
2020,2,13,12,2.662555,-0.352,0.688333333333333
2020,2,13,18,1.52146,-1.667,0.815
2020,2,14,0,4.716526,-1.75,0.828333333333333
2020,2,14,6,0.9585198,-1.907,0.826666666666667
2020,2,14,12,0.0304292,-1.102,0.74
2020,2,14,18,1.673606,-1.694,0.811666666666667
2020,2,15,0,7.6681584,-1.398,0.836666666666667
2020,2,15,6,4.944745,0.259,0.611666666666667
2020,2,15,12,2.0691856,1.074,0.436666666666667
2020,2,15,18,0,-0.528,0.663333333333333
2020,2,16,0,3.3624266,-2.37,0.876666666666667
2020,2,16,6,0.0152146,-2.5,0.895
2020,2,16,12,6.5118488,-1.398,0.765
2020,2,16,18,0.1825752,-3.167,0.943333333333333
2020,2,17,0,0.8824468,-3.407,0.955
2020,2,17,6,1.3540994,-3.454,0.936666666666667
2020,2,17,12,0.6237986,-2.222,0.82
2020,2,17,18,0,-4.935,0.988333333333333
2020,2,18,0,0,-5.833,1
2020,2,18,6,0,-3.278,0.961666666666667
2020,2,18,12,0,0.491,0.716666666666667
2020,2,18,18,0,-1.917,0.98
2020,2,19,0,0,-2.435,1
2020,2,19,6,0,0.176,0.83
2020,2,19,12,0,4.176,0.201666666666667
2020,2,19,18,0,0.778,0.835
2020,2,20,0,0,-0.639,0.998333333333333
2020,2,20,6,0,0.231,0.858333333333333
2020,2,20,12,0,3.75,0.298333333333333
2020,2,20,18,0,1.093,0.773333333333333
2020,2,21,0,0,0.139,0.981666666666667
2020,2,21,6,0,1.38,0.745
2020,2,21,12,0,3.509,0.336666666666667
2020,2,21,18,0,0.843,0.686666666666667
2020,2,22,0,3.7580062,0.463,0.628333333333333
2020,2,22,6,3.499358,0.361,0.563333333333333
2020,2,22,12,0.0152146,0.602,0.57
2020,2,22,18,0,-1.028,0.775
2020,2,23,0,0.0304292,-0.028,0.77
2020,2,23,6,8.3376008,-0.37,0.698333333333333
2020,2,23,12,10.802366,-0.574,0.695
2020,2,23,18,5.2794662,-0.843,0.731666666666667
2020,2,24,0,4.0927274,-1.991,0.845
2020,2,24,6,3.651504,-3.389,0.94
2020,2,24,12,0.0456438,-1.991,0.863333333333333
2020,2,24,18,0,-3.713,0.99
2020,2,25,0,0,-3.398,0.993333333333333
2020,2,25,6,0,-0.731,0.821666666666667
2020,2,25,12,1.901825,2.63,0.23
2020,2,25,18,0.0152146,0.796,0.49
2020,2,26,0,0.0456438,-0.056,0.611666666666667
2020,2,26,6,0.076073,-0.046,0.64
2020,2,26,12,0.2586482,1.519,0.418333333333333
2020,2,26,18,0.1673606,0.296,0.576666666666667
2020,2,27,0,0.5020818,1.093,0.431666666666667
2020,2,27,6,0.988949,1.944,0.31
2020,2,27,12,0.2738628,4.065,0.115
2020,2,27,18,0.0152146,2.213,0.318333333333333
2020,2,28,0,0.0152146,1.361,0.508333333333333
2020,2,28,6,0,2.639,0.401666666666667
2020,2,28,12,1.2019534,3.889,0.225
2020,2,28,18,7.1965058,-0.5,0.681666666666667
2020,2,29,0,4.2296588,-1.565,0.791666666666667
2020,2,29,6,0.0456438,-2.296,0.85
2020,2,29,12,0.7911592,-0.972,0.74
2020,2,29,18,0,-3.315,0.948333333333333
2020,3,1,0,0,-4.139,0.996666666666667
2020,3,1,6,0,-3.139,0.915
2020,3,1,12,2.6321258,-1.472,0.798333333333333
2020,3,1,18,0.2434336,-2.722,0.921666666666667
2020,3,2,0,0.076073,-1.861,0.871666666666667
2020,3,2,6,0.2434336,-0.278,0.68
2020,3,2,12,8.672322,0.889,0.485
2020,3,2,18,6.9530722,1.713,0.296666666666667
2020,3,3,0,0.076073,1.528,0.326666666666667
2020,3,3,6,0,1.583,0.401666666666667
2020,3,3,12,6.0554108,2.574,0.29
2020,3,3,18,3.2254952,0.926,0.46
2020,3,4,0,0.0912876,-1.741,0.791666666666667
2020,3,4,6,0.152146,-1.954,0.823333333333333
2020,3,4,12,0,-0.111,0.713333333333333
2020,3,4,18,0,-0.796,0.913333333333333
2020,3,5,0,0.0456438,1.194,0.79
2020,3,5,6,0.1825752,3.12,0.445
2020,3,5,12,5.5685436,3.324,0.308333333333333
2020,3,5,18,10.422001,0.037,0.665
2020,3,6,0,1.5823184,-1.167,0.761666666666667
2020,3,6,6,1.901825,-1.907,0.836666666666667
2020,3,6,12,0.6542278,-0.713,0.705
2020,3,6,18,0.1217168,-2.481,0.861666666666667
2020,3,7,0,0.1217168,-3.62,0.94
2020,3,7,6,0.3347212,-2.676,0.866666666666667
2020,3,7,12,2.5560528,-1.102,0.743333333333333
2020,3,7,18,2.0996148,-3.713,0.985
2020,3,8,0,0.4107942,-4.926,1
2020,3,8,6,0.5172964,-4.278,0.96
2020,3,8,12,0.6390132,-2.222,0.875
2020,3,8,18,0,-6.25,0.996666666666667
2020,3,9,0,0.0456438,-7.759,1
2020,3,9,6,0,-4.62,0.956666666666667
2020,3,9,12,0,-0.37,0.818333333333333
2020,3,9,18,0,-3.991,0.996666666666667
2020,3,10,0,0.4412234,-2.056,0.998333333333333
2020,3,10,6,1.6888206,-0.602,0.818333333333333
2020,3,10,12,2.8603448,0.778,0.618333333333333
2020,3,10,18,7.3182226,1.13,0.455
2020,3,11,0,1.6431768,0.296,0.52
2020,3,11,6,2.8451302,-1.833,0.805
2020,3,11,12,0.5172964,-0.861,0.731666666666667
2020,3,11,18,0.0456438,-2.843,0.95
2020,3,12,0,0.0304292,-3.852,0.99
2020,3,12,6,0,-2.935,0.921666666666667
2020,3,12,12,0,-1.37,0.778333333333333
2020,3,12,18,0,-4.139,0.995
2020,3,13,0,0,-4.88,1
2020,3,13,6,0,-3.343,0.975
2020,3,13,12,0,-2.25,0.903333333333333
2020,3,13,18,0,-5.704,1
2020,3,14,0,0,-6.981,1
2020,3,14,6,0,-6.361,1
2020,3,14,12,0,-2.991,1
2020,3,14,18,0,-6.167,1
2020,3,15,0,0,-6.583,1
2020,3,15,6,0,-2.296,0.963333333333333
2020,3,15,12,0,2.602,0.73
2020,3,15,18,0,0.093,0.991666666666667
2020,3,16,0,0,0.296,1
2020,3,16,6,0,2.611,0.765
2020,3,16,12,0,6.426,0.0783333333333333
2020,3,16,18,0,2.13,0.73
2020,3,17,0,0,0,0.993333333333333
2020,3,17,6,0,2.676,0.6
2020,3,17,12,0,6.296,0.0633333333333333
2020,3,17,18,0,1.87,0.69
2020,3,18,0,0,-0.231,0.97
2020,3,18,6,0,2,0.64
2020,3,18,12,0,5.352,0.095
2020,3,18,18,0,1.056,0.631666666666667
2020,3,19,0,0,-0.731,0.931666666666667
2020,3,19,6,0,2.185,0.511666666666667
2020,3,19,12,0,6.481,0.0783333333333333
2020,3,19,18,0,2.972,0.418333333333333
2020,3,20,0,0,0.833,0.765
2020,3,20,6,0,2.898,0.373333333333333
2020,3,20,12,0,6.093,0.0866666666666667
2020,3,20,18,0,2.13,0.438333333333333
2020,3,21,0,0,0.454,0.678333333333333
2020,3,21,6,0,2.574,0.44
2020,3,21,12,0,5.296,0.0733333333333333
2020,3,21,18,0,1.454,0.586666666666667
2020,3,22,0,0,-0.028,0.78
2020,3,22,6,0,2.435,0.435
2020,3,22,12,0,5.083,0.131666666666667
2020,3,22,18,0.2434336,1.5,0.351666666666667
2020,3,23,0,0.1673606,-0.648,0.688333333333333
2020,3,23,6,1.749679,-1.213,0.763333333333333
2020,3,23,12,3.2559244,0.491,0.615
2020,3,23,18,11.4413792,-1.676,0.868333333333333
2020,3,24,0,0.3651504,-2.25,0.913333333333333
2020,3,24,6,0,-1.185,0.763333333333333
2020,3,24,12,5.3098954,-0.204,0.635
2020,3,24,18,0,-2.685,0.905
2020,3,25,0,0,-3.296,0.995
2020,3,25,6,0.0152146,-1.648,0.846666666666667
2020,3,25,12,0.076073,0.806,0.635
2020,3,25,18,0,-2.25,0.95
2020,3,26,0,0.0152146,-2.361,0.911666666666667
2020,3,26,6,0.3195066,-1.398,0.798333333333333
2020,3,26,12,1.3540994,-0.361,0.688333333333333
2020,3,26,18,0.5933694,-1.056,0.755
2020,3,27,0,0.5933694,-0.898,0.735
2020,3,27,6,0.1673606,0.361,0.603333333333333
2020,3,27,12,0.4260088,2.065,0.373333333333333
2020,3,27,18,0.5629402,1.676,0.36
2020,3,28,0,4.3818048,1.657,0.338333333333333
2020,3,28,6,3.0885638,2.389,0.301666666666667
2020,3,28,12,4.6252384,3.167,0.155
2020,3,28,18,2.738628,2.481,0.22
2020,3,29,0,8.6266782,1.898,0.291666666666667
2020,3,29,6,9.2352622,1.333,0.411666666666667
2020,3,29,12,1.3236702,2.241,0.37
2020,3,29,18,0.0912876,1.278,0.49
2020,3,30,0,10.041636,1.389,0.475
2020,3,30,6,6.7857116,-1.278,0.726666666666667
2020,3,30,12,3.5602164,-0.694,0.703333333333333
2020,3,30,18,0.8520176,-2.769,0.921666666666667
2020,3,31,0,5.8271918,-3.278,0.986666666666667
2020,3,31,6,0.6237986,-2.194,0.855
2020,3,31,12,4.0166544,-0.296,0.67
2020,3,31,18,0.7303008,-2.87,0.916666666666667
2020,4,1,0,2.8451302,-4.157,0.986666666666667
2020,4,1,6,0.0152146,-1.991,0.886666666666667
2020,4,1,12,0.076073,0.287,0.718333333333333
2020,4,1,18,0,-4.213,0.971666666666667
2020,4,2,0,0,-6.352,1
2020,4,2,6,1.0345928,-3.269,0.921666666666667
2020,4,2,12,2.4647652,-0.602,0.7
2020,4,2,18,0.7455154,-2.824,0.928333333333333
2020,4,3,0,1.5366746,-3.889,0.996666666666667
2020,4,3,6,3.3319974,-3.241,0.916666666666667
2020,4,3,12,3.879723,-2.222,0.813333333333333
2020,4,3,18,0.0304292,-4.12,0.981666666666667
2020,4,4,0,0.1065022,-5.426,1
2020,4,4,6,0,-2.611,0.893333333333333
2020,4,4,12,0,1.241,0.578333333333333
2020,4,4,18,0,-1.352,0.885
2020,4,5,0,0,-2.481,0.996666666666667
2020,4,5,6,0,0.278,0.725
2020,4,5,12,0,3.269,0.351666666666667
2020,4,5,18,0,-0.546,0.768333333333333
2020,4,6,0,0,-2.306,0.971666666666667
2020,4,6,6,0,0.944,0.633333333333333
2020,4,6,12,0,3.843,0.28
2020,4,6,18,0,1.287,0.59
2020,4,7,0,0,-0.037,0.853333333333333
2020,4,7,6,0,0.972,0.593333333333333
2020,4,7,12,0,3.389,0.32
2020,4,7,18,0,0.204,0.828333333333333
2020,4,8,0,0,0.185,0.948333333333333
2020,4,8,6,0,5.426,0.256666666666667
2020,4,8,12,0,8.843,0.03
2020,4,8,18,0,4.87,0.21
2020,4,9,0,0,3.861,0.398333333333333
2020,4,9,6,0,7.639,0.121666666666667
2020,4,9,12,0,10.602,0.03
2020,4,9,18,0,5.815,0.215
2020,4,10,0,0,4.13,0.185
2020,4,10,6,0,5.991,0.05
2020,4,10,12,0,7.565,0.03
2020,4,10,18,0,4.759,0.075
2020,4,11,0,0.0152146,2.444,0.218333333333333
2020,4,11,6,0.0456438,2.398,0.595
2020,4,11,12,0,4.898,0.435
2020,4,11,18,0,1.194,0.9
2020,4,12,0,0,-0.667,1
2020,4,12,6,0,2.213,0.768333333333333
2020,4,12,12,0,5.185,0.461666666666667
2020,4,12,18,0,1.12,0.893333333333333
2020,4,13,0,0,-0.37,0.998333333333333
2020,4,13,6,0,3.444,0.615
2020,4,13,12,0,6.787,0.145
2020,4,13,18,0,3.62,0.603333333333333
2020,4,14,0,0,2.713,0.631666666666667
2020,4,14,6,0,5,0.293333333333333
2020,4,14,12,0,7.722,0.0316666666666667
2020,4,14,18,0,5.148,0.115
2020,4,15,0,0,3.574,0.17
2020,4,15,6,0,6.222,0.125
2020,4,15,12,0,8.954,0.0666666666666667
2020,4,15,18,0,5.759,0.345
2020,4,16,0,0,3.148,0.681666666666667
2020,4,16,6,0,6.639,0.266666666666667
2020,4,16,12,0,9.843,0.03
2020,4,16,18,0,5.806,0.275
2020,4,17,0,0,3.657,0.421666666666667
2020,4,17,6,0,7.065,0.125
2020,4,17,12,0.3955796,8.907,0.03
2020,4,17,18,0.304292,5.657,0.0566666666666667
2020,4,18,0,0.2890774,5,0.07
2020,4,18,6,0.3195066,6.509,0.0383333333333333
2020,4,18,12,0.4412234,6.898,0.03
2020,4,18,18,0.0304292,4.667,0.0483333333333333
2020,4,19,0,0.0304292,3.889,0.0666666666666667
2020,4,19,6,0,4.88,0.0433333333333333
2020,4,19,12,0.0456438,6.491,0.03
2020,4,19,18,0,4.324,0.14
2020,4,20,0,0,2.315,0.326666666666667
2020,4,20,6,0,5.537,0.0866666666666667
2020,4,20,12,0,7.907,0.03
2020,4,20,18,0,5.093,0.09
2020,4,21,0,0,3.602,0.101666666666667
2020,4,21,6,0.1369314,3.593,0.115
2020,4,21,12,0.1825752,4.843,0.065
2020,4,21,18,0.0456438,3.389,0.14
2020,4,22,0,0.4412234,3.324,0.116666666666667
2020,4,22,6,4.2144442,4.296,0.0516666666666667
2020,4,22,12,5.0512472,4.843,0.045
2020,4,22,18,0.1217168,3.88,0.0766666666666667
2020,4,23,0,0.0304292,2.991,0.148333333333333
2020,4,23,6,0.6542278,4.194,0.0916666666666667
2020,4,23,12,0.8824468,5.611,0.0466666666666667
2020,4,23,18,0.2434336,3.472,0.171666666666667
2020,4,24,0,0.0912876,1.657,0.413333333333333
2020,4,24,6,0,4.731,0.141666666666667
2020,4,24,12,0.2130044,7.37,0.03
2020,4,24,18,0.1825752,5.972,0.0366666666666667
2020,4,25,0,0.1825752,5.926,0.0416666666666667
2020,4,25,6,9.585198,5.981,0.035
2020,4,25,12,3.4080704,5.667,0.07
2020,4,25,18,0.228219,3.167,0.19
2020,4,26,0,0,1.454,0.395
2020,4,26,6,0,3.296,0.243333333333333
2020,4,26,12,0,7.278,0.0416666666666667
2020,4,26,18,5.3555392,5.667,0.125
2020,4,27,0,3.347212,4.065,0.07
2020,4,27,6,3.8492938,3.509,0.156666666666667
2020,4,27,12,8.444103,4.454,0.136666666666667
2020,4,27,18,1.0954512,3.361,0.216666666666667
2020,4,28,0,0.1673606,1.667,0.411666666666667
2020,4,28,6,0,4.88,0.123333333333333
2020,4,28,12,0,7.037,0.03
2020,4,28,18,0.0152146,5.287,0.0433333333333333
2020,4,29,0,0.5172964,6.194,0.035
2020,4,29,6,3.9253668,11.102,0.01
2020,4,29,12,1.1563096,11.444,0.015
2020,4,29,18,6.7400678,7.778,0.0233333333333333
2020,4,30,0,11.8826026,4.065,0.0816666666666667
2020,4,30,6,6.84657,3.278,0.178333333333333
2020,4,30,12,0.2130044,5.343,0.0983333333333333
2020,4,30,18,0.5477256,3.481,0.195
2020,5,1,0,0.0152146,2.5,0.208333333333333
2020,5,1,6,0,5.185,0.0833333333333333
2020,5,1,12,0,8.694,0.04
2020,5,1,18,0,6.37,0.065
2020,5,2,0,0.0152146,5.787,0.08
2020,5,2,6,0.2130044,8.185,0.03
2020,5,2,12,11.1370872,8.167,0.03
2020,5,2,18,4.56438,2.991,0.215
2020,5,3,0,2.662555,0.574,0.518333333333333
2020,5,3,6,3.6667186,1.463,0.44
2020,5,3,12,2.1148294,3.343,0.21
2020,5,3,18,1.2019534,0.954,0.571666666666667
2020,5,4,0,0,-1.176,0.811666666666667
2020,5,4,6,0,4.759,0.308333333333333
2020,5,4,12,0,9.046,0.0616666666666667
2020,5,4,18,0.2738628,6,0.08
2020,5,5,0,0.304292,4.315,0.0966666666666667
2020,5,5,6,0,7.676,0.0366666666666667
2020,5,5,12,0.0456438,11.722,0.025
2020,5,5,18,7.4703686,8.87,0.0283333333333333
2020,5,6,0,2.8755594,5.185,0.0683333333333333
2020,5,6,6,4.6556676,2.315,0.316666666666667
2020,5,6,12,1.5366746,4.565,0.153333333333333
2020,5,6,18,0.0152146,3.167,0.261666666666667
2020,5,7,0,0,1.389,0.515
2020,5,7,6,0,6.657,0.0816666666666667
2020,5,7,12,0,11.25,0.03
2020,5,7,18,0,9.241,0.0516666666666667
2020,5,8,0,0,8.417,0.0683333333333333
2020,5,8,6,0,12.407,0.02
2020,5,8,12,0,16.25,0
2020,5,8,18,0,12.463,0.02
2020,5,9,0,0,9.935,0.0266666666666667
2020,5,9,6,0,14.185,0.00166666666666667
2020,5,9,12,0,17.963,0
2020,5,9,18,0,13.991,0.0116666666666667
2020,5,10,0,0,11.426,0.03
2020,5,10,6,0,15.222,0.00333333333333333
2020,5,10,12,0,18.444,0
2020,5,10,18,0,14.491,0
2020,5,11,0,0,11.806,0.0116666666666667
2020,5,11,6,0,14.324,0.00166666666666667
2020,5,11,12,0.0152146,14.991,0
2020,5,11,18,1.6431768,9.157,0.00666666666666667
2020,5,12,0,4.1688004,6.815,0.0266666666666667
2020,5,12,6,0.912876,8.343,0.025
2020,5,12,12,4.2905172,9.389,0.0216666666666667
2020,5,12,18,3.5297872,7.028,0.0316666666666667
2020,5,13,0,1.2323826,5.213,0.0466666666666667
2020,5,13,6,0.608584,5.861,0.035
2020,5,13,12,0.1369314,7.509,0.03
2020,5,13,18,0.1217168,5.917,0.0583333333333333
2020,5,14,0,0.0152146,3.694,0.193333333333333
2020,5,14,6,2.7081988,6.093,0.0516666666666667
2020,5,14,12,1.4301724,7.278,0.03
2020,5,14,18,0.4716526,5.907,0.0483333333333333
2020,5,15,0,0.3499358,4.37,0.113333333333333
2020,5,15,6,0,6.13,0.0333333333333333
2020,5,15,12,0,8.333,0.03
2020,5,15,18,0,7.065,0.0333333333333333
2020,5,16,0,0,6.546,0.0433333333333333
2020,5,16,6,1.217168,9.361,0.03
2020,5,16,12,3.9253668,9.75,0.0216666666666667
2020,5,16,18,1.3236702,8.546,0.0233333333333333
2020,5,17,0,7.455154,6.352,0.03
2020,5,17,6,0.0152146,7.157,0.0283333333333333
2020,5,17,12,3.651504,8.444,0.0216666666666667
2020,5,17,18,3.6667186,6.509,0.045
2020,5,18,0,0.152146,3.852,0.203333333333333
2020,5,18,6,0,7.454,0.0416666666666667
2020,5,18,12,0.0456438,9.917,0.0216666666666667
2020,5,18,18,0,7.537,0.0633333333333333
2020,5,19,0,0,5.306,0.065
2020,5,19,6,0.0912876,7.907,0.0283333333333333
2020,5,19,12,0.5172964,9.38,0.02
2020,5,19,18,0.3347212,7.426,0.0266666666666667
2020,5,20,0,0.3347212,6.093,0.03
2020,5,20,6,0.2586482,6.917,0.03
2020,5,20,12,2.6321258,7.231,0.0266666666666667
2020,5,20,18,0.7303008,5.463,0.0366666666666667
2020,5,21,0,0.304292,2.685,0.213333333333333
2020,5,21,6,0.6542278,3.037,0.228333333333333
2020,5,21,12,1.065022,4.778,0.123333333333333
2020,5,21,18,3.1646368,3.185,0.206666666666667
2020,5,22,0,5.3098954,2.75,0.178333333333333
2020,5,22,6,4.8838866,3.731,0.128333333333333
2020,5,22,12,0.3347212,5.657,0.0466666666666667
2020,5,22,18,0,4.074,0.135
2020,5,23,0,0,2.935,0.195
2020,5,23,6,0.1217168,4.62,0.0683333333333333
2020,5,23,12,0.1673606,6.741,0.03
2020,5,23,18,0.0152146,5.778,0.035
2020,5,24,0,0.0152146,4.944,0.0383333333333333
2020,5,24,6,0.8672322,7.37,0.0183333333333333
2020,5,24,12,0,9.972,0
2020,5,24,18,0.2586482,9.12,0
2020,5,25,0,1.6279622,8.074,0.01
2020,5,25,6,5.2033932,8.38,0.015
2020,5,25,12,3.3015682,8.759,0.02
2020,5,25,18,0.0152146,7.88,0.0233333333333333
2020,5,26,0,0.0152146,6.509,0.03
2020,5,26,6,0.2738628,6.981,0.03
2020,5,26,12,0.1673606,9.287,0.0266666666666667
2020,5,26,18,0.0152146,7.259,0.0966666666666667
2020,5,27,0,0.0152146,5.046,0.148333333333333
2020,5,27,6,0,10.426,0.025
2020,5,27,12,0,14.963,0.00333333333333333
2020,5,27,18,0,12.778,0.0166666666666667
2020,5,28,0,0,11.88,0.0183333333333333
2020,5,28,6,0,15.852,0
2020,5,28,12,0,18.731,0
2020,5,28,18,0,16.083,0
2020,5,29,0,0,14.12,0
2020,5,29,6,0,16.407,0
2020,5,29,12,0,18.574,0
2020,5,29,18,0,15.583,0
2020,5,30,0,0,13.676,0
2020,5,30,6,12.6129034,13.546,0
2020,5,30,12,2.6169112,11.602,0
2020,5,30,18,13.2214874,6.815,0.00666666666666667
2020,5,31,0,0.1977898,4.472,0.0483333333333333
2020,5,31,6,0.1977898,4.741,0.0533333333333333
2020,5,31,12,0.0456438,6.546,0.03
2020,5,31,18,0,4.898,0.085
2020,6,1,0,0,3.009,0.19
2020,6,1,6,0,6.176,0.0483333333333333
2020,6,1,12,0,8.565,0.03
2020,6,1,18,0,6.907,0.0433333333333333
2020,6,2,0,0,5.139,0.0666666666666667
2020,6,2,6,0,8.898,0.015
2020,6,2,12,5.3403246,7.139,0.025
2020,6,2,18,0,5.87,0.0333333333333333
2020,6,3,0,0,4.778,0.0466666666666667
2020,6,3,6,0,6.639,0.03
2020,6,3,12,0,8.778,0.03
2020,6,3,18,0,6.481,0.0466666666666667
2020,6,4,0,0,4.926,0.0683333333333333
2020,6,4,6,0.3347212,6.583,0.03
2020,6,4,12,0.1065022,8.241,0.0283333333333333
2020,6,4,18,0,7.065,0.04
2020,6,5,0,0,5.472,0.0633333333333333
2020,6,5,6,0,9.843,0.0233333333333333
2020,6,5,12,0.608584,10.398,0.02
2020,6,5,18,0.9737344,7.093,0.0383333333333333
2020,6,6,0,0.3955796,4.583,0.0616666666666667
2020,6,6,6,1.0498074,5.907,0.0366666666666667
2020,6,6,12,5.2794662,7.38,0.03
2020,6,6,18,1.1106658,5.185,0.0566666666666667
2020,6,7,0,0.1369314,3.917,0.0833333333333333
2020,6,7,6,0.9280906,5.12,0.0533333333333333
2020,6,7,12,0.1977898,7.38,0.03
2020,6,7,18,0.3499358,6.546,0.03
2020,6,8,0,10.954512,4.324,0.0633333333333333
2020,6,8,6,0.1369314,4.509,0.0916666666666667
2020,6,8,12,0.1065022,6.454,0.065
2020,6,8,18,0.9280906,5.685,0.05
2020,6,9,0,4.792599,4.833,0.0483333333333333
2020,6,9,6,9.509125,6.963,0.0233333333333333
2020,6,9,12,0.0456438,9.333,0.01
2020,6,9,18,0.4107942,8.935,0.0133333333333333
2020,6,10,0,0,7.861,0.0283333333333333
2020,6,10,6,0.0304292,10.25,0.005
2020,6,10,12,0.5629402,13.435,0
2020,6,10,18,0.0608584,11.444,0
2020,6,11,0,0.0608584,9.62,0
2020,6,11,6,7.835519,10.148,0
2020,6,11,12,3.3624266,10.833,0
2020,6,11,18,0,9.991,0.015
2020,6,12,0,0,9.25,0.0233333333333333
2020,6,12,6,5.4316122,9.269,0.00333333333333333
2020,6,12,12,10.7415076,7.37,0.025
2020,6,12,18,0,6.241,0.03
2020,6,13,0,1.2780264,4.981,0.035
2020,6,13,6,0.2890774,5.935,0.0333333333333333
2020,6,13,12,2.206117,7.38,0.03
2020,6,13,18,5.1881786,5.333,0.0466666666666667
2020,6,14,0,0.7455154,3.787,0.105
2020,6,14,6,1.141095,4.602,0.0733333333333333
2020,6,14,12,0.2890774,6.778,0.03
2020,6,14,18,0.532511,6.028,0.04
2020,6,15,0,0.1065022,5.583,0.0466666666666667
2020,6,15,6,1.5518892,7.259,0.0283333333333333
2020,6,15,12,7.150862,7.88,0.0216666666666667
2020,6,15,18,1.3236702,5.935,0.0333333333333333
2020,6,16,0,0,4.213,0.0616666666666667
2020,6,16,6,0.0304292,6.111,0.0366666666666667
2020,6,16,12,0,8.426,0.0266666666666667
2020,6,16,18,0,7.954,0.0266666666666667
2020,6,17,0,0,6.935,0.03
2020,6,17,6,0,9.12,0.00666666666666667
2020,6,17,12,0,11.315,0
2020,6,17,18,0,9.722,0.02
2020,6,18,0,0,7.796,0.03
2020,6,18,6,0,12.102,0.00166666666666667
2020,6,18,12,0,14.907,0
2020,6,18,18,0,13.148,0
2020,6,19,0,0,10.787,0.00666666666666667
2020,6,19,6,0,14.981,0
2020,6,19,12,0,17.509,0
2020,6,19,18,0.1217168,14.593,0
2020,6,20,0,0.1825752,12.704,0
2020,6,20,6,2.28219,12.111,0
2020,6,20,12,0.0912876,12.741,0
2020,6,20,18,9.12876,11.389,0
2020,6,21,0,1.3845286,9.741,0
2020,6,21,6,0.2586482,9.657,0
2020,6,21,12,0.304292,10.602,0
2020,6,21,18,0.0304292,9.204,0.015
2020,6,22,0,0.0304292,7.583,0.0116666666666667
2020,6,22,6,0,12.361,0
2020,6,22,12,0,16.546,0
2020,6,22,18,0,14.843,0
2020,6,23,0,0,12.787,0
2020,6,23,6,0,17.111,0
2020,6,23,12,0.0152146,18.389,0
2020,6,23,18,0,15.537,0
2020,6,24,0,2.130044,12.981,0
2020,6,24,6,1.0193782,13.278,0
2020,6,24,12,0.3499358,13.889,0
2020,6,24,18,0,12.12,0
2020,6,25,0,0,10.009,0
2020,6,25,6,0,14.028,0
2020,6,25,12,0,15.963,0
2020,6,25,18,0,13.824,0
2020,6,26,0,0,12.37,0
2020,6,26,6,0,15.046,0
2020,6,26,12,0.1065022,14.954,0
2020,6,26,18,0.0304292,12.093,0
2020,6,27,0,0.0152146,9.046,0.02
2020,6,27,6,0.1217168,8.093,0.0233333333333333
2020,6,27,12,0.228219,8.111,0.03
2020,6,27,18,0.4716526,6.787,0.03
2020,6,28,0,0.228219,6.176,0.03
2020,6,28,6,0,8.815,0.0283333333333333
2020,6,28,12,0.0608584,11.935,0.00666666666666667
2020,6,28,18,0.0304292,11.389,0
2020,6,29,0,0,9.991,0
2020,6,29,6,0,12.824,0
2020,6,29,12,0.0152146,14.583,0
2020,6,29,18,2.4039068,12.148,0
2020,6,30,0,0.5477256,8.509,0.0116666666666667
2020,6,30,6,0.152146,8.12,0.02
2020,6,30,12,2.1604732,8.787,0.0216666666666667
2020,6,30,18,0.836803,7.954,0.03
2020,7,1,0,2.9364178,6.824,0.03
2020,7,1,6,1.1106658,6.639,0.0283333333333333
2020,7,1,12,11.1218726,7.185,0.025
2020,7,1,18,6.542278,7.472,0.02
2020,7,2,0,0.0608584,6.481,0.0283333333333333
2020,7,2,6,0.076073,7.009,0.0283333333333333
2020,7,2,12,0.1977898,9.046,0.02
2020,7,2,18,0.0608584,7.88,0.0266666666666667
2020,7,3,0,0.0456438,6.611,0.03
2020,7,3,6,3.1494222,7.509,0.0266666666666667
2020,7,3,12,5.6598312,7.75,0.03
2020,7,3,18,2.7538426,7.241,0.03
2020,7,4,0,0.0912876,6.463,0.03
2020,7,4,6,0,8.287,0.0216666666666667
2020,7,4,12,0,10.306,0.00333333333333333
2020,7,4,18,0,8.907,0.02
2020,7,5,0,0,6.426,0.03
2020,7,5,6,0,10.407,0.01
2020,7,5,12,0,12.481,0
2020,7,5,18,0,10.75,0.00833333333333333
2020,7,6,0,0,8.056,0.03
2020,7,6,6,0,10.472,0
2020,7,6,12,0,11.528,0
2020,7,6,18,0,9.593,0.00333333333333333
2020,7,7,0,0.0152146,7.972,0.025
2020,7,7,6,0.0304292,7.62,0.0266666666666667
2020,7,7,12,0.0608584,9.194,0.0166666666666667
2020,7,7,18,0.0152146,8.324,0.025
2020,7,8,0,0,7.565,0.0283333333333333
2020,7,8,6,0,9.389,0.01
2020,7,8,12,0,11.231,0
2020,7,8,18,0,10.194,0.005
2020,7,9,0,3.0885638,8.852,0
2020,7,9,6,9.0070432,9.583,0
2020,7,9,12,0,11.37,0
2020,7,9,18,0.076073,9.722,0.00333333333333333
2020,7,10,0,0.0152146,8.009,0.0216666666666667
2020,7,10,6,0,9.583,0.01
2020,7,10,12,0,12.315,0
2020,7,10,18,0,11.731,0
2020,7,11,0,0.0152146,9.824,0.00666666666666667
2020,7,11,6,0.0304292,12.602,0
2020,7,11,12,1.825752,11.991,0
2020,7,11,18,2.3886922,9.454,0.00666666666666667
2020,7,12,0,0.1369314,8.417,0.02
2020,7,12,6,0.5629402,8.704,0.0283333333333333
2020,7,12,12,0,10.528,0.0216666666666667
2020,7,12,18,0,8.741,0.03
2020,7,13,0,0,6.759,0.03
2020,7,13,6,0,9.954,0.015
2020,7,13,12,0,12.435,0
2020,7,13,18,0,10.778,0.015
2020,7,14,0,0,8.417,0.03
2020,7,14,6,0,12.935,0.00666666666666667
2020,7,14,12,0,15.833,0
2020,7,14,18,0,13.787,0
2020,7,15,0,0,11.63,0
2020,7,15,6,0,15.065,0
2020,7,15,12,0,17.009,0
2020,7,15,18,0,15.139,0
2020,7,16,0,0,13.083,0
2020,7,16,6,0,15.093,0
2020,7,16,12,0,15.694,0
2020,7,16,18,0,13.222,0
2020,7,17,0,0,11.148,0.00333333333333333
2020,7,17,6,0.228219,11.241,0
2020,7,17,12,0.076073,12.5,0
2020,7,17,18,0.1217168,11.222,0
2020,7,18,0,0.1217168,10.306,0
2020,7,18,6,0,13.176,0
2020,7,18,12,0,15.852,0
2020,7,18,18,0,14.37,0
2020,7,19,0,0,12.306,0
2020,7,19,6,0,15.722,0
2020,7,19,12,0,18.083,0
2020,7,19,18,0,16.898,0
2020,7,20,0,0,16.009,0
2020,7,20,6,0,19.676,0
2020,7,20,12,0,21.87,0
2020,7,20,18,0,18.528,0
2020,7,21,0,0,15.157,0
2020,7,21,6,0,17.944,0
2020,7,21,12,0,19.565,0
2020,7,21,18,0,16.593,0
2020,7,22,0,0,13.37,0
2020,7,22,6,0,13.731,0
2020,7,22,12,0,14.565,0
2020,7,22,18,0,12.398,0.00666666666666667
2020,7,23,0,0,10.454,0.005
2020,7,23,6,0,11.407,0
2020,7,23,12,0,12.63,0
2020,7,23,18,0,10.481,0.00166666666666667
2020,7,24,0,0,8.389,0.03
2020,7,24,6,0.0152146,8.759,0.0133333333333333
2020,7,24,12,0.1217168,10.648,0.00333333333333333
2020,7,24,18,0.0152146,9.148,0.02
2020,7,25,0,0.0152146,7.287,0.03
2020,7,25,6,0,11.648,0.005
2020,7,25,12,0,14.759,0
2020,7,25,18,0,13.722,0
2020,7,26,0,0,12.824,0.00166666666666667
2020,7,26,6,0,18.926,0
2020,7,26,12,0,22.991,0
2020,7,26,18,0,20.389,0
2020,7,27,0,0,18.176,0
2020,7,27,6,0,21.639,0
2020,7,27,12,0,24.065,0
2020,7,27,18,0,20.028,0
2020,7,28,0,0,16.815,0
2020,7,28,6,0,17.63,0
2020,7,28,12,0,19.333,0
2020,7,28,18,0,16.074,0
2020,7,29,0,0,12.861,0
2020,7,29,6,0,17.176,0
2020,7,29,12,0,21.333,0
2020,7,29,18,0,18.935,0
2020,7,30,0,0,16.713,0
2020,7,30,6,0,22,0
2020,7,30,12,0,26.028,0
2020,7,30,18,0,23.148,0
2020,7,31,0,0,20.102,0
2020,7,31,6,0,20.519,0
2020,7,31,12,0,20.028,0
2020,7,31,18,0,15.38,0
2020,8,1,0,0,12.278,0
2020,8,1,6,0,14.407,0
2020,8,1,12,0,16.574,0
2020,8,1,18,0,13.972,0
2020,8,2,0,0,11.426,0.00166666666666667
2020,8,2,6,0,14.231,0
2020,8,2,12,0,15.963,0
2020,8,2,18,0,13.444,0
2020,8,3,0,0,11.315,0
2020,8,3,6,0,13.25,0
2020,8,3,12,0,15.528,0
2020,8,3,18,0,13.556,0
2020,8,4,0,0,11.648,0
2020,8,4,6,0,15.676,0
2020,8,4,12,0,18.444,0
2020,8,4,18,0,16.028,0
2020,8,5,0,0,13.176,0
2020,8,5,6,0,15.5,0
2020,8,5,12,0,17.407,0
2020,8,5,18,0,14.352,0
2020,8,6,0,0,11.546,0
2020,8,6,6,7.6529438,10.481,0
2020,8,6,12,0.8976614,10.185,0.0183333333333333
2020,8,6,18,0.5933694,8.194,0.0283333333333333
2020,8,7,0,0.4412234,7.935,0.0233333333333333
2020,8,7,6,0,9.454,0.0133333333333333
2020,8,7,12,0,11.306,0
2020,8,7,18,0.2890774,9.676,0
2020,8,8,0,0.2130044,9.269,0
2020,8,8,6,0.1217168,9.917,0
2020,8,8,12,0.1217168,11.25,0
2020,8,8,18,0.0152146,9.565,0.0133333333333333
2020,8,9,0,0.0152146,7.963,0.0233333333333333
2020,8,9,6,0,11.5,0.00166666666666667
2020,8,9,12,0,14.843,0
2020,8,9,18,0,13.546,0
2020,8,10,0,0,11.778,0
2020,8,10,6,0,14.176,0
2020,8,10,12,0,15.824,0
2020,8,10,18,0,12.889,0.02
2020,8,11,0,0,10.176,0.0266666666666667
2020,8,11,6,0,12.491,0
2020,8,11,12,0,13.889,0.0133333333333333
2020,8,11,18,0,9.954,0.0333333333333333
2020,8,12,0,0,7.102,0.0316666666666667
2020,8,12,6,0,7.704,0.0283333333333333
2020,8,12,12,0,9.972,0.0133333333333333
2020,8,12,18,0,8.148,0.03
2020,8,13,0,0,6.12,0.035
2020,8,13,6,0,9.25,0.02
2020,8,13,12,0,12.463,0
2020,8,13,18,0,10.343,0.0133333333333333
2020,8,14,0,0,8.676,0.00833333333333333
2020,8,14,6,0,12.731,0
2020,8,14,12,0,16.713,0
2020,8,14,18,0,14.241,0
2020,8,15,0,0,12.806,0
2020,8,15,6,0,18.333,0
2020,8,15,12,0,23.009,0
2020,8,15,18,0,20.222,0
2020,8,16,0,0,19.269,0
2020,8,16,6,0,23.593,0
2020,8,16,12,0,26.889,0
2020,8,16,18,0.0152146,22.676,0
2020,8,17,0,0,19.824,0
2020,8,17,6,0,19.269,0
2020,8,17,12,0,22.241,0
2020,8,17,18,0,18.926,0
2020,8,18,0,0,16.157,0
2020,8,18,6,0,17,0
2020,8,18,12,0,17.593,0
2020,8,18,18,0,14.315,0
2020,8,19,0,0,11.741,0
2020,8,19,6,0,14.593,0
2020,8,19,12,0.0304292,17.481,0
2020,8,19,18,0,15.417,0
2020,8,20,0,0.5781548,13.509,0
2020,8,20,6,0.9433052,13.361,0
2020,8,20,12,1.6431768,16.694,0
2020,8,20,18,1.1867388,14.815,0
2020,8,21,0,0.6390132,13.87,0
2020,8,21,6,2.7234134,14.13,0
2020,8,21,12,6.4053466,13.37,0
2020,8,21,18,5.32511,11.25,0
2020,8,22,0,4.336161,9.074,0.0166666666666667
2020,8,22,6,0,10.343,0.0133333333333333
2020,8,22,12,0,12.87,0
2020,8,22,18,0,10.657,0.0166666666666667
2020,8,23,0,0,9.315,0.03
2020,8,23,6,0,12.778,0.00666666666666667
2020,8,23,12,0,15.491,0
2020,8,23,18,0,12.463,0.00166666666666667
2020,8,24,0,0,10.398,0
2020,8,24,6,0.1369314,11.009,0
2020,8,24,12,0,13.407,0
2020,8,24,18,0,10.926,0.015
2020,8,25,0,0,8.954,0.03
2020,8,25,6,0,12.102,0.0116666666666667
2020,8,25,12,0,14.472,0
2020,8,25,18,0,11.694,0.02
2020,8,26,0,0,9.704,0.0133333333333333
2020,8,26,6,0,12.38,0.00333333333333333
2020,8,26,12,0,15,0
2020,8,26,18,0,11.815,0.02
2020,8,27,0,0,9.639,0.03
2020,8,27,6,0,12.454,0.0116666666666667
2020,8,27,12,0,15.528,0
2020,8,27,18,0,12.306,0.0133333333333333
2020,8,28,0,0,10.583,0.01
2020,8,28,6,0,13.528,0.00166666666666667
2020,8,28,12,0,16.704,0
2020,8,28,18,0,12.611,0.0133333333333333
2020,8,29,0,0,9.593,0.0283333333333333
2020,8,29,6,0,9.972,0.02
2020,8,29,12,0,11.546,0.025
2020,8,29,18,0,8.583,0.03
2020,8,30,0,0,6.519,0.035
2020,8,30,6,0,9.13,0.0216666666666667
2020,8,30,12,0.2434336,11.963,0.00666666666666667
2020,8,30,18,0.8824468,8.815,0.00333333333333333
2020,8,31,0,0.8824468,7.491,0
2020,8,31,6,0,8.676,0
2020,8,31,12,0,11.398,0
2020,8,31,18,0,10.806,0
2020,9,1,0,0,11.009,0
2020,9,1,6,0,12.796,0
2020,9,1,12,0,15.981,0
2020,9,1,18,0,14.333,0
2020,9,2,0,0,13.25,0
2020,9,2,6,0,13.889,0
2020,9,2,12,0,15.074,0
2020,9,2,18,0,12.907,0
2020,9,3,0,0,11.583,0
2020,9,3,6,0,15.435,0
2020,9,3,12,0,19.778,0
2020,9,3,18,0,16.593,0
2020,9,4,0,0,15.907,0
2020,9,4,6,0,19.981,0
2020,9,4,12,0,22.898,0
2020,9,4,18,0,17.204,0
2020,9,5,0,0,13.167,0
2020,9,5,6,0,13.333,0
2020,9,5,12,0,15.324,0
2020,9,5,18,0,13.093,0
2020,9,6,0,0,12.519,0
2020,9,6,6,0,14.944,0
2020,9,6,12,0,17.241,0
2020,9,6,18,0,14.204,0
2020,9,7,0,0,14.38,0
2020,9,7,6,0,14.843,0
2020,9,7,12,0,18.037,0
2020,9,7,18,0,15.12,0.00666666666666667
2020,9,8,0,0,11.926,0.03
2020,9,8,6,0,13.954,0.00666666666666667
2020,9,8,12,0,18.75,0
2020,9,8,18,0,16.62,0
2020,9,9,0,0,15.935,0
2020,9,9,6,0,18.796,0
2020,9,9,12,0,22.824,0
2020,9,9,18,0,18.778,0
2020,9,10,0,0,16.306,0
2020,9,10,6,0,19.407,0
2020,9,10,12,0,22.824,0
2020,9,10,18,0,18.213,0
2020,9,11,0,0,15.556,0
2020,9,11,6,0,17.111,0
2020,9,11,12,0,19.343,0
2020,9,11,18,0,14.981,0
2020,9,12,0,0,12.269,0
2020,9,12,6,0,13.565,0.00166666666666667
2020,9,12,12,0,16.417,0
2020,9,12,18,0,12.62,0.005
2020,9,13,0,0,11.352,0
2020,9,13,6,0,12.981,0
2020,9,13,12,0,15.481,0
2020,9,13,18,0,11.713,0
2020,9,14,0,0,8.87,0
2020,9,14,6,0,11.509,0
2020,9,14,12,0.076073,15.398,0
2020,9,14,18,0.2130044,12.935,0
2020,9,15,0,0.2130044,12.463,0
2020,9,15,6,0.0912876,14.296,0
2020,9,15,12,0.076073,18.009,0
2020,9,15,18,0.4716526,16.333,0
2020,9,16,0,0.3955796,15.12,0
2020,9,16,6,0,17.824,0
2020,9,16,12,0,20.528,0
2020,9,16,18,0,15.019,0
2020,9,17,0,0,13.009,0
2020,9,17,6,0,15.963,0
2020,9,17,12,0,19.157,0
2020,9,17,18,0,14.537,0
2020,9,18,0,0.2890774,12.296,0
2020,9,18,6,0.1825752,13.231,0
2020,9,18,12,1.5366746,13.278,0
2020,9,18,18,2.9059886,11.213,0
2020,9,19,0,1.1258804,10.407,0
2020,9,19,6,0.1217168,10.278,0
2020,9,19,12,0.228219,10.852,0
2020,9,19,18,0,9.593,0.015
2020,9,20,0,0,8.315,0.0266666666666667
2020,9,20,6,0,9.306,0.005
2020,9,20,12,0,11.62,0
2020,9,20,18,0,9.546,0.025
2020,9,21,0,0,7.824,0.03
2020,9,21,6,0,10.389,0.0166666666666667
2020,9,21,12,0.0152146,12.898,0
2020,9,21,18,0,10.815,0
2020,9,22,0,0.1825752,10.204,0
2020,9,22,6,1.8561812,10.667,0
2020,9,22,12,2.0691856,12.102,0
2020,9,22,18,0.228219,10.62,0.01
2020,9,23,0,1.293241,10.898,0.00666666666666667
2020,9,23,6,7.683373,10.981,0
2020,9,23,12,17.0859958,11.222,0
2020,9,23,18,12.2781822,9.306,0
2020,9,24,0,13.0541268,8.028,0.02
2020,9,24,6,10.878439,8,0.0216666666666667
2020,9,24,12,6.5118488,8.972,0.0266666666666667
2020,9,24,18,1.3236702,8.509,0.025
2020,9,25,0,3.6819332,8.306,0.0233333333333333
2020,9,25,6,17.5120046,7.889,0.0266666666666667
2020,9,25,12,4.8991012,7.407,0.0283333333333333
2020,9,25,18,1.9322542,5.833,0.0366666666666667
2020,9,26,0,2.0235418,5.574,0.03
2020,9,26,6,4.6708822,5.87,0.0366666666666667
2020,9,26,12,6.9378576,6.565,0.03
2020,9,26,18,1.0345928,6.583,0.03
2020,9,27,0,0.836803,6.028,0.0366666666666667
2020,9,27,6,0,6.991,0.0183333333333333
2020,9,27,12,0,10.12,0
2020,9,27,18,0,9.333,0
2020,9,28,0,0,9.38,0
2020,9,28,6,0,13.806,0
2020,9,28,12,0,18.528,0
2020,9,28,18,0,15.204,0
2020,9,29,0,0,14.454,0.00333333333333333
2020,9,29,6,0,17.5,0
2020,9,29,12,0,20.778,0
2020,9,29,18,0,16.574,0.00166666666666667
2020,9,30,0,0,14.759,0.005
2020,9,30,6,0,16.963,0
2020,9,30,12,0,20.352,0
2020,9,30,18,0,15.861,0
2020,10,1,0,0,14.463,0
2020,10,1,6,0,16.417,0
2020,10,1,12,0,19.093,0
2020,10,1,18,0,15.509,0
2020,10,2,0,0,14.296,0
2020,10,2,6,0,17.231,0
2020,10,2,12,0,19.444,0
2020,10,2,18,0,15.093,0
2020,10,3,0,0,13.194,0
2020,10,3,6,0,14.5,0
2020,10,3,12,0,16.426,0
2020,10,3,18,0,11.407,0.01
2020,10,4,0,0,9.25,0.03
2020,10,4,6,0,10.565,0.0166666666666667
2020,10,4,12,0,10.935,0
2020,10,4,18,0,8.824,0.005
2020,10,5,0,0,8.333,0.00833333333333333
2020,10,5,6,0,11.056,0
2020,10,5,12,0,14.685,0
2020,10,5,18,0,12.333,0
2020,10,6,0,0,11.343,0
2020,10,6,6,0,13.611,0
2020,10,6,12,0,16.167,0
2020,10,6,18,0,12.907,0
2020,10,7,0,0,11.62,0
2020,10,7,6,0,14.37,0
2020,10,7,12,0,16.519,0
2020,10,7,18,0,12.472,0
2020,10,8,0,0.2434336,10.935,0
2020,10,8,6,0.4412234,10.602,0
2020,10,8,12,0.1673606,10.046,0.00666666666666667
2020,10,8,18,0,8.769,0.0133333333333333
2020,10,9,0,0.0304292,8.62,0
2020,10,9,6,0,9.944,0
2020,10,9,12,3.3776412,11.324,0
2020,10,9,18,18.1662324,10.065,0
2020,10,10,0,15.9296862,7.954,0.0166666666666667
2020,10,10,6,13.1149852,6.065,0.0366666666666667
2020,10,10,12,3.7123624,5.056,0.0666666666666667
2020,10,10,18,2.5712674,3.528,0.125
2020,10,11,0,2.434336,3.13,0.15
2020,10,11,6,1.2628118,3.991,0.138333333333333
2020,10,11,12,11.8521734,5.352,0.0583333333333333
2020,10,11,18,8.3071716,7.204,0.0233333333333333
2020,10,12,0,7.7290168,4.602,0.0733333333333333
2020,10,12,6,2.9059886,3.074,0.19
2020,10,12,12,2.206117,4.574,0.126666666666667
2020,10,12,18,0.5629402,3.787,0.22
2020,10,13,0,1.293241,3.731,0.113333333333333
2020,10,13,6,5.5228998,6.676,0.0266666666666667
2020,10,13,12,5.5989728,5.148,0.0416666666666667
2020,10,13,18,4.107942,3.741,0.11
2020,10,14,0,3.499358,3.231,0.14
2020,10,14,6,0.1673606,3.796,0.13
2020,10,14,12,0.1369314,4.731,0.09
2020,10,14,18,0,3.556,0.125
2020,10,15,0,0,2.407,0.226666666666667
2020,10,15,6,0.2890774,3.472,0.158333333333333
2020,10,15,12,0.304292,5.389,0.06
2020,10,15,18,0.6237986,5.241,0.0683333333333333
2020,10,16,0,0.7150862,6.565,0.00333333333333333
2020,10,16,6,4.9903888,8.102,0
2020,10,16,12,6.7400678,8.852,0.00666666666666667
2020,10,16,18,1.52146,7.759,0.025
2020,10,17,0,1.3236702,5.722,0.04
2020,10,17,6,0.380365,4.972,0.045
2020,10,17,12,0.8824468,5.843,0.0383333333333333
2020,10,17,18,4.4274486,4.269,0.0683333333333333
2020,10,18,0,4.2905172,4.796,0.0283333333333333
2020,10,18,6,4.2753026,6.111,0.0233333333333333
2020,10,18,12,1.9170396,7.13,0.0283333333333333
2020,10,18,18,0.5477256,6.602,0.0283333333333333
2020,10,19,0,0.988949,5.593,0.03
2020,10,19,6,1.0802366,5.019,0.0383333333333333
2020,10,19,12,1.3084556,4.713,0.045
2020,10,19,18,1.7040352,3.713,0.116666666666667
2020,10,20,0,1.52146,2.843,0.183333333333333
2020,10,20,6,1.0193782,3.083,0.193333333333333
2020,10,20,12,3.0277054,3.435,0.181666666666667
2020,10,20,18,0.8215884,2.509,0.228333333333333
2020,10,21,0,0.7150862,1.611,0.325
2020,10,21,6,0.6237986,0.769,0.486666666666667
2020,10,21,12,0.9433052,2.148,0.405
2020,10,21,18,0.1825752,0.083,0.735
2020,10,22,0,0.1673606,-0.759,0.868333333333333
2020,10,22,6,0.0152146,-0.019,0.741666666666667
2020,10,22,12,0.152146,1.806,0.46
2020,10,22,18,0,-0.269,0.808333333333333
2020,10,23,0,0.1673606,0.315,0.808333333333333
2020,10,23,6,6.8161408,0.454,0.615
2020,10,23,12,5.9184794,1.481,0.333333333333333
2020,10,23,18,0.3651504,0.231,0.726666666666667
2020,10,24,0,0.3651504,-1.491,0.98
2020,10,24,6,0,-1.398,0.915
2020,10,24,12,0,-0.093,0.785
2020,10,24,18,0,-3.435,1
2020,10,25,0,0,-3.537,1
2020,10,25,6,0,-1.75,0.99
2020,10,25,12,0.2738628,0.565,0.878333333333333
2020,10,25,18,0.0152146,-2.907,1
2020,10,26,0,0.4716526,-1.917,0.998333333333333
2020,10,26,6,0,0.102,0.798333333333333
2020,10,26,12,0,2.463,0.235
2020,10,26,18,0,0.509,0.678333333333333
2020,10,27,0,0,2.185,0.27
2020,10,27,6,0,3.509,0.0983333333333333
2020,10,27,12,0.0152146,4.843,0.03
2020,10,27,18,0.9280906,4.991,0.0283333333333333
2020,10,28,0,0.9585198,5.648,0.0266666666666667
2020,10,28,6,1.0954512,6.139,0.02
2020,10,28,12,0.1369314,7.213,0.0283333333333333
2020,10,28,18,0.2130044,5.991,0.03
2020,10,29,0,0.2130044,5.315,0.03
2020,10,29,6,3.0581346,5.796,0.0233333333333333
2020,10,29,12,2.5408382,6.769,0.0133333333333333
2020,10,29,18,0.0152146,6.259,0.03
2020,10,30,0,2.1909024,6.185,0.03
2020,10,30,6,3.0733492,3.407,0.131666666666667
2020,10,30,12,1.673606,3.185,0.185
2020,10,30,18,0.304292,1.981,0.368333333333333
2020,10,31,0,0.2738628,0.713,0.645
2020,10,31,6,0,2.278,0.403333333333333
2020,10,31,12,0,5.75,0.0383333333333333
2020,10,31,18,0,4.778,0.165
2020,11,1,0,0,5.704,0.108333333333333
2020,11,1,6,0,8.759,0.0166666666666667
2020,11,1,12,0,12.528,0
2020,11,1,18,0,9.731,0.00333333333333333
2020,11,2,0,0,8.602,0.0233333333333333
2020,11,2,6,0,9.509,0.025
2020,11,2,12,0.5933694,12.324,0.0166666666666667
2020,11,2,18,0,9.602,0.03
2020,11,3,0,0.0456438,9.287,0.035
2020,11,3,6,19.0030354,7.657,0.0133333333333333
2020,11,3,12,13.1454144,7.519,0.02
2020,11,3,18,2.3278338,8.398,0.0166666666666667
2020,11,4,0,2.9059886,8.981,0
2020,11,4,6,2.9516324,9.37,0.01
2020,11,4,12,3.4537142,9.722,0.00333333333333333
2020,11,4,18,16.4926264,9.093,0.00666666666666667
2020,11,5,0,11.9891048,6.481,0.0266666666666667
2020,11,5,6,6.922643,3.926,0.105
2020,11,5,12,1.4301724,2.593,0.336666666666667
2020,11,5,18,0,1.481,0.71
2020,11,6,0,0,2.519,0.658333333333333
2020,11,6,6,0,2.889,0.551666666666667
2020,11,6,12,0,4.167,0.29
2020,11,6,18,0,0.602,0.811666666666667
2020,11,7,0,0,-1.611,0.986666666666667
2020,11,7,6,0,-2.139,0.866666666666667
2020,11,7,12,0,-0.972,0.84
2020,11,7,18,0,-3.444,1
2020,11,8,0,0,-3.648,1
2020,11,8,6,0,-2.63,0.993333333333333
2020,11,8,12,0,0.019,0.921666666666667
2020,11,8,18,0,-2.537,1
2020,11,9,0,0,-3.926,1
2020,11,9,6,0,-2.954,0.991666666666667
2020,11,9,12,0.3651504,-2.296,0.945
2020,11,9,18,2.4039068,-1.546,0.898333333333333
2020,11,10,0,2.206117,-1.972,0.905
2020,11,10,6,1.673606,-2.38,0.885
2020,11,10,12,0.5629402,-1.917,0.82
2020,11,10,18,0,-3.352,0.971666666666667
2020,11,11,0,0,-3.685,0.996666666666667
2020,11,11,6,0,-3.602,0.973333333333333
2020,11,11,12,0,-2.463,0.875
2020,11,11,18,0,-4.093,0.991666666666667
2020,11,12,0,0,-4,1
2020,11,12,6,0,-1.648,0.886666666666667
2020,11,12,12,1.1258804,0.556,0.665
2020,11,12,18,7.8507336,0.694,0.593333333333333
2020,11,13,0,8.139811,1.037,0.485
2020,11,13,6,9.4026228,1.102,0.433333333333333
2020,11,13,12,3.118993,-0.704,0.67
2020,11,13,18,2.6929842,-1.389,0.758333333333333
2020,11,14,0,4.0166544,-2.019,0.853333333333333
2020,11,14,6,1.9322542,-1.62,0.808333333333333
2020,11,14,12,0.228219,0.093,0.728333333333333
2020,11,14,18,4.5491654,0.843,0.593333333333333
2020,11,15,0,5.6598312,1.194,0.411666666666667
2020,11,15,6,3.5906456,0.389,0.51
2020,11,15,12,3.1342076,0.843,0.466666666666667
2020,11,15,18,1.3236702,0.731,0.471666666666667
2020,11,16,0,1.1563096,0.731,0.526666666666667
2020,11,16,6,0.3195066,1.509,0.44
2020,11,16,12,13.4192772,3.148,0.135
2020,11,16,18,4.1383712,7.296,0.0216666666666667
2020,11,17,0,4.1383712,9.278,0.0266666666666667
2020,11,17,6,1.977898,8.546,0.03
2020,11,17,12,7.0595744,5.472,0.0383333333333333
2020,11,17,18,7.5616562,3.148,0.143333333333333
2020,11,18,0,6.4966342,1.769,0.385
2020,11,18,6,2.4951944,1.824,0.391666666666667
2020,11,18,12,4.9599596,1.537,0.408333333333333
2020,11,18,18,7.0595744,0.352,0.516666666666667
2020,11,19,0,6.998716,-0.352,0.62
2020,11,19,6,0.6237986,-1.176,0.761666666666667
2020,11,19,12,1.0802366,-0.167,0.636666666666667
2020,11,19,18,1.0041636,0.046,0.628333333333333
2020,11,20,0,1.2475972,0.648,0.506666666666667
2020,11,20,6,1.7344644,1.426,0.425
2020,11,20,12,1.6127476,2.139,0.351666666666667
2020,11,20,18,4.5187362,1.898,0.273333333333333
2020,11,21,0,4.260088,0.194,0.561666666666667
2020,11,21,6,0,-0.704,0.741666666666667
2020,11,21,12,0,2.722,0.411666666666667
2020,11,21,18,0,3.287,0.711666666666667
2020,11,22,0,0,3.954,0.573333333333333
2020,11,22,6,0.0152146,3.204,0.575
2020,11,22,12,0.8215884,2.13,0.411666666666667
2020,11,22,18,0.0912876,0.269,0.563333333333333
2020,11,23,0,0.1369314,-0.12,0.641666666666667
2020,11,23,6,0.3195066,-0.352,0.69
2020,11,23,12,0.4412234,-0.185,0.64
2020,11,23,18,0.0456438,-0.731,0.755
2020,11,24,0,0.4412234,0.75,0.545
2020,11,24,6,0.6542278,2.685,0.268333333333333
2020,11,24,12,9.6004126,2.454,0.26
2020,11,24,18,1.7801082,-1.481,0.8
2020,11,25,0,2.3126192,-1.287,0.786666666666667
2020,11,25,6,1.4758162,-1,0.743333333333333
2020,11,25,12,0.7303008,-0.278,0.663333333333333
2020,11,25,18,0.2586482,-1.213,0.756666666666666
2020,11,26,0,0.1825752,-0.759,0.75
2020,11,26,6,0,-0.444,0.703333333333333
2020,11,26,12,0.0608584,0.88,0.578333333333333
2020,11,26,18,0.2890774,1.065,0.455
2020,11,27,0,0.2890774,1.583,0.431666666666667
2020,11,27,6,0,2.296,0.33
2020,11,27,12,0,3.38,0.208333333333333
2020,11,27,18,2.4951944,3.074,0.256666666666667
2020,11,28,0,1.369314,0.676,0.486666666666667
2020,11,28,6,0,0.176,0.563333333333333
2020,11,28,12,0,0.769,0.538333333333333
2020,11,28,18,0,-0.62,0.82
2020,11,29,0,0,0.63,0.813333333333333
2020,11,29,6,0,2.63,0.538333333333333
2020,11,29,12,0,5.185,0.12
2020,11,29,18,0.6542278,4.454,0.168333333333333
2020,11,30,0,2.8755594,3.713,0.215
2020,11,30,6,9.3874082,1.213,0.418333333333333
2020,11,30,12,3.7580062,0.5,0.49
2020,11,30,18,0.1217168,-0.806,0.743333333333333
2020,12,1,0,0.1065022,-2.389,0.965
2020,12,1,6,0,-1.5,0.911666666666667
2020,12,1,12,0,2.185,0.423333333333333
2020,12,1,18,0,3.407,0.531666666666667
2020,12,2,0,0,6.269,0.08
2020,12,2,6,0,8.426,0.0283333333333333
2020,12,2,12,0,9.269,0.0316666666666667
2020,12,2,18,0,7.028,0.0866666666666667
2020,12,3,0,0,5.185,0.288333333333333
2020,12,3,6,0,4.75,0.373333333333333
2020,12,3,12,0,4.981,0.135
2020,12,3,18,0,3.741,0.178333333333333
2020,12,4,0,0,3.343,0.198333333333333
2020,12,4,6,0,3.778,0.226666666666667
2020,12,4,12,0,7.287,0.135
2020,12,4,18,0,7.25,0.451666666666667
2020,12,5,0,0,8.63,0.246666666666667
2020,12,5,6,0,8.296,0.123333333333333
2020,12,5,12,0,7.796,0.065
2020,12,5,18,0,5.185,0.18
2020,12,6,0,0,3.991,0.176666666666667
2020,12,6,6,0,3.296,0.131666666666667
2020,12,6,12,0,3.611,0.103333333333333
2020,12,6,18,0,3.056,0.171666666666667
2020,12,7,0,0,4.361,0.131666666666667
2020,12,7,6,0.4107942,4.963,0.0566666666666667
2020,12,7,12,0.4260088,6.269,0.035
2020,12,7,18,6.314059,6.704,0.0183333333333333
2020,12,8,0,5.6598312,6.407,0.0216666666666667
2020,12,8,6,10.726293,5.454,0.03
2020,12,8,12,4.260088,4.139,0.0483333333333333
2020,12,8,18,2.0083272,2.944,0.12
2020,12,9,0,1.7801082,2.37,0.201666666666667
2020,12,9,6,2.4039068,1.546,0.336666666666667
2020,12,9,12,2.2213316,1.194,0.421666666666667
2020,12,9,18,0,-0.194,0.64
2020,12,10,0,0,-1.046,0.896666666666667
2020,12,10,6,0,0.537,0.86
2020,12,10,12,0,1.722,0.665
2020,12,10,18,0.3347212,-0.315,0.758333333333333
2020,12,11,0,0.6542278,-1.259,0.821666666666667
2020,12,11,6,0.6542278,-1.509,0.831666666666667
2020,12,11,12,0.1825752,-1.046,0.74
2020,12,11,18,0,-2.796,0.96
2020,12,12,0,0,-3.546,1
2020,12,12,6,0,-2.861,1
2020,12,12,12,0,0.269,0.876666666666667
2020,12,12,18,0,-0.741,1
2020,12,13,0,0.304292,0.481,0.991666666666667
2020,12,13,6,2.0387564,0.648,0.6
2020,12,13,12,2.9516324,0.843,0.493333333333333
2020,12,13,18,1.1715242,0,0.61
2020,12,14,0,1.2780264,-0.028,0.606666666666667
2020,12,14,6,1.4758162,0.037,0.611666666666667
2020,12,14,12,0.7303008,0.019,0.606666666666667
2020,12,14,18,0.2890774,-1.046,0.806666666666667
2020,12,15,0,0.684657,-0.065,0.725
2020,12,15,6,4.3209464,0.63,0.558333333333333
2020,12,15,12,2.1909024,0.759,0.453333333333333
2020,12,15,18,2.2974046,0.796,0.448333333333333
2020,12,16,0,1.9474688,0.769,0.468333333333333
2020,12,16,6,0.4107942,1.38,0.47
2020,12,16,12,1.0193782,2.676,0.255
2020,12,16,18,5.2642516,2.278,0.273333333333333
2020,12,17,0,6.0401962,0.574,0.521666666666667
2020,12,17,6,2.3126192,0.167,0.596666666666667
2020,12,17,12,0.5477256,0.185,0.568333333333333
2020,12,17,18,0.456438,0.019,0.571666666666667
2020,12,18,0,0.4107942,0.278,0.571666666666667
2020,12,18,6,1.7648936,0.991,0.453333333333333
2020,12,18,12,0.8976614,1.852,0.37
2020,12,18,18,3.9253668,1.861,0.326666666666667
2020,12,19,0,3.7427916,0.62,0.48
2020,12,19,6,0,0.287,0.593333333333333
2020,12,19,12,2.7994864,1.25,0.45
2020,12,19,18,3.955796,2.917,0.161666666666667
2020,12,20,0,3.7580062,3.491,0.0883333333333333
2020,12,20,6,0.7150862,1.574,0.363333333333333
2020,12,20,12,0.4868672,1.481,0.368333333333333
2020,12,20,18,0.0912876,-0.38,0.681666666666667
2020,12,21,0,0.5933694,-0.657,0.803333333333333
2020,12,21,6,5.4620414,1.306,0.326666666666667
2020,12,21,12,9.5395542,1.194,0.385
2020,12,21,18,4.944745,-3.009,0.976666666666667
2020,12,22,0,4.4274486,-3.935,0.99
2020,12,22,6,0,-4.491,0.988333333333333
2020,12,22,12,0,-2.407,0.915
2020,12,22,18,0,-5.5,1
2020,12,23,0,0,-5.546,1
2020,12,23,6,0,-2.769,1
2020,12,23,12,0,1.769,0.995
2020,12,23,18,0,2.222,1
2020,12,24,0,0,3.435,0.996666666666667
2020,12,24,6,0,3.231,0.89
2020,12,24,12,0,3.769,0.631666666666667
2020,12,24,18,0,2.843,0.916666666666667
2020,12,25,0,0,4.148,0.68
2020,12,25,6,2.0996148,3.093,0.216666666666667
2020,12,25,12,0.2130044,3.343,0.231666666666667
2020,12,25,18,3.2407098,1.213,0.488333333333333
2020,12,26,0,2.9059886,1.194,0.456666666666667
2020,12,26,6,2.3886922,0.806,0.481666666666667
2020,12,26,12,3.195066,0.213,0.548333333333333
2020,12,26,18,0.2586482,-0.944,0.765
2020,12,27,0,0.5629402,0.222,0.63
2020,12,27,6,2.0083272,0.537,0.585
2020,12,27,12,0.1217168,1.611,0.411666666666667
2020,12,27,18,0,1.037,0.575
2020,12,28,0,0,0.056,0.831666666666667
2020,12,28,6,0,-0.333,0.871666666666667
2020,12,28,12,0,0.843,0.556666666666667
2020,12,28,18,0,-1.287,0.923333333333333
2020,12,29,0,0,-1.944,1
2020,12,29,6,0,-1.444,0.983333333333333
2020,12,29,12,0.0608584,-0.028,0.81
2020,12,29,18,3.2102806,-0.093,0.743333333333333
2020,12,30,0,3.4537142,0.806,0.528333333333333
2020,12,30,6,3.3776412,0.944,0.53
2020,12,30,12,2.2365462,1.407,0.455
2020,12,30,18,3.6971478,1.269,0.436666666666667
2020,12,31,0,4.0470836,1.157,0.415
2020,12,31,6,1.8105374,1.185,0.386666666666667
2020,12,31,12,1.3236702,1.731,0.336666666666667
2020,12,31,18,1.445387,1.352,0.393333333333333
2021,1,1,0,1.1106658,2.315,0.276666666666667
2021,1,1,6,1.2628118,3.87,0.0816666666666667
2021,1,1,12,2.3734776,4.694,0.0516666666666667
2021,1,1,18,7.5920854,2.417,0.213333333333333
2021,1,2,0,7.4247248,1.972,0.275
2021,1,2,6,3.5906456,2.028,0.323333333333333
2021,1,2,12,5.9184794,2.139,0.321666666666667
2021,1,2,18,9.1896184,0.343,0.52
2021,1,3,0,8.444103,-1.398,0.783333333333333
2021,1,3,6,2.9820616,-0.954,0.785
2021,1,3,12,2.814701,0.13,0.615
2021,1,3,18,0.1977898,0.426,0.65
2021,1,4,0,1.217168,2.065,0.348333333333333
2021,1,4,6,6.2075568,2.75,0.216666666666667
2021,1,4,12,5.5076852,0.741,0.495
2021,1,4,18,1.369314,-0.065,0.586666666666667
2021,1,5,0,1.2780264,-1.296,0.803333333333333
2021,1,5,6,0.2130044,-0.593,0.793333333333333
2021,1,5,12,9.356979,0.926,0.593333333333333
2021,1,5,18,4.0014398,2.065,0.35
2021,1,6,0,4.8838866,1.194,0.421666666666667
2021,1,6,6,1.6127476,0.731,0.525
2021,1,6,12,0.152146,1.454,0.45
2021,1,6,18,0,-0.38,0.735
2021,1,7,0,0,-0.759,0.87
2021,1,7,6,0,-0.13,0.733333333333333
2021,1,7,12,0,2.5,0.426666666666667
2021,1,7,18,0,2.333,0.741666666666667
2021,1,8,0,0,2.481,0.613333333333333
2021,1,8,6,1.141095,1.25,0.423333333333333
2021,1,8,12,1.7040352,0.361,0.551666666666667
2021,1,8,18,0,-1.991,0.866666666666667
2021,1,9,0,0,-2.926,0.991666666666667
2021,1,9,6,0,-1.407,0.998333333333333
2021,1,9,12,0,2.148,0.768333333333333
2021,1,9,18,0.3955796,2.361,0.536666666666667
2021,1,10,0,0.7911592,2.407,0.378333333333333
2021,1,10,6,1.8713958,1.796,0.355
2021,1,10,12,0.1065022,2.713,0.238333333333333
2021,1,10,18,0.8520176,2.102,0.33
2021,1,11,0,0.4868672,2.704,0.253333333333333
2021,1,11,6,9.1591892,2.315,0.278333333333333
2021,1,11,12,0.2434336,3.148,0.178333333333333
2021,1,11,18,6.237986,2.593,0.225
2021,1,12,0,7.8659482,4.009,0.0833333333333333
2021,1,12,6,12.5672596,4.907,0.0366666666666667
2021,1,12,12,8.1550256,4.704,0.035
2021,1,12,18,7.835519,6.148,0.0283333333333333
2021,1,13,0,6.618351,2.528,0.335
2021,1,13,6,0,-1.676,0.801666666666667
2021,1,13,12,0,-0.611,0.718333333333333
2021,1,13,18,0,-1.694,0.875
2021,1,14,0,0,-1.426,0.985
2021,1,14,6,0,2.019,0.813333333333333
2021,1,14,12,0,5.917,0.0933333333333333
2021,1,14,18,3.2254952,5.139,0.183333333333333
2021,1,15,0,0.304292,3.731,0.07
2021,1,15,6,0.1065022,2.093,0.256666666666667
2021,1,15,12,0,2.333,0.288333333333333
2021,1,15,18,0,-0.259,0.676666666666667
2021,1,16,0,0,-0.75,0.828333333333333
2021,1,16,6,0,0.639,0.828333333333333
2021,1,16,12,0.1825752,1.954,0.55
2021,1,16,18,3.1494222,1.25,0.508333333333333
2021,1,17,0,2.130044,1.306,0.386666666666667
2021,1,17,6,0.9585198,1.102,0.381666666666667
2021,1,17,12,0.304292,1.583,0.368333333333333
2021,1,17,18,0.2434336,0.315,0.503333333333333
2021,1,18,0,0.1825752,-0.454,0.665
2021,1,18,6,0,-0.046,0.741666666666667
2021,1,18,12,0,1.944,0.375
2021,1,18,18,0,0.194,0.925
2021,1,19,0,0,0.852,1
2021,1,19,6,0,1.037,0.92
2021,1,19,12,0,1.852,0.645
2021,1,19,18,0,0.12,0.791666666666667
2021,1,20,0,0,-0.62,0.768333333333333
2021,1,20,6,0,-0.444,0.755
2021,1,20,12,0,0.556,0.575
2021,1,20,18,0,-0.815,0.825
2021,1,21,0,0,-0.944,0.825
2021,1,21,6,0,-0.194,0.738333333333333
2021,1,21,12,0,1.324,0.575
2021,1,21,18,0,-1.315,0.968333333333333
2021,1,22,0,0,-2.12,1
2021,1,22,6,0,-2.093,0.991666666666667
2021,1,22,12,0,0.343,0.883333333333333
2021,1,22,18,0,-2.157,1
2021,1,23,0,0,-3.472,1
2021,1,23,6,0,-3.722,1
2021,1,23,12,0.0456438,-1.87,0.978333333333333
2021,1,23,18,0,-4.704,1
2021,1,24,0,0,-4,1
2021,1,24,6,0.0608584,-2.778,0.963333333333333
2021,1,24,12,0.3651504,-1.167,0.808333333333333
2021,1,24,18,0.4716526,-2.815,0.97
2021,1,25,0,0.3347212,-3.157,0.993333333333333
2021,1,25,6,0.076073,-3.306,0.966666666666667
2021,1,25,12,0.0304292,-2.352,0.848333333333333
2021,1,25,18,0,-5.185,1
2021,1,26,0,0,-5.759,1
2021,1,26,6,0,-4.565,0.993333333333333
2021,1,26,12,0,-2.62,0.97
2021,1,26,18,0.1217168,-4.12,1
2021,1,27,0,0.1673606,-3.157,1
2021,1,27,6,0.6542278,-2.907,0.965
2021,1,27,12,0.4716526,-1.38,0.818333333333333
2021,1,27,18,0,-2.657,1
2021,1,28,0,0,-1.889,0.995
2021,1,28,6,0.152146,-1.148,0.903333333333333
2021,1,28,12,1.217168,-0.093,0.67
2021,1,28,18,0.076073,-2.565,0.951666666666667
2021,1,29,0,0.076073,-3.102,0.983333333333333
2021,1,29,6,0.0152146,-2.889,0.953333333333333
2021,1,29,12,0.152146,-0.88,0.748333333333333
2021,1,29,18,0.0152146,-2.685,0.99
2021,1,30,0,0.152146,-1.815,0.971666666666667
2021,1,30,6,1.0498074,0,0.708333333333333
2021,1,30,12,3.3015682,1.139,0.466666666666667
2021,1,30,18,1.7192498,0.935,0.485
2021,1,31,0,1.7344644,1.778,0.366666666666667
2021,1,31,6,1.9322542,2.278,0.278333333333333
2021,1,31,12,6.5574926,2.241,0.276666666666667
2021,1,31,18,6.7552824,1.028,0.395
2021,2,1,0,6.3749174,1.704,0.305
2021,2,1,6,5.477256,2.444,0.196666666666667
2021,2,1,12,4.7773844,2.759,0.163333333333333
2021,2,1,18,6.4357758,1.509,0.36
2021,2,2,0,5.3403246,-0.519,0.661666666666667
2021,2,2,6,1.1563096,-1.546,0.848333333333333
2021,2,2,12,4.6708822,-1.333,0.765
2021,2,2,18,1.7648936,-2.741,0.983333333333333
2021,2,3,0,1.7344644,-3.398,0.995
2021,2,3,6,0,-2.722,0.958333333333333
2021,2,3,12,0,-0.241,0.751666666666667
2021,2,3,18,0.0304292,-2.426,0.953333333333333
2021,2,4,0,0.456438,-1.63,0.846666666666667
2021,2,4,6,3.271139,-1.093,0.753333333333333
2021,2,4,12,3.347212,-0.37,0.7
2021,2,4,18,5.172964,0.611,0.471666666666667
2021,2,5,0,4.184015,0.861,0.421666666666667
2021,2,5,6,0.4107942,0.5,0.535
2021,2,5,12,0.152146,0.852,0.481666666666667
2021,2,5,18,0.4260088,0.213,0.523333333333333
2021,2,6,0,1.0193782,-0.602,0.688333333333333
2021,2,6,6,5.4924706,-0.519,0.701666666666667
2021,2,6,12,1.6279622,0.278,0.521666666666667
2021,2,6,18,1.2019534,-2.037,0.856666666666667
2021,2,7,0,1.0193782,-3.417,0.968333333333333
2021,2,7,6,0.3499358,-3.852,0.975
2021,2,7,12,0.2130044,-2.917,0.93
2021,2,7,18,0,-4.463,0.996666666666667
2021,2,8,0,0.0152146,-5.398,1
2021,2,8,6,0.152146,-6.028,0.998333333333333
2021,2,8,12,0.7150862,-4.741,0.995
2021,2,8,18,0,-8.63,1
2021,2,9,0,0,-9.796,1
2021,2,9,6,0,-8.417,1
2021,2,9,12,0.5933694,-5.611,1
2021,2,9,18,0,-9.194,1
2021,2,10,0,0,-9.074,1
2021,2,10,6,0,-9.019,1
2021,2,10,12,0,-6.981,1
2021,2,10,18,0,-9.722,1
2021,2,11,0,0,-10.296,1
2021,2,11,6,0,-10.204,1
2021,2,11,12,0,-7.324,1
2021,2,11,18,0,-10.648,1
2021,2,12,0,0,-10.63,1
2021,2,12,6,0,-9.481,1
2021,2,12,12,0,-6.009,1
2021,2,12,18,0.8672322,-7.463,1
2021,2,13,0,0.4716526,-6.648,1
2021,2,13,6,2.5408382,-5.722,1
2021,2,13,12,1.3540994,-4.778,1
2021,2,13,18,0.2434336,-7.815,1
2021,2,14,0,0.2586482,-7.278,1
2021,2,14,6,0.4260088,-3.991,0.98
2021,2,14,12,1.52146,-0.972,0.85
2021,2,14,18,1.3540994,-1.722,0.986666666666667
2021,2,15,0,1.52146,-1.361,0.946666666666667
2021,2,15,6,1.6127476,-0.694,0.818333333333333
2021,2,15,12,2.053971,-0.463,0.705
2021,2,15,18,0.3955796,-2.472,0.945
2021,2,16,0,0.3651504,-2.472,0.931666666666667
2021,2,16,6,0.8520176,-2.241,0.878333333333333
2021,2,16,12,1.2628118,-1.759,0.786666666666667
2021,2,16,18,1.0041636,-1.833,0.818333333333333
2021,2,17,0,0.8063738,-3.417,0.97
2021,2,17,6,0,-3.954,0.965
2021,2,17,12,0,-0.833,0.745
2021,2,17,18,0,-4.083,0.99
2021,2,18,0,0,-3.759,1
2021,2,18,6,0.1065022,-0.769,0.915
2021,2,18,12,0.9433052,-0.046,0.746666666666667
2021,2,18,18,3.1342076,-0.611,0.776666666666667
2021,2,19,0,3.0885638,-1.12,0.77
2021,2,19,6,1.5518892,-1.843,0.835
2021,2,19,12,0.5781548,-0.815,0.75
2021,2,19,18,1.9322542,-1.907,0.856666666666667
2021,2,20,0,1.977898,-2.38,0.926666666666667
2021,2,20,6,1.825752,-2.194,0.86
2021,2,20,12,2.3734776,-1.324,0.761666666666667
2021,2,20,18,2.358263,-1.648,0.821666666666667
2021,2,21,0,2.510409,-0.241,0.673333333333333
2021,2,21,6,3.0581346,0.954,0.415
2021,2,21,12,3.3319974,1.88,0.276666666666667
2021,2,21,18,7.0139306,2.5,0.191666666666667
2021,2,22,0,5.5228998,2.583,0.16
2021,2,22,6,0.6542278,2.102,0.26
2021,2,22,12,2.0691856,1.352,0.378333333333333
2021,2,22,18,0.988949,-1.5,0.761666666666667
2021,2,23,0,0.8520176,-2.806,0.928333333333333
2021,2,23,6,0.4868672,-2.574,0.885
2021,2,23,12,0.4868672,-2.111,0.831666666666667
2021,2,23,18,0,-4.537,0.986666666666667
2021,2,24,0,0,-5.694,1
2021,2,24,6,0,-4.093,0.983333333333333
2021,2,24,12,1.9170396,-1,0.826666666666667
2021,2,24,18,0.0456438,-2.694,0.991666666666667
2021,2,25,0,0.6237986,-1.843,0.905
2021,2,25,6,3.1494222,-2.185,0.855
2021,2,25,12,2.814701,-1.537,0.766666666666667
2021,2,25,18,2.1452586,-2.037,0.84
2021,2,26,0,1.9322542,-2.528,0.908333333333333
2021,2,26,6,0.1977898,-3.037,0.92
2021,2,26,12,0.456438,-2.13,0.831666666666667
2021,2,26,18,0.2586482,-3.213,0.941666666666667
2021,2,27,0,0.2586482,-5.241,1
2021,2,27,6,0,-4.046,0.978333333333333
2021,2,27,12,0.0608584,-1.389,0.836666666666667
2021,2,27,18,0.836803,-2.509,0.92
2021,2,28,0,1.5823184,-1.37,0.811666666666667
2021,2,28,6,2.3430484,-0.009,0.638333333333333
2021,2,28,12,0.1977898,1.833,0.373333333333333
2021,2,28,18,0,1.231,0.47
2021,3,1,0,0,1.398,0.461666666666667
2021,3,1,6,0.0456438,2.704,0.396666666666667
2021,3,1,12,0.6390132,4.315,0.151666666666667
2021,3,1,18,0.9433052,1.176,0.436666666666667
2021,3,2,0,0.532511,-0.306,0.66
2021,3,2,6,0,-1.787,0.845
2021,3,2,12,0,-0.306,0.736666666666667
2021,3,2,18,0,-2.259,0.958333333333333
2021,3,3,0,0,-1.657,0.988333333333333
2021,3,3,6,0,1,0.776666666666667
2021,3,3,12,0,4.88,0.188333333333333
2021,3,3,18,0,2.685,0.446666666666667
2021,3,4,0,0,2.787,0.525
2021,3,4,6,0,4.028,0.356666666666667
2021,3,4,12,0.6542278,4.972,0.163333333333333
2021,3,4,18,4.3665902,2.398,0.273333333333333
2021,3,5,0,3.5145726,3.815,0.161666666666667
2021,3,5,6,1.6583914,3.944,0.231666666666667
2021,3,5,12,2.5256236,2.722,0.3
2021,3,5,18,0.5172964,0.269,0.621666666666667
2021,3,6,0,0.5172964,-0.602,0.738333333333333
2021,3,6,6,1.6279622,-0.343,0.725
2021,3,6,12,1.3236702,1.019,0.501666666666667
2021,3,6,18,0.456438,-0.648,0.781666666666667
2021,3,7,0,0.5020818,-0.926,0.878333333333333
2021,3,7,6,0.7455154,-1.056,0.775
2021,3,7,12,0.8976614,-0.75,0.751666666666667
2021,3,7,18,0.0912876,-2.778,0.953333333333333
2021,3,8,0,0.0912876,-3.231,1
2021,3,8,6,0,-0.315,0.891666666666667
2021,3,8,12,0,3.981,0.488333333333333
2021,3,8,18,0,-0.176,0.93
2021,3,9,0,0,-1.287,0.981666666666667
2021,3,9,6,0,0.398,0.816666666666667
2021,3,9,12,0,2.472,0.493333333333333
2021,3,9,18,0,-1.287,0.843333333333333
2021,3,10,0,0,-3.028,0.996666666666667
2021,3,10,6,0,-1.991,0.866666666666667
2021,3,10,12,0.0608584,0.167,0.64
2021,3,10,18,0,-1.917,0.93
2021,3,11,0,0,-2.639,1
2021,3,11,6,0,-0.556,0.885
2021,3,11,12,0,2.565,0.566666666666667
2021,3,11,18,0,-0.759,0.943333333333333
2021,3,12,0,0,-1.62,0.995
2021,3,12,6,0,0.796,0.801666666666667
2021,3,12,12,0,4.593,0.285
2021,3,12,18,0,2.278,0.638333333333333
2021,3,13,0,0,2.407,0.713333333333333
2021,3,13,6,0,4.611,0.42
2021,3,13,12,0,7.991,0.108333333333333
2021,3,13,18,0,4.352,0.356666666666667
2021,3,14,0,0,3.528,0.426666666666667
2021,3,14,6,0.1065022,3.667,0.316666666666667
2021,3,14,12,2.2213316,2.074,0.41
2021,3,14,18,0.4868672,-2.454,0.868333333333334
2021,3,15,0,0.4868672,-4.917,0.98
2021,3,15,6,0,-3.704,0.926666666666667
2021,3,15,12,0,-0.731,0.746666666666667
2021,3,15,18,0,-2.62,0.915
2021,3,16,0,0,-3.981,0.998333333333333
2021,3,16,6,0,-1.824,0.895
2021,3,16,12,0,2.407,0.451666666666667
2021,3,16,18,0,0.204,0.856666666666667
2021,3,17,0,0,0.352,0.986666666666667
2021,3,17,6,0,3.343,0.525
2021,3,17,12,0,7.111,0.0516666666666667
2021,3,17,18,0,4.269,0.248333333333333
2021,3,18,0,0,3.954,0.335
2021,3,18,6,0.0912876,5.657,0.136666666666667
2021,3,18,12,1.141095,5.694,0.0883333333333333
2021,3,18,18,1.2628118,0.843,0.538333333333333
2021,3,19,0,1.6583914,0.148,0.676666666666667
2021,3,19,6,1.3997432,1.519,0.511666666666667
2021,3,19,12,1.0193782,3.306,0.36
2021,3,19,18,1.7040352,0.935,0.536666666666667
2021,3,20,0,2.358263,-0.093,0.648333333333333
2021,3,20,6,2.9972762,0.037,0.653333333333333
2021,3,20,12,1.4301724,0.657,0.488333333333333
2021,3,20,18,0.1977898,-0.917,0.718333333333333
2021,3,21,0,0.2738628,-2.139,0.863333333333333
2021,3,21,6,1.0041636,-1.713,0.811666666666667
2021,3,21,12,1.8105374,-0.306,0.71
2021,3,21,18,4.6708822,-0.694,0.743333333333333
2021,3,22,0,3.727577,-1.278,0.77
2021,3,22,6,0.684657,-1.713,0.801666666666667
2021,3,22,12,1.0041636,-0.13,0.66
2021,3,22,18,0.0304292,-1.722,0.84
2021,3,23,0,0.0304292,-2.824,0.975
2021,3,23,6,0.0304292,-1.343,0.775
2021,3,23,12,3.1037784,1.056,0.518333333333333
2021,3,23,18,1.5671038,-0.222,0.688333333333333
2021,3,24,0,1.8409666,0.278,0.601666666666667
2021,3,24,6,6.5270634,0.287,0.62
2021,3,24,12,2.358263,0.787,0.488333333333333
2021,3,24,18,0.2586482,-0.306,0.61
2021,3,25,0,0.152146,-0.944,0.733333333333333
2021,3,25,6,0,0.352,0.568333333333333
2021,3,25,12,0,2.75,0.251666666666667
2021,3,25,18,0,0.296,0.568333333333333
2021,3,26,0,0,-0.509,0.733333333333333
2021,3,26,6,0.0608584,0.556,0.553333333333333
2021,3,26,12,0.152146,2.074,0.38
2021,3,26,18,0.0456438,1.157,0.461666666666667
2021,3,27,0,0.0304292,0.676,0.483333333333333
2021,3,27,6,0.0608584,1.981,0.335
2021,3,27,12,0.2738628,4.019,0.105
2021,3,27,18,1.3997432,2.389,0.278333333333333
2021,3,28,0,1.7953228,2.213,0.26
2021,3,28,6,5.1425348,1.065,0.478333333333333
2021,3,28,12,5.6141874,-1.25,0.74
2021,3,28,18,1.2323826,-3.519,0.95
2021,3,29,0,1.0345928,-4.62,0.99
2021,3,29,6,0.0152146,-2.87,0.885
2021,3,29,12,0,-0.407,0.751666666666667
2021,3,29,18,0,-2.806,0.976666666666667
2021,3,30,0,0,-3.944,0.998333333333333
2021,3,30,6,0,-1.917,0.836666666666667
2021,3,30,12,0,0.852,0.566666666666667
2021,3,30,18,0,-0.639,0.82
2021,3,31,0,0,-1.685,0.998333333333333
2021,3,31,6,0,2.778,0.5
2021,3,31,12,0,8.37,0.0433333333333333
2021,3,31,18,0,6.176,0.136666666666667
2021,4,1,0,0,4.519,0.251666666666667
2021,4,1,6,0,4.185,0.233333333333333
2021,4,1,12,0,4.741,0.18
2021,4,1,18,0,1.611,0.505
2021,4,2,0,0,0.833,0.461666666666667
2021,4,2,6,0,1.352,0.473333333333333
2021,4,2,12,0,2.88,0.321666666666667
2021,4,2,18,0,0.991,0.591666666666667
2021,4,3,0,0,1.546,0.53
2021,4,3,6,0,4.556,0.151666666666667
2021,4,3,12,0.5933694,5.435,0.0566666666666667
2021,4,3,18,2.7842718,2.62,0.246666666666667
2021,4,4,0,2.5256236,0.204,0.583333333333333
2021,4,4,6,0,-0.694,0.718333333333333
2021,4,4,12,0,0.546,0.663333333333333
2021,4,4,18,0,-1.611,0.885
2021,4,5,0,0,-2.833,0.998333333333333
2021,4,5,6,0,0.685,0.691666666666667
2021,4,5,12,0,3.713,0.26
2021,4,5,18,0,0.741,0.746666666666667
2021,4,6,0,0,-0.963,0.918333333333333
2021,4,6,6,0,2.009,0.53
2021,4,6,12,0,5.815,0.105
2021,4,6,18,0,2.685,0.341666666666667
2021,4,7,0,0,1.296,0.483333333333333
2021,4,7,6,2.0235418,-0.046,0.653333333333333
2021,4,7,12,2.7994864,0.259,0.603333333333333
2021,4,7,18,3.5906456,-1.315,0.766666666666667
2021,4,8,0,3.8949376,-2.685,0.913333333333333
2021,4,8,6,1.0498074,-2.398,0.858333333333333
2021,4,8,12,0.1673606,0.009,0.716666666666667
2021,4,8,18,0,-2.028,0.915
2021,4,9,0,0,-2.352,0.97
2021,4,9,6,0.152146,-0.88,0.785
2021,4,9,12,0.3651504,-0.056,0.676666666666667
2021,4,9,18,3.9710106,-0.713,0.73
2021,4,10,0,2.9516324,-3.537,0.94
2021,4,10,6,0.9737344,-4.176,0.956666666666667
2021,4,10,12,0.304292,-1.231,0.815
2021,4,10,18,0,-3.389,0.988333333333333
2021,4,11,0,0,-4.833,1
2021,4,11,6,0,-2.222,0.886666666666667
2021,4,11,12,0,1.75,0.603333333333333
2021,4,11,18,0,-0.741,0.836666666666667
2021,4,12,0,0,-1.204,1
2021,4,12,6,0,2.611,0.686666666666667
2021,4,12,12,0,6.148,0.325
2021,4,12,18,0,2.204,0.786666666666667
2021,4,13,0,0,0.981,0.991666666666667
2021,4,13,6,0,4.333,0.611666666666667
2021,4,13,12,0,8.898,0.118333333333333
2021,4,13,18,0,5.657,0.431666666666667
2021,4,14,0,0,4.593,0.84
2021,4,14,6,0,7.981,0.296666666666667
2021,4,14,12,0,12.722,0.03
2021,4,14,18,0,9.231,0.05
2021,4,15,0,0,8.185,0.126666666666667
2021,4,15,6,0,10.593,0.0666666666666667
2021,4,15,12,0,14.065,0.0266666666666667
2021,4,15,18,0,10.519,0.035
2021,4,16,0,0,9.287,0.075
2021,4,16,6,0,12.111,0.04
2021,4,16,12,0,15.204,0.00333333333333333
2021,4,16,18,0,11.731,0.03
2021,4,17,0,0,10.083,0.0516666666666667
2021,4,17,6,0,12.889,0.0283333333333333
2021,4,17,12,0,16.037,0.0166666666666667
2021,4,17,18,0,12.037,0.0316666666666667
2021,4,18,0,0,9.556,0.103333333333333
2021,4,18,6,0,11.796,0.0333333333333333
2021,4,18,12,0,14.546,0.0216666666666667
2021,4,18,18,0,9.787,0.0333333333333333
2021,4,19,0,0,6.657,0.293333333333333
2021,4,19,6,0,9.324,0.191666666666667
2021,4,19,12,0,12.454,0.03
2021,4,19,18,0,8.074,0.0916666666666667
2021,4,20,0,0,5.759,0.243333333333333
2021,4,20,6,0,8.333,0.103333333333333
2021,4,20,12,0,11.843,0.03
2021,4,20,18,0,7.972,0.0683333333333333
2021,4,21,0,0,5.815,0.228333333333333
2021,4,21,6,0,8.926,0.0566666666666667
2021,4,21,12,0,11.306,0.03
2021,4,21,18,0,6.796,0.1
2021,4,22,0,0,4.065,0.225
2021,4,22,6,0,6.843,0.118333333333333
2021,4,22,12,0,8.963,0.03
2021,4,22,18,0,5.352,0.118333333333333
2021,4,23,0,0,3.12,0.251666666666667
2021,4,23,6,0.0304292,4.954,0.111666666666667
2021,4,23,12,0.2130044,7.074,0.03
2021,4,23,18,0.5172964,4.907,0.0983333333333333
2021,4,24,0,0.4868672,3.176,0.161666666666667
2021,4,24,6,1.1715242,3.194,0.141666666666667
2021,4,24,12,2.4191214,3.63,0.131666666666667
2021,4,24,18,1.4758162,2.148,0.261666666666667
2021,4,25,0,1.5823184,1.583,0.331666666666667
2021,4,25,6,1.4149578,2.685,0.281666666666667
2021,4,25,12,0.7455154,4.083,0.138333333333333
2021,4,25,18,0.0608584,2.463,0.231666666666667
2021,4,26,0,0.5933694,1.611,0.333333333333333
2021,4,26,6,0.836803,2.972,0.213333333333333
2021,4,26,12,0.8824468,4.935,0.103333333333333
2021,4,26,18,0.1065022,2.806,0.263333333333333
2021,4,27,0,0.1065022,1.833,0.368333333333333
2021,4,27,6,0,3.972,0.155
2021,4,27,12,0,5.935,0.0766666666666667
2021,4,27,18,0,4.176,0.141666666666667
2021,4,28,0,0,3.519,0.148333333333333
2021,4,28,6,0,6.046,0.0383333333333333
2021,4,28,12,0,8.287,0
2021,4,28,18,0.0304292,7.259,0.02
2021,4,29,0,0.0304292,7.009,0.0233333333333333
2021,4,29,6,0,10.12,0.00333333333333333
2021,4,29,12,0.228219,12.935,0.025
2021,4,29,18,0,8.852,0.0683333333333333
2021,4,30,0,0.912876,6.176,0.035
2021,4,30,6,2.0996148,6.824,0.025
2021,4,30,12,0.5933694,7.889,0.03
2021,4,30,18,0.2130044,5.611,0.0583333333333333
2021,5,1,0,0.1673606,3.491,0.156666666666667
2021,5,1,6,0,4.343,0.15
2021,5,1,12,0,5.463,0.126666666666667
2021,5,1,18,0,3.056,0.288333333333333
2021,5,2,0,0,1.463,0.47
2021,5,2,6,0,3.954,0.18
2021,5,2,12,0,6.204,0.0466666666666667
2021,5,2,18,0,4.074,0.16
2021,5,3,0,0,2.241,0.376666666666667
2021,5,3,6,0.1673606,4.593,0.161666666666667
2021,5,3,12,1.445387,5.926,0.0416666666666667
2021,5,3,18,0.8215884,4.639,0.0533333333333333
2021,5,4,0,0.6237986,3.963,0.0733333333333333
2021,5,4,6,0.7303008,4.574,0.0883333333333333
2021,5,4,12,0.2890774,7.102,0.03
2021,5,4,18,0,4.722,0.145
2021,5,5,0,0,3.991,0.273333333333333
2021,5,5,6,0,10.269,0.0733333333333333
2021,5,5,12,0,14.324,0.025
2021,5,5,18,0,12.231,0.0283333333333333
2021,5,6,0,0,12.139,0.0283333333333333
2021,5,6,6,0.0608584,12.231,0.025
2021,5,6,12,0.6542278,10.194,0.0283333333333333
2021,5,6,18,4.0927274,3.63,0.206666666666667
2021,5,7,0,3.8949376,0.009,0.631666666666667
2021,5,7,6,0.8063738,1.361,0.45
2021,5,7,12,1.0954512,2.88,0.313333333333333
2021,5,7,18,0.2890774,1.472,0.44
2021,5,8,0,0.2738628,0.296,0.596666666666667
2021,5,8,6,0.0912876,1.602,0.438333333333333
2021,5,8,12,0,3.972,0.22
2021,5,8,18,0,2.167,0.38
2021,5,9,0,0,0.991,0.5
2021,5,9,6,0,4.213,0.186666666666667
2021,5,9,12,0,6.435,0.0583333333333333
2021,5,9,18,0,4.176,0.161666666666667
2021,5,10,0,0,1.963,0.36
2021,5,10,6,0,5.407,0.113333333333333
2021,5,10,12,0,7.565,0.03
2021,5,10,18,0,5.028,0.14
2021,5,11,0,0,2.954,0.278333333333333
2021,5,11,6,0,7.75,0.0583333333333333
2021,5,11,12,0,11.315,0.0283333333333333
2021,5,11,18,0,8.278,0.0316666666666667
2021,5,12,0,0,6.759,0.0416666666666667
2021,5,12,6,0.304292,7.528,0.03
2021,5,12,12,0.2434336,9.491,0.03
2021,5,12,18,0,7.306,0.035
2021,5,13,0,0,5.389,0.04
2021,5,13,6,0,9.019,0.0266666666666667
2021,5,13,12,0,11.87,0
2021,5,13,18,0,9.25,0.0233333333333333
2021,5,14,0,0,6.981,0.055
2021,5,14,6,0,10.472,0.0233333333333333
2021,5,14,12,0,13.269,0
2021,5,14,18,0,9.778,0.0366666666666667
2021,5,15,0,0,7.694,0.0383333333333333
2021,5,15,6,0,11.731,0.015
2021,5,15,12,0,14.852,0
2021,5,15,18,0,11.269,0.015
2021,5,16,0,0,8.685,0.03
2021,5,16,6,0,12.398,0.00166666666666667
2021,5,16,12,0,15.102,0
2021,5,16,18,0,11.593,0.00166666666666667
2021,5,17,0,0.0152146,8.796,0.005
2021,5,17,6,0.7150862,7.093,0.0266666666666667
2021,5,17,12,0.6237986,8.389,0.0283333333333333
2021,5,17,18,2.2213316,5.278,0.0616666666666667
2021,5,18,0,1.8409666,1.176,0.433333333333333
2021,5,18,6,0.456438,0.991,0.525
2021,5,18,12,0.3499358,3.556,0.323333333333333
2021,5,18,18,0.0152146,1.269,0.598333333333333
2021,5,19,0,0.076073,-0.324,0.708333333333333
2021,5,19,6,0.304292,2.046,0.378333333333333
2021,5,19,12,0.5172964,4.019,0.173333333333333
2021,5,19,18,0.0456438,1.917,0.336666666666667
2021,5,20,0,0.0304292,1.009,0.476666666666667
2021,5,20,6,0.0912876,4.917,0.126666666666667
2021,5,20,12,0.6390132,7.417,0.04
2021,5,20,18,0.304292,5.157,0.108333333333333
2021,5,21,0,0.304292,3.519,0.158333333333333
2021,5,21,6,0,7.111,0.045
2021,5,21,12,0,10.222,0.03
2021,5,21,18,0,8.148,0.0316666666666667
2021,5,22,0,0,6.333,0.0516666666666667
2021,5,22,6,0,9.861,0.03
2021,5,22,12,0,12.491,0.0133333333333333
2021,5,22,18,0,8.981,0.0233333333333333
2021,5,23,0,0,6.722,0.0333333333333333
2021,5,23,6,0,7.62,0.0216666666666667
2021,5,23,12,0.2738628,8.13,0.0216666666666667
2021,5,23,18,1.6127476,6.806,0.0283333333333333
2021,5,24,0,1.9322542,5.259,0.0316666666666667
2021,5,24,6,1.597533,5.5,0.03
2021,5,24,12,0.4716526,7.213,0.0283333333333333
2021,5,24,18,0.1065022,6.593,0.03
2021,5,25,0,0.0912876,5.259,0.0616666666666667
2021,5,25,6,0.4107942,7.667,0.0283333333333333
2021,5,25,12,0.6998716,8.815,0.0216666666666667
2021,5,25,18,0.1369314,6.806,0.0333333333333333
2021,5,26,0,0.1825752,5.213,0.04
2021,5,26,6,0.6694424,6.102,0.03
2021,5,26,12,0.076073,8.685,0.03
2021,5,26,18,0,8.074,0.03
2021,5,27,0,0.8063738,7.491,0.0333333333333333
2021,5,27,6,3.2254952,6.444,0.035
2021,5,27,12,2.1452586,6.5,0.0383333333333333
2021,5,27,18,3.195066,3.833,0.12
2021,5,28,0,2.966847,3.102,0.146666666666667
2021,5,28,6,1.6431768,4.009,0.126666666666667
2021,5,28,12,0.684657,6.546,0.045
2021,5,28,18,0.0304292,4.917,0.11
2021,5,29,0,0.0152146,3.287,0.211666666666667
2021,5,29,6,0,9.241,0.0416666666666667
2021,5,29,12,0,13.741,0.0166666666666667
2021,5,29,18,0,11.278,0.025
2021,5,30,0,0,9.833,0.03
2021,5,30,6,0,12.759,0.00833333333333333
2021,5,30,12,0,13.5,0
2021,5,30,18,0,11.75,0
2021,5,31,0,0,10.102,0
2021,5,31,6,0,13.75,0
2021,5,31,12,0,16.694,0
2021,5,31,18,0,13.972,0
2021,6,1,0,0,13.102,0
2021,6,1,6,0,17.481,0
2021,6,1,12,0,20.87,0
2021,6,1,18,0,18.278,0
2021,6,2,0,0,16.37,0
2021,6,2,6,0,18.194,0
2021,6,2,12,0,20.065,0
2021,6,2,18,0,15.815,0
2021,6,3,0,0,12.324,0
2021,6,3,6,0,14.352,0
2021,6,3,12,0,16.12,0
2021,6,3,18,0,12.602,0
2021,6,4,0,0,8.491,0.0216666666666667
2021,6,4,6,0,9.519,0.0316666666666667
2021,6,4,12,1.901825,9.963,0.025
2021,6,4,18,0.2130044,8.037,0.03
2021,6,5,0,1.4910308,6.231,0.03
2021,6,5,6,2.890774,5.157,0.0566666666666667
2021,6,5,12,0.8672322,6.435,0.0433333333333333
2021,6,5,18,0.1673606,4.019,0.158333333333333
2021,6,6,0,0.1673606,1.843,0.346666666666667
2021,6,6,6,0.2434336,3.722,0.231666666666667
2021,6,6,12,0.912876,4.954,0.11
2021,6,6,18,1.0802366,3.556,0.17
2021,6,7,0,0.8215884,1.907,0.325
2021,6,7,6,0.2130044,3.463,0.186666666666667
2021,6,7,12,0.3347212,6.037,0.05
2021,6,7,18,0.0304292,4.667,0.123333333333333
2021,6,8,0,0.0304292,2.602,0.3
2021,6,8,6,0.0608584,6.778,0.0566666666666667
2021,6,8,12,0.304292,8.491,0.03
2021,6,8,18,0.0304292,6.037,0.075
2021,6,9,0,0.0304292,3.926,0.16
2021,6,9,6,0.9433052,5.796,0.055
2021,6,9,12,0.7455154,7.861,0.03
2021,6,9,18,0.152146,5.389,0.146666666666667
2021,6,10,0,0.1673606,3.046,0.251666666666667
2021,6,10,6,0.2890774,5.046,0.0883333333333333
2021,6,10,12,0.3347212,7.5,0.0316666666666667
2021,6,10,18,0,6.38,0.0666666666666667
2021,6,11,0,0,5.343,0.176666666666667
2021,6,11,6,0,8.731,0.04
2021,6,11,12,2.0235418,8.981,0.03
2021,6,11,18,0.3955796,7.111,0.03
2021,6,12,0,0.6998716,6.028,0.03
2021,6,12,6,5.1273202,9.222,0.0283333333333333
2021,6,12,12,0.456438,13.417,0.0166666666666667
2021,6,12,18,0.1065022,12.389,0
2021,6,13,0,0.7455154,10.352,0
2021,6,13,6,2.7994864,11.444,0
2021,6,13,12,3.6819332,13.148,0
2021,6,13,18,2.0691856,11.019,0
2021,6,14,0,2.0691856,9.824,0
2021,6,14,6,0.3499358,10.963,0
2021,6,14,12,2.0691856,11.648,0.00333333333333333
2021,6,14,18,0.3347212,9.852,0.025
2021,6,15,0,0.3499358,7.481,0.03
2021,6,15,6,1.5366746,8.528,0.03
2021,6,15,12,1.5671038,10.083,0.025
2021,6,15,18,0.9433052,8.028,0.03
2021,6,16,0,0.76073,6.657,0.0316666666666667
2021,6,16,6,0,8.602,0.025
2021,6,16,12,0,11.944,0
2021,6,16,18,0,9.648,0.0316666666666667
2021,6,17,0,0,7.556,0.08
2021,6,17,6,0,11.833,0.0183333333333333
2021,6,17,12,0,15.241,0
2021,6,17,18,0,12.398,0.0133333333333333
2021,6,18,0,0,9.88,0.0283333333333333
2021,6,18,6,0,12.463,0
2021,6,18,12,0,14.361,0
2021,6,18,18,0,10.787,0.00833333333333333
2021,6,19,0,0,8.509,0.00833333333333333
2021,6,19,6,0,10.861,0
2021,6,19,12,0,12.833,0
2021,6,19,18,0,11.194,0
2021,6,20,0,0,10.111,0.00166666666666667
2021,6,20,6,0,15.583,0
2021,6,20,12,0,20.231,0
2021,6,20,18,0,17.639,0
2021,6,21,0,0,16.296,0
2021,6,21,6,0,19.306,0
2021,6,21,12,0,21.574,0
2021,6,21,18,0,17.991,0
2021,6,22,0,0,15.102,0
2021,6,22,6,0,17.278,0
2021,6,22,12,0,19.278,0
2021,6,22,18,0,15.75,0
2021,6,23,0,0,12.222,0.0133333333333333
2021,6,23,6,0,14.083,0
2021,6,23,12,0,16.324,0
2021,6,23,18,0,14.389,0
2021,6,24,0,0,12.213,0
2021,6,24,6,0,15.731,0
2021,6,24,12,0,18.639,0
2021,6,24,18,0,16.981,0
2021,6,25,0,0,16.037,0
2021,6,25,6,0,20.491,0
2021,6,25,12,0,24.204,0
2021,6,25,18,0,22.148,0
2021,6,26,0,0,21,0
2021,6,26,6,0,24.778,0
2021,6,26,12,0,28.287,0
2021,6,26,18,0,25.519,0
2021,6,27,0,0,24.333,0
2021,6,27,6,0,27.463,0
2021,6,27,12,0,31.028,0
2021,6,27,18,0,28.426,0
2021,6,28,0,0,26.25,0
2021,6,28,6,0,29.481,0
2021,6,28,12,0,32.657,0
2021,6,28,18,0,29.898,0
2021,6,29,0,0,27.731,0
2021,6,29,6,0,29.194,0
2021,6,29,12,0,30.787,0
2021,6,29,18,0,24.306,0
2021,6,30,0,0,18.222,0
2021,6,30,6,0,18.667,0
2021,6,30,12,0,19.537,0
2021,6,30,18,0,15.667,0
2021,7,1,0,0,12.843,0
2021,7,1,6,0,13.222,0
2021,7,1,12,0,14.556,0
2021,7,1,18,0,13.528,0
2021,7,2,0,0,12.657,0
2021,7,2,6,0,14,0
2021,7,2,12,0,16.574,0
2021,7,2,18,0,14.861,0
2021,7,3,0,0,12.343,0
2021,7,3,6,0,15.991,0
2021,7,3,12,0,18.778,0
2021,7,3,18,0,15.648,0
2021,7,4,0,0,12.898,0
2021,7,4,6,0,15.657,0
2021,7,4,12,0,18.602,0
2021,7,4,18,0,15.944,0
2021,7,5,0,0,13.583,0
2021,7,5,6,0,15.491,0
2021,7,5,12,0,17.926,0
2021,7,5,18,0,15.639,0
2021,7,6,0,0,13.37,0
2021,7,6,6,0,17.157,0
2021,7,6,12,0,20.435,0
2021,7,6,18,0,18.037,0
2021,7,7,0,0,14.648,0
2021,7,7,6,0,14.815,0
2021,7,7,12,0,14.333,0
2021,7,7,18,0,12.25,0
2021,7,8,0,0,10.306,0
2021,7,8,6,0,11.963,0
2021,7,8,12,0,14.157,0
2021,7,8,18,0,13.037,0
2021,7,9,0,0,11.472,0
2021,7,9,6,0,14.917,0
2021,7,9,12,0,19.454,0
2021,7,9,18,0,17.157,0
2021,7,10,0,0,13.769,0
2021,7,10,6,0,16.407,0
2021,7,10,12,0,19.139,0
2021,7,10,18,0,15.815,0
2021,7,11,0,0,12.694,0
2021,7,11,6,0,15.667,0
2021,7,11,12,0,19.12,0
2021,7,11,18,0,15.926,0
2021,7,12,0,0,13.315,0
2021,7,12,6,0,16.954,0
2021,7,12,12,0,20.037,0
2021,7,12,18,0,17.222,0
2021,7,13,0,0,14.639,0
2021,7,13,6,0,17.787,0
2021,7,13,12,0,20.824,0
2021,7,13,18,0,17.241,0
2021,7,14,0,0,14.12,0
2021,7,14,6,0,15.685,0
2021,7,14,12,0,18,0
2021,7,14,18,0,14.87,0
2021,7,15,0,0,11.667,0
2021,7,15,6,0,12.926,0
2021,7,15,12,0,14.454,0
2021,7,15,18,0,11.639,0
2021,7,16,0,0,8.917,0
2021,7,16,6,0,10.769,0
2021,7,16,12,0,11.704,0
2021,7,16,18,0,10.185,0
2021,7,17,0,0,9.306,0
2021,7,17,6,0,11.167,0
2021,7,17,12,0,13.222,0
2021,7,17,18,0,12.259,0
2021,7,18,0,0,9.704,0.00166666666666667
2021,7,18,6,0,12.843,0
2021,7,18,12,0,16.593,0
2021,7,18,18,0,14.741,0
2021,7,19,0,0,12.241,0
2021,7,19,6,0,15.324,0
2021,7,19,12,0,18.435,0
2021,7,19,18,0,14.676,0
2021,7,20,0,0,11.046,0
2021,7,20,6,0,11.981,0
2021,7,20,12,0,14,0
2021,7,20,18,0,11.028,0.01
2021,7,21,0,0,8.324,0.0233333333333333
2021,7,21,6,0,9.824,0
2021,7,21,12,0,11.639,0.01
2021,7,21,18,0,8.898,0.03
2021,7,22,0,0,7.009,0.03
2021,7,22,6,0,10.417,0.015
2021,7,22,12,0,14.13,0
2021,7,22,18,0,11.657,0.015
2021,7,23,0,0,9.648,0.03
2021,7,23,6,0,12.704,0
2021,7,23,12,0,16.454,0
2021,7,23,18,0,13.787,0
2021,7,24,0,0,11.713,0
2021,7,24,6,0,15.713,0
2021,7,24,12,0,19.296,0
2021,7,24,18,0,16.157,0
2021,7,25,0,0,13.657,0
2021,7,25,6,0,16.491,0
2021,7,25,12,0,19.63,0
2021,7,25,18,0,15.935,0
2021,7,26,0,0,13.185,0
2021,7,26,6,0,15.981,0
2021,7,26,12,0,19.37,0
2021,7,26,18,0,16.13,0
2021,7,27,0,0,13.259,0
2021,7,27,6,0,16.231,0
2021,7,27,12,0,19.38,0
2021,7,27,18,0,16.324,0
2021,7,28,0,0,13.963,0
2021,7,28,6,0,17.722,0
2021,7,28,12,0,21.472,0
2021,7,28,18,0,17.87,0
2021,7,29,0,0,15.648,0
2021,7,29,6,0,18.843,0
2021,7,29,12,0,22.898,0
2021,7,29,18,0,19.722,0
2021,7,30,0,0,18.213,0
2021,7,30,6,0,22.38,0
2021,7,30,12,0,26.62,0
2021,7,30,18,0,23.278,0
2021,7,31,0,0,22.13,0
2021,7,31,6,0.380365,23.204,0
2021,7,31,12,0,25.157,0
2021,7,31,18,0,22.926,0
2021,8,1,0,0.0608584,20.093,0
2021,8,1,6,1.0193782,19.398,0
2021,8,1,12,0.3347212,21.231,0
2021,8,1,18,0,17.676,0
2021,8,2,0,0,15.444,0
2021,8,2,6,0,18.639,0
2021,8,2,12,0,22.963,0
2021,8,2,18,0,19.981,0
2021,8,3,0,0,18.519,0
2021,8,3,6,0,21.157,0
2021,8,3,12,0,23.315,0
2021,8,3,18,0,19.213,0
2021,8,4,0,0,16.231,0
2021,8,4,6,0,18.843,0
2021,8,4,12,0,23.111,0
2021,8,4,18,0,19.398,0
2021,8,5,0,0,16.713,0
2021,8,5,6,0,18.898,0
2021,8,5,12,0,21.102,0
2021,8,5,18,0.3347212,16.046,0
2021,8,6,0,2.5256236,13.426,0
2021,8,6,6,1.5062454,13.907,0
2021,8,6,12,0.2130044,15.63,0
2021,8,6,18,0.608584,12.667,0
2021,8,7,0,1.1258804,11.13,0
2021,8,7,6,3.8340792,11.907,0
2021,8,7,12,7.0900036,12.667,0
2021,8,7,18,2.434336,10.287,0.00666666666666667
2021,8,8,0,2.5256236,7.88,0.0266666666666667
2021,8,8,6,1.1258804,8.574,0.0133333333333333
2021,8,8,12,0.380365,11.102,0
2021,8,8,18,0.076073,10.417,0
2021,8,9,0,0.076073,9.935,0
2021,8,9,6,0,12.12,0
2021,8,9,12,0,14.491,0
2021,8,9,18,0,12.944,0
2021,8,10,0,0,11.88,0
2021,8,10,6,0,14.852,0
2021,8,10,12,0,20.028,0
2021,8,10,18,0,18.037,0
2021,8,11,0,0,16.583,0
2021,8,11,6,0,20.528,0
2021,8,11,12,0,24.194,0
2021,8,11,18,0,21.519,0
2021,8,12,0,0,20.926,0
2021,8,12,6,0,23.296,0
2021,8,12,12,0,28.38,0
2021,8,12,18,0,24.259,0
2021,8,13,0,0,22.676,0
2021,8,13,6,0,24.259,0
2021,8,13,12,0,26.861,0
2021,8,13,18,0,22.676,0
2021,8,14,0,0,19.926,0
2021,8,14,6,0,20.611,0
2021,8,14,12,0,23.528,0
2021,8,14,18,0,20.056,0
2021,8,15,0,0,17.528,0
2021,8,15,6,0,18.704,0
2021,8,15,12,0,21.926,0
2021,8,15,18,0,17.407,0
2021,8,16,0,0,14.204,0
2021,8,16,6,0.0608584,14.204,0
2021,8,16,12,1.217168,14.287,0
2021,8,16,18,1.0954512,11.333,0
2021,8,17,0,1.1258804,9.176,0.01
2021,8,17,6,0.5172964,9.583,0.0166666666666667
2021,8,17,12,0.3195066,12.5,0
2021,8,17,18,0.0304292,11.296,0
2021,8,18,0,0.0304292,10.046,0
2021,8,18,6,0,12.824,0
2021,8,18,12,0,16.009,0
2021,8,18,18,0,12.63,0
2021,8,19,0,0,10.889,0
2021,8,19,6,0,13.213,0
2021,8,19,12,0,14.907,0
2021,8,19,18,0,12.62,0
2021,8,20,0,0,10.556,0
2021,8,20,6,0.1065022,11.602,0
2021,8,20,12,0.8976614,11.602,0
2021,8,20,18,0.3955796,10.454,0
2021,8,21,0,0.2890774,9.889,0
2021,8,21,6,0.0456438,10.444,0
2021,8,21,12,0.152146,11.731,0
2021,8,21,18,0.0152146,10.676,0
2021,8,22,0,0.228219,9.389,0
2021,8,22,6,0.8672322,8.12,0.02
2021,8,22,12,0.6237986,9.13,0.03
2021,8,22,18,0.0608584,7.074,0.0333333333333333
2021,8,23,0,0.228219,6.343,0.0316666666666667
2021,8,23,6,0.608584,7.38,0.03
2021,8,23,12,0.5020818,10.426,0.0183333333333333
2021,8,23,18,0,9.028,0.0266666666666667
2021,8,24,0,0,8.287,0.03
2021,8,24,6,0,12.083,0.015
2021,8,24,12,0,16.194,0
2021,8,24,18,0,12.991,0.0133333333333333
2021,8,25,0,0,11.509,0.00666666666666667
2021,8,25,6,0,13.889,0
2021,8,25,12,0,16.583,0
2021,8,25,18,0,11.889,0.00666666666666667
2021,8,26,0,0,9.287,0.00666666666666667
2021,8,26,6,0,10.991,0
2021,8,26,12,0.836803,11.806,0
2021,8,26,18,2.4799798,9.963,0.00333333333333333
2021,8,27,0,2.2517608,8.528,0.025
2021,8,27,6,0.7150862,8.824,0.0166666666666667
2021,8,27,12,1.2475972,10.333,0
2021,8,27,18,0.0608584,8.981,0.01
2021,8,28,0,0.0608584,7.722,0.01
2021,8,28,6,0,11.731,0
2021,8,28,12,0,16.148,0
2021,8,28,18,0,12.509,0
2021,8,29,0,0,10.759,0
2021,8,29,6,0,13.481,0
2021,8,29,12,0,16.861,0
2021,8,29,18,0,12.815,0.0166666666666667
2021,8,30,0,0,9.907,0.005
2021,8,30,6,0.0152146,9.102,0
2021,8,30,12,0.0152146,8.602,0.01
2021,8,30,18,0,5.88,0.05
2021,8,31,0,0.1673606,5.056,0.0533333333333333
2021,8,31,6,3.347212,5.361,0.04
2021,8,31,12,0.836803,7.241,0.03
2021,8,31,18,0,5.704,0.0383333333333333
2021,9,1,0,0,4.491,0.0316666666666667
2021,9,1,6,0,8.722,0.0216666666666667
2021,9,1,12,0,13.25,0
2021,9,1,18,0,10.38,0.0166666666666667
2021,9,2,0,0,9.574,0.03
2021,9,2,6,0,12.463,0.0216666666666667
2021,9,2,12,0,15.843,0
2021,9,2,18,0,12.046,0.00333333333333333
2021,9,3,0,0,10.657,0.0216666666666667
2021,9,3,6,0,13.213,0.005
2021,9,3,12,0,15.741,0
2021,9,3,18,0,12.204,0.00666666666666667
2021,9,4,0,0,11.102,0
2021,9,4,6,0,14.037,0
2021,9,4,12,0.304292,15.343,0
2021,9,4,18,2.5408382,12.593,0
2021,9,5,0,2.3278338,11.481,0
2021,9,5,6,0,12.278,0
2021,9,5,12,0,13.778,0
2021,9,5,18,0,11.62,0
2021,9,6,0,0,10.481,0.00333333333333333
2021,9,6,6,0,11.065,0.00333333333333333
2021,9,6,12,0,14.491,0
2021,9,6,18,0,12.278,0
2021,9,7,0,0,12.972,0
2021,9,7,6,0,16.963,0
2021,9,7,12,0,21.287,0
2021,9,7,18,0,18.556,0
2021,9,8,0,0.1977898,15.843,0
2021,9,8,6,1.0345928,14.528,0
2021,9,8,12,0.608584,15.731,0
2021,9,8,18,0,12.963,0
2021,9,9,0,0,12.806,0
2021,9,9,6,0,15.565,0
2021,9,9,12,0,18.62,0
2021,9,9,18,0,14.454,0
2021,9,10,0,0,12.139,0
2021,9,10,6,0,13.056,0
2021,9,10,12,0,13.426,0
2021,9,10,18,0,10.361,0.00333333333333333
2021,9,11,0,0,8.991,0
2021,9,11,6,0.076073,10.444,0
2021,9,11,12,0.2434336,12.102,0
2021,9,11,18,3.04292,11.083,0
2021,9,12,0,4.184015,10.63,0
2021,9,12,6,7.6529438,10.13,0
2021,9,12,12,3.0124908,10.093,0
2021,9,12,18,0.2434336,7.769,0.0266666666666667
2021,9,13,0,0.228219,6.472,0.0316666666666667
2021,9,13,6,0,8.25,0.0116666666666667
2021,9,13,12,0,11,0
2021,9,13,18,0,8.306,0.02
2021,9,14,0,0,7.435,0.02
2021,9,14,6,0.3955796,9.713,0
2021,9,14,12,6.694424,9.806,0
2021,9,14,18,0.228219,9.426,0
2021,9,15,0,0.1825752,7.62,0.0266666666666667
2021,9,15,6,0,5.685,0.0516666666666667
2021,9,15,12,0,7.083,0.0366666666666667
2021,9,15,18,0,4.824,0.0883333333333333
2021,9,16,0,0,3.63,0.151666666666667
2021,9,16,6,0,6.62,0.085
2021,9,16,12,0.1217168,10.944,0.03
2021,9,16,18,0.0304292,9.25,0.03
2021,9,17,0,0.6237986,8.306,0.0316666666666667
2021,9,17,6,8.4136738,7.5,0.00333333333333333
2021,9,17,12,6.8617846,9.954,0
2021,9,17,18,18.9269624,10.648,0
2021,9,18,0,17.3142148,7.88,0.0183333333333333
2021,9,18,6,5.0360326,7.537,0.03
2021,9,18,12,2.0387564,8.639,0.03
2021,9,18,18,1.5823184,6.583,0.03
2021,9,19,0,1.673606,5.731,0.0316666666666667
2021,9,19,6,4.8991012,5.991,0.0333333333333333
2021,9,19,12,5.1881786,7.019,0.03
2021,9,19,18,1.3084556,6.88,0.03
2021,9,20,0,1.141095,6.093,0.035
2021,9,20,6,0,7.028,0.0316666666666667
2021,9,20,12,0,9.38,0.02
2021,9,20,18,0,7.917,0
2021,9,21,0,0,8.343,0
2021,9,21,6,0,12.833,0
2021,9,21,12,0,17.176,0
2021,9,21,18,0,13.907,0
2021,9,22,0,0,11.63,0
2021,9,22,6,0.5781548,10.556,0
2021,9,22,12,0.2434336,10.111,0
2021,9,22,18,0.0152146,8.056,0.0133333333333333
2021,9,23,0,0.0152146,7.5,0.025
2021,9,23,6,0,9.13,0.02
2021,9,23,12,0,12.565,0.00666666666666667
2021,9,23,18,0,10.5,0.00166666666666667
2021,9,24,0,0,11.704,0
2021,9,24,6,0,14.981,0
2021,9,24,12,0,18.565,0
2021,9,24,18,0,15.796,0
2021,9,25,0,0,13.88,0
2021,9,25,6,0,14.556,0
2021,9,25,12,0,16.861,0
2021,9,25,18,0,12.87,0
2021,9,26,0,0,10.167,0
2021,9,26,6,0.2130044,10.009,0
2021,9,26,12,4.4426632,10.769,0
2021,9,26,18,7.8050898,10.417,0
2021,9,27,0,7.8963774,9.25,0.00333333333333333
2021,9,27,6,0.8672322,7.963,0.0283333333333333
2021,9,27,12,3.0885638,8.315,0.03
2021,9,27,18,2.8299156,5.917,0.0316666666666667
2021,9,28,0,2.8603448,5.537,0.0316666666666667
2021,9,28,6,3.2559244,5.519,0.0333333333333333
2021,9,28,12,1.369314,6.639,0.035
2021,9,28,18,1.2628118,4.454,0.0866666666666667
2021,9,29,0,0.8063738,4.009,0.0883333333333333
2021,9,29,6,0.684657,5.676,0.04
2021,9,29,12,3.0733492,7.667,0.025
2021,9,29,18,3.7427916,8.694,0.01
2021,9,30,0,3.8188646,10.093,0
2021,9,30,6,13.2975604,8.444,0.00666666666666667
2021,9,30,12,5.0512472,7.12,0.0316666666666667
2021,9,30,18,0.3955796,5.815,0.0333333333333333
2021,10,1,0,0.3195066,4.611,0.0566666666666667
2021,10,1,6,0,5.546,0.0666666666666667
2021,10,1,12,0,8.185,0.03
2021,10,1,18,0,6.546,0.04
2021,10,2,0,0,5.806,0.06
2021,10,2,6,0,7.398,0.0433333333333333
2021,10,2,12,0,9.639,0.03
2021,10,2,18,0,7.546,0.0266666666666667
2021,10,3,0,0.076073,7.444,0.025
2021,10,3,6,0.1673606,7.491,0.03
2021,10,3,12,0.0456438,8.074,0.03
2021,10,3,18,0,5.88,0.0383333333333333
2021,10,4,0,0,5.148,0.04
2021,10,4,6,0,6.528,0.0283333333333333
2021,10,4,12,0,9.454,0.02
2021,10,4,18,0,7.972,0.035
2021,10,5,0,0.1217168,7.296,0.03
2021,10,5,6,2.6777696,7.796,0.0266666666666667
2021,10,5,12,1.5671038,6.898,0.0466666666666667
2021,10,5,18,0.3651504,3.315,0.21
2021,10,6,0,0.2434336,2.204,0.346666666666667
2021,10,6,6,2.2669754,3.102,0.208333333333333
2021,10,6,12,1.597533,4.685,0.108333333333333
2021,10,6,18,0.6390132,2.833,0.176666666666667
2021,10,7,0,0.5781548,1.657,0.33
2021,10,7,6,0.2434336,2.472,0.306666666666667
2021,10,7,12,0,4.796,0.08
2021,10,7,18,0,2.713,0.283333333333333
2021,10,8,0,0,2.519,0.463333333333333
2021,10,8,6,0,4.157,0.296666666666667
2021,10,8,12,0,6.361,0.0416666666666667
2021,10,8,18,0,3.13,0.238333333333333
2021,10,9,0,0,2.13,0.398333333333333
2021,10,9,6,0,4.38,0.0933333333333333
2021,10,9,12,2.9212032,6.009,0.03
2021,10,9,18,6.9682868,5.583,0.03
2021,10,10,0,5.8424064,3.231,0.21
2021,10,10,6,0.8672322,1.87,0.39
2021,10,10,12,1.5518892,2.657,0.356666666666667
2021,10,10,18,0.2130044,0.926,0.471666666666667
2021,10,11,0,0.2130044,0.185,0.55
2021,10,11,6,0,1.194,0.458333333333333
2021,10,11,12,0,3,0.24
2021,10,11,18,0,1.065,0.496666666666667
2021,10,12,0,0,-0.056,0.808333333333333
2021,10,12,6,0.0608584,1.704,0.695
2021,10,12,12,0.608584,3.176,0.438333333333333
2021,10,12,18,3.7884354,0.806,0.53
2021,10,13,0,3.3624266,0.444,0.513333333333333
2021,10,13,6,0.5477256,0.657,0.51
2021,10,13,12,0.4107942,1.639,0.445
2021,10,13,18,0.2586482,0.935,0.475
2021,10,14,0,0.608584,2.019,0.321666666666667
2021,10,14,6,3.1646368,3.287,0.136666666666667
2021,10,14,12,1.3997432,4.519,0.0783333333333334
2021,10,14,18,2.0844002,4.407,0.0466666666666667
2021,10,15,0,2.0691856,4.889,0.0316666666666667
2021,10,15,6,5.8880502,5.657,0.03
2021,10,15,12,4.5187362,6.287,0.03
2021,10,15,18,2.434336,6.157,0.03
2021,10,16,0,3.423285,6.722,0.0233333333333333
2021,10,16,6,1.9474688,8.37,0.0133333333333333
2021,10,16,12,0,10.093,0.01
2021,10,16,18,0,8.083,0.0233333333333333
2021,10,17,0,0.0152146,7.546,0.0233333333333333
2021,10,17,6,0.532511,7.361,0.0283333333333333
2021,10,17,12,0.9737344,6.907,0.03
2021,10,17,18,0.2586482,4.852,0.0316666666666667
2021,10,18,0,0.2738628,3.213,0.101666666666667
2021,10,18,6,0,3.722,0.0716666666666667
2021,10,18,12,0,5.157,0.0316666666666667
2021,10,18,18,0,3.278,0.0683333333333333
2021,10,19,0,0,4.148,0.03
2021,10,19,6,0,7.694,0.0283333333333333
2021,10,19,12,0,10.657,0.0283333333333333
2021,10,19,18,0,8.741,0.03
2021,10,20,0,0,8.398,0.03
2021,10,20,6,4.3970194,6.074,0.03
2021,10,20,12,4.8534574,5.602,0.0333333333333333
2021,10,20,18,0,4.824,0.0616666666666667
2021,10,21,0,0,5.611,0.0383333333333333
2021,10,21,6,0,8,0.0316666666666667
2021,10,21,12,0.1369314,10.389,0.03
2021,10,21,18,6.1466984,8.13,0.03
2021,10,22,0,5.5381144,6.731,0.03
2021,10,22,6,1.9626834,6.093,0.03
2021,10,22,12,2.8603448,6.111,0.0333333333333333
2021,10,22,18,2.814701,4.528,0.0683333333333333
2021,10,23,0,2.6169112,3.194,0.201666666666667
2021,10,23,6,0.456438,4.565,0.0733333333333333
2021,10,23,12,2.4495506,5.694,0.035
2021,10,23,18,0.0152146,4.157,0.0733333333333333
2021,10,24,0,0.0152146,4.565,0.106666666666667
2021,10,24,6,0.6694424,5.815,0.0583333333333333
2021,10,24,12,10.4676448,5.639,0.0683333333333333
2021,10,24,18,0.3195066,4.028,0.136666666666667
2021,10,25,0,0.6998716,3.731,0.165
2021,10,25,6,1.8409666,4.12,0.131666666666667
2021,10,25,12,4.6860968,4.63,0.085
2021,10,25,18,3.879723,3.972,0.106666666666667
2021,10,26,0,3.7580062,3.407,0.136666666666667
2021,10,26,6,1.9170396,3.87,0.135
2021,10,26,12,6.237986,4.861,0.065
2021,10,26,18,6.1466984,3.185,0.165
2021,10,27,0,6.9682868,2.167,0.253333333333333
2021,10,27,6,2.8299156,2.528,0.256666666666667
2021,10,27,12,2.2669754,3.759,0.156666666666667
2021,10,27,18,3.0885638,3.157,0.19
2021,10,28,0,4.8534574,3.37,0.095
2021,10,28,6,12.1412508,5.991,0.0216666666666667
2021,10,28,12,19.3073274,6.472,0.025
2021,10,28,18,9.0374724,4.296,0.0516666666666667
2021,10,29,0,9.0222578,2.537,0.206666666666667
2021,10,29,6,0.8063738,1.269,0.418333333333333
2021,10,29,12,0.076073,1.694,0.423333333333333
2021,10,29,18,0,0.574,0.72
2021,10,30,0,0,0.426,0.97
2021,10,30,6,0,2.75,0.818333333333333
2021,10,30,12,0,6.148,0.271666666666667
2021,10,30,18,0,4,0.758333333333333
2021,10,31,0,0,4.204,0.903333333333333
2021,10,31,6,0,5.25,0.668333333333333
2021,10,31,12,0,7.889,0.08
2021,10,31,18,0,5.537,0.295
2021,11,1,0,0,5.62,0.271666666666667
2021,11,1,6,0,6.935,0.165
2021,11,1,12,0.456438,7.463,0.0366666666666667
2021,11,1,18,1.977898,4.981,0.04
2021,11,2,0,1.8105374,3.287,0.125
2021,11,2,6,0,4.639,0.125
2021,11,2,12,3.3167828,5.509,0.05
2021,11,2,18,6.3597028,5.296,0.0366666666666667
2021,11,3,0,6.3749174,6.361,0.03
2021,11,3,6,0.3651504,7.75,0.03
2021,11,3,12,5.5989728,8.481,0.00666666666666667
2021,11,3,18,4.6708822,8.25,0
2021,11,4,0,3.4384996,7.852,0.015
2021,11,4,6,4.792599,7.028,0.03
2021,11,4,12,8.9157556,6.546,0.0316666666666667
2021,11,4,18,2.5560528,3.731,0.0916666666666667
2021,11,5,0,2.4039068,2.611,0.31
2021,11,5,6,5.5989728,2.574,0.276666666666667
2021,11,5,12,1.3845286,1.5,0.466666666666667
2021,11,5,18,0.0152146,0.343,0.691666666666667
2021,11,6,0,0.6694424,0.565,0.635
2021,11,6,6,2.6473404,0.759,0.54
2021,11,6,12,3.195066,0.278,0.615
2021,11,6,18,1.065022,-0.722,0.753333333333333
2021,11,7,0,0.6237986,-1.269,0.821666666666667
2021,11,7,6,0.5172964,-0.593,0.768333333333333
2021,11,7,12,1.7953228,-0.046,0.68
2021,11,7,18,1.4758162,-1.259,0.813333333333333
2021,11,8,0,3.7884354,-0.935,0.776666666666667
2021,11,8,6,0.1673606,0.398,0.741666666666667
2021,11,8,12,0,2.981,0.5
2021,11,8,18,0,2.296,0.653333333333333
2021,11,9,0,0.5933694,2.611,0.348333333333333
2021,11,9,6,3.0733492,1.694,0.385
2021,11,9,12,2.2974046,0.796,0.506666666666667
2021,11,9,18,4.0775128,-0.315,0.648333333333333
2021,11,10,0,4.7317406,-0.343,0.653333333333333
2021,11,10,6,3.5145726,-0.065,0.625
2021,11,10,12,0.2434336,1.407,0.528333333333333
2021,11,10,18,1.7192498,0.648,0.795
2021,11,11,0,0.684657,2.593,0.18
2021,11,11,6,0.1065022,4.417,0.0483333333333333
2021,11,11,12,5.0056034,6.741,0.0233333333333333
2021,11,11,18,6.0554108,7.435,0.00666666666666667
2021,11,12,0,7.2421496,7.926,0.00333333333333333
2021,11,12,6,4.5339508,6.111,0.0316666666666667
2021,11,12,12,8.1245964,4.454,0.0466666666666667
2021,11,12,18,1.3236702,2.583,0.215
2021,11,13,0,1.3236702,0.759,0.473333333333333
2021,11,13,6,0.0152146,1.435,0.466666666666667
2021,11,13,12,6.1923422,1.833,0.385
2021,11,13,18,12.1868946,3.639,0.125
2021,11,14,0,12.856337,7.231,0.00333333333333333
2021,11,14,6,11.4718084,8.037,0.0133333333333333
2021,11,14,12,18.2118762,8.093,0.00666666666666667
2021,11,14,18,22.1981014,7.139,0.01
2021,11,15,0,23.9934242,7.648,0.0166666666666667
2021,11,15,6,10.5132886,7.269,0.03
2021,11,15,12,15.3971752,1.944,0.403333333333333
2021,11,15,18,3.9862252,-1.935,0.808333333333333
2021,11,16,0,3.7427916,-2.296,0.886666666666667
2021,11,16,6,0.3955796,-1.741,0.793333333333333
2021,11,16,12,0.0456438,-1.889,0.801666666666667
2021,11,16,18,0,-3.37,0.985
2021,11,17,0,0,-3.741,1
2021,11,17,6,0,-1.796,0.971666666666667
2021,11,17,12,0,1.611,0.781666666666667
2021,11,17,18,0,0.87,1
2021,11,18,0,0.1673606,1.083,0.978333333333333
2021,11,18,6,1.3236702,1.148,0.616666666666667
2021,11,18,12,4.412234,0.963,0.465
2021,11,18,18,1.0802366,0.796,0.46
2021,11,19,0,0.9585198,0.231,0.595
2021,11,19,6,0,-0.38,0.79
2021,11,19,12,0,-0.083,0.678333333333333
2021,11,19,18,0,-1.574,0.843333333333333
2021,11,20,0,0,-1.287,0.785
2021,11,20,6,0,-0.704,0.703333333333333
2021,11,20,12,0,0.157,0.656666666666667
2021,11,20,18,0,-0.824,0.846666666666667
2021,11,21,0,0,0.343,0.801666666666667
2021,11,21,6,0,2.102,0.743333333333333
2021,11,21,12,0,4.907,0.396666666666667
2021,11,21,18,0,4.787,0.711666666666667
2021,11,22,0,0,5.074,0.606666666666667
2021,11,22,6,0,3.287,0.631666666666667
2021,11,22,12,0.4716526,3.009,0.225
2021,11,22,18,2.7081988,2.269,0.266666666666667
2021,11,23,0,4.5339508,1.083,0.403333333333333
2021,11,23,6,4.9295304,-0.185,0.636666666666667
2021,11,23,12,0.4260088,-0.685,0.706666666666667
2021,11,23,18,0.0912876,-1.556,0.82
2021,11,24,0,0.0608584,-1.463,0.811666666666667
2021,11,24,6,0,-0.907,0.776666666666667
2021,11,24,12,0.0152146,0.972,0.661666666666667
2021,11,24,18,1.4606016,0.824,0.745
2021,11,25,0,3.0124908,2.296,0.21
2021,11,25,6,12.5064012,3.306,0.075
2021,11,25,12,12.0043194,3.509,0.0866666666666667
2021,11,25,18,8.672322,3.204,0.095
2021,11,26,0,9.280906,3.435,0.065
2021,11,26,6,4.107942,2.917,0.156666666666667
2021,11,26,12,0.4107942,2.62,0.246666666666667
2021,11,26,18,0,1.324,0.466666666666667
2021,11,27,0,0,2.333,0.266666666666667
2021,11,27,6,4.7621698,4.13,0.0666666666666667
2021,11,27,12,9.6156272,6.037,0.0266666666666667
2021,11,27,18,12.2173238,7.333,0.00666666666666667
2021,11,28,0,12.6585472,7.759,0.0133333333333333
2021,11,28,6,18.1205886,6.898,0.025
2021,11,28,12,11.7000274,5.657,0.03
2021,11,28,18,3.9710106,5.139,0.0333333333333333
2021,11,29,0,4.0927274,4.944,0.0366666666666667
2021,11,29,6,4.107942,4.944,0.05
2021,11,29,12,1.1715242,5.546,0.0416666666666667
2021,11,29,18,0.4868672,5.213,0.035
2021,11,30,0,2.1909024,5.019,0.04
2021,11,30,6,7.1204328,4.083,0.09
2021,11,30,12,6.4966342,5.324,0.03
2021,11,30,18,5.8424064,6.731,0.00666666666666667
2021,12,1,0,5.5837582,7.796,0
2021,12,1,6,1.1867388,7.306,0.0266666666666667
2021,12,1,12,0.1673606,6.824,0.03
2021,12,1,18,4.792599,5.306,0.045
2021,12,2,0,4.184015,2.778,0.22
2021,12,2,6,0.1369314,0.361,0.566666666666667
2021,12,2,12,0.1977898,-0.87,0.745
2021,12,2,18,0,-2.602,0.92
2021,12,3,0,0,-3.75,0.991666666666667
2021,12,3,6,0,-2.806,0.988333333333333
2021,12,3,12,0,-0.685,0.91
2021,12,3,18,0.380365,-0.833,0.98
2021,12,4,0,0.9585198,-0.944,0.935
2021,12,4,6,3.9710106,-2.019,0.855
2021,12,4,12,1.1715242,-2.861,0.883333333333333
2021,12,4,18,0.0608584,-4.13,0.961666666666667
2021,12,5,0,0.0304292,-4.731,0.976666666666667
2021,12,5,6,0,-5.306,0.996666666666667
2021,12,5,12,0,-3.565,0.968333333333333
2021,12,5,18,0.5781548,-3.963,1
2021,12,6,0,0.912876,-2.907,0.98
2021,12,6,6,2.7234134,-1.574,0.895
2021,12,6,12,2.0691856,-0.046,0.746666666666667
2021,12,6,18,0.4716526,0.157,0.685
2021,12,7,0,0.5172964,0.509,0.543333333333333
2021,12,7,6,0.4412234,0.741,0.496666666666667
2021,12,7,12,0.1217168,1.556,0.323333333333333
2021,12,7,18,2.9059886,1.611,0.315
2021,12,8,0,2.1452586,1.037,0.411666666666667
2021,12,8,6,1.0498074,-2.519,0.853333333333333
2021,12,8,12,0.608584,-2.62,0.878333333333333
2021,12,8,18,0.6694424,-3.343,0.986666666666667
2021,12,9,0,1.3236702,-3.417,0.98
2021,12,9,6,2.358263,-3.13,0.93
2021,12,9,12,1.5062454,-3.231,0.928333333333333
2021,12,9,18,0.0912876,-4.907,0.996666666666667
2021,12,10,0,0.2434336,-4.685,1
2021,12,10,6,1.141095,-3.444,0.958333333333333
2021,12,10,12,1.7953228,-1.685,0.823333333333333
2021,12,10,18,5.6141874,-0.093,0.665
2021,12,11,0,6.6031364,0.315,0.606666666666667
2021,12,11,6,8.7788242,0.046,0.595
2021,12,11,12,8.0333088,-1.296,0.781666666666667
2021,12,11,18,3.423285,-3.583,0.968333333333333
2021,12,12,0,3.4080704,-3.639,0.985
2021,12,12,6,1.0802366,-3.944,0.985
2021,12,12,12,0.6237986,-2.815,0.933333333333333
2021,12,12,18,0.4260088,-3.565,0.998333333333333
2021,12,13,0,0.5781548,-2.935,0.988333333333333
2021,12,13,6,0.4107942,-1.333,0.876666666666667
2021,12,13,12,0.0608584,-0.231,0.766666666666667
2021,12,13,18,1.0498074,-1.463,0.853333333333333
2021,12,14,0,0.988949,-3.667,0.965
2021,12,14,6,0,-4.269,0.978333333333333
2021,12,14,12,0,-3.491,0.956666666666667
2021,12,14,18,0,-4.139,0.998333333333333
2021,12,15,0,0,-3.463,0.998333333333333
2021,12,15,6,0,-2.019,0.948333333333333
2021,12,15,12,0.0456438,-0.574,0.886666666666667
2021,12,15,18,0,-2.861,1
2021,12,16,0,0.304292,-3.315,0.998333333333333
2021,12,16,6,2.1452586,-2.815,0.93
2021,12,16,12,0.5781548,-3.065,0.908333333333333
2021,12,16,18,0,-4.935,0.993333333333333
2021,12,17,0,0,-6,1
2021,12,17,6,0,-5.398,1
2021,12,17,12,0,-2.806,0.991666666666667
2021,12,17,18,5.1425348,-2.278,0.968333333333333
2021,12,18,0,3.6971478,-0.315,0.763333333333333
2021,12,18,6,11.6239544,1.574,0.38
2021,12,18,12,10.5893616,0.222,0.57
2021,12,18,18,1.3845286,-2.556,0.95
2021,12,19,0,1.2019534,-3.037,0.97
2021,12,19,6,0,-3.722,0.99
2021,12,19,12,0,-1.981,0.923333333333333
2021,12,19,18,0,-4.009,1
2021,12,20,0,0,-4.167,1
2021,12,20,6,0,-3.676,1
2021,12,20,12,0,-1.917,1
2021,12,20,18,0,-4.046,1
2021,12,21,0,0,-3.204,1
2021,12,21,6,0,-1.676,0.948333333333333
2021,12,21,12,0.3499358,1,0.495
2021,12,21,18,10.4372156,1.269,0.346666666666667
2021,12,22,0,9.0070432,1.083,0.365
2021,12,22,6,6.4053466,0.972,0.465
2021,12,22,12,3.04292,1.491,0.405
2021,12,22,18,2.2669754,0.935,0.481666666666667
2021,12,23,0,1.8105374,-0.583,0.673333333333333
2021,12,23,6,2.0083272,-3.398,0.953333333333333
2021,12,23,12,1.4149578,-3.806,0.948333333333333
2021,12,23,18,2.0844002,-4.88,0.998333333333333
2021,12,24,0,2.7538426,-4.25,0.995
2021,12,24,6,4.0775128,-3.315,0.961666666666667
2021,12,24,12,0.5172964,-3.222,0.933333333333333
2021,12,24,18,1.1715242,-5.343,1
2021,12,25,0,1.141095,-5.722,1
2021,12,25,6,3.347212,-5.278,1
2021,12,25,12,5.9184794,-6.472,1
2021,12,25,18,2.4191214,-8.435,1
2021,12,26,0,2.28219,-10.213,1
2021,12,26,6,0.5933694,-12.324,1
2021,12,26,12,0.8063738,-12.315,1
2021,12,26,18,0.2738628,-15.676,1
2021,12,27,0,0.2738628,-16.083,1
2021,12,27,6,0,-15.435,1
2021,12,27,12,0,-12.907,1
2021,12,27,18,0,-14.407,1
2021,12,28,0,0,-13.926,1
2021,12,28,6,0,-12.759,1
2021,12,28,12,0,-9.009,1
2021,12,28,18,0,-11.204,1
2021,12,29,0,0,-12.509,1
2021,12,29,6,0,-12.222,1
2021,12,29,12,0,-9.5,1
2021,12,29,18,2.586482,-10.657,1
2021,12,30,0,1.2475972,-8.407,1
2021,12,30,6,0.8520176,-7.435,1
2021,12,30,12,0.1369314,-6.861,1
2021,12,30,18,0.2586482,-11.13,1
2021,12,31,0,0.2130044,-12.009,1
2021,12,31,6,0,-12.148,1
2021,12,31,12,0,-9.111,1
2021,12,31,18,0,-12.102,1
2022,1,1,0,0,-10.972,1
2022,1,1,6,0,-8.287,1
2022,1,1,12,0,-4.741,1
2022,1,1,18,0,-3.898,1
2022,1,2,0,0.1217168,-1.472,0.928333333333333
2022,1,2,6,1.1867388,-0.667,0.81
2022,1,2,12,2.9972762,0.231,0.678333333333333
2022,1,2,18,4.2448734,-0.833,0.803333333333333
2022,1,3,0,3.6210748,-1.917,0.926666666666667
2022,1,3,6,0.5933694,-2.565,0.941666666666667
2022,1,3,12,3.2863536,-3.704,0.941666666666667
2022,1,3,18,0.608584,-5.685,1
2022,1,4,0,0.7303008,-5.241,1
2022,1,4,6,3.0277054,-4.074,0.985
2022,1,4,12,0.4107942,-3.361,0.96
2022,1,4,18,1.2019534,-4.361,1
2022,1,5,0,1.2323826,-5.944,1
2022,1,5,6,0.1977898,-6.565,1
2022,1,5,12,0.2586482,-5.139,1
2022,1,5,18,7.8203044,-5.843,1
2022,1,6,0,4.5339508,-1.602,0.948333333333333
2022,1,6,6,2.2974046,1.074,0.438333333333333
2022,1,6,12,4.4730924,2.343,0.17
2022,1,6,18,14.5755868,2,0.241666666666667
2022,1,7,0,13.7235692,1.389,0.35
2022,1,7,6,6.0401962,-0.093,0.585
2022,1,7,12,2.2517608,-5.009,0.981666666666667
2022,1,7,18,1.3845286,-6.398,1
2022,1,8,0,1.3084556,-6.648,1
2022,1,8,6,0.5629402,-5.583,0.99
2022,1,8,12,0.4260088,-2.046,0.893333333333333
2022,1,8,18,0.4260088,-1.12,0.838333333333333
2022,1,9,0,0.4260088,-0.065,0.838333333333333
2022,1,9,6,0,2.667,0.593333333333333
2022,1,9,12,0,6.352,0.08
2022,1,9,18,0,3.509,0.418333333333333
2022,1,10,0,0,3.009,0.728333333333333
2022,1,10,6,3.8949376,2.454,0.54
2022,1,10,12,3.9405814,2.991,0.153333333333333
2022,1,10,18,2.206117,3.241,0.106666666666667
2022,1,11,0,1.4149578,3.759,0.0716666666666667
2022,1,11,6,2.434336,4.333,0.0383333333333333
2022,1,11,12,7.7898752,4.37,0.045
2022,1,11,18,8.4897468,4.787,0.04
2022,1,12,0,10.117709,4.926,0.03
2022,1,12,6,15.8536132,5.583,0.0283333333333333
2022,1,12,12,4.4578778,6.519,0.02
2022,1,12,18,0.0152146,5.843,0.045
2022,1,13,0,0.2890774,4.583,0.075
2022,1,13,6,0.6237986,4.074,0.0666666666666667
2022,1,13,12,0.5172964,4.083,0.0866666666666667
2022,1,13,18,0,1.907,0.325
2022,1,14,0,0,1.981,0.251666666666667
2022,1,14,6,0,2.528,0.235
2022,1,14,12,0.1065022,4.278,0.08
2022,1,14,18,1.0041636,2.611,0.258333333333333
2022,1,15,0,0.0912876,2.139,0.28
2022,1,15,6,0,1.907,0.275
2022,1,15,12,0,2.759,0.273333333333333
2022,1,15,18,0,1.241,0.778333333333333
2022,1,16,0,0,1.657,0.876666666666667
2022,1,16,6,0,3.472,0.36
2022,1,16,12,0,5.167,0.08
2022,1,16,18,0,3.685,0.348333333333333
2022,1,17,0,0,3.546,0.473333333333333
2022,1,17,6,0.6390132,3.037,0.256666666666667
2022,1,17,12,4.336161,2.861,0.095
2022,1,17,18,2.7842718,2.213,0.136666666666667
2022,1,18,0,2.5560528,1.602,0.281666666666667
2022,1,18,6,1.1563096,1.398,0.336666666666667
2022,1,18,12,0.532511,1.287,0.356666666666667
2022,1,18,18,0.3347212,0.361,0.54
2022,1,19,0,0.304292,0.583,0.5
2022,1,19,6,0,0.843,0.526666666666667
2022,1,19,12,0.9433052,2.907,0.235
2022,1,19,18,7.911592,3.343,0.065
2022,1,20,0,9.0070432,4.639,0.03
2022,1,20,6,9.9351338,3.889,0.06
2022,1,20,12,2.2213316,1.898,0.328333333333333
2022,1,20,18,0.9433052,-0.157,0.643333333333333
2022,1,21,0,0.912876,-0.324,0.655
2022,1,21,6,0,-0.537,0.748333333333334
2022,1,21,12,0,1.176,0.47
2022,1,21,18,0,0.157,0.706666666666667
2022,1,22,0,0,1.398,0.666666666666667
2022,1,22,6,0,3.139,0.501666666666667
2022,1,22,12,0,6.259,0.0566666666666667
2022,1,22,18,0,4.917,0.465
2022,1,23,0,0,5.444,0.601666666666667
2022,1,23,6,0,4.5,0.761666666666667
2022,1,23,12,0,5.769,0.576666666666667
2022,1,23,18,0,3.889,0.62
2022,1,24,0,0,2.148,0.623333333333333
2022,1,24,6,0,1.843,0.58
2022,1,24,12,0,4.287,0.385
2022,1,24,18,0,2.556,0.911666666666667
2022,1,25,0,0,1.62,1
2022,1,25,6,0,1.565,0.975
2022,1,25,12,0,3.759,0.538333333333333
2022,1,25,18,0,1.583,0.99
2022,1,26,0,0,1.324,1
2022,1,26,6,0,3.13,0.826666666666667
2022,1,26,12,0,5.926,0.253333333333333
2022,1,26,18,0,4.148,0.963333333333333
2022,1,27,0,0,4.639,0.991666666666667
2022,1,27,6,0,4.907,0.895
2022,1,27,12,0,7.287,0.248333333333333
2022,1,27,18,0,5.565,0.843333333333333
2022,1,28,0,0,4.546,0.963333333333333
2022,1,28,6,0,4.889,0.858333333333333
2022,1,28,12,0,5.324,0.338333333333333
2022,1,28,18,0,1.991,0.9
2022,1,29,0,0,1.306,0.97
2022,1,29,6,0,1.787,0.858333333333333
2022,1,29,12,0.684657,3.667,0.385
2022,1,29,18,3.3776412,1.241,0.583333333333333
2022,1,30,0,1.7801082,1.361,0.401666666666667
2022,1,30,6,1.52146,2.454,0.285
2022,1,30,12,6.2836298,2.926,0.183333333333333
2022,1,30,18,4.5795946,-1.241,0.745
2022,1,31,0,4.640453,-3.38,0.936666666666667
2022,1,31,6,2.5560528,-3.287,0.928333333333333
2022,1,31,12,1.8105374,-2.231,0.836666666666667
2022,1,31,18,0.152146,-3.407,0.933333333333333
2022,2,1,0,0.3347212,-3.787,0.951666666666667
2022,2,1,6,0.8824468,-4.065,0.953333333333333
2022,2,1,12,0.912876,-3.519,0.931666666666667
2022,2,1,18,0,-6.009,1
2022,2,2,0,0,-7.065,1
2022,2,2,6,0,-5.315,0.996666666666667
2022,2,2,12,0.532511,-3.204,0.971666666666667
2022,2,2,18,1.141095,-2.472,0.935
2022,2,3,0,1.0498074,-1.463,0.858333333333333
2022,2,3,6,1.7648936,-0.407,0.706666666666667
2022,2,3,12,1.0345928,0.565,0.561666666666667
2022,2,3,18,0.1673606,0.167,0.61
2022,2,4,0,0.1673606,0.13,0.675
2022,2,4,6,2.2213316,0.593,0.573333333333333
2022,2,4,12,2.9516324,1.12,0.431666666666667
2022,2,4,18,2.28219,0.704,0.473333333333333
2022,2,5,0,2.0235418,0.204,0.591666666666667
2022,2,5,6,0.0456438,0.398,0.606666666666667
2022,2,5,12,0,1.861,0.338333333333333
2022,2,5,18,0,0.954,0.631666666666667
2022,2,6,0,0,3.065,0.636666666666667
2022,2,6,6,0,4.704,0.69
2022,2,6,12,0,7.509,0.131666666666667
2022,2,6,18,0,5.972,0.256666666666667
2022,2,7,0,0.1977898,3.963,0.278333333333333
2022,2,7,6,1.597533,1.731,0.341666666666667
2022,2,7,12,1.2475972,1.352,0.423333333333333
2022,2,7,18,0.0304292,0.241,0.571666666666667
2022,2,8,0,0.0304292,-0.213,0.678333333333333
2022,2,8,6,0,0.639,0.565
2022,2,8,12,0.8520176,1.398,0.453333333333333
2022,2,8,18,0.5933694,1.315,0.445
2022,2,9,0,0.5781548,1.917,0.236666666666667
2022,2,9,6,0,3.481,0.0483333333333333
2022,2,9,12,0,5.046,0.0283333333333333
2022,2,9,18,0,3.981,0.045
2022,2,10,0,0,3.796,0.0733333333333333
2022,2,10,6,0,2.972,0.195
2022,2,10,12,0,3.139,0.131666666666667
2022,2,10,18,0,1.417,0.433333333333333
2022,2,11,0,0,2.037,0.531666666666667
2022,2,11,6,0,4.278,0.735
2022,2,11,12,0,7.12,0.133333333333333
2022,2,11,18,0,5,0.841666666666667
2022,2,12,0,0,4.981,1
2022,2,12,6,0,6.87,0.665
2022,2,12,12,0,9.343,0.07
2022,2,12,18,0,6.88,0.523333333333333
2022,2,13,0,0,5.25,0.706666666666667
2022,2,13,6,0,5.278,0.716666666666667
2022,2,13,12,0,7.685,0.111666666666667
2022,2,13,18,0,4.528,0.241666666666667
2022,2,14,0,0.2738628,2.889,0.316666666666667
2022,2,14,6,2.4951944,0.759,0.481666666666667
2022,2,14,12,1.1867388,0.833,0.475
2022,2,14,18,0.0912876,-0.954,0.716666666666667
2022,2,15,0,0.0912876,-0.63,0.673333333333333
2022,2,15,6,0.1217168,-0.028,0.571666666666667
2022,2,15,12,0.4716526,0.519,0.545
2022,2,15,18,0.9737344,-0.333,0.653333333333333
2022,2,16,0,0.7911592,-0.37,0.683333333333333
2022,2,16,6,0,0.241,0.606666666666667
2022,2,16,12,0,1.861,0.318333333333333
2022,2,16,18,0,-0.519,0.733333333333333
2022,2,17,0,0,-0.5,0.69
2022,2,17,6,0.0608584,0.472,0.568333333333333
2022,2,17,12,0,1.333,0.408333333333333
2022,2,17,18,0,0.185,0.535
2022,2,18,0,0,0.444,0.503333333333333
2022,2,18,6,0,0.944,0.495
2022,2,18,12,0,2.694,0.163333333333333
2022,2,18,18,0,0.824,0.493333333333333
2022,2,19,0,0,-0.019,0.656666666666667
2022,2,19,6,6.3292736,-0.528,0.71
2022,2,19,12,6.9530722,-0.398,0.701666666666667
2022,2,19,18,4.7013114,-0.731,0.683333333333333
2022,2,20,0,4.8382428,-2.019,0.806666666666667
2022,2,20,6,2.1909024,-2.509,0.85
2022,2,20,12,2.2517608,-2.065,0.793333333333333
2022,2,20,18,0.1065022,-4.074,0.975
2022,2,21,0,0.076073,-4.796,0.996666666666667
2022,2,21,6,0,-5.157,1
2022,2,21,12,0,-4.611,0.998333333333333
2022,2,21,18,0,-10.028,1
2022,2,22,0,0,-11.269,1
2022,2,22,6,0,-10.63,1
2022,2,22,12,0,-7.676,1
2022,2,22,18,0,-11.722,1
2022,2,23,0,0,-12.593,1
2022,2,23,6,0,-10.611,1
2022,2,23,12,0.0456438,-6.5,1
2022,2,23,18,0.1217168,-8.657,1
2022,2,24,0,0.076073,-9.148,1
2022,2,24,6,0,-6.787,1
2022,2,24,12,0,-2.88,1
2022,2,24,18,0,-7.083,1
2022,2,25,0,0,-7.935,1
2022,2,25,6,0,-5.861,1
2022,2,25,12,0,-0.731,0.921666666666667
2022,2,25,18,0,-3.093,1
2022,2,26,0,0,-1.287,1
2022,2,26,6,0.0456438,1.546,0.91
2022,2,26,12,1.0802366,2.861,0.571666666666667
2022,2,26,18,5.9793378,1.75,0.341666666666667
2022,2,27,0,6.009767,2.213,0.271666666666667
2022,2,27,6,6.694424,2,0.316666666666667
2022,2,27,12,2.9972762,2.676,0.305
2022,2,27,18,9.509125,1.815,0.378333333333333
2022,2,28,0,9.9503484,2.519,0.195
2022,2,28,6,7.3334372,2.269,0.22
2022,2,28,12,13.769213,3.324,0.07
2022,2,28,18,6.1010546,4.037,0.035
2022,3,1,0,5.4924706,3.12,0.075
2022,3,1,6,7.7290168,3.454,0.0833333333333333
2022,3,1,12,4.3970194,4.407,0.103333333333333
2022,3,1,18,2.0844002,2.981,0.221666666666667
2022,3,2,0,3.9101522,2.343,0.233333333333333
2022,3,2,6,10.7871514,2.417,0.206666666666667
2022,3,2,12,4.56438,2.889,0.141666666666667
2022,3,2,18,1.597533,1.333,0.393333333333333
2022,3,3,0,1.673606,0.398,0.526666666666667
2022,3,3,6,0.456438,-0.102,0.653333333333333
2022,3,3,12,0.0152146,0.509,0.581666666666667
2022,3,3,18,0,-2.509,0.89
2022,3,4,0,0,-2.454,0.948333333333333
2022,3,4,6,0,-0.88,0.781666666666667
2022,3,4,12,0,2.139,0.385
2022,3,4,18,0,-0.843,0.775
2022,3,5,0,0,-2.065,0.993333333333333
2022,3,5,6,0,-0.361,0.828333333333333
2022,3,5,12,0,2.593,0.393333333333333
2022,3,5,18,0,-0.88,0.873333333333333
2022,3,6,0,0,-2.056,0.996666666666667
2022,3,6,6,0,0.213,0.761666666666667
2022,3,6,12,0,3.898,0.165
2022,3,6,18,0,0.361,0.73
2022,3,7,0,0,-0.741,0.905
2022,3,7,6,0,0.037,0.635
2022,3,7,12,0.1825752,1.389,0.428333333333333
2022,3,7,18,0.0912876,-0.12,0.651666666666667
2022,3,8,0,0.1065022,-0.148,0.638333333333333
2022,3,8,6,0.076073,0.019,0.79
2022,3,8,12,0,1.361,0.791666666666667
2022,3,8,18,0,-3.889,1
2022,3,9,0,0,-5.944,1
2022,3,9,6,0,-5.528,1
2022,3,9,12,0,-2.111,0.998333333333333
2022,3,9,18,0,-5.102,1
2022,3,10,0,0,-6.102,1
2022,3,10,6,0,-4.065,0.998333333333333
2022,3,10,12,0,-0.611,0.916666666666667
2022,3,10,18,0.6390132,-2.861,0.998333333333333
2022,3,11,0,0,-2.88,0.996666666666667
2022,3,11,6,2.4191214,-1.231,0.895
2022,3,11,12,1.5518892,1.037,0.505
2022,3,11,18,1.0193782,0.139,0.718333333333333
2022,3,12,0,1.2019534,-0.352,0.773333333333333
2022,3,12,6,0.5172964,1.704,0.501666666666667
2022,3,12,12,0,4.833,0.34
2022,3,12,18,1.0041636,1.352,0.45
2022,3,13,0,1.2323826,1.019,0.423333333333333
2022,3,13,6,0.1977898,1.667,0.446666666666667
2022,3,13,12,0.3651504,3.759,0.2
2022,3,13,18,3.3015682,2,0.3
2022,3,14,0,2.9364178,1.065,0.443333333333333
2022,3,14,6,3.5297872,2.037,0.338333333333333
2022,3,14,12,4.5339508,3.028,0.205
2022,3,14,18,4.031869,1.204,0.43
2022,3,15,0,5.7663334,1.222,0.373333333333333
2022,3,15,6,7.6377292,1.093,0.43
2022,3,15,12,2.6473404,1.38,0.426666666666667
2022,3,15,18,3.4080704,0.046,0.566666666666667
2022,3,16,0,3.2863536,-0.954,0.736666666666667
2022,3,16,6,0.9280906,-0.13,0.628333333333333
2022,3,16,12,0.8215884,1.87,0.415
2022,3,16,18,0.0608584,-0.222,0.695
2022,3,17,0,0.2738628,0.231,0.651666666666667
2022,3,17,6,2.3126192,1.083,0.475
2022,3,17,12,4.7773844,1.241,0.426666666666667
2022,3,17,18,2.0691856,0.537,0.47
2022,3,18,0,1.977898,-0.306,0.683333333333333
2022,3,18,6,1.8713958,1.296,0.453333333333333
2022,3,18,12,2.2517608,3.083,0.308333333333333
2022,3,18,18,2.7081988,1.852,0.433333333333333
2022,3,19,0,2.3430484,1.407,0.42
2022,3,19,6,6.4205612,0.472,0.516666666666667
2022,3,19,12,1.7192498,0.065,0.633333333333333
2022,3,19,18,0.9433052,-1.991,0.848333333333333
2022,3,20,0,1.141095,-2.861,0.926666666666667
2022,3,20,6,0.8672322,-1.787,0.826666666666667
2022,3,20,12,2.1148294,0.481,0.625
2022,3,20,18,3.271139,-0.194,0.685
2022,3,21,0,3.575431,-0.056,0.706666666666667
2022,3,21,6,4.8382428,1.019,0.481666666666667
2022,3,21,12,0.5172964,3.037,0.111666666666667
2022,3,21,18,0.076073,2.87,0.115
2022,3,22,0,0.076073,3.852,0.0316666666666667
2022,3,22,6,0.0152146,5.657,0.025
2022,3,22,12,0,8.509,0.00333333333333333
2022,3,22,18,0,7.426,0.0283333333333333
2022,3,23,0,0,6.806,0.0283333333333333
2022,3,23,6,0.4412234,6.343,0.03
2022,3,23,12,7.7898752,3.954,0.1
2022,3,23,18,0.1673606,1.213,0.446666666666667
2022,3,24,0,0.1673606,-0.907,0.791666666666667
2022,3,24,6,0,1.241,0.631666666666667
2022,3,24,12,0,6.306,0.135
2022,3,24,18,0,4.472,0.366666666666667
2022,3,25,0,0,3.861,0.376666666666667
2022,3,25,6,0,4.676,0.19
2022,3,25,12,0.1369314,5.722,0.0766666666666667
2022,3,25,18,0,3.361,0.286666666666667
2022,3,26,0,0.5781548,2.713,0.365
2022,3,26,6,1.597533,3.963,0.118333333333333
2022,3,26,12,0.4260088,6.657,0.03
2022,3,26,18,0.3955796,5.509,0.035
2022,3,27,0,0.304292,5.787,0.0333333333333333
2022,3,27,6,0.0152146,8.343,0.025
2022,3,27,12,0.0608584,10.62,0.03
2022,3,27,18,0.076073,7.176,0.03
2022,3,28,0,0.4716526,5.204,0.035
2022,3,28,6,5.3403246,4.546,0.0483333333333333
2022,3,28,12,0.836803,5.463,0.03
2022,3,28,18,0.0608584,3.907,0.116666666666667
2022,3,29,0,0.0608584,2.694,0.238333333333333
2022,3,29,6,0,4.657,0.118333333333333
2022,3,29,12,0.2586482,6.306,0.025
2022,3,29,18,0.8215884,4.139,0.095
2022,3,30,0,0.76073,1.389,0.406666666666667
2022,3,30,6,2.8755594,0.602,0.53
2022,3,30,12,1.0954512,2.102,0.418333333333333
2022,3,30,18,0.8215884,0.25,0.575
2022,3,31,0,1.1563096,-0.731,0.693333333333333
2022,3,31,6,1.6279622,-0.815,0.706666666666667
2022,3,31,12,0.9280906,1.102,0.516666666666667
2022,3,31,18,0.0608584,-0.731,0.781666666666667
2022,4,1,0,0.0608584,-1.352,0.853333333333333
2022,4,1,6,0,0.722,0.575
2022,4,1,12,0.2890774,2.241,0.361666666666667
2022,4,1,18,3.2254952,0.843,0.441666666666667
2022,4,2,0,1.6888206,-0.426,0.628333333333333
2022,4,2,6,0.3347212,-0.333,0.653333333333333
2022,4,2,12,0.5629402,2.194,0.413333333333333
2022,4,2,18,0.0304292,0.889,0.543333333333333
2022,4,3,0,0.5781548,0.62,0.618333333333333
2022,4,3,6,3.7123624,1.778,0.466666666666667
2022,4,3,12,4.336161,2.722,0.328333333333333
2022,4,3,18,7.683373,1.963,0.34
2022,4,4,0,6.8161408,0.833,0.478333333333333
2022,4,4,6,8.9157556,-1.102,0.715
2022,4,4,12,5.0816764,-1.426,0.76
2022,4,4,18,7.3942956,-2.343,0.866666666666667
2022,4,5,0,8.1245964,-2.509,0.915
2022,4,5,6,9.6764856,-1.796,0.83
2022,4,5,12,3.5145726,-0.306,0.665
2022,4,5,18,0.3195066,-2.324,0.918333333333333
2022,4,6,0,0.3195066,-4.028,1
2022,4,6,6,0,0.278,0.723333333333333
2022,4,6,12,0,6.185,0.15
2022,4,6,18,0,4.38,0.376666666666667
2022,4,7,0,0,5.37,0.285
2022,4,7,6,0,8.935,0.0683333333333333
2022,4,7,12,0,13.231,0
2022,4,7,18,2.9820616,10.722,0.02
2022,4,8,0,4.0166544,4.991,0.0933333333333333
2022,4,8,6,4.2448734,1.648,0.358333333333333
2022,4,8,12,2.4799798,1.435,0.44
2022,4,8,18,2.3278338,-0.583,0.673333333333333
2022,4,9,0,2.6321258,-2.083,0.825
2022,4,9,6,5.7511188,-2.25,0.831666666666667
2022,4,9,12,4.336161,-1.056,0.766666666666667
2022,4,9,18,0.4107942,-3.065,0.931666666666667
2022,4,10,0,0.4107942,-4.12,1
2022,4,10,6,0.1065022,-1.87,0.873333333333333
2022,4,10,12,1.4149578,-0.796,0.74
2022,4,10,18,0.3347212,-3.194,0.93
2022,4,11,0,0.3195066,-3.861,1
2022,4,11,6,0,-0.815,0.86
2022,4,11,12,0.1825752,1.963,0.666666666666667
2022,4,11,18,0.4868672,-1.426,0.895
2022,4,12,0,0.76073,-2.861,0.928333333333333
2022,4,12,6,1.3540994,-2,0.851666666666667
2022,4,12,12,0.6542278,-0.898,0.77
2022,4,12,18,0.608584,-3.38,0.976666666666667
2022,4,13,0,0.608584,-4.352,1
2022,4,13,6,0,-1.333,0.916666666666667
2022,4,13,12,0.4716526,0.537,0.753333333333333
2022,4,13,18,0.3195066,-2.861,0.945
2022,4,14,0,0.3195066,-4.037,1
2022,4,14,6,0,-1.231,0.925
2022,4,14,12,0.1369314,0.62,0.75
2022,4,14,18,0.0456438,-2.685,0.918333333333333
2022,4,15,0,0.0912876,-4.787,0.996666666666667
2022,4,15,6,0.7150862,-2.167,0.87
2022,4,15,12,0.9280906,0.13,0.68
2022,4,15,18,0.0608584,-2.343,0.898333333333333
2022,4,16,0,0.0608584,-3.796,1
2022,4,16,6,0.1369314,-0.611,0.851666666666667
2022,4,16,12,0.6694424,1,0.65
2022,4,16,18,0.152146,-1.954,0.865
2022,4,17,0,0.152146,-3.5,0.983333333333333
2022,4,17,6,1.3388848,-0.509,0.745
2022,4,17,12,0.684657,3.861,0.403333333333333
2022,4,17,18,0,1.574,0.698333333333333
2022,4,18,0,0.2434336,0.917,0.695
2022,4,18,6,1.4301724,2.694,0.328333333333333
2022,4,18,12,1.4910308,3.648,0.19
2022,4,18,18,6.466205,-0.361,0.626666666666667
2022,4,19,0,6.5727072,-2.009,0.85
2022,4,19,6,2.0691856,-0.935,0.72
2022,4,19,12,1.6583914,1,0.505
2022,4,19,18,0.076073,-1.852,0.881666666666667
2022,4,20,0,0.076073,-2.907,1
2022,4,20,6,0,2.009,0.668333333333333
2022,4,20,12,0.152146,4.472,0.33
2022,4,20,18,0.3499358,1.62,0.473333333333333
2022,4,21,0,0.3347212,0.435,0.785
2022,4,21,6,0.076073,2.056,0.425
2022,4,21,12,0.2890774,3.648,0.238333333333333
2022,4,21,18,0.1065022,1.315,0.448333333333333
2022,4,22,0,0.1065022,-0.019,0.595
2022,4,22,6,0.0912876,1.944,0.36
2022,4,22,12,0.3195066,4.231,0.151666666666667
2022,4,22,18,0.0152146,1.806,0.396666666666667
2022,4,23,0,0.0152146,-0.037,0.643333333333333
2022,4,23,6,0,2.657,0.338333333333333
2022,4,23,12,0,5.806,0.0766666666666667
2022,4,23,18,0,3.222,0.311666666666667
2022,4,24,0,0,2.278,0.518333333333333
2022,4,24,6,0,6.278,0.156666666666667
2022,4,24,12,0,9.981,0.03
2022,4,24,18,0.9280906,5.972,0.0733333333333333
2022,4,25,0,0.8672322,4.019,0.0816666666666667
2022,4,25,6,2.510409,3.269,0.145
2022,4,25,12,0.9737344,3.722,0.16
2022,4,25,18,2.1756878,0.852,0.515
2022,4,26,0,2.0844002,-0.537,0.65
2022,4,26,6,0.2434336,0.917,0.51
2022,4,26,12,2.8451302,2.315,0.376666666666667
2022,4,26,18,0.0912876,-0.481,0.673333333333333
2022,4,27,0,0,-2.324,0.905
2022,4,27,6,0.684657,-0.037,0.633333333333333
2022,4,27,12,0.9585198,2.62,0.396666666666667
2022,4,27,18,0.0152146,0.037,0.635
2022,4,28,0,0.0152146,-1.648,0.878333333333333
2022,4,28,6,0,1.509,0.515
2022,4,28,12,1.0041636,3.185,0.271666666666667
2022,4,28,18,0.2586482,0.667,0.535
2022,4,29,0,0.2434336,-0.713,0.721666666666667
2022,4,29,6,0.4412234,2.333,0.366666666666667
2022,4,29,12,0.456438,5.88,0.121666666666667
2022,4,29,18,0.0152146,4.176,0.243333333333333
2022,4,30,0,0.2434336,2.898,0.253333333333333
2022,4,30,6,2.7690572,4.333,0.085
2022,4,30,12,0.9737344,6.157,0.0383333333333333
2022,4,30,18,0.1977898,4.213,0.11
2022,5,1,0,0.2130044,2.093,0.265
2022,5,1,6,0.2130044,4.685,0.0933333333333333
2022,5,1,12,0.3347212,7.148,0.03
2022,5,1,18,0,6.065,0.0383333333333333
2022,5,2,0,0.2586482,5.62,0.0433333333333333
2022,5,2,6,2.4039068,4.491,0.0516666666666667
2022,5,2,12,0.1977898,5.019,0.0333333333333333
2022,5,2,18,0.0456438,3.917,0.108333333333333
2022,5,3,0,0.0608584,3.546,0.133333333333333
2022,5,3,6,0.1369314,4.102,0.0983333333333333
2022,5,3,12,0.5629402,4.713,0.05
2022,5,3,18,0.1977898,3.12,0.105
2022,5,4,0,1.065022,2.972,0.0666666666666667
2022,5,4,6,5.629402,5,0.03
2022,5,4,12,0.5477256,7.963,0.02
2022,5,4,18,3.8645084,6.148,0.03
2022,5,5,0,3.0733492,4.917,0.035
2022,5,5,6,3.8340792,4.611,0.0833333333333333
2022,5,5,12,2.6169112,3.981,0.131666666666667
2022,5,5,18,3.1342076,2.769,0.19
2022,5,6,0,3.2254952,0.12,0.618333333333333
2022,5,6,6,0.228219,2.806,0.335
2022,5,6,12,2.1452586,4.083,0.125
2022,5,6,18,1.065022,2.509,0.201666666666667
2022,5,7,0,0.9433052,0.972,0.423333333333333
2022,5,7,6,0.532511,1.741,0.421666666666667
2022,5,7,12,0.5020818,2.963,0.335
2022,5,7,18,0.152146,-0.046,0.628333333333333
2022,5,8,0,0.152146,-1.815,0.813333333333333
2022,5,8,6,0.5629402,-0.343,0.66
2022,5,8,12,1.2323826,1.889,0.433333333333333
2022,5,8,18,0.1673606,-0.333,0.668333333333333
2022,5,9,0,0.1673606,-1.287,0.763333333333333
2022,5,9,6,0.7759446,0.509,0.54
2022,5,9,12,0.6542278,2.759,0.335
2022,5,9,18,0.0912876,1.491,0.43
2022,5,10,0,0.076073,-0.194,0.67
2022,5,10,6,0.0152146,1.75,0.438333333333333
2022,5,10,12,0,4.287,0.231666666666667
2022,5,10,18,0,1.657,0.49
2022,5,11,0,0,0.306,0.571666666666667
2022,5,11,6,0.2434336,3.287,0.303333333333333
2022,5,11,12,0.304292,5.926,0.15
2022,5,11,18,0.3499358,2.657,0.398333333333333
2022,5,12,0,0.1825752,1.111,0.546666666666667
2022,5,12,6,0.1369314,3.917,0.243333333333333
2022,5,12,12,3.651504,3.843,0.186666666666667
2022,5,12,18,2.2974046,-0.259,0.643333333333333
2022,5,13,0,2.6169112,-1.537,0.77
2022,5,13,6,1.4301724,0.231,0.626666666666667
2022,5,13,12,0.3651504,3.926,0.3
2022,5,13,18,0.0456438,2.685,0.398333333333333
2022,5,14,0,0.456438,2.185,0.331666666666667
2022,5,14,6,2.966847,4.991,0.0533333333333333
2022,5,14,12,0.5933694,7.583,0.03
2022,5,14,18,0.076073,5.722,0.05
2022,5,15,0,0.7455154,5.12,0.0433333333333333
2022,5,15,6,4.7773844,7.389,0.0233333333333333
2022,5,15,12,5.9793378,8.509,0.02
2022,5,15,18,1.9170396,7.241,0.0266666666666667
2022,5,16,0,1.9322542,5.361,0.035
2022,5,16,6,4.8230282,4.917,0.0616666666666667
2022,5,16,12,2.1452586,4.417,0.126666666666667
2022,5,16,18,0.8520176,2.231,0.345
2022,5,17,0,0.8520176,0.444,0.621666666666667
2022,5,17,6,0.4107942,2.481,0.343333333333333
2022,5,17,12,0.8824468,4.87,0.118333333333333
2022,5,17,18,0,3.62,0.21
2022,5,18,0,0.836803,3.139,0.256666666666667
2022,5,18,6,4.6556676,2.852,0.245
2022,5,18,12,1.749679,3.046,0.263333333333333
2022,5,18,18,1.2323826,1.12,0.471666666666667
2022,5,19,0,1.1563096,-0.259,0.655
2022,5,19,6,0.2586482,0.907,0.516666666666667
2022,5,19,12,0.076073,3.148,0.283333333333333
2022,5,19,18,0,2.111,0.41
2022,5,20,0,0,0.833,0.516666666666667
2022,5,20,6,0.0152146,4.907,0.118333333333333
2022,5,20,12,0.3195066,7.269,0.035
2022,5,20,18,0.076073,4.204,0.161666666666667
2022,5,21,0,0.076073,2.694,0.333333333333333
2022,5,21,6,0.0304292,6.694,0.09
2022,5,21,12,0.0608584,9.139,0.03
2022,5,21,18,0,6.315,0.0916666666666667
2022,5,22,0,0,4.343,0.213333333333333
2022,5,22,6,0,8.546,0.045
2022,5,22,12,0,11.722,0.0266666666666667
2022,5,22,18,0,8.093,0.0516666666666667
2022,5,23,0,0,5.769,0.0733333333333333
2022,5,23,6,0.2738628,6.417,0.0416666666666667
2022,5,23,12,0.8063738,7.287,0.03
2022,5,23,18,0.0456438,5.454,0.0933333333333333
2022,5,24,0,0.0456438,3.648,0.185
2022,5,24,6,0,6.713,0.0516666666666667
2022,5,24,12,0.1673606,8.528,0.03
2022,5,24,18,0.2586482,5.889,0.04
2022,5,25,0,0.3195066,5.528,0.0316666666666667
2022,5,25,6,0.304292,7.269,0.03
2022,5,25,12,1.0041636,9.463,0.03
2022,5,25,18,0.1369314,7.491,0.04
2022,5,26,0,0.1217168,6.37,0.0966666666666667
2022,5,26,6,0,10.139,0.0233333333333333
2022,5,26,12,1.6279622,11.528,0.00833333333333333
2022,5,26,18,5.3707538,8.991,0.0133333333333333
2022,5,27,0,4.8382428,7.556,0.0233333333333333
2022,5,27,6,1.0345928,6.194,0.0366666666666667
2022,5,27,12,1.7801082,6.843,0.035
2022,5,27,18,2.0235418,4.537,0.101666666666667
2022,5,28,0,1.9931126,3.185,0.161666666666667
2022,5,28,6,0.6694424,5.528,0.0633333333333333
2022,5,28,12,1.2019534,7.565,0.03
2022,5,28,18,2.1604732,5.62,0.0333333333333333
2022,5,29,0,2.9212032,4.315,0.0733333333333333
2022,5,29,6,6.3444882,4.667,0.0683333333333333
2022,5,29,12,15.6101796,7.898,0.0383333333333333
2022,5,29,18,0.2738628,3.889,0.161666666666667
2022,5,30,0,0.380365,2.463,0.225
2022,5,30,6,0.4868672,4.509,0.055
2022,5,30,12,0.228219,6.583,0.0283333333333333
2022,5,30,18,0,6.139,0.0266666666666667
2022,5,31,0,0,6.194,0.03
2022,5,31,6,0,9.685,0.02
2022,5,31,12,0.1217168,13.222,0
2022,5,31,18,0.0152146,10.815,0.0216666666666667
2022,6,1,0,0.0152146,10.074,0.03
2022,6,1,6,0,13.574,0.015
2022,6,1,12,0.1977898,14.574,0
2022,6,1,18,0.1217168,10.694,0.00333333333333333
2022,6,2,0,0.1217168,9.583,0.00333333333333333
2022,6,2,6,0.6237986,13.389,0
2022,6,2,12,2.3430484,15.074,0
2022,6,2,18,1.5366746,11.333,0
2022,6,3,0,1.6431768,9.815,0.015
2022,6,3,6,7.3942956,10.269,0.01
2022,6,3,12,6.7552824,10.148,0.02
2022,6,3,18,0.5477256,7.713,0.0283333333333333
2022,6,4,0,0.5172964,6.546,0.03
2022,6,4,6,0.0608584,9.62,0.0233333333333333
2022,6,4,12,1.7192498,12.287,0.00333333333333333
2022,6,4,18,2.6473404,10.019,0.00333333333333333
2022,6,5,0,2.9972762,9.019,0
2022,6,5,6,4.7317406,9.713,0.01
2022,6,5,12,6.7857116,9.25,0.02
2022,6,5,18,5.1425348,6.574,0.0283333333333333
2022,6,6,0,4.5035216,4.417,0.0616666666666667
2022,6,6,6,0.152146,5.815,0.0633333333333333
2022,6,6,12,0.228219,7.806,0.03
2022,6,6,18,0.0304292,6.037,0.0433333333333333
2022,6,7,0,0.0152146,4.806,0.0666666666666667
2022,6,7,6,0,11.407,0.02
2022,6,7,12,0,15.843,0
2022,6,7,18,4.184015,11.324,0.01
2022,6,8,0,2.8755594,8.333,0.025
2022,6,8,6,0,9.62,0.0283333333333333
2022,6,8,12,0,11.213,0.02
2022,6,8,18,0,8.685,0.0316666666666667
2022,6,9,0,0,7.87,0.0333333333333333
2022,6,9,6,2.9059886,8.241,0.0133333333333333
2022,6,9,12,7.9724504,8.63,0.00333333333333333
2022,6,9,18,5.8271918,9.083,0
2022,6,10,0,5.7967626,8.87,0.00666666666666667
2022,6,10,6,1.7648936,10.259,0
2022,6,10,12,4.1231566,11.796,0.00333333333333333
2022,6,10,18,1.4910308,8.556,0.02
2022,6,11,0,1.5671038,7.269,0.025
2022,6,11,6,1.065022,8.056,0.025
2022,6,11,12,1.749679,10.306,0.0216666666666667
2022,6,11,18,0.304292,8.065,0.0266666666666667
2022,6,12,0,0.5172964,6.556,0.03
2022,6,12,6,2.1148294,6.352,0.03
2022,6,12,12,4.9295304,7.241,0.03
2022,6,12,18,2.9516324,5.685,0.0366666666666667
2022,6,13,0,2.7994864,4.111,0.0866666666666667
2022,6,13,6,2.9516324,4.5,0.0716666666666667
2022,6,13,12,0.7455154,6.065,0.0516666666666667
2022,6,13,18,1.2780264,4.454,0.106666666666667
2022,6,14,0,1.1106658,3.074,0.173333333333333
2022,6,14,6,0.9280906,3.926,0.108333333333333
2022,6,14,12,0.4107942,6.343,0.03
2022,6,14,18,0.076073,5.62,0.0383333333333333
2022,6,15,0,0.076073,4.639,0.0416666666666667
2022,6,15,6,0,8.861,0.00166666666666667
2022,6,15,12,1.3997432,10.333,0.00666666666666667
2022,6,15,18,1.1563096,7.731,0.0266666666666667
2022,6,16,0,0.8520176,6.176,0.03
2022,6,16,6,0.4260088,8.352,0.025
2022,6,16,12,0.7911592,9.667,0.0283333333333333
2022,6,16,18,0.0912876,7.759,0.0283333333333333
2022,6,17,0,0.076073,6.148,0.0433333333333333
2022,6,17,6,0.0456438,9.296,0.025
2022,6,17,12,3.271139,9.741,0.0166666666666667
2022,6,17,18,1.1867388,7.343,0.025
2022,6,18,0,1.217168,5.926,0.03
2022,6,18,6,1.0193782,6.667,0.03
2022,6,18,12,1.6279622,7.944,0.0283333333333333
2022,6,18,18,0.304292,6.398,0.0316666666666667
2022,6,19,0,0.3955796,6,0.03
2022,6,19,6,0.608584,6.639,0.03
2022,6,19,12,0.8520176,8.639,0.0233333333333333
2022,6,19,18,0.2890774,7.62,0.0266666666666667
2022,6,20,0,0.2738628,6.528,0.03
2022,6,20,6,0,7.824,0.00333333333333333
2022,6,20,12,0,9.676,0
2022,6,20,18,0,8.25,0.00333333333333333
2022,6,21,0,0,7.454,0.0183333333333333
2022,6,21,6,0,11.13,0
2022,6,21,12,0.0152146,13.167,0
2022,6,21,18,1.9170396,10.991,0
2022,6,22,0,1.6279622,9.963,0
2022,6,22,6,0.228219,9.537,0
2022,6,22,12,0.0304292,11.296,0.01
2022,6,22,18,0,8,0.0333333333333333
2022,6,23,0,0,5.213,0.0583333333333333
2022,6,23,6,0,6.907,0.0466666666666667
2022,6,23,12,0,10.417,0.03
2022,6,23,18,0,7.75,0.0416666666666667
2022,6,24,0,0,6.426,0.0366666666666667
2022,6,24,6,0,11.981,0.015
2022,6,24,12,0,15.759,0
2022,6,24,18,0,13.38,0
2022,6,25,0,0,12.25,0.00833333333333333
2022,6,25,6,0,16.519,0
2022,6,25,12,0,20.194,0
2022,6,25,18,0,17.528,0
2022,6,26,0,0,15.5,0
2022,6,26,6,0,19.231,0
2022,6,26,12,0,22.565,0
2022,6,26,18,0,20.185,0
2022,6,27,0,0,18.157,0
2022,6,27,6,0,21.731,0
2022,6,27,12,0,24.509,0
2022,6,27,18,0.0152146,19.574,0
2022,6,28,0,0.0152146,13.843,0
2022,6,28,6,0,13.176,0.00333333333333333
2022,6,28,12,1.2323826,11.75,0.01
2022,6,28,18,1.2628118,8.454,0.025
2022,6,29,0,1.141095,7.833,0.0233333333333333
2022,6,29,6,0.1673606,8.778,0.02
2022,6,29,12,0.0912876,10.343,0
2022,6,29,18,0,9.019,0
2022,6,30,0,0,7.62,0.0183333333333333
2022,6,30,6,0,11.722,0
2022,6,30,12,0,14.704,0
2022,6,30,18,0,12.435,0
2022,7,1,0,0,9.509,0
2022,7,1,6,0,12.685,0
2022,7,1,12,0,14.991,0
2022,7,1,18,0,12.5,0
2022,7,2,0,0,9.546,0.0183333333333333
2022,7,2,6,0,13.269,0
2022,7,2,12,0,15.324,0
2022,7,2,18,0.0152146,12.611,0
2022,7,3,0,0.0912876,9.926,0
2022,7,3,6,6.3597028,9.611,0
2022,7,3,12,0.1673606,9.074,0
2022,7,3,18,0.5020818,8,0.00833333333333333
2022,7,4,0,0.5172964,7.352,0.0283333333333333
2022,7,4,6,0,8.796,0.0166666666666667
2022,7,4,12,0,10.5,0
2022,7,4,18,0,8.954,0.0216666666666667
2022,7,5,0,0,7.759,0.025
2022,7,5,6,0,12.231,0
2022,7,5,12,0,15.472,0
2022,7,5,18,0.0608584,13.019,0
2022,7,6,0,0.0608584,11.009,0
2022,7,6,6,0.3955796,13.009,0
2022,7,6,12,1.7192498,14.731,0
2022,7,6,18,2.1756878,12.343,0
2022,7,7,0,1.7648936,10.833,0
2022,7,7,6,0.2130044,11.565,0
2022,7,7,12,0.4868672,13.352,0
2022,7,7,18,0.0304292,11.491,0
2022,7,8,0,0.0304292,9.713,0
2022,7,8,6,0.1065022,11.833,0
2022,7,8,12,0.2130044,13.389,0
2022,7,8,18,0,11.407,0
2022,7,9,0,0,9.315,0.01
2022,7,9,6,0,11.991,0
2022,7,9,12,0.0608584,13.917,0
2022,7,9,18,0.0152146,11.296,0.00666666666666667
2022,7,10,0,0.0152146,9.287,0.0133333333333333
2022,7,10,6,0,11.111,0
2022,7,10,12,0,14.009,0
2022,7,10,18,0,12.435,0
2022,7,11,0,0,11.028,0
2022,7,11,6,0,16.815,0
2022,7,11,12,0,21.417,0
2022,7,11,18,0,18.407,0
2022,7,12,0,0,16.028,0
2022,7,12,6,0,18.426,0
2022,7,12,12,0,20.139,0
2022,7,12,18,0,14.648,0
2022,7,13,0,0,9.824,0
2022,7,13,6,0,11.676,0.00333333333333333
2022,7,13,12,0,14.852,0
2022,7,13,18,0,12.269,0.00166666666666667
2022,7,14,0,0,9.944,0.00666666666666667
2022,7,14,6,0,13.787,0
2022,7,14,12,0,17.185,0
2022,7,14,18,0,14.537,0
2022,7,15,0,0,11.833,0.00666666666666667
2022,7,15,6,0,13.806,0
2022,7,15,12,0.4412234,15.398,0
2022,7,15,18,0.228219,13.083,0
2022,7,16,0,0.6390132,11.38,0
2022,7,16,6,0.1369314,12.296,0
2022,7,16,12,0.1369314,12.991,0
2022,7,16,18,0,10.13,0
2022,7,17,0,0.0456438,8.491,0.015
2022,7,17,6,0.8215884,9.546,0.0116666666666667
2022,7,17,12,2.966847,10.213,0.00666666666666667
2022,7,17,18,1.3236702,8.667,0.0233333333333333
2022,7,18,0,1.293241,8.176,0.0133333333333333
2022,7,18,6,0.456438,9.667,0
2022,7,18,12,0.6694424,12.019,0
2022,7,18,18,0,11.139,0
2022,7,19,0,0,10.231,0
2022,7,19,6,0,14.787,0
2022,7,19,12,0,18.361,0
2022,7,19,18,0,15.074,0.00333333333333333
2022,7,20,0,0,12.815,0
2022,7,20,6,0,16.046,0
2022,7,20,12,0,19.269,0
2022,7,20,18,0,16.407,0
2022,7,21,0,0,13.898,0
2022,7,21,6,0,16.389,0
2022,7,21,12,0,18.806,0
2022,7,21,18,0,15.287,0
2022,7,22,0,0,11.981,0
2022,7,22,6,0,13.102,0
2022,7,22,12,0,15.361,0
2022,7,22,18,0,13.13,0.0133333333333333
2022,7,23,0,0,10.519,0.01
2022,7,23,6,0,12.898,0
2022,7,23,12,0,15.769,0
2022,7,23,18,0,14.259,0
2022,7,24,0,0,12.88,0
2022,7,24,6,0,16.944,0
2022,7,24,12,0,21.065,0
2022,7,24,18,0,17.806,0
2022,7,25,0,0,16.574,0
2022,7,25,6,0,20.407,0
2022,7,25,12,0,23.685,0
2022,7,25,18,0,21.046,0
2022,7,26,0,0,20.12,0
2022,7,26,6,0,23.648,0
2022,7,26,12,0,26.685,0
2022,7,26,18,0,22.917,0
2022,7,27,0,0,20.139,0
2022,7,27,6,0,22.37,0
2022,7,27,12,0,25.333,0
2022,7,27,18,0,22.176,0
2022,7,28,0,0,19.731,0
2022,7,28,6,0,22.574,0
2022,7,28,12,0,26.065,0
2022,7,28,18,0,22.556,0
2022,7,29,0,0,20.556,0
2022,7,29,6,0,23.361,0
2022,7,29,12,0,26.778,0
2022,7,29,18,0,21.944,0
2022,7,30,0,0,19.241,0
2022,7,30,6,0,22.167,0
2022,7,30,12,0,25.269,0
2022,7,30,18,0,20.833,0.005
2022,7,31,0,0,18.148,0
2022,7,31,6,0,21.019,0
2022,7,31,12,0,24.602,0
2022,7,31,18,0,20.315,0
2022,8,1,0,0,17.889,0
2022,8,1,6,0,19.019,0
2022,8,1,12,0,20.565,0
2022,8,1,18,0,15.657,0
2022,8,2,0,0,12.315,0
2022,8,2,6,0,13.574,0
2022,8,2,12,0,16.278,0
2022,8,2,18,0,13.713,0.005
2022,8,3,0,0,11.407,0
2022,8,3,6,0,14.213,0
2022,8,3,12,0,16.269,0
2022,8,3,18,4.412234,11.731,0
2022,8,4,0,2.358263,9.287,0
2022,8,4,6,0.7303008,8.63,0.0216666666666667
2022,8,4,12,0.076073,10.5,0.01
2022,8,4,18,0.0304292,8.852,0.0283333333333333
2022,8,5,0,0.0152146,7.102,0.03
2022,8,5,6,0,12.296,0.00833333333333333
2022,8,5,12,0,16.306,0
2022,8,5,18,0,13.509,0.00333333333333333
2022,8,6,0,0,12.213,0.0283333333333333
2022,8,6,6,0,15.843,0
2022,8,6,12,0,19.278,0
2022,8,6,18,0,16.269,0
2022,8,7,0,0,15.12,0
2022,8,7,6,0,19.278,0
2022,8,7,12,0,22.944,0
2022,8,7,18,0,19.13,0
2022,8,8,0,0,16.861,0
2022,8,8,6,0,19.88,0
2022,8,8,12,0,23.287,0
2022,8,8,18,0,19.574,0
2022,8,9,0,0,17.667,0
2022,8,9,6,0,20.593,0
2022,8,9,12,0,23.435,0
2022,8,9,18,0,20.519,0
2022,8,10,0,0,18.796,0
2022,8,10,6,0,18.519,0
2022,8,10,12,0,17.778,0
2022,8,10,18,0,14.324,0
2022,8,11,0,0,12.435,0
2022,8,11,6,0,14.741,0
2022,8,11,12,0,18.639,0
2022,8,11,18,0,16.074,0
2022,8,12,0,0,14.481,0
2022,8,12,6,0,16.833,0
2022,8,12,12,0,18.602,0
2022,8,12,18,0,14.222,0
2022,8,13,0,0,10.63,0
2022,8,13,6,0,11.389,0
2022,8,13,12,0,13.861,0
2022,8,13,18,0,11.574,0
2022,8,14,0,0,9.685,0
2022,8,14,6,0,13.602,0
2022,8,14,12,0,17.963,0
2022,8,14,18,0,14.88,0
2022,8,15,0,0,13.426,0
2022,8,15,6,0,16.667,0
2022,8,15,12,0,20.389,0
2022,8,15,18,0,16.565,0
2022,8,16,0,0,13.926,0
2022,8,16,6,0,16.222,0
2022,8,16,12,0,20.417,0
2022,8,16,18,0,17.38,0
2022,8,17,0,0,16.981,0
2022,8,17,6,0,21.75,0
2022,8,17,12,0,26.157,0
2022,8,17,18,0,23.426,0
2022,8,18,0,0,21.954,0
2022,8,18,6,0,24.037,0
2022,8,18,12,0,26.694,0
2022,8,18,18,0,22.62,0
2022,8,19,0,0,21,0
2022,8,19,6,0,20.667,0
2022,8,19,12,0,21.185,0
2022,8,19,18,0.1217168,17.306,0
2022,8,20,0,0.1217168,14.472,0
2022,8,20,6,0,15.787,0
2022,8,20,12,0,17.963,0
2022,8,20,18,0,15.75,0
2022,8,21,0,0,14.25,0
2022,8,21,6,0,15.213,0
2022,8,21,12,0,18.241,0
2022,8,21,18,0,16.167,0
2022,8,22,0,0,14.389,0
2022,8,22,6,0,16.833,0
2022,8,22,12,0,19.917,0
2022,8,22,18,0,16.194,0
2022,8,23,0,0,14.13,0
2022,8,23,6,0,16.824,0
2022,8,23,12,0,20.639,0
2022,8,23,18,0,17.574,0
2022,8,24,0,0,16.398,0
2022,8,24,6,0,19.556,0
2022,8,24,12,0,22.907,0
2022,8,24,18,0,19.62,0
2022,8,25,0,0,17.935,0
2022,8,25,6,0,19.759,0
2022,8,25,12,0,22.676,0
2022,8,25,18,0,18.676,0
2022,8,26,0,0,15.435,0
2022,8,26,6,0,15.083,0
2022,8,26,12,0,14.731,0
2022,8,26,18,0,12.102,0
2022,8,27,0,0,9.722,0
2022,8,27,6,0,9.065,0.00833333333333333
2022,8,27,12,0,10.935,0.0166666666666667
2022,8,27,18,0,8.889,0.0133333333333333
2022,8,28,0,0,8.167,0.00333333333333333
2022,8,28,6,0,10.917,0
2022,8,28,12,0,15.019,0
2022,8,28,18,0,12.546,0
2022,8,29,0,0,12.204,0
2022,8,29,6,0,16.25,0
2022,8,29,12,0,21.194,0
2022,8,29,18,0,18.315,0
2022,8,30,0,0,18.194,0
2022,8,30,6,0,21.222,0
2022,8,30,12,0,25.083,0
2022,8,30,18,0,21.87,0
2022,8,31,0,0,20.852,0
2022,8,31,6,0,22.852,0
2022,8,31,12,0,23.75,0
2022,8,31,18,0,18.185,0
2022,9,1,0,0,15.056,0
2022,9,1,6,0,17.213,0
2022,9,1,12,0,21.019,0
2022,9,1,18,0,18.389,0
2022,9,2,0,0,18.185,0
2022,9,2,6,0,21.463,0
2022,9,2,12,0,25.333,0
2022,9,2,18,0,18.889,0
2022,9,3,0,0,13.972,0
2022,9,3,6,0,13.25,0
2022,9,3,12,0,15.231,0
2022,9,3,18,0,11.861,0
2022,9,4,0,0,10.444,0
2022,9,4,6,0,13.333,0
2022,9,4,12,0.456438,14.389,0
2022,9,4,18,0.8672322,10.843,0
2022,9,5,0,0.8063738,7.917,0.03
2022,9,5,6,0,9.685,0.0216666666666667
2022,9,5,12,0,13.333,0.00166666666666667
2022,9,5,18,0,10.324,0.00666666666666667
2022,9,6,0,0,11.074,0
2022,9,6,6,0,15.389,0
2022,9,6,12,0,19.657,0
2022,9,6,18,0,15.481,0
2022,9,7,0,0,12.88,0
2022,9,7,6,0,12.333,0
2022,9,7,12,0,14.398,0.00333333333333333
2022,9,7,18,0,9.759,0.0316666666666667
2022,9,8,0,0,7.565,0.0366666666666667
2022,9,8,6,0,10.833,0.02
2022,9,8,12,0,14.963,0
2022,9,8,18,0,11.398,0.00333333333333333
2022,9,9,0,0,10.815,0.01
2022,9,9,6,0,14.583,0.00333333333333333
2022,9,9,12,0,20.139,0
2022,9,9,18,0,16.37,0
2022,9,10,0,0,15.352,0
2022,9,10,6,0,18.639,0
2022,9,10,12,0,23.38,0
2022,9,10,18,0,18.87,0
2022,9,11,0,0,16.528,0
2022,9,11,6,0,18.481,0
2022,9,11,12,0,20.926,0
2022,9,11,18,0,15.667,0
2022,9,12,0,0,13.639,0
2022,9,12,6,0,14.833,0
2022,9,12,12,0,16.037,0
2022,9,12,18,0,12.185,0
2022,9,13,0,0,9.852,0
2022,9,13,6,0,11.602,0
2022,9,13,12,0,13.157,0
2022,9,13,18,0,10.843,0
2022,9,14,0,0,9.444,0
2022,9,14,6,0,11.12,0
2022,9,14,12,0,13.185,0
2022,9,14,18,0,10.759,0
2022,9,15,0,0,9.713,0
2022,9,15,6,0,10.852,0
2022,9,15,12,0,11.907,0
2022,9,15,18,0,9.074,0.00833333333333333
2022,9,16,0,0,8.426,0.0266666666666667
2022,9,16,6,0.6542278,7.713,0.03
2022,9,16,12,0.4868672,8.546,0.0316666666666667
2022,9,16,18,0,5.907,0.09
2022,9,17,0,0,5.241,0.105
2022,9,17,6,0,7.833,0.055
2022,9,17,12,0,11.75,0.0283333333333333
2022,9,17,18,0,9.361,0.03
2022,9,18,0,0,9.231,0.03
2022,9,18,6,0,12.389,0.02
2022,9,18,12,0,15.944,0
2022,9,18,18,0,11.537,0.00333333333333333
2022,9,19,0,0,9.963,0.0183333333333333
2022,9,19,6,0,12.435,0.0233333333333333
2022,9,19,12,0,16.778,0
2022,9,19,18,0,12.463,0.02
2022,9,20,0,0,10.259,0.0316666666666667
2022,9,20,6,0,13.213,0.0266666666666667
2022,9,20,12,0,18.167,0
2022,9,20,18,0,14.028,0.02
2022,9,21,0,0,12.444,0.03
2022,9,21,6,0,14.102,0.0166666666666667
2022,9,21,12,0,17.685,0.00166666666666667
2022,9,21,18,0,12.361,0.015
2022,9,22,0,0,9.759,0.03
2022,9,22,6,0,10.222,0.0133333333333333
2022,9,22,12,0,12.065,0.01
2022,9,22,18,0,8.713,0.03
2022,9,23,0,0,7.981,0.0266666666666667
2022,9,23,6,0.0304292,8.815,0.00666666666666667
2022,9,23,12,0.0152146,10.019,0
2022,9,23,18,0,8.704,0.01
2022,9,24,0,0,7.685,0.00166666666666667
2022,9,24,6,0,10.509,0
2022,9,24,12,0,15.269,0
2022,9,24,18,0,12.861,0
2022,9,25,0,0,13.287,0
2022,9,25,6,0,16.5,0
2022,9,25,12,0,20.231,0
2022,9,25,18,0,17.25,0
2022,9,26,0,0,16.861,0
2022,9,26,6,0,18.954,0
2022,9,26,12,0,22.352,0
2022,9,26,18,0,17.787,0
2022,9,27,0,0,16.009,0
2022,9,27,6,0,18.315,0
2022,9,27,12,0,21.028,0
2022,9,27,18,0,15.444,0
2022,9,28,0,0,12.231,0
2022,9,28,6,0,12.528,0
2022,9,28,12,0.5781548,12.972,0
2022,9,28,18,0.4412234,9.722,0.00666666666666667
2022,9,29,0,0.3955796,7.898,0.0266666666666667
2022,9,29,6,0,9.25,0.01
2022,9,29,12,0,11.389,0
2022,9,29,18,0,9.824,0
