year,month,day,hour,flow_cfs
2003,10,1,0,100.013334090953
2003,10,1,6,99.9793884299967
2003,10,1,12,99.9793884299967
2003,10,1,18,99.9793884299967
2003,10,2,0,98.6578998734338
2003,10,2,6,98.5861785085961
2003,10,2,12,98.5861785085961
2003,10,2,18,98.5861785085961
2003,10,3,0,96.3493324129687
2003,10,3,6,96.6085399407154
2003,10,3,12,96.6085399407154
2003,10,3,18,96.6085399407154
2003,10,4,0,96.4964170482074
2003,10,4,6,95.1326089816273
2003,10,4,12,95.1326089816273
2003,10,4,18,95.1326089816273
2003,10,5,0,95.1860732496454
2003,10,5,6,93.9864001890232
2003,10,5,12,93.9864001890232
2003,10,5,18,93.9864001890232
2003,10,6,0,92.3495254974742
2003,10,6,6,91.9651519538247
2003,10,6,12,91.9651519538247
2003,10,6,18,91.9651519538247
2003,10,7,0,111.334351683705
2003,10,7,6,211.852247950361
2003,10,7,12,317.778371925541
2003,10,7,18,211.852247950361
2003,10,8,0,148.990809769374
2003,10,8,6,105.524274309298
2003,10,8,12,96.9260001063182
2003,10,8,18,102.397629144578
2003,10,9,0,754.821692249867
2003,10,9,6,543.918437823982
2003,10,9,12,395.110563324968
2003,10,9,18,360.474247708818
2003,10,10,0,322.726735671751
2003,10,10,6,341.597276358086
2003,10,10,12,328.0808373655
2003,10,10,18,315.793165554058
2003,10,11,0,361.561606160604
2003,10,11,6,426.692697926859
2003,10,11,12,350.586690401893
2003,10,11,18,315.652785308466
2003,10,12,0,418.331568831033
2003,10,12,6,1710.75032613688
2003,10,12,12,3449.54573958747
2003,10,12,18,4599.39431944996
2003,10,13,0,7113.91275703963
2003,10,13,6,2720.19914769787
2003,10,13,12,1723.91221705955
2003,10,13,18,1253.75433967968
2003,10,14,0,1029.09613817178
2003,10,14,6,889.393388683985
2003,10,14,12,752.07911196082
2003,10,14,18,653.817519443326
2003,10,15,0,582.229162479603
2003,10,15,6,522.681918433052
2003,10,15,12,484.10301492966
2003,10,15,18,495.303341753225
2003,10,16,0,531.592430305114
2003,10,16,6,804.861875462455
2003,10,16,12,3275.19551053986
2003,10,16,18,9326.17728710464
2003,10,17,0,17543.1230745497
2003,10,17,6,20348.0447207516
2003,10,17,12,15077.165666581
2003,10,17,18,7734.70856553871
2003,10,18,0,4346.52814194843
2003,10,18,6,3074.6536573769
2003,10,18,12,2385.93123812448
2003,10,18,18,1918.58388220319
2003,10,19,0,1635.35949358544
2003,10,19,6,1622.36965098166
2003,10,19,12,5728.21284461986
2003,10,19,18,4118.32296018421
2003,10,20,0,2579.44408945198
2003,10,20,6,2334.33472320148
2003,10,20,12,13168.042028316
2003,10,20,18,10390.7822550712
2003,10,21,0,11662.2109232399
2003,10,21,6,6219.97160404921
2003,10,21,12,5747.10826572968
2003,10,21,18,4013.27602522473
2003,10,22,0,3167.74501862352
2003,10,22,6,2647.93194034667
2003,10,22,12,2287.4153850882
2003,10,22,18,2063.64648872088
2003,10,23,0,3273.88131889125
2003,10,23,6,2355.84559822866
2003,10,23,12,2143.94414230333
2003,10,23,18,1932.04268637801
2003,10,24,0,1697.01706924993
2003,10,24,6,1536.43481394845
2003,10,24,12,1399.03007448964
2003,10,24,18,1286.60801493244
2003,10,25,0,1180.77785565684
2003,10,25,6,1093.44519023652
2003,10,25,12,1015.78928898261
2003,10,25,18,949.406018555879
2003,10,26,0,897.826268327625
2003,10,26,6,841.417595817989
2003,10,26,12,800.220591868444
2003,10,26,18,765.265558214284
2003,10,27,0,720.829775703021
2003,10,27,6,684.302209464539
2003,10,27,12,658.409693430746
2003,10,27,18,633.750154350943
2003,10,28,0,636.540448345355
2003,10,28,6,788.060482147562
2003,10,28,12,3160.31080724705
2003,10,28,18,5016.15289831128
2003,10,29,0,2374.98184093449
2003,10,29,6,1621.2351430757
2003,10,29,12,1325.38931404729
2003,10,29,18,1152.6153498947
2003,10,30,0,1049.07900634313
2003,10,30,6,971.993366661008
2003,10,30,12,898.845906669937
2003,10,30,18,835.616746338673
2003,10,31,0,782.038652886079
2003,10,31,6,741.991366772541
2003,10,31,12,702.219635220244
2003,10,31,18,669.905103334003
2003,11,1,0,650.704577804796
2003,11,1,6,625.33241237017
2003,11,1,12,607.96206758211
2003,11,1,18,583.147289313452
2003,11,2,0,565.808067641559
2003,11,2,6,548.466897013158
2003,11,2,12,532.335517689242
2003,11,2,18,514.963263032717
2003,11,3,0,500.91378660316
2003,11,3,6,480.476107155077
2003,11,3,12,464.209988944098
2003,11,3,18,447.943870733118
2003,11,4,0,441.049066333957
2003,11,4,6,429.238009395659
2003,11,4,12,408.148280610323
2003,11,4,18,398.2237023584
2003,11,5,0,394.139138987499
2003,11,5,6,381.213199701379
2003,11,5,12,371.181273393448
2003,11,5,18,362.403337874008
2003,11,6,0,362.051412869957
2003,11,6,6,356.69342908643
2003,11,6,12,342.926314279585
2003,11,6,18,342.926314279585
2003,11,7,0,338.254325254596
2003,11,7,6,337.337492314736
2003,11,7,12,328.6239777531
2003,11,7,18,314.931312013388
2003,11,8,0,315.029314755214
2003,11,8,6,311.390650861918
2003,11,8,12,306.408400448127
2003,11,8,18,302.671712637784
2003,11,9,0,298.782700522468
2003,11,9,6,293.649554127075
2003,11,9,12,284.939609725001
2003,11,9,18,281.206776409826
2003,11,10,0,296.120337778233
2003,11,10,6,307.232403517699
2003,11,10,12,338.920050517283
2003,11,10,18,694.372786425653
2003,11,11,0,1731.91007041819
2003,11,11,6,1946.53479913157
2003,11,11,12,1647.06790695748
2003,11,11,18,1260.25650456595
2003,11,12,0,984.49684131331
2003,11,12,6,815.900381633859
2003,11,12,12,714.675072701706
2003,11,12,18,651.256806864695
2003,11,13,0,613.38084227142
2003,11,13,6,582.276101330109
2003,11,13,12,553.781738924593
2003,11,13,18,531.481803128971
2003,11,14,0,510.182802616223
2003,11,14,6,495.012252434138
2003,11,14,12,477.599761142485
2003,11,14,18,467.649766118683
2003,11,15,0,466.770158378033
2003,11,15,6,478.485432189559
2003,11,15,12,488.665973299975
2003,11,15,18,506.481920243203
2003,11,16,0,633.804877329397
2003,11,16,6,626.260812481352
2003,11,16,12,728.947301977283
2003,11,16,18,1206.88318518674
2003,11,17,0,3379.73286918293
2003,11,17,6,5157.77199680262
2003,11,17,12,3143.41825675782
2003,11,17,18,2270.95931202503
2003,11,18,0,2428.18973398042
2003,11,18,6,9203.51327721956
2003,11,18,12,8592.49164885643
2003,11,18,18,6059.29781460098
2003,11,19,0,8675.18811533446
2003,11,19,6,10133.3845985311
2003,11,19,12,5085.48102225416
2003,11,19,18,3657.53807511876
2003,11,20,0,2867.53671320425
2003,11,20,6,2329.18559923435
2003,11,20,12,1987.7343072
2003,11,20,18,1792.61928318037
2003,11,21,0,1645.81408520831
2003,11,21,6,1533.87551444009
2003,11,21,12,1397.80591235266
2003,11,21,18,1298.84620174362
2003,11,22,0,1215.06981724533
2003,11,22,6,1127.34786056103
2003,11,22,12,1065.33752719683
2003,11,22,18,1005.80760716721
2003,11,23,0,954.549146311683
2003,11,23,6,912.512717493142
2003,11,23,12,872.236294100342
2003,11,23,18,970.410076120293
2003,11,24,0,1240.06113894899
2003,11,24,6,1110.81618407767
2003,11,24,12,990.128838135752
2003,11,24,18,908.849605154459
2003,11,25,0,886.138164128153
2003,11,25,6,903.025193351946
2003,11,25,12,960.879175098729
2003,11,25,18,928.179098459243
2003,11,26,0,893.969477505686
2003,11,26,6,892.460451517202
2003,11,26,12,868.644793400873
2003,11,26,18,884.939717375203
2003,11,27,0,867.598598910199
2003,11,27,6,807.466444751544
2003,11,27,12,766.908769444389
2003,11,27,18,739.870319239618
2003,11,28,0,776.093286251414
2003,11,28,6,897.248912646978
2003,11,28,12,1721.7100819903
2003,11,28,18,4955.16560182574
2003,11,29,0,5517.01023022426
2003,11,29,6,3558.79910312438
2003,11,29,12,2643.01692349303
2003,11,29,18,2028.63141057579
2003,11,30,0,1768.34100969317
2003,11,30,6,1588.10219466088
2003,11,30,12,1428.06088822219
2003,11,30,18,1304.95219096166
2003,12,1,0,1211.89383251529
2003,12,1,6,1135.49044571854
2003,12,1,12,1056.15486872511
2003,12,1,18,1005.33051471369
2003,12,2,0,960.774029919731
2003,12,2,6,940.744802519478
2003,12,2,12,924.460271983189
2003,12,2,18,957.029333055767
2003,12,3,0,1440.34639476284
2003,12,3,6,2077.10797284239
2003,12,3,12,1618.36019969929
2003,12,3,18,1350.75733203248
2003,12,4,0,1191.86087799385
2003,12,4,6,1064.96338274755
2003,12,4,12,988.718891142064
2003,12,4,18,939.528896557881
2003,12,5,0,967.506173765453
2003,12,5,6,1083.02502392567
2003,12,5,12,1181.59822350283
2003,12,5,18,1420.99027961878
2003,12,6,0,1380.09929868141
2003,12,6,6,2341.55106691875
2003,12,6,12,2216.33443232417
2003,12,6,18,1727.98955740528
2003,12,7,0,1478.0548480821
2003,12,7,6,1318.21034170427
2003,12,7,12,1199.94100263548
2003,12,7,18,1137.11041625518
2003,12,8,0,1070.52816638124
2003,12,8,6,1014.63504979314
2003,12,8,12,947.654251885035
2003,12,8,18,899.279231173626
2003,12,9,0,861.169548071673
2003,12,9,6,825.403642582412
2003,12,9,12,790.544966877574
2003,12,9,18,763.156007395201
2003,12,10,0,742.951513161561
2003,12,10,6,715.298379998999
2003,12,10,12,696.638422259895
2003,12,10,18,670.514481425149
2003,12,11,0,652.922518033141
2003,12,11,6,635.269148598498
2003,12,11,12,616.548053846086
2003,12,11,18,611.55576191211
2003,12,12,0,620.020870746706
2003,12,12,6,661.360937679392
2003,12,12,12,700.487252694776
2003,12,12,18,733.302871739936
2003,12,13,0,740.434432633334
2003,12,13,6,721.016553888455
2003,12,13,12,702.042434049285
2003,12,13,18,727.341260501512
2003,12,14,0,970.415196884095
2003,12,14,6,1050.72650131268
2003,12,14,12,999.379914240191
2003,12,14,18,940.519192474165
2003,12,15,0,913.576865868604
2003,12,15,6,887.985500172159
2003,12,15,12,871.772281770139
2003,12,15,18,848.076039490264
2003,12,16,0,814.21102037231
2003,12,16,6,787.757324836711
2003,12,16,12,766.500381150641
2003,12,16,18,780.25487412398
2003,12,17,0,889.114405898959
2003,12,17,6,1089.51396273606
2003,12,17,12,1080.63550203856
2003,12,17,18,1012.14451951499
2003,12,18,0,932.160439677593
2003,12,18,6,865.023276656894
2003,12,18,12,813.047629132446
2003,12,18,18,785.822289952973
2003,12,19,0,762.88923860767
2003,12,19,6,753.422273456804
2003,12,19,12,739.655421284005
2003,12,19,18,739.655421284005
2003,12,20,0,753.23600187431
2003,12,20,6,801.288700449713
2003,12,20,12,905.583420190786
2003,12,20,18,980.624742931315
2003,12,21,0,1045.67377533951
2003,12,21,6,1183.50715690849
2003,12,21,12,1300.97371570517
2003,12,21,18,1288.34290293134
2003,12,22,0,1197.64882801453
2003,12,22,6,1095.14244172399
2003,12,22,12,1018.59359010405
2003,12,22,18,951.922009660872
2003,12,23,0,896.977750285953
2003,12,23,6,850.47848128802
2003,12,23,12,814.525309338526
2003,12,23,18,787.25048923891
2003,12,24,0,781.269807907685
2003,12,24,6,788.933239082442
2003,12,24,12,802.840716053447
2003,12,24,18,852.1490434961
2003,12,25,0,1023.85684987411
2003,12,25,6,1230.02813303513
2003,12,25,12,1346.74613106036
2003,12,25,18,1398.05074557694
2003,12,26,0,1346.49041441386
2003,12,26,6,1234.3241307528
2003,12,26,12,1139.28117268484
2003,12,26,18,1051.64415940139
2003,12,27,0,980.799809636924
2003,12,27,6,935.437115344777
2003,12,27,12,886.859155959362
2003,12,27,18,854.473849702419
2003,12,28,0,839.561031710181
2003,12,28,6,818.418438952138
2003,12,28,12,804.715847127978
2003,12,28,18,784.784804474653
2003,12,29,0,757.029078301413
2003,12,29,6,723.076069761484
2003,12,29,12,696.940790131551
2003,12,29,18,670.805510501618
2003,12,30,0,652.160347135185
2003,12,30,6,627.290728965258
2003,12,30,12,603.642864182838
2003,12,30,18,584.973497249348
2003,12,31,0,575.443828586075
2003,12,31,6,565.851387901927
2003,12,31,12,553.332551886398
2003,12,31,18,542.065599472421
2004,1,1,0,530.638444430284
2004,1,1,6,453.368422891258
2004,1,1,12,448.480353641757
2004,1,1,18,437.482197830379
2004,1,2,0,437.768806484749
2004,1,2,6,427.948842338897
2004,1,2,12,421.692280316399
2004,1,2,18,406.676531462402
2004,1,3,0,406.099769752091
2004,1,3,6,405.523507647284
2004,1,3,12,394.293625897051
2004,1,3,18,379.320450230075
2004,1,4,0,351.664503871518
2004,1,4,6,322.583389630296
2004,1,4,12,308.776318478805
2004,1,4,18,331.36970763579
2004,1,5,0,357.983125897485
2004,1,5,6,331.841082500744
2004,1,5,12,335.612003892798
2004,1,5,18,367.03634882658
2004,1,6,0,418.552834978064
2004,1,6,6,429.84504019613
2004,1,6,12,456.239033892383
2004,1,6,18,493.944739172745
2004,1,7,0,518.554141099658
2004,1,7,6,583.865539797145
2004,1,7,12,776.376520381019
2004,1,7,18,811.839069435943
2004,1,8,0,908.469175836853
2004,1,8,6,1078.43528170831
2004,1,8,12,1581.01954290968
2004,1,8,18,1491.04282095547
2004,1,9,0,1310.92134000139
2004,1,9,6,1285.34623647643
2004,1,9,12,1423.96200707683
2004,1,9,18,1524.77347660439
2004,1,10,0,1643.05551011183
2004,1,10,6,2227.01991809378
2004,1,10,12,2947.90497828599
2004,1,10,18,2342.87644562467
2004,1,11,0,1957.45126990976
2004,1,11,6,1650.39760154884
2004,1,11,12,1454.79492284675
2004,1,11,18,1332.54324865795
2004,1,12,0,1290.58116795743
2004,1,12,6,1244.3671867011
2004,1,12,12,1259.48095819949
2004,1,12,18,1254.4430343667
2004,1,13,0,1512.82621196158
2004,1,13,6,1779.24477371413
2004,1,13,12,1640.43844384991
2004,1,13,18,1627.81968658952
2004,1,14,0,1818.19993239633
2004,1,14,6,1990.57099067197
2004,1,14,12,3206.28884403539
2004,1,14,18,4528.88299219999
2004,1,15,0,4981.1653142102
2004,1,15,6,3783.11741061254
2004,1,15,12,4276.03173121353
2004,1,15,18,4818.23748387461
2004,1,16,0,3430.29974698151
2004,1,16,6,2689.19308182578
2004,1,16,12,2184.96937898344
2004,1,16,18,1872.83089627152
2004,1,17,0,1711.81931596851
2004,1,17,6,1571.3648844469
2004,1,17,12,1460.87829100923
2004,1,17,18,1374.94427389104
2004,1,18,0,1296.72073226067
2004,1,18,6,1267.15695510934
2004,1,18,12,1279.58006251237
2004,1,18,18,1316.84938472147
2004,1,19,0,1296.10675355803
2004,1,19,6,1287.71002980025
2004,1,19,12,1287.71002980025
2004,1,19,18,1275.20799067598
2004,1,20,0,1222.4420290753
2004,1,20,6,1155.09447805061
2004,1,20,12,1092.99262439197
2004,1,20,18,1033.37484487968
2004,1,21,0,991.644856154981
2004,1,21,6,942.412756131706
2004,1,21,12,901.384232447872
2004,1,21,18,861.598997360518
2004,1,22,0,831.581375065431
2004,1,22,6,802.81890694981
2004,1,22,12,782.934847334954
2004,1,22,18,755.594265364527
2004,1,23,0,777.918122088101
2004,1,23,6,806.935696359524
2004,1,23,12,765.000455446352
2004,1,23,18,820.914109997248
2004,1,24,0,969.040270745115
2004,1,24,6,967.059165776034
2004,1,24,12,949.657072818625
2004,1,24,18,901.179813865842
2004,1,25,0,829.575867097893
2004,1,25,6,771.914697537499
2004,1,25,12,738.514542355588
2004,1,25,18,711.299601096253
2004,1,26,0,708.559391783702
2004,1,26,6,705.517439129156
2004,1,26,12,718.229465059411
2004,1,26,18,765.263961001355
2004,1,27,0,905.029000462123
2004,1,27,6,913.612522767092
2004,1,27,12,897.364967642643
2004,1,27,18,889.866096046743
2004,1,28,0,957.362882272657
2004,1,28,6,1327.29328368454
2004,1,28,12,1722.9287817059
2004,1,28,18,1518.7298149852
2004,1,29,0,1627.45136434324
2004,1,29,6,1917.15377007717
2004,1,29,12,2843.5636455507
2004,1,29,18,2418.959119292
2004,1,30,0,3050.08838208263
2004,1,30,6,4518.36246102441
2004,1,30,12,3966.11816023254
2004,1,30,18,2962.03761333822
2004,1,31,0,2311.63281586694
2004,1,31,6,1931.94880301438
2004,1,31,12,1698.14608163048
2004,1,31,18,1538.17579857833
2004,2,1,0,1479.20459507615
2004,2,1,6,1370.63078115347
2004,2,1,12,1271.84658070998
2004,2,1,18,1202.69764039953
2004,2,2,0,1150.44512288617
2004,2,2,6,1099.2351975185
2004,2,2,12,1048.42500236826
2004,2,2,18,1013.72535689981
2004,2,3,0,973.15274177369
2004,2,3,6,933.687497981172
2004,2,3,12,901.362764362649
2004,2,3,18,877.740843641421
2004,2,4,0,895.401292116724
2004,2,4,6,1014.47831113242
2004,2,4,12,1005.72202484645
2004,2,4,18,939.424428681195
2004,2,5,0,880.261124079983
2004,2,5,6,831.410010890933
2004,2,5,12,789.155989410676
2004,2,5,18,769.271744008203
2004,2,6,0,752.491428756094
2004,2,6,6,730.445426811717
2004,2,6,12,750.560963522539
2004,2,6,18,805.878689477299
2004,2,7,0,815.640497025383
2004,2,7,6,817.80334244005
2004,2,7,12,797.887279306045
2004,2,7,18,763.034168821538
2004,2,8,0,729.124101223916
2004,2,8,6,696.485439760961
2004,2,8,12,670.367235769925
2004,2,8,18,651.711375776328
2004,2,9,0,634.213578874
2004,2,9,6,616.648108733475
2004,2,9,12,592.930873782187
2004,2,9,18,580.448118544668
2004,2,10,0,575.013797868069
2004,2,10,6,563.355510447799
2004,2,10,12,545.906445964903
2004,2,10,18,539.674637221011
2004,2,11,0,535.656706504799
2004,2,11,6,530.370107952136
2004,2,11,12,519.112251887114
2004,2,11,18,514.10876030266
2004,2,12,0,515.258241639633
2004,2,12,6,516.408249661475
2004,2,12,12,510.125910857807
2004,2,12,18,505.100039814873
2004,2,13,0,509.39543872519
2004,2,13,6,508.665572591476
2004,2,13,12,503.654089117669
2004,2,13,18,503.654089117669
2004,2,14,0,506.502122891395
2004,2,14,6,514.422512435022
2004,2,14,12,560.036331271624
2004,2,14,18,584.110291213165
2004,2,15,0,594.921999663286
2004,2,15,6,594.330517307885
2004,2,15,12,643.647304914284
2004,2,15,18,708.138488707268
2004,2,16,0,732.963371477565
2004,2,16,6,704.801608162846
2004,2,16,12,665.785804853832
2004,2,16,18,723.680222667209
2004,2,17,0,799.586134970047
2004,2,17,6,757.837509222237
2004,2,17,12,704.677618689519
2004,2,17,18,672.534429065085
2004,2,18,0,681.463523754854
2004,2,18,6,696.692156674387
2004,2,18,12,871.188336917508
2004,2,18,18,1193.03684714371
2004,2,19,0,1120.89184772129
2004,2,19,6,985.554472992479
2004,2,19,12,927.508031600692
2004,2,19,18,886.752019559649
2004,2,20,0,864.182270681294
2004,2,20,6,806.910641685399
2004,2,20,12,766.070072397641
2004,2,20,18,725.229503109883
2004,2,21,0,701.336774764809
2004,2,21,6,677.288982755925
2004,2,21,12,652.388652507545
2004,2,21,18,633.713404821261
2004,2,22,0,622.056825870283
2004,2,22,6,605.375503906914
2004,2,22,12,586.652550177834
2004,2,22,18,569.177793364026
2004,2,23,0,564.657413459846
2004,2,23,6,552.626930365454
2004,2,23,12,536.373197119411
2004,2,23,18,525.120612564458
2004,2,24,0,525.470103960992
2004,2,24,6,525.819653604737
2004,2,24,12,519.559895823729
2004,2,24,18,525.819653604737
2004,2,25,0,530.267398097904
2004,2,25,6,535.954036822976
2004,2,25,12,518.463695294953
2004,2,25,18,513.466454858376
2004,2,26,0,502.04187583391
2004,2,26,6,490.625420324843
2004,2,26,12,474.396080721222
2004,2,26,18,463.160384072561
2004,2,27,0,519.108993366775
2004,2,27,6,526.394515376312
2004,2,27,12,508.848031530435
2004,2,27,18,503.834750431613
2004,2,28,0,520.716864468941
2004,2,28,6,538.891970424974
2004,2,28,12,532.611178228879
2004,2,28,18,516.281118519032
2004,2,29,0,521.889518665862
2004,2,29,6,551.429968940789
2004,2,29,12,528.76846336788
2004,2,29,18,511.142847922284
2004,3,1,0,503.583109017
2004,3,1,6,489.844333804243
2004,3,1,12,478.626524633153
2004,3,1,18,462.423022497135
2004,3,2,0,452.02728860929
2004,3,2,6,445.382649168176
2004,3,2,12,435.429964270563
2004,3,2,18,425.47727937295
2004,3,3,0,422.150195737953
2004,3,3,6,420.001308914845
2004,3,3,12,467.929386208431
2004,3,3,18,467.929386208431
2004,3,4,0,493.158579382372
2004,3,4,6,611.645704558448
2004,3,4,12,732.700583585641
2004,3,4,18,707.215345895706
2004,3,5,0,643.874291623161
2004,3,5,6,590.180594434677
2004,3,5,12,715.750933676098
2004,3,5,18,735.842187954725
2004,3,6,0,683.061745792356
2004,3,6,6,606.74124845175
2004,3,6,12,560.068844724693
2004,3,6,18,537.960864011876
2004,3,7,0,566.428300822356
2004,3,7,6,759.079268630377
2004,3,7,12,1345.69990824318
2004,3,7,18,1894.43190966273
2004,3,8,0,1955.53064733439
2004,3,8,6,1974.94378234814
2004,3,8,12,1849.94734042737
2004,3,8,18,1799.94876365906
2004,3,9,0,2024.31553862242
2004,3,9,6,1909.75843867806
2004,3,9,12,2150.05916937265
2004,3,9,18,2327.12286567393
2004,3,10,0,1934.22008127609
2004,3,10,6,1555.43944420825
2004,3,10,12,1361.00951368222
2004,3,10,18,1210.32631752455
2004,3,11,0,1134.17837816479
2004,3,11,6,1067.27987139166
2004,3,11,12,1007.6414152487
2004,3,11,18,933.093345070005
2004,3,12,0,925.439694662783
2004,3,12,6,894.105000609722
2004,3,12,12,879.161741546607
2004,3,12,18,862.973210894899
2004,3,13,0,815.673305769071
2004,3,13,6,779.787582554738
2004,3,13,12,738.94156632568
2004,3,13,18,705.522098501906
2004,3,14,0,707.397872747709
2004,3,14,6,709.161499682391
2004,3,14,12,818.068444276472
2004,3,14,18,877.587355856958
2004,3,15,0,875.353919245989
2004,3,15,6,813.554486660739
2004,3,15,12,759.069863505378
2004,3,15,18,712.014961689384
2004,3,16,0,697.272895754123
2004,3,16,6,674.821486753829
2004,3,16,12,674.821486753829
2004,3,16,18,668.561547173553
2004,3,17,0,676.800662658912
2004,3,17,6,698.922187333196
2004,3,17,12,758.110192386638
2004,3,17,18,842.484582569203
2004,3,18,0,896.130639473021
2004,3,18,6,929.071887787177
2004,3,18,12,1103.92530487072
2004,3,18,18,1552.8027338016
2004,3,19,0,1260.34060263515
2004,3,19,6,1028.99597109275
2004,3,19,12,937.772924010062
2004,3,19,18,858.71294987173
2004,3,20,0,823.692722038757
2004,3,20,6,777.655412952422
2004,3,20,12,744.006861430443
2004,3,20,18,724.066979047047
2004,3,21,0,726.553089426612
2004,3,21,6,708.958121623168
2004,3,21,12,690.136224588925
2004,3,21,18,708.958121623168
2004,3,22,0,828.529804570368
2004,3,22,6,869.420788329563
2004,3,22,12,878.292429026803
2004,3,22,18,878.292429026803
2004,3,23,0,1073.31950794168
2004,3,23,6,1101.91068321453
2004,3,23,12,1059.33686136306
2004,3,23,18,1024.27606689714
2004,3,24,0,1032.06435951833
2004,3,24,6,1014.45760049749
2004,3,24,12,1436.51264230848
2004,3,24,18,1627.20016119898
2004,3,25,0,1532.366085988
2004,3,25,6,1293.81921733789
2004,3,25,12,1135.14327558891
2004,3,25,18,1039.93771053951
2004,3,26,0,1118.42142752472
2004,3,26,6,1207.75994483593
2004,3,26,12,1171.23748560731
2004,3,26,18,1153.60595356591
2004,3,27,0,1154.46612690999
2004,3,27,6,1155.32616042106
2004,3,27,12,1218.38981546588
2004,3,27,18,1299.11129392324
2004,3,28,0,1258.79303605029
2004,3,28,6,1100.91085462563
2004,3,28,12,1007.32111754336
2004,3,28,18,940.823146458595
2004,3,29,0,959.212231281911
2004,3,29,6,952.664376126214
2004,3,29,12,927.528112903886
2004,3,29,18,977.800639348541
2004,3,30,0,1210.08581580539
2004,3,30,6,1223.74461095694
2004,3,30,12,1375.42724130664
2004,3,30,18,1812.47888807698
2004,3,31,0,1589.13117553073
2004,3,31,6,1290.46641428489
2004,3,31,12,1140.72361338202
2004,3,31,18,1054.28671204785
2004,4,1,0,988.426311435163
2004,4,1,6,940.987950250556
2004,4,1,12,883.883140604743
2004,4,1,18,844.158055633744
2004,4,2,0,817.356369256238
2004,4,2,6,791.675949374657
2004,4,2,12,758.014137354003
2004,4,2,18,736.819663118776
2004,4,3,0,761.548495979705
2004,4,3,6,771.377799352372
2004,4,3,12,751.243957933713
2004,4,3,18,743.693767401716
2004,4,4,0,887.79995371352
2004,4,4,6,934.947075820109
2004,4,4,12,878.397857524538
2004,4,4,18,825.618587115338
2004,4,5,0,877.924082210847
2004,4,5,6,886.237233345996
2004,4,5,12,832.259611484979
2004,4,5,18,783.303163750569
2004,4,6,0,781.388228508977
2004,4,6,6,786.969313573156
2004,4,6,12,759.487845480125
2004,4,6,18,751.992899636571
2004,4,7,0,873.828260466971
2004,4,7,6,907.023265909884
2004,4,7,12,874.495534994495
2004,4,7,18,850.725270094788
2004,4,8,0,875.275921900991
2004,4,8,6,868.536819512972
2004,4,8,12,817.151524274831
2004,4,8,18,775.792628107546
2004,4,9,0,814.57742236402
2004,4,9,6,839.404811002435
2004,4,9,12,798.306355864334
2004,4,9,18,777.134424429554
2004,4,10,0,888.391844793643
2004,4,10,6,930.056959660512
2004,4,10,12,882.55405043054
2004,4,10,18,857.55251925687
2004,4,11,0,1065.41695712892
2004,4,11,6,1100.79395912995
2004,4,11,12,1031.99433668433
2004,4,11,18,1031.99433668433
2004,4,12,0,1361.98833920221
2004,4,12,6,1323.04922847054
2004,4,12,12,1178.26270912848
2004,4,12,18,1098.38049156045
2004,4,13,0,1227.59824287004
2004,4,13,6,1221.9722975762
2004,4,13,12,1121.60496307302
2004,4,13,18,1052.60242060209
2004,4,14,0,1067.6535385375
2004,4,14,6,1041.36293873671
2004,4,14,12,1032.60147170407
2004,4,14,18,990.045774688383
2004,4,15,0,1060.32634554973
2004,4,15,6,1017.84079720909
2004,4,15,12,926.222575018877
2004,4,15,18,869.745588737238
2004,4,16,0,846.657772972444
2004,4,16,6,919.08185718467
2004,4,16,12,878.848451671798
2004,4,16,18,819.755637324767
2004,4,17,0,851.406741286292
2004,4,17,6,826.66221353002
2004,4,17,12,785.516130503639
2004,4,17,18,744.370047477258
2004,4,18,0,747.730216670638
2004,4,18,6,730.966111545937
2004,4,18,12,698.255063524948
2004,4,18,18,665.54401550396
2004,4,19,0,663.593043001664
2004,4,19,6,661.644485471128
2004,4,19,12,655.390756874992
2004,4,19,18,636.629571086586
2004,4,20,0,669.233246719392
2004,4,20,6,763.494798320024
2004,4,20,12,755.960310178708
2004,4,20,18,709.497633307259
2004,4,21,0,714.181276222518
2004,4,21,6,706.336370540393
2004,4,21,12,661.330867284722
2004,4,21,18,636.32780992046
2004,4,22,0,648.236615105132
2004,4,22,6,666.362081210479
2004,4,22,12,635.165354562049
2004,4,22,18,605.216496979555
2004,4,23,0,688.255896718741
2004,4,23,6,741.635297571726
2004,4,23,12,721.557184608701
2004,4,23,18,783.046405557964
2004,4,24,0,860.975499619991
2004,4,24,6,810.891869006072
2004,4,24,12,741.853087589146
2004,4,24,18,682.856310741955
2004,4,25,0,659.432948877129
2004,4,25,6,654.849086126372
2004,4,25,12,617.712086913157
2004,4,25,18,600.381487280323
2004,4,26,0,764.701920848974
2004,4,26,6,862.351476956697
2004,4,26,12,833.438818108295
2004,4,26,18,895.03535217663
2004,4,27,0,1407.8983685633
2004,4,27,6,1269.60241707633
2004,4,27,12,1079.79057056294
2004,4,27,18,994.312388027105
2004,4,28,0,972.264139623511
2004,4,28,6,860.963500434539
2004,4,28,12,775.239861863135
2004,4,28,18,728.029742070187
2004,4,29,0,761.794139980026
2004,4,29,6,775.688541059374
2004,4,29,12,722.235644800475
2004,4,29,18,696.130741976361
2004,4,30,0,881.784485528045
2004,4,30,6,917.321375194967
2004,4,30,12,845.792895870599
2004,4,30,18,839.51846785969
2004,5,1,0,1297.26262583012
2004,5,1,6,1221.09845028256
2004,5,1,12,1069.40920180025
2004,5,1,18,1076.99366422437
2004,5,2,0,1406.02323194937
2004,5,2,6,1284.10151298497
2004,5,2,12,1124.52384923538
2004,5,2,18,1037.25481437232
2004,5,3,0,1110.45185634545
2004,5,3,6,1054.74556414454
2004,5,3,12,944.116708787302
2004,5,3,18,895.08801152671
2004,5,4,0,976.908198503474
2004,5,4,6,1008.36628043251
2004,5,4,12,992.061850525015
2004,5,4,18,1112.46379445726
2004,5,5,0,1403.98853156601
2004,5,5,6,1237.90021676881
2004,5,5,12,1067.50099664678
2004,5,5,18,932.183968902826
2004,5,6,0,907.869681188583
2004,5,6,6,851.04224342488
2004,5,6,12,780.95641161342
2004,5,6,18,719.631308778392
2004,5,7,0,761.220087195214
2004,5,7,6,775.285614467467
2004,5,7,12,733.953748106519
2004,5,7,18,720.176459319537
2004,5,8,0,781.579265192491
2004,5,8,6,816.682770424507
2004,5,8,12,781.610504209958
2004,5,8,18,767.832113911385
2004,5,9,0,868.53889582472
2004,5,9,6,838.942670101955
2004,5,9,12,768.717274697307
2004,5,9,18,714.794203225881
2004,5,10,0,748.68880492653
2004,5,10,6,741.199857166024
2004,5,10,12,708.592080031816
2004,5,10,18,702.321353659853
2004,5,11,0,688.210665420775
2004,5,11,6,686.642367429087
2004,5,11,12,666.667316740241
2004,5,11,18,641.698503379183
2004,5,12,0,712.219804438834
2004,5,12,6,732.83789237479
2004,5,12,12,680.313674832569
2004,5,12,18,649.049259628867
2004,5,13,0,674.057856477284
2004,5,13,6,680.307711236855
2004,5,13,12,642.790741867175
2004,5,13,18,612.777166371432
2004,5,14,0,644.249486814574
2004,5,14,6,716.058801268318
2004,5,14,12,658.271599762454
2004,5,14,18,620.584294432542
2004,5,15,0,696.250840798818
2004,5,15,6,727.859171337806
2004,5,15,12,675.242845698928
2004,5,15,18,637.659755956873
2004,5,16,0,702.847358431049
2004,5,16,6,743.124177882746
2004,5,16,12,704.144737080098
2004,5,16,18,658.878289696378
2004,5,17,0,695.731759714721
2004,5,17,6,687.358795107188
2004,5,17,12,648.616753928419
2004,5,17,18,623.621888651794
2004,5,18,0,865.694688068597
2004,5,18,6,896.533645421202
2004,5,18,12,800.38727954734
2004,5,18,18,751.689769559281
2004,5,19,0,1180.54073106122
2004,5,19,6,1059.60890450393
2004,5,19,12,924.339682652367
2004,5,19,18,830.402723033224
2004,5,20,0,835.571479964547
2004,5,20,6,833.227958835078
2004,5,20,12,784.654131638415
2004,5,20,18,743.553200933545
2004,5,21,0,874.024525670152
2004,5,21,6,893.780006007716
2004,5,21,12,824.738011161614
2004,5,21,18,797.121213223174
2004,5,22,0,817.725881170931
2004,5,22,6,1085.14377603545
2004,5,22,12,1290.64444493824
2004,5,22,18,1210.44906195178
2004,5,23,0,1107.43017139073
2004,5,23,6,959.105099127624
2004,5,23,12,832.219599632141
2004,5,23,18,838.43947705839
2004,5,24,0,847.02340248429
2004,5,24,6,813.220833206041
2004,5,24,12,744.620916294488
2004,5,24,18,692.235525198394
2004,5,25,0,754.644810084333
2004,5,25,6,778.130145305754
2004,5,25,12,710.198148493346
2004,5,25,18,679.319968124071
2004,5,26,0,921.714050592307
2004,5,26,6,1183.24549331797
2004,5,26,12,1793.17886927591
2004,5,26,18,2576.11612205834
2004,5,27,0,1699.7891862789
2004,5,27,6,1267.57644785208
2004,5,27,12,1133.50586202157
2004,5,27,18,1450.39997398459
2004,5,28,0,3422.14874111011
2004,5,28,6,3315.3556250613
2004,5,28,12,2362.66722705518
2004,5,28,18,1867.269260092
2004,5,29,0,1626.2536918202
2004,5,29,6,1426.26679632574
2004,5,29,12,1251.11122484714
2004,5,29,18,1172.29121768177
2004,5,30,0,1194.80786874162
2004,5,30,6,1498.20551630238
2004,5,30,12,1976.62408453339
2004,5,30,18,2115.11367007394
2004,5,31,0,1752.67948621976
2004,5,31,6,1444.02013074552
2004,5,31,12,1244.84494029786
2004,5,31,18,1112.89137662629
2004,6,1,0,1064.00434240978
2004,6,1,6,1007.27048568604
2004,6,1,12,949.64058227614
2004,6,1,18,892.010678866242
2004,6,2,0,872.947743980515
2004,6,2,6,853.991458578189
2004,6,2,12,811.665351301719
2004,6,2,18,763.114816484592
2004,6,3,0,872.303033287042
2004,6,3,6,874.431678301123
2004,6,3,12,808.129991677433
2004,6,3,18,774.35366075593
2004,6,4,0,1097.21331459888
2004,6,4,6,1015.21326665315
2004,6,4,12,891.468365991449
2004,6,4,18,851.061867816199
2004,6,5,0,1132.29641740689
2004,6,5,6,972.705872453508
2004,6,5,12,884.388050700889
2004,6,5,18,884.388050700889
2004,6,6,0,1460.40566804412
2004,6,6,6,2211.84587653069
2004,6,6,12,1989.3525043353
2004,6,6,18,1793.03482298642
2004,6,7,0,1480.04727440763
2004,6,7,6,1243.31191217522
2004,6,7,12,1111.52084948464
2004,6,7,18,999.622777388875
2004,6,8,0,968.796591753554
2004,6,8,6,945.353243977092
2004,6,8,12,880.500514838822
2004,6,8,18,819.389289304683
2004,6,9,0,1014.8102030797
2004,6,9,6,1009.37955256707
2004,6,9,12,917.731906625032
2004,6,9,18,853.704099186076
2004,6,10,0,898.046519337509
2004,6,10,6,902.220235228653
2004,6,10,12,1002.32613211498
2004,6,10,18,1267.16325172564
2004,6,11,0,1234.96008481235
2004,6,11,6,1074.27498717143
2004,6,11,12,914.196758582438
2004,6,11,18,815.398476875171
2004,6,12,0,752.018645286737
2004,6,12,6,711.240105479533
2004,6,12,12,672.558626058717
2004,6,12,18,641.363884590316
2004,6,13,0,658.238563790946
2004,6,13,6,883.946375933027
2004,6,13,12,1542.79624984019
2004,6,13,18,1542.79624984019
2004,6,14,0,1251.77063920883
2004,6,14,6,1179.07747516453
2004,6,14,12,1152.84799743312
2004,6,14,18,1021.70060877605
2004,6,15,0,938.220590880633
2004,6,15,6,882.194384172627
2004,6,15,12,820.965595469428
2004,6,15,18,759.736806766229
2004,6,16,0,758.82034287732
2004,6,16,6,771.616413122018
2004,6,16,12,730.480158464462
2004,6,16,18,678.124925263938
2004,6,17,0,752.115331360312
2004,6,17,6,795.127624401263
2004,6,17,12,727.510472089974
2004,6,17,18,681.180201061869
2004,6,18,0,791.782506001911
2004,6,18,6,787.1334754117
2004,6,18,12,725.323314682256
2004,6,18,18,673.604608765782
2004,6,19,0,707.472544196201
2004,6,19,6,683.604481848718
2004,6,19,12,638.85946121862
2004,6,19,18,590.385688869348
2004,6,20,0,646.86788993471
2004,6,20,6,667.411655326895
2004,6,20,12,612.418934663256
2004,6,20,18,564.92522136284
2004,6,21,0,623.23139123483
2004,6,21,6,666.478590641264
2004,6,21,12,605.322315470062
2004,6,21,18,557.895000031171
2004,6,22,0,636.911360536601
2004,6,22,6,657.365173175853
2004,6,22,12,602.16657084811
2004,6,22,18,554.495050655968
2004,6,23,0,644.549156892908
2004,6,23,6,656.812948174992
2004,6,23,12,595.393416761682
2004,6,23,18,554.029242544554
2004,6,24,0,632.45571070954
2004,6,24,6,626.886574423747
2004,6,24,12,572.86628845136
2004,6,24,18,532.665145402142
2004,6,25,0,571.756569979357
2004,6,25,6,576.904542146618
2004,6,25,12,536.859107550757
2004,6,25,18,503.070772110499
2004,6,26,0,502.924233382175
2004,6,26,6,507.780433812274
2004,6,26,12,486.51869150979
2004,6,26,18,454.000732694226
2004,6,27,0,447.93231600404
2004,6,27,6,454.37601072912
2004,6,27,12,433.096693422246
2004,6,27,18,401.803579735668
2004,6,28,0,390.13648404096
2004,6,28,6,415.9672089633
2004,6,28,12,394.731645742951
2004,6,28,18,374.74523330027
2004,6,29,0,375.052983244871
2004,6,29,6,411.645623186281
2004,6,29,12,390.37518065082
2004,6,29,18,365.351130609101
2004,6,30,0,376.183813315736
2004,6,30,6,413.451417902801
2004,6,30,12,392.087666825757
2004,6,30,18,358.157003350451
2004,7,1,0,352.346200681757
2004,7,1,6,380.338474807652
2004,7,1,12,361.571773748064
2004,7,1,18,339.051732476558
2004,7,2,0,331.24455942946
2004,7,2,6,372.46233647328
2004,7,2,12,353.587555908756
2004,7,2,18,332.196137935628
2004,7,3,0,317.622487776296
2004,7,3,6,325.658688029031
2004,7,3,12,321.901087782542
2004,7,3,18,308.123220212083
2004,7,4,0,295.904710100056
2004,7,4,6,308.762987448479
2004,7,4,12,304.997585162522
2004,7,4,18,287.425707828056
2004,7,5,0,276.324908682325
2004,7,5,6,284.06185908395
2004,7,5,12,284.06185908395
2004,7,5,18,272.749661155828
2004,7,6,0,266.238482579656
2004,7,6,6,286.903745203004
2004,7,6,12,302.911250300167
2004,7,6,18,379.254736148177
2004,7,7,0,410.691019580419
2004,7,7,6,379.601743740317
2004,7,7,12,351.764282532693
2004,7,7,18,346.702925949489
2004,7,8,0,308.742774543078
2004,7,8,6,290.038463338958
2004,7,8,12,273.856059805025
2004,7,8,18,262.652857358456
2004,7,9,0,252.454463228474
2004,7,9,6,245.932444161563
2004,7,9,12,245.932444161563
2004,7,9,18,238.403899952535
2004,7,10,0,230.774506898878
2004,7,10,6,230.673676675841
2004,7,10,12,230.673676675841
2004,7,10,18,226.912692816996
2004,7,11,0,246.297896091485
2004,7,11,6,250.657407355511
2004,7,11,12,246.878652470755
2004,7,11,18,246.878652470755
2004,7,12,0,238.697778479172
2004,7,12,6,234.315778875757
2004,7,12,12,230.556702209301
2004,7,12,18,224.291574431874
2004,7,13,0,216.527556503431
2004,7,13,6,226.283202989256
2004,7,13,12,230.033753315045
2004,7,13,18,223.782836105397
2004,7,14,0,216.748608930036
2004,7,14,6,227.260468256765
2004,7,14,12,231.027216349419
2004,7,14,18,224.749302861663
2004,7,15,0,220.672488204763
2004,7,15,6,237.891442795947
2004,7,15,12,237.891442795947
2004,7,15,18,230.379081444496
2004,7,16,0,220.595928133001
2004,7,16,6,230.86707689897
2004,7,16,12,227.102939775618
2004,7,16,18,217.06524078001
2004,7,17,0,202.770282515852
2004,7,17,6,208.520757013932
2004,7,17,12,206.023502438915
2004,7,17,18,202.277620576389
2004,7,18,0,196.751246902083
2004,7,18,6,203.757916438002
2004,7,18,12,207.531211186854
2004,7,18,18,203.757916438002
2004,7,19,0,196.299957374072
2004,7,19,6,198.862453641885
2004,7,19,12,198.862453641885
2004,7,19,18,195.1337826361
2004,7,20,0,191.031631131731
2004,7,20,6,193.151991708068
2004,7,20,12,189.640349491023
2004,7,20,18,190.610518132962
2004,7,21,0,185.113651841167
2004,7,21,6,180.939234475212
2004,7,21,12,180.939234475212
2004,7,21,18,177.19566410676
2004,7,22,0,169.51518085123
2004,7,22,6,170.572425694038
2004,7,22,12,170.572425694038
2004,7,22,18,168.045426794867
2004,7,23,0,164.725338725465
2004,7,23,6,166.436467944061
2004,7,23,12,168.939271973295
2004,7,23,18,166.436467944061
2004,7,24,0,164.232916767069
2004,7,24,6,164.532365794065
2004,7,24,12,167.044310310005
2004,7,24,18,167.044310310005
2004,7,25,0,161.088205497165
2004,7,25,6,165.195334224984
2004,7,25,12,165.195334224984
2004,7,25,18,161.412234967923
2004,7,26,0,157.83017109405
2004,7,26,6,156.772485535661
2004,7,26,12,156.772485535661
2004,7,26,18,154.284033384301
2004,7,27,0,148.919710205343
2004,7,27,6,149.778151979648
2004,7,27,12,149.778151979648
2004,7,27,18,149.778151979648
2004,7,28,0,144.721960615493
2004,7,28,6,144.700327810569
2004,7,28,12,144.700327810569
2004,7,28,18,144.700327810569
2004,7,29,0,139.309126339795
2004,7,29,6,141.454847738594
2004,7,29,12,141.454847738594
2004,7,29,18,138.951222114902
2004,7,30,0,139.143797113917
2004,7,30,6,136.825889102631
2004,7,30,12,141.847022647682
2004,7,30,18,139.336455875157
2004,7,31,0,136.99278318655
2004,7,31,6,137.159691914578
2004,7,31,12,139.67638350934
2004,7,31,18,134.643000319815
2004,8,1,0,132.165596479823
2004,8,1,6,132.204891458694
2004,8,1,12,134.723079867431
2004,8,1,18,129.686703049957
2004,8,2,0,126.643880353672
2004,8,2,6,126.119729201894
2004,8,2,12,128.617149582129
2004,8,2,18,126.119729201894
2004,8,3,0,123.604042768104
2004,8,3,6,123.585778121751
2004,8,3,12,126.082460508049
2004,8,3,18,128.579142894347
2004,8,4,0,131.862427925538
2004,8,4,6,127.597084839453
2004,8,4,12,127.597084839453
2004,8,4,18,127.597084839453
2004,8,5,0,124.535560399694
2004,8,5,6,124.001562747462
2004,8,5,12,124.001562747462
2004,8,5,18,121.496480671756
2004,8,6,0,120.37208049688
2004,8,6,6,120.500275919438
2004,8,6,12,129.286754371897
2004,8,6,18,141.838866446839
2004,8,7,0,158.434374736748
2004,8,7,6,158.71230510533
2004,8,7,12,152.41419775988
2004,8,7,18,149.8949548217
2004,8,8,0,141.891596093296
2004,8,8,6,136.43944674984
2004,8,8,12,133.935970662687
2004,8,8,18,131.432494575534
2004,8,9,0,126.570319177746
2004,8,9,6,124.205979253547
2004,8,9,12,124.205979253547
2004,8,9,18,120.442161700409
2004,8,10,0,117.624288064589
2004,8,10,6,117.315890632914
2004,8,10,12,117.315890632914
2004,8,10,18,116.067849243202
2004,8,11,0,113.784260964839
2004,8,11,6,112.74413886833
2004,8,11,12,113.996851522423
2004,8,11,18,113.996851522423
2004,8,12,0,110.495381665174
2004,8,12,6,110.752147435191
2004,8,12,12,113.269241695082
2004,8,12,18,110.752147435191
2004,8,13,0,110.683741040501
2004,8,13,6,110.615355498939
2004,8,13,12,110.615355498939
2004,8,13,18,110.615355498939
2004,8,14,0,109.33679385423
2004,8,14,6,109.315207889473
2004,8,14,12,110.57170453188
2004,8,14,18,109.315207889473
2004,8,15,0,108.957924876433
2004,8,15,6,108.601052887704
2004,8,15,12,109.84934085193
2004,8,15,18,108.601052887704
2004,8,16,0,106.624702747434
2004,8,16,6,105.885219788177
2004,8,16,12,109.666834780612
2004,8,16,18,107.145758118989
2004,8,17,0,105.641702746178
2004,8,17,6,105.39840456472
2004,8,17,12,106.653147476204
2004,8,17,18,105.39840456472
2004,8,18,0,104.095473448848
2004,8,18,6,104.047287262396
2004,8,18,12,105.300869036642
2004,8,18,18,104.047287262396
2004,8,19,0,101.726754845428
2004,8,19,6,101.91335817579
2004,8,19,12,104.429737390007
2004,8,19,18,101.91335817579
2004,8,20,0,102.351769095079
2004,8,20,6,101.519996750668
2004,8,20,12,102.788996710051
2004,8,20,18,101.519996750668
2004,8,21,0,91.5489381114741
2004,8,21,6,80.8480912667505
2004,8,21,12,81.8714848270891
2004,8,21,18,119.737046559618
2004,8,22,0,495.779357341338
2004,8,22,6,3249.4439153272
2004,8,22,12,816.164675722652
2004,8,22,18,532.517564719173
2004,8,23,0,427.576366032626
2004,8,23,6,371.019809619417
2004,8,23,12,330.360104455645
2004,8,23,18,299.865325582816
2004,8,24,0,265.133315709655
2004,8,24,6,269.302441634944
2004,8,24,12,479.267057146934
2004,8,24,18,489.537065514368
2004,8,25,0,7378.95861280678
2004,8,25,6,4194.99454404848
2004,8,25,12,2465.58175151596
2004,8,25,18,3119.95415950123
2004,8,26,0,2516.31917625384
2004,8,26,6,2330.40406571072
2004,8,26,12,1859.36494604579
2004,8,26,18,1437.90889160874
2004,8,27,0,1157.3399611394
2004,8,27,6,979.453943154244
2004,8,27,12,849.526379266436
2004,8,27,18,759.576527344108
2004,8,28,0,689.14753893104
2004,8,28,6,646.685844004586
2004,8,28,12,634.344511103735
2004,8,28,18,910.790368082795
2004,8,29,0,2151.22285066833
2004,8,29,6,1703.89218876721
2004,8,29,12,1192.72453213705
2004,8,29,18,940.899289532483
2004,8,30,0,794.316166170985
2004,8,30,6,705.641738734917
2004,8,30,12,635.70202657712
2004,8,30,18,580.749395595994
2004,8,31,0,531.520674932974
2004,8,31,6,505.820464723197
2004,8,31,12,483.171787198278
2004,8,31,18,450.457030773394
2004,9,1,0,427.014988427188
2004,9,1,6,413.896132946333
2004,9,1,12,524.026390543164
2004,9,1,18,622.054422030453
2004,9,2,0,731.325853409317
2004,9,2,6,830.860983783974
2004,9,2,12,796.134595916842
2004,9,2,18,733.112632750565
2004,9,3,0,670.318009948311
2004,9,3,6,599.152758364116
2004,9,3,12,551.71983166029
2004,9,3,18,518.017489002308
2004,9,4,0,490.622751165387
2004,9,4,6,458.225546735342
2004,9,4,12,441.994124098941
2004,9,4,18,436.999840210817
2004,9,5,0,431.907860812316
2004,9,5,6,463.010338128687
2004,9,5,12,506.690558706865
2004,9,5,18,469.250369639855
2004,9,6,0,437.452215767178
2004,9,6,6,421.830084721029
2004,9,6,12,401.802543606677
2004,9,6,18,385.530166451267
2004,9,7,0,370.474641455971
2004,9,7,6,361.679373917051
2004,9,7,12,361.679373917051
2004,9,7,18,339.152630904916
2004,9,8,0,329.977828266618
2004,9,8,6,324.570212739717
2004,9,8,12,320.82517182349
2004,9,8,18,312.086743018959
2004,9,9,0,330.049311618317
2004,9,9,6,365.591905303444
2004,9,9,12,688.614890126349
2004,9,9,18,981.589225198287
2004,9,10,0,678.200216086235
2004,9,10,6,549.637738294917
2004,9,10,12,484.062736979905
2004,9,10,18,448.294554444445
2004,9,11,0,726.280055202061
2004,9,11,6,7327.95826055941
2004,9,11,12,4436.03187558864
2004,9,11,18,3834.09244704269
2004,9,12,0,2444.14824917365
2004,9,12,6,1782.32210075547
2004,9,12,12,1472.89118048542
2004,9,12,18,1262.47815470179
2004,9,13,0,1144.94940297905
2004,9,13,6,1057.33884167293
2004,9,13,12,1048.36748180419
2004,9,13,18,1358.52020869491
2004,9,14,0,2246.57006316316
2004,9,14,6,1867.72275712615
2004,9,14,12,1585.10681361364
2004,9,14,18,1376.21676840874
2004,9,15,0,1320.99719826843
2004,9,15,6,1918.64302542865
2004,9,15,12,2330.70058793682
2004,9,15,18,2343.5773867652
2004,9,16,0,2626.33431335236
2004,9,16,6,1943.47732498662
2004,9,16,12,2092.02336256521
2004,9,16,18,1931.09848852173
2004,9,17,0,3776.04917578578
2004,9,17,6,3811.41644276728
2004,9,17,12,4790.37614553285
2004,9,17,18,3367.62137751356
2004,9,18,0,2543.72579222832
2004,9,18,6,2192.57997409584
2004,9,18,12,2130.642686692
2004,9,18,18,2118.25522921123
2004,9,19,0,2107.31753553479
2004,9,19,6,1866.98871682159
2004,9,19,12,1625.67725002152
2004,9,19,18,1536.77302541097
2004,9,20,0,1460.20099347359
2004,9,20,6,1297.46886746378
2004,9,20,12,1196.41600374785
2004,9,20,18,1106.59123600036
2004,9,21,0,1037.64822305179
2004,9,21,6,969.994341643751
2004,9,21,12,927.603843422816
2004,9,21,18,864.018096091413
2004,9,22,0,813.408275435436
2004,9,22,6,786.452796783775
2004,9,22,12,758.989365784977
2004,9,22,18,737.767623649542
2004,9,23,0,762.07599102868
2004,9,23,6,863.32865610425
2004,9,23,12,863.32865610425
2004,9,23,18,792.852847442678
2004,9,24,0,741.58283382829
2004,9,24,6,700.6124285262
2004,9,24,12,674.339462456467
2004,9,24,18,643.062121897262
2004,9,25,0,612.835981982141
2004,9,25,6,593.881849131816
2004,9,25,12,576.377963052141
2004,9,25,18,552.622689086868
2004,9,26,0,530.292175295236
2004,9,26,6,519.206782421246
2004,9,26,12,507.946876296448
2004,9,26,18,491.682567449517
2004,9,27,0,479.879900360402
2004,9,27,6,469.351246824632
2004,9,27,12,458.116775491064
2004,9,27,18,446.882304157495
2004,9,28,0,438.526498334322
2004,9,28,6,435.128409457269
2004,9,28,12,423.810040425144
2004,9,28,18,413.749267952143
2004,9,29,0,402.660869775655
2004,9,29,6,395.378356511241
2004,9,29,12,390.373567188314
2004,9,29,18,380.36398854246
2004,9,30,0,371.127001911046
2004,9,30,6,366.874611418656
2004,9,30,12,363.1053517123
2004,9,30,18,358.079672103825
2004,10,1,0,348.365167806058
2004,10,1,6,342.447034212111
2004,10,1,12,338.697614129497
2004,10,1,18,329.948967270063
2004,10,2,0,324.671041452309
2004,10,2,6,320.649381356048
2004,10,2,12,315.658729506149
2004,10,2,18,311.915740618724
2004,10,3,0,303.774363610498
2004,10,3,6,300.609240324474
2004,10,3,12,300.609240324474
2004,10,3,18,295.599086319066
2004,10,4,0,287.211884074926
2004,10,4,6,287.592713404397
2004,10,4,12,283.825123272462
2004,10,4,18,280.057533140527
2004,10,5,0,274.226106058836
2004,10,5,6,268.454762231625
2004,10,5,12,268.454762231625
2004,10,5,18,272.166118391509
2004,10,6,0,321.911850001037
2004,10,6,6,366.781354603091
2004,10,6,12,366.781354603091
2004,10,6,18,520.433003153034
2004,10,7,0,406.377337828259
2004,10,7,6,364.638144667693
2004,10,7,12,341.92711835621
2004,10,7,18,328.048157832526
2004,10,8,0,299.74957105616
2004,10,8,6,273.14318730329
2004,10,8,12,285.356907060754
2004,10,8,18,369.742607203234
2004,10,9,0,1581.12038436376
2004,10,9,6,2177.56856231628
2004,10,9,12,1301.38712895825
2004,10,9,18,1765.24788779485
2004,10,10,0,1556.75264863775
2004,10,10,6,1192.067226872
2004,10,10,12,1121.21443028002
2004,10,10,18,942.217891521351
2004,10,11,0,819.511929647548
2004,10,11,6,739.747531739904
2004,10,11,12,680.918201804581
2004,10,11,18,630.850686966009
2004,10,12,0,588.125266618741
2004,10,12,6,552.92999995171
2004,10,12,12,530.412488641459
2004,10,12,18,502.891085928931
2004,10,13,0,487.642870422243
2004,10,13,6,466.046599639149
2004,10,13,12,449.716125797346
2004,10,13,18,439.66660343316
2004,10,14,0,428.527392877856
2004,10,14,6,416.189673778765
2004,10,14,12,406.191123057353
2004,10,14,18,394.942753495765
2004,10,15,0,383.116286704072
2004,10,15,6,376.341690822636
2004,10,15,12,371.389826469707
2004,10,15,18,366.437962116777
2004,10,16,0,414.409435037414
2004,10,16,6,1164.19676215267
2004,10,16,12,1929.39034990352
2004,10,16,18,1365.01085979569
2004,10,17,0,988.393883412959
2004,10,17,6,898.629674735743
2004,10,17,12,1264.08909677312
2004,10,17,18,1689.6240402413
2004,10,18,0,1426.53340723786
2004,10,18,6,1501.33624941012
2004,10,18,12,1488.82511399837
2004,10,18,18,1326.18035364561
2004,10,19,0,1262.72347700178
2004,10,19,6,1153.13086972746
2004,10,19,12,1039.44191074024
2004,10,19,18,946.991548486903
2004,10,20,0,874.459546488593
2004,10,20,6,809.245255947158
2004,10,20,12,761.642593832619
2004,10,20,18,720.303439891046
2004,10,21,0,695.079522408342
2004,10,21,6,767.530811708145
2004,10,21,12,753.757828137526
2004,10,21,18,701.170072686071
2004,10,22,0,671.265912612295
2004,10,22,6,700.422517487458
2004,10,22,12,858.17533674139
2004,10,22,18,1156.01265949281
2004,10,23,0,1103.47289696685
2004,10,23,6,951.859414325431
2004,10,23,12,863.401275036026
2004,10,23,18,870.876610750624
2004,10,24,0,898.5453826881
2004,10,24,6,902.549491133637
2004,10,24,12,854.782247870297
2004,10,24,18,840.954887978277
2004,10,25,0,818.2782755981
2004,10,25,6,781.887591564309
2004,10,25,12,740.537767010427
2004,10,25,18,707.959117361914
2004,10,26,0,682.506749581088
2004,10,26,6,658.244514517686
2004,10,26,12,633.120678085713
2004,10,26,18,609.253033475339
2004,10,27,0,596.101499970552
2004,10,27,6,577.96000976112
2004,10,27,12,560.408078879004
2004,10,27,18,542.856147996887
2004,10,28,0,530.148378897198
2004,10,28,6,517.502142560495
2004,10,28,12,506.279204529063
2004,10,28,18,501.291232070648
2004,10,29,0,497.610475659209
2004,10,29,6,492.650064719977
2004,10,29,12,487.635814697382
2004,10,29,18,476.353752146542
2004,10,30,0,466.624078411376
2004,10,30,6,1982.77950785728
2004,10,30,12,1363.87723372842
2004,10,30,18,1214.88224180851
2004,10,31,0,1131.07220922143
2004,10,31,6,1058.15062464909
2004,10,31,12,955.587561739838
2004,10,31,18,858.027575070064
2004,11,1,0,810.298521672829
2004,11,1,6,762.69742946371
2004,11,1,12,762.69742946371
2004,11,1,18,942.831998231521
2004,11,2,0,2990.15223396269
2004,11,2,6,10356.4249830895
2004,11,2,12,5671.37558597758
2004,11,2,18,3546.07748854084
2004,11,3,0,2548.71909559769
2004,11,3,6,2053.35006825862
2004,11,3,12,1715.15123348661
2004,11,3,18,1485.65916703417
2004,11,4,0,1370.91641486897
2004,11,4,6,1277.43190929874
2004,11,4,12,1198.05749940057
2004,11,4,18,1127.36466558501
2004,11,5,0,1072.07265885019
2004,11,5,6,1002.14438155876
2004,11,5,12,952.716791839463
2004,11,5,18,911.939030321042
2004,11,6,0,899.265045239986
2004,11,6,6,900.170803100282
2004,11,6,12,1047.13746483094
2004,11,6,18,1640.2529211011
2004,11,7,0,2245.59780707391
2004,11,7,6,1934.38728995107
2004,11,7,12,1859.9877787991
2004,11,7,18,1698.78883796985
2004,11,8,0,1496.63357973019
2004,11,8,6,1381.81899972985
2004,11,8,12,1270.77997296584
2004,11,8,18,1164.67601405801
2004,11,9,0,1088.61590961726
2004,11,9,6,1005.93399234408
2004,11,9,12,947.636954563347
2004,11,9,18,899.262816830401
2004,11,10,0,860.5536316612
2004,11,10,6,824.23991842077
2004,11,10,12,796.889574219779
2004,11,10,18,762.080045236699
2004,11,11,0,735.356886298711
2004,11,11,6,709.832295262751
2004,11,11,12,691.152498018994
2004,11,11,18,665.000781877735
2004,11,12,0,653.371001285834
2004,11,12,6,635.467569225341
2004,11,12,12,622.982941146258
2004,11,12,18,611.746775875082
2004,11,13,0,605.923975145054
2004,11,13,6,600.092362763493
2004,11,13,12,600.092362763493
2004,11,13,18,617.595056677428
2004,11,14,0,607.914033839269
2004,11,14,6,596.917028645559
2004,11,14,12,603.200365789196
2004,11,14,18,750.230454950313
2004,11,15,0,831.74024161217
2004,11,15,6,795.78378575031
2004,11,15,12,837.868505189029
2004,11,15,18,2282.77720591836
2004,11,16,0,1455.01397756032
2004,11,16,6,1112.56327782201
2004,11,16,12,950.982580045201
2004,11,16,18,950.982580045201
2004,11,17,0,1202.75812188689
2004,11,17,6,1031.01003338356
2004,11,17,12,906.703859145826
2004,11,17,18,828.707828251561
2004,11,18,0,819.049386041911
2004,11,18,6,1075.62724480587
2004,11,18,12,1244.19569361873
2004,11,18,18,1765.95517803948
2004,11,19,0,2231.11458186027
2004,11,19,6,1702.526408265
2004,11,19,12,1426.76508861645
2004,11,19,18,1246.92074971521
2004,11,20,0,1139.98684008569
2004,11,20,6,1051.75999607915
2004,11,20,12,976.457930632166
2004,11,20,18,918.438306435312
2004,11,21,0,882.02601221428
2004,11,21,6,845.327670367095
2004,11,21,12,810.520060410803
2004,11,21,18,783.171224016573
2004,11,22,0,782.626060304742
2004,11,22,6,797.147124919
2004,11,22,12,852.820892373661
2004,11,22,18,941.392795142438
2004,11,23,0,978.092037238643
2004,11,23,6,1039.2472343305
2004,11,23,12,1090.46013890689
2004,11,23,18,1116.69113881186
2004,11,24,0,1236.0216916306
2004,11,24,6,3852.71239618072
2004,11,24,12,9187.23725243095
2004,11,24,18,11967.3996775137
2004,11,25,0,15778.7041001358
2004,11,25,6,11191.2757193387
2004,11,25,12,6427.57587139211
2004,11,25,18,4364.8254587645
2004,11,26,0,3477.00713442147
2004,11,26,6,3054.30135081468
2004,11,26,12,2563.6505314067
2004,11,26,18,2330.59139218791
2004,11,27,0,2267.72823578714
2004,11,27,6,2080.27408042646
2004,11,27,12,1944.06565849377
2004,11,27,18,1758.32690131284
2004,11,28,0,1596.88191368576
2004,11,28,6,1447.9066922517
2004,11,28,12,1348.90452526013
2004,11,28,18,1274.65290001646
2004,11,29,0,1181.34428974644
2004,11,29,6,1112.39589645739
2004,11,29,12,1052.66994228518
2004,11,29,18,1000.4097323845
2004,11,30,0,1044.28904658322
2004,11,30,6,984.854344269487
2004,11,30,12,935.05134329505
2004,11,30,18,910.149842807832
2004,12,1,0,880.29852354342
2004,12,1,6,856.600662718736
2004,12,1,12,835.372949502674
2004,12,1,18,814.145236286612
2004,12,2,0,800.435615083464
2004,12,2,6,786.725081881343
2004,12,2,12,779.232462053901
2004,12,2,18,765.495992370259
2004,12,3,0,758.713161424044
2004,12,3,6,758.172701846726
2004,12,3,12,758.172701846726
2004,12,3,18,764.407674723755
2004,12,4,0,791.629781060045
2004,12,4,6,846.953846479883
2004,12,4,12,925.618290425383
2004,12,4,18,1599.51036022517
2004,12,5,0,1922.52548581456
2004,12,5,6,1940.04908580194
2004,12,5,12,1692.90907487176
2004,12,5,18,1433.41206339507
2004,12,6,0,1270.57011608822
2004,12,6,6,1136.59613881196
2004,12,6,12,1057.78557230712
2004,12,6,18,1024.53736456289
2004,12,7,0,988.439215134983
2004,12,7,6,976.765991041368
2004,12,7,12,969.290741109929
2004,12,7,18,951.848491269904
2004,12,8,0,990.82655023019
2004,12,8,6,1022.89855631398
2004,12,8,12,1101.09004996705
2004,12,8,18,1294.64604245253
2004,12,9,0,1459.88582673813
2004,12,9,6,1396.03907214068
2004,12,9,12,1272.49579142026
2004,12,9,18,1176.13203245834
2004,12,10,0,1271.00792422947
2004,12,10,6,3012.64043191036
2004,12,10,12,5061.77874370525
2004,12,10,18,11629.8777033657
2004,12,11,0,12623.3894260166
2004,12,11,6,8232.57817918642
2004,12,11,12,4648.56785117854
2004,12,11,18,3134.53048489138
2004,12,12,0,2537.05540450775
2004,12,12,6,2163.23313574543
2004,12,12,12,1906.57835692817
2004,12,12,18,1735.47517105
2004,12,13,0,1582.78532002498
2004,12,13,6,1526.09120814721
2004,12,13,12,1426.01965351461
2004,12,13,18,1451.03754217276
2004,12,14,0,1634.25154307559
2004,12,14,6,2201.80526923642
2004,12,14,12,3126.82405098664
2004,12,14,18,5849.76666205417
2004,12,15,0,5165.40756940738
2004,12,15,6,3491.26055742015
2004,12,15,12,2683.75811556787
2004,12,15,18,2232.50675100336
2004,12,16,0,1966.00426000684
2004,12,16,6,1797.9221485814
2004,12,16,12,1636.72912836376
2004,12,16,18,1525.13396052078
2004,12,17,0,1440.23015467333
2004,12,17,6,1367.51841032441
2004,12,17,12,1317.7904681308
2004,12,17,18,1280.49451148559
2004,12,18,0,1248.75353993567
2004,12,18,6,1317.02763764968
2004,12,18,12,1354.65699872538
2004,12,18,18,1329.57075800824
2004,12,19,0,1369.31641398312
2004,12,19,6,1396.59851228609
2004,12,19,12,1535.00016665678
2004,12,19,18,1950.20512976886
2004,12,20,0,1591.73468555054
2004,12,20,6,1364.12629426566
2004,12,20,12,1228.94260744654
2004,12,20,18,1134.31402667316
2004,12,21,0,1073.11366931126
2004,12,21,6,1030.76580090904
2004,12,21,12,1004.52812597681
2004,12,21,18,979.539864136591
2004,12,22,0,952.828037571953
2004,12,22,6,910.024593053062
2004,12,22,12,878.902000951385
2004,12,22,18,854.003927270042
2004,12,23,0,835.022100638362
2004,12,23,6,822.188551179547
2004,12,23,12,808.422837232858
2004,12,23,18,794.657123286168
2004,12,24,0,786.981418889448
2004,12,24,6,778.082438592778
2004,12,24,12,771.847803668156
2004,12,24,18,758.131606833988
2004,12,25,0,768.86054732384
2004,12,25,6,787.236090757065
2004,12,25,12,838.236435507108
2004,12,25,18,1556.16436545001
2004,12,26,0,1765.09969322887
2004,12,26,6,1749.99582546906
2004,12,26,12,1589.7849400388
2004,12,26,18,1404.9262260808
2004,12,27,0,1269.76714925515
2004,12,27,6,1155.48166219571
2004,12,27,12,1076.5586884705
2004,12,27,18,1008.73425792539
2004,12,28,0,965.572781333401
2004,12,28,6,938.02175662565
2004,12,28,12,913.041150590347
2004,12,28,18,896.803756667399
2004,12,29,0,882.928312022116
2004,12,29,6,875.275273505636
2004,12,29,12,867.762181029193
2004,12,29,18,875.275273505636
2004,12,30,0,884.018780379537
2004,12,30,6,883.997011279448
2004,12,30,12,867.719445915945
2004,12,30,18,858.954603027905
2004,12,31,0,858.13414363919
2004,12,31,6,857.313863827171
2004,12,31,12,849.815491840344
2004,12,31,18,842.317119853517
2005,1,1,0,836.138138673347
2005,1,1,6,828.708176123261
2005,1,1,12,814.958870033734
2005,1,1,18,801.209563944208
2005,1,2,0,786.729778427039
2005,1,2,6,772.275762796167
2005,1,2,12,758.551960872487
2005,1,2,18,737.342448808618
2005,1,3,0,718.638873458562
2005,1,3,6,707.377933220608
2005,1,3,12,694.857969800774
2005,1,3,18,674.82602832904
2005,1,4,0,667.974831846606
2005,1,4,6,661.134946211465
2005,1,4,12,654.886033676385
2005,1,4,18,648.637121141305
2005,1,5,0,642.864649276984
2005,1,5,6,637.083098871434
2005,1,5,12,624.566731506573
2005,1,5,18,607.043817195767
2005,1,6,0,599.398152379834
2005,1,6,6,591.782615252578
2005,1,6,12,585.553324565709
2005,1,6,18,579.32403387884
2005,1,7,0,576.369674960772
2005,1,7,6,572.1278186292
2005,1,7,12,572.1278186292
2005,1,7,18,567.109153553505
2005,1,8,0,559.735385395479
2005,1,8,6,552.387170779703
2005,1,8,12,547.38819185862
2005,1,8,18,541.139468207266
2005,1,9,0,536.920462680792
2005,1,9,6,537.700819538952
2005,1,9,12,531.433910220316
2005,1,9,18,526.420382765408
2005,1,10,0,520.202619717175
2005,1,10,6,520.251584077965
2005,1,10,12,515.237110978418
2005,1,10,18,503.954546504438
2005,1,11,0,498.851954367296
2005,1,11,6,488.852761774495
2005,1,11,12,399.188813006811
2005,1,11,18,409.014999173133
2005,1,12,0,433.870695457761
2005,1,12,6,432.854751315556
2005,1,12,12,427.850650144278
2005,1,12,18,427.850650144278
2005,1,13,0,415.657356034978
2005,1,13,6,404.761147283339
2005,1,13,12,399.779471624468
2005,1,13,18,393.552377050878
2005,1,14,0,394.370182795527
2005,1,14,6,390.186109848727
2005,1,14,12,380.181337801323
2005,1,14,18,375.178951777622
2005,1,15,0,380.480264710321
2005,1,15,6,380.779116281718
2005,1,15,12,370.758613221673
2005,1,15,18,380.779116281718
2005,1,16,0,390.765456693634
2005,1,16,6,428.28503964851
2005,1,16,12,548.505401655109
2005,1,16,18,613.624764408683
2005,1,17,0,656.609474726703
2005,1,17,6,706.441350000056
2005,1,17,12,2717.08211538483
2005,1,17,18,8737.56406579016
2005,1,18,0,11391.5396352206
2005,1,18,6,7827.38105341183
2005,1,18,12,7677.09533718632
2005,1,18,18,8741.61916045033
2005,1,19,0,9551.0647530057
2005,1,19,6,7188.29883567343
2005,1,19,12,5212.97769221195
2005,1,19,18,3868.82425139497
2005,1,20,0,3997.96919918668
2005,1,20,6,6136.9945994616
2005,1,20,12,4191.11826304695
2005,1,20,18,6286.67739457042
2005,1,21,0,5254.76048055418
2005,1,21,6,3836.16796332598
2005,1,21,12,3061.78623159868
2005,1,21,18,2644.81145297629
2005,1,22,0,2511.79127963102
2005,1,22,6,2486.93577170306
2005,1,22,12,2670.18367067065
2005,1,22,18,3272.2839101356
2005,1,23,0,4174.98500093169
2005,1,23,6,3946.97275024696
2005,1,23,12,2981.61408996984
2005,1,23,18,2468.38543513897
2005,1,24,0,2179.84780273275
2005,1,24,6,1975.94394728249
2005,1,24,12,1828.6686220192
2005,1,24,18,1681.39329675591
2005,1,25,0,1576.67000750356
2005,1,25,6,1471.14120653129
2005,1,25,12,1359.8784262054
2005,1,25,18,1273.34070817415
2005,1,26,0,1235.97354348252
2005,1,26,6,1175.8682347701
2005,1,26,12,1113.58707826745
2005,1,26,18,1087.42899253633
2005,1,27,0,1087.84873022856
2005,1,27,6,1088.26834478953
2005,1,27,12,1028.43228459492
2005,1,27,18,952.390624764262
2005,1,28,0,909.735878395575
2005,1,28,6,861.006778525297
2005,1,28,12,816.27915366684
2005,1,28,18,782.733435022997
2005,1,29,0,763.002362595916
2005,1,29,6,764.393359684785
2005,1,29,12,730.725136664411
2005,1,29,18,704.538740981898
2005,1,30,0,679.003016985875
2005,1,30,6,660.912915036919
2005,1,30,12,654.666101095171
2005,1,30,18,654.666101095171
2005,1,31,0,650.721265838702
2005,1,31,6,659.317994119991
2005,1,31,12,717.197054672509
2005,1,31,18,863.152946500599
2005,2,1,0,791.41663663387
2005,2,1,6,717.214607390873
2005,2,1,12,671.540011051007
2005,2,1,18,640.678797307854
2005,2,2,0,620.321407815231
2005,2,2,6,607.14073716597
2005,2,2,12,643.443997738781
2005,2,2,18,637.1848148814
2005,2,3,0,613.843782570139
2005,2,3,6,598.201321829162
2005,2,3,12,579.700250020012
2005,2,3,18,562.432582998139
2005,2,4,0,584.562390776385
2005,2,4,6,598.539968028202
2005,2,4,12,897.809952042303
2005,2,4,18,1787.49492714305
2005,2,5,0,1414.33447923208
2005,2,5,6,1052.44083847696
2005,2,5,12,889.790890712335
2005,2,5,18,792.918495352524
2005,2,6,0,750.178482091825
2005,2,6,6,719.8701012378
2005,2,6,12,681.059713171066
2005,2,6,18,668.540233149539
2005,2,7,0,641.591272799242
2005,2,7,6,609.816681198473
2005,2,7,12,591.148823610764
2005,2,7,18,573.725489862236
2005,2,8,0,568.254203025244
2005,2,8,6,546.545206033003
2005,2,8,12,524.084444141236
2005,2,8,18,512.854063195353
2005,2,9,0,513.009658848361
2005,2,9,6,501.927980713298
2005,2,9,12,490.690787115239
2005,2,9,18,479.45359351718
2005,2,10,0,480.477444255221
2005,2,10,6,465.201089883398
2005,2,10,12,455.169799535508
2005,2,10,18,448.900243068076
2005,2,11,0,448.086489672599
2005,2,11,6,442.276097585501
2005,2,11,12,437.278627556287
2005,2,11,18,432.281157527072
2005,2,12,0,435.038587412449
2005,2,12,6,437.802803743065
2005,2,12,12,452.98671601161
2005,2,12,18,536.498233488611
2005,2,13,0,537.802400401026
2005,2,13,6,510.440684769493
2005,2,13,12,488.085618283237
2005,2,13,18,466.972499935108
2005,2,14,0,468.832090495811
2005,2,14,6,454.421294480448
2005,2,14,12,448.162048000001
2005,2,14,18,438.147253631286
2005,2,15,0,426.63797225308
2005,2,15,6,408.985087452025
2005,2,15,12,387.852119407392
2005,2,15,18,387.852119407392
2005,2,16,0,400.178095571147
2005,2,16,6,385.06437946049
2005,2,16,12,375.062707266711
2005,2,16,18,370.061871169821
2005,2,17,0,375.327119410152
2005,2,17,6,370.583580314158
2005,2,17,12,361.819779428351
2005,2,17,18,356.811893207889
2005,2,18,0,361.893131309677
2005,2,18,6,356.956573551401
2005,2,18,12,348.189219113296
2005,2,18,18,343.179302291522
2005,2,19,0,346.893315112029
2005,2,19,6,340.626301969582
2005,2,19,12,331.924170167439
2005,2,19,18,331.924170167439
2005,2,20,0,329.361545901788
2005,2,20,6,325.521875423001
2005,2,20,12,313.001803291347
2005,2,20,18,313.001803291347
2005,2,21,0,312.519289352759
2005,2,21,6,307.044534510826
2005,2,21,12,299.555643425196
2005,2,21,18,299.555643425196
2005,2,22,0,299.8682762354
2005,2,22,6,295.178034078544
2005,2,22,12,295.178034078544
2005,2,22,18,291.425770933478
2005,2,23,0,291.131053159148
2005,2,23,6,285.843520339072
2005,2,23,12,285.843520339072
2005,2,23,18,282.098845400133
2005,2,24,0,285.724382862653
2005,2,24,6,290.594008075969
2005,2,24,12,285.605269739901
2005,2,24,18,281.86371598785
2005,2,25,0,282.57685165543
2005,2,25,6,283.290407396801
2005,2,25,12,283.290407396801
2005,2,25,18,279.529915263216
2005,2,26,0,279.570511368008
2005,2,26,6,283.372672423638
2005,2,26,12,279.611088276422
2005,2,26,18,279.611088276422
2005,2,27,0,279.589556568272
2005,2,27,6,283.329026409132
2005,2,27,12,283.329026409132
2005,2,27,18,275.807016858447
2005,2,28,0,279.829310440221
2005,2,28,6,283.85788672764
2005,2,28,12,287.625911772698
2005,2,28,18,305.210028649631
2005,3,1,0,381.46352048027
2005,3,1,6,522.584727456422
2005,3,1,12,768.431237171143
2005,3,1,18,789.02570918913
2005,3,2,0,658.52923505202
2005,3,2,6,565.434018095895
2005,3,2,12,509.013270086327
2005,3,2,18,470.990592079878
2005,3,3,0,458.752082908974
2005,3,3,6,452.50079602073
2005,3,3,12,431.309298686426
2005,3,3,18,410.117801352121
2005,3,4,0,390.051214810722
2005,3,4,6,386.160921068665
2005,3,4,12,371.115690377678
2005,3,4,18,357.32422891094
2005,3,5,0,356.514694503816
2005,3,5,6,355.705805996297
2005,3,5,12,350.713443806875
2005,3,5,18,346.969172164809
2005,3,6,0,342.144945795571
2005,3,6,6,342.313025318593
2005,3,6,12,338.565072486637
2005,3,6,18,329.819849212075
2005,3,7,0,331.682976792966
2005,3,7,6,351.238563302786
2005,3,7,12,394.195797663559
2005,3,7,18,480.110266385104
2005,3,8,0,463.518099597712
2005,3,8,6,432.375167972901
2005,3,8,12,401.491227403408
2005,3,8,18,375.548717325034
2005,3,9,0,373.963503734092
2005,3,9,6,387.394740525962
2005,3,9,12,456.572372762741
2005,3,9,18,573.545459999476
2005,3,10,0,528.252842922341
2005,3,10,6,480.036087672908
2005,3,10,12,431.909076312385
2005,3,10,18,401.058428004358
2005,3,11,0,382.59541957766
2005,3,11,6,401.371883617251
2005,3,11,12,380.115428721633
2005,3,11,18,370.112391123695
2005,3,12,0,370.126924368266
2005,3,12,6,395.150932949007
2005,3,12,12,380.145201318032
2005,3,12,18,361.388036779314
2005,3,13,0,342.291372934545
2005,3,13,6,333.215955205949
2005,3,13,12,324.479956380325
2005,3,13,18,311.999958058005
2005,3,14,0,303.326637878916
2005,3,14,6,299.643778385396
2005,3,14,12,290.904168182489
2005,3,14,18,285.910105209399
2005,3,15,0,278.281279982678
2005,3,15,6,278.143539986454
2005,3,15,12,274.401698641345
2005,3,15,18,270.659857296236
2005,3,16,0,269.561386381005
2005,3,16,6,268.397171067148
2005,3,16,12,296.381710230547
2005,3,16,18,376.519254198463
2005,3,17,0,372.734780582422
2005,3,17,6,355.251892787983
2005,3,17,12,341.540416224236
2005,3,17,18,341.540416224236
2005,3,18,0,356.037956143539
2005,3,18,6,356.824602942234
2005,3,18,12,351.816538339536
2005,3,18,18,343.052425284814
2005,3,19,0,346.009548199024
2005,3,19,6,345.140822627103
2005,3,19,12,331.131416542608
2005,3,19,18,345.140822627103
2005,3,20,0,516.799728507316
2005,3,20,6,967.57222336981
2005,3,20,12,1985.4423188163
2005,3,20,18,1985.4423188163
2005,3,21,0,2230.73549100936
2005,3,21,6,1629.38099555617
2005,3,21,12,1198.07426143836
2005,3,21,18,988.411265686648
2005,3,22,0,858.327797641292
2005,3,22,6,777.168643567371
2005,3,22,12,703.15258227524
2005,3,22,18,652.574940392285
2005,3,23,0,637.036752273183
2005,3,23,6,597.66502780518
2005,3,23,12,562.801234516544
2005,3,23,18,534.163118600879
2005,3,24,0,522.524496468688
2005,3,24,6,504.689122082193
2005,3,24,12,483.55681894082
2005,3,24,18,461.181439144072
2005,3,25,0,456.131505203892
2005,3,25,6,444.865185574664
2005,3,25,12,434.924064109308
2005,3,25,18,418.769741728105
2005,3,26,0,433.513123606189
2005,3,26,6,476.707861608365
2005,3,26,12,858.074150895057
2005,3,26,18,3909.00446518859
2005,3,27,0,2605.09563145169
2005,3,27,6,1731.39420843531
2005,3,27,12,1611.98771130184
2005,3,27,18,1492.58121416837
2005,3,28,0,1750.20787917793
2005,3,28,6,2021.87805308324
2005,3,28,12,1881.99969720955
2005,3,28,18,1907.43212555022
2005,3,29,0,1656.27348100301
2005,3,29,6,1522.71642960107
2005,3,29,12,1436.05777100589
2005,3,29,18,1436.05777100589
2005,3,30,0,1376.98758139232
2005,3,30,6,1441.97418757603
2005,3,30,12,1280.37363207182
2005,3,30,18,1219.46265345869
2005,3,31,0,1159.57947465848
2005,3,31,6,1049.2847439893
2005,3,31,12,955.486942083221
2005,3,31,18,980.499689258174
2005,4,1,0,1356.3286214736
2005,4,1,6,2269.96918538957
2005,4,1,12,4035.50077402591
2005,4,1,18,2988.79276076294
2005,4,2,0,2298.24615934742
2005,4,2,6,1783.81651886146
2005,4,2,12,1532.4061370085
2005,4,2,18,1352.82729282782
2005,4,3,0,1288.7107435901
2005,4,3,6,1197.39123959153
2005,4,3,12,1124.44093297776
2005,4,3,18,1206.19558694147
2005,4,4,0,1404.11956404399
2005,4,4,6,1287.08926193172
2005,4,4,12,1153.38193083784
2005,4,4,18,1039.66821934678
2005,4,5,0,973.703857029028
2005,4,5,6,916.305075421008
2005,4,5,12,852.376814345124
2005,4,5,18,809.757973627868
2005,4,6,0,792.832002781168
2005,4,6,6,783.479139994227
2005,4,6,12,783.479139994227
2005,4,6,18,789.697228406879
2005,4,7,0,966.400760319997
2005,4,7,6,1006.21079212805
2005,4,7,12,1006.21079212805
2005,4,7,18,1439.21642277255
2005,4,8,0,1919.29551800213
2005,4,8,6,1702.57904560922
2005,4,8,12,1389.60495634282
2005,4,8,18,1264.41532063626
2005,4,9,0,1190.4167096816
2005,4,9,6,1090.35962515826
2005,4,9,12,979.200396476601
2005,4,9,18,913.004451306627
2005,4,10,0,849.969864070966
2005,4,10,6,808.101825002979
2005,4,10,12,780.581329414642
2005,4,10,18,739.300586032137
2005,4,11,0,766.217425926471
2005,4,11,6,1107.82971096204
2005,4,11,12,1361.36909238852
2005,4,11,18,1311.41059358528
2005,4,12,0,1251.12758856153
2005,4,12,6,1139.24439811606
2005,4,12,12,1033.96768805913
2005,4,12,18,975.062862193943
2005,4,13,0,1048.98163194047
2005,4,13,6,945.423797964507
2005,4,13,12,880.566228711005
2005,4,13,18,848.137444084254
2005,4,14,0,836.784104202257
2005,4,14,6,831.627805281272
2005,4,14,12,810.304015402265
2005,4,14,18,790.234566104376
2005,4,15,0,771.425412201456
2005,4,15,6,739.186587328286
2005,4,15,12,745.377429768221
2005,4,15,18,828.334718463356
2005,4,16,0,1245.65258752912
2005,4,16,6,2030.10925503609
2005,4,16,12,7117.91393123763
2005,4,16,18,5012.61544453355
2005,4,17,0,3797.72685834984
2005,4,17,6,2721.78912885256
2005,4,17,12,2202.17484061707
2005,4,17,18,1843.39354635923
2005,4,18,0,1704.45534074355
2005,4,18,6,1551.35782217298
2005,4,18,12,1401.22642002721
2005,4,18,18,1313.64976877551
2005,4,19,0,1285.40438600045
2005,4,19,6,1212.47372924657
2005,4,19,12,1122.84528108871
2005,4,19,18,1095.45881081826
2005,4,20,0,1231.21601867139
2005,4,20,6,1223.79831578487
2005,4,20,12,1125.24575008966
2005,4,20,18,1106.53323761588
2005,4,21,0,1376.0754414256
2005,4,21,6,1367.35789278554
2005,4,21,12,1254.45678237206
2005,4,21,18,1292.09048584322
2005,4,22,0,1717.27945859601
2005,4,22,6,1603.22666175448
2005,4,22,12,1465.44937050996
2005,4,22,18,1490.49978709987
2005,4,23,0,1788.83463094479
2005,4,23,6,1574.17653373135
2005,4,23,12,1411.76149453684
2005,4,23,18,1449.24188819711
2005,4,24,0,1664.6897079744
2005,4,24,6,1630.13187995078
2005,4,24,12,1454.57921595608
2005,4,24,18,1442.03973995646
2005,4,25,0,1705.88520909997
2005,4,25,6,1530.74234302958
2005,4,25,12,1367.63045401823
2005,4,25,18,1392.7245907892
2005,4,26,0,1735.22228883159
2005,4,26,6,1512.1323760004
2005,4,26,12,1335.71693213369
2005,4,26,18,1323.11582900035
2005,4,27,0,1645.5648164401
2005,4,27,6,1452.55852215266
2005,4,27,12,1327.33795989812
2005,4,27,18,1264.72767877085
2005,4,28,0,1386.74071804152
2005,4,28,6,1195.32414962478
2005,4,28,12,1054.47782125397
2005,4,28,18,969.720738694552
2005,4,29,0,1031.37896020636
2005,4,29,6,932.893090464212
2005,4,29,12,845.120891092579
2005,4,29,18,796.219237156954
2005,4,30,0,823.727213973529
2005,4,30,6,796.069285141067
2005,4,30,12,762.220669867353
2005,4,30,18,720.850140088368
2005,5,1,0,739.856831677817
2005,5,1,6,732.555052447808
2005,5,1,12,700.052609847734
2005,5,1,18,667.550167247661
2005,5,2,0,780.914777136765
2005,5,2,6,767.989889439558
2005,5,2,12,707.853650135971
2005,5,2,18,681.544045440652
2005,5,3,0,735.61112551679
2005,5,3,6,778.566678141614
2005,5,3,12,743.348799324223
2005,5,3,18,698.068669416149
2005,5,4,0,695.799162217438
2005,5,4,6,679.785924193616
2005,5,4,12,642.297729844704
2005,5,4,18,623.553632670247
2005,5,5,0,673.120374913344
2005,5,5,6,698.912179428521
2005,5,5,12,666.462685383626
2005,5,5,18,622.780674169343
2005,5,6,0,741.015370084412
2005,5,6,6,724.279332792468
2005,5,6,12,653.740823859636
2005,5,6,18,604.615790852843
2005,5,7,0,634.062007458905
2005,5,7,6,620.712851490291
2005,5,7,12,579.248227807742
2005,5,7,18,544.066122864972
2005,5,8,0,526.893372588807
2005,5,8,6,519.792805683894
2005,5,8,12,498.500088342626
2005,5,8,18,480.964909355699
2005,5,9,0,492.37757631939
2005,5,9,6,542.646618432154
2005,5,9,12,589.015959960998
2005,5,9,18,577.736930940469
2005,5,10,0,647.65797537769
2005,5,10,6,632.470036655796
2005,5,10,12,590.222529295683
2005,5,10,18,555.430464410885
2005,5,11,0,685.572153976027
2005,5,11,6,655.22032569397
2005,5,11,12,606.453927407587
2005,5,11,18,565.190051934494
2005,5,12,0,600.271791663525
2005,5,12,6,594.088186445438
2005,5,12,12,547.811843501267
2005,5,12,18,519.045468157593
2005,5,13,0,546.497463691373
2005,5,13,6,545.18477947982
2005,5,13,12,511.577498552982
2005,5,13,18,477.970217626144
2005,5,14,0,522.056775552358
2005,5,14,6,556.807268264551
2005,5,14,12,616.555993397961
2005,5,14,18,647.065980700128
2005,5,15,0,606.328273231695
2005,5,15,6,584.465132196328
2005,5,15,12,639.579168785018
2005,5,15,18,1397.07674143421
2005,5,16,0,1325.32995694695
2005,5,16,6,1093.67412994698
2005,5,16,12,1227.89777316774
2005,5,16,18,1034.01917740441
2005,5,17,0,1011.02522162282
2005,5,17,6,857.826591505029
2005,5,17,12,766.541837598517
2005,5,17,18,687.761844501117
2005,5,18,0,636.867483908279
2005,5,18,6,607.195695512928
2005,5,18,12,600.93594607465
2005,5,18,18,662.28149056977
2005,5,19,0,802.346396368422
2005,5,19,6,1049.98406224002
2005,5,19,12,1066.25318358582
2005,5,19,18,1066.25318358582
2005,5,20,0,1088.67131664507
2005,5,20,6,917.05982009893
2005,5,20,12,810.193770602307
2005,5,20,18,728.180290756061
2005,5,21,0,803.646798163966
2005,5,21,6,1404.01690212899
2005,5,21,12,1366.07049936874
2005,5,21,18,1104.24032032307
2005,5,22,0,976.162301679309
2005,5,22,6,943.380831692776
2005,5,22,12,878.663413159762
2005,5,22,18,878.663413159762
2005,5,23,0,976.67674190085
2005,5,23,6,1071.2111203535
2005,5,23,12,934.460764563693
2005,5,23,18,847.092481697982
2005,5,24,0,792.278111156875
2005,5,24,6,738.149034259386
2005,5,24,12,699.43055699705
2005,5,24,18,654.467164047239
2005,5,25,0,624.484053891978
2005,5,25,6,614.441338405884
2005,5,25,12,589.362100103604
2005,5,25,18,554.25116648041
2005,5,26,0,558.5127077643
2005,5,26,6,562.731766440307
2005,5,26,12,539.077112541268
2005,5,26,18,505.462604368948
2005,5,27,0,535.294308417698
2005,5,27,6,547.747289091065
2005,5,27,12,518.984303590849
2005,5,27,18,491.471882677599
2005,5,28,0,526.395576030011
2005,5,28,6,538.859268236087
2005,5,28,12,509.969377398254
2005,5,28,18,482.335568770763
2005,5,29,0,549.295676413025
2005,5,29,6,548.427849938679
2005,5,29,12,508.360061815305
2005,5,29,18,475.804983965064
2005,5,30,0,503.498553764177
2005,5,30,6,498.633914967367
2005,5,30,12,471.071236250578
2005,5,30,18,448.519953664114
2005,5,31,0,447.392131578009
2005,5,31,6,446.189794751322
2005,5,31,12,484.434634301436
2005,5,31,18,618.291572726832
2005,6,1,0,743.084320281008
2005,6,1,6,588.964683001166
2005,6,1,12,520.768772337873
2005,6,1,18,525.728474931567
2005,6,2,0,544.82920168545
2005,6,2,6,501.650362213657
2005,6,2,12,474.196859803955
2005,6,2,18,446.743357394252
2005,6,3,0,437.405816305041
2005,6,3,6,428.038622560359
2005,6,3,12,416.774448282455
2005,6,3,18,401.755549245249
2005,6,4,0,385.884680175352
2005,6,4,6,381.267630985406
2005,6,4,12,376.250951630335
2005,6,4,18,371.234272275264
2005,6,5,0,362.43453170132
2005,6,5,6,357.397840239612
2005,6,5,12,366.176032806901
2005,6,5,18,465.244206066302
2005,6,6,0,536.279429635385
2005,6,6,6,462.306959786835
2005,6,6,12,426.16975807843
2005,6,6,18,393.770887581239
2005,6,7,0,385.981674482505
2005,6,7,6,399.151987756829
2005,6,7,12,399.151987756829
2005,6,7,18,388.098548095871
2005,6,8,0,487.505837899659
2005,6,8,6,600.873143780242
2005,6,8,12,577.860980826956
2005,6,8,18,626.442213728337
2005,6,9,0,631.304818758046
2005,6,9,6,570.857617085763
2005,6,9,12,519.530506777613
2005,6,9,18,480.722203861695
2005,6,10,0,454.67023105431
2005,6,10,6,438.616155368817
2005,6,10,12,422.324698169404
2005,6,10,18,402.273673923972
2005,6,11,0,385.423996093932
2005,6,11,6,394.86272074064
2005,6,11,12,406.108810888316
2005,6,11,18,437.347950187418
2005,6,12,0,434.326202741406
2005,6,12,6,441.350584711026
2005,6,12,12,518.271686617805
2005,6,12,18,546.013723371069
2005,6,13,0,502.051366312912
2005,6,13,6,474.933782690735
2005,6,13,12,497.196303754364
2005,6,13,18,513.274791189206
2005,6,14,0,534.906918471851
2005,6,14,6,516.611288630788
2005,6,14,12,482.673320764532
2005,6,14,18,449.9923146711
2005,6,15,0,434.03352960199
2005,6,15,6,411.876904498325
2005,6,15,12,395.60213319596
2005,6,15,18,380.579267378391
2005,6,16,0,366.005637995419
2005,6,16,6,362.690024942127
2005,6,16,12,352.650162659992
2005,6,16,18,343.865283163124
2005,6,17,0,341.059018221452
2005,6,17,6,364.735519821301
2005,6,17,12,436.672975287786
2005,6,17,18,441.721217776662
2005,6,18,0,418.972770183817
2005,6,18,6,396.357468320442
2005,6,18,12,402.628947249563
2005,6,18,18,471.615215469892
2005,6,19,0,476.484262637811
2005,6,19,6,443.744608110626
2005,6,19,12,422.434838794579
2005,6,19,18,391.096942741569
2005,6,20,0,375.487213067662
2005,6,20,6,369.920795953898
2005,6,20,12,361.172669022556
2005,6,20,18,347.425612416161
2005,6,21,0,333.027896081217
2005,6,21,6,346.071252069039
2005,6,21,12,337.357227736366
2005,6,21,18,332.377785260552
2005,6,22,0,380.680228667448
2005,6,22,6,435.831490198173
2005,6,22,12,506.370690923889
2005,6,22,18,551.717319961849
2005,6,23,0,508.994964219272
2005,6,23,6,457.922667910794
2005,6,23,12,426.729025682539
2005,6,23,18,389.296655008632
2005,6,24,0,369.749424176426
2005,6,24,6,361.412407622025
2005,6,24,12,351.407911909304
2005,6,24,18,333.900044412044
2005,6,25,0,322.207779356548
2005,6,25,6,326.792349473029
2005,6,25,12,323.021668517571
2005,6,25,18,314.223412954835
2005,6,26,0,304.668826174989
2005,6,26,6,303.91310786273
2005,6,26,12,300.161094185413
2005,6,26,18,295.158409282323
2005,6,27,0,291.506750753416
2005,6,27,6,304.122444180295
2005,6,27,12,321.643901869695
2005,6,27,18,334.159228790695
2005,6,28,0,343.593551115073
2005,6,28,6,344.267483212545
2005,6,28,12,326.67717385132
2005,6,28,18,317.882019170708
2005,6,29,0,313.859878882116
2005,6,29,6,308.589443383816
2005,6,29,12,301.062871593967
2005,6,29,18,292.281871172476
2005,6,30,0,286.931948743573
2005,6,30,6,282.845217741091
2005,6,30,12,279.090635204705
2005,6,30,18,279.090635204705
2005,7,1,0,275.364602169712
2005,7,1,6,267.882430012899
2005,7,1,12,267.882430012899
2005,7,1,18,260.371707676089
2005,7,2,0,256.478771083703
2005,7,2,6,252.589899981095
2005,7,2,12,252.589899981095
2005,7,2,18,248.838564832861
2005,7,3,0,249.387299814017
2005,7,3,6,246.168417455607
2005,7,3,12,242.40053351496
2005,7,3,18,234.864765633666
2005,7,4,0,227.473767218307
2005,7,4,6,227.61859837624
2005,7,4,12,227.61859837624
2005,7,4,18,225.103475742248
2005,7,5,0,215.339340877167
2005,7,5,6,213.131192558146
2005,7,5,12,213.131192558146
2005,7,5,18,213.131192558146
2005,7,6,0,259.272656719837
2005,7,6,6,538.57738813325
2005,7,6,12,774.772772808555
2005,7,6,18,874.701589401953
2005,7,7,0,704.970466846303
2005,7,7,6,572.983340398639
2005,7,7,12,488.465190404914
2005,7,7,18,430.048233791604
2005,7,8,0,399.961924841894
2005,7,8,6,406.535969574865
2005,7,8,12,779.193941685157
2005,7,8,18,3482.65813935801
2005,7,9,0,2186.36177466622
2005,7,9,6,3252.55355093012
2005,7,9,12,1900.36836683558
2005,7,9,18,1340.00333558919
2005,7,10,0,1059.25234049741
2005,7,10,6,896.178379897515
2005,7,10,12,800.070113529676
2005,7,10,18,711.450802982707
2005,7,11,0,668.024647976566
2005,7,11,6,650.723165549873
2005,7,11,12,614.362911598146
2005,7,11,18,589.286874390058
2005,7,12,0,552.784776255097
2005,7,12,6,528.935677884117
2005,7,12,12,535.173126915769
2005,7,12,18,512.718310401821
2005,7,13,0,491.696056273069
2005,7,13,6,476.817818471096
2005,7,13,12,455.486495013179
2005,7,13,18,439.174306486536
2005,7,14,0,422.434746278013
2005,7,14,6,411.988418096096
2005,7,14,12,406.979440368484
2005,7,14,18,385.691285026133
2005,7,15,0,374.459685917066
2005,7,15,6,364.162853281607
2005,7,15,12,369.479013588644
2005,7,15,18,376.890910566333
2005,7,16,0,370.223375260831
2005,7,16,6,393.495256653991
2005,7,16,12,484.301854343373
2005,7,16,18,586.459276743929
2005,7,17,0,498.621887562683
2005,7,17,6,451.739576447091
2005,7,17,12,430.583728514307
2005,7,17,18,399.472187436684
2005,7,18,0,374.448348790935
2005,7,18,6,365.544773074914
2005,7,18,12,356.781713446406
2005,7,18,18,343.011191173036
2005,7,19,0,330.370857495914
2005,7,19,6,325.245432399639
2005,7,19,12,321.492600487335
2005,7,19,18,307.732216808889
2005,7,20,0,295.601576274216
2005,7,20,6,295.980534013122
2005,7,20,12,292.218069597701
2005,7,20,18,283.438985961719
2005,7,21,0,275.608485855671
2005,7,21,6,271.548917615188
2005,7,21,12,271.548917615188
2005,7,21,18,267.794785113595
2005,7,22,0,256.781223450434
2005,7,22,6,257.03019080579
2005,7,22,12,260.791608232216
2005,7,22,18,260.791608232216
2005,7,23,0,260.011131417884
2005,7,23,6,251.753816194459
2005,7,23,12,251.753816194459
2005,7,23,18,244.275980069871
2005,7,24,0,238.286008345604
2005,7,24,6,235.991232044518
2005,7,24,12,235.991232044518
2005,7,24,18,232.205276450221
2005,7,25,0,226.969318953433
2005,7,25,6,223.030393025502
2005,7,25,12,223.030393025502
2005,7,25,18,219.292453477588
2005,7,26,0,215.761268685174
2005,7,26,6,212.223007802858
2005,7,26,12,215.968119705262
2005,7,26,18,212.223007802858
2005,7,27,0,206.711367354359
2005,7,27,6,203.670576064097
2005,7,27,12,207.442253398617
2005,7,27,18,203.670576064097
2005,7,28,0,196.886860849693
2005,7,28,6,196.389747841487
2005,7,28,12,200.142418182407
2005,7,28,18,196.389747841487
2005,7,29,0,190.317873780665
2005,7,29,6,190.500497288699
2005,7,29,12,190.500497288699
2005,7,29,18,187.993911798058
2005,7,30,0,184.624368740925
2005,7,30,6,185.014966538314
2005,7,30,12,185.014966538314
2005,7,30,18,185.014966538314
2005,7,31,0,178.140148241048
2005,7,31,6,177.559019172164
2005,7,31,12,181.310266056083
2005,7,31,18,177.559019172164
2005,8,1,0,171.760585224554
2005,8,1,6,172.214547002127
2005,8,1,12,175.985668469327
2005,8,1,18,175.985668469327
2005,8,2,0,172.566632111226
2005,8,2,6,172.918832851468
2005,8,2,12,172.918832851468
2005,8,2,18,170.394470328089
2005,8,3,0,167.629311825984
2005,8,3,6,164.871458208713
2005,8,3,12,167.388579708082
2005,8,3,18,164.871458208713
2005,8,4,0,160.67079689761
2005,8,4,6,160.246026943681
2005,8,4,12,160.246026943681
2005,8,4,18,157.742182772686
2005,8,5,0,155.326741598761
2005,8,5,6,151.655109624391
2005,8,5,12,155.415153664665
2005,8,5,18,151.655109624391
2005,8,6,0,149.591471745763
2005,8,6,6,150.034801670652
2005,8,6,12,152.556394976041
2005,8,6,18,150.034801670652
2005,8,7,0,147.486572663685
2005,8,7,6,147.459937113713
2005,8,7,12,149.980619799418
2005,8,7,18,147.459937113713
2005,8,8,0,145.003794182613
2005,8,8,6,145.068350512089
2005,8,8,12,147.591278347082
2005,8,8,18,145.068350512089
2005,8,9,0,141.792541239005
2005,8,9,6,141.04088694075
2005,8,9,12,143.537185824657
2005,8,9,18,141.04088694075
2005,8,10,0,139.16388395751
2005,8,10,6,137.265630110055
2005,8,10,12,139.784265524918
2005,8,10,18,139.784265524918
2005,8,11,0,139.322940250847
2005,8,11,6,138.862339684611
2005,8,11,12,138.862339684611
2005,8,11,18,138.862339684611
2005,8,12,0,139.658550852109
2005,8,12,6,140.456328137816
2005,8,12,12,140.456328137816
2005,8,12,18,137.925583486684
2005,8,13,0,134.820165253987
2005,8,13,6,134.246350072006
2005,8,13,12,134.246350072006
2005,8,13,18,134.246350072006
2005,8,14,0,131.779458570648
2005,8,14,6,129.310959191861
2005,8,14,12,131.821851603354
2005,8,14,18,129.310959191861
2005,8,15,0,129.35249145492
2005,8,15,6,126.881527006934
2005,8,15,12,129.39403249222
2005,8,15,18,126.881527006934
2005,8,16,0,126.313715030695
2005,8,16,6,123.257319324554
2005,8,16,12,125.747366179596
2005,8,16,18,125.747366179596
2005,8,17,0,126.124201460185
2005,8,17,6,170.709412408158
2005,8,17,12,286.68756282286
2005,8,17,18,271.050059396159
2005,8,18,0,200.437638153588
2005,8,18,6,171.303141958001
2005,8,18,12,160.049650880468
2005,8,18,18,151.296935597943
2005,8,19,0,146.807064664727
2005,8,19,6,144.801589180882
2005,8,19,12,144.801589180882
2005,8,19,18,139.765012165895
2005,8,20,0,136.669796560715
2005,8,20,6,133.596561925334
2005,8,20,12,133.596561925334
2005,8,20,18,131.099429926729
2005,8,21,0,128.803563333225
2005,8,21,6,126.500003004996
2005,8,21,12,126.500003004996
2005,8,21,18,126.500003004996
2005,8,22,0,124.157469820752
2005,8,22,6,124.319898634075
2005,8,22,12,124.319898634075
2005,8,22,18,121.808385530357
2005,8,23,0,121.858854802065
2005,8,23,6,121.90933470615
2005,8,23,12,121.90933470615
2005,8,23,18,121.90933470615
2005,8,24,0,121.574394289005
2005,8,24,6,119.989871210412
2005,8,24,12,121.239765702187
2005,8,24,18,119.989871210412
2005,8,25,0,117.850735926594
2005,8,25,6,118.211787650485
2005,8,25,12,118.211787650485
2005,8,25,18,116.954215441438
2005,8,26,0,114.213026089346
2005,8,26,6,113.987125969577
2005,8,26,12,113.987125969577
2005,8,26,18,113.987125969577
2005,8,27,0,112.629357382858
2005,8,27,6,112.524185717566
2005,8,27,12,112.524185717566
2005,8,27,18,112.524185717566
2005,8,28,0,109.965196615941
2005,8,28,6,109.906760935371
2005,8,28,12,112.40464186572
2005,8,28,18,112.40464186572
2005,8,29,0,113.333032354661
2005,8,29,6,115.533782884681
2005,8,29,12,123.151394943012
2005,8,29,18,128.229802981899
2005,8,30,0,126.724049615658
2005,8,30,6,125.225098125502
2005,8,30,12,120.265688298749
2005,8,30,18,122.745393212125
2005,8,31,0,136.741866236242
2005,8,31,6,148.500857286403
2005,8,31,12,148.500857286403
2005,8,31,18,143.423904900543
2005,9,1,0,134.639521018071
2005,9,1,6,128.484625241311
2005,9,1,12,125.989778149247
2005,9,1,18,123.494931057183
2005,9,2,0,121.383265614704
2005,9,2,6,120.511741856421
2005,9,2,12,120.511741856421
2005,9,2,18,118.001080567745
2005,9,3,0,116.419838803534
2005,9,3,6,116.094275411483
2005,9,3,12,116.094275411483
2005,9,3,18,113.597624327365
2005,9,4,0,113.794338978892
2005,9,4,6,113.991175139264
2005,9,4,12,116.496475691775
2005,9,4,18,120.254426520542
2005,9,5,0,126.546673759638
2005,9,5,6,129.082105736951
2005,9,5,12,126.575657081864
2005,9,5,18,121.562759771692
2005,9,6,0,117.948247824494
2005,9,6,6,116.837156749463
2005,9,6,12,116.837156749463
2005,9,6,18,114.324529722593
2005,9,7,0,112.850170498184
2005,9,7,6,112.632237276623
2005,9,7,12,112.632237276623
2005,9,7,18,110.129298670476
2005,9,8,0,110.094294713744
2005,9,8,6,108.808624064628
2005,9,8,12,108.808624064628
2005,9,8,18,108.808624064628
2005,9,9,0,106.739466619322
2005,9,9,6,107.172326987004
2005,9,9,12,110.954879704192
2005,9,9,18,117.259134232839
2005,9,10,0,120.227556406879
2005,9,10,6,130.610282617036
2005,9,10,12,135.585912431019
2005,9,10,18,148.024986965974
2005,9,11,0,133.427279175992
2005,9,11,6,126.256443216261
2005,9,11,12,121.256188039379
2005,9,11,18,120.006124245159
2005,9,12,0,117.445798713067
2005,9,12,6,116.136837290123
2005,9,12,12,116.136837290123
2005,9,12,18,113.639270896787
2005,9,13,0,112.514770919218
2005,9,13,6,112.639060971013
2005,9,13,12,112.639060971013
2005,9,13,18,110.135970727212
2005,9,14,0,110.389057088079
2005,9,14,6,109.384910125752
2005,9,14,12,109.384910125752
2005,9,14,18,106.870314490678
2005,9,15,0,107.014180880208
2005,9,15,6,107.158083742846
2005,9,15,12,107.158083742846
2005,9,15,18,107.158083742846
2005,9,16,0,105.695561858223
2005,9,16,6,106.749685628591
2005,9,16,12,110.517321591953
2005,9,16,18,116.796714864223
2005,9,17,0,117.905152503661
2005,9,17,6,116.505001213442
2005,9,17,12,113.999517316378
2005,9,17,18,112.746775367847
2005,9,18,0,110.36507835447
2005,9,18,6,110.488890018518
2005,9,18,12,110.488890018518
2005,9,18,18,109.233334450125
2005,9,19,0,106.913652136238
2005,9,19,6,107.105131571758
2005,9,19,12,107.105131571758
2005,9,19,18,107.105131571758
2005,9,20,0,107.115770566421
2005,9,20,6,107.126405205646
2005,9,20,12,107.126405205646
2005,9,20,18,105.866094556168
2005,9,21,0,105.29883196197
2005,9,21,6,103.485395601859
2005,9,21,12,103.485395601859
2005,9,21,18,103.485395601859
2005,9,22,0,103.396557703323
2005,9,22,6,103.307732203378
2005,9,22,12,103.307732203378
2005,9,22,18,100.818389258719
2005,9,23,0,101.324114730406
2005,9,23,6,101.830584583359
2005,9,23,12,101.830584583359
2005,9,23,18,101.830584583359
2005,9,24,0,100.26708405066
2005,9,24,6,99.9610463181923
2005,9,24,12,99.9610463181923
2005,9,24,18,99.9610463181923
2005,9,25,0,98.5142672300218
2005,9,25,6,98.3169706290309
2005,9,25,12,98.3169706290309
2005,9,25,18,98.3169706290309
2005,9,26,0,98.1081483913945
2005,9,26,6,95.4210235204363
2005,9,26,12,97.8994916638242
2005,9,26,18,97.8994916638242
2005,9,27,0,95.9566093141582
2005,9,27,6,96.4929206560845
2005,9,27,12,96.4929206560845
2005,9,27,18,96.4929206560845
2005,9,28,0,96.5815108906577
2005,9,28,6,95.414682620685
2005,9,28,12,96.6701389709572
2005,9,28,18,95.414682620685
2005,9,29,0,95.9050456241074
2005,9,29,6,103.79333142488
2005,9,29,12,153.21872734149
2005,9,29,18,5461.50624878536
2005,9,30,0,5299.80854871185
2005,9,30,6,2731.30043107583
2005,9,30,12,1333.2888360228
2005,9,30,18,897.05744015903
2005,10,1,0,607.439375994909
2005,10,1,6,479.437607232605
2005,10,1,12,457.08041311295
2005,10,1,18,545.26712325159
2005,10,2,0,456.810041625886
2005,10,2,6,393.267857292257
2005,10,2,12,353.568893780105
2005,10,2,18,331.23822680452
2005,10,3,0,332.745230372851
2005,10,3,6,375.565913220961
2005,10,3,12,356.787617559913
2005,10,3,18,329.246117257042
2005,10,4,0,309.414316150188
2005,10,4,6,297.077581740954
2005,10,4,12,283.289170774074
2005,10,4,18,272.007743619354
2005,10,5,0,260.247497455427
2005,10,5,6,252.196537645439
2005,10,5,12,245.891624204303
2005,10,5,18,239.586710763167
2005,10,6,0,218.182904020266
2005,10,6,6,202.619285249265
2005,10,6,12,200.342664066689
2005,10,6,18,204.895906431841
2005,10,7,0,600.05623008104
2005,10,7,6,2330.88906981444
2005,10,7,12,1467.08900276556
2005,10,7,18,1107.85786377063
2005,10,8,0,810.004675744914
2005,10,8,6,619.318680321268
2005,10,8,12,525.182240912435
2005,10,8,18,466.966284962236
2005,10,9,0,425.713193023443
2005,10,9,6,385.276245146592
2005,10,9,12,361.509204049886
2005,10,9,18,333.989472253701
2005,10,10,0,298.313572198626
2005,10,10,6,269.449357041703
2005,10,10,12,269.449357041703
2005,10,10,18,311.515290419521
2005,10,11,0,866.454763486892
2005,10,11,6,736.675412070763
2005,10,11,12,567.369308594851
2005,10,11,18,482.070050355078
2005,10,12,0,420.69123822225
2005,10,12,6,368.162059653677
2005,10,12,12,349.753956670993
2005,10,12,18,339.936301746895
2005,10,13,0,379.266844185927
2005,10,13,6,602.203541696824
2005,10,13,12,989.040440918929
2005,10,13,18,725.662126554942
2005,10,14,0,577.750437000155
2005,10,14,6,486.589042619165
2005,10,14,12,443.473557830125
2005,10,14,18,411.444911986838
2005,10,15,0,406.344891287239
2005,10,15,6,531.64282196237
2005,10,15,12,642.031665663387
2005,10,15,18,557.019567640765
2005,10,16,0,500.72687979184
2005,10,16,6,465.356824124734
2005,10,16,12,448.121386194188
2005,10,16,18,628.430583006051
2005,10,17,0,2537.35327938134
2005,10,17,6,2244.68940331368
2005,10,17,12,6953.37694474756
2005,10,17,18,4940.89679005253
2005,10,18,0,5955.89228105687
2005,10,18,6,2778.1496222543
2005,10,18,12,1994.56895956719
2005,10,18,18,1495.92671967539
2005,10,19,0,1245.1418760821
2005,10,19,6,1152.96366882195
2005,10,19,12,1130.38113776777
2005,10,19,18,1492.95621969328
2005,10,20,0,3025.14780621702
2005,10,20,6,2433.59195603784
2005,10,20,12,1661.02308110519
2005,10,20,18,1313.3670873855
2005,10,21,0,1087.83004347355
2005,10,21,6,934.919882872795
2005,10,21,12,846.295968741996
2005,10,21,18,757.672054611197
2005,10,22,0,697.695846335771
2005,10,22,6,647.531711182989
2005,10,22,12,613.714774622175
2005,10,22,18,574.887921533834
2005,10,23,0,539.547962493659
2005,10,23,6,510.852184462181
2005,10,23,12,510.852184462181
2005,10,23,18,597.228157680424
2005,10,24,0,861.579694157131
2005,10,24,6,777.868171465476
2005,10,24,12,676.407105622153
2005,10,24,18,606.261183557634
2005,10,25,0,568.10269747356
2005,10,25,6,530.021249271837
2005,10,25,12,506.270297063901
2005,10,25,18,482.519344855965
2005,10,26,0,472.1790771417
2005,10,26,6,519.520401819665
2005,10,26,12,525.794802807825
2005,10,26,18,484.383756285968
2005,10,27,0,456.151273301874
2005,10,27,6,439.256889850548
2005,10,27,12,422.98811615238
2005,10,27,18,411.725118976725
2005,10,28,0,392.490427151966
2005,10,28,6,402.989641721134
2005,10,28,12,429.937277337745
2005,10,28,18,456.884912954356
2005,10,29,0,554.721593298012
2005,10,29,6,1388.64788009982
2005,10,29,12,2165.78109740339
2005,10,29,18,1681.66532268969
2005,10,30,0,1296.97256976744
2005,10,30,6,1026.67618755902
2005,10,30,12,897.252765127337
2005,10,30,18,897.252765127337
2005,10,31,0,1557.13010592805
2005,10,31,6,4351.86548985661
2005,10,31,12,4439.15219022623
2005,10,31,18,2768.23535457928
2005,11,1,0,2276.60041326959
2005,11,1,6,2886.05789657148
2005,11,1,12,3373.48100799244
2005,11,1,18,3001.50021243434
2005,11,2,0,2546.55124617471
2005,11,2,6,1971.67164125685
2005,11,2,12,1683.13432790219
2005,11,2,18,1514.82089511197
2005,11,3,0,1542.17345443972
2005,11,3,6,1959.24423583008
2005,11,3,12,1893.93609463574
2005,11,3,18,2181.29191589082
2005,11,4,0,2520.12463656761
2005,11,4,6,2036.94724281108
2005,11,4,12,1766.990379306
2005,11,4,18,2049.21800933404
2005,11,5,0,1904.84444375953
2005,11,5,6,1698.48585998193
2005,11,5,12,1501.55996317243
2005,11,5,18,1378.48127766649
2005,11,6,0,1662.75323720222
2005,11,6,6,1701.30245934144
2005,11,6,12,1501.14922883068
2005,11,6,18,1426.09176738915
2005,11,7,0,1303.84941583086
2005,11,7,6,1186.98648223853
2005,11,7,12,1154.93907981049
2005,11,7,18,1057.56428012529
2005,11,8,0,984.789136795653
2005,11,8,6,937.104504655513
2005,11,8,12,964.629603590655
2005,11,8,18,928.346518630696
2005,11,9,0,869.596037033718
2005,11,9,6,817.782193598742
2005,11,9,12,783.245389042536
2005,11,9,18,748.70858448633
2005,11,10,0,803.317636589364
2005,11,10,6,971.566980132158
2005,11,10,12,1169.93460498776
2005,11,10,18,2229.82585604102
2005,11,11,0,3178.5305004853
2005,11,11,6,1873.98809842417
2005,11,11,12,1443.32002611551
2005,11,11,18,1676.11357871479
2005,11,12,0,1563.34937649101
2005,11,12,6,1382.33399744808
2005,11,12,12,1235.53746674563
2005,11,12,18,1146.23624390164
2005,11,13,0,1128.18114100957
2005,11,13,6,1258.03000978146
2005,11,13,12,1537.30754759445
2005,11,13,18,1601.36202874422
2005,11,14,0,1500.57065791293
2005,11,14,6,1305.5242197809
2005,11,14,12,1153.00970812425
2005,11,14,18,1037.0986792652
2005,11,15,0,956.473215836626
2005,11,15,6,901.786816768931
2005,11,15,12,848.521936108129
2005,11,15,18,795.257055447327
2005,11,16,0,765.597650138155
2005,11,16,6,745.524946568606
2005,11,16,12,737.994391552762
2005,11,16,18,745.524946568606
2005,11,17,0,767.926501904078
2005,11,17,6,756.506040146383
2005,11,17,12,732.826279416925
2005,11,17,18,710.392821883754
2005,11,18,0,704.00107253695
2005,11,18,6,705.086209076766
2005,11,18,12,697.585291958928
2005,11,18,18,697.585291958928
2005,11,19,0,736.418346330606
2005,11,19,6,804.184734059212
2005,11,19,12,896.384257709313
2005,11,19,18,987.303232419829
2005,11,20,0,1131.87452821366
2005,11,20,6,1120.25749212271
2005,11,20,12,1066.31452217727
2005,11,20,18,1023.66194129018
2005,11,21,0,1074.37760729563
2005,11,21,6,1062.40395004832
2005,11,21,12,1009.90869604593
2005,11,21,18,972.412086044224
2005,11,22,0,1032.05516465005
2005,11,22,6,1042.9705081307
2005,11,22,12,1011.66887223242
2005,11,22,18,982.871367206006
2005,11,23,0,998.633850918761
2005,11,23,6,968.238046259194
2005,11,23,12,914.723604113763
2005,11,23,18,862.453683878691
2005,11,24,0,824.706657425117
2005,11,24,6,789.481818250418
2005,11,24,12,754.670021540164
2005,11,24,18,731.047730915348
2005,11,25,0,836.939582996614
2005,11,25,6,1145.1258363706
2005,11,25,12,1214.48774417362
2005,11,25,18,2224.81591066288
2005,11,26,0,1917.29103964171
2005,11,26,6,1336.1411978008
2005,11,26,12,1161.14217366406
2005,11,26,18,994.420130398647
2005,11,27,0,908.330644176892
2005,11,27,6,851.717376173189
2005,11,27,12,798.251905844069
2005,11,27,18,746.029818545859
2005,11,28,0,702.07016537951
2005,11,28,6,659.249469604937
2005,11,28,12,623.109139513173
2005,11,28,18,603.169647048751
2005,11,29,0,596.702490516169
2005,11,29,6,596.466445003581
2005,11,29,12,584.014118385552
2005,11,29,18,565.335628458508
2005,11,30,0,540.634551873652
2005,11,30,6,528.376402884511
2005,11,30,12,515.91469526931
2005,11,30,18,504.69915841563
2005,12,1,0,499.404811706567
2005,12,1,6,489.084078868683
2005,12,1,12,477.826389073752
2005,12,1,18,471.572116965457
2005,12,2,0,471.086130405117
2005,12,2,6,459.365865095723
2005,12,2,12,449.37965063712
2005,12,2,18,438.145159371192
2005,12,3,0,432.103546960151
2005,12,3,6,422.307920812129
2005,12,3,12,411.063035346718
2005,12,3,18,401.067581599685
2005,12,4,0,395.407600593111
2005,12,4,6,383.538403125048
2005,12,4,12,373.576366680242
2005,12,4,18,368.595348457838
2005,12,5,0,369.01690128174
2005,12,5,6,369.438565525082
2005,12,5,12,369.438565525082
2005,12,5,18,364.446152477446
2005,12,6,0,370.045253952066
2005,12,6,6,370.652119288259
2005,12,6,12,361.886697548334
2005,12,6,18,346.860260279891
2005,12,7,0,346.729358071626
2005,12,7,6,342.844706882806
2005,12,7,12,337.839674665539
2005,12,7,18,334.085900502588
2005,12,8,0,328.972901427575
2005,12,8,6,328.864881231589
2005,12,8,12,325.11357079929
2005,12,8,18,316.360513123924
2005,12,9,0,315.35873835814
2005,12,9,6,310.630429305011
2005,12,9,12,310.630429305011
2005,12,9,18,306.90286415335
2005,12,10,0,303.110070921764
2005,12,10,6,304.288619653397
2005,12,10,12,300.531970028047
2005,12,10,18,300.531970028047
2005,12,11,0,300.86430507536
2005,12,11,6,304.961650752226
2005,12,11,12,309.981595620575
2005,12,11,18,313.746554271837
2005,12,12,0,316.552321637517
2005,12,12,6,320.583231012935
2005,12,12,12,311.851392035929
2005,12,12,18,308.109175331498
2005,12,13,0,307.214305699062
2005,12,13,6,290.198157782561
2005,12,13,12,283.997342445327
2005,12,13,18,280.276853242987
2005,12,14,0,278.287781280366
2005,12,14,6,269.976551394794
2005,12,14,12,266.209436724169
2005,12,14,18,259.930912273127
2005,12,15,0,263.614100246308
2005,12,15,6,259.765465586623
2005,12,15,12,253.490937432357
2005,12,15,18,253.490937432357
2005,12,16,0,246.852707006933
2005,12,16,6,250.242579019965
2005,12,16,12,246.488940334665
2005,12,16,18,240.232875859166
2005,12,17,0,243.023837017492
2005,12,17,6,238.33896703549
2005,12,17,12,238.33896703549
2005,12,17,18,232.132223102274
2005,12,18,0,233.026453247554
2005,12,18,6,232.586532454129
2005,12,18,12,230.030636493095
2005,12,18,18,224.918844571026
2005,12,19,0,235.473455355782
2005,12,19,6,225.790335445111
2005,12,19,12,235.715185354787
2005,12,19,18,231.993366638658
2005,12,20,0,241.14162792662
2005,12,20,6,281.639495398656
2005,12,20,12,543.810822912613
2005,12,20,18,1310.85663756978
2005,12,21,0,2800.40907881487
2005,12,21,6,3069.37186618363
2005,12,21,12,1929.68948549098
2005,12,21,18,1748.37637947169
2005,12,22,0,2541.2371927713
2005,12,22,6,2950.53544904104
2005,12,22,12,4807.33792990307
2005,12,22,18,4552.9814256754
2005,12,23,0,4598.58216419527
2005,12,23,6,3458.77639707433
2005,12,23,12,2461.97625486194
2005,12,23,18,2005.60992469241
2005,12,24,0,2493.18268163012
2005,12,24,6,3602.63702881451
2005,12,24,12,5090.68275810746
2005,12,24,18,3915.90981392882
2005,12,25,0,3348.54216274022
2005,12,25,6,3448.4382231902
2005,12,25,12,6776.11401833093
2005,12,25,18,5595.32583295841
2005,12,26,0,3586.46491897257
2005,12,26,6,2866.56601829527
2005,12,26,12,2866.56601829527
2005,12,26,18,6261.18367153967
2005,12,27,0,4687.41910068169
2005,12,27,6,3369.62716533319
2005,12,27,12,3453.86784446652
2005,12,27,18,3008.5956833332
2005,12,28,0,2600.64272409943
2005,12,28,6,2167.52988448365
2005,12,28,12,2155.14399942946
2005,12,28,18,4062.57029777508
2005,12,29,0,2871.96685991369
2005,12,29,6,2334.97358129931
2005,12,29,12,1994.45660069316
2005,12,29,18,1787.71414818228
2005,12,30,0,1626.1776909909
2005,12,30,6,1534.81233870637
2005,12,30,12,1622.15938237259
2005,12,30,18,1672.07197875328
2005,12,31,0,2041.55934602865
2005,12,31,6,2634.40820657546
2005,12,31,12,3016.2064973835
2005,12,31,18,2812.58074228588
2006,1,1,0,2373.40591426425
2006,1,1,6,2206.44026778677
2006,1,1,12,2071.60225142202
2006,1,1,18,1838.70022315564
2006,1,2,0,1724.76350190869
2006,1,2,6,1595.06084781516
2006,1,2,12,1456.90597123274
2006,1,2,18,1356.42969735462
2006,1,3,0,1381.54913642845
2006,1,3,6,1245.6980782849
2006,1,3,12,1155.66247460688
2006,1,3,18,1079.19387970226
2006,1,4,0,1125.68487390162
2006,1,4,6,1140.15515269631
2006,1,4,12,1075.64147702688
2006,1,4,18,1012.36844896648
2006,1,5,0,1024.68614147244
2006,1,5,6,1047.65232549916
2006,1,5,12,1118.95850472162
2006,1,5,18,5567.367070061
2006,1,6,0,7754.18811073109
2006,1,6,6,7693.56498740745
2006,1,6,12,5373.08651539907
2006,1,6,18,4640.95694401675
2006,1,7,0,5725.57107423332
2006,1,7,6,4300.65382452269
2006,1,7,12,3573.60919516212
2006,1,7,18,3548.96361450583
2006,1,8,0,3890.7797517441
2006,1,8,6,2944.27817279136
2006,1,8,12,2419.79137277994
2006,1,8,18,2121.78750913709
2006,1,9,0,2078.13136645518
2006,1,9,6,2731.52142698802
2006,1,9,12,4116.51820686927
2006,1,9,18,4603.83188867933
2006,1,10,0,4675.58830747156
2006,1,10,6,8665.32652497961
2006,1,10,12,9138.43343295264
2006,1,10,18,7133.95416496167
2006,1,11,0,5665.69059940232
2006,1,11,6,4512.4429319297
2006,1,11,12,3736.10866407083
2006,1,11,18,3287.29041546492
2006,1,12,0,3324.75366449405
2006,1,12,6,3105.64690252842
2006,1,12,12,2616.56865016174
2006,1,12,18,2396.48343659673
2006,1,13,0,2881.35294121606
2006,1,13,6,3400.08085731471
2006,1,13,12,7005.44961544843
2006,1,13,18,6915.63615884011
2006,1,14,0,5159.01146745984
2006,1,14,6,3682.83496311078
2006,1,14,12,3086.9069755524
2006,1,14,18,2550.57178674986
2006,1,15,0,2250.87030343516
2006,1,15,6,2002.56594474571
2006,1,15,12,1805.99505446392
2006,1,15,18,1633.99552546736
2006,1,16,0,1492.35325266626
2006,1,16,6,1422.29580515354
2006,1,16,12,1359.36236244763
2006,1,16,18,1585.92275618891
2006,1,17,0,2196.57083171705
2006,1,17,6,5417.55770405531
2006,1,17,12,3675.74246114391
2006,1,17,18,2830.44976973102
2006,1,18,0,2310.87444774413
2006,1,18,6,1911.80763899298
2006,1,18,12,1692.61950203838
2006,1,18,18,1534.31695868227
2006,1,19,0,1438.82612665408
2006,1,19,6,1366.06181138879
2006,1,19,12,1353.6430676489
2006,1,19,18,1291.54934894941
2006,1,20,0,1259.43943765521
2006,1,20,6,1439.87632968232
2006,1,20,12,1377.27301100048
2006,1,20,18,1302.14902858227
2006,1,21,0,1222.74184224502
2006,1,21,6,1126.81169267435
2006,1,21,12,1062.42245309296
2006,1,21,18,1000.50972272623
2006,1,22,0,964.371762267176
2006,1,22,6,920.710971587491
2006,1,22,12,885.967161338907
2006,1,22,18,859.909303652468
2006,1,23,0,866.337464147151
2006,1,23,6,899.225896333937
2006,1,23,12,925.673716814347
2006,1,23,18,934.489656974483
2006,1,24,0,939.077158675666
2006,1,24,6,899.909105062991
2006,1,24,12,854.976056821288
2006,1,24,18,837.502093616181
2006,1,25,0,849.66414129527
2006,1,25,6,871.969184351664
2006,1,25,12,861.903162021486
2006,1,25,18,889.584723429475
2006,1,26,0,937.051691204879
2006,1,26,6,940.389321690722
2006,1,26,12,1015.02339484078
2006,1,26,18,940.389321690722
2006,1,27,0,916.160348135543
2006,1,27,6,918.054766402283
2006,1,27,12,865.594494036438
2006,1,27,18,828.122870917978
2006,1,28,0,803.751976531038
2006,1,28,6,805.612487829931
2006,1,28,12,842.003083074585
2006,1,28,18,823.180361396316
2006,1,29,0,847.431595022016
2006,1,29,6,915.046165205372
2006,1,29,12,897.616714439556
2006,1,29,18,852.798126756027
2006,1,30,0,1396.32817870752
2006,1,30,6,5109.39965668725
2006,1,30,12,4893.33051697659
2006,1,30,18,3228.32714626508
2006,1,31,0,2500.38863115019
2006,1,31,6,1996.09323006929
2006,1,31,12,1679.63942530221
2006,1,31,18,1533.58382310202
2006,2,1,0,1508.94297532151
2006,2,1,6,1671.35812415708
2006,2,1,12,1947.82337777704
2006,2,1,18,1797.02414852979
2006,2,2,0,1685.8294095868
2006,2,2,6,2040.39441482837
2006,2,2,12,1939.63419681215
2006,2,2,18,1750.70878803175
2006,2,3,0,1581.23653178445
2006,2,3,6,1464.54248445049
2006,2,3,12,1427.62124534669
2006,2,3,18,1316.85752803531
2006,2,4,0,1322.6687566342
2006,2,4,6,1707.35266899534
2006,2,4,12,2705.49730625415
2006,2,4,18,2547.89552142381
2006,2,5,0,2590.3913644889
2006,2,5,6,2258.96197951842
2006,2,5,12,1906.75823002361
2006,2,5,18,1651.71413556185
2006,2,6,0,1505.23870582683
2006,2,6,6,1381.06135942088
2006,2,6,12,1270.08321446742
2006,2,6,18,1187.46615100206
2006,2,7,0,1137.53250247713
2006,2,7,6,1087.18208775032
2006,2,7,12,1025.05739702173
2006,2,7,18,975.357644438857
2006,2,8,0,953.296247144239
2006,2,8,6,938.534428478309
2006,2,8,12,966.101527846163
2006,2,8,18,966.101527846163
2006,2,9,0,909.964970149107
2006,2,9,6,854.097031979592
2006,2,9,12,826.666178397766
2006,2,9,18,791.754182929987
2006,2,10,0,757.816794800268
2006,2,10,6,720.040018811954
2006,2,10,12,697.53876822408
2006,2,10,18,667.537100773582
2006,2,11,0,642.74673100677
2006,2,11,6,631.795736048428
2006,2,11,12,605.831527717671
2006,2,11,18,592.231228115846
2006,2,12,0,576.993296778794
2006,2,12,6,567.800901688864
2006,2,12,12,542.787646107857
2006,2,12,18,530.281018317353
2006,2,13,0,529.771898121959
2006,2,13,6,529.263079178376
2006,2,13,12,547.98700886629
2006,2,13,18,535.504389074347
2006,2,14,0,523.010718081816
2006,2,14,6,505.524728281513
2006,2,14,12,499.283682253346
2006,2,14,18,481.808753374479
2006,2,15,0,481.463578024131
2006,2,15,6,453.697133240627
2006,2,15,12,426.275877934875
2006,2,15,18,437.493664196319
2006,2,16,0,430.476862400901
2006,2,16,6,408.580626187592
2006,2,16,12,398.645534973304
2006,2,16,18,398.645534973304
2006,2,17,0,384.032160176271
2006,2,17,6,356.772134675847
2006,2,17,12,337.994653903434
2006,2,17,18,356.772134675847
2006,2,18,0,358.404649841747
2006,2,18,6,328.45668580631
2006,2,18,12,315.823736352221
2006,2,18,18,365.092239223168
2006,2,19,0,358.150831976511
2006,2,19,6,325.014084770321
2006,2,19,12,316.263705564966
2006,2,19,18,325.014084770321
2006,2,20,0,324.333536033804
2006,2,20,6,311.204845254632
2006,2,20,12,302.491109587503
2006,2,20,18,307.470387111577
2006,2,21,0,308.129834206172
2006,2,21,6,300.038345469537
2006,2,21,12,296.287866151167
2006,2,21,18,296.287866151167
2006,2,22,0,301.282703255492
2006,2,22,6,298.746210809797
2006,2,22,12,298.746210809797
2006,2,22,18,315.133133765609
2006,2,23,0,368.301422400705
2006,2,23,6,436.679767377172
2006,2,23,12,459.397211922805
2006,2,23,18,415.224403084074
2006,2,24,0,395.658379021371
2006,2,24,6,356.694107661939
2006,2,24,12,329.540922995632
2006,2,24,18,320.90127332908
2006,2,25,0,315.351283961334
2006,2,25,6,305.863502474583
2006,2,25,12,298.311317228297
2006,2,25,18,302.08740985144
2006,2,26,0,306.841890200643
2006,2,26,6,307.818564950494
2006,2,26,12,312.885537213054
2006,2,26,18,342.020627722771
2006,2,27,0,392.797012835911
2006,2,27,6,433.962436343982
2006,2,27,12,484.035025152903
2006,2,27,18,563.637602233751
2006,2,28,0,631.659789935346
2006,2,28,6,649.996331992357
2006,2,28,12,642.539395105255
2006,2,28,18,608.983179113298
2006,3,1,0,564.992736429778
2006,3,1,6,522.129872604585
2006,3,1,12,492.222672264465
2006,3,1,18,476.0229387469
2006,3,2,0,472.042338192061
2006,3,2,6,457.940517387495
2006,3,2,12,503.231337788456
2006,3,2,18,496.940946066101
2006,3,3,0,489.246444529448
2006,3,3,6,457.966505225553
2006,3,3,12,441.788340638781
2006,3,3,18,420.632279256079
2006,3,4,0,416.853538271308
2006,3,4,6,401.782885756226
2006,3,4,12,390.517945034089
2006,3,4,18,380.504664392189
2006,3,5,0,373.612683535155
2006,3,5,6,366.773850778369
2006,3,5,12,366.773850778369
2006,3,5,18,358.100144847799
2006,3,6,0,348.723125455624
2006,3,6,6,359.202345463974
2006,3,6,12,354.230686703227
2006,3,6,18,354.230686703227
2006,3,7,0,361.463414025845
2006,3,7,6,403.999157613651
2006,3,7,12,420.360494214827
2006,3,7,18,458.117424832925
2006,3,8,0,450.127255967528
2006,3,8,6,431.75924328676
2006,3,8,12,441.978396974021
2006,3,8,18,493.074165410324
2006,3,9,0,543.470470306997
2006,3,9,6,479.852830764365
2006,3,9,12,441.808232928827
2006,3,9,18,435.672007471482
2006,3,10,0,429.011075715669
2006,3,10,6,402.099161737338
2006,3,10,12,390.825353464328
2006,3,10,18,380.804190554987
2006,3,11,0,379.646624264977
2006,3,11,6,359.815442906128
2006,3,11,12,349.855153829141
2006,3,11,18,344.875009290648
2006,3,12,0,336.738684290168
2006,3,12,6,328.572612553202
2006,3,12,12,321.076659415107
2006,3,12,18,321.076659415107
2006,3,13,0,316.838178395609
2006,3,13,6,310.065291430009
2006,3,13,12,310.065291430009
2006,3,13,18,301.278015964381
2006,3,14,0,305.121590266884
2006,3,14,6,305.199200737896
2006,3,14,12,301.431309370761
2006,3,14,18,301.431309370761
2006,3,15,0,303.453494527749
2006,3,15,6,297.986112073961
2006,3,15,12,297.986112073961
2006,3,15,18,297.986112073961
2006,3,16,0,303.271010394647
2006,3,16,6,297.307444622348
2006,3,16,12,297.307444622348
2006,3,16,18,317.378833288836
2006,3,17,0,337.517769479625
2006,3,17,6,327.613025989741
2006,3,17,12,311.419226225989
2006,3,17,18,311.419226225989
2006,3,18,0,316.531162295648
2006,3,18,6,314.138411413551
2006,3,18,12,310.368750476589
2006,3,18,18,297.803214020047
2006,3,19,0,293.605077000828
2006,3,19,6,289.418214535413
2006,3,19,12,286.912429128179
2006,3,19,18,279.395072906481
2006,3,20,0,279.370868913754
2006,3,20,6,286.862718225345
2006,3,20,12,275.588637596401
2006,3,20,18,271.830610720086
2006,3,21,0,276.375609099281
2006,3,21,6,273.383469241013
2006,3,21,12,273.383469241013
2006,3,21,18,273.383469241013
2006,3,22,0,277.576649313928
2006,3,22,6,285.572175388262
2006,3,22,12,289.362956477487
2006,3,22,18,307.053268227202
2006,3,23,0,353.085821177641
2006,3,23,6,369.850802092797
2006,3,23,12,364.852818280732
2006,3,23,18,364.852818280732
2006,3,24,0,453.629183085831
2006,3,24,6,535.633326160508
2006,3,24,12,776.015111559371
2006,3,24,18,978.510637302978
2006,3,25,0,897.542794002195
2006,3,25,6,741.917128713409
2006,3,25,12,645.250401845213
2006,3,25,18,572.750356694065
2006,3,26,0,543.015150208669
2006,3,26,6,524.814637982537
2006,3,26,12,501.297000903131
2006,3,26,18,466.639430470322
2006,3,27,0,449.188315355341
2006,3,27,6,430.138004889048
2006,3,27,12,413.787729849406
2006,3,27,18,398.695168274351
2006,3,28,0,412.057332641001
2006,3,28,6,415.366125463106
2006,3,28,12,488.21495362125
2006,3,28,18,541.893037527252
2006,3,29,0,584.526552956771
2006,3,29,6,545.041660685692
2006,3,29,12,514.002841740037
2006,3,29,18,474.2731534896
2006,3,30,0,506.898174598591
2006,3,30,6,534.953483749802
2006,3,30,12,528.645070026338
2006,3,30,18,517.289925324101
2006,3,31,0,539.478877122704
2006,3,31,6,543.965779070919
2006,3,31,12,550.232665926574
2006,3,31,18,543.965779070919
2006,4,1,0,552.659610998885
2006,4,1,6,580.379327749705
2006,4,1,12,586.70154264894
2006,4,1,18,646.130362701742
2006,4,2,0,680.334904738019
2006,4,2,6,670.340781791883
2006,4,2,12,627.659908044835
2006,4,2,18,576.191795585158
2006,4,3,0,560.950118941743
2006,4,3,6,564.481684681458
2006,4,3,12,545.831408755859
2006,4,3,18,533.397891472127
2006,4,4,0,580.210653557877
2006,4,4,6,772.147284132935
2006,4,4,12,824.965176532907
2006,4,4,18,746.995906799614
2006,4,5,0,723.18388621586
2006,4,5,6,737.050973054423
2006,4,5,12,714.488188165002
2006,4,5,18,669.36261838616
2006,4,6,0,685.964375983159
2006,4,6,6,747.967456791674
2006,4,6,12,747.967456791674
2006,4,6,18,702.636095773997
2006,4,7,0,678.058487280122
2006,4,7,6,662.374215883166
2006,4,7,12,633.575336931723
2006,4,7,18,606.028583152083
2006,4,8,0,597.829815901797
2006,4,8,6,622.018387824639
2006,4,8,12,650.631233664572
2006,4,8,18,658.095454318468
2006,4,9,0,720.719143419875
2006,4,9,6,979.091552543712
2006,4,9,12,1048.30753633536
2006,4,9,18,1016.84572552098
2006,4,10,0,995.917126750297
2006,4,10,6,993.867385778926
2006,4,10,12,938.722158825241
2006,4,10,18,877.310428808636
2006,4,11,0,868.78776718792
2006,4,11,6,886.594576305769
2006,4,11,12,841.449732250596
2006,4,11,18,778.748559951744
2006,4,12,0,760.501099835501
2006,4,12,6,777.333656545039
2006,4,12,12,821.144732195726
2006,4,12,18,1139.08796691785
2006,4,13,0,1268.90733184839
2006,4,13,6,1136.1869092384
2006,4,13,12,980.409378700821
2006,4,13,18,926.010875973411
2006,4,14,0,1172.40611596103
2006,4,14,6,1633.39713859402
2006,4,14,12,2025.91893158948
2006,4,14,18,2380.45474461764
2006,4,15,0,1877.36855273177
2006,4,15,6,1521.53247384321
2006,4,15,12,1323.60955041645
2006,4,15,18,1286.49900227393
2006,4,16,0,1281.48953161804
2006,4,16,6,1149.97254630761
2006,4,16,12,1032.34749804546
2006,4,16,18,956.01634970513
2006,4,17,0,918.262299579348
2006,4,17,6,854.430924465907
2006,4,17,12,809.526525515874
2006,4,17,18,774.60088188807
2006,4,18,0,757.321087874555
2006,4,18,6,726.305427286014
2006,4,18,12,696.354688016488
2006,4,18,18,673.891633564343
2006,4,19,0,690.50744647615
2006,4,19,6,684.625852566644
2006,4,19,12,663.309663017866
2006,4,19,18,640.739579966218
2006,4,20,0,682.510660788917
2006,4,20,6,710.306323079568
2006,4,20,12,702.829414415573
2006,4,20,18,717.783231743564
2006,4,21,0,886.953416254146
2006,4,21,6,1193.46892231675
2006,4,21,12,1414.48168570874
2006,4,21,18,1288.18867805617
2006,4,22,0,1129.77632741614
2006,4,22,6,987.220112378984
2006,4,22,12,906.300431036444
2006,4,22,18,825.380749693905
2006,4,23,0,826.752572410676
2006,4,23,6,810.639020300263
2006,4,23,12,766.921969898862
2006,4,23,18,734.446446743535
2006,4,24,0,871.483978607339
2006,4,24,6,920.748194218458
2006,4,24,12,868.630371904206
2006,4,24,18,868.630371904206
2006,4,25,0,1186.78983272439
2006,4,25,6,1224.68182397949
2006,4,25,12,1102.46306761493
2006,4,25,18,1028.88238776281
2006,4,26,0,1339.05899784843
2006,4,26,6,1293.46204046327
2006,4,26,12,1121.41903119776
2006,4,26,18,1014.67701814983
2006,4,27,0,999.648881225674
2006,4,27,6,994.677690872559
2006,4,27,12,958.620624578429
2006,4,27,18,931.266988079434
2006,4,28,0,1096.46479528351
2006,4,28,6,1160.58944617406
2006,4,28,12,1105.02259564995
2006,4,28,18,1288.14062578623
2006,4,29,0,2015.83361196233
2006,4,29,6,1872.79870628441
2006,4,29,12,1671.69280493843
2006,4,29,18,1747.10751794317
2006,4,30,0,1929.1253727918
2006,4,30,6,1610.49873410516
2006,4,30,12,1348.32452157641
2006,4,30,18,1191.01999405916
2006,5,1,0,1093.12932147352
2006,5,1,6,1010.10747405071
2006,5,1,12,955.101621503396
2006,5,1,18,901.345901968519
2006,5,2,0,828.595658739482
2006,5,2,6,784.624029322644
2006,5,2,12,734.647976499546
2006,5,2,18,697.165936882222
2006,5,3,0,710.101335336924
2006,5,3,6,715.498408221241
2006,5,3,12,678.232866126385
2006,5,3,18,663.326649288442
2006,5,4,0,806.695314063425
2006,5,4,6,843.28222686752
2006,5,4,12,781.093272083779
2006,5,4,18,781.093272083779
2006,5,5,0,1125.43538262409
2006,5,5,6,1141.51973676712
2006,5,5,12,1023.60451121096
2006,5,5,18,1023.60451121096
2006,5,6,0,1494.54351250044
2006,5,6,6,1370.58851758301
2006,5,6,12,1199.57930804972
2006,5,6,18,1078.86692484975
2006,5,7,0,1066.49433136188
2006,5,7,6,1205.65474269793
2006,5,7,12,1264.49770521797
2006,5,7,18,1464.81417337132
2006,5,8,0,1583.95995593122
2006,5,8,6,1329.42351044698
2006,5,8,12,1152.99534364
2006,5,8,18,1003.90111816931
2006,5,9,0,931.789484227427
2006,5,9,6,871.947047953017
2006,5,9,12,808.419477316441
2006,5,9,18,756.102654439259
2006,5,10,0,808.086672647633
2006,5,10,6,807.753761439256
2006,5,10,12,746.76773014415
2006,5,10,18,731.832375541267
2006,5,11,0,921.420402048418
2006,5,11,6,954.580606231459
2006,5,11,12,892.709641012753
2006,5,11,18,856.092130985356
2006,5,12,0,915.852223757026
2006,5,12,6,903.708678591084
2006,5,12,12,841.038173834421
2006,5,12,18,769.593798411825
2006,5,13,0,748.439260682848
2006,5,13,6,715.03981020381
2006,5,13,12,677.798153422362
2006,5,13,18,649.246216556585
2006,5,14,0,768.243520501524
2006,5,14,6,782.850316414888
2006,5,14,12,717.510053784984
2006,5,14,18,724.907064648747
2006,5,15,0,1233.73240018856
2006,5,15,6,1256.96906849406
2006,5,15,12,1187.84856981924
2006,5,15,18,1740.81255921785
2006,5,16,0,2819.07544096813
2006,5,16,6,2544.65829162461
2006,5,16,12,2280.11460784186
2006,5,16,18,2985.56443126254
2006,5,17,0,3502.78106863642
2006,5,17,6,2777.71778549826
2006,5,17,12,2314.76482124855
2006,5,17,18,2765.20554322124
2006,5,18,0,3425.72825326368
2006,5,18,6,2743.47002745936
2006,5,18,12,2252.66575649186
2006,5,18,18,2529.52970421712
2006,5,19,0,3064.67901177053
2006,5,19,6,2436.91697397794
2006,5,19,12,2001.75322862474
2006,5,19,18,1952.0202291558
2006,5,20,0,2188.90259624554
2006,5,20,6,2264.93795456651
2006,5,20,12,2428.51680684076
2006,5,20,18,2252.35496593003
2006,5,21,0,1954.417568036
2006,5,21,6,1637.86028551285
2006,5,21,12,1379.25076674766
2006,5,21,18,1366.93602775884
2006,5,22,0,1801.77484977687
2006,5,22,6,1933.10061333039
2006,5,22,12,1675.35386488634
2006,5,22,18,2023.31197528581
2006,5,23,0,2264.38280033627
2006,5,23,6,1725.65845860245
2006,5,23,12,1402.87342318041
2006,5,23,18,1464.94746845388
2006,5,24,0,1573.91709704774
2006,5,24,6,1495.62513553352
2006,5,24,12,1495.62513553352
2006,5,24,18,1520.76169243324
2006,5,25,0,1826.12708838318
2006,5,25,6,1568.35740760972
2006,5,25,12,1394.09547343086
2006,5,25,18,1344.30634937976
2006,5,26,0,1583.66072704841
2006,5,26,6,1449.1033747351
2006,5,26,12,1361.65748143212
2006,5,26,18,1311.68839954471
2006,5,27,0,1393.18678752843
2006,5,27,6,1387.12912721253
2006,5,27,12,1261.02647928412
2006,5,27,18,1298.85727366264
2006,5,28,0,1533.7578232653
2006,5,28,6,1416.26859152365
2006,5,28,12,1428.80194189111
2006,5,28,18,1366.13519005378
2006,5,29,0,1365.77408034399
2006,5,29,6,1465.62636692487
2006,5,29,12,1515.73325126418
2006,5,29,18,1365.41259824625
2006,5,30,0,1362.81415889467
2006,5,30,6,1260.38557120322
2006,5,30,12,1114.38050998463
2006,5,30,18,1029.52286756699
2006,5,31,0,1317.00248104004
2006,5,31,6,1202.69574691063
2006,5,31,12,1071.58426087425
2006,5,31,18,1125.79381760083
2006,6,1,0,1541.55896321499
2006,6,1,6,1581.28794499882
2006,6,1,12,1434.19139197568
2006,6,1,18,1446.44943806094
2006,6,2,0,2259.25385698126
2006,6,2,6,2211.12819448961
2006,6,2,12,2058.63659486964
2006,6,2,18,2045.92896156797
2006,6,3,0,2442.94838352128
2006,6,3,6,1846.69370516815
2006,6,3,12,1497.31922040661
2006,6,3,18,1297.67665768573
2006,6,4,0,1298.90440855193
2006,6,4,6,1169.82402032302
2006,6,4,12,1263.07941649407
2006,6,4,18,1688.04071550143
2006,6,5,0,3183.90263827611
2006,6,5,6,3617.6649875947
2006,6,5,12,2500.63158791634
2006,6,5,18,1980.1955721571
2006,6,6,0,1860.24090868365
2006,6,6,6,1568.13655856285
2006,6,6,12,1344.11705019673
2006,6,6,18,1244.55282425623
2006,6,7,0,1448.68624599568
2006,6,7,6,1328.38173360439
2006,6,7,12,1162.9606120612
2006,6,7,18,1075.23729003072
2006,6,8,0,1106.92419301947
2006,6,8,6,1052.22854665289
2006,6,8,12,992.17269618994
2006,6,8,18,973.405242920269
2006,6,9,0,973.193208314546
2006,6,9,6,972.981174015032
2006,6,9,12,910.450250235146
2006,6,9,18,856.673655784443
2006,6,10,0,910.867893145671
2006,6,10,6,902.523263488487
2006,6,10,12,857.459688612502
2006,6,10,18,803.633751955075
2006,6,11,0,835.219546500688
2006,6,11,6,857.739455336548
2006,6,11,12,803.279807378672
2006,6,11,18,777.287702671504
2006,6,12,0,1261.67971787105
2006,6,12,6,1039.61289272754
2006,6,12,12,891.273359877
2006,6,12,18,829.465221189274
2006,6,13,0,1042.78455818247
2006,6,13,6,1356.30124757887
2006,6,13,12,1381.65267276726
2006,6,13,18,1232.07926415576
2006,6,14,0,1136.75733013426
2006,6,14,6,1244.46359468877
2006,6,14,12,1331.11141308788
2006,6,14,18,1142.74659048111
2006,6,15,0,1115.38379610538
2006,6,15,6,1142.2391068168
2006,6,15,12,1045.89041412193
2006,6,15,18,958.415943122641
2006,6,16,0,917.645126404729
2006,6,16,6,844.801551853194
2006,6,16,12,836.51918369777
2006,6,16,18,869.648656319464
2006,6,17,0,1985.96767911653
2006,6,17,6,1850.01344459092
2006,6,17,12,1567.37250166731
2006,6,17,18,1348.96813668088
2006,6,18,0,1205.94837633932
2006,6,18,6,1045.89202121063
2006,6,18,12,931.478149686997
2006,6,18,18,843.180487967669
2006,6,19,0,837.856740095295
2006,6,19,6,813.664517109939
2006,6,19,12,744.709897015876
2006,6,19,18,699.575963863399
2006,6,20,0,707.98529527439
2006,6,20,6,693.789897452401
2006,6,20,12,649.799595983499
2006,6,20,18,602.038697245834
2006,6,21,0,600.83748202778
2006,6,21,6,605.896142699908
2006,6,21,12,580.85911200983
2006,6,21,18,549.562823647231
2006,6,22,0,555.496890026225
2006,6,22,6,573.927391011503
2006,6,22,12,542.667729191705
2006,6,22,18,517.659999735866
2006,6,23,0,554.478449974192
2006,6,23,6,578.73073423761
2006,6,23,12,535.0764762671
2006,6,23,18,492.669482810034
2006,6,24,0,611.053305205365
2006,6,24,6,623.415274771564
2006,6,24,12,559.826916744865
2006,6,24,18,516.187847510855
2006,6,25,0,729.271608253181
2006,6,25,6,710.226419841751
2006,6,25,12,637.18895113462
2006,6,25,18,617.040683905067
2006,6,26,0,932.650623069528
2006,6,26,6,831.811649770213
2006,6,26,12,722.659894822991
2006,6,26,18,707.604480347512
2006,6,27,0,955.624877083131
2006,6,27,6,826.774248494336
2006,6,27,12,695.8371503165
2006,6,27,18,617.274891409798
2006,6,28,0,826.350158044418
2006,6,28,6,702.597578951951
2006,6,28,12,584.252242071746
2006,6,28,18,498.296155285071
2006,6,29,0,552.949858793968
2006,6,29,6,540.340765731357
2006,6,29,12,486.804699080555
2006,6,29,18,441.98380607058
2006,6,30,0,516.558909616517
2006,6,30,6,523.930601687728
2006,6,30,12,471.412498415927
2006,6,30,18,432.649136477217
2006,7,1,0,504.970852974884
2006,7,1,6,497.302344236429
2006,7,1,12,441.35583050983
2006,7,1,18,409.031178134463
2006,7,2,0,486.796325937735
2006,7,2,6,492.466936211931
2006,7,2,12,437.609859773134
2006,7,2,18,395.22030070679
2006,7,3,0,459.580237357312
2006,7,3,6,477.869586361765
2006,7,3,12,427.830886219172
2006,7,3,18,390.301861112227
2006,7,4,0,455.21121197453
2006,7,4,6,466.322008359253
2006,7,4,12,422.565251542701
2006,7,4,18,390.060232193262
2006,7,5,0,423.554023808225
2006,7,5,6,452.176293612732
2006,7,5,12,413.238890551635
2006,7,5,18,381.837759050751
2006,7,6,0,398.36730644172
2006,7,6,6,403.597564372948
2006,7,6,12,377.193985395279
2006,7,6,18,348.275779848307
2006,7,7,0,329.284343790295
2006,7,7,6,324.156825692837
2006,7,7,12,311.689255473882
2006,7,7,18,295.48141418924
2006,7,8,0,282.856874507329
2006,7,8,6,297.768455042001
2006,7,8,12,290.230013142203
2006,7,8,18,276.409536325908
2006,7,9,0,272.75434530484
2006,7,9,6,318.136853584601
2006,7,9,12,301.789900633614
2006,7,9,18,294.245153117773
2006,7,10,0,313.581020366203
2006,7,10,6,329.063650502516
2006,7,10,12,316.551724627896
2006,7,10,18,300.286220990889
2006,7,11,0,289.45188205914
2006,7,11,6,297.407745015944
2006,7,11,12,283.604010015204
2006,7,11,18,269.800275014464
2006,7,12,0,253.271415409527
2006,7,12,6,244.4668648878
2006,7,12,12,244.4668648878
2006,7,12,18,258.777120393427
2006,7,13,0,535.738072225736
2006,7,13,6,938.48333728525
2006,7,13,12,697.159050554757
2006,7,13,18,528.615104266794
2006,7,14,0,436.015121960509
2006,7,14,6,425.297425868238
2006,7,14,12,383.016395226366
2006,7,14,18,340.735364584495
2006,7,15,0,311.790912810777
2006,7,15,6,308.941067485686
2006,7,15,12,300.18565261767
2006,7,15,18,286.42714353936
2006,7,16,0,271.702651553946
2006,7,16,6,279.507809884955
2006,7,16,12,269.480623880113
2006,7,16,18,256.946641374062
2006,7,17,0,250.563356169722
2006,7,17,6,262.9694436759
2006,7,17,12,252.951560107294
2006,7,17,18,246.690382876916
2006,7,18,0,238.116751523618
2006,7,18,6,238.308812977324
2006,7,18,12,234.546042246103
2006,7,18,18,228.274757694069
2006,7,19,0,223.235604647559
2006,7,19,6,223.213479318483
2006,7,19,12,223.213479318483
2006,7,19,18,220.705462696927
2006,7,20,0,215.936588796464
2006,7,20,6,218.697659819436
2006,7,20,12,218.697659819436
2006,7,20,18,216.183893614615
2006,7,21,0,210.263987495118
2006,7,21,6,221.835776380867
2006,7,21,12,224.328313194135
2006,7,21,18,219.343239567599
2006,7,22,0,232.158546003727
2006,7,22,6,255.24224900681
2006,7,22,12,242.606494105483
2006,7,22,18,233.761465674553
2006,7,23,0,228.348859945401
2006,7,23,6,236.697098017783
2006,7,23,12,232.959775417502
2006,7,23,18,221.74780761666
2006,7,24,0,222.395480405629
2006,7,24,6,244.345969017873
2006,7,24,12,225.550125247267
2006,7,24,18,215.525675236278
2006,7,25,0,210.255867727593
2006,7,25,6,219.998385404891
2006,7,25,12,212.498440447906
2006,7,25,18,204.998495490921
2006,7,26,0,198.015854274473
2006,7,26,6,201.046803370223
2006,7,26,12,198.533718328095
2006,7,26,18,196.020633285968
2006,7,27,0,193.849572375979
2006,7,27,6,194.181431450694
2006,7,27,12,194.181431450694
2006,7,27,18,192.936678684984
2006,7,28,0,186.541843787407
2006,7,28,6,190.136064870859
2006,7,28,12,187.617706395749
2006,7,28,18,185.099347920638
2006,7,29,0,180.64497542239
2006,7,29,6,179.968999376194
2006,7,29,12,179.968999376194
2006,7,29,18,174.969860504633
2006,7,30,0,172.296631008989
2006,7,30,6,170.875752528733
2006,7,30,12,177.112093861898
2006,7,30,18,185.84297172833
2006,7,31,0,212.857335578969
2006,7,31,6,192.312210560929
2006,7,31,12,180.999727586757
2006,7,31,18,175.971957376014
2006,8,1,0,171.448548978673
2006,8,1,6,170.696998677257
2006,8,1,12,170.696998677257
2006,8,1,18,166.959108195274
2006,8,2,0,164.466671966827
2006,8,2,6,161.974248489294
2006,8,2,12,161.974248489294
2006,8,2,18,160.728292731684
2006,8,3,0,158.684584088797
2006,8,3,6,156.627075026951
2006,8,3,12,156.627075026951
2006,8,3,18,156.627075026951
2006,8,4,0,153.980133221757
2006,8,4,6,152.588571263179
2006,8,4,12,153.83929725714
2006,8,4,18,152.588571263179
2006,8,5,0,150.355931258815
2006,8,5,6,150.624854879298
2006,8,5,12,150.624854879298
2006,8,5,18,150.624854879298
2006,8,6,0,148.225067584676
2006,8,6,6,147.078646963273
2006,8,6,12,148.335729415951
2006,8,6,18,148.335729415951
2006,8,7,0,146.565895343694
2006,8,7,6,143.557182287326
2006,8,7,12,146.053828935801
2006,8,7,18,146.053828935801
2006,8,8,0,144.356974571533
2006,8,8,6,142.633850023402
2006,8,8,12,145.15834294417
2006,8,8,18,145.15834294417
2006,8,9,0,141.974848098409
2006,8,9,6,146.319152102133
2006,8,9,12,152.572107320173
2006,8,9,18,150.070925232957
2006,8,10,0,152.411540585381
2006,8,10,6,149.755079498706
2006,8,10,12,160.986710461109
2006,8,10,18,158.490792469464
2006,8,11,0,161.550434534266
2006,8,11,6,157.087811457927
2006,8,11,12,153.317703982937
2006,8,11,18,150.80429899961
2006,8,12,0,148.418317503575
2006,8,12,6,147.286923272639
2006,8,12,12,147.286923272639
2006,8,12,18,142.251472904344
2006,8,13,0,140.183437239997
2006,8,13,6,136.886526830839
2006,8,13,12,139.375372773217
2006,8,13,18,136.886526830839
2006,8,14,0,135.655661518562
2006,8,14,6,133.179873806662
2006,8,14,12,135.6692172423
2006,8,14,18,133.179873806662
2006,8,15,0,132.364070877047
2006,8,15,6,132.793196203146
2006,8,15,12,132.793196203146
2006,8,15,18,132.793196203146
2006,8,16,0,132.934982773949
2006,8,16,6,130.565849080432
2006,8,16,12,133.076730793517
2006,8,16,18,130.565849080432
2006,8,17,0,130.687036299542
2006,8,17,6,129.550507404529
2006,8,17,12,130.808279321077
2006,8,17,18,130.808279321077
2006,8,18,0,128.998207100337
2006,8,18,6,127.19946781493
2006,8,18,12,128.446521420959
2006,8,18,18,127.19946781493
2006,8,19,0,127.291480855101
2006,8,19,6,124.885798959132
2006,8,19,12,124.885798959132
2006,8,19,18,124.885798959132
2006,8,20,0,125.335486921797
2006,8,20,6,123.269901925574
2006,8,20,12,123.269901925574
2006,8,20,18,123.269901925574
2006,8,21,0,122.959628176953
2006,8,21,6,121.398131792144
2006,8,21,12,121.398131792144
2006,8,21,18,121.398131792144
2006,8,22,0,121.537051636484
2006,8,22,6,119.167240425907
2006,8,22,12,119.167240425907
2006,8,22,18,119.167240425907
2006,8,23,0,119.31191902604
2006,8,23,6,118.199224321646
2006,8,23,12,118.199224321646
2006,8,23,18,119.456662878259
2006,8,24,0,117.816693888236
2006,8,24,6,117.434473112747
2006,8,24,12,117.434473112747
2006,8,24,18,117.434473112747
2006,8,25,0,117.397814924577
2006,8,25,6,117.361159519502
2006,8,25,12,117.361159519502
2006,8,25,18,117.361159519502
2006,8,26,0,115.250804880202
2006,8,26,6,115.637916051305
2006,8,26,12,113.124048311059
2006,8,26,18,113.124048311059
2006,8,27,0,112.744080127207
2006,8,27,6,111.116072751994
2006,8,27,12,111.116072751994
2006,8,27,18,111.116072751994
2006,8,28,0,111.285810386311
2006,8,28,6,108.951060837133
2006,8,28,12,108.951060837133
2006,8,28,18,108.951060837133
2006,8,29,0,108.700886854238
2006,8,29,6,108.451014471979
2006,8,29,12,105.957887702508
2006,8,29,18,108.451014471979
2006,8,30,0,109.253230406332
2006,8,30,6,113.852493039041
2006,8,30,12,122.707686942077
2006,8,30,18,134.092936245982
2006,8,31,0,148.376258760002
2006,8,31,6,132.483062988073
2006,8,31,12,127.483702120598
2006,8,31,18,122.484341253124
2006,9,1,0,118.721710492449
2006,9,1,6,117.458980595759
2006,9,1,12,117.458980595759
2006,9,1,18,114.959853349041
2006,9,2,0,112.326438593672
2006,9,2,6,110.945630084986
2006,9,2,12,108.452469858357
2006,9,2,18,108.452469858357
2006,9,3,0,108.671504433351
2006,9,3,6,106.387376111396
2006,9,3,12,106.387376111396
2006,9,3,18,106.387376111396
2006,9,4,0,106.658586731681
2006,9,4,6,104.413878164251
2006,9,4,12,104.413878164251
2006,9,4,18,104.413878164251
2006,9,5,0,104.481447468727
2006,9,5,6,102.029761043403
2006,9,5,12,102.029761043403
2006,9,5,18,102.029761043403
2006,9,6,0,101.926406284913
2006,9,6,6,101.823070297206
2006,9,6,12,101.823070297206
2006,9,6,18,101.823070297206
2006,9,7,0,101.713783381111
2006,9,7,6,99.0957755655191
2006,9,7,12,99.0957755655191
2006,9,7,18,99.0957755655191
2006,9,8,0,99.2533566645102
2006,9,8,6,99.411072809223
2006,9,8,12,99.411072809223
2006,9,8,18,99.411072809223
2006,9,9,0,98.819959754171
2006,9,9,6,98.2296971502804
2006,9,9,12,120.611147133889
2006,9,9,18,142.992597117497
2006,9,10,0,170.437488430841
2006,9,10,6,139.409179000307
2006,9,10,12,126.961930875279
2006,9,10,18,120.738306812766
2006,9,11,0,117.401889555092
2006,9,11,6,112.787112527995
2006,9,11,12,112.787112527995
2006,9,11,18,111.533922388795
2006,9,12,0,109.12744898085
2006,9,12,6,106.716354520295
2006,9,12,12,106.716354520295
2006,9,12,18,104.205381472758
2006,9,13,0,104.241052660027
2006,9,13,6,101.764030728666
2006,9,13,12,101.764030728666
2006,9,13,18,101.764030728666
2006,9,14,0,101.757236164553
2006,9,14,6,104.262791680418
2006,9,14,12,106.775148106452
2006,9,14,18,118.080752023606
2006,9,15,0,119.710343232772
2006,9,15,6,130.19637538587
2006,9,15,12,130.19637538587
2006,9,15,18,120.084035550074
2006,9,16,0,116.267913251325
2006,9,16,6,113.716665435859
2006,9,16,12,109.92610992133
2006,9,16,18,109.92610992133
2006,9,17,0,113.332592195913
2006,9,17,6,115.483749419317
2006,9,17,12,114.701082578161
2006,9,17,18,118.219113659402
2006,9,18,0,111.644878574507
2006,9,18,6,119.826698164257
2006,9,18,12,160.189375440638
2006,9,18,18,264.880069626251
2006,9,19,0,221.325311035132
2006,9,19,6,200.589440058112
2006,9,19,12,215.63364806247
2006,9,19,18,198.082072057385
2006,9,20,0,173.193485987702
2006,9,20,6,151.31460409082
2006,9,20,12,145.710359494864
2006,9,20,18,186.060920585749
2006,9,21,0,754.37584381365
2006,9,21,6,763.857704022219
2006,9,21,12,563.049750902976
2006,9,21,18,393.741084547536
2006,9,22,0,403.166394844855
2006,9,22,6,291.944402206491
2006,9,22,12,248.830249981903
2006,9,22,18,219.266259885044
2006,9,23,0,200.885647110146
2006,9,23,6,188.489113504722
2006,9,23,12,179.751207580662
2006,9,23,18,171.013301656602
2006,9,24,0,163.399263113691
2006,9,24,6,158.196392814349
2006,9,24,12,154.399679386805
2006,9,24,18,149.337394816745
2006,9,25,0,145.123124387813
2006,9,25,6,140.931005360139
2006,9,25,12,138.414380264422
2006,9,25,18,137.156067716564
2006,9,26,0,134.0290966903
2006,9,26,6,132.172386154664
2006,9,26,12,129.678567547972
2006,9,26,18,128.431658244626
2006,9,27,0,127.425151733686
2006,9,27,6,125.162482365094
2006,9,27,12,125.162482365094
2006,9,27,18,122.659232717792
2006,9,28,0,121.534571770391
2006,9,28,6,119.15305224684
2006,9,28,12,119.15305224684
2006,9,28,18,117.89880959161
2006,9,29,0,117.900295915436
2006,9,29,6,115.393231341499
2006,9,29,12,115.393231341499
2006,9,29,18,112.884682834075
2006,9,30,0,112.536024272674
2006,9,30,6,110.941103945436
2006,9,30,12,110.941103945436
2006,9,30,18,110.941103945436
2006,10,1,0,108.535816329663
2006,10,1,6,108.623607983607
2006,10,1,12,108.623607983607
2006,10,1,18,108.623607983607
2006,10,2,0,106.402144147212
2006,10,2,6,106.67790727491
2006,10,2,12,106.67790727491
2006,10,2,18,106.67790727491
2006,10,3,0,104.178948785425
2006,10,3,6,104.190046269026
2006,10,3,12,104.190046269026
2006,10,3,18,104.190046269026
2006,10,4,0,104.296315782733
2006,10,4,6,101.886874628937
2006,10,4,12,101.886874628937
2006,10,4,18,101.886874628937
2006,10,5,0,101.966901202358
2006,10,5,6,99.527264849457
2006,10,5,12,99.527264849457
2006,10,5,18,99.527264849457
2006,10,6,0,99.4170745371529
2006,10,6,6,99.306917175981
2006,10,6,12,99.306917175981
2006,10,6,18,99.306917175981
2006,10,7,0,99.2812445069642
2006,10,7,6,99.2555694641627
2006,10,7,12,99.2555694641627
2006,10,7,18,96.7427702372218
2006,10,8,0,96.7351841399745
2006,10,8,6,96.7275981601456
2006,10,8,12,96.7275981601456
2006,10,8,18,96.7275981601456
2006,10,9,0,99.4041169724537
2006,10,9,6,97.0476111664347
2006,10,9,12,97.0476111664347
2006,10,9,18,97.0476111664347
2006,10,10,0,96.818908570826
2006,10,10,6,96.5903786163429
2006,10,10,12,94.081537613321
2006,10,10,18,94.081537613321
2006,10,11,0,94.1480189968721
2006,10,11,6,94.2145289890228
2006,10,11,12,94.2145289890228
2006,10,11,18,94.2145289890228
2006,10,12,0,94.0249555467877
2006,10,12,6,91.3332145626035
2006,10,12,12,91.3332145626035
2006,10,12,18,91.3332145626035
2006,10,13,0,91.39715016098
2006,10,13,6,91.4611122787357
2006,10,13,12,91.4611122787357
2006,10,13,18,91.4611122787357
2006,10,14,0,91.2536373622002
2006,10,14,6,88.551811281725
2006,10,14,12,88.551811281725
2006,10,14,18,88.551811281725
2006,10,15,0,90.8180196018399
2006,10,15,6,93.0718963973354
2006,10,15,12,110.445317058171
2006,10,15,18,131.541613574901
2006,10,16,0,192.912851816057
2006,10,16,6,360.74214997462
2006,10,16,12,268.372187697382
2006,10,16,18,224.683692025715
2006,10,17,0,193.549462513746
2006,10,17,6,172.385414076626
2006,10,17,12,161.142887071628
2006,10,17,18,149.900360066631
2006,10,18,0,142.117207170185
2006,10,18,6,134.472833582479
2006,10,18,12,136.91779419307
2006,10,18,18,143.030195719546
2006,10,19,0,191.29405838443
2006,10,19,6,232.978380261894
2006,10,19,12,299.009685897617
2006,10,19,18,710.148004006842
2006,10,20,0,530.646094999834
2006,10,20,6,363.496820316024
2006,10,20,12,283.674883422302
2006,10,20,18,241.921870277894
2006,10,21,0,216.06144822713
2006,10,21,6,200.877249552611
2006,10,21,12,189.577904265277
2006,10,21,18,178.278558977942
2006,10,22,0,169.421505945252
2006,10,22,6,163.080413442161
2006,10,22,12,156.808089848231
2006,10,22,18,153.044695691874
2006,10,23,0,147.16036760073
2006,10,23,6,142.504331021171
2006,10,23,12,138.7210301976
2006,10,23,18,137.459929923076
2006,10,24,0,127.621079259927
2006,10,24,6,121.686776997279
2006,10,24,12,125.130742383994
2006,10,24,18,143.49855777981
2006,10,25,0,354.202041699672
2006,10,25,6,415.861230592029
2006,10,25,12,323.731973353179
2006,10,25,18,268.710333613311
2006,10,26,0,234.230782057466
2006,10,26,6,229.241744109085
2006,10,26,12,273.373844579283
2006,10,26,18,310.150594971115
2006,10,27,0,344.512611272505
2006,10,27,6,549.270609676658
2006,10,27,12,477.626617110137
2006,10,27,18,482.933579522472
2006,10,28,0,513.337173253824
2006,10,28,6,398.149859982458
2006,10,28,12,331.171378863914
2006,10,28,18,290.240084847025
2006,10,29,0,252.978668508398
2006,10,29,6,255.654010619323
2006,10,29,12,639.708241818755
2006,10,29,18,458.57221635753
2006,10,30,0,375.620473511061
2006,10,30,6,318.184524132027
2006,10,30,12,280.247138562439
2006,10,30,18,250.876259411791
2006,10,31,0,240.236799272165
2006,10,31,6,225.703485334738
2006,10,31,12,210.821936851129
2006,10,31,18,200.900904528723
2006,11,1,0,198.293938177726
2006,11,1,6,196.860003407627
2006,11,1,12,189.239616178945
2006,11,1,18,182.889293488376
2006,11,2,0,156.284010999866
2006,11,2,6,132.840874677383
2006,11,2,12,141.380645192358
2006,11,2,18,172.693137080598
2006,11,3,0,3565.99653434352
2006,11,3,6,2876.69690416617
2006,11,3,12,2785.8538440346
2006,11,3,18,3921.39209567914
2006,11,4,0,8516.26941067991
2006,11,4,6,4995.51021440467
2006,11,4,12,5864.29459951852
2006,11,4,18,10882.6675608999
2006,11,5,0,5814.91321065748
2006,11,5,6,4566.76256428942
2006,11,5,12,3425.07192321707
2006,11,5,18,2340.46581419833
2006,11,6,0,3077.14493482876
2006,11,6,6,9686.13496534032
2006,11,6,12,21029.5608254078
2006,11,6,18,13765.1836469952
2006,11,7,0,8155.38535642396
2006,11,7,6,6043.44315811226
2006,11,7,12,5962.67760890215
2006,11,7,18,5794.2655727321
2006,11,8,0,4336.96003339151
2006,11,8,6,3117.03915539089
2006,11,8,12,2540.68097194125
2006,11,8,18,1987.84761230589
2006,11,9,0,1713.32638353839
2006,11,9,6,1476.37562508608
2006,11,9,12,1305.55530482818
2006,11,9,18,1174.99977434537
2006,11,10,0,1093.56309239641
2006,11,10,6,1065.88080749193
2006,11,10,12,1023.65503720713
2006,11,10,18,1420.3213641249
2006,11,11,0,1705.75824814065
2006,11,11,6,1499.53496563017
2006,11,11,12,1376.62226352933
2006,11,11,18,1315.16591247892
2006,11,12,0,1333.73228518024
2006,11,12,6,1467.87521379139
2006,11,12,12,2382.07819781936
2006,11,12,18,3772.6968214112
2006,11,13,0,3259.42112981836
2006,11,13,6,4512.28761243627
2006,11,13,12,2913.92960258146
2006,11,13,18,2471.30738446782
2006,11,14,0,2094.20279418404
2006,11,14,6,1663.79413842752
2006,11,14,12,1362.38215682833
2006,11,14,18,1183.94626372161
2006,11,15,0,1108.32043985908
2006,11,15,6,1063.3429250285
2006,11,15,12,1042.49306375343
2006,11,15,18,1316.14749298871
2006,11,16,0,6974.79320203749
2006,11,16,6,3415.80627649789
2006,11,16,12,2235.59414109662
2006,11,16,18,1668.18446061525
2006,11,17,0,1432.53490071429
2006,11,17,6,1283.4812385353
2006,11,17,12,1156.36723125729
2006,11,17,18,1037.89204000787
2006,11,18,0,959.883866010398
2006,11,18,6,942.266602196901
2006,11,18,12,915.133270720026
2006,11,18,18,863.333274264176
2006,11,19,0,902.888184982711
2006,11,19,6,928.405600318025
2006,11,19,12,959.108777651377
2006,11,19,18,1564.39998793746
2006,11,20,0,2813.68549682182
2006,11,20,6,1703.05078208557
2006,11,20,12,1679.5604264706
2006,11,20,18,1421.16651470589
2006,11,21,0,1305.53911914316
2006,11,21,6,1355.41300313895
2006,11,21,12,1532.756760559
2006,11,21,18,1697.43310673476
2006,11,22,0,1446.30713977227
2006,11,22,6,1251.58306889919
2006,11,22,12,1181.64166210777
2006,11,22,18,1084.7053263793
2006,11,23,0,1086.39863481799
2006,11,23,6,1209.74499670022
2006,11,23,12,1154.47108200157
2006,11,23,18,1121.80922331599
2006,11,24,0,1069.23220721898
2006,11,24,6,1008.72898906185
2006,11,24,12,961.753864571227
2006,11,24,18,917.251115053793
2006,11,25,0,910.332073966193
2006,11,25,6,850.022521662165
2006,11,25,12,796.663443660014
2006,11,25,18,744.545274448612
2006,11,26,0,709.612049439289
2006,11,26,6,681.932528926829
2006,11,26,12,681.932528926829
2006,11,26,18,696.920057035111
2006,11,27,0,659.458898344199
2006,11,27,6,615.913089520185
2006,11,27,12,589.783443298117
2006,11,27,18,564.898065943766
2006,11,28,0,538.536189169749
2006,11,28,6,507.361821518553
2006,11,28,12,466.525382225596
2006,11,28,18,466.525382225596
2006,11,29,0,448.133884339375
2006,11,29,6,439.513440204894
2006,11,29,12,433.2525649883
2006,11,29,18,455.791715768038
2006,11,30,0,451.643884707375
2006,11,30,6,457.532876235746
2006,11,30,12,457.532876235746
2006,11,30,18,457.532876235746
2006,12,1,0,460.246068145889
2006,12,1,6,430.558373543629
2006,12,1,12,420.603266640886
2006,12,1,18,409.4037713753
2006,12,2,0,405.186519750091
2006,12,2,6,395.9548975451
2006,12,2,12,384.713275848236
2006,12,2,18,374.720723228802
2006,12,3,0,370.015902215093
2006,12,3,6,365.302873493349
2006,12,3,12,356.545612827412
2006,12,3,18,356.545612827412
2006,12,4,0,358.788523896291
2006,12,4,6,374.970241306974
2006,12,4,12,401.572859778077
2006,12,4,18,449.710931297216
2006,12,5,0,475.071896820835
2006,12,5,6,483.849545085581
2006,12,5,12,478.835560162414
2006,12,5,18,467.554094085289
2006,12,6,0,461.809394287135
2006,12,6,6,457.30705061927
2006,12,6,12,457.30705061927
2006,12,6,18,462.332402823877
2006,12,7,0,481.462259175538
2006,12,7,6,494.383061058616
2006,12,7,12,505.762722310605
2006,12,7,18,529.786451620359
2006,12,8,0,576.6538840317
2006,12,8,6,625.204995676689
2006,12,8,12,681.345852431331
2006,12,8,18,750.245994812027
2006,12,9,0,820.433603396801
2006,12,9,6,830.342821144347
2006,12,9,12,804.042369795883
2006,12,9,18,804.042369795883
2006,12,10,0,885.463343756114
2006,12,10,6,911.774389480047
2006,12,10,12,894.24026660543
2006,12,10,18,946.842635229279
2006,12,11,0,1233.61000472825
2006,12,11,6,1534.42351009693
2006,12,11,12,1934.70790403526
2006,12,11,18,2561.82012120531
2006,12,12,0,2935.9190476909
2006,12,12,6,2780.2181140283
2006,12,12,12,2490.10839778187
2006,12,12,18,2042.85591856862
2006,12,13,0,1775.21524540493
2006,12,13,6,1833.93946569113
2006,12,13,12,3811.97417511513
2006,12,13,18,5292.22531528011
2006,12,14,0,3200.52951781979
2006,12,14,6,2294.95829099116
2006,12,14,12,1873.18217264684
2006,12,14,18,1922.80289245205
2006,12,15,0,3754.68975475692
2006,12,15,6,4926.88710265474
2006,12,15,12,3579.8810228649
2006,12,15,18,2633.3362100396
2006,12,16,0,2119.65368678834
2006,12,16,6,1785.39266166326
2006,12,16,12,1553.04704130982
2006,12,16,18,1381.84500525992
2006,12,17,0,1264.63349197657
2006,12,17,6,1155.06536675618
2006,12,17,12,1047.8181021801
2006,12,17,18,967.690835542795
2006,12,18,0,900.702705404996
2006,12,18,6,841.892758026129
2006,12,18,12,788.498379567244
2006,12,18,18,762.422055203603
2006,12,19,0,726.098986996558
2006,12,19,6,706.951682541226
2006,12,19,12,721.993207701678
2006,12,19,18,691.910157380775
2006,12,20,0,713.198835031707
2006,12,20,6,734.408131669982
2006,12,20,12,749.396052724471
2006,12,20,18,734.408131669982
2006,12,21,0,741.79689184352
2006,12,21,6,928.43063897819
2006,12,21,12,1638.40700996151
2006,12,21,18,1586.39408901035
2006,12,22,0,1472.12153760093
2006,12,22,6,1216.59192079104
2006,12,22,12,1064.51793069216
2006,12,22,18,955.024657820962
2006,12,23,0,892.743750703657
2006,12,23,6,854.272288642821
2006,12,23,12,934.911560727099
2006,12,23,18,943.731481111317
2006,12,24,0,925.535448673809
2006,12,24,6,845.826010120107
2006,12,24,12,784.086885293822
2006,12,24,18,740.869497915422
2006,12,25,0,985.798613995323
2006,12,25,6,1838.77882865548
2006,12,25,12,1481.23850086135
2006,12,25,18,1253.94500676366
2006,12,26,0,1088.02036408784
2006,12,26,6,977.798139623342
2006,12,26,12,897.650751129625
2006,12,26,18,863.125722240024
2006,12,27,0,839.182550277736
2006,12,27,6,833.676212471855
2006,12,27,12,771.55428903878
2006,12,27,18,715.644557949014
2006,12,28,0,670.987970923506
2006,12,28,6,628.807105239015
2006,12,28,12,595.254156935748
2006,12,28,18,570.400121155549
2006,12,29,0,559.430043929057
2006,12,29,6,542.150249236866
2006,12,29,12,529.65830801021
2006,12,29,18,517.166366783554
2006,12,30,0,510.852502305729
2006,12,30,6,485.924169422822
2006,12,30,12,463.554258810006
2006,12,30,18,452.369303503599
2006,12,31,0,442.73416054011
2006,12,31,6,433.021492634548
2006,12,31,12,423.009435001379
2006,12,31,18,411.745870164065
2007,1,1,0,408.274506054135
2007,1,1,6,399.721789882717
2007,1,1,12,393.41702978993
2007,1,1,18,447.637966587901
2007,1,2,0,727.183188718651
2007,1,2,6,5346.67479415297
2007,1,2,12,9467.27995465857
2007,1,2,18,14788.6749625508
2007,1,3,0,6897.0553054811
2007,1,3,6,4019.48503519968
2007,1,3,12,3499.31638358561
2007,1,3,18,3239.23205777857
2007,1,4,0,2847.48446874922
2007,1,4,6,2515.03353493452
2007,1,4,12,2258.64662117906
2007,1,4,18,1990.05080676858
2007,1,5,0,1760.18837761703
2007,1,5,6,1575.95091596067
2007,1,5,12,1489.08747964787
2007,1,5,18,1501.49654197827
2007,1,6,0,2232.17848105415
2007,1,6,6,2057.22190174038
2007,1,6,12,1697.82771408694
2007,1,6,18,1499.54126572642
2007,1,7,0,1386.02602338727
2007,1,7,6,1421.78533022041
2007,1,7,12,2510.53986237117
2007,1,7,18,3176.60145851046
2007,1,8,0,2731.63031128068
2007,1,8,6,2165.32230688418
2007,1,8,12,1808.50180816592
2007,1,8,18,1515.72561481892
2007,1,9,0,1518.81768493378
2007,1,9,6,1435.82454999815
2007,1,9,12,1299.58971653688
2007,1,9,18,1294.07758833749
2007,1,10,0,1443.53215843494
2007,1,10,6,1358.06330934185
2007,1,10,12,1255.00866885741
2007,1,10,18,1143.35945547983
2007,1,11,0,1063.04051631748
2007,1,11,6,981.910959700451
2007,1,11,12,892.75889274152
2007,1,11,18,858.088644479714
2007,1,12,0,815.666779566375
2007,1,12,6,741.648797919728
2007,1,12,12,696.700385924593
2007,1,12,18,726.66599392135
2007,1,13,0,695.626697613589
2007,1,13,6,658.456799175112
2007,1,13,12,664.680398411171
2007,1,13,18,664.680398411171
2007,1,14,0,629.008861708331
2007,1,14,6,582.254965591523
2007,1,14,12,576.047556576688
2007,1,14,18,582.254965591523
2007,1,15,0,558.925038497928
2007,1,15,6,529.221815870261
2007,1,15,12,516.740169269547
2007,1,15,18,535.462639170618
2007,1,16,0,516.439121440777
2007,1,16,6,504.917784518643
2007,1,16,12,504.917784518643
2007,1,16,18,492.45067872806
2007,1,17,0,476.736112634642
2007,1,17,6,465.985213726096
2007,1,17,12,454.741602671043
2007,1,17,18,449.74444220213
2007,1,18,0,439.408622364537
2007,1,18,6,440.316442273833
2007,1,18,12,456.624458654345
2007,1,18,18,479.204789027362
2007,1,19,0,485.42628243942
2007,1,19,6,463.938247179815
2007,1,19,12,566.05508962972
2007,1,19,18,617.743861733993
2007,1,20,0,607.604200892439
2007,1,20,6,612.531633378299
2007,1,20,12,573.779632082937
2007,1,20,18,536.27769534549
2007,1,21,0,516.072236332046
2007,1,21,6,491.002186236609
2007,1,21,12,479.814794651471
2007,1,21,18,468.627403066333
2007,1,22,0,472.533682262027
2007,1,22,6,481.447971873453
2007,1,22,12,486.610952805072
2007,1,22,18,598.90578806778
2007,1,23,0,1242.93709824572
2007,1,23,6,1574.57947840632
2007,1,23,12,2594.18422262024
2007,1,23,18,2658.71616845656
2007,1,24,0,2135.10784374241
2007,1,24,6,1758.98288130021
2007,1,24,12,1502.46454444393
2007,1,24,18,1331.45231987307
2007,1,25,0,1303.56424294629
2007,1,25,6,1226.92899086943
2007,1,25,12,1126.64518838667
2007,1,25,18,1041.21824553097
2007,1,26,0,964.400872624475
2007,1,26,6,903.525778013149
2007,1,26,12,850.158183982152
2007,1,26,18,805.478337816667
2007,1,27,0,770.55771503998
2007,1,27,6,729.449591260489
2007,1,27,12,699.67613855598
2007,1,27,18,677.346049027597
2007,1,28,0,657.430187179229
2007,1,28,6,636.1942630009
2007,1,28,12,616.274286077193
2007,1,28,18,596.354309153486
2007,1,29,0,584.497096922605
2007,1,29,6,572.6146775091
2007,1,29,12,560.139412203891
2007,1,29,18,553.901779551287
2007,1,30,0,540.909460772578
2007,1,30,6,527.941208516296
2007,1,30,12,521.715486717755
2007,1,30,18,504.28346568184
2007,1,31,0,499.249268185316
2007,1,31,6,494.18623762803
2007,1,31,12,482.926298036505
2007,1,31,18,471.66635844498
2007,2,1,0,470.687816886197
2007,2,1,6,458.496778795727
2007,2,1,12,448.529457517559
2007,2,1,18,442.299881718705
2007,2,2,0,437.650544369396
2007,2,2,6,426.754593376582
2007,2,2,12,416.772029788826
2007,2,2,18,410.532927546478
2007,2,3,0,410.734902529977
2007,2,3,6,400.944043046787
2007,2,3,12,395.94785559449
2007,2,3,18,395.94785559449
2007,2,4,0,399.779990906632
2007,2,4,6,392.161380411247
2007,2,4,12,397.254385351653
2007,2,4,18,486.381971808755
2007,2,5,0,635.575950844877
2007,2,5,6,708.131797194536
2007,2,5,12,738.589078794301
2007,2,5,18,770.315413794056
2007,2,6,0,881.885215190977
2007,2,6,6,910.463918606306
2007,2,6,12,892.954997094647
2007,2,6,18,875.446075582987
2007,2,7,0,914.249220388575
2007,2,7,6,935.695156444336
2007,2,7,12,953.349782037625
2007,2,7,18,1000.00843539132
2007,2,8,0,1092.73127519075
2007,2,8,6,1157.63939493962
2007,2,8,12,1201.72794643351
2007,2,8,18,1190.39089033508
2007,2,9,0,1135.82983702474
2007,2,9,6,1051.18097140818
2007,2,9,12,962.139759712427
2007,2,9,18,891.64880045329
2007,2,10,0,859.357296238891
2007,2,10,6,843.042868085041
2007,2,10,12,824.391477198204
2007,2,10,18,806.983512370489
2007,2,11,0,824.661888773971
2007,2,11,6,852.726116734869
2007,2,11,12,898.475953102165
2007,2,11,18,997.600598564638
2007,2,12,0,1102.1194679773
2007,2,12,6,1158.45240237596
2007,2,12,12,1135.98242043332
2007,2,12,18,1049.84748965321
2007,2,13,0,986.329692772627
2007,2,13,6,910.857315152975
2007,2,13,12,848.894232489507
2007,2,13,18,812.955644544696
2007,2,14,0,811.703273538075
2007,2,14,6,801.431546989994
2007,2,14,12,766.092833106971
2007,2,14,18,836.770260873018
2007,2,15,0,1243.02886165242
2007,2,15,6,1306.79964712439
2007,2,15,12,1653.66622012654
2007,2,15,18,4140.88777072336
2007,2,16,0,3691.2882475893
2007,2,16,6,2519.46005317858
2007,2,16,12,1977.89387352337
2007,2,16,18,1636.47171678422
2007,2,17,0,1474.9121211797
2007,2,17,6,1377.50671787188
2007,2,17,12,1265.81698399038
2007,2,17,18,1195.08015253209
2007,2,18,0,1468.83786412212
2007,2,18,6,2082.50878989627
2007,2,18,12,1942.82832228127
2007,2,18,18,1841.24252765219
2007,2,19,0,1726.94687338372
2007,2,19,6,1638.04810068484
2007,2,19,12,1523.76567505566
2007,2,19,18,2006.29147215662
2007,2,20,0,3266.5440026997
2007,2,20,6,3803.45322925165
2007,2,20,12,2746.93844334841
2007,2,20,18,2100.59998608996
2007,2,21,0,1774.77799022046
2007,2,21,6,1515.30649149853
2007,2,21,12,1368.66392780512
2007,2,21,18,1258.68200503507
2007,2,22,0,1161.66397957642
2007,2,22,6,1093.10132397697
2007,2,22,12,1030.03778605522
2007,2,22,18,962.02808829647
2007,2,23,0,913.982138737726
2007,2,23,6,875.342420580266
2007,2,23,12,866.588996374464
2007,2,23,18,829.074321206738
2007,2,24,0,777.249300055945
2007,2,24,6,744.12098882849
2007,2,24,12,744.12098882849
2007,2,24,18,769.175567576924
2007,2,25,0,749.624198037799
2007,2,25,6,717.707740703405
2007,2,25,12,687.80325150743
2007,2,25,18,680.327129208436
2007,2,26,0,679.554033051496
2007,2,26,6,671.321781953653
2007,2,26,12,650.187577706964
2007,2,26,18,629.053373460275
2007,2,27,0,609.378673409311
2007,2,27,6,589.689851601172
2007,2,27,12,564.80842326357
2007,2,27,18,558.58806617917
2007,2,28,0,553.341895635161
2007,2,28,6,535.589430800679
2007,2,28,12,523.104828684113
2007,2,28,18,505.62638572092
2007,3,1,0,506.13338067249
2007,3,1,6,489.126717774536
2007,3,1,12,471.613229158568
2007,3,1,18,466.609375268291
2007,3,2,0,456.565665548632
2007,3,2,6,441.431436176358
2007,3,2,12,430.112681402605
2007,3,2,18,435.143239079829
2007,3,3,0,486.95386433948
2007,3,3,6,499.849868235729
2007,3,3,12,512.504295279672
2007,3,3,18,530.220493141191
2007,3,4,0,575.933358487043
2007,3,4,6,577.269032592456
2007,3,4,12,564.827889648653
2007,3,4,18,552.38674670485
2007,3,5,0,583.918773310354
2007,3,5,6,643.711369003427
2007,3,5,12,843.977128248937
2007,3,5,18,1240.60736571569
2007,3,6,0,1293.69418753667
2007,3,6,6,1147.52497918962
2007,3,6,12,1051.07352619739
2007,3,6,18,1020.15959895629
2007,3,7,0,1186.08271548799
2007,3,7,6,1283.73670616784
2007,3,7,12,1593.33617415383
2007,3,7,18,2098.54032693432
2007,3,8,0,2188.5064473612
2007,3,8,6,1951.1685181426
2007,3,8,12,1741.23266492472
2007,3,8,18,1642.43932223396
2007,3,9,0,1669.96935818003
2007,3,9,6,1610.84784319246
2007,3,9,12,1437.37192161789
2007,3,9,18,1325.85168631995
2007,3,10,0,1304.62294716368
2007,3,10,6,1269.8900128056
2007,3,10,12,1247.03199257509
2007,3,10,18,1358.78231370199
2007,3,11,0,2666.6359909389
2007,3,11,6,4062.12445728586
2007,3,11,12,5616.32859746479
2007,3,11,18,9278.12774591668
2007,3,12,0,12222.6950847381
2007,3,12,6,12880.9368951593
2007,3,12,12,8864.72682733525
2007,3,12,18,6011.10388440766
2007,3,13,0,3902.4448585718
2007,3,13,6,2890.95665480689
2007,3,13,12,2386.57698311718
2007,3,13,18,2202.04783493801
2007,3,14,0,2179.21914578446
2007,3,14,6,2029.31775535733
2007,3,14,12,1815.04196752457
2007,3,14,18,1688.99738644647
2007,3,15,0,1582.7819687796
2007,3,15,6,1477.25915687582
2007,3,15,12,1389.62513909505
2007,3,15,18,1339.54855750604
2007,3,16,0,1326.30459969674
2007,3,16,6,1350.58937231825
2007,3,16,12,1475.6439438292
2007,3,16,18,1488.14940098029
2007,3,17,0,1467.05716213313
2007,3,17,6,1433.77752607708
2007,3,17,12,1458.49782825082
2007,3,17,18,1940.54372063881
2007,3,18,0,3595.86546181254
2007,3,18,6,3289.05788737438
2007,3,18,12,2565.21117084797
2007,3,18,18,2235.03547559031
2007,3,19,0,2067.83978055411
2007,3,19,6,1965.4356038422
2007,3,19,12,1877.80471704669
2007,3,19,18,2641.44530197901
2007,3,20,0,3298.3286739212
2007,3,20,6,3464.84565181726
2007,3,20,12,2734.75317518434
2007,3,20,18,2227.40077616824
2007,3,21,0,1990.58202437062
2007,3,21,6,1813.650200504
2007,3,21,12,1688.57087633131
2007,3,21,18,1563.49155215862
2007,3,22,0,1504.40205005842
2007,3,22,6,1432.46349150563
2007,3,22,12,1382.2016146107
2007,3,22,18,1470.15989917683
2007,3,23,0,1648.66404775413
2007,3,23,6,1528.39705130887
2007,3,23,12,1455.03399284604
2007,3,23,18,1809.6221087497
2007,3,24,0,3293.38788796894
2007,3,24,6,6768.05242149192
2007,3,24,12,8904.68210929868
2007,3,24,18,10497.8915296864
2007,3,25,0,9291.18484631222
2007,3,25,6,6578.44686693873
2007,3,25,12,4123.98847150894
2007,3,25,18,3189.54999609151
2007,3,26,0,2601.73586151968
2007,3,26,6,2288.55877670026
2007,3,26,12,2077.11584624426
2007,3,26,18,1902.98637410402
2007,3,27,0,1793.75892360592
2007,3,27,6,1684.19304387105
2007,3,27,12,1609.340019699
2007,3,27,18,1497.06048344093
2007,3,28,0,1449.90757843508
2007,3,28,6,1390.04249901189
2007,3,28,12,1339.95087742588
2007,3,28,18,1289.85925583986
2007,3,29,0,1231.1642615904
2007,3,29,6,1176.09676289552
2007,3,29,12,1109.5726130199
2007,3,29,18,1055.6001895359
2007,3,30,0,1043.65564501002
2007,3,30,6,1020.49333913697
2007,3,30,12,981.724597086419
2007,3,30,18,955.461900858629
2007,3,31,0,946.305053746822
2007,3,31,6,983.485790626348
2007,3,31,12,974.715853639871
2007,3,31,18,957.175979666917
2007,4,1,0,967.949683244817
2007,4,1,6,951.084193305818
2007,4,1,12,924.665187936212
2007,4,1,18,898.246182566606
2007,4,2,0,858.349941759104
2007,4,2,6,818.747057828288
2007,4,2,12,775.063906877083
2007,4,2,18,748.854016306361
2007,4,3,0,728.476026564289
2007,4,3,6,692.908096570687
2007,4,3,12,664.036925880241
2007,4,3,18,656.505316134908
2007,4,4,0,655.108176732151
2007,4,4,6,632.463059858399
2007,4,4,12,618.713862904955
2007,4,4,18,612.464227926117
2007,4,5,0,597.260534513138
2007,4,5,6,589.586810190579
2007,4,5,12,583.367540040889
2007,4,5,18,577.1482698912
2007,4,6,0,641.718097963442
2007,4,6,6,728.306917012648
2007,4,6,12,743.170323482294
2007,4,6,18,777.851605244801
2007,4,7,0,1091.70270265507
2007,4,7,6,1245.41024877497
2007,4,7,12,1221.53255480249
2007,4,7,18,1198.91158156541
2007,4,8,0,1345.51970720957
2007,4,8,6,1421.8438643764
2007,4,8,12,1459.59193157223
2007,4,8,18,1434.42655344168
2007,4,9,0,1444.89204178869
2007,4,9,6,1543.14225514397
2007,4,9,12,2208.07347077511
2007,4,9,18,2057.52300685863
2007,4,10,0,1766.36819941162
2007,4,10,6,1563.62489208564
2007,4,10,12,1413.51690244542
2007,4,10,18,1325.95390848863
2007,4,11,0,1249.9645546018
2007,4,11,6,1170.34046140246
2007,4,11,12,1071.66714608678
2007,4,11,18,999.223446234759
2007,4,12,0,964.427988156226
2007,4,12,6,920.756881791115
2007,4,12,12,876.911315991538
2007,4,12,18,830.560289289128
2007,4,13,0,802.726330952816
2007,4,13,6,783.729237242535
2007,4,13,12,783.729237242535
2007,4,13,18,774.993401795564
2007,4,14,0,794.545008719186
2007,4,14,6,1003.62426707812
2007,4,14,12,1292.16624386308
2007,4,14,18,1342.34745721699
2007,4,15,0,1277.29529322853
2007,4,15,6,1192.47289778413
2007,4,15,12,1072.47562505113
2007,4,15,18,981.227698910418
2007,4,16,0,927.206716539634
2007,4,16,6,883.211216141535
2007,4,16,12,846.983316186649
2007,4,16,18,838.238650680297
2007,4,17,0,849.325159029199
2007,4,17,6,923.269663286907
2007,4,17,12,932.062707699163
2007,4,17,18,905.683574462394
2007,4,18,0,902.739658117577
2007,4,18,6,873.591187038309
2007,4,18,12,837.399552146722
2007,4,18,18,801.207917255135
2007,4,19,0,775.853747865277
2007,4,19,6,759.19744341444
2007,4,19,12,735.433437772143
2007,4,19,18,712.920169268914
2007,4,20,0,690.441852556093
2007,4,20,6,667.961241589117
2007,4,20,12,654.201740357881
2007,4,20,18,632.937056636879
2007,4,21,0,619.474884598935
2007,4,21,6,605.999562320926
2007,4,21,12,599.739236263892
2007,4,21,18,587.218584149823
2007,4,22,0,573.872164139323
2007,4,22,6,579.289244421104
2007,4,22,12,591.773926412938
2007,4,22,18,611.749417599872
2007,4,23,0,639.765073145884
2007,4,23,6,670.441573141983
2007,4,23,12,685.507675909218
2007,4,23,18,670.441573141983
2007,4,24,0,667.842075776884
2007,4,24,6,702.619672898952
2007,4,24,12,791.07002179226
2007,4,24,18,1199.6857180881
2007,4,25,0,1349.75166122554
2007,4,25,6,1404.21594496522
2007,4,25,12,1278.83952130761
2007,4,25,18,1152.20933341342
2007,4,26,0,1099.34709553349
2007,4,26,6,1101.65101895483
2007,4,26,12,1157.04832733656
2007,4,26,18,1347.16181746477
2007,4,27,0,1467.82737176697
2007,4,27,6,1459.99139159539
2007,4,27,12,1413.27166706433
2007,4,27,18,2464.46546901301
2007,4,28,0,6092.28631385713
2007,4,28,6,6075.81708317451
2007,4,28,12,3573.25123575231
2007,4,28,18,2476.76619951063
2007,4,29,0,2118.73505726458
2007,4,29,6,1846.4821968529
2007,4,29,12,1684.29119307528
2007,4,29,18,1534.57642035747
2007,4,30,0,1477.21109898468
2007,4,30,6,1419.43150565797
2007,4,30,12,1344.06346110976
2007,4,30,18,1281.25675731959
2007,5,1,0,1254.24291693196
2007,5,1,6,1264.87691339348
2007,5,1,12,1241.08219918113
2007,5,1,18,1206.0163045524
2007,5,2,0,1220.99510534812
2007,5,2,6,1237.30677757874
2007,5,2,12,1285.18626591681
2007,5,2,18,1436.38465014232
2007,5,3,0,1481.83009046966
2007,5,3,6,1389.27006826389
2007,5,3,12,1314.17438889828
2007,5,3,18,1229.06595228391
2007,5,4,0,1173.53866076422
2007,5,4,6,1086.60311500833
2007,5,4,12,1022.68528471373
2007,5,4,18,993.859596541649
2007,5,5,0,956.319869451306
2007,5,5,6,936.373587192517
2007,5,5,12,901.368967110554
2007,5,5,18,856.363027005173
2007,5,6,0,839.392047076031
2007,5,6,6,829.909567056179
2007,5,6,12,812.385081477315
2007,5,6,18,803.622838687884
2007,5,7,0,811.451655847384
2007,5,7,6,865.469338661759
2007,5,7,12,926.664140385318
2007,5,7,18,980.365701081502
2007,5,8,0,1508.79424343863
2007,5,8,6,1531.61945630957
2007,5,8,12,1417.69734798902
2007,5,8,18,1379.72331188217
2007,5,9,0,1656.03650133964
2007,5,9,6,1540.24959118243
2007,5,9,12,1363.49963809592
2007,5,9,18,1251.1371679195
2007,5,10,0,1255.93903112479
2007,5,10,6,1238.14030104505
2007,5,10,12,1136.9401351675
2007,5,10,18,1040.73750834563
2007,5,11,0,1180.38631670759
2007,5,11,6,1213.82091230729
2007,5,11,12,1115.16674350865
2007,5,11,18,1040.23952669956
2007,5,12,0,1248.92574757042
2007,5,12,6,1274.04583024271
2007,5,12,12,1191.60757063877
2007,5,12,18,1092.93147202193
2007,5,13,0,1262.56559822192
2007,5,13,6,1288.59781303955
2007,5,13,12,1182.25721681784
2007,5,13,18,1073.41448892032
2007,5,14,0,976.97198478948
2007,5,14,6,909.964921099638
2007,5,14,12,857.96692560823
2007,5,14,18,820.825500257224
2007,5,15,0,979.339648836731
2007,5,15,6,1078.59698615184
2007,5,15,12,1025.79853228426
2007,5,15,18,1068.54013779611
2007,5,16,0,1521.93352637169
2007,5,16,6,1497.5986429473
2007,5,16,12,1359.16515494377
2007,5,16,18,1296.24084221489
2007,5,17,0,1493.99986736817
2007,5,17,6,1427.78107345492
2007,5,17,12,1315.06151502427
2007,5,17,18,1206.09927520797
2007,5,18,0,1228.69831136578
2007,5,18,6,1181.25112441195
2007,5,18,12,1072.50102089466
2007,5,18,18,981.250934035327
2007,5,19,0,1128.40305401542
2007,5,19,6,1267.32770485515
2007,5,19,12,1243.486886645
2007,5,19,18,1197.06003013051
2007,5,20,0,1204.73961808793
2007,5,20,6,1146.25040950164
2007,5,20,12,1081.39184443734
2007,5,20,18,1113.82112696949
2007,5,21,0,1340.21922246175
2007,5,21,6,1333.28092183328
2007,5,21,12,1167.24971269933
2007,5,21,18,1037.69505708722
2007,5,22,0,971.521185028185
2007,5,22,6,919.853535260498
2007,5,22,12,859.108490479144
2007,5,22,18,795.884056114879
2007,5,23,0,942.478351562137
2007,5,23,6,1002.92070620979
2007,5,23,12,930.208955009581
2007,5,23,18,868.780061754231
2007,5,24,0,998.320887710598
2007,5,24,6,1034.72274240935
2007,5,24,12,949.013415607133
2007,5,24,18,904.295505971195
2007,5,25,0,1251.17225460617
2007,5,25,6,1248.86141436467
2007,5,25,12,1114.0196673041
2007,5,25,18,1049.74930188271
2007,5,26,0,1281.70001577165
2007,5,26,6,1241.66290516022
2007,5,26,12,1140.17481704925
2007,5,26,18,1086.29842459527
2007,5,27,0,1220.3207170004
2007,5,27,6,1222.78669477697
2007,5,27,12,1144.79001259984
2007,5,27,18,1079.37344045128
2007,5,28,0,1003.44852811518
2007,5,28,6,955.467082912679
2007,5,28,12,892.936514659231
2007,5,28,18,829.155335040714
2007,5,29,0,815.335635234264
2007,5,29,6,818.928854665835
2007,5,29,12,775.69731633506
2007,5,29,18,741.112085670439
2007,5,30,0,1126.0054306095
2007,5,30,6,1184.67152294532
2007,5,30,12,1074.67534098561
2007,5,30,18,1106.2834392499
2007,5,31,0,1591.04170662799
2007,5,31,6,1450.31134893387
2007,5,31,12,1286.36310948917
2007,5,31,18,1249.79004068997
2007,6,1,0,1657.77982450166
2007,6,1,6,1488.2746059071
2007,6,1,12,1313.18347580038
2007,6,1,18,1263.15743862703
2007,6,2,0,1635.12228012523
2007,6,2,6,1482.40744055096
2007,6,2,12,1332.92097595758
2007,6,2,18,1332.92097595758
2007,6,3,0,1690.90636994303
2007,6,3,6,1561.58186475918
2007,6,3,12,1423.05444127248
2007,6,3,18,1536.39506048887
2007,6,4,0,1891.4933200583
2007,6,4,6,1719.42982240777
2007,6,4,12,1532.53527649388
2007,6,4,18,1445.31782173407
2007,6,5,0,1438.60378620193
2007,6,5,6,1381.5595786098
2007,6,5,12,1343.88068101135
2007,6,5,18,1381.5595786098
2007,6,6,0,1268.56051843067
2007,6,6,6,1165.60305048483
2007,6,6,12,1165.60305048483
2007,6,6,18,1186.95569257345
2007,6,7,0,1063.27089894424
2007,6,7,6,951.777039649416
2007,6,7,12,898.208436632499
2007,6,7,18,853.360303874149
2007,6,8,0,854.233269120019
2007,6,8,6,837.630036348115
2007,6,8,12,775.213491165693
2007,6,8,18,719.038600501512
2007,6,9,0,734.116343570312
2007,6,9,6,734.096139693103
2007,6,9,12,712.07325550231
2007,6,9,18,759.789504582361
2007,6,10,0,1196.26140068867
2007,6,10,6,1361.94060910272
2007,6,10,12,1286.27724193035
2007,6,10,18,1249.7066144637
2007,6,11,0,1327.88482826863
2007,6,11,6,1187.16857047138
2007,6,11,12,1005.48449155228
2007,6,11,18,914.642452092729
2007,6,12,0,853.799033483733
2007,6,12,6,792.755681565406
2007,6,12,12,726.588671922939
2007,6,12,18,666.663833001459
2007,6,13,0,675.620279928107
2007,6,13,6,677.086437678058
2007,6,13,12,663.293936169801
2007,6,13,18,669.56325503719
2007,6,14,0,684.919974777174
2007,6,14,6,692.760216247125
2007,6,14,12,663.895207236828
2007,6,14,18,621.225193917259
2007,6,15,0,649.571301851756
2007,6,15,6,665.401851648469
2007,6,15,12,665.401851648469
2007,6,15,18,671.691094102614
2007,6,16,0,715.846603248257
2007,6,16,6,714.720280468557
2007,6,16,12,669.580052228438
2007,6,16,18,640.740461963917
2007,6,17,0,664.596317699031
2007,6,17,6,898.753565344506
2007,6,17,12,1247.42966842634
2007,6,17,18,1460.1598540611
2007,6,18,0,1340.5816157277
2007,6,18,6,1189.64487604486
2007,6,18,12,997.605766075357
2007,6,18,18,872.905045315937
2007,6,19,0,805.125984734856
2007,6,19,6,766.39491289837
2007,6,19,12,703.454267877731
2007,6,19,18,645.450144035181
2007,6,20,0,835.65491099154
2007,6,20,6,824.378966273921
2007,6,20,12,746.465100559008
2007,6,20,18,693.684739913421
2007,6,21,0,977.577620259087
2007,6,21,6,897.053432289359
2007,6,21,12,797.799621153702
2007,6,21,18,738.749885414766
2007,6,22,0,788.071439199549
2007,6,22,6,769.590401867884
2007,6,22,12,714.440601082563
2007,6,22,18,691.879318943114
2007,6,23,0,721.467703804563
2007,6,23,6,743.50458119729
2007,6,23,12,683.423402918721
2007,6,23,18,625.845607068426
2007,6,24,0,623.546279952561
2007,6,24,6,615.039425486379
2007,6,24,12,582.734324349721
2007,6,24,18,601.371882697793
2007,6,25,0,1038.36078405144
2007,6,25,6,954.838184698164
2007,6,25,12,827.356451093602
2007,6,25,18,749.59259359482
2007,6,26,0,701.245123567697
2007,6,26,6,655.27124037786
2007,6,26,12,599.529830515849
2007,6,26,18,556.175400623174
2007,6,27,0,636.415169234847
2007,6,27,6,647.376290864243
2007,6,27,12,606.054399958015
2007,6,27,18,568.489044588716
2007,6,28,0,629.260520340946
2007,6,28,6,669.120350149103
2007,6,28,12,632.438894280815
2007,6,28,18,599.552071778213
2007,6,29,0,628.319720886519
2007,6,29,6,622.7979965306
2007,6,29,12,616.704082670222
2007,6,29,18,603.297472177392
2007,6,30,0,966.319539440159
2007,6,30,6,1313.99425669948
2007,6,30,12,1030.58373074469
2007,6,30,18,845.078659210644
2007,7,1,0,760.070801397357
2007,7,1,6,702.444765892567
2007,7,1,12,636.434885409755
2007,7,1,18,584.125168800734
2007,7,2,0,644.097198075041
2007,7,2,6,630.577495735448
2007,7,2,12,584.468074110524
2007,7,2,18,547.082056576802
2007,7,3,0,610.908245393298
2007,7,3,6,623.651252069262
2007,7,3,12,578.748361920275
2007,7,3,18,535.092774275427
2007,7,4,0,673.330517788289
2007,7,4,6,659.406029967141
2007,7,4,12,590.847747078308
2007,7,4,18,540.987177704611
2007,7,5,0,713.819207175144
2007,7,5,6,686.935485665225
2007,7,5,12,608.931822457818
2007,7,5,18,564.897496453637
2007,7,6,0,744.689152787888
2007,7,6,6,682.092604264843
2007,7,6,12,579.653788239719
2007,7,6,18,512.194080125614
2007,7,7,0,586.886802317755
2007,7,7,6,575.339464185344
2007,7,7,12,507.652468398833
2007,7,7,18,456.260490116482
2007,7,8,0,462.608255944898
2007,7,8,6,497.983046421679
2007,7,8,12,453.857966358998
2007,7,8,18,414.775752589196
2007,7,9,0,401.128889502478
2007,7,9,6,413.678581360573
2007,7,9,12,402.53155371912
2007,7,9,18,381.476057063043
2007,7,10,0,409.712580730654
2007,7,10,6,467.035689420404
2007,7,10,12,423.211965212055
2007,7,10,18,396.917730687045
2007,7,11,0,462.636107902135
2007,7,11,6,487.218491146097
2007,7,11,12,448.08954496597
2007,7,11,18,415.271719137476
2007,7,12,0,503.311126837301
2007,7,12,6,495.462455002536
2007,7,12,12,445.289041837722
2007,7,12,18,407.658981964112
2007,7,13,0,466.974937056828
2007,7,13,6,454.836788021395
2007,7,13,12,427.34665248164
2007,7,13,18,401.106068557329
2007,7,14,0,443.183583174654
2007,7,14,6,442.776528159133
2007,7,14,12,405.358793385122
2007,7,14,18,379.166379043314
2007,7,15,0,418.640572780615
2007,7,15,6,420.700425615563
2007,7,15,12,382.912962236919
2007,7,15,18,358.980902097112
2007,7,16,0,352.170496870534
2007,7,16,6,355.389125770232
2007,7,16,12,336.68443494022
2007,7,16,18,315.485785332872
2007,7,17,0,307.895569808421
2007,7,17,6,323.986461244051
2007,7,17,12,315.263748825942
2007,7,17,18,307.787138181849
2007,7,18,0,302.883825646155
2007,7,18,6,307.951947947259
2007,7,18,12,302.964871867142
2007,7,18,18,311.692255007348
2007,7,19,0,316.675033778653
2007,7,19,6,326.715545838136
2007,7,19,12,326.715545838136
2007,7,19,18,314.1495633059
2007,7,20,0,303.114795193146
2007,7,20,6,305.835042371763
2007,7,20,12,293.453056850639
2007,7,20,18,309.5496380281
2007,7,21,0,384.06435553453
2007,7,21,6,576.383495167784
2007,7,21,12,635.403155893025
2007,7,21,18,508.573672206868
2007,7,22,0,543.680909382958
2007,7,22,6,2826.4189325727
2007,7,22,12,2685.73744724103
2007,7,22,18,1854.43776119023
2007,7,23,0,1355.36352872094
2007,7,23,6,1044.99453328172
2007,7,23,12,859.329238052798
2007,7,23,18,796.604476151134
2007,7,24,0,777.382448811907
2007,7,24,6,727.004470391166
2007,7,24,12,645.809813045074
2007,7,24,18,573.359195720868
2007,7,25,0,530.34792923172
2007,7,25,6,494.734971674515
2007,7,25,12,467.180112492643
2007,7,25,18,433.362785314891
2007,7,26,0,406.319742859622
2007,7,26,6,405.579526886789
2007,7,26,12,389.356345811317
2007,7,26,18,369.389353718429
2007,7,27,0,361.029778620641
2007,7,27,6,365.157447427119
2007,7,27,12,351.401516188426
2007,7,27,18,337.645584949734
2007,7,28,0,325.978646731974
2007,7,28,6,326.817718662409
2007,7,28,12,323.046744985535
2007,7,28,18,314.247806406163
2007,7,29,0,300.748176478408
2007,7,29,6,303.56709365324
2007,7,29,12,299.819351756286
2007,7,29,18,292.323867962379
2007,7,30,0,292.452673402857
2007,7,30,6,288.830469009364
2007,7,30,12,282.578727255915
2007,7,30,18,275.076637151776
2007,7,31,0,268.944477867381
2007,7,31,6,265.309654210253
2007,7,31,12,262.806732944118
2007,7,31,18,259.052351044917
2007,8,1,0,250.776396347759
2007,8,1,6,251.260966597127
2007,8,1,12,251.260966597127
2007,8,1,18,244.979442432199
2007,8,2,0,238.065427197817
2007,8,2,6,239.932681804695
2007,8,2,12,239.932681804695
2007,8,2,18,237.433383035896
2007,8,3,0,231.026479420983
2007,8,3,6,230.867815228128
2007,8,3,12,230.867815228128
2007,8,3,18,230.867815228128
2007,8,4,0,227.339361640032
2007,8,4,6,225.054086957585
2007,8,4,12,225.054086957585
2007,8,4,18,222.553485991389
2007,8,5,0,220.813133279277
2007,8,5,6,219.056259543992
2007,8,5,12,219.056259543992
2007,8,5,18,216.538371503256
2007,8,6,0,213.263660083935
2007,8,6,6,212.507668955404
2007,8,6,12,215.007759178409
2007,8,6,18,212.507668955404
2007,8,7,0,209.991125344087
2007,8,7,6,207.474974229009
2007,8,7,12,209.974672713696
2007,8,7,18,209.974672713696
2007,8,8,0,208.403020548467
2007,8,8,6,216.898593603055
2007,8,8,12,221.942746942661
2007,8,8,18,221.942746942661
2007,8,9,0,213.40732115598
2007,8,9,6,209.940304672857
2007,8,9,12,209.940304672857
2007,8,9,18,207.441015331514
2007,8,10,0,205.192280772965
2007,8,10,6,202.937597465357
2007,8,10,12,200.432195027513
2007,8,10,18,197.926792589669
2007,8,11,0,195.321250693754
2007,8,11,6,193.969712183672
2007,8,11,12,195.221129681631
2007,8,11,18,193.969712183672
2007,8,12,0,191.367395672306
2007,8,12,6,188.767695821074
2007,8,12,12,188.767695821074
2007,8,12,18,188.767695821074
2007,8,13,0,188.958450190169
2007,8,13,6,189.149263172748
2007,8,13,12,189.149263172748
2007,8,13,18,186.643974918804
2007,8,14,0,184.069186506494
2007,8,14,6,182.747980189972
2007,8,14,12,183.999678684424
2007,8,14,18,182.747980189972
2007,8,15,0,179.77445539447
2007,8,15,6,179.304672847961
2007,8,15,12,181.795015526405
2007,8,15,18,176.814330169517
2007,8,16,0,177.17424697199
2007,8,16,6,175.033870502185
2007,8,16,12,177.534354366502
2007,8,16,18,177.534354366502
2007,8,17,0,175.358418886093
2007,8,17,6,175.683011531939
2007,8,17,12,175.683011531939
2007,8,17,18,175.683011531939
2007,8,18,0,173.262001028838
2007,8,18,6,172.09459044562
2007,8,18,12,173.350755339384
2007,8,18,18,173.350755339384
2007,8,19,0,171.825336583756
2007,8,19,6,171.556181756604
2007,8,19,12,182.8262958866
2007,8,19,18,200.35758453326
2007,8,20,0,231.626741837019
2007,8,20,6,210.308750826097
2007,8,20,12,197.790372800734
2007,8,20,18,195.286697195662
2007,8,21,0,194.766405236588
2007,8,21,6,194.246795701004
2007,8,21,12,206.698513374146
2007,8,21,18,236.582635789685
2007,8,22,0,263.537294365606
2007,8,22,6,259.270330233831
2007,8,22,12,227.651997278485
2007,8,22,18,215.004664096347
2007,8,23,0,206.239428732607
2007,8,23,6,197.562666590972
2007,8,23,12,195.061873342985
2007,8,23,18,191.310683471004
2007,8,24,0,188.919437518456
2007,8,24,6,184.021616233263
2007,8,24,12,184.021616233263
2007,8,24,18,180.266073044829
2007,8,25,0,177.296928022918
2007,8,25,6,174.340876317059
2007,8,25,12,174.340876317059
2007,8,25,18,179.322044211832
2007,8,26,0,189.452493111171
2007,8,26,6,227.777434707906
2007,8,26,12,221.621287823909
2007,8,26,18,214.233911563112
2007,8,27,0,246.700229717094
2007,8,27,6,244.50346022485
2007,8,27,12,224.128171872779
2007,8,27,18,213.940527696744
2007,8,28,0,201.669460747964
2007,8,28,6,194.604471769503
2007,8,28,12,190.862078081628
2007,8,28,18,188.367148956378
2007,8,29,0,183.634367765361
2007,8,29,6,180.138764062699
2007,8,29,12,180.138764062699
2007,8,29,18,177.63683678405
2007,8,30,0,173.313466439318
2007,8,30,6,172.733969733749
2007,8,30,12,172.733969733749
2007,8,30,18,170.212305942016
2007,8,31,0,167.986206831652
2007,8,31,6,164.529872304366
2007,8,31,12,167.022749157462
2007,8,31,18,167.022749157462
2007,9,1,0,167.445679313521
2007,9,1,6,165.363537293806
2007,9,1,12,165.363537293806
2007,9,1,18,165.363537293806
2007,9,2,0,162.936094366686
2007,9,2,6,161.760203363658
2007,9,2,12,161.760203363658
2007,9,2,18,161.760203363658
2007,9,3,0,159.007648339099
2007,9,3,6,158.763031985365
2007,9,3,12,158.763031985365
2007,9,3,18,156.262826757249
2007,9,4,0,155.861028896055
2007,9,4,6,157.947001080488
2007,9,4,12,164.165386949798
2007,9,4,18,161.678032602074
2007,9,5,0,159.043779668125
2007,9,5,6,157.62129677698
2007,9,5,12,157.62129677698
2007,9,5,18,155.099356028548
2007,9,6,0,152.699233391329
2007,9,6,6,151.563444952662
2007,9,6,12,151.563444952662
2007,9,6,18,151.563444952662
2007,9,7,0,150.269889261712
2007,9,7,6,148.939903984653
2007,9,7,12,148.939903984653
2007,9,7,18,148.939903984653
2007,9,8,0,148.401144596218
2007,9,8,6,147.863220337069
2007,9,8,12,147.863220337069
2007,9,8,18,147.863220337069
2007,9,9,0,146.710918492356
2007,9,9,6,144.30211633648
2007,9,9,12,146.811718359723
2007,9,9,18,144.30211633648
2007,9,10,0,144.709583006602
2007,9,10,6,142.593667040539
2007,9,10,12,142.593667040539
2007,9,10,18,142.593667040539
2007,9,11,0,141.941967770332
2007,9,11,6,140.040729443256
2007,9,11,12,140.040729443256
2007,9,11,18,140.040729443256
2007,9,12,0,139.988467000893
2007,9,12,6,137.437314189732
2007,9,12,12,137.437314189732
2007,9,12,18,137.437314189732
2007,9,13,0,137.523536217208
2007,9,13,6,136.358770277483
2007,9,13,12,136.358770277483
2007,9,13,18,136.358770277483
2007,9,14,0,136.440343456016
2007,9,14,6,136.52192041266
2007,9,14,12,136.52192041266
2007,9,14,18,136.52192041266
2007,9,15,0,136.544690342731
2007,9,15,6,136.567462277166
2007,9,15,12,136.567462277166
2007,9,15,18,136.567462277166
2007,9,16,0,136.16693221103
2007,9,16,6,135.766842482305
2007,9,16,12,135.766842482305
2007,9,16,18,139.503544568974
2007,9,17,0,143.894695456056
2007,9,17,6,150.835193060076
2007,9,17,12,148.321273175742
2007,9,17,18,144.55039334924
2007,9,18,0,140.963245020107
2007,9,18,6,138.654836074331
2007,9,18,12,138.654836074331
2007,9,18,18,142.368804897751
2007,9,19,0,151.874123114448
2007,9,19,6,165.232660004513
2007,9,19,12,158.973847125554
2007,9,19,18,152.715034246595
2007,9,20,0,146.70993443701
2007,9,20,6,144.451522304209
2007,9,20,12,144.451522304209
2007,9,20,18,146.963722692108
2007,9,21,0,153.828286942745
2007,9,21,6,153.157523922544
2007,9,21,12,149.42197455858
2007,9,21,18,149.42197455858
2007,9,22,0,154.518450590494
2007,9,22,6,173.62608291019
2007,9,22,12,197.705612656859
2007,9,22,18,202.774987340368
2007,9,23,0,190.161195954784
2007,9,23,6,175.191067257255
2007,9,23,12,168.934243426639
2007,9,23,18,162.677419596023
2007,9,24,0,158.874279459602
2007,9,24,6,156.324020293056
2007,9,24,12,153.822835968367
2007,9,24,18,152.572243806023
2007,9,25,0,148.075737347237
2007,9,25,6,148.582238650165
2007,9,25,12,147.32306713618
2007,9,25,18,147.32306713618
2007,9,26,0,147.759018434136
2007,9,26,6,145.691610330359
2007,9,26,12,143.201155452917
2007,9,26,18,143.201155452917
2007,9,27,0,140.285677534153
2007,9,27,6,139.861194449501
2007,9,27,12,138.623484764107
2007,9,27,18,142.336613820288
2007,9,28,0,180.324877991343
2007,9,28,6,338.751675549409
2007,9,28,12,447.205769302381
2007,9,28,18,348.124251552752
2007,9,29,0,286.811590760695
2007,9,29,6,246.810616869611
2007,9,29,12,222.12955518265
2007,9,29,18,214.725236676561
2007,9,30,0,229.509325327516
2007,9,30,6,666.034529481001
2007,9,30,12,3259.31791022617
2007,9,30,18,5964.68060250877
2007,10,1,0,5339.53956687552
2007,10,1,6,6176.44824970335
2007,10,1,12,3554.60899268642
2007,10,1,18,2584.02426773303
2007,10,2,0,1892.06286332384
2007,10,2,6,2851.28142268284
2007,10,2,12,6162.4469457984
2007,10,2,18,6241.2842201583
2007,10,3,0,4268.92739545053
2007,10,3,6,2722.6565654431
2007,10,3,12,2320.17689924717
2007,10,3,18,1787.4832233996
2007,10,4,0,3411.88936450386
2007,10,4,6,3175.86042642984
2007,10,4,12,2522.76009680113
2007,10,4,18,2407.50709745488
2007,10,5,0,2117.92666294245
2007,10,5,6,1638.00199342164
2007,10,5,12,1340.18344916316
2007,10,5,18,1151.56503779945
2007,10,6,0,1044.73163364788
2007,10,6,6,958.806918826909
2007,10,6,12,887.922360625697
2007,10,6,18,851.858287154906
2007,10,7,0,912.342867922535
2007,10,7,6,1351.28697301969
2007,10,7,12,1818.55443097978
2007,10,7,18,7476.2793273613
2007,10,8,0,5048.20105582438
2007,10,8,6,2906.32741727161
2007,10,8,12,2086.28482650618
2007,10,8,18,1700.38243085186
2007,10,9,0,1504.48802805856
2007,10,9,6,1374.14435586798
2007,10,9,12,1249.3367492341
2007,10,9,18,1153.52484919192
2007,10,10,0,1061.09867476445
2007,10,10,6,981.295313951261
2007,10,10,12,963.949184664244
2007,10,10,18,963.949184664244
2007,10,11,0,1075.93772046378
2007,10,11,6,1194.27605430262
2007,10,11,12,1038.7190892464
2007,10,11,18,950.90467348885
2007,10,12,0,882.39553891976
2007,10,12,6,831.536802645286
2007,10,12,12,791.4627398672
2007,10,12,18,743.874790318223
2007,10,13,0,706.109317205526
2007,10,13,6,675.874425937851
2007,10,13,12,645.835562562836
2007,10,13,18,617.048318495112
2007,10,14,0,596.412388386934
2007,10,14,6,576.985207183734
2007,10,14,12,563.187734838036
2007,10,14,18,535.59279014664
2007,10,15,0,520.717091049184
2007,10,15,6,499.652655085577
2007,10,15,12,493.406996897008
2007,10,15,18,493.406996897008
2007,10,16,0,524.13424691405
2007,10,16,6,554.485205444287
2007,10,16,12,560.659873656361
2007,10,16,18,521.141997099085
2007,10,17,0,812.227651624787
2007,10,17,6,962.983784669684
2007,10,17,12,836.93878667627
2007,10,17,18,780.218537579233
2007,10,18,0,740.493783327777
2007,10,18,6,783.825103694911
2007,10,18,12,792.253330616362
2007,10,18,18,863.291243240017
2007,10,19,0,1915.37855154899
2007,10,19,6,2789.00191579085
2007,10,19,12,4563.82131674867
2007,10,19,18,2839.7110415325
2007,10,20,0,2247.11740169033
2007,10,20,6,1877.01795338957
2007,10,20,12,1640.83688640677
2007,10,20,18,1454.37814931509
2007,10,21,0,1334.63117097735
2007,10,21,6,1226.04335842626
2007,10,21,12,1169.53234190562
2007,10,21,18,1584.76546329647
2007,10,22,0,2527.6031955103
2007,10,22,6,3822.64564150765
2007,10,22,12,3440.38107735689
2007,10,22,18,3109.08512175956
2007,10,23,0,2678.45908532443
2007,10,23,6,2204.68615767742
2007,10,23,12,1916.57376207185
2007,10,23,18,1753.72762542522
2007,10,24,0,1602.63640549008
2007,10,24,6,1466.14909240836
2007,10,24,12,1379.90502814904
2007,10,24,18,1983.61347796425
2007,10,25,0,1663.07685008209
2007,10,25,6,1437.69486718732
2007,10,25,12,1275.17283872267
2007,10,25,18,1171.40877439523
2007,10,26,0,1088.7576935769
2007,10,26,6,1007.37733536437
2007,10,26,12,954.883727318086
2007,10,26,18,904.889814893055
2007,10,27,0,861.834448718895
2007,10,27,6,821.330871692449
2007,10,27,12,788.877068251713
2007,10,27,18,750.182148764683
2007,10,28,0,719.598629311208
2007,10,28,6,690.211600848957
2007,10,28,12,667.704700821273
2007,10,28,18,638.945884119234
2007,10,29,0,617.007200287603
2007,10,29,6,596.279811097209
2007,10,29,12,582.500235630677
2007,10,29,18,576.236792236798
2007,10,30,0,562.046487357604
2007,10,30,6,540.371239605915
2007,10,30,12,520.357489990881
2007,10,30,18,500.343740375847
2007,10,31,0,493.905662655273
2007,10,31,6,476.222911301912
2007,10,31,12,464.973551192418
2007,10,31,18,453.724191082924
2007,11,1,0,443.476222257728
2007,11,1,6,439.455836400691
2007,11,1,12,433.177895880682
2007,11,1,18,423.133191048666
2007,11,2,0,411.670011325174
2007,11,2,6,406.488761933703
2007,11,2,12,396.452002379785
2007,11,2,18,391.433622602825
2007,11,3,0,385.754787078841
2007,11,3,6,405.0999834999
2007,11,3,12,513.876830921169
2007,11,3,18,782.69317799672
2007,11,4,0,1110.40392280038
2007,11,4,6,933.785708276884
2007,11,4,12,1637.32288574577
2007,11,4,18,1151.24265403999
2007,11,5,0,893.199523081368
2007,11,5,6,736.050050988685
2007,11,5,12,647.530028382138
2007,11,5,18,584.474669813091
2007,11,6,0,551.121399097787
2007,11,6,6,516.82096128058
2007,11,6,12,490.731441600551
2007,11,6,18,473.338428480532
2007,11,7,0,464.803628548917
2007,11,7,6,461.166179007514
2007,11,7,12,456.13984463141
2007,11,7,18,483.784683699981
2007,11,8,0,530.375762565412
2007,11,8,6,536.758375951914
2007,11,8,12,556.871101982899
2007,11,8,18,592.068372537123
2007,11,9,0,556.8676733262
2007,11,9,6,631.329822431888
2007,11,9,12,943.324211424391
2007,11,9,18,828.3145150899
2007,11,10,0,749.042682293117
2007,11,10,6,770.454924371282
2007,11,10,12,2640.10913128874
2007,11,10,18,1586.60404524564
2007,11,11,0,1179.71779955644
2007,11,11,6,966.370833627762
2007,11,11,12,891.383359679175
2007,11,11,18,803.091656481645
2007,11,12,0,822.804532158485
2007,11,12,6,890.492198948978
2007,11,12,12,907.562336948
2007,11,12,18,1197.75468293137
2007,11,13,0,1611.86776939408
2007,11,13,6,1214.02287833655
2007,11,13,12,1073.38854490549
2007,11,13,18,968.814296969564
2007,11,14,0,923.255046471123
2007,11,14,6,860.214125823888
2007,11,14,12,803.442461852727
2007,11,14,18,763.949130394529
2007,11,15,0,744.15416813989
2007,11,15,6,762.61599705479
2007,11,15,12,946.785166411558
2007,11,15,18,1129.65736978694
2007,11,16,0,3997.95489625209
2007,11,16,6,5619.79357388438
2007,11,16,12,6501.58788173041
2007,11,16,18,4764.32148418301
2007,11,17,0,3310.2176869754
2007,11,17,6,2539.41765060144
2007,11,17,12,2136.52927334256
2007,11,17,18,2087.6943185233
2007,11,18,0,2399.79568882097
2007,11,18,6,1956.86287539225
2007,11,18,12,1713.7743194429
2007,11,18,18,1531.45790248089
2007,11,19,0,1423.57956505677
2007,11,19,6,1325.76459039048
2007,11,19,12,1227.88103652053
2007,11,19,18,1160.97329083727
2007,11,20,0,1096.46635482808
2007,11,20,6,1025.77334287129
2007,11,20,12,963.830508156843
2007,11,20,18,913.037383690994
2007,11,21,0,873.318832405843
2007,11,21,6,824.796216279043
2007,11,21,12,792.499978894623
2007,11,21,18,761.445904486526
2007,11,22,0,731.526964932639
2007,11,22,6,702.757700690665
2007,11,22,12,672.853117682551
2007,11,22,18,650.424680426466
2007,11,23,0,636.906868118289
2007,11,23,6,614.653544073605
2007,11,23,12,593.458594277963
2007,11,23,18,579.744214998431
2007,11,24,0,566.642799295179
2007,11,24,6,553.51185655045
2007,11,24,12,533.520457668266
2007,11,24,18,527.273145517584
2007,11,25,0,513.095323069869
2007,11,25,6,492.70418793883
2007,11,25,12,480.230664193544
2007,11,25,18,469.004492822785
2007,11,26,0,460.502429953825
2007,11,26,6,451.872884257507
2007,11,26,12,441.77516617354
2007,11,26,18,446.824025215524
2007,11,27,0,575.756336217312
2007,11,27,6,510.093710336478
2007,11,27,12,472.86059279367
2007,11,27,18,455.485137940359
2007,11,28,0,444.918994448024
2007,11,28,6,429.345053646699
2007,11,28,12,419.389226315761
2007,11,28,18,419.389226315761
2007,11,29,0,425.435637424202
2007,11,29,6,410.245097295907
2007,11,29,12,405.242108304493
2007,11,29,18,395.236130321666
2007,11,30,0,389.389392323843
2007,11,30,6,378.583721314714
2007,11,30,12,373.602356560573
2007,11,30,18,368.620991806432
2007,12,1,0,364.802803628451
2007,12,1,6,360.95371635111
2007,12,1,12,360.95371635111
2007,12,1,18,352.180535745354
2007,12,2,0,352.573971008296
2007,12,2,6,352.962200226924
2007,12,2,12,361.754852901616
2007,12,2,18,376.827971772517
2007,12,3,0,470.161706452502
2007,12,3,6,1788.40397959575
2007,12,3,12,6606.41768582014
2007,12,3,18,7380.50299042129
2007,12,4,0,5251.42532204627
2007,12,4,6,4757.20514708538
2007,12,4,12,6857.46061095819
2007,12,4,18,4959.63940866348
2007,12,5,0,4382.86649059033
2007,12,5,6,2994.57819841109
2007,12,5,12,2639.48987448882
2007,12,5,18,2248.89271817433
2007,12,6,0,1994.13600720537
2007,12,6,6,1788.90438431809
2007,12,6,12,1616.18258169427
2007,12,6,18,1480.47259391842
2007,12,7,0,1360.17477204046
2007,12,7,6,1264.09420968973
2007,12,7,12,1171.14610603607
2007,12,7,18,1096.78762311315
2007,12,8,0,1034.10305843033
2007,12,8,6,971.504833904083
2007,12,8,12,903.437616242014
2007,12,8,18,853.934185215054
2007,12,9,0,832.336556427592
2007,12,9,6,778.305634054435
2007,12,9,12,754.682939091121
2007,12,9,18,738.520042537275
2007,12,10,0,716.452157688769
2007,12,10,6,686.89838522069
2007,12,10,12,664.499524833059
2007,12,10,18,628.41247198632
2007,12,11,0,614.17986145891
2007,12,11,6,593.677326390756
2007,12,11,12,587.441220021105
2007,12,11,18,573.721786007873
2007,12,12,0,565.226166929569
2007,12,12,6,550.544454090777
2007,12,12,12,536.874050038861
2007,12,12,18,516.989825963348
2007,12,13,0,514.268981272342
2007,12,13,6,503.912220751378
2007,12,13,12,497.613317991985
2007,12,13,18,524.068709581433
2007,12,14,0,562.54078146029
2007,12,14,6,538.267968223062
2007,12,14,12,532.038014887147
2007,12,14,18,525.808061551232
2007,12,15,0,603.679852382648
2007,12,15,6,766.626112607309
2007,12,15,12,995.065206768073
2007,12,15,18,1013.13383568474
2007,12,16,0,940.414868685141
2007,12,16,6,912.074572089296
2007,12,16,12,862.572560035603
2007,12,16,18,798.219944365802
2007,12,17,0,777.154546419966
2007,12,17,6,794.552028625317
2007,12,17,12,909.12692930483
2007,12,17,18,819.459615729559
2007,12,18,0,749.304040661275
2007,12,18,6,703.951741177207
2007,12,18,12,718.929437797999
2007,12,18,18,805.05119336755
2007,12,19,0,1006.87221096976
2007,12,19,6,1412.17249150493
2007,12,19,12,1231.51619078988
2007,12,19,18,1145.00472284184
2007,12,20,0,1334.96165263695
2007,12,20,6,1308.93464785531
2007,12,20,12,1113.21775289028
2007,12,20,18,1004.76316778227
2007,12,21,0,888.80296654273
2007,12,21,6,811.069551119399
2007,12,21,12,748.20549776516
2007,12,21,18,702.598243370908
2007,12,22,0,679.249932727098
2007,12,22,6,655.342980464175
2007,12,22,12,754.523239959711
2007,12,22,18,891.366889137096
2007,12,23,0,870.222509994594
2007,12,23,6,838.199092765617
2007,12,23,12,795.351854796768
2007,12,23,18,1205.07856787389
2007,12,24,0,1798.65024413501
2007,12,24,6,1387.40288330812
2007,12,24,12,1148.19548963431
2007,12,24,18,998.690868588176
2007,12,25,0,931.8046920399
2007,12,25,6,867.948031850519
2007,12,25,12,792.465016664225
2007,12,25,18,758.4126714434
2007,12,26,0,743.146974633851
2007,12,26,6,702.76954071865
2007,12,26,12,670.129706469791
2007,12,26,18,636.767206679653
2007,12,27,0,617.956126642562
2007,12,27,6,601.299366097679
2007,12,27,12,573.508218925097
2007,12,27,18,567.192049113146
2007,12,28,0,587.12808688766
2007,12,28,6,600.734910664981
2007,12,28,12,622.189728903016
2007,12,28,18,622.189728903016
2007,12,29,0,642.17850800678
2007,12,29,6,589.398501461369
2007,12,29,12,561.868210522621
2007,12,29,18,534.337919583874
2007,12,30,0,555.466543572827
2007,12,30,6,577.932864705773
2007,12,30,12,570.394609948741
2007,12,30,18,564.112730984548
2007,12,31,0,538.409903832439
2007,12,31,6,501.933104862999
2007,12,31,12,488.333932071144
2007,12,31,18,471.02589397242
2008,1,1,0,456.596817160476
2008,1,1,6,438.195849375028
2008,1,1,12,431.93590866967
2008,1,1,18,426.927956105384
2008,1,2,0,426.021601519076
2008,1,2,6,456.93390519408
2008,1,2,12,551.383930290062
2008,1,2,18,579.46366748076
2008,1,3,0,556.473267738454
2008,1,3,6,546.321859760698
2008,1,3,12,553.909663368486
2008,1,3,18,638.640136988779
2008,1,4,0,785.123877958406
2008,1,4,6,844.688367868934
2008,1,4,12,853.593215120565
2008,1,4,18,955.36289799634
2008,1,5,0,1091.50898586945
2008,1,5,6,1131.70829413438
2008,1,5,12,1122.90611851333
2008,1,5,18,1031.11200132243
2008,1,6,0,943.717720130802
2008,1,6,6,827.069617121895
2008,1,6,12,762.974803276383
2008,1,6,18,709.97332259644
2008,1,7,0,668.286128302453
2008,1,7,6,627.487912887115
2008,1,7,12,591.453953533202
2008,1,7,18,557.905094824386
2008,1,8,0,537.242774645712
2008,1,8,6,525.25602704423
2008,1,8,12,511.564519230281
2008,1,8,18,517.787931872985
2008,1,9,0,541.65704264336
2008,1,9,6,608.763170677681
2008,1,9,12,573.399335036654
2008,1,9,18,539.298493525664
2008,1,10,0,524.158676870624
2008,1,10,6,578.171165600852
2008,1,10,12,806.091647363325
2008,1,10,18,932.284908452153
2008,1,11,0,1225.11528124474
2008,1,11,6,1555.52741544679
2008,1,11,12,1757.8724450984
2008,1,11,18,1631.40680156614
2008,1,12,0,1409.54190756763
2008,1,12,6,1209.25966320733
2008,1,12,12,1134.21913476822
2008,1,12,18,1088.70274866581
2008,1,13,0,1294.64047956795
2008,1,13,6,1448.52123245143
2008,1,13,12,1360.35037482395
2008,1,13,18,1238.17075782587
2008,1,14,0,1131.66212323905
2008,1,14,6,1039.32344820052
2008,1,14,12,976.56237041063
2008,1,14,18,1267.7737713557
2008,1,15,0,1278.41646027683
2008,1,15,6,1149.87186260633
2008,1,15,12,1024.69904511877
2008,1,15,18,930.205839760509
2008,1,16,0,868.225117433843
2008,1,16,6,815.509826239246
2008,1,16,12,775.849773899343
2008,1,16,18,728.753461745709
2008,1,17,0,693.567461708974
2008,1,17,6,658.167003365873
2008,1,17,12,636.976020302957
2008,1,17,18,614.538508824575
2008,1,18,0,586.953329331885
2008,1,18,6,565.612466512148
2008,1,18,12,538.203932892616
2008,1,18,18,525.745508520102
2008,1,19,0,512.369344800343
2008,1,19,6,506.460293246614
2008,1,19,12,498.975658371048
2008,1,19,18,518.93468470589
2008,1,20,0,486.73407634051
2008,1,20,6,464.491498987277
2008,1,20,12,453.253801431133
2008,1,20,18,442.016103874989
2008,1,21,0,430.791616804463
2008,1,21,6,415.82029080548
2008,1,21,12,394.592227911507
2008,1,21,18,389.597389583513
2008,1,22,0,395.441025294356
2008,1,22,6,366.192354962719
2008,1,22,12,352.397437481247
2008,1,22,18,371.208688592346
2008,1,23,0,390.709638861441
2008,1,23,6,351.380952432997
2008,1,23,12,337.625826181171
2008,1,23,18,356.382816524569
2008,1,24,0,364.025551456245
2008,1,24,6,339.301898340286
2008,1,24,12,335.573306050832
2008,1,24,18,339.301898340286
2008,1,25,0,332.902061755903
2008,1,25,6,326.385899579351
2008,1,25,12,307.483241302554
2008,1,25,18,307.483241302554
2008,1,26,0,329.324959575992
2008,1,26,6,305.916664998837
2008,1,26,12,305.916664998837
2008,1,26,18,319.70799006026
2008,1,27,0,332.485768941005
2008,1,27,6,322.749816692647
2008,1,27,12,309.042295520373
2008,1,27,18,304.057742366818
2008,1,28,0,300.668827717618
2008,1,28,6,292.275206191063
2008,1,28,12,283.531930792185
2008,1,28,18,279.784812764095
2008,1,29,0,292.613305910664
2008,1,29,6,289.195658434753
2008,1,29,12,296.707233978512
2008,1,29,18,301.714951007686
2008,1,30,0,296.73351980377
2008,1,30,6,293.003328599207
2008,1,30,12,284.238271760769
2008,1,30,18,293.003328599207
2008,1,31,0,297.300897767752
2008,1,31,6,311.666170150833
2008,1,31,12,297.84226744253
2008,1,31,18,302.86914115464
2008,2,1,0,302.643026685422
2008,2,1,6,306.181405958015
2008,2,1,12,319.984666062679
2008,2,1,18,328.768558856557
2008,2,2,0,332.419560011003
2008,2,2,6,317.36248760855
2008,2,2,12,303.672341084259
2008,2,2,18,299.938664759453
2008,2,3,0,300.429980479878
2008,2,3,6,288.435310681639
2008,2,3,12,279.694846721589
2008,2,3,18,270.95438276154
2008,2,4,0,275.769150692771
2008,2,4,6,275.589230985659
2008,2,4,12,266.860160320955
2008,2,4,18,263.119130036082
2008,2,5,0,267.269688567697
2008,2,5,6,271.443579444501
2008,2,5,12,297.172828680947
2008,2,5,18,385.938738546684
2008,2,6,0,408.627923712768
2008,2,6,6,356.007861139251
2008,2,6,12,342.410338665182
2008,2,6,18,337.465785038248
2008,2,7,0,355.100902614987
2008,2,7,6,485.594017009946
2008,2,7,12,594.077786767487
2008,2,7,18,767.135228999755
2008,2,8,0,800.682838280758
2008,2,8,6,967.71784720386
2008,2,8,12,1139.98175717732
2008,2,8,18,1205.84736981423
2008,2,9,0,998.551080411834
2008,2,9,6,850.728355421616
2008,2,9,12,802.643709245612
2008,2,9,18,818.671924637613
2008,2,10,0,850.530811420186
2008,2,10,6,1191.81182167828
2008,2,10,12,1497.90556822953
2008,2,10,18,1589.08242890437
2008,2,11,0,1613.21849172602
2008,2,11,6,1340.48724670819
2008,2,11,12,1169.87977894533
2008,2,11,18,1051.67317628106
2008,2,12,0,991.568321261503
2008,2,12,6,948.977677242032
2008,2,12,12,931.287014816748
2008,2,12,18,983.095383347937
2008,2,13,0,1046.7493664213
2008,2,13,6,1044.94792374852
2008,2,13,12,934.064501729663
2008,2,13,18,838.951270677234
2008,2,14,0,801.836545220558
2008,2,14,6,773.364161825142
2008,2,14,12,719.640964800132
2008,2,14,18,682.159664550126
2008,2,15,0,649.071601529358
2008,2,15,6,617.515360454679
2008,2,15,12,589.052728610074
2008,2,15,18,569.252636892088
2008,2,16,0,598.590738251454
2008,2,16,6,593.228924158937
2008,2,16,12,565.810780605373
2008,2,16,18,552.101708828591
2008,2,17,0,537.959938923968
2008,2,17,6,517.619035146067
2008,2,17,12,497.710610717372
2008,2,17,18,491.489228083405
2008,2,18,0,486.228203939537
2008,2,18,6,475.946113236893
2008,2,18,12,464.703291664368
2008,2,18,18,464.703291664368
2008,2,19,0,470.367031467945
2008,2,19,6,471.033859123746
2008,2,19,12,477.297607250392
2008,2,19,18,477.297607250392
2008,2,20,0,495.773170745913
2008,2,20,6,502.998327984285
2008,2,20,12,516.830782003853
2008,2,20,18,530.66323602342
2008,2,21,0,541.261245869259
2008,2,21,6,546.777033252345
2008,2,21,12,539.286936906423
2008,2,21,18,533.045189951487
2008,2,22,0,528.870200236967
2008,2,22,6,523.390400301448
2008,2,22,12,517.099650297825
2008,2,22,18,523.390400301448
2008,2,23,0,551.524141614798
2008,2,23,6,579.703688373464
2008,2,23,12,586.004815421002
2008,2,23,18,579.703688373464
2008,2,24,0,596.641691290317
2008,2,24,6,587.187084964039
2008,2,24,12,573.473586164454
2008,2,24,18,552.279997110551
2008,2,25,0,546.331502470547
2008,2,25,6,532.888690542622
2008,2,25,12,526.648776133458
2008,2,25,18,519.160878842461
2008,2,26,0,534.485250999543
2008,2,26,6,549.892541669167
2008,2,26,12,542.359767125754
2008,2,26,18,542.359767125754
2008,2,27,0,564.756683858618
2008,2,27,6,579.672713577463
2008,2,27,12,593.534452380402
2008,2,27,18,607.396191183341
2008,2,28,0,643.279502569041
2008,2,28,6,671.54269648032
2008,2,28,12,694.178967148196
2008,2,28,18,716.815237816072
2008,2,29,0,772.461323532831
2008,2,29,6,798.023468220772
2008,2,29,12,814.438507915186
2008,2,29,18,871.259799165083
2008,3,1,0,1694.50560927498
2008,3,1,6,2051.59921992414
2008,3,1,12,1747.6585947502
2008,3,1,18,1507.03893315415
2008,3,2,0,1319.30516320785
2008,3,2,6,1164.24113928028
2008,3,2,12,1055.39926806605
2008,3,2,18,968.570359569311
2008,3,3,0,910.955476067656
2008,3,3,6,861.931863872264
2008,3,3,12,861.931863872264
2008,3,3,18,870.676100172418
2008,3,4,0,903.535892143254
2008,3,4,6,893.941017575975
2008,3,4,12,827.861695495743
2008,3,4,18,780.484068343878
2008,3,5,0,754.804095049706
2008,3,5,6,714.367481956113
2008,3,5,12,677.160842270899
2008,3,5,18,647.395530522727
2008,3,6,0,627.930677994514
2008,3,6,6,614.591000185469
2008,3,6,12,600.878016408512
2008,3,6,18,579.685223298668
2008,3,7,0,581.061314899417
2008,3,7,6,589.950624495936
2008,3,7,12,589.950624495936
2008,3,7,18,589.950624495936
2008,3,8,0,668.517191140051
2008,3,8,6,908.627662628057
2008,3,8,12,1004.60945797609
2008,3,8,18,1031.48436067354
2008,3,9,0,1036.75778330489
2008,3,9,6,980.44237316493
2008,3,9,12,904.255131428547
2008,3,9,18,838.059659100215
2008,3,10,0,801.844111335051
2008,3,10,6,798.106607285882
2008,3,10,12,1024.54615632978
2008,3,10,18,1744.69816476448
2008,3,11,0,2002.71847043357
2008,3,11,6,2316.92670429142
2008,3,11,12,2266.28349764024
2008,3,11,18,2127.0146793495
2008,3,12,0,1810.22637246652
2008,3,12,6,1585.14728442962
2008,3,12,12,1422.88811358249
2008,3,12,18,1298.07336677701
2008,3,13,0,1200.08281211898
2008,3,13,6,1126.82414342959
2008,3,13,12,1054.20658751968
2008,3,13,18,1000.36943400027
2008,3,14,0,983.678754609235
2008,3,14,6,958.179136737661
2008,3,14,12,933.095913262853
2008,3,14,18,915.537656830487
2008,3,15,0,907.239916869638
2008,3,15,6,881.426833563046
2008,3,15,12,847.6221112531
2008,3,15,18,815.069415695373
2008,3,16,0,807.707899692126
2008,3,16,6,799.091097423714
2008,3,16,12,752.748823748671
2008,3,16,18,721.43647667094
2008,3,17,0,727.525402416621
2008,3,17,6,741.071321405095
2008,3,17,12,718.61461469585
2008,3,17,18,703.643476889686
2008,3,18,0,727.020107171101
2008,3,18,6,712.931534269546
2008,3,18,12,697.922449337555
2008,3,18,18,675.40882193957
2008,3,19,0,651.211066652425
2008,3,19,6,628.375761787211
2008,3,19,12,607.222518321107
2008,3,19,18,592.290817050916
2008,3,20,0,632.583935883859
2008,3,20,6,680.933635635806
2008,3,20,12,636.799048140893
2008,3,20,18,621.667189571208
2008,3,21,0,608.538538273573
2008,3,21,6,630.770125336755
2008,3,21,12,609.280962750131
2008,3,21,18,601.696552425441
2008,3,22,0,577.40286071106
2008,3,22,6,552.153745575397
2008,3,22,12,538.443381689778
2008,3,22,18,525.979414521033
2008,3,23,0,527.852213865915
2008,3,23,6,536.004367175744
2008,3,23,12,677.850956147311
2008,3,23,18,842.292576990455
2008,3,24,0,940.667039341677
2008,3,24,6,838.63454173431
2008,3,24,12,766.144521733431
2008,3,24,18,712.401920698296
2008,3,25,0,667.068372740682
2008,3,25,6,630.520585387602
2008,3,25,12,601.803806251137
2008,3,25,18,580.578360802445
2008,3,26,0,576.563130786483
2008,3,26,6,592.634141354441
2008,3,26,12,598.925374277524
2008,3,26,18,606.474853785224
2008,3,27,0,576.57163268199
2008,3,27,6,553.126876324814
2008,3,27,12,553.126876324814
2008,3,27,18,539.392348921714
2008,3,28,0,520.641511009677
2008,3,28,6,489.252678987183
2008,3,28,12,482.980208743758
2008,3,28,18,477.962232549018
2008,3,29,0,476.521201975657
2008,3,29,6,457.624683829951
2008,3,29,12,452.636948856328
2008,3,29,18,457.624683829951
2008,3,30,0,464.832681636708
2008,3,30,6,443.267640953909
2008,3,30,12,426.989450749387
2008,3,30,18,426.989450749387
2008,3,31,0,427.431395068774
2008,3,31,6,432.892480052167
2008,3,31,12,427.873436805185
2008,3,31,18,427.873436805185
2008,4,1,0,421.93062847561
2008,4,1,6,404.76694053394
2008,4,1,12,394.772695088658
2008,4,1,18,394.772695088658
2008,4,2,0,395.658436007927
2008,4,2,6,381.486164792831
2008,4,2,12,376.466609992926
2008,4,2,18,371.44705519302
2008,4,3,0,381.42527325782
2008,4,3,6,381.364385767726
2008,4,3,12,371.328480879101
2008,4,3,18,366.310528434789
2008,4,4,0,376.373793817783
2008,4,4,6,381.419833974825
2008,4,4,12,396.475880052778
2008,4,4,18,411.531926130732
2008,4,5,0,410.906990549312
2008,4,5,6,410.281992008718
2008,4,5,12,400.275114154847
2008,4,5,18,395.271675227911
2008,4,6,0,393.668098480519
2008,4,6,6,401.992732993516
2008,4,6,12,455.343620396976
2008,4,6,18,450.380747150143
2008,4,7,0,507.713852050365
2008,4,7,6,531.872392913541
2008,4,7,12,579.766115498172
2008,4,7,18,593.630087825303
2008,4,8,0,590.485970604448
2008,4,8,6,614.783088263341
2008,4,8,12,587.348548827654
2008,4,8,18,559.914009391968
2008,4,9,0,534.433394857049
2008,4,9,6,516.291302973604
2008,4,9,12,489.911455376413
2008,4,9,18,472.324890311619
2008,4,10,0,466.180091870129
2008,4,10,6,465.061144989631
2008,4,10,12,458.810323148373
2008,4,10,18,458.810323148373
2008,4,11,0,465.62308632322
2008,4,11,6,466.185265336727
2008,4,11,12,454.906589562451
2008,4,11,18,443.627913788175
2008,4,12,0,452.002540834934
2008,4,12,6,461.087103536328
2008,4,12,12,471.978924879706
2008,4,12,18,530.068638711054
2008,4,13,0,990.199327489272
2008,4,13,6,1247.07380021065
2008,4,13,12,1217.89506429524
2008,4,13,18,1188.71632837984
2008,4,14,0,1230.89059762354
2008,4,14,6,1253.76629507873
2008,4,14,12,1168.33933308939
2008,4,14,18,1066.58074601387
2008,4,15,0,1019.62337393941
2008,4,15,6,949.030422014018
2008,4,15,12,897.697641931466
2008,4,15,18,863.893128218565
2008,4,16,0,823.210590563007
2008,4,16,6,766.336307704911
2008,4,16,12,720.081098267583
2008,4,16,18,697.578563946721
2008,4,17,0,690.195958732513
2008,4,17,6,682.810785324791
2008,4,17,12,660.300539654743
2008,4,17,18,667.803954878092
2008,4,18,0,728.517039705264
2008,4,18,6,775.561116496754
2008,4,18,12,784.331597620304
2008,4,18,18,736.720414378177
2008,4,19,0,699.926700810282
2008,4,19,6,663.047769291785
2008,4,19,12,634.165006614302
2008,4,19,18,619.095739130398
2008,4,20,0,597.397882828731
2008,4,20,6,569.453593088228
2008,4,20,12,549.384743992608
2008,4,20,18,535.587410239369
2008,4,21,0,522.33332224821
2008,4,21,6,502.766162347954
2008,4,21,12,483.912431259906
2008,4,21,18,472.600192607077
2008,4,22,0,466.681717596608
2008,4,22,6,459.530738540965
2008,4,22,12,448.261592364211
2008,4,22,18,438.24457354043
2008,4,23,0,448.234991956823
2008,4,23,6,459.476129062517
2008,4,23,12,465.736021829036
2008,4,23,18,459.476129062517
2008,4,24,0,469.533818972581
2008,4,24,6,505.690943672405
2008,4,24,12,538.075092774579
2008,4,24,18,657.647335613374
2008,4,25,0,666.435880602006
2008,4,25,6,645.24376172016
2008,4,25,12,595.224865462783
2008,4,25,18,561.462110489054
2008,4,26,0,539.02277011419
2008,4,26,6,531.617456647715
2008,4,26,12,511.697364595341
2008,4,26,18,498.002301309334
2008,4,27,0,566.459481146439
2008,4,27,6,638.960152858866
2008,4,27,12,667.719611793805
2008,4,27,18,727.739352179765
2008,4,28,0,915.46001540943
2008,4,28,6,1076.59302208043
2008,4,28,12,1295.43319245659
2008,4,28,18,1685.32085232217
2008,4,29,0,1891.00966697807
2008,4,29,6,2007.59709042775
2008,4,29,12,1857.96252468158
2008,4,29,18,1621.04112891682
2008,4,30,0,1463.55732059405
2008,4,30,6,1355.24624176524
2008,4,30,12,1223.48619048251
2008,4,30,18,1148.19473260666
2008,5,1,0,1071.94660218124
2008,5,1,6,998.504230088301
2008,5,1,12,938.518994738816
2008,5,1,18,887.281606211131
2008,5,2,0,854.123845877516
2008,5,2,6,821.016733921346
2008,5,2,12,796.061817996685
2008,5,2,18,772.354647868257
2008,5,3,0,829.533850140196
2008,5,3,6,871.842911315253
2008,5,3,12,880.598865948261
2008,5,3,18,913.120983156577
2008,5,4,0,1053.32120139653
2008,5,4,6,1134.74762360367
2008,5,4,12,1098.46572604633
2008,5,4,18,1117.23222478289
2008,5,5,0,1513.7489989499
2008,5,5,6,1551.19603054832
2008,5,5,12,1463.62851269479
2008,5,5,18,1463.62851269479
2008,5,6,0,1753.03377707784
2008,5,6,6,1729.64972202067
2008,5,6,12,1591.77909200453
2008,5,6,18,1516.57693017755
2008,5,7,0,1796.58648457111
2008,5,7,6,1788.26476552202
2008,5,7,12,1649.73721326327
2008,5,7,18,1523.80307484623
2008,5,8,0,1505.43373302058
2008,5,8,6,1437.17778151262
2008,5,8,12,1349.69739481186
2008,5,8,18,1262.21700811109
2008,5,9,0,1217.35338472998
2008,5,9,6,1178.80736102855
2008,5,9,12,1113.94177079206
2008,5,9,18,1067.7874085084
2008,5,10,0,1189.26241157
2008,5,10,6,1219.75935371395
2008,5,10,12,1172.22001479997
2008,5,10,18,1144.69723963925
2008,5,11,0,1195.71466513471
2008,5,11,6,1550.99926930381
2008,5,11,12,1639.2675204024
2008,5,11,18,1513.17001883298
2008,5,12,0,1420.71301745449
2008,5,12,6,1328.77706567255
2008,5,12,12,1232.25269392086
2008,5,12,18,1147.0103915947
2008,5,13,0,1122.50655072038
2008,5,13,6,1098.20254014447
2008,5,13,12,1089.51619236932
2008,5,13,18,1154.04334727046
2008,5,14,0,1451.91335364203
2008,5,14,6,1893.63266620271
2008,5,14,12,2423.84981273946
2008,5,14,18,2865.69743485343
2008,5,15,0,3118.41946653768
2008,5,15,6,2805.46965282421
2008,5,15,12,2479.83478240711
2008,5,15,18,2680.22547189456
2008,5,16,0,3594.41647348583
2008,5,16,6,3278.97445625189
2008,5,16,12,2862.79692911223
2008,5,16,18,3480.75749971355
2008,5,17,0,4413.32359170131
2008,5,17,6,4050.94310598865
2008,5,17,12,3851.51206077075
2008,5,17,18,4973.31169012145
2008,5,18,0,5404.09862842672
2008,5,18,6,4464.931438043
2008,5,18,12,3897.35540778329
2008,5,18,18,4036.09621518011
2008,5,19,0,4366.10077023862
2008,5,19,6,3898.4837249499
2008,5,19,12,3516.03753674279
2008,5,19,18,3688.75517012665
2008,5,20,0,4387.3661605918
2008,5,20,6,4558.69100006174
2008,5,20,12,5331.13586396109
2008,5,20,18,5799.66799452299
2008,5,21,0,4712.07518173077
2008,5,21,6,3852.7140169033
2008,5,21,12,3403.85413143884
2008,5,21,18,3129.55086809944
2008,5,22,0,3071.03715910823
2008,5,22,6,2862.3773408516
2008,5,22,12,2599.88858907045
2008,5,22,18,2387.39769477142
2008,5,23,0,2370.60096981002
2008,5,23,6,2266.67306316961
2008,5,23,12,2104.76784437178
2008,5,23,18,2042.49660637262
2008,5,24,0,2235.3130568461
2008,5,24,6,2266.36359283276
2008,5,24,12,2153.67148048196
2008,5,24,18,2479.2264717176
2008,5,25,0,3303.63856772746
2008,5,25,6,3039.01174065267
2008,5,25,12,2813.89975986359
2008,5,25,18,3214.09883682196
2008,5,26,0,3811.2723416653
2008,5,26,6,3421.09088977521
2008,5,26,12,2959.11876232381
2008,5,26,18,2821.77569740583
2008,5,27,0,3133.8846810611
2008,5,27,6,3020.4956653875
2008,5,27,12,2705.86070024297
2008,5,27,18,2894.64167932969
2008,5,28,0,3370.13682582234
2008,5,28,6,3040.70111717679
2008,5,28,12,2676.31957834155
2008,5,28,18,2688.88445899104
2008,5,29,0,3263.49133709539
2008,5,29,6,2946.64131476965
2008,5,29,12,2633.16883447501
2008,5,29,18,2382.3908502393
2008,5,30,0,2253.65921853653
2008,5,30,6,2087.79431440011
2008,5,30,12,1900.26787897495
2008,5,30,18,1762.7484929965
2008,5,31,0,1975.20514537767
2008,5,31,6,1912.62766461268
2008,5,31,12,1775.11848611111
2008,5,31,18,1725.11514847418
2008,6,1,0,2128.00404038661
2008,6,1,6,2130.86686581502
2008,6,1,12,2055.65979996273
2008,6,1,18,1942.84920118429
2008,6,2,0,1844.70120080379
2008,6,2,6,1771.44897544925
2008,6,2,12,1658.37776425036
2008,6,2,18,1557.87002096246
2008,6,3,0,1505.72886820603
2008,6,3,6,1478.77852339803
2008,6,3,12,1516.37458755221
2008,6,3,18,1779.54703663152
2008,6,4,0,2070.31157304577
2008,6,4,6,2060.27896991297
2008,6,4,12,2173.34305972527
2008,6,4,18,2047.71629326716
2008,6,5,0,1899.04455137593
2008,6,5,6,1741.22898739184
2008,6,5,12,1618.60722771635
2008,6,5,18,1753.49116335938
2008,6,6,0,2202.07464763885
2008,6,6,6,3726.80439231929
2008,6,6,12,3024.83781157422
2008,6,6,18,2552.60574816389
2008,6,7,0,2334.27729380839
2008,6,7,6,2120.40730192988
2008,6,7,12,1945.78552412389
2008,6,7,18,1920.83955586589
2008,6,8,0,1923.11954560912
2008,6,8,6,1800.37520732911
2008,6,8,12,1675.34915126458
2008,6,8,18,1575.32830641297
2008,6,9,0,1601.1787927436
2008,6,9,6,1564.47565530384
2008,6,9,12,1489.38082384926
2008,6,9,18,1702.14951297058
2008,6,10,0,2613.41509158117
2008,6,10,6,2371.29188182065
2008,6,10,12,1992.89424110459
2008,6,10,18,1803.69542074656
2008,6,11,0,1683.05189357893
2008,6,11,6,1600.89457889373
2008,6,11,12,1600.89457889373
2008,6,11,18,1613.40156779133
2008,6,12,0,1611.61611649307
2008,6,12,6,1584.87224124458
2008,6,12,12,1485.03776935516
2008,6,12,18,1435.12053341045
2008,6,13,0,1602.01216251943
2008,6,13,6,1719.64655175377
2008,6,13,12,1857.72036247852
2008,6,13,18,2020.89850242596
2008,6,14,0,2330.77660001588
2008,6,14,6,2001.59417017288
2008,6,14,12,1701.35504464695
2008,6,14,18,1538.72551832041
2008,6,15,0,1613.8360835337
2008,6,15,6,1601.37610348576
2008,6,15,12,1463.75784459246
2008,6,15,18,1426.22559216701
2008,6,16,0,1827.52168910543
2008,6,16,6,1765.85482374023
2008,6,16,12,1565.47413452148
2008,6,16,18,1552.95034144531
2008,6,17,0,2130.52245981837
2008,6,17,6,1918.80054492502
2008,6,17,12,1667.97694428123
2008,6,17,18,1492.40042383057
2008,6,18,0,1437.72310730472
2008,6,18,6,1433.21396309177
2008,6,18,12,1370.90031252256
2008,6,18,18,1321.0493920672
2008,6,19,0,1433.50305168607
2008,6,19,6,1408.85665342692
2008,6,19,12,1296.64683147256
2008,6,19,18,1225.58061090147
2008,6,20,0,1324.91166894446
2008,6,20,6,1378.36566978196
2008,6,20,12,1340.77387878791
2008,6,20,18,1491.14104276412
2008,6,21,0,2077.43860238235
2008,6,21,6,1937.31307761413
2008,6,21,12,1799.82634307377
2008,6,21,18,1837.32272522114
2008,6,22,0,2003.15342098458
2008,6,22,6,1968.88016296702
2008,6,22,12,1818.39250719884
2008,6,22,18,1692.98612739202
2008,6,23,0,1865.06486244869
2008,6,23,6,1674.17004643918
2008,6,23,12,1449.2815327384
2008,6,23,18,1349.33108220471
2008,6,24,0,1513.25553062168
2008,6,24,6,1489.72407282682
2008,6,24,12,1339.49979657537
2008,6,24,18,1314.46241720013
2008,6,25,0,1521.31107539717
2008,6,25,6,1428.40580642709
2008,6,25,12,1291.77568581232
2008,6,25,18,1254.51292564466
2008,6,26,0,1650.85628643474
2008,6,26,6,1536.25465164486
2008,6,26,12,1359.96313424299
2008,6,26,18,1247.89209818037
2008,6,27,0,1382.86379464422
2008,6,27,6,1330.3788926236
2008,6,27,12,1214.91204533929
2008,6,27,18,1233.73816174434
2008,6,28,0,1880.04902439989
2008,6,28,6,1764.83846796567
2008,6,28,12,1639.67261917378
2008,6,28,18,2140.33601434134
2008,6,29,0,2660.54986404216
2008,6,29,6,2290.10220409198
2008,6,29,12,2101.35751694154
2008,6,29,18,2554.34476610259
2008,6,30,0,2885.50784606919
2008,6,30,6,2464.16200622685
2008,6,30,12,2163.95952831089
2008,6,30,18,2414.12825990752
2008,7,1,0,2768.2480818721
2008,7,1,6,2295.47750546628
2008,7,1,12,1969.34408938911
2008,7,1,18,2107.3236115756
2008,7,2,0,2422.21680213388
2008,7,2,6,2021.69309695827
2008,7,2,12,1757.99399735502
2008,7,2,18,1896.1220971472
2008,7,3,0,2157.03941401785
2008,7,3,6,1928.81256448977
2008,7,3,12,1903.76305066522
2008,7,3,18,2454.85235480516
2008,7,4,0,2100.72604229463
2008,7,4,6,1735.26114587317
2008,7,4,12,1523.03496256494
2008,7,4,18,1435.6477106145
2008,7,5,0,1436.43424191424
2008,7,5,6,1312.24490818906
2008,7,5,12,1199.76677320143
2008,7,5,18,1162.27406153888
2008,7,6,0,1224.39337947147
2008,7,6,6,1362.77512929584
2008,7,6,12,1250.47236401127
2008,7,6,18,1116.71850872853
2008,7,7,0,1054.54700824589
2008,7,7,6,1001.90511216006
2008,7,7,12,907.432669822383
2008,7,7,18,857.710331749923
2008,7,8,0,1106.27101042436
2008,7,8,6,1040.79862995135
2008,7,8,12,910.070299619297
2008,7,8,18,859.790172568507
2008,7,9,0,1217.80740234379
2008,7,9,6,1096.70037327636
2008,7,9,12,961.973691369851
2008,7,9,18,919.163343848156
2008,7,10,0,1222.79042152293
2008,7,10,6,1043.05232603919
2008,7,10,12,886.906768248894
2008,7,10,18,789.471940187748
2008,7,11,0,802.813292007771
2008,7,11,6,767.671930520919
2008,7,11,12,692.020900211103
2008,7,11,18,626.291316499296
2008,7,12,0,746.305858854099
2008,7,12,6,754.72369912937
2008,7,12,12,671.418117841614
2008,7,12,18,627.900276870398
2008,7,13,0,876.716598883736
2008,7,13,6,811.996101752759
2008,7,13,12,710.964328723614
2008,7,13,18,637.37328417152
2008,7,14,0,844.325018960427
2008,7,14,6,771.897548713081
2008,7,14,12,665.901924091737
2008,7,14,18,593.575497879526
2008,7,15,0,723.837204491315
2008,7,15,6,677.263183134919
2008,7,15,12,584.232526110892
2008,7,15,18,523.452496855194
2008,7,16,0,635.820337578527
2008,7,16,6,630.304966298028
2008,7,16,12,546.680347007002
2008,7,16,18,493.01081522321
2008,7,17,0,623.099411023008
2008,7,17,6,615.886760340403
2008,7,17,12,539.681704801327
2008,7,17,18,480.966334140071
2008,7,18,0,582.511217303893
2008,7,18,6,570.298752625821
2008,7,18,12,502.465861344336
2008,7,18,18,449.70694590318
2008,7,19,0,470.486877086552
2008,7,19,6,492.340379902389
2008,7,19,12,452.454576973588
2008,7,19,18,420.047362093937
2008,7,20,0,446.896923377482
2008,7,20,6,487.578356296078
2008,7,20,12,447.571927061528
2008,7,20,18,410.065899654138
2008,7,21,0,469.660508399514
2008,7,21,6,499.197545721226
2008,7,21,12,441.789827963285
2008,7,21,18,404.350012034193
2008,7,22,0,456.674873305827
2008,7,22,6,494.576031765096
2008,7,22,12,437.509566561431
2008,7,22,18,410.878549466388
2008,7,23,0,404.270351890564
2008,7,23,6,412.804513461933
2008,7,23,12,392.667707927205
2008,7,23,18,372.530902392477
2008,7,24,0,355.76230987328
2008,7,24,6,347.891437973238
2008,7,24,12,334.272911931581
2008,7,24,18,324.368529355831
2008,7,25,0,326.395228469916
2008,7,25,6,376.059364996467
2008,7,25,12,357.256396746644
2008,7,25,18,342.214022146785
2008,7,26,0,378.07926991712
2008,7,26,6,410.509848292936
2008,7,26,12,375.033688563917
2008,7,26,18,345.892557357937
2008,7,27,0,334.815300872459
2008,7,27,6,356.369842198335
2008,7,27,12,356.369842198335
2008,7,27,18,356.369842198335
2008,7,28,0,352.441733109474
2008,7,28,6,348.484754487703
2008,7,28,12,329.613738901727
2008,7,28,18,306.968520198555
2008,7,29,0,292.491825370376
2008,7,29,6,311.710933264098
2008,7,29,12,299.29217098266
2008,7,29,18,290.599037385653
2008,7,30,0,349.042050974327
2008,7,30,6,841.110614664251
2008,7,30,12,550.387004868926
2008,7,30,18,434.843006104118
2008,7,31,0,376.761919698467
2008,7,31,6,342.452786566171
2008,7,31,12,320.199536897611
2008,7,31,18,306.600328766825
2008,8,1,0,339.878535550249
2008,8,1,6,654.417756820029
2008,8,1,12,590.480389774394
2008,8,1,18,495.201176137761
2008,8,2,0,428.155827156859
2008,8,2,6,433.839046153629
2008,8,2,12,510.546819531517
2008,8,2,18,484.139225417818
2008,8,3,0,431.997701686518
2008,8,3,6,398.988105028194
2008,8,3,12,369.063997151079
2008,8,3,18,336.646213617539
2008,8,4,0,324.353511379539
2008,8,4,6,329.551757978963
2008,8,4,12,315.715615468395
2008,8,4,18,303.137304095153
2008,8,5,0,293.710646143336
2008,8,5,6,319.392300460535
2008,8,5,12,301.857036905839
2008,8,5,18,289.331848652485
2008,8,6,0,289.78746215544
2008,8,6,6,311.603319631011
2008,8,6,12,294.012809651841
2008,8,6,18,281.44815966672
2008,8,7,0,280.627242407437
2008,8,7,6,304.789810323699
2008,8,7,12,292.298424654695
2008,8,7,18,279.807038985691
2008,8,8,0,280.068393227644
2008,8,8,6,292.844627441883
2008,8,8,12,276.57548147289
2008,8,8,18,267.81517210497
2008,8,9,0,259.751071181877
2008,8,9,6,270.408132606286
2008,8,9,12,279.130975593585
2008,8,9,18,304.053384128727
2008,8,10,0,387.628862736325
2008,8,10,6,631.996010891951
2008,8,10,12,860.064136561655
2008,8,10,18,593.526688489832
2008,8,11,0,450.903885197042
2008,8,11,6,372.308195873749
2008,8,11,12,335.077376286374
2008,8,11,18,307.774775255632
2008,8,12,0,284.136766528238
2008,8,12,6,282.786105585432
2008,8,12,12,270.161725871797
2008,8,12,18,262.587098043615
2008,8,13,0,248.986162208118
2008,8,13,6,256.779335373541
2008,8,13,12,248.011260507127
2008,8,13,18,244.253514135807
2008,8,14,0,236.771017329708
2008,8,14,6,240.562810507335
2008,8,14,12,236.804016593158
2008,8,14,18,233.045222678981
2008,8,15,0,226.055074140455
2008,8,15,6,241.688341509144
2008,8,15,12,237.911961173064
2008,8,15,18,234.135580836984
2008,8,16,0,230.123709080435
2008,8,16,6,237.425559858965
2008,8,16,12,233.656900178664
2008,8,16,18,226.119580818061
2008,8,17,0,219.045147880286
2008,8,17,6,228.229780209816
2008,8,17,12,224.488308403098
2008,8,17,18,221.993993865286
2008,8,18,0,214.986439754945
2008,8,18,6,222.978282331715
2008,8,18,12,219.22022139354
2008,8,18,18,225.483656290499
2008,8,19,0,233.107069896142
2008,8,19,6,229.451475599857
2008,8,19,12,233.212975199854
2008,8,19,18,257.035805999839
2008,8,20,0,271.256439366377
2008,8,20,6,445.306094978259
2008,8,20,12,1104.49936943426
2008,8,20,18,760.877343388049
2008,8,21,0,1970.69152682981
2008,8,21,6,2928.3707460345
2008,8,21,12,4133.40826542038
2008,8,21,18,3278.22034843686
2008,8,22,0,1796.6698965588
2008,8,22,6,1247.41686557798
2008,8,22,12,960.881506356111
2008,8,22,18,787.972237860153
2008,8,23,0,657.16996851656
2008,8,23,6,583.231982348014
2008,8,23,12,535.570013898069
2008,8,23,18,482.890996137603
2008,8,24,0,427.745012182021
2008,8,24,6,396.38095959513
2008,8,24,12,380.906627839164
2008,8,24,18,685.631930110495
2008,8,25,0,1485.82012614749
2008,8,25,6,1270.6451596852
2008,8,25,12,951.738139215188
2008,8,25,18,763.632826359829
2008,8,26,0,647.831262839588
2008,8,26,6,582.339627478889
2008,8,26,12,527.938473319502
2008,8,26,18,488.373997567221
2008,8,27,0,513.317872221536
2008,8,27,6,979.655090431349
2008,8,27,12,1693.07146235497
2008,8,27,18,1512.13252744681
2008,8,28,0,1136.37563359427
2008,8,28,6,957.114204798494
2008,8,28,12,1127.4905553909
2008,8,28,18,1378.04401214443
2008,8,29,0,1386.6507582134
2008,8,29,6,1190.94259669624
2008,8,29,12,1125.06616238874
2008,8,29,18,1289.1114007623
2008,8,30,0,2123.85986871806
2008,8,30,6,1471.97746143547
2008,8,30,12,1197.37326274751
2008,8,30,18,1024.1994437551
2008,8,31,0,909.255317285061
2008,8,31,6,816.477228070934
2008,8,31,12,753.767763549357
2008,8,31,18,699.8376240608
2008,9,1,0,662.417558190031
2008,9,1,6,633.758446109938
2008,9,1,12,597.364396729367
2008,9,1,18,555.950478468718
2008,9,2,0,522.66129697444
2008,9,2,6,496.842070797353
2008,9,2,12,479.232478414662
2008,9,2,18,456.591573922631
2008,9,3,0,439.423276209469
2008,9,3,6,427.328657659152
2008,9,3,12,417.303351907618
2008,9,3,18,401.012230061374
2008,9,4,0,385.715609788183
2008,9,4,6,380.451050429015
2008,9,4,12,370.439180680883
2008,9,4,18,360.427310932751
2008,9,5,0,347.377391980826
2008,9,5,6,343.067464736111
2008,9,5,12,339.297492596154
2008,9,5,18,334.270863076211
2008,9,6,0,334.613189181019
2008,9,6,6,329.918709352592
2008,9,6,12,326.141014207333
2008,9,6,18,316.067160486644
2008,9,7,0,306.142616768019
2008,9,7,6,305.033953938143
2008,9,7,12,301.28353647169
2008,9,7,18,292.532562383301
2008,9,8,0,280.778794395251
2008,9,8,6,277.756794482023
2008,9,8,12,277.756794482023
2008,9,8,18,268.959067959968
2008,9,9,0,264.528190057525
2008,9,9,6,260.116597652034
2008,9,9,12,260.116597652034
2008,9,9,18,252.613234258225
2008,9,10,0,243.75958917886
2008,9,10,6,243.659875843976
2008,9,10,12,243.659875843976
2008,9,10,18,236.16264889493
2008,9,11,0,233.003786994765
2008,9,11,6,229.826405045406
2008,9,11,12,229.826405045406
2008,9,11,18,226.058759061055
2008,9,12,0,219.106996158502
2008,9,12,6,218.435311502163
2008,9,12,12,218.435311502163
2008,9,12,18,214.690706162126
2008,9,13,0,211.129610381076
2008,9,13,6,207.562053903905
2008,9,13,12,207.562053903905
2008,9,13,18,205.061306266509
2008,9,14,0,201.703450712908
2008,9,14,6,198.331196078864
2008,9,14,12,198.331196078864
2008,9,14,18,198.331196078864
2008,9,15,0,191.377299616814
2008,9,15,6,190.700480546244
2008,9,15,12,190.700480546244
2008,9,15,18,186.961255437495
2008,9,16,0,184.83031001443
2008,9,16,6,181.438482494821
2008,9,16,12,181.438482494821
2008,9,16,18,181.438482494821
2008,9,17,0,179.35442112391
2008,9,17,6,176.001870904034
2008,9,17,12,176.001870904034
2008,9,17,18,173.487558462548
2008,9,18,0,172.381198976458
2008,9,18,6,171.277430955799
2008,9,18,12,171.277430955799
2008,9,18,18,171.277430955799
2008,9,19,0,172.614775900275
2008,9,19,6,170.174423370859
2008,9,19,12,170.174423370859
2008,9,19,18,170.174423370859
2008,9,20,0,168.97897928968
2008,9,20,6,167.787307777922
2008,9,20,12,165.301569884915
2008,9,20,18,167.787307777922
2008,9,21,0,211.94882012701
2008,9,21,6,239.168768641185
2008,9,21,12,255.619530505393
2008,9,21,18,246.761427963127
2008,9,22,0,228.67937659312
2008,9,22,6,229.494905979442
2008,9,22,12,256.639464751204
2008,9,22,18,513.278929502408
2008,9,23,0,427.640091187877
2008,9,23,6,326.252887204171
2008,9,23,12,278.933766159292
2008,9,23,18,255.274205636852
2008,9,24,0,236.059370461735
2008,9,24,6,222.988850697929
2008,9,24,12,215.472372584515
2008,9,24,18,211.714133527809
2008,9,25,0,216.987627295595
2008,9,25,6,239.296020131942
2008,9,25,12,262.612042606336
2008,9,25,18,304.335451244726
2008,9,26,0,495.031439126167
2008,9,26,6,384.394128563621
2008,9,26,12,331.976747395855
2008,9,26,18,300.775925272184
2008,9,27,0,276.110435592638
2008,9,27,6,260.146145383109
2008,9,27,12,243.887011296665
2008,9,27,18,232.630687698357
2008,9,28,0,224.388051782786
2008,9,28,6,217.437741342237
2008,9,28,12,209.982733067646
2008,9,28,18,203.770226172154
2008,9,29,0,196.491583206502
2008,9,29,6,190.440139545337
2008,9,29,12,186.706019162095
2008,9,29,18,180.482485190025
2008,9,30,0,191.165227770586
2008,9,30,6,195.068282441783
2008,9,30,12,192.281592692614
2008,9,30,18,192.281592692614
2008,10,1,0,203.611254709012
2008,10,1,6,212.723841830353
2008,10,1,12,212.723841830353
2008,10,1,18,208.691162364375
2008,10,2,0,208.112855877572
2008,10,2,6,203.518522215025
2008,10,2,12,203.518522215025
2008,10,2,18,203.518522215025
2008,10,3,0,202.774139973476
2008,10,3,6,209.992812611086
2008,10,3,12,217.954625411506
2008,10,3,18,228.902118012084
2008,10,4,0,243.528960521282
2008,10,4,6,309.316474226913
2008,10,4,12,333.736195876406
2008,10,4,18,418.187733247569
2008,10,5,0,1537.98769819193
2008,10,5,6,958.559634652644
2008,10,5,12,719.645174754356
2008,10,5,18,558.111916442558
2008,10,6,0,445.371542751847
2008,10,6,6,369.528217347839
2008,10,6,12,335.856253617545
2008,10,6,18,317.72519622431
2008,10,7,0,1044.44093499108
2008,10,7,6,2662.15111768476
2008,10,7,12,2435.58506511584
2008,10,7,18,1869.16993369356
2008,10,8,0,1341.71034068086
2008,10,8,6,973.140259238232
2008,10,8,12,793.438273929861
2008,10,8,18,708.006182553749
2008,10,9,0,653.139282966212
2008,10,9,6,620.511954695975
2008,10,9,12,558.562316011107
2008,10,9,18,532.15755198149
2008,10,10,0,508.389269712232
2008,10,10,6,479.983639747116
2008,10,10,12,456.034352109006
2008,10,10,18,438.072386380424
2008,10,11,0,415.430401484134
2008,10,11,6,402.806867120647
2008,10,11,12,392.861018549766
2008,10,11,18,381.920585121798
2008,10,12,0,373.403151929076
2008,10,12,6,365.760688518012
2008,10,12,12,360.722662505367
2008,10,12,18,349.639005277549
2008,10,13,0,314.312524535673
2008,10,13,6,285.726740703339
2008,10,13,12,294.332967832957
2008,10,13,18,339.945971619936
2008,10,14,0,1493.88259273434
2008,10,14,6,1124.31422637061
2008,10,14,12,801.329412249597
2008,10,14,18,668.455912769434
2008,10,15,0,581.712394660186
2008,10,15,6,528.007361529588
2008,10,15,12,490.221523981331
2008,10,15,18,466.356784477169
2008,10,16,0,441.153285942977
2008,10,16,6,445.74400562387
2008,10,16,12,457.604156549561
2008,10,16,18,463.534232012406
2008,10,17,0,473.073420114571
2008,10,17,6,488.732556776851
2008,10,17,12,506.796593782976
2008,10,17,18,476.689865439433
2008,10,18,0,494.490494891541
2008,10,18,6,571.418827768405
2008,10,18,12,545.354109308794
2008,10,18,18,506.257031619377
2008,10,19,0,467.449128037997
2008,10,19,6,452.843976299567
2008,10,19,12,435.00767088733
2008,10,19,18,413.207742050152
2008,10,20,0,402.432421034486
2008,10,20,6,393.585212713672
2008,10,20,12,415.506414434434
2008,10,20,18,594.861701240664
2008,10,21,0,845.660273962351
2008,10,21,6,739.068568610789
2008,10,21,12,627.810934626369
2008,10,21,18,566.221887242137
2008,10,22,0,528.137576718138
2008,10,22,6,496.927861948259
2008,10,22,12,479.002608411047
2008,10,22,18,455.102270361431
2008,10,23,0,449.796697335012
2008,10,23,6,438.480400921334
2008,10,23,12,433.486318906284
2008,10,23,18,416.506440055117
2008,10,24,0,405.257056964743
2008,10,24,6,395.969084625396
2008,10,24,12,384.942097458613
2008,10,24,18,378.927377185822
2008,10,25,0,379.065831676458
2008,10,25,6,401.274401088432
2008,10,25,12,429.363609164623
2008,10,25,18,406.290331102038
2008,10,26,0,395.07745863535
2008,10,26,6,376.944779612235
2008,10,26,12,371.958737553872
2008,10,26,18,361.986653437146
2008,10,27,0,351.142175942711
2008,10,27,6,346.277421184235
2008,10,27,12,341.287832982733
2008,10,27,18,331.308656579729
2008,10,28,0,323.110172984518
2008,10,28,6,318.879774205084
2008,10,28,12,318.879774205084
2008,10,28,18,308.852108349578
2008,10,29,0,303.666058382339
2008,10,29,6,297.517423218456
2008,10,29,12,302.492630964584
2008,10,29,18,297.517423218456
2008,10,30,0,293.279975386098
2008,10,30,6,290.018688517812
2008,10,30,12,290.018688517812
2008,10,30,18,285.018366301988
2008,10,31,0,280.60662822538
2008,10,31,6,281.068482114903
2008,10,31,12,281.068482114903
2008,10,31,18,351.820203474862
2008,11,1,0,499.482910146342
2008,11,1,6,473.281414407343
2008,11,1,12,408.697170223825
2008,11,1,18,381.450692208903
2008,11,2,0,397.654543365036
2008,11,2,6,596.806180924071
2008,11,2,12,652.189794513825
2008,11,2,18,1117.22117068986
2008,11,3,0,997.913513543887
2008,11,3,6,956.169316765536
2008,11,3,12,983.751123979927
2008,11,3,18,992.945059718057
2008,11,4,0,880.35713098814
2008,11,4,6,833.231667108594
2008,11,4,12,1079.93164940353
2008,11,4,18,1089.83927921457
2008,11,5,0,969.62416470459
2008,11,5,6,830.141590397313
2008,11,5,12,743.806864995992
2008,11,5,18,684.036670487386
2008,11,6,0,690.433641424859
2008,11,6,6,735.818314268872
2008,11,6,12,858.454699980351
2008,11,6,18,6310.41596379454
2008,11,7,0,6779.97894776189
2008,11,7,6,4004.59046407596
2008,11,7,12,5282.2455169002
2008,11,7,18,6388.27526412118
2008,11,8,0,4190.06921662063
2008,11,8,6,3412.35125346109
2008,11,8,12,3190.24555057309
2008,11,8,18,3452.73410853164
2008,11,9,0,2499.16495893577
2008,11,9,6,2135.40253925657
2008,11,9,12,2135.40253925657
2008,11,9,18,2087.09026461276
2008,11,10,0,1905.0782271664
2008,11,10,6,1767.98523801736
2008,11,10,12,1787.73926302314
2008,11,10,18,1679.09212549135
2008,11,11,0,1545.27819703646
2008,11,11,6,1536.01559889458
2008,11,11,12,1917.37119586151
2008,11,11,18,2266.94715974786
2008,11,12,0,2214.05753092517
2008,11,12,6,10079.6885064269
2008,11,12,12,12119.8659395914
2008,11,12,18,7746.61431305552
2008,11,13,0,5973.59277128336
2008,11,13,6,4254.88378981252
2008,11,13,12,3088.52310181567
2008,11,13,18,2519.3390860732
2008,11,14,0,2220.93178654249
2008,11,14,6,1881.22031126817
2008,11,14,12,1673.29596107537
2008,11,14,18,1544.5808871465
2008,11,15,0,1340.86582086994
2008,11,15,6,1272.55862062566
2008,11,15,12,1200.72063397743
2008,11,15,18,1159.67035589274
2008,11,16,0,1073.23705452385
2008,11,16,6,979.968581800141
2008,11,16,12,952.529461509737
2008,11,16,18,882.951692201927
2008,11,17,0,831.864335748512
2008,11,17,6,790.935108308277
2008,11,17,12,781.992374671625
2008,11,17,18,728.335972851717
2008,11,18,0,701.607490926477
2008,11,18,6,675.936592612551
2008,11,18,12,643.229983292589
2008,11,18,18,619.443358332617
2008,11,19,0,613.172925025437
2008,11,19,6,568.992815540751
2008,11,19,12,568.992815540751
2008,11,19,18,539.098271817069
2008,11,20,0,536.660305471135
2008,11,20,6,527.02428115669
2008,11,20,12,527.02428115669
2008,11,20,18,570.605135175417
2008,11,21,0,758.029841741834
2008,11,21,6,737.031033860406
2008,11,21,12,644.779479688797
2008,11,21,18,589.821106990817
2008,11,22,0,618.709564649763
2008,11,22,6,656.01700520472
2008,11,22,12,632.052913690392
2008,11,22,18,624.064883185616
2008,11,23,0,605.01925099777
2008,11,23,6,571.315120930206
2008,11,23,12,527.82400445801
2008,11,23,18,507.06688068719
2008,11,24,0,502.569288446047
2008,11,24,6,491.019988103206
2008,11,24,12,477.047874620595
2008,11,24,18,444.113607125868
2008,11,25,0,449.068247570714
2008,11,25,6,434.655309525977
2008,11,25,12,440.777215293948
2008,11,25,18,487.71182618173
2008,11,26,0,528.641293012456
2008,11,26,6,485.116376634869
2008,11,26,12,451.592074184492
2008,11,26,18,438.7739585417
2008,11,27,0,416.397692519279
2008,11,27,6,412.693591065254
2008,11,27,12,399.734613568036
2008,11,27,18,393.753547030858
2008,11,28,0,395.22974512219
2008,11,28,6,385.065641145142
2008,11,28,12,402.662726896399
2008,11,28,18,582.774075173965
2008,11,29,0,1103.79550475487
2008,11,29,6,1392.58254021499
2008,11,29,12,1806.00548184132
2008,11,29,18,2306.46483223108
2008,11,30,0,3006.01943713667
2008,11,30,6,2091.01126173851
2008,11,30,12,1600.64136407417
2008,11,30,18,1276.8121863713
2008,12,1,0,1137.12296664385
2008,12,1,6,1009.1107241235
2008,12,1,12,922.754133309085
2008,12,1,18,845.130231453431
2008,12,2,0,916.865081470484
2008,12,2,6,1937.22334492066
2008,12,2,12,1379.53783653441
2008,12,2,18,1359.96992395945
2008,12,3,0,1409.67937018113
2008,12,3,6,1159.20798098002
2008,12,3,12,1033.62711637385
2008,12,3,18,880.032058893998
2008,12,4,0,844.585556662045
2008,12,4,6,781.999624841949
2008,12,4,12,719.399909003267
2008,12,4,18,702.507922189654
2008,12,5,0,667.598685542262
2008,12,5,6,632.900802467316
2008,12,5,12,617.102966524294
2008,12,5,18,593.406212609761
2008,12,6,0,573.581805066091
2008,12,6,6,561.507630435232
2008,12,6,12,554.526185651846
2008,12,6,18,547.544740868459
2008,12,7,0,531.26142763614
2008,12,7,6,628.637354750467
2008,12,7,12,948.55976867534
2008,12,7,18,917.993932950034
2008,12,8,0,822.355151095059
2008,12,8,6,742.737474954928
2008,12,8,12,658.69086594687
2008,12,8,18,634.258712165458
2008,12,9,0,602.272262006672
2008,12,9,6,586.391670872753
2008,12,9,12,563.376298125187
2008,12,9,18,594.397017915384
2008,12,10,0,645.39715147455
2008,12,10,6,742.571399176659
2008,12,10,12,963.418009027289
2008,12,10,18,922.895695293229
2008,12,11,0,864.831902064889
2008,12,11,6,755.09550989002
2008,12,11,12,694.489159754111
2008,12,11,18,628.915076000504
2008,12,12,0,634.170281341792
2008,12,12,6,607.120399932398
2008,12,12,12,631.364808581945
2008,12,12,18,706.118401918047
2008,12,13,0,748.620616302092
2008,12,13,6,695.361098685514
2008,12,13,12,662.90435716271
2008,12,13,18,598.974411739007
2008,12,14,0,600.901074438625
2008,12,14,6,565.214885510539
2008,12,14,12,535.518831981089
2008,12,14,18,507.802515353602
2008,12,15,0,486.025965805041
2008,12,15,6,458.506897797419
2008,12,15,12,451.406127256309
2008,12,15,18,499.082729460907
2008,12,16,0,583.982498112284
2008,12,16,6,612.843891045561
2008,12,16,12,636.995374436519
2008,12,16,18,574.604042343211
2008,12,17,0,479.130973007395
2008,12,17,6,444.29847998999
2008,12,17,12,438.307938686754
2008,12,17,18,444.29847998999
2008,12,18,0,427.059194037898
2008,12,18,6,428.793081196743
2008,12,18,12,409.668507152757
2008,12,18,18,397.589828809187
2008,12,19,0,388.83825696797
2008,12,19,6,392.088589809025
2008,12,19,12,392.088589809025
2008,12,19,18,357.346562863921
2008,12,20,0,360.113451766605
2008,12,20,6,410.242235991401
2008,12,20,12,392.098844719054
2008,12,20,18,398.146641809836
2008,12,21,0,502.912362920251
2008,12,21,6,509.577914487712
2008,12,21,12,495.006682041617
2008,12,21,18,480.577144233372
2008,12,22,0,446.763489372547
2008,12,22,6,414.352297552719
2008,12,22,12,401.586192817885
2008,12,22,18,388.928313730618
2008,12,23,0,343.502314315654
2008,12,23,6,300.90480310042
2008,12,23,12,290.624560004448
2008,12,23,18,288.58488334019
2008,12,24,0,296.269698478609
2008,12,24,6,304.01577435613
2008,12,24,12,302.048213707119
2008,12,24,18,300.157081738656
2008,12,25,0,291.290139501472
2008,12,25,6,282.579086585965
2008,12,25,12,280.894737765717
2008,12,25,18,279.27413301127
2008,12,26,0,263.20783061411
2008,12,26,6,247.772593673604
2008,12,26,12,246.432554214313
2008,12,26,18,245.108893968226
2008,12,27,0,338.174130856919
2008,12,27,6,437.915641728321
2008,12,27,12,435.643064510599
2008,12,27,18,433.370487292877
2008,12,28,0,407.956414243632
2008,12,28,6,383.644935664267
2008,12,28,12,378.75342217341
2008,12,28,18,373.848524926747
2008,12,29,0,359.558351505081
2008,12,29,6,345.476038256645
2008,12,29,12,340.939355797875
2008,12,29,18,336.69479629968
2008,12,30,0,314.21627971962
2008,12,30,6,336.671451025625
2008,12,30,12,315.375967677619
2008,12,30,18,315.375967677619
2008,12,31,0,302.939333140371
2008,12,31,6,315.601674843102
2008,12,31,12,326.58780909397
2008,12,31,18,310.607977456344
2009,1,1,0,311.46473942381
2009,1,1,6,312.322660244381
2009,1,1,12,328.390707073674
2009,1,1,18,328.390707073674
2009,1,2,0,310.327501733983
2009,1,2,6,293.464775412827
2009,1,2,12,288.507600152476
2009,1,2,18,278.593249631772
2009,1,3,0,264.540785754691
2009,1,3,6,261.370022988026
2009,1,3,12,256.382045450087
2009,1,3,18,251.394067912147
2009,1,4,0,253.168602515935
2009,1,4,6,250.899675382864
2009,1,4,12,245.841214185629
2009,1,4,18,241.794445227841
2009,1,5,0,277.755111626845
2009,1,5,6,301.31376649776
2009,1,5,12,316.329402701967
2009,1,5,18,327.340869251719
2009,1,6,0,392.297317281675
2009,1,6,6,444.859837359462
2009,1,6,12,501.438021163284
2009,1,6,18,1364.53266820982
2009,1,7,0,7465.77236112753
2009,1,7,6,13745.340704408
2009,1,7,12,14985.5218205952
2009,1,7,18,15295.567099642
2009,1,8,0,15681.7005163692
2009,1,8,6,15431.0748147328
2009,1,8,12,10801.752370313
2009,1,8,18,8149.53638653077
2009,1,9,0,5153.48790334497
2009,1,9,6,3297.18911193764
2009,1,9,12,2952.13443743254
2009,1,9,18,2405.79786946613
2009,1,10,0,2176.27456174217
2009,1,10,6,1837.8067447216
2009,1,10,12,1778.20220164955
2009,1,10,18,1569.58630089736
2009,1,11,0,2012.53508563506
2009,1,11,6,1889.72791725156
2009,1,11,12,1731.42610219383
2009,1,11,18,1771.00155595826
2009,1,12,0,1763.15308048196
2009,1,12,6,1646.19411016678
2009,1,12,12,1566.85945425513
2009,1,12,18,1467.69113436557
2009,1,13,0,1595.35968123869
2009,1,13,6,1431.29549811422
2009,1,13,12,1451.59756191726
2009,1,13,18,1279.03001959143
2009,1,14,0,1200.79096500105
2009,1,14,6,1144.09739040017
2009,1,14,12,1084.91993917258
2009,1,14,18,1006.01667086912
2009,1,15,0,969.143888262013
2009,1,15,6,958.490812909779
2009,1,15,12,868.789779945562
2009,1,15,18,868.789779945562
2009,1,16,0,846.713717047282
2009,1,16,6,862.810156333542
2009,1,16,12,871.818615042361
2009,1,16,18,881.828013607716
2009,1,17,0,872.372749848104
2009,1,17,6,882.947752357406
2009,1,17,12,863.905746347428
2009,1,17,18,872.925643931102
2009,1,18,0,936.070496991556
2009,1,18,6,969.781022090849
2009,1,18,12,1071.80899359669
2009,1,18,18,1195.47926208861
2009,1,19,0,1469.78793682288
2009,1,19,6,1375.56964010703
2009,1,19,12,1335.69805633581
2009,1,19,18,1295.82647256459
2009,1,20,0,1316.02666075879
2009,1,20,6,1227.74539613978
2009,1,20,12,1149.16969078683
2009,1,20,18,1139.34772761771
2009,1,21,0,1091.44637531702
2009,1,21,6,1004.06191059148
2009,1,21,12,977.483801193472
2009,1,21,18,916.452587020264
2009,1,22,0,856.557303132888
2009,1,22,6,837.058195998187
2009,1,22,12,799.724614486531
2009,1,22,18,755.513794275359
2009,1,23,0,742.849447555274
2009,1,23,6,713.018835978565
2009,1,23,12,646.297799650962
2009,1,23,18,671.193708728426
2009,1,24,0,644.130084160697
2009,1,24,6,625.606107895504
2009,1,24,12,594.173710254076
2009,1,24,18,578.96448558887
2009,1,25,0,566.380925597123
2009,1,25,6,561.919876193277
2009,1,25,12,539.962083517874
2009,1,25,18,519.002372327716
2009,1,26,0,503.85077390245
2009,1,26,6,474.856442966307
2009,1,26,12,449.027431424206
2009,1,26,18,474.856442966307
2009,1,27,0,450.668346332092
2009,1,27,6,458.314672508169
2009,1,27,12,445.305740755754
2009,1,27,18,452.310550160901
2009,1,28,0,453.469885418514
2009,1,28,6,473.740445246002
2009,1,28,12,441.554257883217
2009,1,28,18,441.554257883217
2009,1,29,0,432.832068615749
2009,1,29,6,413.187726211771
2009,1,29,12,413.187726211771
2009,1,29,18,406.20146030964
2009,1,30,0,406.014168124743
2009,1,30,6,399.844081803485
2009,1,30,12,381.895968405823
2009,1,30,18,393.861377337598
2009,1,31,0,450.783064939518
2009,1,31,6,463.836543838857
2009,1,31,12,418.949136370581
2009,1,31,18,412.964148708144
2009,2,1,0,405.716979054078
2009,2,1,6,387.520816700837
2009,2,1,12,375.566447033973
2009,2,1,18,364.608274839348
2009,2,2,0,402.892435562299
2009,2,2,6,412.398045025881
2009,2,2,12,394.159310847833
2009,2,2,18,388.079732788483
2009,2,3,0,391.832783227814
2009,2,3,6,377.495256011418
2009,2,3,12,377.495256011418
2009,2,3,18,377.495256011418
2009,2,4,0,383.19632585322
2009,2,4,6,394.885599853128
2009,2,4,12,400.883862129378
2009,2,4,18,413.880097061253
2009,2,5,0,437.503853501213
2009,2,5,6,436.136942721124
2009,2,5,12,442.097812097722
2009,2,5,18,436.136942721124
2009,2,6,0,453.753428006228
2009,2,6,6,484.843445536394
2009,2,6,12,484.843445536394
2009,2,6,18,499.043881179719
2009,2,7,0,472.784592721172
2009,2,7,6,467.83838238812
2009,2,7,12,448.965921102824
2009,2,7,18,429.100172381461
2009,2,8,0,419.406494474049
2009,2,8,6,409.825952988098
2009,2,8,12,403.971296516839
2009,2,8,18,397.140863967038
2009,2,9,0,390.717599283375
2009,2,9,6,408.056227194461
2009,2,9,12,396.025085360717
2009,2,9,18,383.993943526974
2009,2,10,0,377.13143057802
2009,2,10,6,359.317873281006
2009,2,10,12,348.338716041864
2009,2,10,18,348.338716041864
2009,2,11,0,342.878294501989
2009,2,11,6,338.400822880444
2009,2,11,12,332.393707681383
2009,2,11,18,327.387778348832
2009,2,12,0,316.757023228171
2009,2,12,6,312.121492088762
2009,2,12,12,307.103461669328
2009,2,12,18,312.121492088762
2009,2,13,0,300.549897252687
2009,2,13,6,294.050137966861
2009,2,13,12,289.083074825528
2009,2,13,18,289.083074825528
2009,2,14,0,291.017851152982
2009,2,14,6,282.889880814594
2009,2,14,12,277.856253042092
2009,2,14,18,277.856253042092
2009,2,15,0,271.777066280358
2009,2,15,6,265.737985837177
2009,2,15,12,261.741925899776
2009,2,15,18,265.737985837177
2009,2,16,0,261.78732315197
2009,2,16,6,261.832723732032
2009,2,16,12,261.832723732032
2009,2,16,18,256.835916027223
2009,2,17,0,257.209913483256
2009,2,17,6,252.57280247541
2009,2,17,12,248.563710372625
2009,2,17,18,252.57280247541
2009,2,18,0,251.371387680959
2009,2,18,6,246.200518806611
2009,2,18,12,246.200518806611
2009,2,18,18,241.236798669381
2009,2,19,0,241.353033803131
2009,2,19,6,241.469304925053
2009,2,19,12,241.469304925053
2009,2,19,18,237.494501551801
2009,2,20,0,237.780692986111
2009,2,20,6,238.066852756382
2009,2,20,12,233.086374665244
2009,2,20,18,233.086374665244
2009,2,21,0,233.740059823427
2009,2,21,6,234.393560540382
2009,2,21,12,230.386833009777
2009,2,21,18,234.393560540382
2009,2,22,0,231.912222319305
2009,2,22,6,237.498917659491
2009,2,22,12,246.633491415625
2009,2,22,18,265.917591567464
2009,2,23,0,315.987336937185
2009,2,23,6,378.368132522668
2009,2,23,12,433.292538856604
2009,2,23,18,433.292538856604
2009,2,24,0,538.107089399629
2009,2,24,6,632.451313054333
2009,2,24,12,640.651654228457
2009,2,24,18,648.851995402582
2009,2,25,0,897.981770518369
2009,2,25,6,882.711247531556
2009,2,25,12,744.013632880133
2009,2,25,18,797.511284245682
2009,2,26,0,709.546747317097
2009,2,26,6,605.871353636848
2009,2,26,12,538.98315619534
2009,2,26,18,483.72768874366
2009,2,27,0,449.288694926353
2009,2,27,6,428.805929128651
2009,2,27,12,410.939015414957
2009,2,27,18,410.939015414957
2009,2,28,0,393.343534283457
2009,2,28,6,376.622663754474
2009,2,28,12,359.639678916739
2009,2,28,18,365.633673565351
2009,3,1,0,362.86357574031
2009,3,1,6,401.677288857614
2009,3,1,12,472.860605870355
2009,3,1,18,580.652485918221
2009,3,2,0,934.75867432907
2009,3,2,6,1138.82698416308
2009,3,2,12,1584.00480524502
2009,3,2,18,1615.06372299492
2009,3,3,0,1349.44482956862
2009,3,3,6,1060.67646882539
2009,3,3,12,964.251335295805
2009,3,3,18,859.147939748562
2009,3,4,0,802.408441899331
2009,3,4,6,747.375804393721
2009,3,4,12,704.10667887619
2009,3,4,18,662.804331791274
2009,3,5,0,713.015843286259
2009,3,5,6,820.762913522353
2009,3,5,12,784.463816609816
2009,3,5,18,739.089945469146
2009,3,6,0,662.350852985475
2009,3,6,6,614.863373607255
2009,3,6,12,576.495899094163
2009,3,6,18,576.495899094163
2009,3,7,0,545.939955532438
2009,3,7,6,529.696029364407
2009,3,7,12,543.767650637844
2009,3,7,18,529.696029364407
2009,3,8,0,511.739169877044
2009,3,8,6,494.006660959965
2009,3,8,12,480.146754640447
2009,3,8,18,487.076707800206
2009,3,9,0,469.801895033822
2009,3,9,6,441.168099824805
2009,3,9,12,447.197732168652
2009,3,9,18,434.133528756984
2009,3,10,0,421.198403303657
2009,3,10,6,383.295139339917
2009,3,10,12,360.277415567546
2009,3,10,18,395.304386525502
2009,3,11,0,397.048350928629
2009,3,11,6,363.458543558963
2009,3,11,12,357.400901166314
2009,3,11,18,380.621863671469
2009,3,12,0,391.988710809968
2009,3,12,6,356.038929746205
2009,3,12,12,339.946774729428
2009,3,12,18,356.038929746205
2009,3,13,0,359.962070782835
2009,3,13,6,351.889172205806
2009,3,13,12,340.954762899975
2009,3,13,18,346.918986157701
2009,3,14,0,352.512217263545
2009,3,14,6,365.106444306706
2009,3,14,12,406.006346537786
2009,3,14,18,437.928221449847
2009,3,15,0,477.405499113929
2009,3,15,6,457.978708494041
2009,3,15,12,425.980196110178
2009,3,15,18,457.978708494041
2009,3,16,0,446.719594256473
2009,3,16,6,417.220791271278
2009,3,16,12,429.31414754001
2009,3,16,18,435.360825674377
2009,3,17,0,453.488535074301
2009,3,17,6,444.471064097132
2009,3,17,12,444.471064097132
2009,3,17,18,451.462743757087
2009,3,18,0,449.702215179783
2009,3,18,6,435.059491051529
2009,3,18,12,416.230036996907
2009,3,18,18,410.283893611237
2009,3,19,0,411.15004365325
2009,3,19,6,436.894924941059
2009,3,19,12,583.190036481686
2009,3,19,18,756.35567871345
2009,3,20,0,811.971203806108
2009,3,20,6,881.114632929831
2009,3,20,12,951.644690554144
2009,3,20,18,1185.72270788701
2009,3,21,0,1711.05819740856
2009,3,21,6,1353.7617793966
2009,3,21,12,1103.06515358241
2009,3,21,18,933.594234532024
2009,3,22,0,868.105873734599
2009,3,22,6,777.759220642466
2009,3,22,12,724.155529232777
2009,3,22,18,681.677132266609
2009,3,23,0,660.70771013678
2009,3,23,6,632.940623478247
2009,3,23,12,608.942874720778
2009,3,23,18,570.946439188118
2009,3,24,0,577.633693133776
2009,3,24,6,577.321373559023
2009,3,24,12,608.284976639178
2009,3,24,18,656.228620118128
2009,3,25,0,706.695512124205
2009,3,25,6,682.213123814971
2009,3,25,12,641.200311386212
2009,3,25,18,609.190311441815
2009,3,26,0,612.097815500835
2009,3,26,6,568.556125254328
2009,3,26,12,554.417962281751
2009,3,26,18,539.269930525419
2009,3,27,0,535.413355038366
2009,3,27,6,517.630184119923
2009,3,27,12,524.598282752306
2009,3,27,18,531.56638138469
2009,3,28,0,540.997667508397
2009,3,28,6,536.433785825142
2009,3,28,12,536.433785825142
2009,3,28,18,536.433785825142
2009,3,29,0,520.399153666787
2009,3,29,6,504.472708358852
2009,3,29,12,483.536093980322
2009,3,29,18,469.578351061303
2009,3,30,0,468.426559274118
2009,3,30,6,454.378332960855
2009,3,30,12,435.52857678999
2009,3,30,18,435.52857678999
2009,3,31,0,456.702920693224
2009,3,31,6,618.390431428982
2009,3,31,12,691.554939523497
2009,3,31,18,734.651841551773
2009,4,1,0,670.101514619284
2009,4,1,6,592.710187428364
2009,4,1,12,570.027434831272
2009,4,1,18,541.427442426242
2009,4,2,0,625.569926796461
2009,4,2,6,799.345459490131
2009,4,2,12,808.486640094211
2009,4,2,18,790.204278886051
2009,4,3,0,738.355872794105
2009,4,3,6,656.311013371937
2009,4,3,12,632.336181833236
2009,4,3,18,585.385470069947
2009,4,4,0,569.579786811752
2009,4,4,6,538.875500949536
2009,4,4,12,510.985456538099
2009,4,4,18,497.040434332381
2009,4,5,0,504.617135581567
2009,4,5,6,505.221594591106
2009,4,5,12,491.243131499653
2009,4,5,18,484.253899953926
2009,4,6,0,525.945246549856
2009,4,6,6,554.629759467337
2009,4,6,12,525.701228847638
2009,4,6,18,554.629759467337
2009,4,7,0,692.134303612299
2009,4,7,6,748.427767894763
2009,4,7,12,713.124571295953
2009,4,7,18,705.055269216225
2009,4,8,0,942.648919909543
2009,4,8,6,994.86012067412
2009,4,8,12,946.111974761088
2009,4,8,18,896.368968727382
2009,4,9,0,862.670181371578
2009,4,9,6,819.459382866747
2009,4,9,12,801.338659412692
2009,4,9,18,756.036850777552
2009,4,10,0,791.660141590956
2009,4,10,6,791.042226695565
2009,4,10,12,754.857321789542
2009,4,10,18,702.590236925286
2009,4,11,0,743.357499553327
2009,4,11,6,758.88201655662
2009,4,11,12,767.868777279001
2009,4,11,18,776.855538001382
2009,4,12,0,825.439695177675
2009,4,12,6,857.724107644796
2009,4,12,12,1266.50738583805
2009,4,12,18,3016.96474837845
2009,4,13,0,4892.09751462878
2009,4,13,6,2729.48903525234
2009,4,13,12,1952.48120769876
2009,4,13,18,1504.20746103322
2009,4,14,0,1295.62137225237
2009,4,14,6,1116.74289556424
2009,4,14,12,1036.97554588108
2009,4,14,18,958.205288068959
2009,4,15,0,880.51602722937
2009,4,15,6,834.454422457729
2009,4,15,12,788.422312298677
2009,4,15,18,779.607652906517
2009,4,16,0,802.520352404921
2009,4,16,6,771.035361657448
2009,4,16,12,752.773997828719
2009,4,16,18,674.655941450267
2009,4,17,0,816.546890310351
2009,4,17,6,1034.45025470625
2009,4,17,12,2008.05049442978
2009,4,17,18,2200.74220854173
2009,4,18,0,1896.96806419983
2009,4,18,6,1606.22389467955
2009,4,18,12,1365.29031047762
2009,4,18,18,1164.51232364268
2009,4,19,0,1190.97850942358
2009,4,19,6,1087.55215007516
2009,4,19,12,1017.70935144648
2009,4,19,18,990.769986261136
2009,4,20,0,1336.95880608042
2009,4,20,6,1306.99528629894
2009,4,20,12,1197.24759050284
2009,4,20,18,1356.88060256989
2009,4,21,0,1980.7937233117
2009,4,21,6,1747.75420280462
2009,4,21,12,1608.7283003088
2009,4,21,18,1767.61504601831
2009,4,22,0,2171.01171368971
2009,4,22,6,1929.75343272352
2009,4,22,12,1791.20703242542
2009,4,22,18,1652.66063212732
2009,4,23,0,1641.74587204431
2009,4,23,6,1452.93328351502
2009,4,23,12,1275.02308553359
2009,4,23,18,1146.53238699145
2009,4,24,0,1089.27654362347
2009,4,24,6,1031.79719858294
2009,4,24,12,953.420295998278
2009,4,24,18,903.814661451021
2009,4,25,0,908.659303883894
2009,4,25,6,903.481760446793
2009,4,25,12,873.399126913603
2009,4,25,18,835.294457771563
2009,4,26,0,778.989889858293
2009,4,26,6,768.839243151238
2009,4,26,12,732.846768829464
2009,4,26,18,706.852204041516
2009,4,27,0,747.933766574176
2009,4,27,6,745.027950283897
2009,4,27,12,710.30627483791
2009,4,27,18,701.377844008942
2009,4,28,0,730.641809752717
2009,4,28,6,743.129161475549
2009,4,28,12,734.115465446869
2009,4,28,18,708.075899141797
2009,4,29,0,810.717983256532
2009,4,29,6,815.218314543949
2009,4,29,12,769.647104414163
2009,4,29,18,733.190136310334
2009,4,30,0,745.169355902519
2009,4,30,6,747.903798157374
2009,4,30,12,721.015113003913
2009,4,30,18,713.048095180665
2009,5,1,0,818.898861566425
2009,5,1,6,846.494733395163
2009,5,1,12,808.895327470047
2009,5,1,18,827.186930352536
2009,5,2,0,1087.94429450729
2009,5,2,6,1098.39176214876
2009,5,2,12,1038.47948421337
2009,5,2,18,980.564282209165
2009,5,3,0,1237.18752121666
2009,5,3,6,2282.95809072813
2009,5,3,12,1864.24961993956
2009,5,3,18,1515.32589428243
2009,5,4,0,1357.74191878778
2009,5,4,6,1309.67575850781
2009,5,4,12,1169.71041027033
2009,5,4,18,1099.72773615159
2009,5,5,0,1324.03613656027
2009,5,5,6,2339.74539910309
2009,5,5,12,3473.85779779498
2009,5,5,18,2993.64804339391
2009,5,6,0,4581.4384729683
2009,5,6,6,3062.16672558735
2009,5,6,12,2301.56402278017
2009,5,6,18,2350.95380867674
2009,5,7,0,3429.22231447319
2009,5,7,6,6347.71790665481
2009,5,7,12,3883.073077605
2009,5,7,18,3219.12793998342
2009,5,8,0,2710.92536246
2009,5,8,6,2094.4244112959
2009,5,8,12,1763.72582003865
2009,5,8,18,1563.3024313979
2009,5,9,0,1406.17435494681
2009,5,9,6,1369.595908598
2009,5,9,12,1230.65139613154
2009,5,9,18,1210.8021800649
2009,5,10,0,1371.72408941525
2009,5,10,6,1254.38563031675
2009,5,10,12,1154.83121521224
2009,5,10,18,1144.87577370179
2009,5,11,0,1360.09299102033
2009,5,11,6,1518.98801419916
2009,5,11,12,1733.07357324736
2009,5,11,18,1936.96458186469
2009,5,12,0,2101.85232342339
2009,5,12,6,2142.58501504733
2009,5,12,12,1944.19751365406
2009,5,12,18,1765.64876240011
2009,5,13,0,1633.28699957303
2009,5,13,6,1415.04692816875
2009,5,13,12,1249.14487452138
2009,5,13,18,1200.35015286039
2009,5,14,0,1437.62778239536
2009,5,14,6,2084.67322627065
2009,5,14,12,2205.52384808344
2009,5,14,18,2004.10614506213
2009,5,15,0,1813.76799888897
2009,5,15,6,1639.12334680624
2009,5,15,12,1402.01745387201
2009,5,15,18,1298.92793520495
2009,5,16,0,1506.09103395178
2009,5,16,6,1367.32529439818
2009,5,16,12,1367.32529439818
2009,5,16,18,1387.14160301265
2009,5,17,0,1610.32824266972
2009,5,17,6,1635.16800970364
2009,5,17,12,1497.2622739455
2009,5,17,18,1723.82169697673
2009,5,18,0,2197.16467955717
2009,5,18,6,1872.46959085044
2009,5,18,12,1724.64304420435
2009,5,18,18,1951.31041572835
2009,5,19,0,2065.99126593685
2009,5,19,6,2171.4173674462
2009,5,19,12,2072.26588948062
2009,5,19,18,1774.81145558388
2009,5,20,0,1817.01775238998
2009,5,20,6,1799.33242132552
2009,5,20,12,1889.80164921339
2009,5,20,18,1960.1666042373
2009,5,21,0,1764.38401617481
2009,5,21,6,1537.06666759038
2009,5,21,12,1375.27017626507
2009,5,21,18,1243.81052706327
2009,5,22,0,1443.31562401449
2009,5,22,6,1351.04262725781
2009,5,22,12,1271.56953153676
2009,5,22,18,1331.17435332755
2009,5,23,0,1609.11940270819
2009,5,23,6,1515.23069111332
2009,5,23,12,1298.76916381141
2009,5,23,18,1443.07684867935
2009,5,24,0,1876.71772110424
2009,5,24,6,1597.11599105632
2009,5,24,12,1337.58464250967
2009,5,24,18,1377.51254228608
2009,5,25,0,1818.86381105305
2009,5,25,6,1497.63379831992
2009,5,25,12,1360.59541154555
2009,5,25,18,1331.23004295104
2009,5,26,0,1642.21264902115
2009,5,26,6,1429.64086919874
2009,5,26,12,1339.66347183658
2009,5,26,18,1399.64840341136
2009,5,27,0,1619.88587575293
2009,5,27,6,1445.47326590789
2009,5,27,12,1322.45426455403
2009,5,27,18,1322.45426455403
2009,5,28,0,1559.34643849509
2009,5,28,6,1391.67806320717
2009,5,28,12,1164.66674793224
2009,5,28,18,1204.1469766757
2009,5,29,0,1639.67298215635
2009,5,29,6,1543.13928931603
2009,5,29,12,1455.23895005119
2009,5,29,18,1904.50735073813
2009,5,30,0,2234.55593040866
2009,5,30,6,1809.58773234787
2009,5,30,12,1553.88511799437
2009,5,30,18,1622.72812955108
2009,5,31,0,1953.0384517826
2009,5,31,6,1586.60177655288
2009,5,31,12,1420.1065283961
2009,5,31,18,1488.66339528418
2009,6,1,0,1856.22451902589
2009,6,1,6,1502.96356242976
2009,6,1,12,1333.75574414297
2009,6,1,18,1572.63736995962
2009,6,2,0,1805.05328613274
2009,6,2,6,1558.73565870038
2009,6,2,12,1298.94638225032
2009,6,2,18,1558.73565870038
2009,6,3,0,1922.12330957271
2009,6,3,6,1581.10689804942
2009,6,3,12,1358.13028422194
2009,6,3,18,1489.88919239272
2009,6,4,0,1779.60992353806
2009,6,4,6,1472.24440888696
2009,6,4,12,1325.99496429554
2009,6,4,18,1403.99466807763
2009,6,5,0,1815.93550259779
2009,6,5,6,1448.41384407464
2009,6,5,12,1248.63262420227
2009,6,5,18,1308.56699016398
2009,6,6,0,1532.82759710513
2009,6,6,6,1316.27149706044
2009,6,6,12,1195.69700878009
2009,6,6,18,1105.26614256983
2009,6,7,0,1072.70800070361
2009,6,7,6,1010.27833533515
2009,6,7,12,921.253808756112
2009,6,7,18,881.242785574522
2009,6,8,0,997.739925857142
2009,6,8,6,946.441201624761
2009,6,8,12,847.915776849943
2009,6,8,18,801.141080239677
2009,6,9,0,1019.26584451111
2009,6,9,6,904.028607927772
2009,6,9,12,816.736167428642
2009,6,9,18,771.584905101506
2009,6,10,0,980.032861942204
2009,6,10,6,944.003929669011
2009,6,10,12,817.938210354642
2009,6,10,18,781.210402365417
2009,6,11,0,1085.6634622199
2009,6,11,6,920.451183091889
2009,6,11,12,795.525669642936
2009,6,11,18,732.563210864663
2009,6,12,0,961.256496583198
2009,6,12,6,852.96268414074
2009,6,12,12,751.848563133446
2009,6,12,18,751.848563133446
2009,6,13,0,997.421597524352
2009,6,13,6,915.21696501544
2009,6,13,12,773.11487381326
2009,6,13,18,746.28440904082
2009,6,14,0,1165.35005431416
2009,6,14,6,1015.54760115047
2009,6,14,12,836.811223347988
2009,6,14,18,780.956105284712
2009,6,15,0,888.016340598471
2009,6,15,6,787.316854901864
2009,6,15,12,682.274580740878
2009,6,15,18,649.261294575997
2009,6,16,0,706.279811971695
2009,6,16,6,680.335858038807
2009,6,16,12,599.533505397835
2009,6,16,18,561.626228850218
2009,6,17,0,634.729108501752
2009,6,17,6,638.01022820994
2009,6,17,12,629.946907790225
2009,6,17,18,662.200189469085
2009,6,18,0,704.954996199208
2009,6,18,6,655.918662795151
2009,6,18,12,608.574157811441
2009,6,18,18,563.202340535386
2009,6,19,0,599.656190148113
2009,6,19,6,591.407557789646
2009,6,19,12,576.269139074894
2009,6,19,18,561.130720360142
2009,6,20,0,598.727965267594
2009,6,20,6,566.767645163651
2009,6,20,12,530.526730019972
2009,6,20,18,488.245662352346
2009,6,21,0,478.192287489911
2009,6,21,6,475.191093102417
2009,6,21,12,449.343878833247
2009,6,21,18,442.385013453087
2009,6,22,0,451.967954106993
2009,6,22,6,473.707310057288
2009,6,22,12,581.322346524655
2009,6,22,18,628.592502729947
2009,6,23,0,548.787232790261
2009,6,23,6,502.705984686257
2009,6,23,12,461.972891065434
2009,6,23,18,423.226777621236
2009,6,24,0,443.40195365432
2009,6,24,6,470.68463989565
2009,6,24,12,438.706065635223
2009,6,24,18,438.706065635223
2009,6,25,0,500.404212318146
2009,6,25,6,537.364035163558
2009,6,25,12,523.275839485113
2009,6,25,18,574.597123742307
2009,6,26,0,581.121907022668
2009,6,26,6,565.535155965524
2009,6,26,12,494.215447131506
2009,6,26,18,454.035329478538
2009,6,27,0,439.306251429713
2009,6,27,6,443.61816749668
2009,6,27,12,418.695798536192
2009,6,27,18,387.792061025188
2009,6,28,0,412.481548298776
2009,6,28,6,443.117570907942
2009,6,28,12,412.248706417726
2009,6,28,18,381.379841927509
2009,6,29,0,426.026486894832
2009,6,29,6,440.914511193209
2009,6,29,12,396.722623966555
2009,6,29,18,367.596152839897
2009,6,30,0,371.506614591739
2009,6,30,6,398.192145704838
2009,6,30,12,369.395207486782
2009,6,30,18,340.598269268726
2009,7,1,0,348.122389909419
2009,7,1,6,389.76963459207
2009,7,1,12,349.690494788258
2009,7,1,18,327.646967896162
2009,7,2,0,333.663282864796
2009,7,2,6,380.032209727238
2009,7,2,12,340.718532858903
2009,7,2,18,324.58984491292
2009,7,3,0,367.655652540147
2009,7,3,6,395.398403923069
2009,7,3,12,366.369154014793
2009,7,3,18,332.334861018883
2009,7,4,0,396.139134488568
2009,7,4,6,415.970617323798
2009,7,4,12,373.770699624283
2009,7,4,18,344.632661212712
2009,7,5,0,375.113882819902
2009,7,5,6,405.807417606631
2009,7,5,12,364.315886130641
2009,7,5,18,335.980206098258
2009,7,6,0,340.677363715795
2009,7,6,6,362.559219860947
2009,7,6,12,340.142924009329
2009,7,6,18,334.295194656733
2009,7,7,0,489.330588884285
2009,7,7,6,627.220299956875
2009,7,7,12,485.286920931692
2009,7,7,18,424.756509288599
2009,7,8,0,388.139523073308
2009,7,8,6,377.782338694266
2009,7,8,12,388.953321827698
2009,7,8,18,359.502548112285
2009,7,9,0,335.385420642625
2009,7,9,6,323.559581646947
2009,7,9,12,312.506304013045
2009,7,9,18,297.433652694087
2009,7,10,0,285.614749841246
2009,7,10,6,283.846361543815
2009,7,10,12,278.884012565776
2009,7,10,18,268.959314609699
2009,7,11,0,275.006253214996
2009,7,11,6,301.100654959492
2009,7,11,12,286.09563893161
2009,7,11,18,276.092294913023
2009,7,12,0,286.416368600683
2009,7,12,6,316.814308100093
2009,7,12,12,301.775654234582
2009,7,12,18,286.737000369072
2009,7,13,0,286.929822081955
2009,7,13,6,307.201168892773
2009,7,13,12,317.240422778158
2009,7,13,18,292.142288064696
2009,7,14,0,271.902337459837
2009,7,14,6,266.72726354443
2009,7,14,12,262.716327250529
2009,7,14,18,252.688986515776
2009,7,15,0,243.832577771681
2009,7,15,6,239.984365872778
2009,7,15,12,239.984365872778
2009,7,15,18,234.963772444477
2009,7,16,0,230.302357852412
2009,7,16,6,247.63113211483
2009,7,16,12,242.638568967353
2009,7,16,18,233.651955301896
2009,7,17,0,233.854357377964
2009,7,17,6,252.061159887568
2009,7,17,12,248.060189095702
2009,7,17,18,239.058004814003
2009,7,18,0,239.786936920799
2009,7,18,6,258.630661918468
2009,7,18,12,244.541832086333
2009,7,18,18,235.484727194247
2009,7,19,0,226.898611370596
2009,7,19,6,243.390920025041
2009,7,19,12,234.376441505595
2009,7,19,18,222.357136813
2009,7,20,0,212.852378994344
2009,7,20,6,216.350393493713
2009,7,20,12,216.350393493713
2009,7,20,18,208.374342120673
2009,7,21,0,200.997407019236
2009,7,21,6,209.620882232666
2009,7,21,12,209.620882232666
2009,7,21,18,205.608999319122
2009,7,22,0,205.3010011059
2009,7,22,6,212.992886725645
2009,7,22,12,212.992886725645
2009,7,22,18,204.993153890879
2009,7,23,0,196.741215077484
2009,7,23,6,208.457905692388
2009,7,23,12,204.46828070306
2009,7,23,18,200.478655713732
2009,7,24,0,192.449021860746
2009,7,24,6,200.373719321906
2009,7,24,12,196.386182618982
2009,7,24,18,192.398645916059
2009,7,25,0,189.233978666475
2009,7,25,6,223.242558597327
2009,7,25,12,223.242558597327
2009,7,25,18,206.147407713748
2009,7,26,0,201.500852643639
2009,7,26,6,204.874983370005
2009,7,26,12,204.874983370005
2009,7,26,18,200.877422718883
2009,7,27,0,193.244496815252
2009,7,27,6,201.632178303657
2009,7,27,12,197.619597640897
2009,7,27,18,197.619597640897
2009,7,28,0,189.012645604908
2009,7,28,6,196.407299744823
2009,7,28,12,196.407299744823
2009,7,28,18,192.419334267771
2009,7,29,0,184.519564109457
2009,7,29,6,188.586999364492
2009,7,29,12,188.586999364492
2009,7,29,18,181.602295684326
2009,7,30,0,177.927803044073
2009,7,30,6,185.254233472875
2009,7,30,12,182.25011076791
2009,7,30,18,178.244613827956
2009,7,31,0,170.574300825149
2009,7,31,6,170.915063452356
2009,7,31,12,174.936594357118
2009,7,31,18,170.915063452356
2009,8,1,0,163.892251594912
2009,8,1,6,163.90711815582
2009,8,1,12,167.929378724061
2009,8,1,18,163.90711815582
2009,8,2,0,156.620511151448
2009,8,2,6,156.372907730947
2009,8,2,12,160.382469467638
2009,8,2,18,156.372907730947
2009,8,3,0,153.122942722735
2009,8,3,6,152.880138673143
2009,8,3,12,152.880138673143
2009,8,3,18,152.880138673143
2009,8,4,0,145.596176074143
2009,8,4,6,145.306858726533
2009,8,4,12,145.306858726533
2009,8,4,18,145.306858726533
2009,8,5,0,142.56275840175
2009,8,5,6,136.812784861221
2009,8,5,12,139.808685259641
2009,8,5,18,139.808685259641
2009,8,6,0,136.57679432608
2009,8,6,6,132.360279088841
2009,8,6,12,136.341039362189
2009,8,6,18,136.341039362189
2009,8,7,0,133.338696358253
2009,8,7,6,134.319217885549
2009,8,7,12,131.289461091138
2009,8,7,18,134.319217885549
2009,8,8,0,130.805187154142
2009,8,8,6,130.321627558966
2009,8,8,12,130.321627558966
2009,8,8,18,130.321627558966
2009,8,9,0,127.265562372212
2009,8,9,6,127.21540599705
2009,8,9,12,130.220494327689
2009,8,9,18,127.21540599705
2009,8,10,0,119.431002926608
2009,8,10,6,114.703992541259
2009,8,10,12,117.479089134999
2009,8,10,18,132.279604301613
2009,8,11,0,311.645313137998
2009,8,11,6,364.781486090723
2009,8,11,12,267.633414077006
2009,8,11,18,215.249649755883
2009,8,12,0,193.024203476741
2009,8,12,6,179.306818477976
2009,8,12,12,168.226060032708
2009,8,12,18,161.17466829481
2009,8,13,0,149.560789213011
2009,8,13,6,144.081289379317
2009,8,13,12,141.120714940016
2009,8,13,18,144.081289379317
2009,8,14,0,159.872940826509
2009,8,14,6,191.193677197608
2009,8,14,12,207.379385320157
2009,8,14,18,184.112429893993
2009,8,15,0,170.755701271292
2009,8,15,6,159.568429253425
2009,8,15,12,152.587310473588
2009,8,15,18,149.595402425086
2009,8,16,0,145.742274859183
2009,8,16,6,139.883436579589
2009,8,16,12,139.883436579589
2009,8,16,18,136.885934367169
2009,8,17,0,132.952006540426
2009,8,17,6,130.014418213684
2009,8,17,12,130.014418213684
2009,8,17,18,130.014418213684
2009,8,18,0,126.961447220057
2009,8,18,6,123.910973327428
2009,8,18,12,123.910973327428
2009,8,18,18,123.910973327428
2009,8,19,0,121.572861877217
2009,8,19,6,122.233998177319
2009,8,19,12,122.233998177319
2009,8,19,18,122.233998177319
2009,8,20,0,121.022922807799
2009,8,20,6,116.845573969059
2009,8,20,12,119.816224154714
2009,8,20,18,119.816224154714
2009,8,21,0,118.021284521924
2009,8,21,6,119.201084176992
2009,8,21,12,119.201084176992
2009,8,21,18,119.201084176992
2009,8,22,0,118.77198307347
2009,8,22,6,118.343551085995
2009,8,22,12,118.343551085995
2009,8,22,18,115.334816736351
2009,8,23,0,113.184359721754
2009,8,23,6,113.039614003438
2009,8,23,12,113.039614003438
2009,8,23,18,113.039614003438
2009,8,24,0,112.577808729928
2009,8,24,6,109.140016166325
2009,8,24,12,112.11656206177
2009,8,24,18,109.140016166325
2009,8,25,0,106.629146074767
2009,8,25,6,107.095565620387
2009,8,25,12,107.095565620387
2009,8,25,18,107.095565620387
2009,8,26,0,106.797299837966
2009,8,26,6,106.499472734236
2009,8,26,12,109.485439259495
2009,8,26,18,106.499472734236
2009,8,27,0,104.234111303914
2009,8,27,6,104.956551704628
2009,8,27,12,104.956551704628
2009,8,27,18,102.938156479539
2009,8,28,0,102.063187167616
2009,8,28,6,101.190816468961
2009,8,28,12,101.190816468961
2009,8,28,18,101.190816468961
2009,8,29,0,98.7920661221011
2009,8,29,6,99.2712639859209
2009,8,29,12,102.176275747366
2009,8,29,18,102.176275747366
2009,8,30,0,101.960200969977
2009,8,30,6,98.8515209171942
2009,8,30,12,101.744249581774
2009,8,30,18,101.744249581774
2009,8,31,0,101.359819512151
2009,8,31,6,98.1049102317415
2009,8,31,12,100.975790551338
2009,8,31,18,100.975790551338
2009,9,1,0,98.5271458626559
2009,9,1,6,98.9496687501354
2009,9,1,12,98.9496687501354
2009,9,1,18,101.845269551098
2009,9,2,0,99.5836861518483
2009,9,2,6,100.219014948846
2009,9,2,12,100.219014948846
2009,9,2,18,100.219014948846
2009,9,3,0,99.102388067217
2009,9,3,6,105.801477094154
2009,9,3,12,125.577454121098
2009,9,3,18,154.252620810168
2009,9,4,0,145.632971172125
2009,9,4,6,137.849166232891
2009,9,4,12,124.768588415171
2009,9,4,18,115.712803772135
2009,9,5,0,113.711249943146
2009,9,5,6,110.697943878413
2009,9,5,12,113.716978711461
2009,9,5,18,115.729668600159
2009,9,6,0,109.98330702106
2009,9,6,6,108.680974968981
2009,9,6,12,125.023978723715
2009,9,6,18,210.007598248332
2009,9,7,0,906.694662398268
2009,9,7,6,2254.05391270896
2009,9,7,12,1294.19363409127
2009,9,7,18,780.830159235066
2009,9,8,0,515.046150378885
2009,9,8,6,389.740426878185
2009,9,8,12,322.645872377636
2009,9,8,18,277.258379627266
2009,9,9,0,249.680697107168
2009,9,9,6,224.850781018594
2009,9,9,12,207.937226694186
2009,9,9,18,203.957566853149
2009,9,10,0,228.823895438879
2009,9,10,6,398.938016785325
2009,9,10,12,299.452227063299
2009,9,10,18,250.704190099506
2009,9,11,0,224.98850025076
2009,9,11,6,208.203881776631
2009,9,11,12,192.264828626267
2009,9,11,18,184.295302051085
2009,9,12,0,173.483187862251
2009,9,12,6,166.644111592188
2009,9,12,12,162.652635865428
2009,9,12,18,159.659029070359
2009,9,13,0,152.60534875011
2009,9,13,6,149.545818822484
2009,9,13,12,145.557930320551
2009,9,13,18,145.557930320551
2009,9,14,0,142.071211652575
2009,9,14,6,135.635678161801
2009,9,14,12,135.635678161801
2009,9,14,18,135.635678161801
2009,9,15,0,132.114840532324
2009,9,15,6,132.554655140656
2009,9,15,12,132.554655140656
2009,9,15,18,129.564700513423
2009,9,16,0,126.536948003363
2009,9,16,6,123.510942107629
2009,9,16,12,123.510942107629
2009,9,16,18,123.510942107629
2009,9,17,0,124.397696509238
2009,9,17,6,122.255560414935
2009,9,17,12,122.255560414935
2009,9,17,18,122.255560414935
2009,9,18,0,118.068514041515
2009,9,18,6,116.917806394203
2009,9,18,12,116.917806394203
2009,9,18,18,116.917806394203
2009,9,19,0,116.425202366178
2009,9,19,6,125.128826030334
2009,9,19,12,161.323114551505
2009,9,19,18,199.585648131029
2009,9,20,0,207.498707463187
2009,9,20,6,165.401034517445
2009,9,20,12,151.535079527958
2009,9,20,18,141.63082596404
2009,9,21,0,139.36834326125
2009,9,21,6,133.075307576212
2009,9,21,12,133.075307576212
2009,9,21,18,130.07360890908
2009,9,22,0,124.18272311195
2009,9,22,6,124.295204403336
2009,9,22,12,121.28806236132
2009,9,22,18,121.28806236132
2009,9,23,0,118.074856952152
2009,9,23,6,114.872192323323
2009,9,23,12,114.872192323323
2009,9,23,18,114.872192323323
2009,9,24,0,112.691846908385
2009,9,24,6,109.522434084347
2009,9,24,12,109.522434084347
2009,9,24,18,109.522434084347
2009,9,25,0,110.173681753199
2009,9,25,6,107.803795916772
2009,9,25,12,107.803795916772
2009,9,25,18,107.803795916772
2009,9,26,0,107.003419245018
2009,9,26,6,106.205179174463
2009,9,26,12,106.205179174463
2009,9,26,18,106.205179174463
2009,9,27,0,103.765517803249
2009,9,27,6,104.304508981214
2009,9,27,12,104.304508981214
2009,9,27,18,104.304508981214
2009,9,28,0,102.407811651546
2009,9,28,6,102.517039451475
2009,9,28,12,102.517039451475
2009,9,28,18,102.517039451475
2009,9,29,0,106.488368126863
2009,9,29,6,135.002046129353
2009,9,29,12,186.243698674801
2009,9,29,18,235.514518430039
2009,9,30,0,340.000279670579
2009,9,30,6,387.047377206946
2009,9,30,12,293.622148225959
2009,9,30,18,254.609415244887
2009,10,1,0,213.418898543665
2009,10,1,6,180.879276348039
2009,10,1,12,173.955667683999
2009,10,1,18,184.341080680059
2009,10,2,0,740.302951596794
2009,10,2,6,708.152365153505
2009,10,2,12,568.651673672138
2009,10,2,18,531.380496558795
2009,10,3,0,427.254069762201
2009,10,3,6,342.900094426741
2009,10,3,12,295.913784111706
2009,10,3,18,265.922522208493
2009,10,4,0,243.291916328167
2009,10,4,6,226.608118504138
2009,10,4,12,209.562375076836
2009,10,4,18,197.53008559874
2009,10,5,0,185.302188057096
2009,10,5,6,178.102623915509
2009,10,5,12,170.0980116047
2009,10,5,18,163.093975832742
2009,10,6,0,160.109788995028
2009,10,6,6,153.12176228849
2009,10,6,12,153.12176228849
2009,10,6,18,146.116191464834
2009,10,7,0,143.170478973118
2009,10,7,6,143.22714404482
2009,10,7,12,140.222378785138
2009,10,7,18,140.222378785138
2009,10,8,0,137.485828759151
2009,10,8,6,133.732230438038
2009,10,8,12,133.732230438038
2009,10,8,18,130.715713961992
2009,10,9,0,130.153745692997
2009,10,9,6,126.602062549224
2009,10,9,12,126.602062549224
2009,10,9,18,123.611462646487
2009,10,10,0,124.215038376624
2009,10,10,6,121.79958808798
2009,10,10,12,118.779763589931
2009,10,10,18,121.79958808798
2009,10,11,0,119.02764909971
2009,10,11,6,119.275690542695
2009,10,11,12,116.243257732287
2009,10,11,18,116.243257732287
2009,10,12,0,113.445441309053
2009,10,12,6,114.665932266647
2009,10,12,12,114.665932266647
2009,10,12,18,112.67174214027
2009,10,13,0,114.556373360315
2009,10,13,6,113.371326073472
2009,10,13,12,116.463271330022
2009,10,13,18,113.371326073472
2009,10,14,0,95.0030546430444
2009,10,14,6,84.1191132057029
2009,10,14,12,92.6735992944185
2009,10,14,18,121.18855292347
2009,10,15,0,605.192137256959
2009,10,15,6,1099.98977987189
2009,10,15,12,604.31537289258
2009,10,15,18,460.592428403146
2009,10,16,0,336.859074341783
2009,10,16,6,261.354471963267
2009,10,16,12,279.588504890936
2009,10,16,18,1580.28285373138
2009,10,17,0,1444.72105269653
2009,10,17,6,6511.89227841712
2009,10,17,12,8996.0207299954
2009,10,17,18,10938.343387608
2009,10,18,0,5502.73040829559
2009,10,18,6,3048.08262115316
2009,10,18,12,2247.47864154648
2009,10,18,18,1967.74954023812
2009,10,19,0,1570.67754424968
2009,10,19,6,1288.59324130248
2009,10,19,12,1078.82224853231
2009,10,19,18,970.940023679077
2009,10,20,0,872.600285245676
2009,10,20,6,772.660498425249
2009,10,20,12,719.408214398542
2009,10,20,18,644.051208700371
2009,10,21,0,607.16455027695
2009,10,21,6,579.691847808051
2009,10,21,12,602.4442582169
2009,10,21,18,725.109427377648
2009,10,22,0,970.339313958957
2009,10,22,6,887.490560909838
2009,10,22,12,774.665427173287
2009,10,22,18,721.274962101526
2009,10,23,0,670.808570568268
2009,10,23,6,697.435335845196
2009,10,23,12,2307.53827735131
2009,10,23,18,4190.82063823894
2009,10,24,0,4617.52485718601
2009,10,24,6,2606.49950874618
2009,10,24,12,1876.67964629725
2009,10,24,18,1440.68336483425
2009,10,25,0,1214.83758973073
2009,10,25,6,1095.83556738889
2009,10,25,12,957.361800237025
2009,10,25,18,877.664668063287
2009,10,26,0,1003.41822472849
2009,10,26,6,3324.92034011422
2009,10,26,12,6973.23718747359
2009,10,26,18,4143.51774907851
2009,10,27,0,3313.23635803463
2009,10,27,6,2507.23070393104
2009,10,27,12,1997.94946719505
2009,10,27,18,1596.40079976859
2009,10,28,0,1523.59868056841
2009,10,28,6,1321.98322012266
2009,10,28,12,1223.32775593441
2009,10,28,18,1085.21010607084
2009,10,29,0,1055.36898657029
2009,10,29,6,986.095782844975
2009,10,29,12,937.777089485572
2009,10,29,18,1035.40057198722
2009,10,30,0,2066.05592765589
2009,10,30,6,2398.1252981891
2009,10,30,12,3553.84833346096
2009,10,30,18,2725.5801581828
2009,10,31,0,5938.8949827439
2009,10,31,6,9380.7958456752
2009,10,31,12,6430.72656389046
2009,10,31,18,3799.01008229833
2009,11,1,0,2999.99203833574
2009,11,1,6,2223.13378199448
2009,11,1,12,2121.62082391254
2009,11,1,18,1725.72028739298
2009,11,2,0,1579.06991476243
2009,11,2,6,1387.00620470169
2009,11,2,12,1327.98466407609
2009,11,2,18,1209.94158282488
2009,11,3,0,1211.06841711048
2009,11,3,6,1113.64091989796
2009,11,3,12,1044.65431424056
2009,11,3,18,967.783525079463
2009,11,4,0,936.758494313668
2009,11,4,6,887.933618573013
2009,11,4,12,831.05187753522
2009,11,4,18,767.421455357349
2009,11,5,0,882.456074070636
2009,11,5,6,937.971043619631
2009,11,5,12,904.648388122617
2009,11,5,18,2233.8520907257
2009,11,6,0,3124.52555268762
2009,11,6,6,3847.76225162584
2009,11,6,12,2858.04912653573
2009,11,6,18,2625.76951554519
2009,11,7,0,2372.39466584138
2009,11,7,6,2070.99396631697
2009,11,7,12,1980.95075039015
2009,11,7,18,2191.05158755274
2009,11,8,0,1941.57772133166
2009,11,8,6,1882.68849112921
2009,11,8,12,1654.78409483462
2009,11,8,18,1516.05967969879
2009,11,9,0,1471.3714664564
2009,11,9,6,1445.74546306526
2009,11,9,12,1395.19492239865
2009,11,9,18,2082.68227546465
2009,11,10,0,2521.37947529345
2009,11,10,6,2415.31374810001
2009,11,10,12,2594.96518390911
2009,11,10,18,2355.42993616365
2009,11,11,0,2747.20240670021
2009,11,11,6,2709.93603301407
2009,11,11,12,2369.97989984026
2009,11,11,18,2030.02376666645
2009,11,12,0,1832.92034115963
2009,11,12,6,1681.41528350394
2009,11,12,12,1533.05511143006
2009,11,12,18,1384.69493935618
2009,11,13,0,1368.74666624554
2009,11,13,6,1243.27713099266
2009,11,13,12,1273.11578213648
2009,11,13,18,1213.43847984884
2009,11,14,0,1171.5946610264
2009,11,14,6,1110.06872805718
2009,11,14,12,1050.60076048269
2009,11,14,18,1001.04412083728
2009,11,15,0,984.968245880819
2009,11,15,6,974.460114426978
2009,11,15,12,1149.46942296912
2009,11,15,18,1574.0482188406
2009,11,16,0,2419.10684206682
2009,11,16,6,3404.68241125694
2009,11,16,12,3932.62367123032
2009,11,16,18,5839.67679399133
2009,11,17,0,7466.84136214038
2009,11,17,6,6087.35786680851
2009,11,17,12,5236.84789797655
2009,11,17,18,3984.97367419019
2009,11,18,0,3514.88286309431
2009,11,18,6,2726.73856254485
2009,11,18,12,2503.55355564616
2009,11,18,18,2125.1094135136
2009,11,19,0,2094.28940953595
2009,11,19,6,2275.83551890059
2009,11,19,12,2913.92024382599
2009,11,19,18,3477.56175084343
2009,11,20,0,3611.07761236548
2009,11,20,6,4501.88570745892
2009,11,20,12,5563.46574327893
2009,11,20,18,4531.37404178726
2009,11,21,0,3515.47511421025
2009,11,21,6,3374.65317390959
2009,11,21,12,2511.3698038397
2009,11,21,18,2266.11884643348
2009,11,22,0,2020.24052114977
2009,11,22,6,2109.74251857633
2009,11,22,12,2028.98682408537
2009,11,22,18,2008.79790046263
2009,11,23,0,2404.6999085168
2009,11,23,6,2073.37635222529
2009,11,23,12,1828.87442389683
2009,11,23,18,1633.27288123407
2009,11,24,0,1644.26058178378
2009,11,24,6,1735.30220045478
2009,11,24,12,1665.08766055198
2009,11,24,18,1584.84247209165
2009,11,25,0,1585.26541211787
2009,11,25,6,1699.19947395359
2009,11,25,12,1740.89762055368
2009,11,25,18,1793.02030380379
2009,11,26,0,4668.52038343935
2009,11,26,6,8879.11104409356
2009,11,26,12,8805.20643373844
2009,11,26,18,5236.66953373413
2009,11,27,0,3889.47884403995
2009,11,27,6,2828.66441302314
2009,11,27,12,2339.99149117196
2009,11,27,18,1982.88435597303
2009,11,28,0,1807.45975635464
2009,11,28,6,1689.28536809928
2009,11,28,12,1480.60894027525
2009,11,28,18,1570.04169505698
2009,11,29,0,1672.65522178028
2009,11,29,6,1917.99486378851
2009,11,29,12,2109.79435016737
2009,11,29,18,2180.45731883326
2009,11,30,0,2390.86339729988
2009,11,30,6,2209.24014443005
2009,11,30,12,1989.315786161
2009,11,30,18,2469.15074965712
2009,12,1,0,2513.71090785363
2009,12,1,6,1861.06734722286
2009,12,1,12,1668.21062730339
2009,12,1,18,1465.71107138795
2009,12,2,0,1336.32024077698
2009,12,2,6,1281.30122414272
2009,12,2,12,1151.16906856573
2009,12,2,18,1131.1487369385
2009,12,3,0,1056.43710773239
2009,12,3,6,985.325571928709
2009,12,3,12,943.650170094866
2009,12,3,18,933.727455372523
2009,12,4,0,882.158806682757
2009,12,4,6,822.906795545348
2009,12,4,12,814.01584577355
2009,12,4,18,786.355113150177
2009,12,5,0,743.284860668884
2009,12,5,6,726.822162268787
2009,12,5,12,684.184572940604
2009,12,5,18,668.319423423141
2009,12,6,0,642.062910882632
2009,12,6,6,624.804219755716
2009,12,6,12,601.114960238912
2009,12,6,18,586.309173040909
2009,12,7,0,557.480442665812
2009,12,7,6,537.397687519406
2009,12,7,12,495.677349486476
2009,12,7,18,502.630739158631
2009,12,8,0,491.108073141697
2009,12,8,6,479.45190603812
2009,12,8,12,459.391156831504
2009,12,8,18,453.372932069519
2009,12,9,0,452.459714134394
2009,12,9,6,438.560498418678
2009,12,9,12,438.560498418678
2009,12,9,18,444.554491563353
2009,12,10,0,440.189592970452
2009,12,10,6,428.737105004227
2009,12,10,12,441.82063168276
2009,12,10,18,441.82063168276
2009,12,11,0,447.053417108505
2009,12,11,6,396.10785406809
2009,12,11,12,396.10785406809
2009,12,11,18,421.177971414172
2009,12,12,0,414.159494911045
2009,12,12,6,388.209140420868
2009,12,12,12,382.221338769132
2009,12,12,18,406.172545376075
2009,12,13,0,400.63362887722
2009,12,13,6,372.076664053381
2009,12,13,12,354.072954502411
2009,12,13,18,360.074191019401
2009,12,14,0,354.921786784193
2009,12,14,6,344.715894617147
2009,12,14,12,344.715894617147
2009,12,14,18,333.660865926802
2009,12,15,0,350.883226083028
2009,12,15,6,368.107487000179
2009,12,15,12,356.038389065746
2009,12,15,18,403.309022642272
2009,12,16,0,522.237655900419
2009,12,16,6,550.43646050595
2009,12,16,12,573.930699673887
2009,12,16,18,870.405622507377
2009,12,17,0,2048.09793821481
2009,12,17,6,1706.83685268195
2009,12,17,12,1254.19503539613
2009,12,17,18,990.153975312731
2009,12,18,0,849.646681870138
2009,12,18,6,820.948178499766
2009,12,18,12,784.640888050145
2009,12,18,18,775.56406543774
2009,12,19,0,780.018720506966
2009,12,19,6,830.232209449608
2009,12,19,12,840.198982672293
2009,12,19,18,849.169078572708
2009,12,20,0,836.790544953715
2009,12,20,6,1005.36563347937
2009,12,20,12,1508.55467662061
2009,12,20,18,2905.7395449001
2009,12,21,0,2803.88619641535
2009,12,21,6,4198.43559679237
2009,12,21,12,5830.6143065524
2009,12,21,18,5014.52495167238
2009,12,22,0,3108.9647156595
2009,12,22,6,2265.35077183589
2009,12,22,12,1833.39829415532
2009,12,22,18,1583.82575149543
2009,12,23,0,1365.88688810127
2009,12,23,6,1300.15590444575
2009,12,23,12,1143.7461715801
2009,12,23,18,1055.76569684317
2009,12,24,0,994.776348319622
2009,12,24,6,933.7507213579
2009,12,24,12,884.135911508915
2009,12,24,18,836.505694053889
2009,12,25,0,808.440018518632
2009,12,25,6,764.418831739273
2009,12,25,12,737.579678999403
2009,12,25,18,711.734568953602
2009,12,26,0,708.092859904364
2009,12,26,6,671.006020943746
2009,12,26,12,646.409026041116
2009,12,26,18,630.666949303433
2009,12,27,0,595.744172942726
2009,12,27,6,593.19852181268
2009,12,27,12,570.229555479866
2009,12,27,18,555.24979482803
2009,12,28,0,550.899080488304
2009,12,28,6,531.816190156541
2009,12,28,12,511.172678154162
2009,12,28,18,511.172678154162
2009,12,29,0,500.778310378372
2009,12,29,6,490.204752096576
2009,12,29,12,483.230294241544
2009,12,29,18,476.255836386511
2009,12,30,0,463.841404314231
2009,12,30,6,457.387884525154
2009,12,30,12,457.387884525154
2009,12,30,18,470.370510068444
2009,12,31,0,453.858671600979
2009,12,31,6,449.246688825025
2009,12,31,12,443.189430099295
2009,12,31,18,469.437551244128
2010,1,1,0,598.418851614567
2010,1,1,6,723.951508663784
2010,1,1,12,797.195869511
2010,1,1,18,1390.58134362105
2010,1,2,0,4457.97212917308
2010,1,2,6,4925.91205892423
2010,1,2,12,3699.26336974114
2010,1,2,18,2926.57128206675
2010,1,3,0,2278.69153023203
2010,1,3,6,1988.36682115665
2010,1,3,12,1689.14657137094
2010,1,3,18,1476.79671668431
2010,1,4,0,1412.66104298593
2010,1,4,6,1432.60938446702
2010,1,4,12,1738.09226791955
2010,1,4,18,2896.82044653259
2010,1,5,0,2772.29247901451
2010,1,5,6,2887.32895037943
2010,1,5,12,2542.42617473684
2010,1,5,18,2227.08649414932
2010,1,6,0,1994.03334403113
2010,1,6,6,1754.77020693084
2010,1,6,12,1463.92431627932
2010,1,6,18,1347.58596001871
2010,1,7,0,1273.39979049911
2010,1,7,6,1157.83337773428
2010,1,7,12,1048.9772482037
2010,1,7,18,1029.18522465269
2010,1,8,0,974.610755617122
2010,1,8,6,1009.74681696355
2010,1,8,12,1153.10593295221
2010,1,8,18,1225.82432512036
2010,1,9,0,1848.03528631863
2010,1,9,6,3601.32985518269
2010,1,9,12,2513.74875931556
2010,1,9,18,2010.99900745244
2010,1,10,0,1819.80721957517
2010,1,10,6,1548.60061195854
2010,1,10,12,1412.24584109427
2010,1,10,18,1295.3703232106
2010,1,11,0,1347.76213717093
2010,1,11,6,1698.07851898674
2010,1,11,12,4419.09590483295
2010,1,11,18,11456.9153088262
2010,1,12,0,5744.05240901649
2010,1,12,6,5314.46616841806
2010,1,12,12,6864.92510562626
2010,1,12,18,5782.52924380167
2010,1,13,0,5532.11901734442
2010,1,13,6,4808.09198263793
2010,1,13,12,3741.78126068193
2010,1,13,18,3228.01336737587
2010,1,14,0,2992.09268302331
2010,1,14,6,3308.45644272651
2010,1,14,12,3238.06375245574
2010,1,14,18,2966.54908998274
2010,1,15,0,3261.7883175289
2010,1,15,6,3624.45463676682
2010,1,15,12,4085.55389529042
2010,1,15,18,6702.02410644753
2010,1,16,0,4154.10931998991
2010,1,16,6,3063.97905669593
2010,1,16,12,2356.19058159292
2010,1,16,18,2039.54836904683
2010,1,17,0,1886.49190930442
2010,1,17,6,1869.06274545886
2010,1,17,12,1779.58633743158
2010,1,17,18,1580.74987514872
2010,1,18,0,1574.691319255
2010,1,18,6,1508.61892797654
2010,1,18,12,1548.58234328718
2010,1,18,18,1508.61892797654
2010,1,19,0,1373.67713469561
2010,1,19,6,1269.44770341062
2010,1,19,12,1190.10722194746
2010,1,19,18,1120.68430066719
2010,1,20,0,1065.84163373963
2010,1,20,6,1060.5067316288
2010,1,20,12,982.469443829697
2010,1,20,18,961.459404806862
2010,1,21,0,909.287510710604
2010,1,21,6,887.225980239734
2010,1,21,12,848.391173023854
2010,1,21,18,810.55213009556
2010,1,22,0,782.374043807147
2010,1,22,6,754.285135791233
2010,1,22,12,736.420487838283
2010,1,22,18,710.615996350688
2010,1,23,0,678.982752525208
2010,1,23,6,656.128823615102
2010,1,23,12,648.139431546729
2010,1,23,18,624.171255341611
2010,1,24,0,608.138073957045
2010,1,24,6,593.106180817702
2010,1,24,12,585.118218786487
2010,1,24,18,577.130256755272
2010,1,25,0,609.15269806997
2010,1,25,6,650.302659963082
2010,1,25,12,642.286602521318
2010,1,25,18,618.238430196027
2010,1,26,0,601.192066103164
2010,1,26,6,585.198098556101
2010,1,26,12,548.248730558531
2010,1,26,18,533.269257046003
2010,1,27,0,529.375329731458
2010,1,27,6,511.712876025873
2010,1,27,12,491.047548340213
2010,1,27,18,484.159105778326
2010,1,28,0,480.786232179447
2010,1,28,6,477.320214699586
2010,1,28,12,457.348657599185
2010,1,28,18,451.357190469065
2010,1,29,0,451.160956691487
2010,1,29,6,443.980636703816
2010,1,29,12,431.010415856289
2010,1,29,18,431.010415856289
2010,1,30,0,432.836756896077
2010,1,30,6,447.74605560217
2010,1,30,12,487.992892060792
2010,1,30,18,523.208873962086
2010,1,31,0,513.266977327085
2010,1,31,6,503.409833645466
2010,1,31,12,503.409833645466
2010,1,31,18,496.445665986339
2010,2,1,0,512.20291498317
2010,2,1,6,507.020178525801
2010,2,1,12,492.991952242479
2010,2,1,18,471.949612817495
2010,2,2,0,471.873213337881
2010,2,2,6,458.774823584312
2010,2,2,12,471.796816393474
2010,2,2,18,485.820500957186
2010,2,3,0,471.342757707655
2010,2,3,6,457.891965042432
2010,2,3,12,451.893380347553
2010,2,3,18,425.89951333641
2010,2,4,0,433.287251012778
2010,2,4,6,441.720178197657
2010,2,4,12,434.676804057831
2010,2,4,18,422.602448389558
2010,2,5,0,424.714312872937
2010,2,5,6,432.927922959848
2010,2,5,12,492.887424027057
2010,2,5,18,528.456619575402
2010,2,6,0,514.741096040073
2010,2,6,6,480.428353793434
2010,2,6,12,453.682857809057
2010,2,6,18,440.805396779543
2010,2,7,0,423.426360415109
2010,2,7,6,412.902414251331
2010,2,7,12,418.886507211495
2010,2,7,18,412.902414251331
2010,2,8,0,407.190533711745
2010,2,8,6,433.550428086851
2010,2,8,12,421.507360639994
2010,2,8,18,408.460704239233
2010,2,9,0,401.772706613897
2010,2,9,6,389.103403940108
2010,2,9,12,383.101809020723
2010,2,9,18,377.100214101338
2010,2,10,0,371.616386179422
2010,2,10,6,365.148156694057
2010,2,10,12,359.162121338416
2010,2,10,18,353.176085982776
2010,2,11,0,361.410615980174
2010,2,11,6,363.662255535729
2010,2,11,12,380.835195380471
2010,2,11,18,411.140383341782
2010,2,12,0,607.314914840119
2010,2,12,6,795.532490985348
2010,2,12,12,852.13963138583
2010,2,12,18,750.044610306389
2010,2,13,0,837.248569259356
2010,2,13,6,1089.32309845438
2010,2,13,12,1049.34793887807
2010,2,13,18,900.440469456328
2010,2,14,0,1084.53422123698
2010,2,14,6,1301.50227693442
2010,2,14,12,2464.31988501518
2010,2,14,18,2720.35311982195
2010,2,15,0,2023.1018530048
2010,2,15,6,1515.88628194829
2010,2,15,12,1231.65760408298
2010,2,15,18,1051.64610810162
2010,2,16,0,1018.53204530654
2010,2,16,6,1173.62218128007
2010,2,16,12,2964.40775099191
2010,2,16,18,2883.46829021397
2010,2,17,0,1978.46172776125
2010,2,17,6,1553.07794556456
2010,2,17,12,1357.72222914135
2010,2,17,18,1211.20544182393
2010,2,18,0,1137.53582382518
2010,2,18,6,1001.61200332155
2010,2,18,12,942.516895125581
2010,2,18,18,902.452414992719
2010,2,19,0,857.296623275867
2010,2,19,6,813.697061129554
2010,2,19,12,759.384757292023
2010,2,19,18,732.722353589962
2010,2,20,0,699.097442327434
2010,2,20,6,683.203066011489
2010,2,20,12,650.528136767461
2010,2,20,18,642.606941799212
2010,2,21,0,620.22536768675
2010,2,21,6,590.776160605936
2010,2,21,12,582.819579318314
2010,2,21,18,567.900989404023
2010,2,22,0,552.781288579015
2010,2,22,6,537.67245289993
2010,2,22,12,523.758563176087
2010,2,22,18,509.844673452244
2010,2,23,0,504.667638825379
2010,2,23,6,492.436492988514
2010,2,23,12,485.430282722418
2010,2,23,18,478.424072456321
2010,2,24,0,478.750050791388
2010,2,24,6,486.091004127643
2010,2,24,12,514.15398993295
2010,2,24,18,514.15398993295
2010,2,25,0,532.452997289998
2010,2,25,6,573.396762123507
2010,2,25,12,644.689432369769
2010,2,25,18,644.689432369769
2010,2,26,0,629.994072537189
2010,2,26,6,592.548013557104
2010,2,26,12,592.548013557104
2010,2,26,18,663.37445962201
2010,2,27,0,729.067308230043
2010,2,27,6,846.731150119432
2010,2,27,12,988.022422468293
2010,2,27,18,998.187262205621
2010,2,28,0,1101.04798847978
2010,2,28,6,1162.88794427463
2010,2,28,12,1005.20822301706
2010,2,28,18,878.078947753135
2010,3,1,0,806.604647405947
2010,3,1,6,748.255225889528
2010,3,1,12,713.383144789484
2010,3,1,18,671.53664746943
2010,3,2,0,655.043295100552
2010,3,2,6,631.542023063876
2010,3,2,12,615.578875561471
2010,3,2,18,607.597301810269
2010,3,3,0,603.521959615122
2010,3,3,6,681.220525040317
2010,3,3,12,723.670468737192
2010,3,3,18,706.488348669409
2010,3,4,0,661.71763994682
2010,3,4,6,635.691148018608
2010,3,4,12,604.347362600125
2010,3,4,18,573.983070475969
2010,3,5,0,550.240996011084
2010,3,5,6,533.91190977317
2010,3,5,12,519.914219254772
2010,3,5,18,498.917683477176
2010,3,6,0,488.269817175454
2010,3,6,6,477.737168741908
2010,3,6,12,463.946817479255
2010,3,6,18,458.036666938118
2010,3,7,0,448.290080155099
2010,3,7,6,444.366145977971
2010,3,7,12,438.374692324336
2010,3,7,18,438.374692324336
2010,3,8,0,469.478008332864
2010,3,8,6,489.521978998252
2010,3,8,12,442.758700516712
2010,3,8,18,423.854396449706
2010,3,9,0,418.252342766428
2010,3,9,6,405.662925857877
2010,3,9,12,387.72205935802
2010,3,9,18,387.72205935802
2010,3,10,0,387.533433539561
2010,3,10,6,381.370383429302
2010,3,10,12,375.395912670618
2010,3,10,18,370.417187038382
2010,3,11,0,366.099347113062
2010,3,11,6,367.756216394127
2010,3,11,12,367.756216394127
2010,3,11,18,467.231258533522
2010,3,12,0,476.41404784339
2010,3,12,6,566.124842947088
2010,3,12,12,668.964068014815
2010,3,12,18,702.565002937934
2010,3,13,0,656.276570605667
2010,3,13,6,574.106976631765
2010,3,13,12,530.020263409189
2010,3,13,18,495.730597569408
2010,3,14,0,480.009553663358
2010,3,14,6,470.886430219839
2010,3,14,12,451.891011591013
2010,3,14,18,438.894146213396
2010,3,15,0,444.645902980272
2010,3,15,6,451.389380994019
2010,3,15,12,444.39883748305
2010,3,15,18,444.39883748305
2010,3,16,0,514.980980393759
2010,3,16,6,568.112819508828
2010,3,16,12,576.18547058533
2010,3,16,18,591.321691353771
2010,3,17,0,645.778343716729
2010,3,17,6,828.802868265305
2010,3,17,12,856.966072526748
2010,3,17,18,728.219995903011
2010,3,18,0,702.244361897183
2010,3,18,6,627.158570012606
2010,3,18,12,588.02387524382
2010,3,18,18,550.896087899073
2010,3,19,0,533.598000801407
2010,3,19,6,517.423967680606
2010,3,19,12,496.527999755043
2010,3,19,18,475.63203182948
2010,3,20,0,471.234586799835
2010,3,20,6,460.73051802231
2010,3,20,12,454.694747043852
2010,3,20,18,434.575510448991
2010,3,21,0,444.763285722773
2010,3,21,6,448.830528225928
2010,3,21,12,467.697298217726
2010,3,21,18,581.890906062818
2010,3,22,0,838.399879162476
2010,3,22,6,968.208663031281
2010,3,22,12,810.82495031632
2010,3,22,18,748.070685119848
2010,3,23,0,723.391035253983
2010,3,23,6,666.476552293006
2010,3,23,12,618.369974082383
2010,3,23,18,579.283379286252
2010,3,24,0,556.349342860269
2010,3,24,6,540.47891992168
2010,3,24,12,526.492404433873
2010,3,24,18,512.505888946066
2010,3,25,0,524.696139473064
2010,3,25,6,529.846777986676
2010,3,25,12,544.730114446976
2010,3,25,18,612.201239733669
2010,3,26,0,677.747612609393
2010,3,26,6,1084.88606516238
2010,3,26,12,1114.74531466226
2010,3,26,18,1114.74531466226
2010,3,27,0,1013.49931244983
2010,3,27,6,943.340429666834
2010,3,27,12,826.290828509435
2010,3,27,18,780.661322973499
2010,3,28,0,805.914725700397
2010,3,28,6,804.387355939325
2010,3,28,12,998.072763511939
2010,3,28,18,1156.18330030591
2010,3,29,0,1516.79993540185
2010,3,29,6,1440.90769289345
2010,3,29,12,2367.92522958014
2010,3,29,18,2045.48434725434
2010,3,30,0,1734.56379024624
2010,3,30,6,1546.36827906313
2010,3,30,12,1356.81345775861
2010,3,30,18,1197.18834508113
2010,3,31,0,1104.69690946194
2010,3,31,6,1052.35576964899
2010,3,31,12,964.990384998883
2010,3,31,18,924.286058059629
2010,4,1,0,868.03881526209
2010,4,1,6,833.34866694958
2010,4,1,12,814.340714162015
2010,4,1,18,769.321878612518
2010,4,2,0,753.937968741234
2010,4,2,6,712.163267599417
2010,4,2,12,695.44120192374
2010,4,2,18,721.016125898305
2010,4,3,0,732.821605932012
2010,4,3,6,817.091273695717
2010,4,3,12,798.250576850792
2010,4,3,18,771.476955018529
2010,4,4,0,781.540320621292
2010,4,4,6,728.975434862062
2010,4,4,12,686.21152804205
2010,4,4,18,678.255452354606
2010,4,5,0,703.574828759674
2010,4,5,6,679.136084343938
2010,4,5,12,662.207472270849
2010,4,5,18,646.274660907941
2010,4,6,0,665.189207461109
2010,4,6,6,710.375921947875
2010,4,6,12,693.294747021264
2010,4,6,18,745.54304679678
2010,4,7,0,804.382528486565
2010,4,7,6,746.270602286226
2010,4,7,12,702.547690834037
2010,4,7,18,702.547690834037
2010,4,8,0,868.886411432344
2010,4,8,6,1111.60839297739
2010,4,8,12,973.408430607232
2010,4,8,18,902.305551416786
2010,4,9,0,836.468248032434
2010,4,9,6,829.66828757016
2010,4,9,12,756.166121316978
2010,4,9,18,720.925356675042
2010,4,10,0,694.012463227975
2010,4,10,6,668.159797175043
2010,4,10,12,619.931721589476
2010,4,10,18,619.931721589476
2010,4,11,0,609.941000116663
2010,4,11,6,593.014250072
2010,4,11,12,570.052418840256
2010,4,11,18,555.077311515205
2010,4,12,0,561.771000926323
2010,4,12,6,561.476343941757
2010,4,12,12,554.495288155625
2010,4,12,18,554.495288155625
2010,4,13,0,617.295247953919
2010,4,13,6,676.470782185761
2010,4,13,12,684.500108977284
2010,4,13,18,709.591755200791
2010,4,14,0,753.579363909516
2010,4,14,6,744.376870634662
2010,4,14,12,709.264754095292
2010,4,14,18,684.184670852884
2010,4,15,0,770.768077576813
2010,4,15,6,825.149613164964
2010,4,15,12,770.072879276525
2010,4,15,18,752.047766367582
2010,4,16,0,814.691461429817
2010,4,16,6,852.258605359684
2010,4,16,12,805.244339571063
2010,4,16,18,796.241607824305
2010,4,17,0,997.819385616247
2010,4,17,6,1055.05689781982
2010,4,17,12,988.369339184037
2010,4,17,18,1045.10353085925
2010,4,18,0,1145.1208564464
2010,4,18,6,1155.56627151304
2010,4,18,12,1016.10137667526
2010,4,18,18,1006.13959847256
2010,4,19,0,1219.26542273359
2010,4,19,6,1173.06589221235
2010,4,19,12,1082.83005434986
2010,4,19,18,1102.88246276374
2010,4,20,0,1343.17642754445
2010,4,20,6,1242.62871792074
2010,4,20,12,1122.37432586389
2010,4,20,18,1062.24712983547
2010,4,21,0,1082.3244885376
2010,4,21,6,1276.1741928451
2010,4,21,12,1664.13114747001
2010,4,21,18,1439.52448952927
2010,4,22,0,1278.01510417641
2010,4,22,6,1108.43443861685
2010,4,22,12,968.368632282534
2010,4,22,18,928.06192542374
2010,4,23,0,872.255068284904
2010,4,23,6,847.928329826423
2010,4,23,12,801.152940739754
2010,4,23,18,747.411004342304
2010,4,24,0,814.760903090505
2010,4,24,6,857.675600453475
2010,4,24,12,792.242602766297
2010,4,24,18,829.489078372845
2010,4,25,0,834.423397428687
2010,4,25,6,811.365718418131
2010,4,25,12,766.51134823531
2010,4,25,18,739.598726125618
2010,4,26,0,738.626599977269
2010,4,26,6,728.704929316284
2010,4,26,12,702.857278344628
2010,4,26,18,694.904154968734
2010,4,27,0,712.438817413361
2010,4,27,6,811.310188011469
2010,4,27,12,1042.13913706155
2010,4,27,18,1042.13913706155
2010,4,28,0,1160.38681776237
2010,4,28,6,1201.55152881351
2010,4,28,12,1130.8720271186
2010,4,28,18,1110.6778837772
2010,4,29,0,1073.40775559478
2010,4,29,6,978.741392865688
2010,4,29,12,937.877444691051
2010,4,29,18,888.04336155125
2010,4,30,0,877.2685900282
2010,4,30,6,876.460121298223
2010,4,30,12,916.25399740711
2010,4,30,18,1034.64077883105
2010,5,1,0,1036.02386978134
2010,5,1,6,997.5079452492
2010,5,1,12,958.605135384481
2010,5,1,18,969.577722782222
2010,5,2,0,936.589154473424
2010,5,2,6,876.020856223734
2010,5,2,12,895.466380224261
2010,5,2,18,914.911904224788
2010,5,3,0,1458.62039541888
2010,5,3,6,2687.97795446013
2010,5,3,12,2962.04629491489
2010,5,3,18,2403.36852398788
2010,5,4,0,1954.58594632833
2010,5,4,6,1797.05096296492
2010,5,4,12,1608.4102541454
2010,5,4,18,1538.91104563295
2010,5,5,0,1436.67546004685
2010,5,5,6,1295.28260107485
2010,5,5,12,1186.51841319833
2010,5,5,18,1117.3048390951
2010,5,6,0,1045.10958689107
2010,5,6,6,1021.96910485822
2010,5,6,12,973.876441100189
2010,5,6,18,922.777985857277
2010,5,7,0,1021.64460085655
2010,5,7,6,973.258028032093
2010,5,7,12,892.153192362752
2010,5,7,18,932.204963063661
2010,5,8,0,919.122646991547
2010,5,8,6,896.162770230337
2010,5,8,12,847.42583822003
2010,5,8,18,876.270144920007
2010,5,9,0,857.159972781556
2010,5,9,6,828.117562230372
2010,5,9,12,791.334429214137
2010,5,9,18,773.439932071104
2010,5,10,0,837.05608550888
2010,5,10,6,817.209921325294
2010,5,10,12,789.440652154046
2010,5,10,18,762.663142596057
2010,5,11,0,816.316583405499
2010,5,11,6,834.225837265484
2010,5,11,12,769.902374131134
2010,5,11,18,760.996048466378
2010,5,12,0,845.434693831178
2010,5,12,6,906.442775041909
2010,5,12,12,838.78294112001
2010,5,12,18,800.973033928361
2010,5,13,0,870.168239808443
2010,5,13,6,873.697269044152
2010,5,13,12,807.49288355975
2010,5,13,18,771.381400568258
2010,5,14,0,920.688044498891
2010,5,14,6,957.377817385242
2010,5,14,12,858.750966270634
2010,5,14,18,810.931886942338
2010,5,15,0,1049.19096462681
2010,5,15,6,1052.3429779664
2010,5,15,12,933.077440463539
2010,5,15,18,882.965870084187
2010,5,16,0,1102.0371527259
2010,5,16,6,1091.60469827107
2010,5,16,12,973.430978641729
2010,5,16,18,932.370618431533
2010,5,17,0,1143.14771832488
2010,5,17,6,1144.49104206234
2010,5,17,12,1026.09541702141
2010,5,17,18,1045.8280211949
2010,5,18,0,1224.02848951343
2010,5,18,6,1184.3566863388
2010,5,18,12,1154.2459231268
2010,5,18,18,1314.83666025749
2010,5,19,0,1389.08339381302
2010,5,19,6,1216.1566268513
2010,5,19,12,1078.84862059389
2010,5,19,18,1020.00233219786
2010,5,20,0,2220.91810772271
2010,5,20,6,1814.05916053335
2010,5,20,12,1453.25181368694
2010,5,20,18,1403.13968218049
2010,5,21,0,1478.16580725668
2010,5,21,6,1254.05959199303
2010,5,21,12,1084.86107561302
2010,5,21,18,1064.95536780361
2010,5,22,0,1074.08803822095
2010,5,22,6,955.00948943627
2010,5,22,12,885.445842963285
2010,5,22,18,818.863495624856
2010,5,23,0,783.272220212954
2010,5,23,6,784.450095138731
2010,5,23,12,821.330213969904
2010,5,23,18,811.362614285804
2010,5,24,0,806.442715879039
2010,5,24,6,774.252946439566
2010,5,24,12,720.890909818894
2010,5,24,18,694.713306948375
2010,5,25,0,701.842472140037
2010,5,25,6,699.911803644673
2010,5,25,12,674.879192641645
2010,5,25,18,649.846581638616
2010,5,26,0,672.882810708229
2010,5,26,6,703.734838623327
2010,5,26,12,703.734838623327
2010,5,26,18,820.194493671317
2010,5,27,0,1055.78818652757
2010,5,27,6,1046.5047408319
2010,5,27,12,937.867582021732
2010,5,27,18,849.163846846457
2010,5,28,0,925.140284239864
2010,5,28,6,2672.56487927675
2010,5,28,12,3178.73247004886
2010,5,28,18,2429.60443570614
2010,5,29,0,1873.05438603122
2010,5,29,6,1615.27490800082
2010,5,29,12,1565.72659793945
2010,5,29,18,1684.64254208675
2010,5,30,0,1835.66069565112
2010,5,30,6,1627.02770102222
2010,5,30,12,1416.11670274156
2010,5,30,18,1295.59613229547
2010,5,31,0,1246.85594813081
2010,5,31,6,1337.37364195219
2010,5,31,12,1466.15777043647
2010,5,31,18,1565.22248465516
2010,6,1,0,1855.63593029388
2010,6,1,6,1799.1181647436
2010,6,1,12,1520.80154257332
2010,6,1,18,1391.5831108514
2010,6,2,0,1361.36056302839
2010,6,2,6,2024.13459472845
2010,6,2,12,3570.78102864917
2010,6,2,18,3145.19375488575
2010,6,3,0,2758.41518479571
2010,6,3,6,2327.46678507675
2010,6,3,12,2040.2474796843
2010,6,3,18,1713.41171837565
2010,6,4,0,1559.33963239372
2010,6,4,6,1412.2979336272
2010,6,4,12,1412.2979336272
2010,6,4,18,1341.68303694584
2010,6,5,0,1308.0986429157
2010,6,5,6,1164.26629985525
2010,6,5,12,1083.97207227902
2010,6,5,18,1043.82495849091
2010,6,6,0,1067.77611210377
2010,6,6,6,1041.78496179863
2010,6,6,12,1031.86320025769
2010,6,6,18,1012.01967717581
2010,6,7,0,1160.88846424944
2010,6,7,6,1403.04398693524
2010,6,7,12,1503.98240326152
2010,6,7,18,1463.60703673101
2010,6,8,0,1377.84426558626
2010,6,8,6,1204.77520613813
2010,6,8,12,1066.52231363048
2010,6,8,18,980.608016143579
2010,6,9,0,1078.34407437528
2010,6,9,6,1342.90685756971
2010,6,9,12,1556.99345805184
2010,6,9,18,1488.87499426208
2010,6,10,0,1744.10789962157
2010,6,10,6,1765.61350006457
2010,6,10,12,1573.91832005756
2010,6,10,18,1452.84768005313
2010,6,11,0,1391.12951245484
2010,6,11,6,1369.96972846721
2010,6,11,12,1518.87948156148
2010,6,11,18,1439.46094657787
2010,6,12,0,1392.25326382406
2010,6,12,6,1305.02630780204
2010,6,12,12,1175.51988031024
2010,6,12,18,1095.82361723836
2010,6,13,0,1295.00461838036
2010,6,13,6,1195.3335508628
2010,6,13,12,1095.72242162424
2010,6,13,18,1035.9557440811
2010,6,14,0,1090.97356928099
2010,6,14,6,1015.73837830986
2010,6,14,12,926.232719231074
2010,6,14,18,837.732741714967
2010,6,15,0,845.618003799991
2010,6,15,6,824.438284955765
2010,6,15,12,787.418604684693
2010,6,15,18,751.399456312839
2010,6,16,0,731.869431031359
2010,6,16,6,766.219808903251
2010,6,16,12,721.382498889407
2010,6,16,18,696.472882215049
2010,6,17,0,699.980455322767
2010,6,17,6,711.545317601301
2010,6,17,12,711.545317601301
2010,6,17,18,728.654610952393
2010,6,18,0,700.528563971527
2010,6,18,6,680.602259499274
2010,6,18,12,647.669892104148
2010,6,18,18,615.735475236147
2010,6,19,0,731.456738459016
2010,6,19,6,776.318393070749
2010,6,19,12,705.471855913907
2010,6,19,18,663.562636750705
2010,6,20,0,697.836967170734
2010,6,20,6,689.19528689196
2010,6,20,12,673.21394690606
2010,6,20,18,648.24310317809
2010,6,21,0,656.858903812264
2010,6,21,6,657.484369223998
2010,6,21,12,617.454879469112
2010,6,21,18,601.443083567158
2010,6,22,0,598.375739929174
2010,6,22,6,611.162577652209
2010,6,22,12,580.455867916036
2010,6,22,18,557.673470369843
2010,6,23,0,607.041340288575
2010,6,23,6,650.974714650521
2010,6,23,12,610.85300650565
2010,6,23,18,595.807365951324
2010,6,24,0,813.687262803224
2010,6,24,6,775.038966689284
2010,6,24,12,687.37389076556
2010,6,24,18,630.590830224057
2010,6,25,0,680.306542688805
2010,6,25,6,689.200122469145
2010,6,25,12,624.275473251037
2010,6,25,18,600.303295078197
2010,6,26,0,740.134826411183
2010,6,26,6,696.296766502041
2010,6,26,12,606.644822317229
2010,6,26,18,546.876859527354
2010,6,27,0,616.228804696002
2010,6,27,6,625.856063977757
2010,6,27,12,556.761554514613
2010,6,27,18,527.721833146045
2010,6,28,0,571.092167752436
2010,6,28,6,600.371012171163
2010,6,28,12,593.378338152531
2010,6,28,18,585.386710702665
2010,6,29,0,614.635466526255
2010,6,29,6,612.918526614506
2010,6,29,12,574.176512776636
2010,6,29,18,516.560184504932
2010,6,30,0,506.054586132022
2010,6,30,6,495.367977521032
2010,6,30,12,474.224222382939
2010,6,30,18,442.005166934417
2010,7,1,0,414.750098989225
2010,7,1,6,418.651086432677
2010,7,1,12,405.692838519285
2010,7,1,18,393.731378906922
2010,7,2,0,389.099867942118
2010,7,2,6,384.428850916079
2010,7,2,12,373.387813422406
2010,7,2,18,361.343045247489
2010,7,3,0,348.580217156855
2010,7,3,6,351.830767678047
2010,7,3,12,346.861406552651
2010,7,3,18,335.92881207678
2010,7,4,0,326.178156169152
2010,7,4,6,332.367310051738
2010,7,4,12,332.367310051738
2010,7,4,18,327.36177827385
2010,7,5,0,337.628867194832
2010,7,5,6,347.847813723656
2010,7,5,12,358.811498396894
2010,7,5,18,358.811498396894
2010,7,6,0,363.429532284685
2010,7,6,6,384.821783485802
2010,7,6,12,368.004379066114
2010,7,6,18,345.25142014536
2010,7,7,0,392.415396972146
2010,7,7,6,463.911386430203
2010,7,7,12,425.002689503799
2010,7,7,18,400.061217115078
2010,7,8,0,533.633861723182
2010,7,8,6,527.511093394876
2010,7,8,12,478.463572377136
2010,7,8,18,458.444176043365
2010,7,9,0,609.528617576098
2010,7,9,6,586.448996103202
2010,7,9,12,520.39842657622
2010,7,9,18,471.360882533461
2010,7,10,0,594.054659070781
2010,7,10,6,555.676430845817
2010,7,10,12,498.70960250371
2010,7,10,18,464.729389106664
2010,7,11,0,527.714514244448
2010,7,11,6,528.736173876375
2010,7,11,12,466.531918126213
2010,7,11,18,427.403434670466
2010,7,12,0,466.942543422303
2010,7,12,6,467.353329476707
2010,7,12,12,441.221745462956
2010,7,12,18,390.968699282664
2010,7,13,0,365.969673527414
2010,7,13,6,352.152620986343
2010,7,13,12,336.236118342893
2010,7,13,18,325.293522775521
2010,7,14,0,310.666116863702
2010,7,14,6,306.942025186228
2010,7,14,12,301.926632617825
2010,7,14,18,291.89584748102
2010,7,15,0,295.804531719956
2010,7,15,6,336.51493264141
2010,7,15,12,320.58523168797
2010,7,15,18,299.677499186581
2010,7,16,0,326.640472658879
2010,7,16,6,366.8047864933
2010,7,16,12,332.730024906491
2010,7,16,18,306.672854281284
2010,7,17,0,300.943909581616
2010,7,17,6,326.159848198634
2010,7,17,12,310.200956543655
2010,7,17,18,290.252341974931
2010,7,18,0,285.830030810341
2010,7,18,6,316.436812473014
2010,7,18,12,301.416077703725
2010,7,18,18,276.381519754911
2010,7,19,0,285.700920139828
2010,7,19,6,309.920266521521
2010,7,19,12,289.989702758079
2010,7,19,18,270.059138994637
2010,7,20,0,270.361135488835
2010,7,20,6,295.632271451207
2010,7,20,12,280.650906343883
2010,7,20,18,265.669541236558
2010,7,21,0,269.733059294771
2010,7,21,6,303.520717156221
2010,7,21,12,288.642250628955
2010,7,21,18,268.804295259267
2010,7,22,0,296.332925533688
2010,7,22,6,319.280413384828
2010,7,22,12,294.020887009446
2010,7,22,18,278.865171184217
2010,7,23,0,271.333542182076
2010,7,23,6,263.90181592284
2010,7,23,12,254.972807113421
2010,7,23,18,246.043798304001
2010,7,24,0,238.830137263397
2010,7,24,6,263.699539535301
2010,7,24,12,258.667105574703
2010,7,24,18,240.550343316553
2010,7,25,0,243.335497753843
2010,7,25,6,279.955804179737
2010,7,25,12,261.026408167584
2010,7,25,18,242.097012155431
2010,7,26,0,238.506295187386
2010,7,26,6,261.891463214359
2010,7,26,12,247.897262889928
2010,7,26,18,233.903062565497
2010,7,27,0,226.110022529718
2010,7,27,6,252.349802299723
2010,7,27,12,243.337309360447
2010,7,27,18,230.319264003716
2010,7,28,0,233.877233974683
2010,7,28,6,256.373882296456
2010,7,28,12,242.407989875638
2010,7,28,18,229.439661199163
2010,7,29,0,229.679742933445
2010,7,29,6,242.915404018968
2010,7,29,12,229.919929729887
2010,7,29,18,221.92271478276
2010,7,30,0,212.804104147029
2010,7,30,6,221.668980089622
2010,7,30,12,212.682399815719
2010,7,30,18,204.694328461138
2010,7,31,0,197.104521431222
2010,7,31,6,205.523348133052
2010,7,31,12,205.523348133052
2010,7,31,18,201.513136462163
2010,8,1,0,193.775800425016
2010,8,1,6,198.080888560566
2010,8,1,12,194.058941584716
2010,8,1,18,190.036994608867
2010,8,2,0,185.870509134083
2010,8,2,6,185.725931326277
2010,8,2,12,185.725931326277
2010,8,2,18,182.714159466932
2010,8,3,0,177.797574019271
2010,8,3,6,180.871749836886
2010,8,3,12,183.853152306725
2010,8,3,18,180.871749836886
2010,8,4,0,179.008889475184
2010,8,4,6,183.965511134615
2010,8,4,12,180.072061163512
2010,8,4,18,177.151973685185
2010,8,5,0,226.612332319783
2010,8,5,6,261.272402355237
2010,8,5,12,216.39737141636
2010,8,5,18,196.452913221304
2010,8,6,0,193.142054147703
2010,8,6,6,197.836923315552
2010,8,6,12,193.819929948739
2010,8,6,18,182.773198190003
2010,8,7,0,177.997901967182
2010,8,7,6,181.223648996453
2010,8,7,12,177.240711655871
2010,8,7,18,184.210852001889
2010,8,8,0,192.651736570069
2010,8,8,6,217.143115514048
2010,8,8,12,234.154327328512
2010,8,8,18,230.15168925452
2010,8,9,0,212.449877638645
2010,8,9,6,203.806646896326
2010,8,9,12,191.87650171215
2010,8,9,18,187.899786650759
2010,8,10,0,188.384369052546
2010,8,10,6,184.872039065553
2010,8,10,12,181.874114107733
2010,8,10,18,173.879647553547
2010,8,11,0,170.363949676033
2010,8,11,6,163.810821389436
2010,8,11,12,163.810821389436
2010,8,11,18,160.795898296379
2010,8,12,0,156.801022383896
2010,8,12,6,156.826046013309
2010,8,12,12,156.826046013309
2010,8,12,18,156.826046013309
2010,8,13,0,150.242648310208
2010,8,13,6,149.691446999395
2010,8,13,12,152.685275939383
2010,8,13,18,149.691446999395
2010,8,14,0,145.621076190266
2010,8,14,6,145.542391338181
2010,8,14,12,145.542391338181
2010,8,14,18,142.55179425589
2010,8,15,0,139.105706411532
2010,8,15,6,141.621761412899
2010,8,15,12,141.621761412899
2010,8,15,18,141.621761412899
2010,8,16,0,139.163757272908
2010,8,16,6,139.677377785389
2010,8,16,12,142.670464452219
2010,8,16,18,139.677377785389
2010,8,17,0,136.785834152572
2010,8,17,6,136.887420182415
2010,8,17,12,139.884954930935
2010,8,17,18,136.887420182415
2010,8,18,0,131.894469927287
2010,8,18,6,130.90073271392
2010,8,18,12,143.695541174679
2010,8,18,18,130.90073271392
2010,8,19,0,129.11167422296
2010,8,19,6,127.272009516225
2010,8,19,12,130.278434937868
2010,8,19,18,130.278434937868
2010,8,20,0,127.230398476877
2010,8,20,6,124.184259355665
2010,8,20,12,130.19317513094
2010,8,20,18,121.179801468028
2010,8,21,0,121.655266629801
2010,8,21,6,119.103247529704
2010,8,21,12,119.103247529704
2010,8,21,18,119.103247529704
2010,8,22,0,115.725164812527
2010,8,22,6,118.385169424105
2010,8,22,12,118.385169424105
2010,8,22,18,118.385169424105
2010,8,23,0,117.963856373416
2010,8,23,6,114.554436319806
2010,8,23,12,117.542812919453
2010,8,23,18,112.562185253374
2010,8,24,0,112.717258551847
2010,8,24,6,109.875796500656
2010,8,24,12,112.872409132492
2010,8,24,18,109.875796500656
2010,8,25,0,110.034751427165
2010,8,25,6,107.18850187783
2010,8,25,12,110.193786977208
2010,8,25,18,110.193786977208
2010,8,26,0,106.81309458739
2010,8,26,6,106.438119703912
2010,8,26,12,109.42236605075
2010,8,26,18,114.396109962148
2010,8,27,0,120.673613536531
2010,8,27,6,123.982369753943
2010,8,27,12,117.983222830365
2010,8,27,18,120.982796292154
2010,8,28,0,121.430139171905
2010,8,28,6,118.856408365522
2010,8,28,12,115.834635271483
2010,8,28,18,113.820119875457
2010,8,29,0,109.545549633628
2010,8,29,6,108.298732419356
2010,8,29,12,108.298732419356
2010,8,29,18,105.3451306261
2010,8,30,0,110.576076945121
2010,8,30,6,112.883619750201
2010,8,30,12,118.01469337521
2010,8,30,18,112.883619750201
2010,8,31,0,97.8376486327675
2010,8,31,6,86.6866889028644
2010,8,31,12,95.5984045844673
2010,8,31,18,129.624955368769
2010,9,1,0,574.464917096579
2010,9,1,6,795.714448730271
2010,9,1,12,453.860587325624
2010,9,1,18,322.019337022808
2010,9,2,0,242.22505469923
2010,9,2,6,193.12996337034
2010,9,2,12,174.503215634114
2010,9,2,18,159.797888473936
2010,9,3,0,150.932649756736
2010,9,3,6,144.923793738882
2010,9,3,12,138.968021393448
2010,9,3,18,135.990135220731
2010,9,4,0,129.298146975543
2010,9,4,6,126.564521399871
2010,9,4,12,123.574808295937
2010,9,4,18,120.585095192003
2010,9,5,0,121.254698029362
2010,9,5,6,118.90319375762
2010,9,5,12,115.88023120446
2010,9,5,18,115.88023120446
2010,9,6,0,113.417211612046
2010,9,6,6,110.972352003293
2010,9,6,12,113.867282925118
2010,9,6,18,125.447006612418
2010,9,7,0,234.01021138035
2010,9,7,6,380.446908714532
2010,9,7,12,274.160174426138
2010,9,7,18,232.44014788303
2010,9,8,0,231.894871638361
2010,9,8,6,287.513154839411
2010,9,8,12,248.632372334438
2010,9,8,18,213.844303777356
2010,9,9,0,204.12514221927
2010,9,9,6,210.658745260941
2010,9,9,12,198.56350629859
2010,9,9,18,183.444457595652
2010,9,10,0,170.543347619358
2010,9,10,6,159.752479508063
2010,9,10,12,152.763308529585
2010,9,10,18,149.767949538809
2010,9,11,0,144.882677639112
2010,9,11,6,141.034951519747
2010,9,11,12,141.034951519747
2010,9,11,18,141.034951519747
2010,9,12,0,152.929423469217
2010,9,12,6,168.525479243824
2010,9,12,12,196.211807976738
2010,9,12,18,433.351232341262
2010,9,13,0,1210.72010581891
2010,9,13,6,898.363680592283
2010,9,13,12,610.810107212583
2010,9,13,18,461.243651260055
2010,9,14,0,368.625015918247
2010,9,14,6,313.069228272529
2010,9,14,12,278.393839065129
2010,9,14,18,249.662802293283
2010,9,15,0,229.094766677578
2010,9,15,6,209.29338589465
2010,9,15,12,201.282155812558
2010,9,15,18,193.270925730466
2010,9,16,0,203.21848402188
2010,9,16,6,270.82567818041
2010,9,16,12,393.482235327335
2010,9,16,18,347.363369840091
2010,9,17,0,309.437431084692
2010,9,17,6,357.100583881003
2010,9,17,12,503.3705970526
2010,9,17,18,475.125353129809
2010,9,18,0,387.370644534593
2010,9,18,6,424.573099435397
2010,9,18,12,965.117554735092
2010,9,18,18,694.845327085244
2010,9,19,0,507.55428307833
2010,9,19,6,1604.61310596903
2010,9,19,12,1241.46382409183
2010,9,19,18,3808.84479364228
2010,9,20,0,2742.62940954537
2010,9,20,6,2103.60068511275
2010,9,20,12,2537.00585139226
2010,9,20,18,3689.22934223291
2010,9,21,0,2677.63559743391
2010,9,21,6,1614.09123150117
2010,9,21,12,1195.98326189544
2010,9,21,18,934.422694863024
2010,9,22,0,793.419673670432
2010,9,22,6,706.292616686133
2010,9,22,12,616.382665481392
2010,9,22,18,555.443698553734
2010,9,23,0,498.327172500152
2010,9,23,6,470.198972399065
2010,9,23,12,431.265299525257
2010,9,23,18,413.295912045038
2010,9,24,0,432.158065709114
2010,9,24,6,612.22813413794
2010,9,24,12,668.915924335898
2010,9,24,18,557.601718129
2010,9,25,0,498.347643915985
2010,9,25,6,449.845572264481
2010,9,25,12,412.026696720122
2010,9,25,18,381.17445614446
2010,9,26,0,359.560882854631
2010,9,26,6,403.138845529889
2010,9,26,12,778.296331601406
2010,9,26,18,1036.3466466064
2010,9,27,0,812.872668840468
2010,9,27,6,678.586421936043
2010,9,27,12,678.586421936043
2010,9,27,18,598.926276752246
2010,9,28,0,674.932229573186
2010,9,28,6,1722.83933179497
2010,9,28,12,1947.1142743955
2010,9,28,18,1590.31322934921
2010,9,29,0,1124.53163905201
2010,9,29,6,890.848166145781
2010,9,29,12,778.1326379098
2010,9,29,18,682.225565638833
2010,9,30,0,613.057738508556
2010,9,30,6,570.144238489904
2010,9,30,12,519.22067253021
2010,9,30,18,491.262636317045
2010,10,1,0,457.685781720691
2010,10,1,6,432.054108696319
2010,10,1,12,414.051854167305
2010,10,1,18,389.048722877009
2010,10,2,0,368.005771036266
2010,10,2,6,363.904362351261
2010,10,2,12,346.719989684674
2010,10,2,18,341.665762429795
2010,10,3,0,327.413338901761
2010,10,3,6,324.290166714613
2010,10,3,12,313.381323185987
2010,10,3,18,308.422757945702
2010,10,4,0,300.398666220873
2010,10,4,6,297.274518656204
2010,10,4,12,287.231460593494
2010,10,4,18,277.188402530785
2010,10,5,0,272.212227167099
2010,10,5,6,267.234332745041
2010,10,5,12,258.192569607051
2010,10,5,18,258.192569607051
2010,10,6,0,248.549058835075
2010,10,6,6,242.948649509253
2010,10,6,12,242.948649509253
2010,10,6,18,238.949494784821
2010,10,7,0,229.757072452032
2010,10,7,6,225.570355994905
2010,10,7,12,225.570355994905
2010,10,7,18,221.57796031358
2010,10,8,0,216.806126327075
2010,10,8,6,209.02392197459
2010,10,8,12,213.024379811424
2010,10,8,18,213.024379811424
2010,10,9,0,209.047658737949
2010,10,9,6,281.083747525767
2010,10,9,12,426.126962441198
2010,10,9,18,506.15080515316
2010,10,10,0,708.231037195271
2010,10,10,6,2159.85775067906
2010,10,10,12,3724.65265168124
2010,10,10,18,1895.38537304489
2010,10,11,0,1171.97375249532
2010,10,11,6,854.776650478743
2010,10,11,12,726.857638980184
2010,10,11,18,635.628576516095
2010,10,12,0,585.504694481111
2010,10,12,6,566.78442781149
2010,10,12,12,544.636546085286
2010,10,12,18,502.35422642617
2010,10,13,0,458.942085162947
2010,10,13,6,443.843463078815
2010,10,13,12,418.908437063151
2010,10,13,18,393.973411047488
2010,10,14,0,371.608807343775
2010,10,14,6,354.175899142327
2010,10,14,12,354.175899142327
2010,10,14,18,338.167948898606
2010,10,15,0,327.351134751916
2010,10,15,6,322.531577066252
2010,10,15,12,311.513417601256
2010,10,15,18,306.505163298985
2010,10,16,0,295.548637788172
2010,10,16,6,289.633051661857
2010,10,16,12,279.680025831552
2010,10,16,18,279.680025831552
2010,10,17,0,270.465236473477
2010,10,17,6,266.200340960353
2010,10,17,12,262.197328314332
2010,10,17,18,252.189796699282
2010,10,18,0,248.359712713209
2010,10,18,6,243.521866400534
2010,10,18,12,243.521866400534
2010,10,18,18,239.51327600711
2010,10,19,0,234.526431865188
2010,10,19,6,230.540919884932
2010,10,19,12,230.540919884932
2010,10,19,18,226.531512582586
2010,10,20,0,222.24653916935
2010,10,20,6,221.971147729686
2010,10,20,12,216.971797555594
2010,10,20,18,212.97231741632
2010,10,21,0,209.923624671245
2010,10,21,6,206.840290729904
2010,10,21,12,206.840290729904
2010,10,21,18,202.804382618101
2010,10,22,0,197.105167809196
2010,10,22,6,199.419209516162
2010,10,22,12,207.356292481979
2010,10,22,18,207.356292481979
2010,10,23,0,214.633496273229
2010,10,23,6,203.668818745336
2010,10,23,12,181.642556726831
2010,10,23,18,171.615126376023
2010,10,24,0,263.509945866878
2010,10,24,6,429.550040265643
2010,10,24,12,655.57518050066
2010,10,24,18,1217.05844741932
2010,10,25,0,1316.13711858767
2010,10,25,6,1109.3445078827
2010,10,25,12,1933.71978438269
2010,10,25,18,2880.22473147527
2010,10,26,0,3557.23169096506
2010,10,26,6,2080.71269834651
2010,10,26,12,1486.22335596179
2010,10,26,18,1179.39014698904
2010,10,27,0,1030.16665215276
2010,10,27,6,924.3164180203
2010,10,27,12,826.967131866153
2010,10,27,18,753.704267028497
2010,10,28,0,703.84391119978
2010,10,28,6,648.792404039158
2010,10,28,12,640.892344324831
2010,10,28,18,665.580030932105
2010,10,29,0,857.633139051063
2010,10,29,6,797.897042369584
2010,10,29,12,752.789797512007
2010,10,29,18,708.684935873487
2010,10,30,0,663.619575706661
2010,10,30,6,620.922476602425
2010,10,30,12,582.176914062434
2010,10,30,18,545.41830344757
2010,10,31,0,559.346370854162
2010,10,31,6,1150.99422974928
2010,10,31,12,2790.90636240091
2010,10,31,18,2016.78634947219
2010,11,1,0,1523.27946739412
2010,11,1,6,1695.07611541925
2010,11,1,12,6697.11054190183
2010,11,1,18,5511.59718510555
2010,11,2,0,3629.15218990579
2010,11,2,6,3268.96383412847
2010,11,2,12,2487.70203729273
2010,11,2,18,2004.55329451274
2010,11,3,0,1648.41091862881
2010,11,3,6,1420.01706252741
2010,11,3,12,1228.6672455911
2010,11,3,18,1158.16994461456
2010,11,4,0,1057.87870525857
2010,11,4,6,971.103697779709
2010,11,4,12,900.891515964679
2010,11,4,18,861.335357195648
2010,11,5,0,819.462507626984
2010,11,5,6,787.080227074229
2010,11,5,12,760.077474684134
2010,11,5,18,733.07472229404
2010,11,6,0,684.070124915508
2010,11,6,6,761.350221498666
2010,11,6,12,752.932344356789
2010,11,6,18,710.842958647403
2010,11,7,0,1369.68149809166
2010,11,7,6,4683.79980909232
2010,11,7,12,3262.44304421502
2010,11,7,18,2337.13025097275
2010,11,8,0,1983.57056913106
2010,11,8,6,2635.53302013875
2010,11,8,12,2189.67217086716
2010,11,8,18,1971.69575566771
2010,11,9,0,1702.62783926515
2010,11,9,6,1473.60648263927
2010,11,9,12,1335.14681312954
2010,11,9,18,1236.24704919402
2010,11,10,0,1167.37111165228
2010,11,10,6,1058.8687225645
2010,11,10,12,951.002656434101
2010,11,10,18,911.418778955054
2010,11,11,0,870.050128829435
2010,11,11,6,839.87250589649
2010,11,11,12,784.418739000564
2010,11,11,18,775.344486235776
2010,11,12,0,970.673028719046
2010,11,12,6,910.916345566663
2010,11,12,12,891.135317432751
2010,11,12,18,842.671798504665
2010,11,13,0,787.897096684918
2010,11,13,6,761.763625589462
2010,11,13,12,743.933007565261
2010,11,13,18,717.18708052896
2010,11,14,0,734.277458062308
2010,11,14,6,814.513235740511
2010,11,14,12,890.626729857039
2010,11,14,18,910.396468588605
2010,11,15,0,1122.89845560949
2010,11,15,6,1291.83620043373
2010,11,15,12,1595.79765935931
2010,11,15,18,2950.95916373587
2010,11,16,0,7117.99675244898
2010,11,16,6,3267.00807009397
2010,11,16,12,2594.12835918031
2010,11,16,18,2390.49370982486
2010,11,17,0,2060.75139901958
2010,11,17,6,1834.92142347368
2010,11,17,12,1697.54762706388
2010,11,17,18,1942.85797779566
2010,11,18,0,1708.2233113956
2010,11,18,6,1485.68073170106
2010,11,18,12,1388.5774159036
2010,11,18,18,1252.63277378717
2010,11,19,0,1158.08911992014
2010,11,19,6,1071.2108619492
2010,11,19,12,1001.78052830435
2010,11,19,18,991.861909212223
2010,11,20,0,952.184510261456
2010,11,20,6,872.006922478276
2010,11,20,12,843.302948866619
2010,11,20,18,796.782715771864
2010,11,21,0,743.6341517378
2010,11,21,6,717.18839259294
2010,11,21,12,709.263658973128
2010,11,21,18,667.658807469118
2010,11,22,0,652.143850919612
2010,11,22,6,621.642507577811
2010,11,22,12,567.932594923088
2010,11,22,18,567.932594923088
2010,11,23,0,536.840413229164
2010,11,23,6,512.436861304287
2010,11,23,12,498.267629651552
2010,11,23,18,485.089961371498
2010,11,24,0,471.57094368933
2010,11,24,6,458.900934160924
2010,11,24,12,448.23661430462
2010,11,24,18,438.130823717668
2010,11,25,0,437.892221230161
2010,11,25,6,437.848398460689
2010,11,25,12,430.866761127603
2010,11,25,18,437.848398460689
2010,11,26,0,428.980745037937
2010,11,26,6,446.299261098368
2010,11,26,12,521.529660463468
2010,11,26,18,558.128233127571
2010,11,27,0,559.104655852792
2010,11,27,6,574.865047753791
2010,11,27,12,531.103694637585
2010,11,27,18,510.217594286669
2010,11,28,0,488.5232264567
2010,11,28,6,466.897659273682
2010,11,28,12,448.063146479203
2010,11,28,18,428.237343537645
2010,11,29,0,425.079671607031
2010,11,29,6,408.786834490185
2010,11,29,12,402.760492949789
2010,11,29,18,396.734151409393
2010,11,30,0,446.35848298425
2010,11,30,6,565.023839764056
2010,11,30,12,978.757143197845
2010,11,30,18,1121.81418095231
2010,12,1,0,1342.44864476013
2010,12,1,6,1266.75300226798
2010,12,1,12,989.650783021861
2010,12,1,18,871.882339842259
2010,12,2,0,800.981731100085
2010,12,2,6,700.50447167477
2010,12,2,12,659.41342724692
2010,12,2,18,619.300741019734
2010,12,3,0,592.580235360297
2010,12,3,6,574.326300294469
2010,12,3,12,552.466129695025
2010,12,3,18,523.650450268486
2010,12,4,0,506.533739564374
2010,12,4,6,489.60038972176
2010,12,4,12,468.995964503009
2010,12,4,18,456.240844129496
2010,12,5,0,439.792455047791
2010,12,5,6,430.033765893035
2010,12,5,12,424.061074700076
2010,12,5,18,424.061074700076
2010,12,6,0,411.895272641327
2010,12,6,6,411.674687910379
2010,12,6,12,411.674687910379
2010,12,6,18,417.640987735167
2010,12,7,0,426.124111451707
2010,12,7,6,447.757914247787
2010,12,7,12,473.919050810579
2010,12,7,18,523.22273125584
2010,12,8,0,668.076719515
2010,12,8,6,2116.75715656218
2010,12,8,12,2373.64516099933
2010,12,8,18,1952.34883372239
2010,12,9,0,2766.41966167197
2010,12,9,6,3603.62681258463
2010,12,9,12,3372.1088888711
2010,12,9,18,2909.07304144402
2010,12,10,0,2343.96644169087
2010,12,10,6,2047.85634389466
2010,12,10,12,1812.69580679671
2010,12,10,18,1665.72047111049
2010,12,11,0,1483.482158994
2010,12,11,6,1273.48309404741
2010,12,11,12,1156.82815413467
2010,12,11,18,1117.94317416376
2010,12,12,0,1820.01756417669
2010,12,12,6,6828.08822538451
2010,12,12,12,18499.2344614679
2010,12,12,18,14342.1031218122
2010,12,13,0,12441.0890243814
2010,12,13,6,8438.96174163246
2010,12,13,12,6009.85692838734
2010,12,13,18,4161.41462030041
2010,12,14,0,3298.49228021056
2010,12,14,6,3818.08554830301
2010,12,14,12,3729.52170826505
2010,12,14,18,2981.64928127786
2010,12,15,0,2522.97739607876
2010,12,15,6,2099.02488784859
2010,12,15,12,1846.36448468163
2010,12,15,18,1622.85720495701
2010,12,16,0,1460.53843706371
2010,12,16,6,1364.41536902167
2010,12,16,12,1275.43175799852
2010,12,16,18,1166.67401119244
2010,12,17,0,1086.41539527383
2010,12,17,6,1006.3263125703
2010,12,17,12,938.251297308187
2010,12,17,18,908.653464585531
2010,12,18,0,855.124069383565
2010,12,18,6,802.95484467578
2010,12,18,12,793.977709766362
2010,12,18,18,785.000574856943
2010,12,19,0,749.009285849328
2010,12,19,6,688.094954970998
2010,12,19,12,672.139129928192
2010,12,19,18,655.186065820211
2010,12,20,0,628.149968040933
2010,12,20,6,609.254304375779
2010,12,20,12,586.54304181396
2010,12,20,18,549.02008627704
2010,12,21,0,554.216240378731
2010,12,21,6,530.250872514812
2010,12,21,12,516.16451157514
2010,12,21,18,495.034970165631
2010,12,22,0,490.881518686968
2010,12,22,6,479.817824806513
2010,12,22,12,479.817824806513
2010,12,22,18,465.9674133688
2010,12,23,0,457.914308339387
2010,12,23,6,456.679813507108
2010,12,23,12,449.607338519166
2010,12,23,18,482.949006319464
2010,12,24,0,571.610749828239
2010,12,24,6,551.456778462534
2010,12,24,12,522.693745053517
2010,12,24,18,544.51397729484
2010,12,25,0,639.063090403649
2010,12,25,6,1020.25092190207
2010,12,25,12,1284.30377882939
2010,12,25,18,1109.6384649086
2010,12,26,0,932.547677879412
2010,12,26,6,908.726749030208
2010,12,26,12,859.922949404525
2010,12,26,18,889.205229179935
2010,12,27,0,831.745634717755
2010,12,27,6,784.857210199701
2010,12,27,12,705.075028730862
2010,12,27,18,680.14309702185
2010,12,28,0,684.101136670619
2010,12,28,6,713.603863204092
2010,12,28,12,713.603863204092
2010,12,28,18,688.96284582826
2010,12,29,0,659.559115910836
2010,12,29,6,623.752717374549
2010,12,29,12,592.814582592772
2010,12,29,18,569.860482593388
2010,12,30,0,543.5849625633
2010,12,30,6,497.688428870001
2010,12,30,12,463.295326061911
2010,12,30,18,444.075650963273
2010,12,31,0,454.295843861403
2010,12,31,6,413.42575580298
2010,12,31,12,394.452110005259
2010,12,31,18,413.42575580298
2011,1,1,0,415.097658302951
2011,1,1,6,385.565182650613
2011,1,1,12,374.491508997462
2011,1,1,18,397.645553908596
2011,1,2,0,389.497010885555
2011,1,2,6,370.463283359365
2011,1,2,12,352.53764061617
2011,1,2,18,347.558295409727
2011,1,3,0,349.385295965161
2011,1,3,6,334.108359278053
2011,1,3,12,329.076606879288
2011,1,3,18,329.076606879288
2011,1,4,0,322.090962758529
2011,1,4,6,314.176573395435
2011,1,4,12,314.176573395435
2011,1,4,18,309.205425082216
2011,1,5,0,306.792529779033
2011,1,5,6,304.296403654
2011,1,5,12,325.526385304278
2011,1,5,18,387.194427240803
2011,1,6,0,547.171638304417
2011,1,6,6,807.885155288432
2011,1,6,12,1059.18105192057
2011,1,6,18,1287.63186704069
2011,1,7,0,1463.43674762149
2011,1,7,6,2116.23863541809
2011,1,7,12,3039.49960871324
2011,1,7,18,4948.26386810994
2011,1,8,0,2728.54377714122
2011,1,8,6,1699.06445872127
2011,1,8,12,1372.32129358257
2011,1,8,18,1120.26228047556
2011,1,9,0,1048.17732838204
2011,1,9,6,945.207445758209
2011,1,9,12,856.715802173849
2011,1,9,18,774.058772452195
2011,1,10,0,711.851022221663
2011,1,10,6,661.015983510523
2011,1,10,12,645.111839546361
2011,1,10,18,613.303551618035
2011,1,11,0,585.288924659331
2011,1,11,6,549.882660869248
2011,1,11,12,521.558331979003
2011,1,11,18,514.721425005495
2011,1,12,0,522.386028085478
2011,1,12,6,544.175862911042
2011,1,12,12,704.227587296643
2011,1,12,18,971.668855786131
2011,1,13,0,1285.46707288938
2011,1,13,6,1353.7877681127
2011,1,13,12,2464.31679664265
2011,1,13,18,3162.36361457576
2011,1,14,0,3073.60573843271
2011,1,14,6,4777.28894135114
2011,1,14,12,7155.81203715097
2011,1,14,18,8785.35339214575
2011,1,15,0,5169.45444125593
2011,1,15,6,3542.03206886783
2011,1,15,12,2615.23093167702
2011,1,15,18,2138.065989757
2011,1,16,0,2799.92284589331
2011,1,16,6,5791.7744838463
2011,1,16,12,6599.43477884139
2011,1,16,18,7885.31498534671
2011,1,17,0,7847.01017779713
2011,1,17,6,13791.5762532083
2011,1,17,12,10726.7815302731
2011,1,17,18,7089.89179239003
2011,1,18,0,4936.49452312342
2011,1,18,6,3343.41661215183
2011,1,18,12,2811.08491692095
2011,1,18,18,2241.39661149843
2011,1,19,0,1871.7162396251
2011,1,19,6,1825.48475434795
2011,1,19,12,1581.43599039769
2011,1,19,18,1376.43502867947
2011,1,20,0,1281.56482169891
2011,1,20,6,1200.74532867913
2011,1,20,12,1149.43142574412
2011,1,20,18,1118.64308398312
2011,1,21,0,1060.80235685165
2011,1,21,6,1106.48700241137
2011,1,21,12,1780.91717530974
2011,1,21,18,2919.01809207572
2011,1,22,0,2366.34276198017
2011,1,22,6,1825.53247697867
2011,1,22,12,1489.25017858786
2011,1,22,18,1345.12919356323
2011,1,23,0,1273.84153568179
2011,1,23,6,1171.01987390089
2011,1,23,12,1111.97685504874
2011,1,23,18,1043.09333305457
2011,1,24,0,1033.98223364376
2011,1,24,6,1085.26308890775
2011,1,24,12,1383.17844664714
2011,1,24,18,2223.7253488404
2011,1,25,0,2301.65930383796
2011,1,25,6,1800.17798795714
2011,1,25,12,1582.26170520444
2011,1,25,18,1440.14239036571
2011,1,26,0,1413.20837152665
2011,1,26,6,1262.72385104183
2011,1,26,12,1192.57252598395
2011,1,26,18,1132.44281879148
2011,1,27,0,1091.29466317951
2011,1,27,6,1040.99430487458
2011,1,27,12,975.195608245715
2011,1,27,18,943.76936507969
2011,1,28,0,932.796974071436
2011,1,28,6,930.959501210553
2011,1,28,12,890.083123550375
2011,1,28,18,1014.75607541392
2011,1,29,0,1555.59878305082
2011,1,29,6,1669.08196728643
2011,1,29,12,1446.53770498157
2011,1,29,18,1547.69418784742
2011,1,30,0,1677.77831644774
2011,1,30,6,1476.67711356202
2011,1,30,12,1307.05879646368
2011,1,30,18,1167.37312355916
2011,1,31,0,1060.0017635543
2011,1,31,6,956.022558371698
2011,1,31,12,905.86088092627
2011,1,31,18,837.995082029513
2011,2,1,0,820.241151608439
2011,2,1,6,766.956103932604
2011,2,1,12,722.594889694857
2011,2,1,18,705.836208760597
2011,2,2,0,692.986056498786
2011,2,2,6,655.024530726602
2011,2,2,12,631.096693987731
2011,2,2,18,623.120748408107
2011,2,3,0,608.526053883337
2011,2,3,6,609.872931253268
2011,2,3,12,578.828496329046
2011,2,3,18,657.94173371658
2011,2,4,0,914.195606506218
2011,2,4,6,1124.47102534444
2011,2,4,12,2059.77870063093
2011,2,4,18,2322.50557571141
2011,2,5,0,2152.27459021759
2011,2,5,6,1578.37901744504
2011,2,5,12,1288.85387223322
2011,2,5,18,1111.40297678082
2011,2,6,0,1010.47366405878
2011,2,6,6,973.270009850198
2011,2,6,12,892.990100687402
2011,2,6,18,902.901200584043
2011,2,7,0,1347.19377675081
2011,2,7,6,2080.08779808738
2011,2,7,12,1692.62046314954
2011,2,7,18,1458.100760424
2011,2,8,0,1231.19237555921
2011,2,8,6,1080.63098368746
2011,2,8,12,975.515060728769
2011,2,8,18,894.958932853885
2011,2,9,0,850.59769486719
2011,2,9,6,797.886860921247
2011,2,9,12,771.125438256808
2011,2,9,18,726.523067149409
2011,2,10,0,710.331221160861
2011,2,10,6,677.226749705257
2011,2,10,12,652.401722223393
2011,2,10,18,620.625687046606
2011,2,11,0,613.159587989677
2011,2,11,6,597.721187761729
2011,2,11,12,582.803021677826
2011,2,11,18,590.759376922574
2011,2,12,0,644.276085570234
2011,2,12,6,659.103399589569
2011,2,12,12,634.113697235462
2011,2,12,18,642.443598020165
2011,2,13,0,1268.39634819773
2011,2,13,6,1205.06380887125
2011,2,13,12,960.987325549019
2011,2,13,18,812.907450730095
2011,2,14,0,773.692127031284
2011,2,14,6,780.366569662628
2011,2,14,12,826.031713531052
2011,2,14,18,874.741200324038
2011,2,15,0,1024.02668866073
2011,2,15,6,975.259032931149
2011,2,15,12,856.082776361151
2011,2,15,18,754.782958276653
2011,2,16,0,731.724451604857
2011,2,16,6,692.278416731503
2011,2,16,12,659.965562768081
2011,2,16,18,604.152451376715
2011,2,17,0,611.483177885367
2011,2,17,6,587.750183408098
2011,2,17,12,564.68149020266
2011,2,17,18,535.594877030587
2011,2,18,0,532.462870587755
2011,2,18,6,515.461474415358
2011,2,18,12,494.644761025507
2011,2,18,18,473.828047635656
2011,2,19,0,475.669268123571
2011,2,19,6,451.539161123654
2011,2,19,12,425.565669554594
2011,2,19,18,431.559552224377
2011,2,20,0,427.001605557747
2011,2,20,6,403.295523428029
2011,2,20,12,379.158135492187
2011,2,20,18,391.226829460108
2011,2,21,0,401.637534341375
2011,2,21,6,382.027412007574
2011,2,21,12,371.055345344171
2011,2,21,18,376.042648372991
2011,2,22,0,388.111516937114
2011,2,22,6,376.235214477376
2011,2,22,12,371.245357521443
2011,2,22,18,371.245357521443
2011,2,23,0,366.437011495607
2011,2,23,6,344.516507614337
2011,2,23,12,344.516507614337
2011,2,23,18,339.494401089347
2011,2,24,0,336.507481204656
2011,2,24,6,327.610949764817
2011,2,24,12,322.677049918962
2011,2,24,18,311.822470258079
2011,2,25,0,307.272375178825
2011,2,25,6,302.402322062947
2011,2,25,12,257.450625540077
2011,2,25,18,287.077880066514
2011,2,26,0,310.865290041377
2011,2,26,6,288.912266463896
2011,2,26,12,273.759525215789
2011,2,26,18,299.014093962633
2011,2,27,0,301.76325674021
2011,2,27,6,289.51556480077
2011,2,27,12,279.566576319644
2011,2,27,18,284.541070560207
2011,2,28,0,294.990469282095
2011,2,28,6,321.446743151057
2011,2,28,12,300.482825119466
2011,2,28,18,295.491416064325
2011,3,1,0,294.167025237726
2011,3,1,6,278.00560016627
2011,3,1,12,268.112162437933
2011,3,1,18,268.112162437933
2011,3,2,0,277.373847247085
2011,3,2,6,286.814667102289
2011,3,2,12,302.125058584617
2011,3,2,18,350.09761856258
2011,3,3,0,356.550740090106
2011,3,3,6,329.934052155549
2011,3,3,12,314.033615907088
2011,3,3,18,309.064729579445
2011,3,4,0,329.384900179959
2011,3,4,6,303.083583582834
2011,3,4,12,293.178891308885
2011,3,4,18,288.226545171911
2011,3,5,0,301.6371487469
2011,3,5,6,353.819351698295
2011,3,5,12,406.537421292311
2011,3,5,18,388.288858740536
2011,3,6,0,377.070952953483
2011,3,6,6,361.105747572002
2011,3,6,12,344.33307623669
2011,3,6,18,333.480171255018
2011,3,7,0,329.092014611641
2011,3,7,6,320.668490195518
2011,3,7,12,309.713976555298
2011,3,7,18,304.73465217338
2011,3,8,0,304.673014968804
2011,3,8,6,294.65396731147
2011,3,8,12,304.608493234154
2011,3,8,18,299.631230272812
2011,3,9,0,305.539233717057
2011,3,9,6,332.560569192651
2011,3,9,12,409.552083603812
2011,3,9,18,783.816389769175
2011,3,10,0,898.607971866807
2011,3,10,6,937.10501309229
2011,3,10,12,916.303569960386
2011,3,10,18,1081.67504285903
2011,3,11,0,1631.20972091785
2011,3,11,6,1279.34659377702
2011,3,11,12,1000.3913214497
2011,3,11,18,895.542615643915
2011,3,12,0,818.244249099134
2011,3,12,6,789.250516002437
2011,3,12,12,963.748088790777
2011,3,12,18,1083.08838282418
2011,3,13,0,1029.57167795955
2011,3,13,6,929.292846554015
2011,3,13,12,842.324325688287
2011,3,13,18,929.292846554015
2011,3,14,0,1408.61979607566
2011,3,14,6,1511.1334814227
2011,3,14,12,1460.08167461788
2011,3,14,18,1266.08480875956
2011,3,15,0,1236.77070422172
2011,3,15,6,1177.58228103459
2011,3,15,12,1107.12864028893
2011,3,15,18,1519.78567894208
2011,3,16,0,2434.24434941115
2011,3,16,6,2080.95057254472
2011,3,16,12,1970.36865806167
2011,3,16,18,1668.78161856243
2011,3,17,0,1485.54762826472
2011,3,17,6,1275.48834949001
2011,3,17,12,1137.06325729729
2011,3,17,18,1048.07569803055
2011,3,18,0,953.199754662388
2011,3,18,6,896.512411138596
2011,3,18,12,828.8510970904
2011,3,18,18,774.1250342573
2011,3,19,0,751.822740609897
2011,3,19,6,783.586474540452
2011,3,19,12,704.019210416165
2011,3,19,18,678.839696452783
2011,3,20,0,683.286304872795
2011,3,20,6,630.848500260723
2011,3,20,12,614.90288256061
2011,3,20,18,576.035439416584
2011,3,21,0,569.140404061729
2011,3,21,6,561.246442260289
2011,3,21,12,561.246442260289
2011,3,21,18,561.246442260289
2011,3,22,0,599.380679394098
2011,3,22,6,688.430862288178
2011,3,22,12,639.542293806843
2011,3,22,18,599.633258311877
2011,3,23,0,585.40656801104
2011,3,23,6,549.136635654877
2011,3,23,12,527.131160273443
2011,3,23,18,506.125933772983
2011,3,24,0,513.806105857421
2011,3,24,6,500.444228542211
2011,3,24,12,493.423968823182
2011,3,24,18,479.383449385124
2011,3,25,0,499.69028331919
2011,3,25,6,519.934306820549
2011,3,25,12,519.934306820549
2011,3,25,18,512.935191151811
2011,3,26,0,522.702585986276
2011,3,26,6,525.475887440976
2011,3,26,12,511.32845970218
2011,3,26,18,490.107318093987
2011,3,27,0,487.473536088555
2011,3,27,6,505.837288066667
2011,3,27,12,505.837288066667
2011,3,27,18,484.844040933465
2011,3,28,0,519.489687373635
2011,3,28,6,548.098433216952
2011,3,28,12,540.111570802134
2011,3,28,18,540.111570802134
2011,3,29,0,559.867049189007
2011,3,29,6,588.369076164197
2011,3,29,12,572.520750880313
2011,3,29,18,588.369076164197
2011,3,30,0,709.614623077657
2011,3,30,6,1372.7790842711
2011,3,30,12,3457.36954557167
2011,3,30,18,4687.78635443688
2011,3,31,0,4414.51949782945
2011,3,31,6,7146.18821678286
2011,3,31,12,6872.9516084941
2011,3,31,18,5979.67808139625
2011,4,1,0,3907.83611104519
2011,4,1,6,3128.32503495839
2011,4,1,12,2425.44187836964
2011,4,1,18,2425.44187836964
2011,4,2,0,2373.75469377277
2011,4,2,6,2213.43944084387
2011,4,2,12,1887.35238036241
2011,4,2,18,1758.89384138486
2011,4,3,0,1506.86929814134
2011,4,3,6,1420.90860921909
2011,4,3,12,1320.13494899078
2011,4,3,18,1189.12919069399
2011,4,4,0,1192.78664235019
2011,4,4,6,1176.40892587834
2011,4,4,12,1246.19589605757
2011,4,4,18,1475.49594093216
2011,4,5,0,1571.01180442357
2011,4,5,6,1437.91768654036
2011,4,5,12,1279.25090733591
2011,4,5,18,1209.83419143396
2011,4,6,0,1214.98217029303
2011,4,6,6,1220.13469599185
2011,4,6,12,1180.13027972983
2011,4,6,18,1130.12475940229
2011,4,7,0,1004.23910837194
2011,4,7,6,948.878459700915
2011,4,7,12,898.459838037742
2011,4,7,18,850.057961241096
2011,4,8,0,824.967216442199
2011,4,8,6,773.328187400204
2011,4,8,12,737.544363818704
2011,4,8,18,737.544363818704
2011,4,9,0,718.200379144014
2011,4,9,6,707.514814156984
2011,4,9,12,682.210278600583
2011,4,9,18,665.00319442223
2011,4,10,0,644.341671111882
2011,4,10,6,631.900556613232
2011,4,10,12,672.829344640313
2011,4,10,18,731.726868874406
2011,4,11,0,778.745969108333
2011,4,11,6,1334.86529064157
2011,4,11,12,1385.04819630479
2011,4,11,18,1154.20683025399
2011,4,12,0,993.012265007765
2011,4,12,6,897.731725968144
2011,4,12,12,839.942114307598
2011,4,12,18,775.177894343192
2011,4,13,0,773.285306896994
2011,4,13,6,752.980651620501
2011,4,13,12,709.3443065805
2011,4,13,18,700.211118083755
2011,4,14,0,749.641842193102
2011,4,14,6,728.202498528196
2011,4,14,12,720.156062080371
2011,4,14,18,711.103821076567
2011,4,15,0,731.433621915695
2011,4,15,6,683.055102932683
2011,4,15,12,658.30672963802
2011,4,15,18,658.30672963802
2011,4,16,0,669.229386856782
2011,4,16,6,713.07378603573
2011,4,16,12,810.673270716598
2011,4,16,18,829.595619787379
2011,4,17,0,792.085038059075
2011,4,17,6,755.630468299579
2011,4,17,12,702.935185641845
2011,4,17,18,694.981180712375
2011,4,18,0,660.821374125391
2011,4,18,6,636.629819942434
2011,4,18,12,636.629819942434
2011,4,18,18,620.738904000033
2011,4,19,0,599.181680844463
2011,4,19,6,594.457611960272
2011,4,19,12,586.451448836228
2011,4,19,18,586.451448836228
2011,4,20,0,578.097010473933
2011,4,20,6,555.758414294415
2011,4,20,12,533.767973441039
2011,4,20,18,512.777098080998
2011,4,21,0,521.296317464622
2011,4,21,6,536.895895618428
2011,4,21,12,522.81997326139
2011,4,21,18,529.857934439909
2011,4,22,0,507.555876543733
2011,4,22,6,499.363318977239
2011,4,22,12,478.348029000241
2011,4,22,18,478.348029000241
2011,4,23,0,484.32544566074
2011,4,23,6,490.273579983465
2011,4,23,12,483.298142869879
2011,4,23,18,476.322705756293
2011,4,24,0,511.885691331612
2011,4,24,6,540.548600502517
2011,4,24,12,526.560281820381
2011,4,24,18,512.571963138246
2011,4,25,0,568.752653858249
2011,4,25,6,669.25748832006
2011,4,25,12,685.144906440417
2011,4,25,18,763.589033409682
2011,4,26,0,891.264355107025
2011,4,26,6,849.440502658008
2011,4,26,12,793.271003062293
2011,4,26,18,731.188924561765
2011,4,27,0,760.934863336954
2011,4,27,6,773.01915996668
2011,4,27,12,755.134397910896
2011,4,27,18,746.192016883004
2011,4,28,0,850.374248639405
2011,4,28,6,835.157341461488
2011,4,28,12,789.038208559654
2011,4,28,18,798.061517170882
2011,4,29,0,769.110890562863
2011,4,29,6,714.354346468826
2011,4,29,12,688.414104837276
2011,4,29,18,655.489951997233
2011,4,30,0,650.373423076029
2011,4,30,6,645.191883590328
2011,4,30,12,629.087249990569
2011,4,30,18,604.930299590932
2011,5,1,0,615.206277437767
2011,5,1,6,617.297892352779
2011,5,1,12,601.495066308547
2011,5,1,18,578.778503869965
2011,5,2,0,645.65251652574
2011,5,2,6,691.400723911505
2011,5,2,12,725.469745089753
2011,5,2,18,1022.07063534744
2011,5,3,0,1164.46291813379
2011,5,3,6,1047.83507571309
2011,5,3,12,970.730230519111
2011,5,3,18,910.430287482792
2011,5,4,0,905.547885722638
2011,5,4,6,870.579288450218
2011,5,4,12,804.611167855827
2011,5,4,18,759.632903814197
2011,5,5,0,824.805056433708
2011,5,5,6,854.076897340884
2011,5,5,12,923.24509677342
2011,5,5,18,974.369418093121
2011,5,6,0,1015.81081458634
2011,5,6,6,982.441632517726
2011,5,6,12,999.260874967678
2011,5,6,18,1028.94189105583
2011,5,7,0,1202.90313533292
2011,5,7,6,1310.03074157625
2011,5,7,12,1533.44683703887
2011,5,7,18,1868.57098023279
2011,5,8,0,1772.995511211
2011,5,8,6,1528.87738379119
2011,5,8,12,1339.01679364719
2011,5,8,18,1199.11951669897
2011,5,9,0,1132.98137496781
2011,5,9,6,1106.6181413105
2011,5,9,12,1006.01649210045
2011,5,9,18,998.974376655751
2011,5,10,0,963.797370827902
2011,5,10,6,960.818250794589
2011,5,10,12,930.823924547099
2011,5,10,18,920.825815797936
2011,5,11,0,1051.27003681482
2011,5,11,6,1205.84842192131
2011,5,11,12,1583.9534355746
2011,5,11,18,2258.41102749669
2011,5,12,0,3332.29713136294
2011,5,12,6,2730.43426173418
2011,5,12,12,2168.28603137714
2011,5,12,18,1877.17355494225
2011,5,13,0,1595.92161104786
2011,5,13,6,1476.69526109322
2011,5,13,12,1377.58819659032
2011,5,13,18,1248.74901273655
2011,5,14,0,1398.01228190811
2011,5,14,6,1398.49260064535
2011,5,14,12,1478.98138341631
2011,5,14,18,1740.56992742191
2011,5,15,0,2245.8989944718
2011,5,15,6,2467.92703713501
2011,5,15,12,2308.06131813031
2011,5,15,18,2208.14524375238
2011,5,16,0,2425.835489009
2011,5,16,6,2522.54169372225
2011,5,16,12,2740.17274180809
2011,5,16,18,2858.88058621855
2011,5,17,0,2370.97272900203
2011,5,17,6,2012.621948863
2011,5,17,12,1736.37972058769
2011,5,17,18,1568.6612248491
2011,5,18,0,1553.70283196382
2011,5,18,6,1457.78903360009
2011,5,18,12,1357.25185886905
2011,5,18,18,1266.76840161111
2011,5,19,0,1482.67845117811
2011,5,19,6,1397.55364045334
2011,5,19,12,1277.76332841448
2011,5,19,18,1287.74585441772
2011,5,20,0,1551.1939222623
2011,5,20,6,1515.41020704436
2011,5,20,12,1376.74522077887
2011,5,20,18,1376.74522077887
2011,5,21,0,1911.00925320231
2011,5,21,6,1839.3523580221
2011,5,21,12,1546.26874053506
2011,5,21,18,1495.73708234764
2011,5,22,0,1446.26992436557
2011,5,22,6,1446.89284554334
2011,5,22,12,1387.83599470484
2011,5,22,18,1318.93633539325
2011,5,23,0,1366.40159830754
2011,5,23,6,1334.67116526824
2011,5,23,12,1245.02907207858
2011,5,23,18,1185.26767661881
2011,5,24,0,1103.66398902157
2011,5,24,6,1142.04132479273
2011,5,24,12,1131.93476439634
2011,5,24,18,1111.72164360354
2011,5,25,0,1164.93479007931
2011,5,25,6,1098.48736726936
2011,5,25,12,1088.67944434731
2011,5,25,18,1108.29529019141
2011,5,26,0,1684.15141608798
2011,5,26,6,2083.24007049694
2011,5,26,12,1907.04563667381
2011,5,26,18,1658.3005536294
2011,5,27,0,1498.66548973997
2011,5,27,6,1364.7855066097
2011,5,27,12,1364.7855066097
2011,5,27,18,1384.5650067055
2011,5,28,0,1393.06999737107
2011,5,28,6,1291.47810982161
2011,5,28,12,1221.39790231191
2011,5,28,18,1221.39790231191
2011,5,29,0,1218.37693685475
2011,5,29,6,1215.35984798441
2011,5,29,12,1155.5880521819
2011,5,29,18,1095.81625637938
2011,5,30,0,1128.09801186216
2011,5,30,6,1180.51782235691
2011,5,30,12,1180.51782235691
2011,5,30,18,1160.5090457068
2011,5,31,0,1188.80999094231
2011,5,31,6,1197.07500605075
2011,5,31,12,1117.27000564736
2011,5,31,18,1167.14813089948
2011,6,1,0,1528.20668651666
2011,6,1,6,1398.29688335138
2011,6,1,12,1317.23619446144
2011,6,1,18,1317.23619446144
2011,6,2,0,1366.25235156026
2011,6,2,6,1334.58662474172
2011,6,2,12,1284.78861635583
2011,6,2,18,1244.95020964713
2011,6,3,0,1305.09735132312
2011,6,3,6,1345.34886740061
2011,6,3,12,1225.76230140945
2011,6,3,18,1215.79675424352
2011,6,4,0,1521.08764416129
2011,6,4,6,1435.6183933615
2011,6,4,12,1333.8014860309
2011,6,4,18,1425.43670262844
2011,6,5,0,1929.19910601304
2011,6,5,6,1903.71986011138
2011,6,5,12,1563.05420093355
2011,6,5,18,1703.32829588913
2011,6,6,0,2210.59143564298
2011,6,6,6,1957.21540441286
2011,6,6,12,1667.6274109028
2011,6,6,18,1557.78368922656
2011,6,7,0,2144.16674883736
2011,6,7,6,2047.17029725381
2011,6,7,12,1819.70693089228
2011,6,7,18,1995.47407762619
2011,6,8,0,2131.11524548332
2011,6,8,6,1735.89224567103
2011,6,8,12,1568.2208355778
2011,6,8,18,1489.31664259276
2011,6,9,0,1482.03901554759
2011,6,9,6,1433.34591670248
2011,6,9,12,1352.0213256839
2011,6,9,18,1280.86230854264
2011,6,10,0,1345.49319226502
2011,6,10,6,1368.54225655711
2011,6,10,12,1318.9573921891
2011,6,10,18,1289.20647356829
2011,6,11,0,1501.09983775671
2011,6,11,6,1425.02049443287
2011,6,11,12,1305.4383550399
2011,6,11,18,1225.71692877792
2011,6,12,0,1226.54665178047
2011,6,12,6,1187.46148610093
2011,6,12,12,1127.58947839836
2011,6,12,18,1077.69613864622
2011,6,13,0,1187.95767386606
2011,6,13,6,1238.38539339363
2011,6,13,12,1328.26820420446
2011,6,13,18,1508.03382582611
2011,6,14,0,1782.67269531509
2011,6,14,6,1633.14794271462
2011,6,14,12,1345.54956286551
2011,6,14,18,1222.29311435874
2011,6,15,0,1255.33958743859
2011,6,15,6,1247.10990334192
2011,6,15,12,1326.9249371558
2011,6,15,18,1287.01742024886
2011,6,16,0,1262.56118017401
2011,6,16,6,1175.84312722449
2011,6,16,12,1104.27006730647
2011,6,16,18,1042.92173023389
2011,6,17,0,1051.3647281175
2011,6,17,6,992.427903310476
2011,6,17,12,950.452100753538
2011,6,17,18,950.452100753538
2011,6,18,0,977.973773613634
2011,6,18,6,1041.99067722763
2011,6,18,12,1180.92276752465
2011,6,18,18,1319.85485782167
2011,6,19,0,1376.48789858353
2011,6,19,6,1284.64372466855
2011,6,19,12,1205.58872622741
2011,6,19,18,1175.94310181198
2011,6,20,0,1211.16189433181
2011,6,20,6,1226.71506098606
2011,6,20,12,1117.00883601983
2011,6,20,18,1156.90200873482
2011,6,21,0,1147.58657926405
2011,6,21,6,1108.30558595234
2011,6,21,12,1058.38191090945
2011,6,21,18,1098.32085094376
2011,6,22,0,1442.39481474648
2011,6,22,6,1387.45887331321
2011,6,22,12,1318.08592964755
2011,6,22,18,1387.45887331321
2011,6,23,0,1811.6018035866
2011,6,23,6,1619.57508065917
2011,6,23,12,1429.62491687816
2011,6,23,18,1429.62491687816
2011,6,24,0,1390.74356203466
2011,6,24,6,1214.07994860438
2011,6,24,12,1144.9859677895
2011,6,24,18,1066.02141828678
2011,6,25,0,1039.08596861593
2011,6,25,6,1011.23960380875
2011,6,25,12,951.576467184037
2011,6,25,18,901.014486993599
2011,6,26,0,889.249280461882
2011,6,26,6,887.392809107728
2011,6,26,12,839.132822818851
2011,6,26,18,801.706711002986
2011,6,27,0,1054.28947844137
2011,6,27,6,1064.62254344755
2011,6,27,12,1054.5789345471
2011,6,27,18,1104.79697904935
2011,6,28,0,1297.71065982483
2011,6,28,6,1289.71662385631
2011,6,28,12,1239.33706823692
2011,6,28,18,1229.26115711304
2011,6,29,0,1425.66119798163
2011,6,29,6,1816.18080465388
2011,6,29,12,1775.59575873982
2011,6,29,18,1816.18080465388
2011,6,30,0,2238.42435185137
2011,6,30,6,1921.08320011541
2011,6,30,12,1739.085844315
2011,6,30,18,1536.86656009232
2011,7,1,0,1447.50301317916
2011,7,1,6,1310.71156204563
2011,7,1,12,1172.74192393556
2011,7,1,18,1054.48223412693
2011,7,2,0,1156.62702145604
2011,7,2,6,1100.72937851016
2011,7,2,12,1041.23049318528
2011,7,2,18,1070.97993584772
2011,7,3,0,1537.49232956803
2011,7,3,6,1379.17596928873
2011,7,3,12,1329.56532291144
2011,7,3,18,1428.78661566602
2011,7,4,0,1387.45180931512
2011,7,4,6,1247.22597926748
2011,7,4,12,1088.84807713828
2011,7,4,18,982.932855089373
2011,7,5,0,1174.53571727874
2011,7,5,6,1131.00124036931
2011,7,5,12,1010.89491395841
2011,7,5,18,941.833776272141
2011,7,6,0,1298.00213231487
2011,7,6,6,1235.09403492767
2011,7,6,12,1105.60836997558
2011,7,6,18,1085.68749844448
2011,7,7,0,1529.22075848464
2011,7,7,6,1364.00214893219
2011,7,7,12,1183.47245274999
2011,7,7,18,1123.29588735592
2011,7,8,0,1129.23643498816
2011,7,8,6,1045.49557740158
2011,7,8,12,988.740103199777
2011,7,8,18,977.787292388903
2011,7,9,0,926.717951930932
2011,7,9,6,857.768583855194
2011,7,9,12,783.136746512804
2011,7,9,18,720.446003145197
2011,7,10,0,742.580104344469
2011,7,10,6,764.928401556301
2011,7,10,12,703.532832484019
2011,7,10,18,678.370714011772
2011,7,11,0,739.754523557747
2011,7,11,6,750.497554544547
2011,7,11,12,714.947670381911
2011,7,11,18,681.372779783865
2011,7,12,0,766.611332966829
2011,7,12,6,801.034119093892
2011,7,12,12,764.806445366027
2011,7,12,18,728.578771638163
2011,7,13,0,796.548322439378
2011,7,13,6,977.156334825893
2011,7,13,12,1104.52498132051
2011,7,13,18,1154.27835885747
2011,7,14,0,1131.53357207763
2011,7,14,6,1289.80228735623
2011,7,14,12,1964.93317214426
2011,7,14,18,1884.32052918449
2011,7,15,0,1630.35337338282
2011,7,15,6,1407.17415581749
2011,7,15,12,1256.40549626561
2011,7,15,18,1125.73932465399
2011,7,16,0,1111.00958790139
2011,7,16,6,1066.46400800257
2011,7,16,12,1016.62924127348
2011,7,16,18,1146.19963476912
2011,7,17,0,1230.40390572102
2011,7,17,6,1155.76367162553
2011,7,17,12,1037.22380786907
2011,7,17,18,949.306742249692
2011,7,18,0,965.008117191674
2011,7,18,6,969.849974237452
2011,7,18,12,908.984903837776
2011,7,18,18,869.073382264219
2011,7,19,0,891.175508170592
2011,7,19,6,873.270250193816
2011,7,19,12,807.098222050542
2011,7,19,18,761.980930134673
2011,7,20,0,760.124851512747
2011,7,20,6,722.353402333358
2011,7,20,12,722.353402333358
2011,7,20,18,714.371596782713
2011,7,21,0,785.719744758676
2011,7,21,6,804.445906128364
2011,7,21,12,1114.16269082582
2011,7,21,18,1277.70950782777
2011,7,22,0,1141.64204202662
2011,7,22,6,1018.45485903114
2011,7,22,12,889.650273918375
2011,7,22,18,794.794184106652
2011,7,23,0,724.561151803617
2011,7,23,6,692.116799591594
2011,7,23,12,667.040103954218
2011,7,23,18,618.892848330455
2011,7,24,0,687.338313091406
2011,7,24,6,715.902458486367
2011,7,24,12,682.486926477809
2011,7,24,18,640.970659436874
2011,7,25,0,841.942346432138
2011,7,25,6,831.315816626974
2011,7,25,12,748.587786331571
2011,7,25,18,705.206014347397
2011,7,26,0,715.837741268013
2011,7,26,6,692.49088067116
2011,7,26,12,667.723681791648
2011,7,26,18,619.179971987804
2011,7,27,0,605.373837056852
2011,7,27,6,599.442832059731
2011,7,27,12,576.502424177246
2011,7,27,18,547.577562064546
2011,7,28,0,531.579904579178
2011,7,28,6,545.447282085613
2011,7,28,12,516.634948423531
2011,7,28,18,495.770844737196
2011,7,29,0,560.714547420725
2011,7,29,6,615.984580850626
2011,7,29,12,562.073450597897
2011,7,29,18,533.121176943653
2011,7,30,0,576.926416333927
2011,7,30,6,607.739794685284
2011,7,30,12,561.834982607249
2011,7,30,18,511.93844773982
2011,7,31,0,580.047793907291
2011,7,31,6,614.581024292037
2011,7,31,12,568.159469090996
2011,7,31,18,568.159469090996
2011,8,1,0,574.151572333173
2011,8,1,6,564.058451022221
2011,8,1,12,506.951289906294
2011,8,1,18,478.89864935812
2011,8,2,0,494.032311012414
2011,8,2,6,516.275052110913
2011,8,2,12,495.140985650232
2011,8,2,18,460.923925666273
2011,8,3,0,465.287233396684
2011,8,3,6,496.435541717837
2011,8,3,12,475.543464811876
2011,8,3,18,449.677083880686
2011,8,4,0,483.400981750154
2011,8,4,6,512.254501220273
2011,8,4,12,477.305363710118
2011,8,4,18,451.343147274002
2011,8,5,0,498.792725680801
2011,8,5,6,527.328038273209
2011,8,5,12,485.301894805515
2011,8,5,18,445.276996264854
2011,8,6,0,465.393576699769
2011,8,6,6,485.519093936835
2011,8,6,12,445.476282065756
2011,8,6,18,420.449524646332
2011,8,7,0,439.716495713951
2011,8,7,6,452.991617951634
2011,8,7,12,426.934577980965
2011,8,7,18,401.879731855321
2011,8,8,0,396.671810942256
2011,8,8,6,434.709699872121
2011,8,8,12,409.552888536929
2011,8,8,18,385.402349655145
2011,8,9,0,383.998084391588
2011,8,9,6,419.556418462428
2011,8,9,12,400.576485246271
2011,8,9,18,376.601832762703
2011,8,10,0,366.532730596351
2011,8,10,6,378.496779147282
2011,8,10,12,367.453106546168
2011,8,10,18,355.405463708588
2011,8,11,0,342.756261935233
2011,8,11,6,336.180057125205
2011,8,11,12,336.180057125205
2011,8,11,18,325.239286035331
2011,8,12,0,326.045221482129
2011,8,12,6,331.849677755256
2011,8,12,12,331.849677755256
2011,8,12,18,321.854205533712
2011,8,13,0,326.847421065648
2011,8,13,6,348.832311494439
2011,8,13,12,331.840479702446
2011,8,13,18,321.845284530686
2011,8,14,0,316.116620428442
2011,8,14,6,332.404686513788
2011,8,14,12,327.398591837375
2011,8,14,18,316.385183549268
2011,8,15,0,315.506279743578
2011,8,15,6,309.649884165658
2011,8,15,12,304.671590208011
2011,8,15,18,294.715002292717
2011,8,16,0,290.420931852034
2011,8,16,6,296.107542005286
2011,8,16,12,291.105725417358
2011,8,16,18,276.100275653577
2011,8,17,0,270.951851658599
2011,8,17,6,285.794517326211
2011,8,17,12,280.798109680648
2011,8,17,18,270.805294389522
2011,8,18,0,262.252377163265
2011,8,18,6,281.743484046694
2011,8,18,12,271.717025539694
2011,8,18,18,262.693212883395
2011,8,19,0,257.440189370079
2011,8,19,6,266.207416514877
2011,8,19,12,266.207416514877
2011,8,19,18,257.20039866287
2011,8,20,0,251.329231932167
2011,8,20,6,269.346988533814
2011,8,20,12,269.346988533814
2011,8,20,18,260.401885593577
2011,8,21,0,270.479274175955
2011,8,21,6,306.692544122987
2011,8,21,12,296.669911962106
2011,8,21,18,286.647279801224
2011,8,22,0,285.500913611897
2011,8,22,6,309.212999668717
2011,8,22,12,294.299189395307
2011,8,22,18,325.121063960356
2011,8,23,0,401.233027850203
2011,8,23,6,391.692482514124
2011,8,23,12,403.775541100678
2011,8,23,18,379.60942392757
2011,8,24,0,344.611684241653
2011,8,24,6,332.822629943653
2011,8,24,12,316.782985127091
2011,8,24,18,296.733429106389
2011,8,25,0,290.710433001822
2011,8,25,6,304.633516344365
2011,8,25,12,294.678172672981
2011,8,25,18,284.722829001596
2011,8,26,0,285.220410873836
2011,8,26,6,305.698513988137
2011,8,26,12,290.713292714209
2011,8,26,18,275.72807144028
2011,8,27,0,266.499973567822
2011,8,27,6,287.357694099266
2011,8,27,12,277.310222277614
2011,8,27,18,258.220025816474
2011,8,28,0,247.723925160546
2011,8,28,6,260.176105726599
2011,8,28,12,255.210912869221
2011,8,28,18,241.308372868563
2011,8,29,0,238.885580310458
2011,8,29,6,249.492715834618
2011,8,29,12,244.462620757307
2011,8,29,18,235.408449618148
2011,8,30,0,230.386539126095
2011,8,30,6,233.379928954224
2011,8,30,12,233.379928954224
2011,8,30,18,225.401127964336
2011,8,31,0,217.291754376548
2011,8,31,6,218.159757387352
2011,8,31,12,218.159757387352
2011,8,31,18,214.138379370995
2011,9,1,0,209.792269018391
2011,9,1,6,205.458810132697
2011,9,1,12,205.458810132697
2011,9,1,18,201.449857739864
2011,9,2,0,197.472883607735
2011,9,2,6,193.494614110896
2011,9,2,12,193.494614110896
2011,9,2,18,189.48436304124
2011,9,3,0,185.579883484108
2011,9,3,6,185.685681853948
2011,9,3,12,185.685681853948
2011,9,3,18,182.674562688749
2011,9,4,0,178.328295882973
2011,9,4,6,177.996950490095
2011,9,4,12,181.996881961783
2011,9,4,18,181.996881961783
2011,9,5,0,177.690222684003
2011,9,5,6,177.383659393518
2011,9,5,12,177.383659393518
2011,9,5,18,177.383659393518
2011,9,6,0,174.007914444269
2011,9,6,6,174.61900781837
2011,9,6,12,178.633237883161
2011,9,6,18,174.61900781837
2011,9,7,0,170.249443063264
2011,9,7,6,169.89445765242
2011,9,7,12,177.88949095371
2011,9,7,18,173.891974303065
2011,9,8,0,170.398885066334
2011,9,8,6,167.887980973144
2011,9,8,12,174.925201732498
2011,9,8,18,174.925201732498
2011,9,9,0,170.124135881628
2011,9,9,6,177.314812474674
2011,9,9,12,181.299415002195
2011,9,9,18,177.314812474674
2011,9,10,0,174.018031482473
2011,9,10,6,174.707043705676
2011,9,10,12,178.723297583968
2011,9,10,18,174.707043705676
2011,9,11,0,169.7069257476
2011,9,11,6,172.695376499666
2011,9,11,12,176.66538515483
2011,9,11,18,172.695376499666
2011,9,12,0,170.18106489549
2011,9,12,6,171.640850720155
2011,9,12,12,175.679458972394
2011,9,12,18,171.640850720155
2011,9,13,0,167.896395697554
2011,9,13,6,167.182044927138
2011,9,13,12,170.18531519529
2011,9,13,18,167.182044927138
2011,9,14,0,167.00492557991
2011,9,14,6,162.831906374502
2011,9,14,12,162.831906374502
2011,9,14,18,162.831906374502
2011,9,15,0,160.003607869275
2011,9,15,6,156.167980980076
2011,9,15,12,156.167980980076
2011,9,15,18,156.167980980076
2011,9,16,0,166.98843547179
2011,9,16,6,173.788649813707
2011,9,16,12,169.793508438679
2011,9,16,18,162.80201103238
2011,9,17,0,156.243380388035
2011,9,17,6,153.663744195621
2011,9,17,12,150.65072960355
2011,9,17,18,150.65072960355
2011,9,18,0,149.825986945592
2011,9,18,6,149.003112508371
2011,9,18,12,151.983174758538
2011,9,18,18,158.936653342262
2011,9,19,0,170.328428219546
2011,9,19,6,179.875152891269
2011,9,19,12,171.79087635683
2011,9,19,18,164.717134389196
2011,9,20,0,156.904919548704
2011,9,20,6,153.164544686586
2011,9,20,12,153.164544686586
2011,9,20,18,150.161318320183
2011,9,21,0,146.114569748181
2011,9,21,6,143.07007711035
2011,9,21,12,143.07007711035
2011,9,21,18,140.068606961182
2011,9,22,0,137.467666873091
2011,9,22,6,140.65849958212
2011,9,22,12,205.207263088983
2011,9,22,18,732.194929331584
2011,9,23,0,458.411118187923
2011,9,23,6,321.493532423083
2011,9,23,12,271.352339292878
2011,9,23,18,243.823841103745
2011,9,24,0,228.249656006054
2011,9,24,6,217.353515430229
2011,9,24,12,209.340482603308
2011,9,24,18,201.327449776387
2011,9,25,0,187.706467146292
2011,9,25,6,182.174706861237
2011,9,25,12,193.991444603587
2011,9,25,18,201.869269765154
2011,9,26,0,288.224769681426
2011,9,26,6,482.40917159741
2011,9,26,12,384.219694192628
2011,9,26,18,830.341450227401
2011,9,27,0,973.829646815809
2011,9,27,6,683.933070360436
2011,9,27,12,762.154154653858
2011,9,27,18,1353.82645892462
2011,9,28,0,802.348859503311
2011,9,28,6,557.688652856706
2011,9,28,12,447.735827870748
2011,9,28,18,368.490548601589
2011,9,29,0,329.818171364461
2011,9,29,6,304.865955952335
2011,9,29,12,279.958606609824
2011,9,29,18,261.029021109515
2011,9,30,0,242.475473373629
2011,9,30,6,225.861983621475
2011,9,30,12,221.864426389236
2011,9,30,18,212.8699226167
2011,10,1,0,204.331528937535
2011,10,1,6,203.788864713849
2011,10,1,12,199.812496621872
2011,10,1,18,195.836128529894
2011,10,2,0,196.793843932262
2011,10,2,6,205.783933479136
2011,10,2,12,205.783933479136
2011,10,2,18,197.753340953121
2011,10,3,0,200.563155593488
2011,10,3,6,199.361258967583
2011,10,3,12,203.328647205743
2011,10,3,18,203.328647205743
2011,10,4,0,227.400671729088
2011,10,4,6,226.579475372497
2011,10,4,12,230.661988442272
2011,10,4,18,226.579475372497
2011,10,5,0,204.956235353449
2011,10,5,6,196.800409978544
2011,10,5,12,192.88398390932
2011,10,5,18,217.361646841974
2011,10,6,0,284.953206886152
2011,10,6,6,294.985252204984
2011,10,6,12,260.519621363164
2011,10,6,18,233.149855694661
2011,10,7,0,217.736019438175
2011,10,7,6,207.564496090512
2011,10,7,12,224.44773261462
2011,10,7,18,289.00128403033
2011,10,8,0,300.237750885701
2011,10,8,6,271.490801455078
2011,10,8,12,248.449146719038
2011,10,8,18,230.416547360398
2011,10,9,0,223.048729954933
2011,10,9,6,210.596956891658
2011,10,9,12,227.726852906769
2011,10,9,18,273.07069529971
2011,10,10,0,250.162685626653
2011,10,10,6,228.806432080985
2011,10,10,12,228.806432080985
2011,10,10,18,269.874253223726
2011,10,11,0,510.862263512815
2011,10,11,6,1595.21379088072
2011,10,11,12,3075.1109221797
2011,10,11,18,1652.87212067159
2011,10,12,0,1802.74718897129
2011,10,12,6,1198.37166426478
2011,10,12,12,919.750252323222
2011,10,12,18,831.869663610471
2011,10,13,0,777.265636640935
2011,10,13,6,640.654356219746
2011,10,13,12,570.692102030382
2011,10,13,18,498.730926292751
2011,10,14,0,458.581674176507
2011,10,14,6,415.275231764203
2011,10,14,12,384.179743395386
2011,10,14,18,361.108897186264
2011,10,15,0,332.28976189701
2011,10,15,6,321.570602618867
2011,10,15,12,305.5919391347
2011,10,15,18,290.611942118293
2011,10,16,0,280.161488732226
2011,10,16,6,264.767465412968
2011,10,16,12,260.78599976766
2011,10,16,18,250.832335654391
2011,10,17,0,239.066911699662
2011,10,17,6,235.216853629899
2011,10,17,12,227.175251796399
2011,10,17,18,223.154450879648
2011,10,18,0,213.839917965757
2011,10,18,6,209.561553282593
2011,10,18,12,205.550805851347
2011,10,18,18,205.550805851347
2011,10,19,0,200.833830788468
2011,10,19,6,196.146012729566
2011,10,19,12,192.163352572621
2011,10,19,18,192.163352572621
2011,10,20,0,190.220798686571
2011,10,20,6,208.538899841169
2011,10,20,12,247.194891031239
2011,10,20,18,337.731291450088
2011,10,21,0,358.847045336864
2011,10,21,6,307.609583343621
2011,10,21,12,297.21736769012
2011,10,21,18,475.963476930332
2011,10,22,0,1383.58699252261
2011,10,22,6,930.73398899985
2011,10,22,12,813.507992556872
2011,10,22,18,1003.49495230928
2011,10,23,0,1920.9082925611
2011,10,23,6,1075.01836272044
2011,10,23,12,809.143285511906
2011,10,23,18,654.609395870842
2011,10,24,0,561.571256685229
2011,10,24,6,502.677416138338
2011,10,24,12,481.522655138528
2011,10,24,18,448.279459281684
2011,10,25,0,421.464310046298
2011,10,25,6,382.851863435325
2011,10,25,12,359.860759364797
2011,10,25,18,342.867334617015
2011,10,26,0,327.378024254002
2011,10,26,6,316.853303259517
2011,10,26,12,306.826299991811
2011,10,26,18,296.799296724105
2011,10,27,0,295.663145801563
2011,10,27,6,299.504031650554
2011,10,27,12,284.5785815683
2011,10,27,18,274.628281513465
2011,10,28,0,266.915641286641
2011,10,28,6,265.11088284564
2011,10,28,12,254.992146859165
2011,10,28,18,353.143885927971
2011,10,29,0,714.58998671091
2011,10,29,6,622.922050060398
2011,10,29,12,496.722283030333
2011,10,29,18,436.146394855902
2011,10,30,0,397.828617380902
2011,10,30,6,373.758161496379
2011,10,30,12,355.673089165909
2011,10,30,18,508.391477734322
2011,10,31,0,918.527325861661
2011,10,31,6,805.397049518945
2011,10,31,12,640.472779328508
2011,10,31,18,569.646405627093
2011,11,1,0,522.438540853963
2011,11,1,6,483.830056695068
2011,11,1,12,437.941020389969
2011,11,1,18,406.018212525552
2011,11,2,0,381.983694978711
2011,11,2,6,364.940178293773
2011,11,2,12,342.006779111377
2011,11,2,18,337.021257549987
2011,11,3,0,418.079334750106
2011,11,3,6,590.288034706011
2011,11,3,12,530.662980695303
2011,11,3,18,495.881699189056
2011,11,4,0,484.255733124745
2011,11,4,6,446.418294898766
2011,11,4,12,415.319492332784
2011,11,4,18,390.23981284409
2011,11,5,0,371.788556001176
2011,11,5,6,358.445317672928
2011,11,5,12,341.518733227262
2011,11,5,18,325.587830219576
2011,11,6,0,321.108247587951
2011,11,6,6,310.620897231653
2011,11,6,12,295.639181931091
2011,11,6,18,290.645276830904
2011,11,7,0,285.080381616731
2011,11,7,6,279.5361538098
2011,11,7,12,269.588247980269
2011,11,7,18,284.510106724565
2011,11,8,0,319.651243920701
2011,11,8,6,370.226993832885
2011,11,8,12,444.272392599462
2011,11,8,18,451.471250812879
2011,11,9,0,444.407349649498
2011,11,9,6,412.470787109631
2011,11,9,12,381.585293388861
2011,11,9,18,387.563130883203
2011,11,10,0,424.352842292476
2011,11,10,6,424.2789681972
2011,11,10,12,405.355727831597
2011,11,10,18,399.379967716144
2011,11,11,0,405.621936713261
2011,11,11,6,411.641220361572
2011,11,11,12,438.096311644449
2011,11,11,18,1079.3677243414
2011,11,12,0,968.154361006117
2011,11,12,6,701.98664861626
2011,11,12,12,598.556146500904
2011,11,12,18,553.544724284036
2011,11,13,0,659.686740998412
2011,11,13,6,966.282242649947
2011,11,13,12,835.87008025192
2011,11,13,18,817.386466683696
2011,11,14,0,1125.22449219158
2011,11,14,6,1228.30482243568
2011,11,14,12,1002.29673510752
2011,11,14,18,818.542333671138
2011,11,15,0,704.495115617067
2011,11,15,6,631.526340473552
2011,11,15,12,569.457448976151
2011,11,15,18,519.211203478255
2011,11,16,0,495.11191478288
2011,11,16,6,470.618639031545
2011,11,16,12,451.634023019657
2011,11,16,18,444.639690804751
2011,11,17,0,571.104933134212
2011,11,17,6,1266.48276496569
2011,11,17,12,1101.7370394417
2011,11,17,18,868.004041354535
2011,11,18,0,748.446291114797
2011,11,18,6,690.491214149235
2011,11,18,12,625.29461882184
2011,11,18,18,586.76935794656
2011,11,19,0,542.44399625999
2011,11,19,6,500.073341821981
2011,11,19,12,479.319309849132
2011,11,19,18,452.635554455469
2011,11,20,0,441.499631676545
2011,11,20,6,418.312936680561
2011,11,20,12,399.389256211679
2011,11,20,18,399.389256211679
2011,11,21,0,388.316747578257
2011,11,21,6,372.175301225807
2011,11,21,12,389.183312303331
2011,11,21,18,407.191794620708
2011,11,22,0,466.583309911904
2011,11,22,6,602.304827507004
2011,11,22,12,2139.33408677351
2011,11,22,18,1952.828038183
2011,11,23,0,2144.48265708861
2011,11,23,6,5091.06202673704
2011,11,23,12,12442.5141182983
2011,11,23,18,5806.50658853919
2011,11,24,0,3335.34626504014
2011,11,24,6,2387.50283690065
2011,11,24,12,1923.53467426409
2011,11,24,18,1691.55059294581
2011,11,25,0,1699.48929637205
2011,11,25,6,1492.79927344275
2011,11,25,12,1268.39153952652
2011,11,25,18,1141.55238557387
2011,11,26,0,1055.01221473989
2011,11,26,6,977.96293351887
2011,11,26,12,910.483491106068
2011,11,26,18,930.042749776445
2011,11,27,0,1292.02062222822
2011,11,27,6,2523.23848065117
2011,11,27,12,7729.55860362371
2011,11,27,18,10412.6402459451
2011,11,28,0,4177.078675849
2011,11,28,6,2705.79811550845
2011,11,28,12,2259.57877716144
2011,11,28,18,1889.31166661818
2011,11,29,0,1633.57625262447
2011,11,29,6,1456.34810366327
2011,11,29,12,1357.9462047671
2011,11,29,18,1200.50316653324
2011,11,30,0,1136.81127870405
2011,11,30,6,1102.27055167406
2011,11,30,12,1002.96689837009
2011,11,30,18,924.517012259954
2011,12,1,0,883.688149986424
2011,12,1,6,825.129452022745
2011,12,1,12,797.394008257275
2011,12,1,18,770.649116054857
2011,12,2,0,753.963503920637
2011,12,2,6,711.390868529577
2011,12,2,12,685.55823922543
2011,12,2,18,669.661236576724
2011,12,3,0,648.81713836967
2011,12,3,6,597.496960984646
2011,12,3,12,604.53817096258
2011,12,3,18,581.402766749369
2011,12,4,0,568.30614910196
2011,12,4,6,540.608041940083
2011,12,4,12,532.730329124927
2011,12,4,18,512.051332985142
2011,12,5,0,500.915200671378
2011,12,5,6,489.637104563918
2011,12,5,12,475.704341425921
2011,12,5,18,468.737959856922
2011,12,6,0,470.92544154248
2011,12,6,6,454.029010886989
2011,12,6,12,427.912297871366
2011,12,6,18,440.970654379178
2011,12,7,0,427.251015295905
2011,12,7,6,420.58161378978
2011,12,7,12,420.58161378978
2011,12,7,18,401.555302689766
2011,12,8,0,399.311587591764
2011,12,8,6,391.130668031279
2011,12,8,12,373.306992019727
2011,12,8,18,373.306992019727
2011,12,9,0,365.19944154964
2011,12,9,6,355.925603610559
2011,12,9,12,355.925603610559
2011,12,9,18,355.925603610559
2011,12,10,0,355.246672220241
2011,12,10,6,349.560271157231
2011,12,10,12,349.560271157231
2011,12,10,18,338.542612180929
2011,12,11,0,337.427151705002
2011,12,11,6,336.312671843809
2011,12,11,12,330.342624414629
2011,12,11,18,325.367584890312
2011,12,12,0,326.527046856832
2011,12,12,6,311.654147542263
2011,12,12,12,301.633113859232
2011,12,12,18,296.622597017717
2011,12,13,0,301.653333770993
2011,12,13,6,296.66236604272
2011,12,13,12,296.66236604272
2011,12,13,18,301.673554658307
2011,12,14,0,300.349684074103
2011,12,14,6,294.060660264985
2011,12,14,12,284.126178499276
2011,12,14,18,279.158937616421
2011,12,15,0,280.959845026495
2011,12,15,6,287.796274334919
2011,12,15,12,287.796274334919
2011,12,15,18,277.733467539992
2011,12,16,0,276.385911962566
2011,12,16,6,275.042233304576
2011,12,16,12,280.024882458644
2011,12,16,18,275.042233304576
2011,12,17,0,279.398868494826
2011,12,17,6,283.785770153207
2011,12,17,12,283.785770153207
2011,12,17,18,283.785770153207
2011,12,18,0,241.882632238455
2011,12,18,6,226.093244891679
2011,12,18,12,371.306964045616
2011,12,18,18,392.523794697023
2011,12,19,0,378.273720718926
2011,12,19,6,332.232325110608
2011,12,19,12,285.942218572356
2011,12,19,18,256.093171398507
2011,12,20,0,273.187538943403
2011,12,20,6,300.222820495773
2011,12,20,12,320.508146204947
2011,12,20,18,347.893335912331
2011,12,21,0,349.564167834243
2011,12,21,6,323.42147940613
2011,12,21,12,312.541857774731
2011,12,21,18,292.760727535824
2011,12,22,0,288.989227032306
2011,12,22,6,270.222782057315
2011,12,22,12,261.248593723308
2011,12,22,18,261.248593723308
2011,12,23,0,261.568413928395
2011,12,23,6,251.889480849129
2011,12,23,12,247.891235121365
2011,12,23,18,247.891235121365
2011,12,24,0,251.091239374097
2011,12,24,6,264.734964354407
2011,12,24,12,349.065860257626
2011,12,24,18,650.095134241266
2011,12,25,0,701.105488584833
2011,12,25,6,530.14039683785
2011,12,25,12,475.098497712608
2011,12,25,18,475.098497712608
2011,12,26,0,522.238734145557
2011,12,26,6,487.278887513048
2011,12,26,12,447.66271779654
2011,12,26,18,410.027356565857
2011,12,27,0,411.799079338826
2011,12,27,6,426.067420372688
2011,12,27,12,463.918512387574
2011,12,27,18,497.887441118882
2011,12,28,0,1580.51895678864
2011,12,28,6,5244.82249455148
2011,12,28,12,6437.85078730354
2011,12,28,18,5278.58744623315
2011,12,29,0,6816.77649078825
2011,12,29,6,4252.01837062705
2011,12,29,12,2840.8278918723
2011,12,29,18,2149.06785326703
2011,12,30,0,1899.5595063965
2011,12,30,6,2323.5471034844
2011,12,30,12,2283.65788282373
2011,12,30,18,1834.90415039112
2011,12,31,0,1536.17720252117
2011,12,31,6,1312.6137554765
2011,12,31,12,1195.93697721192
2011,12,31,18,1069.53713409196
2012,1,1,0,987.667104397362
2012,1,1,6,925.460209880018
2012,1,1,12,886.120774816042
2012,1,1,18,819.243735207284
2012,1,2,0,798.672108251906
2012,1,2,6,752.722087034538
2012,1,2,12,726.293613237487
2012,1,2,18,717.484121971803
2012,1,3,0,1336.33864250319
2012,1,3,6,2759.26045470711
2012,1,3,12,1756.87286764554
2012,1,3,18,1789.20795109914
2012,1,4,0,2612.97067357879
2012,1,4,6,2277.05631965218
2012,1,4,12,2562.96473646949
2012,1,4,18,7433.61883725017
2012,1,5,0,6919.75078591297
2012,1,5,6,5514.33160848379
2012,1,5,12,4647.79378429348
2012,1,5,18,3072.27046758383
2012,1,6,0,2611.45934791601
2012,1,6,6,2163.13693606265
2012,1,6,12,1840.13458814379
2012,1,6,18,1654.16353934202
2012,1,7,0,1513.67071630981
2012,1,7,6,1309.86628012178
2012,1,7,12,1229.87444622121
2012,1,7,18,1189.87852927093
2012,1,8,0,1107.0886913168
2012,1,8,6,1045.49793015434
2012,1,8,12,970.261163218001
2012,1,8,18,959.513053655667
2012,1,9,0,942.369763908674
2012,1,9,6,976.682657886622
2012,1,9,12,945.533313859374
2012,1,9,18,965.629664844696
2012,1,10,0,937.936510518261
2012,1,10,6,910.588797319483
2012,1,10,12,833.470527839657
2012,1,10,18,814.685308350982
2012,1,11,0,768.575834933425
2012,1,11,6,714.64403363902
2012,1,11,12,697.863717932026
2012,1,11,18,681.083402225033
2012,1,12,0,660.241123219981
2012,1,12,6,632.124334356614
2012,1,12,12,608.157534949728
2012,1,12,18,600.168601814099
2012,1,13,0,578.858206909964
2012,1,13,6,565.451409780219
2012,1,13,12,551.390451100071
2012,1,13,18,522.264179548337
2012,1,14,0,526.929599599246
2012,1,14,6,531.534948208362
2012,1,14,12,560.401078354509
2012,1,14,18,524.567261621361
2012,1,15,0,496.063907485748
2012,1,15,6,502.381411873718
2012,1,15,12,481.531590432318
2012,1,15,18,467.631709471385
2012,1,16,0,456.846570497264
2012,1,16,6,439.929834518152
2012,1,16,12,432.915007999639
2012,1,16,18,426.902299555199
2012,1,17,0,447.659303902544
2012,1,17,6,430.190919352308
2012,1,17,12,424.131892319176
2012,1,17,18,430.190919352308
2012,1,18,0,415.312915440097
2012,1,18,6,387.644767655399
2012,1,18,12,399.602961002095
2012,1,18,18,393.623864328747
2012,1,19,0,398.944633607089
2012,1,19,6,423.117656189001
2012,1,19,12,429.077059797297
2012,1,19,18,398.286807821102
2012,1,20,0,380.090663824775
2012,1,20,6,380.609365805248
2012,1,20,12,380.609365805248
2012,1,20,18,481.900567995355
2012,1,21,0,949.674675068418
2012,1,21,6,1805.23450589228
2012,1,21,12,3376.85042866908
2012,1,21,18,2325.56680464946
2012,1,22,0,1635.01457178149
2012,1,22,6,1235.02222081412
2012,1,22,12,1072.26735450528
2012,1,22,18,976.529197853027
2012,1,23,0,1077.3558356895
2012,1,23,6,993.737635387495
2012,1,23,12,896.331669146542
2012,1,23,18,829.426561021444
2012,1,24,0,787.647496709147
2012,1,24,6,764.349898507873
2012,1,24,12,755.189913039736
2012,1,24,18,838.647558416095
2012,1,25,0,1423.97995891826
2012,1,25,6,2876.63938514605
2012,1,25,12,2063.45510665954
2012,1,25,18,1626.36855697303
2012,1,26,0,1363.09282865506
2012,1,26,6,1465.90113308329
2012,1,26,12,1455.72126410354
2012,1,26,18,1241.94401552889
2012,1,27,0,1109.77629323448
2012,1,27,6,971.809119358112
2012,1,27,12,910.821098493045
2012,1,27,18,861.830721076844
2012,1,28,0,801.296729322745
2012,1,28,6,779.923611688744
2012,1,28,12,744.247309248091
2012,1,28,18,717.4900824176
2012,1,29,0,731.391540069833
2012,1,29,6,878.106084790896
2012,1,29,12,1294.50528470402
2012,1,29,18,2847.91162634885
2012,1,30,0,3307.51856663666
2012,1,30,6,2711.20530328622
2012,1,30,12,2165.13215032751
2012,1,30,18,1801.08338168837
2012,1,31,0,1577.68954485042
2012,1,31,6,1504.62529493038
2012,1,31,12,1316.54713306408
2012,1,31,18,1207.65977619412
2012,2,1,0,1244.62933000733
2012,2,1,6,1373.77984038962
2012,2,1,12,1658.7119554334
2012,2,1,18,1465.36516308226
2012,2,2,0,1279.66099061776
2012,2,2,6,1129.25119858637
2012,2,2,12,1031.05544218756
2012,2,2,18,975.083861040232
2012,2,3,0,929.558767720695
2012,2,3,6,895.362962357484
2012,2,3,12,856.606962876971
2012,2,3,18,846.669527112737
2012,2,4,0,817.160558026565
2012,2,4,6,834.282030010546
2012,2,4,12,787.768085276862
2012,2,4,18,752.140382927658
2012,2,5,0,738.459850551189
2012,2,5,6,724.584888434874
2012,2,5,12,690.557421298429
2012,2,5,18,682.550958442795
2012,2,6,0,674.152758513316
2012,2,6,6,640.772843046697
2012,2,6,12,640.772843046697
2012,2,6,18,632.775678078876
2012,2,7,0,617.204944683652
2012,2,7,6,601.612291944089
2012,2,7,12,601.612291944089
2012,2,7,18,586.597010115201
2012,2,8,0,579.151828634023
2012,2,8,6,572.693610644218
2012,2,8,12,587.738101291614
2012,2,8,18,610.806320284289
2012,2,9,0,622.371593856345
2012,2,9,6,650.261645989673
2012,2,9,12,642.146056024123
2012,2,9,18,699.969634528665
2012,2,10,0,968.875145487414
2012,2,10,6,1043.61576713027
2012,2,10,12,1015.9906438827
2012,2,10,18,983.249757070773
2012,2,11,0,1025.41052634194
2012,2,11,6,1056.66813639086
2012,2,11,12,1056.66813639086
2012,2,11,18,987.540314383985
2012,2,12,0,932.838075606885
2012,2,12,6,876.701012769881
2012,2,12,12,828.935236818741
2012,2,12,18,765.247535550554
2012,2,13,0,765.3931870026
2012,2,13,6,720.741364528763
2012,2,13,12,695.853886471831
2012,2,13,18,678.930401393117
2012,2,14,0,659.556020515266
2012,2,14,6,641.297204017653
2012,2,14,12,633.392153737004
2012,2,14,18,593.866902333759
2012,2,15,0,579.331330380015
2012,2,15,6,556.86825513993
2012,2,15,12,549.94449353073
2012,2,15,18,521.260338292616
2012,2,16,0,516.522599622361
2012,2,16,6,504.74323595021
2012,2,16,12,497.76062201414
2012,2,16,18,504.74323595021
2012,2,17,0,508.982856523309
2012,2,17,6,499.026491948084
2012,2,17,12,484.826551120293
2012,2,17,18,484.826551120293
2012,2,18,0,745.658498629696
2012,2,18,6,840.69619441744
2012,2,18,12,860.08117948289
2012,2,18,18,919.256397051108
2012,2,19,0,870.274556163992
2012,2,19,6,824.609864770837
2012,2,19,12,769.831510764708
2012,2,19,18,700.38038336408
2012,2,20,0,676.077858057452
2012,2,20,6,636.965809473297
2012,2,20,12,597.707516131338
2012,2,20,18,567.282338791319
2012,2,21,0,600.020828873926
2012,2,21,6,736.340774663376
2012,2,21,12,1131.19017556982
2012,2,21,18,2283.72356199945
2012,2,22,0,4217.41667923262
2012,2,22,6,6068.54278112058
2012,2,22,12,4010.26314357491
2012,2,22,18,2589.76029512789
2012,2,23,0,2125.5086942013
2012,2,23,6,1608.39976730169
2012,2,23,12,1442.68585188273
2012,2,23,18,1257.47618170859
2012,2,24,0,1177.3544203814
2012,2,24,6,1143.37854769181
2012,2,24,12,1061.70865142811
2012,2,24,18,1184.21349582366
2012,2,25,0,1564.04564453452
2012,2,25,6,1821.19961034621
2012,2,25,12,1594.78019933019
2012,2,25,18,1378.20511053227
2012,2,26,0,1327.58577845277
2012,2,26,6,1139.53833062652
2012,2,26,12,1041.30226764148
2012,2,26,18,982.36062985045
2012,2,27,0,906.011415223584
2012,2,27,6,829.549406484615
2012,2,27,12,792.300221970136
2012,2,27,18,792.300221970136
2012,2,28,0,737.687962033805
2012,2,28,6,702.89696015054
2012,2,28,12,686.20806584529
2012,2,28,18,669.51917154004
2012,2,29,0,649.064888662458
2012,2,29,6,645.210332079663
2012,2,29,12,597.490615685482
2012,2,29,18,613.397187816876
2012,3,1,0,582.738131723005
2012,3,1,6,560.019392627142
2012,3,1,12,531.172923024678
2012,3,1,18,531.172923024678
2012,3,2,0,532.530982069987
2012,3,2,6,505.893915398389
2012,3,2,12,491.896850545469
2012,3,2,18,505.893915398389
2012,3,3,0,532.101661025184
2012,3,3,6,559.764362664298
2012,3,3,12,612.783937998621
2012,3,3,18,774.901485655494
2012,3,4,0,1340.99317784856
2012,3,4,6,1505.44116707229
2012,3,4,12,1296.07517694966
2012,3,4,18,1146.52804114777
2012,3,5,0,1162.92446633782
2012,3,5,6,1333.25046241357
2012,3,5,12,2574.19896973697
2012,3,5,18,2122.94496707391
2012,3,6,0,1576.28153299429
2012,3,6,6,1260.93311536405
2012,3,6,12,1115.44083282204
2012,3,6,18,979.648035782837
2012,3,7,0,911.679096730589
2012,3,7,6,842.279623815125
2012,3,7,12,778.02120181045
2012,3,7,18,733.53460196106
2012,3,8,0,700.647840026775
2012,3,8,6,677.524046540472
2012,3,8,12,652.688121080778
2012,3,8,18,644.740624933675
2012,3,9,0,653.446652966716
2012,3,9,6,687.060155689839
2012,3,9,12,687.060155689839
2012,3,9,18,747.800256410245
2012,3,10,0,1062.71391136933
2012,3,10,6,1985.12992202516
2012,3,10,12,2036.55815834705
2012,3,10,18,1810.27391853071
2012,3,11,0,1673.35885208823
2012,3,11,6,1491.3577230288
2012,3,11,12,1382.71576969557
2012,3,11,18,1293.82689878657
2012,3,12,0,1190.84388497458
2012,3,12,6,1066.89469116076
2012,3,12,12,1007.06882062838
2012,3,12,18,990.118157310874
2012,3,13,0,1000.99016020505
2012,3,13,6,1045.07939813208
2012,3,13,12,935.547038135547
2012,3,13,18,895.351676668929
2012,3,14,0,855.05558753911
2012,3,14,6,797.821444196527
2012,3,14,12,743.697878886713
2012,3,14,18,725.656690450108
2012,3,15,0,754.590477462376
2012,3,15,6,765.168713879835
2012,3,15,12,1239.21925384138
2012,3,15,18,1465.42594303465
2012,3,16,0,1505.78509836611
2012,3,16,6,1506.35752686128
2012,3,16,12,1486.13796274233
2012,3,16,18,1364.82057802868
2012,3,17,0,1219.57829190431
2012,3,17,6,1097.10513729699
2012,3,17,12,1008.15066670534
2012,3,17,18,949.836069317482
2012,3,18,0,910.241501874239
2012,3,18,6,851.426177232161
2012,3,18,12,822.136308739003
2012,3,18,18,767.596553613811
2012,3,19,0,727.438150934049
2012,3,19,6,698.65921764462
2012,3,19,12,681.667505627512
2012,3,19,18,656.679693837647
2012,3,20,0,638.550236353751
2012,3,20,6,636.413099815
2012,3,20,12,701.940813680507
2012,3,20,18,660.241359402457
2012,3,21,0,628.258610234711
2012,3,21,6,635.984318687224
2012,3,21,12,589.352083151655
2012,3,21,18,596.297309720782
2012,3,22,0,584.474295560008
2012,3,22,6,557.458549325457
2012,3,22,12,535.400836942076
2012,3,22,18,521.364110879924
2012,3,23,0,515.078496918777
2012,3,23,6,494.696035176916
2012,3,23,12,487.657676952854
2012,3,23,18,487.657676952854
2012,3,24,0,472.898893456873
2012,3,24,6,472.216968062219
2012,3,24,12,459.183378710183
2012,3,24,18,446.149789358147
2012,3,25,0,452.000666350893
2012,3,25,6,443.852283336863
2012,3,25,12,437.867758168276
2012,3,25,18,443.852283336863
2012,3,26,0,464.854879333612
2012,3,26,6,478.935379034963
2012,3,26,12,485.949077054303
2012,3,26,18,492.962775073643
2012,3,27,0,499.450395637243
2012,3,27,6,491.925607022551
2012,3,27,12,484.926665459222
2012,3,27,18,477.927723895893
2012,3,28,0,526.990051632226
2012,3,28,6,617.069984231477
2012,3,28,12,724.08212088102
2012,3,28,18,769.087225079426
2012,3,29,0,844.530185868889
2012,3,29,6,845.963216579186
2012,3,29,12,884.096789805769
2012,3,29,18,1344.71021377949
2012,3,30,0,1405.93211868623
2012,3,30,6,1366.03607731177
2012,3,30,12,1366.03607731177
2012,3,30,18,1437.39617090268
2012,3,31,0,1375.12697434808
2012,3,31,6,1203.41440262718
2012,3,31,12,1083.07296236446
2012,3,31,18,1093.10141571969
2012,4,1,0,1065.69974090617
2012,4,1,6,1088.74357034614
2012,4,1,12,1150.37056489404
2012,4,1,18,1037.38774155623
2012,4,2,0,1021.29275466635
2012,4,2,6,936.602044418944
2012,4,2,12,857.971267044771
2012,4,2,18,820.148867801498
2012,4,3,0,813.26596430768
2012,4,3,6,807.31740206873
2012,4,3,12,826.372098515072
2012,4,3,18,943.70891347413
2012,4,4,0,959.934749159881
2012,4,4,6,886.465278374165
2012,4,4,12,828.760467885162
2012,4,4,18,774.040388973177
2012,4,5,0,749.534893134047
2012,4,5,6,724.86343709346
2012,4,5,12,690.822888942663
2012,4,5,18,674.803807459934
2012,4,6,0,653.483603113442
2012,4,6,6,625.477733181986
2012,4,6,12,601.762937611105
2012,4,6,18,579.036258522344
2012,4,7,0,557.963381614941
2012,4,7,6,552.661586128825
2012,4,7,12,530.793681641714
2012,4,7,18,516.877742422642
2012,4,8,0,529.370052308543
2012,4,8,6,527.947666083121
2012,4,8,12,514.106341504163
2012,4,8,18,500.265016925204
2012,4,9,0,513.992224242467
2012,4,9,6,564.277703872999
2012,4,9,12,564.277703872999
2012,4,9,18,564.277703872999
2012,4,10,0,676.341330347414
2012,4,10,6,756.336704939493
2012,4,10,12,774.24994268806
2012,4,10,18,792.163180436627
2012,4,11,0,1038.15927264757
2012,4,11,6,1061.35907020779
2012,4,11,12,1041.33342737368
2012,4,11,18,973.246241737705
2012,4,12,0,1049.96303148087
2012,4,12,6,1148.44543605171
2012,4,12,12,1068.55357963072
2012,4,12,18,1018.6211693676
2012,4,13,0,1198.79639108609
2012,4,13,6,1109.27389703311
2012,4,13,12,981.357627825687
2012,4,13,18,920.397530781525
2012,4,14,0,939.146621275689
2012,4,14,6,937.908382941562
2012,4,14,12,898.039801307489
2012,4,14,18,830.263212529566
2012,4,15,0,816.42794311065
2012,4,15,6,811.578349562948
2012,4,15,12,775.136117847136
2012,4,15,18,739.678811312832
2012,4,16,0,794.790487030303
2012,4,16,6,842.565107811627
2012,4,16,12,1283.51441484818
2012,4,16,18,2163.34284438121
2012,4,17,0,2466.34896490126
2012,4,17,6,1933.97860957051
2012,4,17,12,1578.75804862899
2012,4,17,18,1332.07710353071
2012,4,18,0,1204.04198389008
2012,4,18,6,1095.6823682664
2012,4,18,12,1036.45629430605
2012,4,18,18,1036.45629430605
2012,4,19,0,1018.7579072468
2012,4,19,6,946.838240008086
2012,4,19,12,897.255572857612
2012,4,19,18,887.720444559444
2012,4,20,0,1517.621772606
2012,4,20,6,4532.16452255091
2012,4,20,12,3708.13460935984
2012,4,20,18,2904.2029867344
2012,4,21,0,2273.36677870353
2012,4,21,6,1929.1235649407
2012,4,21,12,1701.58591369128
2012,4,21,18,1572.97767602857
2012,4,22,0,1559.26582194936
2012,4,22,6,1615.67571730432
2012,4,22,12,1686.36152993639
2012,4,22,18,1858.02707489997
2012,4,23,0,2440.59543462451
2012,4,23,6,2225.96213641514
2012,4,23,12,2105.09541407586
2012,4,23,18,2175.60100210711
2012,4,24,0,2786.10005437953
2012,4,24,6,2572.46033892167
2012,4,24,12,2301.67504008781
2012,4,24,18,3051.54202147388
2012,4,25,0,3042.53583948796
2012,4,25,6,3082.73550774076
2012,4,25,12,3102.88410583057
2012,4,25,18,3576.37616094107
2012,4,26,0,3593.47623568132
2012,4,26,6,3706.46203879339
2012,4,26,12,3960.73120240455
2012,4,26,18,3276.16037729759
2012,4,27,0,2839.81771294019
2012,4,27,6,2532.66540587382
2012,4,27,12,2172.28613863486
2012,4,27,18,1952.05436421105
2012,4,28,0,1766.16707470766
2012,4,28,6,1639.6992583324
2012,4,28,12,1488.80668854721
2012,4,28,18,1438.50916528548
2012,4,29,0,1419.80674259544
2012,4,29,6,1360.74627416284
2012,4,29,12,1370.82587619368
2012,4,29,18,1390.98508025535
2012,4,30,0,1455.07348757197
2012,4,30,6,1848.24239020177
2012,4,30,12,2577.54884687598
2012,4,30,18,3027.12132016831
2012,5,1,0,3559.1133159706
2012,5,1,6,3309.4508636105
2012,5,1,12,2747.46864148796
2012,5,1,18,2351.99967036469
2012,5,2,0,2263.03435355211
2012,5,2,6,1944.25615292278
2012,5,2,12,1742.77883137637
2012,5,2,18,1571.52310806193
2012,5,3,0,1539.85702220385
2012,5,3,6,1397.64090633292
2012,5,3,12,1407.69587688208
2012,5,3,18,1417.75084743124
2012,5,4,0,1613.96412628991
2012,5,4,6,1659.96257320906
2012,5,4,12,1588.23579535435
2012,5,4,18,1547.24906515165
2012,5,5,0,1435.14277259261
2012,5,5,6,1333.19654769156
2012,5,5,12,1271.66439933656
2012,5,5,18,1271.66439933656
2012,5,6,0,1211.80563459716
2012,5,6,6,1143.32884684114
2012,5,6,12,1083.67690700595
2012,5,6,18,994.198997253167
2012,5,7,0,1065.78514030654
2012,5,7,6,1057.80003288101
2012,5,7,12,1057.80003288101
2012,5,7,18,1037.84154169458
2012,5,8,0,1347.33226378501
2012,5,8,6,1357.47165339163
2012,5,8,12,1357.47165339163
2012,5,8,18,1408.12358075699
2012,5,9,0,1606.53276038578
2012,5,9,6,1552.43910883465
2012,5,9,12,1373.31151935372
2012,5,9,18,1233.99006086856
2012,5,10,0,1193.98638498742
2012,5,10,6,1084.35816938272
2012,5,10,12,994.824008608002
2012,5,10,18,956.02587227229
2012,5,11,0,895.59831996425
2012,5,11,6,875.392612774882
2012,5,11,12,845.942049236052
2012,5,11,18,808.3671923072
2012,5,12,0,860.996535122211
2012,5,12,6,894.811978772324
2012,5,12,12,846.682684634186
2012,5,12,18,855.522759067721
2012,5,13,0,1208.9693606223
2012,5,13,6,1219.65267769215
2012,5,13,12,1179.6640653088
2012,5,13,18,1279.63559626717
2012,5,14,0,1913.12738877811
2012,5,14,6,1726.12629267654
2012,5,14,12,1585.62764094705
2012,5,14,18,1766.26876459925
2012,5,15,0,2410.82571363295
2012,5,15,6,2093.1630111793
2012,5,15,12,1803.78563636188
2012,5,15,18,1803.78563636188
2012,5,16,0,2187.70087370754
2012,5,16,6,1967.52950912743
2012,5,16,12,1670.91702031425
2012,5,16,18,1532.4978588681
2012,5,17,0,1710.4243899311
2012,5,17,6,1821.02639330303
2012,5,17,12,1690.59644723399
2012,5,17,18,1642.79093768297
2012,5,18,0,1580.72630484608
2012,5,18,6,1453.7077094156
2012,5,18,12,1384.63916742177
2012,5,18,18,1341.85730686813
2012,5,19,0,1258.88373794434
2012,5,19,6,1113.70914910152
2012,5,19,12,1072.37507839535
2012,5,19,18,1348.75849214728
2012,5,20,0,1271.44346908777
2012,5,20,6,1032.70943789354
2012,5,20,12,1168.02081855174
2012,5,20,18,1378.45868198061
2012,5,21,0,1970.08909910726
2012,5,21,6,2564.59682452585
2012,5,21,12,2808.1950100396
2012,5,21,18,3155.34420635346
2012,5,22,0,5773.90911468076
2012,5,22,6,7659.99099179153
2012,5,22,12,5124.26983588813
2012,5,22,18,4300.16046021952
2012,5,23,0,3576.97033376303
2012,5,23,6,3366.48006237103
2012,5,23,12,3042.97447079183
2012,5,23,18,3042.97447079183
2012,5,24,0,2798.28957707939
2012,5,24,6,2368.06477348162
2012,5,24,12,2079.51906578848
2012,5,24,18,1870.57217401069
2012,5,25,0,1925.34836477431
2012,5,25,6,1684.92023475322
2012,5,25,12,1480.68747902556
2012,5,25,18,1429.62929009364
2012,5,26,0,1684.18874982104
2012,5,26,6,1555.44055004917
2012,5,26,12,1429.06100535767
2012,5,26,18,1409.61799848206
2012,5,27,0,1767.5736003958
2012,5,27,6,1628.42498074266
2012,5,27,12,1461.65856705214
2012,5,27,18,1363.56067664596
2012,5,28,0,1485.13653089187
2012,5,28,6,1407.45556231261
2012,5,28,12,1356.8276643877
2012,5,28,18,1346.70208480271
2012,5,29,0,1412.89105423697
2012,5,29,6,1348.56385686
2012,5,29,12,1279.15248187456
2012,5,29,18,1179.9933747525
2012,5,30,0,1131.69242149925
2012,5,30,6,1142.93029462599
2012,5,30,12,1082.24373030956
2012,5,30,18,1051.90044815135
2012,5,31,0,1114.15655873705
2012,5,31,6,1284.92372428895
2012,5,31,12,1523.97930090085
2012,5,31,18,1693.31033433427
2012,6,1,0,1721.4175806789
2012,6,1,6,1679.88315247184
2012,6,1,12,1978.08726237809
2012,6,1,18,2385.63287924995
2012,6,2,0,2751.37589041408
2012,6,2,6,2275.81802284707
2012,6,2,12,2024.06824155868
2012,6,2,18,1852.87839028257
2012,6,3,0,1743.09494744726
2012,6,3,6,1542.45360707763
2012,6,3,12,1441.63964583073
2012,6,3,18,1260.1745155863
2012,6,4,0,1288.36840936214
2012,6,4,6,1236.70529828303
2012,6,4,12,1167.44980157918
2012,6,4,18,1078.4070201028
2012,6,5,0,1186.50891446463
2012,6,5,6,1307.82079911391
2012,6,5,12,1512.16779897546
2012,6,5,18,1818.68829876778
2012,6,6,0,1616.13570372746
2012,6,6,6,1392.6475759414
2012,6,6,12,1249.28679606508
2012,6,6,18,1095.68596048331
2012,6,7,0,1068.62462615596
2012,6,7,6,1031.70385136215
2012,6,7,12,1102.50705684778
2012,6,7,18,1679.04744437369
2012,6,8,0,1944.85872217863
2012,6,8,6,1706.67091311904
2012,6,8,12,1485.80761848011
2012,6,8,18,1305.1012865028
2012,6,9,0,1379.98087795131
2012,6,9,6,1304.82635323014
2012,6,9,12,1175.33976855845
2012,6,9,18,1065.77419691317
2012,6,10,0,1048.13963166967
2012,6,10,6,1000.40863028892
2012,6,10,12,982.401274943721
2012,6,10,18,961.392693707654
2012,6,11,0,1031.45373955172
2012,6,11,6,1022.50590490167
2012,6,11,12,955.64974958118
2012,6,11,18,944.834783279335
2012,6,12,0,1282.56710921411
2012,6,12,6,1277.10740959301
2012,6,12,12,1207.80700752207
2012,6,12,18,1188.00689264466
2012,6,13,0,1371.58822163613
2012,6,13,6,1486.72995028781
2012,6,13,12,1476.75189693018
2012,6,13,18,1327.08109656563
2012,6,14,0,1247.28951662174
2012,6,14,6,1157.51509598169
2012,6,14,12,1087.66504708624
2012,6,14,18,1007.83641977716
2012,6,15,0,966.668739592342
2012,6,15,6,942.611182057187
2012,6,15,12,883.140445018879
2012,6,15,18,844.484465943978
2012,6,16,0,1028.88169385808
2012,6,16,6,1059.63906436964
2012,6,16,12,1173.81970876798
2012,6,16,18,2091.53329925932
2012,6,17,0,5681.02153126743
2012,6,17,6,4886.1096750712
2012,6,17,12,3501.71193380103
2012,6,17,18,2768.79548254035
2012,6,18,0,2565.85791634344
2012,6,18,6,3443.36785922977
2012,6,18,12,2969.7814487913
2012,6,18,18,2387.664819294
2012,6,19,0,2072.49468420338
2012,6,19,6,1879.32956104071
2012,6,19,12,1615.20756867823
2012,6,19,18,1544.09780150372
2012,6,20,0,1450.23478022068
2012,6,20,6,1407.9158113365
2012,6,20,12,1289.76902996561
2012,6,20,18,1260.23233462288
2012,6,21,0,1513.93714616526
2012,6,21,6,1481.7455846505
2012,6,21,12,1382.29957225785
2012,6,21,18,1422.07797721491
2012,6,22,0,1673.80800928693
2012,6,22,6,1597.94907421616
2012,6,22,12,1430.2630602552
2012,6,22,18,1499.31024247442
2012,6,23,0,1831.15587376591
2012,6,23,6,2246.92845595998
2012,6,23,12,1928.87009004784
2012,6,23,18,2041.72951021021
2012,6,24,0,2053.78103088164
2012,6,24,6,1785.52984518691
2012,6,24,12,1625.92941209757
2012,6,24,18,1406.47881659974
2012,6,25,0,1350.34644082198
2012,6,25,6,1294.67317521909
2012,6,25,12,1215.60916451868
2012,6,25,18,1116.77915114318
2012,6,26,0,1155.53094566027
2012,6,26,6,1154.61924305848
2012,6,26,12,1124.49874106565
2012,6,26,18,1154.61924305848
2012,6,27,0,1256.99086884541
2012,6,27,6,1179.56306686358
2012,6,27,12,1110.1770041069
2012,6,27,18,1030.87864667069
2012,6,28,0,1141.77757334513
2012,6,28,6,1153.32243016932
2012,6,28,12,1040.04969149197
2012,6,28,18,1040.04969149197
2012,6,29,0,1271.37235622132
2012,6,29,6,1275.08754317909
2012,6,29,12,1284.97194273862
2012,6,29,18,1205.8967462624
2012,6,30,0,1276.72069837533
2012,6,30,6,1288.26317134962
2012,6,30,12,1417.08948848458
2012,6,30,18,1773.8392897814
2012,7,1,0,1844.89129076607
2012,7,1,6,2592.9589648061
2012,7,1,12,2131.33369455653
2012,7,1,18,1817.03563821639
2012,7,2,0,1632.45485553734
2012,7,2,6,1474.91881313595
2012,7,2,12,1325.43379829109
2012,7,2,18,1165.98311578991
2012,7,3,0,1154.87259482344
2012,7,3,6,1352.64707860282
2012,7,3,12,3650.15792534732
2012,7,3,18,3510.91484372644
2012,7,4,0,2777.68736381933
2012,7,4,6,1973.2277039652
2012,7,4,12,1753.9801813024
2012,7,4,18,1544.69845512427
2012,7,5,0,1478.50107537827
2012,7,5,6,1349.95692237596
2012,7,5,12,1278.90655804038
2012,7,5,18,1207.8561937048
2012,7,6,0,1408.0584851876
2012,7,6,6,1344.60383135144
2012,7,6,12,1203.06658594603
2012,7,6,18,1122.18816000008
2012,7,7,0,1412.22520215986
2012,7,7,6,1348.68993530108
2012,7,7,12,1207.78203161291
2012,7,7,18,1137.32807976882
2012,7,8,0,1520.17403461983
2012,7,8,6,1359.43710200268
2012,7,8,12,1228.52834403205
2012,7,8,18,1258.73805740988
2012,7,9,0,1586.42024601368
2012,7,9,6,1451.64871505841
2012,7,9,12,1341.52364012295
2012,7,9,18,1301.47815832823
2012,7,10,0,1504.2758544052
2012,7,10,6,1328.32845667673
2012,7,10,12,1110.24468020742
2012,7,10,18,984.350863791041
2012,7,11,0,1169.88053093222
2012,7,11,6,1119.4775625881
2012,7,11,12,969.205349231678
2012,7,11,18,938.949198891459
2012,7,12,0,1174.84978434738
2012,7,12,6,1071.24910127532
2012,7,12,12,965.106988488408
2012,7,12,18,885.500403898224
2012,7,13,0,1141.44292663629
2012,7,13,6,1042.45317763054
2012,7,13,12,933.19606574426
2012,7,13,18,854.009718597325
2012,7,14,0,983.23483588923
2012,7,14,6,941.147512491134
2012,7,14,12,871.136539192112
2012,7,14,18,862.135128339381
2012,7,15,0,963.929354211429
2012,7,15,6,946.59199366593
2012,7,15,12,876.176011140303
2012,7,15,18,828.896708587382
2012,7,16,0,780.739923570555
2012,7,16,6,769.84822095866
2012,7,16,12,690.761082524675
2012,7,16,18,690.761082524675
2012,7,17,0,892.519766245179
2012,7,17,6,844.946125601939
2012,7,17,12,788.816845609402
2012,7,17,18,788.816845609402
2012,7,18,0,942.320809853395
2012,7,18,6,871.434236880775
2012,7,18,12,751.374410904089
2012,7,18,18,699.348486314192
2012,7,19,0,757.364080249027
2012,7,19,6,718.621712080302
2012,7,19,12,660.05999797431
2012,7,19,18,612.416569549097
2012,7,20,0,700.440515456627
2012,7,20,6,689.898688677444
2012,7,20,12,697.991341917062
2012,7,20,18,796.114762447432
2012,7,21,0,771.548782134397
2012,7,21,6,703.514880612762
2012,7,21,12,653.761352988097
2012,7,21,18,613.958530888365
2012,7,22,0,613.982264413526
2012,7,22,6,606.044818741721
2012,7,22,12,560.268034403266
2012,7,22,18,538.374789719657
2012,7,23,0,536.642675534558
2012,7,23,6,586.543423325135
2012,7,23,12,1024.92881930517
2012,7,23,18,1268.4762615163
2012,7,24,0,951.458886533081
2012,7,24,6,740.675144648207
2012,7,24,12,664.733751654982
2012,7,24,18,592.737366089977
2012,7,25,0,604.250590697091
2012,7,25,6,592.911393249985
2012,7,25,12,561.968206060171
2012,7,25,18,526.034182226839
2012,7,26,0,593.92027127554
2012,7,26,6,594.928195623575
2012,7,26,12,527.823500157616
2012,7,26,18,513.801623493087
2012,7,27,0,580.974309764282
2012,7,27,6,575.98699486426
2012,7,27,12,531.602708044597
2012,7,27,18,482.174752268155
2012,7,28,0,471.495948191737
2012,7,28,6,481.794299734204
2012,7,28,12,461.926493559598
2012,7,28,18,436.09834553261
2012,7,29,0,424.866334137429
2012,7,29,6,445.575493863406
2012,7,29,12,420.543162747484
2012,7,29,18,401.518591099384
2012,7,30,0,407.85872283325
2012,7,30,6,433.264019022347
2012,7,30,12,415.211351563082
2012,7,30,18,390.138202314104
2012,7,31,0,378.914529107165
2012,7,31,6,385.770060178472
2012,7,31,12,385.770060178472
2012,7,31,18,374.690502314338
2012,8,1,0,360.623836422684
2012,8,1,6,375.58382992354
2012,8,1,12,364.625150535851
2012,8,1,18,352.670227567462
2012,8,2,0,349.618126990816
2012,8,2,6,368.675560217364
2012,8,2,12,356.587836931548
2012,8,2,18,345.507423919551
2012,8,3,0,332.839925556394
2012,8,3,6,348.216909657216
2012,8,3,12,337.24159158779
2012,8,3,18,321.277492577718
2012,8,4,0,325.688256931506
2012,8,4,6,351.954204152267
2012,8,4,12,346.983099573845
2012,8,4,18,336.046669501317
2012,8,5,0,364.343767644432
2012,8,5,6,387.727713690558
2012,8,5,12,375.766961597276
2012,8,5,18,364.802938845101
2012,8,6,0,387.060943957647
2012,8,6,6,398.31424712656
2012,8,6,12,380.434804612151
2012,8,6,18,357.588850288183
2012,8,7,0,364.263307127761
2012,8,7,6,358.995047931941
2012,8,7,12,342.042504001821
2012,8,7,18,331.073210870567
2012,8,8,0,331.515193027003
2012,8,8,6,342.955958930896
2012,8,8,12,331.957371326698
2012,8,8,18,321.958655322882
2012,8,9,0,314.740715754935
2012,8,9,6,313.523524693635
2012,8,9,12,303.601894165355
2012,8,9,18,293.680263637076
2012,8,10,0,279.648093804748
2012,8,10,6,290.481462109728
2012,8,10,12,285.490371695471
2012,8,10,18,275.508190866958
2012,8,11,0,265.391673332729
2012,8,11,6,275.229454894998
2012,8,11,12,270.243414045451
2012,8,11,18,265.257373195904
2012,8,12,0,257.148015199848
2012,8,12,6,272.069594597245
2012,8,12,12,267.049860379583
2012,8,12,18,258.014338787793
2012,8,13,0,252.58423972079
2012,8,13,6,266.183833056148
2012,8,13,12,262.181068649289
2012,8,13,18,257.177613140715
2012,8,14,0,248.330876270985
2012,8,14,6,252.498334314654
2012,8,14,12,248.490424246167
2012,8,14,18,243.480536660559
2012,8,15,0,238.730402065669
2012,8,15,6,246.950798926227
2012,8,15,12,246.950798926227
2012,8,15,18,241.971952173682
2012,8,16,0,233.522603015796
2012,8,16,6,243.036892287675
2012,8,16,12,243.036892287675
2012,8,16,18,234.03552590665
2012,8,17,0,230.2587119209
2012,8,17,6,239.501341963758
2012,8,17,12,239.501341963758
2012,8,17,18,234.490853638156
2012,8,18,0,230.754218647325
2012,8,18,6,235.043853258467
2012,8,18,12,235.043853258467
2012,8,18,18,227.008165967579
2012,8,19,0,223.054102426423
2012,8,19,6,227.138036009149
2012,8,19,12,227.138036009149
2012,8,19,18,227.138036009149
2012,8,20,0,222.117546271054
2012,8,20,6,225.102782992148
2012,8,20,12,225.102782992148
2012,8,20,18,216.138512872992
2012,8,21,0,213.194467776977
2012,8,21,6,214.236370487213
2012,8,21,12,210.213152262101
2012,8,21,18,202.166715811877
2012,8,22,0,205.572899267208
2012,8,22,6,200.957334836938
2012,8,22,12,200.957334836938
2012,8,22,18,196.95818389491
2012,8,23,0,196.68149384945
2012,8,23,6,192.416938680104
2012,8,23,12,192.416938680104
2012,8,23,18,188.429022852537
2012,8,24,0,184.792666692832
2012,8,24,6,185.144385059547
2012,8,24,12,185.144385059547
2012,8,24,18,182.142043680203
2012,8,25,0,182.345704274032
2012,8,25,6,178.537306976997
2012,8,25,12,178.537306976997
2012,8,25,18,174.525232662907
2012,8,26,0,170.454626479401
2012,8,26,6,170.396098031483
2012,8,26,12,170.396098031483
2012,8,26,18,170.396098031483
2012,8,27,0,167.168738588557
2012,8,27,6,166.948450955765
2012,8,27,12,166.948450955765
2012,8,27,18,166.948450955765
2012,8,28,0,167.14063519242
2012,8,28,6,167.332931662685
2012,8,28,12,170.338912470997
2012,8,28,18,167.332931662685
2012,8,29,0,166.849694681762
2012,8,29,6,166.366979948253
2012,8,29,12,169.355608330557
2012,8,29,18,169.355608330557
2012,8,30,0,166.994071019451
2012,8,30,6,167.62196303824
2012,8,30,12,167.62196303824
2012,8,30,18,163.607065719959
2012,8,31,0,163.303748851775
2012,8,31,6,160.000727713314
2012,8,31,12,160.000727713314
2012,8,31,18,160.000727713314
2012,9,1,0,156.692105477934
2012,9,1,6,157.384791376891
2012,9,1,12,157.384791376891
2012,9,1,18,154.358160773489
2012,9,2,0,153.052188933767
2012,9,2,6,151.749782817466
2012,9,2,12,151.749782817466
2012,9,2,18,151.749782817466
2012,9,3,0,152.449295789111
2012,9,3,6,150.14692317038
2012,9,3,12,150.14692317038
2012,9,3,18,146.14300521917
2012,9,4,0,146.676890299415
2012,9,4,6,147.210968711057
2012,9,4,12,144.186085792337
2012,9,4,18,147.210968711057
2012,9,5,0,144.10708997329
2012,9,5,6,144.028113758781
2012,9,5,12,144.028113758781
2012,9,5,18,144.028113758781
2012,9,6,0,143.724287733894
2012,9,6,6,143.420426109034
2012,9,6,12,143.420426109034
2012,9,6,18,143.420426109034
2012,9,7,0,139.752982561934
2012,9,7,6,139.095195959146
2012,9,7,12,142.075807301128
2012,9,7,18,139.095195959146
2012,9,8,0,139.714955950233
2012,9,8,6,137.328785368716
2012,9,8,12,140.335985048323
2012,9,8,18,140.335985048323
2012,9,9,0,136.28301672455
2012,9,9,6,138.203468922549
2012,9,9,12,138.203468922549
2012,9,9,18,138.203468922549
2012,9,10,0,146.496795805014
2012,9,10,6,173.129575623643
2012,9,10,12,226.236807410036
2012,9,10,18,240.044687674499
2012,9,11,0,190.680331732354
2012,9,11,6,166.926588119575
2012,9,11,12,162.928346487968
2012,9,11,18,155.931423632657
2012,9,12,0,149.747638135495
2012,9,12,6,149.559634241388
2012,9,12,12,145.571377328284
2012,9,12,18,142.580184643456
2012,9,13,0,142.829525820262
2012,9,13,6,137.07555445927
2012,9,13,12,137.07555445927
2012,9,13,18,133.073348489656
2012,9,14,0,130.721781808688
2012,9,14,6,131.372534110039
2012,9,14,12,128.340860245962
2012,9,14,18,128.340860245962
2012,9,15,0,125.169651613931
2012,9,15,6,125.030174705078
2012,9,15,12,125.030174705078
2012,9,15,18,125.030174705078
2012,9,16,0,124.649243129982
2012,9,16,6,124.268671256025
2012,9,16,12,124.268671256025
2012,9,16,18,124.268671256025
2012,9,17,0,121.73887979367
2012,9,17,6,122.216507535718
2012,9,17,12,122.216507535718
2012,9,17,18,122.216507535718
2012,9,18,0,120.961854159333
2012,9,18,6,119.711572504486
2012,9,18,12,119.711572504486
2012,9,18,18,119.711572504486
2012,9,19,0,120.768955559327
2012,9,19,6,118.809196540685
2012,9,19,12,118.809196540685
2012,9,19,18,118.809196540685
2012,9,20,0,118.375661699039
2012,9,20,6,117.942818106246
2012,9,20,12,117.942818106246
2012,9,20,18,117.942818106246
2012,9,21,0,117.96754020337
2012,9,21,6,117.99226501288
2012,9,21,12,117.99226501288
2012,9,21,18,117.99226501288
2012,9,22,0,118.078875933433
2012,9,22,6,118.165515887547
2012,9,22,12,121.169723918586
2012,9,22,18,121.169723918586
2012,9,23,0,120.911068868834
2012,9,23,6,120.652750695943
2012,9,23,12,117.66136018282
2012,9,23,18,117.66136018282
2012,9,24,0,119.138216555136
2012,9,24,6,117.554150238405
2012,9,24,12,117.554150238405
2012,9,24,18,117.554150238405
2012,9,25,0,119.536601993999
2012,9,25,6,115.444558546246
2012,9,25,12,115.444558546246
2012,9,25,18,115.444558546246
2012,9,26,0,115.796317024519
2012,9,26,6,114.12872225466
2012,9,26,12,116.148699639698
2012,9,26,18,114.12872225466
2012,9,27,0,115.391181768434
2012,9,27,6,112.641434731062
2012,9,27,12,112.641434731062
2012,9,27,18,112.641434731062
2012,9,28,0,112.760349477594
2012,9,28,6,112.879338930447
2012,9,28,12,109.882542321674
2012,9,28,18,109.882542321674
2012,9,29,0,109.950732319446
2012,9,29,6,110.018929219803
2012,9,29,12,110.018929219803
2012,9,29,18,110.018929219803
2012,9,30,0,109.935715992094
2012,9,30,6,109.852526585388
2012,9,30,12,106.856548587605
2012,9,30,18,106.856548587605
2012,10,1,0,106.933034360508
2012,10,1,6,107.009537762784
2012,10,1,12,107.009537762784
2012,10,1,18,107.009537762784
2012,10,2,0,107.009742187348
2012,10,2,6,107.009946612168
2012,10,2,12,107.009946612168
2012,10,2,18,107.009946612168
2012,10,3,0,106.930556424719
2012,10,3,6,103.855358267753
2012,10,3,12,106.851185910092
2012,10,3,18,103.855358267753
2012,10,4,0,103.945693102248
2012,10,4,6,104.036065580997
2012,10,4,12,104.036065580997
2012,10,4,18,104.036065580997
2012,10,5,0,103.837814560721
2012,10,5,6,101.646686480476
2012,10,5,12,101.646686480476
2012,10,5,18,101.646686480476
2012,10,6,0,102.282209770333
2012,10,6,6,102.919213345898
2012,10,6,12,102.919213345898
2012,10,6,18,99.9930788488085
2012,10,7,0,102.05460998492
2012,10,7,6,101.192511885238
2012,10,7,12,101.192511885238
2012,10,7,18,101.192511885238
2012,10,8,0,98.7904846708094
2012,10,8,6,99.2663909691272
2012,10,8,12,99.2663909691272
2012,10,8,18,99.2663909691272
2012,10,9,0,99.2110286209959
2012,10,9,6,99.1556815761824
2012,10,9,12,99.1556815761824
2012,10,9,18,99.1556815761824
2012,10,10,0,99.4549753475053
2012,10,10,6,99.7546207511032
2012,10,10,12,97.1374460391671
2012,10,10,18,99.7546207511032
2012,10,11,0,99.251678793892
2012,10,11,6,98.7494069177586
2012,10,11,12,98.7494069177586
2012,10,11,18,98.7494069177586
2012,10,12,0,98.6515108760931
2012,10,12,6,95.967902289522
2012,10,12,12,98.5535659781516
2012,10,12,18,101.437575477008
2012,10,13,0,109.431719145599
2012,10,13,6,129.371617981
2012,10,13,12,162.212105622331
2012,10,13,18,200.02842472447
2012,10,14,0,187.338003161835
2012,10,14,6,337.636872041954
2012,10,14,12,433.845228053909
2012,10,14,18,1878.78582023345
2012,10,15,0,2752.2462507327
2012,10,15,6,1952.15538046107
2012,10,15,12,1112.62741891564
2012,10,15,18,777.827713769205
2012,10,16,0,2122.32155422782
2012,10,16,6,2349.59871086603
2012,10,16,12,1227.24575522913
2012,10,16,18,844.387036717481
2012,10,17,0,715.44106782683
2012,10,17,6,554.142067730905
2012,10,17,12,462.980063982198
2012,10,17,18,410.741162957658
2012,10,18,0,252.315476614304
2012,10,18,6,140.435794603538
2012,10,18,12,131.416982106063
2012,10,18,18,129.26964579714
2012,10,19,0,2181.25307361678
2012,10,19,6,2402.59266327816
2012,10,19,12,4805.18532655632
2012,10,19,18,2575.66077885328
2012,10,20,0,2007.92956873312
2012,10,20,6,1669.49892069827
2012,10,20,12,1279.61593921784
2012,10,20,18,1019.69395156421
2012,10,21,0,935.038371487369
2012,10,21,6,832.569522001412
2012,10,21,12,777.262412592066
2012,10,21,18,707.140898876645
2012,10,22,0,678.932299075093
2012,10,22,6,611.066852835948
2012,10,22,12,542.836071238502
2012,10,22,18,507.717286592758
2012,10,23,0,509.840570425284
2012,10,23,6,547.376787360697
2012,10,23,12,577.730398489757
2012,10,23,18,592.907204054286
2012,10,24,0,614.129127563737
2012,10,24,6,536.702438259886
2012,10,24,12,515.596162597981
2012,10,24,18,480.419036494804
2012,10,25,0,472.435436936049
2012,10,25,6,439.45405941454
2012,10,25,12,420.434407640335
2012,10,25,18,389.402344219262
2012,10,26,0,388.983454008291
2012,10,26,6,371.581934838415
2012,10,26,12,371.581934838415
2012,10,26,18,382.56957269654
2012,10,27,0,431.549054843065
2012,10,27,6,735.119600277976
2012,10,27,12,1315.4771794448
2012,10,27,18,1886.16213229218
2012,10,28,0,2174.93365029009
2012,10,28,6,3904.21549449154
2012,10,28,12,2562.76709382009
2012,10,28,18,1761.90237700131
2012,10,29,0,1447.29772341219
2012,10,29,6,1432.40287154966
2012,10,29,12,3038.74037750178
2012,10,29,18,2915.9629885118
2012,10,30,0,1938.48123311115
2012,10,30,6,1767.29474652766
2012,10,30,12,2923.2010402025
2012,10,30,18,3248.00115578056
2012,10,31,0,4424.55343171945
2012,10,31,6,8744.64884094036
2012,10,31,12,6765.11339736693
2012,10,31,18,4489.66801635211
2012,11,1,0,5576.53170558935
2012,11,1,6,3108.41560404055
2012,11,1,12,2861.26329301592
2012,11,1,18,2243.38251545434
2012,11,2,0,2077.38888571612
2012,11,2,6,1926.54546143031
2012,11,2,12,1537.34435811106
2012,11,2,18,1342.74380645143
2012,11,3,0,1189.33648213859
2012,11,3,6,1143.46763946303
2012,11,3,12,1056.98689362128
2012,11,3,18,1229.94838530477
2012,11,4,0,2189.83199469932
2012,11,4,6,1660.77312218169
2012,11,4,12,1455.61879532395
2012,11,4,18,1221.15670748653
2012,11,5,0,2735.1185111355
2012,11,5,6,3825.86869048439
2012,11,5,12,2345.94813685863
2012,11,5,18,1863.60366012134
2012,11,6,0,1434.00635188725
2012,11,6,6,1199.26048025861
2012,11,6,12,1051.81042121042
2012,11,6,18,1022.32040940078
2012,11,7,0,1219.226084077
2012,11,7,6,1071.98113455037
2012,11,7,12,983.468930780154
2012,11,7,18,895.940195940721
2012,11,8,0,829.985028426475
2012,11,8,6,757.967642473057
2012,11,8,12,696.857117332186
2012,11,8,18,647.574435766968
2012,11,9,0,621.219089236564
2012,11,9,6,580.415825145381
2012,11,9,12,543.284846432377
2012,11,9,18,508.108129756899
2012,11,10,0,491.163440564832
2012,11,10,6,466.985925553932
2012,11,10,12,448.147852123943
2012,11,10,18,422.369435851327
2012,11,11,0,401.828994154508
2012,11,11,6,388.333669339814
2012,11,11,12,370.637451496481
2012,11,11,18,365.721835428888
2012,11,12,0,556.786671508406
2012,11,12,6,645.535230162186
2012,11,12,12,712.842220984783
2012,11,12,18,747.515519287334
2012,11,13,0,735.425870786088
2012,11,13,6,805.365994660763
2012,11,13,12,1305.17855918641
2012,11,13,18,1133.17828394479
2012,11,14,0,1257.12952473897
2012,11,14,6,1349.51343511945
2012,11,14,12,1379.50262256655
2012,11,14,18,1059.61795646416
2012,11,15,0,925.602532255422
2012,11,15,6,806.091958095786
2012,11,15,12,709.322215227145
2012,11,15,18,652.228066934646
2012,11,16,0,627.110738776795
2012,11,16,6,571.621224440432
2012,11,16,12,542.941266812797
2012,11,16,18,514.261309185163
2012,11,17,0,691.246709071911
2012,11,17,6,936.212157395591
2012,11,17,12,1083.9232696294
2012,11,17,18,1062.66987218569
2012,11,18,0,1463.131771921
2012,11,18,6,1212.70557089356
2012,11,18,12,1115.68912522208
2012,11,18,18,1086.58419152063
2012,11,19,0,1146.92191152035
2012,11,19,6,1548.27066084388
2012,11,19,12,4313.73523744553
2012,11,19,18,8919.59701467292
2012,11,20,0,5529.856576675
2012,11,20,6,4482.72172132781
2012,11,20,12,3181.59274712885
2012,11,20,18,2469.29586344328
2012,11,21,0,2362.94117933915
2012,11,21,6,2164.20351936942
2012,11,21,12,2115.2396388407
2012,11,21,18,2262.13128042685
2012,11,22,0,1993.89632317081
2012,11,22,6,1687.64965496759
2012,11,22,12,1521.81124956615
2012,11,22,18,1326.70724321152
2012,11,23,0,1253.77989531154
2012,11,23,6,1350.77972444229
2012,11,23,12,2554.96319972031
2012,11,23,18,4136.10845856361
2012,11,24,0,3382.49325191749
2012,11,24,6,2597.86772744182
2012,11,24,12,1891.09488982897
2012,11,24,18,1738.27914115592
2012,11,25,0,1523.05000185452
2012,11,25,6,1400.92663700321
2012,11,25,12,1274.45409338486
2012,11,25,18,1138.2528925651
2012,11,26,0,1089.67108150144
2012,11,26,6,1031.35240018796
2012,11,26,12,955.460431117521
2012,11,26,18,905.838759033006
2012,11,27,0,853.029359825217
2012,11,27,6,812.271630533049
2012,11,27,12,784.670167359596
2012,11,27,18,740.31067297369
2012,11,28,0,736.469755854463
2012,11,28,6,698.522787032212
2012,11,28,12,706.517325367345
2012,11,28,18,673.539854734923
2012,11,29,0,762.35269118225
2012,11,29,6,849.367932084193
2012,11,29,12,897.814889375403
2012,11,29,18,1164.78854763973
2012,11,30,0,1397.76644442636
2012,11,30,6,1339.7985390286
2012,11,30,12,1385.99848865028
2012,11,30,18,2587.19717881385
2012,12,1,0,5256.01869446621
2012,12,1,6,3513.87841992976
2012,12,1,12,4870.6259209582
2012,12,1,18,3621.24692720539
2012,12,2,0,3132.71201856565
2012,12,2,6,2700.05085057203
2012,12,2,12,2631.32228346656
2012,12,2,18,2287.67944793921
2012,12,3,0,2269.11089658889
2012,12,3,6,2820.52431904307
2012,12,3,12,2594.48926908491
2012,12,3,18,2103.10872569762
2012,12,4,0,1894.66577861254
2012,12,4,6,1941.63350456426
2012,12,4,12,2167.17679044799
2012,12,4,18,2549.61975346822
2012,12,5,0,2228.46614816666
2012,12,5,6,1938.61423423248
2012,12,5,12,1685.32795237296
2012,12,5,18,1490.49235094256
2012,12,6,0,1382.6703413548
2012,12,6,6,1462.18763075494
2012,12,6,12,1431.72538844755
2012,12,6,18,1543.42027690799
2012,12,7,0,1422.65863263403
2012,12,7,6,1364.25757224882
2012,12,7,12,1490.93863252907
2012,12,7,18,1364.25757224882
2012,12,8,0,1258.43752044194
2012,12,8,6,1150.56832371267
2012,12,8,12,1081.13747659208
2012,12,8,18,984.926159867826
2012,12,9,0,948.296765442153
2012,12,9,6,913.231250987853
2012,12,9,12,815.99367541615
2012,12,9,18,815.99367541615
2012,12,10,0,793.265783542382
2012,12,10,6,770.762482656544
2012,12,10,12,744.013656137615
2012,12,10,18,717.264829618686
2012,12,11,0,726.653853701177
2012,12,11,6,718.80359122385
2012,12,11,12,676.10238778481
2012,12,11,18,827.589990461406
2012,12,12,0,884.35192716585
2012,12,12,6,816.560337983516
2012,12,12,12,753.138175810039
2012,12,12,18,717.463209587458
2012,12,13,0,693.32654627704
2012,12,13,6,660.20948213254
2012,12,13,12,644.324742712809
2012,12,13,18,620.497633583214
2012,12,14,0,616.608788371952
2012,12,14,6,668.954760523838
2012,12,14,12,628.716880191577
2012,12,14,18,604.57415199222
2012,12,15,0,594.900161091833
2012,12,15,6,561.36068077294
2012,12,15,12,539.424739428349
2012,12,15,18,547.401445371836
2012,12,16,0,588.725529521222
2012,12,16,6,569.42598130178
2012,12,16,12,554.648490437547
2012,12,16,18,540.85616563093
2012,12,17,0,585.41383093372
2012,12,17,6,751.563595122353
2012,12,17,12,873.110268187962
2012,12,17,18,778.911596562115
2012,12,18,0,703.414814950441
2012,12,18,6,656.840188190237
2012,12,18,12,616.849917980785
2012,12,18,18,585.857458568461
2012,12,19,0,553.490019456426
2012,12,19,6,536.250049113898
2012,12,19,12,522.372968360488
2012,12,19,18,551.118349921122
2012,12,20,0,587.027890527315
2012,12,20,6,616.50648414814
2012,12,20,12,751.145831260952
2012,12,20,18,912.105652245442
2012,12,21,0,845.45484020485
2012,12,21,6,728.257293815424
2012,12,21,12,644.800796297695
2012,12,21,18,628.904320580032
2012,12,22,0,598.621692891477
2012,12,22,6,570.177451482949
2012,12,22,12,548.209143369771
2012,12,22,18,562.188975805429
2012,12,23,0,576.226520107601
2012,12,23,6,575.286068816674
2012,12,23,12,546.422234914108
2012,12,23,18,524.52553333285
2012,12,24,0,523.305785125831
2012,12,24,6,508.217924884132
2012,12,24,12,487.413682345016
2012,12,24,18,473.544187318938
2012,12,25,0,458.34316939904
2012,12,25,6,436.687558982959
2012,12,25,12,449.828619785687
2012,12,25,18,443.763514799812
2012,12,26,0,441.096592367618
2012,12,26,6,419.46096892251
2012,12,26,12,413.468669366474
2012,12,26,18,413.468669366474
2012,12,27,0,466.107758373501
2012,12,27,6,480.89429326624
2012,12,27,12,460.773193129577
2012,12,27,18,447.694478040747
2012,12,28,0,451.167482384989
2012,12,28,6,434.732740390424
2012,12,28,12,421.859105709158
2012,12,28,18,415.917428163959
2012,12,29,0,403.814503310398
2012,12,29,6,392.656987447619
2012,12,29,12,404.585807319446
2012,12,29,18,398.621397383533
2012,12,30,0,388.456830789644
2012,12,30,6,378.184542251352
2012,12,30,12,361.131127879275
2012,12,30,18,355.112275747954
2012,12,31,0,350.687420421127
2012,12,31,6,345.239192682644
2012,12,31,12,334.167381838594
2012,12,31,18,329.134740545845
2013,1,1,0,328.229843047571
2013,1,1,6,322.320572694368
2013,1,1,12,306.304643616387
2013,1,1,18,306.304643616387
2013,1,2,0,305.91056516553
2013,1,2,6,300.524262277411
2013,1,2,12,300.524262277411
2013,1,2,18,290.540067517364
2013,1,3,0,294.912125100637
2013,1,3,6,289.321446343349
2013,1,3,12,284.35028747147
2013,1,3,18,274.407969727713
2013,1,4,0,280.928405213038
2013,1,4,6,282.479945548094
2013,1,4,12,302.585279750806
2013,1,4,18,323.695880663652
2013,1,5,0,333.550262281134
2013,1,5,6,333.35202651619
2013,1,5,12,333.35202651619
2013,1,5,18,361.46605284888
2013,1,6,0,402.10628646106
2013,1,6,6,452.65332745104
2013,1,6,12,432.624419156746
2013,1,6,18,414.598401691882
2013,1,7,0,470.1500952914
2013,1,7,6,584.865865621694
2013,1,7,12,1044.55360532795
2013,1,7,18,1809.29728213905
2013,1,8,0,1612.37262263462
2013,1,8,6,1216.01730591567
2013,1,8,12,974.670359703403
2013,1,8,18,1039.64838368363
2013,1,9,0,2727.04043736462
2013,1,9,6,7513.62191731485
2013,1,9,12,5600.87147141614
2013,1,9,18,3878.33930190514
2013,1,10,0,2647.2304166578
2013,1,10,6,2013.12845577426
2013,1,10,12,1718.75589856199
2013,1,10,18,1519.34223077303
2013,1,11,0,1330.3397423807
2013,1,11,6,1232.98983481801
2013,1,11,12,1076.41969706334
2013,1,11,18,998.134628186008
2013,1,12,0,934.561401757008
2013,1,12,6,869.418936345986
2013,1,12,12,813.168221962648
2013,1,12,18,785.536292090131
2013,1,13,0,713.196557265816
2013,1,13,6,685.63900668825
2013,1,13,12,660.505612014926
2013,1,13,18,685.63900668825
2013,1,14,0,647.233978098196
2013,1,14,6,618.277883742224
2013,1,14,12,587.611300708609
2013,1,14,18,579.697343796709
2013,1,15,0,565.594103891589
2013,1,15,6,544.510040354369
2013,1,15,12,529.632716847419
2013,1,15,18,515.747214907599
2013,1,16,0,502.625299694848
2013,1,16,6,489.460949966896
2013,1,16,12,475.533199358082
2013,1,16,18,468.569324053675
2013,1,17,0,470.248270878121
2013,1,17,6,452.891026835337
2013,1,17,12,452.891026835337
2013,1,17,18,452.891026835337
2013,1,18,0,452.404879328814
2013,1,18,6,438.921336835097
2013,1,18,12,438.921336835097
2013,1,18,18,431.922591145243
2013,1,19,0,432.065641800014
2013,1,19,6,426.205545673625
2013,1,19,12,414.19975565465
2013,1,19,18,407.196378143581
2013,1,20,0,408.729765269802
2013,1,20,6,399.673134507383
2013,1,20,12,396.225641156452
2013,1,20,18,392.977369110616
2013,1,21,0,413.518782303534
2013,1,21,6,434.173440904919
2013,1,21,12,431.046654628877
2013,1,21,18,428.108182599368
2013,1,22,0,439.824836858888
2013,1,22,6,451.661255499139
2013,1,22,12,448.986618061944
2013,1,22,18,463.280356088252
2013,1,23,0,432.317373342874
2013,1,23,6,402.048734220705
2013,1,23,12,421.38778725917
2013,1,23,18,493.654774929221
2013,1,24,0,677.502460385574
2013,1,24,6,620.320431178019
2013,1,24,12,558.784644405159
2013,1,24,18,523.054187569306
2013,1,25,0,550.176742508988
2013,1,25,6,569.649513757034
2013,1,25,12,601.015650393745
2013,1,25,18,624.287300156465
2013,1,26,0,611.91978389021
2013,1,26,6,584.698920780692
2013,1,26,12,607.64785453147
2013,1,26,18,599.665616705112
2013,1,27,0,580.053921758484
2013,1,27,6,574.832572905412
2013,1,27,12,548.98199515574
2013,1,27,18,523.52930986873
2013,1,28,0,525.259933736266
2013,1,28,6,533.403073015417
2013,1,28,12,520.750436726207
2013,1,28,18,508.060729398559
2013,1,29,0,510.31034301314
2013,1,29,6,526.170083454546
2013,1,29,12,526.170083454546
2013,1,29,18,555.514184262588
2013,1,30,0,785.981397108078
2013,1,30,6,969.315876452644
2013,1,30,12,908.796675009191
2013,1,30,18,898.710141435282
2013,1,31,0,932.37398296278
2013,1,31,6,1036.37447444085
2013,1,31,12,1168.46141726175
2013,1,31,18,1127.81928100916
2013,2,1,0,1282.3133791385
2013,2,1,6,1224.65365677016
2013,2,1,12,1086.38630842514
2013,2,1,18,959.970447081126
2013,2,2,0,895.668388163219
2013,2,2,6,824.462290485811
2013,2,2,12,751.421335139374
2013,2,2,18,742.416285850087
2013,2,3,0,739.730180718217
2013,2,3,6,719.168181425819
2013,2,3,12,694.335025989845
2013,2,3,18,685.395090032894
2013,2,4,0,694.473915264492
2013,2,4,6,702.56243175764
2013,2,4,12,694.612644693904
2013,2,4,18,669.76956011973
2013,2,5,0,675.636807314883
2013,2,5,6,672.41724328374
2013,2,5,12,697.696087016211
2013,2,5,18,759.376465723442
2013,2,6,0,897.383241679583
2013,2,6,6,1063.36971971085
2013,2,6,12,985.121759203829
2013,2,6,18,923.927841371412
2013,2,7,0,877.778552853633
2013,2,7,6,834.16126979012
2013,2,7,12,805.465330497221
2013,2,7,18,752.031512503548
2013,2,8,0,698.904761183405
2013,2,8,6,656.743719675731
2013,2,8,12,617.240338041101
2013,2,8,18,593.538309060323
2013,2,9,0,574.051157698163
2013,2,9,6,555.311975148078
2013,2,9,12,526.347861336397
2013,2,9,18,512.365185703172
2013,2,10,0,501.897890008957
2013,2,10,6,484.641805386338
2013,2,10,12,463.955874668629
2013,2,10,18,451.150298510047
2013,2,11,0,450.607177043879
2013,2,11,6,442.879535402837
2013,2,11,12,417.658605140717
2013,2,11,18,417.658605140717
2013,2,12,0,408.99845917827
2013,2,12,6,407.403442575925
2013,2,12,12,407.403442575925
2013,2,12,18,395.391547463121
2013,2,13,0,402.605131748072
2013,2,13,6,422.947678078197
2013,2,13,12,448.123135106661
2013,2,13,18,474.305610416264
2013,2,14,0,466.642282961645
2013,2,14,6,445.020823053081
2013,2,14,12,452.021150606725
2013,2,14,18,439.020542292815
2013,2,15,0,429.231439371971
2013,2,15,6,426.451644636621
2013,2,15,12,414.605765618937
2013,2,15,18,414.605765618937
2013,2,16,0,419.444518819378
2013,2,16,6,449.022061997262
2013,2,16,12,547.765339519808
2013,2,16,18,936.502032082252
2013,2,17,0,977.971558028191
2013,2,17,6,915.835916089232
2013,2,17,12,765.954161490144
2013,2,17,18,680.307444576379
2013,2,18,0,641.838821273585
2013,2,18,6,597.184216953591
2013,2,18,12,559.921490772579
2013,2,18,18,545.212519911653
2013,2,19,0,513.522121848478
2013,2,19,6,496.253744770566
2013,2,19,12,475.369318637937
2013,2,19,18,455.479388987815
2013,2,20,0,448.274268126894
2013,2,20,6,427.257349359293
2013,2,20,12,415.389089654868
2013,2,20,18,415.389089654868
2013,2,21,0,403.653579862088
2013,2,21,6,392.838050078598
2013,2,21,12,411.734057550733
2013,2,21,18,436.597225277227
2013,2,22,0,434.009340816605
2013,2,22,6,431.912946965904
2013,2,22,12,513.287850017451
2013,2,22,18,746.979879293689
2013,2,23,0,709.626653175578
2013,2,23,6,625.026286183863
2013,2,23,12,542.084409344298
2013,2,23,18,527.273359908662
2013,2,24,0,509.607592563817
2013,2,24,6,498.694549689183
2013,2,24,12,470.711689185582
2013,2,24,18,451.723319558138
2013,2,25,0,472.132770956464
2013,2,25,6,573.443736915528
2013,2,25,12,729.181154674961
2013,2,25,18,878.730330669118
2013,2,26,0,781.155482729679
2013,2,26,6,699.509877723616
2013,2,26,12,626.23719500117
2013,2,26,18,587.158430882532
2013,2,27,0,577.035621768354
2013,2,27,6,573.643022883412
2013,2,27,12,529.974695881907
2013,2,27,18,502.185760517312
2013,2,28,0,523.355728816866
2013,2,28,6,502.070199823283
2013,2,28,12,502.070199823283
2013,2,28,18,687.795355042464
2013,3,1,0,900.774349314946
2013,3,1,6,1854.20868787657
2013,3,1,12,3370.35722823973
2013,3,1,18,3739.15011643617
2013,3,2,0,3011.78982141551
2013,3,2,6,2465.66417470918
2013,3,2,12,2336.93471980469
2013,3,2,18,2218.10753066208
2013,3,3,0,2466.80315806113
2013,3,3,6,2041.74790851023
2013,3,3,12,1734.49458247228
2013,3,3,18,1516.44383496148
2013,3,4,0,1347.82003447312
2013,3,4,6,1159.40975785988
2013,3,4,12,1080.13387698057
2013,3,4,18,984.01187141441
2013,3,5,0,925.070550585752
2013,3,5,6,867.790584680568
2013,3,5,12,829.930605096341
2013,3,5,18,793.066940764331
2013,3,6,0,757.352871815255
2013,3,6,6,721.624289613078
2013,3,6,12,696.706323811521
2013,3,6,18,687.735856122961
2013,3,7,0,694.51386738956
2013,3,7,6,675.486608692418
2013,3,7,12,650.725369370848
2013,3,7,18,634.878176205044
2013,3,8,0,623.306359114968
2013,3,8,6,603.491574495462
2013,3,8,12,580.396223058864
2013,3,8,18,558.3050173369
2013,3,9,0,556.307812520501
2013,3,9,6,532.380424564588
2013,3,9,12,525.401654954191
2013,3,9,18,511.444115733396
2013,3,10,0,505.238723025061
2013,3,10,6,499.012321739673
2013,3,10,12,492.012148889618
2013,3,10,18,485.011976039562
2013,3,11,0,478.692393881853
2013,3,11,6,472.351963311962
2013,3,11,12,453.297425513815
2013,3,11,18,453.297425513815
2013,3,12,0,435.404444497622
2013,3,12,6,541.712491501044
2013,3,12,12,860.638787691933
2013,3,12,18,2458.96796483409
2013,3,13,0,4482.02938321714
2013,3,13,6,6442.91060494109
2013,3,13,12,4982.78981808439
2013,3,13,18,3869.8306169139
2013,3,14,0,3566.81726178559
2013,3,14,6,3608.198935609
2013,3,14,12,3024.95581999001
2013,3,14,18,2975.52843731044
2013,3,15,0,3775.85861557243
2013,3,15,6,3651.52437362435
2013,3,15,12,2988.5381046702
2013,3,15,18,2600.94613205086
2013,3,16,0,2462.10197892224
2013,3,16,6,2892.23738101163
2013,3,16,12,2892.23738101163
2013,3,16,18,3014.01579705422
2013,3,17,0,2900.92518286686
2013,3,17,6,2456.42244516042
2013,3,17,12,1993.32641041706
2013,3,17,18,1771.8456981485
2013,3,18,0,1695.88180465322
2013,3,18,6,1581.502288726
2013,3,18,12,1472.77400637609
2013,3,18,18,1344.2769454171
2013,3,19,0,1267.01325436024
2013,3,19,6,1179.61188072708
2013,3,19,12,1100.3102416866
2013,3,19,18,1060.65942216636
2013,3,20,0,1091.82286712195
2013,3,20,6,1580.24018838083
2013,3,20,12,2425.02267902466
2013,3,20,18,2663.54949991233
2013,3,21,0,2130.55316128845
2013,3,21,6,1835.05071317512
2013,3,21,12,1615.64247573027
2013,3,21,18,1406.20733998746
2013,3,22,0,1275.64484907807
2013,3,22,6,1214.97997293392
2013,3,22,12,1095.47374608796
2013,3,22,18,1075.55604161363
2013,3,23,0,992.336630149788
2013,3,23,6,903.507017179698
2013,3,23,12,883.451367519771
2013,3,23,18,864.398500342841
2013,3,24,0,832.948422531775
2013,3,24,6,766.768397680325
2013,3,24,12,757.79451526274
2013,3,24,18,730.872868009984
2013,3,25,0,720.181238179748
2013,3,25,6,683.844622484594
2013,3,25,12,666.596315982757
2013,3,25,18,658.479465864245
2013,3,26,0,637.97688655378
2013,3,26,6,641.725905756605
2013,3,26,12,617.698726757918
2013,3,26,18,601.68060742546
2013,3,27,0,623.813481092208
2013,3,27,6,629.879040988572
2013,3,27,12,613.957927788229
2013,3,27,18,605.997371188057
2013,3,28,0,644.517115930071
2013,3,28,6,651.163767268317
2013,3,28,12,651.163767268317
2013,3,28,18,651.163767268317
2013,3,29,0,720.501039207299
2013,3,29,6,777.395227498494
2013,3,29,12,759.409219664338
2013,3,29,18,750.416215747261
2013,3,30,0,841.056685598583
2013,3,30,6,877.624295168373
2013,3,30,12,858.697096975184
2013,3,30,18,839.769898781996
2013,3,31,0,974.761896037254
2013,3,31,6,1029.71633899872
2013,3,31,12,1009.52582254777
2013,3,31,18,1002.45914178993
2013,4,1,0,1261.83444305036
2013,4,1,6,1352.60814558064
2013,4,1,12,1302.13769238733
2013,4,1,18,1251.66723919403
2013,4,2,0,1565.33887925412
2013,4,2,6,1525.67763164404
2013,4,2,12,1444.84702864303
2013,4,2,18,1374.12025101715
2013,4,3,0,1425.37641981152
2013,4,3,6,1356.76387115519
2013,4,3,12,1287.94251537196
2013,4,3,18,1258.44764860771
2013,4,4,0,1328.30157653254
2013,4,4,6,1309.5096630006
2013,4,4,12,1252.98406603655
2013,4,4,18,1507.34925237479
2013,4,5,0,4132.0505442596
2013,4,5,6,4292.19909781698
2013,4,5,12,6686.68979821951
2013,4,5,18,5295.69934985289
2013,4,6,0,4678.73270921291
2013,4,6,6,4717.30022053524
2013,4,6,12,5300.78179917587
2013,4,6,18,4964.53817758636
2013,4,7,0,4156.04303257939
2013,4,7,6,3123.10814534909
2013,4,7,12,3123.10814534909
2013,4,7,18,2737.78960793589
2013,4,8,0,2355.94150888445
2013,4,8,6,2092.60899410155
2013,4,8,12,1928.48279848575
2013,4,8,18,1866.93547512982
2013,4,9,0,1788.00096493809
2013,4,9,6,1593.03076933306
2013,4,9,12,1494.69553665818
2013,4,9,18,1406.19382725079
2013,4,10,0,1384.16350689999
2013,4,10,6,1329.67096140681
2013,4,10,12,2239.98415806225
2013,4,10,18,4398.14241080715
2013,4,11,0,3320.23423100761
2013,4,11,6,2648.34978041734
2013,4,11,12,2200.32068222643
2013,4,11,18,1921.54702112987
2013,4,12,0,1859.33742762639
2013,4,12,6,1658.26844655573
2013,4,12,12,1568.90068596291
2013,4,12,18,1549.04118360895
2013,4,13,0,1628.24027700758
2013,4,13,6,1505.513724764
2013,4,13,12,1434.30699453867
2013,4,13,18,1352.92787428116
2013,4,14,0,1306.26168764522
2013,4,14,6,1209.57958927156
2013,4,14,12,1169.26026962918
2013,4,14,18,1078.54180043381
2013,4,15,0,1058.9765869899
2013,4,15,6,1029.29766586648
2013,4,15,12,969.759859703617
2013,4,15,18,969.759859703617
2013,4,16,0,955.387220783936
2013,4,16,6,911.106158044255
2013,4,16,12,881.102662170131
2013,4,16,18,833.097068771531
2013,4,17,0,834.002037634632
2013,4,17,6,770.761041301132
2013,4,17,12,779.781651667465
2013,4,17,18,770.761041301132
2013,4,18,0,739.389905126747
2013,4,18,6,735.087113636166
2013,4,18,12,709.329344155653
2013,4,18,18,717.254811688118
2013,4,19,0,817.267686314531
2013,4,19,6,1419.95537790821
2013,4,19,12,1737.70763030725
2013,4,19,18,1688.0588408699
2013,4,20,0,1811.28917878219
2013,4,20,6,1835.40294241619
2013,4,20,12,1885.82610017488
2013,4,20,18,1926.16462638182
2013,4,21,0,1853.92234048409
2013,4,21,6,1681.13938713859
2013,4,21,12,1610.67246671961
2013,4,21,18,1520.07214046663
2013,4,22,0,1402.31058274896
2013,4,22,6,1273.91607222207
2013,4,22,12,1182.92206706335
2013,4,22,18,1132.36984197517
2013,4,23,0,1099.27327350901
2013,4,23,6,1046.20912584635
2013,4,23,12,998.928521120606
2013,4,23,18,946.618064828289
2013,4,24,0,997.214851628708
2013,4,24,6,998.364022403479
2013,4,24,12,949.928540128459
2013,4,24,18,930.15895552641
2013,4,25,0,1013.88286299819
2013,4,25,6,1069.50373275553
2013,4,25,12,1009.53156082531
2013,4,25,18,992.539445445083
2013,4,26,0,1162.96695535029
2013,4,26,6,1236.86307138713
2013,4,26,12,1176.52828741703
2013,4,26,18,1176.52828741703
2013,4,27,0,1417.1941882391
2013,4,27,6,1446.65980509153
2013,4,27,12,1346.19731862684
2013,4,27,18,1356.24356727331
2013,4,28,0,1724.60430970699
2013,4,28,6,1901.38599116453
2013,4,28,12,1631.18903452536
2013,4,28,18,1431.04314071856
2013,4,29,0,1468.15926816043
2013,4,29,6,2133.08107518541
2013,4,29,12,1953.66304082402
2013,4,29,18,1594.82697210124
2013,4,30,0,1408.69872440644
2013,4,30,6,1281.77776074597
2013,4,30,12,1161.61109567603
2013,4,30,18,1061.47220811775
2013,5,1,0,1021.57907350813
2013,5,1,6,962.640635871334
2013,5,1,12,902.53820283046
2013,5,1,18,834.422112050803
2013,5,2,0,883.218708858575
2013,5,2,6,864.870040466063
2013,5,2,12,835.773484580314
2013,5,2,18,835.773484580314
2013,5,3,0,955.948459475289
2013,5,3,6,988.951650187383
2013,5,3,12,957.732198908555
2013,5,3,18,978.880859452277
2013,5,4,0,1432.91892861161
2013,5,4,6,1485.54947241384
2013,5,4,12,1326.02738141638
2013,5,4,18,1395.81829622776
2013,5,5,0,1912.2973241746
2013,5,5,6,1859.9899818079
2013,5,5,12,1699.12598338127
2013,5,5,18,2040.96198003786
2013,5,6,0,2647.53558217483
2013,5,6,6,2360.7387138701
2013,5,6,12,2170.67924114327
2013,5,6,18,2550.79818659693
2013,5,7,0,3188.0469044482
2013,5,7,6,2895.33426254049
2013,5,7,12,2359.54286876075
2013,5,7,18,2606.8312043514
2013,5,8,0,3008.52358827642
2013,5,8,6,2684.85473284075
2013,5,8,12,2311.39749556591
2013,5,8,18,2422.42532286383
2013,5,9,0,2954.12799447971
2013,5,9,6,2583.00502148079
2013,5,9,12,2145.88109476866
2013,5,9,18,2294.9006152387
2013,5,10,0,2918.29792688997
2013,5,10,6,2556.29077454659
2013,5,10,12,2226.76891689019
2013,5,10,18,2486.39219868008
2013,5,11,0,2862.7959576853
2013,5,11,6,2707.91956327066
2013,5,11,12,2425.00259397373
2013,5,11,18,2374.48170659928
2013,5,12,0,3082.39544764084
2013,5,12,6,2975.69795219022
2013,5,12,12,4815.79385902163
2013,5,12,18,4416.23017639538
2013,5,13,0,3942.17611641859
2013,5,13,6,3652.26705402901
2013,5,13,12,2757.20442388669
2013,5,13,18,2993.83017668294
2013,5,14,0,4691.18098700897
2013,5,14,6,3213.88222138037
2013,5,14,12,2408.01324646709
2013,5,14,18,2053.04715037433
2013,5,15,0,1878.96939284474
2013,5,15,6,1679.36059583521
2013,5,15,12,1501.54594451148
2013,5,15,18,1432.39580233003
2013,5,16,0,1454.41213626732
2013,5,16,6,1436.8440099901
2013,5,16,12,1377.38839578361
2013,5,16,18,1426.93474095569
2013,5,17,0,1583.26002690231
2013,5,17,6,1550.92981411279
2013,5,17,12,1450.86982610552
2013,5,17,18,1390.83383330115
2013,5,18,0,1391.47047335397
2013,5,18,6,1392.10711002905
2013,5,18,12,1362.06163283418
2013,5,18,18,1311.98583750939
2013,5,19,0,1356.22066654065
2013,5,19,6,1300.74080777575
2013,5,19,12,1181.58897805583
2013,5,19,18,1141.87170148253
2013,5,20,0,1155.37681139274
2013,5,20,6,1128.98320349811
2013,5,20,12,1049.05518909116
2013,5,20,18,1049.05518909116
2013,5,21,0,1190.43549737987
2013,5,21,6,1352.20295024595
2013,5,21,12,2363.85108339292
2013,5,21,18,2233.63894744331
2013,5,22,0,1870.17908789122
2013,5,22,6,1577.72432878075
2013,5,22,12,1348.05559737595
2013,5,22,18,1198.27164211196
2013,5,23,0,1321.71726937468
2013,5,23,6,1335.13708056794
2013,5,23,12,1216.4582289619
2013,5,23,18,1137.33899455788
2013,5,24,0,1140.41442350611
2013,5,24,6,1093.77479326627
2013,5,24,12,1004.28412836267
2013,5,24,18,955.561433026261
2013,5,25,0,992.344666977124
2013,5,25,6,1024.43246867352
2013,5,25,12,976.22388191241
2013,5,25,18,965.176080779657
2013,5,26,0,1019.99089172315
2013,5,26,6,995.640090441721
2013,5,26,12,1035.46569405939
2013,5,26,18,1144.98610400798
2013,5,27,0,1187.82410581588
2013,5,27,6,1161.2105978047
2013,5,27,12,1161.2105978047
2013,5,27,18,1328.5036500308
2013,5,28,0,1910.32905935623
2013,5,28,6,1722.30187913334
2013,5,28,12,1652.61336379268
2013,5,28,18,1682.47987036725
2013,5,29,0,1654.87704221306
2013,5,29,6,1527.36022790246
2013,5,29,12,1387.60177567609
2013,5,29,18,1307.73980297531
2013,5,30,0,1419.72245738537
2013,5,30,6,1533.46113094862
2013,5,30,12,1726.41319378321
2013,5,30,18,1604.54873304557
2013,5,31,0,1571.42856429573
2013,5,31,6,1658.57086108548
2013,5,31,12,1668.56225181491
2013,5,31,18,1478.72582795572
2013,6,1,0,1456.85649960484
2013,6,1,6,1374.05133345237
2013,6,1,12,1273.0181471691
2013,6,1,18,1171.98496088584
2013,6,2,0,1225.0318779251
2013,6,2,6,1187.53692127323
2013,6,2,12,1147.61971383548
2013,6,2,18,1077.76460081941
2013,6,3,0,1229.12797705065
2013,6,3,6,1200.78370337552
2013,6,3,12,1090.71186389943
2013,6,3,18,1040.67920959212
2013,6,4,0,1306.52071450662
2013,6,4,6,1212.72762830808
2013,6,4,12,1103.38333395243
2013,6,4,18,1083.5025531605
2013,6,5,0,1574.25299868381
2013,6,5,6,1388.17529947095
2013,6,5,12,1178.4509736516
2013,6,5,18,1158.47722833547
2013,6,6,0,1455.54065322894
2013,6,6,6,1341.91918093583
2013,6,6,12,1190.57491240923
2013,6,6,18,1140.12682290037
2013,6,7,0,1519.21561935581
2013,6,7,6,1354.3854149384
2013,6,7,12,1133.67075472622
2013,6,7,18,1073.47584739562
2013,6,8,0,1117.72231392927
2013,6,8,6,1071.3121182063
2013,6,8,12,951.042172860494
2013,6,8,18,890.401864282779
2013,6,9,0,944.764301083943
2013,6,9,6,938.497499519584
2013,6,9,12,878.657063843521
2013,6,9,18,811.835244005251
2013,6,10,0,957.256169252303
2013,6,10,6,906.325235507878
2013,6,10,12,791.915353967367
2013,6,10,18,738.192453070083
2013,6,11,0,817.878438389556
2013,6,11,6,836.105997247006
2013,6,11,12,771.16572561617
2013,6,11,18,762.033499918084
2013,6,12,0,755.510143533618
2013,6,12,6,849.738084473455
2013,6,12,12,849.738084473455
2013,6,12,18,811.838968029803
2013,6,13,0,813.860432290508
2013,6,13,6,797.842756309645
2013,6,13,12,717.657554670484
2013,6,13,18,683.578843973841
2013,6,14,0,699.980813297278
2013,6,14,6,724.355550658361
2013,6,14,12,716.351621921805
2013,6,14,18,682.33492479144
2013,6,15,0,685.934941471206
2013,6,15,6,707.220070424353
2013,6,15,12,656.845456469546
2013,6,15,18,617.33595532852
2013,6,16,0,807.262472631954
2013,6,16,6,820.467801636036
2013,6,16,12,756.742147140034
2013,6,16,18,720.896466486032
2013,6,17,0,980.52412885061
2013,6,17,6,973.24618085357
2013,6,17,12,853.092331365475
2013,6,17,18,778.997457514483
2013,6,18,0,960.804759061656
2013,6,18,6,939.412039854983
2013,6,18,12,841.577417213338
2013,6,18,18,767.702293994136
2013,6,19,0,749.810424289141
2013,6,19,6,749.88693566052
2013,6,19,12,688.977344348547
2013,6,19,18,705.95214848467
2013,6,20,0,744.558779029646
2013,6,20,6,910.1775164512
2013,6,20,12,1601.33388251914
2013,6,20,18,3109.68708798878
2013,6,21,0,2333.03781022259
2013,6,21,6,1707.52147642503
2013,6,21,12,1371.93922094265
2013,6,21,18,1154.79776151288
2013,6,22,0,1118.45256708851
2013,6,22,6,1042.18841217402
2013,6,22,12,953.850537237369
2013,6,22,18,884.371309759101
2013,6,23,0,952.724241850302
2013,6,23,6,921.106434741434
2013,6,23,12,871.562839458964
2013,6,23,18,852.35205761474
2013,6,24,0,949.233479670164
2013,6,24,6,1133.03162912725
2013,6,24,12,1221.70366966764
2013,6,24,18,1290.67081231017
2013,6,25,0,1119.95473083109
2013,6,25,6,1016.92606128032
2013,6,25,12,990.007430246426
2013,6,25,18,1036.86578797209
2013,6,26,0,1192.44647573319
2013,6,26,6,1238.77278305462
2013,6,26,12,1107.84557834153
2013,6,26,18,1107.84557834153
2013,6,27,0,1098.62545313108
2013,6,27,6,1030.00497810563
2013,6,27,12,990.389402024641
2013,6,27,18,1010.19719006513
2013,6,28,0,1160.19151837668
2013,6,28,6,1102.05751363437
2013,6,28,12,1012.70149901536
2013,6,28,18,985.894694629663
2013,6,29,0,1118.50163946163
2013,6,29,6,1084.8499963242
2013,6,29,12,1004.49073733722
2013,6,29,18,997.459302175859
2013,6,30,0,1187.89701145569
2013,6,30,6,1061.42932500474
2013,6,30,12,923.542711756457
2013,6,30,18,903.702911289078
2013,7,1,0,1114.75417964828
2013,7,1,6,998.646576801074
2013,7,1,12,909.767031465779
2013,7,1,18,949.712894537822
2013,7,2,0,1160.99296177938
2013,7,2,6,1003.06752598902
2013,7,2,12,893.733165656216
2013,7,2,18,864.644207402534
2013,7,3,0,988.11581187098
2013,7,3,6,841.024706712543
2013,7,3,12,723.557640868889
2013,7,3,18,648.53665764101
2013,7,4,0,737.647912952156
2013,7,4,6,690.807846681283
2013,7,4,12,609.713012505654
2013,7,4,18,549.642764968151
2013,7,5,0,570.023679999992
2013,7,5,6,560.417455820936
2013,7,5,12,524.582591860805
2013,7,5,18,489.743140788456
2013,7,6,0,488.490413722072
2013,7,6,6,514.967721102086
2013,7,6,12,487.23868996582
2013,7,6,18,453.567723586068
2013,7,7,0,503.96129920887
2013,7,7,6,534.869156822425
2013,7,7,12,492.800796173471
2013,7,7,18,458.745456600507
2013,7,8,0,507.207665912964
2013,7,8,6,521.635634401795
2013,7,8,12,479.503525469343
2013,7,8,18,440.380852889208
2013,7,9,0,465.752643259089
2013,7,9,6,485.044613808153
2013,7,9,12,452.041578229454
2013,7,9,18,426.039186561388
2013,7,10,0,463.996138069663
2013,7,10,6,489.831643094571
2013,7,10,12,450.007932273874
2013,7,10,18,418.148963617317
2013,7,11,0,428.02738198078
2013,7,11,6,438.027210986294
2013,7,11,12,400.51099152682
2013,7,11,18,382.259857735725
2013,7,12,0,362.375859655416
2013,7,12,6,359.736464014758
2013,7,12,12,348.744516503196
2013,7,12,18,331.756961258055
2013,7,13,0,317.14882206963
2013,7,13,6,351.79605654743
2013,7,13,12,329.619800833838
2013,7,13,18,318.531672977042
2013,7,14,0,306.955661364968
2013,7,14,6,321.434196360012
2013,7,14,12,315.44473928498
2013,7,14,18,305.462310826595
2013,7,15,0,296.362201793472
2013,7,15,6,328.376023906275
2013,7,15,12,312.308695519424
2013,7,15,18,297.24557515675
2013,7,16,0,291.776937903412
2013,7,16,6,322.36480211892
2013,7,16,12,316.358004563909
2013,7,16,18,296.335346047206
2013,7,17,0,302.106957390425
2013,7,17,6,340.104032159129
2013,7,17,12,356.20363131459
2013,7,17,18,379.346805100566
2013,7,18,0,354.583974522799
2013,7,18,6,364.931016099731
2013,7,18,12,341.998192683628
2013,7,18,18,321.059527825447
2013,7,19,0,325.438587150953
2013,7,19,6,346.686698464012
2013,7,19,12,324.832522629604
2013,7,19,18,308.938576568217
2013,7,20,0,305.645892242171
2013,7,20,6,333.434763163373
2013,7,20,12,317.36561795068
2013,7,20,18,297.279186434814
2013,7,21,0,302.194816135801
2013,7,21,6,323.164812840792
2013,7,21,12,307.106933941871
2013,7,21,18,287.034585318219
2013,7,22,0,287.192709337176
2013,7,22,6,307.445352558602
2013,7,22,12,292.374501942984
2013,7,22,18,277.303651327367
2013,7,23,0,270.560114776404
2013,7,23,6,283.723736838583
2013,7,23,12,278.763531649097
2013,7,23,18,263.88291608064
2013,7,24,0,260.699599051529
2013,7,24,6,280.447813922567
2013,7,24,12,270.467464672653
2013,7,24,18,256.494975722774
2013,7,25,0,252.479928373212
2013,7,25,6,263.513996230044
2013,7,25,12,258.485103172219
2013,7,25,18,244.404202610308
2013,7,26,0,238.71332736522
2013,7,26,6,245.975909550166
2013,7,26,12,241.016717825365
2013,7,26,18,237.049364445523
2013,7,27,0,225.202862578959
2013,7,27,6,230.256431393253
2013,7,27,12,230.256431393253
2013,7,27,18,222.247512040444
2013,7,28,0,217.27625874546
2013,7,28,6,222.317719064544
2013,7,28,12,217.310563229757
2013,7,28,18,209.299113894098
2013,7,29,0,204.868988572208
2013,7,29,6,208.433962482918
2013,7,29,12,208.433962482918
2013,7,29,18,204.444795736834
2013,7,30,0,200.505626398074
2013,7,30,6,204.546785173901
2013,7,30,12,204.546785173901
2013,7,30,18,200.55562839002
2013,7,31,0,196.19583910819
2013,7,31,6,199.803738510751
2013,7,31,12,203.77993231196
2013,7,31,18,199.803738510751
2013,8,1,0,197.029534962255
2013,8,1,6,210.30913683915
2013,8,1,12,214.33419208966
2013,8,1,18,210.30913683915
2013,8,2,0,205.065316754171
2013,8,2,6,260.529143670575
2013,8,2,12,299.310199407798
2013,8,2,18,314.225990075961
2013,8,3,0,270.804282029902
2013,8,3,6,244.015274420219
2013,8,3,12,230.96095932778
2013,8,3,18,222.927534655509
2013,8,4,0,213.387894428603
2013,8,4,6,208.888555676847
2013,8,4,12,208.888555676847
2013,8,4,18,204.890688582553
2013,8,5,0,197.276747867957
2013,8,5,6,201.672296601149
2013,8,5,12,201.672296601149
2013,8,5,18,197.65891756431
2013,8,6,0,192.716032852411
2013,8,6,6,195.762921745067
2013,8,6,12,195.762921745067
2013,8,6,18,191.788040085268
2013,8,7,0,184.656336777813
2013,8,7,6,182.467824846031
2013,8,7,12,185.475536244591
2013,8,7,18,182.467824846031
2013,8,8,0,178.521243793015
2013,8,8,6,178.584942477243
2013,8,8,12,182.598087252012
2013,8,8,18,178.584942477243
2013,8,9,0,173.942756483313
2013,8,9,6,177.298777477786
2013,8,9,12,177.298777477786
2013,8,9,18,177.298777477786
2013,8,10,0,170.264719649285
2013,8,10,6,171.201019700849
2013,8,10,12,179.257538275006
2013,8,10,18,179.257538275006
2013,8,11,0,178.302896794494
2013,8,11,6,173.364614860018
2013,8,11,12,181.335401750134
2013,8,11,18,181.335401750134
2013,8,12,0,181.626464502406
2013,8,12,6,177.91957338731
2013,8,12,12,177.91957338731
2013,8,12,18,173.921380726921
2013,8,13,0,166.852319972552
2013,8,13,6,166.780112674345
2013,8,13,12,166.780112674345
2013,8,13,18,166.780112674345
2013,8,14,0,160.467108088053
2013,8,14,6,157.117075424787
2013,8,14,12,161.145718384397
2013,8,14,18,161.145718384397
2013,8,15,0,160.715820387605
2013,8,15,6,160.286155837372
2013,8,15,12,167.298675155257
2013,8,15,18,163.291521259323
2013,8,16,0,169.531470642888
2013,8,16,6,207.47536873078
2013,8,16,12,183.650446005715
2013,8,16,18,172.730689756726
2013,8,17,0,166.755551171613
2013,8,17,6,160.70014353721
2013,8,17,12,160.70014353721
2013,8,17,18,160.70014353721
2013,8,18,0,157.043565981725
2013,8,18,6,154.377609491454
2013,8,18,12,157.404621442267
2013,8,18,18,154.377609491454
2013,8,19,0,150.636746545623
2013,8,19,6,149.923753139973
2013,8,19,12,149.923753139973
2013,8,19,18,149.923753139973
2013,8,20,0,149.820764252386
2013,8,20,6,152.712095458777
2013,8,20,12,149.717740645859
2013,8,20,18,149.717740645859
2013,8,21,0,145.884036983604
2013,8,21,6,143.041988827094
2013,8,21,12,143.041988827094
2013,8,21,18,143.041988827094
2013,8,22,0,139.864100707108
2013,8,22,6,136.693761732164
2013,8,22,12,136.693761732164
2013,8,22,18,136.693761732164
2013,8,23,0,135.973219137593
2013,8,23,6,131.304962273487
2013,8,23,12,135.253983695246
2013,8,23,18,135.253983695246
2013,8,24,0,132.401063628125
2013,8,24,6,133.499776797446
2013,8,24,12,140.526080839417
2013,8,24,18,146.548627161106
2013,8,25,0,146.449807198155
2013,8,25,6,150.360638489886
2013,8,25,12,143.343808693691
2013,8,25,18,140.336595923894
2013,8,26,0,137.468259608303
2013,8,26,6,137.607220703693
2013,8,26,12,137.607220703693
2013,8,26,18,133.589491632052
2013,8,27,0,132.923746837182
2013,8,27,6,132.258993245937
2013,8,27,12,136.236707328522
2013,8,27,18,136.236707328522
2013,8,28,0,145.6115388029
2013,8,28,6,160.040496920105
2013,8,28,12,174.044040400614
2013,8,28,18,178.045052823617
2013,8,29,0,174.129215116299
2013,8,29,6,167.205731822816
2013,8,29,12,178.219283020726
2013,8,29,18,209.257472760291
2013,8,30,0,252.505821336614
2013,8,30,6,248.690083737204
2013,8,30,12,234.651127397201
2013,8,30,18,205.570432121479
2013,8,31,0,185.670945036536
2013,8,31,6,174.778001843363
2013,8,31,12,170.760116743516
2013,8,31,18,163.728817818783
2013,9,1,0,155.795072224128
2013,9,1,6,148.936699722287
2013,9,1,12,148.936699722287
2013,9,1,18,144.965054396359
2013,9,2,0,142.528174249499
2013,9,2,6,140.069303203383
2013,9,2,12,140.069303203383
2013,9,2,18,140.069303203383
2013,9,3,0,137.05580785304
2013,9,3,6,133.042480651328
2013,9,3,12,146.046632895443
2013,9,3,18,163.052062753132
2013,9,4,0,170.662120324695
2013,9,4,6,157.166300634399
2013,9,4,12,151.121442917692
2013,9,4,18,147.09153777322
2013,9,5,0,142.579012177819
2013,9,5,6,138.134370344818
2013,9,5,12,138.134370344818
2013,9,5,18,141.094392566493
2013,9,6,0,142.694940158863
2013,9,6,6,202.828698683316
2013,9,6,12,538.858333815378
2013,9,6,18,398.593711342836
2013,9,7,0,296.743394727033
2013,9,7,6,260.935673960749
2013,9,7,12,274.878801576972
2013,9,7,18,304.756932183165
2013,9,8,0,270.113965643811
2013,9,8,6,233.420543741531
2013,9,8,12,212.472546226266
2013,9,8,18,200.502261931828
2013,9,9,0,189.095208527527
2013,9,9,6,182.63444645395
2013,9,9,12,174.606558697732
2013,9,9,18,170.592614819624
2013,9,10,0,163.237626836182
2013,9,10,6,159.908871576
2013,9,10,12,155.9111497866
2013,9,10,18,155.9111497866
2013,9,11,0,149.299939232653
2013,9,11,6,148.686026651225
2013,9,11,12,144.721065940526
2013,9,11,18,144.721065940526
2013,9,12,0,142.443894196188
2013,9,12,6,140.138686065932
2013,9,12,12,140.138686065932
2013,9,12,18,140.138686065932
2013,9,13,0,136.723766877762
2013,9,13,6,132.332558378958
2013,9,13,12,136.312484946746
2013,9,13,18,136.312484946746
2013,9,14,0,133.36145753795
2013,9,14,6,131.361731097896
2013,9,14,12,134.393155661694
2013,9,14,18,134.393155661694
2013,9,15,0,130.342162845359
2013,9,15,6,129.326450532194
2013,9,15,12,129.326450532194
2013,9,15,18,129.326450532194
2013,9,16,0,141.69937076918
2013,9,16,6,157.51787657037
2013,9,16,12,179.137977276107
2013,9,16,18,215.171478452335
2013,9,17,0,250.645844005687
2013,9,17,6,251.116456970573
2013,9,17,12,211.847216785875
2013,9,17,18,191.179195636033
2013,9,18,0,177.068393287442
2013,9,18,6,167.320610792096
2013,9,18,12,167.320610792096
2013,9,18,18,163.312931491687
2013,9,19,0,163.023400701211
2013,9,19,6,155.744586042281
2013,9,19,12,149.75440965604
2013,9,19,18,149.75440965604
2013,9,20,0,142.469823242581
2013,9,20,6,139.191384496717
2013,9,20,12,136.208711971787
2013,9,20,18,136.208711971787
2013,9,21,0,130.312080032858
2013,9,21,6,138.450130927295
2013,9,21,12,141.481885619133
2013,9,21,18,144.513640310972
2013,9,22,0,148.79811827763
2013,9,22,6,150.057779491151
2013,9,22,12,160.335709593285
2013,9,22,18,457.367889544946
2013,9,23,0,939.671626514454
2013,9,23,6,621.582925071557
2013,9,23,12,1027.89064052395
2013,9,23,18,2560.02951979549
2013,9,24,0,1361.33280448837
2013,9,24,6,821.972386585275
2013,9,24,12,601.609682708321
2013,9,24,18,472.90226274479
2013,9,25,0,477.692482999332
2013,9,25,6,510.870414137255
2013,9,25,12,404.396420008448
2013,9,25,18,351.159422944045
2013,9,26,0,309.46245553636
2013,9,26,6,285.683782425781
2013,9,26,12,261.710318166275
2013,9,26,18,251.721374724814
2013,9,27,0,236.27832775793
2013,9,27,6,221.12100852695
2013,9,27,12,228.948300864187
2013,9,27,18,304.285989610095
2013,9,28,0,615.160322618399
2013,9,28,6,666.861701060036
2013,9,28,12,728.182317249465
2013,9,28,18,5048.00072559404
2013,9,29,0,12256.2482549884
2013,9,29,6,5971.22401178894
2013,9,29,12,6338.68395097595
2013,9,29,18,7450.25026701666
2013,9,30,0,6946.49861753624
2013,9,30,6,7757.55892081152
2013,9,30,12,3857.04960348472
2013,9,30,18,4400.29602651073
2013,10,1,0,7022.64731681453
2013,10,1,6,4530.34701578133
2013,10,1,12,3301.77833353555
2013,10,1,18,2658.69941392252
2013,10,2,0,2396.12150848301
2013,10,2,6,2797.39208308396
2013,10,2,12,3011.79074638601
2013,10,2,18,2776.97316276947
2013,10,3,0,2351.48347462438
2013,10,3,6,1895.52638532299
2013,10,3,12,1584.46564516742
2013,10,3,18,1390.05268257019
2013,10,4,0,1268.45527335134
2013,10,4,6,1143.77742696765
2013,10,4,12,1044.31852027481
2013,10,4,18,966.7405730544
2013,10,5,0,901.862619732214
2013,10,5,6,868.31404630105
2013,10,5,12,774.632832488987
2013,10,5,18,765.566908571691
2013,10,6,0,729.113781606587
2013,10,6,6,711.807758421906
2013,10,6,12,686.637752819999
2013,10,6,18,653.413345425484
2013,10,7,0,623.165976808898
2013,10,7,6,624.537829397679
2013,10,7,12,876.662500125247
2013,10,7,18,1472.33109241672
2013,10,8,0,1429.77398181654
2013,10,8,6,4125.78870496335
2013,10,8,12,3327.2489556156
2013,10,8,18,2088.48857521718
2013,10,9,0,1567.16994749841
2013,10,9,6,1281.20509832108
2013,10,9,12,1103.80746932278
2013,10,9,18,978.643586640642
2013,10,10,0,905.521076077823
2013,10,10,6,845.076753226695
2013,10,10,12,779.91662397434
2013,10,10,18,743.827937003806
2013,10,11,0,716.833918870518
2013,10,11,6,673.910349344742
2013,10,11,12,648.913674665783
2013,10,11,18,608.918995179448
2013,10,12,0,579.681392530607
2013,10,12,6,574.399530415608
2013,10,12,12,559.310225763709
2013,10,12,18,530.137570103371
2013,10,13,0,508.623374354261
2013,10,13,6,501.203372269387
2013,10,13,12,487.141554209724
2013,10,13,18,467.053242695921
2013,10,14,0,452.580508247674
2013,10,14,6,444.178938933881
2013,10,14,12,431.202924987498
2013,10,14,18,419.225065960067
2013,10,15,0,406.205493876774
2013,10,15,6,394.186647381704
2013,10,15,12,394.186647381704
2013,10,15,18,382.211356828336
2013,10,16,0,372.625401091132
2013,10,16,6,367.985847100487
2013,10,16,12,361.953292229987
2013,10,16,18,355.920737359487
2013,10,17,0,343.654550719026
2013,10,17,6,337.457759470648
2013,10,17,12,331.467385042174
2013,10,17,18,331.467385042174
2013,10,18,0,327.56074989281
2013,10,18,6,317.592246878578
2013,10,18,12,312.567053098854
2013,10,18,18,307.541859319129
2013,10,19,0,301.036581564594
2013,10,19,6,294.582892566027
2013,10,19,12,294.582892566027
2013,10,19,18,289.6068301916
2013,10,20,0,285.418460182583
2013,10,20,6,281.203334156592
2013,10,20,12,276.199716111101
2013,10,20,18,276.199716111101
2013,10,21,0,271.375836402927
2013,10,21,6,266.545301549402
2013,10,21,12,262.537101526102
2013,10,21,18,262.537101526102
2013,10,22,0,257.385233691043
2013,10,22,6,257.243639257845
2013,10,22,12,252.238899194463
2013,10,22,18,248.235107143757
2013,10,23,0,243.179452590191
2013,10,23,6,243.128535034965
2013,10,23,12,243.128535034965
2013,10,23,18,239.12641923192
2013,10,24,0,234.053569018733
2013,10,24,6,233.983368586275
2013,10,24,12,233.983368586275
2013,10,24,18,229.983652883945
2013,10,25,0,226.045656569505
2013,10,25,6,226.107375037925
2013,10,25,12,222.105474594776
2013,10,25,18,222.105474594776
2013,10,26,0,217.317677818599
2013,10,26,6,217.532296862924
2013,10,26,12,213.522484939184
2013,10,26,18,213.522484939184
2013,10,27,0,213.527838071162
2013,10,27,6,213.533191163856
2013,10,27,12,222.555720367963
2013,10,27,18,222.555720367963
2013,10,28,0,213.182793583762
2013,10,28,6,212.83265862966
2013,10,28,12,208.835801190606
2013,10,28,18,204.838943751551
2013,10,29,0,205.802559746727
2013,10,29,6,198.698661393841
2013,10,29,12,198.698661393841
2013,10,29,18,198.698661393841
2013,10,30,0,194.005296723995
2013,10,30,6,193.347366054624
2013,10,30,12,193.347366054624
2013,10,30,18,189.340166758156
2013,10,31,0,189.925023956268
2013,10,31,6,210.670507257679
2013,10,31,12,268.126100146136
2013,10,31,18,293.325921588443
2013,11,1,0,257.829962613424
2013,11,1,6,233.64129550164
2013,11,1,12,221.65969060412
2013,11,1,18,212.67348693098
2013,11,2,0,214.220726808053
2013,11,2,6,250.815942626102
2013,11,2,12,415.749383496963
2013,11,2,18,2010.4312910886
2013,11,3,0,1655.79044153337
2013,11,3,6,1140.95862874494
2013,11,3,12,847.850291360463
2013,11,3,18,729.820088386848
2013,11,4,0,642.944961526215
2013,11,4,6,570.556282006511
2013,11,4,12,513.111195592886
2013,11,4,18,479.033601957685
2013,11,5,0,455.658255058849
2013,11,5,6,464.111898152286
2013,11,5,12,484.970859866996
2013,11,5,18,579.879135668924
2013,11,6,0,862.408915747282
2013,11,6,6,746.238025851457
2013,11,6,12,652.958272620025
2013,11,6,18,560.660411527871
2013,11,7,0,553.885904669412
2013,11,7,6,706.687675320999
2013,11,7,12,5616.19824082084
2013,11,7,18,6704.2071251127
2013,11,8,0,4031.91789959231
2013,11,8,6,3372.37968850017
2013,11,8,12,2722.74280799589
2013,11,8,18,2073.10592749161
2013,11,9,0,1711.63752884261
2013,11,9,6,1422.7625927468
2013,11,9,12,1219.51079378297
2013,11,9,18,1113.0455657543
2013,11,10,0,1017.71835219558
2013,11,10,6,930.928791138465
2013,11,10,12,871.570951108383
2013,11,10,18,805.288029741457
2013,11,11,0,798.708807360125
2013,11,11,6,783.11599784269
2013,11,11,12,774.160414639915
2013,11,11,18,765.20483143714
2013,11,12,0,772.327325281304
2013,11,12,6,752.087828235847
2013,11,12,12,788.577264646212
2013,11,12,18,1094.68309231094
2013,11,13,0,1172.97828059101
2013,11,13,6,1324.0311681086
2013,11,13,12,2011.7062709247
2013,11,13,18,1488.25208818409
2013,11,14,0,1259.0389434834
2013,11,14,6,1175.96563945313
2013,11,14,12,1067.26293328519
2013,11,14,18,981.288974770553
2013,11,15,0,931.929836012896
2013,11,15,6,862.7895882211
2013,11,15,12,882.469062622302
2013,11,15,18,1139.33799164851
2013,11,16,0,1618.87953692573
2013,11,16,6,1709.31343277463
2013,11,16,12,1452.42239663509
2013,11,16,18,1205.41178496246
2013,11,17,0,1086.79888305306
2013,11,17,6,1027.45507318372
2013,11,17,12,939.528629420883
2013,11,17,18,1076.85195170217
2013,11,18,0,1305.62561779627
2013,11,18,6,1388.00264598194
2013,11,18,12,1274.2319372949
2013,11,18,18,1877.21669333623
2013,11,19,0,6415.05471770511
2013,11,19,6,8736.03058963724
2013,11,19,12,4906.80132237334
2013,11,19,18,3203.85262813789
2013,11,20,0,2371.97054634072
2013,11,20,6,2036.08850004432
2013,11,20,12,1656.14854070591
2013,11,20,18,1451.56548567753
2013,11,21,0,1340.36109302835
2013,11,21,6,1196.31685840052
2013,11,21,12,1106.59309402048
2013,11,21,18,1016.86932964044
2013,11,22,0,980.095764027208
2013,11,22,6,910.262511739459
2013,11,22,12,851.310274425927
2013,11,22,18,842.317560259456
2013,11,23,0,788.119904762149
2013,11,23,6,763.241970718693
2013,11,23,12,736.754138829998
2013,11,23,18,710.266306941303
2013,11,24,0,703.356148624928
2013,11,24,6,687.572880436248
2013,11,24,12,646.259488478705
2013,11,24,18,638.390270962982
2013,11,25,0,632.198239448077
2013,11,25,6,633.875841456971
2013,11,25,12,618.05366756725
2013,11,25,18,594.320406732667
2013,11,26,0,603.30206401134
2013,11,26,6,589.486393615772
2013,11,26,12,573.607972238916
2013,11,26,18,566.661162886542
2013,11,27,0,553.186929282115
2013,11,27,6,547.616411073815
2013,11,27,12,547.616411073815
2013,11,27,18,554.598769684957
2013,11,28,0,563.149348316443
2013,11,28,6,579.763287317301
2013,11,28,12,564.717527265814
2013,11,28,18,557.69617257512
2013,11,29,0,544.498867012232
2013,11,29,6,568.564947201163
2013,11,29,12,631.177783305021
2013,11,29,18,663.494085810238
2013,11,30,0,649.02000926499
2013,11,30,6,666.938724830981
2013,11,30,12,726.831243499212
2013,11,30,18,826.313732134579
2013,12,1,0,1422.83593842915
2013,12,1,6,2219.87487138825
2013,12,1,12,5319.32280502467
2013,12,1,18,5371.6783444442
2013,12,2,0,4995.3090250073
2013,12,2,6,2701.21382787359
2013,12,2,12,1934.53267540782
2013,12,2,18,1542.27720205324
2013,12,3,0,1368.75433519497
2013,12,3,6,1247.30016142556
2013,12,3,12,1107.60254334589
2013,12,3,18,1007.81853043185
2013,12,4,0,945.766825299037
2013,12,4,6,844.461660097473
2013,12,4,12,806.797877135379
2013,12,4,18,771.116398539711
2013,12,5,0,713.496800493129
2013,12,5,6,700.310259937632
2013,12,5,12,658.23153187271
2013,12,5,18,642.20154022893
2013,12,6,0,613.010163750607
2013,12,6,6,564.252314061388
2013,12,6,12,546.294158790489
2013,12,6,18,529.78764760204
2013,12,7,0,506.324165738004
2013,12,7,6,484.491363711869
2013,12,7,12,471.983861327295
2013,12,7,18,460.406429099109
2013,12,8,0,459.911619787521
2013,12,8,6,459.734343814009
2013,12,8,12,450.01137608191
2013,12,8,18,440.545187685956
2013,12,9,0,439.506897843108
2013,12,9,6,438.746425174534
2013,12,9,12,430.778920079923
2013,12,9,18,423.21238653759
2013,12,10,0,415.017336340911
2013,12,10,6,407.267138218097
2013,12,10,12,399.169781280608
2013,12,10,18,391.412971265043
2013,12,11,0,389.283321221565
2013,12,11,6,387.2265007771
2013,12,11,12,380.199754235489
2013,12,11,18,373.427568705584
2013,12,12,0,369.00846926161
2013,12,12,6,364.696552237591
2013,12,12,12,358.717920233696
2013,12,12,18,364.696552237591
2013,12,13,0,382.770237793907
2013,12,13,6,414.978655450511
2013,12,13,12,427.007022275164
2013,12,13,18,466.099214455284
2013,12,14,0,497.058701900877
2013,12,14,6,473.159469524891
2013,12,14,12,453.362002180754
2013,12,14,18,440.493648407064
2013,12,15,0,440.912849712237
2013,12,15,6,460.552952304433
2013,12,15,12,522.707222416314
2013,12,15,18,669.432056778788
2013,12,16,0,733.700022830435
2013,12,16,6,662.610872194733
2013,12,16,12,590.844412743375
2013,12,16,18,504.331420528039
2013,12,17,0,486.729133816297
2013,12,17,6,462.903448197218
2013,12,17,12,442.993622468305
2013,12,17,18,430.052235744512
2013,12,18,0,449.37100588921
2013,12,18,6,481.545310280898
2013,12,18,12,481.545310280898
2013,12,18,18,467.645033283099
2013,12,19,0,441.158084583617
2013,12,19,6,409.800876997286
2013,12,19,12,385.054447226919
2013,12,19,18,379.115304082031
2013,12,20,0,370.900751460657
2013,12,20,6,367.555058673426
2013,12,20,12,367.555058673426
2013,12,20,18,373.580551438564
2013,12,21,0,371.717736277166
2013,12,21,6,363.893778941999
2013,12,21,12,351.96283537013
2013,12,21,18,351.96283537013
2013,12,22,0,372.643507332567
2013,12,22,6,423.874106136308
2013,12,22,12,449.10470769204
2013,12,22,18,503.602807052423
2013,12,23,0,642.192401200336
2013,12,23,6,1315.58736958795
2013,12,23,12,3487.83628216341
2013,12,23,18,3008.5137521585
2013,12,24,0,1813.94202471086
2013,12,24,6,1365.28422037553
2013,12,24,12,1151.46376234596
2013,12,24,18,979.863036073553
2013,12,25,0,792.820217736875
2013,12,25,6,654.936412340693
2013,12,25,12,602.515440340733
2013,12,25,18,560.084619086649
2013,12,26,0,772.116551091029
2013,12,26,6,998.148168107786
2013,12,26,12,974.244305895928
2013,12,26,18,715.339870302247
2013,12,27,0,652.431081079767
2013,12,27,6,582.621127689324
2013,12,27,12,590.519030635977
2013,12,27,18,1267.24552603894
2013,12,28,0,1266.723796944
2013,12,28,6,773.245276768928
2013,12,28,12,697.917391825476
2013,12,28,18,634.387850306902
2013,12,29,0,626.259651501558
2013,12,29,6,617.191894141112
2013,12,29,12,594.184740874912
2013,12,29,18,578.179764689729
2013,12,30,0,554.589637183198
2013,12,30,6,538.087854724625
2013,12,30,12,524.163215230827
2013,12,30,18,503.27625599013
2013,12,31,0,514.376256722662
2013,12,31,6,546.82999467812
2013,12,31,12,569.067073944144
2013,12,31,18,615.562785136738
2014,1,1,0,622.677658132648
2014,1,1,6,597.986343747323
2014,1,1,12,552.818245533239
2014,1,1,18,517.469299104826
2014,1,2,0,536.843729008369
2014,1,2,6,571.144879934094
2014,1,2,12,695.839278672141
2014,1,2,18,1069.92247488628
2014,1,3,0,3188.89924715602
2014,1,3,6,1909.44914403809
2014,1,3,12,1337.53684002668
2014,1,3,18,1097.7026480219
2014,1,4,0,1002.18299526881
2014,1,4,6,889.415345759431
2014,1,4,12,832.161083768258
2014,1,4,18,776.881106673332
2014,1,5,0,744.818714391871
2014,1,5,6,679.527927326841
2014,1,5,12,646.64754374651
2014,1,5,18,622.73453750627
2014,1,6,0,597.382622552479
2014,1,6,6,581.071620403768
2014,1,6,12,566.197773465106
2014,1,6,18,558.265055097819
2014,1,7,0,551.539172609855
2014,1,7,6,536.308809904356
2014,1,7,12,588.209662475745
2014,1,7,18,782.583443674478
2014,1,8,0,922.274207434307
2014,1,8,6,847.431792610256
2014,1,8,12,896.909176775078
2014,1,8,18,1568.53834905501
2014,1,9,0,2451.91916822342
2014,1,9,6,1848.9087380567
2014,1,9,12,1523.19424534205
2014,1,9,18,1302.85797085861
2014,1,10,0,1318.20341838363
2014,1,10,6,1353.05125021697
2014,1,10,12,2090.16125966353
2014,1,10,18,2080.06386227385
2014,1,11,0,2115.23428581847
2014,1,11,6,6359.15969467329
2014,1,11,12,9140.64580502632
2014,1,11,18,5252.76930877078
2014,1,12,0,4939.59894456623
2014,1,12,6,3606.12760174355
2014,1,12,12,2896.25996360505
2014,1,12,18,2830.00565071213
2014,1,13,0,3515.64543579291
2014,1,13,6,6110.22742395846
2014,1,13,12,8642.2052263522
2014,1,13,18,7909.81495293252
2014,1,14,0,5239.83275899767
2014,1,14,6,5068.98278516387
2014,1,14,12,4212.93066395024
2014,1,14,18,3395.35279537542
2014,1,15,0,2765.65596633787
2014,1,15,6,2369.18025875037
2014,1,15,12,2114.64023095074
2014,1,15,18,1869.89020422033
2014,1,16,0,1726.91033203741
2014,1,16,6,1563.59417886232
2014,1,16,12,1465.2549223301
2014,1,16,18,1327.57996318499
2014,1,17,0,1320.23808961359
2014,1,17,6,1222.37872553768
2014,1,17,12,1172.28123678613
2014,1,17,18,1122.18374803459
2014,1,18,0,1086.07130835307
2014,1,18,6,1000.76230689404
2014,1,18,12,1030.4879199701
2014,1,18,18,983.917792817601
2014,1,19,0,963.594063857274
2014,1,19,6,913.494063988358
2014,1,19,12,883.738557018053
2014,1,19,18,854.974900280092
2014,1,20,0,827.990363797845
2014,1,20,6,792.914158297562
2014,1,20,12,766.018828807569
2014,1,20,18,739.123499317577
2014,1,21,0,727.896775080032
2014,1,21,6,699.8980604879
2014,1,21,12,691.978421896806
2014,1,21,18,675.149189890732
2014,1,22,0,674.051864477363
2014,1,22,6,672.954875048773
2014,1,22,12,648.286441212674
2014,1,22,18,632.498643557571
2014,1,23,0,618.468312623178
2014,1,23,6,604.349043569566
2014,1,23,12,589.463599146671
2014,1,23,18,573.585791762248
2014,1,24,0,574.734590512087
2014,1,24,6,560.938009190423
2014,1,24,12,553.963646731572
2014,1,24,18,560.938009190423
2014,1,25,0,593.586428310584
2014,1,25,6,626.420399103494
2014,1,25,12,650.474942429068
2014,1,25,18,650.474942429068
2014,1,26,0,639.672535934579
2014,1,26,6,628.943687338168
2014,1,26,12,605.097481183167
2014,1,26,18,590.19360233629
2014,1,27,0,575.85850234068
2014,1,27,6,562.436989052726
2014,1,27,12,540.458989480506
2014,1,27,18,533.465989616618
2014,1,28,0,535.416849904965
2014,1,28,6,502.145807208568
2014,1,28,12,523.278195888688
2014,1,28,18,523.278195888688
2014,1,29,0,535.179625734132
2014,1,29,6,576.943058182463
2014,1,29,12,681.469153981062
2014,1,29,18,863.877438806068
2014,1,30,0,932.239810217396
2014,1,30,6,795.750648887769
2014,1,30,12,768.759106777255
2014,1,30,18,786.753468184264
2014,1,31,0,765.234920644853
2014,1,31,6,709.212120296421
2014,1,31,12,650.771456752443
2014,1,31,18,626.998983446417
2014,2,1,0,604.799531616989
2014,2,1,6,568.538355929411
2014,2,1,12,553.603022586257
2014,2,1,18,538.667689243103
2014,2,2,0,529.582243308293
2014,2,2,6,506.726247734058
2014,2,2,12,492.897461246189
2014,2,2,18,479.06867475832
2014,2,3,0,473.033243123245
2014,2,3,6,448.135067133088
2014,2,3,12,428.306081861712
2014,2,3,18,422.3573862803
2014,2,4,0,417.369462809996
2014,2,4,6,399.405900294489
2014,2,4,12,387.453604026325
2014,2,4,18,393.429752160407
2014,2,5,0,382.052207894663
2014,2,5,6,353.65519174782
2014,2,5,12,331.676620509255
2014,2,5,18,337.670776301591
2014,2,6,0,371.942413284833
2014,2,6,6,377.250311984007
2014,2,6,12,332.22043389573
2014,2,6,18,349.231721173524
2014,2,7,0,390.652815145967
2014,2,7,6,386.002326873126
2014,2,7,12,362.822030481268
2014,2,7,18,368.869064322622
2014,2,8,0,365.960532761253
2014,2,8,6,346.194580145068
2014,2,8,12,346.194580145068
2014,2,8,18,335.283003120439
2014,2,9,0,362.694031091418
2014,2,9,6,339.56091216422
2014,2,9,12,328.671203610848
2014,2,9,18,328.671203610848
2014,2,10,0,331.501898275806
2014,2,10,6,327.932652166918
2014,2,10,12,367.367591351548
2014,2,10,18,429.633284800963
2014,2,11,0,666.625365902185
2014,2,11,6,684.329428140934
2014,2,11,12,619.863612446498
2014,2,11,18,522.668998014887
2014,2,12,0,703.657124861404
2014,2,12,6,1362.50666045505
2014,2,12,12,1278.66009673474
2014,2,12,18,1257.69845580466
2014,2,13,0,1018.60727060798
2014,2,13,6,921.120370187655
2014,2,13,12,989.38815272573
2014,2,13,18,971.579165976667
2014,2,14,0,881.222890879129
2014,2,14,6,813.999959261974
2014,2,14,12,871.637223458164
2014,2,14,18,1021.29187435353
2014,2,15,0,1008.91169413637
2014,2,15,6,889.048159659783
2014,2,15,12,803.202221934588
2014,2,15,18,803.202221934588
2014,2,16,0,1432.19271188917
2014,2,16,6,2012.50753106188
2014,2,16,12,1402.65676407343
2014,2,16,18,1199.37317507728
2014,2,17,0,1178.72421129313
2014,2,17,6,1278.11283624492
2014,2,17,12,1218.20129704594
2014,2,17,18,1228.18655357911
2014,2,18,0,1132.28039034423
2014,2,18,6,1045.73878736613
2014,2,18,12,977.363558961418
2014,2,18,18,1558.55300040144
2014,2,19,0,1464.4011190946
2014,2,19,6,1257.9931845122
2014,2,19,12,1056.33015493391
2014,2,19,18,943.014738313724
2014,2,20,0,900.929989078499
2014,2,20,6,897.61494885256
2014,2,20,12,858.76147159923
2014,2,20,18,784.043246112058
2014,2,21,0,762.226520753344
2014,2,21,6,758.353391006914
2014,2,21,12,706.087162497985
2014,2,21,18,664.668641792795
2014,2,22,0,635.55762256451
2014,2,22,6,615.070923863649
2014,2,22,12,599.120948528449
2014,2,22,18,584.167846651699
2014,2,23,0,575.721339470441
2014,2,23,6,575.249848132206
2014,2,23,12,568.283154469705
2014,2,23,18,560.321218855418
2014,2,24,0,536.571424521285
2014,2,24,6,520.395762705174
2014,2,24,12,520.395762705174
2014,2,24,18,579.231930808293
2014,2,25,0,695.380444088595
2014,2,25,6,760.907063130825
2014,2,25,12,724.864096982523
2014,2,25,18,724.864096982523
2014,2,26,0,795.350461846233
2014,2,26,6,757.851711835326
2014,2,26,12,721.953472853653
2014,2,26,18,705.001526667863
2014,2,27,0,747.03442133266
2014,2,27,6,754.124084166699
2014,2,27,12,745.193667380515
2014,2,27,18,745.193667380515
2014,2,28,0,795.945053931065
2014,2,28,6,887.708614228016
2014,2,28,12,887.708614228016
2014,2,28,18,897.784761949106
2014,3,1,0,889.647772177789
2014,3,1,6,871.659962693128
2014,3,1,12,815.264255685741
2014,3,1,18,778.656516049366
2014,3,2,0,795.193918300206
2014,3,2,6,820.238613584403
2014,3,2,12,930.3232696181
2014,3,2,18,1467.79541378262
2014,3,3,0,2928.08796701288
2014,3,3,6,2814.81631114928
2014,3,3,12,3056.38636770313
2014,3,3,18,3077.39245957738
2014,3,4,0,3014.72525952032
2014,3,4,6,2648.71550102621
2014,3,4,12,2358.71015419853
2014,3,4,18,2233.04117057319
2014,3,5,0,2184.33592057527
2014,3,5,6,2606.28792974137
2014,3,5,12,5131.76072987836
2014,3,5,18,4929.7229058674
2014,3,6,0,4560.14433565323
2014,3,6,6,6347.73373029567
2014,3,6,12,8652.04802964957
2014,3,6,18,8260.74937504231
2014,3,7,0,7638.71042774845
2014,3,7,6,5100.2017426986
2014,3,7,12,4884.96387098838
2014,3,7,18,4024.01238414752
2014,3,8,0,3463.04651604583
2014,3,8,6,3017.38424036791
2014,3,8,12,2489.08800973111
2014,3,8,18,2834.5124682244
2014,3,9,0,8494.83248709229
2014,3,9,6,10946.2543968889
2014,3,9,12,8033.94818120286
2014,3,9,18,5181.89657687584
2014,3,10,0,4301.09099520615
2014,3,10,6,3387.29703360168
2014,3,10,12,3088.41788357801
2014,3,10,18,2570.36069020363
2014,3,11,0,2406.73321726106
2014,3,11,6,2074.89407608593
2014,3,11,12,1886.2673418963
2014,3,11,18,1717.49605341084
2014,3,12,0,1595.95919498281
2014,3,12,6,1533.33802626303
2014,3,12,12,1403.0544031165
2014,3,12,18,1342.92350012579
2014,3,13,0,1285.40143755921
2014,3,13,6,1257.82107866207
2014,3,13,12,1167.2579609984
2014,3,13,18,1127.00768648121
2014,3,14,0,1130.44082911153
2014,3,14,6,1204.73918006617
2014,3,14,12,2338.61134954021
2014,3,14,18,2287.99205626012
2014,3,15,0,1686.82274918549
2014,3,15,6,1382.08168226272
2014,3,15,12,1250.87139597195
2014,3,15,18,1163.39787177811
2014,3,16,0,3600.59387293337
2014,3,16,6,8999.75334808406
2014,3,16,12,6249.53145693352
2014,3,16,18,4986.78366255312
2014,3,17,0,3767.16144976669
2014,3,17,6,2960.30662755574
2014,3,17,12,2507.9009635439
2014,3,17,18,2271.86322579859
2014,3,18,0,1952.73804894424
2014,3,18,6,1760.37134641789
2014,3,18,12,1602.13571977359
2014,3,18,18,1503.2384531209
2014,3,19,0,1435.75487868235
2014,3,19,6,1447.38883730572
2014,3,19,12,1638.36375333911
2014,3,19,18,1698.67162156018
2014,3,20,0,1555.40396931412
2014,3,20,6,1377.67594791816
2014,3,20,12,1264.58314622339
2014,3,20,18,1254.30198243295
2014,3,21,0,1131.46996217542
2014,3,21,6,1071.84917913908
2014,3,21,12,1002.37747308377
2014,3,21,18,974.588790661642
2014,3,22,0,930.90111584343
2014,3,22,6,898.319871082179
2014,3,22,12,858.876627565947
2014,3,22,18,831.266357104585
2014,3,23,0,820.171932224955
2014,3,23,6,799.700990583964
2014,3,23,12,763.533609100267
2014,3,23,18,727.36622761657
2014,3,24,0,710.627838427599
2014,3,24,6,710.968607869125
2014,3,24,12,677.783368746521
2014,3,24,18,677.783368746521
2014,3,25,0,668.299046924508
2014,3,25,6,658.867599031341
2014,3,25,12,674.508372895586
2014,3,25,18,751.734693850298
2014,3,26,0,1273.48396854801
2014,3,26,6,2065.26741871144
2014,3,26,12,1640.06530309438
2014,3,26,18,1417.3403853902
2014,3,27,0,1441.16533677735
2014,3,27,6,1464.13036056965
2014,3,27,12,1375.09540621068
2014,3,27,18,1266.27490643862
2014,3,28,0,1227.83573353315
2014,3,28,6,1189.32396219336
2014,3,28,12,1209.14602822992
2014,3,28,18,1318.16739143098
2014,3,29,0,1578.88855346696
2014,3,29,6,1501.17953549336
2014,3,29,12,1632.15493120755
2014,3,29,18,1763.13032692173
2014,3,30,0,1828.18196959888
2014,3,30,6,1802.40533966581
2014,3,30,12,2035.3004116451
2014,3,30,18,1903.66406661333
2014,3,31,0,1809.07866266348
2014,3,31,6,1603.8812299983
2014,3,31,12,1412.22246666517
2014,3,31,18,1311.34943333194
2014,4,1,0,1296.01478109358
2014,4,1,6,1200.71688268558
2014,4,1,12,1110.66311648416
2014,4,1,18,1050.62727234988
2014,4,2,0,1019.97102423562
2014,4,2,6,992.350184054428
2014,4,2,12,960.371124749553
2014,4,2,18,910.403844585684
2014,4,3,0,901.777958889776
2014,4,3,6,864.053010539613
2014,4,3,12,834.983941739557
2014,4,3,18,834.983941739557
2014,4,4,0,894.181764571233
2014,4,4,6,986.675558713079
2014,4,4,12,1065.04693710373
2014,4,4,18,976.627946098893
2014,4,5,0,945.114413494041
2014,4,5,6,915.090079557678
2014,4,5,12,875.77364219752
2014,4,5,18,885.602751537559
2014,4,6,0,1477.95749454906
2014,4,6,6,1683.93573468309
2014,4,6,12,1379.6099994994
2014,4,6,18,1207.15874956197
2014,4,7,0,1180.63006832243
2014,4,7,6,1124.21633574311
2014,4,7,12,1114.17868988826
2014,4,7,18,1184.4422108722
2014,4,8,0,1413.69378880586
2014,4,8,6,1532.25782647179
2014,4,8,12,1492.19879832874
2014,4,8,18,1812.67102347317
2014,4,9,0,3632.0620571381
2014,4,9,6,2937.2824303598
2014,4,9,12,2093.70304724609
2014,4,9,18,1748.14040838023
2014,4,10,0,1529.67438011841
2014,4,10,6,1355.10575974388
2014,4,10,12,1225.57359153307
2014,4,10,18,1155.82550095801
2014,4,11,0,1077.3199979507
2014,4,11,6,1058.55467579577
2014,4,11,12,1008.62285146578
2014,4,11,18,959.689663622388
2014,4,12,0,948.943865053608
2014,4,12,6,928.244005398011
2014,4,12,12,918.273607917904
2014,4,12,18,868.421620517366
2014,4,13,0,901.178294053406
2014,4,13,6,873.925081582963
2014,4,13,12,883.958664609174
2014,4,13,18,826.767241359772
2014,4,14,0,865.519857044693
2014,4,14,6,856.097050561384
2014,4,14,12,847.05377185827
2014,4,14,18,817.91431825935
2014,4,15,0,868.349203056783
2014,4,15,6,891.199143965426
2014,4,15,12,871.416699038335
2014,4,15,18,833.830053676863
2014,4,16,0,818.759964951747
2014,4,16,6,869.403965361299
2014,4,16,12,991.1804105669
2014,4,16,18,1167.85607287339
2014,4,17,0,1444.35753582092
2014,4,17,6,2425.48590070069
2014,4,17,12,3061.6789238353
2014,4,17,18,2932.45221601108
2014,4,18,0,4916.41359808784
2014,4,18,6,3796.28361472741
2014,4,18,12,2979.23569764697
2014,4,18,18,2431.21575326375
2014,4,19,0,2030.10977919696
2014,4,19,6,1828.78472006245
2014,4,19,12,1610.12567744629
2014,4,19,18,1431.2228243967
2014,4,20,0,1909.62873940165
2014,4,20,6,1788.63803588569
2014,4,20,12,1554.89556528699
2014,4,20,18,1371.96667525323
2014,4,21,0,1299.36656425198
2014,4,21,6,1217.90330937667
2014,4,21,12,1158.00642530896
2014,4,21,18,1088.12672722998
2014,4,22,0,1132.56287873975
2014,4,22,6,1368.51580108426
2014,4,22,12,1408.76626582203
2014,4,22,18,1308.1401039776
2014,4,23,0,1256.59156206973
2014,4,23,6,1225.22676402253
2014,4,23,12,1164.96971005421
2014,4,23,18,1114.75549841394
2014,4,24,0,1093.50494950826
2014,4,24,6,1879.28319711197
2014,4,24,12,2695.93505763707
2014,4,24,18,2617.2216252973
2014,4,25,0,3001.61547803259
2014,4,25,6,2659.95314585916
2014,4,25,12,2180.77041002423
2014,4,25,18,1946.06866186019
2014,4,26,0,1744.7993298451
2014,4,26,6,1601.51472278246
2014,4,26,12,1444.31082361363
2014,4,26,18,1355.88363033117
2014,4,27,0,1291.78358753069
2014,4,27,6,1256.07869737213
2014,4,27,12,1256.07869737213
2014,4,27,18,1316.370474846
2014,4,28,0,1291.15872326529
2014,4,28,6,1246.17693053869
2014,4,28,12,1156.4521915399
2014,4,28,18,1106.60511431835
2014,4,29,0,1130.37517006578
2014,4,29,6,1023.80272290823
2014,4,29,12,996.702062595957
2014,4,29,18,985.661052839103
2014,4,30,0,1097.29116342343
2014,4,30,6,1110.3268134421
2014,4,30,12,1060.75865212772
2014,4,30,18,1120.24044570497
2014,5,1,0,1520.05745818071
2014,5,1,6,1593.79451114865
2014,5,1,12,1452.57221269244
2014,5,1,18,1603.88181818123
2014,5,2,0,2219.44879947588
2014,5,2,6,2015.97786575946
2014,5,2,12,1720.70838037045
2014,5,2,18,1751.25349954862
2014,5,3,0,2004.66452477788
2014,5,3,6,1973.30379357137
2014,5,3,12,2302.18775916659
2014,5,3,18,2232.4244937373
2014,5,4,0,2419.51307208015
2014,5,4,6,2996.17298632329
2014,5,4,12,4198.78913308281
2014,5,4,18,5712.42669710773
2014,5,5,0,4565.69288777172
2014,5,5,6,4308.88745999754
2014,5,5,12,4083.65016095222
2014,5,5,18,3310.00900336175
2014,5,6,0,3069.23212116129
2014,5,6,6,2656.27554577725
2014,5,6,12,2271.01420707674
2014,5,6,18,2169.62964426081
2014,5,7,0,2096.91907879537
2014,5,7,6,1975.68784195278
2014,5,7,12,1767.19817018892
2014,5,7,18,1648.06121489529
2014,5,8,0,1681.18821150649
2014,5,8,6,1606.78187898836
2014,5,8,12,1452.83870495355
2014,5,8,18,1520.18884359378
2014,5,9,0,2839.19656544474
2014,5,9,6,7511.18162233281
2014,5,9,12,5826.43060423947
2014,5,9,18,4312.16034392939
2014,5,10,0,3301.25428924185
2014,5,10,6,2730.91285281652
2014,5,10,12,2459.82959169135
2014,5,10,18,2299.18765917274
2014,5,11,0,2038.88682375348
2014,5,11,6,1878.86982413076
2014,5,11,12,1728.15834091172
2014,5,11,18,1517.16226440505
2014,5,12,0,1632.73310862905
2014,5,12,6,1617.57075809382
2014,5,12,12,1496.25295123678
2014,5,12,18,1445.70386504635
2014,5,13,0,1648.20964486732
2014,5,13,6,1628.3656427507
2014,5,13,12,1490.20128518398
2014,5,13,18,1569.15234665068
2014,5,14,0,2096.3545139825
2014,5,14,6,1892.4405110378
2014,5,14,12,1684.37113547867
2014,5,14,18,1654.64693897022
2014,5,15,0,2320.72586007965
2014,5,15,6,2072.56308833835
2014,5,15,12,1812.2411545374
2014,5,15,18,1872.315446953
2014,5,16,0,2245.03655165215
2014,5,16,6,1996.48492858694
2014,5,16,12,1886.12646519771
2014,5,16,18,1725.60506390429
2014,5,17,0,1978.52888519091
2014,5,17,6,1721.80076450924
2014,5,17,12,1572.51168088127
2014,5,17,18,1482.93823070449
2014,5,18,0,1506.97155321909
2014,5,18,6,1431.04632350683
2014,5,18,12,1250.91461845002
2014,5,18,18,1240.90730150242
2014,5,19,0,1287.29018142628
2014,5,19,6,1293.59163083005
2014,5,19,12,1194.08458230466
2014,5,19,18,1114.47894348435
2014,5,20,0,1188.40100941888
2014,5,20,6,1172.62973257942
2014,5,20,12,1092.44992180476
2014,5,20,18,1082.42744545793
2014,5,21,0,1156.58411654466
2014,5,21,6,1120.81633986975
2014,5,21,12,1041.46651049844
2014,5,21,18,991.872867141375
2014,5,22,0,1175.10345058992
2014,5,22,6,1189.79516781673
2014,5,22,12,1079.81410188409
2014,5,22,18,1089.81238060524
2014,5,23,0,1466.05671539743
2014,5,23,6,1410.86468106668
2014,5,23,12,1421.08833817586
2014,5,23,18,2361.66479222031
2014,5,24,0,2466.70085902138
2014,5,24,6,1804.25427187007
2014,5,24,12,1457.28229651045
2014,5,24,18,1288.75305133577
2014,5,25,0,1232.72534465938
2014,5,25,6,1147.78712408472
2014,5,25,12,1069.30595320713
2014,5,25,18,1069.30595320713
2014,5,26,0,1394.47596474248
2014,5,26,6,1365.06785090146
2014,5,26,12,1344.8446234807
2014,5,26,18,1567.30012510908
2014,5,27,0,1411.09721781364
2014,5,27,6,1265.91897173328
2014,5,27,12,1155.40223610578
2014,5,27,18,1014.74457257985
2014,5,28,0,996.773210943292
2014,5,28,6,953.758332241019
2014,5,28,12,913.642314060534
2014,5,28,18,974.819241785773
2014,5,29,0,926.785763714689
2014,5,29,6,970.276007524674
2014,5,29,12,1531.49471656135
2014,5,29,18,1383.28555044251
2014,5,30,0,1223.10228737849
2014,5,30,6,1120.82068145431
2014,5,30,12,972.712234262132
2014,5,30,18,911.667536432924
2014,5,31,0,1006.49673193678
2014,5,31,6,1032.51403367898
2014,5,31,12,891.808689873706
2014,5,31,18,881.686003269011
2014,6,1,0,1125.48562315903
2014,6,1,6,1097.29613182984
2014,6,1,12,969.610763762371
2014,6,1,18,908.760705542716
2014,6,2,0,1163.17892666392
2014,6,2,6,1099.78686391057
2014,6,2,12,1000.70696626097
2014,6,2,18,932.341836882746
2014,6,3,0,1251.15119158097
2014,6,3,6,1194.18961051821
2014,6,3,12,1044.91590920343
2014,6,3,18,936.443686248028
2014,6,4,0,1117.74773935243
2014,6,4,6,1061.82586812429
2014,6,4,12,925.16494620829
2014,6,4,18,828.814080397012
2014,6,5,0,986.645709610802
2014,6,5,6,924.746204194039
2014,6,5,12,790.201153855275
2014,6,5,18,745.018114562407
2014,6,6,0,813.420225569708
2014,6,6,6,819.484690136575
2014,6,6,12,746.884711520106
2014,6,6,18,678.262813923718
2014,6,7,0,825.318137890069
2014,6,7,6,821.080438926707
2014,6,7,12,713.149717839289
2014,6,7,18,670.784388066658
2014,6,8,0,708.650381377277
2014,6,8,6,721.094986122836
2014,6,8,12,679.263509027312
2014,6,8,18,662.331720679124
2014,6,9,0,797.971171267804
2014,6,9,6,812.230455245264
2014,6,9,12,766.826268306088
2014,6,9,18,730.502918754747
2014,6,10,0,798.907932237523
2014,6,10,6,767.719206972809
2014,6,10,12,680.864108134533
2014,6,10,18,631.945719133665
2014,6,11,0,608.034959730842
2014,6,11,6,593.106772977684
2014,6,11,12,555.163915447125
2014,6,11,18,526.207524173804
2014,6,12,0,595.008147464387
2014,6,12,6,652.180644050046
2014,6,12,12,620.023817224774
2014,6,12,18,628.063023931092
2014,6,13,0,692.457231142306
2014,6,13,6,788.748106710591
2014,6,13,12,1102.4433511838
2014,6,13,18,1152.55441260124
2014,6,14,0,956.050451089944
2014,6,14,6,832.455635784936
2014,6,14,12,803.818371920449
2014,6,14,18,723.831531471362
2014,6,15,0,699.739294463015
2014,6,15,6,659.660938812143
2014,6,15,12,651.725168119666
2014,6,15,18,651.725168119666
2014,6,16,0,710.037261656506
2014,6,16,6,692.969539183731
2014,6,16,12,668.185220901051
2014,6,16,18,627.538938917456
2014,6,17,0,608.57613539376
2014,6,17,6,590.249701571971
2014,6,17,12,567.082904411297
2014,6,17,18,537.872594947837
2014,6,18,0,529.012971129984
2014,6,18,6,556.217986196672
2014,6,18,12,549.215241766138
2014,6,18,18,527.206616413033
2014,6,19,0,533.707516803977
2014,6,19,6,548.18355182048
2014,6,19,12,526.216269233867
2014,6,19,18,498.257909578178
2014,6,20,0,528.977079645048
2014,6,20,6,680.065430676804
2014,6,20,12,794.082335226476
2014,6,20,18,688.137423919259
2014,6,21,0,610.452373188532
2014,6,21,6,575.562064295736
2014,6,21,12,531.747651096753
2014,6,21,18,496.895276961198
2014,6,22,0,517.137777945325
2014,6,22,6,552.224587129092
2014,6,22,12,502.564102675037
2014,6,22,18,481.706699204334
2014,6,23,0,585.871390620328
2014,6,23,6,628.976152394442
2014,6,23,12,581.67714573438
2014,6,23,18,552.492652263277
2014,6,24,0,711.836820296994
2014,6,24,6,704.117273787049
2014,6,24,12,645.692664517165
2014,6,24,18,613.458397333781
2014,6,25,0,617.626146611671
2014,6,25,6,605.783486634415
2014,6,25,12,560.026441666955
2014,6,25,18,517.253551806068
2014,6,26,0,568.247592273438
2014,6,26,6,598.380123211552
2014,6,26,12,546.606801402898
2014,6,26,18,510.763732458446
2014,6,27,0,536.250114180944
2014,6,27,6,578.2700477045
2014,6,27,12,578.2700477045
2014,6,27,18,593.072182031407
2014,6,28,0,740.526553921939
2014,6,28,6,1160.65162126252
2014,6,28,12,1301.94834037273
2014,6,28,18,1170.7442440561
2014,6,29,0,1912.78337324508
2014,6,29,6,1858.16430282498
2014,6,29,12,1808.4807653163
2014,6,29,18,1520.3162477659
2014,6,30,0,1233.29497473783
2014,6,30,6,1028.59341332112
2014,6,30,12,882.631109906978
2014,6,30,18,770.955253603542
2014,7,1,0,770.345895070385
2014,7,1,6,760.56778268474
2014,7,1,12,707.528187313304
2014,7,1,18,665.496809849148
2014,7,2,0,794.467487749095
2014,7,2,6,774.426072603942
2014,7,2,12,695.788977827963
2014,7,2,18,661.945164886403
2014,7,3,0,765.213262594814
2014,7,3,6,729.148137411029
2014,7,3,12,637.631590832837
2014,7,3,18,574.962651328206
2014,7,4,0,559.301133300397
2014,7,4,6,558.561334045793
2014,7,4,12,522.845156380343
2014,7,4,18,481.176282437318
2014,7,5,0,491.533818165039
2014,7,5,6,516.078780011204
2014,7,5,12,487.910737437493
2014,7,5,18,460.748696384272
2014,7,6,0,466.989422013881
2014,7,6,6,472.204064592502
2014,7,6,12,466.18872619005
2014,7,6,18,453.155492984737
2014,7,7,0,477.914248124313
2014,7,7,6,497.545878733512
2014,7,7,12,476.607074217673
2014,7,7,18,450.682840055206
2014,7,8,0,504.413955555089
2014,7,8,6,539.18501464998
2014,7,8,12,490.349403341572
2014,7,8,18,450.48359819185
2014,7,9,0,519.550258694179
2014,7,9,6,534.868872097319
2014,7,9,12,478.777754424192
2014,7,9,18,439.714297473264
2014,7,10,0,477.727626698506
2014,7,10,6,490.639877878371
2014,7,10,12,430.805746429789
2014,7,10,18,399.891445181355
2014,7,11,0,407.598414288494
2014,7,11,6,434.466677510198
2014,7,11,12,416.363899280607
2014,7,11,18,385.186892329643
2014,7,12,0,416.366640581639
2014,7,12,6,441.512440202512
2014,7,12,12,403.294962462887
2014,7,12,18,391.226285281952
2014,7,13,0,431.565818569934
2014,7,13,6,435.610682883029
2014,7,13,12,403.857740167182
2014,7,13,18,369.127959071724
2014,7,14,0,399.241642545959
2014,7,14,6,413.56727826958
2014,7,14,12,400.580866150003
2014,7,14,18,382.599680138283
2014,7,15,0,407.262545959782
2014,7,15,6,426.995010233134
2014,7,15,12,383.894574927912
2014,7,15,18,360.840853718141
2014,7,16,0,377.276675494494
2014,7,16,6,394.657613404534
2014,7,16,12,359.687951457296
2014,7,16,18,331.712221899507
2014,7,17,0,338.607575665402
2014,7,17,6,361.606969236315
2014,7,17,12,333.481982740157
2014,7,17,18,312.388242868039
2014,7,18,0,302.438506986072
2014,7,18,6,312.584141626289
2014,7,18,12,297.507736081613
2014,7,18,18,282.431330536936
2014,7,19,0,272.514100749452
2014,7,19,6,301.592563365862
2014,7,19,12,349.110362738618
2014,7,19,18,456.752724583026
2014,7,20,0,616.576996131089
2014,7,20,6,493.675416906076
2014,7,20,12,408.385964798319
2014,7,20,18,367.246346722813
2014,7,21,0,332.805164971709
2014,7,21,6,316.456513172196
2014,7,21,12,296.42761993345
2014,7,21,18,281.40595000439
2014,7,22,0,270.61542804412
2014,7,22,6,264.861976521677
2014,7,22,12,260.879089656689
2014,7,22,18,260.879089656689
2014,7,23,0,260.144134002568
2014,7,23,6,264.407979273123
2014,7,23,12,309.676271444398
2014,7,23,18,579.228374827893
2014,7,24,0,961.230747236821
2014,7,24,6,761.654018764088
2014,7,24,12,1845.81932643228
2014,7,24,18,2058.79847948216
2014,7,25,0,1146.22458826265
2014,7,25,6,788.362664577157
2014,7,25,12,627.752134153985
2014,7,25,18,529.818883895953
2014,7,26,0,465.909454211409
2014,7,26,6,438.602663801817
2014,7,26,12,406.631626804874
2014,7,26,18,376.658779620239
2014,7,27,0,354.303544327405
2014,7,27,6,349.913766761756
2014,7,27,12,332.86925663296
2014,7,27,18,322.843074204257
2014,7,28,0,306.44472488809
2014,7,28,6,306.08840736999
2014,7,28,12,301.086962805121
2014,7,28,18,291.084073675383
2014,7,29,0,281.036202095271
2014,7,29,6,290.990901434244
2014,7,29,12,280.991214099734
2014,7,29,18,275.991370432479
2014,7,30,0,271.01688555937
2014,7,30,6,271.042245214694
2014,7,30,12,271.042245214694
2014,7,30,18,262.040842237084
2014,7,31,0,256.73242635136
2014,7,31,6,256.424898859883
2014,7,31,12,256.424898859883
2014,7,31,18,247.445038588525
2014,8,1,0,238.677896908277
2014,8,1,6,247.886555847953
2014,8,1,12,242.888843028438
2014,8,1,18,238.890672772826
2014,8,2,0,229.990020371813
2014,8,2,6,234.086755180416
2014,8,2,12,234.086755180416
2014,8,2,18,230.085272185879
2014,8,3,0,221.4922682713
2014,8,3,6,220.902872378567
2014,8,3,12,224.883104313316
2014,8,3,18,220.902872378567
2014,8,4,0,213.130267176958
2014,8,4,6,218.340274192121
2014,8,4,12,214.315568677059
2014,8,4,18,210.290863161997
2014,8,5,0,204.9760360589
2014,8,5,6,207.663450404273
2014,8,5,12,207.663450404273
2014,8,5,18,203.689030300842
2014,8,6,0,196.992376208407
2014,8,6,6,198.247417085533
2014,8,6,12,198.247417085533
2014,8,6,18,198.247417085533
2014,8,7,0,189.52291486254
2014,8,7,6,188.849839916696
2014,8,7,12,188.849839916696
2014,8,7,18,188.849839916696
2014,8,8,0,181.378153877197
2014,8,8,6,180.901076585415
2014,8,8,12,180.901076585415
2014,8,8,18,180.901076585415
2014,8,9,0,173.215373855117
2014,8,9,6,173.481465698621
2014,8,9,12,173.481465698621
2014,8,9,18,173.481465698621
2014,8,10,0,169.895771170829
2014,8,10,6,167.292734095122
2014,8,10,12,170.297992791442
2014,8,10,18,167.292734095122
2014,8,11,0,164.337415033753
2014,8,11,6,162.346933259061
2014,8,11,12,165.390938257668
2014,8,11,18,165.390938257668
2014,8,12,0,161.404827169852
2014,8,12,6,160.464083090282
2014,8,12,12,167.484386725482
2014,8,12,18,170.493088283424
2014,8,13,0,169.712230454557
2014,8,13,6,207.686391173197
2014,8,13,12,429.284789410626
2014,8,13,18,386.555053427624
2014,8,14,0,279.234910781081
2014,8,14,6,237.49919018338
2014,8,14,12,220.605942346069
2014,8,14,18,207.68757635283
2014,8,15,0,237.180300152713
2014,8,15,6,316.274993616877
2014,8,15,12,295.603425406624
2014,8,15,18,251.159553754579
2014,8,16,0,228.74305808294
2014,8,16,6,211.049310988001
2014,8,16,12,203.122576303006
2014,8,16,18,199.159208960508
2014,8,17,0,192.595419134104
2014,8,17,6,189.943513717529
2014,8,17,12,185.923545173242
2014,8,17,18,182.908568765028
2014,8,18,0,177.852807965604
2014,8,18,6,172.845730297112
2014,8,18,12,176.819195361414
2014,8,18,18,172.845730297112
2014,8,19,0,169.126194264485
2014,8,19,6,169.380301466581
2014,8,19,12,173.365720324618
2014,8,19,18,173.365720324618
2014,8,20,0,166.650176304889
2014,8,20,6,162.911345042687
2014,8,20,12,162.911345042687
2014,8,20,18,162.911345042687
2014,8,21,0,159.881799293919
2014,8,21,6,155.854358815759
2014,8,21,12,155.854358815759
2014,8,21,18,155.854358815759
2014,8,22,0,152.992041554582
2014,8,22,6,150.124450808096
2014,8,22,12,150.124450808096
2014,8,22,18,150.124450808096
2014,8,23,0,146.261256513744
2014,8,23,6,146.401403770081
2014,8,23,12,146.401403770081
2014,8,23,18,146.401403770081
2014,8,24,0,143.330305962055
2014,8,24,6,140.261849807333
2014,8,24,12,140.261849807333
2014,8,24,18,140.261849807333
2014,8,25,0,143.098621868878
2014,8,25,6,149.926293802438
2014,8,25,12,149.926293802438
2014,8,25,18,142.929733424991
2014,8,26,0,139.336711139846
2014,8,26,6,135.769782837411
2014,8,26,12,138.742843775457
2014,8,26,18,135.769782837411
2014,8,27,0,136.098474896603
2014,8,27,6,132.44399583719
2014,8,27,12,136.427273907481
2014,8,27,18,136.427273907481
2014,8,28,0,133.304460411318
2014,8,28,6,134.166244469269
2014,8,28,12,134.166244469269
2014,8,28,18,134.166244469269
2014,8,29,0,133.698021192578
2014,8,29,6,130.225142364074
2014,8,29,12,133.230337957091
2014,8,29,18,133.230337957091
2014,8,30,0,136.930484124588
2014,8,30,6,139.615669133282
2014,8,30,12,136.623904794712
2014,8,30,18,136.623904794712
2014,8,31,0,133.342080598751
2014,8,31,6,141.105620749106
2014,8,31,12,144.129312622301
2014,8,31,18,147.153004495496
2014,9,1,0,153.883503933923
2014,9,1,6,150.545294673748
2014,9,1,12,143.519847588973
2014,9,1,18,137.498035802023
2014,9,2,0,126.987066073796
2014,9,2,6,120.641409007996
2014,9,2,12,117.920174218342
2014,9,2,18,136.061739482702
2014,9,3,0,315.772949822562
2014,9,3,6,527.162843598084
2014,9,3,12,380.317883156934
2014,9,3,18,281.012658110402
2014,9,4,0,227.233979268779
2014,9,4,6,195.254555432615
2014,9,4,12,183.360876929106
2014,9,4,18,176.422897802059
2014,9,5,0,166.691745418911
2014,9,5,6,160.83178030372
2014,9,5,12,156.810985796127
2014,9,5,18,153.795389915432
2014,9,6,0,146.430854354283
2014,9,6,6,143.100944773778
2014,9,6,12,143.100944773778
2014,9,6,18,140.098827051251
2014,9,7,0,136.968163735315
2014,9,7,6,132.844307056199
2014,9,7,12,132.844307056199
2014,9,7,18,132.844307056199
2014,9,8,0,129.965814512436
2014,9,8,6,127.081864912563
2014,9,8,12,130.083798729395
2014,9,8,18,130.083798729395
2014,9,9,0,127.535360959957
2014,9,9,6,127.989298150376
2014,9,9,12,121.942559655083
2014,9,9,18,127.989298150376
2014,9,10,0,124.622228147056
2014,9,10,6,124.278942819358
2014,9,10,12,124.278942819358
2014,9,10,18,124.278942819358
2014,9,11,0,121.70422389407
2014,9,11,6,119.108657832802
2014,9,11,12,119.108657832802
2014,9,11,18,119.108657832802
2014,9,12,0,115.643722663271
2014,9,12,6,115.207457781826
2014,9,12,12,115.207457781826
2014,9,12,18,115.207457781826
2014,9,13,0,113.111626945724
2014,9,13,6,113.019341510054
2014,9,13,12,113.019341510054
2014,9,13,18,113.019341510054
2014,9,14,0,112.772233779
2014,9,14,6,109.537926794886
2014,9,14,12,109.537926794886
2014,9,14,18,109.537926794886
2014,9,15,0,110.000291834949
2014,9,15,6,110.463277865424
2014,9,15,12,110.463277865424
2014,9,15,18,110.463277865424
2014,9,16,0,107.219963570249
2014,9,16,6,106.989455770923
2014,9,16,12,106.989455770923
2014,9,16,18,106.989455770923
2014,9,17,0,106.843361081116
2014,9,17,6,106.697130441103
2014,9,17,12,106.697130441103
2014,9,17,18,106.697130441103
2014,9,18,0,108.973829917702
2014,9,18,6,113.180502419501
2014,9,18,12,127.943176648131
2014,9,18,18,143.69002915867
2014,9,19,0,193.398711120921
2014,9,19,6,212.499763512137
2014,9,19,12,256.566534747373
2014,9,19,18,461.232205595468
2014,9,20,0,394.004568456301
2014,9,20,6,291.811984356925
2014,9,20,12,235.618460342247
2014,9,20,18,209.986326581166
2014,9,21,0,187.161364908538
2014,9,21,6,177.055484587597
2014,9,21,12,166.113853517577
2014,9,21,18,159.150997382109
2014,9,22,0,152.198712802149
2014,9,22,6,145.243853516052
2014,9,22,12,142.259390772572
2014,9,22,18,142.259390772572
2014,9,23,0,132.274922727406
2014,9,23,6,122.704226363516
2014,9,23,12,122.704226363516
2014,9,23,18,134.34769309874
2014,9,24,0,332.214344868937
2014,9,24,6,3268.95215887346
2014,9,24,12,1938.56465235519
2014,9,24,18,1520.44286459231
2014,9,25,0,931.865861174158
2014,9,25,6,666.710972444907
2014,9,25,12,528.225013776826
2014,9,25,18,459.971219861842
2014,9,26,0,398.318616645961
2014,9,26,6,365.017267067988
2014,9,26,12,388.254440568338
2014,9,26,18,761.985647698957
2014,9,27,0,739.168481495908
2014,9,27,6,862.311869558577
2014,9,27,12,657.237701044066
2014,9,27,18,534.19319993536
2014,9,28,0,457.344446608485
2014,9,28,6,405.688436785409
2014,9,28,12,370.801224776835
2014,9,28,18,341.894677684018
2014,9,29,0,313.887107495491
2014,9,29,6,297.946949644667
2014,9,29,12,278.149810133393
2014,9,29,18,273.200525255575
2014,9,30,0,275.518746393743
2014,9,30,6,298.49519242741
2014,9,30,12,412.25734618471
2014,9,30,18,703.446712224036
2014,10,1,0,496.081697324867
2014,10,1,6,420.900625252098
2014,10,1,12,389.83415053111
2014,10,1,18,349.748376697577
2014,10,2,0,326.953194731428
2014,10,2,6,305.253541688126
2014,10,2,12,285.302329813085
2014,10,2,18,275.326723875564
2014,10,3,0,261.28094705615
2014,10,3,6,251.23147007282
2014,10,3,12,242.258917570219
2014,10,3,18,233.286365067618
2014,10,4,0,229.165824558143
2014,10,4,6,221.066740605268
2014,10,4,12,216.087759961005
2014,10,4,18,212.104575445595
2014,10,5,0,208.315945936254
2014,10,5,6,204.519920906775
2014,10,5,12,200.529288303716
2014,10,5,18,200.529288303716
2014,10,6,0,196.527073846724
2014,10,6,6,192.525329190749
2014,10,6,12,188.535166927729
2014,10,6,18,188.535166927729
2014,10,7,0,184.281592493064
2014,10,7,6,181.034239172285
2014,10,7,12,181.034239172285
2014,10,7,18,181.034239172285
2014,10,8,0,177.513014536941
2014,10,8,6,173.971365475689
2014,10,8,12,173.971365475689
2014,10,8,18,169.972023740616
2014,10,9,0,170.657075318816
2014,10,9,6,168.319180307917
2014,10,9,12,168.319180307917
2014,10,9,18,164.287583174793
2014,10,10,0,163.493762673183
2014,10,10,6,159.705893242968
2014,10,10,12,159.705893242968
2014,10,10,18,159.705893242968
2014,10,11,0,158.255680668701
2014,10,11,6,156.812929121037
2014,10,11,12,170.534060419128
2014,10,11,18,193.075918980277
2014,10,12,0,224.987772632112
2014,10,12,6,227.347243433249
2014,10,12,12,206.39358044401
2014,10,12,18,198.012115248314
2014,10,13,0,127.109585956293
2014,10,13,6,76.3255797344316
2014,10,13,12,74.648094465543
2014,10,13,18,79.2611789549866
2014,10,14,0,1801.27986310903
2014,10,14,6,4340.43754609127
2014,10,14,12,2608.81941746693
2014,10,14,18,1572.12698519841
2014,10,15,0,1071.07320065874
2014,10,15,6,866.784719928882
2014,10,15,12,1156.38332705129
2014,10,15,18,2252.43361095208
2014,10,16,0,3818.30336027888
2014,10,16,6,2716.70140256925
2014,10,16,12,2117.42903435545
2014,10,16,18,1518.15666614164
2014,10,17,0,1156.85798504294
2014,10,17,6,924.606103531785
2014,10,17,12,866.878355132298
2014,10,17,18,895.742229332041
2014,10,18,0,1396.72359526164
2014,10,18,6,1746.85155341097
2014,10,18,12,1581.46915782176
2014,10,18,18,1281.71356581633
2014,10,19,0,1063.194407761
2014,10,19,6,903.40505557525
2014,10,19,12,807.213737912463
2014,10,19,18,717.964061730495
2014,10,20,0,655.644098998821
2014,10,20,6,684.882559068627
2014,10,20,12,965.06178777852
2014,10,20,18,1044.39569124835
2014,10,21,0,843.674768869283
2014,10,21,6,940.73775271306
2014,10,21,12,2359.50511266793
2014,10,21,18,1767.07525753919
2014,10,22,0,1341.69091770333
2014,10,22,6,1179.09898885449
2014,10,22,12,4610.08375150483
2014,10,22,18,4426.45358110946
2014,10,23,0,6466.99073550892
2014,10,23,6,4490.23460173225
2014,10,23,12,4620.53158794323
2014,10,23,18,4891.14840545834
2014,10,24,0,3929.34183005142
2014,10,24,6,2866.17575330348
2014,10,24,12,2450.93474310757
2014,10,24,18,1985.05458532679
2014,10,25,0,1545.98837326487
2014,10,25,6,1386.77818512235
2014,10,25,12,1212.44035613554
2014,10,25,18,1172.8181222749
2014,10,26,0,6031.13300818001
2014,10,26,6,7097.65125177043
2014,10,26,12,5112.61708054357
2014,10,26,18,4420.16329988304
2014,10,27,0,3586.79223641317
2014,10,27,6,2488.14116730394
2014,10,27,12,2109.08841134748
2014,10,27,18,1768.91286113015
2014,10,28,0,1601.20924213436
2014,10,28,6,1588.51305252931
2014,10,28,12,1499.15919332454
2014,10,28,18,1469.37457358962
2014,10,29,0,1524.64604400921
2014,10,29,6,2150.12472463967
2014,10,29,12,5649.34731571991
2014,10,29,18,5438.55077408857
2014,10,30,0,3039.24457231524
2014,10,30,6,2268.53198961969
2014,10,30,12,1829.17203906093
2014,10,30,18,2196.79975279377
2014,10,31,0,5891.97260301219
2014,10,31,6,7264.64918890421
2014,10,31,12,5281.54161087464
2014,10,31,18,4826.23629959235
2014,11,1,0,3762.95516510989
2014,11,1,6,2823.96716102886
2014,11,1,12,2419.1664075708
2014,11,1,18,2062.5562200006
2014,11,2,0,1785.7560603676
2014,11,2,6,1605.31714569636
2014,11,2,12,1413.48679495277
2014,11,2,18,1322.61978670581
2014,11,3,0,1291.33014417414
2014,11,3,6,1356.75812303505
2014,11,3,12,1308.6461328565
2014,11,3,18,1501.09409357069
2014,11,4,0,5415.8296710619
2014,11,4,6,11168.1448857132
2014,11,4,12,10248.4153068898
2014,11,4,18,8014.78632974715
2014,11,5,0,4281.3215184522
2014,11,5,6,3119.43113133017
2014,11,5,12,2629.9203999522
2014,11,5,18,2082.82017076507
2014,11,6,0,2054.3829958706
2014,11,6,6,4898.3995578582
2014,11,6,12,3782.43352955583
2014,11,6,18,3209.63680706435
2014,11,7,0,4244.64499319607
2014,11,7,6,2684.72471625969
2014,11,7,12,2298.50116058724
2014,11,7,18,1940.53786508595
2014,11,8,0,1747.85275758954
2014,11,8,6,1556.32543060821
2014,11,8,12,1478.01974856503
2014,11,8,18,1350.77301524486
2014,11,9,0,1241.90484923628
2014,11,9,6,1198.52054902785
2014,11,9,12,1341.93326429613
2014,11,9,18,1833.63400235884
2014,11,10,0,1609.9163702391
2014,11,10,6,1300.72329407964
2014,11,10,12,1146.56349626279
2014,11,10,18,1069.48359735437
2014,11,11,0,956.54837018868
2014,11,11,6,946.31715997721
2014,11,11,12,867.539456753301
2014,11,11,18,838.982539334634
2014,11,12,0,769.770025369324
2014,11,12,6,728.691427666121
2014,11,12,12,702.844255607023
2014,11,12,18,677.991205550197
2014,11,13,0,659.177651070929
2014,11,13,6,625.638548529026
2014,11,13,12,609.82461997221
2014,11,13,18,556.452611092957
2014,11,14,0,564.990363135624
2014,11,14,6,535.90397238537
2014,11,14,12,515.101784917546
2014,11,14,18,494.299597449722
2014,11,15,0,488.39905649983
2014,11,15,6,468.542481572225
2014,11,15,12,449.641617135129
2014,11,15,18,442.678140763567
2014,11,16,0,429.876249334277
2014,11,16,6,418.061639845428
2014,11,16,12,412.089330704779
2014,11,16,18,405.121636707356
2014,11,17,0,395.57901094856
2014,11,17,6,385.894502408817
2014,11,17,12,385.894502408817
2014,11,17,18,379.849157723562
2014,11,18,0,373.143476153711
2014,11,18,6,359.495500449167
2014,11,18,12,359.495500449167
2014,11,18,18,359.495500449167
2014,11,19,0,349.88702232059
2014,11,19,6,340.193625204086
2014,11,19,12,334.154685111706
2014,11,19,18,334.154685111706
2014,11,20,0,329.096862537273
2014,11,20,6,334.089834625051
2014,11,20,12,409.56193582047
2014,11,20,18,434.719302885609
2014,11,21,0,586.19556137386
2014,11,21,6,1142.46067948441
2014,11,21,12,1053.09989366335
2014,11,21,18,2918.36490402947
2014,11,22,0,4305.68277931486
2014,11,22,6,2570.24837888669
2014,11,22,12,1820.21148540374
2014,11,22,18,1490.92699558196
2014,11,23,0,1371.83587321875
2014,11,23,6,1397.09567229769
2014,11,23,12,2462.5067605247
2014,11,23,18,2271.53684848401
2014,11,24,0,1725.80808220429
2014,11,24,6,1415.82481775479
2014,11,24,12,1227.70823357758
2014,11,24,18,1217.80736072615
2014,11,25,0,1991.56966657051
2014,11,25,6,3443.0935894007
2014,11,25,12,3558.91630953345
2014,11,25,18,4085.38321922774
2014,11,26,0,7673.53045002469
2014,11,26,6,10462.813054813
2014,11,26,12,6875.5628645914
2014,11,26,18,5081.9377694806
2014,11,27,0,5245.97379840192
2014,11,27,6,7356.92788385337
2014,11,27,12,6465.87140102641
2014,11,27,18,8476.46038791802
2014,11,28,0,10635.3730299323
2014,11,28,6,12042.4071847418
2014,11,28,12,11949.7732833207
2014,11,28,18,8299.9975673297
2014,11,29,0,5580.39967332382
2014,11,29,6,3862.24381011247
2014,11,29,12,3176.6955338175
2014,11,29,18,2674.60383850288
2014,11,30,0,2192.45612981433
2014,11,30,6,1881.05884416997
2014,11,30,12,1764.10181758945
2014,11,30,18,1676.38404765407
2014,12,1,0,1484.47494148443
2014,12,1,6,1388.18592996536
2014,12,1,12,1239.45172318336
2014,12,1,18,1189.87365425602
2014,12,2,0,1120.49547671686
2014,12,2,6,1041.19695054059
2014,12,2,12,984.674830368388
2014,12,2,18,963.850891357576
2014,12,3,0,900.061004745008
2014,12,3,6,867.231960271458
2014,12,3,12,838.685164757414
2014,12,3,18,819.98209183442
2014,12,4,0,768.140721418939
2014,12,4,6,752.610548849863
2014,12,4,12,725.873068824934
2014,12,4,18,725.873068824934
2014,12,5,0,751.143680311186
2014,12,5,6,881.349679644734
2014,12,5,12,942.382110512151
2014,12,5,18,1241.33757696441
2014,12,6,0,1358.72558052779
2014,12,6,6,1133.53879268291
2014,12,6,12,1861.49948523156
2014,12,6,18,1851.10004676658
2014,12,7,0,1988.97929903063
2014,12,7,6,1522.795012519
2014,12,7,12,1297.19575140507
2014,12,7,18,1109.19636714347
2014,12,8,0,1032.6649005355
2014,12,8,6,980.642466236841
2014,12,8,12,919.100089240496
2014,12,8,18,878.744432193713
2014,12,9,0,1306.35069308358
2014,12,9,6,4238.53811042963
2014,12,9,12,4553.63326971816
2014,12,9,18,5753.02774701
2014,12,10,0,3203.26160854582
2014,12,10,6,2498.2345517825
2014,12,10,12,2621.09854613246
2014,12,10,18,2743.96254048242
2014,12,11,0,4110.13041390641
2014,12,11,6,3139.85282259313
2014,12,11,12,2403.94981729787
2014,12,11,18,3247.78526336977
2014,12,12,0,3266.70994044609
2014,12,12,6,2471.12698045169
2014,12,12,12,2219.16893538603
2014,12,12,18,1996.28297244333
2014,12,13,0,1760.12510736358
2014,12,13,6,1626.09330996107
2014,12,13,12,1476.45282131434
2014,12,13,18,1406.6205932792
2014,12,14,0,1301.54326686186
2014,12,14,6,1225.81955200257
2014,12,14,12,1125.34253954334
2014,12,14,18,1095.19943580557
2014,12,15,0,1005.7327716644
2014,12,15,6,979.899676372323
2014,12,15,12,928.585695333692
2014,12,15,18,879.245328950393
2014,12,16,0,866.80674999529
2014,12,16,6,826.959379029295
2014,12,16,12,780.794170976689
2014,12,16,18,771.761847662048
2014,12,17,0,758.162017141493
2014,12,17,6,735.756680946599
2014,12,17,12,684.194218130935
2014,12,17,18,701.051177128364
2014,12,18,0,719.832993574165
2014,12,18,6,821.438626348835
2014,12,18,12,888.23035931652
2014,12,18,18,840.379565548626
2014,12,19,0,908.073257667614
2014,12,19,6,2172.3334892372
2014,12,19,12,2001.95439204213
2014,12,19,18,1895.46745629521
2014,12,20,0,1592.39973463782
2014,12,20,6,1346.77233608663
2014,12,20,12,1465.60518927075
2014,12,20,18,1703.27089563898
2014,12,21,0,3776.36202500913
2014,12,21,6,4400.1130725088
2014,12,21,12,2902.85237422455
2014,12,21,18,2332.46734630675
2014,12,22,0,2072.69598983002
2014,12,22,6,1785.7024027468
2014,12,22,12,1544.39126724048
2014,12,22,18,1360.99480425567
2014,12,23,0,1345.20393647022
2014,12,23,6,1390.53332093858
2014,12,23,12,1287.9529939841
2014,12,23,18,1960.42402624128
2014,12,24,0,3536.77900011382
2014,12,24,6,2360.59918561186
2014,12,24,12,1950.0601968098
2014,12,24,18,1698.13854459035
2014,12,25,0,1565.82011998123
2014,12,25,6,1463.27290681494
2014,12,25,12,1394.06405311423
2014,12,25,18,1285.30728301312
2014,12,26,0,1188.83266384501
2014,12,26,6,1111.79051838617
2014,12,26,12,1072.0837141581
2014,12,26,18,992.670105701941
2014,12,27,0,938.09836506865
2014,12,27,6,962.308506294522
2014,12,27,12,1022.64453378801
2014,12,27,18,1206.72054986986
2014,12,28,0,1158.54685213677
2014,12,28,6,1091.5272775351
2014,12,28,12,1002.22050028223
2014,12,28,18,953.597921555667
2014,12,29,0,906.76595239813
2014,12,29,6,869.617760624722
2014,12,29,12,803.72249977371
2014,12,29,18,776.765347607387
2014,12,30,0,737.020547282902
2014,12,30,6,690.734360689637
2014,12,30,12,657.13640895366
2014,12,30,18,649.231008545195
2014,12,31,0,628.777138183026
2014,12,31,6,616.069283138073
2014,12,31,12,600.093418421364
2014,12,31,18,593.103977607804
2015,1,1,0,584.689259171676
2015,1,1,6,561.330834766646
2015,1,1,12,561.330834766646
2015,1,1,18,539.396059695836
2015,1,2,0,531.19365986808
2015,1,2,6,529.971200637145
2015,1,2,12,516.076824590478
2015,1,2,18,529.971200637145
2015,1,3,0,516.774138124394
2015,1,3,6,496.574250206972
2015,1,3,12,475.676335869605
2015,1,3,18,468.710364423815
2015,1,4,0,449.28825506385
2015,1,4,6,442.86096365685
2015,1,4,12,442.86096365685
2015,1,4,18,574.365529284211
2015,1,5,0,2158.59027025264
2015,1,5,6,9551.74923810292
2015,1,5,12,12425.9181264914
2015,1,5,18,12425.9181264914
2015,1,6,0,6874.1447722298
2015,1,6,6,4488.71879483001
2015,1,6,12,3309.40163692151
2015,1,6,18,2770.02402206414
2015,1,7,0,2469.64225545747
2015,1,7,6,2162.6412311452
2015,1,7,12,1992.43335647174
2015,1,7,18,1822.22548179827
2015,1,8,0,1735.71941713669
2015,1,8,6,1591.67443753119
2015,1,8,12,1493.42292904161
2015,1,8,18,1424.6468730989
2015,1,9,0,1404.81212315901
2015,1,9,6,1394.06042919214
2015,1,9,12,1262.73589600738
2015,1,9,18,1202.12457299902
2015,1,10,0,1197.3378072044
2015,1,10,6,1122.40617964495
2015,1,10,12,1112.38469589812
2015,1,10,18,1072.2987609108
2015,1,11,0,1068.48490279217
2015,1,11,6,1015.6315816234
2015,1,11,12,976.56882848404
2015,1,11,18,938.482644173162
2015,1,12,0,926.149580466
2015,1,12,6,913.532090965185
2015,1,12,12,863.937514908444
2015,1,12,18,836.164552316668
2015,1,13,0,806.580797868562
2015,1,13,6,779.035616392411
2015,1,13,12,761.217775102623
2015,1,13,18,725.582092523046
2015,1,14,0,685.749647417971
2015,1,14,6,688.484155218062
2015,1,14,12,672.519305241991
2015,1,14,18,639.591802166345
2015,1,15,0,625.058168901625
2015,1,15,6,610.4474611776
2015,1,15,12,602.428446909257
2015,1,15,18,595.411809424457
2015,1,16,0,790.368602145755
2015,1,16,6,1606.00082172968
2015,1,16,12,1647.18032997916
2015,1,16,18,1533.93668229309
2015,1,17,0,1235.39209091394
2015,1,17,6,1021.19218887867
2015,1,17,12,916.182803418508
2015,1,17,18,839.111694823891
2015,1,18,0,1291.63882650551
2015,1,18,6,5746.50394059813
2015,1,18,12,7126.83964012851
2015,1,18,18,5540.92202790211
2015,1,19,0,3639.8253007308
2015,1,19,6,3005.47231676155
2015,1,19,12,2565.18019392387
2015,1,19,18,2163.17434263729
2015,1,20,0,1932.52494056734
2015,1,20,6,1733.85481416372
2015,1,20,12,1576.23164923974
2015,1,20,18,1389.05414089252
2015,1,21,0,1309.19383612378
2015,1,21,6,1209.78734786133
2015,1,21,12,1131.10199190287
2015,1,21,18,1052.41663594441
2015,1,22,0,1024.189203369
2015,1,22,6,958.392961854466
2015,1,22,12,979.098982635273
2015,1,22,18,968.252971750088
2015,1,23,0,1044.33064544807
2015,1,23,6,1073.00639090439
2015,1,23,12,1291.58176682936
2015,1,23,18,4548.13408490337
2015,1,24,0,4890.19902420306
2015,1,24,6,9152.8197974509
2015,1,24,12,7368.79559964267
2015,1,24,18,5226.02740553605
2015,1,25,0,3934.5421562082
2015,1,25,6,2944.06857086468
2015,1,25,12,2526.20077370969
2015,1,25,18,2193.80593506368
2015,1,26,0,1937.30022149849
2015,1,26,6,1725.71502692696
2015,1,26,12,1586.06178775368
2015,1,26,18,1476.33424268896
2015,1,27,0,1446.47593174786
2015,1,27,6,1290.84070456832
2015,1,27,12,1261.72399694648
2015,1,27,18,1154.96273566639
2015,1,28,0,1138.47290450611
2015,1,28,6,1091.60537762877
2015,1,28,12,1002.29221036823
2015,1,28,18,953.666152637497
2015,1,29,0,926.397196686904
2015,1,29,6,879.011875083554
2015,1,29,12,850.077318468999
2015,1,29,18,794.203691902961
2015,1,30,0,771.017693501717
2015,1,30,6,756.94582423475
2015,1,30,12,730.369052772672
2015,1,30,18,695.917682358867
2015,1,31,0,686.517427427928
2015,1,31,6,668.731512472161
2015,1,31,12,660.686622096556
2015,1,31,18,604.372389467321
2015,2,1,0,621.901368472314
2015,2,1,6,607.175856496328
2015,2,1,12,615.258064236712
2015,2,1,18,663.751310679014
2015,2,2,0,693.727456525192
2015,2,2,6,665.35599286803
2015,2,2,12,609.326014521248
2015,2,2,18,657.351710247061
2015,2,3,0,882.207133253135
2015,2,3,6,984.165634824875
2015,2,3,12,844.859093846609
2015,2,3,18,770.69589936897
2015,2,4,0,718.349025786883
2015,2,4,6,677.745626554743
2015,2,4,12,637.473784976852
2015,2,4,18,621.75794436109
2015,2,5,0,751.698243699944
2015,2,5,6,1935.3395465482
2015,2,5,12,5923.63596015306
2015,2,5,18,5250.0094881501
2015,2,6,0,4630.33017872092
2015,2,6,6,7802.00088369543
2015,2,6,12,8783.57557334323
2015,2,6,18,12041.998769906
2015,2,7,0,8274.51980142112
2015,2,7,6,4762.41893100421
2015,2,7,12,4350.00327099972
2015,2,7,18,8994.58915628837
2015,2,8,0,6871.46056553856
2015,2,8,6,7243.09623758474
2015,2,8,12,5155.77633910415
2015,2,8,18,3799.49935437712
2015,2,9,0,3051.78907441252
2015,2,9,6,2747.93596593318
2015,2,9,12,2422.39651352298
2015,2,9,18,2183.02926910371
2015,2,10,0,2081.49613568578
2015,2,10,6,2193.7838280204
2015,2,10,12,2907.79837581949
2015,2,10,18,3052.67089276423
2015,2,11,0,2329.98422289454
2015,2,11,6,1911.95618268594
2015,2,11,12,1718.82929554595
2015,2,11,18,1545.01509711995
2015,2,12,0,1398.42938087034
2015,2,12,6,1374.64224961857
2015,2,12,12,1282.99943297733
2015,2,12,18,1181.17408115373
2015,2,13,0,1163.92839370913
2015,2,13,6,1078.44797951778
2015,2,13,12,1068.73223195456
2015,2,13,18,1010.43774657522
2015,2,14,0,1080.84281661337
2015,2,14,6,1321.545493527
2015,2,14,12,1271.86333211621
2015,2,14,18,1122.81684788384
2015,2,15,0,1006.70204852575
2015,2,15,6,971.828718396997
2015,2,15,12,930.835943238276
2015,2,15,18,851.849864273911
2015,2,16,0,844.270449316473
2015,2,16,6,816.597406762552
2015,2,16,12,753.396378966434
2015,2,16,18,753.396378966434
2015,2,17,0,732.94884727676
2015,2,17,6,704.646728420008
2015,2,17,12,687.703313450927
2015,2,17,18,662.786526731691
2015,2,18,0,636.777729124993
2015,2,18,6,634.691665171778
2015,2,18,12,610.927858675487
2015,2,18,18,603.006589843389
2015,2,19,0,593.970673093093
2015,2,19,6,583.6491445189
2015,2,19,12,606.873937466884
2015,2,19,18,631.108504021302
2015,2,20,0,666.765422121291
2015,2,20,6,622.220146158188
2015,2,20,12,606.291310416538
2015,2,20,18,591.358026908741
2015,2,21,0,573.496115688387
2015,2,21,6,549.808769760111
2015,2,21,12,534.975799352914
2015,2,21,18,521.13169363953
2015,2,22,0,502.671253553962
2015,2,22,6,497.994569094614
2015,2,22,12,477.036881818087
2015,2,22,18,470.050986059245
2015,2,23,0,463.163748969407
2015,2,23,6,455.306372830324
2015,2,23,12,442.382829496712
2015,2,23,18,436.418117188891
2015,2,24,0,436.621761066633
2015,2,24,6,423.88982356824
2015,2,24,12,417.919544363053
2015,2,24,18,404.983939418482
2015,2,25,0,405.791553058358
2015,2,25,6,400.605404195367
2015,2,25,12,388.617212548623
2015,2,25,18,388.617212548623
2015,2,26,0,406.528791582944
2015,2,26,6,406.458087930063
2015,2,26,12,388.482054557235
2015,2,26,18,382.490043432958
2015,2,27,0,382.610839090052
2015,2,27,6,382.731635234882
2015,2,27,12,394.723226939369
2015,2,27,18,394.723226939369
2015,2,28,0,377.033027359004
2015,2,28,6,372.325896841295
2015,2,28,12,354.310127639296
2015,2,28,18,349.305747305408
2015,3,1,0,343.083320107377
2015,3,1,6,337.868179151034
2015,3,1,12,331.870519166104
2015,3,1,18,326.872469178663
2015,3,2,0,327.694506330882
2015,3,2,6,328.517294948765
2015,3,2,12,323.49409472019
2015,3,2,18,312.443054217327
2015,3,3,0,311.396417615238
2015,3,3,6,305.361245246423
2015,3,3,12,295.382119584775
2015,3,3,18,290.392556753952
2015,3,4,0,290.331927242733
2015,3,4,6,290.271232580898
2015,3,4,12,280.296276134819
2015,3,4,18,280.296276134819
2015,3,5,0,279.940324054459
2015,3,5,6,279.584559210949
2015,3,5,12,274.609744990114
2015,3,5,18,274.609744990114
2015,3,6,0,270.451757844982
2015,3,6,6,271.269325307181
2015,3,6,12,266.264356205573
2015,3,6,18,266.264356205573
2015,3,7,0,265.951966110074
2015,3,7,6,261.645192343219
2015,3,7,12,261.645192343219
2015,3,7,18,261.645192343219
2015,3,8,0,252.177124375004
2015,3,8,6,252.695984643035
2015,3,8,12,252.695984643035
2015,3,8,18,252.695984643035
2015,3,9,0,247.646632018283
2015,3,9,6,246.609878178611
2015,3,9,12,246.609878178611
2015,3,9,18,241.637904828236
2015,3,10,0,242.638538069099
2015,3,10,6,239.630316178053
2015,3,10,12,239.630316178053
2015,3,10,18,234.617129647132
2015,3,11,0,233.605267728193
2015,3,11,6,232.596122298211
2015,3,11,12,260.428136932184
2015,3,11,18,284.284149475591
2015,3,12,0,347.778824584485
2015,3,12,6,487.007653227672
2015,3,12,12,629.697793663805
2015,3,12,18,515.959275924858
2015,3,13,0,426.890465987976
2015,3,13,6,382.584565331835
2015,3,13,12,359.609513105641
2015,3,13,18,331.639884308535
2015,3,14,0,321.443297286416
2015,3,14,6,525.744057499794
2015,3,14,12,4110.18124648795
2015,3,14,18,5287.36907921994
2015,3,15,0,2231.94251021685
2015,3,15,6,1430.99897893573
2015,3,15,12,1325.3547590143
2015,3,15,18,2237.73665833574
2015,3,16,0,4339.96648063285
2015,3,16,6,3770.24533775643
2015,3,16,12,2380.66982031774
2015,3,16,18,1951.53620463815
2015,3,17,0,1535.05166110942
2015,3,17,6,1339.61594268764
2015,3,17,12,1182.01406707733
2015,3,17,18,1034.26230869266
2015,3,18,0,953.18115893744
2015,3,18,6,899.86275377651
2015,3,18,12,850.924601795324
2015,3,18,18,777.018004925777
2015,3,19,0,735.20442833546
2015,3,19,6,695.026223141001
2015,3,19,12,661.785838555997
2015,3,19,18,669.844113606907
2015,3,20,0,675.481699348174
2015,3,20,6,966.908793280805
2015,3,20,12,1246.36783021091
2015,3,20,18,1051.62285674045
2015,3,21,0,1754.72593532276
2015,3,21,6,1909.14897261525
2015,3,21,12,2528.33242319317
2015,3,21,18,3642.86263423342
2015,3,22,0,2644.57358772362
2015,3,22,6,1954.1832622474
2015,3,22,12,1569.26837725927
2015,3,22,18,1470.57225290334
2015,3,23,0,1607.38940666611
2015,3,23,6,1852.34595831685
2015,3,23,12,1635.58206957764
2015,3,23,18,1448.37689293924
2015,3,24,0,1639.99693675101
2015,3,24,6,1473.8217187724
2015,3,24,12,1353.50974172975
2015,3,24,18,1223.17176660022
2015,3,25,0,1138.99452185068
2015,3,25,6,1134.90751235808
2015,3,25,12,1398.36818486977
2015,3,25,18,2523.14259443893
2015,3,26,0,4508.18699611171
2015,3,26,6,3209.0750510646
2015,3,26,12,2432.35624889609
2015,3,26,18,2074.65680052902
2015,3,27,0,1819.61670177232
2015,3,27,6,1581.9404757862
2015,3,27,12,1413.85930023392
2015,3,27,18,1295.21376454995
2015,3,28,0,1358.36228120867
2015,3,28,6,2996.49161445022
2015,3,28,12,4792.36874364933
2015,3,28,18,3652.28944252855
2015,3,29,0,2639.33546513818
2015,3,29,6,2119.8834852487
2015,3,29,12,1991.10551651864
2015,3,29,18,1802.89156222086
2015,3,30,0,1772.90491581296
2015,3,30,6,1792.44136952232
2015,3,30,12,1653.79949563662
2015,3,30,18,1455.7396757999
2015,3,31,0,1383.13391336778
2015,3,31,6,1599.726848944
2015,3,31,12,1819.6892906738
2015,3,31,18,1559.7336777204
2015,4,1,0,1378.56514274998
2015,4,1,6,1337.89092500433
2015,4,1,12,1219.84172573925
2015,4,1,18,1200.16685919506
2015,4,2,0,1185.63800584405
2015,4,2,6,1099.78324890126
2015,4,2,12,1019.06521228466
2015,4,2,18,969.625414856985
2015,4,3,0,957.412266521847
2015,4,3,6,905.066024481988
2015,4,3,12,836.759154709762
2015,4,3,18,865.890025642035
2015,4,4,0,883.158550735179
2015,4,4,6,805.31263838916
2015,4,4,12,787.305647717104
2015,4,4,18,742.288171036965
2015,4,5,0,735.027973599022
2015,4,5,6,727.725959420095
2015,4,5,12,693.550983425228
2015,4,5,18,668.422324605474
2015,4,6,0,653.573644424248
2015,4,6,6,622.52165023603
2015,4,6,12,614.450056715952
2015,4,6,18,606.378463195874
2015,4,7,0,603.726113033479
2015,4,7,6,571.072104145278
2015,4,7,12,556.070209990849
2015,4,7,18,549.069326052115
2015,4,8,0,531.850144778358
2015,4,8,6,515.749123074517
2015,4,8,12,515.749123074517
2015,4,8,18,522.69189973129
2015,4,9,0,503.770614948885
2015,4,9,6,491.690212809891
2015,4,9,12,484.694620351214
2015,4,9,18,470.70343543386
2015,4,10,0,466.051166703276
2015,4,10,6,461.422464289045
2015,4,10,12,442.808819232799
2015,4,10,18,435.951160527866
2015,4,11,0,589.585996717801
2015,4,11,6,1105.08438875547
2015,4,11,12,870.64125207557
2015,4,11,18,794.21485509622
2015,4,12,0,726.531058489941
2015,4,12,6,671.793601433176
2015,4,12,12,646.875441142628
2015,4,12,18,630.927818556677
2015,4,13,0,630.276671742801
2015,4,13,6,621.666453034472
2015,4,13,12,590.831796963962
2015,4,13,18,653.495775429837
2015,4,14,0,749.734401242792
2015,4,14,6,734.441772246421
2015,4,14,12,691.357193519824
2015,4,14,18,666.308019841569
2015,4,15,0,666.05193834271
2015,4,15,6,625.748040060582
2015,4,15,12,609.728890235031
2015,4,15,18,586.701362360802
2015,4,16,0,585.591655563022
2015,4,16,6,576.503194821273
2015,4,16,12,554.560166644685
2015,4,16,18,539.599011069738
2015,4,17,0,593.082978102095
2015,4,17,6,616.69234793863
2015,4,17,12,593.703816329897
2015,4,17,18,600.700325949946
2015,4,18,0,720.725297029539
2015,4,18,6,674.121082036246
2015,4,18,12,633.572445522788
2015,4,18,18,585.927797619474
2015,4,19,0,596.030391670301
2015,4,19,6,612.779749739123
2015,4,19,12,574.04650785934
2015,4,19,18,537.299586075957
2015,4,20,0,587.719649150038
2015,4,20,6,585.367376032164
2015,4,20,12,563.086956875231
2015,4,20,18,526.628089163885
2015,4,21,0,566.113834123204
2015,4,21,6,562.062615998882
2015,4,21,12,526.122555295579
2015,4,21,18,491.180829611812
2015,4,22,0,499.155490863224
2015,4,22,6,535.223233623831
2015,4,22,12,587.342350006677
2015,4,22,18,564.289663914264
2015,4,23,0,559.13303976961
2015,4,23,6,525.455322518506
2015,4,23,12,491.015366922724
2015,4,23,18,491.015366922724
2015,4,24,0,649.895515479365
2015,4,24,6,791.527480973939
2015,4,24,12,755.729755703761
2015,4,24,18,782.578049656395
2015,4,25,0,882.433716235773
2015,4,25,6,821.232631038114
2015,4,25,12,730.432954387708
2015,4,25,18,679.988689581927
2015,4,26,0,678.257610226852
2015,4,26,6,667.494943903209
2015,4,26,12,619.314857726737
2015,4,26,18,596.228566433844
2015,4,27,0,619.66561931153
2015,4,27,6,636.094713273734
2015,4,27,12,660.21204837416
2015,4,27,18,875.258286352957
2015,4,28,0,1085.20507650649
2015,4,28,6,986.664259057478
2015,4,28,12,836.956545615967
2015,4,28,18,856.046790954146
2015,4,29,0,859.458254451476
2015,4,29,6,760.827588327616
2015,4,29,12,682.667146873933
2015,4,29,18,666.837184047871
2015,4,30,0,647.879409909099
2015,4,30,6,621.444822426502
2015,4,30,12,613.387191017406
2015,4,30,18,567.055810415106
2015,5,1,0,556.343713685428
2015,5,1,6,523.864311575644
2015,5,1,12,516.905962086024
2015,5,1,18,502.989263106785
2015,5,2,0,484.138033198391
2015,5,2,6,486.164986958018
2015,5,2,12,466.116946258718
2015,5,2,18,453.085719804173
2015,5,3,0,433.126295264465
2015,5,3,6,433.21492166964
2015,5,3,12,427.198047757562
2015,5,3,18,415.164299933406
2015,5,4,0,399.719191896682
2015,5,4,6,403.259891940011
2015,5,4,12,397.315028668168
2015,5,4,18,385.425302124482
2015,5,5,0,412.280490667499
2015,5,5,6,594.528300814045
2015,5,5,12,961.854708892757
2015,5,5,18,1040.92497112223
2015,5,6,0,953.103263820438
2015,5,6,6,826.912032241846
2015,5,6,12,726.558630270748
2015,5,6,18,667.350123107801
2015,5,7,0,709.255594573372
2015,5,7,6,683.941391523814
2015,5,7,12,618.756361539873
2015,5,7,18,602.710815697672
2015,5,8,0,623.926774008742
2015,5,8,6,597.228992969193
2015,5,8,12,552.511347904943
2015,5,8,18,509.781153732439
2015,5,9,0,505.030763739435
2015,5,9,6,507.240075018676
2015,5,9,12,479.171454266654
2015,5,9,18,459.122439443782
2015,5,10,0,451.900793057215
2015,5,10,6,469.640443189159
2015,5,10,12,456.677968111751
2015,5,10,18,430.753017956936
2015,5,11,0,425.956868609164
2015,5,11,6,446.195492624346
2015,5,11,12,440.179373622669
2015,5,11,18,421.12833011736
2015,5,12,0,415.036082665255
2015,5,12,6,407.943548344553
2015,5,12,12,407.943548344553
2015,5,12,18,414.959776448759
2015,5,13,0,475.27113354401
2015,5,13,6,514.012525555333
2015,5,13,12,485.569144694564
2015,5,13,18,445.951578495635
2015,5,14,0,473.661146576847
2015,5,14,6,503.725891162483
2015,5,14,12,489.788811169845
2015,5,14,18,455.94161690201
2015,5,15,0,475.427495907008
2015,5,15,6,482.003237316376
2015,5,15,12,449.255671299128
2015,5,15,18,429.811803976387
2015,5,16,0,394.429991427168
2015,5,16,6,402.838752388977
2015,5,16,12,402.838752388977
2015,5,16,18,378.728702370684
2015,5,17,0,372.758375270364
2015,5,17,6,382.804241718585
2015,5,17,12,371.809864019095
2015,5,17,18,359.815997437834
2015,5,18,0,358.380834206392
2015,5,18,6,379.752304378021
2015,5,18,12,373.803182116224
2015,5,18,18,373.803182116224
2015,5,19,0,370.902311674032
2015,5,19,6,390.007121565933
2015,5,19,12,372.9631085412
2015,5,19,18,354.916506515013
2015,5,20,0,353.3237868739
2015,5,20,6,374.586642477567
2015,5,20,12,369.618649871764
2015,5,20,18,357.695467617836
2015,5,21,0,370.875057596246
2015,5,21,6,420.150020535213
2015,5,21,12,372.132875331188
2015,5,21,18,354.126445879679
2015,5,22,0,360.305994228323
2015,5,22,6,432.579866447764
2015,5,22,12,377.506040858349
2015,5,22,18,354.47516833914
2015,5,23,0,350.571968356063
2015,5,23,6,385.937099980502
2015,5,23,12,356.714708598166
2015,5,23,18,345.630353246246
2015,5,24,0,328.86378239064
2015,5,24,6,328.219932768083
2015,5,24,12,317.178895274355
2015,5,24,18,312.160241868116
2015,5,25,0,300.017792346479
2015,5,25,6,302.866073019418
2015,5,25,12,297.917280976617
2015,5,25,18,302.866073019418
2015,5,26,0,300.68382751133
2015,5,26,6,293.377925233409
2015,5,26,12,293.377925233409
2015,5,26,18,283.296209589649
2015,5,27,0,271.211511261886
2015,5,27,6,274.18137957524
2015,5,27,12,274.18137957524
2015,5,27,18,269.214325597428
2015,5,28,0,261.634794946701
2015,5,28,6,272.033055582204
2015,5,28,12,267.013995516111
2015,5,28,18,267.013995516111
2015,5,29,0,262.24275002149
2015,5,29,6,275.460298255854
2015,5,29,12,275.460298255854
2015,5,29,18,265.479852666874
2015,5,30,0,256.956593254294
2015,5,30,6,271.438684036
2015,5,30,12,266.430590234598
2015,5,30,18,257.416021392074
2015,5,31,0,248.47265065927
2015,5,31,6,252.552617601755
2015,5,31,12,248.54384589379
2015,5,31,18,239.524109550871
2015,6,1,0,230.286366133021
2015,6,1,6,226.067136445713
2015,6,1,12,230.06832470139
2015,6,1,18,230.06832470139
2015,6,2,0,229.305832828718
2015,6,2,6,255.37353301293
2015,6,2,12,289.158358392072
2015,6,2,18,294.126715065475
2015,6,3,0,349.377340901671
2015,6,3,6,351.969844710939
2015,6,3,12,324.740085951067
2015,6,3,18,303.561384693389
2015,6,4,0,282.079594903392
2015,6,4,6,265.782678803052
2015,6,4,12,261.785946790976
2015,6,4,18,247.79738474871
2015,6,5,0,239.188692721687
2015,6,5,6,230.551370578112
2015,6,5,12,234.560959631644
2015,6,5,18,226.541781524579
2015,6,6,0,217.502887474121
2015,6,6,6,222.49675625192
2015,6,6,12,222.49675625192
2015,6,6,18,217.485568048048
2015,6,7,0,209.539066111475
2015,6,7,6,213.622162013152
2015,6,7,12,213.622162013152
2015,6,7,18,209.610478219478
2015,6,8,0,204.751274600277
2015,6,8,6,207.88316172846
2015,6,8,12,207.88316172846
2015,6,8,18,203.904536623609
2015,6,9,0,195.906999510333
2015,6,9,6,199.843706900612
2015,6,9,12,199.843706900612
2015,6,9,18,195.86671770856
2015,6,10,0,188.984804857308
2015,6,10,6,190.058404017486
2015,6,10,12,190.058404017486
2015,6,10,18,186.036003932459
2015,6,11,0,182.709465338415
2015,6,11,6,178.391235035254
2015,6,11,12,182.400026833799
2015,6,11,18,178.391235035254
2015,6,12,0,170.925638305955
2015,6,12,6,171.47818101915
2015,6,12,12,171.47818101915
2015,6,12,18,171.47818101915
2015,6,13,0,168.205224891824
2015,6,13,6,163.935440423971
2015,6,13,12,167.958396017197
2015,6,13,18,163.935440423971
2015,6,14,0,160.13622184602
2015,6,14,6,159.355110661012
2015,6,14,12,159.355110661012
2015,6,14,18,155.371232894486
2015,6,15,0,155.700889337402
2015,6,15,6,153.030231535191
2015,6,15,12,150.029638759991
2015,6,15,18,146.028848393058
2015,6,16,0,146.121674556037
2015,6,16,6,143.21012018586
2015,6,16,12,146.214528301648
2015,6,16,18,146.214528301648
2015,6,17,0,142.599933305833
2015,6,17,6,139.011706603457
2015,6,17,12,141.990528887817
2015,6,17,18,141.990528887817
2015,6,18,0,139.414590859509
2015,6,18,6,136.821826474295
2015,6,18,12,139.817924864243
2015,6,18,18,139.817924864243
2015,6,19,0,139.67003387427
2015,6,19,6,139.522189804524
2015,6,19,12,142.51195101462
2015,6,19,18,142.51195101462
2015,6,20,0,139.23774053475
2015,6,20,6,135.975976105355
2015,6,20,12,135.975976105355
2015,6,20,18,135.975976105355
2015,6,21,0,132.90651098916
2015,6,21,6,130.790728674382
2015,6,21,12,130.790728674382
2015,6,21,18,130.790728674382
2015,6,22,0,130.348969707835
2015,6,22,6,126.910008019816
2015,6,22,12,126.910008019816
2015,6,22,18,126.910008019816
2015,6,23,0,124.191129863339
2015,6,23,6,124.470430854895
2015,6,23,12,124.470430854895
2015,6,23,18,124.470430854895
2015,6,24,0,120.986169492425
2015,6,24,6,120.513945350252
2015,6,24,12,123.501894408522
2015,6,24,18,120.513945350252
2015,6,25,0,117.954325381583
2015,6,25,6,118.383028743032
2015,6,25,12,118.383028743032
2015,6,25,18,118.383028743032
2015,6,26,0,115.747493106922
2015,6,26,6,116.122018688157
2015,6,26,12,116.122018688157
2015,6,26,18,116.122018688157
2015,6,27,0,115.52036187918
2015,6,27,6,112.921006549004
2015,6,27,12,114.919608434827
2015,6,27,18,117.917511263562
2015,6,28,0,112.963426624566
2015,6,28,6,113.005853525146
2015,6,28,12,115.005957127361
2015,6,28,18,115.005957127361
2015,6,29,0,113.001027749321
2015,6,29,6,112.996202037091
2015,6,29,12,114.996134816509
2015,6,29,18,114.996134816509
2015,6,30,0,113.021980407495
2015,6,30,6,110.046456398823
2015,6,30,12,113.047723391518
2015,6,30,18,113.047723391518
2015,7,1,0,110.694324596166
2015,7,1,6,108.30691233741
2015,7,1,12,111.343554739393
2015,7,1,18,111.343554739393
2015,7,2,0,107.317481028363
2015,7,2,6,106.330974608747
2015,7,2,12,109.312216887497
2015,7,2,18,109.312216887497
2015,7,3,0,106.771854514178
2015,7,3,6,104.207573692155
2015,7,3,12,107.213561394814
2015,7,3,18,107.213561394814
2015,7,4,0,103.958636359464
2015,7,4,6,101.715510309282
2015,7,4,12,101.715510309282
2015,7,4,18,101.715510309282
2015,7,5,0,101.748359317721
2015,7,5,6,98.8874309549411
2015,7,5,12,101.781210468254
2015,7,5,18,98.8874309549411
2015,7,6,0,99.1394939252562
2015,7,6,6,99.3917573932686
2015,7,6,12,99.3917573932686
2015,7,6,18,99.3917573932686
2015,7,7,0,96.5099303277287
2015,7,7,6,96.2360559583667
2015,7,7,12,98.8289445126854
2015,7,7,18,98.8289445126854
2015,7,8,0,96.5022163832882
2015,7,8,6,96.7685844178486
2015,7,8,12,96.7685844178486
2015,7,8,18,99.3758208892103
2015,7,9,0,96.8717849752949
2015,7,9,6,96.9749933703867
2015,7,9,12,96.9749933703867
2015,7,9,18,99.5877911192261
2015,7,10,0,96.8526481787809
2015,7,10,6,94.2243885661819
2015,7,10,12,94.2243885661819
2015,7,10,18,96.7303563471973
2015,7,11,0,96.7891278105706
2015,7,11,6,94.3389086569502
2015,7,11,12,96.8479221850606
2015,7,11,18,96.8479221850606
2015,7,12,0,99.1412996359448
2015,7,12,6,98.8256632461236
2015,7,12,12,98.8256632461236
2015,7,12,18,101.717635228099
2015,7,13,0,102.120850454406
2015,7,13,6,99.6097011188615
2015,7,13,12,99.6097011188615
2015,7,13,18,110.565763098635
2015,7,14,0,102.308759396901
2015,7,14,6,99.1904099376924
2015,7,14,12,102.093055637181
2015,7,14,18,96.5880379312545
2015,7,15,0,93.9482620806805
2015,7,15,6,91.3158210495448
2015,7,15,12,93.8107888377837
2015,7,15,18,93.8107888377837
2015,7,16,0,91.376946527889
2015,7,16,6,91.4380944609826
2015,7,16,12,91.4380944609826
2015,7,16,18,91.4380944609826
2015,7,17,0,88.7944545054239
2015,7,17,6,88.6492206109369
2015,7,17,12,88.6492206109369
2015,7,17,18,88.6492206109369
2015,7,18,0,86.5102668433984
2015,7,18,6,86.7621172758017
2015,7,18,12,86.7621172758017
2015,7,18,18,86.7621172758017
2015,7,19,0,86.5169856821382
2015,7,19,6,83.8811522418099
2015,7,19,12,86.2720639446643
2015,7,19,18,86.2720639446643
2015,7,20,0,83.8324849942614
2015,7,20,6,83.7838146947694
2015,7,20,12,86.1719519307248
2015,7,20,18,83.7838146947694
2015,7,21,0,83.8883407570264
2015,7,21,6,81.5987860544377
2015,7,21,12,83.9928824667928
2015,7,21,18,83.9928824667928
2015,7,22,0,84.1425457381424
2015,7,22,6,81.8895948839302
2015,7,22,12,81.8895948839302
2015,7,22,18,84.2922235846812
2015,7,23,0,79.7146696499746
2015,7,23,6,79.8423195191665
2015,7,23,12,79.8423195191665
2015,7,23,18,79.8423195191665
2015,7,24,0,79.6313266324096
2015,7,24,6,77.2227967732319
2015,7,24,12,81.7183024068612
2015,7,24,18,81.7183024068612
2015,7,25,0,82.2500196301071
2015,7,25,6,85.2119418650909
2015,7,25,12,92.5996755422306
2015,7,25,18,95.129721322073
2015,7,26,0,102.267051475527
2015,7,26,6,90.8821415591391
2015,7,26,12,98.4308221695157
2015,7,26,18,114.223456604383
2015,7,27,0,114.660471061493
2015,7,27,6,110.094236422677
2015,7,27,12,107.091666338422
2015,7,27,18,99.184898449884
2015,7,28,0,92.5975525029643
2015,7,28,6,88.6992264493305
2015,7,28,12,93.5461787143212
2015,7,28,18,86.2757503168351
2015,7,29,0,85.5604531148776
2015,7,29,6,84.7656636347797
2015,7,29,12,84.7656636347797
2015,7,29,18,84.7656636347797
2015,7,30,0,81.8453047512872
2015,7,30,6,81.3424808365728
2015,7,30,12,81.3424808365728
2015,7,30,18,81.3424808365728
2015,7,31,0,78.9000016408674
2015,7,31,6,81.0227193900322
2015,7,31,12,78.7445744683076
2015,7,31,18,76.5654793257884
2015,8,1,0,76.4343235638187
2015,8,1,6,74.131668194093
2015,8,1,12,74.131668194093
2015,8,1,18,76.3033016165565
2015,8,2,0,72.8324706625431
2015,8,2,6,71.4831073265519
2015,8,2,12,69.3598467128919
2015,8,2,18,75.9318438504108
2015,8,3,0,73.6179367759618
2015,8,3,6,71.3094657549446
2015,8,3,12,71.3094657549446
2015,8,3,18,71.3094657549446
2015,8,4,0,70.5251703896731
2015,8,4,6,69.74367595202
2015,8,4,12,71.9139176365242
2015,8,4,18,69.74367595202
2015,8,5,0,70.6724890035466
2015,8,5,6,69.4790667540935
2015,8,5,12,67.3521565473355
2015,8,5,18,71.6059769608515
2015,8,6,0,79.6528335373489
2015,8,6,6,88.2061821801012
2015,8,6,12,101.090231262588
2015,8,6,18,88.2061821801012
2015,8,7,0,86.9422927300819
2015,8,7,6,83.1812464413419
2015,8,7,12,80.8424094387124
2015,8,7,18,80.8424094387124
2015,8,8,0,77.7252686309596
2015,8,8,6,76.8494043509777
2015,8,8,12,76.8494043509777
2015,8,8,18,76.8494043509777
2015,8,9,0,75.578566278973
2015,8,9,6,76.4990184978806
2015,8,9,12,76.4990184978806
2015,8,9,18,80.9809849611386
2015,8,10,0,78.0631823594986
2015,8,10,6,75.185796125634
2015,8,10,12,75.185796125634
2015,8,10,18,72.9832827903957
2015,8,11,0,72.8272279961438
2015,8,11,6,70.4780487845735
2015,8,11,12,70.4780487845735
2015,8,11,18,70.4780487845735
2015,8,12,0,70.7043243471886
2015,8,12,6,70.9308214534715
2015,8,12,12,70.9308214534715
2015,8,12,18,68.8239653706951
2015,8,13,0,68.7246781645094
2015,8,13,6,70.7250265993766
2015,8,13,12,70.7250265993766
2015,8,13,18,68.6242832350387
2015,8,14,0,65.5263080240427
2015,8,14,6,62.4642408911495
2015,8,14,12,62.4642408911495
2015,8,14,18,70.3860906834673
2015,8,15,0,163.845158881568
2015,8,15,6,289.369001466691
2015,8,15,12,214.002798512344
2015,8,15,18,155.384640658963
2015,8,16,0,134.641489965044
2015,8,16,6,126.134141536956
2015,8,16,12,117.195501585518
2015,8,16,18,112.229590501386
2015,8,17,0,106.240069744466
2015,8,17,6,101.245771260467
2015,8,17,12,98.3672150187475
2015,8,17,18,95.7864404572062
2015,8,18,0,93.3611649679178
2015,8,18,6,90.9328964662863
2015,8,18,12,88.448391098355
2015,8,18,18,88.448391098355
2015,8,19,0,86.1793992027014
2015,8,19,6,83.903981852985
2015,8,19,12,86.2955442810986
2015,8,19,18,83.903981852985
2015,8,20,0,81.6136226412165
2015,8,20,6,81.7148411241519
2015,8,20,12,81.7148411241519
2015,8,20,18,81.7148411241519
2015,8,21,0,81.6973203522148
2015,8,21,6,81.6798017244175
2015,8,21,12,81.6798017244175
2015,8,21,18,81.6798017244175
2015,8,22,0,79.4238652014357
2015,8,22,6,79.4645473054567
2015,8,22,12,79.4645473054567
2015,8,22,18,79.4645473054567
2015,8,23,0,77.3888640416957
2015,8,23,6,77.5122625475997
2015,8,23,12,77.5122625475997
2015,8,23,18,77.5122625475997
2015,8,24,0,75.1375507376474
2015,8,24,6,74.969004804468
2015,8,24,12,74.969004804468
2015,8,24,18,74.969004804468
2015,8,25,0,75.0483811882206
2015,8,25,6,72.9269723079699
2015,8,25,12,72.9269723079699
2015,8,25,18,72.9269723079699
2015,8,26,0,72.9899993609045
2015,8,26,6,73.0530571662671
2015,8,26,12,73.0530571662671
2015,8,26,18,73.0530571662671
2015,8,27,0,72.6910195558498
2015,8,27,6,72.3297862372018
2015,8,27,12,72.3297862372018
2015,8,27,18,72.3297862372018
2015,8,28,0,70.9315864243205
2015,8,28,6,71.7209078037726
2015,8,28,12,73.9526757976666
2015,8,28,18,73.9526757976666
2015,8,29,0,65.813981426007
2015,8,29,6,57.7025822512461
2015,8,29,12,150.041643369993
2015,8,29,18,188.111911090738
2015,8,30,0,446.477058834272
2015,8,30,6,1050.66608008687
2015,8,30,12,724.459278078947
2015,8,30,18,1240.78660886449
2015,8,31,0,665.71691465962
2015,8,31,6,612.010341259231
2015,8,31,12,790.749036118673
2015,8,31,18,2092.82649044284
2015,9,1,0,3382.93288342907
2015,9,1,6,1915.23440171749
2015,9,1,12,2296.42183118553
2015,9,1,18,1301.61561281771
2015,9,2,0,1110.70807151114
2015,9,2,6,2997.91722725348
2015,9,2,12,1794.73974474372
2015,9,2,18,1163.0715664261
2015,9,3,0,1297.80124334501
2015,9,3,6,991.273618167992
2015,9,3,12,794.432115578625
2015,9,3,18,705.601078512654
2015,9,4,0,647.593563680125
2015,9,4,6,541.461132216037
2015,9,4,12,471.436104188098
2015,9,4,18,426.067776169996
2015,9,5,0,450.475394255448
2015,9,5,6,442.087007494146
2015,9,5,12,397.777603553958
2015,9,5,18,362.531486783354
2015,9,6,0,336.732131034049
2015,9,6,6,333.100360241487
2015,9,6,12,600.171950849306
2015,9,6,18,672.113744629272
2015,9,7,0,508.495574436452
2015,9,7,6,430.677596351737
2015,9,7,12,381.827591209989
2015,9,7,18,352.916363677118
2015,9,8,0,336.662326056102
2015,9,8,6,315.558913304643
2015,9,8,12,305.24653051691
2015,9,8,18,388.77683109755
2015,9,9,0,476.17102464028
2015,9,9,6,403.284145818906
2015,9,9,12,356.713249372988
2015,9,9,18,334.914106355749
2015,9,10,0,310.008186915137
2015,9,10,6,291.806716109275
2015,9,10,12,276.765132804673
2015,9,10,18,262.726321720378
2015,9,11,0,251.394174068435
2015,9,11,6,237.19125055314
2015,9,11,12,232.229090499727
2015,9,11,18,224.289634414267
2015,9,12,0,217.186667093144
2015,9,12,6,206.909211876777
2015,9,12,12,202.871958962108
2015,9,12,18,198.834706047439
2015,9,13,0,189.581081681067
2015,9,13,6,184.417374623697
2015,9,13,12,184.417374623697
2015,9,13,18,181.426822602772
2015,9,14,0,173.896113771552
2015,9,14,6,170.332912783602
2015,9,14,12,170.332912783602
2015,9,14,18,167.327037852127
2015,9,15,0,170.117790380788
2015,9,15,6,177.898249307029
2015,9,15,12,177.898249307029
2015,9,15,18,177.898249307029
2015,9,16,0,170.494073591592
2015,9,16,6,164.041352598399
2015,9,16,12,161.022186599656
2015,9,16,18,161.022186599656
2015,9,17,0,153.326012124626
2015,9,17,6,155.669744829175
2015,9,17,12,162.654925686894
2015,9,17,18,162.654925686894
2015,9,18,0,164.775822687565
2015,9,18,6,178.18308636617
2015,9,18,12,197.639860164775
2015,9,18,18,193.543697259806
2015,9,19,0,160.020190692682
2015,9,19,6,138.797580073203
2015,9,19,12,159.804781381579
2015,9,19,18,207.070984325427
2015,9,20,0,1050.48108571623
2015,9,20,6,964.404244590893
2015,9,20,12,823.729395298867
2015,9,20,18,1408.31154680129
2015,9,21,0,8186.13449873975
2015,9,21,6,1687.43761265108
2015,9,21,12,999.426568866304
2015,9,21,18,711.186152628051
2015,9,22,0,664.888472882928
2015,9,22,6,648.623713548079
2015,9,22,12,569.723198629908
2015,9,22,18,511.316323950223
2015,9,23,0,449.491721207359
2015,9,23,6,405.233602952957
2015,9,23,12,375.363804209496
2015,9,23,18,347.485325382266
2015,9,24,0,326.604022894308
2015,9,24,6,311.59864911594
2015,9,24,12,296.569775364367
2015,9,24,18,286.550526196652
2015,9,25,0,275.926046951796
2015,9,25,6,270.333722052128
2015,9,25,12,275.321429101061
2015,9,25,18,275.321429101061
2015,9,26,0,266.124841188504
2015,9,26,6,257.873781541957
2015,9,26,12,248.843182188347
2015,9,26,18,248.843182188347
2015,9,27,0,262.75433504866
2015,9,27,6,257.606113634381
2015,9,27,12,243.57309577103
2015,9,27,18,234.551870001732
2015,9,28,0,225.783579830262
2015,9,28,6,221.051614976262
2015,9,28,12,212.090063017764
2015,9,28,18,212.090063017764
2015,9,29,0,203.752951119345
2015,9,29,6,199.413241644678
2015,9,29,12,195.444818925381
2015,9,29,18,187.507973486787
2015,9,30,0,183.514931245937
2015,9,30,6,180.514794679732
2015,9,30,12,176.547436554903
2015,9,30,18,176.547436554903
2015,10,1,0,173.265811922133
2015,10,1,6,169.953244229874
2015,10,1,12,166.9540693317
2015,10,1,18,162.955169467468
2015,10,2,0,163.009121420567
2015,10,2,6,160.061818500812
2015,10,2,12,156.060273038292
2015,10,2,18,156.060273038292
2015,10,3,0,156.62624763681
2015,10,3,6,157.192930585465
2015,10,3,12,154.169989612667
2015,10,3,18,151.14704863987
2015,10,4,0,150.353761451805
2015,10,4,6,145.573179242656
2015,10,4,12,145.573179242656
2015,10,4,18,142.58194953219
2015,10,5,0,142.189580102238
2015,10,5,6,138.822752569011
2015,10,5,12,138.822752569011
2015,10,5,18,138.822752569011
2015,10,6,0,136.874141838655
2015,10,6,6,133.876604049947
2015,10,6,12,133.876604049947
2015,10,6,18,130.856831026264
2015,10,7,0,129.904838793871
2015,10,7,6,131.931218538562
2015,10,7,12,141.850859030183
2015,10,7,18,158.714247865939
2015,10,8,0,181.10769023152
2015,10,8,6,192.659692209792
2015,10,8,12,196.652639198596
2015,10,8,18,177.686141001777
2015,10,9,0,164.868257809419
2015,10,9,6,156.210372031705
2015,10,9,12,146.447223779723
2015,10,9,18,146.447223779723
2015,10,10,0,169.057549504238
2015,10,10,6,197.487619089385
2015,10,10,12,201.35992534604
2015,10,10,18,1201.70570831515
2015,10,11,0,3874.1248599702
2015,10,11,6,1578.33547643897
2015,10,11,12,957.949277607469
2015,10,11,18,693.37281045874
2015,10,12,0,550.418625620811
2015,10,12,6,481.860277418661
2015,10,12,12,411.31990690995
2015,10,12,18,436.158065539778
2015,10,13,0,974.530454834569
2015,10,13,6,759.761127795039
2015,10,13,12,608.011235425857
2015,10,13,18,526.066293546498
2015,10,14,0,453.918936601454
2015,10,14,6,412.694040687853
2015,10,14,12,381.791829911709
2015,10,14,18,352.883310153382
2015,10,15,0,331.328763523462
2015,10,15,6,315.719295184599
2015,10,15,12,295.737061312156
2015,10,15,18,285.745944375935
2015,10,16,0,266.268097574181
2015,10,16,6,257.746713727022
2015,10,16,12,252.732186222605
2015,10,16,18,243.706036714655
2015,10,17,0,233.361866342606
2015,10,17,6,228.079518211488
2015,10,17,12,224.112917894766
2015,10,17,18,215.188067182143
2015,10,18,0,215.877265718347
2015,10,18,6,221.557291374587
2015,10,18,12,225.549314642598
2015,10,18,18,216.567262289574
2015,10,19,0,208.774840479946
2015,10,19,6,208.966365226353
2015,10,19,12,204.967008954078
2015,10,19,18,208.966365226353
2015,10,20,0,209.425837625632
2015,10,20,6,222.940738020408
2015,10,20,12,217.919550227156
2015,10,20,18,209.885649757952
2015,10,21,0,201.082078988601
2015,10,21,6,196.327071566469
2015,10,21,12,192.340735087962
2015,10,21,18,192.340735087962
2015,10,22,0,188.901366319152
2015,10,22,6,185.439365833436
2015,10,22,12,182.432240982083
2015,10,22,18,178.422741180279
2015,10,23,0,174.508304618196
2015,10,23,6,170.589432434316
2015,10,23,12,170.589432434316
2015,10,23,18,167.579030685475
2015,10,24,0,167.980088058013
2015,10,24,6,164.34834366614
2015,10,24,12,161.323527525045
2015,10,24,18,161.323527525045
2015,10,25,0,154.021017968623
2015,10,25,6,143.245291355218
2015,10,25,12,140.490574213772
2015,10,25,18,140.490574213772
2015,10,26,0,245.539000283753
2015,10,26,6,358.177406943244
2015,10,26,12,301.894778884449
2015,10,26,18,294.107986658239
2015,10,27,0,254.08860411778
2015,10,27,6,211.765733301269
2015,10,27,12,219.722847395491
2015,10,27,18,228.067960526898
2015,10,28,0,210.804371776916
2015,10,28,6,177.766002309849
2015,10,28,12,177.766002309849
2015,10,28,18,193.140359266376
2015,10,29,0,267.848810337365
2015,10,29,6,540.739019316614
2015,10,29,12,888.582832912097
2015,10,29,18,1222.72370839624
2015,10,30,0,1132.05931415132
2015,10,30,6,940.860353013683
2015,10,30,12,5498.03169250794
2015,10,30,18,4055.76633655075
2015,10,31,0,2118.627595563
2015,10,31,6,1992.17117108753
2015,10,31,12,10624.9129124668
2015,10,31,18,6855.11208102426
2015,11,1,0,4936.96502856532
2015,11,1,6,5709.12811449518
2015,11,1,12,4268.33868496958
2015,11,1,18,3791.07718643923
2015,11,2,0,3445.97303656293
2015,11,2,6,3116.93397753407
2015,11,2,12,2597.44498127839
2015,11,2,18,2008.0247739883
2015,11,3,0,1749.19921307915
2015,11,3,6,1440.05969277283
2015,11,3,12,1330.05513290823
2015,11,3,18,1190.04932944421
2015,11,4,0,1050.48053892061
2015,11,4,6,991.842947868658
2015,11,4,12,905.424948450398
2015,11,4,18,850.431676093324
2015,11,5,0,814.122166826988
2015,11,5,6,786.888448060387
2015,11,5,12,832.054239084261
2015,11,5,18,823.021080879486
2015,11,6,0,789.93577667486
2015,11,6,6,724.663369944025
2015,11,6,12,659.41400784811
2015,11,6,18,651.504994260726
2015,11,7,0,722.936391607127
2015,11,7,6,819.105702000138
2015,11,7,12,2299.24407578986
2015,11,7,18,6809.29976291613
2015,11,8,0,7741.33194576754
2015,11,8,6,4338.92346038445
2015,11,8,12,2728.88267948708
2015,11,8,18,2237.6837971794
2015,11,9,0,2048.17883354241
2015,11,9,6,1797.67544724485
2015,11,9,12,1586.18421815722
2015,11,9,18,1422.7591774986
2015,11,10,0,1298.47612574102
2015,11,10,6,1136.86500754807
2015,11,10,12,1066.43974159377
2015,11,10,18,1026.19673247702
2015,11,11,0,962.551726087132
2015,11,11,6,1506.96148132095
2015,11,11,12,1384.7754152679
2015,11,11,18,1242.22500487268
2015,11,12,0,1089.51118414195
2015,11,12,6,981.057470456044
2015,11,12,12,924.156137169594
2015,11,12,18,904.534987760473
2015,11,13,0,1851.00613780523
2015,11,13,6,8533.70507588001
2015,11,13,12,13063.9435729521
2015,11,13,18,13169.297956605
2015,11,14,0,8055.06513490258
2015,11,14,6,7018.11369063734
2015,11,14,12,5465.59436191937
2015,11,14,18,3894.91691239769
2015,11,15,0,3427.73025020515
2015,11,15,6,4314.770363708
2015,11,15,12,3283.19308135022
2015,11,15,18,2787.24246483206
2015,11,16,0,2361.82088831513
2015,11,16,6,1987.56265136041
2015,11,16,12,1718.71359707012
2015,11,16,18,1622.69607768073
2015,11,17,0,1860.27226207585
2015,11,17,6,2699.5531685301
2015,11,17,12,8088.03134350946
2015,11,17,18,15517.1166380076
2015,11,18,0,8890.15731452502
2015,11,18,6,4424.79312195465
2015,11,18,12,3361.05497748475
2015,11,18,18,2610.18099315305
2015,11,19,0,2237.97817835324
2015,11,19,6,2041.99345994177
2015,11,19,12,1753.12609243782
2015,11,19,18,1563.86816200419
2015,11,20,0,1443.98313460903
2015,11,20,6,1268.90498214868
2015,11,20,12,1181.7283039858
2015,11,20,18,1113.92422097022
2015,11,21,0,1026.92779972859
2015,11,21,6,977.16283061912
2015,11,21,12,908.731242069069
2015,11,21,18,825.204450162388
2015,11,22,0,822.865601262618
2015,11,22,6,776.502428308558
2015,11,22,12,767.496601176113
2015,11,22,18,691.447394279914
2015,11,23,0,674.244443432642
2015,11,23,6,665.075677966839
2015,11,23,12,657.098758291075
2015,11,23,18,618.211274871725
2015,11,24,0,692.983780203176
2015,11,24,6,625.356136024692
2015,11,24,12,610.22655208861
2015,11,24,18,579.967384216448
2015,11,25,0,547.915675695382
2015,11,25,6,522.229935590176
2015,11,25,12,495.372396045538
2015,11,25,18,495.372396045538
2015,11,26,0,482.13528415179
2015,11,26,6,455.999283555725
2015,11,26,12,449.045046115877
2015,11,26,18,443.084271167436
2015,11,27,0,437.607316725474
2015,11,27,6,419.173738017364
2015,11,27,12,401.251820477429
2015,11,27,18,401.251820477429
2015,11,28,0,383.037906933092
2015,11,28,6,382.746043342518
2015,11,28,12,371.81044210416
2015,11,28,18,360.874840865802
2015,11,29,0,362.099581101085
2015,11,29,6,346.310199482487
2015,11,29,12,346.310199482487
2015,11,29,18,341.305716831006
2015,11,30,0,330.04799292082
2015,11,30,6,329.800232187322
2015,11,30,12,313.809917899452
2015,11,30,18,313.809917899452
2015,12,1,0,315.112189987605
2015,12,1,6,306.337538487456
2015,12,1,12,301.299092130754
2015,12,1,18,311.375984844157
2015,12,2,0,390.861821304111
2015,12,2,6,740.484438875484
2015,12,2,12,674.004482346608
2015,12,2,18,573.773163272302
2015,12,3,0,560.616455978575
2015,12,3,6,653.183091627728
2015,12,3,12,2382.68046002567
2015,12,3,18,2238.8980184724
2015,12,4,0,3449.84137642721
2015,12,4,6,2486.47089218296
2015,12,4,12,1859.9585413967
2015,12,4,18,1487.96683311736
2015,12,5,0,1281.38764797513
2015,12,5,6,1250.50871868703
2015,12,5,12,1111.56330549958
2015,12,5,18,1210.8100292049
2015,12,6,0,1332.8428755683
2015,12,6,6,3160.02189253723
2015,12,6,12,5183.63212655949
2015,12,6,18,3937.56671152115
2015,12,7,0,2904.71310053164
2015,12,7,6,2559.6001346903
2015,12,7,12,2578.91787155589
2015,12,7,18,2076.65671305062
2015,12,8,0,1864.94448176572
2015,12,8,6,1840.66349481564
2015,12,8,12,4721.2498680582
2015,12,8,18,11751.1285262241
2015,12,9,0,6308.95469156348
2015,12,9,6,7431.31990684774
2015,12,9,12,7146.91136720295
2015,12,9,18,4825.77070494063
2015,12,10,0,3203.06535805106
2015,12,10,6,2711.63705855039
2015,12,10,12,2484.017889402
2015,12,10,18,2929.35974208364
2015,12,11,0,2546.88448064347
2015,12,11,6,2220.28228811613
2015,12,11,12,1832.46005438406
2015,12,11,18,1599.76671414481
2015,12,12,0,1428.11193924056
2015,12,12,6,1340.4355733068
2015,12,12,12,1220.39656674201
2015,12,12,18,1450.47132932452
2015,12,13,0,1429.27537306244
2015,12,13,6,1517.96600072965
2015,12,13,12,1867.49764563451
2015,12,13,18,2256.97576424277
2015,12,14,0,1845.84686542686
2015,12,14,6,1449.61656968829
2015,12,14,12,1321.41918597436
2015,12,14,18,1153.77645342537
2015,12,15,0,1104.52982736779
2015,12,15,6,974.924942740662
2015,12,15,12,954.844099429835
2015,12,15,18,974.924942740662
2015,12,16,0,926.08151660581
2015,12,16,6,879.061786303518
2015,12,16,12,770.899821545815
2015,12,16,18,770.899821545815
2015,12,17,0,744.194730872759
2015,12,17,6,709.72632731624
2015,12,17,12,694.041767596544
2015,12,17,18,751.878581562923
2015,12,18,0,928.514655812634
2015,12,18,6,1995.77990502205
2015,12,18,12,2492.13967414671
2015,12,18,18,1809.64499160031
2015,12,19,0,1596.34989340872
2015,12,19,6,1272.38885586705
2015,12,19,12,1101.47094985506
2015,12,19,18,1053.99375374062
2015,12,20,0,987.950861233125
2015,12,20,6,948.718281156583
2015,12,20,12,1067.55984928448
2015,12,20,18,957.782468556168
2015,12,21,0,951.922211886387
2015,12,21,6,879.428241605047
2015,12,21,12,815.759228638166
2015,12,21,18,797.852318741231
2015,12,22,0,734.001384643154
2015,12,22,6,765.357811171879
2015,12,22,12,714.07094753665
2015,12,22,18,706.180660823538
2015,12,23,0,670.778952674954
2015,12,23,6,667.817831331992
2015,12,23,12,659.808022260544
2015,12,23,18,636.779821180131
2015,12,24,0,664.409372120321
2015,12,24,6,645.150967947798
2015,12,24,12,630.285738271581
2015,12,24,18,599.5642636074
2015,12,25,0,577.589383685721
2015,12,25,6,562.560320211586
2015,12,25,12,533.838050341628
2015,12,25,18,500.16366497685
2015,12,26,0,493.285789417229
2015,12,26,6,480.462359138365
2015,12,26,12,467.583986625378
2015,12,26,18,435.883377362641
2015,12,27,0,450.855603488263
2015,12,27,6,434.866210845415
2015,12,27,12,441.896380535757
2015,12,27,18,474.034299120176
2015,12,28,0,487.549637648473
2015,12,28,6,456.480735252587
2015,12,28,12,437.828834242266
2015,12,28,18,425.067007235204
2015,12,29,0,409.698083207399
2015,12,29,6,400.091261469073
2015,12,29,12,394.13456774993
2015,12,29,18,388.177874030788
2015,12,30,0,377.494007787717
2015,12,30,6,360.832070931836
2015,12,30,12,349.897765752084
2015,12,30,18,338.963460572331
2015,12,31,0,339.119530089605
2015,12,31,6,323.356298106828
2015,12,31,12,312.411931093982
2015,12,31,18,318.381585828262
2016,1,1,0,320.58099589907
2016,1,1,6,311.688734705952
2016,1,1,12,301.601720637798
2016,1,1,18,301.601720637798
2016,1,2,0,305.634332395601
2016,1,2,6,299.614596544425
2016,1,2,12,284.583763941862
2016,1,2,18,284.583763941862
2016,1,3,0,284.801806907624
2016,1,3,6,275.987640478714
2016,1,3,12,275.987640478714
2016,1,3,18,275.987640478714
2016,1,4,0,275.271930766275
2016,1,4,6,269.565276364685
2016,1,4,12,269.565276364685
2016,1,4,18,269.565276364685
2016,1,5,0,267.336843698287
2016,1,5,6,270.109067836543
2016,1,5,12,280.301862849242
2016,1,5,18,304.764570879722
2016,1,6,0,334.311700192194
2016,1,6,6,343.340682767295
2016,1,6,12,337.299497733267
2016,1,6,18,337.299497733267
2016,1,7,0,325.809375791073
2016,1,7,6,324.387963213356
2016,1,7,12,308.41809425516
2016,1,7,18,303.427510205724
2016,1,8,0,297.723117389711
2016,1,8,6,297.009841291549
2016,1,8,12,292.04312153751
2016,1,8,18,292.04312153751
2016,1,9,0,284.085048710731
2016,1,9,6,286.065306369787
2016,1,9,12,281.02894534215
2016,1,9,18,271.963495492403
2016,1,10,0,269.799203807503
2016,1,10,6,267.641715344152
2016,1,10,12,262.685387282223
2016,1,10,18,258.72032483268
2016,1,11,0,256.106101450442
2016,1,11,6,258.448824633464
2016,1,11,12,249.362733142444
2016,1,11,18,281.668836221627
2016,1,12,0,372.932693348406
2016,1,12,6,527.852698060584
2016,1,12,12,571.753318493345
2016,1,12,18,648.056777816954
2016,1,13,0,1467.74429158953
2016,1,13,6,1839.61155777985
2016,1,13,12,2473.25553879291
2016,1,13,18,2227.97399775559
2016,1,14,0,1610.56753846719
2016,1,14,6,1234.75538401143
2016,1,14,12,970.838202696007
2016,1,14,18,905.801468728993
2016,1,15,0,806.648806213221
2016,1,15,6,743.867436812651
2016,1,15,12,685.642995064832
2016,1,15,18,653.519165135001
2016,1,16,0,627.287378467136
2016,1,16,6,632.151661077676
2016,1,16,12,1000.22706373742
2016,1,16,18,1243.91133308833
2016,1,17,0,1252.13757526068
2016,1,17,6,1415.3593877135
2016,1,17,12,1239.73085055197
2016,1,17,18,1363.70393560716
2016,1,18,0,1590.2675303205
2016,1,18,6,1666.12386799608
2016,1,18,12,1499.51148119647
2016,1,18,18,1362.30128030268
2016,1,19,0,1193.86487144618
2016,1,19,6,1055.2406404785
2016,1,19,12,986.84541378082
2016,1,19,18,910.633589746262
2016,1,20,0,892.692287466
2016,1,20,6,837.536915441409
2016,1,20,12,767.089885170637
2016,1,20,18,725.01735320337
2016,1,21,0,736.020659157138
2016,1,21,6,1086.73966993529
2016,1,21,12,1519.32536379303
2016,1,21,18,5581.41053782301
2016,1,22,0,5049.03560591961
2016,1,22,6,3988.68337352886
2016,1,22,12,4285.27777822716
2016,1,22,18,6013.70724008966
2016,1,23,0,3815.61003610483
2016,1,23,6,2728.75774838828
2016,1,23,12,2214.77940536994
2016,1,23,18,1887.70227799463
2016,1,24,0,1721.92821100107
2016,1,24,6,1507.61749053301
2016,1,24,12,1448.87914674601
2016,1,24,18,1292.24356331401
2016,1,25,0,1220.5780821197
2016,1,25,6,1045.89683348594
2016,1,25,12,976.505601264275
2016,1,25,18,947.341170330532
2016,1,26,0,919.947932286286
2016,1,26,6,863.108657918875
2016,1,26,12,960.997810585284
2016,1,26,18,2589.32597375662
2016,1,27,0,1933.16020239765
2016,1,27,6,1760.40647207599
2016,1,27,12,1693.06851959221
2016,1,27,18,1693.06851959221
2016,1,28,0,4013.80289319959
2016,1,28,6,9882.52038073944
2016,1,28,12,14427.0370521744
2016,1,28,18,8470.73175491952
2016,1,29,0,5065.56569303471
2016,1,29,6,3078.01600081695
2016,1,29,12,2613.05890099565
2016,1,29,18,2464.27262905284
2016,1,30,0,2063.77434833563
2016,1,30,6,1941.00562504028
2016,1,30,12,1802.36236610883
2016,1,30,18,1525.07584824593
2016,1,31,0,1479.31916501617
2016,1,31,6,1306.23019516045
2016,1,31,12,1227.65995785756
2016,1,31,18,1178.55355954326
2016,2,1,0,1095.80324183894
2016,2,1,6,1022.07233140237
2016,2,1,12,992.303234371232
2016,2,1,18,983.372505261891
2016,2,2,0,908.696501328878
2016,2,2,6,883.905731962515
2016,2,2,12,793.851105893244
2016,2,2,18,802.660797573934
2016,2,3,0,762.469382885006
2016,2,3,6,722.936862413927
2016,2,3,12,698.280079930505
2016,2,3,18,706.1702503252
2016,2,4,0,894.756518971045
2016,2,4,6,869.239910807944
2016,2,4,12,823.543887459396
2016,2,4,18,796.126273450266
2016,2,5,0,815.422488224599
2016,2,5,6,807.277217152851
2016,2,5,12,798.115180640397
2016,2,5,18,798.115180640397
2016,2,6,0,1073.56333641279
2016,2,6,6,1249.40888266382
2016,2,6,12,1168.80185797583
2016,2,6,18,1027.73956477185
2016,2,7,0,994.535354437197
2016,2,7,6,867.665575763046
2016,2,7,12,831.349256415498
2016,2,7,18,761.661184153986
2016,2,8,0,740.11267472961
2016,2,8,6,752.024463618686
2016,2,8,12,752.024463618686
2016,2,8,18,831.393800148362
2016,2,9,0,957.002206832022
2016,2,9,6,1020.56676999276
2016,2,9,12,990.970333662969
2016,2,9,18,990.970333662969
2016,2,10,0,1117.98330378354
2016,2,10,6,1133.00844963946
2016,2,10,12,1073.37642597422
2016,2,10,18,1152.8857908612
2016,2,11,0,1523.47238648595
2016,2,11,6,1496.71302619533
2016,2,11,12,1250.5431205711
2016,2,11,18,1112.68797342153
2016,2,12,0,1396.64460014883
2016,2,12,6,3139.82560267372
2016,2,12,12,4189.89972807123
2016,2,12,18,8722.89298226243
2016,2,13,0,5858.10002526959
2016,2,13,6,4537.78833100344
2016,2,13,12,3369.25914705406
2016,2,13,18,2979.74941907093
2016,2,14,0,3008.33024609314
2016,2,14,6,2788.93183037196
2016,2,14,12,2719.45666022034
2016,2,14,18,2977.50729221206
2016,2,15,0,3379.86611820399
2016,2,15,6,7475.11011091259
2016,2,15,12,9469.81604347418
2016,2,15,18,8422.09171526001
2016,2,16,0,10206.103856292
2016,2,16,6,10534.0981768211
2016,2,16,12,6370.14804843613
2016,2,16,18,4571.40109560159
2016,2,17,0,3642.59859761377
2016,2,17,6,3039.66123672509
2016,2,17,12,2578.80937180225
2016,2,17,18,2343.48075992676
2016,2,18,0,2513.5012573865
2016,2,18,6,3542.80357278558
2016,2,18,12,3140.21225769631
2016,2,18,18,2757.75050836151
2016,2,19,0,2444.96240921539
2016,2,19,6,2217.83665500146
2016,2,19,12,2109.88885320936
2016,2,19,18,2149.14259931558
2016,2,20,0,2601.30600917262
2016,2,20,6,2199.4686270626
2016,2,20,12,1885.25882319652
2016,2,20,18,1737.97297763429
2016,2,21,0,1593.28982170268
2016,2,21,6,1497.38031375024
2016,2,21,12,1418.57082355286
2016,2,21,18,1349.61251963015
2016,2,22,0,1315.58374290082
2016,2,22,6,1221.63875786919
2016,2,22,12,1142.18257849559
2016,2,22,18,1102.45448880879
2016,2,23,0,1031.86486177709
2016,2,23,6,991.237701239238
2016,2,23,12,971.028981540171
2016,2,23,18,960.924621690637
2016,2,24,0,897.751892497821
2016,2,24,6,873.222721358749
2016,2,24,12,845.279594275269
2016,2,24,18,818.334436016199
2016,2,25,0,796.57520254597
2016,2,25,6,774.987289549128
2016,2,25,12,767.0792559823
2016,2,25,18,749.286180456937
2016,2,26,0,748.719107371399
2016,2,26,6,757.035340604332
2016,2,26,12,765.918415005165
2016,2,26,18,740.256200069424
2016,2,27,0,788.86016257028
2016,2,27,6,858.194129363045
2016,2,27,12,896.291532302059
2016,2,27,18,868.219761715417
2016,2,28,0,869.732838612431
2016,2,28,6,843.077477679275
2016,2,28,12,806.859352146514
2016,2,28,18,976.883330341976
2016,2,29,0,1196.61596944262
2016,2,29,6,1077.3007581936
2016,2,29,12,969.570682374237
2016,2,29,18,873.700798388201
2016,3,1,0,938.256170447913
2016,3,1,6,933.627110877015
2016,3,1,12,1526.96022806988
2016,3,1,18,2355.88149473639
2016,3,2,0,2308.77104717422
2016,3,2,6,1708.15726555452
2016,3,2,12,1469.58781505808
2016,3,2,18,1355.07447881979
2016,3,3,0,1345.6272993171
2016,3,3,6,1846.49010293224
2016,3,3,12,4062.27822645092
2016,3,3,18,3049.34651284238
2016,3,4,0,2418.11848381924
2016,3,4,6,1841.18698603674
2016,3,4,12,1598.92554050559
2016,3,4,18,1492.33050447188
2016,3,5,0,1877.01747209066
2016,3,5,6,1923.04834626315
2016,3,5,12,3286.47944890475
2016,3,5,18,2411.44157706014
2016,3,6,0,2081.030807268
2016,3,6,6,1927.83899602219
2016,3,6,12,2065.54178145235
2016,3,6,18,1839.31577681709
2016,3,7,0,1613.58168417643
2016,3,7,6,1487.57037689446
2016,3,7,12,1438.95696588484
2016,3,7,18,1341.73014386559
2016,3,8,0,1289.90265533425
2016,3,8,6,1216.44862896214
2016,3,8,12,1116.73972494885
2016,3,8,18,1066.88527294221
2016,3,9,0,1029.94806366926
2016,3,9,6,993.77196584934
2016,3,9,12,934.60693458283
2016,3,9,18,934.60693458283
2016,3,10,0,1220.08371308409
2016,3,10,6,1700.71549853535
2016,3,10,12,1989.32176495347
2016,3,10,18,1607.94919861524
2016,3,11,0,1383.93909224182
2016,3,11,6,1227.29427204765
2016,3,11,12,1068.9337208157
2016,3,11,18,1068.9337208157
2016,3,12,0,1085.74140972566
2016,3,12,6,1266.00747491952
2016,3,12,12,1786.70409766868
2016,3,12,18,1592.71908135037
2016,3,13,0,1383.39430895698
2016,3,13,6,1298.2047225028
2016,3,13,12,1118.45329938702
2016,3,13,18,1188.35663059871
2016,3,14,0,1246.57825123264
2016,3,14,6,1115.41382310351
2016,3,14,12,1105.45477111152
2016,3,14,18,1075.57761513553
2016,3,15,0,1120.52910932305
2016,3,15,6,1085.45190123774
2016,3,15,12,1055.30045953669
2016,3,15,18,1015.09853726862
2016,3,16,0,967.768039895403
2016,3,16,6,969.542981338958
2016,3,16,12,930.998459145055
2016,3,16,18,864.780946658092
2016,3,17,0,845.588703466225
2016,3,17,6,817.796911453139
2016,3,17,12,790.570627101431
2016,3,17,18,764.352723651639
2016,3,18,0,760.969438722185
2016,3,18,6,732.605628981363
2016,3,18,12,699.623383747549
2016,3,18,18,674.636834327994
2016,3,19,0,673.299662345128
2016,3,19,6,663.998605715165
2016,3,19,12,633.138100801866
2016,3,19,18,633.138100801866
2016,3,20,0,634.150500309137
2016,3,20,6,642.154218309737
2016,3,20,12,658.133172420088
2016,3,20,18,699.079242327863
2016,3,21,0,775.116048900494
2016,3,21,6,837.192776653913
2016,3,21,12,846.184107190768
2016,3,21,18,874.157135527653
2016,3,22,0,925.816318404164
2016,3,22,6,1009.24773364103
2016,3,22,12,969.887072029029
2016,3,22,18,930.526410417029
2016,3,23,0,910.860791482281
2016,3,23,6,1088.81580302315
2016,3,23,12,1320.69324255585
2016,3,23,18,1411.42789280778
2016,3,24,0,1447.2659259232
2016,3,24,6,2114.06908183777
2016,3,24,12,1763.39411565615
2016,3,24,18,1643.16269867959
2016,3,25,0,1511.4814056378
2016,3,25,6,1381.62788653768
2016,3,25,12,1233.59632726579
2016,3,25,18,1184.25247417515
2016,3,26,0,1209.56614963794
2016,3,26,6,1075.70752366827
2016,3,26,12,1015.94599457559
2016,3,26,18,938.256006755104
2016,3,27,0,970.614206864898
2016,3,27,6,1113.53103584703
2016,3,27,12,1444.58080326101
2016,3,27,18,1845.85324861129
2016,3,28,0,1581.45575771024
2016,3,28,6,1368.16886591598
2016,3,28,12,1218.36935504926
2016,3,28,18,1158.44955070258
2016,3,29,0,1088.56886820663
2016,3,29,6,1058.63328044237
2016,3,29,12,989.722246149425
2016,3,29,18,940.785424695013
2016,3,30,0,925.148775508769
2016,3,30,6,920.416368210437
2016,3,30,12,882.107691329827
2016,3,30,18,882.107691329827
2016,3,31,0,1001.58868864512
2016,3,31,6,1053.77907854792
2016,3,31,12,1004.12987196249
2016,3,31,18,1013.24911398839
2016,4,1,0,1176.09347927953
2016,4,1,6,1186.6541508599
2016,4,1,12,1106.87908189453
2016,4,1,18,1027.10401292916
2016,4,2,0,1302.63410479397
2016,4,2,6,1258.59446218617
2016,4,2,12,1137.7693938163
2016,4,2,18,1087.42561532885
2016,4,3,0,1169.7855652076
2016,4,3,6,1101.97158285786
2016,4,3,12,1042.40555135203
2016,4,3,18,963.976943202687
2016,4,4,0,1013.50637157456
2016,4,4,6,1462.8398910485
2016,4,4,12,1989.46225182596
2016,4,4,18,1716.39880549691
2016,4,5,0,1369.09309492106
2016,4,5,6,1190.68421536428
2016,4,5,12,1079.68822918625
2016,4,5,18,1019.14496399824
2016,4,6,0,931.87010415535
2016,4,6,6,904.512084842545
2016,4,6,12,875.781690033746
2016,4,6,18,839.125669070795
2016,4,7,0,869.292300546594
2016,4,7,6,909.579348245159
2016,4,7,12,852.792904816929
2016,4,7,18,862.755438751706
2016,4,8,0,1160.45210680471
2016,4,8,6,1195.39306354863
2016,4,8,12,1165.25710396337
2016,4,8,18,1145.16646423987
2016,4,9,0,1427.91383220628
2016,4,9,6,1290.33160307762
2016,4,9,12,1131.52155962191
2016,4,9,18,1032.26528246209
2016,4,10,0,1103.85009838757
2016,4,10,6,1076.06645963804
2016,4,10,12,957.499877511255
2016,4,10,18,909.674701527342
2016,4,11,0,921.667921183114
2016,4,11,6,924.69750104946
2016,4,11,12,849.478073089905
2016,4,11,18,813.372747669319
2016,4,12,0,807.234363438754
2016,4,12,6,757.649723431013
2016,4,12,12,715.173924073082
2016,4,12,18,783.332764903251
2016,4,13,0,976.454650047924
2016,4,13,6,1163.41728703214
2016,4,13,12,1002.94593709667
2016,4,13,18,915.689640569261
2016,4,14,0,827.437716452506
2016,4,14,6,787.683496902912
2016,4,14,12,752.918147102657
2016,4,14,18,805.562819657328
2016,4,15,0,776.234919516369
2016,4,15,6,721.245840253755
2016,4,15,12,696.062675440426
2016,4,15,18,663.828224479364
2016,4,16,0,653.49026759428
2016,4,16,6,628.206431329241
2016,4,16,12,620.203801630779
2016,4,16,18,598.196569960009
2016,4,17,0,589.297388714514
2016,4,17,6,603.359718023401
2016,4,17,12,588.400386171581
2016,4,17,18,581.419364640731
2016,4,18,0,696.341826975228
2016,4,18,6,795.794747342133
2016,4,18,12,813.655477332356
2016,4,18,18,795.794747342133
2016,4,19,0,1141.17176865582
2016,4,19,6,1090.61208339495
2016,4,19,12,1019.92426317491
2016,4,19,18,980.54104905231
2016,4,20,0,1316.66869934654
2016,4,20,6,1231.47709170529
2016,4,20,12,1113.25529090158
2016,4,20,18,1063.99620723337
2016,4,21,0,1385.87781577266
2016,4,21,6,1253.26167021659
2016,4,21,12,1183.63602187123
2016,4,21,18,1114.01037352586
2016,4,22,0,1272.30474310774
2016,4,22,6,1200.70144729737
2016,4,22,12,1049.35252536913
2016,4,22,18,969.642093153589
2016,4,23,0,1008.30253303563
2016,4,23,6,987.683253671795
2016,4,23,12,930.397624958831
2016,4,23,18,930.397624958831
2016,4,24,0,982.741633192222
2016,4,24,6,1334.18110720795
2016,4,24,12,1314.2679563541
2016,4,24,18,1393.9205597695
2016,4,25,0,1172.51801680177
2016,4,25,6,1041.24589185381
2016,4,25,12,895.471466994274
2016,4,25,18,839.938352762071
2016,4,26,0,770.171368780781
2016,4,26,6,744.986379873516
2016,4,26,12,695.320621215282
2016,4,26,18,670.487741886165
2016,4,27,0,648.23859790891
2016,4,27,6,634.855993647835
2016,4,27,12,611.897364946734
2016,4,27,18,588.938736245633
2016,4,28,0,584.377772793101
2016,4,28,6,593.853080652642
2016,4,28,12,586.807366136424
2016,4,28,18,571.709406458815
2016,4,29,0,574.881827883265
2016,4,29,6,564.066337071998
2016,4,29,12,564.066337071998
2016,4,29,18,543.211771792927
2016,4,30,0,546.430058553401
2016,4,30,6,556.689426285132
2016,4,30,12,541.61660788391
2016,4,30,18,521.51951668228
2016,5,1,0,525.918086840535
2016,5,1,6,582.210856884092
2016,5,1,12,560.240635869597
2016,5,1,18,524.289365118607
2016,5,2,0,596.600969509807
2016,5,2,6,664.781288197988
2016,5,2,12,625.911017973518
2016,5,2,18,588.037421344547
2016,5,3,0,813.938624881646
2016,5,3,6,837.300424392461
2016,5,3,12,741.411237655662
2016,5,3,18,691.983821811951
2016,5,4,0,796.67135274053
2016,5,4,6,791.549860878032
2016,5,4,12,722.676039439717
2016,5,4,18,722.676039439717
2016,5,5,0,697.524173508982
2016,5,5,6,687.376530379605
2016,5,5,12,647.586282600756
2016,5,5,18,624.706890127919
2016,5,6,0,671.136611198871
2016,5,6,6,678.763256669129
2016,5,6,12,632.054804160419
2016,5,6,18,564.476617552072
2016,5,7,0,690.27415680255
2016,5,7,6,718.941550237021
2016,5,7,12,677.773109511159
2016,5,7,18,638.612885406069
2016,5,8,0,879.07043450907
2016,5,8,6,806.166576239757
2016,5,8,12,694.589905463432
2016,5,8,18,616.184677350338
2016,5,9,0,623.047524041881
2016,5,9,6,622.874014300454
2016,5,9,12,563.600519391218
2016,5,9,18,534.466089690067
2016,5,10,0,527.071112395504
2016,5,10,6,540.754149011683
2016,5,10,12,513.666278838556
2016,5,10,18,466.513319648298
2016,5,11,0,479.061440223859
2016,5,11,6,539.639695924147
2016,5,11,12,498.591036308395
2016,5,11,18,465.551871251815
2016,5,12,0,505.373314592337
2016,5,12,6,539.157227923502
2016,5,12,12,519.15139386326
2016,5,12,18,491.143226178923
2016,5,13,0,547.723030293655
2016,5,13,6,576.352572410971
2016,5,13,12,526.234957418712
2016,5,13,18,492.154979223977
2016,5,14,0,590.79194166113
2016,5,14,6,620.206083295515
2016,5,14,12,568.188798890085
2016,5,14,18,525.174506016363
2016,5,15,0,582.069219210724
2016,5,15,6,580.945090214881
2016,5,15,12,545.071980012933
2016,5,15,18,510.195345094372
2016,5,16,0,489.506077999221
2016,5,16,6,496.724941743188
2016,5,16,12,489.742864248806
2016,5,16,18,463.809433555387
2016,5,17,0,449.939302980669
2016,5,17,6,461.951397538771
2016,5,17,12,455.990734344722
2016,5,17,18,437.115300896901
2016,5,18,0,431.94591198787
2016,5,18,6,472.797813056629
2016,5,18,12,452.764007418636
2016,5,18,18,427.721750371145
2016,5,19,0,461.487006233342
2016,5,19,6,529.803096753229
2016,5,19,12,618.608187256628
2016,5,19,18,625.672228546671
2016,5,20,0,542.345649151191
2016,5,20,6,486.58532910016
2016,5,20,12,441.438236709423
2016,5,20,18,410.336906395805
2016,5,21,0,404.933973776165
2016,5,21,6,405.55125388606
2016,5,21,12,405.55125388606
2016,5,21,18,423.665205672535
2016,5,22,0,445.529800616339
2016,5,22,6,442.244701300727
2016,5,22,12,455.1352419216
2016,5,22,18,468.025782542474
2016,5,23,0,511.659816904197
2016,5,23,6,481.400351030552
2016,5,23,12,468.307872864449
2016,5,23,18,481.400351030552
2016,5,24,0,466.12193481427
2016,5,24,6,450.970204106584
2016,5,24,12,432.01349198706
2016,5,24,18,414.054501558036
2016,5,25,0,403.802553626749
2016,5,25,6,405.52642805754
2016,5,25,12,393.451199430516
2016,5,25,18,393.451199430516
2016,5,26,0,403.339107276704
2016,5,26,6,431.018486079954
2016,5,26,12,413.100858483097
2016,5,26,18,401.155773418525
2016,5,27,0,402.111204411861
2016,5,27,6,409.068806125777
2016,5,27,12,409.068806125777
2016,5,27,18,459.077217632595
2016,5,28,0,483.458683603067
2016,5,28,6,449.052719881798
2016,5,28,12,508.661488007701
2016,5,28,18,564.296338258543
2016,5,29,0,624.520573923308
2016,5,29,6,663.958493739398
2016,5,29,12,1154.7104238946
2016,5,29,18,1075.0752222467
2016,5,30,0,851.990966388577
2016,5,30,6,729.476532132511
2016,5,30,12,647.870699069938
2016,5,30,18,580.19756921317
2016,5,31,0,536.919440027388
2016,5,31,6,537.429705119134
2016,5,31,12,517.487972090595
2016,5,31,18,510.508365530606
2016,6,1,0,532.228580231621
2016,6,1,6,526.98241917333
2016,6,1,12,520.959762954207
2016,6,1,18,499.880466187273
2016,6,2,0,532.125994628828
2016,6,2,6,808.324008311971
2016,6,2,12,1853.86270710267
2016,6,2,18,1594.72060826036
2016,6,3,0,1194.05956357699
2016,6,3,6,993.399293654405
2016,6,3,12,823.528014439502
2016,6,3,18,796.706233510833
2016,6,4,0,778.672974653133
2016,6,4,6,770.576831432393
2016,6,4,12,735.821433107479
2016,6,4,18,770.576831432393
2016,6,5,0,899.377529680343
2016,6,5,6,893.07767242382
2016,6,5,12,810.163302388947
2016,6,5,18,846.126161681181
2016,6,6,0,977.88707356586
2016,6,6,6,879.303998785667
2016,6,6,12,833.548360839807
2016,6,6,18,797.739600708264
2016,6,7,0,784.930256897034
2016,6,7,6,688.257699528661
2016,6,7,12,602.603373818652
2016,6,7,18,587.48790457571
2016,6,8,0,578.370739099251
2016,6,8,6,521.090589293641
2016,6,8,12,453.820705897352
2016,6,8,18,466.873071332453
2016,6,9,0,410.061290146191
2016,6,9,6,433.502207185092
2016,6,9,12,403.467412230005
2016,6,9,18,409.474371221022
2016,6,10,0,377.050254687968
2016,6,10,6,384.486112828813
2016,6,10,12,390.386155480917
2016,6,10,18,402.186240785126
2016,6,11,0,388.83246060034
2016,6,11,6,417.332572251191
2016,6,11,12,405.265124378867
2016,6,11,18,442.473088651865
2016,6,12,0,529.028921123625
2016,6,12,6,413.936963547118
2016,6,12,12,402.138285251238
2016,6,12,18,425.735641842998
2016,6,13,0,339.342234158276
2016,6,13,6,313.146416103563
2016,6,13,12,323.247913397226
2016,6,13,18,392.121758581294
2016,6,14,0,835.642836259939
2016,6,14,6,943.778160716022
2016,6,14,12,725.04845823248
2016,6,14,18,821.249021824779
2016,6,15,0,904.186366796594
2016,6,15,6,788.502707731547
2016,6,15,12,710.829373261939
2016,6,15,18,647.866048447459
2016,6,16,0,593.424625031555
2016,6,16,6,541.783955865896
2016,6,16,12,491.437264000566
2016,6,16,18,443.150864416282
2016,6,17,0,453.83308969125
2016,6,17,6,454.382848851397
2016,6,17,12,397.029296501658
2016,6,17,18,493.32336406488
2016,6,18,0,456.689915802679
2016,6,18,6,405.905967932964
2016,6,18,12,423.769800262532
2016,6,18,18,631.188742311406
2016,6,19,0,741.589997814406
2016,6,19,6,603.860058183314
2016,6,19,12,581.20299237872
2016,6,19,18,581.20299237872
2016,6,20,0,541.870481453809
2016,6,20,6,496.088728343025
2016,6,20,12,476.165486240896
2016,6,20,18,444.288298877489
2016,6,21,0,433.047265483288
2016,6,21,6,428.73314786548
2016,6,21,12,422.708794499689
2016,6,21,18,422.708794499689
2016,6,22,0,402.650541899617
2016,6,22,6,400.667905717853
2016,6,22,12,394.702626724535
2016,6,22,18,382.772068737899
2016,6,23,0,377.064292530534
2016,6,23,6,387.221763089799
2016,6,23,12,405.04782890979
2016,6,23,18,454.564678409764
2016,6,24,0,625.26737463528
2016,6,24,6,675.654108706998
2016,6,24,12,598.579491861903
2016,6,24,18,532.515534566108
2016,6,25,0,505.234164637106
2016,6,25,6,484.979842101288
2016,6,25,12,458.98092273091
2016,6,25,18,432.982003360531
2016,6,26,0,412.880321756264
2016,6,26,6,416.719985648894
2016,6,26,12,404.841981307358
2016,6,26,18,387.024974795054
2016,6,27,0,377.945839471383
2016,6,27,6,396.746428982109
2016,6,27,12,390.750261289684
2016,6,27,18,379.757287186905
2016,6,28,0,391.5462143876
2016,6,28,6,416.424964647111
2016,6,28,12,392.342557053061
2016,6,28,18,375.284185007276
2016,6,29,0,384.350263011332
2016,6,29,6,394.300327693619
2016,6,29,12,377.415930789862
2016,6,29,18,360.531533886105
2016,6,30,0,351.154294746352
2016,6,30,6,385.770164193531
2016,6,30,12,363.726154811043
2016,6,30,18,335.670142869696
2016,7,1,0,326.512707041693
2016,7,1,6,337.448721955064
2016,7,1,12,327.375625777301
2016,7,1,18,311.25867189288
2016,7,2,0,305.321217677636
2016,7,2,6,304.421056119658
2016,7,2,12,304.421056119658
2016,7,2,18,299.414130854532
2016,7,3,0,294.166419234449
2016,7,3,6,303.92281715372
2016,7,3,12,308.921547699011
2016,7,3,18,324.917485443944
2016,7,4,0,302.309726021884
2016,7,4,6,300.698849632711
2016,7,4,12,331.362219167625
2016,7,4,18,369.938716324453
2016,7,5,0,405.690829886316
2016,7,5,6,377.978218375445
2016,7,5,12,350.127191758307
2016,7,5,18,377.978218375445
2016,7,6,0,414.141913961755
2016,7,6,6,440.522265193941
2016,7,6,12,391.464103842798
2016,7,6,18,357.423746986902
2016,7,7,0,335.03766737578
2016,7,7,6,319.692363820954
2016,7,7,12,313.698131999311
2016,7,7,18,313.698131999311
2016,7,8,0,330.785383646909
2016,7,8,6,382.176418461526
2016,7,8,12,493.812161748971
2016,7,8,18,571.25317285828
2016,7,9,0,486.730754983385
2016,7,9,6,548.061063138043
2016,7,9,12,740.517443598283
2016,7,9,18,598.861732092015
2016,7,10,0,522.389048749233
2016,7,10,6,465.835672266612
2016,7,10,12,427.345012905599
2016,7,10,18,397.736813397128
2016,7,11,0,383.77589172598
2016,7,11,6,354.366078384784
2016,7,11,12,348.325747503225
2016,7,11,18,337.251807553701
2016,7,12,0,320.336711691116
2016,7,12,6,307.577244312382
2016,7,12,12,297.623288185768
2016,7,12,18,297.623288185768
2016,7,13,0,298.015822077253
2016,7,13,6,303.398658072636
2016,7,13,12,303.398658072636
2016,7,13,18,303.398658072636
2016,7,14,0,289.592123199656
2016,7,14,6,285.726545777003
2016,7,14,12,280.696148844309
2016,7,14,18,271.641434365461
2016,7,15,0,266.279631332122
2016,7,15,6,261.934041030467
2016,7,15,12,261.934041030467
2016,7,15,18,256.916147524136
2016,7,16,0,252.151972534072
2016,7,16,6,251.402523431063
2016,7,16,12,255.393039676
2016,7,16,18,255.393039676
2016,7,17,0,255.470679436886
2016,7,17,6,251.555339635267
2016,7,17,12,246.564162261552
2016,7,17,18,242.571220362579
2016,7,18,0,239.148098526033
2016,7,18,6,245.776761754969
2016,7,18,12,236.673918727007
2016,7,18,18,236.673918727007
2016,7,19,0,234.602441634381
2016,7,19,6,232.536694579566
2016,7,19,12,232.536694579566
2016,7,19,18,223.592975557275
2016,7,20,0,220.065050949558
2016,7,20,6,220.512575836259
2016,7,20,12,220.512575836259
2016,7,20,18,216.521397993069
2016,7,21,0,208.841724550811
2016,7,21,6,209.144556032452
2016,7,21,12,209.144556032452
2016,7,21,18,205.141789409822
2016,7,22,0,200.2965234079
2016,7,22,6,199.45500686755
2016,7,22,12,211.362768471583
2016,7,22,18,223.270530075616
2016,7,23,0,227.526813857708
2016,7,23,6,219.855316479344
2016,7,23,12,211.896752986879
2016,7,23,18,207.917471240646
2016,7,24,0,205.134210960218
2016,7,24,6,206.332300779227
2016,7,24,12,202.306304666462
2016,7,24,18,198.280308553697
2016,7,25,0,189.027806341915
2016,7,25,6,191.805042896108
2016,7,25,12,195.780276945768
2016,7,25,18,191.805042896108
2016,7,26,0,188.191639726136
2016,7,26,6,188.553814880252
2016,7,26,12,192.544371808935
2016,7,26,18,188.553814880252
2016,7,27,0,184.504199095887
2016,7,27,6,184.44515144597
2016,7,27,12,188.433154720478
2016,7,27,18,184.44515144597
2016,7,28,0,180.849017107553
2016,7,28,6,181.241191131849
2016,7,28,12,185.246521322608
2016,7,28,18,178.23719348878
2016,7,29,0,177.70106082252
2016,7,29,6,173.184178677207
2016,7,29,12,180.151358279164
2016,7,29,18,177.165424164039
2016,7,30,0,169.297111460997
2016,7,30,6,169.391320949119
2016,7,30,12,177.362677229077
2016,7,30,18,169.391320949119
2016,7,31,0,166.41216828202
2016,7,31,6,162.436091476462
2016,7,31,12,166.422253230485
2016,7,31,18,166.422253230485
2016,8,1,0,163.026704910042
2016,8,1,6,160.606501384328
2016,8,1,12,160.606501384328
2016,8,1,18,156.59133884972
2016,8,2,0,153.364561123875
2016,8,2,6,153.149241598715
2016,8,2,12,156.152167904573
2016,8,2,18,156.152167904573
2016,8,3,0,155.728320949901
2016,8,3,6,155.30470617413
2016,8,3,12,155.30470617413
2016,8,3,18,155.30470617413
2016,8,4,0,152.443401682121
2016,8,4,6,152.568737631788
2016,8,4,12,152.568737631788
2016,8,4,18,149.577193756655
2016,8,5,0,146.127315408105
2016,8,5,6,146.666813475428
2016,8,5,12,146.666813475428
2016,8,5,18,143.653111828673
2016,8,6,0,139.899149850698
2016,8,6,6,139.160017747195
2016,8,6,12,142.142018127492
2016,8,6,18,139.160017747195
2016,8,7,0,139.176767981624
2016,8,7,6,135.216560894725
2016,8,7,12,139.193518568099
2016,8,7,18,142.17623682313
2016,8,8,0,139.650634904992
2016,8,8,6,136.105116240388
2016,8,8,12,140.108207894517
2016,8,8,18,140.108207894517
2016,8,9,0,139.706214145113
2016,8,9,6,139.304819020868
2016,8,9,12,135.324681334557
2016,8,9,18,139.304819020868
2016,8,10,0,136.425233064731
2016,8,10,6,137.528132983161
2016,8,10,12,137.528132983161
2016,8,10,18,137.528132983161
2016,8,11,0,134.405938758598
2016,8,11,6,134.31742507912
2016,8,11,12,134.31742507912
2016,8,11,18,131.287708723952
2016,8,12,0,129.74890937833
2016,8,12,6,128.214743587899
2016,8,12,12,128.214743587899
2016,8,12,18,125.255941812793
2016,8,13,0,122.880290741071
2016,8,13,6,123.464303616184
2016,8,13,12,126.451343219801
2016,8,13,18,126.451343219801
2016,8,14,0,124.385686797564
2016,8,14,6,122.276833752941
2016,8,14,12,125.308490788138
2016,8,14,18,125.308490788138
2016,8,15,0,121.826712315963
2016,8,15,6,121.377108225176
2016,8,15,12,121.377108225176
2016,8,15,18,121.377108225176
2016,8,16,0,117.910588560253
2016,8,16,6,120.44010256138
2016,8,16,12,120.44010256138
2016,8,16,18,114.467866070733
2016,8,17,0,115.393357826333
2016,8,17,6,113.286764018119
2016,8,17,12,116.321230911461
2016,8,17,18,116.321230911461
2016,8,18,0,112.748077542895
2016,8,18,6,115.21589235084
2016,8,18,12,112.210260376471
2016,8,18,18,112.210260376471
2016,8,19,0,111.979209517329
2016,8,19,6,109.752575106612
2016,8,19,12,111.748076472187
2016,8,19,18,111.748076472187
2016,8,20,0,109.523226474066
2016,8,20,6,109.294020977693
2016,8,20,12,109.294020977693
2016,8,20,18,109.294020977693
2016,8,21,0,106.712761280406
2016,8,21,6,107.112821024046
2016,8,21,12,107.112821024046
2016,8,21,18,107.112821024046
2016,8,22,0,106.610183137462
2016,8,22,6,106.108510731498
2016,8,22,12,109.083515705279
2016,8,22,18,106.108510731498
2016,8,23,0,106.788882386371
2016,8,23,6,107.470571183562
2016,8,23,12,107.470571183562
2016,8,23,18,107.470571183562
2016,8,24,0,104.387556138544
2016,8,24,6,104.317751079819
2016,8,24,12,104.317751079819
2016,8,24,18,104.317751079819
2016,8,25,0,101.706056570911
2016,8,25,6,102.104054065913
2016,8,25,12,102.104054065913
2016,8,25,18,102.104054065913
2016,8,26,0,101.66951254273
2016,8,26,6,101.23550315738
2016,8,26,12,101.23550315738
2016,8,26,18,101.23550315738
2016,8,27,0,98.9175686728817
2016,8,27,6,98.8046680158503
2016,8,27,12,101.004771959523
2016,8,27,18,98.8046680158503
2016,8,28,0,100.65411725759
2016,8,28,6,98.1190686497992
2016,8,28,12,100.303906210827
2016,8,28,18,103.283230157683
2016,8,29,0,103.933559404607
2016,8,29,6,104.585181487828
2016,8,29,12,104.218493174694
2016,8,29,18,104.585181487828
2016,8,30,0,101.288680318066
2016,8,30,6,101.009300760915
2016,8,30,12,101.009300760915
2016,8,30,18,101.009300760915
2016,8,31,0,100.655509363922
2016,8,31,6,98.1173692833056
2016,8,31,12,100.302169004189
2016,8,31,18,103.281441350848
2016,9,1,0,135.942568472753
2016,9,1,6,411.485911598676
2016,9,1,12,393.37650717624
2016,9,1,18,300.817329017125
2016,9,2,0,220.697925649395
2016,9,2,6,187.336792669607
2016,9,2,12,191.301592514466
2016,9,2,18,231.940790924275
2016,9,3,0,286.143639271044
2016,9,3,6,249.236349719132
2016,9,3,12,210.664057500695
2016,9,3,18,202.751792430246
2016,9,4,0,188.552118542256
2016,9,4,6,190.181154025143
2016,9,4,12,175.087411642195
2016,9,4,18,164.018667228034
2016,9,5,0,152.873243306331
2016,9,5,6,151.793105420579
2016,9,5,12,151.793105420579
2016,9,5,18,144.848322819637
2016,9,6,0,142.257850381751
2016,9,6,6,139.65162979423
2016,9,6,12,135.66158322868
2016,9,6,18,132.669048304518
2016,9,7,0,129.777509366734
2016,9,7,6,129.878479050405
2016,9,7,12,126.881283380011
2016,9,7,18,126.881283380011
2016,9,8,0,142.940463385743
2016,9,8,6,174.017771342912
2016,9,8,12,252.025737806976
2016,9,8,18,234.023899392192
2016,9,9,0,216.924691778588
2016,9,9,6,192.846343891118
2016,9,9,12,173.861470658313
2016,9,9,18,166.867043677807
2016,9,10,0,155.925600029773
2016,9,10,6,149.976342153732
2016,9,10,12,145.976973029632
2016,9,10,18,139.977919343483
2016,9,11,0,140.211925279315
2016,9,11,6,133.423730205348
2016,9,11,12,130.414172381167
2016,9,11,18,130.414172381167
2016,9,12,0,127.283933946116
2016,9,12,6,124.159404511392
2016,9,12,12,124.159404511392
2016,9,12,18,121.155547950632
2016,9,13,0,117.767434724358
2016,9,13,6,117.383570958192
2016,9,13,12,117.383570958192
2016,9,13,18,114.399242882984
2016,9,14,0,111.899042697372
2016,9,14,6,112.383981242958
2016,9,14,12,112.383981242958
2016,9,14,18,112.383981242958
2016,9,15,0,109.801146176239
2016,9,15,6,109.225110040653
2016,9,15,12,109.225110040653
2016,9,15,18,106.246243403181
2016,9,16,0,104.787428423804
2016,9,16,6,103.334147990873
2016,9,16,12,103.334147990873
2016,9,16,18,103.334147990873
2016,9,17,0,131.290524252015
2016,9,17,6,162.764989858395
2016,9,17,12,188.624848060197
2016,9,17,18,559.789871662519
2016,9,18,0,1413.25368573965
2016,9,18,6,561.826279201159
2016,9,18,12,393.985095163077
2016,9,18,18,301.230756615716
2016,9,19,0,273.79687073197
2016,9,19,6,259.75636423119
2016,9,19,12,273.961790400084
2016,9,19,18,598.657245689071
2016,9,20,0,541.304108662375
2016,9,20,6,394.597184377964
2016,9,20,12,343.905858425127
2016,9,20,18,287.250847066074
2016,9,21,0,263.236448732422
2016,9,21,6,241.236131600273
2016,9,21,12,219.395823389549
2016,9,21,18,199.540997743436
2016,9,22,0,192.41037952581
2016,9,22,6,201.232059325676
2016,9,22,12,185.213586941543
2016,9,22,18,174.200887177451
2016,9,23,0,166.297608135939
2016,9,23,6,161.441781016315
2016,9,23,12,158.470459893316
2016,9,23,18,154.508698395983
2016,9,24,0,164.860392308745
2016,9,24,6,201.70727590164
2016,9,24,12,378.816103522592
2016,9,24,18,294.197441437026
2016,9,25,0,253.698017398992
2016,9,25,6,233.553027499738
2016,9,25,12,228.562578194188
2016,9,25,18,216.585499860868
2016,9,26,0,204.899705452284
2016,9,26,6,193.179625831183
2016,9,26,12,185.172180200875
2016,9,26,18,178.165665274355
2016,9,27,0,170.065383303973
2016,9,27,6,162.973701820612
2016,9,27,12,155.974831190279
2016,9,27,18,152.975315205851
2016,9,28,0,150.08694694274
2016,9,28,6,143.188893316486
2016,9,28,12,143.188893316486
2016,9,28,18,136.179646790504
2016,9,29,0,132.798107039461
2016,9,29,6,132.420851061757
2016,9,29,12,132.420851061757
2016,9,29,18,129.433914571642
2016,9,30,0,126.650782380941
2016,9,30,6,123.858208176841
2016,9,30,12,123.858208176841
2016,9,30,18,120.861638624176
2016,10,1,0,120.192947326531
2016,10,1,6,116.56225090343
2016,10,1,12,116.56225090343
2016,10,1,18,119.525697960297
2016,10,2,0,126.506848351416
2016,10,2,6,130.576606447947
2016,10,2,12,133.589912750592
2016,10,2,18,127.563300145302
2016,10,3,0,122.033288826298
2016,10,3,6,119.491560083789
2016,10,3,12,116.45363906471
2016,10,3,18,116.45363906471
2016,10,4,0,117.169265675668
2016,10,4,6,120.962361447318
2016,10,4,12,139.414247091824
2016,10,4,18,164.016761284499
2016,10,5,0,194.043767207622
2016,10,5,6,229.694801275726
2016,10,5,12,296.730193922719
2016,10,5,18,251.382722426223
2016,10,6,0,218.340941092288
2016,10,6,6,195.05382775412
2016,10,6,12,187.132860129588
2016,10,6,18,191.093343941854
2016,10,7,0,227.098947891801
2016,10,7,6,295.218818177318
2016,10,7,12,1049.20973707618
2016,10,7,18,1193.21891667488
2016,10,8,0,713.606461330412
2016,10,8,6,528.541216866765
2016,10,8,12,470.793195023914
2016,10,8,18,3964.05912650074
2016,10,9,0,2879.60355676977
2016,10,9,6,2185.21269368728
2016,10,9,12,1324.66433201397
2016,10,9,18,951.437739198357
2016,10,10,0,757.7704110014
2016,10,10,6,617.323159195912
2016,10,10,12,546.321134496062
2016,10,10,18,493.069615971175
2016,10,11,0,448.799949161577
2016,10,11,6,417.470649800871
2016,10,11,12,383.090713934917
2016,10,11,18,356.569049124038
2016,10,12,0,332.94154668138
2016,10,12,6,320.849860446293
2016,10,12,12,305.856876313289
2016,10,12,18,295.861553557953
2016,10,13,0,285.917545576089
2016,10,13,6,349.507485450535
2016,10,13,12,2104.98826464527
2016,10,13,18,1956.05041573169
2016,10,14,0,1933.0346993305
2016,10,14,6,4359.49253414055
2016,10,14,12,3228.44031495547
2016,10,14,18,4183.79510203413
2016,10,15,0,6603.24664167151
2016,10,15,6,3636.29184509746
2016,10,15,12,2575.32888779969
2016,10,15,18,2294.21904441311
2016,10,16,0,2225.35315550234
2016,10,16,6,2308.61958417007
2016,10,16,12,2543.56759494844
2016,10,16,18,2523.13733314162
2016,10,17,0,1903.92020739995
2016,10,17,6,2019.39306987989
2016,10,17,12,2181.75633177978
2016,10,17,18,2141.16551630481
2016,10,18,0,1971.47928771
2016,10,18,6,1823.12310504611
2016,10,18,12,1682.10805824696
2016,10,18,18,1601.52803150459
2016,10,19,0,1654.98612545826
2016,10,19,6,1454.37026300306
2016,10,19,12,1271.37003123446
2016,10,19,18,1117.26457290301
2016,10,20,0,1139.01322137191
2016,10,20,6,1738.06544796658
2016,10,20,12,4550.57135467614
2016,10,20,18,2959.97812653703
2016,10,21,0,2203.74865689309
2016,10,21,6,1579.38823870762
2016,10,21,12,1434.04576275293
2016,10,21,18,1240.25579481334
2016,10,22,0,1208.88038247942
2016,10,22,6,1432.08481819644
2016,10,22,12,1314.37921670084
2016,10,22,18,1167.24721483135
2016,10,23,0,1043.69178789041
2016,10,23,6,976.489983100127
2016,10,23,12,906.317119942122
2016,10,23,18,855.911260490598
2016,10,24,0,806.875273575817
2016,10,24,6,775.599713260438
2016,10,24,12,743.942582106951
2016,10,24,18,714.264021650557
2016,10,25,0,717.508210669568
2016,10,25,6,736.361064262349
2016,10,25,12,669.775223345009
2016,10,25,18,641.378320600849
2016,10,26,0,651.467609318794
2016,10,26,6,639.576578763463
2016,10,26,12,685.034087667313
2016,10,26,18,1152.29499314409
2016,10,27,0,1386.71262525941
2016,10,27,6,1808.01313506488
2016,10,27,12,1365.8360096414
2016,10,27,18,1100.52973438732
2016,10,28,0,1104.53746336634
2016,10,28,6,1138.24809253483
2016,10,28,12,1009.57656903089
2016,10,28,18,907.62913117777
2016,10,29,0,864.552898123326
2016,10,29,6,797.46181629253
2016,10,29,12,765.241136846367
2016,10,29,18,967.627279617577
2016,10,30,0,898.783645663875
2016,10,30,6,816.11728171367
2016,10,30,12,729.949559008465
2016,10,30,18,722.026090253963
2016,10,31,0,757.038216875786
2016,10,31,6,1033.31795564492
2016,10,31,12,1330.01321023603
2016,10,31,18,2424.71639096877
2016,11,1,0,1826.8399476667
2016,11,1,6,1247.75270546655
2016,11,1,12,1190.60372659022
2016,11,1,18,1104.88025827573
2016,11,2,0,1806.72908620111
2016,11,2,6,2363.25588514083
2016,11,2,12,2902.81202330084
2016,11,2,18,3571.86163461924
2016,11,3,0,2997.37049920642
2016,11,3,6,2738.02345192829
2016,11,3,12,2126.43745751132
2016,11,3,18,1665.39570787391
2016,11,4,0,1542.94381808022
2016,11,4,6,1337.05104506604
2016,11,4,12,1278.49406499016
2016,11,4,18,1122.34211812113
2016,11,5,0,1061.27504480381
2016,11,5,6,1076.10922385408
2016,11,5,12,1449.01836083321
2016,11,5,18,2194.83663479148
2016,11,6,0,3338.78860455322
2016,11,6,6,4780.74795998966
2016,11,6,12,3898.76510783224
2016,11,6,18,2846.39920468986
2016,11,7,0,2329.39856277804
2016,11,7,6,1950.61943915688
2016,11,7,12,1666.35831485764
2016,11,7,18,1568.33723751307
2016,11,8,0,1379.96553387361
2016,11,8,6,1298.4460580942
2016,11,8,12,1159.68083051161
2016,11,8,18,1149.76902854143
2016,11,9,0,1084.24597113214
2016,11,9,6,1038.19966278091
2016,11,9,12,1157.99193156332
2016,11,9,18,2335.94924125705
2016,11,10,0,1691.46866368163
2016,11,10,6,1330.69293012269
2016,11,10,12,1206.23963449971
2016,11,10,18,1100.9329997418
2016,11,11,0,1032.80310402143
2016,11,11,6,943.839916757004
2016,11,11,12,901.208491945501
2016,11,11,18,883.362779233708
2016,11,12,0,886.375170332638
2016,11,12,6,889.756766522821
2016,11,12,12,1130.34367775044
2016,11,12,18,3774.72567615742
2016,11,13,0,2163.96315893696
2016,11,13,6,1630.41784606369
2016,11,13,12,1474.21014823723
2016,11,13,18,1523.025053808
2016,11,14,0,2580.74810267626
2016,11,14,6,4015.47051600815
2016,11,14,12,3324.52920527358
2016,11,14,18,2383.24683992504
2016,11,15,0,1972.745776181
2016,11,15,6,1752.48863585766
2016,11,15,12,2153.05746691083
2016,11,15,18,1952.77305138424
2016,11,16,0,1830.62293375315
2016,11,16,6,1747.75367157064
2016,11,16,12,1565.90646874826
2016,11,16,18,1414.36713306295
2016,11,17,0,1353.3169248114
2016,11,17,6,1255.1831654229
2016,11,17,12,1216.56214494835
2016,11,17,18,1100.6990835247
2016,11,18,0,1101.79845104888
2016,11,18,6,1043.67573332807
2016,11,18,12,955.061755970026
2016,11,18,18,937.338960498417
2016,11,19,0,906.046102059377
2016,11,19,6,883.424473870556
2016,11,19,12,833.849587570301
2016,11,19,18,841.781569378341
2016,11,20,0,807.843095187174
2016,11,20,6,864.673128920073
2016,11,20,12,925.333907286642
2016,11,20,18,942.812436646501
2016,11,21,0,1182.51987578547
2016,11,21,6,1329.03170746714
2016,11,21,12,1402.28542362675
2016,11,21,18,1695.30028826517
2016,11,22,0,1404.24159238877
2016,11,22,6,1256.9548999181
2016,11,22,12,1120.54118984946
2016,11,22,18,1032.8466619482
2016,11,23,0,975.075243397263
2016,11,23,6,1139.45564927181
2016,11,23,12,1069.48907431653
2016,11,23,18,1019.51294934846
2016,11,24,0,1048.01218954448
2016,11,24,6,1127.66089352594
2016,11,24,12,1249.57017931253
2016,11,24,18,1584.82071522564
2016,11,25,0,2307.870056636
2016,11,25,6,2387.18848769126
2016,11,25,12,1827.2306942822
2016,11,25,18,1561.98752898317
2016,11,26,0,1579.3356131566
2016,11,26,6,1700.20277157677
2016,11,26,12,2512.87831019207
2016,11,26,18,3635.65372538428
2016,11,27,0,3043.16857811117
2016,11,27,6,2118.20532219379
2016,11,27,12,2020.14026098112
2016,11,27,18,1931.88170588971
2016,11,28,0,1936.40626631834
2016,11,28,6,1940.61440583269
2016,11,28,12,1779.73445509008
2016,11,28,18,1558.524522819
2016,11,29,0,1425.8299177663
2016,11,29,6,1314.97202375577
2016,11,29,12,1206.21493908424
2016,11,29,18,1186.44092368941
2016,11,30,0,1158.92414534667
2016,11,30,6,1120.5316316855
2016,11,30,12,1201.29066820337
2016,11,30,18,1665.65512818114
2016,12,1,0,1506.11138706321
2016,12,1,6,1428.85929051886
2016,12,1,12,1300.75466447234
2016,12,1,18,1152.94163441867
2016,12,2,0,1128.78949317186
2016,12,2,6,1083.41434719468
2016,12,2,12,1134.04118584863
2016,12,2,18,1194.79339223338
2016,12,3,0,1726.69467715409
2016,12,3,6,1520.01093433927
2016,12,3,12,1320.50949920724
2016,12,3,18,1225.50881581104
2016,12,4,0,1501.26585690095
2016,12,4,6,1509.89337162294
2016,12,4,12,1329.9060822904
2016,12,4,18,1279.90961303137
2016,12,5,0,1139.30566568677
2016,12,5,6,1058.7823900484
2016,12,5,12,1028.81685070741
2016,12,5,18,968.885772025426
2016,12,6,0,907.727995627597
2016,12,6,6,874.023882475165
2016,12,6,12,817.128949609218
2016,12,6,18,792.605271649757
2016,12,7,0,764.755057845989
2016,12,7,6,721.767758035078
2016,12,7,12,698.99593576511
2016,12,7,18,677.214192724271
2016,12,8,0,671.288886752702
2016,12,8,6,635.550555153858
2016,12,8,12,621.647886759868
2016,12,8,18,614.696552562872
2016,12,9,0,616.92151503733
2016,12,9,6,598.142875680559
2016,12,9,12,591.14120322276
2016,12,9,18,591.14120322276
2016,12,10,0,598.227697538634
2016,12,10,6,591.30884443261
2016,12,10,12,558.291599312008
2016,12,10,18,585.305708956137
2016,12,11,0,603.960085610119
2016,12,11,6,609.577039446979
2016,12,11,12,637.466185042593
2016,12,11,18,609.577039446979
2016,12,12,0,602.79928991757
2016,12,12,6,589.04028420932
2016,12,12,12,562.129814372346
2016,12,12,18,543.19281707966
2016,12,13,0,536.475122208069
2016,12,13,6,523.76488109558
2016,12,13,12,498.823696281505
2016,12,13,18,486.851927570749
2016,12,14,0,484.64342451476
2016,12,14,6,475.518583196677
2016,12,14,12,457.723708981417
2016,12,14,18,463.655333719837
2016,12,15,0,449.561919078338
2016,12,15,6,442.217173876669
2016,12,15,12,442.217173876669
2016,12,15,18,436.186939687442
2016,12,16,0,429.194859937244
2016,12,16,6,405.221685925032
2016,12,16,12,384.21019109929
2016,12,16,18,378.206906863364
2016,12,17,0,379.528119989135
2016,12,17,6,380.851206739173
2016,12,17,12,380.851206739173
2016,12,17,18,403.017149988543
2016,12,18,0,395.032413426724
2016,12,18,6,372.143975392928
2016,12,18,12,383.118730699422
2016,12,18,18,393.095780978053
2016,12,19,0,388.25070571312
2016,12,19,6,404.369183017576
2016,12,19,12,433.324013406488
2016,12,19,18,416.350492144022
2016,12,20,0,407.662068039531
2016,12,20,6,446.477757299902
2016,12,20,12,559.111918800559
2016,12,20,18,606.803861057594
2016,12,21,0,575.550476133913
2016,12,21,6,545.67047103401
2016,12,21,12,513.631103927426
2016,12,21,18,488.600348375408
2016,12,22,0,480.646111353508
2016,12,22,6,473.716017595357
2016,12,22,12,455.764673770691
2016,12,22,18,473.716017595357
2016,12,23,0,472.960185009101
2016,12,23,6,485.12796166773
2016,12,23,12,491.092649721022
2016,12,23,18,485.12796166773
2016,12,24,0,460.342807979478
2016,12,24,6,448.477633402432
2016,12,24,12,437.539154538958
2016,12,24,18,437.539154538958
2016,12,25,0,420.545294412723
2016,12,25,6,410.465225274294
2016,12,25,12,404.473032204596
2016,12,25,18,393.48734491015
2016,12,26,0,394.603332713903
2016,12,26,6,390.698120377139
2016,12,26,12,379.650101548993
2016,12,26,18,395.719947117205
2016,12,27,0,441.260883981979
2016,12,27,6,500.682743505889
2016,12,27,12,475.648606330594
2016,12,27,18,488.666357661748
2016,12,28,0,484.742415086605
2016,12,28,6,480.831540540813
2016,12,28,12,468.022503600177
2016,12,28,18,450.286913990065
2016,12,29,0,452.977862831129
2016,12,29,6,450.384623148302
2016,12,29,12,467.785847224487
2016,12,29,18,571.169590265347
2016,12,30,0,648.338503784628
2016,12,30,6,565.076419074151
2016,12,30,12,532.814270580298
2016,12,30,18,501.529762949895
2016,12,31,0,488.824171143222
2016,12,31,6,475.69604256768
2016,12,31,12,463.678458334392
2016,12,31,18,451.660874101103
2017,1,1,0,457.102761065062
2017,1,1,6,450.54239158719
2017,1,1,12,427.565728601591
2017,1,1,18,410.582977699191
2017,1,2,0,405.516602193143
2017,1,2,6,395.406203844126
2017,1,2,12,369.313408666595
2017,1,2,18,358.274149168409
2017,1,3,0,348.494778889829
2017,1,3,6,319.339646340691
2017,1,3,12,315.256468363426
2017,1,3,18,311.439445342065
2017,1,4,0,311.434908859037
2017,1,4,6,311.585278944815
2017,1,4,12,308.231694506111
2017,1,4,18,305.042097068127
2017,1,5,0,302.8463993679
2017,1,5,6,308.833803878945
2017,1,5,12,299.78004415611
2017,1,5,18,312.950507368762
2017,1,6,0,326.025196284156
2017,1,6,6,338.938146099002
2017,1,6,12,348.995657852681
2017,1,6,18,343.966901975841
2017,1,7,0,338.173321711491
2017,1,7,6,312.378576711034
2017,1,7,12,302.36644284209
2017,1,7,18,327.396777514449
2017,1,8,0,337.542916786939
2017,1,8,6,327.656819209402
2017,1,8,12,322.646776102224
2017,1,8,18,352.707034745289
2017,1,9,0,496.436212259217
2017,1,9,6,549.283075747724
2017,1,9,12,589.597429931043
2017,1,9,18,536.180910638145
2017,1,10,0,473.440551894635
2017,1,10,6,438.597050301958
2017,1,10,12,410.999932530149
2017,1,10,18,394.244539597266
2017,1,11,0,374.876609917531
2017,1,11,6,361.225444029786
2017,1,11,12,341.268237177312
2017,1,11,18,331.289633751075
2017,1,12,0,333.556681548407
2017,1,12,6,337.395566246344
2017,1,12,12,333.029156470893
2017,1,12,18,329.835553536537
2017,1,13,0,329.922903958475
2017,1,13,6,330.722150148591
2017,1,13,12,329.966423801248
2017,1,13,18,329.660810424965
2017,1,14,0,321.378039253467
2017,1,14,6,313.398449797629
2017,1,14,12,323.343877989369
2017,1,14,18,322.602563591454
2017,1,15,0,319.932242380929
2017,1,15,6,312.25257165276
2017,1,15,12,302.244476407479
2017,1,15,18,322.260666898041
2017,1,16,0,310.554019140184
2017,1,16,6,298.960120122877
2017,1,16,12,295.000383432508
2017,1,16,18,303.909790985839
2017,1,17,0,325.6976495556
2017,1,17,6,363.616680600836
2017,1,17,12,407.00276180889
2017,1,17,18,536.128003499528
2017,1,18,0,2948.86380426529
2017,1,18,6,6234.47856102902
2017,1,18,12,8764.25848647203
2017,1,18,18,6626.11813107668
2017,1,19,0,6361.34376373722
2017,1,19,6,6068.64904420372
2017,1,19,12,3984.6614550972
2017,1,19,18,3753.1072785298
2017,1,20,0,4265.87266862876
2017,1,20,6,3431.13060665416
2017,1,20,12,2644.62502346696
2017,1,20,18,2212.046952714
2017,1,21,0,1958.49514555718
2017,1,21,6,1743.80723035815
2017,1,21,12,1517.21081059409
2017,1,21,18,1467.95071934104
2017,1,22,0,1383.57682246237
2017,1,22,6,1258.99920657836
2017,1,22,12,1219.34568826094
2017,1,22,18,1219.34568826094
2017,1,23,0,1141.03851702255
2017,1,23,6,1082.45341170125
2017,1,23,12,1003.00728974153
2017,1,23,18,1012.93805498649
2017,1,24,0,982.165462404345
2017,1,24,6,921.474788598031
2017,1,24,12,904.557864833273
2017,1,24,18,869.728904141123
2017,1,25,0,850.31025070532
2017,1,25,6,822.145004582141
2017,1,25,12,813.262285444998
2017,1,25,18,789.57503441262
2017,1,26,0,787.726411558252
2017,1,26,6,730.647976852361
2017,1,26,12,753.699970635083
2017,1,26,18,730.647976852361
2017,1,27,0,710.280417344589
2017,1,27,6,697.063304253889
2017,1,27,12,675.341784857875
2017,1,27,18,668.43039232278
2017,1,28,0,672.049681092005
2017,1,28,6,667.690776061245
2017,1,28,12,638.747528668456
2017,1,28,18,631.761227573645
2017,1,29,0,619.550584370012
2017,1,29,6,635.365221457958
2017,1,29,12,628.339065770429
2017,1,29,18,635.365221457958
2017,1,30,0,670.310760390796
2017,1,30,6,655.119814877043
2017,1,30,12,662.121095341378
2017,1,30,18,640.117071024897
2017,1,31,0,638.973072671756
2017,1,31,6,630.853514336491
2017,1,31,12,609.924724761347
2017,1,31,18,602.948461569632
2017,2,1,0,585.573540211408
2017,2,1,6,574.058954752413
2017,2,1,12,547.919667845998
2017,2,1,18,560.989311299205
2017,2,2,0,560.49102790315
2017,2,2,6,533.900078760249
2017,2,2,12,520.853648264228
2017,2,2,18,539.921508219951
2017,2,3,0,546.157312003042
2017,2,3,6,532.359780205967
2017,2,3,12,538.363837877463
2017,2,3,18,585.395622970847
2017,2,4,0,773.606266107736
2017,2,4,6,985.544803321304
2017,2,4,12,1532.14948415497
2017,2,4,18,1583.91129105209
2017,2,5,0,1343.17957621708
2017,2,5,6,1250.65533506866
2017,2,5,12,1083.24477840593
2017,2,5,18,972.950764604598
2017,2,6,0,923.121126820777
2017,2,6,6,890.844039538633
2017,2,6,12,832.444263613323
2017,2,6,18,783.942754793997
2017,2,7,0,782.41641962673
2017,2,7,6,741.535977250521
2017,2,7,12,703.302100540182
2017,2,7,18,695.252863338006
2017,2,8,0,673.400218377751
2017,2,8,6,644.044540584865
2017,2,8,12,637.161621830523
2017,2,8,18,644.044540584865
2017,2,9,0,684.100786163877
2017,2,9,6,1920.1936978185
2017,2,9,12,4857.57108421112
2017,2,9,18,5625.64856333852
2017,2,10,0,3949.06126075068
2017,2,10,6,2765.77017287913
2017,2,10,12,2175.86814299931
2017,2,10,18,2011.46921663936
2017,2,11,0,1744.73904061469
2017,2,11,6,1562.0378855728
2017,2,11,12,1434.32409618635
2017,2,11,18,1277.13789386456
2017,2,12,0,1228.25275503819
2017,2,12,6,1088.52506579944
2017,2,12,12,1048.57919182515
2017,2,12,18,990.657674562429
2017,2,13,0,916.228747819496
2017,2,13,6,887.828559750497
2017,2,13,12,836.071737881634
2017,2,13,18,809.198003449724
2017,2,14,0,801.569020922538
2017,2,14,6,769.929118282107
2017,2,14,12,752.952730460064
2017,2,14,18,758.944396750197
2017,2,15,0,850.786754058846
2017,2,15,6,2142.14289448014
2017,2,15,12,6633.03129762886
2017,2,15,18,7992.25902255281
2017,2,16,0,8334.28350502679
2017,2,16,6,6802.75737226977
2017,2,16,12,5559.03995794898
2017,2,16,18,4117.4584095317
2017,2,17,0,3267.28629661274
2017,2,17,6,2949.60188130659
2017,2,17,12,2498.83215858199
2017,2,17,18,2283.24663901806
2017,2,18,0,2069.31903627907
2017,2,18,6,1830.48227964408
2017,2,18,12,1750.46119638095
2017,2,18,18,1710.45065474938
2017,2,19,0,1587.90742885539
2017,2,19,6,1504.52851725756
2017,2,19,12,1464.13848994863
2017,2,19,18,1433.84596946693
2017,2,20,0,1447.06023100947
2017,2,20,6,1420.17872433055
2017,2,20,12,1331.41755405989
2017,2,20,18,1321.5552018076
2017,2,21,0,1286.64008829211
2017,2,21,6,1231.58972207548
2017,2,21,12,1162.06449582929
2017,2,21,18,1112.40361993915
2017,2,22,0,1061.24213382697
2017,2,22,6,1030.03036799668
2017,2,22,12,1030.03036799668
2017,2,22,18,1010.22209168906
2017,2,23,0,958.193781024024
2017,2,23,6,932.704961294139
2017,2,23,12,898.320332560988
2017,2,23,18,867.864509439466
2017,2,24,0,860.025382356249
2017,2,24,6,827.624255017813
2017,2,24,12,817.783300736983
2017,2,24,18,783.339960754078
2017,2,25,0,770.480409054577
2017,2,25,6,756.463617048893
2017,2,25,12,723.66033273534
2017,2,25,18,721.672254898155
2017,2,26,0,729.926788520106
2017,2,26,6,738.220380071457
2017,2,26,12,721.215303565746
2017,2,26,18,689.20574779029
2017,2,27,0,684.790509627537
2017,2,27,6,664.544567144881
2017,2,27,12,641.765841296397
2017,2,27,18,654.640773297714
2017,2,28,0,625.30669311024
2017,2,28,6,611.754012357071
2017,2,28,12,595.838460816074
2017,2,28,18,600.812070672635
2017,3,1,0,589.885691112987
2017,3,1,6,634.219282484906
2017,3,1,12,668.501405862469
2017,3,1,18,667.49310811607
2017,3,2,0,661.682918664854
2017,3,2,6,648.931966022199
2017,3,2,12,647.935142725698
2017,3,2,18,689.801721178743
2017,3,3,0,844.987052303065
2017,3,3,6,902.653172758361
2017,3,3,12,992.495701662882
2017,3,3,18,1395.20162534079
2017,3,4,0,1614.29752784853
2017,3,4,6,1383.33762652785
2017,3,4,12,1178.75952683007
2017,3,4,18,1061.85775557419
2017,3,5,0,977.806500216042
2017,3,5,6,909.647647926031
2017,3,5,12,864.411116245385
2017,3,5,18,837.859238954571
2017,3,6,0,814.350997930133
2017,3,6,6,791.632515219372
2017,3,6,12,750.019792266664
2017,3,6,18,725.250314318623
2017,3,7,0,683.846838745228
2017,3,7,6,679.966762196188
2017,3,7,12,648.784854462339
2017,3,7,18,669.908082282043
2017,3,8,0,678.8323047268
2017,3,8,6,643.887390777847
2017,3,8,12,634.944510350377
2017,3,8,18,626.001629922907
2017,3,9,0,607.501329759699
2017,3,9,6,601.823704477561
2017,3,9,12,593.785992230782
2017,3,9,18,619.908557032813
2017,3,10,0,793.462040501909
2017,3,10,6,947.972611098412
2017,3,10,12,1062.29588223408
2017,3,10,18,1173.58402227765
2017,3,11,0,1158.83255750529
2017,3,11,6,1083.95053433683
2017,3,11,12,939.42379642525
2017,3,11,18,1194.35290357484
2017,3,12,0,1685.71357335849
2017,3,12,6,2263.82579721591
2017,3,12,12,1735.93816737184
2017,3,12,18,1725.78648218253
2017,3,13,0,1583.18526885555
2017,3,13,6,1541.49957460718
2017,3,13,12,1901.18280868219
2017,3,13,18,2589.71928534007
2017,3,14,0,2272.01127702932
2017,3,14,6,1964.05739632855
2017,3,14,12,2757.61594029968
2017,3,14,18,5287.08379920766
2017,3,15,0,5470.4744647838
2017,3,15,6,4352.33025029443
2017,3,15,12,4186.43425420697
2017,3,15,18,3922.95237806807
2017,3,16,0,3686.09178657485
2017,3,16,6,3537.26648568069
2017,3,16,12,2757.70362382269
2017,3,16,18,2338.68858557401
2017,3,17,0,2006.59120507628
2017,3,17,6,1750.10350514565
2017,3,17,12,1582.09847928008
2017,3,17,18,1464.9742823972
2017,3,18,0,1519.05542700321
2017,3,18,6,2430.08841843643
2017,3,18,12,5390.55327740462
2017,3,18,18,4532.30776454413
2017,3,19,0,3215.04895457268
2017,3,19,6,2421.3630337553
2017,3,19,12,2008.19394466213
2017,3,19,18,1777.58794144734
2017,3,20,0,1730.6551034505
2017,3,20,6,1539.33603618528
2017,3,20,12,1375.78158234059
2017,3,20,18,1404.64413301907
2017,3,21,0,1229.82862611467
2017,3,21,6,1297.54027010521
2017,3,21,12,1193.73704849679
2017,3,21,18,1370.2025252311
2017,3,22,0,1447.20197992754
2017,3,22,6,1410.43073499107
2017,3,22,12,1548.51486289229
2017,3,22,18,1469.60964694874
2017,3,23,0,1935.69978030156
2017,3,23,6,1895.59989374497
2017,3,23,12,1535.023827
2017,3,23,18,1432.0020936443
2017,3,24,0,1459.04020001281
2017,3,24,6,1332.20340556084
2017,3,24,12,1537.15777564712
2017,3,24,18,1537.15777564712
2017,3,25,0,1967.92259905622
2017,3,25,6,1818.42765427376
2017,3,25,12,1689.24973347836
2017,3,25,18,1689.24973347836
2017,3,26,0,1478.22717363663
2017,3,26,6,1435.63959943499
2017,3,26,12,1335.24522185212
2017,3,26,18,1335.24522185212
2017,3,27,0,1429.50647357878
2017,3,27,6,1570.46987423146
2017,3,27,12,1452.6846336641
2017,3,27,18,1472.31550709199
2017,3,28,0,1499.55975665432
2017,3,28,6,1881.43153934943
2017,3,28,12,2006.86030863939
2017,3,28,18,2351.78942418678
2017,3,29,0,2660.27293010038
2017,3,29,6,3286.20919974011
2017,3,29,12,3599.18150447726
2017,3,29,18,4342.490728228
2017,3,30,0,4003.96529884182
2017,3,30,6,3119.36263602299
2017,3,30,12,2619.88765200722
2017,3,30,18,2214.6532310133
2017,3,31,0,2088.22986847757
2017,3,31,6,1758.41537493427
2017,3,31,12,1807.53312283746
2017,3,31,18,1620.88568080533
2017,4,1,0,1538.09996233764
2017,4,1,6,1473.3706296717
2017,4,1,12,1623.71457147494
2017,4,1,18,1593.64578311429
2017,4,2,0,1560.43772916196
2017,4,2,6,1468.47433517611
2017,4,2,12,1340.35241331511
2017,4,2,18,1281.21921861003
2017,4,3,0,1219.47310059242
2017,4,3,6,1146.94354151254
2017,4,3,12,1097.07643101199
2017,4,3,18,1047.20932051145
2017,4,4,0,998.063409101822
2017,4,4,6,963.740259398968
2017,4,4,12,927.712586150408
2017,4,4,18,900.691831213989
2017,4,5,0,929.654344038491
2017,4,5,6,1204.00395970217
2017,4,5,12,2194.90987343935
2017,4,5,18,3334.98441935202
2017,4,6,0,3042.52709483308
2017,4,6,6,2406.64918879035
2017,4,6,12,2164.04342379132
2017,4,6,18,2183.45188499124
2017,4,7,0,2169.21471344338
2017,4,7,6,2041.82986573571
2017,4,7,12,2213.66703265406
2017,4,7,18,2486.58488599497
2017,4,8,0,2666.59715852339
2017,4,8,6,2389.47923888977
2017,4,8,12,2213.20618028315
2017,4,8,18,1987.96838317469
2017,4,9,0,1832.11163929924
2017,4,9,6,1842.59720149824
2017,4,9,12,1622.28666653649
2017,4,9,18,1542.17374473222
2017,4,10,0,1433.76697637155
2017,4,10,6,1345.16751775644
2017,4,10,12,1315.0518270604
2017,4,10,18,1214.66619140693
2017,4,11,0,1216.46332170192
2017,4,11,6,1158.7220728622
2017,4,11,12,1099.30042810003
2017,4,11,18,1059.68599825859
2017,4,12,0,1028.1203078599
2017,4,12,6,1023.60010718407
2017,4,12,12,1144.02364920573
2017,4,12,18,1414.97661875445
2017,4,13,0,1406.67755013248
2017,4,13,6,1348.80717424505
2017,4,13,12,1408.3133731088
2017,4,13,18,1328.9717746238
2017,4,14,0,1301.13906566206
2017,4,14,6,1253.32550245888
2017,4,14,12,1193.64333567513
2017,4,14,18,1163.80225228325
2017,4,15,0,1157.31825461461
2017,4,15,6,1150.77707456417
2017,4,15,12,1070.72301720318
2017,4,15,18,1070.72301720318
2017,4,16,0,1058.23552305314
2017,4,16,6,1025.87755968893
2017,4,16,12,950.18173975072
2017,4,16,18,923.289803720039
2017,4,17,0,927.066239280555
2017,4,17,6,930.84566065804
2017,4,17,12,921.808324146797
2017,4,17,18,930.84566065804
2017,4,18,0,1137.9349946778
2017,4,18,6,1484.55121357994
2017,4,18,12,1494.65020142742
2017,4,18,18,1565.3431163598
2017,4,19,0,1612.97460576893
2017,4,19,6,1480.78685364663
2017,4,19,12,1331.71435160167
2017,4,19,18,1222.39451676869
2017,4,20,0,1197.23549565231
2017,4,20,6,1322.08891745688
2017,4,20,12,1352.13639285363
2017,4,20,18,1312.07309232463
2017,4,21,0,1390.16669336741
2017,4,21,6,1378.14860354054
2017,4,21,12,1258.30959453701
2017,4,21,18,1198.39009003525
2017,4,22,0,1340.13696686339
2017,4,22,6,1342.07174870271
2017,4,22,12,1271.96352302421
2017,4,22,18,1281.97898383542
2017,4,23,0,1507.83518326506
2017,4,23,6,1493.18115338898
2017,4,23,12,1483.09209154176
2017,4,23,18,1452.82490600009
2017,4,24,0,1873.96754535339
2017,4,24,6,1950.88849609804
2017,4,24,12,1692.09716498299
2017,4,24,18,1463.16637207353
2017,4,25,0,1433.72847279379
2017,4,25,6,1384.35409837953
2017,4,25,12,1274.8008963495
2017,4,25,18,1185.16645832492
2017,4,26,0,1197.62996055085
2017,4,26,6,1332.172572897
2017,4,26,12,2237.23638196442
2017,4,26,18,2155.88233171117
2017,4,27,0,1831.78393697658
2017,4,27,6,1617.30762472183
2017,4,27,12,1529.62227157426
2017,4,27,18,1500.39382052507
2017,4,28,0,1433.57361296571
2017,4,28,6,1316.09678964297
2017,4,28,12,1207.24667922137
2017,4,28,18,1157.76935630246
2017,4,29,0,1124.19662820766
2017,4,29,6,1099.40664623995
2017,4,29,12,1030.07469557617
2017,4,29,18,1020.17013119563
2017,4,30,0,1056.50318173788
2017,4,30,6,1103.25495375485
2017,4,30,12,1113.28454424353
2017,4,30,18,1083.19577277749
2017,5,1,0,1064.02443149192
2017,5,1,6,1015.47292297916
2017,5,1,12,995.755002144614
2017,5,1,18,976.037081310067
2017,5,2,0,953.447252039485
2017,5,2,6,948.526810524513
2017,5,2,12,921.681712113442
2017,5,2,18,890.859562085916
2017,5,3,0,948.413429939819
2017,5,3,6,1096.61159160615
2017,5,3,12,1893.20680437665
2017,5,3,18,2172.53239846501
2017,5,4,0,2326.89800050169
2017,5,4,6,2284.92585781158
2017,5,4,12,2254.18694492622
2017,5,4,18,2612.80759525539
2017,5,5,0,5449.22475562929
2017,5,5,6,4561.7063490727
2017,5,5,12,5227.15611246808
2017,5,5,18,4224.15936764026
2017,5,6,0,3804.76794307703
2017,5,6,6,2976.8028939067
2017,5,6,12,2373.78494433717
2017,5,6,18,2029.20325886887
2017,5,7,0,1835.6367574977
2017,5,7,6,1635.67214599222
2017,5,7,12,1517.43078604098
2017,5,7,18,1389.33597942713
2017,5,8,0,1319.48750387712
2017,5,8,6,1288.50791182587
2017,5,8,12,1198.61201100081
2017,5,8,18,1128.69297702576
2017,5,9,0,1128.88908257908
2017,5,9,6,1119.09286159934
2017,5,9,12,1069.13335884937
2017,5,9,18,1049.14955774938
2017,5,10,0,1196.35250184674
2017,5,10,6,1263.31104863511
2017,5,10,12,1243.41638645188
2017,5,10,18,1263.31104863511
2017,5,11,0,1583.5849421018
2017,5,11,6,1720.19113200534
2017,5,11,12,1699.21319137113
2017,5,11,18,2265.61758849484
2017,5,12,0,2726.34253870712
2017,5,12,6,2058.88178597731
2017,5,12,12,1660.70181793453
2017,5,12,18,1456.75598064432
2017,5,13,0,1401.00518694627
2017,5,13,6,1344.11865390207
2017,5,13,12,1215.63672374967
2017,5,13,18,1166.22059676798
2017,5,14,0,1147.03144335922
2017,5,14,6,1127.29640265188
2017,5,14,12,1073.06265041669
2017,5,14,18,1042.78633089085
2017,5,15,0,1086.68304698164
2017,5,15,6,1145.6800621932
2017,5,15,12,1125.22148965404
2017,5,15,18,1176.36792100195
2017,5,16,0,1538.77538814291
2017,5,16,6,2110.51598661516
2017,5,16,12,1931.32123303462
2017,5,16,18,1662.52910266383
2017,5,17,0,1532.4930184046
2017,5,17,6,1384.46815198938
2017,5,17,12,1286.27892135183
2017,5,17,18,1188.08969071429
2017,5,18,0,1149.83367509762
2017,5,18,6,1140.68564086066
2017,5,18,12,1090.65556889308
2017,5,18,18,1070.64354010606
2017,5,19,0,1206.19594497035
2017,5,19,6,1201.57006610254
2017,5,19,12,1161.18115631758
2017,5,19,18,1140.9867014251
2017,5,20,0,1226.32918709996
2017,5,20,6,1302.10661299354
2017,5,20,12,1271.5884892515
2017,5,20,18,1271.5884892515
2017,5,21,0,1723.1035813032
2017,5,21,6,1666.35933982359
2017,5,21,12,1514.87212711235
2017,5,21,18,1605.76445473909
2017,5,22,0,2142.90143137876
2017,5,22,6,1982.91373611618
2017,5,22,12,1729.9910656932
2017,5,22,18,1770.45869296087
2017,5,23,0,2410.38014554194
2017,5,23,6,2179.75089456114
2017,5,23,12,1936.4298644706
2017,5,23,18,1976.98336948569
2017,5,24,0,2283.27899057454
2017,5,24,6,1916.84543481481
2017,5,24,12,1637.50615034431
2017,5,24,18,1425.59358971151
2017,5,25,0,1356.84131627638
2017,5,25,6,1234.10930451346
2017,5,25,12,1133.77521471562
2017,5,25,18,1073.57476083691
2017,5,26,0,1280.23372886365
2017,5,26,6,1306.46533329067
2017,5,26,12,1215.3165891076
2017,5,26,18,1245.69950383529
2017,5,27,0,1664.8077822594
2017,5,27,6,1577.10818347909
2017,5,27,12,1373.61035335275
2017,5,27,18,1404.1350278717
2017,5,28,0,1865.48186954289
2017,5,28,6,1756.61867275912
2017,5,28,12,1603.42518385571
2017,5,28,18,1756.61867275912
2017,5,29,0,2301.19624608892
2017,5,29,6,1918.65891936586
2017,5,29,12,1675.01969150987
2017,5,29,18,1715.62622948587
2017,5,30,0,2200.19087618709
2017,5,30,6,1960.27371671439
2017,5,30,12,1723.85879610562
2017,5,30,18,1674.60568764546
2017,5,31,0,1722.33452961071
2017,5,31,6,1612.64451951534
2017,5,31,12,1445.48014858997
2017,5,31,18,1327.48176911324
2017,6,1,0,1426.45253613896
2017,6,1,6,1780.71464096581
2017,6,1,12,1892.00930602617
2017,6,1,18,1720.00846002379
2017,6,2,0,1628.08153069892
2017,6,2,6,1437.44341246192
2017,6,2,12,1327.6387073433
2017,6,2,18,1207.85175630481
2017,6,3,0,1226.05205216187
2017,6,3,6,1204.37951931305
2017,6,3,12,1084.93692235638
2017,6,3,18,1065.0298228636
2017,6,4,0,1105.25478654312
2017,6,4,6,1095.7046703946
2017,6,4,12,1006.05610645322
2017,6,4,18,941.309921384451
2017,6,5,0,968.603482325478
2017,6,5,6,942.08528372013
2017,6,5,12,855.353622679229
2017,6,5,18,813.483165625001
2017,6,6,0,929.553937651139
2017,6,6,6,971.284385148355
2017,6,6,12,899.673594550709
2017,6,6,18,907.742416026501
2017,6,7,0,1209.04160961483
2017,6,7,6,1177.56674830968
2017,6,7,12,1056.79067155997
2017,6,7,18,1076.92001768492
2017,6,8,0,1368.409658751
2017,6,8,6,1347.5000957019
2017,6,8,12,1378.12509787694
2017,6,8,18,2092.70848196128
2017,6,9,0,1874.91381170271
2017,6,9,6,1470.64885405165
2017,6,9,12,1295.33971913158
2017,6,9,18,1120.03058421152
2017,6,10,0,1073.05631902919
2017,6,10,6,1064.6776874463
2017,6,10,12,985.07561735686
2017,6,10,18,895.523288506237
2017,6,11,0,892.386126590865
2017,6,11,6,863.565720335035
2017,6,11,12,814.162647089324
2017,6,11,18,774.640188492755
2017,6,12,0,786.878381719588
2017,6,12,6,799.211394278844
2017,6,12,12,783.227166393267
2017,6,12,18,736.273496979385
2017,6,13,0,727.69920764869
2017,6,13,6,727.117079436255
2017,6,13,12,712.155822657731
2017,6,13,18,689.215228930661
2017,6,14,0,671.317171692856
2017,6,14,6,667.39813106457
2017,6,14,12,645.710156347553
2017,6,14,18,624.022181630536
2017,6,15,0,654.440390560689
2017,6,15,6,692.647539658167
2017,6,15,12,692.647539658167
2017,6,15,18,939.38939483991
2017,6,16,0,2264.12935850957
2017,6,16,6,2042.06144950956
2017,6,16,12,1655.45758285484
2017,6,16,18,1457.19918969857
2017,6,17,0,1266.49646320174
2017,6,17,6,1098.60259637557
2017,6,17,12,953.742608003924
2017,6,17,18,874.993218352224
2017,6,18,0,862.809236922152
2017,6,18,6,859.921182263034
2017,6,18,12,834.865203758867
2017,6,18,18,902.015226150036
2017,6,19,0,1023.5913766824
2017,6,19,6,976.665405977121
2017,6,19,12,922.40621675617
2017,6,19,18,913.363018552678
2017,6,20,0,1015.53980157534
2017,6,20,6,1036.3554576027
2017,6,20,12,959.886511216477
2017,6,20,18,950.830978091793
2017,6,21,0,994.312572852722
2017,6,21,6,939.193605885621
2017,6,21,12,835.823240457958
2017,6,21,18,771.832061859882
2017,6,22,0,791.991195850125
2017,6,22,6,788.443924937718
2017,6,22,12,718.758224501304
2017,6,22,18,680.928844264393
2017,6,23,0,735.745814620204
2017,6,23,6,768.833311826858
2017,6,23,12,722.783399920562
2017,6,23,18,669.725892724177
2017,6,24,0,877.569418860208
2017,6,24,6,864.078644794538
2017,6,24,12,773.441024711195
2017,6,24,18,734.164722675079
2017,6,25,0,987.061891229742
2017,6,25,6,931.888227852261
2017,6,25,12,820.302906070599
2017,6,25,18,804.218535363332
2017,6,26,0,1036.11840557137
2017,6,26,6,922.119387379551
2017,6,26,12,803.645804418581
2017,6,26,18,731.574374783991
2017,6,27,0,873.202549430089
2017,6,27,6,795.10477271903
2017,6,27,12,687.127581362124
2017,6,27,18,621.359655717464
2017,6,28,0,639.613890467245
2017,6,28,6,666.092389923529
2017,6,28,12,601.180837682106
2017,6,28,18,552.247513684725
2017,6,29,0,569.343681452506
2017,6,29,6,593.263295539939
2017,6,29,12,559.532606495862
2017,6,29,18,518.857363825064
2017,6,30,0,615.351166434
2017,6,30,6,639.709939968941
2017,6,30,12,583.383278588028
2017,6,30,18,548.179115224957
2017,7,1,0,674.102549147521
2017,7,1,6,638.622202129302
2017,7,1,12,568.433074650694
2017,7,1,18,521.969849418377
2017,7,2,0,595.848522579886
2017,7,2,6,589.608976741987
2017,7,2,12,528.957800382356
2017,7,2,18,484.215129297382
2017,7,3,0,566.586957209168
2017,7,3,6,566.430596494896
2017,7,3,12,507.593615520954
2017,7,3,18,463.715189031913
2017,7,4,0,485.934445233517
2017,7,4,6,497.149335612828
2017,7,4,12,459.365986106253
2017,7,4,18,423.571233942129
2017,7,5,0,441.892521399346
2017,7,5,6,477.335908646145
2017,7,5,12,435.30633178422
2017,7,5,18,406.285909665272
2017,7,6,0,440.250992565294
2017,7,6,6,457.199559730397
2017,7,6,12,422.184276162423
2017,7,6,18,394.172049308044
2017,7,7,0,444.637484440798
2017,7,7,6,462.043415668376
2017,7,7,12,427.115727658887
2017,7,7,18,399.173577251296
2017,7,8,0,466.696755378852
2017,7,8,6,453.456814623658
2017,7,8,12,407.813459103552
2017,7,8,18,381.022793906968
2017,7,9,0,392.717445156205
2017,7,9,6,422.52735430531
2017,7,9,12,394.492363972256
2017,7,9,18,368.459872948707
2017,7,10,0,372.323092862123
2017,7,10,6,398.049739148592
2017,7,10,12,371.181381756062
2017,7,10,18,350.283770450761
2017,7,11,0,340.647324642619
2017,7,11,6,355.91671660201
2017,7,11,12,340.96223271117
2017,7,11,18,321.022920856715
2017,7,12,0,311.5488161903
2017,7,12,6,332.047314581266
2017,7,12,12,322.045889443276
2017,7,12,18,307.043751736291
2017,7,13,0,302.177345551944
2017,7,13,6,332.342623007998
2017,7,13,12,317.327143052817
2017,7,13,18,302.311663097636
2017,7,14,0,297.859729510511
2017,7,14,6,311.384510562491
2017,7,14,12,306.394374175271
2017,7,14,18,287.431855903838
2017,7,15,0,283.718859599076
2017,7,15,6,301.997994749119
2017,7,15,12,297.998021308733
2017,7,15,18,278.998147466901
2017,7,16,0,278.292758355417
2017,7,16,6,305.446090184078
2017,7,16,12,291.51695252096
2017,7,16,18,277.587814857842
2017,7,17,0,268.60553828393
2017,7,17,6,264.598779759001
2017,7,17,12,259.625118485335
2017,7,17,18,255.646189466403
2017,7,18,0,243.65433022885
2017,7,18,6,257.626452383391
2017,7,18,12,257.626452383391
2017,7,18,18,248.604514362183
2017,7,19,0,244.630738342724
2017,7,19,6,266.726754233443
2017,7,19,12,261.713093439581
2017,7,19,18,248.677575375541
2017,7,20,0,241.134539271423
2017,7,20,6,258.728068907069
2017,7,20,12,254.701172892952
2017,7,20,18,258.728068907069
2017,7,21,0,270.550709084107
2017,7,21,6,256.321871864795
2017,7,21,12,247.345619542681
2017,7,21,18,243.356174066186
2017,7,22,0,235.402047967397
2017,7,22,6,235.426810644416
2017,7,22,12,235.426810644416
2017,7,22,18,235.426810644416
2017,7,23,0,240.03707622299
2017,7,23,6,244.668536840361
2017,7,23,12,248.679496460694
2017,7,23,18,244.668536840361
2017,7,24,0,243.9297383009
2017,7,24,6,252.161703487145
2017,7,24,12,243.191524311713
2017,7,24,18,235.218031711329
2017,7,25,0,222.927816351605
2017,7,25,6,234.52273351806
2017,7,25,12,230.547771933009
2017,7,25,18,222.597848762905
2017,7,26,0,217.735375876197
2017,7,26,6,234.751674695253
2017,7,26,12,230.772832751265
2017,7,26,18,217.841596433307
2017,7,27,0,215.532569684541
2017,7,27,6,224.216115095165
2017,7,27,12,224.216115095165
2017,7,27,18,212.204537500781
2017,7,28,0,207.193667751783
2017,7,28,6,210.153786013367
2017,7,28,12,210.153786013367
2017,7,28,18,202.223454465693
2017,7,29,0,195.744562718731
2017,7,29,6,201.224289265386
2017,7,29,12,201.224289265386
2017,7,29,18,197.199803480078
2017,7,30,0,188.958377297308
2017,7,30,6,194.716889538836
2017,7,30,12,194.716889538836
2017,7,30,18,187.762714912449
2017,7,31,0,184.648899772214
2017,7,31,6,189.521415901802
2017,7,31,12,193.532451158983
2017,7,31,18,185.510380644621
2017,8,1,0,182.222397158109
2017,8,1,6,181.94290795266
2017,8,1,12,184.941966874957
2017,8,1,18,184.941966874957
2017,8,2,0,178.124066589978
2017,8,2,6,182.310890551596
2017,8,2,12,185.316015121128
2017,8,2,18,182.310890551596
2017,8,3,0,178.000241126349
2017,8,3,6,181.689774922511
2017,8,3,12,184.684661322333
2017,8,3,18,181.689774922511
2017,8,4,0,173.871402840333
2017,8,4,6,178.040373037188
2017,8,4,12,182.04128029645
2017,8,4,18,178.040373037188
2017,8,5,0,173.88450788676
2017,8,5,6,173.729594279559
2017,8,5,12,173.729594279559
2017,8,5,18,173.729594279559
2017,8,6,0,167.737927953526
2017,8,6,6,167.736937146947
2017,8,6,12,170.732239595999
2017,8,6,18,167.736937146947
2017,8,7,0,163.849881777841
2017,8,7,6,163.956603233176
2017,8,7,12,163.956603233176
2017,8,7,18,163.956603233176
2017,8,8,0,156.410433873547
2017,8,8,6,155.86307377215
2017,8,8,12,159.834107498829
2017,8,8,18,159.834107498829
2017,8,9,0,156.527059927593
2017,8,9,6,154.188170336167
2017,8,9,12,157.191835992067
2017,8,9,18,157.191835992067
2017,8,10,0,154.329178422685
2017,8,10,6,154.470210996949
2017,8,10,12,154.470210996949
2017,8,10,18,154.470210996949
2017,8,11,0,150.849699286712
2017,8,11,6,150.239108001713
2017,8,11,12,150.239108001713
2017,8,11,18,150.239108001713
2017,8,12,0,147.715316358402
2017,8,12,6,144.170957628968
2017,8,12,12,148.175706451995
2017,8,12,18,148.175706451995
2017,8,13,0,147.240588609487
2017,8,13,6,154.509905843917
2017,8,13,12,163.905778496587
2017,8,13,18,197.313325706083
2017,8,14,0,213.30024529409
2017,8,14,6,174.115717207247
2017,8,14,12,163.355757155114
2017,8,14,18,156.508509849211
2017,8,15,0,150.740931600858
2017,8,15,6,151.825178108188
2017,8,15,12,148.848213831557
2017,8,15,18,144.878928129382
2017,8,16,0,142.153838997269
2017,8,16,6,139.418080227761
2017,8,16,12,139.418080227761
2017,8,16,18,138.422236797563
2017,8,17,0,135.329556482261
2017,8,17,6,132.241556201433
2017,8,17,12,135.224448446578
2017,8,17,18,132.241556201433
2017,8,18,0,129.255391882529
2017,8,18,6,130.248883086223
2017,8,18,12,130.248883086223
2017,8,18,18,130.248883086223
2017,8,19,0,129.251112229946
2017,8,19,6,128.256345005175
2017,8,19,12,128.256345005175
2017,8,19,18,124.279404074782
2017,8,20,0,125.164917820377
2017,8,20,6,126.052724860188
2017,8,20,12,123.027459463543
2017,8,20,18,123.027459463543
2017,8,21,0,122.619631812931
2017,8,21,6,119.207120557237
2017,8,21,12,119.207120557237
2017,8,21,18,121.210601575005
2017,8,22,0,118.130755320794
2017,8,22,6,118.056145833317
2017,8,22,12,118.056145833317
2017,8,22,18,115.054718396877
2017,8,23,0,115.535235720059
2017,8,23,6,116.016448575736
2017,8,23,12,116.016448575736
2017,8,23,18,112.989932525934
2017,8,24,0,114.419048247227
2017,8,24,6,110.83584259675
2017,8,24,12,116.826969223602
2017,8,24,18,110.83584259675
2017,8,25,0,112.583699762191
2017,8,25,6,110.879424033038
2017,8,25,12,110.879424033038
2017,8,25,18,110.879424033038
2017,8,26,0,110.139731835037
2017,8,26,6,108.391795431613
2017,8,26,12,107.388167696136
2017,8,26,18,107.388167696136
2017,8,27,0,107.523982104553
2017,8,27,6,104.641301672149
2017,8,27,12,104.641301672149
2017,8,27,18,104.641301672149
2017,8,28,0,104.628284607615
2017,8,28,6,101.597481098477
2017,8,28,12,101.597481098477
2017,8,28,18,104.615228061798
2017,8,29,0,103.751218102831
2017,8,29,6,99.9215767978981
2017,8,29,12,102.889544425558
2017,8,29,18,102.889544425558
2017,8,30,0,100.847570620564
2017,8,30,6,99.1562424821796
2017,8,30,12,101.776224498985
2017,8,30,18,101.776224498985
2017,8,31,0,101.734966582266
2017,8,31,6,101.69371953558
2017,8,31,12,101.69371953558
2017,8,31,18,101.69371953558
2017,9,1,0,104.102737032312
2017,9,1,6,100.506792479368
2017,9,1,12,100.506792479368
2017,9,1,18,100.506792479368
2017,9,2,0,100.856528508304
2017,9,2,6,98.6013655792681
2017,9,2,12,98.6013655792681
2017,9,2,18,98.6013655792681
2017,9,3,0,98.7352516090452
2017,9,3,6,98.8691719496197
2017,9,3,12,98.8691719496197
2017,9,3,18,98.8691719496197
2017,9,4,0,96.0497305811808
2017,9,4,6,95.7424537536707
2017,9,4,12,95.7424537536707
2017,9,4,18,98.2383467086674
2017,9,5,0,95.7037542882967
2017,9,5,6,95.6650554617204
2017,9,5,12,95.6650554617204
2017,9,5,18,95.6650554617204
2017,9,6,0,95.9059221183176
2017,9,6,6,96.1469648456719
2017,9,6,12,96.1469648456719
2017,9,6,18,96.1469648456719
2017,9,7,0,96.0122778188747
2017,9,7,6,95.8776663279685
2017,9,7,12,95.8776663279685
2017,9,7,18,95.8776663279685
2017,9,8,0,95.9217346343297
2017,9,8,6,95.9657715913911
2017,9,8,12,98.4674861792793
2017,9,8,18,98.4674861792793
2017,9,9,0,99.0767545029467
2017,9,9,6,99.6867204933938
2017,9,9,12,97.1540294239478
2017,9,9,18,102.320719205618
2017,9,10,0,110.600369868296
2017,9,10,6,118.905848686414
2017,9,10,12,134.150188261595
2017,9,10,18,116.87327007639
2017,9,11,0,109.540895332713
2017,9,11,6,105.329209112635
2017,9,11,12,103.341865544472
2017,9,11,18,103.341865544472
2017,9,12,0,98.4333875372304
2017,9,12,6,99.0913798074483
2017,9,12,12,99.0913798074483
2017,9,12,18,96.5738142635599
2017,9,13,0,96.0532966587178
2017,9,13,6,95.5338598498907
2017,9,13,12,95.5338598498907
2017,9,13,18,93.0434046921772
2017,9,14,0,93.3245906199611
2017,9,14,6,93.6061584974888
2017,9,14,12,93.6061584974888
2017,9,14,18,91.1006403364211
2017,9,15,0,90.8494154052367
2017,9,15,6,90.5984019737383
2017,9,15,12,90.5984019737383
2017,9,15,18,88.106696748938
2017,9,16,0,90.5436024819396
2017,9,16,6,88.0001311077545
2017,9,16,12,88.0001311077545
2017,9,16,18,88.0001311077545
2017,9,17,0,88.6556386407046
2017,9,17,6,89.3121323744646
2017,9,17,12,86.8873685995922
2017,9,17,18,91.8379279732899
2017,9,18,0,107.269448634364
2017,9,18,6,124.676787097368
2017,9,18,12,127.717684343645
2017,9,18,18,118.594992604813
2017,9,19,0,118.751680915256
2017,9,19,6,121.957412710499
2017,9,19,12,128.055283346024
2017,9,19,18,143.299959934836
2017,9,20,0,158.622955639368
2017,9,20,6,185.807930491438
2017,9,20,12,200.873438369123
2017,9,20,18,185.807930491438
2017,9,21,0,160.398506837205
2017,9,21,6,142.29644670736
2017,9,21,12,133.40291878815
2017,9,21,18,127.473900175343
2017,9,22,0,121.254867263217
2017,9,22,6,118.01462554394
2017,9,22,12,113.097349479609
2017,9,22,18,110.146983841011
2017,9,23,0,108.227363238177
2017,9,23,6,106.254218096869
2017,9,23,12,104.249421529004
2017,9,23,18,101.242226677206
2017,9,24,0,100.28071120452
2017,9,24,6,99.3226719688991
2017,9,24,12,96.7658507102938
2017,9,24,18,102.272850344213
2017,9,25,0,94.9967411825841
2017,9,25,6,95.688001872743
2017,9,25,12,95.688001872743
2017,9,25,18,98.1824753313651
2017,9,26,0,97.8861308867145
2017,9,26,6,97.5902241577082
2017,9,26,12,95.1107977309372
2017,9,26,18,95.1107977309372
2017,9,27,0,92.8903366975907
2017,9,27,6,93.1495489600115
2017,9,27,12,93.1495489600115
2017,9,27,18,93.1495489600115
2017,9,28,0,90.6123676887738
2017,9,28,6,90.5684900909495
2017,9,28,12,90.5684900909495
2017,9,28,18,90.5684900909495
2017,9,29,0,88.3765438448506
2017,9,29,6,88.675122936471
2017,9,29,12,88.675122936471
2017,9,29,18,91.1829035625024
2017,9,30,0,105.757503793654
2017,9,30,6,123.691549379488
2017,9,30,12,152.552910901368
2017,9,30,18,161.82977710483
2017,10,1,0,242.093318685518
2017,10,1,6,332.563586838526
2017,10,1,12,249.669399021208
2017,10,1,18,209.209140681803
2017,10,2,0,183.023150847541
2017,10,2,6,169.597301162065
2017,10,2,12,155.712142002598
2017,10,2,18,146.785968257226
2017,10,3,0,136.785660894212
2017,10,3,6,130.759734524899
2017,10,3,12,124.816110228313
2017,10,3,18,121.84429808002
2017,10,4,0,116.37413803871
2017,10,4,6,114.850795920609
2017,10,4,12,111.854688200941
2017,10,4,18,108.858580481273
2017,10,5,0,108.498069201377
2017,10,5,6,105.161722839694
2017,10,5,12,103.177539389888
2017,10,5,18,103.177539389888
2017,10,6,0,100.467226610871
2017,10,6,6,100.729300305563
2017,10,6,12,98.136268812549
2017,10,6,18,98.136268812549
2017,10,7,0,121.531601354775
2017,10,7,6,215.709285082909
2017,10,7,12,376.653000377929
2017,10,7,18,301.769466178163
2017,10,8,0,578.193809422105
2017,10,8,6,421.133444339718
2017,10,8,12,357.006306224352
2017,10,8,18,303.407504217479
2017,10,9,0,258.724234711398
2017,10,9,6,233.246627191028
2017,10,9,12,205.573298541245
2017,10,9,18,186.794968386035
2017,10,10,0,178.041747819166
2017,10,10,6,170.042272366907
2017,10,10,12,162.957177684953
2017,10,10,18,162.957177684953
2017,10,11,0,182.046359745366
2017,10,11,6,182.854998187358
2017,10,11,12,171.982538835677
2017,10,11,18,166.052106462033
2017,10,12,0,160.173974405001
2017,10,12,6,164.220696564105
2017,10,12,12,168.226079407132
2017,10,12,18,182.244919357726
2017,10,13,0,194.442875789821
2017,10,13,6,227.050441566211
2017,10,13,12,260.499836975518
2017,10,13,18,256.445364804693
2017,10,14,0,261.565500532035
2017,10,14,6,245.708485815996
2017,10,14,12,216.9764451359
2017,10,14,18,198.15200469032
2017,10,15,0,192.758130499501
2017,10,15,6,190.279324188386
2017,10,15,12,197.326706565734
2017,10,15,18,197.326706565734
2017,10,16,0,197.404189118142
2017,10,16,6,208.976740709707
2017,10,16,12,197.36692178139
2017,10,16,18,197.36692178139
2017,10,17,0,258.96089027886
2017,10,17,6,382.410317711748
2017,10,17,12,605.483003043601
2017,10,17,18,1973.33529332024
2017,10,18,0,1263.65971557257
2017,10,18,6,1090.10916036297
2017,10,18,12,918.088388603566
2017,10,18,18,2899.22649032705
2017,10,19,0,13313.5264217104
2017,10,19,6,2958.94383451074
2017,10,19,12,1517.9451822431
2017,10,19,18,1475.97434771103
2017,10,20,0,2472.305892624
2017,10,20,6,3526.47720216201
2017,10,20,12,2139.66032490729
2017,10,20,18,1743.42693140594
2017,10,21,0,1579.25354930641
2017,10,21,6,1248.89520714559
2017,10,21,12,1180.05846344465
2017,10,21,18,1376.73487401876
2017,10,22,0,4970.67045059236
2017,10,22,6,4658.71609141069
2017,10,22,12,3175.04854637543
2017,10,22,18,2551.90817746063
2017,10,23,0,1937.47831747985
2017,10,23,6,1539.07523935583
2017,10,23,12,1287.40255870645
2017,10,23,18,1103.48790746267
2017,10,24,0,1002.62582732955
2017,10,24,6,936.779815841478
2017,10,24,12,876.880896799203
2017,10,24,18,815.018078771936
2017,10,25,0,804.016321211897
2017,10,25,6,765.527909444796
2017,10,25,12,792.066210305549
2017,10,25,18,1520.84878009699
2017,10,26,0,1199.09202718014
2017,10,26,6,949.091543659246
2017,10,26,12,845.239581435134
2017,10,26,18,772.158570981129
2017,10,27,0,723.935398420506
2017,10,27,6,706.204815568507
2017,10,27,12,667.082673796956
2017,10,27,18,634.982454907478
2017,10,28,0,603.520643347898
2017,10,28,6,585.276991208307
2017,10,28,12,558.493128898774
2017,10,28,18,544.605200293831
2017,10,29,0,515.730959635624
2017,10,29,6,502.681649113398
2017,10,29,12,481.77805578393
2017,10,29,18,468.837736103783
2017,10,30,0,449.673039298839
2017,10,30,6,434.506788500939
2017,10,30,12,420.58666255354
2017,10,30,18,407.66083131667
2017,10,31,0,408.819094824766
2017,10,31,6,396.97877662244
2017,10,31,12,376.979845810226
2017,10,31,18,370.980166566562
2017,11,1,0,365.302518547095
2017,11,1,6,359.613836074241
2017,11,1,12,359.613836074241
2017,11,1,18,352.601867125718
2017,11,2,0,355.039692055607
2017,11,2,6,364.595664276558
2017,11,2,12,409.281483853629
2017,11,2,18,628.648234504706
2017,11,3,0,719.906805722154
2017,11,3,6,609.260522385987
2017,11,3,12,553.784724021767
2017,11,3,18,512.907819963922
2017,11,4,0,488.19000744198
2017,11,4,6,458.138338842084
2017,11,4,12,450.853363856808
2017,11,4,18,446.289933527202
2017,11,5,0,433.245170660901
2017,11,5,6,421.074790298968
2017,11,5,12,415.10209823799
2017,11,5,18,401.165816762374
2017,11,6,0,388.070250163681
2017,11,6,6,381.947606125212
2017,11,6,12,363.049156863808
2017,11,6,18,369.017088209515
2017,11,7,0,367.901490310956
2017,11,7,6,360.855742494179
2017,11,7,12,342.071470967085
2017,11,7,18,348.003346186167
2017,11,8,0,346.237977337419
2017,11,8,6,356.494872842611
2017,11,8,12,345.35440806628
2017,11,8,18,369.660876669185
2017,11,9,0,406.740733907032
2017,11,9,6,432.493923625565
2017,11,9,12,460.656318652346
2017,11,9,18,486.807114034357
2017,11,10,0,577.346964320071
2017,11,10,6,651.2675609818
2017,11,10,12,664.252957136346
2017,11,10,18,604.320359499983
2017,11,11,0,558.965193600495
2017,11,11,6,541.761205668144
2017,11,11,12,520.051284858128
2017,11,11,18,498.341364048111
2017,11,12,0,584.74164749104
2017,11,12,6,740.023484452629
2017,11,12,12,1222.45767343207
2017,11,12,18,1975.57891867147
2017,11,13,0,3539.05294734015
2017,11,13,6,2335.2511369178
2017,11,13,12,2305.69099594416
2017,11,13,18,1960.82268458499
2017,11,14,0,2537.528042198
2017,11,14,6,2218.62258553673
2017,11,14,12,1796.49527943903
2017,11,14,18,1649.2415680096
2017,11,15,0,1573.70843244785
2017,11,15,6,1605.82815968062
2017,11,15,12,1917.26149973989
2017,11,15,18,1693.41878657229
2017,11,16,0,1433.28539539624
2017,11,16,6,1299.16802381904
2017,11,16,12,1191.71803688664
2017,11,16,18,1123.34077247511
2017,11,17,0,1098.26006345776
2017,11,17,6,1162.3957855119
2017,11,17,12,1062.18925227812
2017,11,17,18,1022.1066389846
2017,11,18,0,968.35315726926
2017,11,18,6,902.054653687211
2017,11,18,12,846.35998929197
2017,11,18,18,839.398156242565
2017,11,19,0,840.029340459933
2017,11,19,6,826.384074716204
2017,11,19,12,792.964130518122
2017,11,19,18,833.473153788525
2017,11,20,0,1262.31063424251
2017,11,20,6,1427.06761725604
2017,11,20,12,1714.46317906455
2017,11,20,18,1932.48739836756
2017,11,21,0,1709.68639135203
2017,11,21,6,1538.61944344831
2017,11,21,12,1446.76156622751
2017,11,21,18,5431.09699067947
2017,11,22,0,6097.26223853787
2017,11,22,6,6779.54233955957
2017,11,22,12,6171.37751204025
2017,11,22,18,4416.67243591895
2017,11,23,0,4607.65268524221
2017,11,23,6,10639.7986892689
2017,11,23,12,9007.67423013831
2017,11,23,18,6662.78655784313
2017,11,24,0,4051.79293060575
2017,11,24,6,3063.31558178121
2017,11,24,12,2620.19445988833
2017,11,24,18,2215.6056094644
2017,11,25,0,1989.9883524877
2017,11,25,6,1866.80347313981
2017,11,25,12,1708.76720028141
2017,11,25,18,1530.97639331571
2017,11,26,0,1556.9160347717
2017,11,26,6,1717.09397824934
2017,11,26,12,1996.38034820556
2017,11,26,18,3765.19402459494
2017,11,27,0,2605.73787882116
2017,11,27,6,1983.33436375757
2017,11,27,12,1694.49926223948
2017,11,27,18,1453.80334430774
2017,11,28,0,1371.00121574268
2017,11,28,6,1304.65997855473
2017,11,28,12,1215.02685025708
2017,11,28,18,1324.57845150976
2017,11,29,0,1260.45979790474
2017,11,29,6,1256.10650192492
2017,11,29,12,1167.09108052866
2017,11,29,18,1117.63806864185
2017,11,30,0,1097.87394940375
2017,11,30,6,1077.59132683952
2017,11,30,12,1299.15216039532
2017,11,30,18,1389.79068321359
2017,12,1,0,1369.05507713048
2017,12,1,6,1298.02597082989
2017,12,1,12,1308.08818765803
2017,12,1,18,1690.4524271273
2017,12,2,0,1717.81344055894
2017,12,2,6,1684.89961615511
2017,12,2,12,1474.28716413572
2017,12,2,18,1363.96635593509
2017,12,3,0,1315.8792525894
2017,12,3,6,1198.92493299376
2017,12,3,12,1089.93175726706
2017,12,3,18,1040.38940466401
2017,12,4,0,985.629020306383
2017,12,4,6,920.994425796424
2017,12,4,12,877.420495973797
2017,12,4,18,821.962767108636
2017,12,5,0,797.615474709885
2017,12,5,6,787.056795076375
2017,12,5,12,747.205818110483
2017,12,5,18,727.280329627537
2017,12,6,0,727.29857472698
2017,12,6,6,727.316719718454
2017,12,6,12,695.434342963672
2017,12,6,18,701.412288605194
2017,12,7,0,696.374850286933
2017,12,7,6,691.32149098843
2017,12,7,12,664.347964605933
2017,12,7,18,664.347964605933
2017,12,8,0,671.59023325566
2017,12,8,6,671.839312421785
2017,12,8,12,664.840986250724
2017,12,8,18,645.845529500704
2017,12,9,0,659.358060188347
2017,12,9,6,646.856476446015
2017,12,9,12,639.847195741492
2017,12,9,18,652.864431335607
2017,12,10,0,653.505916808305
2017,12,10,6,648.127984770082
2017,12,10,12,648.127984770082
2017,12,10,18,648.127984770082
2017,12,11,0,657.725937767161
2017,12,11,6,654.28567431064
2017,12,11,12,667.192675473065
2017,12,11,18,654.28567431064
2017,12,12,0,654.746149920039
2017,12,12,6,642.281618672619
2017,12,12,12,622.396738837553
2017,12,12,18,622.396738837553
2017,12,13,0,603.103783820876
2017,12,13,6,596.695364097563
2017,12,13,12,589.698936042818
2017,12,13,18,568.709651878582
2017,12,14,0,566.687743728887
2017,12,14,6,544.820923760441
2017,12,14,12,544.820923760441
2017,12,14,18,536.881821046264
2017,12,15,0,532.266329330681
2017,12,15,6,541.608376610666
2017,12,15,12,541.608376610666
2017,12,15,18,569.639863755026
2017,12,16,0,570.017038798077
2017,12,16,6,564.376450126971
2017,12,16,12,542.322663443502
2017,12,16,18,506.234648870552
2017,12,17,0,532.122413411782
2017,12,17,6,559.828488306769
2017,12,17,12,582.892583330644
2017,12,17,18,772.647183299792
2017,12,18,0,1869.12216301544
2017,12,18,6,3698.71115643062
2017,12,18,12,2498.59743014196
2017,12,18,18,1721.47460738127
2017,12,19,0,1413.33139671627
2017,12,19,6,1286.69797129929
2017,12,19,12,2195.55606213767
2017,12,19,18,3114.62604163716
2017,12,20,0,2112.89243170875
2017,12,20,6,1525.42411712102
2017,12,20,12,1263.3880724622
2017,12,20,18,1123.0116199664
2017,12,21,0,1023.47566653679
2017,12,21,6,957.781958373362
2017,12,21,12,910.988037330173
2017,12,21,18,861.207270262951
2017,12,22,0,812.561732225496
2017,12,22,6,792.77665341501
2017,12,22,12,766.881938604972
2017,12,22,18,739.991273225317
2017,12,23,0,700.142487943914
2017,12,23,6,673.315557402934
2017,12,23,12,647.495196794562
2017,12,23,18,630.23860129176
2017,12,24,0,613.757291851776
2017,12,24,6,591.01256295293
2017,12,24,12,570.223176316394
2017,12,24,18,584.082767407418
2017,12,25,0,559.605913009409
2017,12,25,6,547.888213058805
2017,12,25,12,532.918589751187
2017,12,25,18,517.948966443569
2017,12,26,0,498.883022739791
2017,12,26,6,486.698667369397
2017,12,26,12,486.698667369397
2017,12,26,18,473.626182502037
2017,12,27,0,463.069251963452
2017,12,27,6,453.623570024675
2017,12,27,12,439.757347360165
2017,12,27,18,439.757347360165
2017,12,28,0,454.654264913348
2017,12,28,6,469.67165657109
2017,12,28,12,557.470637416587
2017,12,28,18,814.520665675089
2017,12,29,0,1094.02261084592
2017,12,29,6,997.944735672718
2017,12,29,12,875.55528695814
2017,12,29,18,1380.80403677986
2017,12,30,0,2317.36156024084
2017,12,30,6,2509.51570245029
2017,12,30,12,2141.05506359846
2017,12,30,18,1623.21849007697
2017,12,31,0,1295.06675886944
2017,12,31,6,1157.99604073689
2017,12,31,12,1030.42020574046
2017,12,31,18,959.762820203966
2018,1,1,0,888.572974684295
2018,1,1,6,859.174257712955
2018,1,1,12,797.591825368212
2018,1,1,18,764.814079120203
2018,1,2,0,740.267137320326
2018,1,2,6,716.554822023299
2018,1,2,12,697.566618929236
2018,1,2,18,677.57903672496
2018,1,3,0,676.332471018025
2018,1,3,6,656.168496572315
2018,1,3,12,643.224353240843
2018,1,3,18,636.254429908512
2018,1,4,0,644.371500387666
2018,1,4,6,638.519783462692
2018,1,4,12,645.514522874646
2018,1,4,18,651.510013799178
2018,1,5,0,700.542170972706
2018,1,5,6,811.942772312953
2018,1,5,12,1579.94018839247
2018,1,5,18,3567.94439895254
2018,1,6,0,2819.79646489375
2018,1,6,6,2859.43382894157
2018,1,6,12,2377.9484075734
2018,1,6,18,1896.46298620523
2018,1,7,0,1552.52080511234
2018,1,7,6,1346.14673763871
2018,1,7,12,1228.23607448787
2018,1,7,18,1277.36551746739
2018,1,8,0,1223.97906904932
2018,1,8,6,1279.72810121034
2018,1,8,12,1501.41328409717
2018,1,8,18,1410.72389109801
2018,1,9,0,1272.29183052868
2018,1,9,6,1503.89863257336
2018,1,9,12,1663.25213006457
2018,1,9,18,1583.57538131896
2018,1,10,0,1386.25530436291
2018,1,10,6,1220.67991968444
2018,1,10,12,1181.30314808171
2018,1,10,18,1102.54960487627
2018,1,11,0,1044.67919545228
2018,1,11,6,1019.53923538316
2018,1,11,12,1127.12880293616
2018,1,11,18,1813.65271017909
2018,1,12,0,1674.68135338402
2018,1,12,6,2060.33031413353
2018,1,12,12,2235.45839083488
2018,1,12,18,2328.17325497089
2018,1,13,0,2917.38884417302
2018,1,13,6,3016.17700520108
2018,1,13,12,2581.05638805732
2018,1,13,18,2096.49024623813
2018,1,14,0,1855.17117776817
2018,1,14,6,1691.90145817294
2018,1,14,12,1622.23492754229
2018,1,14,18,1582.42548146763
2018,1,15,0,1551.69894457551
2018,1,15,6,1521.28091097807
2018,1,15,12,1462.39261764988
2018,1,15,18,1383.87489321231
2018,1,16,0,1473.21022112634
2018,1,16,6,1453.55634960554
2018,1,16,12,1463.65049092225
2018,1,16,18,1473.74463223895
2018,1,17,0,1344.88083610248
2018,1,17,6,1237.38433660361
2018,1,17,12,1157.5530890808
2018,1,17,18,1137.59527720009
2018,1,18,0,1350.05942572074
2018,1,18,6,1786.0146625461
2018,1,18,12,1816.9860150758
2018,1,18,18,1631.15789989759
2018,1,19,0,1381.61859733077
2018,1,19,6,1240.78284331527
2018,1,19,12,1132.46053159727
2018,1,19,18,1112.76556583037
2018,1,20,0,1166.36704909429
2018,1,20,6,1190.58401856961
2018,1,20,12,1121.13328415305
2018,1,20,18,1061.60408322457
2018,1,21,0,1046.9882294539
2018,1,21,6,1072.26711395906
2018,1,21,12,1182.50018174924
2018,1,21,18,1302.75443752035
2018,1,22,0,1197.96950001094
2018,1,22,6,1124.74538979761
2018,1,22,12,1134.5257844915
2018,1,22,18,1075.84341632815
2018,1,23,0,1011.79931629439
2018,1,23,6,964.90860831017
2018,1,23,12,917.551130601695
2018,1,23,18,941.229869455932
2018,1,24,0,1332.82530595475
2018,1,24,6,1663.11581310439
2018,1,24,12,1590.80642992594
2018,1,24,18,1435.8577516864
2018,1,25,0,1367.61035208087
2018,1,25,6,1320.8824786782
2018,1,25,12,1193.68638813882
2018,1,25,18,1115.41187088382
2018,1,26,0,1052.42938769182
2018,1,26,6,1048.06509349405
2018,1,26,12,998.628060782068
2018,1,26,18,966.988359846398
2018,1,27,0,920.214969454342
2018,1,27,6,944.948076421498
2018,1,27,12,961.066593716534
2018,1,27,18,1118.22213734314
2018,1,28,0,1191.28029698119
2018,1,28,6,1044.49952888084
2018,1,28,12,981.829557147986
2018,1,28,18,1253.399434657
2018,1,29,0,1689.34357442833
2018,1,29,6,1890.9950592524
2018,1,29,12,4234.92306682872
2018,1,29,18,9058.65896647855
2018,1,30,0,8101.05661474609
2018,1,30,6,4018.17823319275
2018,1,30,12,2886.42060855986
2018,1,30,18,2263.51524926578
2018,1,31,0,2123.19766390653
2018,1,31,6,1914.69570617936
2018,1,31,12,1737.0435272555
2018,1,31,18,1598.86961031473
2018,2,1,0,1535.45849502489
2018,2,1,6,1441.60690157136
2018,2,1,12,1362.06996907088
2018,2,1,18,1352.12785250832
2018,2,2,0,1352.97637549836
2018,2,2,6,1384.05787541056
2018,2,2,12,1558.34664490671
2018,2,2,18,2501.55645629761
2018,2,3,0,2719.08239101037
2018,2,3,6,3637.12677372116
2018,2,3,12,3676.98569726879
2018,2,3,18,3148.85496026271
2018,2,4,0,3794.99427998483
2018,2,4,6,6477.18698979274
2018,2,4,12,9212.45119741323
2018,2,4,18,7951.58591211605
2018,2,5,0,5162.55124188973
2018,2,5,6,4330.5721769258
2018,2,5,12,3887.67274974021
2018,2,5,18,3533.35320799173
2018,2,6,0,3174.25677487705
2018,2,6,6,2810.60641699094
2018,2,6,12,2403.55307384053
2018,2,6,18,2180.64290973435
2018,2,7,0,2116.13490363438
2018,2,7,6,2078.68780709028
2018,2,7,12,1998.73827604834
2018,2,7,18,1998.73827604834
2018,2,8,0,2211.54123982706
2018,2,8,6,2152.91237481221
2018,2,8,12,2407.99677941082
2018,2,8,18,2928.36896479197
2018,2,9,0,2729.89410475482
2018,2,9,6,2110.25656517518
2018,2,9,12,1886.58881863588
2018,2,9,18,1682.37044136086
2018,2,10,0,1591.68246683702
2018,2,10,6,1451.17935645947
2018,2,10,12,1382.54249500531
2018,2,10,18,1304.10036762912
2018,2,11,0,1252.66890884109
2018,2,11,6,1180.70022344482
2018,2,11,12,1150.93467159327
2018,2,11,18,1111.24726912454
2018,2,12,0,1061.56838323006
2018,2,12,6,1011.89553166838
2018,2,12,12,961.300755084963
2018,2,12,18,945.427883999969
2018,2,13,0,917.182922869673
2018,2,13,6,904.730420385159
2018,2,13,12,862.835516684854
2018,2,13,18,855.853032734803
2018,2,14,0,835.979112990075
2018,2,14,6,858.054275103143
2018,2,14,12,823.052061083784
2018,2,14,18,823.052061083784
2018,2,15,0,787.704293103653
2018,2,15,6,778.402370244739
2018,2,15,12,745.596140081168
2018,2,15,18,732.672473653094
2018,2,16,0,722.953106641669
2018,2,16,6,726.157539157477
2018,2,16,12,772.294620374665
2018,2,16,18,758.252900004217
2018,2,17,0,747.63818194273
2018,2,17,6,756.113467157603
2018,2,17,12,923.340733299651
2018,2,17,18,1046.45283107294
2018,2,18,0,1016.54511771318
2018,2,18,6,918.049483308952
2018,2,18,12,846.974684601162
2018,2,18,18,799.591485462635
2018,2,19,0,766.226498268477
2018,2,19,6,726.228938393939
2018,2,19,12,674.068848896032
2018,2,19,18,694.130421779842
2018,2,20,0,692.915108858423
2018,2,20,6,658.71513212351
2018,2,20,12,625.729397130983
2018,2,20,18,658.71513212351
2018,2,21,0,636.76666589453
2018,2,21,6,601.03335032524
2018,2,21,12,572.223487251799
2018,2,21,18,607.987455205036
2018,2,22,0,600.744282985373
2018,2,22,6,564.725711232608
2018,2,22,12,536.936045302005
2018,2,22,18,564.725711232608
2018,2,23,0,554.480905090554
2018,2,23,6,513.050638791216
2018,2,23,12,499.021910386769
2018,2,23,18,535.095783426776
2018,2,24,0,543.182490318947
2018,2,24,6,544.25544643252
2018,2,24,12,530.171201977704
2018,2,24,18,522.123062289238
2018,2,25,0,511.717945651478
2018,2,25,6,508.36065816123
2018,2,25,12,545.097658848663
2018,2,25,18,523.254036818298
2018,2,26,0,494.857457873089
2018,2,26,6,481.332083113013
2018,2,26,12,475.365156462852
2018,2,26,18,468.403742037663
2018,2,27,0,462.940601157144
2018,2,27,6,458.434448665268
2018,2,27,12,464.440140132499
2018,2,27,18,478.453420222704
2018,2,28,0,470.403181156656
2018,2,28,6,462.384911665813
2018,2,28,12,450.426681191697
2018,2,28,18,456.405796428755
2018,3,1,0,463.162377383702
2018,3,1,6,504.935228558428
2018,3,1,12,511.934330736466
2018,3,1,18,490.937024202353
2018,3,2,0,489.224037864461
2018,3,2,6,474.605575552649
2018,3,2,12,460.704993841902
2018,3,2,18,454.747601680154
2018,3,3,0,442.660040603039
2018,3,3,6,437.468160361188
2018,3,3,12,430.460661224967
2018,3,3,18,423.453162088747
2018,3,4,0,422.575671569863
2018,3,4,6,415.717418746013
2018,3,4,12,415.717418746013
2018,3,4,18,408.738948886968
2018,3,5,0,409.076906839394
2018,3,5,6,409.414988104502
2018,3,5,12,402.424976112474
2018,3,5,18,402.424976112474
2018,3,6,0,402.393208210099
2018,3,6,6,396.370890272251
2018,3,6,12,389.381982887098
2018,3,6,18,383.391490842681
2018,3,7,0,387.318166959814
2018,3,7,6,385.259421691698
2018,3,7,12,379.332353665672
2018,3,7,18,372.417440968642
2018,3,8,0,378.662730430532
2018,3,8,6,398.19031652738
2018,3,8,12,405.33732220864
2018,3,8,18,522.752415543637
2018,3,9,0,976.779420447875
2018,3,9,6,1618.38662508229
2018,3,9,12,1242.50327990188
2018,3,9,18,1020.10563400348
2018,3,10,0,861.226434061997
2018,3,10,6,774.342726669283
2018,3,10,12,709.650802669064
2018,3,10,18,678.285021335625
2018,3,11,0,670.218973868964
2018,3,11,6,656.958653239715
2018,3,11,12,631.039191958634
2018,3,11,18,617.082558961129
2018,3,12,0,647.61819076678
2018,3,12,6,670.389413784626
2018,3,12,12,670.389413784626
2018,3,12,18,690.551501417246
2018,3,13,0,793.722664625095
2018,3,13,6,846.013667550166
2018,3,13,12,867.418832632761
2018,3,13,18,932.653621455906
2018,3,14,0,1082.10401894215
2018,3,14,6,1183.94638353456
2018,3,14,12,1073.57850032371
2018,3,14,18,1043.47816853893
2018,3,15,0,1035.89049627569
2018,3,15,6,950.198573767806
2018,3,15,12,889.884200198778
2018,3,15,18,834.513627741965
2018,3,16,0,814.916398477162
2018,3,16,6,776.419995976309
2018,3,16,12,756.588067598881
2018,3,16,18,723.865385776125
2018,3,17,0,727.336961510842
2018,3,17,6,717.79854700387
2018,3,17,12,692.770703663428
2018,3,17,18,678.755111392781
2018,3,18,0,670.014005580205
2018,3,18,6,673.241391995094
2018,3,18,12,660.3326337415
2018,3,18,18,654.374745316765
2018,3,19,0,642.088707459417
2018,3,19,6,635.747333625495
2018,3,19,12,615.849138519846
2018,3,19,18,601.920401945891
2018,3,20,0,602.877529293525
2018,3,20,6,588.863614166686
2018,3,20,12,581.877096710471
2018,3,20,18,567.904061798041
2018,3,21,0,575.832554426352
2018,3,21,6,576.773839554351
2018,3,21,12,563.75637442552
2018,3,21,18,556.74697012538
2018,3,22,0,573.613849394889
2018,3,22,6,614.009327265747
2018,3,22,12,668.813465567152
2018,3,22,18,801.764245520562
2018,3,23,0,777.210879539115
2018,3,23,6,728.364494593969
2018,3,23,12,683.891764259195
2018,3,23,18,664.126106332629
2018,3,24,0,646.025443320072
2018,3,24,6,621.86472223796
2018,3,24,12,614.910963363095
2018,3,24,18,607.957204488229
2018,3,25,0,592.508765448115
2018,3,25,6,560.238019266697
2018,3,25,12,546.306700847987
2018,3,25,18,538.345947465867
2018,3,26,0,533.708402298356
2018,3,26,6,529.002075239385
2018,3,26,12,543.055261298876
2018,3,26,18,571.161633417856
2018,3,27,0,651.857085231649
2018,3,27,6,737.108142889019
2018,3,27,12,950.425972206472
2018,3,27,18,1341.15664966913
2018,3,28,0,1226.75422052663
2018,3,28,6,991.689122566727
2018,3,28,12,904.187141163781
2018,3,28,18,834.185556041423
2018,3,29,0,817.129705013046
2018,3,29,6,787.48909258554
2018,3,29,12,753.597156955276
2018,3,29,18,747.616227138171
2018,3,30,0,805.461717755198
2018,3,30,6,978.028437215575
2018,3,30,12,1069.87630902839
2018,3,30,18,1190.99438174858
2018,3,31,0,1116.74061345421
2018,3,31,6,1004.60954451002
2018,3,31,12,893.314565559399
2018,3,31,18,838.159531743162
2018,4,1,0,803.093210927242
2018,4,1,6,814.411871772978
2018,4,1,12,821.398248123971
2018,4,1,18,801.437172835418
2018,4,2,0,786.410607230113
2018,4,2,6,764.504189323377
2018,4,2,12,744.64693765264
2018,4,2,18,724.789685981903
2018,4,3,0,713.709636902925
2018,4,3,6,709.550991081152
2018,4,3,12,690.589712838477
2018,4,3,18,676.618244659664
2018,4,4,0,668.770057687446
2018,4,4,6,654.011200166273
2018,4,4,12,641.109613516559
2018,4,4,18,654.011200166273
2018,4,5,0,728.969471758205
2018,4,5,6,822.495202194243
2018,4,5,12,944.307782772378
2018,4,5,18,1270.18246414807
2018,4,6,0,1757.05228466584
2018,4,6,6,1612.21499892769
2018,4,6,12,1571.65613103014
2018,4,6,18,1490.53839523504
2018,4,7,0,1614.13712076408
2018,4,7,6,1666.87626242964
2018,4,7,12,2103.92308733497
2018,4,7,18,2439.33111575069
2018,4,8,0,2285.59594801351
2018,4,8,6,2283.60100659838
2018,4,8,12,2333.02959981479
2018,4,8,18,2145.20094559241
2018,4,9,0,2270.74525088278
2018,4,9,6,2277.67171565797
2018,4,9,12,2058.85609231965
2018,4,9,18,1840.04046898133
2018,4,10,0,1776.11622582728
2018,4,10,6,1721.75846870669
2018,4,10,12,1641.67667946452
2018,4,10,18,1741.77891601723
2018,4,11,0,1773.45615844752
2018,4,11,6,1616.36182197611
2018,4,11,12,1487.44952942587
2018,4,11,18,1398.20255766032
2018,4,12,0,1462.515185828
2018,4,12,6,1447.37058039334
2018,4,12,12,1347.55191967656
2018,4,12,18,1297.64258931817
2018,4,13,0,1232.35765096508
2018,4,13,6,1226.89914714412
2018,4,13,12,1206.78604637127
2018,4,13,18,1377.74740294053
2018,4,14,0,4424.76625493877
2018,4,14,6,5046.18077535285
2018,4,14,12,3347.66200165287
2018,4,14,18,2824.28121673369
2018,4,15,0,3138.99596323935
2018,4,15,6,2953.23502387216
2018,4,15,12,2372.27075688092
2018,4,15,18,2120.51957451804
2018,4,16,0,1968.95240836629
2018,4,16,6,1881.42757842116
2018,4,16,12,1951.48073293684
2018,4,16,18,1971.49591994132
2018,4,17,0,2022.23747445381
2018,4,17,6,2082.36467166242
2018,4,17,12,2012.95251594034
2018,4,17,18,1755.13593754404
2018,4,18,0,1636.85747168858
2018,4,18,6,1470.78507659533
2018,4,18,12,1372.73273815564
2018,4,18,18,1255.06993202801
2018,4,19,0,1205.96714119474
2018,4,19,6,1135.99936233477
2018,4,19,12,1106.10464227333
2018,4,19,18,1046.31520215044
2018,4,20,0,1017.19368888625
2018,4,20,6,998.005269381825
2018,4,20,12,976.049153455425
2018,4,20,18,936.128942680152
2018,4,21,0,954.440317891876
2018,4,21,6,1022.97809300733
2018,4,21,12,1053.06568397814
2018,4,21,18,997.905100531665
2018,4,22,0,977.661524745892
2018,4,22,6,918.672330091293
2018,4,22,12,882.802260803564
2018,4,22,18,854.903318024218
2018,4,23,0,853.582706951084
2018,4,23,6,852.263083567383
2018,4,23,12,817.497106964984
2018,4,23,18,797.630834620756
2018,4,24,0,859.635364131542
2018,4,24,6,888.241863137847
2018,4,24,12,881.168264682825
2018,4,24,18,881.168264682825
2018,4,25,0,1063.20785127958
2018,4,25,6,1136.40214706495
2018,4,25,12,1075.52346061504
2018,4,25,18,1105.96280383999
2018,4,26,0,1421.01484394023
2018,4,26,6,1471.45026883784
2018,4,26,12,1311.29241644733
2018,4,26,18,1341.32201377055
2018,4,27,0,1770.85702039613
2018,4,27,6,1740.18590550502
2018,4,27,12,1572.0997669051
2018,4,27,18,1552.32492706982
2018,4,28,0,1859.91982827838
2018,4,28,6,1723.80327518134
2018,4,28,12,1576.88822331929
2018,4,28,18,1567.09388652849
2018,4,29,0,1444.51146101393
2018,4,29,6,1369.14522111413
2018,4,29,12,1259.21385299548
2018,4,29,18,1199.25128856712
2018,4,30,0,1220.26597379479
2018,4,30,6,1201.26982214852
2018,4,30,12,1171.2380765948
2018,4,30,18,1151.21691289233
2018,5,1,0,1172.28625713349
2018,5,1,6,1133.22091416378
2018,5,1,12,1113.16390683345
2018,5,1,18,1073.04989217279
2018,5,2,0,1148.84219200836
2018,5,2,6,1174.26815048249
2018,5,2,12,1094.65675044978
2018,5,2,18,1044.89962542934
2018,5,3,0,1183.51107795071
2018,5,3,6,1253.43379853012
2018,5,3,12,1162.45876476583
2018,5,3,18,1142.24209059599
2018,5,4,0,1460.21775338814
2018,5,4,6,1484.2537247981
2018,5,4,12,1395.19850131021
2018,5,4,18,1325.9333274863
2018,5,5,0,1409.01108913401
2018,5,5,6,1343.27555530404
2018,5,5,12,1263.67404091565
2018,5,5,18,1223.87328372146
2018,5,6,0,1489.34591156196
2018,5,6,6,1567.73432943907
2018,5,6,12,1516.16412123384
2018,5,6,18,1608.99049600326
2018,5,7,0,1764.87149554411
2018,5,7,6,1745.24832357727
2018,5,7,12,1535.818524748
2018,5,7,18,1505.8999820581
2018,5,8,0,1861.19944209357
2018,5,8,6,1686.73762349348
2018,5,8,12,1526.09594506553
2018,5,8,18,1526.09594506553
2018,5,9,0,2020.93897161373
2018,5,9,6,2105.06993736904
2018,5,9,12,2003.37573749614
2018,5,9,18,1840.6650176995
2018,5,10,0,1760.84032979733
2018,5,10,6,1662.4484441646
2018,5,10,12,1542.99107093122
2018,5,10,18,1423.53369769783
2018,5,11,0,1461.2126184699
2018,5,11,6,1359.81645868659
2018,5,11,12,1250.6341152884
2018,5,11,18,1181.15444221682
2018,5,12,0,1355.57939071093
2018,5,12,6,1350.93342088512
2018,5,12,12,1239.20208532319
2018,5,12,18,1249.35947946519
2018,5,13,0,1605.42694332594
2018,5,13,6,1555.71069368633
2018,5,13,12,1395.12120272516
2018,5,13,18,1435.26857546545
2018,5,14,0,1862.37633593269
2018,5,14,6,1694.29453317434
2018,5,14,12,1510.57584885423
2018,5,14,18,1622.84837816096
2018,5,15,0,1922.1831829839
2018,5,15,6,1802.62285827891
2018,5,15,12,1556.81065033178
2018,5,15,18,1587.53717632517
2018,5,16,0,1863.87673613047
2018,5,16,6,1733.04426424303
2018,5,16,12,1482.60434166456
2018,5,16,18,1352.37558192376
2018,5,17,0,1560.07431574856
2018,5,17,6,1438.98784787979
2018,5,17,12,1281.29054948201
2018,5,17,18,1182.72973798339
2018,5,18,0,1193.90998055919
2018,5,18,6,1164.95001021713
2018,5,18,12,1114.73664770777
2018,5,18,18,1064.52328519841
2018,5,19,0,1157.66947244189
2018,5,19,6,1190.70489567154
2018,5,19,12,1109.97914003279
2018,5,19,18,1120.06985948763
2018,5,20,0,1200.82342144678
2018,5,20,6,1141.15841016141
2018,5,20,12,1131.23529355131
2018,5,20,18,1111.38906033111
2018,5,21,0,1151.61056497636
2018,5,21,6,1103.18760872578
2018,5,21,12,1025.08583111687
2018,5,21,18,946.984053507969
2018,5,22,0,1097.87415527077
2018,5,22,6,1072.04842929173
2018,5,22,12,988.889532440129
2018,5,22,18,947.811041224278
2018,5,23,0,1284.62975843172
2018,5,23,6,1256.01754512048
2018,5,23,12,1133.47924803556
2018,5,23,18,1164.11382230679
2018,5,24,0,1528.14517432738
2018,5,24,6,1286.53532932546
2018,5,24,12,1147.98537078272
2018,5,24,18,1039.12468907057
2018,5,25,0,1204.56797148265
2018,5,25,6,1113.11199544973
2018,5,25,12,980.129588913697
2018,5,25,18,901.325199855309
2018,5,26,0,966.296210469632
2018,5,26,6,929.569630517501
2018,5,26,12,850.28863857571
2018,5,26,18,788.845869820821
2018,5,27,0,760.296359637311
2018,5,27,6,751.42837083442
2018,5,27,12,731.390280945503
2018,5,27,18,693.317910156559
2018,5,28,0,839.43036402186
2018,5,28,6,847.294133323874
2018,5,28,12,779.028729217211
2018,5,28,18,732.849191145057
2018,5,29,0,802.225501115554
2018,5,29,6,791.362249381501
2018,5,29,12,732.706002253978
2018,5,29,18,681.008970887347
2018,5,30,0,667.619997107808
2018,5,30,6,660.205800192916
2018,5,30,12,634.393242591389
2018,5,30,18,600.638359574007
2018,5,31,0,581.905403911784
2018,5,31,6,599.067555660344
2018,5,31,12,577.99482757179
2018,5,31,18,557.925562725547
2018,6,1,0,548.118500256063
2018,6,1,6,552.294264029672
2018,6,1,12,530.440893870224
2018,6,1,18,515.54086876151
2018,6,2,0,503.329356905738
2018,6,2,6,512.025841830344
2018,6,2,12,505.02548852407
2018,6,2,18,491.024781911521
2018,6,3,0,600.519092935862
2018,6,3,6,653.592194815625
2018,6,3,12,612.110337249928
2018,6,3,18,679.897763028019
2018,6,4,0,900.278910108989
2018,6,4,6,890.016299773888
2018,6,4,12,774.314180803282
2018,6,4,18,670.478945829662
2018,6,5,0,638.103601546536
2018,6,5,6,624.545812454027
2018,6,5,12,582.120109554306
2018,6,5,18,541.667695161549
2018,6,6,0,521.228488112036
2018,6,6,6,529.435460688819
2018,6,6,12,522.495295473797
2018,6,6,18,493.743182440134
2018,6,7,0,603.423892246075
2018,6,7,6,641.135440263374
2018,6,7,12,598.995082687378
2018,6,7,18,557.858066958429
2018,6,8,0,616.598915795445
2018,6,8,6,646.470611919245
2018,6,8,12,596.897748094451
2018,6,8,18,596.897748094451
2018,6,9,0,734.86880892111
2018,6,9,6,894.477162346351
2018,6,9,12,916.513553803932
2018,6,9,18,804.328288201702
2018,6,10,0,754.493039723596
2018,6,10,6,700.030332818191
2018,6,10,12,674.176939844791
2018,6,10,18,668.210772235546
2018,6,11,0,656.671407005091
2018,6,11,6,645.078777433945
2018,6,11,12,638.088759721813
2018,6,11,18,611.127262832159
2018,6,12,0,586.738039637961
2018,6,12,6,591.254922561939
2018,6,12,12,550.649475618824
2018,6,12,18,507.072898411579
2018,6,13,0,499.308640929211
2018,6,13,6,519.644396490012
2018,6,13,12,541.972866651692
2018,6,13,18,655.645078383882
2018,6,14,0,706.164859120147
2018,6,14,6,666.133663581028
2018,6,14,12,620.535228276374
2018,6,14,18,561.059008313782
2018,6,15,0,534.38132126209
2018,6,15,6,513.47804904378
2018,6,15,12,504.487188262858
2018,6,15,18,483.508513107373
2018,6,16,0,462.669441423256
2018,6,16,6,475.745084872577
2018,6,16,12,468.778106642226
2018,6,16,18,448.872454555507
2018,6,17,0,606.541475719672
2018,6,17,6,679.834043061794
2018,6,17,12,597.767638459699
2018,6,17,18,576.49116319249
2018,6,18,0,749.269849510501
2018,6,18,6,720.959677099584
2018,6,18,12,642.938013413465
2018,6,18,18,582.693437655828
2018,6,19,0,765.550982693801
2018,6,19,6,725.486952262088
2018,6,19,12,647.218650358294
2018,6,19,18,591.026023350442
2018,6,20,0,770.983381572613
2018,6,20,6,737.26523403617
2018,6,20,12,659.131146733423
2018,6,20,18,626.074417489954
2018,6,21,0,728.076476828767
2018,6,21,6,700.01098647321
2018,6,21,12,629.312864084024
2018,6,21,18,586.495691369447
2018,6,22,0,672.283545200416
2018,6,22,6,624.891830211274
2018,6,22,12,569.433918179845
2018,6,22,18,512.985686290713
2018,6,23,0,521.094440545526
2018,6,23,6,515.308426434813
2018,6,23,12,480.490289513542
2018,6,23,18,447.661760416344
2018,6,24,0,431.983455455715
2018,6,24,6,431.227882429823
2018,6,24,12,424.288583172332
2018,6,24,18,391.574743815587
2018,6,25,0,473.835746112703
2018,6,25,6,635.150838618888
2018,6,25,12,723.680777227031
2018,6,25,18,675.29813635979
2018,6,26,0,617.902408836634
2018,6,26,6,545.305716629268
2018,6,26,12,482.985063300208
2018,6,26,18,444.034654969546
2018,6,27,0,429.449087410104
2018,6,27,6,442.354461370013
2018,6,27,12,407.326393161981
2018,6,27,18,375.300730800351
2018,6,28,0,360.586303504266
2018,6,28,6,377.72303603639
2018,6,28,12,364.834848455096
2018,6,28,18,352.938059918517
2018,6,29,0,336.422308109263
2018,6,29,6,331.75654287318
2018,6,29,12,331.75654287318
2018,6,29,18,320.764609223768
2018,6,30,0,335.022689064297
2018,6,30,6,350.526670569996
2018,6,30,12,356.64050784738
2018,6,30,18,407.589151825577
2018,7,1,0,675.463133026754
2018,7,1,6,727.277511372498
2018,7,1,12,746.284764076869
2018,7,1,18,662.252699489125
2018,7,2,0,588.908833416551
2018,7,2,6,576.510892924368
2018,7,2,12,711.331939437222
2018,7,2,18,672.092978138705
2018,7,3,0,603.217873787838
2018,7,3,6,546.817433327986
2018,7,3,12,490.081456345834
2018,7,3,18,450.953196358143
2018,7,4,0,429.079384573331
2018,7,4,6,441.646350200394
2018,7,4,12,413.541582460369
2018,7,4,18,394.470490065352
2018,7,5,0,399.60283990208
2018,7,5,6,425.694549187588
2018,7,5,12,411.704587477198
2018,7,5,18,391.718927890926
2018,7,6,0,446.161582849107
2018,7,6,6,471.564806709419
2018,7,6,12,438.664936473878
2018,7,6,18,403.771134708911
2018,7,7,0,397.836442738276
2018,7,7,6,410.847171244851
2018,7,7,12,390.903133805781
2018,7,7,18,371.956298238664
2018,7,8,0,358.750329180245
2018,7,8,6,346.557802104829
2018,7,8,12,334.607533066731
2018,7,8,18,317.67798526276
2018,7,9,0,307.56313729761
2018,7,9,6,330.432413311323
2018,7,9,12,313.410137474073
2018,7,9,18,302.395723697029
2018,7,10,0,295.960218745029
2018,7,10,6,316.350092125696
2018,7,10,12,316.350092125696
2018,7,10,18,316.350092125696
2018,7,11,0,293.93927221977
2018,7,11,6,287.419803635181
2018,7,11,12,282.481319036639
2018,7,11,18,272.604349839553
2018,7,12,0,269.049773957838
2018,7,12,6,301.370809774459
2018,7,12,12,296.381226831173
2018,7,12,18,275.424978469373
2018,7,13,0,280.59622862797
2018,7,13,6,317.74864315549
2018,7,13,12,295.76603262272
2018,7,13,18,280.77788907765
2018,7,14,0,274.818534869589
2018,7,14,6,304.615741810282
2018,7,14,12,283.778834390035
2018,7,14,18,267.90309540318
2018,7,15,0,260.586297549149
2018,7,15,6,281.290490766339
2018,7,15,12,271.244401810399
2018,7,15,18,257.179877272082
2018,7,16,0,255.983968049546
2018,7,16,6,273.699997062007
2018,7,16,12,268.723633479061
2018,7,16,18,249.813451863868
2018,7,17,0,239.542030571621
2018,7,17,6,258.083238621282
2018,7,17,12,253.120099417027
2018,7,17,18,239.223309645111
2018,7,18,0,235.604551525466
2018,7,18,6,258.855035745189
2018,7,18,12,244.916687666602
2018,7,18,18,234.960724753326
2018,7,19,0,222.930652505637
2018,7,19,6,236.893600258119
2018,7,19,12,232.878454491032
2018,7,19,18,223.844376515087
2018,7,20,0,213.836399856536
2018,7,20,6,212.863813546431
2018,7,20,12,212.863813546431
2018,7,20,18,204.906287806378
2018,7,21,0,196.895833962362
2018,7,21,6,196.842911211738
2018,7,21,12,196.842911211738
2018,7,21,18,188.88966227389
2018,7,22,0,181.953149271303
2018,7,22,6,182.970982601354
2018,7,22,12,186.992322878306
2018,7,22,18,178.949642324401
2018,7,23,0,176.221015229623
2018,7,23,6,183.568868918013
2018,7,23,12,187.603349553574
2018,7,23,18,183.568868918013
2018,7,24,0,178.296712767248
2018,7,24,6,188.998214986517
2018,7,24,12,191.98239732841
2018,7,24,18,185.019305197328
2018,7,25,0,177.703579822491
2018,7,25,6,186.362189132124
2018,7,25,12,189.368030892319
2018,7,25,18,178.346611104936
2018,7,26,0,178.142628980974
2018,7,26,6,184.936368027493
2018,7,26,12,188.934992201061
2018,7,26,18,181.937399897318
2018,7,27,0,174.239957089563
2018,7,27,6,178.552332178139
2018,7,27,12,182.564744137199
2018,7,27,18,174.53992021908
2018,7,28,0,170.445967090224
2018,7,28,6,174.373020182311
2018,7,28,12,174.373020182311
2018,7,28,18,170.364445005706
2018,7,29,0,167.333137047241
2018,7,29,6,170.313777269898
2018,7,29,12,170.313777269898
2018,7,29,18,170.313777269898
2018,7,30,0,162.784120724863
2018,7,30,6,166.249890600661
2018,7,30,12,166.249890600661
2018,7,30,18,162.267857292861
2018,7,31,0,159.680681459016
2018,7,31,6,160.080415749114
2018,7,31,12,163.08192354441
2018,7,31,18,163.08192354441
2018,8,1,0,155.830728598178
2018,8,1,6,159.572520714749
2018,8,1,12,158.575192460282
2018,8,1,18,155.58320769688
2018,8,2,0,152.707469086156
2018,8,2,6,148.828320513129
2018,8,2,12,152.823711667844
2018,8,2,18,148.828320513129
2018,8,3,0,146.33179635816
2018,8,3,6,146.832235303984
2018,8,3,12,149.849336029409
2018,8,3,18,149.849336029409
2018,8,4,0,152.606446420756
2018,8,4,6,146.332806135159
2018,8,4,12,146.332806135159
2018,8,4,18,133.303172712165
2018,8,5,0,139.455871090322
2018,8,5,6,134.634465031325
2018,8,5,12,134.634465031325
2018,8,5,18,134.634465031325
2018,8,6,0,132.737497441409
2018,8,6,6,130.794871925809
2018,8,6,12,130.794871925809
2018,8,6,18,130.794871925809
2018,8,7,0,130.493095953573
2018,8,7,6,127.187272011934
2018,8,7,12,130.191695760248
2018,8,7,18,127.187272011934
2018,8,8,0,124.374583765572
2018,8,8,6,124.566469399308
2018,8,8,12,127.58017430413
2018,8,8,18,127.58017430413
2018,8,9,0,124.171645909622
2018,8,9,6,123.777271742375
2018,8,9,12,126.771883155497
2018,8,9,18,126.771883155497
2018,8,10,0,121.186395740486
2018,8,10,6,121.590649281367
2018,8,10,12,124.605293478426
2018,8,10,18,124.605293478426
2018,8,11,0,121.211023821725
2018,8,11,6,120.831781152462
2018,8,11,12,120.831781152462
2018,8,11,18,129.819269006778
2018,8,12,0,135.82341355643
2018,8,12,6,138.832242350529
2018,8,12,12,144.825001013141
2018,8,12,18,144.825001013141
2018,8,13,0,135.212022085769
2018,8,13,6,128.651138863625
2018,8,13,12,128.651138863625
2018,8,13,18,125.68226642831
2018,8,14,0,122.818918830002
2018,8,14,6,119.950491265766
2018,8,14,12,119.950491265766
2018,8,14,18,119.950491265766
2018,8,15,0,117.478156685273
2018,8,15,6,114.980881000129
2018,8,15,12,114.980881000129
2018,8,15,18,114.980881000129
2018,8,16,0,112.636490375254
2018,8,16,6,112.292207349402
2018,8,16,12,112.292207349402
2018,8,16,18,112.292207349402
2018,8,17,0,109.610362832172
2018,8,17,6,109.909996010054
2018,8,17,12,109.909996010054
2018,8,17,18,104.914087100507
2018,8,18,0,104.92135887226
2018,8,18,6,104.928582546552
2018,8,18,12,104.928582546552
2018,8,18,18,104.928582546552
2018,8,19,0,105.507286265889
2018,8,19,6,103.056120749063
2018,8,19,12,103.056120749063
2018,8,19,18,106.087183124035
2018,8,20,0,102.093721221052
2018,8,20,6,101.134153580094
2018,8,20,12,109.066244056964
2018,8,20,18,101.134153580094
2018,8,21,0,99.2372886861293
2018,8,21,6,99.6214720496698
2018,8,21,12,99.6214720496698
2018,8,21,18,99.6214720496698
2018,8,22,0,97.4338287767315
2018,8,22,6,97.6443416910617
2018,8,22,12,97.6443416910617
2018,8,22,18,97.6443416910617
2018,8,23,0,97.500077622337
2018,8,23,6,94.9545334481077
2018,8,23,12,97.3559125869428
2018,8,23,18,97.3559125869428
2018,8,24,0,95.1673829486609
2018,8,24,6,97.7926103348476
2018,8,24,12,97.7926103348476
2018,8,24,18,95.3804596174413
2018,8,25,0,97.3008885666932
2018,8,25,6,96.810675781776
2018,8,25,12,96.810675781776
2018,8,25,18,96.810675781776
2018,8,26,0,101.83564215673
2018,8,26,6,104.498533202463
2018,8,26,12,106.909231561195
2018,8,26,18,123.679307100206
2018,8,27,0,139.989405124595
2018,8,27,6,164.820545194615
2018,8,27,12,129.501856938626
2018,8,27,18,118.710035527074
2018,8,28,0,113.946465691219
2018,8,28,6,110.071805735839
2018,8,28,12,107.069847397589
2018,8,28,18,107.069847397589
2018,8,29,0,101.630092808384
2018,8,29,6,101.194498652841
2018,8,29,12,101.194498652841
2018,8,29,18,101.194498652841
2018,8,30,0,99.2031337076557
2018,8,30,6,99.4938272291423
2018,8,30,12,97.0987902647497
2018,8,30,18,97.0987902647497
2018,8,31,0,97.4139932061551
2018,8,31,6,97.7295393801267
2018,8,31,12,95.3189443697227
2018,8,31,18,95.3189443697227
2018,9,1,0,94.6511137391856
2018,9,1,6,93.9846672670175
2018,9,1,12,93.9846672670175
2018,9,1,18,91.6078158292847
2018,9,2,0,91.7946559584521
2018,9,2,6,91.9816866505227
2018,9,2,12,91.9816866505227
2018,9,2,18,89.6945744419151
2018,9,3,0,89.6893819460777
2018,9,3,6,89.6841853217813
2018,9,3,12,89.6841853217813
2018,9,3,18,89.6841853217813
2018,9,4,0,89.8055615142613
2018,9,4,6,87.7336267894811
2018,9,4,12,87.7336267894811
2018,9,4,18,87.7336267894811
2018,9,5,0,87.7926193717221
2018,9,5,6,85.6552991320954
2018,9,5,12,87.8515888534311
2018,9,5,18,85.6552991320954
2018,9,6,0,85.8830898244452
2018,9,6,6,86.1111084531333
2018,9,6,12,86.1111084531333
2018,9,6,18,83.9031313133094
2018,9,7,0,83.4660894260137
2018,9,7,6,83.0299952144892
2018,9,7,12,83.0299952144892
2018,9,7,18,85.2149950885548
2018,9,8,0,85.9840949391853
2018,9,8,6,86.7552666869562
2018,9,8,12,91.2042547221847
2018,9,8,18,98.3833035972125
2018,9,9,0,102.930130019648
2018,9,9,6,100.40826973289
2018,9,9,12,100.40826973289
2018,9,9,18,100.40826973289
2018,9,10,0,118.620211551423
2018,9,10,6,368.524320933179
2018,9,10,12,638.845885858377
2018,9,10,18,347.405448673398
2018,9,11,0,355.829443471101
2018,9,11,6,430.578764936605
2018,9,11,12,383.567683901343
2018,9,11,18,376.088648282097
2018,9,12,0,455.69787893658
2018,9,12,6,440.333302839578
2018,9,12,12,334.045953878301
2018,9,12,18,285.647250333433
2018,9,13,0,248.251106587038
2018,9,13,6,269.551260046996
2018,9,13,12,279.534640048737
2018,9,13,18,259.567880045256
2018,9,14,0,238.441660119282
2018,9,14,6,235.214665231638
2018,9,14,12,244.33937207252
2018,9,14,18,620.48006518001
2018,9,15,0,537.485544360992
2018,9,15,6,393.936966237954
2018,9,15,12,350.481089866381
2018,9,15,18,316.472143140803
2018,9,16,0,364.740719833222
2018,9,16,6,379.217244976622
2018,9,16,12,398.638074234184
2018,9,16,18,653.153152399087
2018,9,17,0,717.23516773226
2018,9,17,6,598.969456127105
2018,9,17,12,473.694798636468
2018,9,17,18,401.270387274694
2018,9,18,0,334.901354807077
2018,9,18,6,296.644696218087
2018,9,18,12,266.093249099281
2018,9,18,18,247.368168607109
2018,9,19,0,228.88432288121
2018,9,19,6,216.286387908996
2018,9,19,12,203.447469905266
2018,9,19,18,195.546597287586
2018,9,20,0,188.556125236074
2018,9,20,6,182.485880225002
2018,9,20,12,174.508355406423
2018,9,20,18,174.508355406423
2018,9,21,0,180.436601146204
2018,9,21,6,190.516131987005
2018,9,21,12,214.967400263412
2018,9,21,18,295.452825006585
2018,9,22,0,313.696119272295
2018,9,22,6,481.364487797495
2018,9,22,12,518.816187076935
2018,9,22,18,1498.06797117756
2018,9,23,0,1297.77985261787
2018,9,23,6,810.143931278639
2018,9,23,12,642.912385831214
2018,9,23,18,523.063111593892
2018,9,24,0,462.011289824177
2018,9,24,6,421.609331311316
2018,9,24,12,369.643530010154
2018,9,24,18,334.346004598043
2018,9,25,0,302.781083770493
2018,9,25,6,287.682539742787
2018,9,25,12,272.802408376781
2018,9,25,18,257.922277010775
2018,9,26,0,244.4078839682
2018,9,26,6,235.825889599584
2018,9,26,12,226.870476070486
2018,9,26,18,217.915062541388
2018,9,27,0,210.368209784819
2018,9,27,6,201.791128900079
2018,9,27,12,197.795264961463
2018,9,27,18,193.799401022848
2018,9,28,0,186.86052497603
2018,9,28,6,182.916241796164
2018,9,28,12,178.918072576576
2018,9,28,18,174.919903356988
2018,9,29,0,171.630750893667
2018,9,29,6,167.355869341706
2018,9,29,12,167.355869341706
2018,9,29,18,164.36737167489
2018,9,30,0,166.211622114562
2018,9,30,6,175.19301897029
2018,9,30,12,197.601428373466
2018,9,30,18,232.232606542012
2018,10,1,0,271.732566726613
2018,10,1,6,273.438405064426
2018,10,1,12,344.035229644697
2018,10,1,18,1133.52647917617
2018,10,2,0,2146.2779880534
2018,10,2,6,1964.36341338275
2018,10,2,12,2415.36521747572
2018,10,2,18,1874.16305256415
2018,10,3,0,1185.92590492818
2018,10,3,6,891.058989441698
2018,10,3,12,756.921077052625
2018,10,3,18,637.155083848096
2018,10,4,0,587.808453783226
2018,10,4,6,532.950472057855
2018,10,4,12,476.798573892795
2018,10,4,18,451.185427361364
2018,10,5,0,410.320510339696
2018,10,5,6,390.188889192073
2018,10,5,12,364.634956902416
2018,10,5,18,358.737895604803
2018,10,6,0,346.557032202521
2018,10,6,6,330.387072475747
2018,10,6,12,313.621161335186
2018,10,6,18,307.703780932636
2018,10,7,0,294.018382585845
2018,10,7,6,290.112241846503
2018,10,7,12,280.108371438003
2018,10,7,18,275.106436233752
2018,10,8,0,271.327934830677
2018,10,8,6,272.55406383164
2018,10,8,12,267.506766353276
2018,10,8,18,272.55406383164
2018,10,9,0,271.441878342406
2018,10,9,6,421.614036789384
2018,10,9,12,480.466339407581
2018,10,9,18,383.022362941385
2018,10,10,0,350.353057706661
2018,10,10,6,324.747635239017
2018,10,10,12,303.031987897806
2018,10,10,18,297.10953862293
2018,10,11,0,287.868254021926
2018,10,11,6,269.519703990307
2018,10,11,12,269.519703990307
2018,10,11,18,259.537492731406
2018,10,12,0,250.978126619224
2018,10,12,6,246.394479649984
2018,10,12,12,232.372029588603
2018,10,12,18,237.380047467668
2018,10,13,0,228.728751005988
2018,10,13,6,224.068161839743
2018,10,13,12,220.049001986115
2018,10,13,18,216.029842132488
2018,10,14,0,210.977158379331
2018,10,14,6,209.945002716136
2018,10,14,12,204.970002651773
2018,10,14,18,197.010002548791
2018,10,15,0,197.172912228748
2018,10,15,6,193.349309149987
2018,10,15,12,193.349309149987
2018,10,15,18,189.362725456173
2018,10,16,0,186.704344844889
2018,10,16,6,187.035993906038
2018,10,16,12,183.035223982914
2018,10,16,18,179.03445405979
2018,10,17,0,179.084337750492
2018,10,17,6,175.131212376146
2018,10,17,12,175.131212376146
2018,10,17,18,172.128963021127
2018,10,18,0,168.132862850507
2018,10,18,6,168.139761951539
2018,10,18,12,168.139761951539
2018,10,18,18,165.137266202405
2018,10,19,0,165.033609055318
2018,10,19,6,160.931618729088
2018,10,19,12,160.931618729088
2018,10,19,18,160.931618729088
2018,10,20,0,157.376581405348
2018,10,20,6,156.820910358406
2018,10,20,12,146.895536285089
2018,10,20,18,156.820910358406
2018,10,21,0,153.548835974024
2018,10,21,6,154.247972453704
2018,10,21,12,154.247972453704
2018,10,21,18,151.243141821489
2018,10,22,0,150.972875363253
2018,10,22,6,150.702903143741
2018,10,22,12,147.708805730289
2018,10,22,18,147.708805730289
2018,10,23,0,148.786090780999
2018,10,23,6,149.865070716321
2018,10,23,12,142.776857912171
2018,10,23,18,146.827265228828
2018,10,24,0,156.27580216949
2018,10,24,6,186.103015422096
2018,10,24,12,259.323873948822
2018,10,24,18,284.747783159491
2018,10,25,0,223.373808192965
2018,10,25,6,195.325629843679
2018,10,25,12,184.474205963474
2018,10,25,18,187.43368520353
2018,10,26,0,218.16114566904
2018,10,26,6,393.302275709076
2018,10,26,12,1377.07958603708
2018,10,26,18,1825.67369360977
2018,10,27,0,1069.71613215636
2018,10,27,6,675.164865855758
2018,10,27,12,524.104786728412
2018,10,27,18,445.811453034361
2018,10,28,0,776.138411073127
2018,10,28,6,2640.91580216332
2018,10,28,12,3234.85670546109
2018,10,28,18,2736.37059019331
2018,10,29,0,1759.56310366701
2018,10,29,6,1463.10985795398
2018,10,29,12,1347.60118495762
2018,10,29,18,1106.95811621518
2018,10,30,0,1045.11029820672
2018,10,30,6,990.994692278008
2018,10,30,12,954.327888663722
2018,10,30,18,889.913233665651
2018,10,31,0,828.404222026469
2018,10,31,6,1096.61891595798
2018,10,31,12,1528.9398347491
2018,10,31,18,2530.6590368261
2018,11,1,0,2619.20536466786
2018,11,1,6,2611.48505356253
2018,11,1,12,3594.88946703796
2018,11,1,18,7047.73162990724
2018,11,2,0,8152.43696048124
2018,11,2,6,10375.1040685198
2018,11,2,12,5429.04152550992
2018,11,2,18,3434.51720888931
2018,11,3,0,2650.37336225805
2018,11,3,6,2250.36449577789
2018,11,3,12,2138.8599486898
2018,11,3,18,2260.5012727859
2018,11,4,0,3730.12480637753
2018,11,4,6,8832.04564829342
2018,11,4,12,5829.96980728417
2018,11,4,18,4323.80889046383
2018,11,5,0,3258.25560193834
2018,11,5,6,2803.62461826077
2018,11,5,12,3297.22050175738
2018,11,5,18,3405.81159612664
2018,11,6,0,3808.4194468571
2018,11,6,6,2709.6970558729
2018,11,6,12,2325.3428635505
2018,11,6,18,2085.121493349
2018,11,7,0,1871.26483124189
2018,11,7,6,1692.4205458829
2018,11,7,12,1516.3305468893
2018,11,7,18,1340.24054789571
2018,11,8,0,1270.74916215681
2018,11,8,6,1190.25410464359
2018,11,8,12,1091.06626258996
2018,11,8,18,1031.55355735778
2018,11,9,0,983.504096070295
2018,11,9,6,908.740432877284
2018,11,9,12,926.57830396975
2018,11,9,18,964.236031831622
2018,11,10,0,913.3861133895
2018,11,10,6,837.448772860047
2018,11,10,12,784.453256883633
2018,11,10,18,753.016657425153
2018,11,11,0,720.776096063795
2018,11,11,6,714.036419370065
2018,11,11,12,681.535451315979
2018,11,11,18,651.004238901535
2018,11,12,0,642.072887940857
2018,11,12,6,625.779700088959
2018,11,12,12,602.639936259303
2018,11,12,18,558.372561976483
2018,11,13,0,568.340617834196
2018,11,13,6,550.356770968855
2018,11,13,12,535.482263645373
2018,11,13,18,521.599390143456
2018,11,14,0,552.785369297595
2018,11,14,6,655.895618563832
2018,11,14,12,746.506002290076
2018,11,14,18,1266.48604526454
2018,11,15,0,997.434584664335
2018,11,15,6,823.626491812242
2018,11,15,12,740.587947502919
2018,11,15,18,700.03423981697
2018,11,16,0,706.072915750797
2018,11,16,6,1094.47460037223
2018,11,16,12,1064.35144623354
2018,11,16,18,892.649467643035
2018,11,17,0,790.973403369649
2018,11,17,6,720.153120455321
2018,11,17,12,671.48070265903
2018,11,17,18,624.794914160547
2018,11,18,0,608.170369497921
2018,11,18,6,583.729125172544
2018,11,18,12,561.999783795563
2018,11,18,18,540.270442418582
2018,11,19,0,507.830740668935
2018,11,19,6,509.963419866371
2018,11,19,12,496.0191076044
2018,11,19,18,482.074795342429
2018,11,20,0,468.054129206315
2018,11,20,6,447.1537746713
2018,11,20,12,447.1537746713
2018,11,20,18,440.213472181945
2018,11,21,0,430.904630378928
2018,11,21,6,422.399717407649
2018,11,21,12,422.399717407649
2018,11,21,18,460.708045000706
2018,11,22,0,502.079640737271
2018,11,22,6,935.277039670771
2018,11,22,12,2254.86078746622
2018,11,22,18,1548.99132356375
2018,11,23,0,1539.66218556682
2018,11,23,6,1390.99653113655
2018,11,23,12,1351.25377310408
2018,11,23,18,1321.44670457972
2018,11,24,0,1212.94696093209
2018,11,24,6,1086.38234866195
2018,11,24,12,1008.08452173136
2018,11,24,18,915.105852251284
2018,11,25,0,847.896664408563
2018,11,25,6,808.608628098046
2018,11,25,12,741.389328940751
2018,11,25,18,724.584504151427
2018,11,26,0,730.963254034723
2018,11,26,6,816.447603636341
2018,11,26,12,1790.55405487142
2018,11,26,18,7905.46507245119
2018,11,27,0,11043.8223407626
2018,11,27,6,12899.3488853485
2018,11,27,12,10262.9856095109
2018,11,27,18,6120.12903319456
2018,11,28,0,4231.57328728003
2018,11,28,6,3511.47862968229
2018,11,28,12,3138.13176388274
2018,11,28,18,2784.96580974803
2018,11,29,0,2499.19270317872
2018,11,29,6,2241.55339150903
2018,11,29,12,1949.17686218177
2018,11,29,18,1725.02152303086
2018,11,30,0,1589.33469835163
2018,11,30,6,1509.70525649614
2018,11,30,12,1509.70525649614
2018,11,30,18,1429.72087204601
2018,12,1,0,1352.39141260632
2018,12,1,6,1265.94374863349
2018,12,1,12,1176.9320788077
2018,12,1,18,1117.5909655905
2018,12,2,0,1046.67929431342
2018,12,2,6,995.706073856487
2018,12,2,12,931.625979994435
2018,12,2,18,895.14961887296
2018,12,3,0,868.355762161087
2018,12,3,6,825.707122422845
2018,12,3,12,791.138044330979
2018,12,3,18,748.667462675259
2018,12,4,0,728.619630496243
2018,12,4,6,700.258828879821
2018,12,4,12,684.252912791139
2018,12,4,18,653.241450369319
2018,12,5,0,651.873815973235
2018,12,5,6,626.598902417542
2018,12,5,12,596.713422175052
2018,12,5,18,588.743960777054
2018,12,6,0,580.013253701894
2018,12,6,6,556.473969648665
2018,12,6,12,549.542799208201
2018,12,6,18,520.827950240566
2018,12,7,0,510.298480710434
2018,12,7,6,506.616813930172
2018,12,7,12,492.571991365771
2018,12,7,18,479.530370413113
2018,12,8,0,476.260529253004
2018,12,8,6,459.149613503737
2018,12,8,12,473.003265635315
2018,12,8,18,452.222787437948
2018,12,9,0,450.993748059765
2018,12,9,6,449.193053749895
2018,12,9,12,462.741800150704
2018,12,9,18,578.42725018838
2018,12,10,0,952.26750815465
2018,12,10,6,903.445681095505
2018,12,10,12,805.937226527928
2018,12,10,18,903.445681095505
2018,12,11,0,910.096575795477
2018,12,11,6,936.03070065317
2018,12,11,12,1168.72224715975
2018,12,11,18,4074.73432117859
2018,12,12,0,2970.87730128927
2018,12,12,6,1919.49750346963
2018,12,12,12,1513.44995465875
2018,12,12,18,1245.82770657885
2018,12,13,0,1271.62609837818
2018,12,13,6,2028.11089691622
2018,12,13,12,3197.37891401587
2018,12,13,18,3104.25137283095
2018,12,14,0,2388.86815155241
2018,12,14,6,1939.09393807382
2018,12,14,12,1611.08799830014
2018,12,14,18,1466.37949545881
2018,12,15,0,1418.02441055295
2018,12,15,6,1329.81118756279
2018,12,15,12,1241.80897662113
2018,12,15,18,1104.91664848967
2018,12,16,0,1068.89614282341
2018,12,16,6,1031.70644510077
2018,12,16,12,1171.93838909505
2018,12,16,18,1292.137198233
2018,12,17,0,1779.53980711529
2018,12,17,6,2454.65812537996
2018,12,17,12,2265.07070919208
2018,12,17,18,1845.98273656623
2018,12,18,0,1809.0409245441
2018,12,18,6,1933.38122725813
2018,12,18,12,3563.0900104443
2018,12,18,18,3148.07100354596
2018,12,19,0,3061.86392917248
2018,12,19,6,2366.09276853004
2018,12,19,12,1997.60291113602
2018,12,19,18,1774.56957639753
2018,12,20,0,1621.61801858078
2018,12,20,6,1522.12224709369
2018,12,20,12,2439.42770726273
2018,12,20,18,2953.52197614868
2018,12,21,0,2308.22727973809
2018,12,21,6,1814.16980557517
2018,12,21,12,1553.62414200852
2018,12,21,18,1389.57687235545
2018,12,22,0,1297.04028283748
2018,12,22,6,1202.30669694547
2018,12,22,12,1113.61194061343
2018,12,22,18,1064.33707598452
2018,12,23,0,1062.44432608863
2018,12,23,6,1120.43207397427
2018,12,23,12,1230.47450981103
2018,12,23,18,1190.45907859766
2018,12,24,0,1134.82525814427
2018,12,24,6,1030.1679614299
2018,12,24,12,972.716286657844
2018,12,24,18,936.066080337742
2018,12,25,0,867.274703818641
2018,12,25,6,845.769581767469
2018,12,25,12,818.744991580816
2018,12,25,18,784.714026160586
2018,12,26,0,754.26683823687
2018,12,26,6,749.851455091773
2018,12,26,12,709.292207520846
2018,12,26,18,701.378207994811
2018,12,27,0,692.691741419219
2018,12,27,6,677.070582779301
2018,12,27,12,630.54672694505
2018,12,27,18,607.77973366446
2018,12,28,0,612.509056377682
2018,12,28,6,580.037724979491
2018,12,28,12,594.111430611575
2018,12,28,18,640.353606259854
2018,12,29,0,846.497157213184
2018,12,29,6,1240.06777090611
2018,12,29,12,1594.37284830785
2018,12,29,18,5637.61902571601
2018,12,30,0,4129.31950374071
2018,12,30,6,2456.2850190125
2018,12,30,12,1915.53570512542
2018,12,30,18,1594.75221383647
2018,12,31,0,1457.60836491753
2018,12,31,6,1345.7258263794
2018,12,31,12,1207.19522660505
2018,12,31,18,1118.13984103582
2019,1,1,0,1040.24762874318
2019,1,1,6,1001.82243263206
2019,1,1,12,946.275842307908
2019,1,1,18,872.874990808134
2019,1,2,0,853.805312104123
2019,1,2,6,826.86118919777
2019,1,2,12,775.429631974943
2019,1,2,18,749.713853363529
2019,1,3,0,834.204664535412
2019,1,3,6,1231.11053738451
2019,1,3,12,3088.9682574375
2019,1,3,18,5428.07827846807
2019,1,4,0,6789.30677297917
2019,1,4,6,4723.19741520419
2019,1,4,12,3619.5592072951
2019,1,4,18,2936.79997697845
2019,1,5,0,2411.78585888592
2019,1,5,6,2075.79497846539
2019,1,5,12,1762.46743454609
2019,1,5,18,1605.80366258644
2019,1,6,0,1500.0211808979
2019,1,6,6,1551.01303449059
2019,1,6,12,1531.37995810463
2019,1,6,18,1452.84765256081
2019,1,7,0,1349.51742456163
2019,1,7,6,1304.74685167877
2019,1,7,12,1186.13350152616
2019,1,7,18,1107.05793475775
2019,1,8,0,1054.59964869979
2019,1,8,6,993.352185687765
2019,1,8,12,936.274489534335
2019,1,8,18,946.288120438445
2019,1,9,0,1033.57256031818
2019,1,9,6,1168.82200026618
2019,1,9,12,1455.90108805086
2019,1,9,18,1619.94628107068
2019,1,10,0,1677.0884046182
2019,1,10,6,1944.60654582287
2019,1,10,12,2055.43904325319
2019,1,10,18,1944.60654582287
2019,1,11,0,1793.60626889697
2019,1,11,6,1537.15532034844
2019,1,11,12,1379.49836441527
2019,1,11,18,1271.10920721121
2019,1,12,0,1190.86999497916
2019,1,12,6,1179.35176569809
2019,1,12,12,1099.39571378636
2019,1,12,18,1039.42867485255
2019,1,13,0,972.775452755262
2019,1,13,6,973.935829541223
2019,1,13,12,927.791692456105
2019,1,13,18,881.647555370986
2019,1,14,0,860.476553002394
2019,1,14,6,839.982418172025
2019,1,14,12,822.089301571911
2019,1,14,18,796.24368870508
2019,1,15,0,782.890749745061
2019,1,15,6,761.785281108033
2019,1,15,12,753.921691109499
2019,1,15,18,729.347972364078
2019,1,16,0,719.000842426718
2019,1,16,6,709.369625237852
2019,1,16,12,661.344601244316
2019,1,16,18,653.340430578727
2019,1,17,0,624.888839942805
2019,1,17,6,627.450557483407
2019,1,17,12,642.582001795708
2019,1,17,18,634.511898162481
2019,1,18,0,678.022759388345
2019,1,18,6,1307.2070890996
2019,1,18,12,1623.79630599091
2019,1,18,18,1378.69497678473
2019,1,19,0,1182.58056403616
2019,1,19,6,1230.32297349189
2019,1,19,12,1550.4069991158
2019,1,19,18,1370.35973470235
2019,1,20,0,1235.23907065028
2019,1,20,6,1142.0977953432
2019,1,20,12,1024.95955992338
2019,1,20,18,968.342746137137
2019,1,21,0,893.96252815411
2019,1,21,6,855.925659993595
2019,1,21,12,821.17229792889
2019,1,21,18,778.475310249395
2019,1,22,0,746.888463240161
2019,1,22,6,716.094644396804
2019,1,22,12,741.063076907153
2019,1,22,18,783.010043524539
2019,1,23,0,1284.77958159845
2019,1,23,6,1977.47169463673
2019,1,23,12,2479.5240937932
2019,1,23,18,1864.76605400977
2019,1,24,0,1511.69273486737
2019,1,24,6,1320.02682833226
2019,1,24,12,1183.13515724595
2019,1,24,18,1104.91134519663
2019,1,25,0,1032.16356736405
2019,1,25,6,988.243121129906
2019,1,25,12,915.113130166293
2019,1,25,18,860.759758504149
2019,1,26,0,831.602872085881
2019,1,26,6,792.986486733484
2019,1,26,12,767.955347632048
2019,1,26,18,733.912998454096
2019,1,27,0,714.687740952003
2019,1,27,6,703.549440300478
2019,1,27,12,678.741632109347
2019,1,27,18,655.918448573507
2019,1,28,0,640.893963577167
2019,1,28,6,641.74720071334
2019,1,28,12,625.827890308048
2019,1,28,18,588.019528095479
2019,1,29,0,599.914463031738
2019,1,29,6,582.115725246697
2019,1,29,12,560.446442750204
2019,1,29,18,538.777160253711
2019,1,30,0,541.413617790183
2019,1,30,6,530.131812992333
2019,1,30,12,509.244818484192
2019,1,30,18,509.244818484192
2019,1,31,0,497.32387304383
2019,1,31,6,471.920951147769
2019,1,31,12,478.746254160237
2019,1,31,18,471.920951147769
2019,2,1,0,513.556183097242
2019,2,1,6,628.849014290694
2019,2,1,12,888.143212861423
2019,2,1,18,2205.21234298471
2019,2,2,0,3961.5737922782
2019,2,2,6,2387.92891753254
2019,2,2,12,1788.6417374568
2019,2,2,18,1429.06942941136
2019,2,3,0,1307.65041398709
2019,2,3,6,1182.47784705746
2019,2,3,12,1082.26786001869
2019,2,3,18,1042.18386520318
2019,2,4,0,958.381234662115
2019,2,4,6,906.309653606797
2019,2,4,12,800.557054985284
2019,2,4,18,774.860161862299
2019,2,5,0,750.195099016343
2019,2,5,6,725.749039556264
2019,2,5,12,684.248745802001
2019,2,5,18,659.596663597158
2019,2,6,0,646.608705007766
2019,2,6,6,634.529850891383
2019,2,6,12,613.952645267294
2019,2,6,18,594.566282776182
2019,2,7,0,579.294752177774
2019,2,7,6,564.825172023503
2019,2,7,12,548.210354607984
2019,2,7,18,532.39019282121
2019,2,8,0,521.854406545386
2019,2,8,6,516.977807451039
2019,2,8,12,508.210938416284
2019,2,8,18,499.929243945175
2019,2,9,0,483.908717714002
2019,2,9,6,468.651047816429
2019,2,9,12,461.986990574588
2019,2,9,18,455.769419491426
2019,2,10,0,447.277128166355
2019,2,10,6,439.058647914819
2019,2,10,12,433.896250740147
2019,2,10,18,428.833123474551
2019,2,11,0,421.14637754665
2019,2,11,6,413.788556253019
2019,2,11,12,409.655709050961
2019,2,11,18,405.653316848089
2019,2,12,0,400.658604080388
2019,2,12,6,395.860405008219
2019,2,12,12,389.715757682676
2019,2,12,18,383.690039910285
2019,2,13,0,380.809011170658
2019,2,13,6,377.918500044816
2019,2,13,12,372.237121682592
2019,2,13,18,366.676563514028
2019,2,14,0,361.526585287564
2019,2,14,6,356.431243411054
2019,2,14,12,351.134161745697
2019,2,14,18,364.97358910905
2019,2,15,0,373.395412625155
2019,2,15,6,375.56516356413
2019,2,15,12,375.56516356413
2019,2,15,18,375.56516356413
2019,2,16,0,373.213609164348
2019,2,16,6,358.995307292807
2019,2,16,12,353.061500560695
2019,2,16,18,342.182854885155
2019,2,17,0,342.307169596906
2019,2,17,6,336.493380976128
2019,2,17,12,324.6171440005
2019,2,17,18,319.668711927321
2019,2,18,0,320.134097530623
2019,2,18,6,309.680780389412
2019,2,18,12,303.725380766539
2019,2,18,18,303.725380766539
2019,2,19,0,301.603189725315
2019,2,19,6,298.383018940588
2019,2,19,12,298.383018940588
2019,2,19,18,309.509165409559
2019,2,20,0,317.846025056703
2019,2,20,6,304.131887912978
2019,2,20,12,293.199042269048
2019,2,20,18,293.199042269048
2019,2,21,0,293.094267006097
2019,2,21,6,283.05763483617
2019,2,21,12,277.098526734355
2019,2,21,18,272.132603316177
2019,2,22,0,274.328185182594
2019,2,22,6,271.482500843141
2019,2,22,12,271.482500843141
2019,2,22,18,292.676302024204
2019,2,23,0,286.389080625583
2019,2,23,6,269.141545632909
2019,2,23,12,264.13891467319
2019,2,23,18,269.141545632909
2019,2,24,0,268.767043664604
2019,2,24,6,263.403812635862
2019,2,24,12,258.415104063213
2019,2,24,18,258.415104063213
2019,2,25,0,258.764860513519
2019,2,25,6,254.112607512832
2019,2,25,12,244.108174146185
2019,2,25,18,244.108174146185
2019,2,26,0,248.577201393574
2019,2,26,6,238.082665586812
2019,2,26,12,223.140238876342
2019,2,26,18,228.121047779832
2019,2,27,0,252.734967255227
2019,2,27,6,227.597927980902
2019,2,27,12,213.683644174209
2019,2,27,18,232.567315054721
2019,2,28,0,247.567167269101
2019,2,28,6,232.739623047669
2019,2,28,12,222.793485310589
2019,2,28,18,218.815030215757
2019,3,1,0,219.736636884517
2019,3,1,6,220.659175011106
2019,3,1,12,215.644193760854
2019,3,1,18,211.632208760652
2019,3,2,0,220.392165270057
2019,3,2,6,215.122450237025
2019,3,2,12,211.12017209308
2019,3,2,18,206.117324413149
2019,3,3,0,210.887912283962
2019,3,3,6,210.655732819932
2019,3,3,12,205.663890809981
2019,3,3,18,205.663890809981
2019,3,4,0,201.145185420864
2019,3,4,6,201.618873119541
2019,3,4,12,197.606557236565
2019,3,4,18,193.594241353589
2019,3,5,0,205.215242704395
2019,3,5,6,194.895154829124
2019,3,5,12,182.034053241416
2019,3,5,18,185.991315268403
2019,3,6,0,212.944011482176
2019,3,6,6,195.33728925781
2019,3,6,12,186.413250662276
2019,3,6,18,191.371049882017
2019,3,7,0,208.812512231688
2019,3,7,6,198.529233851311
2019,3,7,12,194.578403326907
2019,3,7,18,194.578403326907
2019,3,8,0,191.815630124781
2019,3,8,6,197.005582367122
2019,3,8,12,188.005327335122
2019,3,8,18,193.005469019566
2019,3,9,0,188.151460184783
2019,3,9,6,184.291178005396
2019,3,9,12,180.284848048757
2019,3,9,18,175.276935602958
2019,3,10,0,188.142745719194
2019,3,10,6,183.98827228954
2019,3,10,12,174.988845927552
2019,3,10,18,170.989100877779
2019,3,11,0,183.924664426606
2019,3,11,6,174.867862841548
2019,3,11,12,183.861067216257
2019,3,11,18,179.864087494164
2019,3,12,0,234.889507129485
2019,3,12,6,319.651731365404
2019,3,12,12,287.384048703913
2019,3,12,18,271.250207373167
2019,3,13,0,264.538269897984
2019,3,13,6,252.914345217239
2019,3,13,12,242.957087531521
2019,3,13,18,237.978458688662
2019,3,14,0,243.762172223799
2019,3,14,6,244.568249073022
2019,3,14,12,234.544960176587
2019,3,14,18,239.556604624805
2019,3,15,0,254.89806352743
2019,3,15,6,260.228246694517
2019,3,15,12,260.228246694517
2019,3,15,18,275.299380672964
2019,3,16,0,313.590202178959
2019,3,16,6,324.760718927049
2019,3,16,12,313.70075636297
2019,3,16,18,324.760718927049
2019,3,17,0,383.965481269994
2019,3,17,6,410.107697816492
2019,3,17,12,397.986288028812
2019,3,17,18,404.046992922652
2019,3,18,0,487.752577796682
2019,3,18,6,549.948960918281
2019,3,18,12,542.911222844372
2019,3,18,18,542.911222844372
2019,3,19,0,672.704156122038
2019,3,19,6,731.302587819958
2019,3,19,12,681.876619815575
2019,3,19,18,681.876619815575
2019,3,20,0,873.185406455695
2019,3,20,6,913.506644681785
2019,3,20,12,876.884997456235
2019,3,20,18,904.351232875398
2019,3,21,0,1145.3269225212
2019,3,21,6,1091.33482911672
2019,3,21,12,965.335262482332
2019,3,21,18,864.138760146054
2019,3,22,0,909.057006496441
2019,3,22,6,926.166216769623
2019,3,22,12,844.940944282876
2019,3,22,18,802.347203832508
2019,3,23,0,840.033580202645
2019,3,23,6,868.994278147196
2019,3,23,12,834.074875466195
2019,3,23,18,782.194620054422
2019,3,24,0,805.439036374145
2019,3,24,6,768.060348502962
2019,3,24,12,710.579703066611
2019,3,24,18,662.018468129005
2019,3,25,0,657.243740026653
2019,3,25,6,659.40711641253
2019,3,25,12,627.48423029271
2019,3,25,18,612.520377424044
2019,3,26,0,655.933378437913
2019,3,26,6,890.041575542528
2019,3,26,12,1082.20964298921
2019,3,26,18,973.988678690289
2019,3,27,0,931.585528078927
2019,3,27,6,811.581524493638
2019,3,27,12,752.700156332068
2019,3,27,18,695.78150044255
2019,3,28,0,660.289709884342
2019,3,28,6,626.220537088213
2019,3,28,12,603.322170867181
2019,3,28,18,581.419385786194
2019,3,29,0,581.784941668268
2019,3,29,6,575.172273918878
2019,3,29,12,553.241961915039
2019,3,29,18,553.241961915039
2019,3,30,0,574.903453934309
2019,3,30,6,611.48300440727
2019,3,30,12,588.577289258463
2019,3,30,18,574.63468003745
2019,3,31,0,603.705620159964
2019,3,31,6,626.815558682482
2019,3,31,12,596.919745072825
2019,3,31,18,567.023931463168
2019,4,1,0,582.778388792986
2019,4,1,6,628.553564067246
2019,4,1,12,605.569888433627
2019,4,1,18,568.596149370848
2019,4,2,0,595.775608277119
2019,4,2,6,630.603395921792
2019,4,2,12,592.984982978263
2019,4,2,18,563.286235917582
2019,4,3,0,614.491617545111
2019,4,3,6,703.446319868487
2019,4,3,12,790.695475821168
2019,4,3,18,1123.33288289076
2019,4,4,0,1918.50280317869
2019,4,4,6,1495.18692648865
2019,4,4,12,1171.38848380958
2019,4,4,18,990.442295253629
2019,4,5,0,1007.52362198697
2019,4,5,6,957.266774204749
2019,4,5,12,910.171296543339
2019,4,5,18,919.385629129267
2019,4,6,0,1330.79934944591
2019,4,6,6,1290.45612309799
2019,4,6,12,1091.92441185215
2019,4,6,18,992.658556229224
2019,4,7,0,879.13883632228
2019,4,7,6,858.06663159284
2019,4,7,12,797.972412847532
2019,4,7,18,746.744554244974
2019,4,8,0,747.288538968965
2019,4,8,6,707.381021475295
2019,4,8,12,666.931060693584
2019,4,8,18,652.132294553933
2019,4,9,0,735.82521334236
2019,4,9,6,1092.68510941362
2019,4,9,12,1286.7133064123
2019,4,9,18,1082.47309904527
2019,4,10,0,980.429505016959
2019,4,10,6,903.546929617941
2019,4,10,12,894.581193822394
2019,4,10,18,1055.96443814225
2019,4,11,0,1207.38895831441
2019,4,11,6,1129.42731948984
2019,4,11,12,1039.47293121189
2019,4,11,18,1009.48813511924
2019,4,12,0,1315.82966319659
2019,4,12,6,1391.86977551705
2019,4,12,12,1173.14738222151
2019,4,12,18,1073.72811254172
2019,4,13,0,1006.68354712716
2019,4,13,6,1039.65759365581
2019,4,13,12,1247.58911238698
2019,4,13,18,1382.74459956223
2019,4,14,0,1493.33092957806
2019,4,14,6,1398.44810612505
2019,4,14,12,1348.14421741551
2019,4,14,18,1247.53643999644
2019,4,15,0,1238.41390330853
2019,4,15,6,1072.96420176256
2019,4,15,12,1014.43888166642
2019,4,15,18,946.159341554255
2019,4,16,0,934.459500427121
2019,4,16,6,895.77867733278
2019,4,16,12,842.328899900769
2019,4,16,18,798.777229400611
2019,4,17,0,831.773834634251
2019,4,17,6,1027.40606779623
2019,4,17,12,1249.00345496796
2019,4,17,18,1158.34997839771
2019,4,18,0,1098.69886196021
2019,4,18,6,1039.94058399082
2019,4,18,12,1099.36576021887
2019,4,18,18,1327.16226909305
2019,4,19,0,2608.38467738415
2019,4,19,6,4444.86017419602
2019,4,19,12,4666.57528977349
2019,4,19,18,4011.98780568761
2019,4,20,0,2824.7430388929
2019,4,20,6,2140.25737747432
2019,4,20,12,1786.73272137365
2019,4,20,18,1547.86471049482
2019,4,21,0,1505.56434554728
2019,4,21,6,1401.99965645576
2019,4,21,12,1263.77433821364
2019,4,21,18,1165.0419680407
2019,4,22,0,1152.79569103386
2019,4,22,6,1109.15878439968
2019,4,22,12,1037.92840375016
2019,4,22,18,1013.50655895604
2019,4,23,0,1086.01935005957
2019,4,23,6,1063.17393656181
2019,4,23,12,1023.42911650342
2019,4,23,18,1013.49291148883
2019,4,24,0,1033.7889138129
2019,4,24,6,1014.32330376992
2019,4,24,12,942.724011739099
2019,4,24,18,888.030108104447
2019,4,25,0,868.055446481143
2019,4,25,6,858.047704574243
2019,4,25,12,814.401347347345
2019,4,25,18,771.746952784695
2019,4,26,0,771.552946534408
2019,4,26,6,745.580904681237
2019,4,26,12,729.717481177381
2019,4,26,18,704.930881952605
2019,4,27,0,691.988481523167
2019,4,27,6,718.909422803725
2019,4,27,12,701.911564406419
2019,4,27,18,661.91660347158
2019,4,28,0,630.536291612135
2019,4,28,6,607.183097911549
2019,4,28,12,585.212656868697
2019,4,28,18,562.243559414806
2019,4,29,0,540.184972936525
2019,4,29,6,538.104003192711
2019,4,29,12,524.178945808796
2019,4,29,18,503.291359732924
2019,4,30,0,496.66679508709
2019,4,30,6,497.004911771536
2019,4,30,12,490.032898981154
2019,4,30,18,470.112862437205
2019,5,1,0,461.031190722312
2019,5,1,6,478.664996193058
2019,5,1,12,464.847862282331
2019,5,1,18,452.017666508084
2019,5,2,0,451.908589297905
2019,5,2,6,479.082934365312
2019,5,2,12,471.962805829097
2019,5,2,18,471.962805829097
2019,5,3,0,454.073524279027
2019,5,3,6,449.423073020707
2019,5,3,12,449.423073020707
2019,5,3,18,436.468527678647
2019,5,4,0,435.29769826803
2019,5,4,6,440.073926876078
2019,5,4,12,427.188879467544
2019,5,4,18,421.241934509759
2019,5,5,0,435.69248872512
2019,5,5,6,512.46497170756
2019,5,5,12,485.387566157454
2019,5,5,18,465.330228712931
2019,5,6,0,541.942331218978
2019,5,6,6,646.786471793426
2019,5,6,12,578.492248063686
2019,5,6,18,556.397058033476
2019,5,7,0,750.705306745062
2019,5,7,6,782.178964605
2019,5,7,12,659.150815440787
2019,5,7,18,598.136855286176
2019,5,8,0,786.362663480612
2019,5,8,6,790.556066550195
2019,5,8,12,706.647941839624
2019,5,8,18,658.122761284114
2019,5,9,0,870.982930978514
2019,5,9,6,863.480788941602
2019,5,9,12,760.141315926727
2019,5,9,18,702.509686745354
2019,5,10,0,948.752633812293
2019,5,10,6,870.413637993873
2019,5,10,12,749.21680232384
2019,5,10,18,699.135465270107
2019,5,11,0,1053.71894264184
2019,5,11,6,955.124633870271
2019,5,11,12,853.668261817528
2019,5,11,18,835.221648717029
2019,5,12,0,1082.2473174122
2019,5,12,6,904.091847833845
2019,5,12,12,789.488655854907
2019,5,12,18,674.885463875969
2019,5,13,0,772.823638901189
2019,5,13,6,722.856522742991
2019,5,13,12,643.518611710224
2019,5,13,18,583.770308339868
2019,5,14,0,582.885652822183
2019,5,14,6,603.986324021964
2019,5,14,12,588.578509633648
2019,5,14,18,674.862270208215
2019,5,15,0,810.257522192403
2019,5,15,6,758.323979104564
2019,5,15,12,669.803670259673
2019,5,15,18,593.086069260768
2019,5,16,0,699.317965479754
2019,5,16,6,688.241486046251
2019,5,16,12,649.227797157002
2019,5,16,18,602.21130029047
2019,5,17,0,685.319851123488
2019,5,17,6,825.450775141035
2019,5,17,12,1167.61179755497
2019,5,17,18,1258.99011214623
2019,5,18,0,970.573294811266
2019,5,18,6,781.236159150983
2019,5,18,12,691.840976760572
2019,5,18,18,614.106035551519
2019,5,19,0,655.063097904202
2019,5,19,6,632.936738312556
2019,5,19,12,579.858182726218
2019,5,19,18,528.782591501629
2019,5,20,0,573.779757449209
2019,5,20,6,603.84736447986
2019,5,20,12,574.709970852712
2019,5,20,18,596.814200500894
2019,5,21,0,595.478465417507
2019,5,21,6,594.143272015143
2019,5,21,12,549.132418074602
2019,5,21,18,521.125664511599
2019,5,22,0,547.718058981265
2019,5,22,6,546.304788229593
2019,5,22,12,511.476614116595
2019,5,22,18,490.579709648796
2019,5,23,0,555.560347400408
2019,5,23,6,587.953267003199
2019,5,23,12,550.829937857946
2019,5,23,18,507.686609391841
2019,5,24,0,663.499179447278
2019,5,24,6,646.773095440881
2019,5,24,12,623.745570371005
2019,5,24,18,578.69171697342
2019,5,25,0,550.08114052576
2019,5,25,6,530.37409395091
2019,5,25,12,495.150008014891
2019,5,25,18,537.418911138114
2019,5,26,0,628.031480957143
2019,5,26,6,562.805900736871
2019,5,26,12,512.44958330252
2019,5,26,18,471.967053600394
2019,5,27,0,501.524745375714
2019,5,27,6,525.40676137441
2019,5,27,12,490.446235427443
2019,5,27,18,450.49134863091
2019,5,28,0,581.785662997562
2019,5,28,6,573.276707752403
2019,5,28,12,508.696142754299
2019,5,28,18,461.005879371083
2019,5,29,0,564.257421670608
2019,5,29,6,549.33017473993
2019,5,29,12,485.983992427578
2019,5,29,18,452.33133307414
2019,5,30,0,468.451311987226
2019,5,30,6,490.704894746737
2019,5,30,12,450.728935907899
2019,5,30,18,424.744562662654
2019,5,31,0,519.1921966099
2019,5,31,6,519.696561107718
2019,5,31,12,478.64153412233
2019,5,31,18,438.587849258537
2019,6,1,0,558.955404090856
2019,6,1,6,519.602437036222
2019,6,1,12,451.441661075196
2019,6,1,18,406.988981100615
2019,6,2,0,452.978980820257
2019,6,2,6,475.404444998002
2019,6,2,12,422.692236661403
2019,6,2,18,378.931158042341
2019,6,3,0,416.965018612406
2019,6,3,6,436.123666888172
2019,6,3,12,392.312156972466
2019,6,3,18,355.470659997894
2019,6,4,0,327.222016904685
2019,6,4,6,345.840897786563
2019,6,4,12,322.851473945259
2019,6,4,18,300.861590270969
2019,6,5,0,285.670400861174
2019,6,5,6,302.555801985665
2019,6,5,12,291.498945434694
2019,6,5,18,275.416244996917
2019,6,6,0,343.386948621369
2019,6,6,6,461.47853420606
2019,6,6,12,386.035122032246
2019,6,6,18,333.126755053207
2019,6,7,0,311.333020887663
2019,6,7,6,445.028729435972
2019,6,7,12,485.670622535148
2019,6,7,18,464.333628658081
2019,6,8,0,450.599996598788
2019,6,8,6,392.909916808753
2019,6,8,12,374.246695760337
2019,6,8,18,350.672100751812
2019,6,9,0,329.743662936834
2019,6,9,6,314.543770463174
2019,6,9,12,309.582512253976
2019,6,9,18,292.714234342702
2019,6,10,0,276.574634245664
2019,6,10,6,282.253401946276
2019,6,10,12,276.311225063197
2019,6,10,18,266.407596924731
2019,6,11,0,257.481190329423
2019,6,11,6,278.416900009234
2019,6,11,12,278.416900009234
2019,6,11,18,263.448249471104
2019,6,12,0,285.954725635705
2019,6,12,6,336.938368980062
2019,6,12,12,325.841596348982
2019,6,12,18,308.692038646404
2019,6,13,0,347.101071949782
2019,6,13,6,362.120689994708
2019,6,13,12,327.205471951141
2019,6,13,18,305.258763466613
2019,6,14,0,311.729300511225
2019,6,14,6,312.214768124525
2019,6,14,12,290.199624218309
2019,6,14,18,269.185168671465
2019,6,15,0,249.07146006421
2019,6,15,6,253.970930423746
2019,6,15,12,253.970930423746
2019,6,15,18,238.972647131005
2019,6,16,0,233.099524685179
2019,6,16,6,247.113060533425
2019,6,16,12,242.150950884159
2019,6,16,18,232.226731585628
2019,6,17,0,227.919058460147
2019,6,17,6,258.518262480016
2019,6,17,12,248.536862384263
2019,6,17,18,228.574062192756
2019,6,18,0,228.822471572435
2019,6,18,6,249.076937842062
2019,6,18,12,239.073847968887
2019,6,18,18,229.070758095712
2019,6,19,0,224.734530027377
2019,6,19,6,225.400362166839
2019,6,19,12,230.43162025092
2019,6,19,18,221.375355699574
2019,6,20,0,220.850743246332
2019,6,20,6,220.326545505725
2019,6,20,12,215.319124016958
2019,6,20,18,201.298343848412
2019,6,21,0,193.261210116809
2019,6,21,6,197.240839758142
2019,6,21,12,206.251842589732
2019,6,21,18,197.240839758142
2019,6,22,0,189.271847158651
2019,6,22,6,190.315744679487
2019,6,22,12,190.315744679487
2019,6,22,18,182.217202352701
2019,6,23,0,181.030624309071
2019,6,23,6,179.84641527163
2019,6,23,12,183.843002277666
2019,6,23,18,179.84641527163
2019,6,24,0,179.897802704055
2019,6,24,6,174.95055292739
2019,6,24,12,174.95055292739
2019,6,24,18,170.951683146193
2019,6,25,0,170.396703313379
2019,6,25,6,165.86932798859
2019,6,25,12,165.86932798859
2019,6,25,18,161.896409952935
2019,6,26,0,154.332848718422
2019,6,26,6,154.712359894515
2019,6,26,12,158.704936924051
2019,6,26,18,154.712359894515
2019,6,27,0,165.408299212948
2019,6,27,6,264.241095137177
2019,6,27,12,466.753737721817
2019,6,27,18,419.10370417249
2019,6,28,0,326.393919372457
2019,6,28,6,396.667537574683
2019,6,28,12,348.793869246704
2019,6,28,18,304.828255476111
2019,6,29,0,269.027631720939
2019,6,29,6,250.623429496015
2019,6,29,12,235.822833265935
2019,6,29,18,221.022237035855
2019,6,30,0,204.034728512796
2019,6,30,6,199.836662985536
2019,6,30,12,195.859813970899
2019,6,30,18,182.935054673327
2019,7,1,0,174.702478178606
2019,7,1,6,180.42936479702
2019,7,1,12,180.42936479702
2019,7,1,18,171.407896557169
2019,7,2,0,168.764287623197
2019,7,2,6,178.283381726557
2019,7,2,12,174.208333001379
2019,7,2,18,174.208333001379
2019,7,3,0,185.835439028838
2019,7,3,6,188.227635754933
2019,7,3,12,180.217949127064
2019,7,3,18,171.20705167071
2019,7,4,0,166.859499139931
2019,7,4,6,162.527928524541
2019,7,4,12,162.527928524541
2019,7,4,18,158.539513100626
2019,7,5,0,153.949595676944
2019,7,5,6,153.348705817774
2019,7,5,12,153.348705817774
2019,7,5,18,153.348705817774
2019,7,6,0,149.95828015903
2019,7,6,6,146.538401694983
2019,7,6,12,146.538401694983
2019,7,6,18,146.538401694983
2019,7,7,0,138.811242795258
2019,7,7,6,139.058998305593
2019,7,7,12,139.058998305593
2019,7,7,18,139.058998305593
2019,7,8,0,138.834807675299
2019,7,8,6,138.610714991964
2019,7,8,12,142.599512545689
2019,7,8,18,135.619116826669
2019,7,9,0,131.506483282462
2019,7,9,6,131.382711956753
2019,7,9,12,131.382711956753
2019,7,9,18,131.382711956753
2019,7,10,0,128.197221307492
2019,7,10,6,140.079920482928
2019,7,10,12,172.328535270364
2019,7,10,18,194.499457936727
2019,7,11,0,249.98708866988
2019,7,11,6,569.089367652867
2019,7,11,12,622.097691880639
2019,7,11,18,606.095178906217
2019,7,12,0,435.447992253173
2019,7,12,6,348.997667259708
2019,7,12,12,299.96493714884
2019,7,12,18,268.237876488866
2019,7,13,0,242.15160233333
2019,7,13,6,225.247778898206
2019,7,13,12,211.47717232801
2019,7,13,18,202.624639532884
2019,7,14,0,191.148911063239
2019,7,14,6,183.485979891068
2019,7,14,12,179.497154241262
2019,7,14,18,174.511122179005
2019,7,15,0,165.862620145931
2019,7,15,6,161.236429184453
2019,7,15,12,161.236429184453
2019,7,15,18,157.279706995877
2019,7,16,0,154.632354912154
2019,7,16,6,155.946255036327
2019,7,16,12,159.970674521136
2019,7,16,18,151.921835551519
2019,7,17,0,149.690043208124
2019,7,17,6,143.557700128557
2019,7,17,12,147.464032104844
2019,7,17,18,192.386849832148
2019,7,18,0,1091.49255003631
2019,7,18,6,1458.76798421558
2019,7,18,12,847.057942834512
2019,7,18,18,597.12236153891
2019,7,19,0,486.611134852816
2019,7,19,6,411.354153633151
2019,7,19,12,379.938084620595
2019,7,19,18,344.59500698147
2019,7,20,0,313.614386373882
2019,7,20,6,289.10034950822
2019,7,20,12,273.149985397422
2019,7,20,18,258.196519043548
2019,7,21,0,237.491863406972
2019,7,21,6,226.821389072323
2019,7,21,12,221.868956996508
2019,7,21,18,208.992633599389
2019,7,22,0,199.142162066534
2019,7,22,6,191.268267503531
2019,7,22,12,191.268267503531
2019,7,22,18,186.313131039709
2019,7,23,0,175.158606358539
2019,7,23,6,172.848783741042
2019,7,23,12,172.848783741042
2019,7,23,18,168.805537337743
2019,7,24,0,163.835025085819
2019,7,24,6,158.911869031268
2019,7,24,12,158.911869031268
2019,7,24,18,158.911869031268
2019,7,25,0,154.693932193306
2019,7,25,6,154.473660157233
2019,7,25,12,150.487243120917
2019,7,25,18,146.500826084601
2019,7,26,0,142.382449263356
2019,7,26,6,138.271517236629
2019,7,26,12,138.271517236629
2019,7,26,18,138.271517236629
2019,7,27,0,131.988605985321
2019,7,27,6,132.670182023868
2019,7,27,12,132.670182023868
2019,7,27,18,136.690490570046
2019,7,28,0,135.949498014177
2019,7,28,6,135.209962391986
2019,7,28,12,131.233198792222
2019,7,28,18,127.256435192457
2019,7,29,0,124.651546179513
2019,7,29,6,125.029840664593
2019,7,29,12,125.029840664593
2019,7,29,18,121.028885763326
2019,7,30,0,117.170955764603
2019,7,30,6,116.315757974867
2019,7,30,12,116.315757974867
2019,7,30,18,116.315757974867
2019,7,31,0,112.935216786454
2019,7,31,6,113.498829960009
2019,7,31,12,110.512018645272
2019,7,31,18,110.512018645272
2019,8,1,0,106.017591628739
2019,8,1,6,105.505531260921
2019,8,1,12,105.505531260921
2019,8,1,18,105.505531260921
2019,8,2,0,108.95197103968
2019,8,2,6,130.369549420348
2019,8,2,12,153.859558324915
2019,8,2,18,214.93358147679
2019,8,3,0,268.715297999613
2019,8,3,6,186.372723784057
2019,8,3,12,170.289798381372
2019,8,3,18,157.991090720495
2019,8,4,0,157.985553912002
2019,8,4,6,153.879453647148
2019,8,4,12,149.908370972383
2019,8,4,18,149.908370972383
2019,8,5,0,142.618492371836
2019,8,5,6,139.262018056157
2019,8,5,12,139.262018056157
2019,8,5,18,136.256362990197
2019,8,6,0,131.822094055024
2019,8,6,6,131.395928731745
2019,8,6,12,131.395928731745
2019,8,6,18,131.395928731745
2019,8,7,0,127.801949176307
2019,8,7,6,125.185616566533
2019,8,7,12,125.185616566533
2019,8,7,18,125.185616566533
2019,8,8,0,121.084396985636
2019,8,8,6,120.989155797762
2019,8,8,12,120.989155797762
2019,8,8,18,120.989155797762
2019,8,9,0,120.980686415803
2019,8,9,6,120.97221714257
2019,8,9,12,120.97221714257
2019,8,9,18,120.97221714257
2019,8,10,0,121.185996499132
2019,8,10,6,121.399873692169
2019,8,10,12,125.413092657199
2019,8,10,18,128.423006880972
2019,8,11,0,128.342082851975
2019,8,11,6,128.261173330596
2019,8,11,12,125.25505208066
2019,8,11,18,128.261173330596
2019,8,12,0,132.103047298902
2019,8,12,6,131.93683744509
2019,8,12,12,135.934923428274
2019,8,12,18,135.934923428274
2019,8,13,0,132.283723960695
2019,8,13,6,125.597651621013
2019,8,13,12,118.564183130236
2019,8,13,18,125.597651621013
2019,8,14,0,120.197119378515
2019,8,14,6,115.874359475588
2019,8,14,12,115.874359475588
2019,8,14,18,115.874359475588
2019,8,15,0,112.556898756942
2019,8,15,6,110.190591668678
2019,8,15,12,110.190591668678
2019,8,15,18,110.190591668678
2019,8,16,0,106.299421021317
2019,8,16,6,106.379027480212
2019,8,16,12,106.379027480212
2019,8,16,18,106.379027480212
2019,8,17,0,103.426505787596
2019,8,17,6,103.456542732169
2019,8,17,12,106.440866080212
2019,8,17,18,106.440866080212
2019,8,18,0,103.89684136935
2019,8,18,6,104.337187802669
2019,8,18,12,104.337187802669
2019,8,18,18,104.337187802669
2019,8,19,0,102.080208009949
2019,8,19,6,102.834821120562
2019,8,19,12,96.1149219186244
2019,8,19,18,99.3730548650184
2019,8,20,0,98.0739164684658
2019,8,20,6,96.7810093694704
2019,8,20,12,96.7810093694704
2019,8,20,18,96.7810093694704
2019,8,21,0,98.0403970273445
2019,8,21,6,96.0506987497148
2019,8,21,12,108.871025065884
2019,8,21,18,130.238235592834
2019,8,22,0,159.63918886568
2019,8,22,6,169.395581154339
2019,8,22,12,157.508171950526
2019,8,22,18,137.695823277504
2019,8,23,0,127.162107967124
2019,8,23,6,124.536866538637
2019,8,23,12,124.536866538637
2019,8,23,18,131.510931064801
2019,8,24,0,135.668288841219
2019,8,24,6,138.836870065024
2019,8,24,12,127.849779628224
2019,8,24,18,124.853300418187
2019,8,25,0,121.252011982904
2019,8,25,6,121.646512420129
2019,8,25,12,125.667884731538
2019,8,25,18,125.667884731538
2019,8,26,0,124.78325990546
2019,8,26,6,123.900739169693
2019,8,26,12,119.935915516263
2019,8,26,18,116.96229777619
2019,8,27,0,113.618974128051
2019,8,27,6,111.235395200185
2019,8,27,12,111.235395200185
2019,8,27,18,107.226912490269
2019,8,28,0,106.985538246839
2019,8,28,6,103.751521005433
2019,8,28,12,103.751521005433
2019,8,28,18,100.758688668738
2019,8,29,0,100.491009510565
2019,8,29,6,96.8497473130708
2019,8,29,12,96.8497473130708
2019,8,29,18,96.8497473130708
2019,8,30,0,94.4105564114959
2019,8,30,6,98.3737950809523
2019,8,30,12,104.824535741998
2019,8,30,18,107.848320426864
2019,8,31,0,107.496059890493
2019,8,31,6,101.13618819978
2019,8,31,12,97.7316036465198
2019,8,31,18,97.7316036465198
2019,9,1,0,94.5052268276515
2019,9,1,6,94.4831578952058
2019,9,1,12,94.4831578952058
2019,9,1,18,94.4831578952058
2019,9,2,0,94.5957714850724
2019,9,2,6,91.5982617968995
2019,9,2,12,91.5982617968995
2019,9,2,18,91.5982617968995
2019,9,3,0,91.814696538607
2019,9,3,6,88.9064491631526
2019,9,3,12,92.0312790090231
2019,9,3,18,92.0312790090231
2019,9,4,0,88.6472580715055
2019,9,4,6,88.3882478827382
2019,9,4,12,88.3882478827382
2019,9,4,18,88.3882478827382
2019,9,5,0,88.2232864357489
2019,9,5,6,88.0583290216415
2019,9,5,12,85.063147762402
2019,9,5,18,85.063147762402
2019,9,6,0,85.0074159190493
2019,9,6,6,84.951689578495
2019,9,6,12,84.951689578495
2019,9,6,18,84.951689578495
2019,9,7,0,82.082540624126
2019,9,7,6,82.204724664577
2019,9,7,12,82.204724664577
2019,9,7,18,82.204724664577
2019,9,8,0,91.0889393644867
2019,9,8,6,103.513558807926
2019,9,8,12,127.401303148217
2019,9,8,18,142.331143360898
2019,9,9,0,122.419358664486
2019,9,9,6,128.529559300707
2019,9,9,12,155.263707635255
2019,9,9,18,206.675531355538
2019,9,10,0,184.642480279805
2019,9,10,6,184.039780689933
2019,9,10,12,155.650665583507
2019,9,10,18,143.903445539469
2019,9,11,0,160.170374431866
2019,9,11,6,164.721216346654
2019,9,11,12,152.884961279828
2019,9,11,18,137.103287857394
2019,9,12,0,130.410283739158
2019,9,12,6,123.69421601984
2019,9,12,12,119.736001107205
2019,9,12,18,119.736001107205
2019,9,13,0,167.257513101017
2019,9,13,6,399.326506952747
2019,9,13,12,504.732488483421
2019,9,13,18,350.677592400128
2019,9,14,0,331.268994399544
2019,9,14,6,909.757490454083
2019,9,14,12,1238.13149588425
2019,9,14,18,780.561160448769
2019,9,15,0,571.832196064744
2019,9,15,6,1040.16551040321
2019,9,15,12,2897.06940718675
2019,9,15,18,2159.43918912075
2019,9,16,0,1794.80795920206
2019,9,16,6,1269.76978569195
2019,9,16,12,982.449615206911
2019,9,16,18,774.837621049979
2019,9,17,0,711.094215002586
2019,9,17,6,709.995744153802
2019,9,17,12,662.324601332047
2019,9,17,18,795.195233452259
2019,9,18,0,1017.86193354365
2019,9,18,6,1030.74451914242
2019,9,18,12,837.35721412237
2019,9,18,18,695.997965782837
2019,9,19,0,605.947621064257
2019,9,19,6,542.691853426165
2019,9,19,12,501.022643473882
2019,9,19,18,460.345557568082
2019,9,20,0,433.930186128056
2019,9,20,6,407.58871149432
2019,9,20,12,389.781437691171
2019,9,20,18,370.984870898957
2019,9,21,0,357.358027817011
2019,9,21,6,338.954518910965
2019,9,21,12,327.198870856249
2019,9,21,18,310.545036112069
2019,9,22,0,313.250723672943
2019,9,22,6,321.621231970238
2019,9,22,12,338.717377191247
2019,9,22,18,547.076647072298
2019,9,23,0,927.901267473796
2019,9,23,6,732.162857408617
2019,9,23,12,629.660057371411
2019,9,23,18,599.397325931855
2019,9,24,0,669.677026337672
2019,9,24,6,1266.54195982778
2019,9,24,12,978.051846755895
2019,9,24,18,788.070552781728
2019,9,25,0,664.987547006104
2019,9,25,6,582.61756354729
2019,9,25,12,547.128168813445
2019,9,25,18,497.837342794216
2019,9,26,0,455.848122641445
2019,9,26,6,494.418084760253
2019,9,26,12,3495.19319325565
2019,9,26,18,1654.58725395015
2019,9,27,0,1215.75537709319
2019,9,27,6,970.880664642628
2019,9,27,12,887.063628846142
2019,9,27,18,1007.80007326727
2019,9,28,0,932.753828732973
2019,9,28,6,816.191565286085
2019,9,28,12,732.22927507723
2019,9,28,18,667.793098870433
2019,9,29,0,618.82037362089
2019,9,29,6,578.948082012449
2019,9,29,12,550.198947802926
2019,9,29,18,514.510367404899
2019,9,30,0,485.8634427605
2019,9,30,6,465.220751128969
2019,9,30,12,445.466154478057
2019,9,30,18,425.711557827146
2019,10,1,0,409.340404991142
2019,10,1,6,393.751474407817
2019,10,1,12,386.75588983712
2019,10,1,18,368.767243798184
2019,10,2,0,356.110208454016
2019,10,2,6,349.472396895385
2019,10,2,12,338.520270496954
2019,10,2,18,332.546383370537
2019,10,3,0,322.811175410874
2019,10,3,6,324.026160962273
2019,10,3,12,329.04204580689
2019,10,3,18,335.061107620431
2019,10,4,0,364.931509635684
2019,10,4,6,378.024608684568
2019,10,4,12,436.342454652435
2019,10,4,18,569.640388293274
2019,10,5,0,771.051145312322
2019,10,5,6,728.045434465545
2019,10,5,12,656.532103931412
2019,10,5,18,573.099884974924
2019,10,6,0,521.595561308463
2019,10,6,6,479.165668460699
2019,10,6,12,452.435352244916
2019,10,6,18,426.695047740829
2019,10,7,0,417.813581817206
2019,10,7,6,421.60597298213
2019,10,7,12,637.60115125869
2019,10,7,18,3343.77150985828
2019,10,8,0,1976.21645947688
2019,10,8,6,1346.78158371336
2019,10,8,12,1119.1565273111
2019,10,8,18,1005.34399910998
2019,10,9,0,921.236212218355
2019,10,9,6,830.663983470754
2019,10,9,12,737.275724974042
2019,10,9,18,680.259735576049
2019,10,10,0,646.357079755262
2019,10,10,6,603.947873866479
2019,10,10,12,582.022373495089
2019,10,10,18,545.147668325024
2019,10,11,0,523.410277028362
2019,10,11,6,508.692823022759
2019,10,11,12,487.828468953466
2019,10,11,18,474.912440243904
2019,10,12,0,453.721153723956
2019,10,12,6,440.496909919122
2019,10,12,12,427.599477871941
2019,10,12,18,415.694155982235
2019,10,13,0,410.698203499754
2019,10,13,6,394.621731215255
2019,10,13,12,387.610685229197
2019,10,13,18,375.591749253098
2019,10,14,0,361.652879267471
2019,10,14,6,359.736292009339
2019,10,14,12,347.844183182584
2019,10,14,18,342.889137838102
2019,10,15,0,337.410128038003
2019,10,15,6,325.951662312384
2019,10,15,12,320.982886972256
2019,10,15,18,315.020356564103
2019,10,16,0,314.671278760109
2019,10,16,6,319.298886808278
2019,10,16,12,330.556219356006
2019,10,16,18,354.094278319437
2019,10,17,0,885.469359829656
2019,10,17,6,1721.83330262559
2019,10,17,12,1247.55586597423
2019,10,17,18,1897.10974660544
2019,10,18,0,4341.34326118191
2019,10,18,6,2483.43135872884
2019,10,18,12,2204.39412741099
2019,10,18,18,1823.04324460994
2019,10,19,0,2317.14375684524
2019,10,19,6,2026.38101029398
2019,10,19,12,1728.3838028978
2019,10,19,18,1648.91788092549
2019,10,20,0,1755.37123198936
2019,10,20,6,1595.82219146668
2019,10,20,12,1468.54802895706
2019,10,20,18,1448.96738857097
2019,10,21,0,1938.11108035717
2019,10,21,6,2092.26815491635
2019,10,21,12,2970.3703339227
2019,10,21,18,4618.16701551485
2019,10,22,0,10939.4602680429
2019,10,22,6,6853.04016213063
2019,10,22,12,3946.2731270696
2019,10,22,18,2695.01579409631
2019,10,23,0,2232.68331467991
2019,10,23,6,1905.96765671414
2019,10,23,12,1708.45805498211
2019,10,23,18,1402.31817229745
2019,10,24,0,1333.71961853116
2019,10,24,6,1225.53036894747
2019,10,24,12,1136.58058410451
2019,10,24,18,1067.39741811554
2019,10,25,0,1007.28788545341
2019,10,25,6,941.353024573789
2019,10,25,12,978.849266642766
2019,10,25,18,1470.24738638883
2019,10,26,0,1091.80733751718
2019,10,26,6,1000.08944683282
2019,10,26,12,907.924340948227
2019,10,26,18,836.349311910192
2019,10,27,0,803.467881698093
2019,10,27,6,754.720538869318
2019,10,27,12,721.264869610443
2019,10,27,18,680.921268445329
2019,10,28,0,666.718169227314
2019,10,28,6,637.613220137435
2019,10,28,12,621.796458087514
2019,10,28,18,592.140029243913
2019,10,29,0,574.182929090787
2019,10,29,6,547.929317685271
2019,10,29,12,533.905532589122
2019,10,29,18,519.881747492972
2019,10,30,0,510.38341983585
2019,10,30,6,487.069578189682
2019,10,30,12,480.12561271651
2019,10,30,18,467.229676837761
2019,10,31,0,460.76714917895
2019,10,31,6,448.325872902707
2019,10,31,12,435.402954171587
2019,10,31,18,428.444459470214
2019,11,1,0,410.886166643275
2019,11,1,6,406.213295032521
2019,11,1,12,400.210142889184
2019,11,1,18,387.203313245285
2019,11,2,0,385.860315341927
2019,11,2,6,372.595625104155
2019,11,2,12,372.595625104155
2019,11,2,18,360.672565100822
2019,11,3,0,354.4120820242
2019,11,3,6,348.161686150463
2019,11,3,12,343.202117971681
2019,11,3,18,337.250636157143
2019,11,4,0,332.359060742903
2019,11,4,6,327.430370038923
2019,11,4,12,322.439053422476
2019,11,4,18,316.44947348274
2019,11,5,0,311.003089045738
2019,11,5,6,310.548283337038
2019,11,5,12,299.599465655283
2019,11,5,18,299.599465655283
2019,11,6,0,293.502516918606
2019,11,6,6,288.405161477644
2019,11,6,12,288.405161477644
2019,11,6,18,277.46565535263
2019,11,7,0,277.945545985992
2019,11,7,6,273.435949595608
2019,11,7,12,268.446242486199
2019,11,7,18,263.456535376791
2019,11,8,0,263.376930813147
2019,11,8,6,258.310649224612
2019,11,8,12,253.323957154638
2019,11,8,18,248.337265084665
2019,11,9,0,248.679403672842
2019,11,9,6,244.021315110261
2019,11,9,12,244.021315110261
2019,11,9,18,249.021751895307
2019,11,10,0,253.191803568311
2019,11,10,6,247.394354521075
2019,11,10,12,247.394354521075
2019,11,10,18,242.426596398161
2019,11,11,0,232.3775247813
2019,11,11,6,232.264005765313
2019,11,11,12,232.264005765313
2019,11,11,18,227.301099659216
2019,11,12,0,223.964334251938
2019,11,12,6,225.594537484367
2019,11,12,12,250.772499257176
2019,11,12,18,270.914868675423
2019,11,13,0,273.472105724339
2019,11,13,6,266.056215099027
2019,11,13,12,256.165649481963
2019,11,13,18,246.275083864899
2019,11,14,0,237.532677580849
2019,11,14,6,233.686047994128
2019,11,14,12,228.692756370321
2019,11,14,18,223.699464746515
2019,11,15,0,230.314403733641
2019,11,15,6,227.494669335452
2019,11,15,12,274.051717943638
2019,11,15,18,377.746962570961
2019,11,16,0,627.087710905848
2019,11,16,6,458.512650464103
2019,11,16,12,383.69259453063
2019,11,16,18,365.467196290425
2019,11,17,0,389.578580136564
2019,11,17,6,783.119761287354
2019,11,17,12,5645.97706685706
2019,11,17,18,4014.47756417507
2019,11,18,0,2083.26553738791
2019,11,18,6,1452.39969512123
2019,11,18,12,1120.15139885167
2019,11,18,18,1006.23769727353
2019,11,19,0,1399.16461921686
2019,11,19,6,2157.37342169247
2019,11,19,12,2038.07166565418
2019,11,19,18,1610.57370651696
2019,11,20,0,1308.79281342519
2019,11,20,6,1107.50378830951
2019,11,20,12,980.931926788427
2019,11,20,18,887.980715983878
2019,11,21,0,818.376819663623
2019,11,21,6,776.397975982495
2019,11,21,12,725.892495402001
2019,11,21,18,685.290050229447
2019,11,22,0,646.461315746135
2019,11,22,6,615.57463716192
2019,11,22,12,584.89487228729
2019,11,22,18,563.12213592465
2019,11,23,0,530.355216152681
2019,11,23,6,519.208079070944
2019,11,23,12,512.205272609486
2019,11,23,18,498.19965968657
2019,11,24,0,514.41949850611
2019,11,24,6,735.230375675873
2019,11,24,12,979.961502134978
2019,11,24,18,777.747223916649
2019,11,25,0,683.70100557471
2019,11,25,6,635.951327316447
2019,11,25,12,643.839095717272
2019,11,25,18,605.386224763254
2019,11,26,0,585.947359339181
2019,11,26,6,575.239019632839
2019,11,26,12,545.330578404095
2019,11,26,18,524.394669543974
2019,11,27,0,516.122697103262
2019,11,27,6,487.055962006885
2019,11,27,12,467.216615285627
2019,11,27,18,467.216615285627
2019,11,28,0,448.899799416101
2019,11,28,6,437.440229268522
2019,11,28,12,405.48112576032
2019,11,28,18,405.48112576032
2019,11,29,0,406.294801039585
2019,11,29,6,388.056763188843
2019,11,29,12,382.040379263435
2019,11,29,18,370.007611412618
2019,11,30,0,369.495891291204
2019,11,30,6,362.984485059429
2019,11,30,12,345.985211654442
2019,11,30,18,345.985211654442
2019,12,1,0,344.594193305805
2019,12,1,6,337.253573088759
2019,12,1,12,331.302039446016
2019,12,1,18,331.302039446016
2019,12,2,0,327.690580824401
2019,12,2,6,330.031639248732
2019,12,2,12,330.031639248732
2019,12,2,18,330.031639248732
2019,12,3,0,364.119405875079
2019,12,3,6,479.650806158421
2019,12,3,12,801.140893906845
2019,12,3,18,873.502006904883
2019,12,4,0,847.29392919125
2019,12,4,6,857.969805304685
2019,12,4,12,1248.87912488138
2019,12,4,18,1309.80005780242
2019,12,5,0,1039.40636083422
2019,12,5,6,840.211022626444
2019,12,5,12,739.887318432242
2019,12,5,18,652.104077262315
2019,12,6,0,624.190429527302
2019,12,6,6,596.131348973754
2019,12,6,12,566.275020978407
2019,12,6,18,552.342067913912
2019,12,7,0,538.31233529677
2019,12,7,6,553.377770411962
2019,12,7,12,677.375381930198
2019,12,7,18,786.001388714768
2019,12,8,0,788.177578604049
2019,12,8,6,714.855056870429
2019,12,8,12,643.862554670883
2019,12,8,18,597.520226846179
2019,12,9,0,563.348023025577
2019,12,9,6,536.833828977713
2019,12,9,12,515.956957850802
2019,12,9,18,481.162172639284
2019,12,10,0,480.746089104016
2019,12,10,6,453.534908659625
2019,12,10,12,460.481832862288
2019,12,10,18,434.678971538108
2019,12,11,0,461.860387469907
2019,12,11,6,463.227440035398
2019,12,11,12,443.260740033872
2019,12,11,18,456.239095034864
2019,12,12,0,612.689729161045
2019,12,12,6,899.199622770934
2019,12,12,12,1035.8005224024
2019,12,12,18,1333.74106726789
2019,12,13,0,1569.81759857368
2019,12,13,6,1465.82407099278
2019,12,13,12,1358.33030578664
2019,12,13,18,1172.65925679423
2019,12,14,0,1076.56628910737
2019,12,14,6,962.524703382908
2019,12,14,12,889.992291926355
2019,12,14,18,836.083067195133
2019,12,15,0,794.228037961353
2019,12,15,6,735.666675550617
2019,12,15,12,711.144453032263
2019,12,15,18,678.775119308036
2019,12,16,0,634.601343664209
2019,12,16,6,613.829906439241
2019,12,16,12,598.040069617652
2019,12,16,18,583.237097597413
2019,12,17,0,583.184466642665
2019,12,17,6,567.834780843828
2019,12,17,12,582.990513428628
2019,12,17,18,651.696501146386
2019,12,18,0,675.771749615239
2019,12,18,6,668.556008907332
2019,12,18,12,622.073564501053
2019,12,18,18,584.492013704487
2019,12,19,0,589.984147516778
2019,12,19,6,588.424050923407
2019,12,19,12,588.424050923407
2019,12,19,18,588.424050923407
2019,12,20,0,1247.47474247191
2019,12,20,6,3247.55096364308
2019,12,20,12,4596.37404758429
2019,12,20,18,5115.15215679245
2019,12,21,0,5394.36268491507
2019,12,21,6,6874.38950242554
2019,12,21,12,5640.52471993891
2019,12,21,18,3809.31270148652
2019,12,22,0,2837.19283129483
2019,12,22,6,2208.96817704282
2019,12,22,12,1876.64553093904
2019,12,22,18,1651.8390350453
2019,12,23,0,1527.89649568421
2019,12,23,6,1383.8051085054
2019,12,23,12,1256.22024034533
2019,12,23,18,1158.07803406835
2019,12,24,0,1115.89935633674
2019,12,24,6,1033.3729783546
2019,12,24,12,966.799911479833
2019,12,24,18,920.099401881116
2019,12,25,0,883.554742637512
2019,12,25,6,831.085337329921
2019,12,25,12,787.34400378624
2019,12,25,18,770.443943098909
2019,12,26,0,738.699512070981
2019,12,26,6,689.912653500273
2019,12,26,12,689.912653500273
2019,12,26,18,659.006161797226
2019,12,27,0,655.637014082478
2019,12,27,6,636.485036431617
2019,12,27,12,620.696260334088
2019,12,27,18,613.788670791419
2019,12,28,0,586.422691881369
2019,12,28,6,575.684791312791
2019,12,28,12,538.769128784934
2019,12,28,18,538.769128784934
2019,12,29,0,539.134508800974
2019,12,29,6,525.512625250824
2019,12,29,12,525.512625250824
2019,12,29,18,511.525597202323
2019,12,30,0,503.752315313261
2019,12,30,6,509.936903042514
2019,12,30,12,544.795871023936
2019,12,30,18,588.618573629152
2019,12,31,0,641.581913946918
2019,12,31,6,724.591046175471
2019,12,31,12,1030.15502223707
2019,12,31,18,1965.9446989257
2020,1,1,0,4796.78706749093
2020,1,1,6,4697.06542680643
2020,1,1,12,3275.45871276276
2020,1,1,18,2449.38994649415
2020,1,2,0,2119.65346842924
2020,1,2,6,1745.69560459964
2020,1,2,12,1521.38834814271
2020,1,2,18,1394.60598579748
2020,1,3,0,1356.90756698866
2020,1,3,6,1520.24468273674
2020,1,3,12,2009.98793623583
2020,1,3,18,1958.97301399634
2020,1,4,0,1744.69662319436
2020,1,4,6,3368.95994972342
2020,1,4,12,2422.06292243429
2020,1,4,18,1923.69606596633
2020,1,5,0,1705.85827977098
2020,1,5,6,1559.20354561497
2020,1,5,12,1490.12490751811
2020,1,5,18,1470.38815377614
2020,1,6,0,1414.71639044617
2020,1,6,6,1456.83393870355
2020,1,6,12,1651.07846386403
2020,1,6,18,2913.66787740711
2020,1,7,0,4302.10868277492
2020,1,7,6,7393.91121952973
2020,1,7,12,7172.89756894596
2020,1,7,18,5143.5904135859
2020,1,8,0,5557.10598912743
2020,1,8,6,4367.48942628643
2020,1,8,12,3191.99446034938
2020,1,8,18,2589.91167291821
2020,1,9,0,2224.10063237864
2020,1,9,6,1949.64014425693
2020,1,9,12,1726.54699342156
2020,1,9,18,1600.45086468852
2020,1,10,0,1462.62118607838
2020,1,10,6,1382.05654449404
2020,1,10,12,1293.84016931357
2020,1,10,18,1372.25472502954
2020,1,11,0,1401.0778822706
2020,1,11,6,1530.92965274421
2020,1,11,12,1520.85774713405
2020,1,11,18,1460.4263134731
2020,1,12,0,1334.49424769478
2020,1,12,6,1268.46722110363
2020,1,12,12,1329.35364771661
2020,1,12,18,1359.79686102309
2020,1,13,0,1230.26923418444
2020,1,13,6,1084.29425144103
2020,1,13,12,1035.0081491028
2020,1,13,18,967.979049922807
2020,1,14,0,915.169435501845
2020,1,14,6,880.901223763716
2020,1,14,12,837.302063082497
2020,1,14,18,819.466042803817
2020,1,15,0,809.49069837697
2020,1,15,6,780.042228735153
2020,1,15,12,758.030603935591
2020,1,15,18,741.229404109117
2020,1,16,0,719.905342883259
2020,1,16,6,715.31066592481
2020,1,16,12,674.407266618092
2020,1,16,18,651.461457250908
2020,1,17,0,645.736115581314
2020,1,17,6,631.920525164717
2020,1,17,12,608.813733306548
2020,1,17,18,593.744086442524
2020,1,18,0,565.306442922837
2020,1,18,6,573.732848190557
2020,1,18,12,595.346071923762
2020,1,18,18,573.732848190557
2020,1,19,0,597.071017482195
2020,1,19,6,628.964834261285
2020,1,19,12,652.222376364194
2020,1,19,18,707.83823791463
2020,1,20,0,784.876781986281
2020,1,20,6,857.074059612071
2020,1,20,12,892.574168590085
2020,1,20,18,948.360054126966
2020,1,21,0,995.108995953918
2020,1,21,6,974.950879896053
2020,1,21,12,1083.27875544006
2020,1,21,18,1174.39566010324
2020,1,22,0,1659.63522328657
2020,1,22,6,2109.32694377051
2020,1,22,12,2068.3691390371
2020,1,22,18,1925.01682247017
2020,1,23,0,2534.94779175701
2020,1,23,6,2837.10748667656
2020,1,23,12,4292.851777593
2020,1,23,18,5461.69755862079
2020,1,24,0,5321.72499895993
2020,1,24,6,5226.16641783958
2020,1,24,12,5841.58414554779
2020,1,24,18,5988.11217595451
2020,1,25,0,4406.56223813491
2020,1,25,6,3245.10552780021
2020,1,25,12,2755.45942745165
2020,1,25,18,2390.62507817234
2020,1,26,0,2251.05305644994
2020,1,26,6,2044.7725620719
2020,1,26,12,1994.90006055795
2020,1,26,18,1935.05305874122
2020,1,27,0,1959.49504877745
2020,1,27,6,2132.56158242948
2020,1,27,12,2063.129344862
2020,1,27,18,1874.67041432173
2020,1,28,0,1899.78251647504
2020,1,28,6,2098.11626600442
2020,1,28,12,2474.96239145182
2020,1,28,18,2637.92287813177
2020,1,29,0,2238.21938505088
2020,1,29,6,1961.33921625093
2020,1,29,12,2428.80866675634
2020,1,29,18,3902.35367378424
2020,1,30,0,2856.76179754133
2020,1,30,6,2239.27012501537
2020,1,30,12,1902.89907619331
2020,1,30,18,1758.74005526958
2020,1,31,0,2221.43909878895
2020,1,31,6,3226.45548676137
2020,1,31,12,4818.86738829198
2020,1,31,18,7056.57038717486
2020,2,1,0,9414.75132056703
2020,2,1,6,15655.7442632598
2020,2,1,12,13761.1000530564
2020,2,1,18,7468.88691285452
2020,2,2,0,4813.8021159628
2020,2,2,6,3746.58089158887
2020,2,2,12,3058.43338088887
2020,2,2,18,2637.89879101665
2020,2,3,0,2380.37313502662
2020,2,3,6,2083.63356401041
2020,2,3,12,1886.13275225587
2020,2,3,18,1777.50730579087
2020,2,4,0,1645.07417391836
2020,2,4,6,1493.62457523835
2020,2,4,12,1385.53332308294
2020,2,4,18,1356.05389067692
2020,2,5,0,1324.50858158943
2020,2,5,6,1372.4298969308
2020,2,5,12,1453.1610673385
2020,2,5,18,1614.62340815388
2020,2,6,0,2435.05317602456
2020,2,6,6,2608.59639825208
2020,2,6,12,2237.37306465467
2020,2,6,18,2147.07549702287
2020,2,7,0,2218.86969723414
2020,2,7,6,2058.14444207512
2020,2,7,12,1895.92616092634
2020,2,7,18,1977.03530150073
2020,2,8,0,2958.90294685848
2020,2,8,6,2760.1323977741
2020,2,8,12,2290.32262794021
2020,2,8,18,2006.47922533224
2020,2,9,0,1807.24189322331
2020,2,9,6,1663.97919228894
2020,2,9,12,1514.51998340071
2020,2,9,18,1404.91656354934
2020,2,10,0,1345.91995656428
2020,2,10,6,1267.96579882588
2020,2,10,12,1169.67387643627
2020,2,10,18,1130.35710748043
2020,2,11,0,1118.09004526471
2020,2,11,6,1055.77540098684
2020,2,11,12,1005.9746745252
2020,2,11,18,969.122136943581
2020,2,12,0,980.163856674493
2020,2,12,6,935.229334819806
2020,2,12,12,898.220259538166
2020,2,12,18,862.211429534409
2020,2,13,0,852.514570678376
2020,2,13,6,834.843764445979
2020,2,13,12,816.868659469869
2020,2,13,18,808.879723924931
2020,2,14,0,802.301307948395
2020,2,14,6,830.833571088116
2020,2,14,12,830.833571088116
2020,2,14,18,839.875290725108
2020,2,15,0,818.613379956996
2020,2,15,6,815.438391091166
2020,2,15,12,824.410207130067
2020,2,15,18,833.382023168967
2020,2,16,0,858.925907032251
2020,2,16,6,823.690951111274
2020,2,16,12,806.758972672469
2020,2,16,18,797.794984087219
2020,2,17,0,796.583773977573
2020,2,17,6,761.612027101838
2020,2,17,12,727.850868142956
2020,2,17,18,727.850868142956
2020,2,18,0,688.789138332908
2020,2,18,6,666.494545051159
2020,2,18,12,635.564408978426
2020,2,18,18,627.582438379011
2020,2,19,0,627.92766532922
2020,2,19,6,598.307316483465
2020,2,19,12,590.316567682351
2020,2,19,18,568.342008479285
2020,2,20,0,578.140897196229
2020,2,20,6,557.838476652504
2020,2,20,12,549.79756167373
2020,2,20,18,528.690159854446
2020,2,21,0,533.206632226041
2020,2,21,6,516.751924856105
2020,2,21,12,509.782245715464
2020,2,21,18,502.812566574823
2020,2,22,0,504.099368186668
2020,2,22,6,491.375054409579
2020,2,22,12,505.385748425331
2020,2,22,18,498.380401417455
2020,2,23,0,497.619648373358
2020,2,23,6,511.079090731154
2020,2,23,12,569.576095091948
2020,2,23,18,621.915520046344
2020,2,24,0,961.235943175442
2020,2,24,6,1028.58265352252
2020,2,24,12,870.339168365212
2020,2,24,18,758.579706972861
2020,2,25,0,691.763992124624
2020,2,25,6,659.612510010953
2020,2,25,12,614.190091656905
2020,2,25,18,591.478882479882
2020,2,26,0,585.671632258289
2020,2,26,6,573.841154093858
2020,2,26,12,565.884950917513
2020,2,26,18,558.923273138211
2020,2,27,0,569.030197566253
2020,2,27,6,565.13954415475
2020,2,27,12,558.100439512253
2020,2,27,18,558.100439512253
2020,2,28,0,564.288843673387
2020,2,28,6,570.456126314172
2020,2,28,12,548.399826175487
2020,2,28,18,534.363998814506
2020,2,29,0,697.271069114997
2020,2,29,6,775.888520109585
2020,2,29,12,783.805749906622
2020,2,29,18,692.757607240701
2020,3,1,0,669.825606405581
2020,3,1,6,617.073233240405
2020,3,1,12,586.318779493696
2020,3,1,18,564.493038125065
2020,3,2,0,554.403579767462
2020,3,2,6,558.204174750991
2020,3,2,12,550.157988448274
2020,3,2,18,580.331187083463
2020,3,3,0,820.21092146114
2020,3,3,6,1101.01210689365
2020,3,3,12,1131.59577652959
2020,3,3,18,1039.84476762178
2020,3,4,0,1114.88208323767
2020,3,4,6,1137.81697449157
2020,3,4,12,1019.08824671854
2020,3,4,18,879.581991585225
2020,3,5,0,812.144976753946
2020,3,5,6,764.150288487002
2020,3,5,12,730.27661207428
2020,3,5,18,697.399220261932
2020,3,6,0,844.201968631285
2020,3,6,6,946.727111119206
2020,3,6,12,854.558969084321
2020,3,6,18,793.447483604668
2020,3,7,0,758.330992274055
2020,3,7,6,724.30872552973
2020,3,7,12,691.340190436652
2020,3,7,18,683.347818292876
2020,3,8,0,667.676153330881
2020,3,8,6,636.989564528543
2020,3,8,12,613.989941319506
2020,3,8,18,598.990187052743
2020,3,9,0,584.383440690423
2020,3,9,6,556.291177162744
2020,3,9,12,549.447524719617
2020,3,9,18,514.25159786925
2020,3,10,0,519.63710244601
2020,3,10,6,504.078924248942
2020,3,10,12,490.104459022239
2020,3,10,18,477.128169883157
2020,3,11,0,497.73869855201
2020,3,11,6,526.406081053908
2020,3,11,12,547.422293415375
2020,3,11,18,519.400676933418
2020,3,12,0,499.804239317701
2020,3,12,6,474.051230887104
2020,3,12,12,474.051230887104
2020,3,12,18,446.876319562365
2020,3,13,0,454.237197942731
2020,3,13,6,448.536149330386
2020,3,13,12,429.888038089079
2020,3,13,18,423.017681315966
2020,3,14,0,414.879922674904
2020,3,14,6,418.531130974206
2020,3,14,12,405.545678223216
2020,3,14,18,399.552392338144
2020,3,15,0,393.861053002986
2020,3,15,6,375.154741846929
2020,3,15,12,357.147314238277
2020,3,15,18,375.154741846929
2020,3,16,0,375.225710293599
2020,3,16,6,363.287186220447
2020,3,16,12,357.28243934077
2020,3,16,18,357.28243934077
2020,3,17,0,357.070010411968
2020,3,17,6,356.857530658231
2020,3,17,12,350.85992510095
2020,3,17,18,350.85992510095
2020,3,18,0,349.775286606014
2020,3,18,6,343.724243738416
2020,3,18,12,343.724243738416
2020,3,18,18,337.76370771983
2020,3,19,0,343.800253859178
2020,3,19,6,354.808694971213
2020,3,19,12,348.845523627159
2020,3,19,18,348.845523627159
2020,3,20,0,351.20034366264
2020,3,20,6,371.690453628516
2020,3,20,12,371.690453628516
2020,3,20,18,365.646706415045
2020,3,21,0,382.744452155471
2020,3,21,6,412.769822965248
2020,3,21,12,419.782902481648
2020,3,21,18,406.758611951191
2020,3,22,0,418.632540790686
2020,3,22,6,442.392958473136
2020,3,22,12,442.392958473136
2020,3,22,18,436.414675250526
2020,3,23,0,426.96708995772
2020,3,23,6,436.561790732109
2020,3,23,12,449.729547761151
2020,3,23,18,469.98763549814
2020,3,24,0,532.473563876069
2020,3,24,6,483.726627689771
2020,3,24,12,450.23028279883
2020,3,24,18,457.126589099906
2020,3,25,0,453.360852236288
2020,3,25,6,443.515791783533
2020,3,25,12,424.536512405408
2020,3,25,18,411.550689673008
2020,3,26,0,403.432527848428
2020,3,26,6,395.381574131099
2020,3,26,12,389.450850519132
2020,3,26,18,389.450850519132
2020,3,27,0,384.000474094785
2020,3,27,6,379.489869575937
2020,3,27,12,379.489869575937
2020,3,27,18,379.489869575937
2020,3,28,0,403.061989566799
2020,3,28,6,426.379988290319
2020,3,28,12,452.634913677654
2020,3,28,18,605.96367793969
2020,3,29,0,1226.97685756294
2020,3,29,6,2186.07502150751
2020,3,29,12,2601.02444688625
2020,3,29,18,2165.83358612318
2020,3,30,0,1747.16148854264
2020,3,30,6,1663.5814331651
2020,3,30,12,1813.00491518592
2020,3,30,18,1603.81204035678
2020,3,31,0,1452.03902380333
2020,3,31,6,1351.60084608477
2020,3,31,12,1194.89350161118
2020,3,31,18,1145.92245646318
2020,4,1,0,1163.12916365463
2020,4,1,6,1041.59865695006
2020,4,1,12,965.214755440391
2020,4,1,18,909.662827069721
2020,4,2,0,891.917333966557
2020,4,2,6,857.218839137018
2020,4,2,12,805.507261834089
2020,4,2,18,762.745765218205
2020,4,3,0,737.139277371044
2020,4,3,6,703.643827114645
2020,4,3,12,719.522954383805
2020,4,3,18,711.583390749225
2020,4,4,0,665.360476698795
2020,4,4,6,636.780586896511
2020,4,4,12,621.785753610094
2020,4,4,18,605.791264771249
2020,4,5,0,597.924025858121
2020,4,5,6,575.126451744353
2020,4,5,12,567.152428149977
2020,4,5,18,545.223863265444
2020,4,6,0,539.070760201844
2020,4,6,6,525.898092587334
2020,4,6,12,511.900804951929
2020,4,6,18,504.902161134227
2020,4,7,0,511.526951826288
2020,4,7,6,511.153161691893
2020,4,7,12,497.176317426881
2020,4,7,18,483.199473161868
2020,4,8,0,489.41523638112
2020,4,8,6,502.575748649965
2020,4,8,12,488.642955618085
2020,4,8,18,468.738965572542
2020,4,9,0,510.669326738585
2020,4,9,6,554.779771383121
2020,4,9,12,554.779771383121
2020,4,9,18,539.785723507902
2020,4,10,0,662.640316714612
2020,4,10,6,762.064830858781
2020,4,10,12,728.887865926934
2020,4,10,18,712.802064747857
2020,4,11,0,801.849941729973
2020,4,11,6,868.181821490829
2020,4,11,12,842.265946222446
2020,4,11,18,789.437431252281
2020,4,12,0,806.379746056085
2020,4,12,6,805.380350968232
2020,4,12,12,753.67692102953
2020,4,12,18,704.9563812796
2020,4,13,0,689.593167442332
2020,4,13,6,667.164003112839
2020,4,13,12,644.192787436798
2020,4,13,18,605.241595638294
2020,4,14,0,621.209485226676
2020,4,14,6,621.196953605318
2020,4,14,12,613.207282176311
2020,4,14,18,598.226648246922
2020,4,15,0,633.529609233944
2020,4,15,6,711.001392860801
2020,4,15,12,711.001392860801
2020,4,15,18,694.749932452554
2020,4,16,0,780.963925393435
2020,4,16,6,826.750272139206
2020,4,16,12,774.765974495628
2020,4,16,18,749.773523705447
2020,4,17,0,804.457388571611
2020,4,17,6,852.554965343521
2020,4,17,12,825.313564084024
2020,4,17,18,773.857583927196
2020,4,18,0,812.090065426421
2020,4,18,6,878.167558749758
2020,4,18,12,860.848708983232
2020,4,18,18,878.167558749758
2020,4,19,0,937.541975688467
2020,4,19,6,998.132717885546
2020,4,19,12,968.953434802199
2020,4,19,18,950.842155647017
2020,4,20,0,1002.60241191305
2020,4,20,6,1048.97351629984
2020,4,20,12,981.039993339468
2020,4,20,18,916.103537568526
2020,4,21,0,1017.16158942192
2020,4,21,6,1045.18458380833
2020,4,21,12,987.450578226539
2020,4,21,18,940.666125427499
2020,4,22,0,1036.23877433696
2020,4,22,6,1026.91287069045
2020,4,22,12,1026.91287069045
2020,4,22,18,1321.76904148276
2020,4,23,0,1572.56762717373
2020,4,23,6,1381.25074314419
2020,4,23,12,1243.12566882977
2020,4,23,18,1164.19705493582
2020,4,24,0,1250.2878476683
2020,4,24,6,1227.52293426136
2020,4,24,12,1117.74446046563
2020,4,24,18,1027.92570917821
2020,4,25,0,1043.32808676196
2020,4,25,6,1069.09378211736
2020,4,25,12,1243.84949650193
2020,4,25,18,2158.74706004468
2020,4,26,0,2013.28143000463
2020,4,26,6,1580.40168477989
2020,4,26,12,1375.53479971583
2020,4,26,18,1238.95687633979
2020,4,27,0,1276.94328048269
2020,4,27,6,1652.17135038091
2020,4,27,12,1896.93747636326
2020,4,27,18,1907.13606494586
2020,4,28,0,1810.56058311818
2020,4,28,6,1616.86967287815
2020,4,28,12,1428.40020180647
2020,4,28,18,1339.12518919356
2020,4,29,0,1340.65123828707
2020,4,29,6,1262.64108064861
2020,4,29,12,1212.93080188291
2020,4,29,18,1292.46724790802
2020,4,30,0,1763.27496583118
2020,4,30,6,2675.10977126543
2020,4,30,12,3257.09930165524
2020,4,30,18,3012.05107833322
2020,5,1,0,2268.188379955
2020,5,1,6,1882.11185440254
2020,5,1,12,1632.44395534914
2020,5,1,18,1430.78911380601
2020,5,2,0,1521.15063447951
2020,5,2,6,1437.95671203481
2020,5,2,12,1354.59690264149
2020,5,2,18,1500.47656907981
2020,5,3,0,2612.74312141698
2020,5,3,6,2507.09801401439
2020,5,3,12,2059.06148679509
2020,5,3,18,1715.88457232924
2020,5,4,0,1623.20950738352
2020,5,4,6,1506.09123394515
2020,5,4,12,1337.64681962234
2020,5,4,18,1228.65337506052
2020,5,5,0,1191.99208542372
2020,5,5,6,1164.37404960588
2020,5,5,12,1103.62409919166
2020,5,5,18,1123.87408266307
2020,5,6,0,1464.26958013877
2020,5,6,6,1722.28709788506
2020,5,6,12,1913.65233098339
2020,5,6,18,1742.43080663225
2020,5,7,0,1538.98737971877
2020,5,7,6,1407.95367332368
2020,5,7,12,1269.14133933402
2020,5,7,18,1199.73517233919
2020,5,8,0,1347.35318552236
2020,5,8,6,1315.98954450702
2020,5,8,12,1235.62377079666
2020,5,8,18,1215.53232736908
2020,5,9,0,1598.35497010228
2020,5,9,6,1548.38465028575
2020,5,9,12,1446.51723908274
2020,5,9,18,1528.01116804515
2020,5,10,0,1995.81981749834
2020,5,10,6,1813.58019840883
2020,5,10,12,1622.14673302124
2020,5,10,18,1763.20297067526
2020,5,11,0,2166.31874296288
2020,5,11,6,1859.48129771912
2020,5,11,12,1740.79100212003
2020,5,11,18,1780.3544339864
2020,5,12,0,1952.42947897875
2020,5,12,6,1865.96171606239
2020,5,12,12,1815.80145487792
2020,5,12,18,1705.44888027208
2020,5,13,0,1753.14576360863
2020,5,13,6,1730.36499756734
2020,5,13,12,1720.24590401431
2020,5,13,18,1730.36499756734
2020,5,14,0,1644.90170915902
2020,5,14,6,1451.37340474101
2020,5,14,12,1312.20061250557
2020,5,14,18,1282.37787131226
2020,5,15,0,1303.1961439112
2020,5,15,6,1254.35695400089
2020,5,15,12,1154.80481479447
2020,5,15,18,1095.07353127062
2020,5,16,0,1128.33128798844
2020,5,16,6,1111.69124478893
2020,5,16,12,1041.58458971215
2020,5,16,18,1101.67600834939
2020,5,17,0,1241.76734240136
2020,5,17,6,1485.74243112899
2020,5,17,12,1648.56351947189
2020,5,17,18,1506.09506717185
2020,5,18,0,1557.42758057078
2020,5,18,6,1428.48680909985
2020,5,18,12,1249.92595796237
2020,5,18,18,1200.32572153529
2020,5,19,0,1325.09858945784
2020,5,19,6,1270.80541677815
2020,5,19,12,1150.72931440541
2020,5,19,18,1110.70394694783
2020,5,20,0,1210.42200667655
2020,5,20,6,1230.077973264
2020,5,20,12,1130.07163397424
2020,5,20,18,1060.06719647141
2020,5,21,0,1149.14506299887
2020,5,21,6,1168.18656822296
2020,5,21,12,1098.29506414124
2020,5,21,18,1038.38806064263
2020,5,22,0,1041.11573958361
2020,5,22,6,1033.81031851098
2020,5,22,12,1334.92012001904
2020,5,22,18,1475.43802738946
2020,5,23,0,1270.5473656882
2020,5,23,6,1089.54092952609
2020,5,23,12,1020.8311411776
2020,5,23,18,900.098227365249
2020,5,24,0,868.51045577553
2020,5,24,6,873.239125515182
2020,5,24,12,811.715459853885
2020,5,24,18,785.915212963664
2020,5,25,0,877.754355512688
2020,5,25,6,976.582290846961
2020,5,25,12,1096.69669025595
2020,5,25,18,1587.59901827527
2020,5,26,0,1880.47849227603
2020,5,26,6,1662.49406902909
2020,5,26,12,1457.12715461962
2020,5,26,18,1281.09837084007
2020,5,27,0,1398.09486318394
2020,5,27,6,1258.86922110684
2020,5,27,12,1110.18388003123
2020,5,27,18,991.23560717074
2020,5,28,0,1161.32264746711
2020,5,28,6,1203.1601251685
2020,5,28,12,1081.83305372293
2020,5,28,18,1081.83305372293
2020,5,29,0,1465.02140966655
2020,5,29,6,1403.42816619523
2020,5,29,12,1302.46211107327
2020,5,29,18,1352.94513863425
2020,5,30,0,1777.32231548372
2020,5,30,6,1565.51723631179
2020,5,30,12,1424.11567948363
2020,5,30,18,2141.22357482645
2020,5,31,0,3080.93336985218
2020,5,31,6,2334.04187737553
2020,5,31,12,1762.43978495703
2020,5,31,18,1457.58533566717
2020,6,1,0,1330.9597928826
2020,6,1,6,1220.40290946567
2020,6,1,12,1093.48100688124
2020,6,1,18,995.848774123985
2020,6,2,0,1009.56636250291
2020,6,2,6,985.180021269054
2020,6,2,12,910.940386265072
2020,6,2,18,910.940386265072
2020,6,3,0,976.314791197124
2020,6,3,6,985.509699109084
2020,6,3,12,892.177314162908
2020,6,3,18,838.987890483904
2020,6,4,0,918.33486739945
2020,6,4,6,907.39892254096
2020,6,4,12,852.435331417885
2020,6,4,18,774.486965825159
2020,6,5,0,765.022565537393
2020,6,5,6,771.517792545703
2020,6,5,12,721.742451091141
2020,6,5,18,705.814341825682
2020,6,6,0,716.828346720368
2020,6,6,6,778.114215344562
2020,6,6,12,770.082068605521
2020,6,6,18,761.0459035241
2020,6,7,0,840.687514643027
2020,6,7,6,842.015998177314
2020,6,7,12,806.764132224915
2020,6,7,18,772.519462442584
2020,6,8,0,804.712669733649
2020,6,8,6,975.021337940062
2020,6,8,12,1292.67988277768
2020,6,8,18,1042.16052565022
2020,6,9,0,975.564964156744
2020,6,9,6,939.059196020844
2020,6,9,12,1065.01806309889
2020,6,9,18,1413.19704526583
2020,6,10,0,1389.88475729456
2020,6,10,6,1487.40608093253
2020,6,10,12,1396.95571114609
2020,6,10,18,1276.35521809751
2020,6,11,0,1328.68223902434
2020,6,11,6,1240.02726571904
2020,6,11,12,1199.70117577696
2020,6,11,18,1582.79903022675
2020,6,12,0,1506.26396171387
2020,6,12,6,1320.25636401678
2020,6,12,12,1200.23305819707
2020,6,12,18,1480.28743844306
2020,6,13,0,1692.17933036431
2020,6,13,6,1422.28834013493
2020,6,13,12,1209.42886065896
2020,6,13,18,1122.34998269151
2020,6,14,0,1119.68801499651
2020,6,14,6,1126.47424330278
2020,6,14,12,1116.50544468948
2020,6,14,18,1116.50544468948
2020,6,15,0,1121.34427066769
2020,6,15,6,1074.80340880986
2020,6,15,12,1023.62229410463
2020,6,15,18,1156.69319233823
2020,6,16,0,1568.409940633
2020,6,16,6,1354.66208702595
2020,6,16,12,1179.2382196413
2020,6,16,18,1052.54320430793
2020,6,17,0,1018.71187653252
2020,6,17,6,966.460950140964
2020,6,17,12,929.327974901903
2020,6,17,18,874.130309006002
2020,6,18,0,889.443833785299
2020,6,18,6,905.648834876151
2020,6,18,12,850.791251265812
2020,6,18,18,798.925899488763
2020,6,19,0,1039.82942942242
2020,6,19,6,1012.28778478422
2020,6,19,12,891.0137036368
2020,6,19,18,863.952545033657
2020,6,20,0,1041.65698630586
2020,6,20,6,991.705683775353
2020,6,20,12,964.212852938017
2020,6,20,18,964.212852938017
2020,6,21,0,1118.08591482551
2020,6,21,6,1491.74901418928
2020,6,21,12,1339.52972702711
2020,6,21,18,1146.71862995503
2020,6,22,0,1085.91296480256
2020,6,22,6,987.61908793129
2020,6,22,12,869.300365515759
2020,6,22,18,799.873677156233
2020,6,23,0,960.508002568595
2020,6,23,6,951.031305871745
2020,6,23,12,885.933975844161
2020,6,23,18,859.488185520454
2020,6,24,0,1038.57767388373
2020,6,24,6,962.601537098242
2020,6,24,12,953.779323418116
2020,6,24,18,953.779323418116
2020,6,25,0,941.10822207336
2020,6,25,6,873.618114108129
2020,6,25,12,769.379589129318
2020,6,25,18,703.858230571208
2020,6,26,0,853.175498578932
2020,6,26,6,841.725938117174
2020,6,26,12,740.087284393764
2020,6,26,18,667.065339000246
2020,6,27,0,689.070161345584
2020,6,27,6,745.542491759273
2020,6,27,12,679.227391414108
2020,6,27,18,632.00300177437
2020,6,28,0,613.382238227034
2020,6,28,6,580.044756346348
2020,6,28,12,565.146346508685
2020,6,28,18,522.437571640717
2020,6,29,0,531.362197781444
2020,6,29,6,584.370289734094
2020,6,29,12,547.346829596831
2020,6,29,18,505.320199170749
2020,6,30,0,610.560631561238
2020,6,30,6,629.472701847648
2020,6,30,12,614.649953766464
2020,6,30,18,584.016274398682
2020,7,1,0,589.165428677521
2020,7,1,6,608.530568636294
2020,7,1,12,632.212807348028
2020,7,1,18,772.246914513063
2020,7,2,0,1448.8461345112
2020,7,2,6,1893.92742938974
2020,7,2,12,1614.82233453231
2020,7,2,18,1305.81312236872
2020,7,3,0,1082.03670895904
2020,7,3,6,932.467094605624
2020,7,3,12,823.71283303175
2020,7,3,18,932.467094605624
2020,7,4,0,1060.66324955314
2020,7,4,6,930.770060950273
2020,7,4,12,832.229415084469
2020,7,4,18,772.714767581359
2020,7,5,0,731.912625185158
2020,7,5,6,698.042640130786
2020,7,5,12,666.132119439093
2020,7,5,18,627.241172346092
2020,7,6,0,613.253235431942
2020,7,6,6,622.224814879996
2020,7,6,12,584.211080208871
2020,7,6,18,569.205658628164
2020,7,7,0,555.464996312558
2020,7,7,6,569.747885614951
2020,7,7,12,577.758400702684
2020,7,7,18,591.776802106215
2020,7,8,0,573.967783468834
2020,7,8,6,555.363324317498
2020,7,8,12,526.70578622994
2020,7,8,18,505.953775890674
2020,7,9,0,489.987360246817
2020,7,9,6,501.84377365854
2020,7,9,12,544.167947340585
2020,7,9,18,618.739110494665
2020,7,10,0,604.510242283047
2020,7,10,6,791.558301424757
2020,7,10,12,759.856341918384
2020,7,10,18,661.778404695542
2020,7,11,0,617.104108395784
2020,7,11,6,595.149638319851
2020,7,11,12,565.342477802997
2020,7,11,18,536.528889303371
2020,7,12,0,532.85380666315
2020,7,12,6,565.310018605247
2020,7,12,12,580.398364297558
2020,7,12,18,565.310018605247
2020,7,13,0,533.109269867001
2020,7,13,6,509.199983935596
2020,7,13,12,495.276546874857
2020,7,13,18,468.424203972003
2020,7,14,0,449.089278333444
2020,7,14,6,469.585195570382
2020,7,14,12,449.645272191598
2020,7,14,18,423.723371799177
2020,7,15,0,425.003375548549
2020,7,15,6,458.382237240938
2020,7,15,12,439.324770047114
2020,7,15,18,413.246130729249
2020,7,16,0,433.089612464604
2020,7,16,6,459.045089045841
2020,7,16,12,432.73040241264
2020,7,16,18,459.045089045841
2020,7,17,0,425.270214212685
2020,7,17,6,443.487815475815
2020,7,17,12,430.502811869541
2020,7,17,18,411.524729675756
2020,7,18,0,403.698086115247
2020,7,18,6,395.93007008801
2020,7,18,12,389.99111903669
2020,7,18,18,371.18444070751
2020,7,19,0,362.091406440863
2020,7,19,6,402.074646630271
2020,7,19,12,382.976100915333
2020,7,19,18,364.882741816971
2020,7,20,0,370.04118116416
2020,7,20,6,394.180732393003
2020,7,20,12,387.177521411402
2020,7,20,18,369.169264601569
2020,7,21,0,392.903947068605
2020,7,21,6,416.477515708185
2020,7,21,12,391.628021930847
2020,7,21,18,372.74240666007
2020,7,22,0,373.400185040798
2020,7,22,6,393.010813713905
2020,7,22,12,374.058515590646
2020,7,22,18,350.118770592845
2020,7,23,0,344.223525946093
2020,7,23,6,354.231116228867
2020,7,23,12,337.362967837016
2020,7,23,18,325.456039560415
2020,7,24,0,309.676282077249
2020,7,24,6,309.772437740988
2020,7,24,12,309.772437740988
2020,7,24,18,303.815275476738
2020,7,25,0,299.603438001574
2020,7,25,6,289.379923668944
2020,7,25,12,284.390614640169
2020,7,25,18,278.40344380564
2020,7,26,0,268.048510923393
2020,7,26,6,272.647753585754
2020,7,26,12,272.647753585754
2020,7,26,18,267.672429615211
2020,7,27,0,258.015732453523
2020,7,27,6,284.240570041556
2020,7,27,12,284.240570041556
2020,7,27,18,278.256558040681
2020,7,28,0,272.508752063416
2020,7,28,6,292.575755481155
2020,7,28,12,282.657933261455
2020,7,28,18,271.748328819784
2020,7,29,0,257.527302346688
2020,7,29,6,268.151958020422
2020,7,29,12,268.151958020422
2020,7,29,18,253.199246606644
2020,7,30,0,243.466341702177
2020,7,30,6,253.689714655054
2020,7,30,12,253.689714655054
2020,7,30,18,243.701930613516
2020,7,31,0,238.370908420914
2020,7,31,6,252.973365288541
2020,7,31,12,257.953155943827
2020,7,31,18,247.993574633255
2020,8,1,0,243.788964540446
2020,8,1,6,254.588154597694
2020,8,1,12,249.576576751283
2020,8,1,18,239.55342105846
2020,8,2,0,228.774675886233
2020,8,2,6,228.019527345391
2020,8,2,12,228.019527345391
2020,8,2,18,223.040935045273
2020,8,3,0,213.065357851612
2020,8,3,6,212.052264112564
2020,8,3,12,216.983712115182
2020,8,3,18,212.052264112564
2020,8,4,0,208.7581941493
2020,8,4,6,204.447398566036
2020,8,4,12,204.447398566036
2020,8,4,18,204.447398566036
2020,8,5,0,196.557333085271
2020,8,5,6,197.60016473598
2020,8,5,12,201.612350821989
2020,8,5,18,197.60016473598
2020,8,6,0,193.817463735233
2020,8,6,6,194.04707434993
2020,8,6,12,207.117602674019
2020,8,6,18,221.193556253807
2020,8,7,0,233.465780195079
2020,8,7,6,221.766281654244
2020,8,7,12,236.616702300734
2020,8,7,18,221.766281654244
2020,8,8,0,214.236079549593
2020,8,8,6,211.608384235911
2020,8,8,12,224.645867624853
2020,8,8,18,234.674701000963
2020,8,9,0,227.905583098584
2020,8,9,6,212.329648084302
2020,8,9,12,203.441430257517
2020,8,9,18,198.503531464859
2020,8,10,0,191.545592095262
2020,8,10,6,187.503291886618
2020,8,10,12,187.503291886618
2020,8,10,18,183.513860144349
2020,8,11,0,179.413227965281
2020,8,11,6,179.302068953002
2020,8,11,12,179.302068953002
2020,8,11,18,174.321455926529
2020,8,12,0,170.735810785846
2020,8,12,6,167.131867910315
2020,8,12,12,167.131867910315
2020,8,12,18,167.131867910315
2020,8,13,0,162.472779833319
2020,8,13,6,161.817815490401
2020,8,13,12,157.846826153214
2020,8,13,18,157.846826153214
2020,8,14,0,154.504487904795
2020,8,14,6,155.134102411889
2020,8,14,12,151.130641704486
2020,8,14,18,147.127180997082
2020,8,15,0,146.711457879332
2020,8,15,6,146.29637146055
2020,8,15,12,146.29637146055
2020,8,15,18,146.29637146055
2020,8,16,0,143.510499407778
2020,8,16,6,140.660500609731
2020,8,16,12,144.70828479994
2020,8,16,18,144.70828479994
2020,8,17,0,140.33521598301
2020,8,17,6,140.010232036037
2020,8,17,12,144.039303461535
2020,8,17,18,144.039303461535
2020,8,18,0,139.487190662613
2020,8,18,6,138.964359837631
2020,8,18,12,146.962308605264
2020,8,18,18,142.963334221447
2020,8,19,0,138.732790132856
2020,8,19,6,135.512100302838
2020,8,19,12,138.501337809518
2020,8,19,18,138.501337809518
2020,8,20,0,132.237590991806
2020,8,20,6,132.949050385331
2020,8,20,12,132.949050385331
2020,8,20,18,132.949050385331
2020,8,21,0,134.068248490846
2020,8,21,6,135.190973146995
2020,8,21,12,142.360191419941
2020,8,21,18,166.940368355758
2020,8,22,0,216.948497738925
2020,8,22,6,331.99849262031
2020,8,22,12,391.638940396413
2020,8,22,18,277.328082158881
2020,8,23,0,221.120591002198
2020,8,23,6,193.117038864467
2020,8,23,12,180.373274878487
2020,8,23,18,167.629510892506
2020,8,24,0,160.639769124153
2020,8,24,6,153.567862568914
2020,8,24,12,149.604820954232
2020,8,24,18,145.641779339551
2020,8,25,0,141.731238453782
2020,8,25,6,137.817661141037
2020,8,25,12,134.843179245906
2020,8,25,18,134.843179245906
2020,8,26,0,131.260786029754
2020,8,26,6,127.655336349519
2020,8,26,12,127.655336349519
2020,8,26,18,124.663414403828
2020,8,27,0,124.79101314511
2020,8,27,6,120.921231464866
2020,8,27,12,120.921231464866
2020,8,27,18,120.921231464866
2020,8,28,0,117.681584060428
2020,8,28,6,117.440156570865
2020,8,28,12,117.440156570865
2020,8,28,18,117.440156570865
2020,8,29,0,113.677521644017
2020,8,29,6,110.898774471061
2020,8,29,12,113.896038645955
2020,8,29,18,110.898774471061
2020,8,30,0,110.935234684009
2020,8,30,6,106.972690778464
2020,8,30,12,106.972690778464
2020,8,30,18,106.972690778464
2020,8,31,0,111.228703592031
2020,8,31,6,114.499153665572
2020,8,31,12,121.529803452054
2020,8,31,18,125.547317615758
2020,9,1,0,117.618662906914
2020,9,1,6,116.722443385102
2020,9,1,12,112.765750388997
2020,9,1,18,112.765750388997
2020,9,2,0,109.873514558439
2020,9,2,6,109.948828108744
2020,9,2,12,109.948828108744
2020,9,2,18,109.948828108744
2020,9,3,0,110.433479916367
2020,9,3,6,106.921462762478
2020,9,3,12,106.921462762478
2020,9,3,18,106.921462762478
2020,9,4,0,104.037762574204
2020,9,4,6,104.151837398563
2020,9,4,12,104.151837398563
2020,9,4,18,101.147457473604
2020,9,5,0,101.059951243479
2020,9,5,6,100.972479060102
2020,9,5,12,100.972479060102
2020,9,5,18,100.972479060102
2020,9,6,0,101.105212309076
2020,9,6,6,101.238030626302
2020,9,6,12,101.238030626302
2020,9,6,18,97.8300177141298
2020,9,7,0,97.4825781054992
2020,9,7,6,97.1355091298538
2020,9,7,12,97.1355091298538
2020,9,7,18,97.1355091298538
2020,9,8,0,94.1044228435408
2020,9,8,6,91.1628711515684
2020,9,8,12,94.2582150789491
2020,9,8,18,91.1628711515684
2020,9,9,0,91.1276066042137
2020,9,9,6,91.0923502070244
2020,9,9,12,91.0923502070244
2020,9,9,18,91.0923502070244
2020,9,10,0,91.1183524525635
2020,9,10,6,88.0496439314923
2020,9,10,12,88.0496439314923
2020,9,10,18,88.0496439314923
2020,9,11,0,87.7837161849004
2020,9,11,6,84.5413077276453
2020,9,11,12,87.5181143377737
2020,9,11,18,87.5181143377737
2020,9,12,0,85.06127858959
2020,9,12,6,85.5821843100977
2020,9,12,12,85.5821843100977
2020,9,12,18,85.5821843100977
2020,9,13,0,85.4455612464178
2020,9,13,6,85.309029759947
2020,9,13,12,85.309029759947
2020,9,13,18,85.309029759947
2020,9,14,0,85.1002909729604
2020,9,14,6,84.8916487452454
2020,9,14,12,84.8916487452454
2020,9,14,18,84.8916487452454
2020,9,15,0,87.9498144559869
2020,9,15,6,85.0250203399811
2020,9,15,12,85.0250203399811
2020,9,15,18,85.0250203399811
2020,9,16,0,85.1000237896097
2020,9,16,6,82.1759252674985
2020,9,16,12,85.1750466276262
2020,9,16,18,85.1750466276262
2020,9,17,0,85.0480580322802
2020,9,17,6,81.9309146733128
2020,9,17,12,81.9309146733128
2020,9,17,18,81.9309146733128
2020,9,18,0,81.7662176235864
2020,9,18,6,81.6016387916046
2020,9,18,12,81.6016387916046
2020,9,18,18,81.6016387916046
2020,9,19,0,90.2243243373548
2020,9,19,6,127.469847334768
2020,9,19,12,154.860062464553
2020,9,19,18,167.501700216762
2020,9,20,0,138.111602170573
2020,9,20,6,122.251196953872
2020,9,20,12,115.405129924455
2020,9,20,18,108.559062895039
2020,9,21,0,105.459571772916
2020,9,21,6,103.296404004656
2020,9,21,12,100.316700042983
2020,9,21,18,96.9397022197541
2020,9,22,0,93.4295790123864
2020,9,22,6,93.0951415584329
2020,9,22,12,96.2509090688882
2020,9,22,18,99.603912048747
2020,9,23,0,110.288422571886
2020,9,23,6,125.155284385467
2020,9,23,12,154.037273089805
2020,9,23,18,1540.37273089805
2020,9,24,0,3602.09226801865
2020,9,24,6,2468.38880656327
2020,9,24,12,2574.03968933446
2020,9,24,18,2574.03968933446
2020,9,25,0,1325.49969235262
2020,9,25,6,943.137692090755
2020,9,25,12,6137.11797602844
2020,9,25,18,4773.31398135545
2020,9,26,0,2167.29889376448
2020,9,26,6,1920.11292081464
2020,9,26,12,1676.443768427
2020,9,26,18,1783.65819547756
2020,9,27,0,1872.28104641581
2020,9,27,6,1670.35201892191
2020,9,27,12,1264.8330316692
2020,9,27,18,1042.76311007842
2020,9,28,0,891.821691371358
2020,9,28,6,784.640497240098
2020,9,28,12,694.519491314893
2020,9,28,18,639.663226838682
2020,9,29,0,582.531476316861
2020,9,29,6,542.497495192776
2020,9,29,12,507.785589650276
2020,9,29,18,467.123071729063
2020,9,30,0,446.656280052473
2020,9,30,6,420.312180042747
2020,9,30,12,401.521753170248
2020,9,30,18,382.731326297748
2020,10,1,0,360.213421101865
2020,10,1,6,349.484055755771
2020,10,1,12,338.531563979949
2020,10,1,18,326.583391133598
2020,10,2,0,314.588225832584
2020,10,2,6,308.601461724378
2020,10,2,12,297.721281984096
2020,10,2,18,286.841102243813
2020,10,3,0,283.084431940877
2020,10,3,6,273.30294511866
2020,10,3,12,268.315665098247
2020,10,3,18,258.34110505742
2020,10,4,0,252.99581017796
2020,10,4,6,247.664919601253
2020,10,4,12,247.664919601253
2020,10,4,18,242.691728444601
2020,10,5,0,238.961339721128
2020,10,5,6,235.181035962775
2020,10,5,12,230.155800151605
2020,10,5,18,225.130564340435
2020,10,6,0,220.103641031039
2020,10,6,6,219.098452523774
2020,10,6,12,214.118942239142
2020,10,6,18,214.118942239142
2020,10,7,0,205.223826257497
2020,10,7,6,205.291841042141
2020,10,7,12,205.291841042141
2020,10,7,18,200.309029366361
2020,10,8,0,196.990584093853
2020,10,8,6,193.645651848421
2020,10,8,12,193.645651848421
2020,10,8,18,193.645651848421
2020,10,9,0,193.136087322
2020,10,9,6,187.636523646712
2020,10,9,12,187.636523646712
2020,10,9,18,187.636523646712
2020,10,10,0,233.042699178202
2020,10,10,6,2305.50979252823
2020,10,10,12,3239.63876019054
2020,10,10,18,2007.38352625303
2020,10,11,0,1461.94529769385
2020,10,11,6,1171.85072229297
2020,10,11,12,1202.96180341579
2020,10,11,18,1192.59144304152
2020,10,12,0,3723.01651548982
2020,10,12,6,3220.07955248249
2020,10,12,12,2093.05170911362
2020,10,12,18,1440.09113319356
2020,10,13,0,1330.75497706768
2020,10,13,6,1313.1767472949
2020,10,13,12,1533.79044084044
2020,10,13,18,1817.43661825614
2020,10,14,0,1900.37068456131
2020,10,14,6,1393.8851461898
2020,10,14,12,1211.2381270339
2020,10,14,18,1163.17312199287
2020,10,15,0,1123.07858664121
2020,10,15,6,1021.79285695788
2020,10,15,12,927.549826461768
2020,10,15,18,846.203210665121
2020,10,16,0,757.814486625085
2020,10,16,6,690.772915286275
2020,10,16,12,776.331490191355
2020,10,16,18,6520.46402434502
2020,10,17,0,2867.05483029755
2020,10,17,6,1937.3755827283
2020,10,17,12,1536.86043822197
2020,10,17,18,1285.37418469474
2020,10,18,0,1133.72153461941
2020,10,18,6,1338.94972605791
2020,10,18,12,2144.33301992733
2020,10,18,18,1942.98719645997
2020,10,19,0,1613.73770245378
2020,10,19,6,1392.002649889
2020,10,19,12,1430.93978694884
2020,10,19,18,1382.26836562404
2020,10,20,0,1255.84290421143
2020,10,20,6,1147.06448484761
2020,10,20,12,1067.95658934088
2020,10,20,18,971.049417345132
2020,10,21,0,932.014857218592
2020,10,21,6,967.599168875237
2020,10,21,12,1075.11018763915
2020,10,21,18,1014.82363506126
2020,10,22,0,952.918644605515
2020,10,22,6,855.94270626095
2020,10,22,12,830.125408856328
2020,10,22,18,761.610273436368
2020,10,23,0,759.726349402227
2020,10,23,6,717.236619002973
2020,10,23,12,750.619987729487
2020,10,23,18,899.327721147592
2020,10,24,0,953.902458183445
2020,10,24,6,860.745264194362
2020,10,24,12,774.769560422939
2020,10,24,18,724.370009936243
2020,10,25,0,694.330103220907
2020,10,25,6,665.04791245994
2020,10,25,12,650.11420185081
2020,10,25,18,611.286554267071
2020,10,26,0,596.771554136417
2020,10,26,6,575.256433874298
2020,10,26,12,567.280608101344
2020,10,26,18,545.347087225721
2020,10,27,0,539.460295165598
2020,10,27,6,519.529970330518
2020,10,27,12,512.522822368449
2020,10,27,18,505.515674406381
2020,10,28,0,545.403228316388
2020,10,28,6,705.16070210813
2020,10,28,12,1019.01835564759
2020,10,28,18,962.97234608697
2020,10,29,0,864.293020428221
2020,10,29,6,781.207360500075
2020,10,29,12,715.120374195144
2020,10,29,18,674.679084068247
2020,10,30,0,665.694368090088
2020,10,30,6,626.25555130105
2020,10,30,12,1268.24122633965
2020,10,30,18,1032.28937027646
2020,10,31,0,984.732532542283
2020,10,31,6,876.849828455886
2020,10,31,12,773.28488808708
2020,10,31,18,715.091254927466
2020,11,1,0,660.816118211287
2020,11,1,6,632.005526196645
2020,11,1,12,601.24858536133
2020,11,1,18,564.538688235308
2020,11,2,0,543.598094769986
2020,11,2,6,516.609020015698
2020,11,2,12,509.64126830065
2020,11,2,18,481.770261440458
2020,11,3,0,488.360499505749
2020,11,3,6,486.281999835401
2020,11,3,12,543.923185160718
2020,11,3,18,1530.11146499932
2020,11,4,0,1639.0077247526
2020,11,4,6,1824.3319685976
2020,11,4,12,2155.05881670593
2020,11,4,18,2293.75072075136
2020,11,5,0,2854.70736655024
2020,11,5,6,7622.86290830323
2020,11,5,12,3975.36398981405
2020,11,5,18,2909.80250800822
2020,11,6,0,2129.23338361088
2020,11,6,6,1795.88680270061
2020,11,6,12,1506.2276409747
2020,11,6,18,1332.43214393916
2020,11,7,0,1241.6760078027
2020,11,7,6,1128.52863657439
2020,11,7,12,1059.23301853912
2020,11,7,18,999.83677450889
2020,11,8,0,943.12453521154
2020,11,8,6,868.79240534451
2020,11,8,12,834.238161950126
2020,11,8,18,790.7985416829
2020,11,9,0,757.218988251421
2020,11,9,6,715.742691797152
2020,11,9,12,707.844841404907
2020,11,9,18,667.368358144654
2020,11,10,0,668.868235964937
2020,11,10,6,703.093964644872
2020,11,10,12,662.435498424224
2020,11,10,18,639.627090544348
2020,11,11,0,616.819708450678
2020,11,11,6,594.012113235001
2020,11,11,12,564.2619239244
2020,11,11,18,557.32021308526
2020,11,12,0,543.989962157705
2020,11,12,6,531.563866404806
2020,11,12,12,510.62044952957
2020,11,12,18,510.62044952957
2020,11,13,0,646.403218328599
2020,11,13,6,1142.99932561243
2020,11,13,12,1830.91558639769
2020,11,13,18,1968.49883855474
2020,11,14,0,1628.76436153955
2020,11,14,6,1284.3285760191
2020,11,14,12,1129.82288266341
2020,11,14,18,994.630400977194
2020,11,15,0,993.675275090969
2020,11,15,6,1122.38784193988
2020,11,15,12,1332.83556230361
2020,11,15,18,1322.81424228629
2020,11,16,0,1370.25657830739
2020,11,16,6,1280.97883491086
2020,11,16,12,1175.11281549674
2020,11,16,18,1556.23048538758
2020,11,17,0,2525.07089524649
2020,11,17,6,2206.42758940248
2020,11,17,12,2005.84326309316
2020,11,17,18,2477.21642992006
2020,11,18,0,3216.00089118833
2020,11,18,6,2867.9118851628
2020,11,18,12,2411.88349352914
2020,11,18,18,2422.01745778767
2020,11,19,0,3220.3286500233
2020,11,19,6,2714.21684872976
2020,11,19,12,2184.84831440304
2020,11,19,18,1790.22813426857
2020,11,20,0,1641.11056847364
2020,11,20,6,1506.776171112
2020,11,20,12,1387.82015760316
2020,11,20,18,1387.82015760316
2020,11,21,0,1394.04737108351
2020,11,21,6,1570.30449425251
2020,11,21,12,1470.28509971413
2020,11,21,18,1290.25018954506
2020,11,22,0,1224.278247622
2020,11,22,6,1129.18240053291
2020,11,22,12,1040.03642154347
2020,11,22,18,1010.32109521365
2020,11,23,0,976.635424605491
2020,11,23,6,933.648190461047
2020,11,23,12,915.674214601904
2020,11,23,18,851.766744880506
2020,11,24,0,861.19860111504
2020,11,24,6,878.406444329347
2020,11,24,12,850.790280420565
2020,11,24,18,993.119740565828
2020,11,25,0,1654.14058190814
2020,11,25,6,1252.58072967776
2020,11,25,12,1156.96388008404
2020,11,25,18,1051.78534553094
2020,11,26,0,1023.22780943873
2020,11,26,6,975.142420650998
2020,11,26,12,956.275102939829
2020,11,26,18,928.470634733894
2020,11,27,0,928.983193725443
2020,11,27,6,920.545202415526
2020,11,27,12,883.7631586905
2020,11,27,18,865.869191472919
2020,11,28,0,858.667695414058
2020,11,28,6,998.160841206696
2020,11,28,12,961.228890082048
2020,11,28,18,915.31349138654
2020,11,29,0,855.92248877376
2020,11,29,6,807.981067710088
2020,11,29,12,782.299517880672
2020,11,29,18,740.813937387
2020,11,30,0,745.891356748653
2020,11,30,6,767.134692208167
2020,11,30,12,1258.10089522139
2020,11,30,18,1677.46786029519
2020,12,1,0,1368.69720644132
2020,12,1,6,1170.53068164288
2020,12,1,12,1024.21434643752
2020,12,1,18,949.105294365433
2020,12,2,0,903.607305244484
2020,12,2,6,875.948451721337
2020,12,2,12,823.192465424483
2020,12,2,18,814.233901713697
2020,12,3,0,821.639662137436
2020,12,3,6,803.230818060462
2020,12,3,12,785.381244325785
2020,12,3,18,760.590169694289
2020,12,4,0,703.958009380332
2020,12,4,6,720.747931493819
2020,12,4,12,679.988393298996
2020,12,4,18,679.988393298996
2020,12,5,0,654.591077723602
2020,12,5,6,652.062857238549
2020,12,5,12,644.171022355178
2020,12,5,18,644.171022355178
2020,12,6,0,656.600643469474
2020,12,6,6,645.146525760505
2020,12,6,12,637.144708386731
2020,12,6,18,629.142891012957
2020,12,7,0,648.529378080902
2020,12,7,6,636.038006404069
2020,12,7,12,643.926849894352
2020,12,7,18,636.038006404069
2020,12,8,0,655.466446330428
2020,12,8,6,1021.54685704826
2020,12,8,12,2799.03838831222
2020,12,8,18,2359.77323978147
2020,12,9,0,2023.81438486148
2020,12,9,6,1954.8407904142
2020,12,9,12,1620.84789154946
2020,12,9,18,1542.2613271107
2020,12,10,0,1420.2882009652
2020,12,10,6,1269.68597441562
2020,12,10,12,1132.95056178625
2020,12,10,18,1084.11648584718
2020,12,11,0,966.204256319338
2020,12,11,6,954.485327546766
2020,12,11,12,899.971627634958
2020,12,11,18,863.298774967013
2020,12,12,0,798.284840102557
2020,12,12,6,768.582521249021
2020,12,12,12,734.512370372271
2020,12,12,18,718.479358194978
2020,12,13,0,694.566510926195
2020,12,13,6,656.495761454067
2020,12,13,12,671.576062253165
2020,12,13,18,745.972212862049
2020,12,14,0,797.345454308327
2020,12,14,6,933.542370017028
2020,12,14,12,942.615675989115
2020,12,14,18,942.615675989115
2020,12,15,0,917.107161790994
2020,12,15,6,890.485303230357
2020,12,15,12,965.367021911092
2020,12,15,18,1163.70238490331
2020,12,16,0,1123.78290804707
2020,12,16,6,1134.46937702032
2020,12,16,12,1205.37371308409
2020,12,16,18,1205.37371308409
2020,12,17,0,1785.78542275115
2020,12,17,6,1859.09768020659
2020,12,17,12,1979.68780000378
2020,12,17,18,1698.31085381035
2020,12,18,0,1540.01757550021
2020,12,18,6,1443.89939804611
2020,12,18,12,1443.89939804611
2020,12,18,18,1483.18917758478
2020,12,19,0,1638.01521635613
2020,12,19,6,2315.18767257976
2020,12,19,12,2030.86637945593
2020,12,19,18,1807.47107771578
2020,12,20,0,2934.91291760827
2020,12,20,6,3054.14328154151
2020,12,20,12,2516.93241117265
2020,12,20,18,2079.20503531653
2020,12,21,0,2004.55990459722
2020,12,21,6,1935.34891308404
2020,12,21,12,2008.18462486677
2020,12,21,18,3475.30396220467
2020,12,22,0,3877.6948319503
2020,12,22,6,2478.81738188924
2020,12,22,12,2037.51277223472
2020,12,22,18,1727.66059949856
2020,12,23,0,1634.39365562006
2020,12,23,6,1493.47754658009
2020,12,23,12,1403.86889378528
2020,12,23,18,1284.39069005888
2020,12,24,0,1202.10686706223
2020,12,24,6,1150.58651956456
2020,12,24,12,1072.58065383137
2020,12,24,18,1043.32845418142
2020,12,25,0,984.910384169065
2020,12,25,6,957.950679925941
2020,12,25,12,976.851056788447
2020,12,25,18,1034.54694405294
2020,12,26,0,1236.39162006944
2020,12,26,6,1321.24066246274
2020,12,26,12,1372.85162584019
2020,12,26,18,1630.90644272745
2020,12,27,0,1473.60736413993
2020,12,27,6,1282.55689904835
2020,12,27,12,1203.63032064537
2020,12,27,18,1154.30120914351
2020,12,28,0,1085.42058715497
2020,12,28,6,1036.25119245219
2020,12,28,12,1016.51307450072
2020,12,28,18,932.626073206973
2020,12,29,0,895.794814440554
2020,12,29,6,841.236023624437
2020,12,29,12,824.470475674126
2020,12,29,18,789.953171070544
2020,12,30,0,832.887843741422
2020,12,30,6,1069.28165887602
2020,12,30,12,1439.41761771772
2020,12,30,18,1490.82538977907
2020,12,31,0,2048.07177260905
2020,12,31,6,2599.27274264466
2020,12,31,12,2259.36784552959
2020,12,31,18,1959.45175983982
2021,1,1,0,1755.68964088364
2021,1,1,6,1853.99207914106
2021,1,1,12,1771.59243117923
2021,1,1,18,1843.69212314583
2021,1,2,0,4826.01253845497
2021,1,2,6,4008.13945908
2021,1,2,12,4577.7171716861
2021,1,2,18,5980.5659823641
2021,1,3,0,8360.53258718816
2021,1,3,6,4277.79104822214
2021,1,3,12,2934.35253721023
2021,1,3,18,2412.88627306745
2021,1,4,0,2309.8893742114
2021,1,4,6,2198.98885330804
2021,1,4,12,2240.09144869698
2021,1,4,18,2918.28427261441
2021,1,5,0,2415.2584016017
2021,1,5,6,2102.6545548285
2021,1,5,12,1850.72359434214
2021,1,5,18,1841.03394201574
2021,1,6,0,2315.97701284483
2021,1,6,6,3710.72218789824
2021,1,6,12,3032.3076050692
2021,1,6,18,2518.35716353205
2021,1,7,0,2041.2222854229
2021,1,7,6,1810.79323238384
2021,1,7,12,1684.23241506669
2021,1,7,18,1499.25891283393
2021,1,8,0,1410.21949384592
2021,1,8,6,1328.48515487128
2021,1,8,12,1268.55349374927
2021,1,8,18,1268.55349374927
2021,1,9,0,1178.5911625787
2021,1,9,6,1108.61290709609
2021,1,9,12,1058.67538875843
2021,1,9,18,998.750366753237
2021,1,10,0,969.333919254023
2021,1,10,6,939.062956033253
2021,1,10,12,902.295411722956
2021,1,10,18,874.471324136786
2021,1,11,0,871.004794887488
2021,1,11,6,932.226559881669
2021,1,11,12,1268.83480028889
2021,1,11,18,1856.06412934821
2021,1,12,0,1894.74841151042
2021,1,12,6,2715.6167639309
2021,1,12,12,5050.8358488676
2021,1,12,18,5705.96518491319
2021,1,13,0,4840.40502050639
2021,1,13,6,6884.22815465353
2021,1,13,12,4447.83465136051
2021,1,13,18,3059.65695762379
2021,1,14,0,2536.16777773073
2021,1,14,6,2247.39285905967
2021,1,14,12,1964.02593335214
2021,1,14,18,1719.74410084566
2021,1,15,0,1601.49994245752
2021,1,15,6,1640.06782641002
2021,1,15,12,1750.0723757424
2021,1,15,18,1610.06658568301
2021,1,16,0,1518.08903446867
2021,1,16,6,1368.33455911524
2021,1,16,12,1319.11389152117
2021,1,16,18,1279.73735744591
2021,1,17,0,1187.53893679308
2021,1,17,6,1223.63655966812
2021,1,17,12,1163.94697139163
2021,1,17,18,1144.05044196613
2021,1,18,0,1109.19297610926
2021,1,18,6,1073.98499619993
2021,1,18,12,1013.76153846909
2021,1,18,18,957.552977920308
2021,1,19,0,960.207974742987
2021,1,19,6,889.46039918151
2021,1,19,12,871.631571580989
2021,1,19,18,836.9644068022
2021,1,20,0,819.679307892896
2021,1,20,6,803.362428065132
2021,1,20,12,768.649236728984
2021,1,20,18,743.854100060307
2021,1,21,0,732.589385116914
2021,1,21,6,696.906449765795
2021,1,21,12,688.849727803184
2021,1,21,18,680.793005840574
2021,1,22,0,654.311807709067
2021,1,22,6,627.073382596056
2021,1,22,12,635.048878718104
2021,1,22,18,620.094823489263
2021,1,23,0,597.254437126119
2021,1,23,6,582.385022895551
2021,1,23,12,567.426503471863
2021,1,23,18,567.426503471863
2021,1,24,0,560.269295856482
2021,1,24,6,553.116373198925
2021,1,24,12,538.167282031386
2021,1,24,18,545.143524576237
2021,1,25,0,550.876307729508
2021,1,25,6,548.637976171505
2021,1,25,12,526.890164503445
2021,1,25,18,499.211131471369
2021,1,26,0,491.645384938948
2021,1,26,6,497.900906637708
2021,1,26,12,484.097713186365
2021,1,26,18,471.280462124405
2021,1,27,0,457.796063938632
2021,1,27,6,458.11437506234
2021,1,27,12,458.11437506234
2021,1,27,18,445.279274036887
2021,1,28,0,443.188336316509
2021,1,28,6,434.905851342748
2021,1,28,12,428.851477542153
2021,1,28,18,434.905851342748
2021,1,29,0,431.484994495454
2021,1,29,6,422.114559576789
2021,1,29,12,416.155295206294
2021,1,29,18,409.202820107382
2021,1,30,0,409.569642753787
2021,1,30,6,409.934954841802
2021,1,30,12,422.869795649917
2021,1,30,18,422.869795649917
2021,1,31,0,447.081542467656
2021,1,31,6,485.642624870093
2021,1,31,12,543.208022214608
2021,1,31,18,884.413831929372
2021,2,1,0,1318.38912138725
2021,2,1,6,1544.35913827516
2021,2,1,12,2522.45325918277
2021,2,1,18,2707.77635577579
2021,2,2,0,2492.43331349435
2021,2,2,6,2807.82808015388
2021,2,2,12,2273.94527618096
2021,2,2,18,1908.13668827358
2021,2,3,0,1607.7471323491
2021,2,3,6,1419.11954779874
2021,2,3,12,1263.59959735504
2021,2,3,18,1146.95963452227
2021,2,4,0,1052.89494023013
2021,2,4,6,996.051599069603
2021,2,4,12,1075.73572699517
2021,2,4,18,1045.85417902308
2021,2,5,0,1271.82204084035
2021,2,5,6,2597.75775369755
2021,2,5,12,2648.89471735302
2021,2,5,18,1994.34158256308
2021,2,6,0,1686.19047273221
2021,2,6,6,1563.66641608031
2021,2,6,12,1624.19543863826
2021,2,6,18,1836.04701759108
2021,2,7,0,1865.99042307359
2021,2,7,6,1610.95700458515
2021,2,7,12,1405.9261130925
2021,2,7,18,1269.23885209739
2021,2,8,0,1161.76672842496
2021,2,8,6,1093.35586259201
2021,2,8,12,1034.78322709601
2021,2,8,18,958.63880095121
2021,2,9,0,904.677491725766
2021,2,9,6,859.365814164736
2021,2,9,12,798.552224067231
2021,2,9,18,789.579727167599
2021,2,10,0,776.326202330201
2021,2,10,6,720.904831946644
2021,2,10,12,680.581369313885
2021,2,10,18,680.581369313885
2021,2,11,0,667.539660239861
2021,2,11,6,639.502265108587
2021,2,11,12,616.698308368281
2021,2,11,18,608.766497328174
2021,2,12,0,586.525398596374
2021,2,12,6,558.279653336885
2021,2,12,12,551.325992174326
2021,2,12,18,551.325992174326
2021,2,13,0,531.611856077668
2021,2,13,6,533.752819293085
2021,2,13,12,540.76270622564
2021,2,13,18,526.742932360531
2021,2,14,0,521.870786955134
2021,2,14,6,502.805828206376
2021,2,14,12,488.670724602181
2021,2,14,18,482.612823057526
2021,2,15,0,497.950994848385
2021,2,15,6,521.559266076758
2021,2,15,12,542.951345349437
2021,2,15,18,579.623481245459
2021,2,16,0,581.780044199549
2021,2,16,6,524.909751879043
2021,2,16,12,503.953278895279
2021,2,16,18,503.953278895279
2021,2,17,0,496.588285527146
2021,2,17,6,482.257990035812
2021,2,17,12,476.279585200657
2021,2,17,18,462.32997391863
2021,2,18,0,453.675639850659
2021,2,18,6,458.92216976558
2021,2,18,12,439.141041758443
2021,2,18,18,451.998774963082
2021,2,19,0,470.201424048314
2021,2,19,6,487.669364067587
2021,2,19,12,481.623876083278
2021,2,19,18,467.517737453224
2021,2,20,0,464.175697042341
2021,2,20,6,467.79821930559
2021,2,20,12,467.79821930559
2021,2,20,18,467.79821930559
2021,2,21,0,489.035330893823
2021,2,21,6,504.591773827444
2021,2,21,12,615.581410433073
2021,2,21,18,745.069319806307
2021,2,22,0,1148.48068618736
2021,2,22,6,3898.28889168911
2021,2,22,12,4021.06964418325
2021,2,22,18,3376.47069358899
2021,2,23,0,2579.85497997889
2021,2,23,6,1822.29440979736
2021,2,23,12,1536.07015694961
2021,2,23,18,1373.87641366922
2021,2,24,0,1235.67140217401
2021,2,24,6,1091.22617398161
2021,2,24,12,992.023794528738
2021,2,24,18,937.462485829657
2021,2,25,0,882.898327030224
2021,2,25,6,902.774073715901
2021,2,25,12,920.670476058287
2021,2,25,18,1014.12946606852
2021,2,26,0,945.956672784603
2021,2,26,6,934.505196827348
2021,2,26,12,924.616252945577
2021,2,26,18,852.42696260865
2021,2,27,0,806.944779503702
2021,2,27,6,754.787897052674
2021,2,27,12,721.329241903012
2021,2,27,18,680.982040104889
2021,2,28,0,670.857898538777
2021,2,28,6,684.499207599576
2021,2,28,12,637.464905322997
2021,2,28,18,637.464905322997
2021,3,1,0,642.283266881552
2021,3,1,6,639.102329272524
2021,3,1,12,639.102329272524
2021,3,1,18,616.312633810093
2021,3,2,0,640.682751487728
2021,3,2,6,603.429730620167
2021,3,2,12,588.493351149371
2021,3,2,18,596.459420200462
2021,3,3,0,598.55191189256
2021,3,3,6,563.543914933381
2021,3,3,12,548.502707239429
2021,3,3,18,534.464246725075
2021,3,4,0,556.426487320293
2021,3,4,6,541.29233814762
2021,3,4,12,541.29233814762
2021,3,4,18,534.275585616077
2021,3,5,0,769.852824845514
2021,3,5,6,753.78447306328
2021,3,5,12,728.658323961171
2021,3,5,18,770.870254452714
2021,3,6,0,867.521400827884
2021,3,6,6,842.492193826629
2021,3,6,12,807.220391453505
2021,3,6,18,738.692318271434
2021,3,7,0,723.668415503267
2021,3,7,6,692.005531028199
2021,3,7,12,684.096896387877
2021,3,7,18,660.37099246691
2021,3,8,0,627.385005050686
2021,3,8,6,610.32722274601
2021,3,8,12,573.040350616832
2021,3,8,18,566.171716277247
2021,3,9,0,561.536276917625
2021,3,9,6,550.859251873263
2021,3,9,12,522.075615288894
2021,3,9,18,515.127840940943
2021,3,10,0,510.338418690526
2021,3,10,6,505.491401161704
2021,3,10,12,484.47096665795
2021,3,10,18,484.47096665795
2021,3,11,0,476.794714284883
2021,3,11,6,468.168415916054
2021,3,11,12,448.288653032145
2021,3,11,18,435.366807157604
2021,3,12,0,435.557893919258
2021,3,12,6,441.718193303318
2021,3,12,12,422.815838184482
2021,3,12,18,409.882647840016
2021,3,13,0,423.608154447643
2021,3,13,6,418.408076063247
2021,3,13,12,405.426441245055
2021,3,13,18,411.417965007298
2021,3,14,0,409.8877457658
2021,3,14,6,427.633463719407
2021,3,14,12,433.757093271475
2021,3,14,18,501.117018344222
2021,3,15,0,529.095882841465
2021,3,15,6,514.452218460307
2021,3,15,12,486.697570836245
2021,3,15,18,466.872822533343
2021,3,16,0,454.860182031469
2021,3,16,6,456.728623627708
2021,3,16,12,430.744062983681
2021,3,16,18,430.744062983681
2021,3,17,0,412.705295256011
2021,3,17,6,420.682098895102
2021,3,17,12,407.62990966924
2021,3,17,18,407.62990966924
2021,3,18,0,411.411773651821
2021,3,18,6,440.770326565052
2021,3,18,12,454.065023189984
2021,3,18,18,467.359719814916
2021,3,19,0,608.197023184651
2021,3,19,6,658.262103903484
2021,3,19,12,627.012294989229
2021,3,19,18,588.706077610466
2021,3,20,0,611.8431602384
2021,3,20,6,660.331616624544
2021,3,20,12,733.140003143636
2021,3,20,18,707.859313380062
2021,3,21,0,729.493809512412
2021,3,21,6,692.814171175478
2021,3,21,12,645.758873422231
2021,3,21,18,637.749461038699
2021,3,22,0,677.862529642814
2021,3,22,6,728.143222702683
2021,3,22,12,695.000151876216
2021,3,22,18,663.865752008929
2021,3,23,0,644.117640569156
2021,3,23,6,601.723717177496
2021,3,23,12,572.928357774613
2021,3,23,18,551.083602365529
2021,3,24,0,544.412803969897
2021,3,24,6,568.032588240823
2021,3,24,12,660.145980928524
2021,3,24,18,742.024552206481
2021,3,25,0,755.17849814965
2021,3,25,6,702.204986042957
2021,3,25,12,669.521256086092
2021,3,25,18,630.895029773432
2021,3,26,0,655.582067270702
2021,3,26,6,624.717766621604
2021,3,26,12,617.765422636944
2021,3,26,18,586.976470704878
2021,3,27,0,573.49519079431
2021,3,27,6,558.993988227504
2021,3,27,12,558.993988227504
2021,3,27,18,558.993988227504
2021,3,28,0,576.545169620367
2021,3,28,6,624.958199886716
2021,3,28,12,673.60130850734
2021,3,28,18,1078.60806071819
2021,3,29,0,1005.11232078946
2021,3,29,6,827.094331125483
2021,3,29,12,751.463196509085
2021,3,29,18,719.465408786762
2021,3,30,0,686.849611469009
2021,3,30,6,656.28940000663
2021,3,30,12,624.51744720752
2021,3,30,18,601.681356133159
2021,3,31,0,588.169624532869
2021,3,31,6,575.58273835653
2021,3,31,12,545.656426136953
2021,3,31,18,538.673619952385
2021,4,1,0,556.006848112888
2021,4,1,6,565.421218102378
2021,4,1,12,572.463831139241
2021,4,1,18,558.378605065516
2021,4,2,0,587.465218494735
2021,4,2,6,580.334840353394
2021,4,2,12,587.375297688704
2021,4,2,18,565.248146063445
2021,4,3,0,578.618036947912
2021,4,3,6,576.903179940072
2021,4,3,12,561.905696926032
2021,4,3,18,546.908213911992
2021,4,4,0,593.948347113701
2021,4,4,6,716.200853255698
2021,4,4,12,749.536012857162
2021,4,4,18,707.109446091662
2021,4,5,0,668.358353097822
2021,4,5,6,647.087596185776
2021,4,5,12,623.304897397937
2021,4,5,18,593.576523913139
2021,4,6,0,603.704115709622
2021,4,6,6,599.889377722156
2021,4,6,12,577.85671276408
2021,4,6,18,569.844834597507
2021,4,7,0,589.113914253711
2021,4,7,6,608.609764506478
2021,4,7,12,615.7220655942
2021,4,7,18,623.850409694454
2021,4,8,0,730.5214213359
2021,4,8,6,699.445523169141
2021,4,8,12,644.489089205851
2021,4,8,18,621.507307730293
2021,4,9,0,602.594894118421
2021,4,9,6,577.90185313453
2021,4,9,12,563.058483619088
2021,4,9,18,541.288208329774
2021,4,10,0,552.90809720278
2021,4,10,6,600.747910687974
2021,4,10,12,548.596172197532
2021,4,10,18,534.555319527029
2021,4,11,0,519.292917475126
2021,4,11,6,497.110152792526
2021,4,11,12,470.158397520642
2021,4,11,18,470.158397520642
2021,4,12,0,469.85323623404
2021,4,12,6,462.569733944918
2021,4,12,12,442.631383343844
2021,4,12,18,436.649878163522
2021,4,13,0,438.444972644592
2021,4,13,6,440.242595166139
2021,4,13,12,440.242595166139
2021,4,13,18,433.206754604123
2021,4,14,0,438.170758765984
2021,4,14,6,461.990652416716
2021,4,14,12,455.020965850084
2021,4,14,18,455.020965850084
2021,4,15,0,513.764409519163
2021,4,15,6,605.731830834837
2021,4,15,12,612.810499976479
2021,4,15,18,628.990315157376
2021,4,16,0,863.170449756478
2021,4,16,6,994.380872246195
2021,4,16,12,937.674834725027
2021,4,16,18,919.447894093223
2021,4,17,0,1281.82087552794
2021,4,17,6,1327.93490789177
2021,4,17,12,1227.33377850603
2021,4,17,18,1237.39389144461
2021,4,18,0,1692.85745860488
2021,4,18,6,1645.15382046891
2021,4,18,12,1463.48039244167
2021,4,18,18,1352.45774198058
2021,4,19,0,1784.95388006008
2021,4,19,6,1674.68402326759
2021,4,19,12,1487.51345596121
2021,4,19,18,1379.15154857331
2021,4,20,0,1532.35220850392
2021,4,20,6,1478.26858647092
2021,4,20,12,1299.68580421269
2021,4,20,18,1250.07947580762
2021,4,21,0,1451.57735389414
2021,4,21,6,1424.75917439495
2021,4,21,12,1315.16231482611
2021,4,21,18,1235.45550786695
2021,4,22,0,1477.67017441008
2021,4,22,6,1380.71411773443
2021,4,22,12,1300.6727196049
2021,4,22,18,1210.62614670917
2021,4,23,0,1298.3032725713
2021,4,23,6,1295.93491697866
2021,4,23,12,1176.3101554114
2021,4,23,18,1106.52904449716
2021,4,24,0,1144.14840958934
2021,4,24,6,1141.89415459177
2021,4,24,12,1151.82366897952
2021,4,24,18,1191.54172653054
2021,4,25,0,1245.33299766312
2021,4,25,6,1199.50211842986
2021,4,25,12,1139.52701250837
2021,4,25,18,1099.54360856071
2021,4,26,0,1077.52087558405
2021,4,26,6,1015.74206266204
2021,4,26,12,988.854772768046
2021,4,26,18,977.900691700122
2021,4,27,0,1037.48456082348
2021,4,27,6,1009.33099290053
2021,4,27,12,931.382658795345
2021,4,27,18,895.40650459295
2021,4,28,0,922.275024412984
2021,4,28,6,923.148673133015
2021,4,28,12,869.851418583941
2021,4,28,18,872.868244313134
2021,4,29,0,945.987745824621
2021,4,29,6,994.229606900685
2021,4,29,12,994.229606900685
2021,4,29,18,1011.42381169958
2021,4,30,0,1294.24781654246
2021,4,30,6,1314.08785711228
2021,4,30,12,1394.95480216534
2021,4,30,18,1597.122164798
2021,5,1,0,1613.41963217284
2021,5,1,6,1471.64853409913
2021,5,1,12,1334.29467091655
2021,5,1,18,1196.94080773396
2021,5,2,0,1180.81554868241
2021,5,2,6,1115.23316397753
2021,5,2,12,1056.01724376634
2021,5,2,18,952.389383396744
2021,5,3,0,971.902149437135
2021,5,3,6,955.818524897275
2021,5,3,12,920.161046248258
2021,5,3,18,885.494053117268
2021,5,4,0,921.153247774062
2021,5,4,6,1032.29701013936
2021,5,4,12,1103.1409225999
2021,5,4,18,1093.02036367697
2021,5,5,0,1181.92680666304
2021,5,5,6,1139.94309883577
2021,5,5,12,1030.90506329496
2021,5,5,18,956.560948153494
2021,5,6,0,1043.25860859937
2021,5,6,6,1106.42411377405
2021,5,6,12,1147.02683354557
2021,5,6,18,1197.78023325998
2021,5,7,0,1334.27593673079
2021,5,7,6,1427.61923572921
2021,5,7,12,1278.90889867408
2021,5,7,18,1219.42476385203
2021,5,8,0,1133.82032271717
2021,5,8,6,1029.48389966425
2021,5,8,12,954.96887454569
2021,5,8,18,885.356153711251
2021,5,9,0,838.56111765011
2021,5,9,6,824.977862416655
2021,5,9,12,783.481969935817
2021,5,9,18,743.962072335019
2021,5,10,0,760.595101415351
2021,5,10,6,769.340664623662
2021,5,10,12,753.498385815453
2021,5,10,18,714.882831220443
2021,5,11,0,747.961161959235
2021,5,11,6,782.232861827684
2021,5,11,12,766.289262096165
2021,5,11,18,742.373862498885
2021,5,12,0,902.24737132645
2021,5,12,6,975.810038440534
2021,5,12,12,913.694820387851
2021,5,12,18,887.646503139952
2021,5,13,0,959.447941109596
2021,5,13,6,1005.35305739568
2021,5,13,12,933.972990320583
2021,5,13,18,907.833810828295
2021,5,14,0,1194.23760404838
2021,5,14,6,1242.93409273507
2021,5,14,12,1120.6782803349
2021,5,14,18,1120.6782803349
2021,5,15,0,1517.17006159916
2021,5,15,6,1397.00184242993
2021,5,15,12,1188.93773823824
2021,5,15,18,1119.58303684101
2021,5,16,0,1551.80067494773
2021,5,16,6,1465.28832843248
2021,5,16,12,1280.84644093748
2021,5,16,18,1321.83352704748
2021,5,17,0,1752.24522575025
2021,5,17,6,1545.38815873676
2021,5,17,12,1379.11221760686
2021,5,17,18,1271.5219027581
2021,5,18,0,1375.72355382838
2021,5,18,6,1612.30014523241
2021,5,18,12,1432.04298613811
2021,5,18,18,1231.7572538111
2021,5,19,0,1112.06905002536
2021,5,19,6,1013.9686895361
2021,5,19,12,914.540691824304
2021,5,19,18,863.350039537044
2021,5,20,0,856.215258182557
2021,5,20,6,808.521125258362
2021,5,20,12,752.181633645004
2021,5,20,18,728.45974243938
2021,5,21,0,749.457883883847
2021,5,21,6,770.679209941219
2021,5,21,12,738.609333844835
2021,5,21,18,715.559110400559
2021,5,22,0,816.848744941064
2021,5,22,6,889.924376771272
2021,5,22,12,821.936995649636
2021,5,22,18,804.68646611131
2021,5,23,0,1078.05250145388
2021,5,23,6,1080.36591625866
2021,5,23,12,956.323903651185
2021,5,23,18,912.308995951758
2021,5,24,0,951.953520108248
2021,5,24,6,1173.62266459188
2021,5,24,12,1214.80240720914
2021,5,24,18,1214.80240720914
2021,5,25,0,1281.58757153066
2021,5,25,6,1176.77255833864
2021,5,25,12,1058.10641800197
2021,5,25,18,1038.32872794586
2021,5,26,0,1132.00080660627
2021,5,26,6,1086.82848276758
2021,5,26,12,1027.0030616978
2021,5,26,18,1007.06125467454
2021,5,27,0,1106.21124325991
2021,5,27,6,1105.49436598173
2021,5,27,12,1450.32747096685
2021,5,27,18,1643.02832375266
2021,5,28,0,2016.08984550589
2021,5,28,6,2074.61288820053
2021,5,28,12,1963.29219663855
2021,5,28,18,1760.89093925313
2021,5,29,0,1506.31713105894
2021,5,29,6,1365.11130138998
2021,5,29,12,1165.82498001918
2021,5,29,18,1106.03908360794
2021,5,30,0,1219.73262595961
2021,5,30,6,1193.72950917573
2021,5,30,12,1083.38476463008
2021,5,30,18,1093.41610504332
2021,5,31,0,1239.20697065849
2021,5,31,6,1264.79958223964
2021,5,31,12,1133.26042568672
2021,5,31,18,1163.61561566047
2021,6,1,0,1557.43952484143
2021,6,1,6,1495.99769908036
2021,6,1,12,1364.59249578276
2021,6,1,18,1475.78151395766
2021,6,2,0,1929.82208128075
2021,6,2,6,1747.20129526381
2021,6,2,12,1565.41156512075
2021,6,2,18,1686.60471854946
2021,6,3,0,1991.73609756265
2021,6,3,6,1603.77781951995
2021,6,3,12,1389.94077691729
2021,6,3,18,1351.0613146259
2021,6,4,0,1638.70911441447
2021,6,4,6,1419.35213003705
2021,6,4,12,1213.79078706617
2021,6,4,18,1125.69306865008
2021,6,5,0,1163.61757902136
2021,6,5,6,1091.11447309392
2021,6,5,12,1081.01156130601
2021,6,5,18,1171.93776739717
2021,6,6,0,1108.25317362157
2021,6,6,6,978.725000219519
2021,6,6,12,907.688508268102
2021,6,6,18,848.491431641921
2021,6,7,0,861.939555369126
2021,6,7,6,876.506287571343
2021,6,7,12,817.539501976464
2021,6,7,18,784.558079525091
2021,6,8,0,772.850532702516
2021,6,8,6,745.389001341068
2021,6,8,12,698.864057034255
2021,6,8,18,661.248144615981
2021,6,9,0,680.148553243014
2021,6,9,6,700.235957344839
2021,6,9,12,677.195289220474
2021,6,9,18,640.129866585626
2021,6,10,0,700.72819942551
2021,6,10,6,708.242360009236
2021,6,10,12,655.074024201178
2021,6,10,18,625.981915928844
2021,6,11,0,632.676171077096
2021,6,11,6,647.380310009499
2021,6,11,12,611.30338870866
2021,6,11,18,596.271338166644
2021,6,12,0,641.41240280424
2021,6,12,6,694.737870642851
2021,6,12,12,702.781145556227
2021,6,12,18,686.694595729475
2021,6,13,0,878.162476117002
2021,6,13,6,936.335811059535
2021,6,13,12,1150.97757505657
2021,6,13,18,1451.68342799928
2021,6,14,0,1483.84103022851
2021,6,14,6,1304.57698213007
2021,6,14,12,1125.32212962365
2021,6,14,18,1085.48771795555
2021,6,15,0,1085.38711995933
2021,6,15,6,1006.91100294892
2021,6,15,12,934.569824096278
2021,6,15,18,891.556150183897
2021,6,16,0,1024.53954537046
2021,6,16,6,1072.6250216237
2021,6,16,12,1092.86322957886
2021,6,16,18,949.171953097195
2021,6,17,0,986.137723913742
2021,6,17,6,950.746356536634
2021,6,17,12,847.317882603778
2021,6,17,18,780.68607728165
2021,6,18,0,960.364850261291
2021,6,18,6,934.143607340303
2021,6,18,12,831.567070500163
2021,6,18,18,749.904196510925
2021,6,19,0,1000.40209512428
2021,6,19,6,924.041305581619
2021,6,19,12,805.827066061583
2021,6,19,18,733.913403686894
2021,6,20,0,800.036861390379
2021,6,20,6,800.951712807218
2021,6,20,12,776.711055673078
2021,6,20,18,737.3199878301
2021,6,21,0,1001.99591273088
2021,6,21,6,938.406638069614
2021,6,21,12,876.788979380436
2021,6,21,18,876.788979380436
2021,6,22,0,1174.03644956104
2021,6,22,6,1046.62081681337
2021,6,22,12,908.068156301888
2021,6,22,18,831.315963068907
2021,6,23,0,1109.95211233546
2021,6,23,6,957.696257944162
2021,6,23,12,820.741751921283
2021,6,23,18,756.698277881807
2021,6,24,0,955.776863393642
2021,6,24,6,866.767218664112
2021,6,24,12,782.789771873125
2021,6,24,18,727.804538855217
2021,6,25,0,953.498722831577
2021,6,25,6,919.206387912212
2021,6,25,12,833.093371179696
2021,6,25,18,808.060517478383
2021,6,26,0,1061.78166355192
2021,6,26,6,971.986104488179
2021,6,26,12,875.789541569762
2021,6,26,18,892.824349586565
2021,6,27,0,1081.01801265474
2021,6,27,6,978.841197503066
2021,6,27,12,881.856931764765
2021,6,27,18,907.852714333794
2021,6,28,0,1037.88006582242
2021,6,28,6,903.450414993455
2021,6,28,12,827.747844387609
2021,6,28,18,818.783066289548
2021,6,29,0,958.157784628894
2021,6,29,6,864.066896354568
2021,6,29,12,773.059850557964
2021,6,29,18,757.058611736583
2021,6,30,0,877.471081316388
2021,6,30,6,792.359042555798
2021,6,30,12,682.005399238742
2021,6,30,18,652.180090234132
2021,7,1,0,725.439981924157
2021,7,1,6,654.97887746539
2021,7,1,12,590.765262027607
2021,7,1,18,549.273387437039
2021,7,2,0,524.525077955178
2021,7,2,6,512.519747116096
2021,7,2,12,492.616067616442
2021,7,2,18,467.736468241874
2021,7,3,0,473.730156259245
2021,7,3,6,479.724336761713
2021,7,3,12,454.84236908735
2021,7,3,18,429.960401412988
2021,7,4,0,461.215813583173
2021,7,4,6,473.581843406358
2021,7,4,12,436.692310341021
2021,7,4,18,406.781878125882
2021,7,5,0,424.672014992251
2021,7,5,6,448.537910406701
2021,7,5,12,418.635383046255
2021,7,5,18,382.752350213719
2021,7,6,0,395.476702793172
2021,7,6,6,419.254149396697
2021,7,6,12,390.236559104324
2021,7,6,18,367.222608182787
2021,7,7,0,379.096759988375
2021,7,7,6,397.053225260266
2021,7,7,12,373.933670371694
2021,7,7,18,357.850501753556
2021,7,8,0,339.228274085872
2021,7,8,6,337.696499909953
2021,7,8,12,326.738796373052
2021,7,8,18,316.777247703142
2021,7,9,0,306.346836193763
2021,7,9,6,317.87008881646
2021,7,9,12,311.872539970866
2021,7,9,18,296.878667856882
2021,7,10,0,296.410386910204
2021,7,10,6,321.849790181319
2021,7,10,12,310.888961413534
2021,7,10,18,295.942376730191
2021,7,11,0,286.227502824751
2021,7,11,6,306.440694723443
2021,7,11,12,290.469844184111
2021,7,11,18,276.495349962195
2021,7,12,0,270.960619941958
2021,7,12,6,289.306553105224
2021,7,12,12,279.36474715659
2021,7,12,18,265.446218828504
2021,7,13,0,260.804388065104
2021,7,13,6,275.087271448067
2021,7,13,12,270.103806385602
2021,7,13,18,256.1501042107
2021,7,14,0,256.513256093138
2021,7,14,6,265.872242544796
2021,7,14,12,260.874644000721
2021,7,14,18,251.878966621386
2021,7,15,0,242.234993950058
2021,7,15,6,250.534995164705
2021,7,15,12,245.564062720961
2021,7,15,18,236.616384322221
2021,7,16,0,228.334164643649
2021,7,16,6,229.000029850079
2021,7,16,12,229.000029850079
2021,7,16,18,220.000028676932
2021,7,17,0,215.665639615217
2021,7,17,6,212.306935886619
2021,7,17,12,212.306935886619
2021,7,17,18,204.257383815089
2021,7,18,0,198.591855225168
2021,7,18,6,197.95783953318
2021,7,18,12,197.95783953318
2021,7,18,18,193.958691259782
2021,7,19,0,189.65938139527
2021,7,19,6,189.359358040645
2021,7,19,12,193.3458708415
2021,7,19,18,189.359358040645
2021,7,20,0,186.211494306301
2021,7,20,6,187.051339185341
2021,7,20,12,191.073948630187
2021,7,20,18,186.04568682413
2021,7,21,0,181.446505406257
2021,7,21,6,180.870418391315
2021,7,21,12,184.867554709355
2021,7,21,18,176.873282073275
2021,7,22,0,165.330999761493
2021,7,22,6,171.729803381161
2021,7,22,12,171.729803381161
2021,7,22,18,167.759172089111
2021,7,23,0,164.231478249457
2021,7,23,6,161.68072541848
2021,7,23,12,164.674812926229
2021,7,23,18,160.68269624923
2021,7,24,0,157.691977465771
2021,7,24,6,157.695315270151
2021,7,24,12,160.689530117052
2021,7,24,18,157.695315270151
2021,7,25,0,154.147792401427
2021,7,25,6,154.592946083396
2021,7,25,12,161.619898178096
2021,7,25,18,161.619898178096
2021,7,26,0,154.186639034374
2021,7,26,6,152.782176906388
2021,7,26,12,160.770787463585
2021,7,26,18,160.770787463585
2021,7,27,0,153.16590612495
2021,7,27,6,153.549945488182
2021,7,27,12,157.564323148004
2021,7,27,18,153.549945488182
2021,7,28,0,149.50567762481
2021,7,28,6,149.475770201203
2021,7,28,12,153.488542555598
2021,7,28,18,149.475770201203
2021,7,29,0,145.614080716131
2021,7,29,6,144.763616748806
2021,7,29,12,147.738211613508
2021,7,29,18,143.772085127239
2021,7,30,0,141.838200721597
2021,7,30,6,138.856338994105
2021,7,30,12,145.899776479313
2021,7,30,18,142.881160414224
2021,7,31,0,138.887150964934
2021,7,31,6,138.917939473372
2021,7,31,12,142.94454641463
2021,7,31,18,145.964501620572
2021,8,1,0,141.458937121565
2021,8,1,6,140.980238517029
2021,8,1,12,144.979677907582
2021,8,1,18,144.979677907582
2021,8,2,0,140.66182797666
2021,8,2,6,140.343449899051
2021,8,2,12,144.324824364272
2021,8,2,18,140.343449899051
2021,8,3,0,137.31480555366
2021,8,3,6,136.277435666109
2021,8,3,12,136.277435666109
2021,8,3,18,136.277435666109
2021,8,4,0,133.020356680828
2021,8,4,6,128.785068643496
2021,8,4,12,132.747686140219
2021,8,4,18,132.747686140219
2021,8,5,0,126.419354623973
2021,8,5,6,127.027001462319
2021,8,5,12,130.027639292137
2021,8,5,18,127.027001462319
2021,8,6,0,121.415872911401
2021,8,6,6,123.712992832879
2021,8,6,12,172.418895522988
2021,8,6,18,221.124798213098
2021,8,7,0,188.075659330343
2021,8,7,6,175.961742358034
2021,8,7,12,191.861899800025
2021,8,7,18,270.302676513847
2021,8,8,0,567.654968319488
2021,8,8,6,569.088609316242
2021,8,8,12,362.404686529746
2021,8,8,18,290.678758987401
2021,8,9,0,260.0171624318
2021,8,9,6,233.573062364669
2021,8,9,12,211.799302313725
2021,8,9,18,194.974124092541
2021,8,10,0,187.285376162518
2021,8,10,6,175.607285364299
2021,8,10,12,171.638759141377
2021,8,10,18,164.693838251264
2021,8,11,0,156.83632150766
2021,8,11,6,153.936388743064
2021,8,11,12,153.936388743064
2021,8,11,18,149.963836775501
2021,8,12,0,143.490063884781
2021,8,12,6,143.968670857983
2021,8,12,12,143.968670857983
2021,8,12,18,143.968670857983
2021,8,13,0,136.697948329096
2021,8,13,6,136.425946802458
2021,8,13,12,136.425946802458
2021,8,13,18,136.425946802458
2021,8,14,0,132.746410069294
2021,8,14,6,130.049208527213
2021,8,14,12,130.049208527213
2021,8,14,18,130.049208527213
2021,8,15,0,126.958324891832
2021,8,15,6,126.86860443032
2021,8,15,12,126.86860443032
2021,8,15,18,122.87274287346
2021,8,16,0,119.821719930702
2021,8,16,6,119.767604873216
2021,8,16,12,119.767604873216
2021,8,16,18,122.761794995046
2021,8,17,0,123.584396888484
2021,8,17,6,134.523356202482
2021,8,17,12,152.729524711089
2021,8,17,18,152.729524711089
2021,8,18,0,140.450593054631
2021,8,18,6,132.336172260125
2021,8,18,12,129.351145818167
2021,8,18,18,126.36611937621
2021,8,19,0,123.442746929088
2021,8,19,6,121.465985505015
2021,8,19,12,115.392686229764
2021,8,19,18,118.42933586739
2021,8,20,0,117.981087945541
2021,8,20,6,114.519682836074
2021,8,20,12,114.519682836074
2021,8,20,18,117.533358700181
2021,8,21,0,116.873523805308
2021,8,21,6,116.214609346377
2021,8,21,12,116.214609346377
2021,8,21,18,116.214609346377
2021,8,22,0,113.838821261022
2021,8,22,6,114.443947767071
2021,8,22,12,114.443947767071
2021,8,22,18,123.478996274998
2021,8,23,0,133.427392271008
2021,8,23,6,133.336858320635
2021,8,23,12,127.321661704667
2021,8,23,18,123.311530627354
2021,8,24,0,122.632459319794
2021,8,24,6,118.979907040911
2021,8,24,12,118.979907040911
2021,8,24,18,116.005409364888
2021,8,25,0,113.43720583035
2021,8,25,6,110.848244399287
2021,8,25,12,110.848244399287
2021,8,25,18,107.852345902009
2021,8,26,0,107.464964938591
2021,8,26,6,104.103863528569
2021,8,26,12,104.103863528569
2021,8,26,18,104.103863528569
2021,8,27,0,107.912033962006
2021,8,27,6,114.789493444466
2021,8,27,12,120.831045731017
2021,8,27,18,120.831045731017
2021,8,28,0,123.184612366823
2021,8,28,6,126.503071966906
2021,8,28,12,122.518723243539
2021,8,28,18,116.542200158488
2021,8,29,0,113.687559154905
2021,8,29,6,110.825984080982
2021,8,29,12,110.825984080982
2021,8,29,18,107.830687213928
2021,8,30,0,107.347017571589
2021,8,30,6,103.895598025355
2021,8,30,12,103.895598025355
2021,8,30,18,103.895598025355
2021,8,31,0,101.279446310903
2021,8,31,6,101.632009316142
2021,8,31,12,104.621186060734
2021,8,31,18,113.588716294511
2021,9,1,0,123.036742004102
2021,9,1,6,137.576734647811
2021,9,1,12,127.534637228262
2021,9,1,18,120.505169034579
2021,9,2,0,113.730117006842
2021,9,2,6,110.008534102211
2021,9,2,12,110.008534102211
2021,9,2,18,107.035330477826
2021,9,3,0,104.165169530634
2021,9,3,6,104.268273527404
2021,9,3,12,101.289179998049
2021,9,3,18,101.289179998049
2021,9,4,0,98.1414642695648
2021,9,4,6,98.2707147463451
2021,9,4,12,98.2707147463451
2021,9,4,18,98.2707147463451
2021,9,5,0,98.634368696999
2021,9,5,6,102.308522546916
2021,9,5,12,102.308522546916
2021,9,5,18,108.326670932029
2021,9,6,0,107.47804697663
2021,9,6,6,103.669903036778
2021,9,6,12,100.707905807155
2021,9,6,18,100.707905807155
2021,9,7,0,98.3506748716705
2021,9,7,6,96.237348148354
2021,9,7,12,96.237348148354
2021,9,7,18,96.237348148354
2021,9,8,0,96.22513373348
2021,9,8,6,93.3979049080859
2021,9,8,12,93.3979049080859
2021,9,8,18,93.3979049080859
2021,9,9,0,92.9874712575171
2021,9,9,6,92.5775026406739
2021,9,9,12,92.5775026406739
2021,9,9,18,92.5775026406739
2021,9,10,0,89.9475472178979
2021,9,10,6,90.1079834740285
2021,9,10,12,90.1079834740285
2021,9,10,18,90.1079834740285
2021,9,11,0,90.204460571961
2021,9,11,6,90.3008658770301
2021,9,11,12,90.3008658770301
2021,9,11,18,90.3008658770301
2021,9,12,0,93.5904557859462
2021,9,12,6,96.9104529153348
2021,9,12,12,112.403973600859
2021,9,12,18,131.644293406411
2021,9,13,0,136.492097893292
2021,9,13,6,141.121467095754
2021,9,13,12,120.54125314429
2021,9,13,18,111.721161450806
2021,9,14,0,108.739728553769
2021,9,14,6,105.760527747961
2021,9,14,12,102.822735310517
2021,9,14,18,111.636112622848
2021,9,15,0,154.822977785054
2021,9,15,6,196.587280351197
2021,9,15,12,213.90325841322
2021,9,15,18,173.159780620225
2021,9,16,0,149.873073574691
2021,9,16,6,135.368035805579
2021,9,16,12,125.698890390895
2021,9,16,18,118.930488600616
2021,9,17,0,138.137666217946
2021,9,17,6,157.518407375334
2021,9,17,12,170.981519116815
2021,9,17,18,203.292987296371
2021,9,18,0,614.264051464554
2021,9,18,6,4348.05907886663
2021,9,18,12,2842.9617054128
2021,9,18,18,1683.4792843817
2021,9,19,0,1076.74616077592
2021,9,19,6,943.913491402218
2021,9,19,12,1275.82816155738
2021,9,19,18,1026.6429737532
2021,9,20,0,1070.4835647312
2021,9,20,6,1015.1541553368
2021,9,20,12,1291.11839173903
2021,9,20,18,864.359411874147
2021,9,21,0,668.251689574212
2021,9,21,6,550.694309636041
2021,9,21,12,479.793631323112
2021,9,21,18,431.231522889599
2021,9,22,0,384.310341442806
2021,9,22,6,355.870216409239
2021,9,22,12,328.880059546741
2021,9,22,18,313.885527956464
2021,9,23,0,298.417597776462
2021,9,23,6,283.896023438404
2021,9,23,12,269.851697190568
2021,9,23,18,264.835866387769
2021,9,24,0,248.415217450903
2021,9,24,6,241.124760303344
2021,9,24,12,228.33038526684
2021,9,24,18,228.33038526684
2021,9,25,0,212.013966737248
2021,9,25,6,213.416773998012
2021,9,25,12,205.438576839208
2021,9,25,18,201.449478259806
2021,9,26,0,195.37633786651
2021,9,26,6,190.348107082405
2021,9,26,12,186.403068593651
2021,9,26,18,190.348107082405
2021,9,27,0,382.424123922754
2021,9,27,6,666.591986197604
2021,9,27,12,599.520037121994
2021,9,27,18,543.798725582256
2021,9,28,0,733.757820453156
2021,9,28,6,1310.62699896671
2021,9,28,12,1234.17375736032
2021,9,28,18,1539.98672378589
2021,9,29,0,1176.65782784943
2021,9,29,6,965.326895978007
2021,9,29,12,879.307667623531
2021,9,29,18,863.059591156575
2021,9,30,0,815.966383783706
2021,9,30,6,894.362179993626
2021,9,30,12,1634.14324245749
2021,9,30,18,3588.49022836948
2021,10,1,0,1750.0198148463
2021,10,1,6,1124.610486151
2021,10,1,12,906.141072038057
2021,10,1,18,754.042112845504
2021,10,2,0,680.417163481058
2021,10,2,6,629.223743892765
2021,10,2,12,572.111103602029
2021,10,2,18,531.738375120646
2021,10,3,0,485.425437271487
2021,10,3,6,465.77741351552
2021,10,3,12,441.262812804177
2021,10,3,18,435.379308633454
2021,10,4,0,413.740173852676
2021,10,4,6,387.783010883486
2021,10,4,12,381.817118408356
2021,10,4,18,376.845541345747
2021,10,5,0,357.367102375395
2021,10,5,6,355.698363878347
2021,10,5,12,366.845606051173
2021,10,5,18,395.220404309275
2021,10,6,0,415.1038819096
2021,10,6,6,377.797530327353
2021,10,6,12,377.797530327353
2021,10,6,18,411.689657058567
2021,10,7,0,546.327751117317
2021,10,7,6,676.484852966397
2021,10,7,12,561.40237058306
2021,10,7,18,487.349294962478
2021,10,8,0,459.197992737592
2021,10,8,6,444.225794870504
2021,10,8,12,407.700562847818
2021,10,8,18,384.99568888777
2021,10,9,0,370.958919986054
2021,10,9,6,356.682242670912
2021,10,9,12,351.672660610927
2021,10,9,18,345.661162138946
2021,10,10,0,417.008181202349
2021,10,10,6,2132.47903270403
2021,10,10,12,1229.53746029782
2021,10,10,18,901.020420124497
2021,10,11,0,736.918778273712
2021,10,11,6,645.23591788259
2021,10,11,12,573.976883078613
2021,10,11,18,527.121627317094
2021,10,12,0,490.411081264277
2021,10,12,6,468.105206826751
2021,10,12,12,449.380998553681
2021,10,12,18,437.555182802269
2021,10,13,0,479.508591632215
2021,10,13,6,504.172306525087
2021,10,13,12,485.013758877134
2021,10,13,18,465.855211229181
2021,10,14,0,482.404256439582
2021,10,14,6,466.835334642271
2021,10,14,12,479.802982826778
2021,10,14,18,525.688507171959
2021,10,15,0,732.95007805616
2021,10,15,6,1165.88095637174
2021,10,15,12,1748.82143455761
2021,10,15,18,3249.3534061842
2021,10,16,0,2458.91672100745
2021,10,16,6,2063.75563989522
2021,10,16,12,1571.05722136168
2021,10,16,18,1236.39414462191
2021,10,17,0,1078.69266866698
2021,10,17,6,963.257337198563
2021,10,17,12,876.044821419649
2021,10,17,18,801.571212439903
2021,10,18,0,719.552146300757
2021,10,18,6,677.157936728658
2021,10,18,12,633.534292195626
2021,10,18,18,597.842219395872
2021,10,19,0,559.377962690047
2021,10,19,6,543.851487209826
2021,10,19,12,530.107947821852
2021,10,19,18,484.950604118509
2021,10,20,0,506.81170261832
2021,10,20,6,508.696873531787
2021,10,20,12,550.537741917518
2021,10,20,18,1607.57020639915
2021,10,21,0,1519.54054064474
2021,10,21,6,983.628728599889
2021,10,21,12,813.813580171795
2021,10,21,18,713.594804050297
2021,10,22,0,746.427691631394
2021,10,22,6,1302.03346077534
2021,10,22,12,1292.09427405187
2021,10,22,18,1262.27671388144
2021,10,23,0,2420.73269356198
2021,10,23,6,2036.82211504437
2021,10,23,12,1487.678897753
2021,10,23,18,1327.92814363187
2021,10,24,0,1314.43902661203
2021,10,24,6,1164.30854974527
2021,10,24,12,1060.3524292323
2021,10,24,18,1330.63834256602
2021,10,25,0,1734.92487006352
2021,10,25,6,1327.89448630818
2021,10,25,12,1226.52849498695
2021,10,25,18,1348.16768457243
2021,10,26,0,4299.99834688803
2021,10,26,6,3397.2104672285
2021,10,26,12,3095.68291096561
2021,10,26,18,2884.61362158159
2021,10,27,0,4624.84594220489
2021,10,27,6,3152.52955383165
2021,10,27,12,2433.03331932353
2021,10,27,18,1978.61464489734
2021,10,28,0,1846.88032869741
2021,10,28,6,2279.17978034723
2021,10,28,12,6870.41212633517
2021,10,28,18,10530.2488890081
2021,10,29,0,7673.35890629561
2021,10,29,6,5911.20738188198
2021,10,29,12,4079.29966289619
2021,10,29,18,3163.34580340329
2021,10,30,0,2579.01927277172
2021,10,30,6,2265.12062478976
2021,10,30,12,1990.56054905767
2021,10,30,18,1784.6404922586
2021,10,31,0,1580.3063328717
2021,10,31,6,1503.27260027884
2021,10,31,12,1365.71824469777
2021,10,31,18,1257.6398224555
2021,11,1,0,1206.44243517386
2021,11,1,6,1153.25654701608
2021,11,1,12,1072.32626301496
2021,11,1,18,1072.32626301496
2021,11,2,0,1237.74380442967
2021,11,2,6,1159.90892750505
2021,11,2,12,1058.16253035548
2021,11,2,18,1078.5118097854
2021,11,3,0,1609.06969335377
2021,11,3,6,1747.15509185316
2021,11,3,12,1433.05979444135
2021,11,3,18,1295.64310182369
2021,11,4,0,1359.2480023766
2021,11,4,6,2111.29280169886
2021,11,4,12,2577.99963154808
2021,11,4,18,5333.79234113395
2021,11,5,0,5394.45348498103
2021,11,5,6,3274.81462547757
2021,11,5,12,2718.18891009894
2021,11,5,18,2402.76767138439
2021,11,6,0,2134.15185941713
2021,11,6,6,1841.86550434485
2021,11,6,12,1782.12932582556
2021,11,6,18,1722.39314730627
2021,11,7,0,1653.01912821027
2021,11,7,6,1673.36047359611
2021,11,7,12,1622.95804969261
2021,11,7,18,1602.79708013121
2021,11,8,0,1508.77002648985
2021,11,8,6,1407.83519434148
2021,11,8,12,1311.4081262359
2021,11,8,18,1224.62376494088
2021,11,9,0,1163.48744916305
2021,11,9,6,1076.63246488278
2021,11,9,12,1149.62449640026
2021,11,9,18,1167.87250427962
2021,11,10,0,1248.26240457696
2021,11,10,6,1155.53980311492
2021,11,10,12,1155.53980311492
2021,11,10,18,1100.9473714717
2021,11,11,0,1047.66735799814
2021,11,11,6,1012.43858661002
2021,11,11,12,1012.43858661002
2021,11,11,18,1094.52820174056
2021,11,12,0,2553.55598916282
2021,11,12,6,5269.57395037002
2021,11,12,12,6204.17763213376
2021,11,12,18,5587.73690586406
2021,11,13,0,4203.41824760683
2021,11,13,6,2623.09279235937
2021,11,13,12,2133.8986381573
2021,11,13,18,1998.94852665328
2021,11,14,0,3244.7358615904
2021,11,14,6,8108.84029739383
2021,11,14,12,11965.3716079591
2021,11,14,18,12149.4542480816
2021,11,15,0,17107.9533296379
2021,11,15,6,17173.8809245936
2021,11,15,12,13613.4421963242
2021,11,15,18,14032.3173408265
2021,11,16,0,8452.71955461366
2021,11,16,6,5498.53839309705
2021,11,16,12,4623.30288108722
2021,11,16,18,3933.41135985594
2021,11,17,0,3356.79090821282
2021,11,17,6,2678.00051217367
2021,11,17,12,2338.66483083659
2021,11,17,18,2118.55519969903
2021,11,18,0,1972.77370399622
2021,11,18,6,1867.84879749544
2021,11,18,12,1728.00985008937
2021,11,18,18,1728.00985008937
2021,11,19,0,1779.47692367903
2021,11,19,6,1650.88106877219
2021,11,19,12,1520.81165123256
2021,11,19,18,1380.73689388219
2021,11,20,0,1355.67463253667
2021,11,20,6,1256.15161832671
2021,11,20,12,1235.38878166015
2021,11,20,18,1162.7188533272
2021,11,21,0,1095.80090425169
2021,11,21,6,1038.58784170773
2021,11,21,12,1028.09705542786
2021,11,21,18,978.79035991244
2021,11,22,0,973.251056007767
2021,11,22,6,890.664439250677
2021,11,22,12,890.664439250677
2021,11,22,18,862.628996852956
2021,11,23,0,842.833896570938
2021,11,23,6,849.967477209015
2021,11,23,12,1096.03897187509
2021,11,23,18,1013.29877497864
2021,11,24,0,950.549105915258
2021,11,24,6,880.794129210036
2021,11,24,12,834.941650328642
2021,11,24,18,791.221844883591
2021,11,25,0,803.550664419556
2021,11,25,6,806.104747518059
2021,11,25,12,1407.65904068638
2021,11,25,18,3233.21685907653
2021,11,26,0,3902.42461082304
2021,11,26,6,2931.7022002606
2021,11,26,12,3016.81613510687
2021,11,26,18,2714.188811209
2021,11,27,0,2452.23224629869
2021,11,27,6,2039.5609115272
2021,11,27,12,1893.87798927525
2021,11,27,18,3184.21244350674
2021,11,28,0,7472.44387950191
2021,11,28,6,7039.17392301729
2021,11,28,12,12700.650197493
2021,11,28,18,10537.2343587675
2021,11,29,0,7013.41617723834
2021,11,29,6,5142.4293820617
2021,11,29,12,3922.3628031804
2021,11,29,18,3105.62401897059
2021,11,30,0,2965.79982852125
2021,11,30,6,2869.0591565326
2021,11,30,12,4546.3552788132
2021,11,30,18,6278.8256156425
2021,12,1,0,6125.64162470788
2021,12,1,6,4482.20384885946
2021,12,1,12,3839.10503576223
2021,12,1,18,3273.95759394952
2021,12,2,0,3403.90876970537
2021,12,2,6,3807.31339342212
2021,12,2,12,2801.79216387731
2021,12,2,18,2411.29848250068
2021,12,3,0,2155.24725714911
2021,12,3,6,1926.82704285809
2021,12,3,12,1749.87353892214
2021,12,3,18,1622.07378607951
2021,12,4,0,1567.21631996115
2021,12,4,6,1488.05243488981
2021,12,4,12,1477.79000430436
2021,12,4,18,1395.69055962079
2021,12,5,0,1309.714259697
2021,12,5,6,1263.20741104092
2021,12,5,12,1168.46685521285
2021,12,5,18,1115.83321308614
2021,12,6,0,1115.27053512814
2021,12,6,6,1093.67417100378
2021,12,6,12,1062.12587760944
2021,12,6,18,1072.64197540756
2021,12,7,0,1067.8471528051
2021,12,7,6,1041.69569840536
2021,12,7,12,1041.69569840536
2021,12,7,18,1032.12910525674
2021,12,8,0,1021.10994271472
2021,12,8,6,1296.74985815065
2021,12,8,12,1490.75180543303
2021,12,8,18,1306.96048695499
2021,12,9,0,1189.96694652728
2021,12,9,6,1174.31743560874
2021,12,9,12,1163.83245850509
2021,12,9,18,1163.83245850509
2021,12,10,0,1086.06807855633
2021,12,10,6,1039.18114045674
2021,12,10,12,1009.4902507294
2021,12,10,18,999.9467504599
2021,12,11,0,1056.695457871
2021,12,11,6,1428.01758860609
2021,12,11,12,2508.94756887043
2021,12,11,18,2231.27748219702
2021,12,12,0,1806.81871869386
2021,12,12,6,1649.76741453702
2021,12,12,12,1421.18518240238
2021,12,12,18,1291.98652945671
2021,12,13,0,1227.30477475412
2021,12,13,6,1135.98943741769
2021,12,13,12,1104.4341752672
2021,12,13,18,1104.4341752672
2021,12,14,0,1042.97718204389
2021,12,14,6,1024.5621300614
2021,12,14,12,955.976611571196
2021,12,14,18,898.997873133178
2021,12,15,0,893.952057148446
2021,12,15,6,879.636734335435
2021,12,15,12,852.420251218621
2021,12,15,18,843.710976621241
2021,12,16,0,818.510234415242
2021,12,16,6,801.924349739446
2021,12,16,12,801.924349739446
2021,12,16,18,775.667617960801
2021,12,17,0,758.457766931675
2021,12,17,6,740.184936869171
2021,12,17,12,731.451191301393
2021,12,17,18,715.075418361809
2021,12,18,0,684.12011756462
2021,12,18,6,741.736960440145
2021,12,18,12,1197.00999133099
2021,12,18,18,3652.41510175354
2021,12,19,0,2293.54822753939
2021,12,19,6,1607.50756954955
2021,12,19,12,1342.85693309932
2021,12,19,18,1176.22505088992
2021,12,20,0,1133.28289966309
2021,12,20,6,1072.83821130754
2021,12,20,12,991.047575395975
2021,12,20,18,952.807797567191
2021,12,21,0,913.324052783005
2021,12,21,6,874.052137834713
2021,12,21,12,855.662427013933
2021,12,21,18,847.008445451213
2021,12,22,0,861.233623521027
2021,12,22,6,2509.08824471269
2021,12,22,12,2759.99706918396
2021,12,22,18,2569.3063625858
2021,12,23,0,2501.97763205517
2021,12,23,6,2561.6512806379
2021,12,23,12,2054.84976828148
2021,12,23,18,1741.55428791569
2021,12,24,0,1581.91825669759
2021,12,24,6,1504.57289670597
2021,12,24,12,1375.0401307644
2021,12,24,18,1265.43548265999
2021,12,25,0,1247.98107113021
2021,12,25,6,1226.45322119001
2021,12,25,12,1109.14030438053
2021,12,25,18,1098.47549376149
2021,12,26,0,1083.88159706365
2021,12,26,6,1007.96109179073
2021,12,26,12,959.257089456302
2021,12,26,18,921.140913716316
2021,12,27,0,883.401287776808
2021,12,27,6,872.825162966255
2021,12,27,12,845.819433914082
2021,12,27,18,801.530038268517
2021,12,28,0,812.248085254677
2021,12,28,6,761.117579302019
2021,12,28,12,736.145105230769
2021,12,28,18,753.517261106421
2021,12,29,0,726.192851338786
2021,12,29,6,698.282661406601
2021,12,29,12,673.975353572827
2021,12,29,18,681.709496974482
2021,12,30,0,677.871982064674
2021,12,30,6,666.125006603875
2021,12,30,12,673.94862245325
2021,12,30,18,666.125006603875
2021,12,31,0,637.730450393122
2021,12,31,6,610.740516296589
2021,12,31,12,603.009623685239
2021,12,31,18,595.278731073891
2022,1,1,0,584.212170035657
2022,1,1,6,557.351250022635
2022,1,1,12,587.508532087988
2022,1,1,18,571.871422868916
2022,1,2,0,558.325317691348
2022,1,2,6,559.299918521027
2022,1,2,12,544.728978759958
2022,1,2,18,611.979469964891
2022,1,3,0,729.657591782281
2022,1,3,6,768.350206936857
2022,1,3,12,725.172025279022
2022,1,3,18,699.70796942953
2022,1,4,0,651.882823670032
2022,1,4,6,629.45884815466
2022,1,4,12,613.916654373064
2022,1,4,18,598.374460591467
2022,1,5,0,592.616077429299
2022,1,5,6,577.927879816316
2022,1,5,12,563.451844291052
2022,1,5,18,548.975808765788
2022,1,6,0,554.674071837931
2022,1,6,6,597.916592978911
2022,1,6,12,589.959528053336
2022,1,6,18,628.608129120414
2022,1,7,0,1068.35667591095
2022,1,7,6,4894.4633862758
2022,1,7,12,4458.21773662948
2022,1,7,18,3128.20051209801
2022,1,8,0,2049.87821249629
2022,1,8,6,1548.43081033251
2022,1,8,12,1292.00277804815
2022,1,8,18,1153.92614527964
2022,1,9,0,1081.40525749412
2022,1,9,6,1043.97073296839
2022,1,9,12,983.863327130818
2022,1,9,18,955.391398049861
2022,1,10,0,944.145375709565
2022,1,10,6,903.638605201834
2022,1,10,12,922.933379690129
2022,1,10,18,971.170315910868
2022,1,11,0,996.35861543035
2022,1,11,6,1728.67078751479
2022,1,11,12,2988.72600010088
2022,1,11,18,3259.48166561524
2022,1,12,0,7129.96702219721
2022,1,12,6,7703.72929619722
2022,1,12,12,6568.20850398318
2022,1,12,18,7102.57122973096
2022,1,13,0,6120.89726050433
2022,1,13,6,4263.44699791279
2022,1,13,12,3891.40091554776
2022,1,13,18,3318.24884271514
2022,1,14,0,2692.96601827747
2022,1,14,6,2466.59007283308
2022,1,14,12,2099.01978746972
2022,1,14,18,1944.25335152725
2022,1,15,0,1807.29212344664
2022,1,15,6,1732.20026120464
2022,1,15,12,1630.30612819261
2022,1,15,18,1518.22258187937
2022,1,16,0,1471.25224429067
2022,1,16,6,1393.25066647336
2022,1,16,12,1383.00617627871
2022,1,16,18,1239.58331355351
2022,1,17,0,1217.06819423874
2022,1,17,6,1173.38261763033
2022,1,17,12,1142.23086671979
2022,1,17,18,1100.69519883907
2022,1,18,0,1310.31517406422
2022,1,18,6,1558.15891692173
2022,1,18,12,1619.66518995812
2022,1,18,18,1619.66518995812
2022,1,19,0,1574.70160440744
2022,1,19,6,1480.01187213491
2022,1,19,12,1359.19457645043
2022,1,19,18,1258.51349671336
2022,1,20,0,1269.86610371017
2022,1,20,6,2436.80098014371
2022,1,20,12,7015.36425673661
2022,1,20,18,5430.89725171043
2022,1,21,0,3603.9824247598
2022,1,21,6,2367.1561053592
2022,1,21,12,1981.80511146352
2022,1,21,18,1770.77956718731
2022,1,22,0,1676.57253040703
2022,1,22,6,1586.63104212052
2022,1,22,12,1465.35987966545
2022,1,22,18,1364.30057761956
2022,1,23,0,1330.82222657999
2022,1,23,6,1223.36798492098
2022,1,23,12,1161.16283314534
2022,1,23,18,1130.06025725752
2022,1,24,0,1080.00722122214
2022,1,24,6,1070.95465984945
2022,1,24,12,1039.14412539847
2022,1,24,18,951.134980084113
2022,1,25,0,957.520686992018
2022,1,25,6,925.216741333824
2022,1,25,12,887.606304694237
2022,1,25,18,849.995868054651
2022,1,26,0,820.842952750027
2022,1,26,6,809.696098806487
2022,1,26,12,791.145110019815
2022,1,26,18,757.316836350003
2022,1,27,0,758.84042003985
2022,1,27,6,742.832691932042
2022,1,27,12,717.633352825203
2022,1,27,18,684.764649642369
2022,1,28,0,702.698705461506
2022,1,28,6,704.19803668769
2022,1,28,12,687.693395202822
2022,1,28,18,655.784421665411
2022,1,29,0,673.948625549956
2022,1,29,6,661.177407858585
2022,1,29,12,652.302543323571
2022,1,29,18,636.771530387295
2022,1,30,0,617.550176408692
2022,1,30,6,653.114313126895
2022,1,30,12,660.983160273002
2022,1,30,18,669.976128439982
2022,1,31,0,998.299466421
2022,1,31,6,1133.76384848587
2022,1,31,12,958.840283290911
2022,1,31,18,845.463898442324
2022,2,1,0,797.567747332847
2022,2,1,6,743.377907324304
2022,2,1,12,734.606486588914
2022,2,1,18,692.942238095811
2022,2,2,0,668.577180382663
2022,2,2,6,644.22885272475
2022,2,2,12,605.88189720542
2022,2,2,18,621.220679413152
2022,2,3,0,596.760322156567
2022,2,3,6,602.990076937505
2022,2,3,12,610.821116897733
2022,2,3,18,649.97631669887
2022,2,4,0,643.666044800084
2022,2,4,6,629.452692428231
2022,2,4,12,637.320851083584
2022,2,4,18,685.653825680751
2022,2,5,0,1003.47568973175
2022,2,5,6,988.288726491883
2022,2,5,12,911.279215336671
2022,2,5,18,846.035046163506
2022,2,6,0,817.322100303071
2022,2,6,6,788.059212219465
2022,2,6,12,745.667061493177
2022,2,6,18,711.970736556896
2022,2,7,0,715.281755478255
2022,2,7,6,709.815569129731
2022,2,7,12,718.592268593468
2022,2,7,18,702.135957098961
2022,2,8,0,719.631654576108
2022,2,8,6,711.868160871585
2022,2,8,12,711.868160871585
2022,2,8,18,687.662442882134
2022,2,9,0,673.570386019297
2022,2,9,6,668.225579186753
2022,2,9,12,651.603052341312
2022,2,9,18,636.088693952233
2022,2,10,0,638.595255831374
2022,2,10,6,665.675702646751
2022,2,10,12,665.675702646751
2022,2,10,18,665.675702646751
2022,2,11,0,679.350154759292
2022,2,11,6,677.390463280525
2022,2,11,12,645.186654370467
2022,2,11,18,637.413321185281
2022,2,12,0,616.669367948178
2022,2,12,6,611.410099442326
2022,2,12,12,596.852716122271
2022,2,12,18,589.014125103779
2022,2,13,0,580.776464317697
2022,2,13,6,596.033130971007
2022,2,13,12,588.20530373499
2022,2,13,18,580.377476498973
2022,2,14,0,585.991835726056
2022,2,14,6,598.207647745471
2022,2,14,12,637.052300196475
2022,2,14,18,701.423438543854
2022,2,15,0,692.641430857317
2022,2,15,6,659.536906900643
2022,2,15,12,619.699107154966
2022,2,15,18,611.952868315529
2022,2,16,0,604.980629512648
2022,2,16,6,613.520531777329
2022,2,16,12,597.988366415878
2022,2,16,18,583.565641437387
2022,2,17,0,564.870589592258
2022,2,17,6,553.765942080449
2022,2,17,12,545.903139657401
2022,2,17,18,531.30079230031
2022,2,18,0,525.189240653553
2022,2,18,6,519.060527691156
2022,2,18,12,519.060527691156
2022,2,18,18,497.66757752601
2022,2,19,0,507.234000751167
2022,2,19,6,510.049243350198
2022,2,19,12,518.018762777545
2022,2,19,18,524.849779429556
2022,2,20,0,610.929873882752
2022,2,20,6,585.642961813018
2022,2,20,12,563.074832263383
2022,2,20,18,541.63510919123
2022,2,21,0,520.364774327964
2022,2,21,6,534.083876915307
2022,2,21,12,499.080493861661
2022,2,21,18,485.530797195734
2022,2,22,0,474.24460959317
2022,2,22,6,463.969604062978
2022,2,22,12,430.910344805419
2022,2,22,18,430.910344805419
2022,2,23,0,426.175008195317
2022,2,23,6,397.19627303264
2022,2,23,12,378.775576312286
2022,2,23,18,397.19627303264
2022,2,24,0,427.488606805935
2022,2,24,6,402.609097154154
2022,2,24,12,395.726890365194
2022,2,24,18,384.256545716928
2022,2,25,0,391.326274885632
2022,2,25,6,386.887368792505
2022,2,25,12,368.409166103907
2022,2,25,18,362.634727763721
2022,2,26,0,380.811611573993
2022,2,26,6,370.065499568142
2022,2,26,12,364.265099888391
2022,2,26,18,364.265099888391
2022,2,27,0,429.996160003358
2022,2,27,6,514.058929844686
2022,2,27,12,664.596794332826
2022,2,27,18,1061.57071846451
2022,2,28,0,1529.55284917384
2022,2,28,6,4142.09083420501
2022,2,28,12,4803.06277583347
2022,2,28,18,5122.53254762056
2022,3,1,0,4815.0704439196
2022,3,1,6,4820.0229376717
2022,3,1,12,4298.37543359468
2022,3,1,18,3787.1608795992
2022,3,2,0,2973.8169712399
2022,3,2,6,2558.72808700907
2022,3,2,12,3015.99128126545
2022,3,2,18,3278.67439285953
2022,3,3,0,3159.38818365445
2022,3,3,6,2750.44086639328
2022,3,3,12,2335.99087282717
2022,3,3,18,2015.73405961699
2022,3,4,0,1756.28746933451
2022,3,4,6,1656.05758050422
2022,3,4,12,1484.39307520805
2022,3,4,18,1373.31604236936
2022,3,5,0,1296.17439664942
2022,3,5,6,1217.02532646682
2022,3,5,12,1134.51513484195
2022,3,5,18,1052.00494321708
2022,3,6,0,1016.73759978585
2022,3,6,6,991.635626730517
2022,3,6,12,924.676307883762
2022,3,6,18,877.911069324123
2022,3,7,0,858.81540066812
2022,3,7,6,830.494772931293
2022,3,7,12,821.821198279269
2022,3,7,18,786.04270283967
2022,3,8,0,768.466966457659
2022,3,8,6,759.567795461614
2022,3,8,12,743.314561607229
2022,3,8,18,709.724544974832
2022,3,9,0,694.320144071839
2022,3,9,6,679.365491118968
2022,3,9,12,654.863784881891
2022,3,9,18,647.067787442821
2022,3,10,0,639.084730780674
2022,3,10,6,615.522378175388
2022,3,10,12,593.261171008105
2022,3,10,18,585.469748499556
2022,3,11,0,572.409278677843
2022,3,11,6,574.934036677474
2022,3,11,12,568.19652843516
2022,3,11,18,553.598593910146
2022,3,12,0,546.13275782098
2022,3,12,6,525.160612972867
2022,3,12,12,531.907858535688
2022,3,12,18,525.160612972867
2022,3,13,0,513.406995316237
2022,3,13,6,521.940493240967
2022,3,13,12,515.147341485119
2022,3,13,18,500.428846014116
2022,3,14,0,539.564341310217
2022,3,14,6,743.593197430097
2022,3,14,12,770.026958698864
2022,3,14,18,779.221310444522
2022,3,15,0,1474.74116805287
2022,3,15,6,1398.25319393158
2022,3,15,12,1592.17152009727
2022,3,15,18,1530.93415393969
2022,3,16,0,1402.55398511703
2022,3,16,6,1222.01878416228
2022,3,16,12,1119.328130031
2022,3,16,18,1026.90654131284
2022,3,17,0,980.934050374296
2022,3,17,6,945.797031920998
2022,3,17,12,916.745245957554
2022,3,17,18,1151.31151781054
2022,3,18,0,1231.35743343986
2022,3,18,6,1141.35578859932
2022,3,18,12,1078.52886445624
2022,3,18,18,1006.2779016917
2022,3,19,0,1036.3206469867
2022,3,19,6,1266.2110498398
2022,3,19,12,1862.69063530153
2022,3,19,18,1695.25776920701
2022,3,20,0,1475.35596185397
2022,3,20,6,1281.48659580641
2022,3,20,12,1149.26972481051
2022,3,20,18,1067.90549650534
2022,3,21,0,1047.3262026
2022,3,21,6,1204.95796177529
2022,3,21,12,1194.38815509305
2022,3,21,18,1173.24854172857
2022,3,22,0,1167.47584290438
2022,3,22,6,1119.8570295774
2022,3,22,12,1130.32298312485
2022,3,22,18,1151.25489021975
2022,3,23,0,1309.67017022731
2022,3,23,6,1374.92516117768
2022,3,23,12,1438.87516867431
2022,3,23,18,2302.2002698789
2022,3,24,0,2458.29493256168
2022,3,24,6,1849.9479474326
2022,3,24,12,1495.29471398697
2022,3,24,18,1294.00504095027
2022,3,25,0,1223.24335784788
2022,3,25,6,1183.69004967849
2022,3,25,12,1110.36411739752
2022,3,25,18,1047.51331829955
2022,3,26,0,1053.60588528136
2022,3,26,6,1049.06112043689
2022,3,26,12,1049.06112043689
2022,3,26,18,1008.79412793528
2022,3,27,0,1052.57054772013
2022,3,27,6,1088.09035221864
2022,3,27,12,1120.09300963683
2022,3,27,18,1205.43342941869
2022,3,28,0,1480.18906272359
2022,3,28,6,1405.0839328039
2022,3,28,12,1354.17509465883
2022,3,28,18,1405.0839328039
2022,3,29,0,1471.13022446808
2022,3,29,6,1342.83657258113
2022,3,29,12,1209.57798140896
2022,3,29,18,1107.07137281498
2022,3,30,0,1129.89543977371
2022,3,30,6,1142.48979703714
2022,3,30,12,1184.41602812108
2022,3,30,18,1142.48979703714
2022,3,31,0,1051.31350638496
2022,3,31,6,1023.88441619048
2022,3,31,12,974.32461437693
2022,3,31,18,926.873740300132
2022,4,1,0,898.522545749527
2022,4,1,6,843.506940298755
2022,4,1,12,825.193251939778
2022,4,1,18,781.024944721069
2022,4,2,0,762.023440662598
2022,4,2,6,795.202817360096
2022,4,2,12,752.426389943484
2022,4,2,18,727.199266082405
2022,4,3,0,720.326482920661
2022,4,3,6,705.654526026155
2022,4,3,12,713.372622404566
2022,4,3,18,762.98895626578
2022,4,4,0,1419.62930032377
2022,4,4,6,2362.13763289452
2022,4,4,12,2419.51749442232
2022,4,4,18,1740.52246634333
2022,4,5,0,1456.02735833678
2022,4,5,6,1398.89355293511
2022,4,5,12,1467.85309427698
2022,4,5,18,1517.10990952117
2022,4,6,0,1376.25183797457
2022,4,6,6,1233.87909200322
2022,4,6,12,1114.47143793839
2022,4,6,18,1094.57016226092
2022,4,7,0,1177.91241222863
2022,4,7,6,1129.16392948782
2022,4,7,12,1035.93021053929
2022,4,7,18,1077.36741896086
2022,4,8,0,1217.16149100404
2022,4,8,6,1474.25641165905
2022,4,8,12,1847.86933790142
2022,4,8,18,1767.08816465982
2022,4,9,0,1564.41110151925
2022,4,9,6,1435.42112502791
2022,4,9,12,1307.60965499118
2022,4,9,18,1219.1247911196
2022,4,10,0,1151.27886386907
2022,4,10,6,1121.05794947207
2022,4,10,12,1049.71789814203
2022,4,10,18,1008.95215452486
2022,4,11,0,969.263959143345
2022,4,11,6,929.786824938603
2022,4,11,12,911.128895341173
2022,4,11,18,873.813036146313
2022,4,12,0,841.279033273382
2022,4,12,6,810.507157706854
2022,4,12,12,801.094816520581
2022,4,12,18,792.728291021671
2022,4,13,0,766.060646118117
2022,4,13,6,748.300796398638
2022,4,13,12,732.288653822348
2022,4,13,18,699.196892498014
2022,4,14,0,698.366108950265
2022,4,14,6,681.561731688054
2022,4,14,12,665.587628601615
2022,4,14,18,649.613525515176
2022,4,15,0,628.108620841683
2022,4,15,6,630.033589946143
2022,4,15,12,607.532390305209
2022,4,15,18,607.532390305209
2022,4,16,0,593.694477542814
2022,4,16,6,587.326940405824
2022,4,16,12,573.342965634257
2022,4,16,18,565.813133064951
2022,4,17,0,553.339051911788
2022,4,17,6,549.410559446811
2022,4,17,12,549.410559446811
2022,4,17,18,535.29526839383
2022,4,18,0,530.429297086625
2022,4,18,6,547.433086786126
2022,4,18,12,561.694870610213
2022,4,18,18,555.11250884525
2022,4,19,0,789.087661098563
2022,4,19,6,774.117658283161
2022,4,19,12,716.03243153613
2022,4,19,18,675.90082032909
2022,4,20,0,702.812742760931
2022,4,20,6,665.007435062297
2022,4,20,12,634.151090075407
2022,4,20,18,610.742828361214
2022,4,21,0,613.383293319562
2022,4,21,6,616.024847675854
2022,4,21,12,616.024847675854
2022,4,21,18,600.999851391077
2022,4,22,0,616.518055880807
2022,4,22,6,609.486274670759
2022,4,22,12,609.486274670759
2022,4,22,18,579.388187032696
2022,4,23,0,618.760544976708
2022,4,23,6,635.645816659013
2022,4,23,12,597.809756143595
2022,4,23,18,582.675331937428
2022,4,24,0,604.977180504319
2022,4,24,6,651.000121990944
2022,4,24,12,627.248873759102
2022,4,24,18,612.134443066112
2022,4,25,0,694.256903057466
2022,4,25,6,773.190624950345
2022,4,25,12,826.514116326231
2022,4,25,18,880.904077529635
2022,4,26,0,968.523711693673
2022,4,26,6,951.709077120497
2022,4,26,12,877.549928253964
2022,4,26,18,841.5003419994
2022,4,27,0,849.959637750343
2022,4,27,6,822.724201953495
2022,4,27,12,753.375801788832
2022,4,27,18,720.803068378157
2022,4,28,0,700.232785917616
2022,4,28,6,679.409595825721
2022,4,28,12,654.993313475734
2022,4,28,18,632.700186112703
2022,4,29,0,613.561626275901
2022,4,29,6,602.712070980625
2022,4,29,12,595.178170093367
2022,4,29,18,580.110368318852
2022,4,30,0,582.437277518727
2022,4,30,6,599.95591843152
2022,4,30,12,630.333433288812
2022,4,30,18,685.66390677888
2022,5,1,0,761.655402562714
2022,5,1,6,754.127446884752
2022,5,1,12,721.154314510383
2022,5,1,18,688.181182136015
2022,5,2,0,727.419963453047
2022,5,2,6,792.826658406374
2022,5,2,12,873.16642645822
2022,5,2,18,929.192843652271
2022,5,3,0,922.206721722928
2022,5,3,6,943.347856941898
2022,5,3,12,933.976851740488
2022,5,3,18,933.976851740488
2022,5,4,0,967.191117812785
2022,5,4,6,943.89643433444
2022,5,4,12,934.425901548476
2022,5,4,18,972.308032692333
2022,5,5,0,1131.54923727104
2022,5,5,6,1578.61763009189
2022,5,5,12,2673.78361096815
2022,5,5,18,3127.63617961957
2022,5,6,0,2828.36752525386
2022,5,6,6,2253.40451321786
2022,5,6,12,1778.51347944054
2022,5,6,18,1527.10057920549
2022,5,7,0,1493.60685570923
2022,5,7,6,1454.77112566922
2022,5,7,12,1365.09345353893
2022,5,7,18,1235.55903823962
2022,5,8,0,1195.53887586034
2022,5,8,6,1154.65445446227
2022,5,8,12,1073.62607169298
2022,5,8,18,1002.72623676986
2022,5,9,0,982.451301675754
2022,5,9,6,944.091134244006
2022,5,9,12,906.946565027848
2022,5,9,18,869.80199581169
2022,5,10,0,847.868319738983
2022,5,10,6,825.623337996764
2022,5,10,12,799.529047921013
2022,5,10,18,791.178875096773
2022,5,11,0,775.468190605636
2022,5,11,6,776.453733199727
2022,5,11,12,741.92142431079
2022,5,11,18,701.110513805683
2022,5,12,0,729.56265758798
2022,5,12,6,757.547533575089
2022,5,12,12,732.692193671769
2022,5,12,18,801.854878620137
2022,5,13,0,950.245784261989
2022,5,13,6,949.957751511036
2022,5,13,12,875.206977621643
2022,5,13,18,848.213642606029
2022,5,14,0,846.996973727572
2022,5,14,6,837.169781296974
2022,5,14,12,846.695101185309
2022,5,14,18,920.780922539024
2022,5,15,0,1023.71918788352
2022,5,15,6,1010.08694581701
2022,5,15,12,1164.69209058492
2022,5,15,18,2679.82250931043
2022,5,16,0,3027.04846104975
2022,5,16,6,2466.84937426955
2022,5,16,12,2347.6336052528
2022,5,16,18,2485.19026181058
2022,5,17,0,2213.64066283299
2022,5,17,6,1845.24241746149
2022,5,17,12,1559.89565187466
2022,5,17,18,1369.66447481678
2022,5,18,0,1276.73878949975
2022,5,18,6,1307.56311335285
2022,5,18,12,1666.89343457958
2022,5,18,18,2026.22375580632
2022,5,19,0,1761.90233392267
2022,5,19,6,1494.6572510148
2022,5,19,12,1319.95705284423
2022,5,19,18,1203.49025406386
2022,5,20,0,1161.89136528485
2022,5,20,6,1127.44000414902
2022,5,20,12,1046.18306691306
2022,5,20,18,966.957553107991
2022,5,21,0,1036.94459950175
2022,5,21,6,1037.64419129848
2022,5,21,12,997.176067837841
2022,5,21,18,940.105637316424
2022,5,22,0,1013.20528817857
2022,5,22,6,1050.72981955564
2022,5,22,12,989.952310385262
2022,5,22,18,971.410019451927
2022,5,23,0,1202.6093837923
2022,5,23,6,1210.22783720075
2022,5,23,12,1107.66615608204
2022,5,23,18,1005.10447496333
2022,5,24,0,1031.39484011212
2022,5,24,6,1057.9266500485
2022,5,24,12,978.06355979974
2022,5,24,18,930.353142248533
2022,5,25,0,1003.91658522572
2022,5,25,6,1061.53817061021
2022,5,25,12,1051.23197477904
2022,5,25,18,1102.76295393487
2022,5,26,0,1285.02030948298
2022,5,26,6,1240.72911509879
2022,5,26,12,1097.17368029397
2022,5,26,18,1076.66576103614
2022,5,27,0,1485.83920460893
2022,5,27,6,2665.27620385366
2022,5,27,12,2374.5187997969
2022,5,27,18,1831.77164555761
2022,5,28,0,1731.0292000161
2022,5,28,6,1688.11611257046
2022,5,28,12,1424.65290425022
2022,5,28,18,1288.04235178787
2022,5,29,0,1307.3486430147
2022,5,29,6,1356.86918601746
2022,5,29,12,1427.22536603318
2022,5,29,18,1477.47978033012
2022,5,30,0,1449.49979967695
2022,5,30,6,1362.10785956424
2022,5,30,12,1362.10785956424
2022,5,30,18,1262.68392820918
2022,5,31,0,1216.70561977008
2022,5,31,6,1168.10258601929
2022,5,31,12,1106.07943985897
2022,5,31,18,1106.07943985897
2022,6,1,0,1382.76530052013
2022,6,1,6,1390.34630533254
2022,6,1,12,1299.00968673405
2022,6,1,18,1349.7522526221
2022,6,2,0,1659.0252168678
2022,6,2,6,1573.76347086012
2022,6,2,12,1434.31607470795
2022,6,2,18,1573.76347086012
2022,6,3,0,2377.28382861283
2022,6,3,6,1993.41723985901
2022,6,3,12,2040.65461521112
2022,6,3,18,2711.42534521107
2022,6,4,0,2371.71857968051
2022,6,4,6,2069.69832716333
2022,6,4,12,1823.98071754576
2022,6,4,18,1767.27665378786
2022,6,5,0,1986.38348271782
2022,6,5,6,2561.35671993231
2022,6,5,12,4049.57584179021
2022,6,5,18,3796.47735167832
2022,6,6,0,3358.76099088546
2022,6,6,6,2591.51933810624
2022,6,6,12,2133.15537354324
2022,6,6,18,1833.45585825204
2022,6,7,0,1765.02698854037
2022,6,7,6,1629.26650391055
2022,6,7,12,1412.03097005581
2022,6,7,18,1362.6592578161
2022,6,8,0,1587.00819988291
2022,6,8,6,1839.98648281096
2022,6,8,12,1662.87548446552
2022,6,8,18,1544.80148556856
2022,6,9,0,1677.75590664368
2022,6,9,6,1556.73597610341
2022,6,9,12,1426.10078929753
2022,6,9,18,1763.57502187939
2022,6,10,0,4589.15998837322
2022,6,10,6,3291.84901430563
2022,6,10,12,2504.46149791552
2022,6,10,18,2200.89040725909
2022,6,11,0,2376.69204642154
2022,6,11,6,2526.71537570657
2022,6,11,12,2517.03447388394
2022,6,11,18,2178.20291009187
2022,6,12,0,2059.32974405707
2022,6,12,6,1857.29458880999
2022,6,12,12,1573.01480480846
2022,6,12,18,1497.20686240806
2022,6,13,0,1445.66003573845
2022,6,13,6,1450.90827567366
2022,6,13,12,1790.08163881815
2022,6,13,18,1959.6683203904
2022,6,14,0,1673.01607162511
2022,6,14,6,1472.10817443676
2022,6,14,12,1340.83738181183
2022,6,14,18,1265.82550031186
2022,6,15,0,1209.44582515095
2022,6,15,6,1168.84394771806
2022,6,15,12,1119.7328574778
2022,6,15,18,1060.7995491895
2022,6,16,0,1131.79895217918
2022,6,16,6,1143.89587835482
2022,6,16,12,1084.72885016406
2022,6,16,18,1065.0065074338
2022,6,17,0,1240.94043666854
2022,6,17,6,1141.0110303672
2022,6,17,12,1032.81170852203
2022,6,17,18,963.957594620563
2022,6,18,0,1043.49749427401
2022,6,18,6,1113.3131568795
2022,6,18,12,1014.78986866008
2022,6,18,18,975.380553372306
2022,6,19,0,989.536711045567
2022,6,19,6,973.969314354731
2022,6,19,12,937.197003506644
2022,6,19,18,937.197003506644
2022,6,20,0,969.734885251181
2022,6,20,6,965.510827177873
2022,6,20,12,901.471843742606
2022,6,20,18,874.871035238726
2022,6,21,0,898.559452859742
2022,6,21,6,904.29250985144
2022,6,21,12,841.1549697492
2022,6,21,18,831.989842960165
2022,6,22,0,1018.56503070185
2022,6,22,6,1088.51341669934
2022,6,22,12,1138.44522480482
2022,6,22,18,1158.41794804701
2022,6,23,0,1250.68097870652
2022,6,23,6,1038.96950468416
2022,6,23,12,888.464576435516
2022,6,23,18,784.567625967101
2022,6,24,0,885.317399622707
2022,6,24,6,863.607698903777
2022,6,24,12,777.347231882029
2022,6,24,18,727.19579756706
2022,6,25,0,914.379987834947
2022,6,25,6,929.153814039347
2022,6,25,12,829.637886415461
2022,6,25,18,820.498668572451
2022,6,26,0,1135.03850394375
2022,6,26,6,1021.5013524659
2022,6,26,12,889.009592888643
2022,6,26,18,861.702130991039
2022,6,27,0,1200.53890720516
2022,6,27,6,1036.50772994554
2022,6,27,12,920.781138738032
2022,6,27,18,938.894866057469
2022,6,28,0,1247.08804337249
2022,6,28,6,1090.07417037734
2022,6,28,12,899.311190561304
2022,6,28,18,811.71594472741
2022,6,29,0,950.714098053244
2022,6,29,6,1035.55817632366
2022,6,29,12,957.137265883616
2022,6,29,18,883.743336882036
2022,6,30,0,808.406044423828
2022,6,30,6,769.837737550481
2022,6,30,12,688.588372109797
2022,6,30,18,641.869986981404
2022,7,1,0,759.002488536503
2022,7,1,6,739.154083147326
2022,7,1,12,675.625151035073
2022,7,1,18,630.247342383463
2022,7,2,0,710.9442451703
2022,7,2,6,723.169796519175
2022,7,2,12,659.930688784071
2022,7,2,18,607.911422743904
2022,7,3,0,715.032203768881
2022,7,3,6,723.214877665658
2022,7,3,12,739.535664749791
2022,7,3,18,765.03689456875
2022,7,4,0,725.392020369449
2022,7,4,6,696.350125610952
2022,7,4,12,642.167262811253
2022,7,4,18,582.96746827084
2022,7,5,0,607.639684245333
2022,7,5,6,587.270034788949
2022,7,5,12,552.054547694021
2022,7,5,18,524.089307942166
2022,7,6,0,585.530972401612
2022,7,6,6,598.209523642283
2022,7,6,12,569.38014900892
2022,7,6,18,562.172805350579
2022,7,7,0,618.945625237443
2022,7,7,6,601.678978786481
2022,7,7,12,601.678978786481
2022,7,7,18,631.353622298059
2022,7,8,0,639.629718552903
2022,7,8,6,596.547529400817
2022,7,8,12,546.501595726252
2022,7,8,18,506.4648487866
2022,7,9,0,525.343562381805
2022,7,9,6,545.560276607615
2022,7,9,12,504.617666730871
2022,7,9,18,465.722187347964
2022,7,10,0,498.855372160755
2022,7,10,6,513.638292439812
2022,7,10,12,474.523552734977
2022,7,10,18,454.966182882559
2022,7,11,0,454.889013923948
2022,7,11,6,474.362575315905
2022,7,11,12,442.464007344553
2022,7,11,18,430.116174581449
2022,7,12,0,507.225283723211
2022,7,12,6,526.706178735871
2022,7,12,12,480.413643495414
2022,7,12,18,436.178554265643
2022,7,13,0,534.1780074089
2022,7,13,6,521.061845872614
2022,7,13,12,468.543754687825
2022,7,13,18,442.79959234234
2022,7,14,0,449.01168871239
2022,7,14,6,468.613647643948
2022,7,14,12,430.506603769605
2022,7,14,18,400.638920732958
2022,7,15,0,407.469720961203
2022,7,15,6,444.283248657621
2022,7,15,12,408.120658650606
2022,7,15,18,379.190586644993
2022,7,16,0,393.341741249431
2022,7,16,6,426.525473229128
2022,7,16,12,426.525473229128
2022,7,16,18,426.525473229128
2022,7,17,0,415.504765961009
2022,7,17,6,416.93627987678
2022,7,17,12,393.374770203153
2022,7,17,18,375.959741313951
2022,7,18,0,355.954352879084
2022,7,18,6,358.492933380278
2022,7,18,12,348.101833862009
2022,7,18,18,341.867174151048
2022,7,19,0,331.121178653776
2022,7,19,6,335.950953230311
2022,7,19,12,330.76652493972
2022,7,19,18,320.397668358537
2022,7,20,0,326.648987032085
2022,7,20,6,366.333230550282
2022,7,20,12,354.852701957538
2022,7,20,18,332.935329189572
2022,7,21,0,349.10811503489
2022,7,21,6,375.636554018276
2022,7,21,12,353.785120128017
2022,7,21,18,331.933686237757
2022,7,22,0,328.181480785399
2022,7,22,6,356.928990522596
2022,7,22,12,340.132332145062
2022,7,22,18,324.385464916124
2022,7,23,0,316.924694290449
2022,7,23,6,335.421547282311
2022,7,23,12,314.716513499452
2022,7,23,18,304.363996608023
2022,7,24,0,294.071365703512
2022,7,24,6,307.493840911907
2022,7,24,12,307.493840911907
2022,7,24,18,293.096135986266
2022,7,25,0,297.760887842179
2022,7,25,6,318.956643524892
2022,7,25,12,308.634422051595
2022,7,25,18,289.022201252329
2022,7,26,0,285.012661187041
2022,7,26,6,305.936504724582
2022,7,26,12,305.936504724582
2022,7,26,18,291.368099737697
2022,7,27,0,300.505034256999
2022,7,27,6,315.861958999022
2022,7,27,12,305.471762979317
2022,7,27,18,290.92548855173
2022,7,28,0,290.976639869814
2022,7,28,6,310.776110673053
2022,7,28,12,291.027795948009
2022,7,28,18,280.633946092723
2022,7,29,0,280.147567877752
2022,7,29,6,290.019286184946
2022,7,29,12,284.840370360215
2022,7,29,18,270.339406050967
2022,7,30,0,261.454370457415
2022,7,30,6,271.24485876309
2022,7,30,12,261.891587771259
2022,7,30,18,252.538316779428
2022,7,31,0,239.196068229797
2022,7,31,6,248.730563706506
2022,7,31,12,239.364140805424
2022,7,31,18,235.201286182721
2022,8,1,0,226.211956410438
2022,8,1,6,229.687027876181
2022,8,1,12,229.687027876181
2022,8,1,18,221.410017862625
2022,8,2,0,212.219929514563
2022,8,2,6,215.410528524623
2022,8,2,12,219.513586210807
2022,8,2,18,211.30747083844
2022,8,3,0,207.316801572106
2022,8,3,6,203.321655134406
2022,8,3,12,207.429163318939
2022,8,3,18,203.321655134406
2022,8,4,0,196.538420663738
2022,8,4,6,214.645199336636
2022,8,4,12,231.316671129773
2022,8,4,18,253.197977858265
2022,8,5,0,237.141649513877
2022,8,5,6,218.316009846897
2022,8,5,12,210.154663684396
2022,8,5,18,201.993317521895
2022,8,6,0,197.930573769455
2022,8,6,6,193.867011358462
2022,8,6,12,189.785600593021
2022,8,6,18,189.785600593021
2022,8,7,0,183.192920338628
2022,8,7,6,179.637348440125
2022,8,7,12,183.743344975899
2022,8,7,18,183.743344975899
2022,8,8,0,178.558989617858
2022,8,8,6,177.482464857203
2022,8,8,12,181.539206911082
2022,8,8,18,174.439908316794
2022,8,9,0,170.517874216175
2022,8,9,6,170.652636979254
2022,8,9,12,174.71579500257
2022,8,9,18,177.763163520057
2022,8,10,0,175.218973440011
2022,8,10,6,171.636089676384
2022,8,10,12,171.636089676384
2022,8,10,18,175.722663240107
2022,8,11,0,170.79122234325
2022,8,11,6,169.947778561905
2022,8,11,12,173.99415424195
2022,8,11,18,166.912996801871
2022,8,12,0,167.499083436771
2022,8,12,6,164.011260917358
2022,8,12,12,168.086074853193
2022,8,12,18,164.011260917358
2022,8,13,0,160.283569189157
2022,8,13,6,159.612980819636
2022,8,13,12,159.612980819636
2022,8,13,18,162.64360703773
2022,8,14,0,155.977391765457
2022,8,14,6,156.382935837773
2022,8,14,12,156.382935837773
2022,8,14,18,156.382935837773
2022,8,15,0,153.724960632053
2022,8,15,6,150.031256173979
2022,8,15,12,150.031256173979
2022,8,15,18,150.031256173979
2022,8,16,0,146.087491124721
2022,8,16,6,145.20663647377
2022,8,16,12,148.23177473364
2022,8,16,18,145.20663647377
2022,8,17,0,144.62243645081
2022,8,17,6,141.037633345115
2022,8,17,12,144.038434054586
2022,8,17,18,144.038434054586
2022,8,18,0,141.148540455925
2022,8,18,6,141.259494096029
2022,8,18,12,144.265015247008
2022,8,18,18,141.259494096029
2022,8,19,0,141.283478084937
2022,8,19,6,138.300921658522
2022,8,19,12,144.314005208893
2022,8,19,18,144.314005208893
2022,8,20,0,140.858616765907
2022,8,20,6,140.410190460612
2022,8,20,12,143.397641321476
2022,8,20,18,143.397641321476
2022,8,21,0,140.730488273471
2022,8,21,6,138.049969679218
2022,8,21,12,138.049969679218
2022,8,21,18,138.049969679218
2022,8,22,0,134.969648110782
2022,8,22,6,134.890428980539
2022,8,22,12,134.890428980539
2022,8,22,18,134.890428980539
2022,8,23,0,127.687812279194
2022,8,23,6,127.479575865362
2022,8,23,12,130.467378424706
2022,8,23,18,130.467378424706
2022,8,24,0,127.483484714647
2022,8,24,6,127.487392422202
2022,8,24,12,127.487392422202
2022,8,24,18,124.499406662307
2022,8,25,0,121.56818835331
2022,8,25,6,121.624963103016
2022,8,25,12,124.615740884238
2022,8,25,18,124.615740884238
2022,8,26,0,120.718851594894
2022,8,26,6,119.814698984052
2022,8,26,12,119.814698984052
2022,8,26,18,119.814698984052
2022,8,27,0,120.393017677253
2022,8,27,6,120.972007110057
2022,8,27,12,120.972007110057
2022,8,27,18,120.972007110057
2022,8,28,0,121.774892571562
2022,8,28,6,119.56481531472
2022,8,28,12,119.56481531472
2022,8,28,18,116.550576273172
2022,8,29,0,118.864756233179
2022,8,29,6,115.186441133952
2022,8,29,12,118.16540081845
2022,8,29,18,115.186441133952
2022,8,30,0,112.058547066135
2022,8,30,6,110.919588273011
2022,8,30,12,108.000651739511
2022,8,30,18,108.000651739511
2022,8,31,0,106.099893828243
2022,8,31,6,107.122074785221
2022,8,31,12,104.146461596742
2022,8,31,18,104.146461596742
2022,9,1,0,103.069812129193
2022,9,1,6,101.99760748687
2022,9,1,12,102.96901327246
2022,9,1,18,104.911824843638
2022,9,2,0,101.173616303957
2022,9,2,6,102.297415759377
2022,9,2,12,99.317879378036
2022,9,2,18,105.276952140718
2022,9,3,0,101.041607725409
2022,9,3,6,99.7910337736811
2022,9,3,12,99.7910337736811
2022,9,3,18,99.7910337736811
2022,9,4,0,100.212380636408
2022,9,4,6,98.680366937089
2022,9,4,12,101.611466945121
2022,9,4,18,101.611466945121
2022,9,5,0,103.980941211257
2022,9,5,6,102.427100876538
2022,9,5,12,105.381728786438
2022,9,5,18,105.381728786438
2022,9,6,0,101.637923410466
2022,9,6,6,97.9413151103123
2022,9,6,12,100.850463083886
2022,9,6,18,100.850463083886
2022,9,7,0,95.8776595067792
2022,9,7,6,96.0445220150424
2022,9,7,12,90.9946583701665
2022,9,7,18,91.091771132568
2022,9,8,0,88.6603693364632
2022,9,8,6,88.7538882922038
2022,9,8,12,88.7538882922038
2022,9,8,18,88.8509932028079
2022,9,9,0,86.6221431544745
2022,9,9,6,86.9186202710383
2022,9,9,12,86.9186202710383
2022,9,9,18,87.0161720334076
2022,9,10,0,86.8709991280575
2022,9,10,6,86.6284462639781
2022,9,10,12,84.3002461404222
2022,9,10,18,84.3002461404222
2022,9,11,0,84.2711323086513
2022,9,11,6,84.2417428449369
2022,9,11,12,84.2417428449369
2022,9,11,18,84.3384612638174
2022,9,12,0,82.0849960792241
2022,9,12,6,82.1528040311603
2022,9,12,12,82.2496823378008
2022,9,12,18,84.6716400038138
2022,9,13,0,84.5666911574179
2022,9,13,6,84.3650510569152
2022,9,13,12,84.4614682581231
2022,9,13,18,84.4614682581231
2022,9,14,0,84.8574337003226
2022,9,14,6,85.2544901689406
2022,9,14,12,85.2544901689406
2022,9,14,18,85.3515909550101
2022,9,15,0,85.0212918593114
2022,9,15,6,82.3792846474195
2022,9,15,12,84.788035660502
2022,9,15,18,82.4756346879428
2022,9,16,0,83.692938568928
2022,9,16,6,84.9167635860811
2022,9,16,12,84.9167635860811
2022,9,16,18,87.3910282593353
2022,9,17,0,89.8578279831587
2022,9,17,6,92.3186212875829
2022,9,17,12,92.4173577809386
2022,9,17,18,89.948945447046
2022,9,18,0,87.1724112897282
2022,9,18,6,86.9624381564034
2022,9,18,12,84.6094522310892
2022,9,18,18,84.6094522310892
2022,9,19,0,84.4648442295745
2022,9,19,6,81.8827874591302
2022,9,19,12,81.9802669680101
2022,9,19,18,81.9802669680101
2022,9,20,0,79.8485650063022
2022,9,20,6,79.9589708118364
2022,9,20,12,80.0567201649071
2022,9,20,18,80.0567201649071
2022,9,21,0,77.606551912234
2022,9,21,6,77.502068807832
2022,9,21,12,77.502068807832
2022,9,21,18,77.5993110522584
2022,9,22,0,77.9866263631041
2022,9,22,6,78.2770836688107
2022,9,22,12,76.0238009098837
2022,9,22,18,78.3750524844162
2022,9,23,0,78.2614150362963
2022,9,23,6,78.0500869141506
2022,9,23,12,78.1475277217837
2022,9,23,18,78.1475277217837
2022,9,24,0,78.6483795818426
2022,9,24,6,79.1508974736776
2022,9,24,12,79.1508974736776
2022,9,24,18,79.2493438635703
2022,9,25,0,79.0492827057628
2022,9,25,6,78.947328203703
2022,9,25,12,78.947328203703
2022,9,25,18,76.6944888132747
2022,9,26,0,76.5724591731413
2022,9,26,6,76.4499441642179
2022,9,26,12,76.4499441642179
2022,9,26,18,76.5473326281213
2022,9,27,0,76.533094427446
2022,9,27,6,74.3771056869369
2022,9,27,12,74.3771056869369
2022,9,27,18,74.4744579195114
2022,9,28,0,74.609549906863
2022,9,28,6,74.8423200944069
2022,9,28,12,74.8423200944069
2022,9,28,18,74.9400254731203
2022,9,29,0,75.3411479121407
2022,9,29,6,75.8415138688048
2022,9,29,12,78.2115611772049
2022,9,29,18,75.9402658399881
